Large Magellanic Cloud	Nubecula Major|ESO056-115|PGC 17223|LMC	80.8941	-69.7561	50000	m	SBm	646	550	170	0.8	UNGC Cep
Small Magellanic Cloud	NGC 292|ESO 029-021|PGC 3085|SMC	13.1583	-72.8002	60000	m	SBm	299.9	179.9	45	2.75	UNGC Cep
Sextans Dwarf Spheroidal	PGC088608|SexDSph	153.26208	-1.61472	90000	m	E-S0	30.2	12.02	56	12	UNGC TRGB
Leo I	UGC05470|PGC 29488|LeoI	152.1166	12.3064	2.5e5	m	E	11.75	8.51	81	11.16	UNGC TRGB
M 32	NGC 221|MCG +07-02-015|PGC 2555|UGC 452|MESSIER 032	10.6741	40.8652	4.9e5	m	E	7.74	4.86	170	8.89	UNGC TRGB
Barnard's Galaxy	NGC 6822|MCG -02-50-006|PGC 63616	296.2374	-14.8003	5e5	m	IB	17.38	16.75	27	9.36	UNGC Cep
Andromeda Galaxy	M 31|NGC 224|MCG +07-02-016|PGC 2557|UGC 454|MESSIER 031	10.6848	41.2689	7.7e5	m	Sb	177.8	69.66	35	4.29	UNGC Cep
M 110	NGC 205|MCG +07-02-014|PGC 2429|UGC 426|NGC 0205	10.092	41.6854	8.2e5	m	E	16.22	9.59	170	8.9	UNGC TRGB
Triangulum Galaxy	Triangulum Pinwheel|M 33|NGC 598|MCG +05-04-069|PGC 5818|UGC 1117|MESSIER 033	23.4621	30.6599	8.5e5	m	Sc	62.09	36.73	23	6.35	UNGC Cep
Sextans A	PGC029653|SexA	152.75333	-4.69278	1.32e6	m	IB	5.25	4.47	180	12.32	UNGC Cep
Sextans B	UGC05373|PGC 28913|SexB	150.00042	5.33222	1.36e6	m	IB	4.9	3.09	101	11.92	UNGC TRGB
Cigar Galaxy	M 82|NGC 3034|MCG +12-10-011|PGC 28655|UGC 5322|MESSIER 082	148.968	69.6798	3.53e6	m	S?	10.99	5.11	66	8.94	UNGC TRGB
Fourcade-Figueroa	ESO270-017|PGC 47847|ESO 270-017	203.69708	-45.5475	3.6e6	m	SBm	11.48	1.45	111	11.76	UNGC mem
Centaurus A	NGC 5128|ESO 270-009|MCG -07-28-001|PGC 46957	201.3672	-43.0181	3.75e6	m	S0	25.88	19.77	33	7.79	UNGC TRGB
Sculptor Filament	Silver Coin|NGC 253|ESO 474-029|MCG -04-03-009|PGC 2789|NGC 0253	11.888	-25.2884	3.94e6	m	SABc	26.79	4.58	53	7.94	UNGC TRGB
Circinus Galaxy	ESO097-013|PGC 50779|CIRCINUS	213.29146	-65.33922	4.2e6	m	Sb	8.71	4.27	37	12.02	UNGC TF
Black Eye Galaxy	Evil Eye Galaxy|M 64|NGC 4826|MCG +04-31-001|PGC 44182|UGC 8062	194.1825	21.682	4.37e6	m	SABa	10.52	5.33	114	9.27	UNGC TRGB
M 94	NGC 4736|MCG +07-26-058|PGC 43495|UGC 7996	192.7208	41.12	4.66e6	m	SABa	7.74	6.68	105	8.71	UNGC TRGB
Southern Pinwheel Galaxy	M 83|NGC 5236|ESO 444-081|MCG -05-32-050|PGC 48082	204.2537	-29.8656	4.92e6	m	Sc	13.61	13.21	45	7.82	UNGC TRGB
Cocoon Galaxy	NGC 4490|MCG +07-26-014|PGC 41333|UGC 7651	187.6516	41.6437	5.8e6	m	SBcd	6.71	1.65	133	9.76	UNGC TF
Fireworks Galaxy	NGC 6946|MCG +10-29-006|PGC 65001|UGC 11597	308.719	60.1538	5.89e6	m	SABc	11.4	10.84	52	9.76	UNGC BS
M 74	NGC 628|MCG +03-05-011|PGC 5974|UGC 1149|NGC 0628	24.174	15.7833	7.31e6	m	Sc	9.89	9.33	87	9.71	UNGC BS
M 101	NGC 5457|MCG +09-23-028|PGC 50063|UGC 8981|MESSIER 101	210.8025	54.3491	7.38e6	m	SABc	23.99	23.07	28	8.36	UNGC Cep
Whale Galaxy	NGC 4631|MCG +06-28-020|PGC 42637|UGC 7865	190.53337	32.5415	7.38e6	m	SBcd	14.45	2.2	86	9.47	UNGC TRGB
M 106	NGC 4258|MCG +08-22-104|PGC 39600|UGC 7353	184.7398	47.3038	7.83e6	m	Sbc	16.98	7.24	150	9.12	UNGC Cep
Whirlpool Galaxy	M 51|NGC 5194|MCG +08-25-012|PGC 47404|UGC 8493	202.4695	47.1951	8.3407e6	m	SABb	13.71	11.67	163	8.61	CF4
Sunflower Galaxy	M 63|NGC 5055|MCG +07-27-054|PGC 46153|UGC 8334	198.9555	42.0292	8.99e6	m	Sbc	11.83	7.16	103	9.32	UNGC TRGB
Sombrero Galaxy	M 104|NGC 4594|MCG -02-32-020|PGC 42407	189.9977	-11.623	9.3e6	m	Sa	8.45	4.91	90	9.15	UNGC SBF
Spindle Galaxy	NGC 3115|MCG -01-26-018|PGC 29265	151.3082	-7.7186	9.68e6	m	E-S0	7.1	3.01	43	10.08	UNGC SBF
M 108	NGC 3556|MCG +09-18-098|PGC 34030|UGC 6225	167.8789	55.6741	9.9e6	m	Sc	3.98	1.66	79	10.7	UNGC TF
M 95	NGC 3351|MCG +02-28-001|PGC 32007|UGC 5850	160.9904	11.7035	1.005e7	m	Sb	7.23	4.45	11	10.58	UNGC Cep
M 66	NGC 3627|MCG +02-29-019|PGC 34695|UGC 6346	170.0625	12.991	1.028e7	m	Sb	10.28	4.61	168	9.73	UNGC Cep
M 96	NGC 3368|MCG +02-28-006|PGC 32192|UGC 5882	161.6904	11.8198	1.042e7	m	Sab	8.26	5.51	5	10.08	UNGC Cep
M 105	NGC 3379|MCG +02-28-011|PGC 32256|UGC 5902	161.9566	12.5816	1.112e7	m	E	4.89	4.25	71	10.23	UNGC SBF
Needle Galaxy	NGC 4565|MCG +04-30-006|PGC 42038|UGC 7772	189.0865	25.9872	1.1869e7	m	Sb	16.75	2.89	135	10.05	CF4
Bear Claw Nebula	Bear-Paw Galaxy|NGC 2537|MCG +08-15-050|PGC 23040|UGC 4274	123.311	45.98981	1.22e7	m	SBm	2.07	1.96	165	12.27	UNGC mem
Helix Galaxy	NGC 2685|MCG +10-13-039|PGC 25065|UGC 4666	133.89462	58.73439	1.2484e7	z	S0-a	4.33	2.31	38	12.16	redshift
M 65	NGC 3623|MCG +02-29-018|PGC 34612|UGC 6328	169.7327	13.0929	1.2735e7	m	Sa	7.64	1.97	173	10.14	CF4
M 59	NGC 4621|MCG +02-32-183|PGC 42628|UGC 7858	190.5096	11.6473	1.5417e7	m	E	4.55	3.21	165	10.57	CF4
M 89	NGC 4552|MCG +02-32-149|PGC 41968|UGC 7760	188.916	12.5561	1.6099e7	m	E	8.13	8	150	10.68	CF4
M 91	NGC 4548|MCG +03-32-075|PGC 41934|UGC 7753	188.8602	14.496	1.6188e7	m	Sb	5.55	4.52	150	10.94	CF4
M 77	NGC 1068|MCG +00-07-083|PGC 10266|UGC 2188	40.66963	-0.01328	1.6317e7	z	Sb	6.11	5.61	12	9.74	redshift
Eyes	NGC 4438|MCG +02-32-065|PGC 40914|UGC 7574	186.9403	13.0088	1.6398e7	m	Sa	9.16	4.02	27	10.97	CF4
Eyes	NGC 4435|MCG +02-32-064|PGC 40898|UGC 7575	186.9186	13.0789	1.6626e7	m	S0	3.03	2.14	12	11.53	CF4
M 60	NGC 4649|MCG +02-33-002|PGC 42831|UGC 7898	190.9169	11.5527	1.6657e7	m	E	6.78	5.45	105	9.79	CF4
M 49	NGC 4472|MCG +01-32-083|PGC 41220|UGC 7629	187.445	8.0004	1.6726e7	m	E	10.21	8.38	156	9.35	CF4
Virgo Galaxy	M 87|NGC 4486|MCG +02-32-105|PGC 41361|UGC 7654	187.7058	12.3912	1.6858e7	m	E	7.11	6.67	153	9.65	CF4
Miniature Spiral	NGC 3928|MCG +08-22-019|PGC 37136|UGC 6834	177.9486	48.6831	1.7171e7	m	E	1.36	1.25	0	13.15	CF4
M 85	NGC 4382|MCG +03-32-029|PGC 40515|UGC 7508	186.3502	18.1908	1.7742e7	m	S0-a	6.95	5.35	12	9.94	CF4
M 84	NGC 4374|MCG +02-32-034|PGC 40455|UGC 7494	186.2652	12.8871	1.7865e7	m	E	7.41	6.44	133	10.01	CF4
M 88	NGC 4501|MCG +03-32-059|PGC 41517|UGC 7675	187.9969	14.4201	1.9454e7	m	Sb	8.65	4.38	138	10.24	CF4
M 58	NGC 4579|MCG +02-32-160|PGC 42168|UGC 7796	189.4314	11.818	1.9516e7	m	Sb	5.01	3.84	90	10.44	CF4
Fornax A	NGC 1316|ESO 357-022|MCG -06-08-005|PGC 12651	50.6739	-37.2082	1.977e7	m	S0	13.46	7.71	50	9.41	CF4
Antennae Galaxies	NGC 4038|ESO 572-047|MCG -03-31-014|PGC 37967	180.4709	-18.868	2.1028e7	m	SBm	5.42	3.78	80	10.85	CF4
M 61	NGC 4303|MCG +01-32-022|PGC 40001|UGC 7420	185.47875	4.47364	2.2399e7	z	Sbc	6.89	6.56	20	10.16	redshift
M 100	NGC 4321|MCG +03-32-015|PGC 40153|UGC 7450	185.72846	15.82181	2.2489e7	z	SABb	6.1	5.62	108	10.01	redshift
Antennae Galaxies	NGC 4039|ESO 572-048|MCG -03-31-015|PGC 37969	180.47296	-18.88619	2.3444e7	z	SBm	5.36	2.73	50	11.04	redshift
M 109	NGC 3992|MCG +09-20-044|PGC 37617|UGC 6937	179.3997	53.3745	2.5177e7	m	Sbc	8.07	5.64	78	10.48	CF4
Umbrella Galaxy	NGC 4651|MCG +03-33-001|PGC 42833|UGC 7901	190.9276	16.3934	2.7353e7	m	Sc	3.87	2.58	77	11.37	CF4
Fornax B	NGC 1317|ESO 357-023|MCG -06-08-006|PGC 12653	50.68454	-37.10369	2.7572e7	z	SABa	3.1	2.58	69	11.85	redshift
Polarissima Australis	NGC 2573|ESO 001-001|PGC 6249	25.3963	-89.3346	3.013e7	m	Sc	1.92	0.74	78	14.12	CF4
Butterfly Galaxies	Siamese Twins|NGC 4568|MCG +02-32-152|PGC 42069|UGC 7776	189.14275	11.23889	3.1864e7	z	Sbc	4.31	1.87	29	11.62	redshift
Butterfly Galaxies	Siamese Twins|NGC 4567|MCG +02-32-151|PGC 42064|UGC 7777	189.13629	11.258	3.2549e7	z	Sbc	2.74	2.15	89	11.93	redshift
Coma Pinwheel	Virgo Cluster Pinwheel|M 99|NGC 4254|MCG +03-31-099|PGC 39578|UGC 7345	184.70667	14.4165	3.4416e7	z	Sc	5.04	4.74	23	10.4	redshift
Medusa Galaxy Merger	NGC 4194|MCG +09-20-119|PGC 39068|UGC 7241	183.53946	54.52683	3.5033e7	z	SBm	1.64	1.14	170	12.95	redshift
Seyfert's Sextet	HCG079	239.79958	20.75861	6.1243e7	z		2.8				redshift
Perseus A	NGC 1275|MCG +07-07-063|PGC 12429|UGC 2669	49.9511	41.5115	6.2893e7	m	S0	2.16	1.45	110	12.61	CF4
Polarissima Borealis	NGC 3172|MCG +15-01-011|PGC 36847	176.80833	89.09306	8.7068e7	z	S0	1.14	1	85	15	redshift
Stephan's Quintet	HCG092	338.99583	33.95833	9.2079e7	z		4.4				redshift
the Guitar	NGC 3561|MCG +05-27-010|PGC 33991|UGC 6224 NED02	167.805	28.69647	1.2313e8	z	S0-a	1.71	1.71	175	14.46	redshift
Browning	IC 2431 NED02|MCG +03-23-030 NED02|PGC 25476|UGC 4756 NED02	136.14467	14.59578	2.1839e8	z	I	0.6	0.48	32	14.61	redshift
PGC 34176	LeoII	168.3671	22.1527	2.1e5	m						UNGC TRGB
PGC 6830	Phoenix	27.7761	-44.4447	4.4e5	m						UNGC HB
PGC 5057227	And XXIV	19.6249	46.3661	6e5	m						UNGC HB
NGC 185	MCG +08-02-010|PGC 2329|UGC 396|NGC 0185	9.7406	48.3374	6.1e5	m	E	12.94	10.76	38	10.15	UNGC TRGB
PGC 5056921	And X	16.6404	44.8044	6.3e5	m						UNGC HB
PGC 3792	LGS 3	15.9781	21.8897	6.5e5	m						UNGC TRGB
IC 10	MCG +10-01-001|PGC 1305|UGC 192|IC 0010	5.0962	59.2931	6.6e5	m	IB	6.76	6.03	129	11.78	UNGC Cep
PGC 5065056	And XXX	9.1448	49.6468	6.8e5	m						UNGC TRGB
IC 1613	MCG +00-03-070|PGC 3844|UGC 668	16.1991	2.1177	7.3e5	m	I	18.32	17.14	50	10.01	UNGC Cep
PGC 5056922	And XIV	12.8958	29.6969	7.3e5	m						UNGC TRGB
PGC 5057226	And XXIII	22.3408	38.7189	7.3e5	m						UNGC TRGB
PGC 5060430	And XXIX	359.7317	30.7556	7.3e5	m						UNGC TRGB
PGC 4608690	And XVII	9.2791	44.3222	7.4e5	m						UNGC HB
NGC 147	MCG +08-02-005|PGC 2004|UGC 326|NGC 0147	8.2999	48.5086	7.6e5	m	E	9.4	5.41	26	10.6	UNGC TRGB
PGC 71538	Pegasus	352.1508	14.7428	7.6e5	m						UNGC TRGB
PGC 5057229	And XXVI	5.94	47.9161	7.6e5	m						UNGC HB
PGC 3097691	Cetus	6.5451	-11.0479	7.8e5	m						UNGC TRGB
PGC 2807155	Cas dSph	351.6322	50.6757	7.9e5	m						UNGC TRGB
PGC 4689222	And IX	13.2209	43.1958	7.9e5	m						UNGC TRGB
PGC 5057232	And XXII	21.9166	28.0903	7.9e5	m						UNGC TRGB
PGC 5056920	And XX	1.8779	35.1323	8e5	m						UNGC TRGB
PGC 28868	LeoA	149.8601	30.7464	8.1e5	m						UNGC TRGB
PGC 5057228	And XXV	7.537	46.8519	8.1e5	m						UNGC HB
PGC 5057231	And XXI	358.6988	42.4708	8.6e5	m						UNGC TRGB
PGC 69519	Tucana	340.458	-64.4206	8.8e5	m						UNGC TRGB
PGC 65367	DDO 210	311.7155	-12.8476	9.4e5	m						UNGC TRGB
PGC 143	WLM	0.4926	-15.4609	9.7e5	m						UNGC TRGB
PGC 63287	Sag dIr	292.4959	-17.679	1.04e6	m						UNGC TRGB
PGC 29194	Antlia	151.0165	-27.332	1.32e6	m						UNGC TRGB
NGC 3109	ESO 499-036|MCG -04-24-013|PGC 29128	150.77867	-26.15958	1.32e6	m	SBm	16	2.74	93	10.39	UNGC TRGB
PGC 26142	UGC 04879	139.0113	52.841	1.36e6	m						UNGC TRGB
PGC 5056918	And XVIII	0.5604	45.0889	1.36e6	m						UNGC TRGB
PGC 2807061	HIZSS 003	105.1176	-4.2071	1.67e6	m						UNGC TRGB
PGC 2801026	KKR 25	243.4488	54.3708	1.86e6	m						UNGC TRGB
PGC 1038	ESO 410-005	3.8802	-32.1806	1.92e6	m						UNGC TRGB
PGC 1641	ESO 294-010	6.639	-41.8556	1.92e6	m						UNGC TRGB
NGC 55	ESO 293-050|MCG -07-01-013|PGC 1014	3.7233	-39.1966	1.9806e6	m	SBm	29.85	3.05	101	8.39	CF4
PGC 45546	UGC 08245	197.1497	78.9371	1.99e6	m						UNGC h
PGC 69468	KK 258	340.1825	-30.7995	2e6	m						UNGC txt
PGC 44491	GR 8	194.6678	14.2173	2.13e6	m						UNGC TRGB
PGC 166185	KK 230	211.7935	35.0611	2.14e6	m						UNGC TRGB
NGC 300	ESO 295-020|MCG -06-03-005|PGC 3238|NGC 0300	13.723	-37.6845	2.15e6	m	Scd	19.41	13.06	114	8.77	UNGC Cep
PGC 71431	UGCA 438	351.616	-32.3886	2.18e6	m						UNGC TRGB
PGC 50961	DDO 187	213.9853	23.0556	2.2e6	m						UNGC TRGB
NGC 1058	MCG +06-07-001|PGC 10314|UGC 2193	40.8755	37.3411	2.3388e6	m	Sc	2.47	1.36	90	11.96	CF4
IC 4662	ESO 102-014|PGC 60849|PGC 60851	266.7892	-64.6391	2.44e6	m	IB	2.09	0.83	106	11.8	UNGC TRGB
PGC 2807157	KKH 98	356.3918	38.7177	2.45e6	m						UNGC TRGB
PGC 2807150	KKH 86	208.6396	4.2444	2.59e6	m						UNGC TRGB
PGC 37050	DDO 099	177.7202	38.8807	2.64e6	m						UNGC TRGB
PGC 36758	UGC 06757	176.7465	61.3351	2.73e6	m						UNGC h
PGC 51472	DDO 190	216.1813	44.5261	2.74e6	m						UNGC TRGB
PGC 10217	Maffei 2	40.4772	59.6032	2.8e6	m						UNGC TF
NGC 4190	MCG +06-27-030|PGC 39023|UGC 7232	183.4353	36.6332	2.82e6	m	IB	1.53	1.41	30	13.85	UNGC TRGB
PGC 39145	KDG 090	183.7421	36.2184	2.86e6	m						UNGC TRGB
NGC 4163	MCG +06-27-026|PGC 38881|UGC 7199	183.0384	36.1694	2.94e6	m	I	1.67	1.12	8	13.7	UNGC TRGB
NGC 4214	MCG +06-27-042|PGC 39225|UGC 7278	183.9132	36.3274	2.94e6	m	I	6.79	5.28	128	10.21	UNGC TRGB
PGC 14241	UGCA 086	59.9604	67.1436	2.96e6	m						UNGC TRGB
PGC 15439	UGCA 092	68.0146	63.6161	3.01e6	m						UNGC TRGB
PGC 48332	DDO 181	204.9742	40.7391	3.01e6	m						UNGC TRGB
NGC 3741	MCG +08-21-068|PGC 35878|UGC 6572	174.0249	45.2856	3.03e6	m	I	0.94	0.81	2	14.41	UNGC TRGB
NGC 404	MCG +06-03-018|PGC 4126|UGC 718|NGC 0404	17.3623	35.718	3.05e6	m	E-S0	3.4	3.37	90	11.19	UNGC TRGB
PGC 49452	UGC 08833	208.7021	35.8377	3.08e6	m						UNGC TRGB
ESO274-001	PGC 54392|ESO 274-001	228.55767	-46.80794	3.09e6	m	Scd	9.77	1.55	39	11.72	UNGC TRGB
PGC 16957	UGCA 105	78.5606	62.5806	3.15e6	m						UNGC TRGB
PGC 166077	KK 35	56.3038	67.8647	3.16e6	m						UNGC TRGB
PGC 3994669	HIPASS J1247-77	191.8908	-77.5826	3.16e6	m						UNGC TRGB
NGC 2403	MCG +11-10-007|PGC 21396|UGC 3918	114.2142	65.6024	3.18e6	m	SABc	19.95	10.07	126	8.83	UNGC Cep
PGC 39032	ESO 321-014	183.4571	-38.231	3.18e6	m						UNGC TRGB
NGC 2366	MCG +12-07-040|PGC 21102|UGC 3851	112.2254	69.215	3.19e6	m	IB	4.37	1.44	31	11.56	UNGC TRGB
PGC 21302	DDO 044	113.5474	66.884	3.19e6	m						UNGC TRGB
PGC 621	ESO 349-031	2.0563	-34.5787	3.21e6	m						UNGC TRGB
IC 342	MCG +11-05-003|PGC 13826|UGC 2847|IC 0342	56.7054	68.1014	3.28e6	m	SABc	19.77	18.79	0	9.68	UNGC Cep
PGC 100169	Cas 1	31.5225	69.0033	3.3e6	m						UNGC mem
PGC 2902	DDO 006	12.4571	-21.013	3.34e6	m						UNGC TRGB
PGC 166084	CamB	73.2799	67.0995	3.34e6	m						UNGC TRGB
UGC04305	PGC 23324|HolmII	124.7682	70.7217	3.39e6	m	I	7.94	5.62	15	11.16	UNGC TRGB
PGC 95597	KKH 37	101.9406	80.1239	3.39e6	m						UNGC TRGB
PGC 5056944	[CKT2009]d0944+71	146.1433	71.4827	3.39e6	m						UNGC TRGB
PGC 2881	KDG 002	12.3379	-18.0753	3.4e6	m						UNGC TRGB
NGC 5102	ESO 382-050|MCG -06-29-031|PGC 46674	200.4901	-36.6301	3.4e6	m	E-S0	9.71	3.71	49	10.26	UNGC TRGB
NGC 5237	ESO 270-022|MCG -07-28-005|PGC 48139	204.4128	-42.8469	3.4e6	m	E-S0	2.34	1.57	111	13.23	UNGC TRGB
PGC 3097828	FM 1	146.2917	68.765	3.4e6	m						UNGC TRGB
PGC 2933	ESO 540-032	12.6024	-19.9064	3.42e6	m						UNGC TRGB
NGC 1560	MCG +12-05-005|PGC 15488|UGC 3060	68.2053	71.8803	3.45e6	m	Scd	8.3	1.68	21	12.12	UNGC TRGB
ESO383-087	PGC 49050|ESO 383-087	207.3228	-36.0634	3.45e6	m	Sd	4.27	3.31	86	11.29	UNGC TRGB
NGC 5206	ESO 220-018|PGC 47762	203.4336	-48.1512	3.47e6	m	E-S0	4.26	2.81	28	11.93	UNGC TRGB
PGC 45104	ESO 269-037	195.8883	-46.5869	3.48e6	m						UNGC TRGB
PGC 166101	KK 77	147.5546	67.5092	3.48e6	m						UNGC TRGB
PGC 29257	KDG 063	151.2798	66.559	3.5e6	m						UNGC TRGB
PGC 2807114	KKH 22	56.2362	72.0644	3.5e6	m						UNGC mem
PGC 23521	KDG 052	125.9814	71.0308	3.55e6	m						UNGC TRGB
PGC 24050	DDO 053	128.5302	66.18	3.56e6	m						UNGC TRGB
NGC 5253	ESO 445-004|MCG -05-32-060|PGC 48334	204.98317	-31.64011	3.56e6	m	SBm	5.01	2.12	43	10.8	UNGC TRGB
PGC 48515	KK 211	205.5236	-45.2052	3.58e6	m						UNGC TRGB
PGC 51659	PGC 051659	217.0149	-46.3052	3.58e6	m						UNGC TRGB
PGC 28731	KDG 061	149.2626	68.592	3.6e6	m						UNGC TRGB
PGC 45917	NGC 5011C	198.2985	-43.2649	3.6e6	m						UNGC mem
PGC 166167	KK 203	201.8667	-45.3524	3.6e6	m						UNGC mem
PGC 2815820	[KK2000] 53	197.809	-38.9061	3.6e6	m						UNGC mem
PGC 5056936	[CKT2009]d0959+68	149.8881	68.6569	3.6e6	m						UNGC mem
PGC 28757	HolmIX	149.3832	69.046	3.61e6	m						UNGC TRGB
PGC 42275	UGCA 292	189.6668	32.7669	3.61e6	m						UNGC TRGB
NGC 6789	MCG +11-23-001|PGC 63000|UGC 11425	289.1726	63.9724	3.63e6	m	I	0.97	0.84	145	13.83	UNGC TRGB
PGC 166172	KK 213	205.9012	-43.7693	3.63e6	m						UNGC TRGB
PGC 5056932	[CKT2009]d0939+71	144.816	71.3117	3.63e6	m						UNGC TRGB
NGC 247	ESO 540-022|MCG -04-03-005|PGC 2758|NGC 0247	11.7857	-20.7604	3.65e6	m	SABc	19.68	5.55	167	9.67	UNGC TRGB
PGC 4689187	CenN	207.0384	-47.565	3.66e6	m						UNGC TRGB
PGC 5056931	[CKT2009]d0934+70	143.5154	70.2159	3.66e6	m						UNGC TRGB
PGC 29388	KDG 064	151.7576	67.8275	3.7e6	m						UNGC TRGB
PGC 29735	UGC 05497	153.1995	64.1078	3.7e6	m						UNGC TRGB
PGC 32667	KDG 073	163.23	69.5461	3.7e6	m						UNGC TRGB
PGC 30664	DDO 078	156.6158	67.657	3.72e6	m						UNGC TRGB
PGC 47171	ESO 324-024	201.9099	-41.4783	3.73e6	m						UNGC TRGB
PGC 2807103	KKH 6	23.7148	52.0917	3.73e6	m						UNGC TRGB
PGC 4689195	IKN	152.0249	68.3993	3.75e6	m						UNGC TRGB
NGC 2915	ESO 037-003|PGC 26761	141.5493	-76.6264	3.78e6	m	SBab	1.82	0.98	132	13.19	UNGC TRGB
PGC 29231	BK 5N	151.1712	68.2561	3.78e6	m						UNGC TRGB
PGC 45717	ESO 269-058	197.6371	-46.992	3.8e6	m						UNGC TRGB
NGC 4945	ESO 219-024|PGC 45279	196.3645	-49.46822	3.8e6	m	SBc	23.33	4.03	44	9.28	UNGC TRGB
NGC 3077	MCG +12-10-017|PGC 29146|UGC 5398	150.8276	68.7337	3.82e6	m	S?	5.21	4.32	49	10.63	UNGC TRGB
PGC 45916	ESO 269-066	198.2865	-44.89	3.82e6	m						UNGC TRGB
PGC 27605	HolmI	145.1346	71.1833	3.84e6	m						UNGC TRGB
PGC 166175	KK 217	206.5714	-45.6848	3.84e6	m						UNGC TRGB
PGC 31286	BK 6N	158.6273	66.0094	3.85e6	m						UNGC TRGB
PGC 28759	A 0952+69	149.3784	69.2777	3.87e6	m						UNGC TRGB
PGC 46680	KK 197	200.5079	-42.5347	3.87e6	m						UNGC TRGB
PGC 5056937	[CKT2009]d1006+67	151.6926	67.2011	3.87e6	m						UNGC TRGB
NGC 625	ESO 297-005|MCG -07-04-017|PGC 5896|NGC 0625	23.7713	-41.4368	3.89e6	m	SBm	6.55	2.05	92	11.65	UNGC TRGB
PGC 35684	UGC 06541	173.3701	49.2381	3.89e6	m						UNGC TRGB
NGC 7793	ESO 349-012|MCG -06-01-009|PGC 73049	359.4573	-32.591	3.91e6	m	Scd	10.42	6.05	89	9.7	UNGC TRGB
PGC 2807133	KKH 57	150.0534	63.1842	3.91e6	m						UNGC TRGB
PGC 5056942	[CKT2009]d1041+70	160.32	70.151	3.91e6	m						UNGC TRGB
PGC 166082	CamA	66.3179	72.8058	3.93e6	m						UNGC TRGB
PGC 2815823	[KK2000] 57	205.4088	-42.582	3.93e6	m						UNGC TRGB
PGC 5056934	[CKT2009]d0955+70	148.8064	70.408	3.93e6	m						UNGC TRGB
PGC 5056943	[CKT2009]d0926+70	141.6162	70.5066	3.93e6	m						UNGC TRGB
PGC 2815822	[KK2000] 55	200.5527	-42.7287	3.94e6	m						UNGC TRGB
PGC 4689216	HS 117	155.355	71.1162	3.96e6	m						UNGC TRGB
PGC 46663	KK 196	200.4461	-45.0624	3.98e6	m						UNGC TRGB
PGC 166073	KK 27	50.2692	-66.3221	3.98e6	m						UNGC TRGB
PGC 166179	KK 221	207.1935	-46.9966	3.98e6	m						UNGC TRGB
PGC 5056933	[CKT2009]d0944+69	146.0939	69.2111	3.98e6	m						UNGC TRGB
PGC 30997	DDO 082	157.645	70.6214	4e6	m						UNGC TRGB
PGC 5056941	[CKT2009]d1028+70	157.1655	70.2336	4e6	m						UNGC TRGB
PGC 28529	BK 3N	148.4528	68.9691	4.02e6	m						UNGC TRGB
PGC 28826	[CKT2009]d0958+66	149.7022	66.8498	4.04e6	m						UNGC TRGB
NGC 4789A	MCG +05-30-120|PGC 43869|UGC 8024|DDO 154	193.5225	27.1497	4.04e6	m	I	1.9	1.24	37	14.11	UNGC TRGB
NGC 1313	ESO 082-011|PGC 12286	49.565	-66.4976	4.07e6	m	SBcd	11.07	9.14	27	9.65	UNGC TRGB
PGC 5056947	[CKT2009]d1015+69	153.7788	69.0375	4.07e6	m						UNGC TRGB
PGC 9140	[KK2000] 03	36.1773	-73.5131	4.1e6	m						UNGC mem
PGC 8484	UGC 01703	33.2296	32.8137	4.19e6	m						UNGC SBF
PGC 5057032	DDO 169NW	198.8337	47.5436	4.2e6	m						UNGC mem
NGC 4449	MCG +07-26-009|PGC 40973|UGC 7592	187.046	44.093	4.21e6	m	IB	4.66	2.71	51	9.5	UNGC TRGB
PGC 166158	KK 189	198.1884	-41.8321	4.21e6	m						UNGC TRGB
PGC 3097727	Sc 22	5.9655	-24.705	4.21e6	m						UNGC TRGB
PGC 19337	ESO 490-017	99.4878	-26.0002	4.23e6	m						UNGC TRGB
PGC 48280	UGC 08638	204.8315	24.7752	4.27e6	m						UNGC TRGB
PGC 2807102	KKH 5	16.8852	51.4404	4.27e6	m						UNGC TRGB
NGC 4068	MCG +09-20-079|PGC 38148|UGC 7047	181.0078	52.5884	4.31e6	m	I	1.92	1.16	29	13.07	UNGC TRGB
PGC 166142	KK 160	190.9891	43.6616	4.31e6	m						UNGC TRGB
PGC 46039	DDO 168	198.6174	45.9197	4.33e6	m						UNGC TRGB
PGC 35286	UGC 06456	171.9986	78.9939	4.35e6	m						UNGC TRGB
PGC 677373	HIDEEP J1337-33	204.2511	-33.3625	4.37e6	m						UNGC TRGB
IC 4107	PGC 87149|KK 177	195.67446	21.99739	4.4e6	m	E	0.89	0.81	0	16.62	UNGC mem
PGC 46127	DDO 169	198.874	47.4996	4.41e6	m						UNGC TRGB
IC 4316	ESO 445-006|MCG -05-32-062|PGC 48368|PGC 48369	205.0761	-28.8942	4.41e6	m	IB	1.38	1	56	14.54	UNGC TRGB
PGC 6430	ESO 245-005	26.266	-43.5985	4.43e6	m						UNGC TRGB
PGC 41048	UGC 07605	187.1613	35.7176	4.43e6	m						UNGC TRGB
PGC 1599237	LV J0913+1937	138.4124	19.6188	4.43e6	m						UNGC h
PGC 2807110	KKH 18	45.7746	33.6944	4.43e6	m						UNGC TRGB
NGC 4244	MCG +06-27-045|PGC 39422|UGC 7322	184.373	37.8072	4.49e6	m	Sc	16.22	7.24	45	10.44	UNGC TRGB
PGC 3974	UGC 00685	16.8435	16.684	4.51e6	m						UNGC TRGB
NGC 5238	MCG +09-22-082|PGC 47853|PGC 47857|UGC 8565	203.677	51.6137	4.51e6	m	SABd	1.75	1.44	162	13.95	UNGC TRGB
NGC 5264	ESO 445-012|MCG -05-32-066|PGC 48467	205.4031	-29.9127	4.53e6	m	IB	2.97	2.2	64	12.59	UNGC TRGB
PGC 49615	ESO 384-016	209.2559	-35.3329	4.53e6	m						UNGC TRGB
PGC 45506	UGC 08215	197.0148	46.828	4.55e6	m						UNGC TRGB
PGC 21199	ESO 059-001	112.8269	-68.1875	4.57e6	m						UNGC TRGB
IC 3687	MCG +07-26-039|PGC 42656|UGC 7866	190.563	38.5026	4.57e6	m	IAB	3.34	3.08	0	13.75	UNGC TRGB
PGC 45372	DDO 165	196.6038	67.7069	4.57e6	m						UNGC TRGB
PGC 5056938	[CKT2009]d1014+68	153.7325	68.7576	4.57e6	m						UNGC TRGB
PGC 39228	MCG +09-20-131	183.9443	52.3873	4.59e6	m						UNGC TRGB
PGC 166176	KK 218	206.6655	-29.979	4.6e6	m						UNGC mem
NGC 4395	MCG +06-27-053|PGC 40596|UGC 7524	186.4537	33.5468	4.61e6	m	Sm	4.17	1.39	128	10.84	UNGC TRGB
PGC 95594	KKH 34	89.9194	73.4277	4.61e6	m						UNGC TRGB
PGC 46885	KK 200	201.1501	-30.9719	4.63e6	m						UNGC TRGB
NGC 5204	MCG +10-19-078|PGC 47368|UGC 8490	202.4019	58.4193	4.66e6	m	Sm	4.5	2.82	5	11.72	UNGC TRGB
PGC 166170	KK 208	204.1478	-29.5713	4.68e6	m						UNGC TRGB
IC 4182	MCG +06-29-031|PGC 45314|UGC 8188	196.4565	37.605	4.7e6	m	Sm	6.01	5.52	0	12.59	UNGC Cep
PGC 62814	UGC 11411	287.1766	70.2839	4.73e6	m						UNGC h
PGC 166146	KK 166	192.3046	35.6127	4.74e6	m						UNGC TRGB
NGC 5408	ESO 325-046|ESO 325-047|MCG -07-29-006|PGC 50073	210.83712	-41.37769	4.81e6	m	IB	2.84	1.53	66	12.2	UNGC TRGB
PGC 38685	MCG +06-27-017	182.4847	36.4347	4.83e6	m						UNGC TRGB
PGC 592761	HIPASS J1337-39	204.3561	-39.8887	4.83e6	m						UNGC TRGB
PGC 41636	DDO 133	188.2266	31.541	4.85e6	m						UNGC TRGB
PGC 38252	ESO 379-024	181.2361	-35.7431	4.88e6	m						UNGC h
PGC 40791	DDO 126	186.7707	37.1433	4.88e6	m						UNGC TRGB
PGC 20125	FG 202	106.3238	-58.5189	4.9e6	m						UNGC TRGB
NGC 3738	MCG +09-19-130|PGC 35856|UGC 6565	173.9497	54.5251	4.9e6	m	I	2.26	1.63	156	11.55	UNGC TRGB
PGC 166065	KK 17	30.0422	28.8311	4.9e6	m						UNGC TRGB
IC 1574	ESO 474-018|MCG -04-02-043|PGC 2578|DDO 226	10.7652	-22.2476	4.92e6	m	IB	1.83	0.7	176	14.47	UNGC TRGB
PGC 6699	UGC 01281	27.3849	32.5862	4.94e6	m						UNGC TRGB
NGC 784	MCG +05-05-045|PGC 7671|UGC 1501|NGC 0784	30.3208	28.8372	4.97e6	m	SBd	4.17	1.07	1	12.21	UNGC TRGB
IC 4247	ESO 444-034|MCG -05-32-017|PGC 47073	201.6852	-30.3625	4.97e6	m	S?	1.38	0.52	154	14.43	UNGC TRGB
PGC 9962	ESO 115-021	39.4491	-61.3403	4.99e6	m						UNGC TRGB
PGC 19041	ESO 489-056	96.573	-26.2658	4.99e6	m						UNGC TRGB
PGC 17302	ESO 553-046	81.774	-20.6778	5.07e6	m						UNGC h
NGC 1705	ESO 158-013|PGC 16282	73.5564	-53.361	5.11e6	m	E-S0	1.87	1.44	53	12.79	UNGC TRGB
PGC 4078671	LV J0956-0929	149.1567	-9.4863	5.18e6	m						UNGC h
NGC 1311	ESO 200-007|PGC 12460	50.0292	-52.1858	5.2e6	m	SBm	3.2	0.78	37	13.4	UNGC TRGB
PGC 37369	ESO 379-007	178.6798	-33.5588	5.22e6	m						UNGC TRGB
PGC 166163	KK 195	200.2845	-31.5291	5.22e6	m						UNGC TRGB
PGC 48029	UGCA 365	204.1284	-29.2354	5.25e6	m						UNGC TRGB
PGC 490287	ESO 215-009	164.375	-48.1839	5.25e6	m						UNGC TRGB
NGC 6503	MCG +12-17-009|PGC 60921|UGC 11012	267.3605	70.1443	5.27e6	m	Sc	5.94	1.98	123	10.86	UNGC TRGB
NGC 59	ESO 539-004|MCG -04-01-026|PGC 1034|NGC 0059	3.8547	-21.4445	5.3e6	m	E-S0	2.38	1.24	121	13.14	UNGC SBF
PGC 42936	ESO 381-018	191.1773	-35.9666	5.32e6	m						UNGC TRGB
PGC 40750	SBS 1224+533	186.7194	53.1054	5.35e6	m						UNGC h
PGC 43129	DDO 147	191.7492	36.4764	5.4e6	m						UNGC TF
PGC 5059815	AGC 748778	1.643	15.5108	5.4e6	m						UNGC h'
NGC 4656 NED01	MCG +05-30-066 NED01|PGC 42863|UGC 7907 NED01|NGC 4656	190.99029	32.17025	5.4e6	m	SBm	6.46	0.66	36	9.82	UNGC TF
PGC 39058	UGC 07242	183.5351	66.0947	5.42e6	m						UNGC TRGB
NGC 5068	ESO 576-029|MCG -03-34-046|PGC 46400	199.7295	-21.0392	5.45e6	m	Sc	7.48	6.7	138	10.64	UNGC PNLF
NGC 4605	MCG +10-18-074|PGC 42408|UGC 7831	189.9975	61.609	5.47e6	m	SBc	5.87	2.29	122	10.82	UNGC TRGB
PGC 166064	KK 16	28.8344	27.9538	5.47e6	m						UNGC TRGB
PGC 44055	KDG 215	193.9185	19.2092	5.5e6	m						UNGC TF
IC 3840	PGC 86644	192.94208	21.73519	5.5e6	m	Sm	0.78	0.78	76	16.02	UNGC TF
PGC 11139	ESO 154-023	44.209	-54.5706	5.55e6	m						UNGC TRGB
PGC 40665	UGCA 281	186.5709	48.4942	5.68e6	m						UNGC TRGB
NGC 5585	MCG +10-20-094|PGC 51210|UGC 9179	214.9507	56.7294	5.7e6	m	SABc	4.27	2.62	33	11.39	UNGC BS
PGC 21073	DDO 043	112.0735	40.7701	5.73e6	m						UNGC BS
PGC 3097113	HIPASS J1351-47	207.8286	-46.9735	5.73e6	m						UNGC TRGB
PGC 4614882	HIPASS J1348-37	207.1396	-37.9681	5.75e6	m						UNGC TRGB
PGC 43978	ESO 443-009	193.7232	-28.3408	5.78e6	m						UNGC TRGB
PGC 166152	KK 182	196.2597	-40.0823	5.78e6	m						UNGC TRGB
NGC 4485	MCG +07-26-013|PGC 41326|UGC 7648	187.6303	41.7009	5.8e6	m	I	2.01	1.34	2	12.33	UNGC mem
NGC 4707	MCG +09-21-050|PGC 43255|UGC 7971	192.0956	51.1659	5.8e6	m	Sm	2.19	2	25	13.46	UNGC TF
PGC 52125	ESO 222-010	218.7626	-49.4217	5.8e6	m						UNGC TF
PGC 52591	ESO 272-025	220.8561	-44.7051	5.88e6	m						UNGC h
PGC 64824	UGC 11583	307.5634	60.4407	5.89e6	m						UNGC BS
PGC 166159	KK 191	198.4156	42.0436	6e6	m						UNGC txt
PGC 385975	LV J0616-5745	94.0353	-57.7642	6e6	m						UNGC mem
PGC 5060076	AGC 174605	117.5904	7.7944	6e6	m						UNGC h'
IC 5052	ESO 074-015|PGC 65603	313.0212	-69.2014	6.03e6	m	SBcd	7.16	1.33	140	11.69	UNGC TRGB
IC 1959	ESO 200-039|PGC 13163	53.3026	-50.4143	6.05e6	m	SBm	3.05	0.72	148	13.19	UNGC TRGB
PGC 18731	ESO 121-020	93.9763	-57.7256	6.05e6	m						UNGC TRGB
PGC 36014	ESO 320-014	174.4716	-39.2206	6.08e6	m						UNGC TRGB
PGC 5056993	LV J1243+4127	190.9819	41.4568	6.09e6	m						UNGC h
PGC 4087020	AGC 182595	132.8005	27.88	6.1e6	m						UNGC h'
PGC 5060050	AGC 174585	114.0429	9.9864	6.1e6	m						UNGC h'
PGC 166137	KK 144	186.3678	28.4824	6.15e6	m						UNGC h
PGC 2544	And IV	10.6254	40.5758	6.31e6	m						UNGC TRGB
PGC 12719	UGC 02716	51.0311	17.7535	6.4e6	m						UNGC h
PGC 57888	ESO 137-018	245.2464	-60.4876	6.4e6	m						UNGC TRGB
PGC 17716	Orion	86.2575	5.0653	6.46e6	m						UNGC BS
PGC 12514	UGC 02684	50.0988	17.2957	6.49e6	m						UNGC BS
PGC 53639	ESO 223-009	225.2858	-48.2918	6.49e6	m						UNGC TRGB
PGC 32250	ESO 318-013	161.9232	-38.8537	6.5e6	m						UNGC TF
PGC 5057055	AGC 112521	25.2828	27.3225	6.52e6	m						UNGC h
PGC 4320422	LV J1218+4655	184.5461	46.9169	6.54e6	m						UNGC h
PGC 11211	ESO 199-007	44.5172	-49.3823	6.56e6	m						UNGC h
PGC 27935	UGC 05209	146.2674	32.2379	6.56e6	m						UNGC h
PGC 41314	KK 151	187.5987	42.9015	6.56e6	m						UNGC h
PGC 42134	Arp 211	189.3408	38.7438	6.61e6	m						UNGC TRGB
NGC 5023	MCG +07-27-043|PGC 45849|UGC 8286	198.049	44.0381	6.61e6	m	Sc	6.22	0.78	28	12.82	UNGC TRGB
PGC 23344	ESO 006-001	124.8426	-85.1432	6.7e6	m						UNGC h
PGC 62572	ESO 104-022	283.9215	-64.8114	6.7e6	m						UNGC TF
NGC 7090	ESO 188-012|PGC 67045	324.1205	-54.5576	6.7e6	m	Sc	8.15	1.63	128	11.31	UNGC TF
PGC 683190	HIPASS J1133-32	173.2957	-32.9624	6.7e6	m						UNGC mem
NGC 3621	ESO 377-037|MCG -05-27-008|PGC 34554	169.56879	-32.81406	6.7e6	m	SBcd	9.79	4.03	161	10.1	UNGC Cep
PGC 1777	UGC 00288	7.2672	43.4308	6.73e6	m						UNGC BS
PGC 1726175	AGC 238890	203.1262	25.1236	6.8e6	m						UNGC TF
IC 3718	MCG +02-33-008|PGC 42944|UGC 7920	191.19158	12.35144	6.8e6	m	S0	2.24	0.72	71	13.96	UNGC TF
PGC 21585	DDO 046	115.358	40.1116	6.85e6	m						UNGC BS
PGC 28378	UGC 05288	147.8208	7.8283	6.85e6	m						UNGC BS
NGC 3344	MCG +04-25-046|PGC 31968|UGC 5840	160.8796	24.9221	6.85e6	m	Sbc	6.7	6.37	150	10.5	UNGC h
PGC 41020	DDO 127	187.1171	37.2348	6.89e6	m						UNGC BS
PGC 41522	UGC 7678	188.001	39.8324	6.9e6	m						UNGC TF
PGC 44681	KK 176	194.9857	-19.4114	6.9e6	m						UNGC TF
PGC 21772	KKH 40	116.736	51.296	6.98e6	m						UNGC h
PGC 31693	UGC 05797	159.855	1.7185	7e6	m						UNGC h
PGC 2543081	LV J1157+5638	179.4759	56.638	7.03e6	m						UNGC h
PGC 39918	DDO 120	185.3134	45.812	7.06e6	m						UNGC h
PGC 31961	ESO 376-016	160.8636	-37.0439	7.1e6	m						UNGC TF
PGC 29230	UGC 05427	151.1704	29.3644	7.11e6	m						UNGC BS
PGC 5060431	LV J1952+1428	298.0491	14.4733	7.13e6	m						UNGC h
IC 1727	MCG +04-05-009|PGC 6574|UGC 1249	26.8746	27.333	7.2e6	m	SBm	6.52	2.44	150	12.08	UNGC BS
PGC 16389	HIPASS J0457-42	74.2445	-42.8007	7.2e6	m						UNGC TF
NGC 5474	MCG +09-23-032|PGC 50216|UGC 9013	211.2564	53.6622	7.2e6	m	Sc	2.39	1.57	100	11.48	UNGC BS
PGC 50911	KKH 87	213.7887	57.0875	7.2e6	m						UNGC TF
PGC 166062	KK 14	26.178	27.2884	7.2e6	m						UNGC mem
PGC 166063	KK 15	26.6758	26.8014	7.2e6	m						UNGC mem
NGC 672	MCG +04-05-011|PGC 6595|UGC 1256|NGC 0672	26.97717	27.43278	7.2e6	m	SBc	7.01	2.71	69	11.41	UNGC BS
PGC 49448	HolmIV	208.6908	53.9033	7.21e6	m						UNGC TRGB
PGC 19871	UGC 03600	103.9167	39.0952	7.24e6	m						UNGC BS
PGC 20264	UGC 03698	107.3255	44.38	7.24e6	m						UNGC BS
NGC 4144	MCG +08-22-077|PGC 38688|UGC 7151	182.4939	46.4573	7.24e6	m	SABc	5.24	1	103	12.04	UNGC TRGB
PGC 39615	KDG 101	184.7886	47.0904	7.24e6	m						UNGC TRGB
NGC 4627	MCG +06-28-019|PGC 42620|UGC 7860	190.4992	32.5736	7.3e6	m	E	2.36	1.66	21	13.01	UNGC mem
NGC 4861	MCG +06-29-003|PGC 44536|UGC 8098	194.7576	34.8608	7.3e6	m	Sm	3.81	1.45	18	12.86	UNGC TF
PGC 44982	UGCA 319	195.5598	-17.2378	7.3e6	m						UNGC mem
PGC 55809	UGC 09992	235.4496	67.2538	7.3e6	m						UNGC TF
PGC 2832120	BTS 151	190.8526	32.4823	7.3e6	m						UNGC mem
IC 4870	ESO 105-011|PGC 63432	294.40667	-65.81183	7.3e6	m	IB	1.67	0.87	132	14.61	UNGC TF
NGC 4700	MCG -02-33-013|PGC 43330	192.28396	-11.40986	7.3e6	m	SBc	2.72	0.47	51	12.18	UNGC TF
NGC 4600	MCG +01-32-128|PGC 42447|UGC 7832	190.0958	3.1177	7.35e6	m	S0	1.42	1.01	59	13.27	UNGC SBF
PGC 18431	HIPASS J0607-34	91.8324	-34.2043	7.4e6	m						UNGC mem
NGC 4248	MCG +08-22-099|PGC 39461|UGC 7335	184.4579	47.4091	7.4e6	m	SBm	2.01	0.9	108	13.16	UNGC TF
PGC 43072	VCC 2037	191.5638	10.2055	7.4e6	m						UNGC TF
PGC 53641	UGC 09660	225.2891	44.6982	7.4e6	m						UNGC TF
PGC 20445	UGC 03755	108.4653	10.5211	7.41e6	m						UNGC TRGB
PGC 86635	KKH 80	187.0206	22.2908	7.43e6	m						UNGC h
PGC 32405	DDO 087	162.4047	65.5305	7.45e6	m						UNGC BS
PGC 42832	KDG 192	190.9394	53.9599	7.45e6	m						UNGC h
NGC 2787	MCG +12-09-039|PGC 26341|UGC 4914	139.8269	69.2033	7.48e6	m	S0-a	3.24	1.81	114	11.6	UNGC SBF
PGC 5761	UGC 01104	23.1773	18.3171	7.55e6	m						UNGC BS
PGC 18396	ESO 364-029	91.4373	-33.0816	7.59e6	m						UNGC h
PGC 71464	ESO 347-017	351.7344	-37.3469	7.6e6	m						UNGC TF
IC 3583	MCG +02-32-154|PGC 42081|UGC 7784	189.18121	13.25933	7.6e6	m	IB	1.05	0.52	5	13	UNGC TF
PGC 19382	KK 55	99.8871	-40.7214	7.65e6	m						UNGC h
NGC 5195	MCG +08-25-014|PGC 47413|UGC 8494	202.4976	47.2661	7.66e6	m	SBa	5.5	4.36	79	10.5	UNGC SBF
PGC 388	ESO 409-015	1.383	-28.0983	7.7e6	m						UNGC TF
PGC 42120	KKSG 29	189.3086	-10.4979	7.7e6	m						UNGC TF
PGC 166095	KK 69	133.2114	33.7977	7.7e6	m						UNGC mem
PGC 166096	KK 70	133.8435	33.5586	7.7e6	m						UNGC mem
IC 3023	MCG +03-31-051|PGC 38692|UGC 7150	182.50729	14.36686	7.7e6	m	I	1.04	0.64	138	15.92	UNGC TF
NGC 5477	MCG +09-23-034|PGC 50262|UGC 9018	211.38875	54.46114	7.7e6	m	Sm	1.11	0.78	87	14.37	UNGC BS
PGC 22277	UGC 04115	119.259	14.391	7.73e6	m						UNGC TRGB
NGC 2683	MCG +06-20-011|PGC 24930|UGC 4641	133.1716	33.4211	7.73e6	m	Sb	9.48	2.7	44	9.99	UNGC SBF
NGC 3377A	MCG +02-28-007|PGC 32226|UGC 5889|DDO 088	161.84292	14.06944	7.73e6	m	SABm	1.43	1.37	0	14.4	UNGC TRGB
PGC 166135	KK 141	185.7197	33.8291	7.78e6	m						UNGC h
NGC 1156	MCG +04-08-006|PGC 11329|UGC 2455	44.9271	25.2389	7.8e6	m	IB	2.96	2.34	28	12.06	UNGC BS
PGC 24781	ESO 496-010	132.2749	-26.3215	7.8e6	m						UNGC TF
PGC 68672	ESO 238-005	335.6269	-48.404	7.8e6	m						UNGC TF
IC 5332	ESO 408-009|MCG -06-51-012|PGC 71775	353.6145	-36.1016	7.8e6	m	SABc	6.07	5.77	0	11.27	UNGC mem
NGC 7713	ESO 347-028|MCG -06-51-013|PGC 71866	354.0625	-37.9386	7.8e6	m	Scd	4.91	2.13	170	11.49	UNGC TF
PGC 166127	KK 132	184.7759	47.7305	7.8e6	m						UNGC mem
PGC 626659	LV J2335-3713	353.7672	-37.2205	7.8e6	m						UNGC mem
PGC 64054	KK 246	300.989	-31.6816	7.83e6	m						UNGC TRGB
NGC 2337	MCG +07-15-010|PGC 20298|UGC 3711	107.5566	44.4573	7.87e6	m	IB	2.18	1.61	114	13.02	UNGC BS
NGC 3239	MCG +03-27-025|PGC 30560|UGC 5637	156.2702	17.1636	7.9e6	m	IB	3.61	2.71	80	11.68	UNGC TF
NGC 4242	MCG +08-22-098|PGC 39423|UGC 7323	184.3757	45.6191	7.9e6	m	Sd	3.8	2.67	23	11.59	UNGC TF
NGC 4618	MCG +07-26-037|PGC 42575|UGC 7853	190.3866	41.1489	7.9e6	m	SBm	3.56	2.29	32	11.31	UNGC TF
NGC 4625	MCG +07-26-038|PGC 42607|UGC 7861	190.4697	41.2738	7.9e6	m	SABm	1.41	1.06	27	13.03	UNGC mem
NGC 4136	MCG +05-29-025|PGC 38618|UGC 7134	182.32371	29.92761	7.9e6	m	Sc	2.34	2.18	30	11.9	UNGC h
NGC 7640	MCG +07-48-002|PGC 71220|UGC 12554	350.52742	40.84542	7.9e6	m	Sc	8.09	1.67	167	11.61	UNGC TF
IC 4710	ESO 103-022|PGC 61922	277.1581	-66.9822	7.94e6	m	Sm	3.49	2.99	5	12.51	UNGC h
ESO495-021	PGC 24171|ESO 495-021	129.0633	-26.4093	7.96e6	m	E-S0	1.95	1.41	136	12.46	UNGC h
PGC 13294	PGC 013294	53.9868	-45.1913	7.98e6	m						UNGC h
NGC 3274	MCG +05-25-020|PGC 31122|UGC 5721	158.07196	27.66878	7.98e6	m	Scd	1.63	0.81	93	13.21	UNGC BS
PGC 43851	DDO 153	193.4868	-12.1059	8e6	m						UNGC TF
NGC 5229	MCG +08-25-019|PGC 47788|UGC 8550	203.512	47.9154	8e6	m	SBcd	2.28	0.63	169	14.51	UNGC mem
NGC 1800	ESO 422-030|MCG -05-13-005|PGC 16745	76.60717	-31.95422	8e6	m	S?	1.55	1.16	112	13.12	UNGC TF
NGC 4204	MCG +04-29-051|PGC 39179|UGC 7261	183.81017	20.65858	8e6	m	SBd	4.06	4.06	120	12.89	UNGC txt
PGC 33486	MRK 0036	166.243	29.1379	8.02e6	m						UNGC h
PGC 52142	DDO 194	218.8524	57.2557	8.02e6	m						UNGC BS
PGC 21600	DDO 047	115.4808	16.8025	8.05e6	m						UNGC TRGB
NGC 4288	MCG +08-23-006|PGC 39840|UGC 7399	185.15879	46.29167	8.05e6	m	SBcd	1.7	1.35	138	13.3	UNGC h
NGC 4559	MCG +05-30-030|PGC 42002|UGC 7766	188.9904	27.9597	8.1e6	m	Sc	10.57	4.82	148	10.28	UNGC TF
NGC 3037	ESO 499-010|MCG -04-24-002|PGC 28381	147.85008	-27.01111	8.1e6	m	Sm	1.29	1.13	57	13.72	UNGC h
NGC 5398	ESO 384-032|MCG -05-33-037|PGC 49923	210.33983	-33.06378	8.1e6	m	Sd	2.76	1.65	174	14.08	UNGC TF
NGC 6744	ESO 104-042|PGC 62836	287.4412	-63.8577	8.3e6	m	Sbc	15.67	9.75	15	9.14	UNGC TF
PGC 62869	ESO 104-044	287.8461	-64.219	8.3e6	m						UNGC mem
PGC 20171	ESO 558-011	106.7376	-22.0396	8.4e6	m						UNGC TF
NGC 4455	MCG +04-30-001|PGC 41066|UGC 7603	187.1837	22.8215	8.4e6	m	SBcd	1.61	0.56	16	13.12	UNGC TF
PGC 35	UGC 12894	0.0938	39.4955	8.47e6	m						UNGC TF
PGC 18855	UGCA 127	95.2322	-8.4956	8.5e6	m						UNGC TF
PGC 37727	ESO 572-034	179.742	-19.0299	8.5e6	m						UNGC TF
PGC 42160	VCC 1725	189.4224	8.559	8.5e6	m						UNGC TF
PGC 42380	UGC 07827	189.9123	44.8202	8.5e6	m						UNGC TF
PGC 86806	AGC 122226	41.6621	27.7264	8.56e6	m						UNGC TF
NGC 1808	ESO 305-008|MCG -06-12-005|PGC 16779	76.9263	-37.513	8.6099e6	m	Sa	5.42	1.83	135	10.83	CF4
PGC 86668	LSBC D564-08	135.725	20.0747	8.67e6	m						UNGC TRGB
NGC 6684	ESO 104-016|PGC 62453	282.241	-65.1733	8.7e6	m	S0	4.19	2.96	29	11.31	UNGC TF
PGC 29284	UGC 05423	151.3785	70.3644	8.71e6	m						UNGC TRGB
PGC 11842	ESO 300-016	47.5433	-40.0024	8.8e6	m						UNGC TF
NGC 1269	ESO 301-002|MCG -07-07-008|PGC 12209|NGC 1291	49.3275	-41.108	8.8e6	m	S0-a	11.17	9.93	156	9.42	UNGC mem
IC 5201	ESO 289-018|PGC 68618	335.2415	-46.0302	8.8e6	m	Sc	6.7	2.86	22	11.38	UNGC TF
NGC 2903	MCG +04-23-009|PGC 27077|UGC 5079	143.0421	21.5014	8.87e6	m	Sbc	11.94	5.28	22	9.53	UNGC BS
PGC 27115	UGC 05086	143.2034	21.4657	8.9e6	m						UNGC mem
PGC 40045	GR 34	185.5317	15.7992	8.9e6	m						UNGC TF
PGC 41093	KK 149	187.218	42.1779	8.9e6	m						UNGC TF
PGC 86669	LSBC D565-06	139.8764	21.6036	9.08e6	m						UNGC TRGB
PGC 3097708	KKSG 30	189.3995	-8.8671	9.1e6	m						UNGC TF
IC 3077	MCG +03-31-085|PGC 39256|UGC 7285	183.98475	14.43303	9.1e6	m	Sc	1.07	0.73	179	14.6	UNGC TF
NGC 1592	ESO 421-002|MCG -05-11-011|PGC 15292	67.41721	-27.40853	9.1e6	m	I	1.02	0.61	97	14.38	UNGC TF
NGC 278	MCG +08-02-016|PGC 3051|UGC 528	13.01796	47.5505	9.1694e6	z	SABb	2.36	2.3	30	11.49	redshift
NGC 45	ESO 473-001|MCG -04-01-021|PGC 930|NGC 0045	3.5164	-23.1821	9.2e6	m	SABd	6.18	4.44	159	11.39	UNGC TF
NGC 3432	MCG +06-24-028|PGC 32643|UGC 5986	163.1293	36.6191	9.2e6	m	SBm	7.41	2.08	33	11.66	UNGC TF
PGC 40943	UGC 07584	187.0118	22.5878	9.2e6	m						UNGC TF
PGC 1824266	AGC 731457	157.9824	28.026	9.2e6	m						UNGC TF
NGC 925	MCG +05-06-045|PGC 9332|UGC 1913|NGC 0925	36.8203	33.579	9.29e6	m	Scd	10.72	5.75	107	10.59	UNGC Cep
NGC 1637	MCG +00-12-068|PGC 15821	70.3674	-2.8581	9.29e6	m	Sc	3.18	2.74	16	11.56	UNGC SN
NGC 1385	ESO 482-016|MCG -04-09-036|PGC 13368	54.368	-24.5013	9.3111e6	m	Sc	3.4	2.13	3	11.46	CF4
IC 559	MCG +02-25-029|PGC 27910|IC 0559	146.18287	9.615	9.4e6	m	I	1.09	0.92	87	14.82	UNGC TF
PGC 2806961	LSBC D634-03	137.2236	14.5829	9.55e6	m						UNGC TRGB
NGC 4460	MCG +08-23-041|PGC 41069|UGC 7611	187.1898	44.8643	9.59e6	m	S0-a	3.93	1.05	40	12.4	UNGC SBF
PGC 591	UGC 00064	1.9336	40.8759	9.6e6	m						UNGC TF
PGC 41395	CGCG 014-054	187.7652	1.6758	9.6e6	m						UNGC TF
PGC 29033	KKSG 17	150.4092	-8.2485	9.7e6	m						UNGC mem
PGC 29086	UGCA 193	150.6502	-6.0135	9.7e6	m						UNGC mem
NGC 4517	MCG +00-32-020|PGC 41618|UGC 7694	188.1895	0.1146	9.7e6	m	Sc	9.02	1.42	84	11.19	UNGC TF
NGC 4765	MCG +01-33-020|PGC 43775|UGC 8018	193.3104	4.4632	9.7e6	m	Sa	1.16	0.85	80	13.39	UNGC TF
PGC 71596	DDO 217	352.4946	40.9904	9.7e6	m						UNGC TF
NGC 855	MCG +05-06-016|PGC 8557|UGC 1718|NGC 0855	33.5149	27.8769	9.73e6	m	E	2.94	1.08	67	13.27	UNGC SBF
NGC 891	MCG +07-05-046|PGC 9031|UGC 1831|NGC 0891	35.63921	42.34914	9.77e6	m	Sb	13.03	3.03	22	10.84	UNGC SBF
PGC 11812	ESO 300-014	47.4094	-41.0319	9.8e6	m						UNGC TF
NGC 4534	MCG +06-28-010|PGC 41779|UGC 7723	188.5225	35.5186	9.8e6	m	SABd	2.78	1.64	120	13.15	UNGC TF
IC 4951	ESO 143-010|PGC 64181	302.3821	-61.8506	9.8e6	m	SBd	3.07	0.71	175	14.01	UNGC TF
IC 3591	MCG +01-32-115|PGC 42108|UGC 7790	189.26267	6.92664	9.8e6	m	I	0.79	0.49	46	14.4	UNGC TF
NGC 2784	ESO 497-023|MCG -04-22-005|PGC 25950	138.0812	-24.1725	9.82e6	m	S0	4.82	1.85	73	11.24	UNGC SBF
IC 2171	MCG -03-18-001|PGC 19526	101.1149	-17.9325	9.9e6	m	IB	1.63	0.34	91	15.19	UNGC TF
NGC 24	ESO 472-016|MCG -04-01-018|PGC 701|NGC 0024	2.48558	-24.96314	9.9e6	m	Sc	6.18	2.4	44	12.08	UNGC TF
ESO273-014	PGC 53500|ESO 273-014	224.62654	-47.69894	9.9e6	m	IB	4.79	3.55	89	12.89	UNGC TF
NGC 1744	ESO 486-005|MCG -04-12-029|PGC 16517	74.9919	-26.0249	1e7	m	SBcd	5.28	1.99	169	11.71	UNGC TF
PGC 16643	ESO 486-021	75.8333	-25.4236	1e7	m						UNGC mem
NGC 2283	ESO 557-013|MCG -03-18-002|PGC 19562	101.46954	-18.21033	1e7	m	Sc	2.76	2.01	178	12.95	UNGC TF
NGC 4597	MCG -01-32-034|PGC 42429	190.0537	-5.7991	1.01e7	m	Sm	3.55	1.42	70	12.87	UNGC TF
NGC 7462	ESO 346-028|MCG -07-47-013|PGC 70324	345.6936	-40.8353	1.01e7	m	SBbc	4.99	0.84	76	12.2	UNGC TF
NGC 4509	MCG +05-30-018|PGC 41660|UGC 7704	188.27829	32.09156	1.01e7	m	Sb	0.67	0.37	161	14.08	UNGC TF
PGC 23769	DDO 052	127.1185	41.8566	1.028e7	m						UNGC TRGB
NGC 2835	ESO 564-035|MCG -04-22-008|PGC 26259	139.4703	-22.3546	1.03e7	m	Sc	6.43	3.72	179	11.06	UNGC TF
NGC 3990	MCG +09-20-043|PGC 37618|UGC 6938	179.3983	55.4585	1.03e7	m	E-S0	1.38	0.81	42	13.46	UNGC SBF
IC 2684	PGC 34438	169.25438	13.09964	1.03e7	m	I	0.76	0.57	171	17.03	UNGC mem
IC 2787	PGC 34969|UGC 6401	170.8295	13.62978	1.03e7	m	Sc	0.8	0.74	34	15.53	UNGC mem
IC 2791	PGC 3542933	170.90675	12.89578	1.03e7	m	I	0.57	0.36	156	17.08	UNGC mem
NGC 3412	MCG +02-28-016|PGC 32508|UGC 5952	162.7221	13.4122	1.04e7	m	S0	3.96	2.17	155	11.44	UNGC mem
PGC 32708	UGC 06014	163.4278	9.7276	1.04e7	m						UNGC mem
PGC 83321	LeG 09	160.644	12.1509	1.04e7	m						UNGC mem
PGC 83329	LeG 14	161.5591	12.9604	1.04e7	m						UNGC mem
PGC 83333	KK 93	161.604	14.0249	1.04e7	m						UNGC mem
PGC 83339	KK 94	161.7369	12.9992	1.04e7	m						UNGC mem
PGC 166107	KK 96	162.6129	12.3597	1.04e7	m						UNGC mem
PGC 4689210	LeG 18	161.7216	12.7444	1.04e7	m						UNGC mem
NGC 3299	MCG +02-27-029|PGC 31442|UGC 5761	159.09917	12.70739	1.04e7	m	SABd	1.79	1.32	3	14	UNGC mem
NGC 1023	MCG +06-06-073|PGC 10123|UGC 2154	40.0999	39.0632	1.0588e7	m	E-S0	7.4	3.06	87	9.56	CF4
NGC 7741	MCG +04-55-050|PGC 72237|UGC 12754	355.97654	26.07561	1.06e7	z	SBc	3.63	2.38	158	11.82	redshift
PGC 40563	UGC 07512	186.4212	2.1593	1.06e7	m						UNGC TF
NGC 3628	MCG +02-29-020|PGC 34697|UGC 6350	170.0706	13.5888	1.0641e7	m	SBb	11.04	3.44	104	9.97	CF4
NGC 3521	MCG +00-28-030|PGC 33550|UGC 6150	166.4524	-0.0358	1.07e7	m	SABb	8.32	4.47	162	9.9	UNGC TF
PGC 19343	CGMW 1-260	99.5006	-15.023	1.08e7	m						UNGC TF
NGC 3593	MCG +02-29-014|PGC 34257|UGC 6272	168.6542	12.8177	1.08e7	m	S0-a	4.69	1.85	91	11.85	UNGC TF
NGC 1792	ESO 305-000|ESO 305-006|PGC 16709	76.3102	-37.9807	1.0889e7	m	Sbc	5.52	2.76	136	10.77	CF4
NGC 3377	MCG +02-28-009|PGC 32249|UGC 5899	161.9265	13.9856	1.091e7	m	E	3.87	1.87	36	11.13	UNGC SBF
NGC 3184	MCG +07-21-037|PGC 30087|UGC 5557	154.5708	41.4244	1.112e7	m	SABc	7.4	7.18	117	10.41	UNGC SN
NGC 4664	MCG +01-33-005|PGC 42970|UGC 7924	191.27496	3.05578	1.1229e7	z	S0-a	4.52	4.52	5	11.12	redshift
NGC 428	MCG +00-04-036|PGC 4367|UGC 763	18.2317	0.9817	1.1298e7	m	SABm	2.82	2.08	114	11.95	CF4
NGC 3384	MCG +02-28-012|PGC 32292|UGC 5911	162.0705	12.6294	1.138e7	m	E-S0	5.24	2.37	53	10.89	UNGC SBF
PGC 30818	UGC 05672	157.0874	22.5707	1.14e7	m						UNGC TF
NGC 6221	ESO 138-003|PGC 59175	253.1922	-59.2178	1.1402e7	m	Sc	4.84	3.15	1	10.73	CF4
NGC 1512	ESO 250-004|MCG -07-09-007|PGC 14391	60.9761	-43.3488	1.1455e7	m	Sa	8.43	4.02	63	11.1	CF4
NGC 2090	ESO 363-023|MCG -06-13-009|PGC 17819	86.758	-34.2505	1.1593e7	m	Sc	4.47	1.67	17	11.48	CF4
NGC 157	MCG -02-02-056|PGC 2081	8.6947	-8.3965	1.1668e7	m	SABb	3.7	1.9	28	11.07	CF4
NGC 7331	MCG +06-49-045|PGC 69327|UGC 12113	339.26671	34.41553	1.17e7	z	Sbc	9.27	3.76	170	10.2	redshift
NGC 5530	ESO 272-003|MCG -07-29-013|PGC 51106	214.6137	-43.3894	1.183e7	m	SABb	4.86	2.18	127	11.82	CF4
NGC 3486	MCG +05-26-032|PGC 33166|UGC 6079	165.1005	28.9749	1.1995e7	m	Sc	5.82	4.12	80	11.07	CF4
NGC 3413	MCG +06-24-024|PGC 32543|UGC 5960	162.8364	32.7664	1.202e7	m	S0-a	2.02	0.85	177	13.12	UNGC TF
NGC 1487 NED01	MCG -07-09-002 NED01|PGC 14117	58.93904	-42.36769	1.2073e7	z	I	2.34	2.04	96	11.9	redshift
NGC 3489	MCG +02-28-039|PGC 33160|UGC 6082	165.0774	13.9012	1.208e7	m	S0-a	3.44	2.03	70	11.06	UNGC SBF
NGC 3511	ESO 502-013|MCG -04-26-020|PGC 33385	165.8491	-23.0866	1.2162e7	m	SABc	6.04	2	76	11.54	CF4
IC 2233	MCG +08-15-052|PGC 23071|UGC 4278	123.4953	45.7427	1.22e7	m	SBc	2.88	0.4	172	12.45	UNGC TF
PGC 71973	UGC 12713	354.5596	30.7081	1.22e7	m						UNGC TF
NGC 4725	MCG +04-30-022|PGC 43451|UGC 7989	192.611	25.5009	1.2246e7	m	SABa	9.71	7.1	36	9.92	CF4
NGC 7457	MCG +05-54-026|PGC 70258|UGC 12306	345.2497	30.1449	1.2269e7	m	E-S0	3.95	2.25	128	11.87	CF4
NGC 4096	MCG +08-22-067|PGC 38361|UGC 7090	181.5048	47.4785	1.2331e7	m	SABc	5.65	1.43	20	11.1	CF4
NGC 2541	MCG +08-15-054|PGC 23110|UGC 4284	123.6672	49.0615	1.24e7	m	SABc	3.02	1.6	170	12.25	UNGC TF
NGC 2552	MCG +08-15-062|PGC 23340|UGC 4325	124.8355	50.0097	1.24e7	m	SABm	2.99	1.61	60	12.69	UNGC mem
NGC 2500	MCG +09-13-110|PGC 22525|UGC 4165	120.47171	50.73711	1.24e7	m	Scd	2.47	2.34	15	12.22	UNGC mem
NGC 4697	MCG -01-33-010|PGC 43276	192.15	-5.8006	1.2439e7	m	E	7.14	4.16	83	10.25	CF4
NGC 3938	MCG +07-25-001|PGC 37229|UGC 6856	178.20604	44.12072	1.2463e7	z	Sc	3.55	3.44	28	10.88	redshift
NGC 4457	MCG +01-32-075|PGC 41101|UGC 7609	187.24588	3.57058	1.2591e7	z	S0-a	2.79	2.37	79	11.42	redshift
NGC 3941	MCG +06-26-051|PGC 37235|UGC 6857	178.2306	36.9864	1.2612e7	m	S0	3.51	2.33	10	11.28	CF4
NGC 1055	MCG +00-07-081|PGC 10208|UGC 2173	40.4373	0.4432	1.2618e7	m	SBb	6.92	3.53	104	11.41	CF4
NGC 5643	ESO 272-016|MCG -07-30-003|PGC 51969	218.1696	-44.1745	1.2682e7	m	Sc	5.27	4.6	88	10.79	CF4
IC 2992	MCG +05-29-008|PGC 38277	181.31596	30.85564	1.27e7	m	S?	0.63	0.52	161	14.83	UNGC TF
NGC 2146	MCG +13-05-022|PGC 18797|UGC 3429	94.65712	78.35703	1.2741e7	z	SBab	5.31	4.32	123	10.53	redshift
IC 3308	MCG +05-29-081|PGC 40495|UGC 7505	186.32587	26.71511	1.28e7	m	Sd	0.58	0.28	64	15.46	UNGC TF
NGC 4731	MCG -01-33-026|PGC 43507	192.7554	-6.3937	1.2853e7	m	SBc	6.32	2.14	97	11.88	CF4
NGC 4781	MCG -02-33-049|PGC 43902	193.5992	-10.537	1.2912e7	m	Scd	3.66	1.48	120	11.46	CF4
IC 239	MCG +06-06-065|PGC 9899|UGC 2080	39.11617	38.96992	1.2921e7	z	SABc	4.25	4.01	75	11.89	redshift
NGC 3319	MCG +07-22-036|PGC 31671|UGC 5789	159.7895	41.6868	1.3068e7	m	SBc	3.63	1.77	38	11.77	CF4
NGC 660	MCG +02-05-013|PGC 6318|UGC 1201	25.7599	13.6453	1.3092e7	m	Sa	4.57	1.69	13	11.94	CF4
NGC 4178	MCG +02-31-050|PGC 38943|UGC 7215	183.1932	10.8659	1.3092e7	m	Scd	4.66	1.24	32	11.92	CF4
NGC 6300	ESO 101-025|PGC 60001	259.2471	-62.8201	1.3092e7	m	SBb	5.33	3.37	119	10.96	CF4
NGC 3726	MCG +08-21-051|PGC 35676|UGC 6537	173.3382	47.0291	1.3274e7	m	Sc	5.27	3.54	14	10.66	CF4
NGC 4293	MCG +03-32-006|PGC 39907|UGC 7405	185.30371	18.38239	1.3319e7	z	S0-a	6.24	3.72	72	11.07	redshift
NGC 5248	MCG +02-35-015|PGC 48130|UGC 8616	204.3837	8.885	1.3397e7	m	SABb	4.07	2.38	120	10.88	CF4
NGC 7424	ESO 346-019|MCG -07-47-008|PGC 70096	344.32654	-41.07058	1.3418e7	z	Sc	5.01	2.69	125	11.04	redshift
NGC 3198	MCG +08-19-020|PGC 30197|UGC 5572	154.9788	45.5497	1.3539e7	m	Sc	6.46	1.84	30	10.9	CF4
NGC 7814	MCG +03-01-020|PGC 218|UGC 8	0.8121	16.1456	1.3552e7	m	Sab	4.37	1.88	135	11.59	CF4
NGC 7217	MCG +05-52-001|PGC 68096|UGC 11914	331.96829	31.35933	1.3559e7	z	Sab	4.52	3.84	90	11.03	redshift
NGC 4026	MCG +09-20-052|PGC 37760|UGC 6985	179.8546	50.9617	1.3671e7	m	S0	4.41	0.87	178	11.7	CF4
NGC 4088	MCG +09-20-089|PGC 38302|UGC 7081	181.391	50.5394	1.3709e7	m	SABc	7.01	2.65	44	11.35	CF4
NGC 4150	MCG +05-29-029|PGC 38742|UGC 7165	182.6403	30.4016	1.374e7	m	S0	1.99	1.33	148	12.49	UNGC SBF
NGC 4900	MCG +01-33-035|PGC 44797|UGC 8116	195.16296	2.50144	1.379e7	z	Sc	2.13	2.02	150	11.89	redshift
NGC 1300	ESO 547-031|MCG -03-09-018|PGC 12412	49.9213	-19.4111	1.39e7	m	Sbc	5.96	3.06	101	11.21	CF4
IC 3341	PGC 40682	186.59663	27.74553	1.4e7	m	I	0.46	0.26	72	16.69	UNGC TF
NGC 4308	MCG +05-29-069|PGC 40011|UGC 7426	185.48687	30.07436	1.4e7	m	E	0.94	0.69	21	14.11	UNGC txt
NGC 1255	ESO 481-013|MCG -04-08-050|PGC 12007	48.3833	-25.7252	1.4093e7	m	SABb	4.05	2.24	118	11.6	CF4
NGC 4314	MCG +05-29-075|PGC 40097|UGC 7443	185.63258	29.89589	1.4099e7	z	Sa	3.7	3.56	150	11.42	redshift
NGC 5101	ESO 508-058|MCG -04-32-008|PGC 46661	200.4425	-27.4304	1.4099e7	m	S0-a	5.9	5.52	123	11.57	CF4
NGC 4571	MCG +02-32-156|PGC 42100|UGC 7788	189.2351	14.2172	1.4158e7	m	Sc	3.56	3.31	35	11.92	CF4
NGC 5364	MCG +01-36-003|PGC 49555|UGC 8853	209.05	5.0144	1.4158e7	m	Sbc	3.8	1.66	45	11.19	CF4
NGC 3718	MCG +09-19-114|PGC 35616|UGC 6524	173.14521	53.06792	1.4159e7	z	Sa	4.7	2.34	9	11.52	redshift
NGC 4546	MCG -01-32-027|PGC 41939	188.873	-3.7933	1.4217e7	m	E-S0	3.16	1.76	90	11.34	CF4
NGC 1087	MCG +00-08-009|PGC 10496|UGC 2245	41.6049	-0.4987	1.4223e7	m	Sc	2.97	1.8	10	11.52	CF4
NGC 4654	MCG +02-33-004|PGC 42857|UGC 7902	190.9858	13.1266	1.4223e7	m	Sc	4.72	2.49	123	11.09	CF4
NGC 3423	MCG +01-28-012|PGC 32529|UGC 5962	162.80971	5.84003	1.4304e7	z	Sc	3.56	3.03	4	11.61	redshift
NGC 4394	MCG +03-32-035|PGC 40614|UGC 7523	186.48137	18.21406	1.4304e7	z	SBb	3.48	3.35	145	11.63	redshift
NGC 3998	MCG +09-20-046|PGC 37642|UGC 6946	179.484	55.4536	1.4415e7	m	S0	2.78	2.26	139	11.41	CF4
NGC 3310	MCG +09-18-008|PGC 31650|UGC 5786	159.69108	53.50339	1.4416e7	z	SABb	1.8	1.73	10	11.28	redshift
NGC 2310	ESO 309-007|MCG -07-15-001|PGC 19811	103.47483	-40.86261	1.4484e7	z	S0	4.52	0.95	46	11.95	redshift
NGC 3729	MCG +09-19-117|PGC 35711|UGC 6547	173.4555	53.12556	1.4544e7	z	Sa	2.89	2.09	14	11.72	redshift
NGC 4298	MCG +03-32-007|PGC 39950|UGC 7412	185.3867	14.6061	1.4655e7	m	Sc	2.54	1.4	137	11.94	CF4
NGC 2841	MCG +09-16-005|PGC 26512|UGC 4966	140.5103	50.9768	1.4662e7	m	SBb	6.9	3.31	147	10.06	CF4
NGC 4772	MCG +00-33-018|PGC 43798|UGC 8021	193.3715	2.16839	1.469e7	z	SABa	4.12	2	155	11.89	redshift
IC 356	MCG +12-04-011|PGC 14508|UGC 2953	61.94546	69.81244	1.4758e7	z	Sb	4.02	3.73	90	11.56	redshift
NGC 4062	MCG +05-29-004|PGC 38150|UGC 7045	181.0159	31.8959	1.4825e7	m	SABc	4.14	1.61	101	11.89	CF4
NGC 4535	MCG +01-32-104|PGC 41812|UGC 7727	188.5845	8.1977	1.4832e7	m	Sc	8.15	7.48	27	10.56	CF4
NGC 4442	MCG +02-32-068|PGC 40950|UGC 7583	187.0163	9.8037	1.4846e7	m	S0	4.32	1.61	87	11.32	CF4
NGC 4636	MCG +01-32-137|PGC 42734|UGC 7878	190.707	2.6876	1.4894e7	m	E	6.35	4.7	150	10.04	CF4
NGC 4111	MCG +07-25-026|PGC 38440|UGC 7103	181.7628	43.0656	1.4955e7	m	S0-a	1.78	0.64	152	11.67	CF4
NGC 5866	MCG +09-25-017|PGC 53933|UGC 9723	226.6232	55.7633	1.4955e7	m	S0-a	6.31	2.72	126	10.74	CF4
NGC 1511	ESO 055-004|PGC 14236	59.9078	-67.6358	1.4962e7	m	Sab	3.66	1.47	123	11.87	CF4
NGC 4080	MCG +05-29-006|PGC 38244|UGC 7068	181.2159	26.9926	1.5e7	m	SBm	1.23	0.58	121	13.88	UNGC TF
NGC 1097	ESO 416-020|MCG -05-07-024|PGC 10488	41.5795	-30.275	1.5031e7	m	SBb	10.57	6.44	138	10.14	CF4
NGC 1493	ESO 249-033|PGC 14163	59.36429	-46.21069	1.508e7	z	SBc	3.44	3.18	80	11.83	redshift
NGC 988	MCG -02-07-037|PGC 9843	38.8661	-9.3564	1.5101e7	m	Sc	4.33	1.73	119	10.94	CF4
PGC 25232	UGC 04704	134.7515	39.2096	1.52e7	m						UNGC TF
NGC 1617	ESO 157-041|PGC 15405	67.91471	-54.60228	1.5212e7	z	SBa	5.24	2.5	112	11.18	redshift
NGC 4145	MCG +07-25-040|PGC 38693|UGC 7154	182.5063	39.8839	1.5241e7	m	Scd	4.62	2.11	100	11.78	CF4
NGC 1433	ESO 249-014|PGC 13586	55.50646	-47.22208	1.5375e7	z	SBa	6.19	2.96	95	10.81	redshift
NGC 864	MCG +01-06-061|PGC 8631|UGC 1736	33.8649	6.0022	1.5382e7	m	SABc	3.72	2.57	21	11.62	CF4
NGC 3810	MCG +02-30-010|PGC 36243|UGC 6644	175.2449	11.4712	1.5382e7	m	Sc	3.35	2.29	28	11.28	CF4
NGC 3877	MCG +08-22-002|PGC 36699|UGC 6745	176.5324	47.4947	1.5453e7	m	Sc	5.36	1.23	36	11.8	CF4
NGC 2997	ESO 434-035|MCG -05-23-012|PGC 27978	146.41163	-31.19108	1.5465e7	z	SABc	10.26	6.21	97	10.04	redshift
NGC 2950	MCG +10-14-032|PGC 27765|UGC 5176	145.6463	58.8512	1.5517e7	m	S0	2.62	1.65	142	11.93	CF4
NGC 4203	MCG +06-27-040|PGC 39158|UGC 7256	183.7708	33.1972	1.5517e7	m	E-S0	3.42	1.43	10	11.72	CF4
NGC 4278	MCG +05-29-062|PGC 39764|UGC 7386	185.0283	29.2806	1.5588e7	m	E	2.89	2.83	35	11.04	CF4
NGC 4666	MCG +00-33-008|PGC 42975|UGC 7926	191.286	-0.4619	1.5596e7	m	SABc	4.97	1.97	40	11.46	CF4
NGC 3227	MCG +03-27-016|PGC 30445|UGC 5620	155.87742	19.86506	1.5632e7	z	SABa	3.98	1.86	156	11.55	redshift
NGC 4459	MCG +02-32-083|PGC 41104|UGC 7614	187.2501	13.9786	1.5733e7	m	S0	4.17	3.16	109	11.3	CF4
NGC 4647	MCG +02-33-001|PGC 42816|UGC 7896	190.8855	11.5822	1.574e7	m	SABc	2.75	2.36	139	11.6	CF4
NGC 4151	MCG +07-25-044|PGC 38739|UGC 7166	182.636	39.4058	1.5812e7	m	Sab	2.88	2.21	50	11.36	CF4
NGC 6207	MCG +06-37-007|PGC 58827|UGC 10521	250.7655	36.8323	1.5812e7	m	Sc	3.46	1.61	17	11.86	CF4
NGC 4267	MCG +02-32-004|PGC 39710|UGC 7373	184.9389	12.7984	1.5856e7	m	E-S0	2.55	1.76	143	11.82	CF4
NGC 4941	MCG -01-33-077|PGC 45165	196.05475	-5.55161	1.5859e7	z	SABa	3.29	2.7	23	11.9	redshift
NGC 4564	MCG +02-32-150|PGC 42051|UGC 7773	189.1123	11.4394	1.5907e7	m	E	3.13	1.68	48	11.95	CF4
NGC 4473	MCG +02-32-093|PGC 41228|UGC 7631	187.4536	13.4294	1.5929e7	m	E	4.27	2.51	100	11.05	CF4
NGC 4417	MCG +02-32-053|PGC 40756|UGC 7542	186.7108	9.5842	1.5951e7	m	S0	3.09	1.09	49	11.95	CF4
NGC 3104	MCG +07-21-007|PGC 29186|UGC 5414	150.9879	40.7557	1.6e7	m	IAB	2.99	2.03	36	13.8	UNGC TF
NGC 4526	MCG +01-32-100|PGC 41772|UGC 7718	188.5127	7.6992	1.6055e7	m	S0	9.64	3.32	113	10.55	CF4
NGC 4143	MCG +07-25-036|PGC 38654|UGC 7142	182.4003	42.5342	1.6099e7	m	S0	2.73	1.68	144	11.83	CF4
NGC 4350	MCG +03-32-023|PGC 40295|UGC 7473	185.9908	16.6935	1.6099e7	m	S0	2.8	1.33	28	11.81	CF4
NGC 4691	MCG +00-33-013|PGC 43238	192.05679	-3.33272	1.6103e7	z	S0-a	3.03	2.46	28	11.52	redshift
NGC 4487	MCG -01-32-021|PGC 41399	187.7687	-8.0538	1.6121e7	m	Sc	3.46	1.9	74	11.78	CF4
NGC 5363	MCG +01-36-002|PGC 49547|UGC 8847	209.03004	5.25478	1.6159e7	z	S0-a	4.17	2.75	133	11.1	redshift
NGC 4754	MCG +02-33-030|PGC 43656|UGC 8010	193.0731	11.3136	1.6173e7	m	S0	4.16	1.95	22	11.4	CF4
NGC 4179	MCG +00-31-038|PGC 38950|UGC 7214	183.2171	1.2997	1.6188e7	m	S0	4.48	1.22	146	11.86	CF4
NGC 1947	ESO 085-087|PGC 17296	81.69838	-63.76003	1.6287e7	z	E-S0	3.48	3.18	89	11.65	redshift
NGC 7177	MCG +03-56-003|PGC 67823|UGC 11872	330.17183	17.73806	1.633e7	z	SABb	2.85	1.93	87	11.86	redshift
NGC 4429	MCG +02-32-061|PGC 40850|UGC 7568	186.8607	11.1075	1.6398e7	m	S0-a	5.3	2.42	98	10.88	CF4
NGC 4503	MCG +02-32-118|PGC 41538|UGC 7680	188.0257	11.1764	1.6398e7	m	S0	3.48	1.58	12	11.95	CF4
ESO138-010	PGC 59373	254.76229	-60.21603	1.6416e7	z	Sd	5.5	3.98	56	11.68	redshift
NGC 3631	MCG +09-19-047|PGC 34767|UGC 6360	170.26196	53.16956	1.6446e7	z	Sc	3.72	3.08	118	10.71	redshift
NGC 4450	MCG +03-32-048|PGC 41024|UGC 7594	187.1234	17.085	1.6474e7	m	Sab	5.46	3.78	173	10.81	CF4
NGC 3893	MCG +08-22-007|PGC 36875|UGC 6778	177.1592	48.7108	1.6482e7	m	SABc	2.69	1.43	158	10.82	CF4
NGC 4051	MCG +08-22-059|PGC 38068|UGC 7030	180.7903	44.5312	1.6542e7	m	SABb	4.89	4.26	146	10.77	CF4
NGC 5005	MCG +06-29-052|PGC 45749|UGC 8256	197.7345	37.0592	1.655e7	m	SABb	4.82	1.52	70	10.54	CF4
PGC 37449	KDG 082	178.913	31.5188	1.66e7	m						UNGC TF
IC 779	MCG +05-29-053|PGC 39690|UGC 7369	184.91137	29.88319	1.667e7	m	S?	0.97	0.93	50	14.96	UNGC SBF
NGC 2681	MCG +09-15-041|PGC 24961|UGC 4645	133.3863	51.3138	1.6703e7	m	S0-a	3.97	3.97	70	11.15	CF4
NGC 4371	MCG +02-32-033|PGC 40442|UGC 7493	186.2309	11.7043	1.6703e7	m	S0-a	3.88	1.81	96	11.68	CF4
NGC 7314	ESO 533-053|MCG -04-53-018|PGC 69253	338.9416	-26.0505	1.6711e7	m	SABb	4.21	1.71	3	11.6	CF4
NGC 4596	MCG +02-32-170|PGC 42401|UGC 7828	189.9831	10.1762	1.678e7	m	S0-a	3.93	3.3	120	11.3	CF4
NGC 5084	ESO 576-033|MCG -04-32-004|PGC 46525	200.0703	-21.8272	1.6873e7	m	S0	9.93	2.46	80	11.6	CF4
NGC 5907	MCG +09-25-040|PGC 54470|UGC 9801	228.9735	56.3289	1.6897e7	m	SABc	11.3	1.75	156	11.07	CF4
NGC 4762	MCG +02-33-033|PGC 43733|UGC 8016	193.233	11.2308	1.6936e7	m	S0	8.26	3.52	32	11.03	CF4
NGC 4710	MCG +03-33-009|PGC 43375|UGC 7980	192.41179	15.16544	1.7003e7	z	S0-a	4.39	1.13	26	11.6	redshift
NGC 3596	MCG +03-29-013|PGC 34298|UGC 6277	168.77588	14.78703	1.7015e7	z	SABc	3.55	3.37	65	11.79	redshift
NGC 4689	MCG +02-33-022|PGC 43186|UGC 7965	191.9399	13.7627	1.7077e7	m	Sc	3.82	2.86	163	11.55	CF4
NGC 4570	MCG +01-32-114|PGC 42096|UGC 7785	189.2226	7.2467	1.7092e7	m	S0	3.88	0.94	160	11.71	CF4
NGC 4494	MCG +04-30-002|PGC 41441|UGC 7662	187.8503	25.7747	1.7171e7	m	E	4.35	4.13	173	10.68	CF4
NGC 3513	ESO 502-014|MCG -04-26-021|PGC 33410	165.942	-23.2455	1.7178e7	z	SBc	2.81	1.28	113	11.94	redshift
NGC 3675	MCG +07-24-004|PGC 35164|UGC 6439	171.5343	43.5868	1.7179e7	m	Sb	5.9	3.27	178	10.96	CF4
NGC 7418	ESO 406-025|MCG -06-50-013|PGC 70069	344.1506	-37.0301	1.7187e7	m	Sc	3.66	2.83	139	11.69	CF4
NGC 3887	MCG -03-30-012|PGC 36754	176.76904	-16.85461	1.7255e7	z	Sbc	3.27	2.57	10	11.4	redshift
NGC 4041	MCG +10-17-129|PGC 37999|UGC 7014	180.55083	62.13722	1.7259e7	z	Sbc	2.57	2.39	70	11.65	redshift
NGC 1073	MCG +00-08-001|PGC 10329|UGC 2210	40.91883	1.37611	1.7289e7	z	SBc	3.54	2.23	32	11.68	redshift
PGC 38998	KK 127	183.3474	29.9219	1.73e7	m						UNGC TF
NGC 4461	MCG +02-32-084|PGC 41111|UGC 7613	187.2624	13.1838	1.7322e7	m	S0-a	3.61	1.23	8	11.92	CF4
NGC 4608	MCG +02-32-177|PGC 42545|UGC 7842	190.3053	10.1558	1.733e7	m	S0	2.88	2.49	25	11.91	CF4
NGC 6340	MCG +12-16-023|PGC 59742|UGC 10762	257.60354	72.30444	1.7444e7	z	S0-a	3.04	2.88	155	11.97	redshift
NGC 4414	MCG +05-29-085|PGC 40692|UGC 7539	186.6126	31.2234	1.7458e7	m	Sc	1.95	1.12	162	10.99	CF4
NGC 4477	MCG +02-32-097|PGC 41260|UGC 7638	187.5092	13.6364	1.749e7	m	S0	3.7	3.22	26	11.27	CF4
NGC 3359	MCG +11-13-037|PGC 32183|UGC 5873	161.6535	63.2241	1.7498e7	m	Sc	4.07	2.83	167	11.07	CF4
NGC 936	MCG +00-07-017|PGC 9359|UGC 1929	36.90608	-1.15628	1.7542e7	z	S0-a	4.44	3.18	133	11.19	redshift
NGC 1527	ESO 201-020|PGC 14526	62.1006	-47.897	1.7547e7	m	E-S0	4.58	1.79	78	11.71	CF4
NGC 908	ESO 545-011|MCG -04-06-035|PGC 9057	35.769	-21.2339	1.7579e7	m	SABc	6.14	2.82	77	10.82	CF4
NGC 3945	MCG +10-17-096|PGC 37258|UGC 6860	178.30721	60.67556	1.7786e7	z	S0-a	5.55	3.29	15	11.7	redshift
NGC 6015	MCG +10-23-003|PGC 56219|UGC 10075	237.8552	62.31	1.7906e7	m	Sc	5.81	2.57	28	11.61	CF4
NGC 1515	ESO 156-036|PGC 14397	61.0113	-54.1	1.7989e7	m	SABb	5.5	1.26	20	11.91	CF4
NGC 1553	ESO 157-017|PGC 14765	64.0437	-55.78	1.8047e7	m	S0	6.25	4.29	150	10.28	CF4
NGC 1448	ESO 249-016|MCG -07-08-005|PGC 13727	56.1327	-44.6446	1.8063e7	m	Sc	8.02	1.53	41	11.38	CF4
NGC 2559	ESO 494-041|MCG -04-20-003|PGC 23222	124.2747	-27.4583	1.8072e7	m	SBc	2.81	1.34	7	11.69	CF4
NGC 3949	MCG +08-22-029|PGC 37290|UGC 6869	178.4238	47.8588	1.8072e7	m	Sbc	2.26	1.32	116	11.37	CF4
IC 5267	ESO 290-029|MCG -07-47-007|PGC 70094	344.3064	-43.3961	1.8164e7	m	S0-a	5.58	4.06	138	11.39	CF4
NGC 3059	ESO 037-007|PGC 28298	147.534	-73.92219	1.8176e7	z	SBbc	3.8	3.56	50	11.74	redshift
NGC 4123	MCG +01-31-023|PGC 38531|UGC 7116	182.04629	2.87828	1.8373e7	z	Sc	3.18	2.32	125	11.96	redshift
NGC 2985	MCG +12-10-006|PGC 28316|UGC 5253	147.59263	72.27864	1.8442e7	z	Sab	3.61	2.92	177	11.21	redshift
NGC 210	MCG -02-02-081|PGC 2437	10.146	-13.8728	1.8578e7	m	SABb	4.98	3.02	163	11.72	CF4
NGC 578	ESO 476-015|MCG -04-04-020|PGC 5619	22.6189	-22.6672	1.8578e7	m	Sc	4.82	2.92	114	11.54	CF4
NGC 3705	MCG +02-29-039|PGC 35440|UGC 6498	172.5314	9.2767	1.8578e7	m	SABa	4.31	1.74	121	11.76	CF4
PGC 26484	DDO 062	140.3647	-22.5006	1.86e7	m						UNGC TF
NGC 3953	MCG +09-20-026|PGC 37306|UGC 6870	178.4543	52.3265	1.8664e7	m	Sbc	6.14	3.13	14	10.48	CF4
NGC 5033	MCG +06-29-062|PGC 45948|UGC 8307	198.3646	36.5937	1.8664e7	m	Sc	9.84	4.58	172	10.7	CF4
NGC 1365	ESO 358-017|MCG -06-08-026|PGC 13179	53.4016	-36.1405	1.8733e7	m	Sb	12.02	6.14	20	10.36	CF4
NGC 134	ESO 350-023|MCG -06-02-012|PGC 1851	7.5911	-33.244	1.875e7	m	SABb	8.38	1.79	50	11.18	CF4
NGC 7205	ESO 146-009|PGC 68128	332.1429	-57.4426	1.875e7	m	Sbc	3.7	1.71	63	11.56	CF4
NGC 3079	MCG +09-17-010|PGC 29050|UGC 5387	150.4909	55.6798	1.8836e7	m	SBc	8.18	1.29	166	11.41	CF4
NGC 4643	MCG +00-33-005|PGC 42797|UGC 7895	190.83392	1.97828	1.8844e7	z	S0-a	2.24	1.75	132	11.22	redshift
NGC 5921	MCG +01-39-021|PGC 54849|UGC 9824	230.4852	5.0704	1.8897e7	m	Sbc	3.02	2.03	137	11.68	CF4
NGC 1084	MCG -01-08-007|PGC 10464	41.4996	-7.5786	1.8923e7	m	Sc	3.4	2.25	36	11.18	CF4
NGC 4845	MCG +00-33-025|PGC 44392|UGC 8078	194.505	1.5759	1.9011e7	m	SABa	5.5	1.2	82	11.9	CF4
NGC 3166	MCG +01-26-024|PGC 29814|UGC 5516	153.44	3.42472	1.9015e7	z	S0-a	4.5	2.84	87	11.42	redshift
NGC 4856	MCG -02-33-078|PGC 44582	194.83863	-15.04217	1.9071e7	z	S0-a	4.25	1.57	38	11.44	redshift
NGC 1549	ESO 157-016|PGC 14757	63.9381	-55.5923	1.9099e7	m	E	5.09	4.35	138	10.68	CF4
NGC 1672	ESO 118-043|PGC 15941	71.42708	-59.24719	1.9118e7	z	Sb	6.14	5.46	95	10.34	redshift
NGC 1532	ESO 359-027|MCG -05-11-002|PGC 14638	63.018	-32.8742	1.9187e7	m	SBb	11.27	3.09	33	10.66	CF4
IC 2038	ESO 157-001|PGC 14553	62.22396	-55.98956	1.92e7	m	Scd	1.85	0.49	155	15.42	UNGC TF
NGC 1379	ESO 358-027|MCG -06-09-001|PGC 13299	54.0159	-35.4412	1.9222e7	m	E	2.66	2.55	65	11.84	CF4
IC 4901	ESO 142-050|PGC 63797	298.5962	-58.7139	1.9275e7	m	SABc	3.68	2.54	130	11.97	CF4
NGC 2775	MCG +01-24-005|PGC 25861|UGC 4820	137.58383	7.03794	1.9328e7	z	Sab	4.25	3.36	159	11.14	redshift
NGC 1387	ESO 358-036|MCG -06-09-007|PGC 13344	54.2377	-35.5066	1.9355e7	m	E-S0	3.01	2.89	110	11.77	CF4
NGC 1404	ESO 358-046|MCG -06-09-013|PGC 13433	54.7162	-35.5942	1.9364e7	m	E	5.01	4.38	163	10.89	CF4
NGC 2442	ESO 059-008|PGC 21373	114.0991	-69.5307	1.9373e7	m	Sbc	4.68	3.09	23	11.44	CF4
NGC 1533	ESO 157-003|PGC 14582	62.466	-56.1185	1.94e7	m	E-S0	3.27	2.04	149	11.79	UNGC SBF
NGC 5247	ESO 577-014|MCG -03-35-011|PGC 48171	204.51267	-17.88403	1.9401e7	z	SABb	5.32	4.26	170	10.77	redshift
NGC 1350	ESO 358-013|MCG -06-08-023|PGC 13059	52.7837	-33.6284	1.9454e7	m	Sab	5.18	2.6	11	11.15	CF4
ESO121-006	PGC 18437	91.8743	-61.8075	1.9454e7	m	Sc	4.17	0.79	42	10.57	CF4
NGC 4699	MCG -01-33-013|PGC 43321	192.2592	-8.6643	1.9454e7	m	SABb	3.99	3.02	35	10.38	CF4
NGC 6217	MCG +13-12-008|PGC 58477|UGC 10470	248.16333	78.19817	1.9512e7	z	Sbc	2.24	1.63	155	11.88	redshift
NGC 685	ESO 152-024|PGC 6581	26.92837	-52.76181	1.9521e7	z	Sc	3.01	2.3	62	11.9	redshift
NGC 1052	MCG -01-07-034|PGC 10175	40.2699	-8.2558	1.9534e7	m	E	2.94	2.07	109	11.45	CF4
NGC 1559	ESO 084-010|PGC 14814	64.3989	-62.7836	1.9579e7	m	SBc	4.19	2.18	63	11.02	CF4
NGC 1326	ESO 357-026|MCG -06-08-011|PGC 12709	50.985	-36.46467	1.9632e7	z	S0-a	4.28	2.93	67	11.4	redshift
NGC 1543	ESO 118-010|PGC 14659	63.18	-57.7377	1.9679e7	m	S0	3.66	0.86	94	11.48	CF4
PGC 26899	UGC 05047	142.2067	51.5605	1.968e7	m						UNGC TF
NGC 1574	ESO 157-022|PGC 14965	65.4951	-56.9748	1.9697e7	m	E-S0	4.13	2.32	2	11.3	CF4
NGC 1042	MCG -02-07-054|PGC 10122	40.09987	-8.43356	1.9701e7	z	SABc	3.87	2.13	1	11.63	redshift
NGC 4251	MCG +05-29-050|PGC 39492|UGC 7338	184.5348	28.1753	1.9806e7	m	S0	2.34	1.23	100	11.63	CF4
NGC 1427	ESO 358-052|MCG -06-09-021|PGC 13609	55.5808	-35.3928	1.9815e7	m	E	4.33	2.87	78	11.78	CF4
NGC 4274	MCG +05-29-060|PGC 39724|UGC 7377	184.9606	29.6143	1.9815e7	m	SBab	3.63	1.7	102	11.32	CF4
NGC 779	MCG -01-06-016|PGC 7544	29.9271	-5.9639	1.9907e7	m	SABb	1.35	0.58	160	11.96	CF4
NGC 4958	MCG -01-33-084|PGC 45313	196.45367	-8.02028	2.0086e7	z	S0	4.79	1.2	7	11.49	redshift
NGC 7727	MCG -02-60-008|PGC 72060	354.9744	-12.2928	2.01e7	m	SABa	3.61	2.75	27	11.57	CF4
NGC 3585	ESO 502-025|MCG -04-27-004|PGC 34160	168.3213	-26.7549	2.0156e7	m	E	6.61	3.27	104	10.81	CF4
NGC 4976	ESO 219-029|PGC 45562	197.15637	-49.50642	2.0172e7	z	E	5.83	3.27	161	10.97	redshift
NGC 4388	MCG +02-32-041|PGC 40581|UGC 7520	186.4451	12.662	2.0184e7	m	SBb	5.38	1.29	91	11.73	CF4
NGC 1380	ESO 358-028|MCG -06-09-002|PGC 13318	54.1149	-34.9761	2.0258e7	m	S0	4.58	2.22	6	10.89	CF4
NGC 6643	MCG +12-17-021|PGC 61742|UGC 11218	274.9431	74.5684	2.0277e7	m	Sc	3.32	1.63	37	11.76	CF4
NGC 584	MCG -01-04-060|PGC 5663	22.8363	-6.8681	2.0361e7	m	E	3.78	2.51	104	11.31	CF4
NGC 4100	MCG +08-22-068|PGC 38370|UGC 7095	181.5358	49.5828	2.037e7	m	Sbc	4.56	1.3	167	11.71	CF4
NGC 2655	MCG +13-07-010|PGC 25069|UGC 4637	133.9109	78.2235	2.0635e7	m	S0-a	3.93	2.06	16	10.98	CF4
NGC 1340	ESO 418-005|MCG -05-09-005|PGC 12923	52.0818	-31.0681	2.0663e7	m	E	5.12	3.12	167	11.22	CF4
NGC 1399	ESO 358-045|MCG -06-09-012|PGC 13418	54.6212	-35.4506	2.074e7	m	E	8.51	7.69	150	10.42	CF4
NGC 1421	MCG -02-10-008|PGC 13620	55.6221	-13.488	2.0749e7	m	Sbc	3.55	0.75	180	11.96	CF4
NGC 613	ESO 413-011|MCG -05-04-044|PGC 5849	23.57571	-29.41836	2.1204e7	z	Sbc	5.48	4.51	125	10.74	redshift
NGC 6951	MCG +11-25-002|PGC 65086|UGC 11604	309.3087	66.1057	2.1311e7	m	SABb	3.19	2.09	149	11.96	CF4
NGC 676	MCG +01-05-034|PGC 6656|UGC 1270	27.23879	5.90753	2.1341e7	z	S0-a	2.75	0.69	173	10.16	redshift
NGC 1187	ESO 480-023|MCG -04-08-016|PGC 11479	45.6567	-22.8672	2.1429e7	m	Sc	4.14	3.02	129	11.37	CF4
NGC 1566	ESO 157-020|PGC 14897	65.00175	-54.93781	2.1568e7	z	SABb	7.23	5	45	10.29	redshift
NGC 1425	ESO 419-004|MCG -05-09-023|PGC 13602	55.5479	-29.8934	2.1577e7	m	Sb	4.91	2.15	130	11.32	CF4
NGC 3245	MCG +05-25-013|PGC 30744|UGC 5663	156.8267	28.5074	2.1617e7	m	S0	3.61	2.3	176	11.66	CF4
IC 5325	ESO 347-018|MCG -07-48-004|PGC 71548	352.18096	-41.33347	2.1624e7	z	Sbc	2.88	2.62	8	11.87	redshift
NGC 7582	ESO 291-016|MCG -07-47-029|PGC 71001	349.5968	-42.37	2.1727e7	m	SBab	6.95	3.18	156	11.36	CF4
NGC 3923	ESO 440-017|MCG -05-28-012|PGC 37061	177.7574	-28.806	2.1777e7	m	E	6.89	4.55	48	10.76	CF4
NGC 3982	MCG +09-20-036|PGC 37520|UGC 6918	179.1173	55.1249	2.1817e7	m	SABb	2.13	1.87	25	11.81	CF4
NGC 7332	MCG +04-53-008|PGC 69342|UGC 12115	339.3522	23.7983	2.1817e7	m	S0	2.95	0.71	154	11.96	CF4
NGC 1964	ESO 554-010|MCG -04-14-003|PGC 17436	83.3406	-21.9457	2.1928e7	m	SABb	5.16	2.33	31	11.53	CF4
NGC 596	MCG -01-05-005|PGC 5766	23.2166	-7.0317	2.2019e7	m	E	2.14	1.58	36	11.85	CF4
NGC 4036	MCG +10-17-125|PGC 37930|UGC 7005	180.3621	61.8957	2.2111e7	m	S0	4.85	2.08	83	11.54	CF4
NGC 3189	MCG +04-24-026|PGC 30083|UGC 5559	154.5263	21.8327	2.2213e7	m	Sa	3.64	1.22	124	11.88	CF4
NGC 6215	ESO 137-046|PGC 59112	252.77838	-58.99347	2.2232e7	z	Sc	2.64	2.34	83	11.89	redshift
PGC 32364	UGC 05923	162.2816	6.9173	2.23e7	m						UNGC TF
NGC 3610	MCG +10-16-107|PGC 34566|UGC 6319	169.6053	58.7862	2.2325e7	m	E	2.39	2.37	135	11.63	CF4
NGC 1832	MCG -03-14-010|PGC 16906	78.0137	-15.6878	2.2336e7	m	Sbc	2.46	0.94	13	11.64	CF4
NGC 2974	MCG +00-25-008|PGC 27762	145.6386	-3.6988	2.2428e7	m	E	3.48	2.13	44	11.88	CF4
NGC 4775	MCG -01-33-043|PGC 43826	193.44042	-6.62217	2.2463e7	z	Scd	2.22	1.96	59	11.53	redshift
NGC 3626	MCG +03-29-032|PGC 34684|UGC 6343	170.0157	18.357	2.2501e7	m	S0-a	2.94	1.94	157	11.8	CF4
NGC 2768	MCG +10-13-065|PGC 25915|UGC 4821	137.9061	60.0373	2.2532e7	m	E	5.64	2.24	93	10.82	CF4
NGC 4527	MCG +01-32-101|PGC 41789|UGC 7721	188.53508	2.65367	2.2613e7	z	SABb	6.3	1.72	69	11.33	redshift
NGC 4365	MCG +01-32-048|PGC 40375|UGC 7488	186.1178	7.3176	2.2636e7	m	E	5.12	3.66	40	10.5	CF4
NGC 3642	MCG +10-16-128|PGC 34889|UGC 6385	170.57454	59.07453	2.2673e7	z	Sbc	4.27	3.65	120	11.71	redshift
NGC 2613	ESO 495-018|MCG -04-21-003|PGC 23997	128.345	-22.9736	2.2688e7	m	Sb	7.62	1.79	113	11.11	CF4
NGC 4589	MCG +12-12-013|PGC 42139|UGC 7797	189.3543	74.1919	2.274e7	m	E	2.93	2.31	84	11.7	CF4
NGC 289	ESO 411-025|MCG -05-03-010|PGC 3089	13.1765	-31.2058	2.2751e7	m	SBbc	3.36	2.51	129	11.7	CF4
NGC 3607	MCG +03-29-020|PGC 34426|UGC 6297	169.2273	18.0519	2.2845e7	m	E-S0	4.59	4.03	120	10.93	CF4
NGC 3608	MCG +03-29-022|PGC 34433|UGC 6299	169.2456	18.1485	2.2951e7	m	E	3.18	2.67	78	11.57	CF4
NGC 3338	MCG +02-27-041|PGC 31883|UGC 5826	160.5315	13.7469	2.3067e7	m	Sc	1.23	0.71	98	11.44	CF4
NGC 2217	ESO 489-042|MCG -05-15-010|PGC 18883	95.4155	-27.2337	2.3078e7	m	S0-a	4.63	4.12	113	11.63	CF4
NGC 2822	ESO 061-004|PGC 26026	138.45717	-69.64483	2.3114e7	z	E	3.96	2.72	94	11.62	redshift
NGC 4750	MCG +12-12-019|PGC 43426|UGC 7994	192.53029	72.87464	2.3144e7	z	Sab	2.4	2.06	142	11.79	redshift
NGC 7552	ESO 291-012|MCG -07-47-028|PGC 70884	349.04483	-42.58475	2.3157e7	z	Sab	3.88	3.58	95	11.19	redshift
PGC 37838	KUG 1157+315	180.0674	31.225	2.32e7	m						UNGC TF
NGC 150	ESO 410-019|MCG -05-02-018|PGC 2052	8.5646	-27.8037	2.3281e7	m	SBb	3.54	1.6	117	11.97	CF4
NGC 2566	ESO 495-003|MCG -04-20-008|PGC 23303	124.69025	-25.49953	2.3332e7	z	Sb	3.98	2.75	56	11.79	redshift
NGC 1367	ESO 482-010|MCG -04-09-029|PGC 13255	53.7553	-24.9332	2.3367e7	m	Sa	4.88	3.26	134	11.59	CF4
NGC 1537	ESO 420-012|MCG -05-11-005|PGC 14695	63.4196	-31.6453	2.3486e7	m	E	4.35	2.76	102	11.47	CF4
NGC 4125	MCG +11-15-027|PGC 38524|UGC 7118	182.025	65.1741	2.3529e7	m	E	5.87	4.58	95	10.64	CF4
NGC 821	MCG +02-06-034|PGC 8160|UGC 1631	32.088	10.995	2.3594e7	m	E	2.45	2.1	26	11.76	CF4
NGC 7496	ESO 291-001|MCG -07-47-020|PGC 70588	347.44704	-43.42794	2.3607e7	z	Sb	3.4	2.17	169	11.89	redshift
NGC 4027	ESO 572-037|MCG -03-31-008|PGC 37773	179.87571	-19.26522	2.3808e7	z	SBd	3.54	2.8	163	11.58	redshift
NGC 1332	ESO 548-018|MCG -04-09-011|PGC 12838	51.5716	-21.3353	2.3834e7	m	E-S0	5.31	3.84	121	11.2	CF4
NGC 4698	MCG +02-33-024|PGC 43254|UGC 7970	192.0954	8.4875	2.3933e7	m	Sab	3.81	1.55	170	11.48	CF4
NGC 1232	ESO 547-014|MCG -04-08-032|PGC 11819	47.43962	-20.57931	2.4031e7	z	SABc	6.79	5.77	101	10.56	redshift
NGC 2859	MCG +06-21-030|PGC 26649|UGC 5001	141.07721	34.5135	2.4043e7	z	S0-a	3.19	2.78	85	11.87	redshift
NGC 4995	MCG -01-34-007|PGC 45643	197.4195	-7.8332	2.4155e7	m	SABb	2.43	1.49	99	11.92	CF4
NGC 1395	ESO 482-019|MCG -04-09-039|PGC 13419	54.6237	-23.0275	2.4277e7	m	E	4.71	3.97	105	10.6	CF4
NGC 1201	ESO 480-028|MCG -04-08-023|PGC 11559	46.03325	-26.06964	2.4287e7	z	E-S0	3.41	1.96	8	11.7	redshift
NGC 4030	MCG +00-31-016|PGC 37845|UGC 6993	180.0983	-1.1	2.4322e7	m	Sbc	3.78	2.65	19	11.15	CF4
NGC 5061	ESO 508-038|MCG -04-31-048|PGC 46330	199.5213	-26.8371	2.4333e7	m	E	3.75	3.05	109	11.21	CF4
IC 3247	MCG +05-29-077|PGC 40205|UGC 7459	185.8081	28.8938	2.44e7	m	Sc	1.86	0.26	174	15.4	UNGC TF
NGC 1302	ESO 481-020|MCG -04-08-058|PGC 12431	49.96325	-26.06044	2.4407e7	z	S0-a	4.27	3.9	170	11.59	redshift
NGC 7412	ESO 290-024|MCG -07-47-004|PGC 70027	343.94063	-42.64203	2.4467e7	z	SBb	3.79	2.79	75	11.77	redshift
NGC 4753	MCG +00-33-016|PGC 43671|UGC 8009	193.0918	-1.1995	2.4479e7	m	S0-a	6.49	3.06	86	10.57	CF4
NGC 1400	ESO 548-062|MCG -03-10-022|PGC 13470	54.8786	-18.6882	2.45e7	m	E	2.81	2.52	43	11.93	UNGC SBF
NGC 3169	MCG +01-26-026|PGC 29855|UGC 5525	153.562	3.4663	2.4694e7	m	Sa	4.34	2.65	49	11.25	CF4
NGC 3136	ESO 092-008|PGC 29311	151.4506	-67.378	2.4706e7	m	E	4.2	2.94	27	11.7	CF4
NGC 7144	ESO 237-011|PGC 67557	328.1771	-48.2539	2.482e7	m	E	3.41	3.2	10	11.69	CF4
NGC 7507	ESO 469-019|MCG -05-54-022|PGC 70676	348.0315	-28.5397	2.4934e7	m	E	3.33	3.2	90	11.37	CF4
NGC 5846	MCG +00-38-025|PGC 53932|UGC 9706	226.6218	1.6063	2.5073e7	m	E	4.27	4.05	35	11.1	CF4
NGC 7213	ESO 288-043|PGC 68165	332.31796	-47.16661	2.5135e7	z	Sa	4.84	3.89	121	10.99	redshift
NGC 2280	ESO 427-002|MCG -05-16-020|PGC 19531	101.2045	-27.6385	2.5177e7	m	Sc	6.53	2.84	164	11.06	CF4
NGC 5713	MCG +00-37-022|PGC 52412|UGC 9451	220.04796	-0.28897	2.5251e7	z	SABb	2.47	1.7	11	11.62	redshift
NGC 2805	MCG +11-12-003|PGC 26410|UGC 4936	140.08504	64.10278	2.5354e7	z	SABc	3.39	2.76	154	11.79	redshift
NGC 5483	ESO 271-019|MCG -07-29-008|PGC 50600	212.60429	-43.32461	2.5358e7	z	Sc	3.42	3.08	16	11.93	redshift
NGC 5054	MCG -03-34-039|PGC 46247	199.2437	-16.6347	2.5386e7	m	Sbc	5.04	2.9	171	11.64	CF4
NGC 7531	ESO 291-010|MCG -07-47-025|PGC 70800	348.7019	-43.6	2.541e7	m	SABb	4.11	1.72	17	11.97	CF4
NGC 1398	ESO 482-022|MCG -04-09-040|PGC 13434	54.7172	-26.3379	2.5763e7	m	SBab	6.95	4.91	100	10.55	CF4
NGC 4536	MCG +00-32-023|PGC 41823|UGC 7732	188.61271	2.18814	2.5825e7	z	SABb	7.08	2.55	121	11.07	redshift
NGC 5576	MCG +01-37-007|PGC 51275|UGC 9183	215.2654	3.271	2.587e7	m	E	2.83	1.87	91	11.79	CF4
NGC 6384	MCG +01-45-001|PGC 60459|UGC 10891	263.1009	7.0603	2.6522e7	m	Sbc	2.45	1.11	20	11.62	CF4
PGC025886		137.70608	-8.89069	2.6767e7	z	SABb	5.75	0.83	30	11.93	redshift
NGC 4105	ESO 440-054|MCG -05-29-013|PGC 38411	181.6701	-29.7602	2.7089e7	m	E	4.33	3.41	136	11.57	CF4
NGC 720	MCG -02-05-068|PGC 6983	28.2522	-13.7386	2.7202e7	m	E	4.49	2.37	142	11.14	CF4
NGC 3640	MCG +01-29-033|PGC 34778|UGC 6368	170.2788	3.2348	2.734e7	m	E	4.33	3.81	98	11.34	CF4
NGC 524	MCG +01-04-053|PGC 5222|UGC 968	21.1987	9.5388	2.7542e7	m	S0-a	3.37	3.35	55	11.4	CF4
IC 3370	ESO 322-014|MCG -06-27-029|PGC 40887	186.9047	-39.3379	2.7555e7	m	E	3.12	2.29	53	11.99	CF4
NGC 772	MCG +03-06-011|PGC 7525|UGC 1466	29.8317	19.0075	2.7568e7	m	Sb	4.57	2.52	131	10.71	CF4
NGC 986	ESO 299-007|MCG -07-06-015|PGC 9747	38.39312	-39.04506	2.8292e7	z	Sab	3.77	3.03	52	11.65	redshift
NGC 3898	MCG +09-19-204|PGC 36921|UGC 6787	177.3136	56.0838	2.8379e7	m	Sab	3.47	2.11	107	11.26	CF4
NGC 3665	MCG +07-24-003|PGC 35064|UGC 6426	171.18196	38.76286	2.848e7	z	S0	4.06	3	29	11.78	redshift
NGC 1407	ESO 548-067|MCG -03-10-030|PGC 13505	55.0494	-18.5804	2.8734e7	m	E	5.73	5.27	60	10.69	CF4
NGC 3904	ESO 440-013|MCG -05-28-009|PGC 36918	177.3049	-29.2768	2.8761e7	m	E	3.47	2.51	11	11.79	CF4
NGC 3065	MCG +12-10-014|PGC 29046|UGC 5375	150.48008	72.17033	2.89e7	z	S0	1.87	1.78	160	11.76	redshift
NGC 5746	MCG +00-38-005|PGC 52665|UGC 9499	221.2334	1.9547	2.8907e7	m	Sb	7.24	1.08	172	11.34	CF4
IC 1459	ESO 406-030|MCG -06-50-016|PGC 70090	344.2941	-36.4622	2.9161e7	m	E	4.61	3.23	43	10.94	CF4
NGC 6868	ESO 233-039|PGC 64192	302.4755	-48.3796	2.9526e7	m	E	3.58	3.13	81	11.66	CF4
NGC 7723	MCG -02-60-005|PGC 72009	354.7379	-12.9613	2.958e7	m	SBb	3.29	2.32	55	11.94	CF4
NGC 3223	ESO 375-012|MCG -06-23-023|PGC 30308	155.3963	-34.2668	2.9909e7	m	Sb	4.28	2.79	132	11.78	CF4
NGC 2292	ESO 490-048|MCG -04-16-022|PGC 19617	101.91521	-26.74625	3.0121e7	z	S0	4.34	3.78	154	11.83	redshift
NGC 2986	ESO 566-005|MCG -03-25-019|PGC 27885	146.0667	-21.2782	3.013e7	m	E	4.81	3.85	42	11.69	CF4
NGC 2663	ESO 371-014|MCG -06-20-001|PGC 24590	131.28437	-33.79475	3.0313e7	z	E	3.9	2.75	111	11.88	redshift
NGC 4261	MCG +01-31-052|PGC 39659|UGC 7360	184.8459	5.825	3.0395e7	m	E	4.25	3.35	160	11.18	CF4
NGC 7049	ESO 236-001|PGC 66549	319.7464	-48.5629	3.0395e7	m	S0	3.94	2.69	64	11.67	CF4
NGC 3613	MCG +10-16-109|PGC 34583|UGC 6323	169.6506	57.9999	3.0535e7	m	E	3.55	1.78	100	11.74	CF4
NGC 5322	MCG +10-20-035|PGC 49044|UGC 8745	207.3134	60.1904	3.0775e7	m	E	5.62	3.49	95	11.05	CF4
NGC 5566	MCG +01-37-002|PGC 51233|UGC 9175	215.0828	3.9333	3.1117e7	m	SBab	5.36	2.08	35	11.42	CF4
NGC 7479	MCG +02-58-060|PGC 70419|UGC 12343	346.2362	12.3228	3.1261e7	m	SBbc	3.65	2.72	26	11.73	CF4
NGC 2336	MCG +13-06-006|PGC 21033|UGC 3809	111.7669	80.1781	3.1696e7	m	Sbc	5.01	2.81	175	11.19	CF4
NGC 1309	MCG -03-09-028|PGC 12626	50.5275	-15.4	3.1827e7	m	Sbc	2.39	2.24	175	11.96	CF4
NGC 488	MCG +01-04-033|PGC 4946|UGC 907	20.44521	5.25672	3.2459e7	z	Sb	5.05	3.66	13	11.13	redshift
NGC 5813	MCG +00-38-016|PGC 53643|UGC 9655	225.297	1.702	3.2509e7	m	E	4.13	2.7	143	11.52	CF4
NGC 5044	MCG -03-34-034|PGC 46115	198.8499	-16.385	3.2719e7	m	E	3.66	3.17	41	11.58	CF4
NGC 2196	ESO 556-004|MCG -04-15-014|PGC 18602	93.04021	-21.80594	3.3191e7	z	Sa	2.77	2.16	45	11.96	redshift
NGC 3504	MCG +05-26-039|PGC 33371|UGC 6118	165.7963	27.9725	3.3636e7	m	Sab	2.48	2.24	150	11.62	CF4
NGC 5676	MCG +08-26-043|PGC 51978|UGC 9366	218.1953	49.4579	3.3806e7	m	Sc	3.59	1.61	46	11.87	CF4
NGC 3193	MCG +04-24-027|PGC 30099|UGC 5562	154.6037	21.894	3.4104e7	m	E	2.36	2.16	20	11.99	CF4
NGC 5353	MCG +07-29-010|PGC 49356|UGC 8813	208.3614	40.2831	3.4229e7	m	S0	2.37	1.18	152	11.99	CF4
NGC 6907	ESO 528-003|MCG -04-48-006|PGC 64650	306.2776	-24.8094	3.4387e7	m	Sbc	3.33	2.68	67	11.92	CF4
NGC 7410	ESO 346-012|MCG -07-47-002|PGC 69994	343.7536	-39.6613	3.4435e7	m	SBa	6.01	1.77	43	11.24	CF4
NGC 5838	MCG +00-38-022|PGC 53862|UGC 9692	226.3596	2.0995	3.4451e7	m	E-S0	3.86	1.29	40	11.79	CF4
NGC 7083	ESO 107-036|PGC 67023	323.9358	-63.9027	3.4594e7	m	SBbc	3.56	1.98	6	11.9	CF4
NGC 7184	ESO 601-009|MCG -04-52-009|PGC 67904	330.6658	-20.813	3.4754e7	m	SBc	5.98	1.26	61	11.7	CF4
NGC 2139	ESO 488-054|MCG -04-15-005|PGC 18258	90.2833	-23.6724	3.5727e7	m	Sc	2.94	2.16	124	11.98	CF4
NGC 4593	MCG -01-32-032|PGC 42375	189.91429	-5.34425	3.5735e7	z	Sb	2.4	2.04	38	11.88	redshift
NGC 5018	ESO 576-010|MCG -03-34-017|PGC 45908	198.2543	-19.5182	3.5859e7	m	E	3.49	2.17	99	11.68	CF4
NGC 5371	MCG +07-29-020|PGC 49514|UGC 8846	208.91642	40.46175	3.6403e7	z	Sbc	3.98	2.45	7	11.28	redshift
NGC 5850	MCG +00-39-002|PGC 53979|UGC 9715	226.78204	1.54425	3.6489e7	z	Sb	3.35	2.37	119	11.89	redshift
NGC 7606	MCG -02-59-012|PGC 71047	349.7699	-8.4851	3.6559e7	m	Sb	5.26	4.47	145	11.59	CF4
NGC 4696	ESO 322-091|MCG -07-26-051|PGC 43296	192.2055	-41.3111	3.6661e7	m	E	3.85	2.56	88	11.59	CF4
NGC 3962	MCG -02-30-040|PGC 37366	178.6671	-13.9749	3.6881e7	m	E	4.17	3	10	11.61	CF4
NGC 4902	MCG -02-33-092|PGC 44847	195.24887	-14.51364	3.7761e7	z	Sb	2.63	2.37	78	11.8	redshift
NGC 5427	MCG -01-36-003|PGC 50084	210.85854	-6.03081	3.9016e7	z	SABc	3.61	3.27	178	11.96	redshift
NGC 3147	MCG +12-10-025|PGC 30019|UGC 5532	154.2237	73.4007	3.9664e7	m	Sbc	4.11	3.55	152	11.26	CF4
IC 2163	ESO 556-009|MCG -04-15-021|PGC 18751	94.11658	-21.37586	3.9684e7	z	Sc	3.37	0.95	103	11.74	redshift
NGC 6902	ESO 285-008|MCG -07-42-002|PGC 64632	306.11725	-43.65353	4.0099e7	z	SBab	2.69	2.11	158	11.98	redshift
NGC 3348	MCG +12-10-077|PGC 32216|UGC 5875	161.79167	72.83967	4.0502e7	z	E	2.13	2.13	65	11.94	redshift
NGC 4939	MCG -02-33-104|PGC 45170	196.0598	-10.3394	4.0644e7	m	Sbc	5.71	2.3	6	11.89	CF4
NGC 5982	MCG +10-22-029|PGC 55674|UGC 9961	234.66596	59.35583	4.1371e7	z	E	3.07	2	110	11.98	redshift
NGC 3557	ESO 377-016|MCG -06-25-005|PGC 33871	167.4904	-37.5393	4.3231e7	m	E	4.36	3.43	32	11.41	CF4
NGC 4936	ESO 443-047|MCG -05-31-028|PGC 45174	196.07037	-30.52625	4.3894e7	z	E	2.85	2.43	6	11.95	redshift
NGC 3690B	PGC 35321|UGC 6472	172.14012	58.56294	4.4374e7	z	SBm	2.4	1.86	41	11.68	redshift
NGC 6753	ESO 184-022|PGC 62870	287.8485	-57.04956	4.5059e7	z	Sb	2.97	2.6	25	11.91	redshift
NGC 5557	MCG +06-31-093|PGC 51104|UGC 9161	214.6068	36.4939	4.8062e7	m	E	2.28	1.12	97	11.93	CF4
NGC 4373	ESO 322-006|MCG -06-27-025|PGC 40498	186.32425	-39.75972	4.8601e7	z	E-S0	3.98	2.11	54	11.9	redshift
NGC 5985	MCG +10-22-030|PGC 55725|UGC 9969	234.9039	59.3314	4.8865e7	m	Sb	3.98	2.01	15	11.95	CF4
IC 4296	ESO 383-039|MCG -06-30-016|PGC 48040	204.16262	-33.96583	5.3967e7	z	E	4.62	2.43	42	11.57	redshift
NGC 3646	MCG +03-29-037|PGC 34836|UGC 6376	170.4296	20.1698	5.4576e7	m	Sc	3.09	1.48	45	11.76	CF4
NGC 5419	ESO 384-039|MCG -06-31-019|PGC 50100	210.9107	-33.979	5.4601e7	m	E	3.98	2.95	78	11.9	CF4
NGC 6876	ESO 073-035|PGC 64447	304.57979	-70.85881	5.5153e7	z	E	3.46	3	110	11.94	redshift
NGC 1961	MCG +12-06-007|PGC 17625|UGC 3334	85.5199	69.3787	6.6527e7	m	SABb	4.42	3.1	85	11.79	CF4
NGC 1600	MCG -01-12-017|PGC 15406	67.9161	-5.0861	7.0081e7	m	E	3.33	2.02	5	11.94	CF4
Milky Way		266.41667	-29.00778	10000	m	4				-4.6	UNGC geom
Segue 1		151.76333	16.07361	20000	m	-3	7			16.21	UNGC CMD
Sag dSph		283.76292	-30.47833	20000	m	-3	446.7			4.5	UNGC TRGB
Segue 3		320.37917	19.11722	20000	m	-3	1.3			15.9	UNGC CMD
Segue 2		34.81667	20.17528	30000	m	-3	5.4			16.2	UNGC TRGB
UMa II		132.875	63.13	30000	m	-2	25.3			14.8	UNGC TRGB
Willman 1		162.3375	51.05	40000	m	-2	3.7			16.04	UNGC CMD
ComaI		186.74583	23.90417	40000	m	-3	9.5			14.98	UNGC HB
BootesII		209.5	12.83333	40000	m	-2	6.7			16.32	UNGC CMD
BootesIII		209.28083	26.775	50000	m	-3	56			12.6	UNGC HB
UMin		227.29708	67.21444	60000	m	-3	30.2			11.9	UNGC TRGB
BootesI		210	14.5	70000	m	-2	20			13.66	UNGC HB
Draco		260.00583	57.90944	80000	m	-3	35.48			10.9	UNGC TRGB
Sculptor		15.03917	-33.70917	90000	m	-3	39.81			10.05	UNGC TRGB
Carina		100.40292	-50.96611	1e5	m	-3	24.55			11.3	UNGC TRGB
UMa I		158.72	51.92	1e5	m	-3	18			15.29	UNGC TRGB
Fornax		39.97792	-34.52583	1.4e5	m	-3	17.78			9.28	UNGC TRGB
Hercules		247.75833	12.79167	1.5e5	m	-3	13.5			15	UNGC HB
LeoIV		173.2375	-0.53333	1.6e5	m	-3	7.3			16.9	UNGC HB
CVnII		194.29167	34.32083	1.6e5	m	-3	2.5			16.95	UNGC HB
LeoV		172.79	2.22	1.8e5	m	-3	4.1			17.6	UNGC CMD
PiscesII		344.62917	5.9525	1.8e5	m	-3	1.8			17.2	UNGC HB
CVnI		202.01458	33.55583	2.2e5	m	-3	14.3			13.94	UNGC TRGB
LeoT		143.7225	17.05139	4.2e5	m	10	2.09			16.5	UNGC TRGB
And XVI		14.87417	32.37667	5.2e5	m	-3	1.78			15.7	UNGC TRGB
Bol 520		12.67667	32.91639	6.3e5	m	-3	0.2			16.28	UNGC TRGB
And II		19.12417	33.41917	6.5e5	m	-3	2.82			15.1	UNGC TRGB
And XXVIII		338.17167	31.21611	6.5e5	m	-1	1.7			16.7	UNGC TRGB
And I		11.41667	38.03722	7.3e5	m	-3	2.88			13.9	UNGC TRGB
And XI		11.58333	33.80139	7.3e5	m	-3	1.1			18.5	UNGC RR
And III		8.89083	36.49778	7.5e5	m	-3	3.63			15.2	UNGC TRGB
And XV		18.57792	38.1175	7.6e5	m	-3	1.9			15.9	UNGC TRGB
And V		17.57125	47.62806	8.1e5	m	-3	2.4			15.92	UNGC TRGB
Peg dSph		357.94333	24.58611	8.2e5	m	-3	3.98			14.17	UNGC RR
And XXVII		9.36292	45.38694	8.3e5	m	-3	2.8			17.6	UNGC HB
And XII		11.8625	34.37472	8.3e5	m	-3	1.9			18.7	UNGC TRGB
And XIII		12.9625	33.00444	8.4e5	m	-3	1.3			18.2	UNGC RR
And XIX		4.88375	35.04361	9.3e5	m	-3	6.2			16.8	UNGC TRGB
IC 5152		330.67458	-51.29528	1.97e6	m	9	7.08			11.03	UNGC TRGB
LeoP		155.43792	18.08806	2e6	m	10	0.55			17.2	UNGC txt
NGC 0055		3.78542	-39.22028	2.13e6	m	8	37.15			8.84	UNGC TRGB
IC 3104		184.69208	-79.72611	2.27e6	m	9	3.72			13.65	UNGC TRGB
LV J1213+2957		183.45167	29.95889	2.68e6	m	10	0.47			17.4	UNGC h
UGC 08508		202.685	54.91	2.69e6	m	10	2.14			14.12	UNGC TRGB
DDO 125		186.92417	43.49389	2.74e6	m	9	3.89			12.95	UNGC TRGB
Dw 1		44.23375	58.91167	2.8e6	m	3	2			15.01	UNGC TF
KKH 11		36.14583	56.01167	3e6	m	10	1.66			16.2	UNGC mem
KKH 12		36.8625	57.48778	3e6	m	10	1.7			17.8	UNGC mem
MB 1		38.89833	59.37972	3e6	m	10	1.07			17.8	UNGC mem
Dw 2		43.53542	59.00528	3e6	m	10	1			17.97	UNGC mem
MB 3		43.93167	58.86167	3e6	m	10	1.58			19.38	UNGC mem
HIZSS 021		116.56875	-28.46972	3e6	m	10	0.8			17.5	UNGC h
Maffei 1		39.14792	59.655	3.01e6	m	-3	2.69			13.47	UNGC FP
NGC 1569		67.70458	64.84806	3.06e6	m	8	3.98			11.79	UNGC TRGB
UGC 04483		129.2625	69.77528	3.21e6	m	10	1.32			14.95	UNGC TRGB
DDO 183		207.71292	38.02111	3.22e6	m	10	2.4			14.45	UNGC TRGB
ESO 325-011		206.25333	-41.85889	3.4e6	m	10	3.16			14.02	UNGC TRGB
HIPASS J0630+08		97.5375	8.37694	3.55e6	m	10					UNGC h
NGC 2976		146.815	67.91361	3.56e6	m	7	5.75			11.01	UNGC TRGB
ClumpI		149.33833	68.71528	3.6e6	m	10	0.18			19.8	UNGC mem
ClumpIII		150.16833	68.66028	3.6e6	m	10	0.1			19.8	UNGC mem
[KK2000] 51		191.08958	-42.93972	3.6e6	m	10	0.55			17.3	UNGC mem
[KK2000] 58		206.50333	-36.32889	3.6e6	m	-3	0.93			17.41	UNGC mem
ESO 174-001		206.99042	-53.35111	3.6e6	m	10	2.45			14.2	UNGC TF
MESSIER 081		148.88958	69.06667	3.63e6	m	3	28.18			7.79	UNGC Cep
HIJASS J1021+6842		155.25083	68.7	3.7e6	m	11					UNGC mem
F 8D1		146.20833	67.47556	3.77e6	m	-3	2.19			15.7	UNGC TRGB
GARLAND		150.925	68.69333	3.82e6	m	10	3.98			16.8	UNGC TRGB
IC 2574		157.09333	68.41611	4.02e6	m	8	13.18			10.8	UNGC TRGB
LV J1228+4358		187.18708	43.97167	4.07e6	m	10	3.98			14.2	UNGC TRGB
DDO 167		198.345	46.31972	4.19e6	m	10	1.1			15.45	UNGC TRGB
UGC 07298		184.11917	52.22722	4.21e6	m	10	0.85			15.95	UNGC TRGB
UGCA 442		355.94167	-31.95917	4.27e6	m	8	6.31			13.6	UNGC TRGB
ESO 219-010		194.04	-50.14389	4.29e6	m	-3	0.68			16.42	UNGC SBF
KK 180		196.12458	17.75889	4.4e6	m	-2	0.89			17.3	UNGC mem
NGC 4236		184.18042	69.46556	4.45e6	m	8	21.88			10.05	UNGC TRGB
KK 109		176.79667	43.67194	4.51e6	m	10	0.45			18.1	UNGC TRGB
UGC 07596		187.14125	8.63972	4.6e6	m	10	1.58			14.9	UNGC TF
[KK2000] 54		200.385	-31.88639	4.6e6	m	10	0.66			18.13	UNGC mem
KK 198		200.73375	-33.57278	4.6e6	m	-3	0.5			17.65	UNGC mem
AM 1320-230		200.87458	-23.39306	4.6e6	m	-3	0.69			17.53	UNGC mem
ESO 444-084		204.33417	-28.04611	4.61e6	m	10	1.35			15.06	UNGC TRGB
KKH 78		184.43542	33.34528	4.7e6	m	10	0.45			17.7	UNGC mem
VCC 0381		184.97542	6.66583	4.71e6	m	10	0.78			16.67	UNGC h
KDG 218		196.43333	-7.75556	5e6	m	-1	1.82			16.8	UNGC txt
CGCG 189-050		199.27042	37.9525	5.04e6	m	9	0.85			15.6	UNGC h
KKSG 19		156.11792	-12.4325	5.11e6	m	10	0.69			16.79	UNGC h
KK 49		85.42292	6.68167	5.15e6	m	9	1.15			16.1	UNGC h
UGC 07636		187.50417	7.92944	5.2e6	m	10	0.89			14.9	UNGC TF
UGC 02773		53.02958	47.79361	5.4e6	m	9	1.2			15	UNGC h
KK 165		192.21958	31.97028	5.4e6	m	-1	0.72			17.5	UNGC mem
ESO 381-020		191.50167	-33.83806	5.45e6	m	10	2.82			14.44	UNGC TRGB
A 0554+07		89.40292	7.49194	5.5e6	m	10	0.72			18.4	UNGC BS
BTS 76		179.68375	27.585	5.57e6	m	10	0.6			16.5	UNGC h
KKH 46		137.1525	5.29222	5.6e6	m	10	0.6			17.05	UNGC h
UGC 05456		151.83208	10.36222	5.6e6	m	9	1.62			13.84	UNGC TRGB
HIPASS J1526-51		231.59542	-51.17528	5.68e6	m	10				19.5	UNGC h
MAPS 1231+42		187.7875	42.09417	5.8e6	m	10	0.33			17.8	UNGC mem
UGC 02905		59.2525	16.52444	5.83e6	m	10	1			15.76	UNGC BS
KK 251		307.63333	60.35361	5.89e6	m	10	1.58			16.5	UNGC BS
KK 252		307.88583	60.81333	5.89e6	m	10	0.89			16.7	UNGC BS
KKR 55		311.33667	60.41111	5.89e6	m	10	0.6			17	UNGC BS
KKR 56		312.10042	58.61833	5.89e6	m	10	0.71			17.6	UNGC BS
KKR 59		315.85083	57.28722	5.89e6	m	8	2.29			15.7	UNGC BS
KKR 60		316.47083	57.20528	5.9e6	m	10	0.71			18	UNGC mem
ESO 149-003		358.01167	-52.5775	5.9e6	m	10	2.63			15.05	UNGC TF
LV J1217+3231		184.38333	32.5325	5.93e6	m	9	0.66			18.2	UNGC h
KDG 216		194.10417	15.08583	6e6	m	-3	1.12			16.9	UNGC txt
Cepheus 1		312.79042	56.89	6e6	m	8	3.02			15.4	UNGC mem
HIPASS J1441-62		220.42792	-62.76722	6.02e6	m	10	0.3			20.5	UNGC h
LV J0944-2254		146.08375	-22.91611	6.05e6	m	9	0.32			16.83	UNGC h
LV J0939-2507		144.89583	-25.12639	6.15e6	m	10	0.63			15.5	UNGC h
LV J1158+1535		179.66833	15.59278	6.27e6	m	10	0.32			18.2	UNGC h
KK 138		185.49333	28.24278	6.3e6	m	10	0.42			18.7	UNGC mem
HIPASS J0801-21		120.35583	-21.9975	6.34e6	m	10	0.48			17.2	UNGC h
UGC 08061		194.18083	11.93111	6.49e6	m	10	0.83			15.97	UNGC h
CVnHI		185.18083	46.20917	6.5e6	m	11					UNGC h
HIPASS J1258-04		194.70667	-4.88861	6.5e6	m	10	0.85			15.26	UNGC TF
PGC 170257		202.3375	-21.17917	6.5e6	m	9	0.93			15.33	UNGC mem
KUG 1202+286		181.34708	28.36556	6.69e6	m	8	0.89			15.2	UNGC h
HIPASS J1131-31		172.89667	-31.67222	6.7e6	m	10	1			17	UNGC mem
LV J1205+2813		181.3925	28.23222	6.74e6	m	8	0.69			16.7	UNGC h
LV J1021+0054		155.41208	0.9	6.78e6	m	10	0.42			17.5	UNGC h
KK 152		188.35375	33.35139	6.9e6	m	10	1.07			16.3	UNGC TF
ESO 501-023		158.84667	-24.75417	7e6	m	8	3.47			13.2	UNGC TF
UGC 03476		97.62167	33.30194	7.01e6	m	10	1.48			15.98	UNGC BS
CGCG 262-028		116.88375	51.19139	7.1e6	m	9	1			14.8	UNGC h
KK 78		147.58167	31.45667	7.1e6	m	10	0.41			17.68	UNGC mem
LV J1000+3032		150.15208	30.53611	7.1e6	m	10	0.28			18.06	UNGC TF
DDO 064		147.59333	31.4875	7.11e6	m	10	2.19			14.46	UNGC BS
UGC 03303		81.24792	4.505	7.14e6	m	8	5.62			13.95	UNGC BS
UGC 07639		187.47083	47.53	7.14e6	m	9	2.14			14.13	UNGC SBF
KK 13		25.57	26.36778	7.2e6	m	10	0.71			16.57	UNGC mem
UGC 1561		31.02083	24.20778	7.2e6	m	9	2.34			14.51	UNGC TF
HIZSS 012		112.53458	-22.01694	7.2e6	m	8	3.2			19	UNGC h
VCC 1713		189.37125	4.75139	7.2e6	m	9	0.58			15.86	UNGC TF
AGC 732602		200.27	24.14333	7.2e6	m	10	0.62			17.1	UNGC TF
HIPASS J0705-20		106.4375	-20.99167	7.23e6	m	0					UNGC h
UGC 01056		22.19667	16.68806	7.3e6	m	9	1			14.81	UNGC mem
LV J0935-1348		143.84	-13.81444	7.3e6	m	9	0.42			16.6	UNGC h
LV J1241+3251		190.44708	32.85778	7.3e6	m	10	0.79			16.4	UNGC mem
LV J1243+3232		190.93583	32.53444	7.3e6	m	-1	0.35			19	UNGC mem
DDO 161		195.82	-17.42306	7.3e6	m	8	7.94			13.5	UNGC TF
HIZSS 014		114.09417	-19.49444	7.35e6	m	9	0.4			18.4	UNGC h
MCG +09-16-010		140.82083	51.97306	7.35e6	m	8	0.92			16.2	UNGC h
CGCG 095-078		164.50917	19.50528	7.37e6	m	9	0.84			15.6	UNGC h
LV J1207+3133		181.95833	31.55222	7.37e6	m	8	0.64			17.5	UNGC h
UGC 01171		24.92333	15.90306	7.38e6	m	10	1.29			15.71	UNGC BS
ESO 483-013		63.17125	-23.15889	7.4e6	m	9	1.58			14.06	UNGC TF
NGC 2188		92.53958	-34.10611	7.4e6	m	8	4.68			12.14	UNGC TF
CGMW 2-3473		126.30375	-28.14028	7.4e6	m	9	0.78			15.22	UNGC TF
LV J1354+5438		208.71083	54.64722	7.41e6	m	11					UNGC mem
HIZSS 008		111.34167	-24.47528	7.43e6	m	7	1.35			16.9	UNGC h
MAPS 1206+31		181.64375	31.3425	7.43e6	m	8	0.71			15.8	UNGC h
LV J1342+4840		205.58375	48.6825	7.44e6	m	9	0.78			16.3	UNGC h
MCG +05-28-046		178.84792	28.34	7.45e6	m	9	1.2			16.35	UNGC h
LV J1203+4739		180.75	47.65417	7.49e6	m	10	0.94			17.2	UNGC h
VCC 1675		189.14583	8.05472	7.5e6	m	9	1.41			14.8	UNGC TF
ESO 565-003		140.79125	-20.1675	7.52e6	m	10	0.72			15.53	UNGC h
LV J1028+4240		157.1375	42.66889	7.55e6	m	10	0.48			17.4	UNGC h
LV J1203+3257		180.79542	32.95611	7.55e6	m	8	0.97			16.7	UNGC h
KDG 105		185.42917	37.98722	7.6e6	m	10	0.83			16.7	UNGC TF
MCG +08-25-028		204.18667	44.59917	7.74e6	m	10	0.95			15.9	UNGC h
LV J0300+2546		45.16375	25.78222	7.8e6	m	10	0.35			18.1	UNGC mem
LV J1030+0607		157.68458	6.12722	7.8e6	m	10	0.71			16.8	UNGC TF
LV J1217+4703		184.29208	47.06361	7.8e6	m	10	0.3			18.5	UNGC mem
KK 134		184.89083	47.45167	7.8e6	m	-3	0.37			17	UNGC mem
d 1219+4705		184.90333	47.0925	7.8e6	m	-3	0.29			18.6	UNGC mem
[KKH2011]S11		185.12542	47.49028	7.8e6	m	-3	0.28			20.5	UNGC mem
KK 136		185.16917	47.00083	7.8e6	m	-3	0.47			17.5	UNGC mem
d 1220+4649		185.22917	46.82917	7.8e6	m	-3	0.25			19.4	UNGC mem
BTS 132		185.9425	47.65889	7.8e6	m	-3	0.39			18.4	UNGC mem
MCG -04-31-038		197.4025	-27.14056	7.8e6	m	10	1.02			15.09	UNGC TF
MAPS 1249+44		192.37917	44.35917	7.84e6	m	9	0.47			17.1	UNGC h
KDG 010		25.9225	15.68972	7.87e6	m	10	1.45			16.28	UNGC BS
KUG 0937+480		145.08167	47.77722	7.88e6	m	9	0.85			17	UNGC h
VCC 0841		186.44583	14.95194	7.9e6	m	9	1.1			15.5	UNGC TF
UGC 7751		188.79917	41.06083	7.9e6	m	9	1.21			16.5	UNGC TF
MCG -03-34-002		196.98583	-16.68917	7.9e6	m	9	1.23			14.79	UNGC TF
UGC 12588		351.17667	41.34806	7.9e6	m	8	1.86			14.11	UNGC mem
HIPASS J0905-36		136.5	-36.06	7.93e6	m	10	0.5			17.4	UNGC h
LV J1000+5022		150.10625	50.37917	7.97e6	m	9	0.58			17.1	UNGC h
UGCA 361		203.15083	49.83028	8e6	m	-1	0.98			16.7	UNGC mem
KDG 229		208.42333	60.05111	8e6	m	10	0.85			16.5	UNGC txt
KKR 08		214.81167	3.12389	8e6	m	-2	0.56			18	UNGC txt
KK 65		115.63	16.56111	8.02e6	m	10	1.12			15.34	UNGC TRGB
LV J1328+4937		202.13	49.62722	8.02e6	m	10	0.45			17.3	UNGC mem
KUG 1218+387		185.22875	38.43028	8.03e6	m	9	1.17			15.4	UNGC h
KKH 82		198.24458	41.78667	8.06e6	m	10	1.15			16.4	UNGC h
KUG 1033+366B		159.07333	36.42528	8.1e6	m	9	0.6			17	UNGC h
DDO 131		187.99417	29.70972	8.1e6	m	10	1.15			15.28	UNGC mem
VCC 1822		190.04333	6.84694	8.1e6	m	10	0.83			16.4	UNGC TF
DDO 084		160.67458	34.44889	8.11e6	m	8	4.47			13.73	UNGC h
KDG 155		188.28333	-0.53306	8.11e6	m	10	1.2			16.4	UNGC h
KUG 0821+321		126.27083	32.0175	8.15e6	m	10	0.68			16.8	UNGC h
AM 0106-382		17.09167	-38.20917	8.2e6	m	10	0.72			16.26	UNGC TF
VCC 0114		183.64667	5.67722	8.2e6	m	10	0.6			16.16	UNGC TF
KDG 177		189.99375	13.78139	8.2e6	m	10	0.89			16.36	UNGC TF
KK 133		184.88667	43.38639	8.23e6	m	10	0.47			17.7	UNGC h
UGC 04998		141.30042	68.38306	8.24e6	m	9	1.78			15	UNGC TRGB
ESO 373-007		143.18917	-33.24556	8.3e6	m	10	1.29			16.4	UNGC TF
UGC 05186		145.74917	33.26444	8.3e6	m	10	1.38			16.27	UNGC TF
[KK2000] 70		286.74542	-63.96583	8.3e6	m	10	0.55			17.7	UNGC mem
[KK2000] 71		287.18333	-63.73139	8.3e6	m	10	1.82			15.1	UNGC mem
[KK2000] 72		288.09542	-63.85611	8.3e6	m	10	0.55			17.9	UNGC mem
UGC 08882		209.31083	54.10083	8.32e6	m	-1	1.07			15.77	UNGC SBF
ApplesI		348.76375	-42.53944	8.32e6	m	-3	0.1			21.4	UNGC TRGB
CGCG 217-018		198.21583	40.54306	8.33e6	m	9	1			14.93	UNGC mem
WHI B0619-07		95.5575	-7.83778	8.4e6	m	8	1.74			14.63	UNGC TF
NGC 5194		202.46958	47.23444	8.4e6	m	5	15.85			8.61	UNGC SN
UGCA 127sat		95.22833	-8.65028	8.5e6	m	10	0.69			16.9	UNGC mem
BTS 146		190.00875	38.00056	8.5e6	m	10	0.34			17.5	UNGC TF
UGC 03817		110.68542	45.10833	8.55e6	m	10	1.74			15.96	UNGC BS
MCG-02-33-075		194.61792	-10.57694	8.7e6	m	8	2.96			14.7	UNGC TF
UGC 7257		183.7625	35.95861	8.8e6	m	8	1.35			14.36	UNGC TF
AM 2220-460		335.92917	-45.88222	8.8e6	m	10	0.89			16.37	UNGC mem
BTS 157		192.80542	47.07083	8.83e6	m	10	0.52			17.5	UNGC mem
KDG 056		142.55375	19.99167	8.9e6	m	10	0.68			17.02	UNGC mem
NGC 2903-HI-1		142.66625	21.72361	8.9e6	m	10	0.27			18.2	UNGC mem
DDO 129		187.18417	43.22417	8.9e6	m	8	2.82			13.67	UNGC TF
UGC 07950		191.735	51.61306	8.9e6	m	9	1.38			14.6	UNGC TF
KK 193		198.88	41.50139	8.9e6	m	10	0.56			18.7	UNGC mem
DDO 182		205.63583	39.65833	8.9e6	m	10	1.32			15.69	UNGC TF
[CKT2009]d1009+70		152.39542	70.54861	9e6	m	-1	0.72			18	UNGC TRGB
KDG 078		172.475	52.40389	9e6	m	10	0.74			16.7	UNGC txt
KKH 73		177.52667	55.78333	9e6	m	10	0.69			17.3	UNGC txt
KDG 098		184.6225	28.64583	9e6	m	-1	0.76			16.5	UNGC txt
DDO 148		192.17958	-5.25389	9e6	m	8	2.34			13.7	UNGC TF
Centaurus A-dE5		217.52083	-33.47917	9e6	m	10	0.52			18.43	UNGC txt
DDO 013		25.04	15.90472	9.04e6	m	10	4.57			14.37	UNGC BS
DDO 143		191.10458	34.38639	9.1e6	m	10	2.24			16	UNGC TF
LV J1052+3628		163.02292	36.47667	9.2e6	m	10	0.44			17.9	UNGC mem
UGC 05983		163.07292	36.59333	9.2e6	m	10	1.1			16	UNGC mem
LV J1052+3639		163.17	36.665	9.2e6	m	10	1.68			15.8	UNGC mem
HS 1053+3624		164.16833	36.14111	9.2e6	m	10	0.5			17.76	UNGC mem
VV 747		164.44583	36.26083	9.2e6	m	10	1.1			15.5	UNGC mem
UGC 07320		184.36875	44.81139	9.2e6	m	10	1.2			15.4	UNGC TF
UGC 7719		188.5025	39.01944	9.2e6	m	8	2.14			15.25	UNGC TF
AGC 749241		190.00708	26.32194	9.2e6	m	10	0.34			18.3	UNGC TF
KK 167		192.935	26.11056	9.2e6	m	10	0.85			16.39	UNGC TF
MRK 0475		219.7725	36.80611	9.2e6	m	9	0.45			16.41	UNGC TF
DDO 019		36.25083	36.03778	9.3e6	m	10	2.14			15.8	UNGC mem
d 0226+3325		36.72	33.42694	9.3e6	m	10	1.66			17.5	UNGC mem
Halogas		36.83333	33.95833	9.3e6	m	10	0.43			18	UNGC mem
DDO 022		38.225	38.68056	9.3e6	m	10	1.74			15.65	UNGC mem
DDO 025		38.32583	33.49111	9.3e6	m	8	2.57			13.96	UNGC mem
UGC 02172		40.545	43.35528	9.3e6	m	10	1.41			14.6	UNGC TF
KKSG 31		189.64042	-10.49028	9.3e6	m	-3	0.79			17.7	UNGC mem
KKSG 32		189.97917	-11.74667	9.3e6	m	-3	0.6			18.5	UNGC mem
SUCD 1		190.01292	-11.66778	9.3e6	m	-1	0.1			18.4	UNGC mem
KKSG 33		190.03708	-12.36472	9.3e6	m	-3	0.5			18.5	UNGC mem
KKSG 34		190.32875	-11.9275	9.3e6	m	-3	0.69			18	UNGC mem
VCC 0169		183.98417	9.64917	9.4e6	m	10	0.85			16.67	UNGC TF
KDG 104		185.36625	15.02444	9.4e6	m	10	0.81			16.88	UNGC TF
UGC 07983		192.44583	3.84222	9.4e6	m	10	0.81			16.2	UNGC TF
VCC 0565		185.66042	6.01444	9.6e6	m	10	0.58			15.86	UNGC TF
KKSG 15		148.79375	-6.27	9.7e6	m	10	1.29			15.14	UNGC mem
KKSG 16		149.94792	-9.34333	9.7e6	m	-3	0.87			18	UNGC mem
MCG -01-26-009		150.39	-6.525	9.7e6	m	10	1.12			16.1	UNGC mem
KDG 065		151.39333	-7.74917	9.7e6	m	-3	1.07			16.36	UNGC mem
KKSG 18		151.42333	-7.98139	9.7e6	m	9	1.51			13.61	UNGC mem
UGC 7427		185.47917	35.05139	9.7e6	m	10	1.07			15.9	UNGC TF
DDO 024		38.42917	40.52806	9.8e6	m	8	2.62			13.68	UNGC mem
KK 71		137.29542	-23.36778	9.8e6	m	-3	0.4			17.7	UNGC mem
DDO 056		137.44417	-23.00917	9.8e6	m	10	1.29			15.63	UNGC mem
KK 72		137.92625	-23.98222	9.8e6	m	-3	0.45			18	UNGC mem
NGC 2784 dw01		138.07708	-24.21111	9.8e6	m	-3	0.89			17.27	UNGC mem
KK 73		138.12208	-24.24111	9.8e6	m	-3	0.62			16.35	UNGC mem
DDO 068		149.19042	28.825	9.8e6	m	10	2			14.77	UNGC TF
VCC 2033		191.51875	8.47639	9.8e6	m	9	0.55			15.3	UNGC TF
ESO 473-024		7.84375	-22.76583	9.9e6	m	10	1.55			16.38	UNGC TF
DDO 092		168.35875	53.595	9.9e6	m	9	1.38			15.6	UNGC mem
UGCA 294		191.15875	28.4725	9.9e6	m	9	1.1			14.82	UNGC TF
KKSG 9		101.73708	-17.94139	1e7	m	9	0.5			16.4	UNGC mem
KDG 058		145.1125	0.0425	1e7	m	10	0.66			17.2	UNGC txt
KKH 65		162.99625	28.3625	1e7	m	-2	0.58			17.4	UNGC txt
KKH 67		170.76458	21.32694	1e7	m	-2	0.71			18.4	UNGC txt
BTS 142		188.28083	38.11611	1e7	m	10	0.33			18.44	UNGC txt
LV J1235-1104		188.91417	-11.06722	1e7	m	10	0.43			15.7	UNGC TF
KK 194		199.33125	44.39667	1e7	m	10	0.63			17.6	UNGC txt
KK 227		209.04208	40.30333	1e7	m	-2	0.71			17.5	UNGC txt
HIPASS J0916-23b		139.24167	-23.27972	1.03e7	m	10	0.66			15.84	UNGC mem
AGC 213436		170.6	12.97944	1.03e7	m	-1	0.52			16.7	UNGC mem
AGC 198508		140.7375	24.94667	1.04e7	m	10	0.38			17.8	UNGC TF
AGC 202248		158.73375	11.49222	1.04e7	m	10	0.37			17.5	UNGC mem
LeG 03		158.95333	8.47972	1.04e7	m	8	0.95			17.3	UNGC mem
AGC 205165		159.27	15.3375	1.04e7	m	9	0.72			16.4	UNGC mem
AGC 200499		159.53333	10.38083	1.04e7	m	9	0.85			14.4	UNGC mem
LeG 04		159.9175	12.735	1.04e7	m	10	0.52			18.7	UNGC mem
LeG 05		159.93042	12.63444	1.04e7	m	10	0.6			16.77	UNGC mem
LeG 06		159.98208	13.90778	1.04e7	m	10	0.63			18.3	UNGC mem
UGC 05812		160.23583	12.47194	1.04e7	m	8	1.48			15.5	UNGC mem
FS 04		160.50125	12.335	1.04e7	m	8	1			15.7	UNGC mem
AGC 205268		160.71833	13.74111	1.04e7	m	9	0.38			17.4	UNGC mem
LeG 10		160.98083	12.13528	1.04e7	m	10	0.16			19.2	UNGC mem
LeG 11		161.00875	15.58889	1.04e7	m	10	0.35			18.8	UNGC mem
LeG 12		161.0325	11.53306	1.04e7	m	10	0.22			18.5	UNGC mem
AGC 205445		161.14708	13.93972	1.04e7	m	-1	0.6			16.4	UNGC mem
LeG 13		161.24	11.91611	1.04e7	m	10	0.42			17.43	UNGC mem
LeG 16		161.625	11.75583	1.04e7	m	-2	0.29			19	UNGC mem
LeG 17		161.67292	12.32639	1.04e7	m	-1	0.58			16.98	UNGC mem
LeG 19		161.72833	12.78806	1.04e7	m	-1	0.37			17.8	UNGC mem
LeG 21		161.75333	12.95972	1.04e7	m	10	0.25			18.6	UNGC mem
LeG 22		162.40458	11.35167	1.04e7	m	10	0.56			18	UNGC mem
LeG 23		162.53792	13.48361	1.04e7	m	10	0.18			19.1	UNGC mem
LeG 26		162.83792	12.84917	1.04e7	m	-2	0.69			16.9	UNGC mem
AGC 205540		162.88083	14.11472	1.04e7	m	10	0.32			18	UNGC mem
AGC 205544		163.02	15.03056	1.04e7	m	-1	0.45			17.1	UNGC mem
AGC 202456		163.08125	11.04333	1.04e7	m	-1	0.72			16.2	UNGC mem
LeG 27		163.08375	14.70722	1.04e7	m	-2	0.37			18.6	UNGC mem
LeG 28		163.25292	10.37917	1.04e7	m	10	0.68			18.3	UNGC mem
LSBC D640-12		163.98792	12.33889	1.04e7	m	10	0.45			18.4	UNGC mem
LSBC D640-13		164.05833	12.01028	1.04e7	m	10	0.58			16.9	UNGC mem
LSBC D640-14		164.54375	11.99917	1.04e7	m	-2	0.48			18.5	UNGC mem
AGC 205278		164.71708	14.12944	1.04e7	m	10	0.54			17.3	UNGC mem
LeG 33		165.18833	14.17222	1.04e7	m	10	0.35			18.6	UNGC mem
LSBC D640-08		165.21708	13.88083	1.04e7	m	-3	0.81			16.96	UNGC mem
CGCG 066-109		166.11042	11.755	1.04e7	m	10	1.05			16.2	UNGC mem
KKSG 38		193.38167	-5.92778	1.04e7	m	10	0.87			17	UNGC TF
AGC 215354		169.81625	14.29028	1.042e7	m	9	0.5			17.4	UNGC mem
AGC 205156		157.72042	12.44667	1.043e7	m	9	0.16			18.6	UNGC TF
DDO 123		186.53375	58.3225	1.05e7	m	8	2.78			14.5	UNGC TF
KDG 235		255.10542	70.29	1.06e7	m	10	1.29			16.8	UNGC TF
KKSG 20		166.16917	0.05833	1.07e7	m	10	0.52			17.51	UNGC mem
UGC 06145		166.39583	-1.86361	1.07e7	m	10	1.38			16.45	UNGC mem
NGC 3521sat		166.41958	0.12083	1.07e7	m	-1	2.51			16.2	UNGC mem
KKSG 22		166.53208	-1.44861	1.07e7	m	10	0.5			18.2	UNGC mem
DDO 083		159.18042	31.54667	1.09e7	m	10	2.04			15.41	UNGC txt
AGC 202256		168.6875	12.6475	1.1e7	m	10	0.4			16.7	UNGC TF
UGCA 298		191.73083	26.56417	1.1e7	m	9	0.89			15.25	UNGC TF
UGC 05944		162.57958	13.27194	1.107e7	m	-1	1.12			15.6	UNGC SBF
LV J1018+4109		154.5925	41.16583	1.11e7	m	-1	0.38			18.4	UNGC mem
KUG 1013+414		154.065	41.16639	1.112e7	m	8	1.13			15.4	UNGC mem
UGC 07690		188.11208	42.70417	1.12e7	m	8	2.09			13.13	UNGC TF
ESO 348-009		357.3475	-37.77361	1.15e7	m	10	2.29			14.81	UNGC TF
MAPS 1236+33		189.20583	33.61333	1.17e7	m	10	0.56			16.9	UNGC TF
LV J0812+4836		123.16458	48.6125	1.242e7	m	9	0.52			17.1	UNGC mem
UGC 07267		183.84833	51.35	1.29e7	m	8	2.09			14.79	UNGC TF
CGCG 035-007		143.68708	6.42556	1.3e7	m	9	1.07			15.22	UNGC TF
AGC 731448		155.9375	27.11083	1.35e7	m	9	0.48			16.6	UNGC TF
DDO 097		177.23833	23.83778	1.374e7	m	10	1.58			15.14	UNGC BS
UGC 07699		188.2	37.62167	1.45e7	m	7	3.98			13.3	UNGC TF
RKK 1610		146.35333	-48.14139	1.49e7	m	10	0.93			16.9	UNGC TF
AGC 191803		147.02458	7.12917	1.49e7	m	9	0.72			16.5	UNGC TF
ESO 499-038		150.95917	-26.61278	1.53e7	m	10	0.83			15.68	UNGC TF
UGC 08030		193.6225	26.305	1.53e7	m	10	1.23			16.6	UNGC TF
LV J0954+3620		148.71083	36.33389	1.54e7	m	10	0.34			17.93	UNGC TF
UGC 03501		99.66	49.25833	1.55e7	m	10	1.12			16.7	UNGC TF
LV J0737+4724		114.36875	47.40917	1.57e7	m	10	0.42			18.06	UNGC TF
UGC 06881		178.68625	20.05556	1.64e7	m	10	1.62			15.9	UNGC TF
UGC 07131		182.29917	30.90667	1.68e7	m	8	1.62			16.8	UNGC TF
UGC 7321		184.39167	22.54028	1.72e7	m	7	6.76			14.09	UNGC TF
ESO 495-008		125.25292	-23.78139	1.73e7	m	10	0.69			16.06	UNGC TF
AGC 229053		184.56458	25.56833	1.79e7	m	10	0.49			17.9	UNGC TF
KKH 58		151.84458	38.96972	1.84e7	m	8	1.26			15.61	UNGC TF
UGC 07271		183.88917	43.43417	1.86e7	m	7	2.4			14.9	UNGC TF
ESO 497-004		135.76292	-23.80833	1.9e7	m	8	1.12			16.36	UNGC TF
KKH 38		101.97875	47.51389	1.93e7	m	10	1.38			17.4	UNGC TF
AGC 749236		186.42667	26.81	1.95e7	m	10	0.62			17.3	UNGC TF
LV J0926+3343		141.53917	33.71778	1.97e7	m	8	0.85			17.8	UNGC TF
KISSB 023		145.05292	29.59139	1.98e7	m	10	0.83			16.32	UNGC TF
UGC 03475		97.62	39.50389	2e7	m	6	2.09			15.2	UNGC TF
UGC 04787		136.89542	33.27667	2.03e7	m	8	2.45			14.6	UNGC TF
UGC 07990		192.61333	28.35278	2.04e7	m	8	1.17			16.2	UNGC TF
UGC 04932		139.89208	51.10917	2.06e7	m	8	1.86			15.17	UNGC TF
AGC 208399		160.04458	4.90889	2.09e7	m	10	0.16			20	UNGC TF
AGC 749315		157.27667	26.91056	2.15e7	m	9	0.11			19.1	UNGC TF
AGC 198507		138.8575	25.41944	2.17e7	m	9	0.2			18.6	UNGC TF
UGCA 153		138.30042	-19.40861	2.19e7	m	8	2.24			15.4	UNGC TF
UGC 07774		189.09375	40.00528	2.26e7	m	7	3.16			14.6	UNGC TF
FGC 1497		191.7525	32.65139	2.34e7	m	8	1.07			16.8	UNGC TF
AGC 208397		159.74208	3.87417	2.62e7	m	10	0.17			19.7	UNGC TF
NGC 3119	MCG +03-26-027 NED01|PGC 29387|UGC 5450	151.71613	14.37353	2.4412e6	z	E	1.05	0.81	20	14.14	redshift
IC 3607	PGC 42248	189.63404	10.37653	2.741e6	z	E	0.42	0.25	141	16.58	redshift
NGC 4634	MCG +03-32-086|PGC 42707|UGC 7875	190.67067	14.29583	3.3405e6	z	SBc	2.47	0.6	156	13.04	redshift
IC 3120	PGC 39513	184.56396	13.74914	3.469e6	z	E-S0	0.64	0.54	134	15.8	redshift
IC 2039	ESO 157-002|PGC 14560	62.25988	-56.01169	3.5718e6	z	E-S0	1.09	0.93	124	14.99	redshift
NGC 3690A	PGC 35326|UGC 6471	172.12925	58.56131	4.2827e6	z	Sm	0.21	0.15	164	13.32	redshift
NGC 4633	MCG +03-32-085|PGC 42699|UGC 7874	190.65575	14.35719	4.3684e6	z	SABd	1.77	0.75	33	13.75	redshift
NGC 4523	MCG +03-32-068|PGC 41746|UGC 7713	188.45	15.16831	4.7967e6	z	Sm	1.24	1.15	0	13.91	redshift
IC 3066	MCG +02-31-068|PGC 39181|UGC 7262	183.81908	13.47314	5.1821e6	z	Sc	0.97	0.32	138	15.72	redshift
IC 3459	MCG +02-32-115|PGC 41505|UGC 7674	187.983	12.17403	5.3534e6	z	I	1.11	0.86	163	14.91	redshift
IC 3100	PGC 39381|UGC 7312	184.27312	12.28983	5.7389e6	z	S0	1.41	0.44	58	15.09	redshift
IC 3519	PGC 41845	188.66	15.60269	6.3813e6	z	E	0.68	0.49	14	15.88	redshift
IC 3393	MCG +02-32-081|PGC 41054	187.17379	12.91592	6.5954e6	z	S0	1.1	0.48	132	14.94	redshift
NGC 4491	MCG +02-32-107|PGC 41376|UGC 7657	187.73796	11.48353	6.8267e6	z	SBa	1.64	0.86	147	13.38	redshift
IC 4824	PGC 62918	288.3096	-62.0885	6.8391e6	m	I	0.73	0.2	59	16.53	CF4
NGC 6689	MCG +12-17-026|PGC 62077|UGC 11300	278.70938	70.52392	6.9852e6	z	SABc	3.29	0.91	171	13.05	redshift
NGC 4506	MCG +02-32-120|PGC 41546|UGC 7682	188.04387	13.41961	7.2807e6	z	SABa	1.63	1.11	107	13.56	redshift
IC 148	MCG +02-05-011|PGC 6292|UGC 1195	25.6125	13.9769	7.8524e6	m	I	1.82	0.57	45	13.84	CF4
NGC 1518	ESO 550-007|MCG -04-10-013|PGC 14475	61.7035	-21.178	7.9616e6	m	SBd	3.47	1.3	30	12.22	CF4
IC 3522	MCG +03-32-072|PGC 41865|UGC 7737	188.68992	15.22078	8.0087e6	z	I	1.08	0.58	93	15.41	redshift
NGC 949	MCG +06-06-048|PGC 9566|UGC 1983	37.70271	37.13678	8.7068e6	z	Sb	3.1	1.35	144	12.48	redshift
NGC 4064	MCG +03-31-033|PGC 38167|UGC 7054	181.0465	18.4434	8.77e6	m	SBa	3.22	1.31	151	12.1	CF4
NGC 4657	MCG +05-30-066 NED02|PGC 3795046|UGC 7907 NED02	191.02958	32.20875	8.7711e6	z	Sm	1.86	0.63	71	14.5	redshift
NGC 4592	MCG +00-32-032|PGC 42336|UGC 7819	189.8281	-0.532	8.7943e6	m	Sd	4.1	1.17	94	12.32	CF4
IC 1558	ESO 474-002|MCG -04-02-024|PGC 2142	8.9444	-25.3741	9.0573e6	m	SABm	2.8	1.52	143	12.87	CF4
IC 3647	MCG +02-32-173|PGC 42503|UGC 7834	190.22129	10.47536	9.058e6	z	I	1.34	0.84	140	15.13	redshift
IC 3301	PGC 40491	186.32308	14.17256	9.1223e6	z	E	0.52	0.4	31	16.12	redshift
ESO373-008	PGC 27135	143.3396	-33.0335	9.2683e6	m	Sc	3.72	0.98	90	12.71	CF4
IC 3578	MCG +02-32-153|PGC 42079|UGC 7782	189.16421	11.10186	9.2936e6	z	Sc	0.85	0.35	138	15.24	redshift
NGC 4389	MCG +08-23-028|PGC 40537|UGC 7514	186.3945	45.6851	9.3541e6	m	SBbc	2.51	1.67	98	12.55	CF4
NGC 5963	MCG +09-25-058|PGC 55419|UGC 9906	233.36608	56.55969	9.3707e6	z	SABb	3.14	2.47	58	13.03	redshift
NGC 1679	ESO 422-001|MCG -05-12-004|PGC 16120	72.4817	-31.9656	9.4406e6	m	SBm	3.07	2.23	151	12.58	CF4
NGC 4118	MCG +07-25-028|PGC 38507|UGC 7112 NOTES01	181.97029	43.11106	9.4435e6	z	S0-a	0.69	0.38	148	15.75	redshift
NGC 4286	MCG +05-29-065|PGC 39846|UGC 7398	185.1753	29.3458	9.4842e6	m	Sa	1.08	0.38	144	14.51	CF4
NGC 4049	MCG +03-31-021|PGC 38050|UGC 7027	180.7269	18.7522	9.5719e6	m	Sm	1.16	0.72	51	14.1	CF4
IC 2035	ESO 250-007|PGC 14558	62.2579	-45.5176	9.5763e6	m	E-S0	1.41	1.17	84	12.42	CF4
NGC 1507	MCG +00-11-009|PGC 14409|UGC 2947	61.1133	-2.188	9.8855e6	m	SBd	3.78	0.79	12	12.82	CF4
NGC 6542	MCG +10-25-126|PGC 61239|UGC 11092	269.91092	61.35939	1.0022e7	z	S0-a	1.38	0.4	97	13.92	redshift
ESO265-007	PGC 33705	166.9521	-46.5257	1.0023e7	m	SBc	4.68	1.26	143	12.34	CF4
IC 2984	MCG +05-28-068|PGC 37734	179.78012	30.69694	1.0064e7	z	SBd	0.73	0.49	77	15.49	redshift
IC 3268	MCG +01-32-045|PGC 40321|UGC 7477	186.031	6.60747	1.0064e7	z	I	1	0.8	12	13.77	redshift
IC 3473	MCG +03-32-062|PGC 41558|UGC 7684	188.07967	18.24414	1.015e7	z	Sc	1.05	0.7	37	14.4	redshift
NGC 3600	MCG +07-23-038|PGC 34353|UGC 6283	168.96671	41.59103	1.0202e7	z	SBa	1.87	0.59	4	12.98	redshift
IC 2040	ESO 359-030|MCG -05-11-004|PGC 14670|PGC 14671	63.2492	-32.5532	1.0257e7	m	S0-a	1.35	0.66	68	13.68	CF4
NGC 2427	ESO 208-027|PGC 21375	114.1171	-47.6353	1.0351e7	m	SABd	5.74	2.46	122	12.29	CF4
NGC 4440	MCG +02-32-067|PGC 40927|UGC 7581	186.97321	12.29328	1.0356e7	z	Sa	1.77	1.44	120	12.79	redshift
NGC 1827	ESO 362-006|MCG -06-12-008|PGC 16849	77.5186	-36.96	1.0399e7	m	Sc	3.24	0.65	120	13.24	CF4
IC 3239	PGC 40187	185.78987	11.726	1.045e7	z	Scd	0.78	0.3	147	16.16	redshift
NGC 4630	MCG +01-32-136|PGC 42688|UGC 7871	190.62971	3.96025	1.045e7	z	I	1.66	1.21	10	13.04	redshift
NGC 3782	MCG +08-21-087|PGC 36136|UGC 6618	174.8365	46.51383	1.0587e7	z	Scd	1.23	0.64	178	13.09	redshift
NGC 1023A	PGC 10139	40.15708	39.0575	1.0626e7	z	IB	1.3	0.65	50	14.48	redshift
NGC 746	MCG +07-05-003|PGC 7399|UGC 1438	29.4626	44.9186	1.0641e7	m	I	1.82	1.29	86	13.7	CF4
IC 3412	PGC 41152	187.34437	9.98903	1.0707e7	z	Sm	0.74	0.34	9	15.55	redshift
IC 3540	MCG +02-32-146|PGC 41936	188.86346	12.75025	1.0707e7	z	S0	0.88	0.79	68	14.58	redshift
NGC 959	MCG +06-06-051|PGC 9665|UGC 2002	38.0997	35.4946	1.074e7	m	Sd	1.87	1.11	67	12.96	CF4
NGC 1003	MCG +07-06-051|PGC 10052|UGC 2137	39.8192	40.8728	1.074e7	m	Sc	3.47	0.83	96	12.09	CF4
NGC 4701	MCG +01-33-015|PGC 43331|UGC 7975	192.29829	3.38872	1.075e7	z	Sc	1.74	1.28	39	12.79	redshift
IC 3374	PGC 40876	186.8895	10.00378	1.0784e7	z	IB	0.95	0.5	155	15.4	redshift
NGC 1036	MCG +03-07-041|PGC 10127|UGC 2160	40.12079	19.29711	1.0797e7	z	Sab	1.4	1.03	3	13.77	redshift
IC 2507	MCG -05-23-009|PGC 27903	146.1372	-31.7918	1.0889e7	m	IB	1.74	0.86	48	13.34	CF4
NGC 6673	ESO 140-044|PGC 62351	281.2761	-62.2972	1.0935e7	m	E	2.6	1.44	27	12.53	CF4
IC 749	MCG +07-25-008|PGC 37692|UGC 6962	179.64187	42.73403	1.0972e7	z	Sc	2.13	1.71	159	12.84	redshift
IC 4660	MCG +13-12-023|PGC 60124|UGC 10848	260.4386	75.8487	1.099e7	m	Sb	1.28	0.33	170	14.23	CF4
NGC 7064	ESO 188-009|PGC 66836	322.2625	-52.7678	1.099e7	m	SBc	3.74	0.7	92	12.71	CF4
NGC 1824	ESO 119-036|PGC 16761	76.7371	-59.7271	1.1041e7	m	SBm	2.14	0.83	164	13.02	CF4
IC 3368	PGC 40835	186.83492	16.42858	1.1092e7	z	I	0.71	0.52	0	15.45	redshift
IC 3380	PGC 3089432	187.02304	26.67286	1.1135e7	z	E	0.51	0.43	109	16.82	redshift
NGC 4370	MCG +01-32-051|PGC 40439|UGC 7492	186.22875	7.44489	1.1135e7	z	SBa	1.62	1.06	79	13.41	redshift
NGC 7013	MCG +05-49-001|PGC 66003|UGC 11670	315.88992	29.89747	1.1144e7	z	Sa	4.16	1.33	158	12.37	redshift
NGC 4393	MCG +05-29-083|PGC 40600|UGC 7521	186.46346	27.56156	1.1229e7	z	Scd	2.92	2.7	15	13.72	redshift
NGC 7320	MCG +06-49-042|PGC 69270|UGC 12101	339.01408	33.94811	1.1242e7	z	Scd	2.55	1.4	132	13.21	redshift
IC 3414	MCG +01-32-079|PGC 41166|UGC 7621	187.3701	6.7712	1.1246e7	m	Sd	0.81	0.38	32	13.97	CF4
NGC 4431	MCG +02-32-062|PGC 40852|UGC 7569	186.86408	12.29028	1.1272e7	z	S0	1.53	0.88	179	13.82	redshift
NGC 4562	MCG +04-30-004|PGC 41955|UGC 7758	188.8942	25.8497	1.1298e7	m	SBcd	1.93	0.64	49	14.37	CF4
IC 3520	PGC 41830	188.63254	13.50367	1.1435e7	z	Sd	0.85	0.6	26	15.8	redshift
NGC 5949	MCG +11-19-008|PGC 55165|UGC 9866	232.0028	64.7631	1.1455e7	m	Sbc	1.84	0.76	148	12.75	CF4
NGC 3870	MCG +08-22-001|PGC 36686|UGC 6742	176.4858	50.1999	1.1508e7	m	S0-a	1.03	0.75	24	13.49	CF4
NGC 4800	MCG +08-24-004|PGC 43931|UGC 8035	193.6575	46.53117	1.1628e7	z	Sb	1.65	1.16	21	12.32	redshift
NGC 4245	MCG +05-29-049|PGC 39437|UGC 7328	184.40321	29.608	1.1645e7	z	S0-a	2.55	1.62	145	12.33	redshift
NGC 4525	MCG +05-30-020|PGC 41755|UGC 7714	188.463	30.2776	1.1668e7	m	Sc	2	1.03	53	12.98	CF4
ESO494-026	PGC 22746	121.5461	-27.528	1.1722e7	m	SABb	4.07	2.69	146	12.45	CF4
NGC 4818	MCG -01-33-057|PGC 44191	194.2038	-8.5252	1.1722e7	m	SABa	4.27	1.28	178	12	CF4
NGC 4802	MCG -02-33-061|PGC 44087	193.9567	-12.0553	1.1771e7	m	S0	2.64	2.3	18	12.29	CF4
NGC 1494	ESO 201-012|PGC 14169	59.4278	-48.9115	1.183e7	m	Scd	3.51	1.86	180	12.26	CF4
NGC 4758	MCG +03-33-015|PGC 43707|UGC 8014	193.1847	15.8466	1.194e7	m	SBm	2.75	0.77	159	13.41	CF4
IC 3363	PGC 40786	186.76279	12.56081	1.1992e7	z	E	0.97	0.43	124	15.51	redshift
NGC 100	MCG +03-02-009|PGC 1525|UGC 231	6.01183	16.48639	1.2043e7	z	Sc	3.55	0.49	56	13.86	redshift
NGC 1315	ESO 548-003|MCG -04-09-002|PGC 12671	50.7774	-21.3753	1.2056e7	m	S0-a	1.62	1.35	161	13.65	CF4
IC 4363	PGC 170328	211.05125	-9.64164	1.2133e7	z	Sc	0.45	0.21	25	15.09	redshift
NGC 3930	MCG +06-26-045|PGC 37132|UGC 6833	177.9412	38.015	1.2162e7	m	Sc	2.66	1.98	38	13.51	CF4
NGC 1487 NED02	MCG -07-09-002 NED02|PGC 14121	58.94654	-42.36858	1.2172e7	z	S?	3.72	1.7	91	12.31	redshift
NGC 5832	MCG +12-14-015|PGC 53469|UGC 9649	224.4402	71.6824	1.2274e7	m	Sb	1.86	0.78	42	13.51	CF4
IC 2715	PGC 4017710	169.80996	11.95217	1.2291e7	z	I	0.74	0.37	100	21.01	redshift
IC 1473	MCG +05-54-043|PGC 70633|UGC 12404	347.7725	29.6431	1.2331e7	m	S0	1.74	0.85	176	14.16	CF4
NGC 14	MCG +02-01-021|MCG +03-01-026|PGC 647|UGC 75	2.19333	15.81556	1.2356e7	z	IB	1.53	1.01	23	13.02	redshift
IC 3436	MCG +03-32-052|PGC 41323	187.62471	19.67303	1.2377e7	z	S0	0.75	0.44	144	14.86	redshift
IC 3575	PGC 42062	189.13492	13.74842	1.2377e7	z	E	0.66	0.47	156	16.26	redshift
NGC 3056	ESO 435-007|MCG -05-24-003|PGC 28576	148.6369	-28.298	1.2382e7	m	S0-a	2.26	1.39	20	12.58	CF4
NGC 1422	ESO 548-077|MCG -04-09-051|PGC 13569	55.3796	-21.6814	1.2445e7	m	SBab	2.51	0.61	63	14.05	CF4
NGC 4173	MCG +05-29-033|PGC 38897|UGC 7204	183.0872	29.209	1.2445e7	m	SBcd	2.34	0.52	134	13.59	CF4
NGC 4471	PGC 41185	187.40437	7.93275	1.2463e7	z	E	0.44	0.43	150	16.12	redshift
NGC 4020	MCG +05-28-066|PGC 37723|UGC 6971	179.7362	30.4126	1.2503e7	m	Scd	1.87	0.82	19	13.1	CF4
NGC 7351	MCG -01-57-022|PGC 69489	340.36225	-4.44472	1.2544e7	z	S0	1.6	0.84	2	13.55	redshift
NGC 4595	MCG +03-32-081|PGC 42396|UGC 7826	189.9664	15.2977	1.256e7	m	SABb	1.52	0.97	110	12.94	CF4
NGC 5379	MCG +10-20-049|PGC 49508|UGC 8860	208.893	59.7428	1.256e7	m	S0	2.06	0.72	60	14.01	CF4
NGC 1326B	ESO 357-029|MCG -06-08-014|PGC 12788	51.3339	-36.3868	1.2618e7	m	SBm	3.87	1.88	130	13.68	CF4
IC 625	MCG -04-26-001|PGC 31919	160.6589	-23.9358	1.2618e7	m	Sc	2.25	0.53	105	13.79	CF4
IC 3580		189.12179	18.3005	1.2634e7	z	E	0.86	0.76	57	15.67	redshift
NGC 5826	MCG +09-25-016|PGC 53949|UGC 9725	226.641	55.47911	1.272e7	z	S0	1.39	1.04	26	15.11	redshift
NGC 2549	MCG +10-12-124|PGC 23313|UGC 4313	124.7431	57.8031	1.2788e7	m	S0	3.63	0.92	179	12.11	CF4
NGC 5147	MCG +00-34-033|PGC 47027|UGC 8443	201.5817	2.1008	1.2794e7	m	Sd	1.47	1.36	160	12.28	CF4
NGC 4239	MCG +03-31-092|PGC 39398|UGC 7316	184.312	16.5314	1.28e7	m	E	1.36	0.79	117	13.66	CF4
NGC 7292	MCG +05-53-003|PGC 68941|UGC 12048	337.10796	30.29231	1.2831e7	z	I	1.82	1.22	113	13.06	redshift
NGC 3931	MCG +09-20-011|PGC 37073|UGC 6825	177.80604	52.00086	1.2891e7	z	E-S0	1.13	0.88	157	14.42	redshift
NGC 4587	MCG +01-32-123|PGC 42253|UGC 7805	189.64758	2.65733	1.2891e7	z	S0	1.32	0.75	47	13.79	redshift
NGC 4310	MCG +05-29-074|PGC 40086|UGC 7440	185.60958	29.20903	1.2964e7	z	S0-a	1.93	0.76	148	13.44	redshift
NGC 5338	MCG +01-35-048|PGC 49353|UGC 8800	208.3605	5.2077	1.2966e7	m	S0	1.94	0.85	98	14.11	CF4
NGC 131	ESO 350-021|MCG -06-02-010|PGC 1813	7.4104	-33.2599	1.2972e7	m	SBb	1.81	0.67	62	13.77	CF4
NGC 1522	ESO 156-038|PGC 14462	61.533	-52.66842	1.2981e7	z	S0	1.22	0.87	39	13.97	redshift
NGC 6140	MCG +11-20-012|PGC 57886|UGC 10359	245.24233	65.39056	1.2998e7	z	Sc	2.09	1.78	83	12.25	redshift
NGC 3896	MCG +08-22-008|PGC 36897|UGC 6781	177.23496	48.67467	1.3015e7	z	SBa	1.39	0.86	129	13.18	redshift
IC 3466	MCG +02-32-117|PGC 41536	188.02367	11.81792	1.302e7	z	I	0.65	0.46	69	15.76	redshift
NGC 4810	MCG +01-33-023|PGC 43971|UGC 8034 NOTES01	193.71333	2.64028	1.305e7	z	IAB	0.86	0.43	167	14.71	redshift
NGC 4341	MCG +01-32-042|PGC 40280|UGC 7472	185.97317	7.10711	1.3062e7	z	S0	1.67	0.51	95	13.78	redshift
NGC 4037	MCG +02-31-015|PGC 37928|UGC 7002	180.34862	13.40103	1.3105e7	z	Sb	2.38	2.22	30	12.88	redshift
NGC 1688	ESO 119-006|PGC 16050	72.0995	-59.8004	1.3213e7	m	SBc	2.47	1.67	166	12.1	CF4
NGC 7412A	ESO 290-028|PGC 70089	344.2875	-42.80447	1.3281e7	z	SBd	0.59	0.42	92	14.52	redshift
NGC 4117	MCG +07-25-027|PGC 38503|UGC 7112	181.94213	43.12636	1.3319e7	z	S0	1.58	0.63	20	14.07	redshift
NGC 3922	MCG +08-22-017|PGC 37072|UGC 6824	177.80596	50.15689	1.3362e7	z	S0-a	1.91	0.65	39	13.6	redshift
NGC 4282	MCG +01-32-013|PGC 39809	185.10129	5.57283	1.3405e7	z	S0-a	0.88	0.56	100	14.55	redshift
NGC 3353	MCG +09-18-022|PGC 32103|UGC 5860	161.34338	55.96039	1.3435e7	z	SABb	1.36	0.98	76	13.22	redshift
NGC 1401	ESO 482-026|MCG -04-09-042|PGC 13457	54.8411	-22.7247	1.3465e7	m	S0	2.45	0.9	132	13.11	CF4
NGC 244	MCG -03-03-003|PGC 2675	11.44346	-15.59689	1.3474e7	z	S0	1.04	1.04	25	13.79	redshift
NGC 3906	MCG +08-22-012|PGC 36953|UGC 6797	177.41875	48.42597	1.3499e7	z	SBcd	1.35	0.84	80	13.52	redshift
ESO208-021	PGC 21293	113.4841	-50.443	1.3515e7	m	E-S0	3.8	2.75	109	12.17	CF4
NGC 3769	MCG +08-21-076|PGC 35999|UGC 6595	174.4338	47.8931	1.3521e7	m	Sb	2.82	0.89	150	12.52	CF4
IC 3052	PGC 39031	183.45112	12.69056	1.3576e7	z	I	0.49	0.33	131	17.15	redshift
NGC 3913	MCG +09-20-001|PGC 37024|UGC 6813	177.66225	55.35386	1.3576e7	z	Scd	1.64	1.38	146	13.36	redshift
NGC 4516	MCG +03-32-067|PGC 41661|UGC 7703	188.28142	14.57494	1.3576e7	z	SBa	1.75	0.97	175	13.53	redshift
IC 3356	PGC 40761|UGC 7547	186.7105	11.5587	1.3583e7	m	IB	1.47	0.8	70	15.45	CF4
IC 5256	ESO 076-028|PGC 69820	342.44088	-68.69067	1.3593e7	z	SBd	1.2	0.51	17	14.65	redshift
NGC 4218	MCG +08-22-088|PGC 39237|UGC 7283	183.9432	48.1311	1.3646e7	m	SABa	0.96	0.62	135	13.45	CF4
NGC 4632	MCG +00-32-038|PGC 42689|UGC 7870	190.6343	-0.0825	1.3646e7	m	Sc	2.56	0.98	59	12.27	CF4
NGC 5042	ESO 508-031|MCG -04-31-043|PGC 46126	198.8794	-23.9835	1.3646e7	m	SABc	4.15	2.2	19	12.54	CF4
NGC 4498	MCG +03-32-056|PGC 41472|UGC 7669	187.9128	16.8539	1.3709e7	m	Sc	2.88	1.53	131	12.76	CF4
IC 3517	MCG +02-32-143|PGC 41829|UGC 7733	188.6286	9.1548	1.3772e7	m	SABd	1.16	0.72	16	15.3	CF4
NGC 7286	MCG +05-53-002|PGC 68922|UGC 12043	336.9605	29.09597	1.3799e7	z	S0-a	1.81	0.56	97	13.3	redshift
NGC 4688	MCG +01-33-013|PGC 43189|UGC 7961	191.94383	4.33606	1.3833e7	z	Sc	3.72	3.42	35	12.92	redshift
NGC 7231	PGC 68285|UGC 11951	333.1254	45.3282	1.3836e7	m	SBa	1.69	0.6	87	13.91	CF4
IC 2703	MCG +03-29-026|PGC 34536	169.52138	17.64953	1.3838e7	z	S0	0.93	0.82	19	15.81	redshift
IC 1954	ESO 200-036|PGC 13090	52.8808	-51.9049	1.39e7	m	Sb	2.99	1.71	60	12.13	CF4
IC 396	MCG +11-07-002|PGC 16423|UGC 3203	74.4956	68.3235	1.39e7	m	Sbc	2.38	1.45	86	13.08	CF4
NGC 2344	MCG +08-13-103|PGC 20395|UGC 3734	108.11942	47.16669	1.3902e7	z	SABb	2.07	1.87	145	12.89	redshift
NGC 4809	MCG +01-33-022|PGC 43969|UGC 8034	193.71275	2.65408	1.3919e7	z	IAB	1.58	0.64	65	14.3	redshift
NGC 5058	MCG +02-34-006|PGC 46241|UGC 8345	199.21796	12.54822	1.3919e7	z	Scd	0.76	0.56	13	14.25	redshift
NGC 1012	MCG +05-07-027|PGC 10051|UGC 2141	39.81212	30.15139	1.3945e7	z	S0-a	2.1	1.05	24	12.99	redshift
NGC 1337	MCG -02-09-042|PGC 12916	52.0251	-8.3884	1.3964e7	m	SBc	4.94	1.31	153	12.44	CF4
NGC 7694	MCG -01-60-004|PGC 71728	353.3163	-2.703	1.3964e7	m	I	1.37	0.75	92	13.92	CF4
NGC 3507	MCG +03-28-053|PGC 33390|UGC 6123	165.85567	18.13544	1.3987e7	z	SBb	2.92	2.51	95	12.07	redshift
IC 2709		169.67567	12.56169	1.4005e7	z	I	0.54	0.38	153	17.47	redshift
NGC 3113	ESO 435-035|MCG -05-24-021|PGC 29216	151.1098	-28.4451	1.4028e7	m	SABc	3.43	1.05	86	13.34	CF4
NGC 3264	MCG +09-17-069|PGC 31125|UGC 5719	158.082	56.0842	1.4028e7	m	Sd	2.09	0.62	2	12.61	CF4
IC 3710	PGC 42881|UGC 7906	191.03937	12.11653	1.409e7	z	I	1.17	0.85	131	15.74	redshift
NGC 4359	MCG +05-29-079|PGC 40330|UGC 7483	186.0465	31.5218	1.4093e7	m	SBc	1.38	0.83	108	13.65	CF4
NGC 4586	MCG +01-32-122|PGC 42241|UGC 7804	189.6183	4.319	1.4093e7	m	Sa	3.43	1.12	116	12.53	CF4
NGC 5002	MCG +06-29-051|PGC 45728|UGC 8254	197.6592	36.6344	1.4093e7	m	Sm	1.39	0.71	179	14.65	CF4
NGC 3773	MCG +02-30-005|PGC 36043|UGC 6605	174.55367	12.11206	1.4116e7	z	S0	1.23	0.97	161	13.31	redshift
NGC 4684	MCG +00-33-011|PGC 43149|UGC 7951	191.8229	-2.7275	1.4151e7	m	S0-a	2.97	0.96	18	12.16	CF4
NGC 1892	ESO 085-061|PGC 17042	79.2878	-64.9598	1.4223e7	m	Sc	3.37	1.02	75	12.82	CF4
IC 2782	MCG +02-29-023|PGC 34934|UGC 6395	170.73067	13.44128	1.4262e7	z	Sd	0.94	0.84	19	15.2	redshift
NGC 4346	MCG +08-23-016|PGC 40228|UGC 7463	185.8664	46.9939	1.4282e7	m	S0	3.13	1.13	99	12.14	CF4
NGC 1249	ESO 155-006|PGC 11836	47.505	-53.3358	1.4289e7	m	SBc	3.64	1.44	83	12.18	CF4
IC 3465	PGC 41548	188.051	12.06156	1.4304e7	z	E	0.44	0.32	110	16.58	redshift
IC 3576	MCG +01-32-112|PGC 42074|UGC 7781	189.157	6.62089	1.4347e7	z	Sm	2.3	2.17	0	14.37	redshift
NGC 1510	ESO 250-003|MCG -07-09-006|PGC 14375	60.886	-43.40011	1.4369e7	z	S0	1.32	1.13	103	13.47	redshift
NGC 6684A	ESO 104-019|PGC 62517	283.09504	-64.83147	1.4394e7	z	IB	1.95	1.34	140	13.22	redshift
IC 2004	ESO 201-006|PGC 13986	57.94054	-49.41961	1.4416e7	z	S0-a	0.91	0.68	46	14.99	redshift
NGC 4207	MCG +02-31-069|PGC 39206|UGC 7268	183.8771	9.5849	1.4421e7	m	Sd	1.5	0.77	122	13.4	CF4
NGC 4409	MCG +01-32-064|PGC 40775|UGC 7549	186.7437	2.4945	1.4488e7	m	SBc	1.82	0.89	9	12.77	CF4
NGC 4713	MCG +01-33-018|PGC 43413|UGC 7985	192.4911	5.3113	1.4488e7	m	Scd	1.66	1.52	50	12.2	CF4
NGC 4328	MCG +03-32-019|PGC 40209	185.8333	15.8205	1.4521e7	m	E-S0	1.6	1.23	99	14.19	CF4
NGC 1484	ESO 359-006|MCG -06-09-036|PGC 14071	58.5768	-36.9701	1.4622e7	m	SBb	2.73	0.68	79	13.71	CF4
NGC 4496A	MCG +01-32-090 NED01|PGC 41471|UGC 7668 NED01	187.9129	3.9395	1.4649e7	m	Scd	3.37	2.78	68	12.11	CF4
IC 3612	PGC 42309|UGC 7814	189.7694	14.7303	1.4682e7	m	S0	1.05	0.63	44	15.03	CF4
NGC 972	MCG +05-07-010|PGC 9788|UGC 2045	38.5558	29.3109	1.4689e7	m	Sab	3.31	1.61	151	12.16	CF4
IC 3215	MCG +04-29-068|PGC 40040|UGC 7434	185.5427	26.052	1.4689e7	m	Sd	1.27	0.35	93	15.53	CF4
IC 2135	ESO 363-007|MCG -06-13-004|PGC 17433	83.3037	-36.3989	1.4757e7	m	Sc	3.24	0.66	110	13.28	CF4
IC 3033	MCG +02-31-043|PGC 38803|UGC 7181	182.7915	13.5875	1.4757e7	m	Sd	1.03	0.47	3	15.09	CF4
NGC 4635	MCG +03-32-087|PGC 42704|UGC 7876	190.6633	19.9451	1.4757e7	m	SABc	1.94	1.4	178	13.24	CF4
NGC 5608	MCG +07-30-009|PGC 51396|UGC 9219	215.8228	41.776	1.4757e7	m	IB	1.66	0.74	98	14.03	CF4
IC 2828	MCG +02-29-028|PGC 35225	171.79558	8.73106	1.4775e7	z	I	1.01	0.44	52	14.88	redshift
IC 5273	ESO 346-022|MCG -06-50-020|PGC 70184	344.8614	-37.7028	1.4825e7	m	SBc	3.07	1.98	46	12.56	CF4
NGC 4660	MCG +02-33-006|PGC 42917|UGC 7914	191.1332	11.1905	1.4894e7	m	E	2.09	1.57	100	12.05	CF4
IC 3218	MCG +01-32-026|PGC 40067	185.58133	6.92792	1.4947e7	z	E	0.64	0.56	74	15.66	redshift
NGC 4369	MCG +07-26-004|PGC 40396|UGC 7489	186.15083	39.383	1.4947e7	z	SBa	1.98	1.89	175	12.35	redshift
IC 3032	MCG +03-31-059|PGC 38800	182.7822	14.2749	1.4955e7	m	E-S0	0.59	0.52	40	15.25	CF4
NGC 3287	MCG +04-25-032|PGC 31311|UGC 5742	158.697	21.6483	1.4962e7	m	SBd	1.78	0.85	18	12.83	CF4
NGC 4951	MCG -01-33-081|PGC 45246	196.2822	-6.4937	1.4962e7	m	SABc	3.14	1.16	90	12.57	CF4
NGC 4336	MCG +03-32-020|PGC 40231|UGC 7462	185.87429	19.42692	1.499e7	z	S0-a	1.54	0.81	162	13.23	redshift
NGC 4262	MCG +03-31-101|PGC 39676|UGC 7365	184.8775	14.8776	1.499e7	m	E-S0	1.74	1.52	145	12.4	CF4
IC 5377	MCG +03-01-013|PGC 156|UGC 12918	0.5225	16.59028	1.4998e7	z	IAB	0.91	0.54	0	15.56	redshift
NGC 2640	ESO 165-002|PGC 24229	129.35258	-55.12375	1.5015e7	z	E-S0	4.67	4	104	12.08	redshift
NGC 3395	MCG +06-24-017|PGC 32424|UGC 5931	162.4589	32.9828	1.5031e7	m	Sc	1.6	0.89	40	12.39	CF4
NGC 4309	MCG +01-32-025|PGC 40051|UGC 7435	185.55158	7.14431	1.5075e7	z	S0-a	1.93	0.92	86	13.56	redshift
NGC 4550	MCG +02-32-147|PGC 41943|UGC 7757	188.8768	12.2212	1.5087e7	m	S0	3.16	0.71	179	12.45	CF4
NGC 1531	ESO 359-026|MCG -05-11-001|PGC 14635	62.99717	-32.85081	1.5097e7	z	E-S0	1.5	0.9	123	12.87	redshift
NGC 3137	ESO 435-047|MCG -05-24-024|PGC 29530	152.2809	-29.0642	1.5101e7	m	SABc	5.57	3.85	4	12.11	CF4
IC 3059	MCG +02-31-062|PGC 39142|UGC 7254	183.7295	13.4606	1.5101e7	m	I	1.69	1.39	3	14.78	CF4
NGC 4241	MCG +01-31-040|PGC 39483|UGC 7333	184.4994	6.654	1.5101e7	m	Sc	1.46	1.03	164	13.67	CF4
NGC 5645	MCG +01-37-019|PGC 51846|UGC 9328	217.6642	7.275	1.5101e7	m	SBcd	2.02	1.09	85	12.9	CF4
NGC 2502	ESO 209-008|PGC 22210	118.96467	-52.30678	1.5157e7	z	S0	2.21	1.12	118	13.19	redshift
NGC 4497	MCG +02-32-113|PGC 41457|UGC 7665	187.8855	11.6247	1.5164e7	m	S0-a	2	1.03	62	13.18	CF4
NGC 1796	ESO 119-030|PGC 16617	75.6777	-61.1399	1.5171e7	m	SBc	1.93	0.96	101	12.85	CF4
NGC 2788B	ESO 060-025|PGC 25443	135.8979	-67.9692	1.5171e7	m	Sb	1.55	0.56	164	14.52	CF4
NGC 4116	MCG +01-31-022|PGC 38492|UGC 7111	181.9038	2.6914	1.5171e7	m	SBcd	2.57	1.49	152	12.47	CF4
NGC 1370	ESO 548-048|MCG -03-10-013|PGC 13265	53.81071	-20.37367	1.5212e7	z	E	1.49	0.85	50	13.54	redshift
NGC 5510	ESO 579-003|MCG -03-36-010|PGC 50807	213.4053	-17.9836	1.5241e7	m	SBm	0.95	0.65	32	14.26	CF4
IC 2032	ESO 156-042|PGC 14481	61.76267	-55.32383	1.5259e7	z	IAB	1.12	0.41	75	15.44	redshift
IC 3313	MCG +03-32-033|PGC 40551	186.40183	15.82983	1.5289e7	z	E	1.34	1.27	179	14.22	redshift
NGC 1879	ESO 423-006|MCG -05-13-016|PGC 17113	79.9517	-32.1436	1.5311e7	m	SBm	2.42	1.67	60	13.19	CF4
NGC 4312	MCG +03-32-014|PGC 40095|UGC 7442	185.6305	15.5379	1.5311e7	m	Sab	5.02	1.15	170	12.48	CF4
NGC 4489	MCG +03-32-054|PGC 41365|UGC 7655	187.7176	16.7588	1.5311e7	m	E	1.72	1.56	125	12.96	CF4
NGC 337A	MCG -01-03-065|PGC 3671	15.39125	-7.58825	1.5371e7	z	SABd	2.63	1.73	8	12.9	redshift
IC 3468	MCG +02-32-119|PGC 41552|UGC 7681	188.0592	10.2515	1.5374e7	m	E	1.28	1.15	170	13.88	CF4
NGC 4531	MCG +02-32-141|PGC 41806|UGC 7729	188.5662	13.0754	1.5374e7	m	S0-a	3.03	1.97	155	12.36	CF4
IC 2767	MCG +02-29-021 NOTES01|PGC 4000777|UGC 6387 NOTES01	170.59663	13.07781	1.5444e7	z	S?	0.87	0.3	90	17.03	redshift
NGC 3447B	MCG +03-28-028|PGC 32700|UGC 6007	163.37354	16.786	1.5444e7	z	IB	1.49	0.79	107	15.35	redshift
IC 3653	MCG +02-32-178|PGC 42550	190.3155	11.3872	1.5445e7	m	E	0.62	0.48	15	14.41	CF4
NGC 4430	MCG +01-32-067|PGC 40851|UGC 7566	186.8599	6.2628	1.5453e7	m	Sb	2.02	1.5	75	12.65	CF4
NGC 4474	MCG +02-32-094|PGC 41241|UGC 7634	187.4732	14.0686	1.5453e7	m	S0	2.33	1.57	79	12.44	CF4
NGC 5560	MCG +01-37-001|PGC 51223|UGC 9172	215.0205	3.9919	1.5453e7	m	Sb	3.45	0.85	109	13.18	CF4
NGC 4424	MCG +02-32-058|PGC 40809|UGC 7561	186.799	9.4202	1.546e7	m	Sa	3.04	1.57	95	12.3	CF4
NGC 1035	MCG -01-07-027|PGC 10065	39.8723	-8.135	1.5524e7	m	Sc	2.08	0.68	153	12.89	CF4
IC 3727	MCG +02-33-009|PGC 42969|UGC 7927	191.27358	10.90089	1.5546e7	z	Sc	1.23	1.07	139	14.71	redshift
NGC 4390	MCG +02-32-040|PGC 40597|UGC 7519	186.46112	10.45906	1.5546e7	z	Sc	1.52	1.13	99	13.34	redshift
NGC 4670	MCG +05-30-072|PGC 42987|UGC 7930	191.32112	27.12542	1.5546e7	z	SBa	0.97	0.83	90	13.15	redshift
NGC 1596	ESO 157-031|PGC 15153	66.9087	-55.0277	1.5588e7	m	S0	3.87	1.02	19	12.01	CF4
NGC 4351	MCG +02-32-024|PGC 40306|UGC 7476	186.006	12.2046	1.5588e7	m	SBb	1.58	1.28	72	12.95	CF4
NGC 4452	MCG +02-32-080|PGC 41060|UGC 7601	187.1804	11.7551	1.5588e7	m	S0	3.36	0.6	32	12.79	CF4
IC 3775	PGC 43148|UGC 7953	191.81708	11.76022	1.5589e7	z	Sc	0.81	0.34	51	16.2	redshift
NGC 4302	MCG +03-32-009|PGC 39974|UGC 7418	185.4264	14.5981	1.5596e7	m	Sc	6	1.13	178	12.13	CF4
NGC 4423	MCG +01-32-065|PGC 40801|UGC 7556	186.7873	5.8801	1.5596e7	m	Sd	2.05	0.41	20	13.88	CF4
NGC 4533	MCG +01-32-102|PGC 41816|UGC 7725	188.5918	2.3254	1.5596e7	m	Scd	1.82	0.43	165	14.25	CF4
NGC 6283	MCG +08-31-018|PGC 59386|UGC 10652	254.86071	49.92197	1.5602e7	z	Sc	1.11	0.98	56	13.64	redshift
NGC 1469	MCG +11-05-004|PGC 14261|UGC 2909	60.11571	68.57772	1.5628e7	z	E-S0	2.17	1.22	150	14.45	redshift
IC 3663	PGC 42586	190.4142	12.2474	1.566e7	m	E	0.95	0.56	3	15.47	CF4
IC 2957	MCG +05-28-028|PGC 36653	176.4041	31.2996	1.5668e7	m	S0	0.79	0.47	23	14.91	CF4
NGC 4294	MCG +02-32-009|PGC 39925|UGC 7407	185.3244	11.5105	1.5668e7	m	SBc	2.69	1.02	148	12.42	CF4
NGC 4415	MCG +02-32-052|PGC 40727|UGC 7540	186.6686	8.4357	1.5668e7	m	S0-a	1.28	1.13	6	13.59	CF4
NGC 5556	ESO 446-050|MCG -05-34-009|PGC 51245	215.142	-29.2418	1.5668e7	m	Scd	3.45	2.75	145	12.82	CF4
NGC 5866B	MCG +09-25-034|PGC 54267|UGC 9769	228.0299	55.785	1.5668e7	m	SABd	2.33	1.66	16	15.43	CF4
IC 3081	MCG +02-31-074|PGC 39282	184.03775	12.69131	1.5675e7	z	E-S0	0.77	0.4	86	15.63	redshift
IC 3773	MCG +02-33-021|PGC 43146|UGC 7952	191.81375	10.20358	1.5675e7	z	E	1.93	0.73	20	14.06	redshift
IC 1993	ESO 358-065|MCG -06-09-032|PGC 13840	56.77004	-33.70986	1.5688e7	z	SABb	2.81	2.48	57	12.52	redshift
PGC003853		16.27033	-6.21239	1.5709e7	z	SABc	4.27	3.16	57	12.42	redshift
IC 3292	PGC 40425	186.2014	18.1951	1.5733e7	m	S0	1.09	0.82	134	15.03	CF4
NGC 4464	MCG +01-32-078|PGC 41148|UGC 7619	187.3388	8.1566	1.5733e7	m	E-S0	1.01	0.76	11	13.42	CF4
NGC 4488	MCG +02-32-104|PGC 41363|UGC 7653	187.714	8.3601	1.5733e7	m	S0-a	2.75	0.76	167	12.9	CF4
IC 1896	ESO 155-004|PGC 11722	46.96883	-54.21447	1.5773e7	z	Sab	0.81	0.31	18	15.82	redshift
NGC 4528	MCG +02-32-140|PGC 41781|UGC 7722	188.5254	11.3212	1.5776e7	m	S0	1.6	0.86	5	12.88	CF4
NGC 4138	MCG +07-25-035|PGC 38643|UGC 7139	182.3741	43.6853	1.5783e7	m	S0-a	2.92	1.64	150	12.29	CF4
NGC 4379	MCG +03-32-026|PGC 40484|UGC 7502	186.3113	15.6074	1.5805e7	m	E-S0	1.87	1.52	103	12.54	CF4
NGC 4425	MCG +02-32-059|PGC 40816|UGC 7562	186.8056	12.7348	1.5805e7	m	S0-a	3.08	1.26	26	12.82	CF4
NGC 4606	MCG +02-32-174|PGC 42516|UGC 7839	190.2396	11.9114	1.5805e7	m	SBa	2.47	1.36	14	12.63	CF4
IC 3779	PGC 43154	191.8356	12.1666	1.5805e7	m	E	0.9	0.53	126	15.44	CF4
NGC 5112	MCG +07-28-003|PGC 46671|UGC 8403	200.4852	38.7346	1.5812e7	m	SBc	2.99	1.83	127	12.63	CF4
NGC 7456	ESO 346-026|MCG -07-47-011|PGC 70304	345.5432	-39.5695	1.5812e7	m	Sc	5.15	1.76	22	12.4	CF4
NGC 3125	ESO 435-041|MCG -05-24-022|PGC 29366	151.63904	-29.93486	1.5859e7	z	E	1.21	0.97	110	13.36	redshift
NGC 4380	MCG +02-32-037|PGC 40507|UGC 7503	186.3422	10.0167	1.5871e7	m	SABa	3.35	1.78	158	12.29	CF4
IC 2041	ESO 359-028|PGC 14656	63.14542	-32.81736	1.5872e7	z	S0	1.07	0.74	136	14.68	redshift
NGC 4629	MCG +00-32-037|PGC 42692|UGC 7869	190.63612	-1.35067	1.5872e7	z	SABm	1.03	0.71	90	13.9	redshift
NGC 4469	MCG +02-32-089|PGC 41164|UGC 7622	187.3668	8.7499	1.5878e7	m	S0-a	2.86	1.05	87	12	CF4
NGC 4742	MCG -02-33-032|PGC 43594	192.9501	-10.4548	1.5878e7	m	E	2.14	1.39	76	12.1	CF4
NGC 3027	MCG +12-10-009|PGC 28636|UGC 5316	148.9189	72.2036	1.5885e7	m	Sc	3.35	1.27	128	12.18	CF4
NGC 1326A	ESO 357-028|MCG -06-08-013|PGC 12783	51.2868	-36.3631	1.5915e7	m	Sm	2.1	1.34	62	14.05	CF4
NGC 4436	MCG +02-32-066|PGC 40903|UGC 7573	186.92183	12.31589	1.5932e7	z	S0	1.66	0.79	114	13.96	redshift
NGC 5014	MCG +06-29-055|PGC 45787|UGC 8271	197.88008	36.28214	1.5932e7	z	Sa	2.11	0.73	100	13.48	redshift
IC 3470	MCG +02-32-122|PGC 41573	188.0973	11.2629	1.5951e7	m	E	0.95	0.95	21	14.56	CF4
NGC 4733	MCG +02-33-028|PGC 43516|UGC 7997	192.7782	10.9121	1.5951e7	m	E	1.97	1.82	70	12.61	CF4
NGC 5954	MCG +03-40-006|PGC 55482|UGC 9904	233.646	15.1994	1.5959e7	m	SABc	1.02	0.48	19	12.81	CF4
NGC 7361	ESO 468-023|MCG -05-53-027|PGC 69539	340.5763	-30.0553	1.5959e7	m	Sc	3.14	0.85	8	12.88	CF4
NGC 4948	MCG -01-33-079|PGC 45224	196.23317	-7.94769	1.6022e7	z	SBcd	2.3	0.82	140	13.44	redshift
NGC 4283	MCG +05-29-063|PGC 39800|UGC 7390	185.0866	29.3108	1.6025e7	m	E	1.23	1.13	140	12.99	CF4
NGC 4468	MCG +02-32-090|PGC 41171|UGC 7628	187.3787	14.0491	1.6025e7	m	E-S0	1.54	1	72	13.79	CF4
IC 798	PGC 41589	188.1393	15.4154	1.6025e7	m	E	0.9	0.87	36	15.02	CF4
IC 3652	MCG +02-32-175|PGC 42521|UGC 7838	190.2441	11.1844	1.6025e7	m	E	0.99	0.92	94	14.31	CF4
IC 809	MCG +02-32-184|PGC 42638|UGC 7863	190.5362	11.7543	1.6025e7	m	E	0.97	0.91	4	14.46	CF4
NGC 7077	MCG +00-54-028|PGC 66860|UGC 11755	322.49838	2.41417	1.603e7	z	E	0.9	0.56	12	14.37	redshift
NGC 3057	MCG +14-05-010|PGC 29296|UGC 5404	151.4136	80.2857	1.6032e7	m	Sd	1.45	0.92	8	13.59	CF4
NGC 3691	MCG +03-29-053|PGC 35292|UGC 6464	172.0392	16.9204	1.6032e7	m	SBb	1.49	1.04	20	12.63	CF4
NGC 4402	MCG +02-32-044|PGC 40644|UGC 7528	186.5316	13.113	1.6032e7	m	Sb	3.52	1	89	12.78	CF4
NGC 4504	MCG -01-32-022|PGC 41555	188.0729	-7.5633	1.6032e7	m	SABc	3.18	1.97	163	12.11	CF4
NGC 3445	MCG +10-16-023|PGC 32772|UGC 6021	163.6488	56.9898	1.6106e7	m	SABm	1.41	1.28	130	12.93	CF4
NGC 3882	ESO 170-011|PGC 36697	176.5266	-56.3909	1.6106e7	m	SBbc	3.32	1.82	107	12.64	CF4
NGC 5348	MCG +01-35-051|PGC 49411|UGC 8821	208.5468	5.2272	1.6106e7	m	SBbc	3.88	0.73	175	14.34	CF4
NGC 7497	MCG +03-59-002|PGC 70569|UGC 12392	347.2641	18.1773	1.6106e7	m	Sc	2.75	0.97	45	13	CF4
ESO311-012	PGC 21815	116.89187	-41.45214	1.6142e7	z	S0-a	4.37	0.72	15	12.78	redshift
NGC 1386	ESO 358-035|MCG -06-09-005|PGC 13333	54.1925	-35.9992	1.6173e7	m	S0-a	3.59	1.35	25	12.07	CF4
IC 3383	MCG +02-32-075|PGC 40970	187.0514	10.2977	1.6173e7	m	E-S0	0.78	0.54	29	15.14	CF4
NGC 4486B	MCG +02-32-101|PGC 41327	187.6332	12.4902	1.6173e7	m	E	0.38	0.37	20	14.23	CF4
IC 3487	MCG +02-32-133|PGC 41680	188.3061	9.3972	1.6173e7	m	E-S0	0.92	0.54	76	15.04	CF4
NGC 941	MCG +00-07-022|PGC 9414|UGC 1954	37.116	-1.1515	1.6181e7	m	SABc	1.87	1.33	171	13.04	CF4
NGC 4599	MCG +00-32-034|PGC 42453|UGC 7833	190.1128	1.1969	1.6181e7	m	S0-a	1.71	0.72	145	13.49	CF4
NGC 4340	MCG +03-32-021|PGC 40245|UGC 7467	185.8971	16.7225	1.6248e7	m	S0-a	2.82	1.79	87	12.08	CF4
IC 3633	PGC 42426	190.0469	9.8961	1.6248e7	m	E	0.58	0.44	125	15.76	CF4
NGC 4659	MCG +02-33-007|PGC 42913|UGC 7915	191.1225	13.4986	1.6248e7	m	S0-a	1.75	1.24	176	12.96	CF4
NGC 4205	MCG +11-15-038|PGC 39143|UGC 7258	183.7314	63.7828	1.6255e7	m	SBc	1.67	0.66	31	13.71	CF4
NGC 4356	MCG +02-32-026|PGC 40342|UGC 7482	186.0606	8.536	1.6255e7	m	Sc	2.01	0.73	40	13.41	CF4
NGC 4668	MCG +00-33-009|PGC 42999|UGC 7931	191.3832	-0.5351	1.6255e7	m	Scd	1.59	0.92	3	13.55	CF4
IC 1218	MCG +11-20-011|PGC 57699	244.15458	68.20264	1.6257e7	z	Sb	0.92	0.92	60	14.53	redshift
IC 2056	ESO 118-016|PGC 14773	64.10225	-60.20681	1.6257e7	z	Sbc	1.85	1.61	14	12.42	redshift
IC 3837		192.88754	19.72306	1.6317e7	z	I	0.56	0.32	73	17.02	redshift
NGC 4421	MCG +03-32-039|PGC 40785|UGC 7554	186.7606	15.4614	1.6323e7	m	S0-a	2.59	1.97	9	12.29	CF4
IC 3501	MCG +02-32-139|PGC 41754	188.4651	13.3225	1.6323e7	m	E	0.93	0.84	25	14.69	CF4
NGC 1495	ESO 249-034|MCG -07-09-004|PGC 14190	59.5941	-44.4669	1.6331e7	m	Sc	2.22	0.48	104	13.33	CF4
NGC 3510	MCG +05-26-040|PGC 33408|UGC 6126	165.9309	28.8871	1.6331e7	m	SBm	1.55	0.71	163	13.49	CF4
IC 3065	MCG +03-31-082|PGC 39173	183.8025	14.4329	1.6398e7	m	S0	1.24	0.88	179	14.39	CF4
NGC 4307	MCG +02-32-012a|PGC 40033|UGC 7431	185.5233	9.0436	1.6398e7	m	SBb	3.44	0.81	24	12.71	CF4
NGC 4551	MCG +02-32-148|PGC 41963|UGC 7759	188.9082	12.264	1.6413e7	m	E	1.71	1.26	67	12.85	CF4
NGC 4483	MCG +02-32-103|PGC 41339|UGC 7649	187.6694	9.0157	1.6436e7	m	S0-a	1.65	0.85	70	13.09	CF4
NGC 4458	MCG +02-32-082|PGC 41095|UGC 7610	187.2397	13.2418	1.6459e7	m	E	1.59	1.48	175	12.91	CF4
NGC 4313	MCG +02-32-016|PGC 40105|UGC 7445	185.6606	11.8008	1.6474e7	m	Sab	3.8	0.99	141	12.42	CF4
IC 3586	MCG +02-32-157|PGC 42099	189.2283	12.52	1.6474e7	m	S0	1.16	1	73	14.52	CF4
IC 1933	ESO 155-025|PGC 12807	51.4161	-52.7855	1.6482e7	m	Sc	2.27	1.21	54	12.93	CF4
NGC 1483	ESO 201-007|PGC 14022	58.1985	-47.47753	1.6489e7	z	SBbc	1.87	1.51	153	13.19	redshift
NGC 3686	MCG +03-29-051|PGC 35268|UGC 6460	171.93321	17.22419	1.6501e7	z	SBbc	2.88	2.18	21	12	redshift
IC 692	MCG +02-29-027|PGC 35151|UGC 6438	171.47279	9.9875	1.6544e7	z	E	0.85	0.56	118	14.22	redshift
NGC 3899	MCG +05-28-037|PGC 36979|UGC 6801	177.5189	26.4795	1.6558e7	m	Sb	1.51	0.67	4	13.16	CF4
NGC 4157	MCG +09-20-106|PGC 38795|UGC 7183	182.7682	50.4849	1.6558e7	m	SABb	6.22	1.14	65	12.09	CF4
NGC 4183	MCG +07-25-051|PGC 38988|UGC 7222	183.3204	43.6985	1.6558e7	m	Sc	4.29	0.63	166	12.84	CF4
NGC 4544	MCG +01-32-110|PGC 41958|UGC 7756	188.9026	3.0345	1.6558e7	m	SBa	1.93	0.6	163	13.84	CF4
IC 3499	MCG +02-32-138|PGC 41738|UGC 7712	188.4375	10.99572	1.6574e7	z	S0-a	1.61	0.56	125	14.13	redshift
IC 3684	PGC 42679	190.61046	11.74031	1.6574e7	z	E-S0	0.91	0.31	4	15.99	redshift
NGC 4344	MCG +03-32-022|PGC 40249|UGC 7468	185.90612	17.54086	1.6617e7	z	S0	1.34	1.3	56	13.31	redshift
IC 3381	MCG +02-32-074|PGC 40985|UGC 7589	187.0622	11.7898	1.6626e7	m	E	1.19	0.87	104	13.94	CF4
NGC 4612	MCG +01-32-134|PGC 42574|UGC 7850	190.3864	7.3148	1.6626e7	m	S0	2.57	1.77	138	12.1	CF4
IC 1870	MCG -01-08-020|PGC 11202	44.4723	-2.3465	1.6634e7	m	Sm	1.55	0.9	133	13.5	CF4
NGC 1436	ESO 358-058|MCG -06-09-025|PGC 13687	55.9044	-35.853	1.6634e7	m	Sab	2.97	2.08	152	12.46	CF4
NGC 4515	MCG +03-32-065|PGC 41652|UGC 7701	188.2707	16.2655	1.6634e7	m	E-S0	1.35	1.06	6	13.35	CF4
NGC 2883	ESO 372-024|PGC 26713	141.32675	-34.10325	1.6686e7	z	IB	2.02	0.8	178	13.65	redshift
IC 3509	PGC 41797	188.548	12.049	1.6703e7	m	E	1.01	0.72	69	15.17	CF4
NGC 4324	MCG +01-32-032|PGC 40179|UGC 7451	185.7757	5.2505	1.6711e7	m	S0-a	2.96	1.21	55	12.4	CF4
NGC 4980	ESO 443-075|MCG -05-31-037|PGC 45596	197.2922	-28.6417	1.6711e7	m	Sa	1.77	0.78	165	13.55	CF4
NGC 7599	ESO 347-034|MCG -07-47-033|PGC 71066	349.8376	-42.2566	1.6711e7	m	SBc	4.81	1.58	55	12.05	CF4
IC 3461	MCG +02-32-116|PGC 41529	188.0115	11.89	1.678e7	m	E	0.73	0.55	154	15.17	CF4
NGC 3985	MCG +08-22-045|PGC 37542|UGC 6921	179.1754	48.334	1.6788e7	m	Sm	1.06	0.7	67	13.12	CF4
NGC 5360	MCG +01-36-001|PGC 49513	208.91146	4.98506	1.6788e7	z	S0-a	1.1	0.62	63	14.93	redshift
NGC 2328	ESO 309-016|MCG -07-15-002|PGC 20046	105.65083	-42.06856	1.6831e7	z	E-S0	1.59	1.44	120	13.16	redshift
IC 3328	MCG +02-32-042|PGC 40616	186.4911	10.0537	1.6858e7	m	E-S0	0.88	0.82	45	14.38	CF4
IC 3442	MCG +02-32-111|PGC 41435	187.8342	14.1151	1.6858e7	m	E	0.94	0.71	20	14.46	CF4
IC 3635	PGC 42430|UGC 7830	190.0557	12.8749	1.6858e7	m	S?	0.85	0.65	165	15.3	CF4
IC 3693	PGC 42754	190.7418	10.6819	1.6858e7	m	E	0.66	0.46	94	15.67	CF4
NGC 5273	MCG +06-30-072|PGC 48521|UGC 8675	205.5351	35.6544	1.6858e7	m	S0	2.31	1.52	6	12.53	CF4
NGC 2964	MCG +05-23-027|PGC 27777|UGC 5183	145.7268	31.847	1.6866e7	m	Sbc	2.92	2.18	97	12.04	CF4
NGC 3175	ESO 436-003|MCG -05-24-028|PGC 29892	153.6756	-28.8719	1.6866e7	m	Sab	5.25	1.95	55	12.07	CF4
NGC 4094	MCG -02-31-016|PGC 38346	181.475	-14.5264	1.6866e7	m	Sc	4.4	1.51	62	12.84	CF4
NGC 5107	MCG +07-28-001|PGC 46636|UGC 8396	200.3547	38.5367	1.6866e7	m	SBcd	1.71	0.51	128	13.75	CF4
NGC 7513	ESO 469-022|MCG -05-54-023|PGC 70714	348.3082	-28.3575	1.6866e7	m	SBb	3.19	1.92	100	12.6	CF4
NGC 4578	MCG +02-32-159|PGC 42149|UGC 7793	189.3773	9.5551	1.6897e7	m	S0	2.5	1.75	34	12.26	CF4
NGC 4405	MCG +03-32-036|PGC 40643|UGC 7529	186.5298	16.1808	1.6936e7	m	S0-a	1.52	1.02	21	12.94	CF4
IC 3506	PGC 41782	188.5281	12.7416	1.6936e7	m	E	0.71	0.65	49	15.92	CF4
NGC 1140	MCG -02-08-019|PGC 10966	43.6398	-10.0283	1.6943e7	m	SBm	2.04	1	8	12.78	CF4
IC 3474	MCG +01-32-091|PGC 41599|UGC 7687	188.1524	2.6608	1.6943e7	m	Scd	2.26	0.39	43	14.57	CF4
NGC 5879	MCG +10-22-001|PGC 54117|UGC 9753	227.4449	57.0002	1.6943e7	m	Sbc	3.79	1.42	1	12.12	CF4
NGC 2101	ESO 205-001|PGC 17793	86.60071	-52.08853	1.696e7	z	IB	1.24	0.65	94	13.69	redshift
NGC 2082	ESO 086-021|PGC 17609	85.463	-64.30114	1.6973e7	z	SBb	2.06	1.86	50	12.75	redshift
NGC 4747	MCG +04-30-023|PGC 43586|UGC 8005	192.94146	25.77708	1.6985e7	z	SBcd	2.09	1	33	12.99	redshift
NGC 3684	MCG +03-29-050|PGC 35224|UGC 6453	171.7966	17.0302	1.7022e7	m	Sbc	2.29	1.5	126	12.31	CF4
NGC 4222	MCG +02-31-075|PGC 39308|UGC 7291	184.0941	13.3072	1.7022e7	m	Scd	2.83	0.42	56	13.8	CF4
NGC 4478	MCG +02-32-099|PGC 41297|UGC 7645	187.5741	12.3268	1.7053e7	m	E	1.75	1.43	144	12.22	CF4
IC 3019	MCG +02-31-038|PGC 38624|UGC 7136	182.3428	13.9924	1.7092e7	m	E	1.26	0.99	130	13.98	CF4
NGC 4580	MCG +01-32-117|PGC 42174|UGC 7794	189.4517	5.3684	1.7092e7	m	SABa	1.87	1.28	156	12.57	CF4
IC 3735	MCG +02-33-010|PGC 42991	191.335	13.6928	1.7092e7	m	E	1.18	0.87	151	14.57	CF4
NGC 2715	MCG +13-07-015|PGC 25676|UGC 4759	137.0259	78.0853	1.71e7	m	SABc	4.2	1.41	20	12.04	CF4
NGC 3666	MCG +02-29-025|PGC 35043|UGC 6420	171.1087	11.342	1.71e7	m	SBc	3.44	0.99	97	12.69	CF4
NGC 7188	ESO 601-011|MCG -04-52-012|PGC 67943	330.8711	-20.3181	1.71e7	m	SBbc	1.76	0.74	49	14	CF4
NGC 3355	ESO 501-079|MCG -04-25-058|PGC 31840	160.35829	-23.38425	1.7118e7	z	SABm	1.25	0.93	51	14.21	redshift
IC 2934	MCG +02-30-002|PGC 35739	173.58146	13.322	1.7131e7	z	Sd	0.74	0.38	153	15.24	redshift
IC 3665	MCG +02-32-180|PGC 42598|UGC 7855	190.44458	11.48825	1.7131e7	z	I	0.82	0.58	85	15.09	redshift
IC 3571	PGC 2793674	189.08329	26.08378	1.7174e7	z	I	0.6	0.51	121	17.52	redshift
NGC 3917	MCG +09-20-008|PGC 37036|UGC 6815	177.6895	51.8244	1.7179e7	m	Sc	4.61	1.03	76	12.53	CF4
NGC 4904	MCG +00-33-026|PGC 44846|UGC 8121	195.2443	-0.0275	1.7179e7	m	Sc	1.99	1.24	7	12.59	CF4
NGC 5665	MCG +01-37-024|PGC 51953|UGC 9352	218.1072	8.0785	1.7179e7	m	Sc	1.88	1.17	150	12.61	CF4
IC 1251	MCG +12-16-021|PGC 59735|UGC 10757	257.55375	72.4105	1.7187e7	z	Sc	1.21	0.64	67	14.33	redshift
IC 691	MCG +10-16-139|PGC 35206|UGC 6447	171.68467	59.15542	1.7234e7	z	S0	1.14	0.72	148	14.46	redshift
NGC 4623	MCG +01-32-135|PGC 42647|UGC 7862	190.5447	7.6769	1.725e7	m	S0-a	2.23	0.74	175	13.14	CF4
NGC 450	MCG +00-04-062|PGC 4540|UGC 806	18.8768	-0.8609	1.7258e7	m	SABc	2.94	1.95	72	12.79	CF4
NGC 1485	MCG +12-04-010|PGC 14432|UGC 2933	61.2665	70.9966	1.7258e7	m	Sb	2.23	0.69	21	13.49	CF4
NGC 3365	MCG +00-28-006|PGC 32153|UGC 5878	161.5525	1.8133	1.7258e7	m	Sc	4.04	0.69	160	13.18	CF4
IC 3334	PGC 4326375	186.53971	28.46583	1.7259e7	z	I	0.75	0.65	2	16.22	redshift
IC 4171	MCG +06-29-026|PGC 45265|UGC 8182	196.32837	36.10289	1.7264e7	z	Scd	0.71	0.39	82	15.92	redshift
NGC 4121	MCG +11-15-026|PGC 38508	181.986	65.114	1.7266e7	m	E	0.52	0.46	65	13.9	CF4
NGC 2293	ESO 490-049|MCG -04-16-023|PGC 19619	101.9272	-26.7535	1.733e7	m	S0-a	4.41	3.44	130	12.23	CF4
NGC 4694	MCG +02-33-023|PGC 43241|UGC 7969	192.0627	10.9835	1.733e7	m	S0	2	1.11	135	12.21	CF4
NGC 4159	MCG +13-09-015|PGC 38777|UGC 7174	182.7233	76.1259	1.7338e7	m	Scd	1.36	0.55	34	14.22	CF4
NGC 4517A	MCG +00-32-019|PGC 41578|UGC 7685	188.1165	0.3906	1.7338e7	m	Sd	2.05	0.98	30	12.8	CF4
NGC 5121A	ESO 382-061|MCG -06-30-001|PGC 46960	201.3858	-37.3778	1.7338e7	m	SABd	1.21	0.38	106	15.7	CF4
IC 3530	MCG +03-32-073|PGC 41853	188.7055	17.81428	1.7345e7	z	E-S0	1.75	1.22	133	14.53	redshift
NGC 3657	MCG +09-19-065|PGC 35002|UGC 6406	170.98158	52.921	1.7358e7	z	SABc	0.99	0.88	169	13.24	redshift
NGC 4479	MCG +02-32-100|PGC 41302|UGC 7646	187.5767	13.5776	1.7394e7	m	S0	1.43	1.25	14	13.48	CF4
NGC 4476	MCG +02-32-096|PGC 41255|UGC 7637	187.4963	12.3486	1.741e7	m	E-S0	1.7	1.15	27	13.1	CF4
NGC 4638	MCG +02-32-187|PGC 42728|UGC 7880	190.6976	11.4424	1.741e7	m	E-S0	2.31	1.5	123	12.06	CF4
IC 2129	ESO 487-019|MCG -04-14-002|PGC 17402	82.9618	-23.1446	1.7418e7	m	SBd	1.82	0.88	103	13.85	CF4
NGC 2104	ESO 205-002|PGC 17822	86.7699	-51.553	1.7418e7	m	SBm	2.12	0.91	162	13.21	CF4
NGC 4808	MCG +01-33-028|PGC 44086|UGC 8054	193.954	4.3042	1.7418e7	m	SABc	2.36	0.93	127	12.39	CF4
NGC 5145	MCG +07-28-009|PGC 46934|UGC 8439	201.308	43.26728	1.7516e7	z	S0-a	1.97	1.45	84	13.48	redshift
IC 770	PGC 1056625	183.25971	-4.55336	1.7559e7	z		0.46	0.43	40	16.01	redshift
NGC 4540	MCG +03-32-074|PGC 41876|UGC 7742	188.7117	15.5511	1.7571e7	m	SABc	2.19	1.83	43	12.31	CF4
NGC 4377	MCG +03-32-025|PGC 40477|UGC 7501	186.3014	14.7623	1.7587e7	m	E-S0	1.6	1.24	179	12.68	CF4
IC 3331	MCG +02-32-043|PGC 40638	186.52217	11.81222	1.7602e7	z	E	1.02	0.54	51	15.04	redshift
NGC 1390	ESO 548-054|MCG -03-10-017|PGC 13386	54.46738	-19.00836	1.7611e7	z	S0-a	1.45	0.51	21	14.89	redshift
NGC 4984	MCG -02-34-004|PGC 45585	197.23846	-15.51631	1.7628e7	z	S0-a	3.37	2.5	45	12.19	redshift
IC 3344	MCG +02-32-050|PGC 40706	186.63496	13.57878	1.7645e7	z	E	0.8	0.44	60	15.52	redshift
IC 1555	ESO 410-021|MCG -05-02-019|PGC 2071	8.6361	-30.0179	1.766e7	m	Scd	1.31	0.74	129	14.35	CF4
NGC 6255	MCG +06-37-014|PGC 59244|UGC 10606	253.6984	36.5014	1.766e7	m	SBc	3.1	1.37	95	13.66	CF4
NGC 7406	MCG -01-58-003|PGC 69947	343.4844	-6.5791	1.766e7	m	Sb	0.92	0.65	75	14.17	CF4
NGC 3681	MCG +03-29-048|PGC 35193|UGC 6445	171.62417	16.86319	1.7731e7	z	Sbc	1.74	1.68	10	12.42	redshift
NGC 4010	MCG +08-22-049|PGC 37697|UGC 6964	179.6581	47.2614	1.7742e7	m	SBcd	3.07	0.65	66	13.17	CF4
IC 2520	MCG +05-24-003|PGC 28682|UGC 5335	149.08383	27.22758	1.7773e7	z	S0-a	0.88	0.74	57	14.31	redshift
IC 3101	PGC 39405	184.3319	11.9435	1.7816e7	m	E	0.63	0.49	37	15.75	CF4
NGC 4539	MCG +03-32-071|PGC 41839|UGC 7735	188.64475	18.20269	1.7816e7	z	Sa	2.74	1.08	94	12.91	redshift
NGC 5300	MCG +01-35-038|PGC 48959|UGC 8727	207.0669	3.9508	1.7824e7	m	SABc	2.83	1.84	147	13.17	CF4
NGC 3346	MCG +03-28-001|PGC 31982|UGC 5842	160.91213	14.87186	1.7876e7	z	Sc	2.64	2.2	119	12.57	redshift
NGC 3796	MCG +10-17-039|PGC 36215|UGC 6638	175.12967	60.29892	1.7885e7	z	E-S0	1.46	0.88	126	13.32	redshift
NGC 7180	ESO 601-006|MCG -04-52-008|PGC 67890	330.577	-20.5478	1.7898e7	m	E-S0	1.66	0.77	65	13.53	CF4
IC 3097	PGC 39375	184.25463	9.40756	1.7902e7	z	E	0.79	0.53	26	15.26	redshift
ESO358-063	PGC 13809	56.5791	-34.9436	1.7906e7	m	Scd	4.27	1.26	132	12.61	CF4
NGC 1519	ESO 550-009|MCG -03-11-013|PGC 14514	62.0316	-17.1929	1.7906e7	m	SBb	2.47	0.9	107	13.59	CF4
NGC 3712	MCG +05-27-082|PGC 35507|UGC 6506	172.7887	28.567	1.7906e7	m	SBd	1.97	0.7	159	15.63	CF4
NGC 3952	MCG -01-30-044|PGC 37285	178.4192	-3.9963	1.7906e7	m	SBm	1.63	0.41	84	13.49	CF4
NGC 5841	MCG +00-39-001|PGC 53941	226.646	2.00481	1.7945e7	z	S0-a	1.19	0.49	150	14.5	redshift
NGC 1556	ESO 202-004|PGC 14818	64.4369	-50.1644	1.7989e7	m	Sb	1.53	0.58	167	13.47	CF4
NGC 4330	MCG +02-32-020|PGC 40201|UGC 7456	185.8208	11.3675	1.7989e7	m	Sc	2.29	0.6	60	13.12	CF4
NGC 4387	MCG +02-32-039|PGC 40562|UGC 7517	186.4238	12.8104	1.7989e7	m	E	1.58	0.94	138	12.93	CF4
IC 4362	MCG -07-29-007|PGC 50246	211.3427	-41.8187	1.7989e7	m	SBc	1.81	0.69	147	13.43	CF4
NGC 3418	MCG +05-26-023|PGC 32549|UGC 5963	162.84979	28.11203	1.8e7	z	S0-a	1.1	0.94	77	14.28	redshift
NGC 4411B	MCG +02-32-055|PGC 40745|UGC 7546	186.69679	8.88461	1.803e7	z	SABc	1.92	1.72	90	12.98	redshift
IC 2007	ESO 419-011|MCG -05-10-005|PGC 14106|PGC 14110	58.8449	-28.1582	1.8072e7	m	Sbc	1.29	0.6	48	13.73	CF4
IC 3413	MCG +02-32-088|PGC 41155|UGC 7620	187.34379	11.43389	1.8116e7	z	E	1.21	0.7	164	14.36	redshift
NGC 3757	MCG +10-17-026|PGC 35955|UGC 6584	174.26192	58.41553	1.8142e7	z	S0	1.14	0.89	125	13.44	redshift
NGC 4482	MCG +02-32-098|PGC 41272|UGC 7640	187.5432	10.7795	1.8147e7	m	E	1.51	0.85	137	13.69	CF4
IC 3490	PGC 41681	188.3079	10.9285	1.8147e7	m	E	0.59	0.33	64	16.02	CF4
NGC 693	MCG +01-05-035|PGC 6778|UGC 1304	27.6288	6.1451	1.8155e7	m	S0-a	2.11	1.09	106	13.24	CF4
IC 1970	ESO 249-007|MCG -07-08-003|PGC 13322	54.1314	-43.9569	1.8155e7	m	Sb	2.99	0.76	75	12.93	CF4
NGC 3495	MCG +01-28-027|PGC 33234|UGC 6098	165.3175	3.6281	1.8155e7	m	SABc	4.66	1	20	12.43	CF4
NGC 4217	MCG +08-22-087|PGC 39241|UGC 7282	183.9623	47.0919	1.8155e7	m	Sb	5.43	1.61	50	12.05	CF4
NGC 4032	MCG +03-31-010|PGC 37860|UGC 6995	180.13675	20.07394	1.8159e7	z	I	1.35	1.06	179	13.03	redshift
NGC 5669	MCG +02-37-021|PGC 51973|UGC 9353	218.1825	9.8913	1.8164e7	m	Sc	2.57	1.46	54	12.97	CF4
IC 783	MCG +03-32-008|PGC 39965|UGC 7415	185.41163	15.74511	1.8202e7	z	S0-a	1.23	1.13	100	14.09	redshift
IC 3361	PGC 40759	186.72729	10.66586	1.8202e7	z	E	1.02	0.71	119	15.49	redshift
NGC 4366	MCG +01-32-050|PGC 40421	186.19588	7.35303	1.8202e7	z	E	0.85	0.31	41	14.9	redshift
NGC 5103	MCG +07-27-062|PGC 46552|UGC 8388	200.12533	43.08397	1.8215e7	z	S0	1.59	0.98	142	13.43	redshift
NGC 2748	MCG +13-07-019|PGC 26018|UGC 4825	138.4293	76.4753	1.8239e7	m	Sbc	2.6	1.11	39	12.39	CF4
NGC 3981	ESO 572-020|MCG -03-31-001|PGC 37496	179.031	-19.8961	1.8239e7	m	Sbc	3.32	2.11	15	12.16	CF4
NGC 5667	MCG +10-21-004|PGC 51830|UGC 9344	217.5954	59.4697	1.8239e7	m	Sc	1.62	0.82	170	13.24	CF4
IC 758	MCG +11-15-014|PGC 38173|UGC 7056	181.0495	62.50536	1.8245e7	z	Sc	1.75	0.8	28	14.25	redshift
IC 3267	MCG +01-32-044|PGC 40317|UGC 7474	186.02304	7.04128	1.8245e7	z	Sc	1.21	1.17	30	14.12	redshift
IC 3457	MCG +02-32-114|PGC 41494|UGC 7672	187.96392	12.657	1.8287e7	z	E	1	0.67	143	14.84	redshift
NGC 1546	ESO 157-012|PGC 14723	63.65225	-56.06081	1.8296e7	z	S0-a	3.72	2.5	143	12.06	redshift
NGC 4306	MCG +02-32-014|PGC 40032|UGC 7433	185.517	12.7875	1.8315e7	m	S0	1.49	1.06	142	13.58	CF4
NGC 4486A	MCG +02-32-110|PGC 41377|UGC 7658	187.7405	12.2703	1.8315e7	m	E	0.92	0.81	25	12.74	CF4
NGC 3206	MCG +10-15-069|PGC 30322|UGC 5589	155.4481	56.9304	1.8323e7	m	SBc	2.3	1.17	7	13.29	CF4
NGC 4411	MCG +02-32-048|PGC 40695|UGC 7537	186.62542	8.87222	1.833e7	z	Sc	1.63	0.98	19	13.31	redshift
NGC 1336	ESO 358-002|MCG -06-08-016|PGC 12848	51.6342	-35.7137	1.8357e7	m	E-S0	1.97	1.41	15	13.15	CF4
IC 3028	PGC 38747	182.64871	11.76081	1.8373e7	z	S0	0.55	0.31	152	15.72	redshift
NGC 4301	MCG +01-32-027|PGC 40087|UGC 7439	185.61338	4.56628	1.8373e7	z	Sc	1.14	1.09	15	13.53	redshift
IC 2000	ESO 201-003|PGC 13912	57.2823	-48.8582	1.8408e7	m	SBc	4.88	0.85	82	13.01	CF4
IC 3259	MCG +01-32-040|PGC 40273|UGC 7469	185.9522	7.1863	1.8408e7	m	SABd	1.64	0.83	18	14.23	CF4
NGC 4445	MCG +02-32-072|PGC 40987|UGC 7587	187.0665	9.4363	1.8408e7	m	Sab	2.54	0.5	105	13.56	CF4
IC 3562	PGC 42021	189.0441	9.9226	1.8408e7	m	I	0.93	0.36	46	16.19	CF4
NGC 3177	MCG +04-24-023|PGC 30010|UGC 5544	154.14225	21.12306	1.8416e7	z	Sb	1.44	1.1	140	13.01	redshift
NGC 4722	MCG -02-33-031|PGC 43560	192.88496	-13.33003	1.8416e7	z	S0-a	1.98	0.69	32	13.68	redshift
IC 3908	MCG -01-33-056|PGC 44166	194.16925	-7.56278	1.8442e7	z	SBcd	2.43	0.79	172	13.33	redshift
NGC 4352	MCG +02-32-023|PGC 40313|UGC 7475	186.0208	11.2181	1.8484e7	m	S0	1.64	0.77	102	13.43	CF4
NGC 63	MCG +02-01-030|PGC 1160|UGC 167	4.4397	11.4503	1.8493e7	m	E-S0	1.72	1.04	108	12.7	CF4
NGC 3622	PGC 34692|UGC 6339	170.0515	67.2417	1.8493e7	m	Scd	1.25	0.51	9	13.62	CF4
NGC 4206	MCG +02-31-066|PGC 39183|UGC 7260	183.8201	13.0238	1.8493e7	m	Sbc	4.69	0.88	0	12.87	CF4
IC 3054	PGC 39080	183.56012	13.54294	1.8501e7	z	E	0.68	0.54	158	16.33	redshift
NGC 3454	MCG +03-28-030|PGC 32763|UGC 6026	163.6217	17.3445	1.8578e7	m	SBc	2.41	0.53	116	13.71	CF4
NGC 3471	MCG +10-16-039|PGC 33074|UGC 6064	164.7875	61.5306	1.8578e7	m	SBa	1.79	0.92	12	13.25	CF4
NGC 3717	ESO 439-015|MCG -05-27-015|PGC 35539	172.8831	-30.3077	1.8578e7	m	Sb	6.52	2.04	32	12.21	CF4
NGC 4102	MCG +09-20-094|PGC 38392|UGC 7096	181.5978	52.711	1.8578e7	m	SABb	2.94	1.67	37	12.08	CF4
ESO380-001	PGC 39125	183.6881	-35.5097	1.8578e7	m	Sb	2.14	1.62	18	12.89	CF4
NGC 3162	MCG +04-24-019|PGC 29800|UGC 5510	153.38163	22.73756	1.86e7	z	SABc	2.09	1.69	26	12.29	redshift
IC 3346	PGC 40739	186.68512	11.37972	1.863e7	z	E	0.65	0.5	147	15.78	redshift
NGC 4723	MCG -02-33-026|PGC 43510	192.76212	-13.23661	1.8634e7	z	SABm	1.02	0.55	43	15.38	redshift
IC 3322	MCG +01-32-057|PGC 40607|UGC 7518	186.4755	7.5547	1.8664e7	m	SABc	2.33	0.65	156	14.08	CF4
IC 3365	MCG +03-32-041|PGC 40811|UGC 7563	186.7981	15.8972	1.8664e7	m	I	0.87	0.66	67	14.29	CF4
NGC 5088	MCG -02-34-034|PGC 46535	200.0846	-12.5717	1.8664e7	m	SABb	1.86	0.51	180	13.15	CF4
IC 2147	ESO 424-013|MCG -05-14-013|PGC 17662	85.86692	-30.49503	1.8711e7	z	Scd	1.56	1.29	86	13.62	redshift
IC 3767	PGC 43119	191.73117	10.18242	1.8716e7	z	E	1.07	0.34	77	16.07	redshift
NGC 3838	MCG +10-17-056|PGC 36505|UGC 6707	176.05733	57.94822	1.8716e7	z	S0-a	1.43	0.59	141	13.23	redshift
NGC 1292	ESO 418-001|MCG -05-08-026|PGC 12285	49.5622	-27.6104	1.875e7	m	Sc	2.93	1.2	9	12.82	CF4
IC 4402	ESO 272-005|PGC 51288	215.3045	-46.2978	1.875e7	m	Sb	5.78	0.96	126	12.04	CF4
NGC 1536	ESO 157-005|PGC 14620	62.74942	-56.48044	1.8754e7	z	SBc	1.67	1.21	157	13.53	redshift
IC 3227	PGC 40093	185.64858	24.08514	1.8801e7	z	S0	0.46	0.22	169	16.52	redshift
NGC 1159	PGC 11383|UGC 2467	45.1938	43.1625	1.8836e7	m	Sc	0.48	0.4	115	14.21	CF4
NGC 4779	MCG +02-33-034|PGC 43837|UGC 8022	193.4617	9.7099	1.8836e7	m	SBc	1.86	1.31	54	13.07	CF4
NGC 5984	MCG +02-40-011|PGC 55853|UGC 9987	235.722	14.2307	1.8836e7	m	Sc	2.48	0.57	144	13.28	CF4
NGC 5099	PGC 46627	200.33154	-13.04236	1.8853e7	z	E	0.69	0.59	50	15.34	redshift
NGC 6412	MCG +13-12-026|PGC 60393|UGC 10897	262.40629	75.70442	1.89e7	z	SABc	2.13	1.84	142	12.38	redshift
IC 345	ESO 548-074|MCG -03-10-032|PGC 13552	55.28804	-18.31414	1.8913e7	z	S0	0.88	0.73	37	14.71	redshift
NGC 337	MCG -01-03-053|PGC 3572	14.9588	-7.5782	1.8923e7	m	SBcd	2.92	1.89	158	12.01	CF4
NGC 3003	MCG +06-22-013|PGC 28186|UGC 5251	147.1488	33.4214	1.8923e7	m	Sbc	4.74	1.06	79	12.25	CF4
NGC 3424	MCG +06-24-025|PGC 32584|UGC 5972	162.9434	32.9004	1.8923e7	m	SBb	2.49	0.78	111	13.13	CF4
NGC 3526	MCG +01-28-039|PGC 33635|UGC 6167	166.7361	7.1739	1.8923e7	m	Sc	2.38	0.56	55	13.58	CF4
NGC 4237	MCG +03-31-091|PGC 39393|UGC 7315	184.2975	15.3239	1.8923e7	m	SABb	1.82	1.18	106	12.39	CF4
IC 3419	PGC 41211	187.43575	15.02475	1.893e7	z	E	0.68	0.43	1	16.3	redshift
NGC 3664A	PGC 35042|UGC 6418	171.10458	3.2225	1.8943e7	z	Sm	0.63	0.51	1	15.77	redshift
NGC 7	ESO 409-022|MCG -05-01-037|PGC 627	2.0869	-29.9153	1.9011e7	m	Sc	2.47	0.53	23	14.35	CF4
IC 4213	MCG +06-29-057|PGC 45848|UGC 8280	198.0465	35.6701	1.9011e7	m	Sc	2.48	0.48	176	13.98	CF4
NGC 5775	MCG +01-38-014|PGC 53247|UGC 9579	223.49	3.5443	1.9011e7	m	SBc	3.7	0.85	148	12.23	CF4
NGC 3301	MCG +04-25-035|PGC 31497|UGC 5767	159.2335	21.88214	1.9058e7	z	S0-a	3.63	1.06	53	12.29	redshift
NGC 3936	ESO 504-020|MCG -04-28-004|PGC 37178	178.0858	-26.9058	1.9099e7	m	SBbc	4.55	0.78	64	12.79	CF4
NGC 5705	MCG +00-37-021|PGC 52395|UGC 9447	219.9575	-0.7184	1.9099e7	m	SBcd	1.35	0.6	77	14.03	CF4
IC 3096	MCG +03-31-090|PGC 39358	184.21817	14.51458	1.9101e7	z	Sa	1.11	0.37	96	15.18	redshift
NGC 6538	MCG +12-17-012|PGC 61072|UGC 11062	268.56921	73.42394	1.9101e7	z	Sbc	0.94	0.52	50	14.05	redshift
NGC 1331	ESO 548-019|MCG -04-09-012|PGC 12846	51.618	-21.3556	1.9125e7	m	E	0.92	0.79	11	14.3	CF4
NGC 1373	ESO 358-021|MCG -06-08-028|PGC 13252	53.7467	-35.1711	1.9143e7	m	E	1.2	1.14	110	14.12	CF4
NGC 1097A	ESO 416-019|MCG -05-07-022|PGC 10479	41.54125	-30.22806	1.9157e7	z	E	1	0.57	100	13.97	redshift
IC 745	MCG +00-30-034|PGC 37339|UGC 6877	178.5511	0.1366	1.9178e7	m	S0	0.78	0.76	10	14.04	CF4
IC 3025	MCG +02-31-040|PGC 38726	182.5962	10.1885	1.9178e7	m	E-S0	0.73	0.43	102	14.94	CF4
NGC 1406	ESO 418-015|MCG -05-09-020|PGC 13458	54.8471	-31.3214	1.9187e7	m	SBbc	4.5	0.9	17	12.42	CF4
IC 600	MCG +00-26-034|PGC 30041	154.2955	-3.4977	1.9187e7	m	SBd	1.92	1.03	13	13.7	CF4
IC 2995	ESO 440-050|MCG -05-29-008|PGC 38330	181.4457	-27.9401	1.9187e7	m	SBc	3.37	0.85	114	13.23	CF4
NGC 5470	MCG +01-36-019|PGC 50317|UGC 9020	211.632	6.029	1.9187e7	m	Sb	2.6	0.42	62	14.24	CF4
NGC 5916	MCG -02-39-020|PGC 54825	230.4079	-13.1692	1.9187e7	m	SBa	3.09	0.7	21	13.48	CF4
NGC 2146A	MCG +13-05-025|PGC 18960|UGC 3439	95.9801	78.53	1.9275e7	m	SABc	2.72	1.1	32	13.52	CF4
NGC 5500	MCG +08-26-008|PGC 50588|UGC 9070	212.5635	48.5461	1.9284e7	m	E	0.92	0.76	136	14.37	CF4
NGC 1047	MCG -01-07-032|PGC 10132	40.13683	-8.14767	1.9328e7	z	S0-a	1.36	0.75	91	14.43	redshift
NGC 4353	MCG +01-32-043|PGC 40303	185.9995	7.7844	1.9364e7	m	IB	1.05	0.81	67	14.13	CF4
NGC 5690	MCG +00-37-019|PGC 52273|UGC 9416	219.421	2.2909	1.9364e7	m	Sc	3.2	0.99	145	12.48	CF4
IC 781	MCG +03-32-002|PGC 39754	185.01375	14.96153	1.9401e7	z	E-S0	1.3	1.24	30	14.17	redshift
NGC 4319	MCG +13-09-025|PGC 39981|UGC 7429	185.43279	75.32258	1.9444e7	z	SBab	2.45	0.97	154	12.88	redshift
NGC 4561	MCG +03-32-076|PGC 42020|UGC 7768	189.03417	19.32292	1.9444e7	z	SBcd	1.32	1.12	61	13.04	redshift
IC 1919	ESO 358-001|MCG -06-08-015|PGC 12825	51.5094	-32.8944	1.9445e7	m	E-S0	1.73	1.08	84	13.79	CF4
NGC 1411	ESO 249-011|MCG -07-08-004|PGC 13429	54.6872	-44.1007	1.9445e7	m	E-S0	2.45	1.76	12	12.17	CF4
NGC 6395	MCG +12-16-039|PGC 60291|UGC 10876	261.6303	71.0962	1.9454e7	m	SBc	2.25	0.73	17	12.69	CF4
NGC 6654A	MCG +12-17-029|PGC 62207|UGC 11332	279.8809	73.5829	1.9454e7	m	SBcd	2.11	0.44	59	13.49	CF4
NGC 1351	ESO 358-012|MCG -06-08-022|PGC 13028	52.6457	-34.854	1.9463e7	m	E-S0	3.4	2.2	139	12.44	CF4
NGC 4013	MCG +07-25-009|PGC 37691|UGC 6963	179.6307	43.9468	1.9472e7	m	SABb	4.89	1.23	58	12.27	CF4
NGC 1366	ESO 418-010|MCG -05-09-013|PGC 13197	53.4736	-31.1941	1.948e7	m	S0	2.05	0.94	4	12.8	CF4
IC 3448	PGC 41439	187.84663	17.20642	1.9487e7	z	E-S0	0.97	0.57	97	15.52	redshift
NGC 4945A	ESO 219-028|PGC 45380	196.64054	-49.69064	1.9499e7	z	Sm	2.63	1.62	57	13.31	redshift
NGC 3213	MCG +03-27-004|PGC 30283|UGC 5590	155.32229	19.65178	1.9504e7	z	Sbc	1.05	0.83	128	14.21	redshift
IC 2563	ESO 436-009|PGC 30125	154.71637	-32.59656	1.9508e7	z	SBcd	0.91	0.38	110	15.56	redshift
NGC 3664	MCG +01-29-041|PGC 35041|UGC 6419	171.10104	3.325	1.9512e7	z	SBm	1.45	0.94	34	13.31	redshift
NGC 3098	MCG +04-24-012|PGC 29067|UGC 5397	150.56954	24.71108	1.9529e7	z	S0	2.33	0.5	90	12.86	redshift
NGC 4342	MCG +01-32-039|PGC 40252|UGC 7466	185.9126	7.0539	1.9534e7	m	E-S0	1.25	0.64	165	13.21	CF4
NGC 5770	MCG +01-38-011|PGC 53201|UGC 9575	223.3127	3.9598	1.9534e7	m	S0	1.1	0.9	105	13.16	CF4
NGC 3850	MCG +09-19-174|PGC 36660|UGC 6733	176.3987	55.8868	1.9543e7	m	Sc	1.71	0.69	124	14.46	CF4
IC 4178	MCG +06-29-030|PGC 45306|UGC 8187	196.423	36.0174	1.9543e7	m	I	0.63	0.24	120	16.19	CF4
IC 5078	MCG -03-53-021|PGC 65960	315.63	-16.8181	1.9543e7	m	Sc	3.24	0.56	86	13.52	CF4
IC 3605		189.58729	19.54133	1.9572e7	z	Sm	0.7	0.45	12	15.79	redshift
NGC 3512	MCG +05-26-041|PGC 33432|UGC 6128	166.01225	28.03681	1.9572e7	z	Sc	1.59	1.36	141	13	redshift
NGC 1374	ESO 358-023|MCG -06-08-029|PGC 13267	53.8191	-35.2263	1.9579e7	m	E	2.86	2.65	120	12.01	CF4
NGC 1110	MCG -01-08-010|PGC 10673	42.2899	-7.8371	1.9634e7	m	SBm	2.37	0.46	11	14.5	CF4
NGC 4085	MCG +09-20-086|PGC 38283|UGC 7075	181.3446	50.3529	1.9634e7	m	SABc	2.22	0.57	78	12.3	CF4
NGC 4129	MCG -01-31-006|PGC 38580	182.2217	-9.0364	1.9634e7	m	SBab	2.58	0.71	94	13.08	CF4
IC 3510	MCG +02-32-142|PGC 41803|UGC 7728	188.56171	11.07153	1.9658e7	z	E	0.81	0.62	15	14.87	redshift
NGC 4880	MCG +02-33-047|PGC 44719|UGC 8109	195.04404	12.48331	1.9658e7	z	S0-a	2.63	1.97	164	12.66	redshift
NGC 5334	MCG +00-35-024|PGC 49308|UGC 8790	208.22692	-1.11464	1.9658e7	z	Sc	3.38	2.44	17	13.02	redshift
NGC 701	MCG -02-05-060|PGC 6826	27.7667	-9.7023	1.967e7	m	SBc	2.24	1.11	49	12.8	CF4
NGC 4771	MCG +00-33-017|PGC 43784|UGC 8020	193.3384	1.2692	1.9724e7	m	Sc	3.1	0.98	133	12.73	CF4
NGC 7250	MCG +07-45-024|PGC 68535|UGC 11980	334.5743	40.5624	1.9779e7	m	Scd	2.12	0.94	160	13.2	CF4
NGC 1339	ESO 418-004|MCG -05-09-004|PGC 12917	52.0273	-32.2861	1.9806e7	m	E	2.01	1.47	172	12.53	CF4
NGC 1375	ESO 358-024|MCG -06-08-030|PGC 13266	53.8202	-35.2656	1.9806e7	m	S0	2.28	1	90	13.17	CF4
NGC 1380A	ESO 358-033|MCG -06-09-006|PGC 13335	54.1978	-34.7396	1.9806e7	m	S0	2.76	0.78	176	13.29	CF4
NGC 1530	MCG +13-04-004|PGC 15018|UGC 3013	65.8629	75.2956	1.9815e7	m	SBb	1.82	1.04	130	12.5	CF4
NGC 1809	ESO 056-048|PGC 16599	75.5225	-69.5676	1.9815e7	m	Sc	3.74	1.44	143	13.2	CF4
NGC 4081	MCG +11-15-015|PGC 38212|UGC 7062	181.14	64.4374	1.9815e7	m	Sa	1.43	0.63	130	13.52	CF4
NGC 4220	MCG +08-22-089|PGC 39285|UGC 7290	184.0488	47.8833	1.9815e7	m	S0-a	3.3	0.99	140	12.23	CF4
NGC 4519	MCG +02-32-135|PGC 41719|UGC 7709	188.3761	8.6545	1.9815e7	m	Scd	2.33	1.77	147	12.38	CF4
NGC 5729	MCG -01-37-012|PGC 52507	220.5285	-9.0095	1.9815e7	m	Sb	2.47	0.62	175	12.98	CF4
IC 2058	ESO 157-018|PGC 14824	64.47646	-55.93289	1.9821e7	z	Scd	3.4	0.48	18	13.76	redshift
NGC 1460	ESO 358-062|MCG -06-09-031|PGC 13805	56.5572	-36.6964	1.9898e7	m	S0	1.92	1.62	85	13.53	CF4
NGC 2591	MCG +13-07-001|PGC 24231|UGC 4472	129.3564	78.0264	1.9907e7	m	Sc	2.95	0.64	33	12.66	CF4
NGC 3044	MCG +00-25-031|PGC 28517|UGC 5311	148.4204	1.5796	1.9907e7	m	SBc	4.2	0.7	114	12.47	CF4
IC 3229	MCG +01-32-030|PGC 40147|UGC 7448	185.72	6.6798	1.9907e7	m	SBbc	1.23	0.41	43	15.25	CF4
NGC 5496	MCG +00-36-026|PGC 50676|UGC 9079	212.9087	-1.1605	1.9907e7	m	SBc	2.69	0.58	176	13.45	CF4
NGC 2397B	ESO 058-031|PGC 20813	110.48154	-68.84581	1.9932e7	z	IB	1.2	0.57	99	14.99	redshift
NGC 1396	PGC 13398	54.5272	-35.4399	1.9989e7	m	E-S0	0.92	0.54	90	14.81	CF4
NGC 3592	MCG +03-29-011|PGC 34248|UGC 6267	168.614	17.26	1.9999e7	m	Sc	2.13	0.57	118	14.55	CF4
NGC 6010	MCG +00-40-013|PGC 56337|UGC 10081	238.5799	0.543	1.9999e7	m	S0-a	1.82	0.4	100	13.17	CF4
IC 700 NED02	MCG +04-27-047 NED02|PGC 35382|UGC 6487 NED02	172.31375	20.58317	2.0005e7	z	S?	0.94	0.46	71	14.09	redshift
NGC 918	MCG +03-07-011|PGC 9236|UGC 1888	36.4618	18.4963	2.0035e7	m	Sc	3.09	1.73	157	13.09	CF4
NGC 4674	MCG -01-33-005|PGC 43050	191.51446	-8.65544	2.0056e7	z	Sa	1.79	0.7	105	13.96	redshift
NGC 1190	MCG -03-08-062|PGC 11508	45.8592	-15.6621	2.0091e7	m	S0-a	0.76	0.29	98	15.16	CF4
IC 1898	ESO 481-002|MCG -04-08-036|PGC 11851	47.58	-22.4058	2.0091e7	m	SBc	3.66	0.65	73	13.62	CF4
NGC 1351A	ESO 358-009|MCG -06-08-021|PGC 12952	52.2032	-35.1782	2.0091e7	m	SBbc	2.49	0.65	129	13.81	CF4
NGC 2848	MCG -03-24-007|PGC 26404	140.0413	-16.5258	2.0091e7	m	SABc	2.69	2.02	29	12.45	CF4
NGC 3049	MCG +02-25-055|PGC 28590|UGC 5325	148.7069	9.2714	2.0091e7	m	SBb	2.11	1.22	28	13.53	CF4
NGC 4331	MCG +13-09-026|PGC 40085|UGC 7449	185.6487	76.1722	2.0091e7	m	I	1.58	0.37	2	14.71	CF4
IC 2554	ESO 092-012|PGC 29512	152.21067	-67.03086	2.0103e7	z	SBbc	3.31	1.29	8	12.5	redshift
IC 1826	ESO 416-006|MCG -05-07-012|PGC 10041	39.76479	-27.44314	2.0116e7	z	S0-a	2.06	1.81	107	13.17	redshift
NGC 986A	ESO 299-006|MCG -07-06-014A|PGC 9685	38.17271	-39.29622	2.0133e7	z		1.85	0.29	78	14.6	redshift
IC 676	MCG +02-29-009|PGC 34107|UGC 6245	168.16592	9.05583	2.0172e7	z	S0-a	1.85	1.31	0	13.41	redshift
IC 3349	PGC 40744	186.69608	12.45397	2.0172e7	z	E	0.9	0.85	25	14.83	redshift
IC 3806	MCG +03-33-006|PGC 43303|UGC 7974	192.23067	14.90789	2.0172e7	z	Sa	1.29	0.44	179	14.2	redshift
IC 2006	ESO 359-007|MCG -06-09-037|PGC 14077	58.6187	-35.9672	2.0174e7	m	E	2.36	1.98	35	12.24	CF4
NGC 3599	MCG +03-29-015|PGC 34326|UGC 6281	168.8625	18.1103	2.0174e7	m	S0	2.4	2.18	105	12.88	CF4
IC 4721	ESO 140-027|PGC 62066	278.6024	-58.4965	2.0184e7	m	SBc	5.3	1.64	149	12.37	CF4
IC 700 NED01	MCG +04-27-047 NED01|PGC 35380|UGC 6487 NED01	172.309	20.58111	2.0219e7	z	I	0.2	0.13	0	16.31	redshift
NGC 3400	MCG +05-26-020|PGC 32499|UGC 5949	162.68946	28.46908	2.0245e7	z	SBa	1.53	0.91	97	14.07	redshift
IC 3701	PGC 42812	190.87879	11.04714	2.0257e7	z	E-S0	0.45	0.34	59	16.59	redshift
NGC 3277	MCG +05-25-022|PGC 31166|UGC 5731	158.23104	28.51172	2.0257e7	z	Sab	2.11	1.59	29	12.47	redshift
NGC 4678	MCG -01-33-018|PGC 43385	192.42437	-4.57972	2.0262e7	z	S?	0.97	0.51	85	14.26	redshift
ESO221-026	PGC 50448	212.09921	-47.97047	2.0275e7	z	E	3.16	2.19	0	12.07	redshift
IC 2085	ESO 157-038|PGC 15388	67.851	-54.4169	2.0277e7	m	S0-a	2.45	0.54	112	13.95	CF4
NGC 4376	MCG +01-32-053|PGC 40494|UGC 7498	186.3253	5.741	2.0277e7	m	I	1.32	0.79	152	13.81	CF4
NGC 1369	ESO 358-034|MCG -06-09-004|PGC 13330	54.18854	-36.25622	2.033e7	z	S0-a	2.22	1.73	9	13.69	redshift
IC 700 NED03	MCG +04-27-047 NED03|PGC 35384|UGC 6487 NED03	172.31817	20.58658	2.0334e7	z	I	0.3	0.28	25	17.23	redshift
NGC 3265	MCG +05-25-019|PGC 31029|UGC 5705	157.77821	28.79667	2.0343e7	z	E	0.97	0.71	73	14.05	redshift
NGC 3605	MCG +03-29-019|PGC 34415|UGC 6295	169.1944	18.0172	2.0361e7	m	E	1.25	0.71	19	13.16	CF4
NGC 755	MCG -02-06-005|PGC 7262	29.0941	-9.0617	2.037e7	m	SBbc	2.87	0.9	53	13.1	CF4
NGC 3568	ESO 377-020|MCG -06-25-009|PGC 33952	167.7024	-37.4478	2.037e7	m	Sc	2.7	1.18	6	12.93	CF4
IC 750	MCG +07-25-010|PGC 37719|UGC 6973	179.7176	42.7226	2.037e7	m	Sab	2.11	1.02	40	12.82	CF4
NGC 5523	MCG +04-34-008|PGC 50895|UGC 9119	213.7179	25.3174	2.037e7	m	SABc	2.04	0.89	92	13.13	CF4
NGC 7667	MCG +00-59-038|PGC 71345|UGC 12578	351.0962	-0.1078	2.037e7	m	Sm	1.05	0.35	80	14.87	CF4
NGC 4363	PGC 40233	185.86833	74.95222	2.0386e7	z	Sb	0.79	0.63	10	14.54	redshift
NGC 3846A	MCG +09-19-169|PGC 36506|UGC 6706	176.06175	55.03497	2.039e7	z	IB	1.94	1.55	47	14.1	redshift
NGC 2820A	MCG +11-12-005|PGC 26485	140.37529	64.23872	2.0429e7	z	Sa	0.47	0.16	9	15.44	redshift
NGC 1382	ESO 358-037|MCG -06-09-009|PGC 13354	54.2874	-35.1951	2.0455e7	m	E-S0	1.99	1.36	23	13.81	CF4
NGC 406	ESO 051-018|PGC 3980	16.8527	-69.8774	2.0464e7	m	SBc	2.44	1.1	162	13.05	CF4
NGC 4384	MCG +09-20-168|PGC 40475|UGC 7506	186.2995	54.5062	2.0464e7	m	Sa	1.27	0.99	85	13.52	CF4
IC 1024	MCG +01-37-022|PGC 51895|UGC 9341	217.86333	3.00908	2.0472e7	z	S0	1.11	0.47	29	13.98	redshift
IC 3192	PGC 39893	185.27004	11.75461	2.0472e7	z	E	0.58	0.45	170	16.11	redshift
NGC 3637	MCG -02-29-020|PGC 34731	170.1648	-10.2572	2.0474e7	m	S0	2.45	2.14	20	13.53	CF4
IC 2209	MCG +10-12-017|PGC 22232|UGC 4093	119.05921	60.30408	2.0514e7	z	SBb	0.84	0.75	145	14.37	redshift
NGC 4519A	MCG +02-32-134|PGC 41706	188.35296	8.69075	2.0536e7	z	I	0.58	0.3	45	15.71	redshift
NGC 1461	MCG -03-10-047|PGC 13881	57.11308	-16.39289	2.0557e7	z	S0	2.9	0.85	157	12.82	redshift
NGC 1253	MCG -01-09-018|PGC 12041	48.5385	-2.8225	2.0559e7	m	SABc	4.57	1.86	85	12.25	CF4
IC 335	ESO 358-026|MCG -06-08-031|PGC 13277	53.879	-34.4471	2.0559e7	m	S0	2.62	0.8	83	12.99	CF4
NGC 2788	ESO 061-002|PGC 25761	137.2628	-67.9325	2.0559e7	m	Sab	1.67	0.39	116	13.27	CF4
NGC 6118	MCG +00-42-002|PGC 57924|UGC 10350	245.4527	-2.2833	2.0559e7	m	Sc	4.45	1.78	59	12.44	CF4
NGC 3485	MCG +03-28-044|PGC 33140|UGC 6077	165.00992	14.84158	2.0587e7	z	Sb	2.17	2.05	50	12.72	redshift
NGC 4467	MCG +01-32-080|PGC 41169	187.37604	7.99286	2.06e7	z	E	0.59	0.49	55	14.93	redshift
NGC 1511B	ESO 055-006|PGC 14279	60.22792	-67.61194	2.0609e7	z	SBcd	1.39	0.25	97	15.18	redshift
IC 1420 NED02	MCG +03-56-005 NED02|PGC 93140|UGC 11880 NED02	330.6345	19.75011	2.0613e7	z	Sd	0.86	0.6	90	15.02	redshift
NGC 1428	ESO 358-053|MCG -06-09-022|PGC 13611	55.5957	-35.1534	2.0644e7	m	E-S0	1.48	0.73	123	13.84	CF4
NGC 7743	MCG +02-60-011|PGC 72263|UGC 12759	356.0886	9.9341	2.0644e7	m	S0-a	2.61	2.18	86	12.4	CF4
NGC 3389	MCG +02-28-013|PGC 32306|UGC 5914	162.1164	12.5331	2.0654e7	m	Sc	2.68	1.18	104	12.5	CF4
NGC 4813	MCG -01-33-055|PGC 44160	194.1505	-6.81783	2.0707e7	z	S0	1.59	0.86	26	14.15	redshift
NGC 4416	MCG +01-32-063|PGC 40743|UGC 7541	186.69467	7.919	2.0729e7	z	Sc	1.57	1.37	112	13.15	redshift
NGC 7185	ESO 601-010|MCG -04-52-011|PGC 67919	330.7365	-20.4713	2.074e7	m	E-S0	2.31	1.61	26	13.41	CF4
NGC 3347C	ESO 376-005|MCG -06-24-003|PGC 31797	160.2238	-36.2879	2.0749e7	m	Scd	1.35	0.94	25	14.86	CF4
NGC 1306	ESO 481-023|PGC 12559	50.26246	-25.51256	2.0818e7	z	Sb	1.1	0.64	159	13.76	redshift
NGC 178	MCG -02-02-078|PGC 2349	9.785	-14.17283	2.0827e7	z	SBm	2.11	0.58	4	13.04	redshift
NGC 3248	MCG +04-25-020|PGC 30776|UGC 5669	156.93933	22.84719	2.0827e7	z	S0	1.7	0.94	135	13.81	redshift
NGC 3457	MCG +03-28-032|PGC 32787|UGC 6030	163.7023	17.6211	2.0835e7	m	E	0.97	0.93	175	12.98	CF4
NGC 2644	MCG +01-22-016|PGC 24425|UGC 4533	130.3827	4.9806	2.0845e7	m	Sc	1.64	0.65	12	13.49	CF4
NGC 2742	MCG +10-13-057|PGC 25640|UGC 4779	136.8898	60.4794	2.0845e7	m	Sc	2.86	1.49	87	12.08	CF4
IC 217	MCG -02-06-046|PGC 8673	34.0435	-11.9268	2.0941e7	m	Sc	2	0.45	35	15.08	CF4
NGC 961	MCG -01-07-033|PGC 10172	40.2603	-6.9358	2.0941e7	m	Sm	1.81	1.04	96	13.25	CF4
IC 1913	ESO 357-016|MCG -05-08-027|PGC 12404	49.8942	-32.465	2.0941e7	m	SBb	1.96	0.41	149	14.44	CF4
NGC 3756	MCG +09-19-134|PGC 35931|UGC 6579	174.2007	54.2933	2.0941e7	m	SABb	1.91	0.97	179	12.08	CF4
IC 3742	MCG +02-33-011|PGC 43001|UGC 7932	191.3825	13.3317	2.0941e7	m	SBc	1.02	0.32	45	14.13	CF4
NGC 4981	MCG -01-34-003|PGC 45574	197.203	-6.7775	2.0941e7	m	Sbc	2.7	1.97	155	12.04	CF4
IC 5170	ESO 237-046|ESO 288-051|PGC 68283|PGC 68284	333.1234	-47.222	2.0941e7	m	SBa	1.91	0.83	26	13.35	CF4
IC 1980	ESO 117-002|PGC 13345	54.24579	-57.97386	2.0981e7	z	Sb	1.27	0.41	21	14.94	redshift
NGC 5121	ESO 382-057|MCG -06-29-035|PGC 46896	201.19004	-37.68219	2.0985e7	z	Sa	2.16	1.67	30	12.48	redshift
NGC 4339	MCG +01-32-036|PGC 40240|UGC 7461	185.8956	6.0817	2.0989e7	m	E	2.32	2.2	50	12.32	CF4
IC 2049	ESO 118-009|PGC 14636	63.01783	-58.557	2.0994e7	z	SABc	1.06	0.8	10	14.57	redshift
NGC 1034	MCG -03-07-043|PGC 9991	39.55842	-15.80908	2.0998e7	z	I	0.8	0.73	140	14.57	redshift
NGC 963	MCG -01-07-017|PGC 9545	37.63033	-4.21542	2.1024e7	z	I	0.8	0.79	110	14.31	redshift
NGC 1389	ESO 358-038|MCG -06-09-010|PGC 13360	54.2988	-35.746	2.1028e7	m	E-S0	2.58	1.43	28	12.42	CF4
NGC 1022	MCG -01-07-025|PGC 10010	39.63629	-6.67742	2.105e7	z	SBa	2.6	1.5	74	12.11	redshift
NGC 2777	MCG +01-24-006|PGC 25876|UGC 4823	137.67429	7.20669	2.1071e7	z	Sb	0.76	0.59	169	14.21	redshift
NGC 2966	MCG +01-25-013|PGC 27734|UGC 5181	145.5481	4.6732	2.1135e7	m	Sc	2.12	0.68	76	14.23	CF4
NGC 3547	MCG +02-29-007|PGC 33866|UGC 6209	167.483	10.7205	2.1135e7	m	Sb	1.74	0.77	6	13.19	CF4
NGC 4448	MCG +05-29-089|PGC 40988|UGC 7591	187.0644	28.6203	2.1135e7	m	SBab	1.58	1.04	92	12.04	CF4
NGC 5161	ESO 383-004|MCG -05-32-031|PGC 47321	202.308	-33.1738	2.1135e7	m	Sc	5.36	1.62	77	12.03	CF4
NGC 2517	MCG -02-21-003|PGC 22578	120.69613	-12.31783	2.114e7	z	S0	1.74	1.49	44	12.85	redshift
NGC 802	ESO 052-013|PGC 7505	29.775	-67.87014	2.1217e7	z	S0-a	0.9	0.59	153	14.15	redshift
IC 1962	ESO 548-050|MCG -04-09-031|PGC 13283	53.9061	-21.2917	2.1232e7	m	SBd	2.25	0.5	1	14.76	CF4
NGC 1473	ESO 054-019|PGC 13853	56.8548	-68.2207	2.1232e7	m	IB	1.53	0.82	45	13.43	CF4
NGC 3794	MCG +09-19-153|PGC 36238|UGC 6640	175.2252	56.2022	2.1232e7	m	SABc	2.03	1.12	118	13.89	CF4
NGC 1258	ESO 547-024|MCG -04-08-053|PGC 12034	48.52279	-21.77428	2.1242e7	z	SABc	1.41	1.04	20	13.95	redshift
IC 4212	MCG -01-34-011|PGC 45845	198.01246	-6.9925	2.1247e7	z	SBc	0.33	0.21	140	14.55	redshift
NGC 3630	MCG +01-29-031|PGC 34698|UGC 6349	170.07075	2.96439	2.1255e7	z	S0	1.92	0.88	38	12.8	redshift
NGC 723	ESO 477-013|MCG -04-05-016|PGC 7024	28.44033	-23.75775	2.1298e7	z	Sbc	1.34	1.04	135	13.39	redshift
NGC 4648	MCG +13-09-029|PGC 42595|UGC 7868	190.43496	74.42094	2.1298e7	z	E	1.41	1.16	73	12.95	redshift
NGC 3972	MCG +09-20-032|PGC 37466|UGC 6904	178.9378	55.3207	2.133e7	m	SABb	3.67	0.99	117	12.98	CF4
NGC 4219	ESO 267-037|MCG -07-25-005|PGC 39315	184.1136	-43.3244	2.133e7	m	Sbc	3.75	1.23	31	12.68	CF4
NGC 4252	MCG +01-31-045|PGC 39537|UGC 7343	184.6287	5.5595	2.133e7	m	Sbc	1.19	0.41	49	14.65	CF4
NGC 274	MCG -01-03-021|PGC 2980	12.758	-7.0571	2.138e7	m	E-S0	1.27	1.08	158	13.38	CF4
NGC 1437B	ESO 358-061|MCG -06-09-029|PGC 13794	56.47833	-36.35694	2.1414e7	z	Sd	2.87	0.86	2	13.88	redshift
NGC 3955	ESO 504-026|MCG -04-28-005|PGC 37320	178.48812	-23.16417	2.1414e7	z	S0-a	4.15	1.21	166	12.59	redshift
NGC 1381	ESO 358-029|MCG -06-09-003|PGC 13321	54.1322	-35.2952	2.1419e7	m	S0	2.54	0.96	139	12.42	CF4
NGC 3252	MCG +12-10-049|PGC 31278|UGC 5732	158.5964	73.765	2.1429e7	m	SBcd	1.87	0.66	36	14.1	CF4
NGC 7800	MCG +02-01-007|PGC 73177|UGC 12885	359.9032	14.807	2.1429e7	m	IB	1.74	0.72	45	13.31	CF4
NGC 5701	MCG +01-37-042|PGC 52365|UGC 9436	219.79617	5.36347	2.1487e7	z	S0-a	2	1.6	4	12.08	redshift
NGC 6821	MCG -01-50-002|PGC 63594	296.10025	-6.83344	2.1512e7	z	Scd	1.03	0.93	130	13.62	redshift
NGC 1172	MCG -03-08-059|PGC 11420	45.4002	-14.8366	2.1518e7	m	E	2.28	1.64	30	12.76	CF4
NGC 2434	ESO 059-005|PGC 21325	113.7134	-69.2842	2.1518e7	m	E	2.69	2.2	140	12.34	CF4
NGC 3136B	ESO 092-013|PGC 29597	152.5537	-67.0051	2.1518e7	m	E	1.75	1.35	23	12.77	CF4
NGC 3020	MCG +02-25-045|PGC 28296|UGC 5271	147.5277	12.8133	2.1528e7	m	Sc	2.34	1.28	100	13.28	CF4
IC 2558	ESO 375-001|MCG -06-23-018|PGC 29895	153.6839	-34.3387	2.1528e7	m	Sm	1.01	0.61	17	14.32	CF4
NGC 4720	MCG -01-33-024|PGC 43478	192.67825	-4.15583	2.1529e7	z	E-S0	1.23	0.73	107	14.18	redshift
NGC 3956	ESO 572-013|MCG -03-30-016|PGC 37325	178.5028	-20.5673	2.1627e7	m	SBc	3.46	1	64	12.81	CF4
IC 764	ESO 441-013|MCG -05-29-025|PGC 38711	182.5591	-29.7364	2.1627e7	m	SABc	4.84	1.14	177	12.95	CF4
NGC 3448	MCG +09-18-055|PGC 32774|UGC 6024	163.6642	54.3051	2.1637e7	m	S?	2.97	0.88	65	12.41	CF4
NGC 6814	MCG -02-50-001|PGC 63545	295.6692	-10.3237	2.1647e7	m	SABb	3.08	0.74	110	12.1	CF4
NGC 3499	MCG +09-18-080|PGC 33375|UGC 6115	165.79596	56.22172	2.1714e7	z	S0-a	0.83	0.71	20	14.2	redshift
NGC 4620	MCG +02-32-182|PGC 42619|UGC 7859	190.4971	12.9427	2.1717e7	m	S0	1.6	1.45	52	13.38	CF4
NGC 2397	ESO 058-030|PGC 20766	110.3334	-69.0014	2.1727e7	m	SBb	2.51	0.76	116	12.7	CF4
NGC 3067	MCG +06-22-046|PGC 28805|UGC 5351	149.588	32.3699	2.1727e7	m	SABa	2.06	0.66	104	12.73	CF4
NGC 3733	MCG +09-19-123|PGC 35797|UGC 6554	173.7567	54.8505	2.1727e7	m	SABc	3.4	1.07	167	12.97	CF4
IC 4390	ESO 271-028|MCG -07-29-012|PGC 51015	214.2467	-44.9773	2.1727e7	m	SABb	1.95	0.63	10	13.82	CF4
NGC 4637	MCG +02-32-188|PGC 42744|UGC 7881	190.72542	11.43828	2.1756e7	z	S0	1.29	0.71	91	14.89	redshift
NGC 1440	ESO 549-010|MCG -03-10-043|PGC 13752	56.26213	-18.26603	2.1773e7	z	S0	2.62	1.99	23	12.66	redshift
NGC 4033	ESO 572-042|MCG -03-31-011|PGC 37863	180.1443	-17.8425	2.1817e7	m	E	2.59	1.3	44	12.64	CF4
IC 718	MCG +02-30-007|PGC 36174|UGC 6626	174.97	8.8746	2.1827e7	m	IB	1.15	0.57	180	14.56	CF4
IC 1197	MCG +01-41-013|PGC 57261|UGC 10219	242.0718	7.5385	2.1827e7	m	Sc	2.56	0.54	57	14.36	CF4
NGC 6239	MCG +07-35-001|PGC 59083|UGC 10577	252.5207	42.7398	2.1827e7	m	SBb	2.3	1.07	113	12.89	CF4
NGC 1703	ESO 119-019|PGC 16234	73.21729	-59.74225	2.1859e7	z	SBb	2.68	2.51	25	12.02	redshift
IC 825		192.57987	-5.363	2.1885e7	z	E-S0	0.62	0.45	79	15.49	redshift
IC 976	MCG +00-36-020|PGC 50479|UGC 9040	212.18037	-1.16164	2.1885e7	z	S0-a	1.52	0.62	174	14.01	redshift
IC 1729	ESO 477-004|MCG -05-05-014|PGC 6598	26.98025	-26.89214	2.1885e7	z	E	2.22	1.25	142	13.47	redshift
IC 225	MCG +00-07-013|PGC 9283|UGC 1907	36.61788	1.16053	2.1928e7	z	E	1.01	0.9	158	14.83	redshift
NGC 1345	ESO 548-026|MCG -03-09-046|PGC 12979	52.38204	-17.77839	2.1928e7	z	Sc	1.34	1.1	30	14.33	redshift
NGC 493	MCG +00-04-099|PGC 4979|UGC 914	20.5378	0.9458	2.1928e7	m	Sc	3.01	0.95	60	12.95	CF4
NGC 3813	MCG +06-26-019|PGC 36266|UGC 6651	175.3277	36.5467	2.1928e7	m	Sb	2.12	1.22	85	12.28	CF4
IC 4819	ESO 141-027|PGC 62782	286.7767	-59.4659	2.1928e7	m	Sc	3	0.37	123	14.22	CF4
NGC 7007	ESO 187-048|PGC 66069	316.3662	-52.5519	2.1938e7	m	E-S0	3.39	1.23	1	12.9	CF4
NGC 7632	ESO 291-021|MCG -07-47-035|PGC 71213	350.50375	-42.4805	2.1945e7	z	S0	2.56	1.29	96	13.02	redshift
NGC 853	MCG -02-06-038|PGC 8397	32.92162	-9.306	2.1962e7	z	Sm	1.8	1.17	50	15.87	redshift
NGC 2968	MCG +05-23-029|PGC 27800|UGC 5190	145.80004	31.92869	2.1971e7	z	Sa	2.48	1.63	54	12.74	redshift
NGC 3011	MCG +05-23-038|PGC 28259|UGC 5259	147.42167	32.22111	2.1971e7	z	S0	0.82	0.69	61	14.35	redshift
NGC 4266	MCG +01-32-002|PGC 39699|UGC 7368	184.92625	5.53828	2.2e7	z	SBa	2	0.5	74	13.42	redshift
NGC 4948A	MCG -01-33-080|PGC 45242	196.27412	-8.16133	2.2013e7	z	SBd	1.44	1.04	180	13.99	redshift
NGC 2855	MCG -02-24-015|PGC 26483	140.3646	-11.9093	2.2039e7	m	S0-a	3.45	1.85	120	12.55	CF4
NGC 2760	MCG +13-07-027|PGC 26654	141.05433	76.53128	2.2056e7	z	E-S0	1.21	0.27	100	14.9	redshift
NGC 3682	MCG +11-14-027|PGC 35266|UGC 6459	171.92167	66.58983	2.2056e7	z	S0-a	2.23	1.41	93	13.25	redshift
NGC 4318	MCG +02-32-015|PGC 40122|UGC 7446	185.6804	8.1983	2.206e7	m	E	0.73	0.5	65	14.09	CF4
IC 796	MCG +03-32-051|PGC 41160|UGC 7623	187.35979	16.40478	2.2099e7	z	S0-a	1.46	0.46	145	13.79	redshift
NGC 2880	MCG +10-14-015|PGC 26939|UGC 5051	142.3941	62.4906	2.2121e7	m	E-S0	2.33	1.4	142	12.53	CF4
NGC 2267	ESO 426-029|MCG -05-16-015|PGC 19417	100.21542	-32.48228	2.2129e7	z	S0	1.71	1.44	110	13.25	redshift
NGC 1853	ESO 158-022|PGC 16911	78.069	-57.3991	2.2131e7	m	SBcd	1.53	0.52	39	13.59	CF4
IC 2781	PGC 1407849	170.71113	12.34489	2.2142e7	z	I	0.36	0.34	146	17.19	redshift
IC 1986	ESO 249-013|PGC 13521	55.14646	-45.35581	2.2172e7	z	Sm	1.27	0.23	102	14.88	redshift
NGC 1362	ESO 548-041|MCG -03-10-008|PGC 13196	53.4712	-20.2825	2.2243e7	m	S0	1.3	1.17	20	13.78	CF4
NGC 2891	ESO 498-008|MCG -04-23-003|PGC 26794	141.7359	-24.783	2.2243e7	m	E-S0	1.6	1.52	0	13.47	CF4
NGC 991	MCG -01-07-023|PGC 9846	38.88617	-7.15444	2.2257e7	z	SABc	1.48	1.31	75	12.96	redshift
