PGC 2200595		154.4036	42.5234	3.9012e8	m						CF4
PGC 2264357		163.9374	45.4003	3.9012e8	m						CF4
PGC 2278946		234.6141	46.3084	3.9012e8	m						CF4
PGC 2326742		233.1075	48.8333	3.9012e8	m						CF4
PGC 2404109		222.6248	51.9829	3.9012e8	m						CF4
PGC 2427363		209.1046	52.928	3.9012e8	m						CF4
PGC 2476028		220.9998	54.6541	3.9012e8	m						CF4
PGC 2521549		179.1106	55.9888	3.9012e8	m						CF4
PGC 2578639		212.4041	58.4315	3.9012e8	m						CF4
PGC 2634534		198.9821	62.3167	3.9012e8	m						CF4
PGC 2645829		213.8492	62.9073	3.9012e8	m						CF4
PGC 2658996		186.0349	63.6471	3.9012e8	m						CF4
PGC 2700199		193.1334	67.4507	3.9012e8	m						CF4
PGC 3087035		196.0452	55.4776	3.9012e8	m						CF4
PGC 3087771		221.5848	43.096	3.9012e8	m						CF4
PGC 3088022		193.6801	39.8843	3.9012e8	m						CF4
PGC 3088290		124.2186	37.3414	3.9012e8	m						CF4
PGC 3089684		187.8105	23.0896	3.9012e8	m						CF4
PGC 3111820		158.5977	-0.2144	3.9012e8	m						CF4
PGC 3122165		224.556	2.7744	3.9012e8	m						CF4
PGC 3122608		206.1894	2.9137	3.9012e8	m						CF4
PGC 3138277		147.672	63.1758	3.9012e8	m						CF4
PGC 3141046		180.2152	67.6133	3.9012e8	m						CF4
PGC 3348248		184.2462	3.4487	3.9012e8	m						CF4
PGC 3361612		186.5739	64.4948	3.9012e8	m						CF4
PGC 3380822		137.845	51.0658	3.9012e8	m						CF4
PGC 3392909		176.5648	5.384	3.9012e8	m						CF4
PGC 3401635		184.5924	51.4508	3.9012e8	m						CF4
PGC 3447164		124.5396	3.4272	3.9012e8	m						CF4
PGC 3456422		139.7208	6.7613	3.9012e8	m						CF4
PGC 3470336		166.7479	48.3318	3.9012e8	m						CF4
PGC 3474318		175.6916	53.7869	3.9012e8	m						CF4
PGC 3484310		209.6587	58.498	3.9012e8	m						CF4
PGC 3502126		252.5661	30.4174	3.9012e8	m						CF4
PGC 3528004		136.4513	31.4417	3.9012e8	m						CF4
PGC 3534657		154.8774	40.9087	3.9012e8	m						CF4
PGC 3544678		174.433	13.2367	3.9012e8	m						CF4
PGC 3544755		174.6015	56.6981	3.9012e8	m						CF4
PGC 3548894		183.1812	12.7659	3.9012e8	m						CF4
PGC 3561036		217.7747	42.5134	3.9012e8	m						CF4
PGC 3565149		230.0793	32.5267	3.9012e8	m						CF4
PGC 3568323		237.8498	36.7874	3.9012e8	m						CF4
PGC 3743558		143.2413	22.36	3.9012e8	m						CF4
PGC 3747157		146.9757	19.7067	3.9012e8	m						CF4
PGC 3799523		194.5798	7.1933	3.9012e8	m						CF4
PGC 3819508		211.5383	6.2562	3.9012e8	m						CF4
PGC 3833784		221.8811	30.3755	3.9012e8	m						CF4
PGC 3834057		222.0708	10.1888	3.9012e8	m						CF4
PGC 3834469		222.3662	44.8814	3.9012e8	m						CF4
PGC 3836965		224.0384	10.4851	3.9012e8	m						CF4
PGC 3842166		228.2652	22.2327	3.9012e8	m						CF4
PGC 3842705		228.6777	26.8445	3.9012e8	m						CF4
PGC 3844558		230.0418	14.7715	3.9012e8	m						CF4
PGC 3845073		230.3907	10.3159	3.9012e8	m						CF4
PGC 3845623		230.7597	6.7725	3.9012e8	m						CF4
PGC 3848537		233.07	11.3717	3.9012e8	m						CF4
PGC 3855212		238.0771	10.2597	3.9012e8	m						CF4
PGC 3861803		243.4002	26.8906	3.9012e8	m						CF4
PGC 3867482		248.0178	29.488	3.9012e8	m						CF4
PGC 4389556		208.04	9.8741	3.9012e8	m						CF4
PGC 4402450		211.9854	5.5096	3.9012e8	m						CF4
PGC 4425188		219.4403	21.7231	3.9012e8	m						CF4
PGC 5093986		125.4206	-0.6667	3.9012e8	m						CF4
PGC 87451		153.496	-0.0815	3.9192e8	m						CF4
PGC 115384		177.7945	-3.0281	3.9192e8	m						CF4
PGC 115793		180.5961	-3.3064	3.9192e8	m						CF4
PGC 169127		185.5322	13.2399	3.9192e8	m						CF4
PGC 169388		187.3493	11.7893	3.9192e8	m						CF4
PGC 503048		204.4458	-47.3336	3.9192e8	m						CF4
PGC 1097310		225.2336	-2.2545	3.9192e8	m						CF4
PGC 1101674		205.6491	-2.1025	3.9192e8	m						CF4
PGC 1117206		192.4304	-1.5005	3.9192e8	m						CF4
PGC 1117715		202.4155	-1.4784	3.9192e8	m						CF4
PGC 1120019		180.9374	-1.3804	3.9192e8	m						CF4
PGC 1148170		227.1279	-0.2471	3.9192e8	m						CF4
PGC 1151388		218.9979	-0.1231	3.9192e8	m						CF4
PGC 1163311		201.0008	0.3362	3.9192e8	m						CF4
PGC 1207969		215.1795	1.8504	3.9192e8	m						CF4
PGC 1216880		126.1434	2.1299	3.9192e8	m						CF4
PGC 1230631		169.404	2.5561	3.9192e8	m						CF4
PGC 1261222		190.9267	3.9528	3.9192e8	m						CF4
PGC 1262167		141.0357	4.0129	3.9192e8	m						CF4
PGC 1290573		190.126	5.8727	3.9192e8	m						CF4
PGC 1295176		147.2023	6.1364	3.9192e8	m						CF4
PGC 1303476		215.9367	6.5802	3.9192e8	m						CF4
PGC 1307525		177.8073	6.7897	3.9192e8	m						CF4
PGC 1335950		166.2544	7.981	3.9192e8	m						CF4
PGC 1338434		154.8009	8.08	3.9192e8	m						CF4
PGC 1393913		168.3918	11.4561	3.9192e8	m						CF4
PGC 1397606		202.4496	11.7091	3.9192e8	m						CF4
PGC 1437090		175.3755	13.665	3.9192e8	m						CF4
PGC 1457544		174.163	14.4169	3.9192e8	m						CF4
PGC 1484889		183.3948	15.4484	3.9192e8	m						CF4
PGC 1498280		237.1965	15.9986	3.9192e8	m						CF4
PGC 1500583		204.1716	16.0955	3.9192e8	m						CF4
PGC 1515915		137.1264	16.743	3.9192e8	m						CF4
PGC 1551256		131.8131	18.1394	3.9192e8	m						CF4
PGC 1574652		238.1871	18.9235	3.9192e8	m						CF4
PGC 1604923		218.287	19.7712	3.9192e8	m						CF4
PGC 1637549		116.3475	20.8628	3.9192e8	m						CF4
PGC 1675458		226.2114	22.7481	3.9192e8	m						CF4
PGC 1714393		176.1928	24.7129	3.9192e8	m						CF4
PGC 1725504		138.8212	25.1019	3.9192e8	m						CF4
PGC 1749165		238.9173	25.7708	3.9192e8	m						CF4
PGC 1796445		211.401	27.054	3.9192e8	m						CF4
PGC 1807270		241.0702	27.41	3.9192e8	m						CF4
PGC 1810999		239.5043	27.5357	3.9192e8	m						CF4
PGC 1842151		161.3176	28.6581	3.9192e8	m						CF4
PGC 1889003		156.9297	30.0688	3.9192e8	m						CF4
PGC 1893230		244.7141	30.1746	3.9192e8	m						CF4
PGC 1936125		140.5527	31.1981	3.9192e8	m						CF4
PGC 2004569		121.3434	32.6072	3.9192e8	m						CF4
PGC 2094581		120.1578	37.1788	3.9192e8	m						CF4
PGC 2100203		201.9558	37.414	3.9192e8	m						CF4
PGC 2102728		156.1159	37.5198	3.9192e8	m						CF4
PGC 2147032		167.743	39.2881	3.9192e8	m						CF4
PGC 2154354		179.4194	39.7074	3.9192e8	m						CF4
PGC 2169450		247.1505	40.6855	3.9192e8	m						CF4
PGC 2172612		186.5106	40.8994	3.9192e8	m						CF4
PGC 2179659		218.0922	41.3448	3.9192e8	m						CF4
PGC 2238269		130.1709	44.172	3.9192e8	m						CF4
PGC 2248804		120.8816	44.6421	3.9192e8	m						CF4
PGC 2273999		138.1679	46.0157	3.9192e8	m						CF4
PGC 2294826		132.9888	47.2424	3.9192e8	m						CF4
PGC 2297924		201.7144	47.4245	3.9192e8	m						CF4
PGC 2314119		215.6236	48.2817	3.9192e8	m						CF4
PGC 2340801		172.5089	49.361	3.9192e8	m						CF4
PGC 2396700		117.9089	51.5973	3.9192e8	m						CF4
PGC 2417058		186.9851	52.5235	3.9192e8	m						CF4
PGC 2449446		171.5702	53.7388	3.9192e8	m						CF4
PGC 2457879		201.2343	54.0358	3.9192e8	m						CF4
PGC 2486921		207.1377	54.9911	3.9192e8	m						CF4
PGC 2490153		222.8647	55.0886	3.9192e8	m						CF4
PGC 2579166		236.5789	58.4761	3.9192e8	m						CF4
PGC 2616618		162.0983	61.3651	3.9192e8	m						CF4
PGC 2624386		199.5476	61.7766	3.9192e8	m						CF4
PGC 3091740		206.0931	7.3411	3.9192e8	m						CF4
PGC 3121037		161.1894	2.337	3.9192e8	m						CF4
PGC 3121930		182.1666	2.6882	3.9192e8	m						CF4
PGC 3123867		179.2188	3.3358	3.9192e8	m						CF4
PGC 3126482		211.994	5.4681	3.9192e8	m						CF4
PGC 3139055		205.9437	64.1652	3.9192e8	m						CF4
PGC 3141220		187.118	67.9966	3.9192e8	m						CF4
PGC 3348347		184.7045	3.1434	3.9192e8	m						CF4
PGC 3355941		145.7376	4.4	3.9192e8	m						CF4
PGC 3392213		170.7153	5.0837	3.9192e8	m						CF4
PGC 3401794		181.0325	52.7538	3.9192e8	m						CF4
PGC 3412631		257.2052	34.1933	3.9192e8	m						CF4
PGC 3412651		256.4604	33.6104	3.9192e8	m						CF4
PGC 3475980		179.8672	56.0272	3.9192e8	m						CF4
PGC 3479760		191.7783	50.602	3.9192e8	m						CF4
PGC 3485588		213.4046	41.4753	3.9192e8	m						CF4
PGC 3502334		253.2382	33.0333	3.9192e8	m						CF4
PGC 3525600		131.5474	29.5852	3.9192e8	m						CF4
PGC 3546366		178.1293	50.8808	3.9192e8	m						CF4
PGC 3546746		178.9219	44.2407	3.9192e8	m						CF4
PGC 3556082		202.5585	11.1812	3.9192e8	m						CF4
PGC 3572969		253.6205	23.4156	3.9192e8	m						CF4
PGC 3735683		134.0091	15.4192	3.9192e8	m						CF4
PGC 3742964		142.4718	12.8654	3.9192e8	m						CF4
PGC 3751327		151.8303	58.255	3.9192e8	m						CF4
PGC 3756596		157.6194	17.1112	3.9192e8	m						CF4
PGC 3779000		178.6621	32.931	3.9192e8	m						CF4
PGC 3789901		187.2681	23.3781	3.9192e8	m						CF4
PGC 3802757		196.9017	7.2683	3.9192e8	m						CF4
PGC 3805375		199.2843	9.6066	3.9192e8	m						CF4
PGC 3806727		200.442	22.1365	3.9192e8	m						CF4
PGC 3812155		205.463	18.6536	3.9192e8	m						CF4
PGC 3817063		209.6798	28.2685	3.9192e8	m						CF4
PGC 3818921		211.1058	20.6231	3.9192e8	m						CF4
PGC 3819378		211.4474	6.104	3.9192e8	m						CF4
PGC 3819883		211.7907	5.337	3.9192e8	m						CF4
PGC 3820516		212.2279	10.9142	3.9192e8	m						CF4
PGC 3834760		222.5619	21.5371	3.9192e8	m						CF4
PGC 3835062		222.7679	32.3962	3.9192e8	m						CF4
PGC 3835183		222.8493	5.2802	3.9192e8	m						CF4
PGC 3837443		224.4354	25.7011	3.9192e8	m						CF4
PGC 3839586		226.2527	8.7297	3.9192e8	m						CF4
PGC 3841004		227.4494	8.8389	3.9192e8	m						CF4
PGC 3848820		233.2834	22.0962	3.9192e8	m						CF4
PGC 3857896		240.4641	8.8582	3.9192e8	m						CF4
PGC 3864526		245.5656	21.0969	3.9192e8	m						CF4
PGC 3880586		258.9396	23.3941	3.9192e8	m						CF4
PGC 4118701		235.4253	27.685	3.9192e8	m						CF4
PGC 166804		269.7511	69.0284	3.9355e8	m						CF4
PGC 41141		187.3191	12.1041	3.9373e8	m						CF4
PGC 49074		207.4503	-0.728	3.9373e8	m						CF4
PGC 1097362		216.4846	-2.2528	3.9373e8	m						CF4
PGC 1120625		192.4791	-1.3568	3.9373e8	m						CF4
PGC 1124375		175.3923	-1.2026	3.9373e8	m						CF4
PGC 1134561		197.5866	-0.7936	3.9373e8	m						CF4
PGC 1161149		147.8954	0.2556	3.9373e8	m						CF4
PGC 1183975		201.2098	1.0822	3.9373e8	m						CF4
PGC 1185574		147.955	1.1339	3.9373e8	m						CF4
PGC 1213164		122.5563	2.0126	3.9373e8	m						CF4
PGC 1226850		141.9087	2.4346	3.9373e8	m						CF4
PGC 1275303		202.9153	4.92	3.9373e8	m						CF4
PGC 1286686		151.3202	5.6376	3.9373e8	m						CF4
PGC 1295674		207.5517	6.1642	3.9373e8	m						CF4
PGC 1315268		191.5974	7.1651	3.9373e8	m						CF4
PGC 1342914		175.4521	8.2567	3.9373e8	m						CF4
PGC 1367071		131.6808	9.5767	3.9373e8	m						CF4
PGC 1378131		202.8726	10.3413	3.9373e8	m						CF4
PGC 1403699		197.8566	12.0951	3.9373e8	m						CF4
PGC 1455042		121.8477	14.319	3.9373e8	m						CF4
PGC 1463584		229.2972	14.6538	3.9373e8	m						CF4
PGC 1487215		173.7575	15.5359	3.9373e8	m						CF4
PGC 1488204		133.8847	15.5752	3.9373e8	m						CF4
PGC 1499154		224.7486	16.035	3.9373e8	m						CF4
PGC 1500291		130.2746	16.083	3.9373e8	m						CF4
PGC 1504887		183.7165	16.2732	3.9373e8	m						CF4
PGC 1508389		244.8489	16.4209	3.9373e8	m						CF4
PGC 1558332		205.4106	18.3933	3.9373e8	m						CF4
PGC 1610201		136.1812	19.9215	3.9373e8	m						CF4
PGC 1619027		220.6899	20.1792	3.9373e8	m						CF4
PGC 1658573		144.2505	21.8515	3.9373e8	m						CF4
PGC 1686666		192.4308	23.3965	3.9373e8	m						CF4
PGC 1698091		226.715	24.0179	3.9373e8	m						CF4
PGC 1783515		252.9249	26.6416	3.9373e8	m						CF4
PGC 1806932		240.1872	27.3989	3.9373e8	m						CF4
PGC 1833305		259.1133	28.3496	3.9373e8	m						CF4
PGC 1852091		232.8511	28.9833	3.9373e8	m						CF4
PGC 1963710		150.8271	31.7728	3.9373e8	m						CF4
PGC 1968437		258.6744	31.8657	3.9373e8	m						CF4
PGC 1990741		226.3212	32.3072	3.9373e8	m						CF4
PGC 2025761		237.0913	33.1841	3.9373e8	m						CF4
PGC 2029147		155.262	33.3124	3.9373e8	m						CF4
PGC 2033542		167.2015	33.5096	3.9373e8	m						CF4
PGC 2036345		168.552	33.6497	3.9373e8	m						CF4
PGC 2044829		160.3011	34.1607	3.9373e8	m						CF4
PGC 2047609		146.0959	34.3378	3.9373e8	m						CF4
PGC 2052296		134.679	34.6401	3.9373e8	m						CF4
PGC 2081676		241.9104	36.499	3.9373e8	m						CF4
PGC 2149972		169.8742	39.4494	3.9373e8	m						CF4
PGC 2152096		112.9353	39.5697	3.9373e8	m						CF4
PGC 2156857		116.2128	39.8629	3.9373e8	m						CF4
PGC 2166211		206.1731	40.4673	3.9373e8	m						CF4
PGC 2169039		120.4412	40.6586	3.9373e8	m						CF4
PGC 2174630		146.4909	41.0337	3.9373e8	m						CF4
PGC 2185162		180.6604	41.6876	3.9373e8	m						CF4
PGC 2194173		242.0406	42.199	3.9373e8	m						CF4
PGC 2198866		174.9869	42.4361	3.9373e8	m						CF4
PGC 2213980		200.8641	43.1443	3.9373e8	m						CF4
PGC 2234332		112.2328	44.0076	3.9373e8	m						CF4
PGC 2259353		204.9285	45.1259	3.9373e8	m						CF4
PGC 2290266		166.2285	46.9752	3.9373e8	m						CF4
PGC 2299868		128.8515	47.5307	3.9373e8	m						CF4
PGC 2350065		220.6851	49.6758	3.9373e8	m						CF4
PGC 2371999		213.7154	50.4024	3.9373e8	m						CF4
PGC 2407051		236.4985	52.1133	3.9373e8	m						CF4
PGC 2410108		187.3322	52.241	3.9373e8	m						CF4
PGC 2580561		203.5674	58.5986	3.9373e8	m						CF4
PGC 3086804		201.3189	59.0797	3.9373e8	m						CF4
PGC 3116290		136.1738	0.7005	3.9373e8	m						CF4
PGC 3121130		140.9511	2.3767	3.9373e8	m						CF4
PGC 3346822		159.0504	2.7153	3.9373e8	m						CF4
PGC 3378836		121.1949	36.257	3.9373e8	m						CF4
PGC 3401589		180.7865	52.6682	3.9373e8	m						CF4
PGC 3405039		170.3128	56.55	3.9373e8	m						CF4
PGC 3411578		181.5865	50.4812	3.9373e8	m						CF4
PGC 3453305		134.8762	39.4572	3.9373e8	m						CF4
PGC 3460769		147.0326	41.8109	3.9373e8	m						CF4
PGC 3467349		159.3344	6.2252	3.9373e8	m						CF4
PGC 3470309		166.6923	52.4771	3.9373e8	m						CF4
PGC 3481147		197.9106	53.6237	3.9373e8	m						CF4
PGC 3527022		134.505	34.724	3.9373e8	m						CF4
PGC 3528694		137.9924	8.9528	3.9373e8	m						CF4
PGC 3531007		144.2067	9.0413	3.9373e8	m						CF4
PGC 3553125		196.6995	14.8801	3.9373e8	m						CF4
PGC 3564228		227.9612	34.6235	3.9373e8	m						CF4
PGC 3722028		112.9275	43.0999	3.9373e8	m						CF4
PGC 3732971		130.3719	62.559	3.9373e8	m						CF4
PGC 3748297		148.0982	22.8804	3.9373e8	m						CF4
PGC 3749993		150.1419	27.2822	3.9373e8	m						CF4
PGC 3750120		150.3118	20.6064	3.9373e8	m						CF4
PGC 3757650		158.7224	16.071	3.9373e8	m						CF4
PGC 3758228		159.3673	11.695	3.9373e8	m						CF4
PGC 3759195		160.4886	15.9885	3.9373e8	m						CF4
PGC 3769334		170.0478	15.9456	3.9373e8	m						CF4
PGC 3776005		176.043	7.4103	3.9373e8	m						CF4
PGC 3777510		177.3294	9.4287	3.9373e8	m						CF4
PGC 3780853		180.1799	21.4783	3.9373e8	m						CF4
PGC 3788745		186.4406	18.7114	3.9373e8	m						CF4
PGC 3790263		187.5674	33.8781	3.9373e8	m						CF4
PGC 3792782		189.4651	31.4139	3.9373e8	m						CF4
PGC 3794896		190.9147	17.0542	3.9373e8	m						CF4
PGC 3799143		194.3317	33.7069	3.9373e8	m						CF4
PGC 3803514		197.6331	8.3411	3.9373e8	m						CF4
PGC 3811090		204.4803	21.7102	3.9373e8	m						CF4
PGC 3812555		205.817	10.2691	3.9373e8	m						CF4
PGC 3812946		206.2182	17.9157	3.9373e8	m						CF4
PGC 3813066		206.3254	18.3063	3.9373e8	m						CF4
PGC 3824058		214.7718	30.9231	3.9373e8	m						CF4
PGC 3831985		220.5115	22.3275	3.9373e8	m						CF4
PGC 3837180		224.2039	11.0595	3.9373e8	m						CF4
PGC 3837741		224.6751	26.7308	3.9373e8	m						CF4
PGC 3839275		225.9201	20.8774	3.9373e8	m						CF4
PGC 3841245		227.6196	7.0719	3.9373e8	m						CF4
PGC 3848494		233.0421	1.8897	3.9373e8	m						CF4
PGC 3851685		235.4741	13.2286	3.9373e8	m						CF4
PGC 3851703		235.4859	1.4538	3.9373e8	m						CF4
PGC 4461341		230.7867	22.4425	3.9373e8	m						CF4
PGC 26830		141.8927	12.3016	3.9555e8	m						CF4
PGC 32691		163.3552	56.2932	3.9555e8	m						CF4
PGC 46215		199.1491	0.8698	3.9555e8	m						CF4
PGC 169592		188.9832	11.3231	3.9555e8	m						CF4
PGC 1094319		202.1747	-2.357	3.9555e8	m						CF4
PGC 1120497		192.669	-1.3614	3.9555e8	m						CF4
PGC 1138838		191.6324	-0.6196	3.9555e8	m						CF4
PGC 1145912		223.9407	-0.3349	3.9555e8	m						CF4
PGC 1163052		199.5675	0.3277	3.9555e8	m						CF4
PGC 1174601		131.8956	0.7553	3.9555e8	m						CF4
PGC 1184716		167.7957	1.1048	3.9555e8	m						CF4
PGC 1234859		177.3247	2.6939	3.9555e8	m						CF4
PGC 1251683		226.5808	3.4109	3.9555e8	m						CF4
PGC 1280747		168.5273	5.2678	3.9555e8	m						CF4
PGC 1281947		184.1227	5.345	3.9555e8	m						CF4
PGC 1282775		142.824	5.3961	3.9555e8	m						CF4
PGC 1301079		226.7491	6.4596	3.9555e8	m						CF4
PGC 1309947		180.7301	6.9109	3.9555e8	m						CF4
PGC 1317327		208.2233	7.2526	3.9555e8	m						CF4
PGC 1355651		184.3218	8.8905	3.9555e8	m						CF4
PGC 1371126		203.4207	9.8644	3.9555e8	m						CF4
PGC 1433279		246.5413	13.526	3.9555e8	m						CF4
PGC 1438285		129.3579	13.7093	3.9555e8	m						CF4
PGC 1457582		173.2275	14.4176	3.9555e8	m						CF4
PGC 1473988		182.0962	15.0543	3.9555e8	m						CF4
PGC 1478346		246.8393	15.2114	3.9555e8	m						CF4
PGC 1483257		158.6164	15.3862	3.9555e8	m						CF4
PGC 1484455		128.2792	15.4314	3.9555e8	m						CF4
PGC 1499187		249.4473	16.0363	3.9555e8	m						CF4
PGC 1545025		235.0923	17.9093	3.9555e8	m						CF4
PGC 1550300		228.2808	18.1051	3.9555e8	m						CF4
PGC 1552995		236.0144	18.203	3.9555e8	m						CF4
PGC 1606440		114.6763	19.8137	3.9555e8	m						CF4
PGC 1652915		249.1413	21.5761	3.9555e8	m						CF4
PGC 1665916		233.392	22.2251	3.9555e8	m						CF4
PGC 1670061		136.5702	22.4472	3.9555e8	m						CF4
PGC 1678482		155.9677	22.9281	3.9555e8	m						CF4
PGC 1683354		125.3922	23.208	3.9555e8	m						CF4
PGC 1683842		191.5456	23.2371	3.9555e8	m						CF4
PGC 1688158		123.3063	23.484	3.9555e8	m						CF4
PGC 1689435		222.4762	23.5559	3.9555e8	m						CF4
PGC 1694662		166.9214	23.8404	3.9555e8	m						CF4
PGC 1701139		176.2438	24.1646	3.9555e8	m						CF4
PGC 1754456		129.9085	25.9034	3.9555e8	m						CF4
PGC 1759208		239.9248	26.0144	3.9555e8	m						CF4
PGC 1792441		173.4822	26.9212	3.9555e8	m						CF4
PGC 1798051		227.9778	27.1106	3.9555e8	m						CF4
PGC 1803937		165.6124	27.305	3.9555e8	m						CF4
PGC 1814689		219.2111	27.667	3.9555e8	m						CF4
PGC 1818469		191.8455	27.8054	3.9555e8	m						CF4
PGC 1839341		251.427	28.5594	3.9555e8	m						CF4
PGC 1857143		231.3454	29.1464	3.9555e8	m						CF4
PGC 1862192		191.4068	29.3067	3.9555e8	m						CF4
PGC 1920323		176.0456	30.8415	3.9555e8	m						CF4
PGC 1975621		230.057	32.009	3.9555e8	m						CF4
PGC 1988405		125.6656	32.2576	3.9555e8	m						CF4
PGC 2021901		221.8437	33.054	3.9555e8	m						CF4
PGC 2022142		254.1239	33.0628	3.9555e8	m						CF4
PGC 2029232		148.8323	33.3153	3.9555e8	m						CF4
PGC 2030744		115.0005	33.3792	3.9555e8	m						CF4
PGC 2042907		201.1923	34.0395	3.9555e8	m						CF4
PGC 2050600		239.1081	34.531	3.9555e8	m						CF4
PGC 2073036		190.9457	35.9794	3.9555e8	m						CF4
PGC 2082919		133.7612	36.5688	3.9555e8	m						CF4
PGC 2109342		238.5717	37.7803	3.9555e8	m						CF4
PGC 2116065		238.4454	38.0313	3.9555e8	m						CF4
PGC 2126233		174.8253	38.4102	3.9555e8	m						CF4
PGC 2143099		138.962	39.0882	3.9555e8	m						CF4
PGC 2157536		170.3041	39.9035	3.9555e8	m						CF4
PGC 2159624		159.2295	40.0395	3.9555e8	m						CF4
PGC 2183059		167.3791	41.5639	3.9555e8	m						CF4
PGC 2228460		155.4689	43.759	3.9555e8	m						CF4
PGC 2233233		211.3408	43.9592	3.9555e8	m						CF4
PGC 2239287		199.0913	44.2149	3.9555e8	m						CF4
PGC 2258050		193.1607	45.059	3.9555e8	m						CF4
PGC 2283935		196.8927	46.5989	3.9555e8	m						CF4
PGC 2297200		201.0739	47.3842	3.9555e8	m						CF4
PGC 2322046		230.248	48.6361	3.9555e8	m						CF4
PGC 2345848		116.2397	49.5354	3.9555e8	m						CF4
PGC 2440085		182.1508	53.4023	3.9555e8	m						CF4
PGC 2585243		124.0239	58.9991	3.9555e8	m						CF4
PGC 2799265		228.6963	4.4534	3.9555e8	m						CF4
PGC 2802442		242.9063	29.6039	3.9555e8	m						CF4
PGC 3089314		185.0473	27.68	3.9555e8	m						CF4
PGC 3090875		224.3061	12.8038	3.9555e8	m						CF4
PGC 3122157		235.134	2.7733	3.9555e8	m						CF4
PGC 3122420		229.7176	2.8542	3.9555e8	m						CF4
PGC 3123541		180.3824	3.2333	3.9555e8	m						CF4
PGC 3125097		216.6747	3.8813	3.9555e8	m						CF4
PGC 3126069		221.1984	4.7677	3.9555e8	m						CF4
PGC 3129668		252.4334	40.075	3.9555e8	m						CF4
PGC 3351647		121.338	39.3377	3.9555e8	m						CF4
PGC 3401595		182.1069	53.4516	3.9555e8	m						CF4
PGC 3411761		181.9817	50.5004	3.9555e8	m						CF4
PGC 3447608		125.2989	3.97	3.9555e8	m						CF4
PGC 3456649		140.0361	48.6664	3.9555e8	m						CF4
PGC 3460256		146.2182	8.4249	3.9555e8	m						CF4
PGC 3463384		152.0775	55.5623	3.9555e8	m						CF4
PGC 3471425		169.8255	53.3488	3.9555e8	m						CF4
PGC 3479785		191.9235	54.9736	3.9555e8	m						CF4
PGC 3480033		193.0483	4.3743	3.9555e8	m						CF4
PGC 3522345		121.8396	51.9157	3.9555e8	m						CF4
PGC 3537970		159.8151	42.7286	3.9555e8	m						CF4
PGC 3537988		159.843	12.6064	3.9555e8	m						CF4
PGC 3541245		167.5203	41.404	3.9555e8	m						CF4
PGC 3545049		175.1651	46.7389	3.9555e8	m						CF4
PGC 3545812		176.8055	11.736	3.9555e8	m						CF4
PGC 3549383		184.3656	48.2122	3.9555e8	m						CF4
PGC 3558659		211.5759	39.4872	3.9555e8	m						CF4
PGC 3558773		211.7971	39.8325	3.9555e8	m						CF4
PGC 3563281		226.1043	35.4475	3.9555e8	m						CF4
PGC 3570859		246.8424	30.3947	3.9555e8	m						CF4
PGC 3729155		124.9734	23.4525	3.9555e8	m						CF4
PGC 3730950		127.514	10.8026	3.9555e8	m						CF4
PGC 3733674		131.3961	18.941	3.9555e8	m						CF4
PGC 3741191		140.4171	28.083	3.9555e8	m						CF4
PGC 3758423		159.5817	15.1992	3.9555e8	m						CF4
PGC 3763095		164.096	16.7644	3.9555e8	m						CF4
PGC 3778754		178.4332	24.6723	3.9555e8	m						CF4
PGC 3791169		188.2719	6.7353	3.9555e8	m						CF4
PGC 3793408		189.905	31.2309	3.9555e8	m						CF4
PGC 3796169		191.8791	30.063	3.9555e8	m						CF4
PGC 3798988		194.2338	30.4625	3.9555e8	m						CF4
PGC 3799379		194.474	7.9818	3.9555e8	m						CF4
PGC 3804918		198.862	10.8131	3.9555e8	m						CF4
PGC 3805165		199.0564	9.5435	3.9555e8	m						CF4
PGC 3809582		203.0981	51.4189	3.9555e8	m						CF4
PGC 3814963		207.9153	9.4364	3.9555e8	m						CF4
PGC 3817313		209.8691	35.7013	3.9555e8	m						CF4
PGC 3818601		210.8576	15.4318	3.9555e8	m						CF4
PGC 3833117		221.3532	31.9883	3.9555e8	m						CF4
PGC 3844102		229.7434	2.2679	3.9555e8	m						CF4
PGC 3844402		229.9471	7.7626	3.9555e8	m						CF4
PGC 3846495		231.4062	5.4982	3.9555e8	m						CF4
PGC 3848396		232.9545	6.6577	3.9555e8	m						CF4
PGC 3850221		234.3711	6.5688	3.9555e8	m						CF4
PGC 3852531		236.1535	27.6077	3.9555e8	m						CF4
PGC 3853831		237.0474	26.6207	3.9555e8	m						CF4
PGC 4104667		186.8661	8.8221	3.9555e8	m						CF4
PGC 4143540		115.8094	22.9138	3.9555e8	m						CF4
PGC 4280783		171.9867	16.8216	3.9555e8	m						CF4
PGC 82651		153.9258	-0.3489	3.9737e8	m						CF4
PGC 197624		175.8123	19.4265	3.9737e8	m						CF4
PGC 1090280		195.5895	-2.5017	3.9737e8	m						CF4
PGC 1097172		195.0987	-2.2599	3.9737e8	m						CF4
PGC 1118056		202.0327	-1.4634	3.9737e8	m						CF4
PGC 1122425		197.0523	-1.2823	3.9737e8	m						CF4
PGC 1131561		169.1235	-0.9111	3.9737e8	m						CF4
PGC 1150801		227.7968	-0.1456	3.9737e8	m						CF4
PGC 1152195		157.7623	-0.0891	3.9737e8	m						CF4
PGC 1155552		206.1632	0.0403	3.9737e8	m						CF4
PGC 1158366		169.001	0.1502	3.9737e8	m						CF4
PGC 1168057		151.8138	0.5185	3.9737e8	m						CF4
PGC 1184677		235.3288	1.1037	3.9737e8	m						CF4
PGC 1187515		180.5856	1.1985	3.9737e8	m						CF4
PGC 1195190		172.6927	1.4464	3.9737e8	m						CF4
PGC 1225809		173.2062	2.4027	3.9737e8	m						CF4
PGC 1240002		232.788	2.8843	3.9737e8	m						CF4
PGC 1256481		188.907	3.6667	3.9737e8	m						CF4
PGC 1274873		125.8068	4.8933	3.9737e8	m						CF4
PGC 1278863		131.6167	5.1522	3.9737e8	m						CF4
PGC 1283828		148.9072	5.463	3.9737e8	m						CF4
PGC 1285842		149.7993	5.5866	3.9737e8	m						CF4
PGC 1314249		188.6647	7.1181	3.9737e8	m						CF4
PGC 1322843		175.8685	7.4792	3.9737e8	m						CF4
PGC 1326242		197.726	7.6102	3.9737e8	m						CF4
PGC 1353538		186.7167	8.78	3.9737e8	m						CF4
PGC 1360313		132.4017	9.1396	3.9737e8	m						CF4
PGC 1372503		182.2865	9.9549	3.9737e8	m						CF4
PGC 1372750		192.9703	9.9711	3.9737e8	m						CF4
PGC 1433748		131.3583	13.5423	3.9737e8	m						CF4
PGC 1468575		172.4363	14.8441	3.9737e8	m						CF4
PGC 1477548		241.9156	15.1838	3.9737e8	m						CF4
PGC 1479666		138.1645	15.2567	3.9737e8	m						CF4
PGC 1489344		175.0919	15.6248	3.9737e8	m						CF4
PGC 1527448		210.2264	17.2168	3.9737e8	m						CF4
PGC 1565503		142.076	18.6366	3.9737e8	m						CF4
PGC 1599840		239.1106	19.6351	3.9737e8	m						CF4
PGC 1620967		219.7365	20.2362	3.9737e8	m						CF4
PGC 1624512		217.3185	20.3456	3.9737e8	m						CF4
PGC 1634782		198.1132	20.7364	3.9737e8	m						CF4
PGC 1655213		219.3588	21.6924	3.9737e8	m						CF4
PGC 1659902		229.219	21.9187	3.9737e8	m						CF4
PGC 1676722		242.2775	22.8236	3.9737e8	m						CF4
PGC 1704801		230.2867	24.3271	3.9737e8	m						CF4
PGC 1757788		248.3493	25.9793	3.9737e8	m						CF4
PGC 1768877		205.0507	26.2479	3.9737e8	m						CF4
PGC 1781149		154.2697	26.5725	3.9737e8	m						CF4
PGC 1802086		238.8535	27.2436	3.9737e8	m						CF4
PGC 1813848		230.6622	27.6351	3.9737e8	m						CF4
PGC 1816504		131.3175	27.7316	3.9737e8	m						CF4
PGC 1826028		118.8852	28.0903	3.9737e8	m						CF4
PGC 1858726		118.4702	29.197	3.9737e8	m						CF4
PGC 1867380		184.9551	29.4723	3.9737e8	m						CF4
PGC 1908424		229.8258	30.556	3.9737e8	m						CF4
PGC 1961058		132.4197	31.7228	3.9737e8	m						CF4
PGC 1983277		225.3447	32.1606	3.9737e8	m						CF4
PGC 1988406		151.2201	32.2575	3.9737e8	m						CF4
PGC 1988864		207.1248	32.2668	3.9737e8	m						CF4
PGC 2027369		240.1026	33.2444	3.9737e8	m						CF4
PGC 2093102		154.8667	37.1058	3.9737e8	m						CF4
PGC 2121469		241.4169	38.234	3.9737e8	m						CF4
PGC 2164303		139.3955	40.3366	3.9737e8	m						CF4
PGC 2167644		178.3859	40.561	3.9737e8	m						CF4
PGC 2172251		187.1737	40.8734	3.9737e8	m						CF4
PGC 2184929		213.807	41.6744	3.9737e8	m						CF4
PGC 2191148		168.1942	42.0293	3.9737e8	m						CF4
PGC 2200300		209.6936	42.509	3.9737e8	m						CF4
PGC 2202623		159.1387	42.6198	3.9737e8	m						CF4
PGC 2213604		138.6246	43.1264	3.9737e8	m						CF4
PGC 2237353		148.8606	44.133	3.9737e8	m						CF4
PGC 2248636		252.6805	44.6355	3.9737e8	m						CF4
PGC 2255641		112.6778	44.9469	3.9737e8	m						CF4
PGC 2288091		182.1046	46.8436	3.9737e8	m						CF4
PGC 2300470		220.2746	47.5662	3.9737e8	m						CF4
PGC 2326515		189.8459	48.8235	3.9737e8	m						CF4
PGC 2363478		213.077	50.1224	3.9737e8	m						CF4
PGC 2391379		197.0648	51.2745	3.9737e8	m						CF4
PGC 2430474		230.8111	53.0488	3.9737e8	m						CF4
PGC 2445665		243.126	53.6027	3.9737e8	m						CF4
PGC 2589470		204.0683	59.3532	3.9737e8	m						CF4
PGC 2617096		185.523	61.3916	3.9737e8	m						CF4
PGC 2680996		190.7899	65.8245	3.9737e8	m						CF4
PGC 3094689		37.0326	-3.2778	3.9737e8	m						CF4
PGC 3111204		189.6786	-0.3313	3.9737e8	m						CF4
PGC 3120465		145.6571	2.0925	3.9737e8	m						CF4
PGC 3129230		116.852	39.0352	3.9737e8	m						CF4
PGC 3133407		136.9036	52.5331	3.9737e8	m						CF4
PGC 3135279		136.0107	56.0709	3.9737e8	m						CF4
PGC 3357876		159.2041	4.2191	3.9737e8	m						CF4
PGC 3390530		131.845	39.4091	3.9737e8	m						CF4
PGC 3409389		173.442	58.3912	3.9737e8	m						CF4
PGC 3411879		185.3992	50.5504	3.9737e8	m						CF4
PGC 3413884		254.8681	35.4022	3.9737e8	m						CF4
PGC 3442907		115.5649	19.8085	3.9737e8	m						CF4
PGC 3446386		122.6922	26.1901	3.9737e8	m						CF4
PGC 3447722		125.493	29.8633	3.9737e8	m						CF4
PGC 3448996		127.647	5.468	3.9737e8	m						CF4
PGC 3461401		148.0968	8.7072	3.9737e8	m						CF4
PGC 3490398		225.3385	47.4325	3.9737e8	m						CF4
PGC 3494710		238.8741	28.6493	3.9737e8	m						CF4
PGC 3500746		249.1703	34.5753	3.9737e8	m						CF4
PGC 3516093		201.5247	17.8332	3.9737e8	m						CF4
PGC 3521973		120.1002	48.2118	3.9737e8	m						CF4
PGC 3527629		135.5215	34.6931	3.9737e8	m						CF4
PGC 3552878		196.1544	15.3315	3.9737e8	m						CF4
PGC 3556051		202.4664	40.4662	3.9737e8	m						CF4
PGC 3564560		228.5675	37.4199	3.9737e8	m						CF4
PGC 3568340		237.8738	8.9633	3.9737e8	m						CF4
PGC 3734240		132.1452	19.6689	3.9737e8	m						CF4
PGC 3762493		163.5611	34.8763	3.9737e8	m						CF4
PGC 3762708		163.7355	16.6243	3.9737e8	m						CF4
PGC 3763715		164.6218	15.9601	3.9737e8	m						CF4
PGC 3806428		200.1891	21.2742	3.9737e8	m						CF4
PGC 3808247		201.8623	8.172	3.9737e8	m						CF4
PGC 3812456		205.7394	26.425	3.9737e8	m						CF4
PGC 3813735		206.9159	28.2368	3.9737e8	m						CF4
PGC 3818901		211.0891	18.2862	3.9737e8	m						CF4
PGC 3837368		224.3747	5.7015	3.9737e8	m						CF4
PGC 3837656		224.5971	27.4514	3.9737e8	m						CF4
PGC 3840173		226.8555	8.4958	3.9737e8	m						CF4
PGC 3841980		228.1263	14.3265	3.9737e8	m						CF4
PGC 3857213		239.8668	26.6589	3.9737e8	m						CF4
PGC 3857862		240.4431	28.5721	3.9737e8	m						CF4
PGC 3878992		257.6676	34.6853	3.9737e8	m						CF4
PGC 3880554		258.9114	38.63	3.9737e8	m						CF4
PGC 5087965		163.5729	9.3136	3.9737e8	m						CF4
PGC 4530662		333.1053	0.8514	3.9866e8	m						CF4
PGC 9003179		353.5042	-13.296	3.9866e8	m						CF4
PGC 22194		118.8855	27.7361	3.9921e8	m						CF4
PGC 33512		166.345	30.1615	3.9921e8	m						CF4
PGC 55926		236.1765	52.6873	3.9921e8	m						CF4
PGC 154709		152.2567	0.0503	3.9921e8	m						CF4
PGC 165263		189.2703	15.2588	3.9921e8	m						CF4
PGC 169147		185.6457	14.8021	3.9921e8	m						CF4
PGC 179002		92.1747	-49.5067	3.9921e8	m						CF4
PGC 1093505		195.3577	-2.3882	3.9921e8	m						CF4
PGC 1098785		207.0612	-2.2044	3.9921e8	m						CF4
PGC 1101780		232.6872	-2.0987	3.9921e8	m						CF4
PGC 1108437		204.8223	-1.8469	3.9921e8	m						CF4
PGC 1135598		201.5123	-0.7515	3.9921e8	m						CF4
PGC 1160622		148.1344	0.2358	3.9921e8	m						CF4
PGC 1162472		153.5673	0.3069	3.9921e8	m						CF4
PGC 1170653		170.7768	0.6128	3.9921e8	m						CF4
PGC 1171735		248.8941	0.6524	3.9921e8	m						CF4
PGC 1173022		205.6089	0.6961	3.9921e8	m						CF4
PGC 1178746		125.1197	0.9059	3.9921e8	m						CF4
PGC 1194053		149.3969	1.4103	3.9921e8	m						CF4
PGC 1208668		197.7726	1.8727	3.9921e8	m						CF4
PGC 1211870		218.0038	1.9725	3.9921e8	m						CF4
PGC 1240702		227.6653	2.9131	3.9921e8	m						CF4
PGC 1289541		137.2828	5.8113	3.9921e8	m						CF4
PGC 1320024		194.5098	7.3633	3.9921e8	m						CF4
PGC 1332498		198.8504	7.847	3.9921e8	m						CF4
PGC 1403813		177.8494	12.1024	3.9921e8	m						CF4
PGC 1407969		247.7771	12.3515	3.9921e8	m						CF4
PGC 1408585		129.6828	12.3849	3.9921e8	m						CF4
PGC 1410096		184.1652	12.4683	3.9921e8	m						CF4
PGC 1420513		158.0257	12.9966	3.9921e8	m						CF4
PGC 1423105		173.529	13.1086	3.9921e8	m						CF4
PGC 1436944		203.3732	13.6606	3.9921e8	m						CF4
PGC 1473408		171.5574	15.0304	3.9921e8	m						CF4
PGC 1484190		155.5482	15.421	3.9921e8	m						CF4
PGC 1496087		167.026	15.9052	3.9921e8	m						CF4
PGC 1501061		172.541	16.1158	3.9921e8	m						CF4
PGC 1507352		222.2524	16.3771	3.9921e8	m						CF4
PGC 1512250		138.1176	16.5857	3.9921e8	m						CF4
PGC 1515839		205.3317	16.7398	3.9921e8	m						CF4
PGC 1541026		196.8369	17.7633	3.9921e8	m						CF4
PGC 1582435		202.8349	19.1565	3.9921e8	m						CF4
PGC 1589811		148.9589	19.3671	3.9921e8	m						CF4
PGC 1647970		175.368	21.3382	3.9921e8	m						CF4
PGC 1658591		246.9111	21.8516	3.9921e8	m						CF4
PGC 1673976		173.2652	22.6641	3.9921e8	m						CF4
PGC 1699833		243.2869	24.1032	3.9921e8	m						CF4
PGC 1722989		212.7456	25.0176	3.9921e8	m						CF4
PGC 1782357		171.4198	26.6086	3.9921e8	m						CF4
PGC 1797386		229.5002	27.0883	3.9921e8	m						CF4
PGC 1802835		237.5715	27.2678	3.9921e8	m						CF4
PGC 1809169		239.3529	27.4716	3.9921e8	m						CF4
PGC 1814301		228.0354	27.6527	3.9921e8	m						CF4
PGC 1818375		230.6536	27.8022	3.9921e8	m						CF4
PGC 1862526		152.263	29.3172	3.9921e8	m						CF4
PGC 1874612		170.1632	29.6895	3.9921e8	m						CF4
PGC 1880907		206.0076	29.8607	3.9921e8	m						CF4
PGC 1882117		153.6309	29.8929	3.9921e8	m						CF4
PGC 1902958		199.6496	30.4182	3.9921e8	m						CF4
PGC 1916527		120.0661	30.7538	3.9921e8	m						CF4
PGC 1932594		179.4021	31.1203	3.9921e8	m						CF4
PGC 1983019		231.1526	32.1553	3.9921e8	m						CF4
PGC 2006925		249.0228	32.6586	3.9921e8	m						CF4
PGC 2050890		184.6349	34.5508	3.9921e8	m						CF4
PGC 2072422		157.9618	35.9437	3.9921e8	m						CF4
PGC 2092384		117.3406	37.0693	3.9921e8	m						CF4
PGC 2153798		168.0566	39.6704	3.9921e8	m						CF4
PGC 2159873		237.8483	40.0555	3.9921e8	m						CF4
PGC 2165507		191.4456	40.4192	3.9921e8	m						CF4
PGC 2166096		134.4747	40.4588	3.9921e8	m						CF4
PGC 2249539		184.7654	44.6751	3.9921e8	m						CF4
PGC 2250713		197.4441	44.7307	3.9921e8	m						CF4
PGC 2258496		248.635	45.0834	3.9921e8	m						CF4
PGC 2292944		172.8158	47.1344	3.9921e8	m						CF4
PGC 2295724		248.9594	47.2938	3.9921e8	m						CF4
PGC 2318163		215.5325	48.4684	3.9921e8	m						CF4
PGC 2340743		124.9594	49.3593	3.9921e8	m						CF4
PGC 2367931		169.5279	50.2668	3.9921e8	m						CF4
PGC 2379921		133.1595	50.6944	3.9921e8	m						CF4
PGC 2405011		243.7766	52.0245	3.9921e8	m						CF4
PGC 2504156		212.2437	55.4956	3.9921e8	m						CF4
PGC 2523482		136.9131	56.0429	3.9921e8	m						CF4
PGC 2526315		182.0091	56.1233	3.9921e8	m						CF4
PGC 2548172		164.9427	56.8008	3.9921e8	m						CF4
PGC 2601186		206.8151	60.3651	3.9921e8	m						CF4
PGC 2664959		207.4327	64.1464	3.9921e8	m						CF4
PGC 3087316		134.6732	50.2029	3.9921e8	m						CF4
PGC 3089886		181.319	21.0103	3.9921e8	m						CF4
PGC 3090360		189.7403	16.7746	3.9921e8	m						CF4
PGC 3091419		136.8486	9.6556	3.9921e8	m						CF4
PGC 3107375		205.7355	-1.0905	3.9921e8	m						CF4
PGC 3109959		205.5172	-0.5771	3.9921e8	m						CF4
PGC 3119740		204.2947	1.7653	3.9921e8	m						CF4
PGC 3124820		236.6847	3.6989	3.9921e8	m						CF4
PGC 3131655		129.4392	48.2674	3.9921e8	m						CF4
PGC 3133292		132.0536	52.3762	3.9921e8	m						CF4
PGC 3137931		226.1862	62.4594	3.9921e8	m						CF4
PGC 3358142		159.9402	5.4585	3.9921e8	m						CF4
PGC 3358823		165.6493	4.2393	3.9921e8	m						CF4
PGC 3384001		185.3372	63.5136	3.9921e8	m						CF4
PGC 3389541		123.4677	34.3101	3.9921e8	m						CF4
PGC 3391671		144.9832	47.3274	3.9921e8	m						CF4
PGC 3401613		182.376	53.29	3.9921e8	m						CF4
PGC 3412400		255.5154	34.1471	3.9921e8	m						CF4
PGC 3455722		138.6797	7.5956	3.9921e8	m						CF4
PGC 3467248		159.1265	6.1553	3.9921e8	m						CF4
PGC 3468722		163.1019	47.7304	3.9921e8	m						CF4
PGC 3472970		173.1798	10.156	3.9921e8	m						CF4
PGC 3496651		242.0188	43.1635	3.9921e8	m						CF4
PGC 3523412		125.6343	7.513	3.9921e8	m						CF4
PGC 3537476		159.0892	44.6598	3.9921e8	m						CF4
PGC 3550274		187.2846	46.1221	3.9921e8	m						CF4
PGC 3555104		200.1193	13.6393	3.9921e8	m						CF4
PGC 3555763		201.6415	11.6632	3.9921e8	m						CF4
PGC 3567047		235.7736	30.9875	3.9921e8	m						CF4
PGC 3570528		245.1932	29.9078	3.9921e8	m						CF4
PGC 3729988		126.0696	19.3948	3.9921e8	m						CF4
PGC 3742014		141.3922	7.4318	3.9921e8	m						CF4
PGC 3752963		153.684	26.5213	3.9921e8	m						CF4
PGC 3763579		164.5102	20.0069	3.9921e8	m						CF4
PGC 3793225		189.7836	17.0627	3.9921e8	m						CF4
PGC 3796685		192.3173	17.9443	3.9921e8	m						CF4
PGC 3798367		193.7337	18.0573	3.9921e8	m						CF4
PGC 3798419		193.7762	19.7915	3.9921e8	m						CF4
PGC 3800183		195.0073	12.9086	3.9921e8	m						CF4
PGC 3805570		199.4652	42.408	3.9921e8	m						CF4
PGC 3811800		205.1371	28.8281	3.9921e8	m						CF4
PGC 3812093		205.4056	18.8039	3.9921e8	m						CF4
PGC 3812152		205.4594	19.3151	3.9921e8	m						CF4
PGC 3829773		219.0625	28.1314	3.9921e8	m						CF4
PGC 3836910		224.0107	31.5315	3.9921e8	m						CF4
PGC 3848130		232.7229	28.873	3.9921e8	m						CF4
PGC 3851128		235.0467	25.0214	3.9921e8	m						CF4
PGC 3851677		235.467	22.6689	3.9921e8	m						CF4
PGC 3852374		236.034	11.7259	3.9921e8	m						CF4
PGC 3859183		241.4134	22.9651	3.9921e8	m						CF4
PGC 3864014		245.1141	25.4971	3.9921e8	m						CF4
PGC 3875757		254.9783	41.9189	3.9921e8	m						CF4
PGC 3882342		260.3349	35.0305	3.9921e8	m						CF4
PGC 116818		188.7979	-3.4805	4.0105e8	m						CF4
PGC 153144		130.4485	0.8193	4.0105e8	m						CF4
PGC 165211		187.9152	14.9848	4.0105e8	m						CF4
PGC 169404		187.4223	11.8396	4.0105e8	m						CF4
PGC 1036141		146.664	-6.1553	4.0105e8	m						CF4
PGC 1072932		196.2429	-3.3212	4.0105e8	m						CF4
PGC 1081238		175.4259	-2.8588	4.0105e8	m						CF4
PGC 1104864		202.9565	-1.981	4.0105e8	m						CF4
PGC 1126909		233.429	-1.0946	4.0105e8	m						CF4
PGC 1155689		150.7827	0.0452	4.0105e8	m						CF4
PGC 1156879		206.19	0.0923	4.0105e8	m						CF4
PGC 1163036		155.3382	0.3264	4.0105e8	m						CF4
PGC 1166488		156.6095	0.4607	4.0105e8	m						CF4
PGC 1172480		227.2972	0.6773	4.0105e8	m						CF4
PGC 1186418		120.9672	1.1623	4.0105e8	m						CF4
PGC 1188290		203.0702	1.2233	4.0105e8	m						CF4
PGC 1193727		207.1395	1.3992	4.0105e8	m						CF4
PGC 1230119		205.7476	2.5403	4.0105e8	m						CF4
PGC 1244097		146.114	3.0549	4.0105e8	m						CF4
PGC 1277598		214.929	5.0632	4.0105e8	m						CF4
PGC 1284798		226.4142	5.5232	4.0105e8	m						CF4
PGC 1288780		228.3228	5.7666	4.0105e8	m						CF4
PGC 1301553		203.6754	6.4831	4.0105e8	m						CF4
PGC 1348208		178.5315	8.5046	4.0105e8	m						CF4
PGC 1374045		189.2859	10.0648	4.0105e8	m						CF4
PGC 1389891		207.5336	11.178	4.0105e8	m						CF4
PGC 1390856		227.2029	11.2476	4.0105e8	m						CF4
PGC 1395539		164.9244	11.5656	4.0105e8	m						CF4
PGC 1456432		219.5499	14.3745	4.0105e8	m						CF4
PGC 1472788		172.1871	15.0059	4.0105e8	m						CF4
PGC 1473854		236.412	15.0495	4.0105e8	m						CF4
PGC 1481397		131.9417	15.3181	4.0105e8	m						CF4
PGC 1493226		204.0262	15.7825	4.0105e8	m						CF4
PGC 1495298		168.5537	15.8728	4.0105e8	m						CF4
PGC 1497280		159.4126	15.9556	4.0105e8	m						CF4
PGC 1506934		167.3703	16.3609	4.0105e8	m						CF4
PGC 1534220		219.8212	17.4973	4.0105e8	m						CF4
PGC 1542621		209.2317	17.8217	4.0105e8	m						CF4
PGC 1554821		206.8102	18.2692	4.0105e8	m						CF4
PGC 1559467		202.8195	18.433	4.0105e8	m						CF4
PGC 1560934		206.8966	18.4852	4.0105e8	m						CF4
PGC 1562913		218.8632	18.5536	4.0105e8	m						CF4
PGC 1585157		126.1764	19.2357	4.0105e8	m						CF4
PGC 1585982		243.147	19.2601	4.0105e8	m						CF4
PGC 1589947		208.9381	19.3709	4.0105e8	m						CF4
PGC 1632470		170.2002	20.6369	4.0105e8	m						CF4
PGC 1642562		149.2879	21.0913	4.0105e8	m						CF4
PGC 1687763		124.9432	23.4614	4.0105e8	m						CF4
PGC 1695772		247.6849	23.9012	4.0105e8	m						CF4
PGC 1702408		134.885	24.2216	4.0105e8	m						CF4
PGC 1736358		232.3343	25.4336	4.0105e8	m						CF4
PGC 1740868		215.9457	25.556	4.0105e8	m						CF4
PGC 1751684		209.5731	25.8348	4.0105e8	m						CF4
PGC 1780072		232.1722	26.5425	4.0105e8	m						CF4
PGC 1782012		247.3662	26.5987	4.0105e8	m						CF4
PGC 1785599		167.3257	26.7013	4.0105e8	m						CF4
PGC 1805202		239.406	27.3439	4.0105e8	m						CF4
PGC 1809335		236.3885	27.4772	4.0105e8	m						CF4
PGC 1828175		199.4385	28.1666	4.0105e8	m						CF4
PGC 1843814		258.9467	28.7147	4.0105e8	m						CF4
PGC 1887801		221.7985	30.0399	4.0105e8	m						CF4
PGC 1926187		244.4828	30.9772	4.0105e8	m						CF4
PGC 1927533		242.9907	31.0089	4.0105e8	m						CF4
PGC 1944984		160.1523	31.3926	4.0105e8	m						CF4
PGC 2044925		257.5033	34.1668	4.0105e8	m						CF4
PGC 2079920		145.4082	36.3966	4.0105e8	m						CF4
PGC 2094100		244.0023	37.1556	4.0105e8	m						CF4
PGC 2117869		258.6693	38.102	4.0105e8	m						CF4
PGC 2128534		112.2555	38.4907	4.0105e8	m						CF4
PGC 2141137		120.0157	38.9909	4.0105e8	m						CF4
PGC 2184042		199.0391	41.6226	4.0105e8	m						CF4
PGC 2196453		173.4429	42.3151	4.0105e8	m						CF4
PGC 2213472		186.683	43.1211	4.0105e8	m						CF4
PGC 2227450		160.3504	43.7161	4.0105e8	m						CF4
PGC 2258684		187.7496	45.0918	4.0105e8	m						CF4
PGC 2292484		159.7761	47.1091	4.0105e8	m						CF4
PGC 2318351		126.6232	48.4777	4.0105e8	m						CF4
PGC 2345213		187.4814	49.5106	4.0105e8	m						CF4
PGC 2352882		171.4875	49.7705	4.0105e8	m						CF4
PGC 2356915		186.7299	49.9032	4.0105e8	m						CF4
PGC 2364178		134.558	50.1451	4.0105e8	m						CF4
PGC 2387870		183.3284	51.0722	4.0105e8	m						CF4
PGC 2441493		157.7107	53.4529	4.0105e8	m						CF4
PGC 2454882		129.2886	53.9271	4.0105e8	m						CF4
PGC 2552151		234.2725	56.9285	4.0105e8	m						CF4
PGC 2553647		175.596	56.9822	4.0105e8	m						CF4
PGC 2566903		139.5029	57.5074	4.0105e8	m						CF4
PGC 2633991		203.1588	62.285	4.0105e8	m						CF4
PGC 2680130		186.9667	65.7308	4.0105e8	m						CF4
PGC 3088795		233.393	33.6995	4.0105e8	m						CF4
PGC 3114409		232.7834	0.3235	4.0105e8	m						CF4
PGC 3118006		223.8321	1.0695	4.0105e8	m						CF4
PGC 3126391		213.4428	5.2342	4.0105e8	m						CF4
PGC 3131806		242.6324	48.9699	4.0105e8	m						CF4
PGC 3136534		147.4959	58.6419	4.0105e8	m						CF4
PGC 3388350		250.0263	39.4565	4.0105e8	m						CF4
PGC 3389411		121.2366	32.7973	4.0105e8	m						CF4
PGC 3394812		188.449	4.0294	4.0105e8	m						CF4
PGC 3394896		188.5158	5.8436	4.0105e8	m						CF4
PGC 3395062		189.258	5.9468	4.0105e8	m						CF4
PGC 3406985		232.2216	-2.1559	4.0105e8	m						CF4
PGC 3443082		116.2091	22.8725	4.0105e8	m						CF4
PGC 3443767		117.7152	29.797	4.0105e8	m						CF4
PGC 3449015		127.672	3.9522	4.0105e8	m						CF4
PGC 3457515		141.2724	41.2016	4.0105e8	m						CF4
PGC 3457536		141.299	9.0378	4.0105e8	m						CF4
PGC 3457983		141.9837	5.5583	4.0105e8	m						CF4
PGC 3467936		160.7221	6.5885	4.0105e8	m						CF4
PGC 3475615		178.6705	10.2762	4.0105e8	m						CF4
PGC 3476453		181.352	56.0001	4.0105e8	m						CF4
PGC 3488719		221.3967	52.1099	4.0105e8	m						CF4
PGC 3500417		248.6713	35.0399	4.0105e8	m						CF4
PGC 3502337		253.2456	32.9557	4.0105e8	m						CF4
PGC 3539415		163.4201	11.94	4.0105e8	m						CF4
PGC 3541006		167.0511	43.9614	4.0105e8	m						CF4
PGC 3554450		199.0677	12.4607	4.0105e8	m						CF4
PGC 3559321		212.8708	42.7902	4.0105e8	m						CF4
PGC 3559562		213.4493	43.0382	4.0105e8	m						CF4
PGC 3568009		237.3517	29.1525	4.0105e8	m						CF4
PGC 3568388		237.9411	37.7629	4.0105e8	m						CF4
PGC 3568534		238.1953	28.345	4.0105e8	m						CF4
PGC 3729748		125.7338	20.2118	4.0105e8	m						CF4
PGC 3731003		127.6236	9.4242	4.0105e8	m						CF4
PGC 3738605		137.4014	66.5401	4.0105e8	m						CF4
PGC 3743759		143.4758	21.1023	4.0105e8	m						CF4
PGC 3753395		154.1709	16.2948	4.0105e8	m						CF4
PGC 3753846		154.6834	14.8024	4.0105e8	m						CF4
PGC 3762706		163.7347	14.4536	4.0105e8	m						CF4
PGC 3762922		163.9324	46.492	4.0105e8	m						CF4
PGC 3773863		174.1689	32.8831	4.0105e8	m						CF4
PGC 3775773		175.8288	7.4618	4.0105e8	m						CF4
PGC 3775883		175.9344	7.4951	4.0105e8	m						CF4
PGC 3787693		185.688	21.9868	4.0105e8	m						CF4
PGC 3790752		187.917	8.3067	4.0105e8	m						CF4
PGC 3791072		188.1833	35.5868	4.0105e8	m						CF4
PGC 3792341		189.1343	16.6565	4.0105e8	m						CF4
PGC 3798295		193.6766	32.9753	4.0105e8	m						CF4
PGC 3800252		195.0555	29.6203	4.0105e8	m						CF4
PGC 3805499		199.3984	11.0331	4.0105e8	m						CF4
PGC 3806941		200.6339	13.2639	4.0105e8	m						CF4
PGC 3810822		204.2228	29.6926	4.0105e8	m						CF4
PGC 3815459		208.3743	35.514	4.0105e8	m						CF4
PGC 3816010		208.8603	16.9125	4.0105e8	m						CF4
PGC 3844911		230.2856	24.2198	4.0105e8	m						CF4
PGC 3852984		236.5041	28.5429	4.0105e8	m						CF4
PGC 3859785		241.8407	23.3212	4.0105e8	m						CF4
PGC 3860922		242.7077	14.392	4.0105e8	m						CF4
PGC 3866626		247.3341	14.7165	4.0105e8	m						CF4
PGC 3878430		257.2026	34.2979	4.0105e8	m						CF4
PGC 3881309		259.4799	37.6401	4.0105e8	m						CF4
PGC 4097012		168.1569	30.3386	4.0105e8	m						CF4
PGC 4101722		180.1463	36.4726	4.0105e8	m						CF4
PGC 4112119		213.2313	5.8956	4.0105e8	m						CF4
PGC 4438602		223.676	31.0251	4.0105e8	m						CF4
PGC 54558		229.3038	7.24	4.029e8	m						CF4
PGC 1091816		195.672	-2.445	4.029e8	m						CF4
PGC 1097271		190.6329	-2.2562	4.029e8	m						CF4
PGC 1149399		176.3166	-0.1988	4.029e8	m						CF4
PGC 1158937		155.8838	0.1738	4.029e8	m						CF4
PGC 1172766		149.7233	0.6876	4.029e8	m						CF4
PGC 1233712		206.2737	2.6553	4.029e8	m						CF4
PGC 1235740		235.071	2.7263	4.029e8	m						CF4
PGC 1255746		194.1177	3.6249	4.029e8	m						CF4
PGC 1261130		218.4271	3.9465	4.029e8	m						CF4
PGC 1277542		226.3511	5.0593	4.029e8	m						CF4
PGC 1288448		215.0595	5.746	4.029e8	m						CF4
PGC 1375475		196.3596	10.1605	4.029e8	m						CF4
PGC 1383009		174.9855	10.6817	4.029e8	m						CF4
PGC 1406712		208.627	12.279	4.029e8	m						CF4
PGC 1419065		143.9908	12.928	4.029e8	m						CF4
PGC 1465680		152.2628	14.7308	4.029e8	m						CF4
PGC 1485174		229.0332	15.4587	4.029e8	m						CF4
PGC 1493614		160.6701	15.7999	4.029e8	m						CF4
PGC 1530076		173.1157	17.3241	4.029e8	m						CF4
PGC 1582695		207.224	19.1634	4.029e8	m						CF4
PGC 1608412		244.8991	19.8715	4.029e8	m						CF4
PGC 1612245		125.855	19.982	4.029e8	m						CF4
PGC 1621980		192.2131	20.264	4.029e8	m						CF4
PGC 1636226		226.8444	20.8015	4.029e8	m						CF4
PGC 1706835		226.0443	24.4169	4.029e8	m						CF4
PGC 1728044		190.5389	25.1847	4.029e8	m						CF4
PGC 1826976		139.7484	28.1243	4.029e8	m						CF4
PGC 1830334		181.7478	28.2452	4.029e8	m						CF4
PGC 1870457		154.1727	29.5675	4.029e8	m						CF4
PGC 1887899		143.1225	30.0424	4.029e8	m						CF4
PGC 1939862		222.9763	31.2802	4.029e8	m						CF4
PGC 1970316		190.4346	31.9018	4.029e8	m						CF4
PGC 2000896		218.0257	32.5242	4.029e8	m						CF4
PGC 2042641		238.2522	34.0224	4.029e8	m						CF4
PGC 2045856		233.9664	34.227	4.029e8	m						CF4
PGC 2081880		208.0359	36.5083	4.029e8	m						CF4
PGC 2088408		140.1825	36.8675	4.029e8	m						CF4
PGC 2132987		117.8072	38.6548	4.029e8	m						CF4
PGC 2137738		168.8937	38.8382	4.029e8	m						CF4
PGC 2142290		168.5313	39.0453	4.029e8	m						CF4
PGC 2153793		161.2194	39.6702	4.029e8	m						CF4
PGC 2160317		117.0273	40.0851	4.029e8	m						CF4
PGC 2171856		160.6143	40.8489	4.029e8	m						CF4
PGC 2173520		155.1669	40.9563	4.029e8	m						CF4
PGC 2205302		153.9956	42.7466	4.029e8	m						CF4
PGC 2230351		204.2397	43.8368	4.029e8	m						CF4
PGC 2236961		149.2823	44.1162	4.029e8	m						CF4
PGC 2247427		225.2531	44.5806	4.029e8	m						CF4
PGC 2258332		219.1069	45.0737	4.029e8	m						CF4
PGC 2272738		164.0641	45.9373	4.029e8	m						CF4
PGC 2285241		208.2318	46.6754	4.029e8	m						CF4
PGC 2327036		115.6682	48.8449	4.029e8	m						CF4
PGC 2337619		121.8528	49.2513	4.029e8	m						CF4
PGC 2350661		139.0626	49.6953	4.029e8	m						CF4
PGC 2395856		183.1945	51.5473	4.029e8	m						CF4
PGC 2431365		135.2233	53.0832	4.029e8	m						CF4
PGC 2446383		239.5543	53.6276	4.029e8	m						CF4
PGC 2479646		217.1354	54.7667	4.029e8	m						CF4
PGC 2583953		148.8701	58.89	4.029e8	m						CF4
PGC 2665058		179.6277	64.1561	4.029e8	m						CF4
PGC 3092144		133.8201	4.4678	4.029e8	m						CF4
PGC 3095200		197.4352	10.5337	4.029e8	m						CF4
PGC 3112679		142.6308	-0.0441	4.029e8	m						CF4
PGC 3131716		124.0992	48.5373	4.029e8	m						CF4
PGC 3385000		198.5442	62.0413	4.029e8	m						CF4
PGC 3393174		177.6146	4.9401	4.029e8	m						CF4
PGC 3395799		197.8368	5.1059	4.029e8	m						CF4
PGC 3402083		184.2031	52.7371	4.029e8	m						CF4
PGC 3402805		197.7599	52.7132	4.029e8	m						CF4
PGC 3405017		169.6916	56.6904	4.029e8	m						CF4
PGC 3446619		123.3173	3.828	4.029e8	m						CF4
PGC 3448626		127.0791	32.7795	4.029e8	m						CF4
PGC 3458424		142.8064	7.46	4.029e8	m						CF4
PGC 3459245		144.5358	7.2251	4.029e8	m						CF4
PGC 3460729		146.9392	41.5757	4.029e8	m						CF4
PGC 3461890		149.0028	6.268	4.029e8	m						CF4
PGC 3469417		164.8962	51.0305	4.029e8	m						CF4
PGC 3474153		175.4488	56.7553	4.029e8	m						CF4
PGC 3474563		176.1775	9.6562	4.029e8	m						CF4
PGC 3482002		201.6819	54.7465	4.029e8	m						CF4
PGC 3486736		216.5837	43.9112	4.029e8	m						CF4
PGC 3495218		239.679	28.2412	4.029e8	m						CF4
PGC 3496598		241.9397	40.2842	4.029e8	m						CF4
PGC 3529939		141.5232	9.6625	4.029e8	m						CF4
PGC 3534136		153.6483	10.5308	4.029e8	m						CF4
PGC 3544347		173.754	5.9662	4.029e8	m						CF4
PGC 3545025		175.1202	11.6654	4.029e8	m						CF4
PGC 3566975		235.6756	30.5235	4.029e8	m						CF4
PGC 3721634		112.4209	44.2697	4.029e8	m						CF4
PGC 3724837		117.9711	21.1996	4.029e8	m						CF4
PGC 3731516		128.361	15.607	4.029e8	m						CF4
PGC 3738270		137.0556	27.4851	4.029e8	m						CF4
PGC 3756010		156.993	2.7824	4.029e8	m						CF4
PGC 3760759		162.0332	9.3122	4.029e8	m						CF4
PGC 3762414		163.4863	25.2764	4.029e8	m						CF4
PGC 3775275		175.3962	7.4143	4.029e8	m						CF4
PGC 3775645		175.7099	7.6431	4.029e8	m						CF4
PGC 3792212		189.0528	17.4544	4.029e8	m						CF4
PGC 3792494		189.2474	36.7382	4.029e8	m						CF4
PGC 3793633		190.049	34.0904	4.029e8	m						CF4
PGC 3800732		195.3621	8.5737	4.029e8	m						CF4
PGC 3805901		199.7414	6.1745	4.029e8	m						CF4
PGC 3810952		204.3567	21.7873	4.029e8	m						CF4
PGC 3816114		208.9621	25.1428	4.029e8	m						CF4
PGC 3819195		211.3086	16.5457	4.029e8	m						CF4
PGC 3828870		218.4589	16.7508	4.029e8	m						CF4
PGC 3832226		220.6587	22.3627	4.029e8	m						CF4
PGC 3835061		222.7669	21.215	4.029e8	m						CF4
PGC 3840808		227.3401	10.8227	4.029e8	m						CF4
PGC 3853487		236.8286	12.0279	4.029e8	m						CF4
PGC 3859131		241.3788	9.8883	4.029e8	m						CF4
PGC 3867536		248.0526	12.8499	4.029e8	m						CF4
PGC 3876799		255.8553	28.5325	4.029e8	m						CF4
PGC 34153		168.3154	7.8333	4.0476e8	m						CF4
PGC 51578		216.7008	16.6794	4.0476e8	m						CF4
PGC 52282		219.4491	24.8575	4.0476e8	m						CF4
PGC 116482		187.3119	-3.6155	4.0476e8	m						CF4
PGC 118138		204.1107	-2.6418	4.0476e8	m						CF4
PGC 118514		208.1227	-2.6534	4.0476e8	m						CF4
PGC 159757		214.7219	-0.9211	4.0476e8	m						CF4
PGC 729873		202.5537	-29.3935	4.0476e8	m						CF4
PGC 1096115		191.6962	-2.2936	4.0476e8	m						CF4
PGC 1101559		207.2955	-2.1075	4.0476e8	m						CF4
PGC 1102858		183.6045	-2.056	4.0476e8	m						CF4
PGC 1111106		197.1456	-1.7489	4.0476e8	m						CF4
PGC 1131890		143.343	-0.8996	4.0476e8	m						CF4
PGC 1154241		152.388	-0.0095	4.0476e8	m						CF4
PGC 1165749		228.2472	0.4313	4.0476e8	m						CF4
PGC 1178515		160.6792	0.8976	4.0476e8	m						CF4
PGC 1179928		170.516	0.948	4.0476e8	m						CF4
PGC 1180805		181.386	0.9772	4.0476e8	m						CF4
PGC 1204153		216.5888	1.7328	4.0476e8	m						CF4
PGC 1214509		197.7773	2.0541	4.0476e8	m						CF4
PGC 1224844		180.2514	2.374	4.0476e8	m						CF4
PGC 1225374		122.82	2.3906	4.0476e8	m						CF4
PGC 1278095		179.3931	5.0978	4.0476e8	m						CF4
PGC 1296676		195.9082	6.2208	4.0476e8	m						CF4
PGC 1347230		177.5763	8.4558	4.0476e8	m						CF4
PGC 1361677		218.8118	9.2192	4.0476e8	m						CF4
PGC 1366238		190.7125	9.5163	4.0476e8	m						CF4
PGC 1382436		180.3207	10.6437	4.0476e8	m						CF4
PGC 1396724		216.1538	11.6519	4.0476e8	m						CF4
PGC 1412158		203.0559	12.581	4.0476e8	m						CF4
PGC 1418382		228.0309	12.8968	4.0476e8	m						CF4
PGC 1448259		180.9563	14.0625	4.0476e8	m						CF4
PGC 1463525		247.2419	14.6512	4.0476e8	m						CF4
PGC 1480679		121.5011	15.2923	4.0476e8	m						CF4
PGC 1482056		226.5146	15.3416	4.0476e8	m						CF4
PGC 1485199		176.3112	15.4594	4.0476e8	m						CF4
PGC 1487494		203.843	15.5462	4.0476e8	m						CF4
PGC 1526113		183.909	17.1625	4.0476e8	m						CF4
PGC 1535287		126.7164	17.5429	4.0476e8	m						CF4
PGC 1547086		116.8784	17.9867	4.0476e8	m						CF4
PGC 1570693		182.3973	18.7998	4.0476e8	m						CF4
PGC 1589998		204.2445	19.3723	4.0476e8	m						CF4
PGC 1607547		222.3018	19.8455	4.0476e8	m						CF4
PGC 1627618		147.6388	20.4479	4.0476e8	m						CF4
PGC 1640068		218.8477	20.9791	4.0476e8	m						CF4
PGC 1650211		208.9591	21.448	4.0476e8	m						CF4
PGC 1666847		190.2651	22.2734	4.0476e8	m						CF4
PGC 1672698		139.6457	22.5893	4.0476e8	m						CF4
PGC 1674836		225.4203	22.7135	4.0476e8	m						CF4
PGC 1756076		212.9108	25.941	4.0476e8	m						CF4
PGC 1771416		239.9903	26.3141	4.0476e8	m						CF4
PGC 1811422		119.1843	27.5518	4.0476e8	m						CF4
PGC 1817433		183.4912	27.7666	4.0476e8	m						CF4
PGC 1861394		198.9941	29.2801	4.0476e8	m						CF4
PGC 1902092		256.0734	30.396	4.0476e8	m						CF4
PGC 1909595		146.5292	30.5847	4.0476e8	m						CF4
PGC 1936053		181.7859	31.1965	4.0476e8	m						CF4
PGC 1940376		251.8756	31.2917	4.0476e8	m						CF4
PGC 1954290		128.6643	31.5851	4.0476e8	m						CF4
PGC 2042551		258.2724	34.0172	4.0476e8	m						CF4
PGC 2044209		224.5191	34.1224	4.0476e8	m						CF4
PGC 2047106		240.099	34.304	4.0476e8	m						CF4
PGC 2069254		122.0586	35.7399	4.0476e8	m						CF4
PGC 2075422		168.3993	36.1288	4.0476e8	m						CF4
PGC 2088071		222.3717	36.8479	4.0476e8	m						CF4
PGC 2090110		152.7576	36.9592	4.0476e8	m						CF4
PGC 2135746		209.4052	38.7569	4.0476e8	m						CF4
PGC 2139031		210.7077	38.8945	4.0476e8	m						CF4
PGC 2143064		181.2002	39.0862	4.0476e8	m						CF4
PGC 2143624		126.2613	39.117	4.0476e8	m						CF4
PGC 2157629		225.034	39.9093	4.0476e8	m						CF4
PGC 2165323		119.992	40.4058	4.0476e8	m						CF4
PGC 2172322		112.2432	40.8787	4.0476e8	m						CF4
PGC 2182090		147.5472	41.5029	4.0476e8	m						CF4
PGC 2185587		192.516	41.7122	4.0476e8	m						CF4
PGC 2195933		148.9026	42.2902	4.0476e8	m						CF4
PGC 2196941		140.5761	42.3406	4.0476e8	m						CF4
PGC 2201788		181.5966	42.5798	4.0476e8	m						CF4
PGC 2212860		218.9452	43.0934	4.0476e8	m						CF4
PGC 2213553		209.676	43.1244	4.0476e8	m						CF4
PGC 2237773		167.0962	44.1503	4.0476e8	m						CF4
PGC 2263376		154.1729	45.3434	4.0476e8	m						CF4
PGC 2311777		190.1121	48.1665	4.0476e8	m						CF4
PGC 2335943		222.8613	49.1895	4.0476e8	m						CF4
PGC 2501052		172.3968	55.4105	4.0476e8	m						CF4
PGC 2525626		179.8056	56.103	4.0476e8	m						CF4
PGC 2588416		172.608	59.2631	4.0476e8	m						CF4
PGC 2608444		200.6826	60.886	4.0476e8	m						CF4
PGC 2702556		203.0891	67.5897	4.0476e8	m						CF4
PGC 3089057		164.7169	30.287	4.0476e8	m						CF4
PGC 3090221		190.5672	18.6364	4.0476e8	m						CF4
PGC 3091602		166.0331	7.7945	4.0476e8	m						CF4
PGC 3118969		147.7976	1.3617	4.0476e8	m						CF4
PGC 3119856		207.913	1.8241	4.0476e8	m						CF4
PGC 3130550		120.5908	44.0301	4.0476e8	m						CF4
PGC 3133791		137.572	53.0725	4.0476e8	m						CF4
PGC 3134790		135.246	54.918	4.0476e8	m						CF4
PGC 3354230		130.0575	2.3173	4.0476e8	m						CF4
PGC 3355884		144.9814	3.6757	4.0476e8	m						CF4
PGC 3357487		157.2469	3.6311	4.0476e8	m						CF4
PGC 3392758		176.1064	4.5776	4.0476e8	m						CF4
PGC 3403206		123.0295	36.8174	4.0476e8	m						CF4
PGC 3404966		168.1179	56.8808	4.0476e8	m						CF4
PGC 3412475		255.888	33.5369	4.0476e8	m						CF4
PGC 3413468		256.9867	29.7843	4.0476e8	m						CF4
PGC 3458881		143.8259	5.0565	4.0476e8	m						CF4
PGC 3466646		157.945	9.6286	4.0476e8	m						CF4
PGC 3485802		213.8967	51.8648	4.0476e8	m						CF4
PGC 3506368		240.7938	26.9553	4.0476e8	m						CF4
PGC 3523102		124.3824	6.1015	4.0476e8	m						CF4
PGC 3548926		183.264	11.4495	4.0476e8	m						CF4
PGC 3571596		249.9393	23.8048	4.0476e8	m						CF4
PGC 3573439		255.207	20.4835	4.0476e8	m						CF4
PGC 3725122		118.572	51.1873	4.0476e8	m						CF4
PGC 3726911		121.8316	15.4521	4.0476e8	m						CF4
PGC 3735267		133.464	15.4745	4.0476e8	m						CF4
PGC 3736801		135.3602	19.8259	4.0476e8	m						CF4
PGC 3737550		136.2231	62.7066	4.0476e8	m						CF4
PGC 3748073		147.8331	15.2061	4.0476e8	m						CF4
PGC 3750765		151.1365	15.9446	4.0476e8	m						CF4
PGC 3758719		159.8845	28.5123	4.0476e8	m						CF4
PGC 3769702		170.4472	35.2651	4.0476e8	m						CF4
PGC 3773104		173.49	14.3676	4.0476e8	m						CF4
PGC 3774047		174.3295	15.9803	4.0476e8	m						CF4
PGC 3795384		191.2846	16.3025	4.0476e8	m						CF4
PGC 3803472		197.5922	31.3303	4.0476e8	m						CF4
PGC 3804069		198.0814	50.9841	4.0476e8	m						CF4
PGC 3814189		207.291	30.7702	4.0476e8	m						CF4
PGC 3822559		213.636	28.8748	4.0476e8	m						CF4
PGC 3823460		214.3262	12.8089	4.0476e8	m						CF4
PGC 3826359		216.6424	46.9313	4.0476e8	m						CF4
PGC 3830714		219.6904	21.1439	4.0476e8	m						CF4
PGC 3839956		226.6345	25.0779	4.0476e8	m						CF4
PGC 3878000		256.8184	35.5484	4.0476e8	m						CF4
PGC 3880869		259.14	33.1542	4.0476e8	m						CF4
PGC 3519166		25.4637	-0.8767	4.0607e8	m						CF4
PGC 31859		160.445	1.3869	4.0663e8	m						CF4
PGC 101163		308.5188	-59.3463	4.0663e8	m						CF4
PGC 117071		192.58	-3.1745	4.0663e8	m						CF4
PGC 118183		204.9018	-2.6781	4.0663e8	m						CF4
PGC 148929		98.5662	-55.2837	4.0663e8	m						CF4
PGC 158874		201.012	-3.5307	4.0663e8	m						CF4
PGC 1120755		226.6806	-1.3521	4.0663e8	m						CF4
PGC 1134266		149.6755	-0.8062	4.0663e8	m						CF4
PGC 1141941		180.0234	-0.4953	4.0663e8	m						CF4
PGC 1145751		227.3196	-0.3412	4.0663e8	m						CF4
PGC 1149268		181.6792	-0.2038	4.0663e8	m						CF4
PGC 1151680		157.3032	-0.1107	4.0663e8	m						CF4
PGC 1154667		178.9802	0.006	4.0663e8	m						CF4
PGC 1167379		152.1164	0.4921	4.0663e8	m						CF4
PGC 1191003		201.1055	1.3125	4.0663e8	m						CF4
PGC 1191640		204.8923	1.3323	4.0663e8	m						CF4
PGC 1194050		206.2057	1.4099	4.0663e8	m						CF4
PGC 1194765		162.0888	1.4335	4.0663e8	m						CF4
PGC 1208332		215.2254	1.8619	4.0663e8	m						CF4
PGC 1210946		167.0899	1.9424	4.0663e8	m						CF4
PGC 1232945		152.6055	2.6302	4.0663e8	m						CF4
PGC 1236296		214.5442	2.7471	4.0663e8	m						CF4
PGC 1237697		209.4369	2.7958	4.0663e8	m						CF4
PGC 1256772		177.1721	3.6835	4.0663e8	m						CF4
PGC 1272454		237.4548	4.7329	4.0663e8	m						CF4
PGC 1276980		184.8729	5.0246	4.0663e8	m						CF4
PGC 1293013		154.3701	6.0119	4.0663e8	m						CF4
PGC 1294303		124.94	6.0854	4.0663e8	m						CF4
PGC 1312362		202.4628	7.0306	4.0663e8	m						CF4
PGC 1321885		141.3826	7.4427	4.0663e8	m						CF4
PGC 1344342		199.231	8.3167	4.0663e8	m						CF4
PGC 1351727		152.812	8.6859	4.0663e8	m						CF4
PGC 1351882		199.4363	8.6934	4.0663e8	m						CF4
PGC 1372282		193.3417	9.9397	4.0663e8	m						CF4
PGC 1398008		229.7211	11.7363	4.0663e8	m						CF4
PGC 1402734		248.9048	12.0371	4.0663e8	m						CF4
PGC 1468181		173.9588	14.8279	4.0663e8	m						CF4
PGC 1472339		159.5693	14.9894	4.0663e8	m						CF4
PGC 1491263		123.1166	15.7021	4.0663e8	m						CF4
PGC 1494935		176.0311	15.8572	4.0663e8	m						CF4
PGC 1530498		133.5102	17.3426	4.0663e8	m						CF4
PGC 1555127		147.7356	18.2798	4.0663e8	m						CF4
PGC 1587938		135.4818	19.3122	4.0663e8	m						CF4
PGC 1603620		152.5396	19.7368	4.0663e8	m						CF4
PGC 1641919		219.7006	21.0609	4.0663e8	m						CF4
PGC 1655413		175.8127	21.7032	4.0663e8	m						CF4
PGC 1668853		197.0709	22.3819	4.0663e8	m						CF4
PGC 1717185		159.9592	24.815	4.0663e8	m						CF4
PGC 1729484		122.0179	25.2282	4.0663e8	m						CF4
PGC 1755093		233.0589	25.9183	4.0663e8	m						CF4
PGC 1755879		128.4507	25.9366	4.0663e8	m						CF4
PGC 1759053		218.0319	26.0101	4.0663e8	m						CF4
PGC 1789159		135.9984	26.8143	4.0663e8	m						CF4
PGC 1798625		119.8542	27.1303	4.0663e8	m						CF4
PGC 1805811		239.5041	27.3634	4.0663e8	m						CF4
PGC 1826147		230.5793	28.0937	4.0663e8	m						CF4
PGC 1840004		150.0208	28.5823	4.0663e8	m						CF4
PGC 1840215		158.38	28.5894	4.0663e8	m						CF4
PGC 1868158		211.0293	29.4955	4.0663e8	m						CF4
PGC 1872633		170.2374	29.6325	4.0663e8	m						CF4
PGC 1877713		239.1988	29.7745	4.0663e8	m						CF4
PGC 1884564		167.9982	29.9562	4.0663e8	m						CF4
PGC 1918024		230.2839	30.7882	4.0663e8	m						CF4
PGC 1957724		127.3567	31.6555	4.0663e8	m						CF4
PGC 1995885		154.5961	32.4162	4.0663e8	m						CF4
PGC 2047978		195.2718	34.3599	4.0663e8	m						CF4
PGC 2070396		234.9234	35.8154	4.0663e8	m						CF4
PGC 2090902		134.0128	36.997	4.0663e8	m						CF4
PGC 2113067		219.7956	37.9211	4.0663e8	m						CF4
PGC 2148230		150.7195	39.3526	4.0663e8	m						CF4
PGC 2163525		158.045	40.2842	4.0663e8	m						CF4
PGC 2164594		213.0435	40.3569	4.0663e8	m						CF4
PGC 2172860		184.1903	40.915	4.0663e8	m						CF4
PGC 2174278		187.7136	41.0084	4.0663e8	m						CF4
PGC 2208377		170.9204	42.8935	4.0663e8	m						CF4
PGC 2258560		225.0723	45.0862	4.0663e8	m						CF4
PGC 2271509		186.1154	45.8571	4.0663e8	m						CF4
PGC 2306538		235.2566	47.8995	4.0663e8	m						CF4
PGC 2340380		224.4852	49.3444	4.0663e8	m						CF4
PGC 2391112		151.4075	51.2572	4.0663e8	m						CF4
PGC 2439684		142.6402	53.3886	4.0663e8	m						CF4
PGC 2456218		171.7092	53.976	4.0663e8	m						CF4
PGC 2495245		233.8933	55.2371	4.0663e8	m						CF4
PGC 2586709		229.7911	59.1194	4.0663e8	m						CF4
PGC 2682570		190.203	65.9924	4.0663e8	m						CF4
PGC 2686097		193.5841	66.3359	4.0663e8	m						CF4
PGC 3089327		200.2786	26.7915	4.0663e8	m						CF4
PGC 3090219		190.06	18.6292	4.0663e8	m						CF4
PGC 3092309		156.7132	3.5626	4.0663e8	m						CF4
PGC 3106449		197.6808	-1.9652	4.0663e8	m						CF4
PGC 3106491		194.4832	-1.8888	4.0663e8	m						CF4
PGC 3108137		190.4238	-0.9152	4.0663e8	m						CF4
PGC 3114491		178.797	0.3406	4.0663e8	m						CF4
PGC 3114954		153.6275	0.4338	4.0663e8	m						CF4
PGC 3118462		172.6236	1.1692	4.0663e8	m						CF4
PGC 3135787		134.4822	56.9671	4.0663e8	m						CF4
PGC 3356877		153.32	3.5004	4.0663e8	m						CF4
PGC 3362552		211.4973	62.8557	4.0663e8	m						CF4
PGC 3394587		185.0915	5.9157	4.0663e8	m						CF4
PGC 3396003		199.7382	5.6125	4.0663e8	m						CF4
PGC 3400412		169.3384	50.699	4.0663e8	m						CF4
PGC 3403008		122.4565	34.965	4.0663e8	m						CF4
PGC 3410748		197.4342	59.9043	4.0663e8	m						CF4
PGC 3413258		256.8157	33.2728	4.0663e8	m						CF4
PGC 3450257		129.4728	33.163	4.0663e8	m						CF4
PGC 3461070		147.5307	5.9151	4.0663e8	m						CF4
PGC 3466970		158.4948	47.4068	4.0663e8	m						CF4
PGC 3479741		191.6933	54.9858	4.0663e8	m						CF4
PGC 3497173		242.8952	26.3541	4.0663e8	m						CF4
PGC 3498178		245.0862	38.6823	4.0663e8	m						CF4
PGC 3501156		250.0094	36.0103	4.0663e8	m						CF4
PGC 3541229		167.4852	46.2036	4.0663e8	m						CF4
PGC 3541833		168.624	41.3762	4.0663e8	m						CF4
PGC 3546272		177.8883	43.9587	4.0663e8	m						CF4
PGC 3548532		182.5345	12.0899	4.0663e8	m						CF4
PGC 3556908		206.8471	11.1035	4.0663e8	m						CF4
PGC 3565477		231.5246	29.2386	4.0663e8	m						CF4
PGC 3736099		134.5334	18.1474	4.0663e8	m						CF4
PGC 3747100		146.9151	22.8675	4.0663e8	m						CF4
PGC 3771096		171.7575	35.911	4.0663e8	m						CF4
PGC 3775026		175.1832	7.3005	4.0663e8	m						CF4
PGC 3776304		176.311	15.4257	4.0663e8	m						CF4
PGC 3789364		186.8844	6.5588	4.0663e8	m						CF4
PGC 3789458		186.9425	8.8158	4.0663e8	m						CF4
PGC 3791157		188.2617	40.1664	4.0663e8	m						CF4
PGC 3792405		189.1772	16.8967	4.0663e8	m						CF4
PGC 3793877		190.231	15.6165	4.0663e8	m						CF4
PGC 3800324		195.1099	27.0282	4.0663e8	m						CF4
PGC 3816466		209.2262	33.1655	4.0663e8	m						CF4
PGC 3827064		217.1406	25.994	4.0663e8	m						CF4
PGC 3828418		218.1345	10.2771	4.0663e8	m						CF4
PGC 3828644		218.3032	27.8112	4.0663e8	m						CF4
PGC 3834535		222.4133	46.5474	4.0663e8	m						CF4
PGC 3839060		225.7593	17.4348	4.0663e8	m						CF4
PGC 3842069		228.1866	6.1791	4.0663e8	m						CF4
PGC 3844464		229.9892	27.2045	4.0663e8	m						CF4
PGC 3845564		230.7227	7.3521	4.0663e8	m						CF4
PGC 3856952		239.6135	29.0704	4.0663e8	m						CF4
PGC 3857799		240.3916	26.2477	4.0663e8	m						CF4
PGC 3867104		247.7252	18.9658	4.0663e8	m						CF4
PGC 3869095		249.1861	29.4821	4.0663e8	m						CF4
PGC 3875932		255.1453	25.3766	4.0663e8	m						CF4
PGC 4143116		115.5175	16.6283	4.0663e8	m						CF4
PGC 5069156		29.4297	-0.1794	4.0794e8	m						CF4
PGC 1907590		127.6181	30.5335	4.0832e8	m						CF4
PGC 45420		196.7792	-0.0386	4.0851e8	m						CF4
PGC 84630		231.1376	0.9835	4.0851e8	m						CF4
PGC 93747		207.5153	28.0834	4.0851e8	m						CF4
PGC 94332		186.8263	8.8435	4.0851e8	m						CF4
PGC 140475		227.1072	-0.2663	4.0851e8	m						CF4
PGC 159922		218.9019	-5.3863	4.0851e8	m						CF4
PGC 169434		187.5742	11.469	4.0851e8	m						CF4
PGC 508902		165.5415	-46.9281	4.0851e8	m						CF4
PGC 1108692		196.6877	-1.8374	4.0851e8	m						CF4
PGC 1113740		192.0787	-1.6477	4.0851e8	m						CF4
PGC 1126226		181.6672	-1.1233	4.0851e8	m						CF4
PGC 1130805		198.0941	-0.9433	4.0851e8	m						CF4
PGC 1138391		187.0476	-0.6361	4.0851e8	m						CF4
PGC 1151230		167.2366	-0.1289	4.0851e8	m						CF4
PGC 1156082		152.2818	0.0599	4.0851e8	m						CF4
PGC 1168326		154.9902	0.5281	4.0851e8	m						CF4
PGC 1193831		230.8875	1.4031	4.0851e8	m						CF4
PGC 1252647		141.6531	3.4605	4.0851e8	m						CF4
PGC 1266585		146.6733	4.3181	4.0851e8	m						CF4
PGC 1280479		175.5541	5.2518	4.0851e8	m						CF4
PGC 1332305		175.6305	7.8396	4.0851e8	m						CF4
PGC 1409171		179.5818	12.4179	4.0851e8	m						CF4
PGC 1431112		208.4145	13.4414	4.0851e8	m						CF4
PGC 1450531		156.9393	14.1486	4.0851e8	m						CF4
PGC 1476894		134.2233	15.1587	4.0851e8	m						CF4
PGC 1480218		197.0082	15.2765	4.0851e8	m						CF4
PGC 1492754		124.6174	15.7628	4.0851e8	m						CF4
PGC 1492848		172.7774	15.7669	4.0851e8	m						CF4
PGC 1536687		120.9522	17.5998	4.0851e8	m						CF4
PGC 1543361		246.3564	17.8461	4.0851e8	m						CF4
PGC 1593219		250.9356	19.4638	4.0851e8	m						CF4
PGC 1600633		180.4504	19.6561	4.0851e8	m						CF4
PGC 1604720		237.657	19.7664	4.0851e8	m						CF4
PGC 1650366		193.4868	21.4546	4.0851e8	m						CF4
PGC 1663429		216.6257	22.0962	4.0851e8	m						CF4
PGC 1677781		124.8767	22.8873	4.0851e8	m						CF4
PGC 1736385		179.8679	25.4344	4.0851e8	m						CF4
PGC 1783654		148.6399	26.6449	4.0851e8	m						CF4
PGC 1822655		164.2435	27.9655	4.0851e8	m						CF4
PGC 1858865		231.1072	29.2018	4.0851e8	m						CF4
PGC 1883279		205.9809	29.9239	4.0851e8	m						CF4
PGC 1887938		244.5005	30.043	4.0851e8	m						CF4
PGC 1895922		166.2996	30.2414	4.0851e8	m						CF4
PGC 1900110		212.8606	30.3461	4.0851e8	m						CF4
PGC 1909853		135.3579	30.5905	4.0851e8	m						CF4
PGC 1928396		248.2611	31.0282	4.0851e8	m						CF4
PGC 1929386		134.7171	31.0491	4.0851e8	m						CF4
PGC 1943927		229.996	31.3704	4.0851e8	m						CF4
PGC 2022375		163.565	33.0707	4.0851e8	m						CF4
PGC 2024180		148.8029	33.1298	4.0851e8	m						CF4
PGC 2051311		257.3068	34.5761	4.0851e8	m						CF4
PGC 2076343		206.8092	36.1823	4.0851e8	m						CF4
PGC 2152333		140.2317	39.5831	4.0851e8	m						CF4
PGC 2230542		206.6622	43.845	4.0851e8	m						CF4
PGC 2257750		219.8208	45.0447	4.0851e8	m						CF4
PGC 2298484		224.0204	47.4534	4.0851e8	m						CF4
PGC 2302508		174.6044	47.684	4.0851e8	m						CF4
PGC 2306811		242.5804	47.9132	4.0851e8	m						CF4
PGC 2313788		227.1084	48.264	4.0851e8	m						CF4
PGC 2327778		246.6865	48.8752	4.0851e8	m						CF4
PGC 2362714		119.9976	50.097	4.0851e8	m						CF4
PGC 2364947		212.5653	50.1687	4.0851e8	m						CF4
PGC 2385141		188.42	50.9283	4.0851e8	m						CF4
PGC 2478305		190.6996	54.7246	4.0851e8	m						CF4
PGC 2487505		174.7049	55.0078	4.0851e8	m						CF4
PGC 2555417		235.6875	57.0429	4.0851e8	m						CF4
PGC 2583485		210.1787	58.8473	4.0851e8	m						CF4
PGC 2602204		153.2178	60.4436	4.0851e8	m						CF4
PGC 2675270		179.2257	65.1884	4.0851e8	m						CF4
PGC 3088422		191.5363	36.0752	4.0851e8	m						CF4
PGC 3088435		236.0127	36.5973	4.0851e8	m						CF4
PGC 3089250		249.553	27.9731	4.0851e8	m						CF4
PGC 3090838		137.3415	13.2408	4.0851e8	m						CF4
PGC 3113120		197.7628	0.0522	4.0851e8	m						CF4
PGC 3123803		179.4856	3.315	4.0851e8	m						CF4
PGC 3124909		232.1419	3.7494	4.0851e8	m						CF4
PGC 3125088		227.0064	3.8761	4.0851e8	m						CF4
PGC 3126247		214.5495	5.0217	4.0851e8	m						CF4
PGC 3134218		135.5532	53.7355	4.0851e8	m						CF4
PGC 3358613		162.8043	4.4665	4.0851e8	m						CF4
PGC 3382551		160.9201	61.7667	4.0851e8	m						CF4
PGC 3384883		199.3512	62.5231	4.0851e8	m						CF4
PGC 3412433		255.224	33.1043	4.0851e8	m						CF4
PGC 3442882		115.4589	29.2855	4.0851e8	m						CF4
PGC 3456681		140.0826	39.7506	4.0851e8	m						CF4
PGC 3458014		142.041	5.4387	4.0851e8	m						CF4
PGC 3501051		249.7548	34.0771	4.0851e8	m						CF4
PGC 3502172		252.7114	32.8151	4.0851e8	m						CF4
PGC 3520118		110.8917	37.9293	4.0851e8	m						CF4
PGC 3543939		172.982	56.386	4.0851e8	m						CF4
PGC 3555163		200.2046	13.2119	4.0851e8	m						CF4
PGC 3559391		213.0128	55.3329	4.0851e8	m						CF4
PGC 3565319		230.7478	29.2982	4.0851e8	m						CF4
PGC 3726919		121.8483	11.9208	4.0851e8	m						CF4
PGC 3729381		125.2767	55.2098	4.0851e8	m						CF4
PGC 3735174		133.3563	14.9836	4.0851e8	m						CF4
PGC 3748899		148.7892	21.3089	4.0851e8	m						CF4
PGC 3768647		169.4113	14.0005	4.0851e8	m						CF4
PGC 3774476		174.6978	18.8492	4.0851e8	m						CF4
PGC 3775977		176.0205	28.1021	4.0851e8	m						CF4
PGC 3776966		176.8698	7.842	4.0851e8	m						CF4
PGC 3786981		185.1866	27.6907	4.0851e8	m						CF4
PGC 3789945		187.302	6.2727	4.0851e8	m						CF4
PGC 3793784		190.153	18.5228	4.0851e8	m						CF4
PGC 3794474		190.6163	10.5261	4.0851e8	m						CF4
PGC 3801885		196.1856	17.8785	4.0851e8	m						CF4
PGC 3824996		215.5738	22.2505	4.0851e8	m						CF4
PGC 3825470		215.9623	7.6368	4.0851e8	m						CF4
PGC 3834489		222.3838	-23.1727	4.0851e8	m						CF4
PGC 3836010		223.4373	32.5085	4.0851e8	m						CF4
PGC 3844648		230.1	5.1402	4.0851e8	m						CF4
PGC 3847416		232.1678	11.9874	4.0851e8	m						CF4
PGC 3849534		233.8638	9.8336	4.0851e8	m						CF4
PGC 3852906		236.44	27.4868	4.0851e8	m						CF4
PGC 3855749		238.443	27.2544	4.0851e8	m						CF4
PGC 3856228		238.8564	3.7819	4.0851e8	m						CF4
PGC 3860446		242.346	13.906	4.0851e8	m						CF4
PGC 3860742		242.5636	27.4205	4.0851e8	m						CF4
PGC 3878692		257.4453	35.418	4.0851e8	m						CF4
PGC 4119666		239.925	25.0443	4.0851e8	m						CF4
PGC 4324913		186.0361	7.3269	4.0851e8	m						CF4
PGC 4379906		204.8916	9.9476	4.0851e8	m						CF4
PGC 5090863		234.7099	10.894	4.0851e8	m						CF4
PGC 5068279		312.2211	0.1911	4.0983e8	m						CF4
PGC 55145		231.8987	57.8572	4.1039e8	m						CF4
PGC 214277		217.5813	23.0861	4.1039e8	m						CF4
PGC 1082148		204.1245	-2.8186	4.1039e8	m						CF4
PGC 1090780		180.933	-2.483	4.1039e8	m						CF4
PGC 1109910		194.6536	-1.7931	4.1039e8	m						CF4
PGC 1110002		192.2841	-1.7902	4.1039e8	m						CF4
PGC 1116798		184.653	-1.5168	4.1039e8	m						CF4
PGC 1133167		164.1259	-0.8485	4.1039e8	m						CF4
PGC 1157775		133.158	0.1261	4.1039e8	m						CF4
PGC 1167275		240.2544	0.4882	4.1039e8	m						CF4
PGC 1175557		202.4848	0.7908	4.1039e8	m						CF4
PGC 1181530		198.213	1.0018	4.1039e8	m						CF4
PGC 1202259		232.2497	1.6745	4.1039e8	m						CF4
PGC 1215732		181.218	2.0932	4.1039e8	m						CF4
PGC 1259500		123.8823	3.8445	4.1039e8	m						CF4
PGC 1269793		228.7817	4.5513	4.1039e8	m						CF4
PGC 1286279		178.4591	5.6142	4.1039e8	m						CF4
PGC 1300035		211.0409	6.401	4.1039e8	m						CF4
PGC 1315682		193.102	7.1816	4.1039e8	m						CF4
PGC 1316161		177.8604	7.2028	4.1039e8	m						CF4
PGC 1350178		173.7151	8.6084	4.1039e8	m						CF4
PGC 1353438		180.1296	8.7739	4.1039e8	m						CF4
PGC 1357955		226.0024	9.0121	4.1039e8	m						CF4
PGC 1362910		187.1319	9.2923	4.1039e8	m						CF4
PGC 1373209		179.9677	10.0025	4.1039e8	m						CF4
PGC 1405607		177.4204	12.2114	4.1039e8	m						CF4
PGC 1406001		207.8021	12.235	4.1039e8	m						CF4
PGC 1413631		174.435	12.6554	4.1039e8	m						CF4
PGC 1414497		181.0403	12.6994	4.1039e8	m						CF4
PGC 1483411		171.3906	15.3922	4.1039e8	m						CF4
PGC 1485633		126.133	15.4743	4.1039e8	m						CF4
PGC 1503483		127.6428	16.2144	4.1039e8	m						CF4
PGC 1507854		219.0024	16.3982	4.1039e8	m						CF4
PGC 1540154		129.4613	17.7311	4.1039e8	m						CF4
PGC 1542021		121.7876	17.7999	4.1039e8	m						CF4
PGC 1549195		172.7445	18.0655	4.1039e8	m						CF4
PGC 1551181		208.0824	18.1366	4.1039e8	m						CF4
PGC 1559456		203.8164	18.4325	4.1039e8	m						CF4
PGC 1560939		254.0545	18.4855	4.1039e8	m						CF4
PGC 1581866		178.5858	19.1399	4.1039e8	m						CF4
PGC 1603978		235.4782	19.7465	4.1039e8	m						CF4
PGC 1675710		247.4408	22.7632	4.1039e8	m						CF4
PGC 1682371		166.8807	23.1521	4.1039e8	m						CF4
PGC 1685519		226.7125	23.331	4.1039e8	m						CF4
PGC 1690240		225.7749	23.6016	4.1039e8	m						CF4
PGC 1702658		218.3518	24.2337	4.1039e8	m						CF4
PGC 1704438		245.4829	24.3109	4.1039e8	m						CF4
PGC 1711748		127.4014	24.6135	4.1039e8	m						CF4
PGC 1713689		127.067	24.6881	4.1039e8	m						CF4
PGC 1722238		118.7376	24.9916	4.1039e8	m						CF4
PGC 1784310		130.1488	26.6633	4.1039e8	m						CF4
PGC 1826310		128.7962	28.1008	4.1039e8	m						CF4
PGC 1886030		144.4754	29.9948	4.1039e8	m						CF4
PGC 1890711		257.7144	30.1113	4.1039e8	m						CF4
PGC 1914725		167.3231	30.7103	4.1039e8	m						CF4
PGC 1914977		167.5296	30.7153	4.1039e8	m						CF4
PGC 1957892		253.7705	31.6591	4.1039e8	m						CF4
PGC 1960676		135.1166	31.7161	4.1039e8	m						CF4
PGC 1976578		207.0827	32.0275	4.1039e8	m						CF4
PGC 2024848		242.7024	33.1517	4.1039e8	m						CF4
PGC 2074663		191.651	36.0812	4.1039e8	m						CF4
PGC 2161746		207.3516	40.1719	4.1039e8	m						CF4
PGC 2176672		177.9438	41.1616	4.1039e8	m						CF4
PGC 2236518		133.8132	44.0977	4.1039e8	m						CF4
PGC 2245180		177.7939	44.4758	4.1039e8	m						CF4
PGC 2312093		204.1884	48.1818	4.1039e8	m						CF4
PGC 2320891		146.0715	48.5868	4.1039e8	m						CF4
PGC 2348708		243.1875	49.6304	4.1039e8	m						CF4
PGC 2365182		223.2285	50.1759	4.1039e8	m						CF4
PGC 2420930		126.7258	52.6785	4.1039e8	m						CF4
PGC 2516474		180.904	55.8482	4.1039e8	m						CF4
PGC 2529330		221.4176	56.2107	4.1039e8	m						CF4
PGC 2581823		200.2597	58.7045	4.1039e8	m						CF4
PGC 2656156		178.3924	63.4644	4.1039e8	m						CF4
PGC 3091439		166.5969	9.0521	4.1039e8	m						CF4
PGC 3109185		181.6046	-0.7179	4.1039e8	m						CF4
PGC 3115447		155.0587	0.5256	4.1039e8	m						CF4
PGC 3121675		207.6335	2.5908	4.1039e8	m						CF4
PGC 3348218		182.9079	2.6333	4.1039e8	m						CF4
PGC 3348300		184.0387	3.1942	4.1039e8	m						CF4
PGC 3357948		158.6925	3.737	4.1039e8	m						CF4
PGC 3386096		219.5753	56.8131	4.1039e8	m						CF4
PGC 3394118		182.5954	4.6469	4.1039e8	m						CF4
PGC 3401972		187.0885	51.3081	4.1039e8	m						CF4
PGC 3414143		260.6343	29.2771	4.1039e8	m						CF4
PGC 3453055		134.5338	38.5333	4.1039e8	m						CF4
PGC 3453175		134.6789	38.7304	4.1039e8	m						CF4
PGC 3455707		138.6565	7.5076	4.1039e8	m						CF4
PGC 3458716		143.4693	48.6141	4.1039e8	m						CF4
PGC 3475289		177.6386	10.8735	4.1039e8	m						CF4
PGC 3506250		219.7574	51.1934	4.1039e8	m						CF4
PGC 3516637		195.5181	8.4408	4.1039e8	m						CF4
PGC 3530561		143.1082	9.4486	4.1039e8	m						CF4
PGC 3542493		170.0233	42.3109	4.1039e8	m						CF4
PGC 3550546		187.9851	11.5767	4.1039e8	m						CF4
PGC 3557323		208.3323	39.7778	4.1039e8	m						CF4
PGC 3567465		236.4459	5.3538	4.1039e8	m						CF4
PGC 3570736		246.0917	23.5855	4.1039e8	m						CF4
PGC 3737619		136.3118	19.9555	4.1039e8	m						CF4
PGC 3754164		155.0033	29.1085	4.1039e8	m						CF4
PGC 3759410		160.7013	9.1281	4.1039e8	m						CF4
PGC 3764766		165.6233	29.1309	4.1039e8	m						CF4
PGC 3769035		169.7697	22.7811	4.1039e8	m						CF4
PGC 3779074		178.7211	26.2225	4.1039e8	m						CF4
PGC 3786896		185.1337	21.0507	4.1039e8	m						CF4
PGC 3795167		191.1189	33.2628	4.1039e8	m						CF4
PGC 3795825		191.6223	8.3453	4.1039e8	m						CF4
PGC 3811151		204.5268	11.735	4.1039e8	m						CF4
PGC 3820306		212.0948	8.5828	4.1039e8	m						CF4
PGC 3828062		217.842	25.9871	4.1039e8	m						CF4
PGC 3828287		218.0289	26.0729	4.1039e8	m						CF4
PGC 3833699		221.8272	46.0862	4.1039e8	m						CF4
PGC 3841309		227.6684	5.956	4.1039e8	m						CF4
PGC 3869424		249.4686	11.6558	4.1039e8	m						CF4
PGC 3871869		251.3043	26.9159	4.1039e8	m						CF4
PGC 3879825		258.3875	33.7366	4.1039e8	m						CF4
PGC 4107824		197.8774	39.2815	4.1039e8	m						CF4
PGC 4216130		148.1089	22.1687	4.1039e8	m						CF4
PGC 4311995		181.8719	8.2776	4.1039e8	m						CF4
PGC 4414171		215.7991	40.1294	4.1039e8	m						CF4
PGC 5093419		225.3182	47.4071	4.1039e8	m						CF4
PGC 1059339		36.0186	-4.3574	4.1153e8	m						CF4
PGC 166805		269.9373	69.1903	4.121e8	m						CF4
PGC 26191		139.1989	38.3016	4.1229e8	m						CF4
PGC 46311		199.4736	2.2181	4.1229e8	m						CF4
PGC 93960		229.7898	7.2542	4.1229e8	m						CF4
PGC 97378		119.8212	27.1545	4.1229e8	m						CF4
PGC 116735		185.4627	-12.983	4.1229e8	m						CF4
PGC 911619		203.7794	-15.4071	4.1229e8	m						CF4
PGC 1144112		146.2801	-0.407	4.1229e8	m						CF4
PGC 1168667		235.7416	0.5401	4.1229e8	m						CF4
PGC 1178846		232.9669	0.9092	4.1229e8	m						CF4
PGC 1187434		191.1084	1.1964	4.1229e8	m						CF4
PGC 1231006		230.3905	2.569	4.1229e8	m						CF4
PGC 1235150		223.696	2.7035	4.1229e8	m						CF4
PGC 1237163		190.6586	2.7767	4.1229e8	m						CF4
PGC 1243404		190.53	3.0253	4.1229e8	m						CF4
PGC 1261663		226.8229	3.9796	4.1229e8	m						CF4
PGC 1263312		231.7764	4.0894	4.1229e8	m						CF4
PGC 1279103		214.2035	5.1657	4.1229e8	m						CF4
PGC 1282991		199.7221	5.4095	4.1229e8	m						CF4
PGC 1290597		188.5275	5.8741	4.1229e8	m						CF4
PGC 1306811		207.6022	6.7534	4.1229e8	m						CF4
PGC 1319694		207.5223	7.3491	4.1229e8	m						CF4
PGC 1378375		204.2265	10.3592	4.1229e8	m						CF4
PGC 1407409		177.3718	12.3185	4.1229e8	m						CF4
PGC 1452566		182.3636	14.2244	4.1229e8	m						CF4
PGC 1480255		126.2529	15.2774	4.1229e8	m						CF4
PGC 1483716		142.6503	15.4034	4.1229e8	m						CF4
PGC 1488893		172.621	15.6047	4.1229e8	m						CF4
PGC 1500455		158.9241	16.0904	4.1229e8	m						CF4
PGC 1507004		126.1551	16.3644	4.1229e8	m						CF4
PGC 1509152		123.596	16.4538	4.1229e8	m						CF4
PGC 1571175		174.834	18.8138	4.1229e8	m						CF4
PGC 1623069		240.021	20.298	4.1229e8	m						CF4
PGC 1720295		162.7213	24.9256	4.1229e8	m						CF4
PGC 1750833		230.4167	25.8128	4.1229e8	m						CF4
PGC 1753453		234.203	25.8795	4.1229e8	m						CF4
PGC 1782750		172.8511	26.6193	4.1229e8	m						CF4
PGC 1795631		123.3882	27.0257	4.1229e8	m						CF4
PGC 1812976		230.5638	27.6047	4.1229e8	m						CF4
PGC 1857197		142.9113	29.1493	4.1229e8	m						CF4
PGC 1864612		182.4271	29.3863	4.1229e8	m						CF4
PGC 1865880		217.0012	29.4248	4.1229e8	m						CF4
PGC 1888768		154.4502	30.0633	4.1229e8	m						CF4
PGC 1977824		225.7485	32.0521	4.1229e8	m						CF4
PGC 1989703		154.9599	32.2852	4.1229e8	m						CF4
PGC 2052774		180.501	34.6712	4.1229e8	m						CF4
PGC 2111878		156.8605	37.877	4.1229e8	m						CF4
PGC 2113736		165.2256	37.9463	4.1229e8	m						CF4
PGC 2134541		134.5516	38.7125	4.1229e8	m						CF4
PGC 2139323		200.584	38.9059	4.1229e8	m						CF4
PGC 2153573		140.1209	39.6567	4.1229e8	m						CF4
PGC 2163092		157.557	40.2556	4.1229e8	m						CF4
PGC 2168469		147.2259	40.618	4.1229e8	m						CF4
PGC 2173327		249.7547	40.945	4.1229e8	m						CF4
PGC 2175253		181.9746	41.0729	4.1229e8	m						CF4
PGC 2179854		182.2066	41.3573	4.1229e8	m						CF4
PGC 2210922		152.0754	43.0061	4.1229e8	m						CF4
PGC 2218483		136.7724	43.3425	4.1229e8	m						CF4
PGC 2232356		146.3637	43.9213	4.1229e8	m						CF4
PGC 2269493		231.3237	45.7242	4.1229e8	m						CF4
PGC 2300006		222.2215	47.539	4.1229e8	m						CF4
PGC 2353898		196.4084	49.8025	4.1229e8	m						CF4
PGC 2388731		118.6257	51.1215	4.1229e8	m						CF4
PGC 2390524		188.2695	51.2217	4.1229e8	m						CF4
PGC 2425972		169.7478	52.8756	4.1229e8	m						CF4
PGC 2426985		242.9277	52.9123	4.1229e8	m						CF4
PGC 2458303		213.1022	54.0506	4.1229e8	m						CF4
PGC 2462043		128.6102	54.179	4.1229e8	m						CF4
PGC 2485331		192.8925	54.9429	4.1229e8	m						CF4
PGC 2502098		180.1431	55.4388	4.1229e8	m						CF4
PGC 2572815		232.4886	57.9502	4.1229e8	m						CF4
PGC 2604990		183.8379	60.6504	4.1229e8	m						CF4
PGC 3086709		200.2592	60.8692	4.1229e8	m						CF4
PGC 3087252		153.7848	51.3881	4.1229e8	m						CF4
PGC 3090089		185.4666	19.2115	4.1229e8	m						CF4
PGC 3110003		150.9243	-0.5669	4.1229e8	m						CF4
PGC 3123849		205.5843	3.3313	4.1229e8	m						CF4
PGC 3353789		155.7834	59.104	4.1229e8	m						CF4
PGC 3355411		141.2258	3.7076	4.1229e8	m						CF4
PGC 3365304		247.7607	48.9006	4.1229e8	m						CF4
PGC 3389987		126.8747	36.6237	4.1229e8	m						CF4
PGC 3396343		204.4669	3.9314	4.1229e8	m						CF4
PGC 3398756		126.9734	33.9695	4.1229e8	m						CF4
PGC 3407401		151.9599	44.4313	4.1229e8	m						CF4
PGC 3412464		255.7029	33.5733	4.1229e8	m						CF4
PGC 3443863		117.8646	29.034	4.1229e8	m						CF4
PGC 3455228		137.9316	6.1269	4.1229e8	m						CF4
PGC 3460111		145.9932	10.5643	4.1229e8	m						CF4
PGC 3462774		150.7859	50.0159	4.1229e8	m						CF4
PGC 3472579		172.5073	54.0202	4.1229e8	m						CF4
PGC 3474037		175.2543	11.0605	4.1229e8	m						CF4
PGC 3476088		180.228	56.2009	4.1229e8	m						CF4
PGC 3487336		217.9784	43.941	4.1229e8	m						CF4
PGC 3490203		224.9977	37.0712	4.1229e8	m						CF4
PGC 3493982		236.6265	45.1045	4.1229e8	m						CF4
PGC 3495073		239.5183	28.8062	4.1229e8	m						CF4
PGC 3506298		229.7112	48.9061	4.1229e8	m						CF4
PGC 3523316		125.3222	25.4919	4.1229e8	m						CF4
PGC 3524074		127.4315	26.6758	4.1229e8	m						CF4
PGC 3541679		168.3264	40.23	4.1229e8	m						CF4
PGC 3555413		200.745	11.2698	4.1229e8	m						CF4
PGC 3555684		201.4337	12.9589	4.1229e8	m						CF4
PGC 3555736		201.5536	12.8412	4.1229e8	m						CF4
PGC 3562541		224.2023	35.4877	4.1229e8	m						CF4
PGC 3739748		138.7473	16.3423	4.1229e8	m						CF4
PGC 3742697		142.1489	3.6503	4.1229e8	m						CF4
PGC 3746318		146.0618	66.9981	4.1229e8	m						CF4
PGC 3753678		154.5019	16.0372	4.1229e8	m						CF4
PGC 3762494		163.5628	14.5565	4.1229e8	m						CF4
PGC 3762758		163.7929	18.6564	4.1229e8	m						CF4
PGC 3763118		164.1208	15.776	4.1229e8	m						CF4
PGC 3765286		166.0563	22.5514	4.1229e8	m						CF4
PGC 3769452		170.1795	8.4202	4.1229e8	m						CF4
PGC 3772171		172.6105	28.9466	4.1229e8	m						CF4
PGC 3772323		172.7352	6.6444	4.1229e8	m						CF4
PGC 3772442		172.8695	16.5227	4.1229e8	m						CF4
PGC 3782034		181.2214	22.2556	4.1229e8	m						CF4
PGC 3792482		189.2354	15.3375	4.1229e8	m						CF4
PGC 3796651		192.2877	32.5674	4.1229e8	m						CF4
PGC 3797221		192.7685	17.0796	4.1229e8	m						CF4
PGC 3816742		209.4453	17.6958	4.1229e8	m						CF4
PGC 3819872		211.7847	19.056	4.1229e8	m						CF4
PGC 3822580		213.6548	12.7055	4.1229e8	m						CF4
PGC 3835228		222.8801	26.411	4.1229e8	m						CF4
PGC 3836315		223.6479	31.6166	4.1229e8	m						CF4
PGC 3839594		226.2561	5.1318	4.1229e8	m						CF4
PGC 3848135		232.7262	11.4224	4.1229e8	m						CF4
PGC 3852858		236.4061	24.0113	4.1229e8	m						CF4
PGC 4389284		207.9477	27.9379	4.1229e8	m						CF4
PGC 4589310		154.275	29.6124	4.1229e8	m						CF4
PGC 5087542		155.5386	15.453	4.1229e8	m						CF4
PGC 1183727		38.8608	1.0745	4.1362e8	m						CF4
PGC 43079		191.5913	26.4547	4.1419e8	m						CF4
PGC 48299		204.8879	-1.8488	4.1419e8	m						CF4
PGC 50855		213.552	1.0755	4.1419e8	m						CF4
PGC 94219		186.8561	8.9507	4.1419e8	m						CF4
PGC 1109346		221.5507	-1.8146	4.1419e8	m						CF4
PGC 1116695		194.6832	-1.5218	4.1419e8	m						CF4
PGC 1131483		199.7877	-0.9141	4.1419e8	m						CF4
PGC 1134606		148.2377	-0.792	4.1419e8	m						CF4
PGC 1136562		197.8837	-0.714	4.1419e8	m						CF4
PGC 1137248		155.0337	-0.6851	4.1419e8	m						CF4
PGC 1146116		192.55	-0.3265	4.1419e8	m						CF4
PGC 1148019		232.3032	-0.2523	4.1419e8	m						CF4
PGC 1157049		202.1527	0.0993	4.1419e8	m						CF4
PGC 1160232		152.1522	0.222	4.1419e8	m						CF4
PGC 1163653		216.3311	0.3482	4.1419e8	m						CF4
PGC 1176477		188.2167	0.824	4.1419e8	m						CF4
PGC 1204334		148.4178	1.7397	4.1419e8	m						CF4
PGC 1266433		124.3515	4.307	4.1419e8	m						CF4
PGC 1270265		191.1746	4.5815	4.1419e8	m						CF4
PGC 1272445		227.5709	4.7322	4.1419e8	m						CF4
PGC 1278422		197.7501	5.1213	4.1419e8	m						CF4
PGC 1280257		147.5358	5.2387	4.1419e8	m						CF4
PGC 1286978		176.5122	5.657	4.1419e8	m						CF4
PGC 1322671		127.1694	7.4726	4.1419e8	m						CF4
PGC 1388665		202.7912	11.0887	4.1419e8	m						CF4
PGC 1410041		175.9671	12.4663	4.1419e8	m						CF4
PGC 1416949		203.7951	12.8265	4.1419e8	m						CF4
PGC 1417195		248.1176	12.8397	4.1419e8	m						CF4
PGC 1505429		172.2485	16.2962	4.1419e8	m						CF4
PGC 1505839		138.4634	16.3157	4.1419e8	m						CF4
PGC 1647091		115.9608	21.296	4.1419e8	m						CF4
PGC 1649820		243.9608	21.4302	4.1419e8	m						CF4
PGC 1697346		135.9444	23.9816	4.1419e8	m						CF4
PGC 1703995		195.0152	24.2914	4.1419e8	m						CF4
PGC 1723306		167.1704	25.0287	4.1419e8	m						CF4
PGC 1730488		197.1783	25.2593	4.1419e8	m						CF4
PGC 1750316		133.1327	25.7992	4.1419e8	m						CF4
PGC 1761069		240.3616	26.0605	4.1419e8	m						CF4
PGC 1776182		191.5833	26.4359	4.1419e8	m						CF4
PGC 1778547		239.9237	26.4995	4.1419e8	m						CF4
PGC 1807825		232.1811	27.4278	4.1419e8	m						CF4
PGC 1810375		125.3796	27.5141	4.1419e8	m						CF4
PGC 1874976		223.2995	29.6991	4.1419e8	m						CF4
PGC 1886622		245.0955	30.0095	4.1419e8	m						CF4
PGC 1955134		251.451	31.6027	4.1419e8	m						CF4
PGC 2038498		148.7835	33.7716	4.1419e8	m						CF4
PGC 2039846		116.5755	33.8461	4.1419e8	m						CF4
PGC 2068630		236.3097	35.6978	4.1419e8	m						CF4
PGC 2080697		218.3576	36.4427	4.1419e8	m						CF4
PGC 2115589		111.7475	38.0125	4.1419e8	m						CF4
PGC 2124798		161.4558	38.3586	4.1419e8	m						CF4
PGC 2135099		211.0538	38.7336	4.1419e8	m						CF4
PGC 2157197		170.819	39.883	4.1419e8	m						CF4
PGC 2161121		134.0568	40.1339	4.1419e8	m						CF4
PGC 2167332		226.0458	40.5404	4.1419e8	m						CF4
PGC 2174835		191.8878	41.0468	4.1419e8	m						CF4
PGC 2178676		150.4631	41.2881	4.1419e8	m						CF4
PGC 2256258		219.8283	44.9733	4.1419e8	m						CF4
PGC 2272070		160.0022	45.8958	4.1419e8	m						CF4
PGC 2400957		213.8218	51.8311	4.1419e8	m						CF4
PGC 2427237		214.5356	52.9232	4.1419e8	m						CF4
PGC 2485395		151.1404	54.9447	4.1419e8	m						CF4
PGC 3089175		259.4423	29.2803	4.1419e8	m						CF4
PGC 3089228		205.9175	28.3254	4.1419e8	m						CF4
PGC 3089980		185.861	20.3739	4.1419e8	m						CF4
PGC 3092526		211.1913	-0.8192	4.1419e8	m						CF4
PGC 3097735		225.9035	7.7544	4.1419e8	m						CF4
PGC 3121436		149.5342	2.4931	4.1419e8	m						CF4
PGC 3124417		195.0023	3.5302	4.1419e8	m						CF4
PGC 3125558		210.8665	4.2645	4.1419e8	m						CF4
PGC 3136331		135.3202	58.2436	4.1419e8	m						CF4
PGC 3355189		142.2759	3.5856	4.1419e8	m						CF4
PGC 3380235		134.5774	46.5046	4.1419e8	m						CF4
PGC 3393075		178.1595	4.3674	4.1419e8	m						CF4
PGC 3402893		114.4117	27.1989	4.1419e8	m						CF4
PGC 3462023		149.2593	50.1405	4.1419e8	m						CF4
PGC 3479927		192.605	54.1567	4.1419e8	m						CF4
PGC 3486298		215.3149	44.6631	4.1419e8	m						CF4
PGC 3491143		227.0071	45.5145	4.1419e8	m						CF4
PGC 3492810		232.7785	33.4924	4.1419e8	m						CF4
PGC 3494472		238.3571	27.8191	4.1419e8	m						CF4
PGC 3520721		113.8041	41.0567	4.1419e8	m						CF4
PGC 3530260		142.4753	11.857	4.1419e8	m						CF4
PGC 3536245		157.3383	13.3763	4.1419e8	m						CF4
PGC 3554519		199.2048	44.2426	4.1419e8	m						CF4
PGC 3555221		200.3114	42.6086	4.1419e8	m						CF4
PGC 3729331		125.2035	23.616	4.1419e8	m						CF4
PGC 3734262		132.1623	18.7635	4.1419e8	m						CF4
PGC 3767293		167.9955	39.8821	4.1419e8	m						CF4
PGC 3773321		173.7026	6.7835	4.1419e8	m						CF4
PGC 3775840		175.886	7.3783	4.1419e8	m						CF4
PGC 3785260		183.8941	26.0973	4.1419e8	m						CF4
PGC 3786562		184.8918	22.2066	4.1419e8	m						CF4
PGC 3793438		189.9278	33.6711	4.1419e8	m						CF4
PGC 3803637		197.7449	8.2166	4.1419e8	m						CF4
PGC 3806130		199.9554	7.0214	4.1419e8	m						CF4
PGC 3818561		210.8312	15.523	4.1419e8	m						CF4
PGC 3832090		220.5774	22.4213	4.1419e8	m						CF4
PGC 3840304		226.9592	13.5495	4.1419e8	m						CF4
PGC 3841154		227.5493	6.1612	4.1419e8	m						CF4
PGC 3849070		233.4993	26.0537	4.1419e8	m						CF4
PGC 4096786		167.6044	37.1994	4.1419e8	m						CF4
PGC 4343590		192.4907	19.4749	4.1419e8	m						CF4
PGC 48484		205.4343	1.5446	4.161e8	m						CF4
PGC 84725		241.4556	18.0623	4.161e8	m						CF4
PGC 115395		177.9216	-3.1748	4.161e8	m						CF4
PGC 117308		195.3089	-2.8574	4.161e8	m						CF4
PGC 117366		194.782	-3.323	4.161e8	m						CF4
PGC 153897		139.8182	1.0363	4.161e8	m						CF4
PGC 158097		191.7135	0.2971	4.161e8	m						CF4
PGC 169212		186.0376	13.1899	4.161e8	m						CF4
PGC 1120571		192.3102	-1.359	4.161e8	m						CF4
PGC 1135544		193.4343	-0.7535	4.161e8	m						CF4
PGC 1137460		177.0908	-0.6759	4.161e8	m						CF4
PGC 1156238		154.5574	0.0658	4.161e8	m						CF4
PGC 1159474		159.3709	0.1943	4.161e8	m						CF4
PGC 1180857		121.3707	0.979	4.161e8	m						CF4
PGC 1184640		187.3846	1.1025	4.161e8	m						CF4
PGC 1225437		218.5987	2.3919	4.161e8	m						CF4
PGC 1246545		234.9316	3.1633	4.161e8	m						CF4
PGC 1254069		125.8982	3.5355	4.161e8	m						CF4
PGC 1263609		124.7073	4.1087	4.161e8	m						CF4
PGC 1265524		168.7361	4.2443	4.161e8	m						CF4
PGC 1280307		226.3004	5.2416	4.161e8	m						CF4
PGC 1294748		207.5229	6.1125	4.161e8	m						CF4
PGC 1300514		206.2759	6.4291	4.161e8	m						CF4
PGC 1337780		226.3837	8.0541	4.161e8	m						CF4
PGC 1338445		226.0746	8.08	4.161e8	m						CF4
PGC 1338897		176.7263	8.0976	4.161e8	m						CF4
PGC 1375576		245.1406	10.1663	4.161e8	m						CF4
PGC 1384094		160.0569	10.7621	4.161e8	m						CF4
PGC 1407679		249.118	12.3336	4.161e8	m						CF4
PGC 1416748		166.0802	12.8153	4.161e8	m						CF4
PGC 1431157		218.6329	13.4427	4.161e8	m						CF4
PGC 1441699		213.2253	13.8286	4.161e8	m						CF4
PGC 1452015		208.2948	14.2066	4.161e8	m						CF4
PGC 1459984		203.3511	14.5072	4.161e8	m						CF4
PGC 1463471		172.682	14.6491	4.161e8	m						CF4
PGC 1478500		239.0529	15.2165	4.161e8	m						CF4
PGC 1575009		200.5017	18.9341	4.161e8	m						CF4
PGC 1575262		247.0507	18.9413	4.161e8	m						CF4
PGC 1577122		228.2211	18.9964	4.161e8	m						CF4
PGC 1590565		237.257	19.3888	4.161e8	m						CF4
PGC 1619393		125.7515	20.1899	4.161e8	m						CF4
PGC 1664087		181.2817	22.1292	4.161e8	m						CF4
PGC 1699370		232.8252	24.0821	4.161e8	m						CF4
PGC 1699767		218.292	24.1004	4.161e8	m						CF4
PGC 1710296		239.0478	24.5596	4.161e8	m						CF4
PGC 1720009		237.0923	24.915	4.161e8	m						CF4
PGC 1747000		245.6273	25.7171	4.161e8	m						CF4
PGC 1747230		155.9667	25.7228	4.161e8	m						CF4
PGC 1763114		196.9451	26.1129	4.161e8	m						CF4
PGC 1770911		252.9279	26.3011	4.161e8	m						CF4
PGC 1797517		202.695	27.0925	4.161e8	m						CF4
PGC 1852444		160.6565	28.9947	4.161e8	m						CF4
PGC 2051144		257.6967	34.5649	4.161e8	m						CF4
PGC 2075928		207.5197	36.1582	4.161e8	m						CF4
PGC 2078021		237.3443	36.2844	4.161e8	m						CF4
PGC 2148069		134.3306	39.3437	4.161e8	m						CF4
PGC 2149460		133.7163	39.4194	4.161e8	m						CF4
PGC 2154328		120.3591	39.7052	4.161e8	m						CF4
PGC 2176314		157.5276	41.1401	4.161e8	m						CF4
PGC 2179907		118.7345	41.3609	4.161e8	m						CF4
PGC 2205034		139.6636	42.7337	4.161e8	m						CF4
PGC 2224052		157.0917	43.5755	4.161e8	m						CF4
PGC 2240399		167.2354	44.2659	4.161e8	m						CF4
PGC 2289328		224.0695	46.9163	4.161e8	m						CF4
PGC 2330164		136.3131	48.9714	4.161e8	m						CF4
PGC 2330344		179.7489	48.9795	4.161e8	m						CF4
PGC 2332344		152.5578	49.0579	4.161e8	m						CF4
PGC 2363322		192.0789	50.1174	4.161e8	m						CF4
PGC 2470710		204.3822	54.4743	4.161e8	m						CF4
PGC 2493272		193.4826	55.1805	4.161e8	m						CF4
PGC 2494505		177.2258	55.216	4.161e8	m						CF4
PGC 2541257		227.9056	56.5795	4.161e8	m						CF4
PGC 3092016		227.8291	5.2384	4.161e8	m						CF4
PGC 3120220		208.3571	2.0084	4.161e8	m						CF4
PGC 3132979		135.8297	51.8676	4.161e8	m						CF4
PGC 3348807		190.0647	3.4234	4.161e8	m						CF4
PGC 3351081		115.0863	33.0648	4.161e8	m						CF4
PGC 3354893		139.2364	3.1261	4.161e8	m						CF4
PGC 3395052		188.7922	4.7716	4.161e8	m						CF4
PGC 3406355		227.0913	-1.5565	4.161e8	m						CF4
PGC 3462604		150.4136	50.8467	4.161e8	m						CF4
PGC 3474227		175.5674	9.9934	4.161e8	m						CF4
PGC 3480034		193.0534	55.2828	4.161e8	m						CF4
PGC 3490923		226.3882	47.508	4.161e8	m						CF4
PGC 3492393		231.5824	33.5215	4.161e8	m						CF4
PGC 3500893		249.4382	34.0944	4.161e8	m						CF4
PGC 3520757		113.9238	42.3213	4.161e8	m						CF4
PGC 3532529		148.81	12.4431	4.161e8	m						CF4
PGC 3564353		228.1616	44.7348	4.161e8	m						CF4
PGC 3567741		236.9772	35.0984	4.161e8	m						CF4
PGC 3732484		129.6321	11.7798	4.161e8	m						CF4
PGC 3752523		153.1625	16.5851	4.161e8	m						CF4
PGC 3798512		193.8569	9.2858	4.161e8	m						CF4
PGC 3804519		198.4904	6.9942	4.161e8	m						CF4
PGC 3815736		208.6438	21.2009	4.161e8	m						CF4
PGC 3818836		211.0333	16.4865	4.161e8	m						CF4
PGC 3819450		211.5061	10.3271	4.161e8	m						CF4
PGC 3825132		215.7066	48.5684	4.161e8	m						CF4
PGC 3827695		217.5559	20.8237	4.161e8	m						CF4
PGC 3831801		220.3857	45.4915	4.161e8	m						CF4
PGC 3832038		220.5476	22.1895	4.161e8	m						CF4
PGC 3837346		224.353	31.164	4.161e8	m						CF4
PGC 3846922		231.786	57.1801	4.161e8	m						CF4
PGC 3848778		233.2524	24.3496	4.161e8	m						CF4
PGC 3860837		242.6363	17.4681	4.161e8	m						CF4
PGC 3860978		242.7507	6.8733	4.161e8	m						CF4
PGC 3864860		245.8642	11.3507	4.161e8	m						CF4
PGC 4083490		122.0015	54.69	4.161e8	m						CF4
PGC 4323244		185.4756	8.5808	4.161e8	m						CF4
PGC 4366484		200.3145	24.7052	4.161e8	m						CF4
PGC 5091179		149.2897	14.2917	4.161e8	m						CF4
PGC 34148		168.2764	58.3387	4.1802e8	m						CF4
PGC 142855		132.7198	32.0188	4.1802e8	m						CF4
PGC 158830		200.7588	-1.7114	4.1802e8	m						CF4
PGC 303295		250.7007	-66.6222	4.1802e8	m						CF4
PGC 515576		204.7215	-46.3919	4.1802e8	m						CF4
PGC 1068812		171.195	-3.6281	4.1802e8	m						CF4
PGC 1071107		196.0507	-3.4522	4.1802e8	m						CF4
PGC 1103471		176.4257	-2.0311	4.1802e8	m						CF4
PGC 1114751		188.2974	-1.6062	4.1802e8	m						CF4
PGC 1125171		205.3631	-1.1655	4.1802e8	m						CF4
PGC 1126983		198.1405	-1.0919	4.1802e8	m						CF4
PGC 1128729		201.2572	-1.0233	4.1802e8	m						CF4
PGC 1137894		197.6592	-0.6568	4.1802e8	m						CF4
PGC 1146474		149.1864	-0.3118	4.1802e8	m						CF4
PGC 1168331		159.9072	0.5282	4.1802e8	m						CF4
PGC 1178787		210.9518	0.9075	4.1802e8	m						CF4
PGC 1180785		201.8108	0.9769	4.1802e8	m						CF4
PGC 1181641		128.9702	1.0054	4.1802e8	m						CF4
PGC 1187385		178.1919	1.1948	4.1802e8	m						CF4
PGC 1250705		135.7445	3.3613	4.1802e8	m						CF4
PGC 1252378		149.1858	3.4454	4.1802e8	m						CF4
PGC 1261015		173.1291	3.9405	4.1802e8	m						CF4
PGC 1268459		212.1616	4.4566	4.1802e8	m						CF4
PGC 1285922		182.3177	5.5924	4.1802e8	m						CF4
PGC 1354723		196.3516	8.8443	4.1802e8	m						CF4
PGC 1354974		206.4141	8.858	4.1802e8	m						CF4
PGC 1356169		137.4332	8.9167	4.1802e8	m						CF4
PGC 1383156		163.2009	10.6921	4.1802e8	m						CF4
PGC 1391421		203.9597	11.2862	4.1802e8	m						CF4
PGC 1399093		205.7069	11.8105	4.1802e8	m						CF4
PGC 1409762		246.0257	12.4487	4.1802e8	m						CF4
PGC 1412465		192.2531	12.5963	4.1802e8	m						CF4
PGC 1429026		204.7819	13.3593	4.1802e8	m						CF4
PGC 1456397		131.9402	14.3733	4.1802e8	m						CF4
PGC 1472957		154.8042	15.0122	4.1802e8	m						CF4
PGC 1483615		126.1938	15.3992	4.1802e8	m						CF4
PGC 1494681		137.7428	15.8461	4.1802e8	m						CF4
PGC 1511089		150.5399	16.5347	4.1802e8	m						CF4
PGC 1513704		122.892	16.6484	4.1802e8	m						CF4
PGC 1567738		161.1388	18.7077	4.1802e8	m						CF4
PGC 1591712		243.3905	19.4219	4.1802e8	m						CF4
PGC 1616091		197.0976	20.0929	4.1802e8	m						CF4
PGC 1640486		143.4627	20.9971	4.1802e8	m						CF4
PGC 1655270		135.4326	21.6959	4.1802e8	m						CF4
PGC 1661595		233.0796	22.0026	4.1802e8	m						CF4
PGC 1689068		246.133	23.536	4.1802e8	m						CF4
PGC 1711564		126.8166	24.6066	4.1802e8	m						CF4
PGC 1764759		118.5755	26.1518	4.1802e8	m						CF4
PGC 1769242		148.8838	26.2575	4.1802e8	m						CF4
PGC 1820809		230.7534	27.8936	4.1802e8	m						CF4
PGC 1821442		209.7849	27.917	4.1802e8	m						CF4
PGC 1824196		225.5038	28.0229	4.1802e8	m						CF4
PGC 1833728		131.652	28.3653	4.1802e8	m						CF4
PGC 1886808		244.9566	30.0141	4.1802e8	m						CF4
PGC 1897651		241.7637	30.2835	4.1802e8	m						CF4
PGC 1920912		182.3967	30.8557	4.1802e8	m						CF4
PGC 2022046		198.768	33.0588	4.1802e8	m						CF4
PGC 2040389		146.858	33.8797	4.1802e8	m						CF4
PGC 2062383		238.5185	35.2987	4.1802e8	m						CF4
PGC 2067702		236.9215	35.6399	4.1802e8	m						CF4
PGC 2107743		163.0636	37.7187	4.1802e8	m						CF4
PGC 2115133		165.2596	37.996	4.1802e8	m						CF4
PGC 2121512		240.9977	38.2358	4.1802e8	m						CF4
PGC 2155877		140.9846	39.8008	4.1802e8	m						CF4
PGC 2173526		155.2112	40.9569	4.1802e8	m						CF4
PGC 2183615		121.2585	41.5969	4.1802e8	m						CF4
PGC 2195561		236.2165	42.2705	4.1802e8	m						CF4
PGC 2197124		154.2331	42.3501	4.1802e8	m						CF4
PGC 2206591		145.756	42.8057	4.1802e8	m						CF4
PGC 2206605		171.8679	42.8064	4.1802e8	m						CF4
PGC 2211409		207.339	43.029	4.1802e8	m						CF4
PGC 2233901		177.7892	43.9886	4.1802e8	m						CF4
PGC 2257074		193.2555	45.0113	4.1802e8	m						CF4
PGC 2326830		115.6896	48.8373	4.1802e8	m						CF4
PGC 2343484		248.4403	49.4555	4.1802e8	m						CF4
PGC 2451634		125.3246	53.8166	4.1802e8	m						CF4
PGC 2546132		175.5226	56.7358	4.1802e8	m						CF4
PGC 2552592		175.567	56.9444	4.1802e8	m						CF4
PGC 2584844		206.73	58.966	4.1802e8	m						CF4
PGC 2628601		201.4135	62.0008	4.1802e8	m						CF4
PGC 3114101		177.1848	0.2565	4.1802e8	m						CF4
PGC 3123360		160.9514	3.1641	4.1802e8	m						CF4
PGC 3125954		214.0839	4.6112	4.1802e8	m						CF4
PGC 3129541		116.9433	39.6874	4.1802e8	m						CF4
PGC 3135443		134.8173	56.4232	4.1802e8	m						CF4
PGC 3141299		176.9954	68.2839	4.1802e8	m						CF4
PGC 3354271		130.5648	3.3933	4.1802e8	m						CF4
PGC 3356256		148.5856	4.2157	4.1802e8	m						CF4
PGC 3356366		149.8458	3.9063	4.1802e8	m						CF4
PGC 3379222		122.6155	40.4306	4.1802e8	m						CF4
PGC 3398761		126.9017	33.5549	4.1802e8	m						CF4
PGC 3401372		181.782	51.581	4.1802e8	m						CF4
PGC 3401417		181.2768	51.395	4.1802e8	m						CF4
PGC 3403826		154.1449	52.1883	4.1802e8	m						CF4
PGC 3447192		124.587	36.4687	4.1802e8	m						CF4
PGC 3451656		132.2234	4.9132	4.1802e8	m						CF4
PGC 3455673		138.5916	38.8609	4.1802e8	m						CF4
PGC 3456822		140.2569	6.8614	4.1802e8	m						CF4
PGC 3464456		154.5446	8.968	4.1802e8	m						CF4
PGC 3471384		169.7043	52.8276	4.1802e8	m						CF4
PGC 3478824		188.7146	10.1466	4.1802e8	m						CF4
PGC 3479759		191.7734	49.1225	4.1802e8	m						CF4
PGC 3482016		201.7455	54.7623	4.1802e8	m						CF4
PGC 3482504		203.6252	53.916	4.1802e8	m						CF4
PGC 3486809		216.7565	55.7318	4.1802e8	m						CF4
PGC 3487358		218.0238	44.0667	4.1802e8	m						CF4
PGC 3491971		230.0479	46.1266	4.1802e8	m						CF4
PGC 3501632		251.217	32.7632	4.1802e8	m						CF4
PGC 3521193		116.1846	44.9206	4.1802e8	m						CF4
PGC 3523465		125.8096	6.3807	4.1802e8	m						CF4
PGC 3554988		199.9251	12.2784	4.1802e8	m						CF4
PGC 3561631		220.039	36.5617	4.1802e8	m						CF4
PGC 3570800		246.4119	29.9843	4.1802e8	m						CF4
PGC 3572267		251.6277	25.6359	4.1802e8	m						CF4
PGC 3725446		119.1942	53.2327	4.1802e8	m						CF4
PGC 3729794		125.8049	20.9594	4.1802e8	m						CF4
PGC 3729847		125.8843	19.8582	4.1802e8	m						CF4
PGC 3758745		159.9109	15.922	4.1802e8	m						CF4
PGC 3763841		164.7296	31.1349	4.1802e8	m						CF4
PGC 3771200		171.841	14.5045	4.1802e8	m						CF4
PGC 3782936		181.9538	26.3063	4.1802e8	m						CF4
PGC 3790453		187.7132	24.9021	4.1802e8	m						CF4
PGC 3801308		195.7888	8.3174	4.1802e8	m						CF4
PGC 3809150		202.672	22.5715	4.1802e8	m						CF4
PGC 3825284		215.83	15.6569	4.1802e8	m						CF4
PGC 3826543		216.7856	-19.7097	4.1802e8	m						CF4
PGC 3829425		218.8218	17.2174	4.1802e8	m						CF4
PGC 3835566		223.1049	5.289	4.1802e8	m						CF4
PGC 3836986		224.0521	9.2924	4.1802e8	m						CF4
PGC 3848201		232.7758	33.2454	4.1802e8	m						CF4
PGC 3849296		233.6818	11.3798	4.1802e8	m						CF4
PGC 3855405		238.2034	34.2336	4.1802e8	m						CF4
PGC 3863999		245.1043	24.5693	4.1802e8	m						CF4
PGC 3867050		247.6799	16.653	4.1802e8	m						CF4
PGC 3879082		257.7373	34.5691	4.1802e8	m						CF4
PGC 4256949		163.7483	22.7518	4.1802e8	m						CF4
PGC 4331276		188.1872	23.2082	4.1802e8	m						CF4
PGC 4338332		190.6518	10.5423	4.1802e8	m						CF4
PGC 4413087		215.4372	18.3902	4.1802e8	m						CF4
PGC 4452549		228.0525	9.2156	4.1802e8	m						CF4
PGC 4467997		233.2146	27.9206	4.1802e8	m						CF4
PGC 5091029		128.3657	10.0602	4.1802e8	m						CF4
PGC 5069002		312.3876	-0.7619	4.1937e8	m						CF4
PGC 5086037		351.7106	-0.7305	4.1937e8	m						CF4
PGC 9003274		345.5308	-4.422	4.1937e8	m						CF4
PGC 24933		133.1265	56.8128	4.1995e8	m						CF4
PGC 36858		177.1048	65.18	4.1995e8	m						CF4
PGC 42751		190.7268	63.2771	4.1995e8	m						CF4
PGC 43665		193.0964	7.0983	4.1995e8	m						CF4
PGC 55912		236.0835	36.1185	4.1995e8	m						CF4
PGC 87457		166.8736	2.9107	4.1995e8	m						CF4
PGC 93679		191.814	27.8982	4.1995e8	m						CF4
PGC 94700		208.3092	5.1899	4.1995e8	m						CF4
PGC 115383		177.777	-3.234	4.1995e8	m						CF4
PGC 140531		234.9617	30.7178	4.1995e8	m						CF4
PGC 1070493		195.562	-3.4964	4.1995e8	m						CF4
PGC 1102996		197.1803	-2.051	4.1995e8	m						CF4
PGC 1117142		203.5729	-1.5032	4.1995e8	m						CF4
PGC 1133790		218.3128	-0.8246	4.1995e8	m						CF4
PGC 1159694		149.1945	0.2028	4.1995e8	m						CF4
PGC 1166878		192.012	0.4741	4.1995e8	m						CF4
PGC 1173220		195.2792	0.7031	4.1995e8	m						CF4
PGC 1210474		131.0895	1.9274	4.1995e8	m						CF4
PGC 1281872		222.9044	5.3405	4.1995e8	m						CF4
PGC 1285252		162.0947	5.5516	4.1995e8	m						CF4
PGC 1301633		193.4679	6.4865	4.1995e8	m						CF4
PGC 1320963		207.2451	7.4044	4.1995e8	m						CF4
PGC 1338684		185.313	8.0897	4.1995e8	m						CF4
PGC 1340384		184.4862	8.1564	4.1995e8	m						CF4
PGC 1342240		139.407	8.2299	4.1995e8	m						CF4
PGC 1362184		125.273	9.2472	4.1995e8	m						CF4
PGC 1377401		162.8697	10.2931	4.1995e8	m						CF4
PGC 1468534		126.0567	14.8422	4.1995e8	m						CF4
PGC 1469044		217.4958	14.863	4.1995e8	m						CF4
PGC 1487471		126.0206	15.5455	4.1995e8	m						CF4
PGC 1489462		159.1179	15.6289	4.1995e8	m						CF4
PGC 1520493		170.2326	16.9316	4.1995e8	m						CF4
PGC 1560191		125.8554	18.4593	4.1995e8	m						CF4
PGC 1563634		118.3098	18.5769	4.1995e8	m						CF4
PGC 1579731		126.2522	19.0755	4.1995e8	m						CF4
PGC 1595980		198.2125	19.5347	4.1995e8	m						CF4
PGC 1599029		149.6331	19.6135	4.1995e8	m						CF4
PGC 1661777		164.6825	22.0114	4.1995e8	m						CF4
PGC 1668583		167.3234	22.3664	4.1995e8	m						CF4
PGC 1673810		139.3204	22.655	4.1995e8	m						CF4
PGC 1675373		127.3604	22.7434	4.1995e8	m						CF4
PGC 1753193		234.1039	25.8727	4.1995e8	m						CF4
PGC 1781558		146.0999	26.5852	4.1995e8	m						CF4
PGC 1803150		239.7321	27.2778	4.1995e8	m						CF4
PGC 1825558		184.4857	28.0738	4.1995e8	m						CF4
PGC 1891950		183.6216	30.1438	4.1995e8	m						CF4
PGC 1908326		153.6923	30.5534	4.1995e8	m						CF4
PGC 1929307		154.3824	31.0477	4.1995e8	m						CF4
PGC 1943195		159.4551	31.3532	4.1995e8	m						CF4
PGC 2038156		170.9497	33.751	4.1995e8	m						CF4
PGC 2074902		185.8117	36.0957	4.1995e8	m						CF4
PGC 2080418		196.2855	36.4258	4.1995e8	m						CF4
PGC 2093284		220.0162	37.1155	4.1995e8	m						CF4
PGC 2110095		123.4002	37.8095	4.1995e8	m						CF4
PGC 2142409		127.2883	39.0512	4.1995e8	m						CF4
PGC 2154968		156.7098	39.7462	4.1995e8	m						CF4
PGC 2157803		132.5634	39.9197	4.1995e8	m						CF4
PGC 2176662		225.2036	41.1607	4.1995e8	m						CF4
PGC 2183907		203.0619	41.6151	4.1995e8	m						CF4
PGC 2231694		207.1678	43.8935	4.1995e8	m						CF4
PGC 2238554		120.7277	44.1838	4.1995e8	m						CF4
PGC 2268062		155.2835	45.6303	4.1995e8	m						CF4
PGC 2320528		162.1629	48.5728	4.1995e8	m						CF4
PGC 2368708		117.6685	50.2939	4.1995e8	m						CF4
PGC 2421459		249.0338	52.6986	4.1995e8	m						CF4
PGC 2503193		197.9187	55.4681	4.1995e8	m						CF4
PGC 2557606		150.1325	57.1201	4.1995e8	m						CF4
PGC 2606248		182.2802	60.7438	4.1995e8	m						CF4
PGC 2608203		181.024	60.8719	4.1995e8	m						CF4
PGC 2670520		196.3184	64.6787	4.1995e8	m						CF4
PGC 3087094		193.9977	54.6171	4.1995e8	m						CF4
PGC 3089052		123.3757	30.3812	4.1995e8	m						CF4
PGC 3089066		193.9677	30.7151	4.1995e8	m						CF4
PGC 3121649		153.9838	2.5817	4.1995e8	m						CF4
PGC 3123964		232.2834	3.3713	4.1995e8	m						CF4
PGC 3129225		253.7421	39.0245	4.1995e8	m						CF4
PGC 3133161		244.148	52.1604	4.1995e8	m						CF4
PGC 3293044		179.5029	-2.5299	4.1995e8	m						CF4
PGC 3354828		137.8372	3.6644	4.1995e8	m						CF4
PGC 3403573		152.0753	51.7415	4.1995e8	m						CF4
PGC 3403586		151.2287	51.6461	4.1995e8	m						CF4
PGC 3405417		207.2303	-1.5749	4.1995e8	m						CF4
PGC 3408305		160.4771	58.2495	4.1995e8	m						CF4
PGC 3412407		255.1012	33.3456	4.1995e8	m						CF4
PGC 3448801		127.3306	39.1145	4.1995e8	m						CF4
PGC 3452449		133.6518	35.7174	4.1995e8	m						CF4
PGC 3453139		134.6313	38.5012	4.1995e8	m						CF4
PGC 3455022		137.6462	4.7151	4.1995e8	m						CF4
PGC 3459610		145.2498	7.2655	4.1995e8	m						CF4
PGC 3477930		186.563	8.8626	4.1995e8	m						CF4
PGC 3501076		249.8195	34.2349	4.1995e8	m						CF4
PGC 3502217		252.8509	32.7955	4.1995e8	m						CF4
PGC 3520987		115.2587	42.9864	4.1995e8	m						CF4
PGC 3531516		145.5609	37.1125	4.1995e8	m						CF4
PGC 3546235		177.7694	12.5272	4.1995e8	m						CF4
PGC 3548554		182.5686	47.9266	4.1995e8	m						CF4
PGC 3554798		199.6263	11.1446	4.1995e8	m						CF4
PGC 3562718		224.7927	38.8341	4.1995e8	m						CF4
PGC 3724312		116.9197	49.7813	4.1995e8	m						CF4
PGC 3726713		121.4952	52.8133	4.1995e8	m						CF4
PGC 3731850		128.8354	58.0545	4.1995e8	m						CF4
PGC 3764058		164.921	24.1565	4.1995e8	m						CF4
PGC 3792702		189.4023	34.6456	4.1995e8	m						CF4
PGC 3800048		194.922	26.8641	4.1995e8	m						CF4
PGC 3842732		228.7035	18.839	4.1995e8	m						CF4
PGC 3852391		236.0475	14.2673	4.1995e8	m						CF4
PGC 3871587		251.067	47.0675	4.1995e8	m						CF4
PGC 4282634		172.5727	16.9902	4.1995e8	m						CF4
PGC 4331038		188.0966	6.7045	4.1995e8	m						CF4
PGC 4352189		195.6382	24.7452	4.1995e8	m						CF4
PGC 94619		207.4224	26.7171	4.2189e8	m						CF4
PGC 119479		216.7341	-2.5567	4.2189e8	m						CF4
PGC 169217		186.1173	13.9326	4.2189e8	m						CF4
PGC 679166		206.2128	-33.2291	4.2189e8	m						CF4
PGC 1072674		196.0098	-3.3396	4.2189e8	m						CF4
PGC 1092170		195.4322	-2.4328	4.2189e8	m						CF4
PGC 1125484		149.4534	-1.1522	4.2189e8	m						CF4
PGC 1130034		196.6764	-0.9736	4.2189e8	m						CF4
PGC 1150380		18.0222	-0.1612	4.2189e8	m						CF4
PGC 1163442		191.8077	0.3406	4.2189e8	m						CF4
PGC 1171987		165.6882	0.6607	4.2189e8	m						CF4
PGC 1185374		195.1491	1.127	4.2189e8	m						CF4
PGC 1190216		178.2417	1.2878	4.2189e8	m						CF4
PGC 1190266		160.8567	1.2894	4.2189e8	m						CF4
PGC 1197025		232.7054	1.5083	4.2189e8	m						CF4
PGC 1234041		180.234	2.6659	4.2189e8	m						CF4
PGC 1282024		182.5966	5.3508	4.2189e8	m						CF4
PGC 1353794		225.7226	8.7932	4.2189e8	m						CF4
PGC 1355273		184.3468	8.8729	4.2189e8	m						CF4
PGC 1398693		176.9325	11.7831	4.2189e8	m						CF4
PGC 1411584		163.5756	12.5501	4.2189e8	m						CF4
PGC 1433105		124.8329	13.5205	4.2189e8	m						CF4
PGC 1456412		203.4117	14.3732	4.2189e8	m						CF4
PGC 1465825		199.5054	14.7362	4.2189e8	m						CF4
PGC 1472203		139.5666	14.985	4.2189e8	m						CF4
PGC 1477504		221.0214	15.1818	4.2189e8	m						CF4
PGC 1535481		150.3533	17.5514	4.2189e8	m						CF4
PGC 1547924		243.3195	18.0181	4.2189e8	m						CF4
PGC 1560791		163.0451	18.4809	4.2189e8	m						CF4
PGC 1576441		218.3634	18.9765	4.2189e8	m						CF4
PGC 1577101		131.9169	18.9956	4.2189e8	m						CF4
PGC 1590039		125.793	19.3743	4.2189e8	m						CF4
PGC 1590575		228.3141	19.3893	4.2189e8	m						CF4
PGC 1608778		219.4722	19.8824	4.2189e8	m						CF4
PGC 1740898		217.8758	25.5571	4.2189e8	m						CF4
PGC 1757085		147.678	25.9645	4.2189e8	m						CF4
PGC 1770576		172.8948	26.2911	4.2189e8	m						CF4
PGC 1776876		231.3667	26.4541	4.2189e8	m						CF4
PGC 1813528		230.6145	27.6241	4.2189e8	m						CF4
PGC 1863832		232.0276	29.3608	4.2189e8	m						CF4
PGC 1904644		231.3422	30.4589	4.2189e8	m						CF4
PGC 1950747		242.0118	31.5106	4.2189e8	m						CF4
PGC 1995085		258.1038	32.3995	4.2189e8	m						CF4
PGC 2073547		168.3053	36.0112	4.2189e8	m						CF4
PGC 2081685		221.0751	36.4995	4.2189e8	m						CF4
PGC 2084161		112.8837	36.6361	4.2189e8	m						CF4
PGC 2164395		160.0506	40.3438	4.2189e8	m						CF4
PGC 2176308		155.2389	41.1399	4.2189e8	m						CF4
PGC 2197487		154.6791	42.3683	4.2189e8	m						CF4
PGC 2268604		231.2127	45.6663	4.2189e8	m						CF4
PGC 2297918		135.3333	47.4243	4.2189e8	m						CF4
PGC 2308035		249.3849	47.9763	4.2189e8	m						CF4
PGC 2335203		243.5148	49.1635	4.2189e8	m						CF4
PGC 2336104		184.1803	49.1949	4.2189e8	m						CF4
PGC 2395181		181.5274	51.5041	4.2189e8	m						CF4
PGC 2431958		177.0834	53.107	4.2189e8	m						CF4
PGC 2464405		160.8071	54.2622	4.2189e8	m						CF4
PGC 2540267		181.6036	56.5477	4.2189e8	m						CF4
PGC 3112583		237.9736	-0.0648	4.2189e8	m						CF4
PGC 3124251		180.4557	3.4728	4.2189e8	m						CF4
PGC 3355414		141.2343	3.7944	4.2189e8	m						CF4
PGC 3358382		159.6971	4.8222	4.2189e8	m						CF4
PGC 3392550		175.279	5.5262	4.2189e8	m						CF4
PGC 3392554		175.3194	5.6224	4.2189e8	m						CF4
PGC 3394758		188.8014	3.818	4.2189e8	m						CF4
PGC 3400478		166.8903	52.1265	4.2189e8	m						CF4
PGC 3412628		257.1452	34.2587	4.2189e8	m						CF4
PGC 3413870		253.8868	34.564	4.2189e8	m						CF4
PGC 3452289		133.3716	4.41	4.2189e8	m						CF4
PGC 3452439		133.6343	33.6252	4.2189e8	m						CF4
PGC 3452717		134.0302	5.9315	4.2189e8	m						CF4
PGC 3456575		139.9442	9.5591	4.2189e8	m						CF4
PGC 3464706		154.9397	9.6708	4.2189e8	m						CF4
PGC 3470695		167.5335	9.0347	4.2189e8	m						CF4
PGC 3475045		177.1018	54.4121	4.2189e8	m						CF4
PGC 3499600		247.4352	26.8565	4.2189e8	m						CF4
PGC 3502184		252.7498	32.7965	4.2189e8	m						CF4
PGC 3533593		152.0315	40.6501	4.2189e8	m						CF4
PGC 3544907		174.9014	11.4408	4.2189e8	m						CF4
PGC 3567550		236.6199	35.1725	4.2189e8	m						CF4
PGC 3707385		91.7621	-49.4879	4.2189e8	m						CF4
PGC 3725016		118.3758	51.5749	4.2189e8	m						CF4
PGC 3739323		138.255	26.218	4.2189e8	m						CF4
PGC 3752694		153.3745	27.752	4.2189e8	m						CF4
PGC 3763705		164.6125	17.9207	4.2189e8	m						CF4
PGC 3765084		165.8878	17.8443	4.2189e8	m						CF4
PGC 3765099		165.9001	16.8182	4.2189e8	m						CF4
PGC 3769860		170.5974	7.1321	4.2189e8	m						CF4
PGC 3789427		186.9156	8.9949	4.2189e8	m						CF4
PGC 3791683		188.6795	6.921	4.2189e8	m						CF4
PGC 3818165		210.5348	18.5047	4.2189e8	m						CF4
PGC 3822781		213.8148	13.708	4.2189e8	m						CF4
PGC 3828074		217.8474	24.6838	4.2189e8	m						CF4
PGC 3828524		218.2174	26.8843	4.2189e8	m						CF4
PGC 3837472		224.449	27.9227	4.2189e8	m						CF4
PGC 3845751		230.8464	6.8745	4.2189e8	m						CF4
PGC 3855308		238.1343	13.2583	4.2189e8	m						CF4
PGC 3868920		249.065	28.0444	4.2189e8	m						CF4
PGC 3873796		253.0908	51.4094	4.2189e8	m						CF4
PGC 4113193		215.5224	48.2617	4.2189e8	m						CF4
PGC 1094873		15.922	-2.3378	4.2364e8	m						CF4
PGC 114986		174.2415	-3.1134	4.2384e8	m						CF4
PGC 118596		206.9781	-2.9572	4.2384e8	m						CF4
PGC 169328		186.9309	11.7124	4.2384e8	m						CF4
PGC 169456		187.7352	11.8589	4.2384e8	m						CF4
PGC 1106661		206.9547	-1.911	4.2384e8	m						CF4
PGC 1113850		193.0405	-1.6427	4.2384e8	m						CF4
PGC 1115522		212.433	-1.5729	4.2384e8	m						CF4
PGC 1118243		175.4762	-1.4559	4.2384e8	m						CF4
PGC 1128820		201.0155	-1.019	4.2384e8	m						CF4
PGC 1188881		192.2293	1.2438	4.2384e8	m						CF4
PGC 1203110		172.1799	1.7003	4.2384e8	m						CF4
PGC 1256001		172.13	3.6384	4.2384e8	m						CF4
PGC 1257107		148.8826	3.7045	4.2384e8	m						CF4
PGC 1282041		141.3022	5.3518	4.2384e8	m						CF4
PGC 1285889		221.7654	5.5904	4.2384e8	m						CF4
PGC 1292903		147.942	6.0061	4.2384e8	m						CF4
PGC 1298118		228.3318	6.2994	4.2384e8	m						CF4
PGC 1298761		227.7468	6.3358	4.2384e8	m						CF4
PGC 1311213		227.8218	6.973	4.2384e8	m						CF4
PGC 1313683		125.213	7.0925	4.2384e8	m						CF4
PGC 1315400		231.7588	7.171	4.2384e8	m						CF4
PGC 1340309		226.5974	8.155	4.2384e8	m						CF4
PGC 1391917		201.6409	11.3222	4.2384e8	m						CF4
PGC 1407204		177.862	12.3064	4.2384e8	m						CF4
PGC 1434886		159.5556	13.5843	4.2384e8	m						CF4
PGC 1488386		204.5987	15.5833	4.2384e8	m						CF4
PGC 1502468		175.1373	16.1717	4.2384e8	m						CF4
PGC 1511596		201.9241	16.5565	4.2384e8	m						CF4
PGC 1513616		135.1097	16.6448	4.2384e8	m						CF4
PGC 1546616		175.9018	17.9695	4.2384e8	m						CF4
PGC 1547050		116.8974	17.9854	4.2384e8	m						CF4
PGC 1664593		200.8406	22.1561	4.2384e8	m						CF4
PGC 1695877		233.1385	23.9058	4.2384e8	m						CF4
PGC 1703070		149.2266	24.252	4.2384e8	m						CF4
PGC 1737076		130.0206	25.4533	4.2384e8	m						CF4
PGC 1742998		192.2974	25.6143	4.2384e8	m						CF4
PGC 1746125		220.968	25.6944	4.2384e8	m						CF4
PGC 1762759		238.3467	26.1054	4.2384e8	m						CF4
PGC 1774803		146.757	26.4001	4.2384e8	m						CF4
PGC 1792211		163.728	26.915	4.2384e8	m						CF4
PGC 1794759		158.319	26.9965	4.2384e8	m						CF4
PGC 1846046		135.1548	28.7911	4.2384e8	m						CF4
PGC 1849960		232.4433	28.9153	4.2384e8	m						CF4
PGC 1882364		154.5452	29.9002	4.2384e8	m						CF4
PGC 1891212		228.5313	30.1248	4.2384e8	m						CF4
PGC 1916160		159.1569	30.7441	4.2384e8	m						CF4
PGC 1916541		243.7375	30.7541	4.2384e8	m						CF4
PGC 1928853		134.4596	31.038	4.2384e8	m						CF4
PGC 1941018		225.453	31.3051	4.2384e8	m						CF4
PGC 2031052		174.1971	33.3919	4.2384e8	m						CF4
PGC 2032532		256.0484	33.4607	4.2384e8	m						CF4
PGC 2060152		210.0588	35.1472	4.2384e8	m						CF4
PGC 2065308		239.5704	35.4904	4.2384e8	m						CF4
PGC 2071447		156.9023	35.8807	4.2384e8	m						CF4
PGC 2073180		156.106	35.9887	4.2384e8	m						CF4
PGC 2079697		177.4575	36.3829	4.2384e8	m						CF4
PGC 2089469		165.5139	36.9249	4.2384e8	m						CF4
PGC 2115807		157.477	38.0208	4.2384e8	m						CF4
PGC 2138325		134.3365	38.8636	4.2384e8	m						CF4
PGC 2144030		204.0548	39.1365	4.2384e8	m						CF4
PGC 2149382		119.4592	39.4155	4.2384e8	m						CF4
PGC 2166316		213.1059	40.4753	4.2384e8	m						CF4
PGC 2195655		146.5265	42.2757	4.2384e8	m						CF4
PGC 2204213		157.3675	42.6959	4.2384e8	m						CF4
PGC 2219857		146.8329	43.4004	4.2384e8	m						CF4
PGC 2260372		244.7281	45.1773	4.2384e8	m						CF4
PGC 2261878		204.385	45.2603	4.2384e8	m						CF4
PGC 2263022		198.2862	45.3228	4.2384e8	m						CF4
PGC 2275450		218.3401	46.1036	4.2384e8	m						CF4
PGC 2295834		201.561	47.3002	4.2384e8	m						CF4
PGC 2372402		142.9631	50.4165	4.2384e8	m						CF4
PGC 2406768		178.6599	52.1016	4.2384e8	m						CF4
PGC 2409688		239.6187	52.2241	4.2384e8	m						CF4
PGC 2422803		123.5061	52.7525	4.2384e8	m						CF4
PGC 2466216		247.2543	54.3243	4.2384e8	m						CF4
PGC 2477508		187.1581	54.6996	4.2384e8	m						CF4
PGC 2595432		183.6542	59.8905	4.2384e8	m						CF4
PGC 3090867		201.3914	13.07	4.2384e8	m						CF4
PGC 3091615		205.9536	8.3424	4.2384e8	m						CF4
PGC 3091998		184.8846	5.0751	4.2384e8	m						CF4
PGC 3097441		130.6599	40.8851	4.2384e8	m						CF4
PGC 3129722		116.427	40.1991	4.2384e8	m						CF4
PGC 3389051		252.5913	36.6783	4.2384e8	m						CF4
PGC 3392830		175.2848	5.5145	4.2384e8	m						CF4
PGC 3412740		255.7061	33.5938	4.2384e8	m						CF4
PGC 3476656		182.2099	54.6746	4.2384e8	m						CF4
PGC 3490135		224.8767	46.6288	4.2384e8	m						CF4
PGC 3502058		252.354	33.1379	4.2384e8	m						CF4
PGC 3522664		122.7276	5.2926	4.2384e8	m						CF4
PGC 3523259		125.1202	27.3766	4.2384e8	m						CF4
PGC 3555045		200.0133	10.948	4.2384e8	m						CF4
PGC 3563507		226.6618	44.9343	4.2384e8	m						CF4
PGC 3564668		228.7835	31.2801	4.2384e8	m						CF4
PGC 3729277		125.1403	58.7729	4.2384e8	m						CF4
PGC 3729784		125.793	15.2482	4.2384e8	m						CF4
PGC 3762302		163.3926	19.3691	4.2384e8	m						CF4
PGC 3763848		164.7348	21.99	4.2384e8	m						CF4
PGC 3767260		167.9637	39.9043	4.2384e8	m						CF4
PGC 3770098		170.8088	19.8619	4.2384e8	m						CF4
PGC 3773019		173.4261	13.8026	4.2384e8	m						CF4
PGC 3777553		177.359	17.5766	4.2384e8	m						CF4
PGC 3786503		184.8512	7.1868	4.2384e8	m						CF4
PGC 3788936		186.5805	6.6673	4.2384e8	m						CF4
PGC 3794479		190.6184	9.4977	4.2384e8	m						CF4
PGC 3804218		198.2018	7.207	4.2384e8	m						CF4
PGC 3807933		201.573	6.1192	4.2384e8	m						CF4
PGC 3823548		214.389	19.137	4.2384e8	m						CF4
PGC 3832019		220.5351	27.581	4.2384e8	m						CF4
PGC 3840518		227.1179	25.7285	4.2384e8	m						CF4
PGC 3860767		242.5827	21.3357	4.2384e8	m						CF4
PGC 3866192		246.9912	11.494	4.2384e8	m						CF4
PGC 3868985		249.1105	10.9197	4.2384e8	m						CF4
PGC 4112965		215.1346	48.3732	4.2384e8	m						CF4
PGC 4117854		224.7098	33.6324	4.2384e8	m						CF4
PGC 4341694		191.8355	27.7801	4.2384e8	m						CF4
PGC 35990		174.4096	63.3465	4.2579e8	m						CF4
PGC 54933		230.8215	32.0739	4.2579e8	m						CF4
PGC 116127		184.188	-3.2065	4.2579e8	m						CF4
PGC 197621		175.7169	19.429	4.2579e8	m						CF4
PGC 1085606		201.8511	-2.6733	4.2579e8	m						CF4
PGC 1086414		201.8118	-2.6434	4.2579e8	m						CF4
PGC 1099301		202.4607	-2.1872	4.2579e8	m						CF4
PGC 1147471		223.938	-0.2735	4.2579e8	m						CF4
PGC 1156195		197.7273	0.064	4.2579e8	m						CF4
PGC 1181198		201.9407	0.9907	4.2579e8	m						CF4
PGC 1195847		156.0466	1.4675	4.2579e8	m						CF4
PGC 1211864		183.3567	1.9723	4.2579e8	m						CF4
PGC 1264651		174.1355	4.1809	4.2579e8	m						CF4
PGC 1270865		228.5902	4.6238	4.2579e8	m						CF4
PGC 1284759		199.7487	5.52	4.2579e8	m						CF4
PGC 1290216		192.1044	5.8505	4.2579e8	m						CF4
PGC 1302194		216.5376	6.513	4.2579e8	m						CF4
PGC 1308223		233.4876	6.8237	4.2579e8	m						CF4
PGC 1378695		155.7942	10.3823	4.2579e8	m						CF4
PGC 1380913		190.6017	10.5359	4.2579e8	m						CF4
PGC 1394837		225.8511	11.5206	4.2579e8	m						CF4
PGC 1438590		174.5421	13.72	4.2579e8	m						CF4
PGC 1467834		136.4834	14.8142	4.2579e8	m						CF4
PGC 1491348		197.0919	15.7058	4.2579e8	m						CF4
PGC 1498839		200.616	16.0215	4.2579e8	m						CF4
PGC 1508550		243.1998	16.4283	4.2579e8	m						CF4
PGC 1523946		206.7603	17.0721	4.2579e8	m						CF4
PGC 1527520		243.0579	17.2199	4.2579e8	m						CF4
PGC 1608504		170.8215	19.8745	4.2579e8	m						CF4
PGC 1618897		243.6954	20.1749	4.2579e8	m						CF4
PGC 1635332		136.7512	20.7618	4.2579e8	m						CF4
PGC 1683601		241.8805	23.2218	4.2579e8	m						CF4
PGC 1700980		233.1932	24.1571	4.2579e8	m						CF4
PGC 1721084		125.9243	24.9519	4.2579e8	m						CF4
PGC 1722229		130.0205	24.9911	4.2579e8	m						CF4
PGC 1733871		191.7495	25.362	4.2579e8	m						CF4
PGC 1797335		238.1232	27.0859	4.2579e8	m						CF4
PGC 1849588		150.2443	28.9037	4.2579e8	m						CF4
PGC 1849973		245.8915	28.9155	4.2579e8	m						CF4
PGC 1891182		216.5079	30.1237	4.2579e8	m						CF4
PGC 1916925		179.6222	30.763	4.2579e8	m						CF4
PGC 1918734		225.4707	30.8037	4.2579e8	m						CF4
PGC 1939276		248.5602	31.2672	4.2579e8	m						CF4
PGC 1957254		224.4525	31.6455	4.2579e8	m						CF4
PGC 2077895		227.4612	36.2771	4.2579e8	m						CF4
PGC 2152259		250.0848	39.5785	4.2579e8	m						CF4
PGC 2153492		160.0973	39.6517	4.2579e8	m						CF4
PGC 2160463		215.8155	40.0916	4.2579e8	m						CF4
PGC 2180104		157.335	41.3728	4.2579e8	m						CF4
PGC 2181738		110.6637	41.4785	4.2579e8	m						CF4
PGC 2311011		127.0817	48.1276	4.2579e8	m						CF4
PGC 2344899		126.8907	49.5028	4.2579e8	m						CF4
PGC 2347054		185.4949	49.5754	4.2579e8	m						CF4
PGC 2447672		239.7601	53.6742	4.2579e8	m						CF4
PGC 2482316		239.9193	54.8474	4.2579e8	m						CF4
PGC 2545607		197.9965	56.7194	4.2579e8	m						CF4
PGC 3089162		240.0197	29.288	4.2579e8	m						CF4
PGC 3090374		199.9853	17.3853	4.2579e8	m						CF4
PGC 3090488		158.7446	16.2674	4.2579e8	m						CF4
PGC 3122014		160.5519	2.7181	4.2579e8	m						CF4
PGC 3124180		231.9881	3.4477	4.2579e8	m						CF4
PGC 3125131		218.3748	3.9053	4.2579e8	m						CF4
PGC 3129488		117.4647	39.5279	4.2579e8	m						CF4
PGC 3134996		142.4603	55.4227	4.2579e8	m						CF4
PGC 3140415		186.847	66.5045	4.2579e8	m						CF4
PGC 3351577		121.1106	39.881	4.2579e8	m						CF4
PGC 3379178		122.6065	38.6636	4.2579e8	m						CF4
PGC 3382264		152.7327	61.7495	4.2579e8	m						CF4
PGC 3394559		184.7127	5.7209	4.2579e8	m						CF4
PGC 3395996		199.1448	5.413	4.2579e8	m						CF4
PGC 3397414		209.9612	4.73	4.2579e8	m						CF4
PGC 3401410		181.2746	51.3099	4.2579e8	m						CF4
PGC 3412602		257.3551	34.1888	4.2579e8	m						CF4
PGC 3413042		257.1352	29.6247	4.2579e8	m						CF4
PGC 3455029		137.6518	4.5964	4.2579e8	m						CF4
PGC 3456626		140.0082	7.1025	4.2579e8	m						CF4
PGC 3463300		151.9299	9.333	4.2579e8	m						CF4
PGC 3495068		239.5149	42.3749	4.2579e8	m						CF4
PGC 3497513		243.5678	26.4248	4.2579e8	m						CF4
PGC 3501929		251.9736	32.1467	4.2579e8	m						CF4
PGC 3521023		115.4231	45.34	4.2579e8	m						CF4
PGC 3526907		134.2995	33.4933	4.2579e8	m						CF4
PGC 3542177		169.3539	44.5633	4.2579e8	m						CF4
PGC 3542269		169.5747	45.9031	4.2579e8	m						CF4
PGC 3554351		198.9411	43.4736	4.2579e8	m						CF4
PGC 3567810		237.0679	29.1471	4.2579e8	m						CF4
PGC 3569865		242.2314	30.6467	4.2579e8	m						CF4
PGC 3739731		138.7195	27.6785	4.2579e8	m						CF4
PGC 3745117		144.9077	27.9498	4.2579e8	m						CF4
PGC 3745846		145.5804	22.5617	4.2579e8	m						CF4
PGC 3764463		165.3373	37.6795	4.2579e8	m						CF4
PGC 3769072		169.7928	21.0753	4.2579e8	m						CF4
PGC 3775464		175.5505	7.6716	4.2579e8	m						CF4
PGC 3782933		181.9524	22.5971	4.2579e8	m						CF4
PGC 3802815		196.9686	18.6028	4.2579e8	m						CF4
PGC 3808645		202.228	9.5286	4.2579e8	m						CF4
PGC 3825879		216.2909	13.804	4.2579e8	m						CF4
PGC 3835426		223.0195	21.36	4.2579e8	m						CF4
PGC 3843709		229.4557	41.7453	4.2579e8	m						CF4
PGC 3844375		229.9314	9.8984	4.2579e8	m						CF4
PGC 3846821		231.7043	8.3474	4.2579e8	m						CF4
PGC 3846980		231.8442	12.7086	4.2579e8	m						CF4
PGC 3866784		247.459	12.4093	4.2579e8	m						CF4
PGC 4098784		172.9053	15.3467	4.2579e8	m						CF4
PGC 4360366		198.3811	6.4961	4.2579e8	m						CF4
PGC 37604		179.3707	5.089	4.2776e8	m						CF4
PGC 96950		205.5943	2.2186	4.2776e8	m						CF4
PGC 140677		255.6379	33.5166	4.2776e8	m						CF4
PGC 1132585		167.4027	-0.8718	4.2776e8	m						CF4
PGC 1138167		189.0351	-0.6455	4.2776e8	m						CF4
PGC 1177954		166.4001	0.8779	4.2776e8	m						CF4
PGC 1204071		204.2871	1.7304	4.2776e8	m						CF4
PGC 1206324		132.7866	1.8032	4.2776e8	m						CF4
PGC 1239864		204.0003	2.8789	4.2776e8	m						CF4
PGC 1263943		132.9368	4.1326	4.2776e8	m						CF4
PGC 1270983		222.6063	4.6332	4.2776e8	m						CF4
PGC 1286468		177.569	5.6247	4.2776e8	m						CF4
PGC 1292814		166.9248	6.0012	4.2776e8	m						CF4
PGC 1298342		201.2748	6.3122	4.2776e8	m						CF4
PGC 1339310		236.365	8.1135	4.2776e8	m						CF4
PGC 1341641		193.1538	8.2063	4.2776e8	m						CF4
PGC 1343825		145.6647	8.2947	4.2776e8	m						CF4
PGC 1352298		187.4819	8.7131	4.2776e8	m						CF4
PGC 1378846		200.9714	10.3932	4.2776e8	m						CF4
PGC 1385950		125.9454	10.8895	4.2776e8	m						CF4
PGC 1422031		140.8641	13.0625	4.2776e8	m						CF4
PGC 1440203		132.1569	13.7769	4.2776e8	m						CF4
PGC 1455882		223.3799	14.3536	4.2776e8	m						CF4
PGC 1466862		199.4631	14.7751	4.2776e8	m						CF4
PGC 1474307		182.0551	15.0665	4.2776e8	m						CF4
PGC 1504024		199.8474	16.2368	4.2776e8	m						CF4
PGC 1546284		219.5108	17.9572	4.2776e8	m						CF4
PGC 1553233		227.5234	18.2116	4.2776e8	m						CF4
PGC 1569943		122.8974	18.7761	4.2776e8	m						CF4
PGC 1575104		228.3339	18.9373	4.2776e8	m						CF4
PGC 1617942		216.4547	20.1467	4.2776e8	m						CF4
PGC 1640204		155.9571	20.9848	4.2776e8	m						CF4
PGC 1676086		248.6676	22.7869	4.2776e8	m						CF4
PGC 1676809		128.008	22.8288	4.2776e8	m						CF4
PGC 1690137		167.1848	23.5951	4.2776e8	m						CF4
PGC 1710601		132.1326	24.5704	4.2776e8	m						CF4
PGC 1738757		194.1945	25.498	4.2776e8	m						CF4
PGC 1787219		193.6584	26.7505	4.2776e8	m						CF4
PGC 1791408		190.9053	26.8893	4.2776e8	m						CF4
PGC 1803953		207.0627	27.3054	4.2776e8	m						CF4
PGC 1810057		238.541	27.5026	4.2776e8	m						CF4
PGC 1826078		209.5483	28.0919	4.2776e8	m						CF4
PGC 1854853		133.4595	29.0735	4.2776e8	m						CF4
PGC 1879525		117.1129	29.8242	4.2776e8	m						CF4
PGC 1905633		197.7924	30.4841	4.2776e8	m						CF4
PGC 1908635		172.8613	30.5618	4.2776e8	m						CF4
PGC 1920455		253.0464	30.8448	4.2776e8	m						CF4
PGC 1921427		114.946	30.8674	4.2776e8	m						CF4
PGC 1937231		159.5293	31.2227	4.2776e8	m						CF4
PGC 1961194		232.446	31.7256	4.2776e8	m						CF4
PGC 1987894		141.6978	32.2486	4.2776e8	m						CF4
PGC 2013743		221.9512	32.8242	4.2776e8	m						CF4
PGC 2023361		221.8801	33.1017	4.2776e8	m						CF4
PGC 2055858		222.6595	34.8705	4.2776e8	m						CF4
PGC 2064924		228.2263	35.4645	4.2776e8	m						CF4
PGC 2079142		181.0774	36.3496	4.2776e8	m						CF4
PGC 2106585		159.3089	37.6752	4.2776e8	m						CF4
PGC 2137513		210.3009	38.8286	4.2776e8	m						CF4
PGC 2152262		168.2825	39.5788	4.2776e8	m						CF4
PGC 2177823		111.2926	41.2361	4.2776e8	m						CF4
PGC 2194647		154.6852	42.2234	4.2776e8	m						CF4
PGC 2231832		162.7781	43.8991	4.2776e8	m						CF4
PGC 2252033		219.6341	44.7892	4.2776e8	m						CF4
PGC 2259606		219.175	45.1383	4.2776e8	m						CF4
PGC 2297105		225.6844	47.3786	4.2776e8	m						CF4
PGC 2385723		141.0846	50.9569	4.2776e8	m						CF4
PGC 2391635		187.1907	51.2893	4.2776e8	m						CF4
PGC 2400048		244.4111	51.7844	4.2776e8	m						CF4
PGC 2449263		232.5247	53.7328	4.2776e8	m						CF4
PGC 2456718		204.789	53.9936	4.2776e8	m						CF4
PGC 2471156		152.5649	54.49	4.2776e8	m						CF4
PGC 2504112		182.7999	55.494	4.2776e8	m						CF4
PGC 2520701		190.9036	55.966	4.2776e8	m						CF4
PGC 2532769		231.5422	56.3141	4.2776e8	m						CF4
PGC 2584492		210.7908	58.9367	4.2776e8	m						CF4
PGC 2677937		197.9181	65.4888	4.2776e8	m						CF4
PGC 2681702		185.594	65.8963	4.2776e8	m						CF4
PGC 2700404		187.9035	67.463	4.2776e8	m						CF4
PGC 3086589		163.9992	62.9119	4.2776e8	m						CF4
PGC 3087397		217.4417	49.5584	4.2776e8	m						CF4
PGC 3089014		254.5047	31.6162	4.2776e8	m						CF4
PGC 3089998		214.7061	20.3409	4.2776e8	m						CF4
PGC 3138638		148.26	63.7201	4.2776e8	m						CF4
PGC 3304605		216.0687	-1.6272	4.2776e8	m						CF4
PGC 3349033		187.7117	3.042	4.2776e8	m						CF4
PGC 3355246		141.193	3.3702	4.2776e8	m						CF4
PGC 3355553		143.9469	3.2817	4.2776e8	m						CF4
PGC 3392416		174.8876	3.8464	4.2776e8	m						CF4
PGC 3401787		182.0195	53.3928	4.2776e8	m						CF4
PGC 3412473		255.7491	33.5265	4.2776e8	m						CF4
PGC 3456158		139.3298	6.1918	4.2776e8	m						CF4
PGC 3461017		147.4327	40.0787	4.2776e8	m						CF4
PGC 3488912		221.8777	43.3398	4.2776e8	m						CF4
PGC 3494296		237.9236	27.9081	4.2776e8	m						CF4
PGC 3501860		251.795	34.1254	4.2776e8	m						CF4
PGC 3527293		134.9439	33.2026	4.2776e8	m						CF4
PGC 3536613		157.8449	40.1694	4.2776e8	m						CF4
PGC 3550994		189.3604	42.1979	4.2776e8	m						CF4
PGC 3555367		200.6241	11.2115	4.2776e8	m						CF4
PGC 3734484		132.4848	14.0924	4.2776e8	m						CF4
PGC 3745585		145.3287	25.3348	4.2776e8	m						CF4
PGC 3762039		163.161	19.8205	4.2776e8	m						CF4
PGC 3762577		163.6251	16.8014	4.2776e8	m						CF4
PGC 3766073		166.7278	14.5834	4.2776e8	m						CF4
PGC 3778259		177.956	15.6166	4.2776e8	m						CF4
PGC 3780651		180.0015	25.9304	4.2776e8	m						CF4
PGC 3799810		194.7875	8.9792	4.2776e8	m						CF4
PGC 3802727		196.8805	8.9938	4.2776e8	m						CF4
PGC 3802746		196.8904	9.5096	4.2776e8	m						CF4
PGC 3818594		210.8535	16.4825	4.2776e8	m						CF4
PGC 3828611		218.2759	5.5396	4.2776e8	m						CF4
PGC 3834781		222.576	34.0939	4.2776e8	m						CF4
PGC 3835301		222.9354	10.8798	4.2776e8	m						CF4
PGC 3836332		223.659	5.4151	4.2776e8	m						CF4
PGC 3838907		225.6146	19.7352	4.2776e8	m						CF4
PGC 3841610		227.8707	18.1096	4.2776e8	m						CF4
PGC 3842880		228.8139	9.6752	4.2776e8	m						CF4
PGC 3855159		238.047	4.5365	4.2776e8	m						CF4
PGC 3867046		247.6732	20.1121	4.2776e8	m						CF4
PGC 9003237		126.1065	24.9978	4.2914e8	m						CF4
PGC 55633		234.3711	36.2438	4.2973e8	m						CF4
PGC 117059		192.2576	-3.2171	4.2973e8	m						CF4
PGC 131286		63.309	-37.903	4.2973e8	m						CF4
PGC 142968		124.8361	20.2688	4.2973e8	m						CF4
PGC 183554		196.9171	-2.3583	4.2973e8	m						CF4
PGC 1122763		196.9577	-1.2687	4.2973e8	m						CF4
PGC 1129696		173.0604	-0.9874	4.2973e8	m						CF4
PGC 1199604		229.9704	1.5918	4.2973e8	m						CF4
PGC 1288265		154.5984	5.7361	4.2973e8	m						CF4
PGC 1321760		177.004	7.4368	4.2973e8	m						CF4
PGC 1328979		231.0623	7.7148	4.2973e8	m						CF4
PGC 1367429		155.1899	9.6039	4.2973e8	m						CF4
PGC 1383068		162.873	10.6858	4.2973e8	m						CF4
PGC 1386222		158.8504	10.9085	4.2973e8	m						CF4
PGC 1403067		141.6381	12.0585	4.2973e8	m						CF4
PGC 1407432		208.5532	12.3195	4.2973e8	m						CF4
PGC 1415544		160.9749	12.7539	4.2973e8	m						CF4
PGC 1447853		149.8836	14.0495	4.2973e8	m						CF4
PGC 1459702		142.872	14.4963	4.2973e8	m						CF4
PGC 1495416		136.7429	15.8778	4.2973e8	m						CF4
PGC 1539573		217.8336	17.7091	4.2973e8	m						CF4
PGC 1560270		205.5358	18.462	4.2973e8	m						CF4
PGC 1578817		131.955	19.0477	4.2973e8	m						CF4
PGC 1587624		218.2859	19.303	4.2973e8	m						CF4
PGC 1630073		229.3325	20.5373	4.2973e8	m						CF4
PGC 1639113		125.5814	20.9358	4.2973e8	m						CF4
PGC 1676387		124.8404	22.8049	4.2973e8	m						CF4
PGC 1684005		125.4162	23.2463	4.2973e8	m						CF4
PGC 1691801		238.7326	23.686	4.2973e8	m						CF4
PGC 1706286		218.1946	24.3919	4.2973e8	m						CF4
PGC 1708355		215.9406	24.4836	4.2973e8	m						CF4
PGC 1742908		217.7712	25.6123	4.2973e8	m						CF4
PGC 1767372		134.6448	26.2117	4.2973e8	m						CF4
PGC 1772463		218.6767	26.3407	4.2973e8	m						CF4
PGC 1829201		122.9767	28.2037	4.2973e8	m						CF4
PGC 1832444		124.1598	28.3199	4.2973e8	m						CF4
PGC 1835413		130.503	28.4266	4.2973e8	m						CF4
PGC 1853701		151.3265	29.0356	4.2973e8	m						CF4
PGC 1894726		226.2816	30.2131	4.2973e8	m						CF4
PGC 1921753		257.6262	30.8745	4.2973e8	m						CF4
PGC 1943080		133.3509	31.3509	4.2973e8	m						CF4
PGC 2011254		133.4518	32.7614	4.2973e8	m						CF4
PGC 2031238		232.9018	33.3998	4.2973e8	m						CF4
PGC 2075649		152.5151	36.1418	4.2973e8	m						CF4
PGC 2081456		182.2846	36.4858	4.2973e8	m						CF4
PGC 2093014		167.9099	37.1012	4.2973e8	m						CF4
PGC 2156761		136.7459	39.8579	4.2973e8	m						CF4
PGC 2160880		133.3068	40.1181	4.2973e8	m						CF4
PGC 2180654		201.6946	41.4085	4.2973e8	m						CF4
PGC 2287360		149.4976	46.8004	4.2973e8	m						CF4
PGC 2296359		117.7761	47.3333	4.2973e8	m						CF4
PGC 2405928		135.6536	52.0636	4.2973e8	m						CF4
PGC 2452098		164.8773	53.8329	4.2973e8	m						CF4
PGC 2586062		182.9792	59.0663	4.2973e8	m						CF4
PGC 2589462		141.4604	59.353	4.2973e8	m						CF4
PGC 2636818		218.1865	62.4476	4.2973e8	m						CF4
PGC 3089444		218.0598	26.0544	4.2973e8	m						CF4
PGC 3092155		147.5634	4.4282	4.2973e8	m						CF4
PGC 3124000		229.2459	3.3824	4.2973e8	m						CF4
PGC 3139470		199.2498	64.7283	4.2973e8	m						CF4
PGC 3294859		190.4857	1.9079	4.2973e8	m						CF4
PGC 3380980		140.9612	50.8437	4.2973e8	m						CF4
PGC 3387141		233.6748	53.0864	4.2973e8	m						CF4
PGC 3394200		182.6196	5.4697	4.2973e8	m						CF4
PGC 3408242		158.4751	57.6657	4.2973e8	m						CF4
PGC 3412138		255.6072	33.9983	4.2973e8	m						CF4
PGC 3412955		257.2699	34.4619	4.2973e8	m						CF4
PGC 3446507		123.0515	24.6813	4.2973e8	m						CF4
PGC 3455196		137.8821	41.5429	4.2973e8	m						CF4
PGC 3472052		171.4042	53.8606	4.2973e8	m						CF4
PGC 3479641		191.1873	51.1176	4.2973e8	m						CF4
PGC 3487858		219.1512	54.8918	4.2973e8	m						CF4
PGC 3490229		225.0371	47.3163	4.2973e8	m						CF4
PGC 3532586		148.9978	11.7961	4.2973e8	m						CF4
PGC 3537908		159.7325	38.5074	4.2973e8	m						CF4
PGC 3541422		167.8651	40.9468	4.2973e8	m						CF4
PGC 3549977		186.3033	43.4621	4.2973e8	m						CF4
PGC 3555050		200.0214	41.4085	4.2973e8	m						CF4
PGC 3556550		205.5551	12.0143	4.2973e8	m						CF4
PGC 3562917		225.2541	38.7886	4.2973e8	m						CF4
PGC 3728882		124.6224	22.8508	4.2973e8	m						CF4
PGC 3729680		125.6405	22.1282	4.2973e8	m						CF4
PGC 3737194		135.7911	22.8554	4.2973e8	m						CF4
PGC 3748876		148.7673	47.7227	4.2973e8	m						CF4
PGC 3764443		165.3256	16.31	4.2973e8	m						CF4
PGC 3767363		168.0763	16.5994	4.2973e8	m						CF4
PGC 3770117		170.8226	24.6075	4.2973e8	m						CF4
PGC 3785829		184.3416	8.1577	4.2973e8	m						CF4
PGC 3789238		186.785	16.9087	4.2973e8	m						CF4
PGC 3801883		196.1818	9.8711	4.2973e8	m						CF4
PGC 3805662		199.5454	38.4679	4.2973e8	m						CF4
PGC 3820908		212.5078	21.5811	4.2973e8	m						CF4
PGC 3824504		215.147	25.1556	4.2973e8	m						CF4
PGC 3830264		219.3885	21.6896	4.2973e8	m						CF4
PGC 3830412		219.4893	18.6455	4.2973e8	m						CF4
PGC 3833136		221.369	27.8717	4.2973e8	m						CF4
PGC 3840308		226.9626	10.2082	4.2973e8	m						CF4
PGC 3853972		237.1661	25.4258	4.2973e8	m						CF4
PGC 3855574		238.3299	21.9361	4.2973e8	m						CF4
PGC 3861412		243.0799	16.8896	4.2973e8	m						CF4
PGC 4327853		187.0336	8.6144	4.2973e8	m						CF4
PGC 2800835		350.6343	16.7883	4.3152e8	m						CF4
PGC 28999		150.297	-0.1335	4.3172e8	m						CF4
PGC 41404		187.7692	-2.3436	4.3172e8	m						CF4
PGC 55942		236.2646	36.1676	4.3172e8	m						CF4
PGC 84649		231.4616	8.3954	4.3172e8	m						CF4
PGC 99814		215.3465	47.9185	4.3172e8	m						CF4
PGC 118568		206.3715	-3.2505	4.3172e8	m						CF4
PGC 1071099		201.3657	-3.4525	4.3172e8	m						CF4
PGC 1080602		203.1814	-2.8882	4.3172e8	m						CF4
PGC 1100432		193.6796	-2.1473	4.3172e8	m						CF4
PGC 1104868		194.5451	-1.981	4.3172e8	m						CF4
PGC 1147305		232.4069	-0.2807	4.3172e8	m						CF4
PGC 1150036		159.7014	-0.1747	4.3172e8	m						CF4
PGC 1190058		167.553	1.2823	4.3172e8	m						CF4
PGC 1215172		216.237	2.0748	4.3172e8	m						CF4
PGC 1233709		228.3651	2.6553	4.3172e8	m						CF4
PGC 1235647		208.0476	2.7228	4.3172e8	m						CF4
PGC 1268581		190.6807	4.4648	4.3172e8	m						CF4
PGC 1363881		175.7322	9.3523	4.3172e8	m						CF4
PGC 1382761		244.8177	10.6661	4.3172e8	m						CF4
PGC 1393340		194.1436	11.4207	4.3172e8	m						CF4
PGC 1401830		159.7653	11.9807	4.3172e8	m						CF4
PGC 1480210		162.7634	15.2763	4.3172e8	m						CF4
PGC 1496843		166.992	15.9375	4.3172e8	m						CF4
PGC 1522097		163.1469	16.998	4.3172e8	m						CF4
PGC 1565411		125.5161	18.6341	4.3172e8	m						CF4
PGC 1608144		239.8697	19.8638	4.3172e8	m						CF4
PGC 1628716		225.9297	20.4868	4.3172e8	m						CF4
PGC 1647726		175.9691	21.3269	4.3172e8	m						CF4
PGC 1684445		232.5332	23.2711	4.3172e8	m						CF4
PGC 1694283		145.4986	23.8181	4.3172e8	m						CF4
PGC 1702657		179.5174	24.2337	4.3172e8	m						CF4
PGC 1714277		122.1721	24.7089	4.3172e8	m						CF4
PGC 1720591		203.261	24.9353	4.3172e8	m						CF4
PGC 1728990		218.1274	25.2137	4.3172e8	m						CF4
PGC 1733309		221.358	25.3454	4.3172e8	m						CF4
PGC 1757159		193.6476	25.9659	4.3172e8	m						CF4
PGC 1831078		127.0194	28.272	4.3172e8	m						CF4
PGC 1835089		237.7938	28.4148	4.3172e8	m						CF4
PGC 1836861		156.1649	28.4752	4.3172e8	m						CF4
PGC 1853508		151.6694	29.0292	4.3172e8	m						CF4
PGC 1886920		246.6923	30.0172	4.3172e8	m						CF4
PGC 1997892		250.9185	32.4588	4.3172e8	m						CF4
PGC 2006075		134.722	32.6406	4.3172e8	m						CF4
PGC 2007572		134.9383	32.6745	4.3172e8	m						CF4
PGC 2077531		182.2055	36.2557	4.3172e8	m						CF4
PGC 2084003		161.2619	36.6272	4.3172e8	m						CF4
PGC 2099251		135.3786	37.375	4.3172e8	m						CF4
PGC 2144084		195.6517	39.1386	4.3172e8	m						CF4
PGC 2163506		160.1344	40.2827	4.3172e8	m						CF4
PGC 2177304		110.6489	41.2035	4.3172e8	m						CF4
PGC 2217271		137.5427	43.2899	4.3172e8	m						CF4
PGC 2231300		170.5016	43.8775	4.3172e8	m						CF4
PGC 2295598		201.5906	47.2866	4.3172e8	m						CF4
PGC 2299478		225.0205	47.5097	4.3172e8	m						CF4
PGC 2583908		233.2679	58.8854	4.3172e8	m						CF4
PGC 2622063		214.0251	61.6553	4.3172e8	m						CF4
PGC 2623049		185.7544	61.7072	4.3172e8	m						CF4
PGC 3090783		236.1216	14.3148	4.3172e8	m						CF4
PGC 3125856		212.2994	4.5044	4.3172e8	m						CF4
PGC 3140677		200.1318	66.975	4.3172e8	m						CF4
PGC 3384586		192.6866	62.5035	4.3172e8	m						CF4
PGC 3389199		254.6242	35.6624	4.3172e8	m						CF4
PGC 3396097		202.7049	4.5387	4.3172e8	m						CF4
PGC 3396460		202.797	4.814	4.3172e8	m						CF4
PGC 3401333		178.7179	52.6193	4.3172e8	m						CF4
PGC 3403242		122.9134	35.9446	4.3172e8	m						CF4
PGC 3452505		133.7307	37.8064	4.3172e8	m						CF4
PGC 3478288		187.3182	9.2169	4.3172e8	m						CF4
PGC 3494255		237.813	28.2933	4.3172e8	m						CF4
PGC 3523679		126.3381	7.4238	4.3172e8	m						CF4
PGC 3529836		141.1086	11.3088	4.3172e8	m						CF4
PGC 3536847		158.1597	10.1717	4.3172e8	m						CF4
PGC 3549231		184.0152	45.3445	4.3172e8	m						CF4
PGC 3554401		199.0023	43.6943	4.3172e8	m						CF4
PGC 3760960		162.2065	34.776	4.3172e8	m						CF4
PGC 3761579		162.7509	16.553	4.3172e8	m						CF4
PGC 3775401		175.497	7.236	4.3172e8	m						CF4
PGC 3783622		182.5186	40.5776	4.3172e8	m						CF4
PGC 3791512		188.556	33.6741	4.3172e8	m						CF4
PGC 3794351		190.5476	9.5186	4.3172e8	m						CF4
PGC 3797015		192.5993	13.0205	4.3172e8	m						CF4
PGC 3798606		193.9431	18.4882	4.3172e8	m						CF4
PGC 3806526		200.2734	39.8098	4.3172e8	m						CF4
PGC 3836274		223.6144	11.1105	4.3172e8	m						CF4
PGC 3836396		223.699	34.016	4.3172e8	m						CF4
PGC 3837193		224.2173	11.0647	4.3172e8	m						CF4
PGC 3847179		231.9869	5.0147	4.3172e8	m						CF4
PGC 3848937		233.3836	22.4637	4.3172e8	m						CF4
PGC 3853390		236.7665	12.2063	4.3172e8	m						CF4
PGC 3858507		240.9349	10.5184	4.3172e8	m						CF4
PGC 3866316		247.0913	17.1221	4.3172e8	m						CF4
PGC 3877202		256.1529	37.0076	4.3172e8	m						CF4
PGC 3879460		258.0643	37.8521	4.3172e8	m						CF4
PGC 4095575		163.9887	38.1627	4.3172e8	m						CF4
PGC 4356308		197.0284	10.3331	4.3172e8	m						CF4
PGC 34458		169.3004	46.8598	4.3371e8	m						CF4
PGC 48885		206.8188	0.3868	4.3371e8	m						CF4
PGC 120078		223.3537	-2.7857	4.3371e8	m						CF4
PGC 140048		195.1356	21.9223	4.3371e8	m						CF4
PGC 182412		162.4397	1.1296	4.3371e8	m						CF4
PGC 1158974		150.7848	0.1752	4.3371e8	m						CF4
PGC 1164385		160.1274	0.3764	4.3371e8	m						CF4
PGC 1168189		243.8832	0.5233	4.3371e8	m						CF4
PGC 1248520		180.4075	3.2611	4.3371e8	m						CF4
PGC 1287482		183.2712	5.6897	4.3371e8	m						CF4
PGC 1294003		183.4536	6.0679	4.3371e8	m						CF4
PGC 1309715		233.5009	6.9002	4.3371e8	m						CF4
PGC 1320105		206.544	7.367	4.3371e8	m						CF4
PGC 1327414		181.2591	7.6548	4.3371e8	m						CF4
PGC 1371524		154.7707	9.8905	4.3371e8	m						CF4
PGC 1383442		128.7125	10.7139	4.3371e8	m						CF4
PGC 1417598		249.9229	12.858	4.3371e8	m						CF4
PGC 1453291		200.0232	14.2491	4.3371e8	m						CF4
PGC 1458576		173.3147	14.456	4.3371e8	m						CF4
PGC 1463738		172.7586	14.6584	4.3371e8	m						CF4
PGC 1520234		242.9284	16.9198	4.3371e8	m						CF4
PGC 1543991		134.3949	17.8706	4.3371e8	m						CF4
PGC 1549554		162.3475	18.078	4.3371e8	m						CF4
PGC 1554998		184.1145	18.2758	4.3371e8	m						CF4
PGC 1610917		177.0153	19.942	4.3371e8	m						CF4
PGC 1693852		156.6923	23.7949	4.3371e8	m						CF4
PGC 1712089		239.7875	24.6269	4.3371e8	m						CF4
PGC 1741232		125.3752	25.5659	4.3371e8	m						CF4
PGC 1768040		201.5673	26.227	4.3371e8	m						CF4
PGC 1786182		169.4793	26.7187	4.3371e8	m						CF4
PGC 1796550		226.5592	27.0582	4.3371e8	m						CF4
PGC 1820117		123.216	27.8672	4.3371e8	m						CF4
PGC 1879243		245.2321	29.8175	4.3371e8	m						CF4
PGC 1897586		131.5026	30.2818	4.3371e8	m						CF4
PGC 1917147		234.5857	30.7675	4.3371e8	m						CF4
PGC 1997084		227.4144	32.442	4.3371e8	m						CF4
PGC 2028707		195.9574	33.294	4.3371e8	m						CF4
PGC 2039351		208.6918	33.8185	4.3371e8	m						CF4
PGC 2045256		133.3968	34.189	4.3371e8	m						CF4
PGC 2060142		133.5093	35.1466	4.3371e8	m						CF4
PGC 2079461		168.1223	36.3682	4.3371e8	m						CF4
PGC 2121241		134.4254	38.2259	4.3371e8	m						CF4
PGC 2142243		247.5861	39.0432	4.3371e8	m						CF4
PGC 2142654		158.4018	39.0646	4.3371e8	m						CF4
PGC 2150702		197.7209	39.4915	4.3371e8	m						CF4
PGC 2159368		215.4255	40.022	4.3371e8	m						CF4
PGC 2163754		234.7368	40.2987	4.3371e8	m						CF4
PGC 2247707		208.5974	44.5938	4.3371e8	m						CF4
PGC 2262564		192.8725	45.297	4.3371e8	m						CF4
PGC 2304089		160.6094	47.7703	4.3371e8	m						CF4
PGC 2363625		192.0864	50.128	4.3371e8	m						CF4
PGC 2394549		212.6444	51.4646	4.3371e8	m						CF4
PGC 2551135		173.869	56.8956	4.3371e8	m						CF4
PGC 2584438		204.1039	58.9327	4.3371e8	m						CF4
PGC 2607499		142.0824	60.8298	4.3371e8	m						CF4
PGC 2610519		209.7264	61.0126	4.3371e8	m						CF4
PGC 2676456		202.2422	65.3245	4.3371e8	m						CF4
PGC 2684610		156.933	66.1946	4.3371e8	m						CF4
PGC 2816085		212.9562	52.8168	4.3371e8	m						CF4
PGC 3088188		112.0251	37.9894	4.3371e8	m						CF4
PGC 3346823		159.0849	2.6452	4.3371e8	m						CF4
PGC 3380950		139.8645	51.6259	4.3371e8	m						CF4
PGC 3411577		181.3149	50.3628	4.3371e8	m						CF4
PGC 3449566		128.4367	3.7816	4.3371e8	m						CF4
PGC 3451548		131.9894	4.9635	4.3371e8	m						CF4
PGC 3453790		135.749	38.8764	4.3371e8	m						CF4
PGC 3461061		147.5157	6.6849	4.3371e8	m						CF4
PGC 3470968		168.2007	9.3992	4.3371e8	m						CF4
PGC 3481366		198.8272	50.3652	4.3371e8	m						CF4
PGC 3496170		241.2818	27.3627	4.3371e8	m						CF4
PGC 3502077		252.4037	32.8001	4.3371e8	m						CF4
PGC 3530946		144.0585	34.8171	4.3371e8	m						CF4
PGC 3531109		144.4205	11.7721	4.3371e8	m						CF4
PGC 3556710		206.1654	10.8721	4.3371e8	m						CF4
PGC 3557500		208.7558	45.835	4.3371e8	m						CF4
PGC 3563074		225.7014	35.9045	4.3371e8	m						CF4
PGC 3729134		124.9466	56.8041	4.3371e8	m						CF4
PGC 3738669		137.4607	20.9886	4.3371e8	m						CF4
PGC 3776887		176.8088	7.8642	4.3371e8	m						CF4
PGC 3785441		184.0353	17.2522	4.3371e8	m						CF4
PGC 3789432		186.9198	16.8835	4.3371e8	m						CF4
PGC 3794877		190.9002	10.4746	4.3371e8	m						CF4
PGC 3801137		195.661	8.3479	4.3371e8	m						CF4
PGC 3806891		200.574	11.243	4.3371e8	m						CF4
PGC 3831551		220.2276	45.8907	4.3371e8	m						CF4
PGC 3849948		234.1745	12.0756	4.3371e8	m						CF4
PGC 3850367		234.4746	13.2399	4.3371e8	m						CF4
PGC 3858348		240.8033	22.2866	4.3371e8	m						CF4
PGC 3863943		245.0591	53.0953	4.3371e8	m						CF4
PGC 3879387		258.0042	34.9612	4.3371e8	m						CF4
PGC 4418480		217.2456	7.4286	4.3371e8	m						CF4
PGC 3356395		149.3445	3.0765	4.3511e8	m						CF4
PGC 94054		197.0106	25.3063	4.3571e8	m						CF4
PGC 94724		208.1747	5.1402	4.3571e8	m						CF4
PGC 99909		229.7958	40.5081	4.3571e8	m						CF4
PGC 1076076		195.5046	-3.1236	4.3571e8	m						CF4
PGC 1103039		190.6012	-2.0486	4.3571e8	m						CF4
PGC 1149864		196.573	-0.1821	4.3571e8	m						CF4
PGC 1149998		249.5092	-0.1759	4.3571e8	m						CF4
PGC 1161701		152.6544	0.2768	4.3571e8	m						CF4
PGC 1172804		196.4463	0.6884	4.3571e8	m						CF4
PGC 1176261		226.1005	0.817	4.3571e8	m						CF4
PGC 1182111		198.0141	1.0212	4.3571e8	m						CF4
PGC 1210372		228.6264	1.924	4.3571e8	m						CF4
PGC 1219532		159.2919	2.2086	4.3571e8	m						CF4
PGC 1236297		217.0479	2.747	4.3571e8	m						CF4
PGC 1247071		235.0698	3.1902	4.3571e8	m						CF4
PGC 1289238		124.9844	5.792	4.3571e8	m						CF4
PGC 1290562		227.8133	5.8722	4.3571e8	m						CF4
PGC 1298775		210.3258	6.3368	4.3571e8	m						CF4
PGC 1299911		173.243	6.3949	4.3571e8	m						CF4
PGC 1309309		226.8298	6.8796	4.3571e8	m						CF4
PGC 1326026		175.1577	7.6017	4.3571e8	m						CF4
PGC 1356692		159.5899	8.9414	4.3571e8	m						CF4
PGC 1396735		129.285	11.653	4.3571e8	m						CF4
PGC 1406050		164.3752	12.2375	4.3571e8	m						CF4
PGC 1473952		150.9135	15.0529	4.3571e8	m						CF4
PGC 1480995		176.746	15.3038	4.3571e8	m						CF4
PGC 1482410		172.8564	15.3542	4.3571e8	m						CF4
PGC 1496333		229.1898	15.9168	4.3571e8	m						CF4
PGC 1504722		161.4745	16.2657	4.3571e8	m						CF4
PGC 1535411		126.6801	17.5484	4.3571e8	m						CF4
PGC 1668323		240.8783	22.3521	4.3571e8	m						CF4
PGC 1670873		239.5514	22.4892	4.3571e8	m						CF4
PGC 1674231		146.3751	22.6788	4.3571e8	m						CF4
PGC 1723377		197.9763	25.0312	4.3571e8	m						CF4
PGC 1723635		208.9527	25.0395	4.3571e8	m						CF4
PGC 1730225		231.2169	25.2516	4.3571e8	m						CF4
PGC 1756727		163.9458	25.9551	4.3571e8	m						CF4
PGC 1757609		170.8386	25.9752	4.3571e8	m						CF4
PGC 1768261		231.121	26.233	4.3571e8	m						CF4
PGC 1801891		201.2965	27.237	4.3571e8	m						CF4
PGC 1842262		129.7749	28.6619	4.3571e8	m						CF4
PGC 1845072		133.6377	28.7579	4.3571e8	m						CF4
PGC 1858785		167.4266	29.1993	4.3571e8	m						CF4
PGC 1873176		176.3254	29.6485	4.3571e8	m						CF4
PGC 1879374		239.5827	29.8206	4.3571e8	m						CF4
PGC 1882941		237.0568	29.9149	4.3571e8	m						CF4
PGC 2025176		124.6794	33.1633	4.3571e8	m						CF4
PGC 2072090		154.4625	35.9219	4.3571e8	m						CF4
PGC 2079925		159.9669	36.3972	4.3571e8	m						CF4
PGC 2185616		111.4365	41.7145	4.3571e8	m						CF4
PGC 2229811		133.3524	43.8155	4.3571e8	m						CF4
PGC 2242499		115.1275	44.3597	4.3571e8	m						CF4
PGC 2250304		184.1931	44.7113	4.3571e8	m						CF4
PGC 2346257		236.7953	49.5492	4.3571e8	m						CF4
PGC 2367622		223.2567	50.2569	4.3571e8	m						CF4
PGC 2406880		192.2925	52.1052	4.3571e8	m						CF4
PGC 2469743		169.7627	54.4411	4.3571e8	m						CF4
PGC 2471434		178.9787	54.499	4.3571e8	m						CF4
PGC 2476213		208.8887	54.6595	4.3571e8	m						CF4
PGC 2631387		137.6325	62.1454	4.3571e8	m						CF4
PGC 3087145		224.415	53.0064	4.3571e8	m						CF4
PGC 3087647		176.6286	45.5896	4.3571e8	m						CF4
PGC 3088904		213.0399	32.4766	4.3571e8	m						CF4
PGC 3090124		247.7704	18.923	4.3571e8	m						CF4
PGC 3097519		182.1817	49.4922	4.3571e8	m						CF4
PGC 3119576		210.4226	1.6853	4.3571e8	m						CF4
PGC 3135505		131.6034	56.5217	4.3571e8	m						CF4
PGC 3347559		168.9632	3.2824	4.3571e8	m						CF4
PGC 3387750		244.7793	43.9042	4.3571e8	m						CF4
PGC 3390601		130.9719	40.0402	4.3571e8	m						CF4
PGC 3392357		175.1817	4.0609	4.3571e8	m						CF4
PGC 3392974		177.8541	5.0386	4.3571e8	m						CF4
PGC 3393574		179.1957	3.8214	4.3571e8	m						CF4
PGC 3411593		181.6008	51.158	4.3571e8	m						CF4
PGC 3412394		255.1997	33.994	4.3571e8	m						CF4
PGC 3452816		134.1375	6.0306	4.3571e8	m						CF4
PGC 3455268		137.9631	39.3688	4.3571e8	m						CF4
PGC 3458114		142.1978	50.1994	4.3571e8	m						CF4
PGC 3471274		169.2744	9.989	4.3571e8	m						CF4
PGC 3492763		232.6539	45.3247	4.3571e8	m						CF4
PGC 3520322		112.2459	38.2608	4.3571e8	m						CF4
PGC 3546130		177.5373	45.8999	4.3571e8	m						CF4
PGC 3546542		178.5081	43.1758	4.3571e8	m						CF4
PGC 3546863		179.2019	48.0316	4.3571e8	m						CF4
PGC 3571518		249.6805	25.0789	4.3571e8	m						CF4
PGC 3723739		115.7182	40.5429	4.3571e8	m						CF4
PGC 3724299		116.8923	18.0151	4.3571e8	m						CF4
PGC 3752411		153.0404	15.6498	4.3571e8	m						CF4
PGC 3754484		155.3517	32.2253	4.3571e8	m						CF4
PGC 3754520		155.3904	10.0434	4.3571e8	m						CF4
PGC 3762467		163.5376	16.8758	4.3571e8	m						CF4
PGC 3774184		174.448	6.785	4.3571e8	m						CF4
PGC 3784740		183.4743	29.8676	4.3571e8	m						CF4
PGC 3807199		200.8692	13.6344	4.3571e8	m						CF4
PGC 3818974		211.1456	14.8664	4.3571e8	m						CF4
PGC 3842298		228.3551	4.5987	4.3571e8	m						CF4
PGC 3843242		229.0919	4.721	4.3571e8	m						CF4
PGC 3853581		236.8828	62.6494	4.3571e8	m						CF4
PGC 3856482		239.1222	27.1683	4.3571e8	m						CF4
PGC 3869681		249.6333	28.0787	4.3571e8	m						CF4
PGC 4550270		230.0034	11.1764	4.3571e8	m						CF4
PGC 2800820		193.2959	-29.1855	4.3752e8	m						CF4
PGC 50959		213.9674	62.7921	4.3772e8	m						CF4
PGC 118898		208.9674	-3.3571	4.3772e8	m						CF4
PGC 1091482		200.7198	-2.4567	4.3772e8	m						CF4
PGC 1159295		237.9951	0.1867	4.3772e8	m						CF4
PGC 1208896		188.4603	1.8793	4.3772e8	m						CF4
PGC 1252668		200.2939	3.4612	4.3772e8	m						CF4
PGC 1253490		219.5055	3.5032	4.3772e8	m						CF4
PGC 1268425		184.4848	4.4543	4.3772e8	m						CF4
PGC 1273178		223.9984	4.7812	4.3772e8	m						CF4
PGC 1285908		216.109	5.5915	4.3772e8	m						CF4
PGC 1306098		219.8958	6.7141	4.3772e8	m						CF4
PGC 1310057		227.9423	6.9163	4.3772e8	m						CF4
PGC 1320594		144.0053	7.388	4.3772e8	m						CF4
PGC 1340685		139.3209	8.1695	4.3772e8	m						CF4
PGC 1351851		152.7973	8.6923	4.3772e8	m						CF4
PGC 1371384		247.307	9.8827	4.3772e8	m						CF4
PGC 1429369		229.0083	13.3725	4.3772e8	m						CF4
PGC 1429807		190.0976	13.3899	4.3772e8	m						CF4
PGC 1440123		158.0089	13.7744	4.3772e8	m						CF4
PGC 1444383		133.0284	13.9276	4.3772e8	m						CF4
PGC 1445283		183.5735	13.9594	4.3772e8	m						CF4
PGC 1526775		204.6244	17.1903	4.3772e8	m						CF4
PGC 1537341		183.9612	17.6243	4.3772e8	m						CF4
PGC 1567488		148.0525	18.6998	4.3772e8	m						CF4
PGC 1572555		145.4004	18.8562	4.3772e8	m						CF4
PGC 1576050		237.5274	18.964	4.3772e8	m						CF4
PGC 1670672		193.0199	22.479	4.3772e8	m						CF4
PGC 1683997		162.5718	23.246	4.3772e8	m						CF4
PGC 1687202		126.0525	23.4282	4.3772e8	m						CF4
PGC 1696514		133.3329	23.939	4.3772e8	m						CF4
PGC 1699551		241.1868	24.0904	4.3772e8	m						CF4
PGC 1712818		218.8113	24.6557	4.3772e8	m						CF4
PGC 1741099		221.1253	25.5625	4.3772e8	m						CF4
PGC 1815969		133.2774	27.7127	4.3772e8	m						CF4
PGC 1849882		133.0994	28.9131	4.3772e8	m						CF4
PGC 1863503		133.0724	29.3495	4.3772e8	m						CF4
PGC 1886984		244.4997	30.0188	4.3772e8	m						CF4
PGC 1889767		257.7381	30.0873	4.3772e8	m						CF4
PGC 1898933		200.566	30.3162	4.3772e8	m						CF4
PGC 1906156		237.6084	30.498	4.3772e8	m						CF4
PGC 1907560		230.4135	30.5328	4.3772e8	m						CF4
PGC 1909122		231.2136	30.5736	4.3772e8	m						CF4
PGC 2037291		237.4011	33.7022	4.3772e8	m						CF4
PGC 2038256		255.6364	33.7568	4.3772e8	m						CF4
PGC 2066026		238.0094	35.5355	4.3772e8	m						CF4
PGC 2110241		114.7177	37.815	4.3772e8	m						CF4
PGC 2117576		180.6578	38.0908	4.3772e8	m						CF4
PGC 2205077		157.4241	42.7357	4.3772e8	m						CF4
PGC 2205281		252.5581	42.7459	4.3772e8	m						CF4
PGC 2215007		133.9226	43.19	4.3772e8	m						CF4
PGC 2250231		215.3998	44.7081	4.3772e8	m						CF4
PGC 2251829		215.3223	44.7784	4.3772e8	m						CF4
PGC 2275380		165.5855	46.0997	4.3772e8	m						CF4
PGC 2317687		191.5479	48.4478	4.3772e8	m						CF4
PGC 2398378		169.8025	51.6898	4.3772e8	m						CF4
PGC 2404328		243.7627	51.9937	4.3772e8	m						CF4
PGC 2500535		221.0124	55.3966	4.3772e8	m						CF4
PGC 2545053		174.1281	56.7021	4.3772e8	m						CF4
PGC 2573346		183.0311	57.9972	4.3772e8	m						CF4
PGC 2599871		147.3878	60.2542	4.3772e8	m						CF4
PGC 2652276		137.7644	63.2463	4.3772e8	m						CF4
PGC 3086536		148.3733	63.9719	4.3772e8	m						CF4
PGC 3121540		204.4542	2.5396	4.3772e8	m						CF4
PGC 3132418		133.2368	50.8772	4.3772e8	m						CF4
PGC 3134546		134.6493	54.3864	4.3772e8	m						CF4
PGC 3139657		211.1217	64.9644	4.3772e8	m						CF4
PGC 3396442		202.6681	4.1426	4.3772e8	m						CF4
PGC 3396738		204.781	4.4434	4.3772e8	m						CF4
PGC 3401587		181.1156	52.4349	4.3772e8	m						CF4
PGC 3411883		185.4326	50.3264	4.3772e8	m						CF4
PGC 3452808		134.1273	37.8101	4.3772e8	m						CF4
PGC 3456570		139.9411	5.6163	4.3772e8	m						CF4
PGC 3467898		160.6064	9.1382	4.3772e8	m						CF4
PGC 3489428		223.1919	53.4624	4.3772e8	m						CF4
PGC 3526635		133.7749	35.0144	4.3772e8	m						CF4
PGC 3536464		157.6448	41.1633	4.3772e8	m						CF4
PGC 3537236		158.7216	12.6059	4.3772e8	m						CF4
PGC 3537621		159.2961	44.5119	4.3772e8	m						CF4
PGC 3537973		159.8185	12.0188	4.3772e8	m						CF4
PGC 3540267		165.3911	11.8873	4.3772e8	m						CF4
PGC 3550291		187.3363	11.816	4.3772e8	m						CF4
PGC 3551911		192.9882	13.77	4.3772e8	m						CF4
PGC 3555777		201.6816	11.2845	4.3772e8	m						CF4
PGC 3570267		243.7004	29.3004	4.3772e8	m						CF4
PGC 3570681		245.7728	30.4045	4.3772e8	m						CF4
PGC 3729285		125.1516	23.2492	4.3772e8	m						CF4
PGC 3738196		136.9565	52.7847	4.3772e8	m						CF4
PGC 3749813		149.8974	28.5532	4.3772e8	m						CF4
PGC 3757344		158.4297	26.5926	4.3772e8	m						CF4
PGC 3764168		165.0435	15.3596	4.3772e8	m						CF4
PGC 3782399		181.5462	21.4164	4.3772e8	m						CF4
PGC 3804458		198.4275	8.2954	4.3772e8	m						CF4
PGC 3814960		207.9133	18.1977	4.3772e8	m						CF4
PGC 3820869		212.4796	49.6232	4.3772e8	m						CF4
PGC 3839528		226.1932	8.004	4.3772e8	m						CF4
PGC 3853266		236.6955	8.8021	4.3772e8	m						CF4
PGC 3858496		240.9226	25.0622	4.3772e8	m						CF4
PGC 3875962		255.1715	41.8217	4.3772e8	m						CF4
PGC 1106269		223.9702	-1.9261	4.3974e8	m						CF4
PGC 1126520		183.8261	-1.1099	4.3974e8	m						CF4
PGC 1126848		224.6831	-1.0968	4.3974e8	m						CF4
PGC 1154750		153.5973	0.0089	4.3974e8	m						CF4
PGC 1158919		155.9132	0.1727	4.3974e8	m						CF4
PGC 1161787		153.5553	0.2798	4.3974e8	m						CF4
PGC 1163362		168.3913	0.3375	4.3974e8	m						CF4
PGC 1167727		233.0895	0.506	4.3974e8	m						CF4
PGC 1221895		152.1603	2.2833	4.3974e8	m						CF4
PGC 1262687		184.4128	4.0482	4.3974e8	m						CF4
PGC 1286359		227.3273	5.6188	4.3974e8	m						CF4
PGC 1296722		173.1547	6.2234	4.3974e8	m						CF4
PGC 1351121		197.0233	8.6565	4.3974e8	m						CF4
PGC 1359775		226.3803	9.1094	4.3974e8	m						CF4
PGC 1407271		172.0742	12.3105	4.3974e8	m						CF4
PGC 1439674		157.6389	13.758	4.3974e8	m						CF4
PGC 1465399		135.7848	14.7192	4.3974e8	m						CF4
PGC 1542469		238.4283	17.8162	4.3974e8	m						CF4
PGC 1565880		213.1116	18.6488	4.3974e8	m						CF4
PGC 1595399		147.093	19.5197	4.3974e8	m						CF4
PGC 1597413		242.2214	19.5707	4.3974e8	m						CF4
PGC 1619285		205.958	20.1857	4.3974e8	m						CF4
PGC 1623367		220.6362	20.3062	4.3974e8	m						CF4
PGC 1637341		118.9133	20.8534	4.3974e8	m						CF4
PGC 1672416		145.3517	22.5729	4.3974e8	m						CF4
PGC 1688409		132.4782	23.4976	4.3974e8	m						CF4
PGC 1707229		239.0464	24.435	4.3974e8	m						CF4
PGC 1707268		195.0653	24.4365	4.3974e8	m						CF4
PGC 1724302		201.0837	25.0613	4.3974e8	m						CF4
PGC 1727284		150.5188	25.1598	4.3974e8	m						CF4
PGC 1734049		139.449	25.3672	4.3974e8	m						CF4
PGC 1751290		163.5876	25.8244	4.3974e8	m						CF4
PGC 1752097		193.8258	25.8457	4.3974e8	m						CF4
PGC 1785740		238.9287	26.7055	4.3974e8	m						CF4
PGC 1793698		181.8028	26.9613	4.3974e8	m						CF4
PGC 1795252		174.1599	27.0129	4.3974e8	m						CF4
PGC 1804109		238.0408	27.3106	4.3974e8	m						CF4
PGC 1813631		166.5065	27.6275	4.3974e8	m						CF4
PGC 1833922		239.2856	28.3728	4.3974e8	m						CF4
PGC 1835378		127.0901	28.4253	4.3974e8	m						CF4
PGC 1844489		150.7287	28.7386	4.3974e8	m						CF4
PGC 1845167		119.3079	28.7611	4.3974e8	m						CF4
PGC 1901561		164.5059	30.3824	4.3974e8	m						CF4
PGC 1916194		233.7771	30.7451	4.3974e8	m						CF4
PGC 1972207		228.9126	31.9423	4.3974e8	m						CF4
PGC 2047684		158.7797	34.3431	4.3974e8	m						CF4
PGC 2065361		224.0571	35.4937	4.3974e8	m						CF4
PGC 2069062		250.7284	35.7257	4.3974e8	m						CF4
PGC 2112888		111.6377	37.9141	4.3974e8	m						CF4
PGC 2128623		119.5583	38.4939	4.3974e8	m						CF4
PGC 2132244		240.2471	38.6281	4.3974e8	m						CF4
PGC 2135936		158.0235	38.7637	4.3974e8	m						CF4
PGC 2149259		135.0301	39.4078	4.3974e8	m						CF4
PGC 2171214		151.7567	40.8071	4.3974e8	m						CF4
PGC 2189554		203.7195	41.9419	4.3974e8	m						CF4
PGC 2190691		193.1036	42.0055	4.3974e8	m						CF4
PGC 2193425		113.6901	42.1573	4.3974e8	m						CF4
PGC 2222855		207.4829	43.5267	4.3974e8	m						CF4
PGC 2227153		157.2438	43.7055	4.3974e8	m						CF4
PGC 2227803		160.2889	43.7317	4.3974e8	m						CF4
PGC 2231578		151.6857	43.8886	4.3974e8	m						CF4
PGC 2288636		233.9061	46.8759	4.3974e8	m						CF4
PGC 2375785		128.2897	50.5352	4.3974e8	m						CF4
PGC 2441545		245.4855	53.4547	4.3974e8	m						CF4
PGC 2464501		223.5115	54.2656	4.3974e8	m						CF4
PGC 2493998		179.6073	55.2014	4.3974e8	m						CF4
PGC 2515882		209.0094	55.8322	4.3974e8	m						CF4
PGC 2542031		173.3415	56.6044	4.3974e8	m						CF4
PGC 2550819		149.9584	56.8849	4.3974e8	m						CF4
PGC 3122565		231.9411	2.8975	4.3974e8	m						CF4
PGC 3138253		216.816	63.1392	4.3974e8	m						CF4
PGC 3388098		247.0891	43.2296	4.3974e8	m						CF4
PGC 3394809		188.4864	3.7696	4.3974e8	m						CF4
PGC 3410868		200.2366	58.0718	4.3974e8	m						CF4
PGC 3461307		147.9216	5.992	4.3974e8	m						CF4
PGC 3462701		150.6353	55.9059	4.3974e8	m						CF4
PGC 3463036		151.325	43.6461	4.3974e8	m						CF4
PGC 3472370		172.0784	54.1215	4.3974e8	m						CF4
PGC 3472408		172.1826	57.8209	4.3974e8	m						CF4
PGC 3474751		176.552	9.0048	4.3974e8	m						CF4
PGC 3475217		177.4611	8.8234	4.3974e8	m						CF4
PGC 3538872		161.8446	11.7105	4.3974e8	m						CF4
PGC 3541279		167.5861	41.6129	4.3974e8	m						CF4
PGC 3542044		169.0623	8.6082	4.3974e8	m						CF4
PGC 3543544		172.2529	57.9809	4.3974e8	m						CF4
PGC 3545209		175.4484	12.1182	4.3974e8	m						CF4
PGC 3545751		176.6316	11.7784	4.3974e8	m						CF4
PGC 3558997		212.1748	54.5281	4.3974e8	m						CF4
PGC 3559553		213.4203	43.7617	4.3974e8	m						CF4
PGC 3727566		122.8446	14.5311	4.3974e8	m						CF4
PGC 3739469		138.4078	14.2696	4.3974e8	m						CF4
PGC 3774246		174.5049	14.6622	4.3974e8	m						CF4
PGC 3786898		185.1341	29.6385	4.3974e8	m						CF4
PGC 3790196		187.5119	28.402	4.3974e8	m						CF4
PGC 3802143		196.3868	27.5105	4.3974e8	m						CF4
PGC 3804631		198.6073	8.5299	4.3974e8	m						CF4
PGC 3805974		199.8136	21.1915	4.3974e8	m						CF4
PGC 3810601		204.0356	29.4456	4.3974e8	m						CF4
PGC 3820030		211.8931	6.0312	4.3974e8	m						CF4
PGC 3820206		212.0299	7.1977	4.3974e8	m						CF4
PGC 3820596		212.2767	18.9534	4.3974e8	m						CF4
PGC 3832029		220.5423	28.5697	4.3974e8	m						CF4
PGC 3839201		225.861	8.8546	4.3974e8	m						CF4
PGC 3839389		226.0306	4.0102	4.3974e8	m						CF4
PGC 3840732		227.2888	18.5146	4.3974e8	m						CF4
PGC 3846152		231.145	9.5302	4.3974e8	m						CF4
PGC 3846697		231.5883	6.7165	4.3974e8	m						CF4
PGC 4094393		161.0214	14.3236	4.3974e8	m						CF4
PGC 2462126		214.6611	54.1819	4.4116e8	m						CF4
PGC 25326		135.292	62.6221	4.4177e8	m						CF4
PGC 33653		166.8269	8.0551	4.4177e8	m						CF4
PGC 54448		228.8088	4.3861	4.4177e8	m						CF4
PGC 1104041		201.4393	-2.0102	4.4177e8	m						CF4
PGC 1117359		199.9272	-1.4942	4.4177e8	m						CF4
PGC 1157381		152.7182	0.1118	4.4177e8	m						CF4
PGC 1166126		183.5191	0.4464	4.4177e8	m						CF4
PGC 1191784		120.8791	1.337	4.4177e8	m						CF4
PGC 1198753		232.665	1.564	4.4177e8	m						CF4
PGC 1255707		205.5081	3.6229	4.4177e8	m						CF4
PGC 1285478		215.1823	5.5644	4.4177e8	m						CF4
PGC 1287203		149.4372	5.6715	4.4177e8	m						CF4
PGC 1309215		170.9241	6.8757	4.4177e8	m						CF4
PGC 1354495		201.1343	8.8312	4.4177e8	m						CF4
PGC 1406573		126.7538	12.2698	4.4177e8	m						CF4
PGC 1406903		177.4746	12.2903	4.4177e8	m						CF4
PGC 1414667		199.1944	12.7075	4.4177e8	m						CF4
PGC 1421621		244.176	13.0456	4.4177e8	m						CF4
PGC 1451352		195.8646	14.1824	4.4177e8	m						CF4
PGC 1490017		133.2414	15.6514	4.4177e8	m						CF4
PGC 1490020		197.0444	15.6515	4.4177e8	m						CF4
PGC 1560087		204.8957	18.4552	4.4177e8	m						CF4
PGC 1647409		230.9251	21.3113	4.4177e8	m						CF4
PGC 1676488		216.0477	22.8111	4.4177e8	m						CF4
PGC 1680360		238.2562	23.0411	4.4177e8	m						CF4
PGC 1692682		192.7293	23.7329	4.4177e8	m						CF4
PGC 1742996		223.7203	25.6146	4.4177e8	m						CF4
PGC 1779349		239.5497	26.5223	4.4177e8	m						CF4
PGC 1790125		179.3883	26.8475	4.4177e8	m						CF4
PGC 1900353		123.7368	30.3526	4.4177e8	m						CF4
PGC 1940963		242.9197	31.3039	4.4177e8	m						CF4
PGC 2074352		231.6696	36.0626	4.4177e8	m						CF4
PGC 2097978		140.4505	37.3227	4.4177e8	m						CF4
PGC 2098566		239.014	37.3473	4.4177e8	m						CF4
PGC 2154829		206.4	39.7373	4.4177e8	m						CF4
PGC 2156067		159.4473	39.8127	4.4177e8	m						CF4
PGC 2166133		134.1247	40.4613	4.4177e8	m						CF4
PGC 2174353		156.2928	41.0138	4.4177e8	m						CF4
PGC 2195622		115.3255	42.2736	4.4177e8	m						CF4
PGC 2235405		178.914	44.0513	4.4177e8	m						CF4
PGC 2318642		244.0188	48.4903	4.4177e8	m						CF4
PGC 2365189		195.0381	50.1755	4.4177e8	m						CF4
PGC 2391084		199.2942	51.256	4.4177e8	m						CF4
PGC 2430294		212.7806	53.0419	4.4177e8	m						CF4
PGC 2484699		220.2028	54.9232	4.4177e8	m						CF4
PGC 2588567		183.8526	59.2767	4.4177e8	m						CF4
PGC 3088319		179.4564	37.3526	4.4177e8	m						CF4
PGC 3090364		191.4381	17.4608	4.4177e8	m						CF4
PGC 3138904		175.3944	64.0186	4.4177e8	m						CF4
PGC 3363984		232.6992	57.7553	4.4177e8	m						CF4
PGC 3398215		120.3017	29.9562	4.4177e8	m						CF4
PGC 3445028		119.6461	30.7746	4.4177e8	m						CF4
PGC 3453187		134.6924	38.6568	4.4177e8	m						CF4
PGC 3456402		139.6832	6.5561	4.4177e8	m						CF4
PGC 3460857		147.1805	6.1342	4.4177e8	m						CF4
PGC 3498500		245.7855	34.8573	4.4177e8	m						CF4
PGC 3531214		144.6633	11.2666	4.4177e8	m						CF4
PGC 3534453		154.4654	38.3828	4.4177e8	m						CF4
PGC 3534780		155.0793	10.018	4.4177e8	m						CF4
PGC 3561352		218.9018	43.2852	4.4177e8	m						CF4
PGC 3569400		240.3072	34.6357	4.4177e8	m						CF4
PGC 3731817		128.7852	60.0862	4.4177e8	m						CF4
PGC 3732945		130.3455	26.5651	4.4177e8	m						CF4
PGC 3733515		131.1642	40.6814	4.4177e8	m						CF4
PGC 3742690		142.1423	68.1653	4.4177e8	m						CF4
PGC 3746837		146.6165	5.8401	4.4177e8	m						CF4
PGC 3775042		175.1998	27.3862	4.4177e8	m						CF4
PGC 3782176		181.3513	51.4133	4.4177e8	m						CF4
PGC 3791798		188.7577	27.8136	4.4177e8	m						CF4
PGC 3800709		195.3498	29.378	4.4177e8	m						CF4
PGC 3802019		196.2964	40.8071	4.4177e8	m						CF4
PGC 3805091		199.0042	25.565	4.4177e8	m						CF4
PGC 3808942		202.4692	8.8634	4.4177e8	m						CF4
PGC 3825572		216.0553	25.0298	4.4177e8	m						CF4
PGC 3829830		219.0906	7.3137	4.4177e8	m						CF4
PGC 3830716		219.6915	15.9591	4.4177e8	m						CF4
PGC 3842356		228.3984	5.7983	4.4177e8	m						CF4
PGC 3846376		231.3102	29.9253	4.4177e8	m						CF4
PGC 3847355		232.1309	18.0478	4.4177e8	m						CF4
PGC 3858743		241.1052	12.7178	4.4177e8	m						CF4
PGC 3876591		255.6948	24.0464	4.4177e8	m						CF4
PGC 4389827		208.1265	27.0289	4.4177e8	m						CF4
PGC 33339		165.6825	5.3813	4.4381e8	m						CF4
PGC 84598		230.733	9.1992	4.4381e8	m						CF4
PGC 140530		234.9614	30.6943	4.4381e8	m						CF4
PGC 169594		189.0205	12.9248	4.4381e8	m						CF4
PGC 169834		137.4102	23.2991	4.4381e8	m						CF4
PGC 1069897		195.3576	-3.5402	4.4381e8	m						CF4
PGC 1095625		187.8726	-2.3109	4.4381e8	m						CF4
PGC 1104552		202.8174	-1.9927	4.4381e8	m						CF4
PGC 1105404		192.2784	-1.9609	4.4381e8	m						CF4
PGC 1135455		244.5704	-0.7575	4.4381e8	m						CF4
PGC 1158055		152.1599	0.1374	4.4381e8	m						CF4
PGC 1166773		191.3322	0.4707	4.4381e8	m						CF4
PGC 1191721		185.583	1.3347	4.4381e8	m						CF4
PGC 1197512		158.2185	1.5243	4.4381e8	m						CF4
PGC 1267533		135.7807	4.3875	4.4381e8	m						CF4
PGC 1283607		184.8063	5.4487	4.4381e8	m						CF4
PGC 1322944		135.9712	7.4836	4.4381e8	m						CF4
PGC 1352923		135.7347	8.7454	4.4381e8	m						CF4
PGC 1365352		195.3432	9.4556	4.4381e8	m						CF4
PGC 1367351		207.6984	9.598	4.4381e8	m						CF4
PGC 1378190		191.1986	10.3455	4.4381e8	m						CF4
PGC 1400755		174.7268	11.9132	4.4381e8	m						CF4
PGC 1509789		163.3456	16.4797	4.4381e8	m						CF4
PGC 1526049		206.8494	17.1594	4.4381e8	m						CF4
PGC 1603727		229.7129	19.7398	4.4381e8	m						CF4
PGC 1617813		242.7271	20.1432	4.4381e8	m						CF4
PGC 1683468		172.2975	23.2145	4.4381e8	m						CF4
PGC 1698200		134.983	24.0237	4.4381e8	m						CF4
PGC 1723931		216.4032	25.0488	4.4381e8	m						CF4
PGC 1797096		197.6397	27.0771	4.4381e8	m						CF4
PGC 1838201		179.8224	28.521	4.4381e8	m						CF4
PGC 1839062		155.2599	28.5503	4.4381e8	m						CF4
PGC 1896309		134.4496	30.2513	4.4381e8	m						CF4
PGC 1940083		251.9724	31.285	4.4381e8	m						CF4
PGC 1940159		255.2001	31.2867	4.4381e8	m						CF4
PGC 1972651		186.3103	31.9519	4.4381e8	m						CF4
PGC 2014511		236.8619	32.845	4.4381e8	m						CF4
PGC 2047079		145.5927	34.3019	4.4381e8	m						CF4
PGC 2064513		137.6997	35.4383	4.4381e8	m						CF4
PGC 2069964		170.1131	35.7853	4.4381e8	m						CF4
PGC 2077222		169.0229	36.2362	4.4381e8	m						CF4
PGC 2081324		163.7012	36.4791	4.4381e8	m						CF4
PGC 2089403		165.1392	36.9223	4.4381e8	m						CF4
PGC 2106417		117.8273	37.6681	4.4381e8	m						CF4
PGC 2108267		114.0079	37.7379	4.4381e8	m						CF4
PGC 2154561		201.0405	39.7204	4.4381e8	m						CF4
PGC 2165442		123.173	40.4146	4.4381e8	m						CF4
PGC 2166657		158.0034	40.4984	4.4381e8	m						CF4
PGC 2181136		113.0169	41.4414	4.4381e8	m						CF4
PGC 2190508		157.7569	41.9947	4.4381e8	m						CF4
PGC 2228318		208.6734	43.7527	4.4381e8	m						CF4
PGC 2270799		134.0397	45.8119	4.4381e8	m						CF4
PGC 2306685		243.0439	47.9064	4.4381e8	m						CF4
PGC 2335616		248.0322	49.1782	4.4381e8	m						CF4
PGC 2358229		116.8591	49.9462	4.4381e8	m						CF4
PGC 2395995		244.7982	51.5551	4.4381e8	m						CF4
PGC 2461118		172.7912	54.1455	4.4381e8	m						CF4
PGC 2474466		228.1618	54.6016	4.4381e8	m						CF4
PGC 3123731		222.0219	3.2967	4.4381e8	m						CF4
PGC 3126460		212.013	5.3993	4.4381e8	m						CF4
PGC 3348206		183.0179	2.5511	4.4381e8	m						CF4
PGC 3354814		137.6154	3.851	4.4381e8	m						CF4
PGC 3361935		191.1291	65.4923	4.4381e8	m						CF4
PGC 3378938		120.7188	36.6313	4.4381e8	m						CF4
PGC 3396113		202.2495	4.5001	4.4381e8	m						CF4
PGC 3402801		197.9856	52.5951	4.4381e8	m						CF4
PGC 3444769		119.2075	26.8342	4.4381e8	m						CF4
PGC 3449076		127.7397	40.5501	4.4381e8	m						CF4
PGC 3453513		135.2421	4.926	4.4381e8	m						CF4
PGC 3462836		150.8915	49.5929	4.4381e8	m						CF4
PGC 3482745		204.4708	56.7218	4.4381e8	m						CF4
PGC 3492281		231.2098	33.7452	4.4381e8	m						CF4
PGC 3502004		252.141	28.7007	4.4381e8	m						CF4
PGC 3524114		127.5786	8.6782	4.4381e8	m						CF4
PGC 3560332		215.4015	39.671	4.4381e8	m						CF4
PGC 3737360		135.9965	20.6818	4.4381e8	m						CF4
PGC 3749655		149.7188	20.2872	4.4381e8	m						CF4
PGC 3767569		168.2952	39.1062	4.4381e8	m						CF4
PGC 3768471		169.2645	14.3355	4.4381e8	m						CF4
PGC 3795455		191.3454	21.9232	4.4381e8	m						CF4
PGC 3801182		195.6917	9.6919	4.4381e8	m						CF4
PGC 3810246		203.702	6.4646	4.4381e8	m						CF4
PGC 3812027		205.3461	33.3726	4.4381e8	m						CF4
PGC 3815556		208.4621	13.194	4.4381e8	m						CF4
PGC 3828330		218.0616	27.6207	4.4381e8	m						CF4
PGC 3828350		218.0756	22.8708	4.4381e8	m						CF4
PGC 3829227		218.6781	9.7963	4.4381e8	m						CF4
PGC 3833559		221.718	46.2569	4.4381e8	m						CF4
PGC 3839237		225.8913	8.2885	4.4381e8	m						CF4
PGC 3840185		226.8654	8.5533	4.4381e8	m						CF4
PGC 3841029		227.4649	8.8464	4.4381e8	m						CF4
PGC 3841050		227.4814	7.0189	4.4381e8	m						CF4
PGC 3841609		227.8704	19.5136	4.4381e8	m						CF4
PGC 3842572		228.5817	17.4141	4.4381e8	m						CF4
PGC 3845119		230.4214	22.2138	4.4381e8	m						CF4
PGC 3848593		233.1075	10.7607	4.4381e8	m						CF4
PGC 3862028		243.5769	14.1999	4.4381e8	m						CF4
PGC 3870074		249.9153	28.8005	4.4381e8	m						CF4
PGC 4089592		143.7555	27.5528	4.4381e8	m						CF4
PGC 5065170		346.1438	-37.3422	4.4525e8	m						CF4
PGC 69394		339.6621	28.6161	4.4566e8	m						CF4
PGC 48416		205.2378	26.1727	4.4586e8	m						CF4
PGC 155159		155.898	-0.2215	4.4586e8	m						CF4
PGC 169077		185.0599	15.2504	4.4586e8	m						CF4
PGC 213926		181.3683	51.48	4.4586e8	m						CF4
PGC 1112654		216.6322	-1.6909	4.4586e8	m						CF4
PGC 1115778		193.8126	-1.5613	4.4586e8	m						CF4
PGC 1149351		235.4367	-0.2009	4.4586e8	m						CF4
PGC 1152847		150.2956	-0.063	4.4586e8	m						CF4
PGC 1169596		149.6208	0.5748	4.4586e8	m						CF4
PGC 1174156		166.549	0.7388	4.4586e8	m						CF4
PGC 1187006		180.1815	1.1822	4.4586e8	m						CF4
PGC 1202626		207.782	1.6861	4.4586e8	m						CF4
PGC 1215782		168.1174	2.0952	4.4586e8	m						CF4
PGC 1248138		213.5584	3.2433	4.4586e8	m						CF4
PGC 1306926		140.2168	6.7598	4.4586e8	m						CF4
PGC 1327552		225.9474	7.661	4.4586e8	m						CF4
PGC 1338977		178.1379	8.1012	4.4586e8	m						CF4
PGC 1399841		142.1635	11.8559	4.4586e8	m						CF4
PGC 1408975		212.1377	12.407	4.4586e8	m						CF4
PGC 1420862		140.7673	13.0116	4.4586e8	m						CF4
PGC 1431086		161.6214	13.44	4.4586e8	m						CF4
PGC 1461160		241.8857	14.5571	4.4586e8	m						CF4
PGC 1461635		172.8709	14.5766	4.4586e8	m						CF4
PGC 1506691		182.2881	16.3512	4.4586e8	m						CF4
PGC 1534921		209.1026	17.528	4.4586e8	m						CF4
PGC 1556653		223.6678	18.3327	4.4586e8	m						CF4
PGC 1570514		151.3692	18.7945	4.4586e8	m						CF4
PGC 1641339		124.9312	21.0368	4.4586e8	m						CF4
PGC 1651461		178.1729	21.5097	4.4586e8	m						CF4
PGC 1653004		239.3056	21.5804	4.4586e8	m						CF4
PGC 1730565		126.5907	25.2616	4.4586e8	m						CF4
PGC 1838512		182.3373	28.5314	4.4586e8	m						CF4
PGC 1940886		193.297	31.3027	4.4586e8	m						CF4
PGC 1942420		225.3627	31.3366	4.4586e8	m						CF4
PGC 1944375		256.6086	31.3792	4.4586e8	m						CF4
PGC 1974755		142.2384	31.9933	4.4586e8	m						CF4
PGC 1978998		231.448	32.0762	4.4586e8	m						CF4
PGC 1996858		219.9405	32.4368	4.4586e8	m						CF4
PGC 2004921		255.0018	32.6152	4.4586e8	m						CF4
PGC 2072216		171.9938	35.9313	4.4586e8	m						CF4
PGC 2092057		151.3642	37.0526	4.4586e8	m						CF4
PGC 2170926		135.7006	40.787	4.4586e8	m						CF4
PGC 2192440		254.1141	42.103	4.4586e8	m						CF4
PGC 2215543		133.9002	43.214	4.4586e8	m						CF4
PGC 2223985		181.5707	43.5731	4.4586e8	m						CF4
PGC 2225538		155.8536	43.6391	4.4586e8	m						CF4
PGC 2232391		234.5048	43.9226	4.4586e8	m						CF4
PGC 2430998		135.0618	53.0683	4.4586e8	m						CF4
PGC 2432292		182.4855	53.1198	4.4586e8	m						CF4
PGC 2631245		197.7592	62.1368	4.4586e8	m						CF4
PGC 3124404		235.1283	3.5262	4.4586e8	m						CF4
PGC 3354752		136.7817	4.0668	4.4586e8	m						CF4
PGC 3362528		210.3538	62.6527	4.4586e8	m						CF4
PGC 3389177		254.195	35.0481	4.4586e8	m						CF4
PGC 3412452		255.5715	33.491	4.4586e8	m						CF4
PGC 3416069		211.2893	51.2174	4.4586e8	m						CF4
PGC 3445328		120.1521	30.3294	4.4586e8	m						CF4
PGC 3479855		192.2909	56.6081	4.4586e8	m						CF4
PGC 3487226		217.6833	42.3457	4.4586e8	m						CF4
PGC 3554985		199.9198	41.0363	4.4586e8	m						CF4
PGC 3560720		216.4854	36.8111	4.4586e8	m						CF4
PGC 3563391		226.3619	34.3889	4.4586e8	m						CF4
PGC 3564979		229.5216	30.1291	4.4586e8	m						CF4
PGC 3566995		235.7092	40.4245	4.4586e8	m						CF4
PGC 3719681		109.9883	40.8677	4.4586e8	m						CF4
PGC 3727551		122.8089	6.8561	4.4586e8	m						CF4
PGC 3727712		123.1059	14.2661	4.4586e8	m						CF4
PGC 3734658		132.6714	17.2324	4.4586e8	m						CF4
PGC 3735475		133.74	14.0773	4.4586e8	m						CF4
PGC 3769073		169.793	22.4618	4.4586e8	m						CF4
PGC 3776678		176.6158	13.8586	4.4586e8	m						CF4
PGC 3783804		182.6731	36.4774	4.4586e8	m						CF4
PGC 3816539		209.2946	35.8314	4.4586e8	m						CF4
PGC 3819520		211.542	5.7969	4.4586e8	m						CF4
PGC 3827336		217.31	14.9943	4.4586e8	m						CF4
PGC 3828480		218.1886	26.2984	4.4586e8	m						CF4
PGC 4333085		188.8111	7.3591	4.4586e8	m						CF4
PGC 5089307		136.5129	11.5853	4.4586e8	m						CF4
PGC 95647		202.7264	-1.8754	4.4792e8	m						CF4
PGC 99816		215.3851	47.9628	4.4792e8	m						CF4
PGC 1106053		192.3542	-1.9353	4.4792e8	m						CF4
PGC 1132654		149.9991	-0.8692	4.4792e8	m						CF4
PGC 1134396		170.0984	-0.7999	4.4792e8	m						CF4
PGC 1174680		195.2738	0.7583	4.4792e8	m						CF4
PGC 1181886		167.7758	1.0134	4.4792e8	m						CF4
PGC 1188343		188.1405	1.225	4.4792e8	m						CF4
PGC 1276089		208.5282	4.97	4.4792e8	m						CF4
PGC 1285552		187.8238	5.5682	4.4792e8	m						CF4
PGC 1333743		173.389	7.8944	4.4792e8	m						CF4
PGC 1351728		227.3845	8.6852	4.4792e8	m						CF4
PGC 1360708		197.5996	9.1621	4.4792e8	m						CF4
PGC 1387815		200.7586	11.0256	4.4792e8	m						CF4
PGC 1399852		163.4147	11.8564	4.4792e8	m						CF4
PGC 1401017		165.6753	11.9298	4.4792e8	m						CF4
PGC 1404965		216.6582	12.1722	4.4792e8	m						CF4
PGC 1482992		122.6694	15.3761	4.4792e8	m						CF4
PGC 1594382		134.7363	19.4936	4.4792e8	m						CF4
PGC 1603366		198.2118	19.7297	4.4792e8	m						CF4
PGC 1653525		219.194	21.6069	4.4792e8	m						CF4
PGC 1653559		123.9081	21.6091	4.4792e8	m						CF4
PGC 1704858		226.4523	24.3295	4.4792e8	m						CF4
PGC 1717955		192.4547	24.8438	4.4792e8	m						CF4
PGC 1760125		165.6882	26.0356	4.4792e8	m						CF4
PGC 1807395		150.0546	27.4143	4.4792e8	m						CF4
PGC 1817730		116.6475	27.7782	4.4792e8	m						CF4
PGC 1914347		121.1231	30.7011	4.4792e8	m						CF4
PGC 1921411		256.9688	30.8669	4.4792e8	m						CF4
PGC 1947960		189.0011	31.4551	4.4792e8	m						CF4
PGC 2049922		204.1193	34.484	4.4792e8	m						CF4
PGC 2083942		172.2956	36.6247	4.4792e8	m						CF4
PGC 2086032		203.9751	36.7388	4.4792e8	m						CF4
PGC 2128921		158.4024	38.5052	4.4792e8	m						CF4
PGC 2155675		159.8768	39.7886	4.4792e8	m						CF4
PGC 2161806		158.0308	40.1751	4.4792e8	m						CF4
PGC 2207121		182.6637	42.8327	4.4792e8	m						CF4
PGC 2212984		178.446	43.0988	4.4792e8	m						CF4
PGC 2250206		159.7754	44.7067	4.4792e8	m						CF4
PGC 2255055		173.998	44.9214	4.4792e8	m						CF4
PGC 2276880		120.0773	46.1868	4.4792e8	m						CF4
PGC 2362733		125.4408	50.098	4.4792e8	m						CF4
PGC 2447749		244.3453	53.6773	4.4792e8	m						CF4
PGC 2466372		223.7651	54.3293	4.4792e8	m						CF4
PGC 2469839		223.5305	54.4444	4.4792e8	m						CF4
PGC 2519107		150.609	55.9202	4.4792e8	m						CF4
PGC 2558962		208.4755	57.1683	4.4792e8	m						CF4
PGC 2589437		172.9002	59.351	4.4792e8	m						CF4
PGC 2626138		201.9901	61.8685	4.4792e8	m						CF4
PGC 3086599		190.3731	63.3019	4.4792e8	m						CF4
PGC 3091846		188.8524	6.6245	4.4792e8	m						CF4
PGC 3105790		196.0998	-3.4835	4.4792e8	m						CF4
PGC 3357606		157.1157	4.9126	4.4792e8	m						CF4
PGC 3358098		159.6744	5.1085	4.4792e8	m						CF4
PGC 3390788		132.6159	40.4845	4.4792e8	m						CF4
PGC 3400356		169.5267	50.2418	4.4792e8	m						CF4
PGC 3411580		181.5003	50.6562	4.4792e8	m						CF4
PGC 3443810		117.7854	20.8447	4.4792e8	m						CF4
PGC 3447188		124.5799	3.6132	4.4792e8	m						CF4
PGC 3450239		129.448	30.8363	4.4792e8	m						CF4
PGC 3453386		135.0214	39.3312	4.4792e8	m						CF4
PGC 3455339		138.0926	39.7055	4.4792e8	m						CF4
PGC 3457168		140.7835	5.1109	4.4792e8	m						CF4
PGC 3470607		167.3123	7.2889	4.4792e8	m						CF4
PGC 3472023		171.3439	9.6201	4.4792e8	m						CF4
PGC 3520781		114.0635	42.3968	4.4792e8	m						CF4
PGC 3553958		198.2815	45.0986	4.4792e8	m						CF4
PGC 3554077		198.5046	45.3696	4.4792e8	m						CF4
PGC 3565184		230.168	30.5325	4.4792e8	m						CF4
PGC 3729025		124.7916	1.4784	4.4792e8	m						CF4
PGC 3730642		127.0453	12.8462	4.4792e8	m						CF4
PGC 3731015		127.6309	12.7359	4.4792e8	m						CF4
PGC 3746454		146.2089	27.2424	4.4792e8	m						CF4
PGC 3746981		146.7888	23.28	4.4792e8	m						CF4
PGC 3756465		157.5033	32.1925	4.4792e8	m						CF4
PGC 3772003		172.473	13.9012	4.4792e8	m						CF4
PGC 3785625		184.1817	15.6045	4.4792e8	m						CF4
PGC 3795514		191.3956	28.3944	4.4792e8	m						CF4
PGC 3841584		227.8578	5.6308	4.4792e8	m						CF4
PGC 3843974		229.6645	28.7411	4.4792e8	m						CF4
PGC 3851144		235.0594	18.0011	4.4792e8	m						CF4
PGC 3860746		242.5689	29.5804	4.4792e8	m						CF4
PGC 3861112		242.8546	16.8902	4.4792e8	m						CF4
PGC 3861274		242.9608	21.0204	4.4792e8	m						CF4
PGC 3864180		245.2544	24.6748	4.4792e8	m						CF4
PGC 4089067		141.2614	32.2234	4.4792e8	m						CF4
PGC 5090497		125.809	8.5359	4.4792e8	m						CF4
PGC 2085703		240.5372	36.7205	4.4937e8	m						CF4
PGC 38072		180.7899	51.6782	4.4999e8	m						CF4
PGC 48222		204.6464	57.3082	4.4999e8	m						CF4
PGC 50422		212.0247	0.7493	4.4999e8	m						CF4
PGC 50641		212.7844	25.4578	4.4999e8	m						CF4
PGC 140222		207.065	32.2499	4.4999e8	m						CF4
PGC 169310		186.8101	13.8951	4.4999e8	m						CF4
PGC 1092348		177.2747	-2.4264	4.4999e8	m						CF4
PGC 1116126		202.578	-1.5452	4.4999e8	m						CF4
PGC 1119218		215.1465	-1.4135	4.4999e8	m						CF4
PGC 1147801		192.0711	-0.2611	4.4999e8	m						CF4
PGC 1158992		152.1051	0.176	4.4999e8	m						CF4
PGC 1159097		197.7282	0.1797	4.4999e8	m						CF4
PGC 1187155		218.4504	1.1872	4.4999e8	m						CF4
PGC 1231529		140.3902	2.5845	4.4999e8	m						CF4
PGC 1293313		227.9679	6.0298	4.4999e8	m						CF4
PGC 1299972		227.8179	6.3982	4.4999e8	m						CF4
PGC 1300966		223.4766	6.4534	4.4999e8	m						CF4
PGC 1390828		174.6447	11.2452	4.4999e8	m						CF4
PGC 1400910		206.4536	11.9217	4.4999e8	m						CF4
PGC 1444911		153.5679	13.9473	4.4999e8	m						CF4
PGC 1488697		205.8935	15.5968	4.4999e8	m						CF4
PGC 1492219		206.3521	15.7405	4.4999e8	m						CF4
PGC 1501031		208.5615	16.1141	4.4999e8	m						CF4
PGC 1539106		236.4783	17.6924	4.4999e8	m						CF4
PGC 1577302		150.0877	19.0025	4.4999e8	m						CF4
PGC 1602031		229.9069	19.692	4.4999e8	m						CF4
PGC 1623555		191.419	20.3127	4.4999e8	m						CF4
PGC 1667963		220.4415	22.3323	4.4999e8	m						CF4
PGC 1707629		166.9784	24.4531	4.4999e8	m						CF4
PGC 1740942		213.8562	25.5584	4.4999e8	m						CF4
PGC 1758930		214.6134	26.0074	4.4999e8	m						CF4
PGC 1842605		132.9613	28.6733	4.4999e8	m						CF4
PGC 1884194		245.225	29.9471	4.4999e8	m						CF4
PGC 1913839		234.8415	30.6896	4.4999e8	m						CF4
PGC 1914153		129.9617	30.6963	4.4999e8	m						CF4
PGC 1924928		259.3902	30.9476	4.4999e8	m						CF4
PGC 1929555		191.8225	31.0532	4.4999e8	m						CF4
PGC 1936540		170.7946	31.207	4.4999e8	m						CF4
PGC 1948998		114.181	31.4765	4.4999e8	m						CF4
PGC 1956918		125.9936	31.6382	4.4999e8	m						CF4
PGC 2062188		184.2977	35.2863	4.4999e8	m						CF4
PGC 2073206		220.9108	35.9906	4.4999e8	m						CF4
PGC 2098122		135.6174	37.3285	4.4999e8	m						CF4
PGC 2115882		164.9367	38.0237	4.4999e8	m						CF4
PGC 2117132		155.8864	38.0715	4.4999e8	m						CF4
PGC 2185624		167.1471	41.7149	4.4999e8	m						CF4
PGC 2405014		179.979	52.0247	4.4999e8	m						CF4
PGC 2417599		218.8486	52.544	4.4999e8	m						CF4
PGC 2429354		224.427	53.0054	4.4999e8	m						CF4
PGC 2440475		243.8881	53.4157	4.4999e8	m						CF4
PGC 2513018		221.4274	55.7472	4.4999e8	m						CF4
PGC 2687000		186.2198	66.4175	4.4999e8	m						CF4
PGC 3089666		143.2665	23.7136	4.4999e8	m						CF4
PGC 3105749		190.7185	-3.5711	4.4999e8	m						CF4
PGC 3123804		232.9249	3.315	4.4999e8	m						CF4
PGC 3124234		182.5215	3.4648	4.4999e8	m						CF4
PGC 3125215		227.9982	3.9766	4.4999e8	m						CF4
PGC 3358307		160.1694	4.3803	4.4999e8	m						CF4
PGC 3409166		169.5894	58.1252	4.4999e8	m						CF4
PGC 3444913		119.4692	32.196	4.4999e8	m						CF4
PGC 3453185		134.6894	38.5225	4.4999e8	m						CF4
PGC 3459919		145.718	6.0847	4.4999e8	m						CF4
PGC 3460961		147.3492	8.9246	4.4999e8	m						CF4
PGC 3495619		240.3569	27.864	4.4999e8	m						CF4
PGC 3495718		240.4994	-1.0155	4.4999e8	m						CF4
PGC 3523391		125.5842	6.3756	4.4999e8	m						CF4
PGC 3535412		156.0747	10.7755	4.4999e8	m						CF4
PGC 3536252		157.3526	41.3546	4.4999e8	m						CF4
PGC 3553039		196.5084	11.4707	4.4999e8	m						CF4
PGC 3559446		213.1503	54.4023	4.4999e8	m						CF4
PGC 3560235		215.1577	41.2738	4.4999e8	m						CF4
PGC 3566604		235.0287	40.9341	4.4999e8	m						CF4
PGC 3763828		164.7195	22.0053	4.4999e8	m						CF4
PGC 3770368		171.0522	19.907	4.4999e8	m						CF4
PGC 3794480		190.6196	18.75	4.4999e8	m						CF4
PGC 3806276		200.0635	17.2063	4.4999e8	m						CF4
PGC 3812705		205.9792	18.8491	4.4999e8	m						CF4
PGC 3829154		218.6322	21.9676	4.4999e8	m						CF4
PGC 3834856		222.6286	5.5901	4.4999e8	m						CF4
PGC 3841157		227.5506	6.1193	4.4999e8	m						CF4
PGC 3841396		227.7255	10.8303	4.4999e8	m						CF4
PGC 3846386		231.3161	21.6031	4.4999e8	m						CF4
PGC 3868626		248.8638	26.6343	4.4999e8	m						CF4
PGC 4118690		235.3256	28.8326	4.4999e8	m						CF4
PGC 36421		175.8495	63.1907	4.5206e8	m						CF4
PGC 53484		224.4913	34.163	4.5206e8	m						CF4
PGC 140684		255.6507	34.0885	4.5206e8	m						CF4
PGC 1071152		195.2814	-3.448	4.5206e8	m						CF4
PGC 1096862		191.6962	-2.27	4.5206e8	m						CF4
PGC 1109357		181.0497	-1.8141	4.5206e8	m						CF4
PGC 1146651		149.3688	-0.3051	4.5206e8	m						CF4
PGC 1153129		152.4327	-0.0521	4.5206e8	m						CF4
PGC 1157099		159.8183	0.1011	4.5206e8	m						CF4
PGC 1158982		228.9096	0.1756	4.5206e8	m						CF4
PGC 1181577		134.6293	1.0033	4.5206e8	m						CF4
PGC 1209579		208.1741	1.8998	4.5206e8	m						CF4
PGC 1222667		159.9047	2.3069	4.5206e8	m						CF4
PGC 1256041		190.5024	3.6405	4.5206e8	m						CF4
PGC 1266225		228.716	4.2936	4.5206e8	m						CF4
PGC 1272322		165.7176	4.7235	4.5206e8	m						CF4
PGC 1287068		219.5703	5.663	4.5206e8	m						CF4
PGC 1305079		193.1714	6.6597	4.5206e8	m						CF4
PGC 1379730		226.7364	10.4509	4.5206e8	m						CF4
PGC 1387612		177.2808	11.0093	4.5206e8	m						CF4
PGC 1444093		193.323	13.9174	4.5206e8	m						CF4
PGC 1452681		178.1268	14.2277	4.5206e8	m						CF4
PGC 1469949		242.0767	14.8992	4.5206e8	m						CF4
PGC 1503138		138.2988	16.1992	4.5206e8	m						CF4
PGC 1535500		126.6974	17.5519	4.5206e8	m						CF4
PGC 1558134		172.8957	18.387	4.5206e8	m						CF4
PGC 1572528		169.3601	18.855	4.5206e8	m						CF4
PGC 1577896		197.7646	19.0202	4.5206e8	m						CF4
PGC 1630775		216.5432	20.5649	4.5206e8	m						CF4
PGC 1666094		144.8574	22.2344	4.5206e8	m						CF4
PGC 1677005		133.2951	22.8398	4.5206e8	m						CF4
PGC 1687651		146.8877	23.4555	4.5206e8	m						CF4
PGC 1702627		232.6316	24.2325	4.5206e8	m						CF4
PGC 1792660		237.0462	26.9284	4.5206e8	m						CF4
PGC 1809622		139.3721	27.4875	4.5206e8	m						CF4
PGC 1837952		220.511	28.5117	4.5206e8	m						CF4
PGC 1844895		133.5387	28.7519	4.5206e8	m						CF4
PGC 1850679		232.5171	28.938	4.5206e8	m						CF4
PGC 1864254		249.4215	29.3738	4.5206e8	m						CF4
PGC 1875880		251.9127	29.7245	4.5206e8	m						CF4
PGC 1963666		128.5016	31.7724	4.5206e8	m						CF4
PGC 1989851		252.7986	32.288	4.5206e8	m						CF4
PGC 2011030		187.4097	32.756	4.5206e8	m						CF4
PGC 2045451		152.8772	34.2011	4.5206e8	m						CF4
PGC 2059735		186.067	35.1214	4.5206e8	m						CF4
PGC 2148076		197.1187	39.3441	4.5206e8	m						CF4
PGC 2158788		239.3739	39.9847	4.5206e8	m						CF4
PGC 2180648		168.3246	41.4081	4.5206e8	m						CF4
PGC 2198093		119.7224	42.3979	4.5206e8	m						CF4
PGC 2242579		225.6981	44.3629	4.5206e8	m						CF4
PGC 2271417		229.7976	45.8512	4.5206e8	m						CF4
PGC 2310330		244.4553	48.0927	4.5206e8	m						CF4
PGC 2496108		217.7085	55.2636	4.5206e8	m						CF4
PGC 2597760		176.0004	60.08	4.5206e8	m						CF4
PGC 2675451		154.8573	65.2087	4.5206e8	m						CF4
PGC 3090232		200.6435	18.396	4.5206e8	m						CF4
PGC 3135305		132.2771	56.1301	4.5206e8	m						CF4
PGC 3395377		192.6775	5.2101	4.5206e8	m						CF4
PGC 3395959		198.354	4.5079	4.5206e8	m						CF4
PGC 3441880		241.043	27.9822	4.5206e8	m						CF4
PGC 3451546		131.9804	4.9922	4.5206e8	m						CF4
PGC 3456230		139.4211	9.3968	4.5206e8	m						CF4
PGC 3458488		142.9521	7.988	4.5206e8	m						CF4
PGC 3461529		148.3409	6.3853	4.5206e8	m						CF4
PGC 3474541		176.1435	58.3459	4.5206e8	m						CF4
PGC 3478478		187.7545	10.5395	4.5206e8	m						CF4
PGC 3479764		191.7888	55.0075	4.5206e8	m						CF4
PGC 3479864		192.3424	50.6369	4.5206e8	m						CF4
PGC 3481812		200.8397	48.473	4.5206e8	m						CF4
PGC 3546752		178.935	43.561	4.5206e8	m						CF4
PGC 3553230		196.9351	45.3521	4.5206e8	m						CF4
PGC 3731963		128.9656	17.9647	4.5206e8	m						CF4
PGC 3735788		134.1456	59.055	4.5206e8	m						CF4
PGC 3752207		152.8209	14.4881	4.5206e8	m						CF4
PGC 3758165		159.2976	28.4239	4.5206e8	m						CF4
PGC 3782553		181.6674	22.7307	4.5206e8	m						CF4
PGC 3785215		183.8639	15.9025	4.5206e8	m						CF4
PGC 3827510		217.4273	20.6785	4.5206e8	m						CF4
PGC 3841351		227.698	5.6491	4.5206e8	m						CF4
PGC 3847476		232.2086	5.2249	4.5206e8	m						CF4
PGC 3854164		237.3135	28.1868	4.5206e8	m						CF4
PGC 3856477		239.1171	26.8131	4.5206e8	m						CF4
PGC 3867166		247.7754	27.2569	4.5206e8	m						CF4
PGC 3874868		254.1219	24.0921	4.5206e8	m						CF4
PGC 4087114		133.2504	27.2576	4.5206e8	m						CF4
PGC 4114537		217.6705	24.092	4.5206e8	m						CF4
PGC 5085927		125.7525	11.1786	4.5206e8	m						CF4
PGC 94701		208.3603	5.164	4.5415e8	m						CF4
PGC 94791		236.3619	36.155	4.5415e8	m						CF4
PGC 197628		175.9397	19.3926	4.5415e8	m						CF4
PGC 557337		203.3659	-42.8279	4.5415e8	m						CF4
PGC 1102211		195.0703	-2.0824	4.5415e8	m						CF4
PGC 1134048		199.1331	-0.8144	4.5415e8	m						CF4
PGC 1150556		153.4743	-0.1548	4.5415e8	m						CF4
PGC 1244262		235.0762	3.0617	4.5415e8	m						CF4
PGC 1266778		188.6763	4.3328	4.5415e8	m						CF4
PGC 1276315		214.9777	4.9833	4.5415e8	m						CF4
PGC 1289993		196.7464	5.8366	4.5415e8	m						CF4
PGC 1301616		198.3187	6.4855	4.5415e8	m						CF4
PGC 1335715		167.0017	7.9716	4.5415e8	m						CF4
PGC 1354767		193.593	8.8469	4.5415e8	m						CF4
PGC 1377890		180.8596	10.3261	4.5415e8	m						CF4
PGC 1469039		182.6885	14.8626	4.5415e8	m						CF4
PGC 1473174		173.7277	15.0219	4.5415e8	m						CF4
PGC 1498051		158.9535	15.9896	4.5415e8	m						CF4
PGC 1501985		122.2819	16.1517	4.5415e8	m						CF4
PGC 1522643		242.9889	17.0216	4.5415e8	m						CF4
PGC 1557154		119.8941	18.3501	4.5415e8	m						CF4
PGC 1560536		169.5961	18.4709	4.5415e8	m						CF4
PGC 1583113		164.2272	19.1756	4.5415e8	m						CF4
PGC 1618968		206.3389	20.1763	4.5415e8	m						CF4
PGC 1619357		220.7829	20.1889	4.5415e8	m						CF4
PGC 1636241		234.5355	20.8027	4.5415e8	m						CF4
PGC 1677041		147.2376	22.8423	4.5415e8	m						CF4
PGC 1691936		233.6664	23.6931	4.5415e8	m						CF4
PGC 1753689		239.1867	25.8855	4.5415e8	m						CF4
PGC 1771774		119.8807	26.3224	4.5415e8	m						CF4
PGC 2038173		222.3904	33.7519	4.5415e8	m						CF4
PGC 2042970		233.7969	34.045	4.5415e8	m						CF4
PGC 2048847		177.6255	34.4167	4.5415e8	m						CF4
PGC 2065196		238.4367	35.482	4.5415e8	m						CF4
PGC 2080830		183.1084	36.4509	4.5415e8	m						CF4
PGC 2083654		152.3889	36.6089	4.5415e8	m						CF4
PGC 2088670		201.5803	36.8815	4.5415e8	m						CF4
PGC 2149119		168.3147	39.4	4.5415e8	m						CF4
PGC 2152089		114.7214	39.5693	4.5415e8	m						CF4
PGC 2393550		180.5489	51.406	4.5415e8	m						CF4
PGC 2454822		134.0496	53.9253	4.5415e8	m						CF4
PGC 2478562		137.3796	54.7328	4.5415e8	m						CF4
PGC 2524063		181.8	56.056	4.5415e8	m						CF4
PGC 2568539		190.6164	57.5988	4.5415e8	m						CF4
PGC 2592086		140.6505	59.5851	4.5415e8	m						CF4
PGC 2600972		200.2159	60.3446	4.5415e8	m						CF4
PGC 2729390		146.09	69.2944	4.5415e8	m						CF4
PGC 3331819		233.7027	0.9135	4.5415e8	m						CF4
PGC 3361508		189.2738	64.5186	4.5415e8	m						CF4
PGC 3401384		181.9813	51.6104	4.5415e8	m						CF4
PGC 3401393		181.3683	51.4028	4.5415e8	m						CF4
PGC 3410571		194.5635	60.4704	4.5415e8	m						CF4
PGC 3475012		177.0587	56.5323	4.5415e8	m						CF4
PGC 3475740		179.046	58.5062	4.5415e8	m						CF4
PGC 3478018		186.7595	8.8496	4.5415e8	m						CF4
PGC 3487007		217.1601	46.0098	4.5415e8	m						CF4
PGC 3525789		131.9306	32.0539	4.5415e8	m						CF4
PGC 3534302		154.0951	41.1415	4.5415e8	m						CF4
PGC 3541478		167.9409	40.5787	4.5415e8	m						CF4
PGC 3546911		179.3388	42.5953	4.5415e8	m						CF4
PGC 3754664		155.5272	15.4308	4.5415e8	m						CF4
PGC 3790625		187.8345	14.949	4.5415e8	m						CF4
PGC 3809466		202.9969	18.9509	4.5415e8	m						CF4
PGC 3822837		213.8551	30.5648	4.5415e8	m						CF4
PGC 3827849		217.6781	18.4744	4.5415e8	m						CF4
PGC 3832011		220.5286	22.202	4.5415e8	m						CF4
PGC 3835650		223.1666	25.5917	4.5415e8	m						CF4
PGC 3839195		225.8592	8.2296	4.5415e8	m						CF4
PGC 3850941		234.9119	14.5625	4.5415e8	m						CF4
PGC 3854473		237.5442	12.6409	4.5415e8	m						CF4
PGC 3860193		242.1728	24.3282	4.5415e8	m						CF4
PGC 3864165		245.2458	10.386	4.5415e8	m						CF4
PGC 3868352		248.6758	29.9494	4.5415e8	m						CF4
PGC 4254127		162.7389	20.7461	4.5415e8	m						CF4
PGC 4265586		166.8736	24.7691	4.5415e8	m						CF4
PGC 4534653		160.9342	23.6553	4.5415e8	m						CF4
PGC 1136052		202.6321	-0.7342	4.5562e8	m						CF4
PGC 165186		187.4235	11.7893	4.5625e8	m						CF4
PGC 1120532		192.051	-1.3603	4.5625e8	m						CF4
PGC 1131191		206.3099	-0.9273	4.5625e8	m						CF4
PGC 1137441		151.2213	-0.6771	4.5625e8	m						CF4
PGC 1142342		249.6286	-0.4781	4.5625e8	m						CF4
PGC 1146387		181.4543	-0.3151	4.5625e8	m						CF4
PGC 1148162		237.182	-0.2468	4.5625e8	m						CF4
PGC 1195188		213.4087	1.4463	4.5625e8	m						CF4
PGC 1237353		190.6769	2.7843	4.5625e8	m						CF4
PGC 1257024		226.6242	3.6982	4.5625e8	m						CF4
PGC 1263489		124.7461	4.1007	4.5625e8	m						CF4
PGC 1277329		177.8268	5.0475	4.5625e8	m						CF4
PGC 1279384		184.6698	5.1839	4.5625e8	m						CF4
PGC 1293578		215.2647	6.0441	4.5625e8	m						CF4
PGC 1334011		168.0852	7.9038	4.5625e8	m						CF4
PGC 1391121		203.9323	11.2658	4.5625e8	m						CF4
PGC 1391591		195.8379	11.2985	4.5625e8	m						CF4
PGC 1394792		130.9947	11.5169	4.5625e8	m						CF4
PGC 1473635		198.6522	15.0408	4.5625e8	m						CF4
PGC 1482398		242.6054	15.354	4.5625e8	m						CF4
PGC 1630083		117.6951	20.5381	4.5625e8	m						CF4
PGC 1713632		195.5526	24.6856	4.5625e8	m						CF4
PGC 1732834		197.7806	25.3309	4.5625e8	m						CF4
PGC 1741605		217.8707	25.5772	4.5625e8	m						CF4
PGC 1774649		121.8432	26.3978	4.5625e8	m						CF4
PGC 1793725		218.049	26.9623	4.5625e8	m						CF4
PGC 1814049		201.3489	27.6431	4.5625e8	m						CF4
PGC 1831211		209.8102	28.2767	4.5625e8	m						CF4
PGC 1849818		166.761	28.9114	4.5625e8	m						CF4
PGC 1906036		230.1904	30.495	4.5625e8	m						CF4
PGC 2018843		244.0493	32.9618	4.5625e8	m						CF4
PGC 2071527		159.1714	35.8858	4.5625e8	m						CF4
PGC 2082995		233.1912	36.5729	4.5625e8	m						CF4
PGC 2149264		198.358	39.4083	4.5625e8	m						CF4
PGC 2149347		171.863	39.4136	4.5625e8	m						CF4
PGC 2159962		139.5994	40.0609	4.5625e8	m						CF4
PGC 2225657		189.1887	43.6436	4.5625e8	m						CF4
PGC 2249384		184.0196	44.6674	4.5625e8	m						CF4
PGC 2251132		215.3589	44.7496	4.5625e8	m						CF4
PGC 2274877		134.8577	46.0721	4.5625e8	m						CF4
PGC 2302202		242.6675	47.6665	4.5625e8	m						CF4
PGC 2421236		211.9536	52.6895	4.5625e8	m						CF4
PGC 2456814		184.6758	53.9972	4.5625e8	m						CF4
PGC 2460851		134.2235	54.137	4.5625e8	m						CF4
PGC 2500507		220.0942	55.396	4.5625e8	m						CF4
PGC 2582821		182.0512	58.7895	4.5625e8	m						CF4
PGC 2677828		188.6024	65.4769	4.5625e8	m						CF4
PGC 3094802		194.7511	29.1837	4.5625e8	m						CF4
PGC 3106455		190.5918	-1.9553	4.5625e8	m						CF4
PGC 3109865		199.0875	-0.596	4.5625e8	m						CF4
PGC 3109955		145.3416	-0.5773	4.5625e8	m						CF4
PGC 3122621		231.6316	2.917	4.5625e8	m						CF4
PGC 3124238		232.67	3.4663	4.5625e8	m						CF4
PGC 3124761		223.8331	3.6749	4.5625e8	m						CF4
PGC 3124951		221.0515	3.7809	4.5625e8	m						CF4
PGC 3132631		125.2015	51.2914	4.5625e8	m						CF4
PGC 3353596		155.3092	59.3508	4.5625e8	m						CF4
PGC 3392787		175.7711	3.9406	4.5625e8	m						CF4
PGC 3401617		182.2061	53.3127	4.5625e8	m						CF4
PGC 3407271		234.0661	-1.2921	4.5625e8	m						CF4
PGC 3412253		256.2973	34.0716	4.5625e8	m						CF4
PGC 3450912		130.6852	35.912	4.5625e8	m						CF4
PGC 3477862		186.4295	9.3671	4.5625e8	m						CF4
PGC 3526550		133.5982	7.9262	4.5625e8	m						CF4
PGC 3538634		161.1087	39.0186	4.5625e8	m						CF4
PGC 3723155		114.7092	45.2077	4.5625e8	m						CF4
PGC 3757407		158.4882	23.8604	4.5625e8	m						CF4
PGC 3783003		182.0118	35.7128	4.5625e8	m						CF4
PGC 3787803		185.7762	5.945	4.5625e8	m						CF4
PGC 3801321		195.7988	28.9818	4.5625e8	m						CF4
PGC 3820135		211.9761	10.9831	4.5625e8	m						CF4
PGC 3837370		224.3792	4.992	4.5625e8	m						CF4
PGC 3854515		237.5772	19.7232	4.5625e8	m						CF4
PGC 3858679		241.0674	28.8173	4.5625e8	m						CF4
PGC 3867119		247.7352	30.0307	4.5625e8	m						CF4
PGC 4436709		223.1058	10.9423	4.5625e8	m						CF4
PGC 4572932		157.0916	22.7491	4.5625e8	m						CF4
PGC 9003164		40.1817	-34.7403	4.5772e8	m						CF4
PGC 83550		188.1027	-0.1575	4.5835e8	m						CF4
PGC 94653		207.3482	26.3586	4.5835e8	m						CF4
PGC 115370		177.6617	-3.4236	4.5835e8	m						CF4
PGC 121039		229.8956	-2.6287	4.5835e8	m						CF4
PGC 159202		202.9773	-1.4466	4.5835e8	m						CF4
PGC 165223		188.3356	12.378	4.5835e8	m						CF4
PGC 182950		178.9788	-1.6033	4.5835e8	m						CF4
PGC 213714		158.0484	27.6811	4.5835e8	m						CF4
PGC 1112365		207.1722	-1.7013	4.5835e8	m						CF4
PGC 1159228		181.7676	0.1848	4.5835e8	m						CF4
PGC 1162170		203.8449	0.2959	4.5835e8	m						CF4
PGC 1163209		136.8129	0.3325	4.5835e8	m						CF4
PGC 1165175		206.3608	0.4085	4.5835e8	m						CF4
PGC 1185240		170.6277	1.1221	4.5835e8	m						CF4
PGC 1186992		207.3887	1.1818	4.5835e8	m						CF4
PGC 1187025		169.9779	1.1826	4.5835e8	m						CF4
PGC 1192130		173.5043	1.3499	4.5835e8	m						CF4
PGC 1193671		124.1601	1.3974	4.5835e8	m						CF4
PGC 1218701		140.078	2.1837	4.5835e8	m						CF4
PGC 1241302		234.7425	2.9365	4.5835e8	m						CF4
PGC 1300726		125.6187	6.4406	4.5835e8	m						CF4
PGC 1339529		200.6184	8.1225	4.5835e8	m						CF4
PGC 1345103		191.5845	8.3524	4.5835e8	m						CF4
PGC 1353914		198.8372	8.7994	4.5835e8	m						CF4
PGC 1381915		164.4263	10.6064	4.5835e8	m						CF4
PGC 1405143		142.3275	12.1819	4.5835e8	m						CF4
PGC 1430724		149.5132	13.4257	4.5835e8	m						CF4
PGC 1518127		126.7869	16.8335	4.5835e8	m						CF4
PGC 1541982		235.0525	17.7986	4.5835e8	m						CF4
PGC 1587987		126.357	19.3138	4.5835e8	m						CF4
PGC 1625136		119.9116	20.3663	4.5835e8	m						CF4
PGC 1644504		234.7849	21.1792	4.5835e8	m						CF4
PGC 1683655		121.4123	23.2253	4.5835e8	m						CF4
PGC 1684633		200.8564	23.2816	4.5835e8	m						CF4
PGC 1696424		170.4549	23.9344	4.5835e8	m						CF4
PGC 1696964		234.8915	23.9617	4.5835e8	m						CF4
PGC 1724642		159.8427	25.0727	4.5835e8	m						CF4
PGC 1754683		177.953	25.9086	4.5835e8	m						CF4
PGC 1823109		241.0328	27.983	4.5835e8	m						CF4
PGC 1848364		239.4024	28.865	4.5835e8	m						CF4
PGC 1880891		154.9502	29.8603	4.5835e8	m						CF4
PGC 1909980		116.5494	30.5943	4.5835e8	m						CF4
PGC 2017357		196.056	32.9196	4.5835e8	m						CF4
PGC 2052739		202.3605	34.6685	4.5835e8	m						CF4
PGC 2086301		165.3167	36.7537	4.5835e8	m						CF4
PGC 2156765		123.1875	39.8579	4.5835e8	m						CF4
PGC 2187020		211.4372	41.7989	4.5835e8	m						CF4
PGC 2235320		126.3725	44.0484	4.5835e8	m						CF4
PGC 2309654		242.946	48.0564	4.5835e8	m						CF4
PGC 2335848		133.9849	49.1863	4.5835e8	m						CF4
PGC 2542927		208.5279	56.6326	4.5835e8	m						CF4
PGC 2549262		203.0466	56.8361	4.5835e8	m						CF4
PGC 2560507		206.081	57.2253	4.5835e8	m						CF4
PGC 2564359		135.6833	57.3864	4.5835e8	m						CF4
PGC 2584733		214.8687	58.957	4.5835e8	m						CF4
PGC 2666870		184.5762	64.32	4.5835e8	m						CF4
PGC 3088398		129.4249	35.9503	4.5835e8	m						CF4
PGC 3112311		157.5568	-0.1226	4.5835e8	m						CF4
PGC 3124182		195.8556	3.4479	4.5835e8	m						CF4
PGC 3385672		212.6969	59.0054	4.5835e8	m						CF4
PGC 3461056		147.504	10.5056	4.5835e8	m						CF4
PGC 3466582		157.8432	7.9373	4.5835e8	m						CF4
PGC 3470096		166.3195	8.4809	4.5835e8	m						CF4
PGC 3478933		188.9841	9.7831	4.5835e8	m						CF4
PGC 3502122		252.5558	32.1133	4.5835e8	m						CF4
PGC 3523123		124.5081	24.9097	4.5835e8	m						CF4
PGC 3523294		125.2455	7.1404	4.5835e8	m						CF4
PGC 3527129		134.6718	30.5137	4.5835e8	m						CF4
PGC 3536700		157.9504	40.2269	4.5835e8	m						CF4
PGC 3543701		172.5374	13.3635	4.5835e8	m						CF4
PGC 3553188		196.8396	45.1202	4.5835e8	m						CF4
PGC 3558136		210.3414	14.1786	4.5835e8	m						CF4
PGC 3562621		224.5151	34.1918	4.5835e8	m						CF4
PGC 3728824		124.5637	16.4025	4.5835e8	m						CF4
PGC 3734192		132.0948	24.6536	4.5835e8	m						CF4
PGC 3734707		132.7366	42.8047	4.5835e8	m						CF4
PGC 3740817		139.9575	16.0529	4.5835e8	m						CF4
PGC 3759311		160.6064	15.8123	4.5835e8	m						CF4
PGC 3787475		185.5267	7.8395	4.5835e8	m						CF4
PGC 3799149		194.3349	14.602	4.5835e8	m						CF4
PGC 3811611		204.9663	5.8868	4.5835e8	m						CF4
PGC 3829103		218.6051	14.1733	4.5835e8	m						CF4
PGC 3836690		223.8759	34.2315	4.5835e8	m						CF4
PGC 3841835		228.0188	6.0469	4.5835e8	m						CF4
PGC 3845126		230.4245	30.5858	4.5835e8	m						CF4
PGC 3849414		233.7767	12.6191	4.5835e8	m						CF4
PGC 3862801		244.1907	26.9213	4.5835e8	m						CF4
PGC 3869647		249.6144	54.9188	4.5835e8	m						CF4
PGC 4273218		169.5074	23.2895	4.5835e8	m						CF4
PGC 4570232		158.4867	28.9807	4.5835e8	m						CF4
PGC 5090806		126.3309	9.2927	4.5835e8	m						CF4
PGC 95635		202.6776	-1.8565	4.6047e8	m						CF4
PGC 1116845		200.7189	-1.5149	4.6047e8	m						CF4
PGC 1139297		165.9588	-0.6016	4.6047e8	m						CF4
PGC 1146500		150.2279	-0.3105	4.6047e8	m						CF4
PGC 1213530		182.091	2.0243	4.6047e8	m						CF4
PGC 1237386		232.9246	2.7852	4.6047e8	m						CF4
PGC 1247698		210.1736	3.2223	4.6047e8	m						CF4
PGC 1254613		147.9474	3.5653	4.6047e8	m						CF4
PGC 1272390		228.2403	4.728	4.6047e8	m						CF4
PGC 1309833		198.5346	6.906	4.6047e8	m						CF4
PGC 1340931		212.6245	8.1793	4.6047e8	m						CF4
PGC 1342471		146.7101	8.239	4.6047e8	m						CF4
PGC 1354078		201.0651	8.8085	4.6047e8	m						CF4
PGC 1392193		127.2402	11.3427	4.6047e8	m						CF4
PGC 1392681		134.9903	11.377	4.6047e8	m						CF4
PGC 1394914		249.5344	11.5256	4.6047e8	m						CF4
PGC 1400297		150.0771	11.886	4.6047e8	m						CF4
PGC 1407792		170.8058	12.3411	4.6047e8	m						CF4
PGC 1407916		177.7646	12.3489	4.6047e8	m						CF4
PGC 1416320		211.7479	12.794	4.6047e8	m						CF4
PGC 1428211		159.2369	13.3251	4.6047e8	m						CF4
PGC 1441402		218.6142	13.8184	4.6047e8	m						CF4
PGC 1453719		199.5625	14.2656	4.6047e8	m						CF4
PGC 1495242		208.6812	15.8699	4.6047e8	m						CF4
PGC 1526184		168.575	17.1647	4.6047e8	m						CF4
PGC 1600968		229.9302	19.664	4.6047e8	m						CF4
PGC 1717813		130.3944	24.8385	4.6047e8	m						CF4
PGC 1799457		115.352	27.1578	4.6047e8	m						CF4
PGC 1800400		170.9265	27.1886	4.6047e8	m						CF4
PGC 1852743		232.1311	29.0046	4.6047e8	m						CF4
PGC 1878746		122.8055	29.8033	4.6047e8	m						CF4
PGC 1882463		245.2554	29.9029	4.6047e8	m						CF4
PGC 1909695		134.287	30.5873	4.6047e8	m						CF4
PGC 1911689		235.0286	30.6378	4.6047e8	m						CF4
PGC 1913179		209.0439	30.6738	4.6047e8	m						CF4
PGC 1917012		121.2366	30.7646	4.6047e8	m						CF4
PGC 2006960		237.0993	32.6598	4.6047e8	m						CF4
PGC 2099384		256.3401	37.3801	4.6047e8	m						CF4
PGC 2133888		157.8616	38.6881	4.6047e8	m						CF4
PGC 2146336		136.5957	39.2522	4.6047e8	m						CF4
PGC 2212110		202.6719	43.0614	4.6047e8	m						CF4
PGC 2276776		134.0731	46.18	4.6047e8	m						CF4
PGC 2284192		138.3718	46.6142	4.6047e8	m						CF4
PGC 2387195		131.5834	51.0345	4.6047e8	m						CF4
PGC 2396061		181.531	51.559	4.6047e8	m						CF4
PGC 2461556		238.8011	54.1615	4.6047e8	m						CF4
PGC 2652525		140.1711	63.2607	4.6047e8	m						CF4
PGC 2661336		205.3124	63.8156	4.6047e8	m						CF4
PGC 2799272		228.7905	4.3496	4.6047e8	m						CF4
PGC 3089609		224.0722	24.7475	4.6047e8	m						CF4
PGC 3133488		128.8082	52.6271	4.6047e8	m						CF4
PGC 3410635		199.911	58.9632	4.6047e8	m						CF4
PGC 3413384		259.8381	29.0001	4.6047e8	m						CF4
PGC 3445439		120.3417	23.8515	4.6047e8	m						CF4
PGC 3458281		142.5217	5.5987	4.6047e8	m						CF4
PGC 3482677		204.2584	43.3142	4.6047e8	m						CF4
PGC 3493657		235.0182	33.7847	4.6047e8	m						CF4
PGC 3494660		238.7712	27.456	4.6047e8	m						CF4
PGC 3494873		239.1855	45.5552	4.6047e8	m						CF4
PGC 3501041		249.7354	34.4549	4.6047e8	m						CF4
PGC 3533986		153.1368	12.4693	4.6047e8	m						CF4
PGC 3548249		182.032	47.5186	4.6047e8	m						CF4
PGC 3555212		200.2911	12.0828	4.6047e8	m						CF4
PGC 3555434		200.7961	11.2826	4.6047e8	m						CF4
PGC 3730160		126.3327	17.4821	4.6047e8	m						CF4
PGC 3735896		134.2731	26.9107	4.6047e8	m						CF4
PGC 3788221		186.0627	27.4233	4.6047e8	m						CF4
PGC 3799525		194.5824	29.8487	4.6047e8	m						CF4
PGC 3832702		221.0294	47.7385	4.6047e8	m						CF4
PGC 3832751		221.0722	22.3585	4.6047e8	m						CF4
PGC 3848712		233.2008	2.1273	4.6047e8	m						CF4
PGC 3856012		238.6523	17.606	4.6047e8	m						CF4
PGC 3866517		247.2551	19.7514	4.6047e8	m						CF4
PGC 3867728		248.2181	21.4034	4.6047e8	m						CF4
PGC 5082882		183.8616	23.6609	4.6047e8	m						CF4
PGC 87461		175.9159	7.5	4.6259e8	m						CF4
PGC 93762		209.5898	28.022	4.6259e8	m						CF4
PGC 94716		208.2924	4.9939	4.6259e8	m						CF4
PGC 183028		181.7531	1.4974	4.6259e8	m						CF4
PGC 1086443		201.4347	-2.6419	4.6259e8	m						CF4
PGC 1111092		192.1885	-1.7496	4.6259e8	m						CF4
PGC 1136055		179.7456	-0.7344	4.6259e8	m						CF4
PGC 1184224		207.4966	1.0898	4.6259e8	m						CF4
PGC 1190800		160.9224	1.3058	4.6259e8	m						CF4
PGC 1215601		203.5649	2.0887	4.6259e8	m						CF4
PGC 1223753		171.4503	2.3393	4.6259e8	m						CF4
PGC 1230824		173.5377	2.5627	4.6259e8	m						CF4
PGC 1235659		168.5718	2.7231	4.6259e8	m						CF4
PGC 1240735		149.2066	2.9142	4.6259e8	m						CF4
PGC 1257811		221.9034	3.7451	4.6259e8	m						CF4
