NGC 5124	ESO 444-027|MCG -05-32-009|PGC 46902	201.2096	-30.3076	5.2143e7	m	E	2.48	0.8	12	13.08	CF4
NGC 4832	ESO 323-051|MCG -06-29-001|PGC 44361	194.44804	-39.76169	5.2198e7	z	S0	2.14	1.48	35	13.32	redshift
IC 5116	ESO 075-018|PGC 67055	324.27292	-70.98256	5.2202e7	z	SBbc	1.48	1.26	34	13.9	redshift
IC 4913	ESO 399-005|MCG -06-43-013|PGC 63850	299.1985	-37.32836	5.2207e7	z	E-S0	1.57	1.07	127	13.98	redshift
NGC 454 NED02	PGC 4468	18.60388	-55.39708	5.222e7	z	S0	1.93	0.81	81	13.14	redshift
IC 4704	ESO 071-011|PGC 61906	276.9735	-71.60986	5.2258e7	z	E-S0	2.7	1.99	165	13.09	redshift
IC 4919	ESO 185-043|PGC 63956	300.0389	-55.3728	5.2312e7	m	Sd	1.36	0.92	36	15.04	CF4
NGC 6959	PGC 65369	311.78017	0.43019	5.2335e7	z	S0	0.5	0.34	63	14.74	redshift
NGC 353	MCG +00-03-058|PGC 3714|UGC 641	15.6022	-1.9586	5.236e7	m	SBab	1.26	0.46	23	14.63	CF4
IC 2132	MCG -02-15-002|PGC 17415	83.1191	-13.927	5.236e7	m	SABa	1.88	0.62	175	14.15	CF4
IC 454	MCG +02-18-002|PGC 19725|UGC 3570	102.7761	12.922	5.236e7	m	SBab	1.69	0.88	138	14.5	CF4
NGC 5965	MCG +10-22-020|PGC 55459|UGC 9914	233.5095	56.6858	5.236e7	m	SABb	5.08	0.78	52	12.67	CF4
NGC 529	MCG +06-04-019|PGC 5299|UGC 995	21.4179	34.7129	5.2384e7	m	E-S0	2.22	1.96	162	13.13	CF4
NGC 1282	MCG +07-07-068|PGC 12471|UGC 2675	50.0508	41.3669	5.2384e7	m	E	1.39	1.07	27	13.87	CF4
IC 2253	MCG +04-20-011|PGC 23204	124.1412	21.4099	5.2384e7	m	S0	0.95	0.58	168	14.7	CF4
IC 4219	ESO 444-006|MCG -05-31-044|PGC 46363	199.62392	-31.63089	5.2399e7	z	SBb	1.12	0.97	114	13.59	redshift
NGC 2646	MCG +12-09-019|PGC 24838|UGC 4604	132.59188	73.46308	5.2429e7	z	S0	1.47	1.05	47	13.15	redshift
IC 4497	MCG +05-35-009|PGC 52636	221.08692	28.55103	5.2464e7	z	E	0.84	0.81	134	15.23	redshift
NGC 4776	MCG -01-33-036|PGC 43754	193.26858	-9.19992	5.2477e7	z	S0	1.96	1.08	65	14.03	redshift
NGC 1167	MCG +06-07-033|PGC 11425|UGC 2487	45.4266	35.2057	5.2505e7	m	S0	1.82	1.38	70	13.46	CF4
NGC 3282	ESO 568-016|MCG -04-25-013|PGC 31129	158.09133	-22.30228	5.2524e7	z	S0	1.77	0.65	81	14.06	redshift
IC 1601	ESO 474-044|MCG -04-03-032|PGC 3287	13.89517	-24.15339	5.2558e7	z	Sbc	0.92	0.44	116	14.47	redshift
NGC 1060	MCG +05-07-035|PGC 10302|UGC 2191	40.8128	32.4249	5.2578e7	m	E-S0	2.36	1.75	77	13.01	CF4
NGC 2416	MCG +02-20-002|PGC 21358|UGC 3925	113.9224	11.6117	5.2602e7	m	Sc	0.87	0.18	95	14.26	CF4
NGC 5395	MCG +06-31-034|PGC 49747|UGC 8900	209.6581	37.4245	5.2602e7	m	SABb	2.49	1.16	171	12.28	CF4
NGC 1286	MCG -01-09-025|PGC 12250	49.4521	-7.6169	5.2626e7	m	S0	0.98	0.79	154	14.74	CF4
IC 2205	PGC 21773	116.7273	26.8723	5.2626e7	m	E	0.71	0.35	52	14.98	CF4
NGC 4264	MCG +01-32-001|PGC 39687|UGC 7364	184.899	5.8468	5.2626e7	m	S0-a	0.86	0.67	110	13.67	CF4
IC 4842	ESO 141-052|PGC 63065	289.8522	-60.6442	5.2626e7	m	E	2.22	1.14	21	13.44	CF4
NGC 7623	MCG +01-59-056|PGC 71132|UGC 12526	350.1249	8.3957	5.2626e7	m	S0	1.34	0.95	180	13.85	CF4
NGC 4785	ESO 219-004|PGC 43791	193.36387	-48.74919	5.2674e7	z	SBb	2.04	0.97	80	13.2	redshift
IC 4584	ESO 100-004|PGC 56627	240.05108	-66.38328	5.2712e7	z	Sc	1.96	1.64	90	15.78	redshift
NGC 1418	MCG -01-10-022|PGC 13606	55.5673	-4.7307	5.2723e7	m	SBb	1.14	0.65	7	14.44	CF4
IC 2597	ESO 501-058|MCG -04-25-051|PGC 31586	159.4473	-27.0813	5.2723e7	m	E	2.62	1.73	8	12.92	CF4
IC 5008	ESO 047-001|PGC 64929	308.18763	-72.69472	5.2751e7	z	SBd	1.19	0.33	77	15.59	redshift
NGC 2629	MCG +12-09-010|PGC 24682|UGC 4569	131.81592	72.98564	5.2759e7	z	E-S0	1.97	1.42	100	13.31	redshift
NGC 6935	ESO 234-059|PGC 65112	309.5842	-52.1106	5.2772e7	m	SABa	2.18	1.91	14	12.82	CF4
NGC 3497	ESO 570-006|MCG -03-28-037|PGC 33667	166.82529	-19.47156	5.2772e7	z	S0	2.58	1.56	57	13.01	redshift
IC 2586	ESO 436-030|MCG -05-25-008|PGC 31025	157.76	-28.71664	5.2828e7	z	E	1.53	1.19	85	13.56	redshift
IC 1809	MCG +04-07-004|PGC 9616|UGC 1996	37.9181	22.9172	5.2845e7	m	SBab	0.85	0.51	50	14.96	CF4
IC 2327	MCG +01-22-002|PGC 23447|UGC 4356	125.3666	3.1693	5.2845e7	m	SABa	1.21	0.39	169	13.95	CF4
IC 3740	PGC 42995	191.3775	20.816	5.2845e7	m	Sc	0.64	0.29	7	15.57	CF4
NGC 5403	MCG +06-31-041|PGC 49820|UGC 8919	209.9614	38.1824	5.2845e7	m	SBb	2.75	0.89	143	14.65	CF4
IC 4764	ESO 104-004|PGC 62396	281.78154	-63.48456	5.2845e7	z	Sa	1.42	0.41	126	14.79	redshift
NGC 3660	MCG -01-29-016|PGC 34980	170.8845	-8.65856	5.2849e7	z	Sbc	2.56	2.17	105	12.99	redshift
NGC 1710	MCG -03-13-037|PGC 16396	74.3212	-15.289	5.2869e7	m	E-S0	1.61	1.26	19	14.5	CF4
NGC 4292	MCG +01-32-016|PGC 39922|UGC 7404	185.3187	4.5956	5.2869e7	m	S0	1.6	1.11	10	13.09	CF4
NGC 4786	MCG -01-33-046|PGC 43922	193.635	-6.8595	5.2869e7	m	E	1.98	1.51	171	12.71	CF4
IC 1496	MCG -01-59-029|PGC 71634	352.7231	-2.9345	5.2869e7	m	S0-a	1.65	1.22	65	14.41	CF4
NGC 1550	MCG +00-11-055|PGC 14880|UGC 3012	64.90804	2.40947	5.2888e7	z	E	1.73	1.54	28	13.17	redshift
NGC 1587	MCG +00-12-035|PGC 15332|UGC 3063	67.66642	0.66158	5.2892e7	z	E	2.08	1.48	73	12.72	redshift
NGC 5211	MCG +00-35-009|PGC 47709|UGC 8530	203.27225	-1.03581	5.2892e7	z	Sab	2	1.55	30	13.69	redshift
NGC 6812	ESO 185-015|PGC 63625	296.3508	-55.3469	5.2918e7	m	S0	1.75	1.12	87	13.57	CF4
NGC 6932	ESO 047-008|PGC 65219	310.53575	-73.61936	5.2943e7	z	S0-a	2.45	1.44	105	13.3	redshift
IC 4585	ESO 100-005|PGC 56630	240.0735	-66.32228	5.2956e7	z	SBb	1.58	0.76	56	13.02	redshift
NGC 7470	ESO 239-009|PGC 70431	346.30858	-50.11158	5.2986e7	z	Sbc	1.55	1.02	93	13.73	redshift
NGC 5234	ESO 220-024|PGC 48129	204.37475	-49.83692	5.3003e7	z	S0-a	1.51	0.87	46	13.98	redshift
NGC 3836 NED02	MCG -03-30-010 NED02|PGC 36445	175.87433	-16.79647	5.3012e7	z	Sc	1.2	0.93	138	13.7	redshift
NGC 1122	MCG +07-06-083|PGC 10890|UGC 2353	43.213	42.2051	5.3015e7	m	SABb	1.35	0.64	32	12.93	CF4
NGC 1200	MCG -02-08-043|PGC 11545	45.9771	-11.9916	5.3015e7	m	E-S0	2.91	1.88	84	13.8	CF4
NGC 2523C	MCG +12-08-032|PGC 23247|UGC 4290	124.43454	73.31761	5.3059e7	z	E	1.49	0.87	92	14.2	redshift
NGC 7557	MCG +01-59-021|PGC 70854	348.91571	6.70833	5.3059e7	z	S0	0.68	0.62	163	15.18	redshift
NGC 2916	MCG +04-23-011|PGC 27244|UGC 5103	143.74	21.70528	5.3063e7	z	Sb	2.4	1.59	16	12.74	redshift
IC 2594	ESO 501-028|MCG -04-25-028|PGC 31405	159.01737	-24.32308	5.3072e7	z	E-S0	1.66	1.39	112	13.48	redshift
NGC 7683	MCG +02-59-048|PGC 71565|UGC 12623	352.26592	11.44517	5.3072e7	z	S0	1.97	0.94	140	13.62	redshift
IC 499	MCG +14-04-054|PGC 24602|UGC 4463	131.3205	85.7399	5.3088e7	m	Sa	1.88	0.9	77	13.83	CF4
NGC 4165	MCG +02-31-045 NED01|PGC 38885|UGC 7201	183.049	13.2464	5.3088e7	m	SABa	1.24	0.67	161	14.32	CF4
IC 3799	MCG -02-33-011|PGC 43313	192.2485	-14.3992	5.3088e7	m	SBcd	2.77	0.38	32	14.5	CF4
NGC 6361	MCG +10-25-004|PGC 60045|UGC 10815	259.6713	60.6081	5.3088e7	m	Sb	2.06	0.56	52	13.8	CF4
NGC 6961	PGC 65372	311.79379	0.36328	5.3106e7	z	E	0.76	0.73	150	15.12	redshift
NGC 1719	MCG +00-13-060|PGC 16501|UGC 3226	74.894	-0.2605	5.3113e7	m	Sa	1.09	0.38	101	14.44	CF4
NGC 3967	MCG -01-30-047|PGC 37398	178.7934	-7.8437	5.3113e7	m	E-S0	1.28	1.01	108	14.42	CF4
NGC 4878	MCG -01-33-064|PGC 44747	195.0842	-6.1038	5.3113e7	m	S0-a	1.53	1.43	70	13.96	CF4
NGC 6824	MCG +09-32-012|PGC 63575|UGC 11470	295.9194	56.1094	5.3113e7	m	Sab	1.91	1.39	53	12.95	CF4
NGC 6392	ESO 070-012|PGC 60753	265.87654	-69.78519	5.3145e7	z	SABa	1.94	1.71	60	13.04	redshift
NGC 5735	MCG +05-35-007|PGC 52535|UGC 9481	220.6385	28.72644	5.3192e7	z	Sbc	2	1.47	51	13.66	redshift
NGC 5091	ESO 270-004|MCG -07-27-055|PGC 46626	200.32383	-43.71967	5.32e7	z	Sb	2.15	1.33	122	13.85	redshift
NGC 2723	MCG +01-23-017|PGC 25280|UGC 4723	135.05983	3.17775	5.3235e7	z	S0	1.14	1.04	65	14.28	redshift
NGC 5410	MCG +07-29-034|PGC 49893|UGC 8931	210.22754	40.98861	5.3235e7	z	Sc	1.15	0.65	63	14.14	redshift
NGC 2476	MCG +07-17-003|PGC 22260|UGC 4106	119.18825	39.92789	5.3286e7	z	E	1.26	0.68	143	13.55	redshift
NGC 3313	ESO 501-050|MCG -04-25-044|PGC 31551	159.35604	-25.31944	5.3286e7	z	Sab	2.96	2.02	110	12.53	redshift
NGC 3267	ESO 375-042|MCG -06-23-036|PGC 30934	157.45246	-35.32239	5.3316e7	z	S0	1.55	0.73	155	13.47	redshift
NGC 4696B	ESO 322-081|MCG -07-26-045|PGC 43155	191.8404	-41.2376	5.3358e7	m	E-S0	1.33	0.81	40	13.79	CF4
NGC 6964	MCG +00-53-005|PGC 65379|UGC 11629	311.8512	0.3009	5.3358e7	m	E	1.68	1.26	165	13.96	CF4
NGC 7123	ESO 075-027|PGC 67466	327.69429	-70.33414	5.3359e7	z	Sa	2.63	1.12	145	13.3	redshift
NGC 7637	ESO 012-001|PGC 71440	351.61525	-81.91158	5.3389e7	z	Sc	2.08	1.83	5	13.25	redshift
IC 4939	ESO 143-008|PGC 64131	301.796	-60.73881	5.3393e7	z	Sc	0.74	0.44	148	15.09	redshift
NGC 1723	MCG -02-13-029|PGC 16493	74.85787	-10.98069	5.3397e7	z	Sa	3.03	1.88	68	12.71	redshift
IC 1791	MCG +02-06-056|PGC 8758|UGC 1764	34.42225	12.47061	5.3492e7	z	S0	1.09	1.08	95	14.54	redshift
NGC 5698	MCG +07-30-038|PGC 52251|UGC 9419	219.3113	38.4542	5.3506e7	m	Sb	1.73	0.74	61	14.01	CF4
NGC 3529	ESO 570-007|MCG -03-28-038|PGC 33671	166.82967	-19.55564	5.3556e7	z	SBb	1.11	0.92	104	14.07	redshift
NGC 7633	ESO 077-015|PGC 71274	350.76375	-67.65372	5.3556e7	z	S0-a	2.2	1.34	85	13.64	redshift
NGC 1417	MCG -01-10-021|PGC 13584	55.4892	-4.7048	5.358e7	m	SABb	2.52	1.35	2	12.81	CF4
NGC 4979	MCG +04-31-007|PGC 45484|UGC 8209	196.9286	24.8105	5.358e7	m	Sb	0.86	0.74	102	15.07	CF4
NGC 5351	MCG +06-31-008|PGC 49359|UGC 8809	208.3656	37.9147	5.358e7	m	SBb	2.43	1.31	101	13.08	CF4
NGC 6292	MCG +10-24-093|PGC 59498|UGC 10684	255.7644	61.0439	5.358e7	m	SABb	1.32	0.63	102	14.32	CF4
IC 5220	ESO 146-025|PGC 68925	337.0113	-59.7234	5.358e7	m	Sc	1.19	0.37	112	15.09	CF4
IC 4712	ESO 071-014|PGC 61981	277.77883	-71.69367	5.3629e7	z	Sbc	1.99	1.17	61	13.01	redshift
NGC 239	MCG -01-03-007|PGC 2642	11.15629	-3.75925	5.3629e7	z	Sab	0.94	0.37	10	14.28	redshift
IC 366	PGC 14887	64.92308	2.35981	5.371e7	z	E	0.34	0.2	20	15.66	redshift
NGC 3271	ESO 375-048|MCG -06-23-044|PGC 30988	157.61037	-35.3595	5.3723e7	z	S0	3.01	1.67	109	12.82	redshift
NGC 3042	MCG +00-25-030|PGC 28498|UGC 5307	148.33425	0.69769	5.3749e7	z	S0-a	1.02	0.74	110	13.97	redshift
NGC 968	MCG +06-06-056|PGC 9779|UGC 2040	38.52587	34.47989	5.3791e7	z	E	1.2	0.45	49	13.74	redshift
NGC 5990	MCG +01-40-014|PGC 55993|UGC 10024	236.56817	2.41542	5.3791e7	z	SABa	1.59	0.95	107	13.01	redshift
IC 3883	MCG -01-33-049|PGC 44016	193.80633	-8.11975	5.38e7	z	Sb	1.09	0.54	11	14.18	redshift
NGC 237	MCG +00-02-136|PGC 2597|UGC 461	10.8659	-0.125	5.3827e7	m	SABc	1.3	0.8	174	13.73	CF4
IC 209	MCG -01-06-051|PGC 8200	32.2446	-7.0589	5.3827e7	m	SBbc	1.51	1.03	82	13.8	CF4
IC 2461	MCG +06-21-019|PGC 26390|UGC 4943	139.9918	37.1912	5.3827e7	m	Sb	2.41	0.51	143	14.77	CF4
NGC 6967	MCG +00-53-006|PGC 65385|UGC 11630	311.89208	0.41161	5.3834e7	z	S0-a	1.19	0.71	95	14.02	redshift
NGC 1670	MCG +00-13-016|PGC 16107	72.4276	-2.7605	5.3852e7	m	S0	1.61	0.78	68	13.95	CF4
IC 3007	PGC 38486	181.8781	31.3482	5.3852e7	m	E	0.69	0.42	75	15.55	CF4
NGC 4794	MCG -02-33-060|PGC 44012	193.7938	-12.6082	5.3852e7	m	Sa	1.12	0.51	151	14.6	CF4
NGC 3393	ESO 501-100|MCG -04-26-011|PGC 32300	162.09775	-25.16206	5.3856e7	z	SBa	1.95	1.7	13	13.04	redshift
NGC 270	MCG -02-03-027|PGC 2938	12.6355	-8.65164	5.3916e7	z	S0-a	1.77	1.24	29	13.78	redshift
NGC 2692	MCG +09-15-057|PGC 25142|UGC 4675	134.24171	52.06594	5.392e7	z	Sab	1.25	0.55	163	13.96	redshift
NGC 5732	MCG +07-30-048|PGC 52438|UGC 9467	220.16229	38.63781	5.392e7	z	Sbc	1.23	0.65	42	14.34	redshift
NGC 3369	ESO 501-095|MCG -04-26-009|PGC 32191	161.68604	-25.24444	5.3924e7	z	E-S0	0.72	0.54	118	14.67	redshift
NGC 5401	MCG +06-31-040|PGC 49810|UGC 8916	209.93096	36.23811	5.3941e7	z	SABa	1.46	0.31	81	14.46	redshift
NGC 6945	MCG -01-52-015|PGC 65132	309.75258	-4.97258	5.3941e7	z	E-S0	1.58	1.01	121	15.2	redshift
NGC 3565	ESO 570-008|PGC 33701	166.94854	-20.02156	5.4014e7	z	E-S0	0.68	0.52	126	15.43	redshift
NGC 2554	MCG +04-20-015|PGC 23256|UGC 4312	124.4727	23.4723	5.4026e7	m	S0-a	2.04	1.31	154	12.95	CF4
IC 5024	ESO 074-003|PGC 65160	310.03975	-71.10769	5.4048e7	z		0.98	0.71	17	14.93	redshift
NGC 769	MCG +05-05-037|PGC 7537|UGC 1467	29.9	30.9099	5.4075e7	m	Sc	0.85	0.49	70	13.36	CF4
NGC 992	MCG +03-07-035|PGC 9938|UGC 2103	39.3562	21.1008	5.4075e7	m	SBc	0.79	0.59	8	15.53	CF4
NGC 2523B	MCG +12-08-030|PGC 23025|UGC 4259	123.2379	73.5632	5.4075e7	m	Sb	1.87	0.25	91	14.7	CF4
NGC 3902	MCG +04-28-055|PGC 36923|UGC 6790	177.3282	26.1215	5.4075e7	m	SABb	1.27	0.82	89	13.99	CF4
IC 903	MCG +00-35-013|PGC 48207|UGC 8625	204.6087	-0.2276	5.4075e7	m	Sab	1.64	0.62	178	14.3	CF4
IC 967	MCG +03-36-015|PGC 49721	209.5953	14.4572	5.4075e7	m	Sa	0.97	0.42	26	14.7	CF4
IC 1447	MCG -01-57-014|PGC 68996	337.4991	-5.1199	5.4075e7	m	Sb	1.48	0.77	95	13.71	CF4
IC 1013	PGC 214272	216.9952	25.8664	5.4075e7	m	Scd	0.95	0.44	136	16.62	CF4
NGC 1728	MCG -02-13-030|PGC 16495	74.86554	-11.12294	5.41e7	z	Sa	1.24	0.8	179	13	redshift
IC 4718	ESO 140-026|PGC 62048	278.459	-60.12911	5.413e7	z	Sab	1.67	0.8	116	13.8	redshift
NGC 1593	MCG +00-12-044|PGC 15447|UGC 3082	68.0255	0.56736	5.4134e7	z	S0	1.36	0.57	129	14.74	redshift
NGC 4169	MCG +05-29-032|PGC 38892|UGC 7202	183.07825	29.17942	5.4134e7	z	S0	1.64	0.81	151	13.15	redshift
IC 1562	ESO 474-009|MCG -04-02-030|PGC 2308	9.6415	-24.27406	5.4168e7	z	SBc	1.5	1.41	49	13.6	redshift
IC 4828	ESO 141-036|PGC 62930	288.41954	-62.08261	5.4172e7	z	Sbc	1.13	0.51	68	14.78	redshift
NGC 3307	ESO 501-031|MCG -04-25-029|PGC 31430	159.07154	-27.52975	5.4177e7	z	S0-a	0.95	0.32	28	15.38	redshift
NGC 2415	MCG +06-17-021|PGC 21399|UGC 3930	114.23621	35.24197	5.4215e7	z	Sm	0.83	0.83	5	12.55	redshift
IC 2174	MCG +13-06-002|PGC 20252|UGC 3666	107.27338	75.35303	5.422e7	z	SBa	0.78	0.78	125	14.39	redshift
NGC 6706	ESO 104-024|PGC 62596	284.21267	-63.16622	5.4284e7	z	E-S0	1.7	0.77	124	14.03	redshift
NGC 296	MCG +05-03-024|PGC 3260|UGC 562	13.7815	31.5422	5.4325e7	m	Sb	2.23	0.88	164	13.09	CF4
NGC 2470	MCG +01-20-009|PGC 22137|UGC 4091	118.5863	4.4597	5.4325e7	m	Sab	1.95	0.6	127	13.63	CF4
NGC 3815	MCG +04-28-025|PGC 36288|UGC 6654	175.4136	24.8004	5.4325e7	m	Sab	1.44	0.77	70	14.08	CF4
IC 3136	MCG +01-31-048|PGC 39601|UGC 7349	184.7389	6.1844	5.4325e7	m	SBc	1.22	0.46	33	14.89	CF4
IC 4950	ESO 185-070|PGC 64159	302.1141	-56.1618	5.4325e7	m	SBbc	1.38	0.38	39	15.19	CF4
NGC 7593	MCG +02-59-020|PGC 70981|UGC 12483	349.4874	11.3491	5.4325e7	m	Sb	1.04	0.6	103	14.15	CF4
NGC 4622	ESO 322-057|MCG -07-26-031|PGC 42701	190.6567	-40.7442	5.435e7	m	Sa	1.81	1.56	9	13.98	CF4
NGC 7736	ESO 606-005|MCG -03-60-010|PGC 72173	355.6076	-19.4522	5.435e7	m	S0	1.66	1.5	77	13.88	CF4
IC 449	MCG +12-07-014|PGC 19554|UGC 3515	101.42129	71.34383	5.4357e7	z	E	1.77	1.34	83	13.65	redshift
NGC 6769	ESO 141-048|PGC 63042	289.5945	-60.50108	5.4387e7	z	SABb	2.86	2.19	120	12.57	redshift
NGC 4253	MCG +05-29-051|PGC 39525|UGC 7344	184.61046	29.81286	5.4434e7	z	SBa	0.89	0.64	73	13.72	redshift
NGC 1628	MCG -01-12-039|PGC 15674	69.4013	-4.7148	5.445e7	m	Sb	1.91	0.43	6	14.24	CF4
IC 4753	ESO 140-041|PGC 62319	280.88592	-62.10794	5.4455e7	z	E	0.87	0.74	7	13.82	redshift
IC 5252	ESO 076-025|PGC 69744	342.03746	-68.90286	5.4485e7	z	SBbc	1.34	0.77	173	13.76	redshift
NGC 2765	MCG +01-24-001|PGC 25646|UGC 4791	136.9027	3.3929	5.45e7	m	S0	2.74	0.93	105	13.18	CF4
NGC 2673	MCG +03-23-011|PGC 24792|UGC 4620	132.35058	19.07419	5.4519e7	z	E	1.23	0.81	167	14.04	redshift
NGC 1811	ESO 422-037|MCG -05-13-008|PGC 16811	77.17808	-29.27597	5.4541e7	z	Sa	1.73	0.42	60	14.48	redshift
NGC 6776A	ESO 104-052|PGC 63181	291.27242	-63.68344	5.4541e7	z	SBc	1.44	0.36	83	14.86	redshift
NGC 944	MCG -03-07-016|PGC 9300	36.67304	-14.51564	5.4562e7	z	S0-a	1.01	0.37	18	15	redshift
NGC 5215A	ESO 383-028|MCG -05-32-040|PGC 47883	203.77775	-33.481	5.4575e7	z	S0	1.57	0.35	135	14.14	redshift
NGC 6719	ESO 072-008|PGC 62710	285.78121	-68.58836	5.4575e7	z	SBc	1.66	0.84	109	13.5	redshift
IC 176	MCG +00-06-004|PGC 7306|UGC 1426	29.2221	-2.0191	5.4576e7	m	Sc	1.78	0.38	94	14.9	CF4
NGC 1185	MCG -02-08-041|PGC 11488	45.7479	-9.1321	5.4576e7	m	SBb	1.36	0.4	30	14.46	CF4
NGC 5183	MCG +00-34-039|PGC 47432|UGC 8485	202.5255	-1.7206	5.4576e7	m	Sb	1.72	0.6	118	13.66	CF4
NGC 6897	MCG -02-52-001|PGC 64513	305.2552	-12.2549	5.4576e7	m	Sbc	0.94	0.6	39	14.57	CF4
NGC 50	MCG -01-01-058|PGC 983	3.686	-7.3452	5.4601e7	m	E-S0	2.04	1.17	154	12.79	CF4
IC 1648	PGC 4417	18.4256	33.2181	5.4601e7	m	S0	0.4	0.4	155	15.14	CF4
NGC 499	MCG +05-04-038|PGC 5060|UGC 926	20.7981	33.4604	5.4601e7	m	E-S0	1.68	1.05	77	13.32	CF4
NGC 2730	MCG +03-23-028|PGC 25384|UGC 4743	135.56596	16.83831	5.4648e7	z	Sd	1.45	0.95	72	13.78	redshift
NGC 6962	MCG +00-53-003|PGC 65375|UGC 11628	311.8295	0.3209	5.4702e7	m	SABa	2.7	2	68	13.01	CF4
NGC 2718	MCG +01-23-015|PGC 25225|UGC 4707	134.71029	6.293	5.4734e7	z	Sab	1.72	1.09	152	13.32	redshift
IC 4830	ESO 141-037|PGC 62934	288.4526	-59.2944	5.4777e7	m	SBbc	1.94	1.45	27	13.21	CF4
IC 4981	ESO 073-038|PGC 64486	304.91333	-70.84853	5.4823e7	z	I	1.07	0.35	136	13.48	redshift
NGC 801	MCG +06-05-079|PGC 7847|UGC 1550	30.9375	38.2589	5.4828e7	m	Sc	2.76	0.59	151	13.94	CF4
NGC 2565	MCG +04-20-026|PGC 23362|UGC 4334	124.9514	22.0314	5.4828e7	m	Sbc	1.67	0.73	166	13.29	CF4
IC 2428	MCG +05-22-001|PGC 25423	135.8112	30.5914	5.4828e7	m	Sc	1.61	0.41	76	14.6	CF4
NGC 4018	MCG +04-28-108|PGC 37699|UGC 6966	179.6695	25.3165	5.4828e7	m	Sab	1.39	0.41	162	14.36	CF4
NGC 2650	MCG +12-09-020|PGC 24817|UGC 4603	132.49312	70.29944	5.4845e7	z	Sb	1.38	0.99	82	14.22	redshift
NGC 114	MCG +00-02-027|PGC 1660|UGC 259	6.7425	-1.7861	5.4853e7	m	S0	0.98	0.75	171	14.69	CF4
NGC 273	MCG -01-03-019|PGC 2959	12.7019	-6.8857	5.4853e7	m	S0	1.96	0.54	105	13.86	CF4
NGC 560	MCG +00-04-151|PGC 5430|UGC 1036	21.8559	-1.913	5.4853e7	m	S0	2.09	0.44	178	13.88	CF4
NGC 1930	ESO 253-004|PGC 17276	81.4869	-46.7283	5.4853e7	m	E-S0	1.97	1.18	36	13.37	CF4
IC 502	PGC 23469	125.5151	8.7526	5.4853e7	m	E	0.56	0.54	62	15.43	CF4
IC 4743	ESO 140-037|PGC 62262	280.3714	-61.7722	5.4853e7	m	S0	0.93	0.52	99	14.99	CF4
IC 1725	PGC 6432	26.29929	21.77656	5.4905e7	z	Sc	0.52	0.45	60	15.3	redshift
NGC 7785	MCG +01-60-049|PGC 72867|UGC 12841	358.82929	5.91583	5.4956e7	z	E	1.95	1.09	142	12.64	redshift
IC 1895	ESO 481-001|MCG -04-08-033|PGC 11807	47.40092	-25.25358	5.4969e7	z	S0-a	1.4	1.05	164	14.18	redshift
NGC 661	MCG +05-05-005|PGC 6376|UGC 1215	26.06092	28.70592	5.4973e7	z	E	1.91	1.4	56	13.17	redshift
NGC 89	ESO 194-011|PGC 1374	5.3515	-48.66531	5.4982e7	z	S0-a	1.24	0.56	140	14.18	redshift
IC 5106	ESO 075-009|PGC 66824	322.15887	-70.83458	5.4986e7	z	E-S0	1.51	1.17	145	13.83	redshift
NGC 838	MCG -02-06-033|PGC 8250	32.41054	-10.14669	5.4991e7	z	S0-a	1.34	0.97	77	13.53	redshift
IC 1317	MCG +00-52-004|PGC 64586|UGC 11546	305.81496	0.66472	5.5016e7	z	E	0.76	0.57	98	14.55	redshift
NGC 2314	MCG +13-06-003|PGC 20305|UGC 3677	107.63563	75.32667	5.5029e7	z	E	1.32	1.03	17	13.12	redshift
NGC 783	MCG +05-05-042|PGC 7657|UGC 1497	30.2775	31.8822	5.503e7	m	Sc	1.38	0.75	63	12.72	CF4
NGC 2638	MCG +06-19-016|PGC 24453|UGC 4534	130.60737	37.22103	5.5033e7	z	S0-a	1.66	0.59	70	13.72	redshift
IC 287		46.24092	-12.07044	5.5055e7	z	Sc	0.81	0.59	9	15.36	redshift
IC 537	MCG -02-24-020|PGC 26717	141.34421	-12.39178	5.5059e7	z	S0-a	1.32	1.22	160	14.15	redshift
NGC 830	MCG -01-06-050|PGC 8201	32.2445	-7.76681	5.5076e7	z	E-S0	1.4	0.82	76	14.35	redshift
NGC 833	MCG -02-06-030|PGC 8225	32.33683	-10.13308	5.5076e7	z	SABa	1.63	0.67	85	13.71	redshift
NGC 217	MCG -02-02-085|PGC 2482	10.3912	-10.0214	5.5081e7	m	SBa	3.2	0.69	113	13.28	CF4
NGC 812	MCG +07-05-014|PGC 8066|UGC 1598	31.7151	44.5716	5.5081e7	m	Sc	2.74	0.97	161	12.67	CF4
IC 255	MCG +03-08-008|PGC 10540	41.7633	16.288	5.5081e7	m	SABb	0.59	0.4	45	15.68	CF4
NGC 4357	MCG +08-23-017|PGC 40296|UGC 7478	185.9952	48.7794	5.5081e7	m	Sbc	3.48	1.27	77	13.44	CF4
NGC 5169	MCG +08-25-004|PGC 47231|UGC 8465	202.0419	46.6721	5.5081e7	m	Sbc	1.51	0.6	104	14.56	CF4
NGC 7621	MCG +01-59-055|PGC 71129	350.10258	8.36631	5.5128e7	z		0.68	0.18	175	15.56	redshift
IC 4893	ESO 046-004|PGC 63726	297.639	-72.51	5.5162e7	z		0.57	0.48	65	15.65	redshift
IC 4312	ESO 220-029|PGC 48384	205.12875	-51.07089	5.5183e7	z	S0	1.21	0.89	75	13.42	redshift
IC 3831	MCG -02-33-027|PGC 43536	192.82746	-14.57358	5.52e7	z	S0	1.5	1.11	138	14.22	redshift
NGC 168	ESO 474-004|MCG -04-02-026|PGC 2192	9.16108	-22.5935	5.52e7	z	S0-a	1.31	0.29	27	14.88	redshift
IC 5335	ESO 077-025|PGC 71846	353.94737	-67.39697	5.5247e7	z	S0	1.11	0.48	137	15.12	redshift
NGC 4888	MCG -01-33-066|PGC 44766	195.15108	-6.07519	5.5247e7	z	Sa	1.55	0.79	107	14.32	redshift
NGC 5140	ESO 382-065|MCG -05-32-016|PGC 47031	201.59054	-33.86847	5.5247e7	z	E-S0	2.36	1.98	47	12.85	redshift
NGC 4131	MCG +05-29-019|PGC 38573|UGC 7126	182.19704	29.30478	5.5269e7	z	S0-a	1.36	0.59	69	14.01	redshift
IC 860	MCG +04-31-015|PGC 46086	198.76471	24.61886	5.529e7	z	SBab	0.96	0.6	19	14.47	redshift
NGC 839	MCG -02-06-034|PGC 8254	32.42888	-10.18408	5.5316e7	z	S0-a	1.49	0.64	86	13.97	redshift
NGC 2575	MCG +04-20-040|PGC 23501|UGC 4368	125.68733	24.29692	5.5333e7	z	Sc	1.37	1.08	129	13.73	redshift
NGC 1680	ESO 203-004|PGC 16058	72.1418	-47.8164	5.5335e7	m	SBbc	1.33	0.54	102	14.46	CF4
IC 2487	MCG +03-24-061|PGC 26966|UGC 5059	142.5384	20.0909	5.5335e7	m	Sb	1.84	0.46	164	14.13	CF4
NGC 7679	MCG +00-59-046|PGC 71554|UGC 12618	352.1945	3.5114	5.5335e7	m	S0-a	1.23	0.78	86	13.38	CF4
NGC 1050	MCG +06-06-078|PGC 10257|UGC 2178	40.64829	34.7635	5.5342e7	z	SBa	1.1	0.81	98	13.44	redshift
NGC 6770	ESO 141-049|PGC 63048	289.6555	-60.49647	5.5372e7	z	Sb	2.39	1.72	33	12.75	redshift
NGC 279	MCG +00-03-019a|PGC 3055|UGC 532	13.03729	-2.21844	5.5376e7	z	S0-a	1.41	1.06	167	13.96	redshift
NGC 1627	MCG -01-12-040|PGC 15675	69.40833	-4.88747	5.541e7	z	Sc	1.65	1.37	150	13.53	redshift
IC 364	PGC 14854	64.77792	3.18894	5.5457e7	z	S0-a	0.78	0.49	72	15.27	redshift
IC 5320	ESO 077-021|PGC 71530	352.09154	-67.76028	5.5462e7	z	S0	0.6	0.55	113	15.18	redshift
NGC 491	ESO 352-053|MCG -06-04-011|PGC 4914	20.33513	-34.06328	5.5487e7	z	SBb	1.35	0.99	95	13.22	redshift
NGC 7671	MCG +02-59-044|PGC 71478|UGC 12602	351.83058	12.46742	5.5504e7	z	S0	1.39	0.74	137	13.79	redshift
NGC 4708	MCG -02-33-016|PGC 43382	192.4228	-11.0931	5.5539e7	m	SABa	1.25	0.91	30	13.92	CF4
NGC 4185	MCG +05-29-038|PGC 38995|UGC 7225	183.3425	28.51097	5.5547e7	z	SBbc	1.85	1.26	165	13.41	redshift
NGC 5614	MCG +06-32-022|PGC 51439|UGC 9226	216.03163	34.85886	5.5547e7	z	Sab	2.43	2	150	12.57	redshift
NGC 496	MCG +05-04-036|PGC 5061|UGC 927	20.7981	33.5289	5.559e7	m	Sbc	0.89	0.33	36	14.3	CF4
NGC 1625	MCG -01-12-038|PGC 15654	69.2763	-3.3031	5.559e7	m	SBb	2.56	0.57	130	13.09	CF4
IC 382	MCG -02-12-049|PGC 15691	69.4815	-9.5192	5.559e7	m	SABc	1.99	1.18	173	13.53	CF4
IC 475	MCG +05-19-005|PGC 21795	116.7885	30.4888	5.559e7	m	Sa	0.75	0.45	133	14.79	CF4
IC 480	PGC 22188|UGC 4096	118.8467	26.7428	5.559e7	m	Sbc	1.75	0.33	167	15.04	CF4
NGC 2772	ESO 497-014|MCG -04-22-002|PGC 25654	136.9245	-23.6212	5.559e7	m	SBb	1.71	1.07	170	14.21	CF4
NGC 5263	MCG +05-32-058|PGC 48333|UGC 8648	204.9818	28.4006	5.559e7	m	Sc	1.14	0.39	26	14.11	CF4
NGC 6801	MCG +09-32-005|PGC 63229|UGC 11443	291.8991	54.3729	5.559e7	m	Sc	1.36	0.71	38	14.72	CF4
NGC 439	ESO 412-018|MCG -05-04-015|PGC 4423	18.447	-31.7473	5.5616e7	m	E-S0	3.38	2.14	156	12.89	CF4
NGC 5445	MCG +06-31-055|PGC 50090|UGC 8976	210.88125	35.02531	5.5629e7	z	S0	1.56	0.56	26	13.91	redshift
NGC 7506	MCG +00-59-005|PGC 70660|UGC 12406	347.92075	-2.16003	5.5629e7	z	S0-a	1.25	0.61	94	14.23	redshift
NGC 1590	MCG +01-12-008|PGC 15368|UGC 3071	67.79258	7.63089	5.5671e7	z	Sc	0.9	0.8	110	14.49	redshift
IC 5014	ESO 047-002|PGC 65015	308.8155	-73.45261	5.5676e7	z		0.77	0.66	102	14.37	redshift
NGC 3	MCG +01-01-037|PGC 565|UGC 58	1.82	8.30164	5.5714e7	z	S0	1.02	0.59	112	14.26	redshift
NGC 731	MCG -02-05-073|PGC 7118	28.73421	-9.01081	5.5719e7	z	E	1.7	1.5	156	13.06	redshift
NGC 7655	ESO 077-018|PGC 71452	351.69142	-68.02753	5.5719e7	z	S0	0.76	0.66	78	14.21	redshift
IC 192	MCG +03-06-025|PGC 7768|UGC 1530	30.63496	16.01417	5.5744e7	z	S0	0.95	0.67	148	14.75	redshift
NGC 5082	ESO 269-089|MCG -07-27-053|PGC 46566	200.16679	-43.69994	5.5787e7	z	S0	1.73	1.04	33	13.79	redshift
IC 183	MCG -01-06-015|PGC 7538	29.89188	-5.34714	5.583e7	z	S0	1.19	0.37	98	14.89	redshift
NGC 251	MCG +03-03-003|PGC 2806|UGC 490	11.9751	19.5968	5.5847e7	m	Sc	1.73	1.02	99	14.21	CF4
NGC 716	MCG +02-05-054|PGC 6982|UGC 1351	28.2488	12.7084	5.5847e7	m	Sa	1.31	0.52	59	14.01	CF4
NGC 841	MCG +06-05-101|PGC 8372|UGC 1676	32.8222	37.4972	5.5847e7	m	Sab	1.74	0.87	134	13.39	CF4
NGC 2258	MCG +12-07-016|PGC 19622|UGC 3523	101.9424	74.4818	5.5847e7	m	S0	3.02	1.91	150	13.01	CF4
IC 3852	MCG +06-28-038|PGC 43750|UGC 8019	193.2642	35.7734	5.5847e7	m	Scd	1.1	0.43	60	16	CF4
IC 1012	MCG +05-34-043|PGC 51600|UGC 9257	216.7896	30.9483	5.5847e7	m	Sb	1.09	0.66	112	14.73	CF4
IC 4808	ESO 282-003|PGC 62686	285.2817	-45.3137	5.5847e7	m	Sc	2.26	0.87	43	12.95	CF4
NGC 1273	MCG +07-07-059|PGC 12396	49.8612	41.5406	5.5873e7	m	S0	0.89	0.7	135	14.28	CF4
NGC 3974	MCG -02-31-001|PGC 37452	178.9171	-12.0274	5.5873e7	m	S0-a	1.18	0.96	170	14.27	CF4
NGC 5130	MCG -02-34-044|PGC 46866	201.1132	-10.2102	5.5873e7	m	S0-a	1.11	0.82	45	14.25	CF4
IC 5324	ESO 077-020|PGC 71526	352.07396	-67.82136	5.5873e7	z	E	1.26	1.12	34	13.83	redshift
NGC 12	MCG +01-01-040|PGC 645|UGC 74	2.18646	4.61253	5.5886e7	z	Sc	1.52	1.21	127	13.84	redshift
NGC 806	MCG -02-06-021|PGC 7835	30.87979	-9.93336	5.5886e7	z	SBc	1.35	0.38	59	14.61	redshift
NGC 3508	MCG -03-28-031|PGC 33362	165.74863	-16.28944	5.5886e7	z	Sb	1	0.8	23	13.38	redshift
NGC 1812	ESO 422-039|MCG -05-13-009|PGC 16819	77.22046	-29.25125	5.5928e7	z	Sa	1.27	0.86	7	13.7	redshift
NGC 1694	MCG -01-13-035a|PGC 16335	73.82008	-4.65267	5.5933e7	z	S0-a	1.18	0.73	31	15.01	redshift
NGC 2528	MCG +07-17-015|PGC 22805|UGC 4227	121.85346	39.19447	5.5933e7	z	SABb	1.39	1.24	86	13.46	redshift
NGC 4247	MCG +01-31-042|PGC 39480	184.492	7.27394	5.5933e7	z	SABa	0.99	0.84	43	14.79	redshift
NGC 1753	MCG -01-13-048|PGC 16610	75.63475	-3.34433	5.5967e7	z	SBa	1.32	0.42	180	14.77	redshift
NGC 879	PGC 8705	34.21333	-8.96403	5.6061e7	z	I	0.77	0.64	16	15.35	redshift
IC 1561	ESO 474-008|MCG -04-02-029|PGC 2305	9.63537	-24.33994	5.6065e7	z	SBb	1.41	0.51	103	15.16	redshift
NGC 3987	MCG +04-28-099|PGC 37591|UGC 6928	179.3372	25.1954	5.6079e7	m	SBb	2.72	0.68	59	13.9	CF4
IC 5279	ESO 077-001|PGC 70335	345.76092	-69.20972	5.6095e7	z	Sa	0.77	0.67	32	14.32	redshift
NGC 2561	MCG +01-22-001|PGC 23351|UGC 4336	124.904	4.6571	5.6105e7	m	SBbc	1.06	0.58	142	13.94	CF4
NGC 4000	MCG +04-28-103|PGC 37643|UGC 6949	179.4874	25.1442	5.6105e7	m	SBbc	1.04	0.37	1	15.23	CF4
IC 4696	ESO 103-013|PGC 61750	275.0745	-64.7341	5.6105e7	m	Sbc	2.36	0.75	74	13.48	CF4
IC 5355	MCG +05-56-006|PGC 72397|UGC 12781	356.8137	32.7828	5.6105e7	m	SBc	1.01	0.76	11	14.35	CF4
IC 4200	ESO 219-033|PGC 45634	197.39483	-51.96858	5.6113e7	z	S0	1.69	1.06	154	13.9	redshift
NGC 2493	MCG +07-17-007|PGC 22447|UGC 4150	120.09846	39.83042	5.6113e7	z	S0	1.87	1.85	30	13.09	redshift
IC 2471	MCG -01-24-015|PGC 26707	141.3007	-6.8299	5.6131e7	m	S0	1.08	0.52	151	14.4	CF4
IC 2623	ESO 569-033|MCG -03-28-034|PGC 33418	165.9624	-20.093	5.6131e7	m	E-S0	1.06	0.73	64	14.47	CF4
NGC 6985	MCG -02-53-001 NED01|PGC 65306	311.2625	-11.1043	5.6131e7	m	SBa	1.25	0.51	106	14.78	CF4
IC 4936	ESO 143-006|PGC 64088	301.4675	-61.42853	5.6138e7	z	SBd	1.35	0.7	12	14.55	redshift
IC 359	MCG +05-10-009|PGC 14653|UGC 2980	63.11817	27.70197	5.6198e7	z	E	1.3	1.3	105	15.39	redshift
IC 736	MCG +02-30-037|PGC 36853	177.08383	12.71658	5.6198e7	z	E	0.66	0.63	82	15.57	redshift
IC 1759	ESO 354-018|MCG -06-05-016|PGC 7400	29.48067	-32.98706	5.622e7	z	Sbc	1.47	1.26	11	13.94	redshift
NGC 656	MCG +04-05-002|PGC 6293|UGC 1194	25.6135	26.14306	5.6228e7	z	S0	1.27	1.08	32	13.46	redshift
IC 5009	ESO 074-001|PGC 64923	308.14313	-72.16756	5.6232e7	z	S0-a	1.05	0.66	96	14.4	redshift
NGC 3085	ESO 566-038|MCG -03-26-003|PGC 28875	149.87158	-19.49228	5.6232e7	z	S0	1.24	0.41	118	14.06	redshift
NGC 1195	MCG -02-08-042a|PGC 11517	45.88671	-12.03978	5.6241e7	z	E-S0	0.64	0.53	84	15.11	redshift
NGC 6408	MCG +03-45-007|PGC 60637|UGC 10930	264.69733	18.87786	5.6284e7	z	Sa	1.55	1.26	155	14.4	redshift
IC 4820	ESO 104-039|PGC 62824	287.30629	-63.4655	5.6301e7	z	Scd	1.36	0.88	97	15.18	redshift
IC 4758	ESO 103-062|PGC 62381	281.5761	-65.7567	5.6312e7	m	Sc	1.04	0.53	142	14.18	CF4
NGC 882	MCG +03-06-052|PGC 8874|UGC 1789	34.91629	15.81425	5.6327e7	z	S0	1.13	0.48	83	14.87	redshift
IC 5263	ESO 076-032|PGC 70137	344.55654	-69.05211	5.6344e7	z	S0-a	1.59	0.73	147	14.24	redshift
IC 4724	ESO 071-019|PGC 62183	279.66783	-70.12567	5.6361e7	z		0.83	0.4	158	15.13	redshift
NGC 6782	ESO 142-001|PGC 63168	290.99125	-59.92247	5.6361e7	z	Sa	2.45	1.49	18	12.69	redshift
NGC 1611	MCG -01-12-029|PGC 15501	68.2749	-4.2975	5.6364e7	m	S0-a	1.8	0.48	99	14.4	CF4
NGC 2942	MCG +06-21-065|PGC 27527|UGC 5140	144.7832	34.0063	5.6364e7	m	Sc	1.67	1.32	152	13.46	CF4
IC 4420	MCG +04-34-027|PGC 51520	216.4142	25.3783	5.6364e7	m	SBc	0.67	0.37	18	15.44	CF4
NGC 6484	MCG +04-42-007|PGC 61008|UGC 11010	267.9458	24.4832	5.6364e7	m	Sb	1.74	0.91	77	13.35	CF4
NGC 85	MCG +04-02-007|PGC 1375	5.3565	22.5117	5.639e7	m	S0	0.69	0.62	156	15.79	CF4
IC 1694	PGC 5221	21.1989	1.6075	5.639e7	m	E	1.12	0.71	4	14.8	CF4
NGC 3300	MCG +02-27-030|PGC 31472|UGC 5766	159.1601	14.1713	5.639e7	m	S0	1.53	0.78	174	13.32	CF4
IC 1018	PGC 51675	217.05333	25.83053	5.6447e7	z	E	0.57	0.46	179	16.08	redshift
NGC 1739	ESO 552-050|MCG -03-13-055|PGC 16586	75.44725	-18.16681	5.6489e7	z	SBbc	1.5	0.72	104	14.25	redshift
NGC 6880	ESO 073-037|PGC 64479	304.87346	-70.85986	5.6502e7	z	S0-a	2.46	1.06	25	13.25	redshift
IC 694	MCG +10-17-002|PGC 35325	172.11375	58.57847	5.6532e7	z	E	0.21	0.18	51	18.2	redshift
NGC 209	ESO 540-008|MCG -03-02-031|PGC 2338	9.765	-18.60828	5.6532e7	z	E-S0	1.14	0.99	6	14.09	redshift
NGC 3146	ESO 567-023|MCG -03-26-029|PGC 29663	152.79113	-20.87069	5.6532e7	z	SBb	1.01	0.79	131	14.03	redshift
NGC 6068	MCG +13-11-019|PGC 56388|UGC 10126	238.85829	78.99678	5.6532e7	z	SBbc	1.29	0.79	158	12.71	redshift
NGC 6701	MCG +10-26-050|PGC 62314|UGC 11348	280.80192	60.65333	5.6571e7	z	Sa	1.42	1.36	120	12.82	redshift
NGC 2538	MCG +01-21-019|PGC 22962|UGC 4266	122.84613	3.63319	5.6584e7	z	SBa	1.58	1.12	30	13.75	redshift
NGC 2187A	PGC 18355	90.93438	-69.58831	5.6618e7	z	S0-a	3.52	1.66	75	13.12	redshift
NGC 668	MCG +06-05-003|PGC 6502|UGC 1238	26.5945	36.4601	5.6624e7	m	Sb	1.2	0.82	32	13.73	CF4
IC 5323	ESO 077-019|PGC 71489	351.90404	-67.81547	5.6644e7	z	S0-a	1.64	1.04	32	14.05	redshift
NGC 1314	MCG -01-09-033|PGC 12650	50.6715	-4.18656	5.6644e7	z	Scd	1.47	1.3	51	14.86	redshift
NGC 2524	MCG +07-17-016|PGC 22838|UGC 4234	122.0399	39.1574	5.665e7	m	S0-a	1.47	1.03	124	13.64	CF4
NGC 4622A	MCG -07-26-036|PGC 42845	190.9545	-40.7146	5.665e7	m	E-S0	0.7	0.58	119	14.68	CF4
NGC 4760	MCG -02-33-041|PGC 43763	193.2801	-10.4942	5.665e7	m	E	2.57	2.01	9	12.49	CF4
IC 3986	ESO 443-032|MCG -05-31-016|PGC 44905	195.3838	-32.291	5.665e7	m	E	1.85	1.38	124	13.35	CF4
NGC 5150	ESO 444-043|MCG -05-32-023|PGC 47169	201.90225	-29.56225	5.6656e7	z	SBbc	1.4	1.03	117	13.43	redshift
NGC 1210	ESO 480-031|MCG -04-08-024|PGC 11666	46.689	-25.71644	5.6712e7	z	S0	1.16	0.68	118	13.52	redshift
IC 4845	ESO 141-054|PGC 63081	290.09371	-60.38917	5.6716e7	z	SBb	1.95	1.46	83	12.37	redshift
NGC 7659	MCG +02-59-040|PGC 71417|UGC 12595	351.482	14.20983	5.6742e7	z	S0-a	0.99	0.37	109	14.76	redshift
NGC 5675	MCG +06-32-062|PGC 51965|UGC 9357	218.16596	36.30219	5.6746e7	z	SBab	2.27	0.72	135	13.82	redshift
IC 4843	ESO 141-053|PGC 63064	289.84037	-59.30886	5.6772e7	z	SBbc	1.15	0.26	91	15.13	redshift
NGC 3450	ESO 569-006|MCG -03-28-004|PGC 32270	162.01508	-20.84919	5.6772e7	z	Sb	2.61	2.29	110	12.69	redshift
NGC 2445	MCG +07-16-017|PGC 21776|UGC 4017	116.72958	39.01517	5.6789e7	z	Sm	1.86	1.12	167	13.85	redshift
NGC 3112	ESO 567-011|PGC 29189	150.99658	-20.78181	5.6789e7	z	Sbc	1.1	0.3	47	15.99	redshift
NGC 3302	ESO 437-007|MCG -05-25-020|PGC 31391	158.94763	-32.3585	5.6802e7	z	S0	1.93	1.28	115	13.59	redshift
NGC 1738	ESO 552-049|MCG -03-13-054|PGC 16585	75.44458	-18.15706	5.6828e7	z	SBbc	1.35	0.81	36	13.71	redshift
NGC 6123	MCG +10-23-060|PGC 57729|UGC 10333	244.33225	61.93911	5.6828e7	z	S0-a	0.91	0.32	4	14.36	redshift
IC 1684		20.72167	33.41361	5.6832e7	z	S0	0.68	0.45	124	15.77	redshift
NGC 5615	MCG +06-32-023|PGC 51435|UGC 9226 NOTES01	216.02708	34.865	5.6849e7	z		0.16	0.16	162	15.29	redshift
IC 1361	MCG +01-54-002|PGC 66297|UGC 11692	317.87142	5.05433	5.6871e7	z	Sb	0.78	0.55	48	15.39	redshift
IC 1794	MCG +03-07-003|PGC 8963	35.37571	15.76164	5.6871e7	z	S0-a	0.93	0.71	90	15.04	redshift
NGC 4782	MCG -02-33-050|PGC 43924	193.64883	-12.56864	5.6871e7	z	E	1.48	0.87	171	12.22	redshift
NGC 2444	MCG +07-16-016|PGC 21774|UGC 4016	116.721	39.03186	5.6875e7	z	S0	1.07	0.66	35	14.23	redshift
IC 1764	MCG +04-05-033|PGC 7603|UGC 1486	30.0975	24.5806	5.6885e7	m	Sb	1.2	0.87	10	14.43	CF4
NGC 2007	ESO 204-019|PGC 17478	83.7465	-50.9217	5.6885e7	m	SBc	1.53	0.51	81	14.85	CF4
NGC 2989	ESO 566-009|MCG -03-25-020|PGC 27962	146.3551	-18.3739	5.6885e7	m	SABb	1.69	1.16	38	13.55	CF4
NGC 4524	MCG -02-32-014|PGC 41757	188.4765	-12.0275	5.6885e7	m	SABb	1.25	0.7	80	14.23	CF4
NGC 5657	MCG +05-34-060|PGC 51850|UGC 9335	217.6818	29.1807	5.6885e7	m	Sb	1.75	0.71	168	14.34	CF4
IC 4527	ESO 328-015|MCG -07-31-006|PGC 53879	226.4208	-42.4495	5.6885e7	m	Sbc	1.43	0.51	49	13.74	CF4
NGC 7536	MCG +02-59-011|PGC 70765|UGC 12437	348.5548	13.4264	5.6885e7	m	SBbc	1.59	0.7	56	14.09	CF4
NGC 7156	MCG +00-55-029|PGC 67622|UGC 11843	328.64013	2.94303	5.6901e7	z	SABc	1.4	1.22	120	13.3	redshift
NGC 2662	MCG -02-23-002|PGC 24612	131.38346	-15.12125	5.6905e7	z	E	1.23	1.15	10	15.05	redshift
NGC 2858	MCG +01-24-017|PGC 26556|UGC 4989	140.7291	3.1569	5.6911e7	m	S0-a	1.76	0.84	116	13.94	CF4
NGC 3704	MCG -02-29-037|PGC 35435	172.5197	-11.5462	5.6911e7	m	E	1.55	1.44	30	13.88	CF4
NGC 5328	ESO 445-067|MCG -05-33-028|PGC 49307	208.2222	-28.4893	5.6911e7	m	E	3.07	1.71	78	12.71	CF4
NGC 6403	ESO 139-019|PGC 60750	265.8483	-61.6821	5.6911e7	m	S0	1.15	0.89	19	14.34	CF4
NGC 7198	MCG +00-56-008|PGC 68006	331.3092	-0.6483	5.6911e7	m	S0	0.98	0.75	180	14.44	CF4
NGC 7703	MCG +03-60-004|PGC 71797|UGC 12676	353.69529	16.07578	5.6913e7	z	S0	2.24	0.42	145	14.69	redshift
IC 81	MCG +00-04-015|PGC 4127	17.34275	-1.69586	5.6956e7	z	E?	1.17	0.91	145	14.53	redshift
IC 4958	ESO 046-007|PGC 64370	303.89725	-72.71119	5.6978e7	z	Sc	0.46	0.3	25		redshift
NGC 5797	MCG +08-27-036|PGC 53408|UGC 9619	224.10021	49.69617	5.6986e7	z	S0-a	1.58	1.01	108	13.51	redshift
NGC 4296	MCG +01-32-017|PGC 39943|UGC 7409	185.36829	6.65356	5.6999e7	z	S0	1.44	0.79	16	14.49	redshift
NGC 1683	PGC 16209	73.07333	-3.02464	5.7003e7	z	Sa	0.86	0.34	163	15.98	redshift
IC 4652	ESO 138-025|PGC 60290	261.61113	-59.72831	5.7016e7	z	Sb	1.1	0.53	16	14.21	redshift
IC 2073	ESO 157-029|PGC 15102	66.641	-53.18733	5.708e7	z	SBc	1.43	0.58	50	14.49	redshift
NGC 4783	MCG -02-33-051|PGC 43926	193.65246	-12.55783	5.7089e7	z	E	1.41	0.69	134	12.73	redshift
IC 4967	ESO 073-029|PGC 64396	304.09646	-70.56469	5.7102e7	z	E	0.73	0.57	92	14.83	redshift
NGC 6877	ESO 073-036|PGC 64457	304.65083	-70.85306	5.711e7	z	E	2.38	1.14	163	13.16	redshift
NGC 4132	MCG +05-29-020|PGC 38593	182.25583	29.25011	5.7132e7	z	Sab	1.14	0.41	21	14.57	redshift
IC 399	PGC 16582	75.43337	-4.28875	5.7145e7	z	IAB	0.54	0.45	81	15.49	redshift
NGC 3336	ESO 437-036|MCG -05-25-036|PGC 31754	160.07092	-27.77708	5.7145e7	z	SABc	1.97	1.74	117	12.93	redshift
IC 197	MCG +00-06-027|PGC 7875|UGC 1564	31.0206	2.7868	5.7148e7	m	Sbc	1.01	0.53	54	14.25	CF4
NGC 818	MCG +06-05-086|PGC 8185|UGC 1633	32.1855	38.7773	5.7148e7	m	Sbc	2.2	0.76	112	13.18	CF4
NGC 872	ESO 544-032|MCG -03-06-019|PGC 8629	33.8552	-17.781	5.7148e7	m	SBc	1.77	0.55	175	14.54	CF4
NGC 3392	MCG +11-13-042|PGC 32512	162.7625	65.7815	5.7148e7	m	E	0.9	0.67	117	14.59	CF4
NGC 3459	MCG -03-28-022|PGC 32782	163.6847	-17.042	5.7148e7	m	SBab	1.45	0.55	149	14.5	CF4
NGC 2510	MCG +02-21-007|PGC 22541|UGC 4178	120.5445	9.48597	5.717e7	z	S0	0.97	0.67	114	14.54	redshift
NGC 3305	ESO 501-030|MCG -04-25-031|PGC 31421	159.0492	-27.1622	5.7174e7	m	E	1.17	1.11	130	13.75	CF4
NGC 3469	MCG -02-28-024|PGC 32912	164.2404	-14.3005	5.7174e7	m	Sab	1.56	1.05	142	14.28	CF4
NGC 4114	MCG -02-31-018|PGC 38460	181.8012	-14.1854	5.7174e7	m	SABa	2.16	1.07	135	14.06	CF4
IC 4727	ESO 103-033|PGC 62165	279.4837	-62.7006	5.7174e7	m	E-S0	1.24	1.09	114	14.07	CF4
NGC 207	MCG -03-02-035|PGC 2395	9.91962	-14.23708	5.7175e7	z	Sa	0.91	0.49	84	14.74	redshift
NGC 7722	MCG +03-60-017|PGC 71993|UGC 12718	354.67167	15.95464	5.7175e7	z	S0-a	2.11	1.6	148	13.46	redshift
NGC 1319	ESO 548-006|MCG -04-09-003|PGC 12708	50.98525	-21.52772	5.72e7	z	S0	1.46	0.71	29	13.94	redshift
NGC 1346	MCG -01-09-042|PGC 13009	52.55529	-5.54331	5.7218e7	z	Sb	1.44	0.54	84	13.75	redshift
NGC 2667	MCG +03-23-007|PGC 24741	132.11354	19.0195	5.7226e7	z	Sa	1.03	0.37	78	14.76	redshift
NGC 7215	PGC 68127	332.14367	0.51169	5.726e7	z	S0	0.91	0.37	90	15.01	redshift
NGC 4766	MCG -02-33-042|PGC 43766	193.28404	-10.37819	5.7282e7	z	S0	0.98	0.23	129	15.35	redshift
NGC 1061	MCG +05-07-036|PGC 10303	40.81567	32.46672	5.7299e7	z	Sb	0.87	0.59	27	15.13	redshift
NGC 977	MCG -02-07-031|PGC 9713	38.2642	-10.76	5.7332e7	m	Sa	1.82	1.17	38	14.16	CF4
IC 41		9.91821	-14.17433	5.7342e7	z		0.71	0.45	162	15.2	redshift
NGC 995	MCG +07-06-044|PGC 10008|UGC 2118	39.6335	41.52925	5.7346e7	z	S0	1.3	0.76	36	14.83	redshift
NGC 5215B	ESO 383-029|MCG -05-32-041|PGC 47887	203.79108	-33.48297	5.7346e7	z	S0	1.24	0.88	85	13.95	redshift
NGC 6930	MCG +02-52-018|PGC 64935|UGC 11590	308.2448	9.8748	5.7359e7	m	SBab	1.43	0.46	9	13.76	CF4
NGC 202	MCG +00-02-113|PGC 2394|UGC 421	9.91604	3.53628	5.7385e7	z	S0-a	0.96	0.33	153	15.45	redshift
IC 1368	MCG +00-54-008|PGC 66389|UGC 11703	318.55246	2.178	5.7389e7	z	Sa	1.36	0.52	47	14.22	redshift
IC 5140	ESO 075-037|PGC 67609|PGC 67613	328.56679	-67.33139	5.7393e7	z	SBcd	2.19	0.33	137	15.21	redshift
IC 1736	MCG +03-05-020|PGC 6814|UGC 1309	27.7215	18.3024	5.7412e7	m	Sbc	1.04	0.28	35	14.95	CF4
NGC 721	MCG +06-05-043|PGC 7097|UGC 1376	28.6895	39.3835	5.7412e7	m	Sbc	1.4	0.83	124	14.16	CF4
IC 2160	ESO 033-032|PGC 18092	88.8693	-76.9202	5.7412e7	m	SBc	1.8	0.89	108	13.85	CF4
IC 440	MCG +13-05-021|PGC 18807|UGC 3427	94.8058	80.0685	5.7412e7	m	Sb	1.77	1	36	14.2	CF4
NGC 2253	MCG +11-09-008|PGC 19501|UGC 3511	100.9242	65.2062	5.7412e7	m	Sc	1.43	1.05	130	12.92	CF4
NGC 2373	MCG +06-17-004|PGC 21016|UGC 3848	111.654	33.8238	5.7412e7	m	Sb	0.59	0.42	176	14.56	CF4
NGC 7591	MCG +01-59-038|PGC 70996|UGC 12486	349.5678	6.5857	5.7412e7	m	SBbc	1.61	0.72	147	13.87	CF4
NGC 5804	MCG +08-27-038|PGC 53437|UGC 9627	224.27833	49.66903	5.7432e7	z	SBb	1.17	1.05	5	13.93	redshift
NGC 883	MCG -01-06-090|PGC 8841	34.7715	-6.7908	5.7438e7	m	E-S0	1.57	1.4	77	13.5	CF4
NGC 3944	MCG +04-28-085|PGC 37244|UGC 6859	178.2713	26.2069	5.7438e7	m	E-S0	1.07	0.76	30	14.13	CF4
NGC 3999	PGC 37647	179.4854	25.0683	5.7438e7	m	E	0.63	0.4	86	15.84	CF4
NGC 5355	MCG +07-29-012|PGC 49380|UGC 8819	208.4398	40.3387	5.7438e7	m	S0	1.15	0.72	30	14.03	CF4
IC 2269	PGC 23278	124.5365	23.04758	5.747e7	z	Sb	0.98	0.21	30	15.6	redshift
NGC 6068A	MCG +13-11-017|PGC 56363|UGC 10126 NOTES01	238.69796	78.98511	5.747e7	z	S0	0.94	0.35	1	14.52	redshift
NGC 3711	MCG -02-29-035|PGC 35392	172.35633	-11.07908	5.7513e7	z	SABb	0.95	0.46	155	14.69	redshift
NGC 5742	MCG -02-38-007|PGC 52707	221.40367	-11.80964	5.7513e7	z	S0	1.17	0.87	72	13.86	redshift
NGC 4174	MCG +05-29-034|PGC 38906|UGC 7206	183.11204	29.14922	5.7517e7	z	S0-a	0.91	0.41	50	14.34	redshift
NGC 848	MCG -02-06-036|PGC 8299	32.5735	-10.32144	5.7543e7	z	SBab	1.36	1.05	147	13.66	redshift
IC 4299	ESO 383-042|MCG -06-30-017|PGC 48057	204.19783	-34.06581	5.7573e7	z	Sa	1.87	0.81	58	13.69	redshift
NGC 1358	MCG -01-10-003|PGC 13182	53.41529	-5.08939	5.7586e7	z	S0-a	2.13	1.17	125	13.2	redshift
NGC 643B	ESO 029-053|PGC 6117	24.80304	-75.01111	5.759e7	z	S0-a	1.75	0.47	116	14.62	redshift
NGC 7483	MCG +00-58-030|PGC 70455|UGC 12353	346.4513	3.5451	5.7597e7	m	Sa	1.43	0.83	116	14.22	CF4
NGC 7753	MCG +05-56-005|PGC 72387|UGC 12780	356.7702	29.4834	5.7597e7	m	SABb	2.01	0.54	61	13.3	CF4
IC 4788	ESO 104-021|PGC 62555	283.67092	-63.45239	5.7599e7	z	Sc	1.27	0.21	15	16.05	redshift
NGC 7691	MCG +03-60-001|PGC 71699|UGC 12654	353.10175	15.84783	5.7603e7	z	Sbc	1.67	1.35	161	13.94	redshift
NGC 7309	MCG -02-57-016|PGC 69183	338.58579	-10.357	5.7624e7	z	SABc	2.08	1.86	120	13.04	redshift
IC 3826	MCG -01-33-025|PGC 43473	192.66625	-9.03108	5.7642e7	z	S0	1.84	0.65	178	14.26	redshift
NGC 1086	MCG +07-06-071|PGC 10587|UGC 2258	41.98488	41.24647	5.7642e7	z	Sc	1.32	0.79	43	13.53	redshift
IC 373	MCG -01-12-013|PGC 15335	67.67817	-4.87025	5.7659e7	z	S0-a	0.98	0.76	109	15.04	redshift
NGC 95	MCG +02-02-003|PGC 1426|UGC 214	5.5563	10.4916	5.7677e7	m	SABc	1.46	1.08	85	13.28	CF4
NGC 1589	MCG +00-12-038|PGC 15342|UGC 3065	67.6896	0.8635	5.7677e7	m	Sab	3.06	0.98	160	12.82	CF4
NGC 3053	MCG +03-25-040|PGC 28631|UGC 5329	148.89	16.4328	5.7677e7	m	Sa	1.59	0.7	139	13.64	CF4
NGC 5703	MCG +05-35-003|PGC 52343|UGC 9435	219.7083	30.4426	5.7677e7	m	Sa	1.51	0.44	103	14.38	CF4
IC 4644	ESO 044-011|PGC 60234	261.1534	-73.94	5.7677e7	m	Sb	1.75	0.47	134	15.5	CF4
NGC 6944A	MCG +01-52-016|PGC 65108	309.5472	6.9027	5.7677e7	m	Scd	0.97	0.69	67	14.92	CF4
NGC 3028	ESO 566-016|PGC 28276	147.476	-19.18417	5.7684e7	z	Sb	1.08	0.84	70	13.56	redshift
NGC 2379	MCG +06-17-006|PGC 21036|UGC 3857	111.85942	33.81125	5.7689e7	z	S0	0.98	0.7	121	14.6	redshift
NGC 6954	MCG +00-53-001|PGC 65279|UGC 11618	311.01325	3.20944	5.7701e7	z	S0-a	1.27	0.8	84	14.05	redshift
NGC 4679	ESO 322-082|MCG -06-28-018|PGC 43170	191.8761	-39.5708	5.7703e7	m	SBc	2.43	0.88	5	14.56	CF4
IC 4742	ESO 103-048|PGC 62270	280.469	-63.8623	5.7703e7	m	E	2.11	1.67	14	13.08	CF4
NGC 4012	MCG +02-31-006|PGC 37686|UGC 6960	179.6148	10.0213	5.773e7	m	SABb	1.73	0.52	151	14.43	CF4
IC 1019	MCG +04-34-033|PGC 51667	217.05617	25.94742	5.7757e7	z	S0	0.6	0.44	134	15.05	redshift
IC 1367	PGC 66390	318.54042	2.99381	5.7843e7	z		0.65	0.5	152	15.52	redshift
NGC 873	MCG -02-06-048|PGC 8692	34.13483	-11.34856	5.7847e7	z	Sc	1.48	1.07	146	12.89	redshift
NGC 5936	MCG +02-39-030|PGC 55255|UGC 9867	232.50346	12.98933	5.786e7	z	SBb	1.18	1.12	60	13.05	redshift
NGC 673	MCG +02-05-033|PGC 6624|UGC 1259	27.0936	11.5216	5.7863e7	m	SABc	1.77	1.3	1	13.21	CF4
IC 1801	MCG +03-07-016|PGC 9392|UGC 1936	37.05313	19.58333	5.7864e7	z	Sb	1.18	0.54	30	14.73	redshift
NGC 6680	PGC 62210	279.93321	22.31642	5.7873e7	z		0.63	0.41	60	15.38	redshift
IC 951	MCG +09-23-012|PGC 49215|UGC 8775	207.94671	50.97833	5.7903e7	z	Scd	1.05	1	5	14.33	redshift
NGC 151	MCG -02-02-054|PGC 2035	8.5117	-9.7053	5.7943e7	m	Sbc	3.74	2.31	76	12.37	CF4
NGC 4712	MCG +04-30-021|PGC 43368|UGC 7977	192.3927	25.4699	5.7943e7	m	Sbc	1.56	0.75	162	13.53	CF4
IC 4215	MCG +04-31-017|PGC 46186|UGC 8336	199.0705	25.4058	5.7943e7	m	Sab	1.55	0.36	46	14.63	CF4
IC 4315	ESO 509-091|MCG -04-32-049|PGC 48346	205.0132	-25.4746	5.7943e7	m	SBc	1.6	0.32	132	15.05	CF4
NGC 5659	MCG +04-34-044|PGC 51875|UGC 9342	217.7756	25.355	5.7943e7	m	SBb	1.79	0.51	45	14.75	CF4
NGC 5843	ESO 387-004|MCG -06-33-013|PGC 53996	226.8661	-36.3274	5.7943e7	m	SBb	1.96	1.24	68	13.13	CF4
NGC 5918	MCG +08-28-017|PGC 54690|UGC 9817	229.8552	45.8803	5.7943e7	m	Sc	2.01	0.84	85	13.91	CF4
NGC 5975	MCG +04-37-019|PGC 55739|UGC 9963	234.9915	21.4707	5.7943e7	m	Sbc	0.93	0.24	171	14.56	CF4
NGC 6060	MCG +04-38-025|PGC 57110|UGC 10196	241.4666	21.4849	5.7943e7	m	SABc	1.89	1.02	103	14.08	CF4
IC 1680	MCG +05-04-028|PGC 4956	20.4631	33.2824	5.797e7	m	S0-a	0.7	0.53	103	14.86	CF4
NGC 687	MCG +06-05-014|PGC 6782|UGC 1298	27.6386	36.3708	5.797e7	m	S0	1.27	1.16	90	13.57	CF4
NGC 1604	MCG -01-12-020|PGC 15433	67.9941	-5.3697	5.797e7	m	S0	1.35	0.78	69	14.84	CF4
NGC 7711	MCG +02-60-004|PGC 71836|UGC 12691	353.91404	15.30197	5.7984e7	z	S0	2.43	0.94	93	13.1	redshift
NGC 5828	MCG +08-27-051|PGC 53618|UGC 9658	225.19213	49.99367	5.7988e7	z	SBc	0.84	0.29	46	14.35	redshift
IC 4311	ESO 220-027|PGC 48352	205.03317	-51.03614	5.8001e7	z	Sbc	1.11	0.78	161	14.07	redshift
NGC 1726	MCG -01-13-042|PGC 16508	74.92458	-7.75525	5.8001e7	z	S0	2.9	1.82	1	12.68	redshift
NGC 3285	ESO 501-015|MCG -04-25-019|PGC 31217	158.3992	-27.4544	5.8023e7	m	Sa	2.97	1.52	109	13.03	CF4
NGC 127	MCG +00-02-050|PGC 1787|UGC 292 NOTES01	7.30154	2.87269	5.8031e7	z	S0	0.93	0.42	75	15.32	redshift
NGC 1194	MCG +00-08-078|PGC 11537|UGC 2514	45.95462	-1.10375	5.8031e7	z	S0-a	1.55	0.77	139	13.86	redshift
IC 1301	MCG +08-35-010|PGC 63207|UGC 11437	291.63325	50.12528	5.8057e7	z	S0-a	1.44	0.69	19	14.25	redshift
NGC 5444	MCG +06-31-054|PGC 50080|UGC 8974	210.85054	35.13211	5.8117e7	z	E	2.48	1.94	87	12.79	redshift
NGC 799	MCG +00-06-023|PGC 7741|UGC 1527	30.5514	-0.1006	5.8157e7	m	SBa	1.71	1.44	35	14.14	CF4
NGC 7461	MCG +02-58-056|PGC 70290|UGC 12314	345.4514	15.5824	5.8157e7	m	S0	0.94	0.83	166	14.48	CF4
NGC 180	MCG +01-02-039|PGC 2268|UGC 380	9.4903	8.6352	5.821e7	m	Sc	2.2	1.48	163	14.19	CF4
NGC 214	MCG +04-02-044|PGC 2479|UGC 438	10.3662	25.4997	5.821e7	m	SABc	1.87	1.3	42	12.94	CF4
NGC 1687	ESO 361-013|MCG -06-11-005|PGC 16166	72.8389	-33.939	5.821e7	m	Sab	1.35	0.53	43	14.73	CF4
NGC 2388	MCG +06-17-010|PGC 21099|UGC 3870	112.2225	33.819	5.821e7	m	Sb	0.87	0.56	66	14.66	CF4
IC 2578	ESO 375-029|PGC 30753	156.8445	-33.8773	5.821e7	m	Sc	1.51	0.35	143	15.06	CF4
NGC 1741	MCG -01-13-045|PGC 16574	75.40958	-4.257	5.8211e7	z	Sm	1.21	0.62	65	15.52	redshift
IC 1638	MCG +05-03-082|PGC 4338	18.0909	33.3645	5.8237e7	m	E	0.75	0.68	105	14.92	CF4
NGC 795	ESO 153-008|PGC 7552	29.9559	-55.8243	5.8237e7	m	E	1.28	0.77	138	14.23	CF4
NGC 4975	MCG -01-34-002|PGC 45492	196.9592	-5.0175	5.8237e7	m	S0	0.97	0.61	29	15.02	CF4
NGC 6020	MCG +04-38-002|PGC 56467|UGC 10100	239.2839	22.4045	5.8237e7	m	E	1.74	1.1	136	13.76	CF4
NGC 6492	ESO 102-022|PGC 61315	270.7013	-66.4305	5.8237e7	m	Sbc	2.38	1.38	79	12.36	CF4
IC 4773	ESO 072-002|PGC 62498	282.83675	-69.92475	5.8245e7	z	SABd	1.39	0.72	137	14.37	redshift
NGC 4756	MCG -02-33-039|PGC 43725	193.21929	-15.41328	5.8245e7	z	E-S0	2.28	1.56	47	13.31	redshift
IC 4388	ESO 446-038|MCG -05-34-003|PGC 50964	214.0145	-31.75264	5.828e7	z	Sbc	1.14	0.97	4	14.32	redshift
NGC 2535	MCG +04-20-004|PGC 22957|UGC 4264	122.80621	25.20681	5.8288e7	z	SBc	1.93	0.94	62	13.3	redshift
NGC 829	MCG -01-06-049|PGC 8182	32.17658	-7.79053	5.8301e7	z	SBc	1.18	0.77	104	14.21	redshift
NGC 1449	MCG -01-10-032|PGC 13798	56.51279	-4.13811	5.8301e7	z	S0	0.9	0.52	5	14.52	redshift
NGC 5761	ESO 580-039|MCG -03-38-018|PGC 52916	222.28533	-20.37603	5.8314e7	z	S0	1.79	1.41	85	13.45	redshift
NGC 1599	MCG -01-12-016|PGC 15403	67.91142	-4.58833	5.8327e7	z	SBc	0.82	0.77	40	14.1	redshift
NGC 4763	MCG -03-33-013|PGC 43792	193.36342	-17.00553	5.8327e7	z	SBa	1.86	1.16	105	13.23	redshift
IC 828		193.06513	-8.13286	5.8331e7	z	S0	0.69	0.27	145	15.02	redshift
IC 4892	ESO 073-011|PGC 63709	297.38171	-70.22744	5.837e7	z	Sbc	1.82	0.4	4	15.76	redshift
NGC 932	MCG +03-07-014|PGC 9379|UGC 1931	36.97787	20.33247	5.8442e7	z	Sa	2	1.85	145	13.88	redshift
IC 2293	MCG +04-20-024|PGC 23352	124.88379	21.39431	5.846e7	z	SBab	0.89	0.67	125	15.03	redshift
NGC 5684	MCG +06-32-073|PGC 52179|UGC 9402	218.959	36.54322	5.846e7	z	S0	1.41	1.12	101	13.64	redshift
NGC 938	MCG +03-07-017|PGC 9423|UGC 1947	37.13963	20.28369	5.8472e7	z	E	1.55	1.14	97	13.75	redshift
NGC 688	MCG +06-05-015|PGC 6799|UGC 1302	27.6843	35.2843	5.8479e7	m	Sb	0.89	0.38	153	13.35	CF4
NGC 2523	MCG +12-08-031|PGC 23128|UGC 4271	123.7503	73.5789	5.8479e7	m	Sbc	2.79	1.78	66	12.64	CF4
NGC 3221	MCG +04-25-013|PGC 30358|UGC 5601	155.583	21.5702	5.8479e7	m	Sc	1.7	0.76	166	14.05	CF4
NGC 5433	MCG +06-31-050|PGC 50012|UGC 8954	210.6502	32.5104	5.8479e7	m	SBcd	1.52	0.36	4	13.99	CF4
NGC 5648	MCG +02-37-019|PGC 51840|UGC 9330	217.6358	14.0244	5.8479e7	m	Sb	0.77	0.63	175	14.29	CF4
NGC 7311	MCG +01-57-009|PGC 69172|UGC 12080	338.5281	5.5703	5.8479e7	m	Sab	1.47	0.68	11	13.32	CF4
NGC 5734	ESO 580-016|MCG -03-38-003|PGC 52678	221.28771	-20.87047	5.8485e7	z	S0	1.4	0.92	45	13.77	redshift
NGC 4757	MCG -02-33-040|PGC 43715	193.20871	-10.31022	5.8502e7	z	S0	0.8	0.26	58	14.54	redshift
IC 310	MCG +07-07-045|PGC 12171|UGC 2624	49.1791	41.3248	5.8506e7	m	S0	1.5	1.42	25	13.86	CF4
NGC 4820	MCG -02-33-067|PGC 44227	194.2524	-13.7193	5.8506e7	m	S0	1.19	0.42	106	14.86	CF4
NGC 1070	MCG +01-07-026|PGC 10309|UGC 2200	40.84279	4.96842	5.8558e7	z	Sb	2.34	2	178	12.88	redshift
NGC 1083	MCG -03-08-015|PGC 10445	41.41917	-15.35778	5.8584e7	z	Sb	1.55	0.33	17	15.19	redshift
NGC 1803	ESO 203-018|PGC 16715	76.36075	-49.56794	5.8614e7	z	SBbc	0.93	0.58	61	13.39	redshift
NGC 7203	ESO 467-007|MCG -05-52-027|PGC 68053	331.68283	-31.16242	5.8614e7	z	S0-a	1.08	0.58	68	13.7	redshift
NGC 788	MCG -01-06-025|PGC 7656	30.27687	-6.81553	5.8661e7	z	S0-a	1.74	1.42	108	13.06	redshift
IC 1364	MCG +00-54-006|PGC 66367	318.35283	2.76972	5.8674e7	z	E	1.07	0.78	124	14.43	redshift
NGC 6771	ESO 141-050|PGC 63049	289.66463	-60.546	5.8687e7	z	S0-a	2.38	0.54	121	13.57	redshift
NGC 6928	MCG +02-52-017|PGC 64932|UGC 11589	308.209	9.9265	5.8695e7	m	SBab	2.08	0.51	106	13.56	CF4
NGC 2536	MCG +04-20-005|PGC 22958|UGC 4264 NOTES01	122.81633	25.17936	5.8716e7	z	Sc	0.73	0.45	53	14.73	redshift
NGC 4175	MCG +05-29-036|PGC 38912|UGC 7211	183.12937	29.16844	5.8716e7	z	SBb	1.61	0.33	130	14.19	redshift
NGC 4177	MCG -02-31-021|PGC 38937	183.17192	-14.01456	5.8729e7	z	Sc	1.82	1.27	61	13.29	redshift
NGC 1376	MCG -01-10-011|PGC 13352	54.2747	-5.0427	5.8749e7	m	Sc	1.86	1.79	30	12.85	CF4
NGC 5172	MCG +03-34-041|PGC 47330|UGC 8477	202.3297	17.0517	5.8749e7	m	SABc	2.38	1.34	101	12.68	CF4
NGC 6658	MCG +04-44-002|PGC 62052|UGC 11274	278.48188	22.88828	5.8755e7	z	S0-a	1.5	0.25	5	12.85	redshift
NGC 245	MCG +00-03-005|PGC 2691|UGC 476	11.52246	-1.72339	5.8768e7	z	Sb	1.2	1.12	135	12.92	redshift
NGC 2917	MCG +00-25-002|PGC 27207|UGC 5098	143.612	-2.5042	5.8776e7	m	S0-a	1.34	0.37	170	14.36	CF4
IC 706	MCG -02-30-004|PGC 35658	173.3026	-13.338	5.8776e7	m	S0-a	1.52	0.27	111	14.98	CF4
NGC 4711	MCG +06-28-033|PGC 43286|UGC 7973	192.19112	35.33269	5.8789e7	z	SBb	1.21	0.68	41	14.27	redshift
NGC 6876A	PGC 64222	302.82021	-71.01294	5.8845e7	z	SBb	1.38	0.46	178	14.86	redshift
IC 2080	PGC 15426	67.96729	-5.75683	5.8858e7	z	Sa	0.78	0.47	15	15.84	redshift
NGC 469	MCG +02-04-023|PGC 4753	19.88729	14.87194	5.8875e7	z	S?	0.81	0.6	173	15.23	redshift
NGC 471	MCG +02-04-024 NED01|PGC 4793|UGC 861	19.99829	14.78622	5.8888e7	z	S0	1.06	0.79	79	14.17	redshift
NGC 2661	MCG +02-23-004|PGC 24632|UGC 4584	131.49808	12.61992	5.8888e7	z	Sc	1.48	1.35	5	13.86	redshift
NGC 4748	MCG -02-33-034|PGC 43643	193.05192	-13.41472	5.8901e7	z	S?	1.27	0.82	66	14.27	redshift
NGC 5135	ESO 444-032|MCG -05-32-013|PGC 46974	201.43358	-29.83367	5.8905e7	z	Sab	2.4	2.2	125	12.83	redshift
IC 503	MCG +01-22-004|PGC 23474|UGC 4366	125.5445	3.26806	5.8931e7	z	Sa	1.33	1.03	110	14.1	redshift
IC 4854	ESO 142-007|PGC 63223	291.83812	-59.31544	5.8991e7	z	SABc	1.31	1.25	28	13.82	redshift
NGC 452	MCG +05-04-010|PGC 4596|UGC 820	19.062	31.0337	5.902e7	m	SBab	1.99	0.5	39	13.68	CF4
IC 1825	PGC 10031|UGC 2138	39.7319	9.0973	5.902e7	m	Sc	1.15	0.79	22	14.84	CF4
NGC 1334	MCG +07-08-018|PGC 13001|UGC 2759	52.5076	41.8321	5.902e7	m	Sbc	1.24	0.51	118	14.73	CF4
IC 2247	MCG +04-20-008|PGC 23169|UGC 4299	123.9962	23.1996	5.902e7	m	Sbc	1.82	0.27	149	14.04	CF4
IC 907	MCG +09-22-090|PGC 48286|UGC 8643	204.8459	51.051	5.902e7	m	Sb	1.11	0.21	20	15.29	CF4
IC 4873	ESO 283-008|PGC 63382	293.7278	-46.1358	5.902e7	m	Sbc	0.93	0.74	34	15.1	CF4
IC 4248	ESO 444-035|MCG -05-32-018|PGC 47078	201.69675	-29.88136	5.9021e7	z	Sc	1.04	0.65	89	13.9	redshift
IC 4367	ESO 325-051|MCG -06-31-021|PGC 50266	211.40242	-39.20336	5.9021e7	z	SABc	1.64	1.43	71	13.01	redshift
ESO443-024	PGC 44852	195.2534	-32.4414	5.9047e7	m	E-S0	2.34	2	166	12.91	CF4
NGC 2624	MCG +03-22-019|PGC 24264|UGC 4506	129.54012	19.72567	5.9059e7	z	E	0.77	0.47	35	14.57	redshift
NGC 5743	ESO 580-017|MCG -03-38-004|PGC 52680	221.29579	-20.9135	5.9059e7	z	Sb	1.29	0.47	92	13.89	redshift
IC 2248	MCG +04-20-009|PGC 23176	124.02004	23.13403	5.9102e7	z	Sa	0.79	0.46	52	15.03	redshift
IC 737	MCG +02-30-039|PGC 36861	177.11467	12.72739	5.9106e7	z	S0-a	0.82	0.7	108	14.81	redshift
IC 374	MCG +03-12-001|PGC 15474	68.13646	16.63417	5.9123e7	z	S0-a	0.23	0.19	80	15.81	redshift
IC 224	MCG -02-07-005|PGC 9148	36.18808	-12.56447	5.9166e7	z	Sab	0.86	0.59	130	15	redshift
IC 2582	ESO 436-028|MCG -05-25-006|PGC 30880	157.29583	-30.3425	5.92e7	z	Sbc	1.29	1.25	150	13.66	redshift
IC 1797	MCG +03-07-010|PGC 9205|UGC 1880	36.36621	20.39533	5.9209e7	z	SBb	0.97	0.37	142	15.25	redshift
IC 392	MCG +01-13-001|PGC 15973|UGC 3158	71.60733	3.50556	5.9286e7	z	S0	1.45	1	168	13.47	redshift
IC 1788	ESO 415-015|MCG -05-06-011|PGC 8649	33.9582	-31.2009	5.9293e7	m	SBbc	2.53	1.07	28	13.06	CF4
NGC 1241	MCG -02-09-011|PGC 11887	47.811	-8.9221	5.9293e7	m	SBb	2.7	1.5	149	13.03	CF4
NGC 3333	ESO 376-002|MCG -06-24-001|PGC 31723	159.9576	-36.0361	5.9293e7	m	Sbc	1.44	0.41	159	13.86	CF4
NGC 3788	MCG +05-28-009|PGC 36160|UGC 6623	174.9369	31.9297	5.9293e7	m	Sab	2	0.58	179	13.24	CF4
IC 991	MCG -02-36-019|PGC 51059	214.4524	-13.8729	5.9293e7	m	SBc	1.56	0.97	104	13.75	CF4
IC 4859	ESO 104-058|PGC 63302	292.6945	-66.3148	5.9293e7	m	SABb	1.17	0.62	35	14.76	CF4
IC 5186	ESO 405-007|MCG -06-49-001|PGC 68548	334.694	-36.8019	5.9293e7	m	Sb	2.11	1.44	92	12.52	CF4
NGC 7511	MCG +02-59-007|PGC 70691|UGC 12412	348.1095	13.7268	5.9293e7	m	Sb	1.01	0.51	130	15.04	CF4
NGC 4764	PGC 43760	193.27763	-9.25764	5.9312e7	z	E	0.46	0.37	78	15.99	redshift
NGC 704B	MCG +06-05-028 NED02|PGC 6953|UGC 1343 NED02	28.1571	36.1267	5.932e7	m	E-S0	1.1	0.69	139	14	CF4
NGC 1391	ESO 548-059|MCG -03-10-020|PGC 13436	54.7208	-18.3542	5.932e7	m	S0	1.21	0.61	65	14.38	CF4
IC 385	PGC 15746	69.8813	-7.0975	5.932e7	m	S0	1.15	0.58	107	15.41	CF4
NGC 4358	MCG +10-18-038|PGC 40309|UGC 7479	186.0086	58.3851	5.932e7	m	S0	1.15	0.92	167	14.18	CF4
IC 5038	ESO 106-012|PGC 65365	311.71521	-65.01681	5.9402e7	z	SBc	1.51	0.69	73	14.23	redshift
NGC 2385	MCG +06-17-008|PGC 21080	112.11696	33.83781	5.9402e7	z	Sab	0.94	0.68	53	15.12	redshift
NGC 145	MCG -01-02-027|PGC 1941	7.94058	-5.15264	5.9423e7	z	Sd	1.76	1.43	116	13.18	redshift
IC 504	MCG +01-22-005|PGC 23495|UGC 4372	125.67167	4.26242	5.9445e7	z	S0	1.51	1.09	139	14.25	redshift
IC 2779	MCG +02-29-022 NED02|PGC 1428682	170.68546	13.34531	5.9445e7	z	Sd	0.3	0.26	179	17.47	redshift
IC 4359	ESO 271-015|PGC 50248	211.34721	-45.26978	5.9462e7	z	Sc	1.18	0.89	13	13.81	redshift
IC 2573	ESO 375-017|PGC 30442	155.87575	-35.45558	5.947e7	z	SBcd	1.5	0.33	2	15.38	redshift
NGC 5686	MCG +06-32-075|PGC 52189	219.01079	36.50319	5.9487e7	z	SBa	0.77	0.73	80	14.92	redshift
NGC 1819	MCG +01-14-002|PGC 16899|UGC 3265	77.9421	5.2006	5.9511e7	m	S0	1.53	1.05	117	13.66	CF4
NGC 6641	MCG +04-43-035|PGC 61935|UGC 11250	277.23904	22.903	5.953e7	z	Sc	0.93	0.81	100	14.25	redshift
NGC 6746	ESO 141-029|PGC 62852	287.59171	-61.97017	5.953e7	z	E	1.56	1.09	170	13.69	redshift
NGC 7769	MCG +03-60-030|PGC 72615|UGC 12808	357.76654	20.15042	5.953e7	z	Sb	1.75	0.67	85	12.5	redshift
IC 1853	MCG -02-08-006|PGC 10595	42.01779	-13.99311	5.9556e7	z	SBb	1.39	0.39	94	14.93	redshift
NGC 670	MCG +05-05-012|PGC 6570|UGC 1250	26.8539	27.8858	5.9566e7	m	S0	2.18	0.74	171	13.49	CF4
NGC 2998	MCG +07-20-051|PGC 28196|UGC 5250	147.1818	44.0814	5.9566e7	m	SABc	2.44	1.23	54	13.11	CF4
IC 2561	MCG +06-23-007|PGC 30147|UGC 5567	154.7859	34.6751	5.9566e7	m	Sb	0.89	0.55	14	14.81	CF4
IC 1303	MCG +06-43-004|PGC 63328|UGC 11452	292.8756	35.8765	5.9566e7	m	Sc	1.18	0.73	104	14.83	CF4
NGC 935	MCG +03-07-015|PGC 9388|UGC 1937	37.04646	19.59911	5.9586e7	z	Sc	1.58	0.98	155	13.81	redshift
NGC 1636	MCG -01-12-042|PGC 15800	70.1675	-8.60775	5.9612e7	z	Sab	1.24	0.97	175	13.93	redshift
IC 179	MCG +06-05-075|PGC 7581|UGC 1475	30.04792	38.02133	5.9616e7	z	E	1.12	0.9	111	13.55	redshift
IC 291	MCG -02-09-001|PGC 11699	46.86021	-12.58744	5.9616e7	z	S0-a	1.19	0.52	91	14.65	redshift
IC 4272	ESO 444-063|PGC 47533	202.819	-29.95736	5.9629e7	z	Sbc	0.98	0.18	111	15.66	redshift
IC 1715	MCG +02-05-002|PGC 5805|UGC 1115	23.39225	12.58544	5.9642e7	z	I	0.65	0.5	95	14.48	redshift
NGC 6027B	MCG +04-38-005|PGC 56584|UGC 10116 NED03	239.79512	20.76219	5.9646e7	z	S0	0.91	0.41		15.23	redshift
NGC 6829	MCG +10-28-010|PGC 63667|UGC 11478	296.7815	59.9071	5.9649e7	m	Sb	1.49	0.35	31	14.92	CF4
NGC 1441	MCG -01-10-029|PGC 13782	56.42967	-4.09158	5.9684e7	z	SBb	1.85	0.65	89	13.9	redshift
IC 4770	ESO 104-013|PGC 62439	282.04304	-63.38344	5.9702e7	z	SABa	0.78	0.6	73	15.5	redshift
NGC 6730	ESO 072-009|PGC 62796	286.89021	-68.91281	5.9702e7	z	E	2.2	1.83	31	13.04	redshift
NGC 835	MCG -02-06-031|PGC 8228	32.3525	-10.13592	5.9732e7	z	Sab	0.87	0.73	5	13.16	redshift
IC 309	MCG +07-07-043|PGC 12141	49.02621	40.80456	5.9744e7	z	S0	1.02	0.95	30	14.81	redshift
NGC 1026	MCG +01-07-018|PGC 10055|UGC 2145	39.83008	6.544	5.9744e7	z	S0	1.84	1.68	85	14.06	redshift
NGC 2896	MCG +04-23-007|PGC 26985	142.57071	23.66306	5.9744e7	z	S0-a	1.2	1.2	90	14.75	redshift
NGC 1465	MCG +05-10-003|PGC 14039|UGC 2891	58.38296	32.49281	5.98e7	z	S0-a	2.01	0.44	165	14.79	redshift
NGC 7628	MCG +04-55-005|PGC 71153|UGC 12534	350.22867	25.89856	5.98e7	z	E	1.36	1.09	123	13.76	redshift
NGC 126	MCG +00-02-049|PGC 1784	7.28375	2.81111	5.983e7	z	S0	0.71	0.58	111	15.46	redshift
NGC 19	MCG +05-01-046|PGC 759|UGC 98	2.6703	32.9831	5.9841e7	m	SBbc	1.21	0.6	41	13.83	CF4
IC 149	MCG -03-05-015|PGC 6289	25.6058	-16.3005	5.9841e7	m	Sbc	1.27	0.41	82	14.4	CF4
NGC 817	MCG +03-06-033|PGC 8109|UGC 1611	31.8905	17.2026	5.9841e7	m	S0-a	0.89	0.4	29	13.86	CF4
IC 1885	ESO 357-003|PGC 11665	46.6679	-32.8633	5.9841e7	m	Sc	1.45	0.46	137	14.88	CF4
NGC 3482	ESO 264-056|PGC 33025	164.6429	-46.5838	5.9841e7	m	SBa	1.85	1.36	16	13.47	CF4
IC 784	MCG -01-32-006|PGC 40092	185.6251	-4.6527	5.9841e7	m	SABb	2.11	0.6	96	14.12	CF4
NGC 6013	MCG +07-33-004|PGC 56287|UGC 10080	238.2202	40.6467	5.9841e7	m	SBb	1.44	0.76	174	14.46	CF4
IC 3	MCG +00-01-038|PGC 836	3.0253	-0.4153	5.9869e7	m	E	0.93	0.67	53	14.78	CF4
NGC 5397	ESO 384-031|MCG -06-31-013|PGC 49908	210.2937	-33.9458	5.9869e7	m	E-S0	1.62	1.01	65	13.9	CF4
IC 4767	ESO 104-010|PGC 62427	281.9239	-63.4056	5.9869e7	m	S0-a	2	0.44	29	14.36	CF4
IC 4838	ESO 141-045|PGC 63002	289.19212	-61.6145	5.989e7	z	Sbc	1.36	0.62	63	14.29	redshift
NGC 6027A	MCG +04-38-006|PGC 56576|UGC 10116 NED02	239.79642	20.75486	5.9916e7	z	S0-a	1.79	1.73	75	14.79	redshift
NGC 3649	MCG +03-29-038|PGC 34883|UGC 6386	170.56142	20.20853	5.9958e7	z	SBa	0.76	0.54	141	14.67	redshift
NGC 5716	MCG -03-37-004|PGC 52458	220.273	-17.47697	5.9958e7	z	SBc	1.57	1.19	89	13.53	redshift
IC 4328	ESO 445-045|PGC 49023	207.26208	-29.93703	5.9993e7	z	SBab	1.07	0.7	174	14.92	redshift
NGC 351	MCG +00-03-057|PGC 3693|UGC 639	15.491	-1.93675	6.0001e7	z	S0-a	1.53	0.75	140	14.12	redshift
NGC 1741B	MCG -01-13-045 NED01|PGC 16570	75.40083	-4.26194	6.0006e7	z	Scd	0.93	0.46	42	15.22	redshift
NGC 2749	MCG +03-23-036|PGC 25508|UGC 4763	136.33883	18.31311	6.0014e7	z	E	1.92	1.77	65	12.77	redshift
NGC 1402	ESO 548-061|MCG -03-10-023|PGC 13467	54.87738	-18.52694	6.0027e7	z	S0	0.87	0.83	90	14.33	redshift
NGC 410	MCG +05-03-080|PGC 4224|UGC 735	17.7456	33.1522	6.0062e7	m	E	2.37	1.6	34	12.52	CF4
NGC 3983	MCG +04-28-098|PGC 37514|UGC 6914	179.09867	23.86794	6.0087e7	z	S0-a	1.17	0.27	113	14.62	redshift
NGC 7562	MCG +01-59-024|PGC 70874|UGC 12464	348.9894	6.6874	6.009e7	m	E	2.18	1.59	84	12.62	CF4
IC 1723	MCG +01-05-028|PGC 6332|UGC 1205	25.8091	8.8893	6.0117e7	m	Sb	2.45	0.5	28	14.08	CF4
NGC 2369A	ESO 088-008|PGC 20640	109.6814	-62.9362	6.0117e7	m	SABb	2.01	1.21	37	13.69	CF4
IC 3432	MCG +02-32-102|PGC 41320	187.6158	14.1603	6.0117e7	m	Sc	0.69	0.42	56	14.78	CF4
NGC 6878A	ESO 284-029|MCG -07-41-013|PGC 64314	303.3987	-44.8173	6.0117e7	m	SABb	1.87	0.86	69	13.84	CF4
NGC 7124	ESO 236-049|ESO 237-002|PGC 67375	327.0225	-50.5653	6.0117e7	m	SBbc	2.56	1.06	146	13.11	CF4
NGC 2201	ESO 254-040|MCG -07-13-007|PGC 18658	93.3816	-43.7048	6.0145e7	m	SABb	1.03	0.72	111	14.33	CF4
NGC 4838	MCG -02-33-074|PGC 44383	194.4841	-13.06	6.0145e7	m	Sb	1.79	1.41	9	14	CF4
IC 1324	MCG -02-52-012|PGC 64906	308.0513	-9.0561	6.0145e7	m	S0-a	1.25	1.12	55	14.29	CF4
IC 4445	ESO 272-015|PGC 51917	217.97754	-46.03531	6.0185e7	z	Scd	1.19	0.45	154	15	redshift
IC 4992	ESO 073-042|PGC 64597	305.86604	-71.56492	6.019e7	z	SBc	1.71	0.26	55	14.5	redshift
IC 5042	ESO 106-013|PGC 65394	311.94175	-65.08431	6.0198e7	z	Sc	1.1	0.75	43	14.08	redshift
IC 5053	ESO 074-018|PGC 65662	313.40087	-71.14122	6.0258e7	z	Sa	2.09	0.68	57	14.1	redshift
IC 4500	MCG +06-32-091|PGC 52656	221.14858	37.48247	6.0301e7	z	Sbc	0.56	0.44	74	15.58	redshift
IC 4787	ESO 072-004|PGC 62579	284.01942	-68.68236	6.0301e7	z	SBm	1.07	0.96	170	14.59	redshift
NGC 4011	PGC 37674	179.60596	25.09764	6.0301e7	z	Sc	0.77	0.37	35	15.78	redshift
IC 4929	ESO 073-022|PGC 64108	301.67375	-71.68356	6.034e7	z	Sb	1.34	0.43	21	14.36	redshift
IC 1440	MCG -03-56-013|PGC 68470	334.13842	-16.01644	6.0353e7	z	Sc	1.67	0.48	76	14.91	redshift
IC 372		67.51767	-5.00997	6.037e7	z	S0-a	0.97	0.45	30	15.32	redshift
NGC 1607	MCG -01-12-023|PGC 15442	68.01287	-4.45994	6.0387e7	z	S0-a	1.33	0.51	66	15	redshift
NGC 5190	MCG +03-34-043|PGC 47482|UGC 8500	202.66063	18.13461	6.0387e7	z	Sb	0.97	0.76	155	13.9	redshift
NGC 6965	MCG +00-53-004|PGC 65376	311.83488	0.48406	6.0387e7	z	S0	0.73	0.63	68	14.68	redshift
NGC 3145	MCG -02-26-036|PGC 29591	152.5411	-12.4337	6.0395e7	m	SBbc	2.87	1.37	20	12.4	CF4
IC 746	MCG +04-28-096|PGC 37440|UGC 6898	178.8964	25.8895	6.0395e7	m	SBbc	1.01	0.46	169	14.51	CF4
IC 984	MCG +03-36-070|PGC 50580|UGC 9062	212.5323	18.3646	6.0395e7	m	Sb	1.9	0.47	36	14.41	CF4
NGC 5592	ESO 446-058|MCG -05-34-011|PGC 51428	215.9793	-28.688	6.0395e7	m	Sbc	1.63	0.75	88	13.5	CF4
NGC 3096	ESO 566-042|MCG -03-26-008|PGC 28950	150.13796	-19.66197	6.0395e7	z	S0	1.17	1.03	70	14.36	redshift
NGC 386	MCG +05-03-057|PGC 3989|UGC 689 NOTES01	16.8804	32.362	6.0423e7	m	E	0.46	0.37	0	15.29	CF4
NGC 5330	ESO 445-068|MCG -05-33-028a|PGC 49316	208.2467	-28.4706	6.0423e7	m	E	1.14	0.93	165	14.51	CF4
NGC 6003	MCG +03-40-048|PGC 56130|UGC 10048	237.3569	19.032	6.0423e7	m	S0	0.97	0.87	101	14.3	CF4
IC 4880	ESO 185-010|PGC 63508	295.1287	-56.4102	6.0423e7	m	S0-a	1.99	0.49	115	14.31	CF4
NGC 2649	MCG +06-19-018|PGC 24531|UGC 4555	131.03446	34.71725	6.043e7	z	SABb	1.47	1.38	60	13.16	redshift
NGC 6718	ESO 104-029|PGC 62688	285.36929	-66.11019	6.043e7	z	SBb	1.48	0.74	171	14.17	redshift
NGC 6862	ESO 186-002|PGC 64168	302.22742	-56.39175	6.0455e7	z	SBbc	1.43	1.32	125	13.45	redshift
IC 4789	ESO 072-005|PGC 62582	284.07704	-68.56711	6.046e7	z	Sc	1.63	0.65	174	14.03	redshift
NGC 2860	MCG +07-20-003|PGC 26685|UGC 5007	141.22171	41.06019	6.0472e7	z	SBa	1.31	0.57	95	14.63	redshift
NGC 507	MCG +05-04-044|PGC 5098|UGC 938	20.9161	33.2558	6.0478e7	m	E-S0	2.45	1.66	71	12.57	CF4
NGC 708	MCG +06-05-031|PGC 6962|UGC 1348	28.1939	36.1519	6.0478e7	m	E	2.56	1.23	38	13.77	CF4
NGC 7052	MCG +04-50-006|PGC 66537|UGC 11718	319.6383	26.4465	6.0478e7	m	E	1.82	0.9	66	13.95	CF4
NGC 1394	ESO 548-060|MCG -03-10-021|PGC 13444	54.77883	-18.29228	6.0498e7	z	S0	1.51	0.59	5	13.83	redshift
NGC 196	MCG +00-02-107|PGC 2357|UGC 405	9.82433	0.91275	6.0558e7	z	S0	1.27	0.92	10	14.43	redshift
NGC 5695	MCG +06-32-077|PGC 52261|UGC 9421	219.34217	36.56781	6.0601e7	z	SBab	0.99	0.49	139	13.67	redshift
NGC 523	MCG +06-04-018|PGC 5268|UGC 979	21.3366	34.025	6.0646e7	m	Sbc	2.52	0.71	104	13.5	CF4
NGC 1164	MCG +07-07-016|PGC 11441|UGC 2490	45.49938	42.58494	6.0657e7	z	Sab	1.18	0.93	132	14.51	redshift
NGC 881	MCG -01-06-089|PGC 8822	34.6887	-6.6391	6.0674e7	m	SABc	2.28	1.26	133	13.23	CF4
IC 4844	ESO 184-054|PGC 63056	289.7607	-56.0271	6.0674e7	m	SBb	1.61	0.92	168	14.05	CF4
NGC 7700	MCG -01-60-006|PGC 71777	353.6262	-2.9536	6.0674e7	m	S0-a	2.04	0.38	155	14.98	CF4
NGC 4894	PGC 44732	195.0687	27.9675	6.0702e7	m	S0	0.6	0.28	36	16.05	CF4
IC 4899	ESO 073-015|PGC 63799	298.61146	-70.58975	6.0755e7	z	Sbc	1.02	0.62	5	14.53	redshift
IC 987	MCG +03-36-078|PGC 50663	212.88283	19.17228	6.0772e7	z	SBb	0.61	0.38	79	15.37	redshift
NGC 6660	MCG +04-44-003|PGC 62072|UGC 11282	278.65279	22.90967	6.0772e7	z	S0-a	1.95	1.13	143	13.35	redshift
IC 3822	MCG -02-33-019|PGC 43443	192.59471	-14.32186	6.0789e7	z	Sc	1.43	0.31	35	15.34	redshift
NGC 7653	MCG +02-59-038|PGC 71370|UGC 12586	351.20567	15.27558	6.0815e7	z	Sb	1.62	1.4	172	13.42	redshift
IC 4378	ESO 384-064|MCG -06-31-027|PGC 50711	213.03987	-34.26533	6.0858e7	z	S0	1.54	0.61	158	14.55	redshift
NGC 197	MCG +00-02-110|PGC 2365|UGC 406	9.82829	0.89192	6.0871e7	z	S0-a	0.94	0.72	35	14.19	redshift
NGC 5505	MCG +02-36-048|PGC 50745|UGC 9092	213.13212	13.30472	6.0901e7	z	SBa	0.89	0.71	127	13.13	redshift
IC 442	MCG +14-04-003|PGC 19306|UGC 3470	99.04954	82.96825	6.0914e7	z	S0-a	1.25	1.25	5	14.04	redshift
IC 4452	PGC 51951	218.11429	27.42742	6.0914e7	z	Sa	0.5	0.47	78	14.93	redshift
NGC 5440	MCG +06-31-052|PGC 50042|UGC 8963	210.7544	34.758	6.0926e7	m	Sa	2.84	1.45	48	13.27	CF4
IC 1926	ESO 200-020|PGC 12790	51.32929	-51.70106	6.0944e7	z	Sbc	0.55	0.21	81	16.59	redshift
IC 2439	MCG +06-20-032|PGC 25719	137.16025	32.59294	6.0944e7	z	Sa	1.4	0.42	31	14.61	redshift
IC 4853	ESO 072-016|PGC 63304	292.69712	-71.07003	6.0944e7	z	Sbc	1.24	0.31	167	14.89	redshift
NGC 4188	MCG -02-31-023|PGC 39059	183.53067	-12.586	6.0944e7	z	Sb	0.67	0.55	110	14.31	redshift
NGC 1165	ESO 417-008|MCG -05-08-009|PGC 11270	44.6987	-32.0992	6.0954e7	m	SBa	2.31	0.5	114	13.78	CF4
NGC 1616	ESO 251-010|MCG -07-10-013|PGC 15479	68.174	-43.7159	6.0954e7	m	SABb	1.91	1.03	33	13.33	CF4
NGC 1659	MCG -01-13-006|PGC 15977	71.6248	-4.7888	6.0954e7	m	Sbc	1.5	0.94	51	13.21	CF4
NGC 4481	MCG +11-15-057|PGC 41222	187.4521	64.0334	6.0954e7	m	Sab	1.23	0.52	146	14.76	CF4
NGC 4718	MCG -01-33-020|PGC 43463	192.636	-5.2819	6.0954e7	m	Sb	2.02	0.7	97	14.3	CF4
IC 1605	ESO 195-019|PGC 3436	14.4066	-48.9027	6.0982e7	m	SBbc	1.68	1.35	143	13.72	CF4
NGC 682	MCG -03-05-022|PGC 6663	27.2691	-14.9748	6.0982e7	m	E-S0	0.74	0.25	115	13.85	CF4
IC 368	MCG -02-12-009|PGC 14994	65.6776	-12.6149	6.0982e7	m	S0	0.99	0.83	164	15.08	CF4
IC 966	MCG +01-36-006|PGC 49704|UGC 8884	209.55833	5.40828	6.0986e7	z	S0	0.92	0.77	155	14.75	redshift
IC 4563	MCG +07-32-033|PGC 55565	234.01533	39.83153	6.0986e7	z	S0-a	1.06	0.54	163	14.94	redshift
NGC 193	MCG +00-02-103|PGC 2359|UGC 408	9.82746	3.33111	6.1029e7	z	E-S0	2.07	1.45	55	13.34	redshift
NGC 1403	ESO 482-025|MCG -04-09-041|PGC 13445	54.79517	-22.38875	6.1029e7	z	E-S0	1.52	1.34	165	13.65	redshift
NGC 6734	ESO 104-036|PGC 62786	286.80971	-65.46186	6.1033e7	z	E-S0	1.38	0.9	14	13.76	redshift
IC 3859		193.58275	-9.11772	6.1093e7	z	Sc	1.12	0.32	159	14.84	redshift
NGC 665	MCG +02-05-019|PGC 6415|UGC 1223	26.2337	10.4231	6.1094e7	m	S0	1.62	0.95	119	13.18	CF4
IC 5060	ESO 074-021|PGC 65695	313.69442	-71.63647	6.1102e7	z	Sc	0.87	0.18	79	15.5	redshift
IC 1137	PGC 2816978	237.13583	8.58792	6.1115e7	z	E?	0.86	0.79	115	14.71	redshift
NGC 5304	ESO 445-052|MCG -05-33-022|PGC 49090	207.5062	-30.5784	6.1122e7	m	E-S0	1.91	1.39	140	13.63	CF4
IC 4447	MCG +05-34-056|PGC 51754|UGC 9306	217.32492	30.83222	6.1145e7	z	S0-a	0.82	0.67	174	14.66	redshift
NGC 170	MCG +00-02-091|PGC 2195	9.19092	1.88647	6.1145e7	z	E-S0	0.7	0.51	82	15.36	redshift
NGC 4334	MCG +01-32-035|PGC 40218|UGC 7458	185.8495	7.47319	6.1158e7	z	Sab	2	0.91	135	14.09	redshift
NGC 6510	MCG +10-25-114|PGC 61086|UGC 11051	268.66375	60.81792	6.1158e7	z	SBbc	0.83	0.48	15	14.26	redshift
NGC 1580	MCG -01-12-011|PGC 15189	67.077	-5.17878	6.1166e7	z	Sbc	1.03	0.66	121	14.35	redshift
IC 4836	ESO 141-043|PGC 62990	289.07471	-60.20033	6.12e7	z	SBc	1.59	1.36	71	13.2	redshift
NGC 13	MCG +05-01-034|PGC 650|UGC 77	2.1989	33.4334	6.1235e7	m	Sb	2.28	0.6	54	14.08	CF4
NGC 973	MCG +05-07-013|PGC 9795|UGC 2048	38.5836	32.5056	6.1235e7	m	Sb	3.28	0.43	49	13.56	CF4
NGC 2785	MCG +07-19-042|PGC 26100|UGC 4876	138.8132	40.9179	6.1235e7	m	SBm	1.44	0.58	120	14.63	CF4
NGC 3784	MCG +05-28-006|PGC 36147	174.8742	26.3092	6.1235e7	m	SABa	0.93	0.5	137	15.11	CF4
NGC 3993	MCG +04-28-101|PGC 37619|UGC 6935	179.4076	25.2406	6.1235e7	m	Sb	1.68	0.51	140	14.65	CF4
NGC 5559	MCG +04-34-017|PGC 51155|UGC 9166	214.803	24.7987	6.1235e7	m	Sb	1.31	0.38	65	14.81	CF4
IC 5141	ESO 145-022|PGC 67580	328.3207	-59.4936	6.1235e7	m	Sbc	1.5	1.18	25	13.5	CF4
NGC 7221	ESO 467-018|MCG -05-52-043|PGC 68235	332.8136	-30.5631	6.1235e7	m	Sbc	2.29	1.46	13	12.83	CF4
NGC 6736	ESO 104-037|PGC 62792	286.87187	-65.42861	6.1243e7	z	E	1.11	0.88	67	14.32	redshift
IC 311	PGC 12177|UGC 2625	49.19471	40.00361	6.1252e7	z	Sb	1	1	100	15.65	redshift
NGC 4714	MCG -02-33-018|PGC 43442	192.58021	-13.32433	6.1256e7	z	E-S0	2	1.11	152	14.24	redshift
NGC 161	MCG -01-02-036|PGC 2131	8.8914	-2.8487	6.1263e7	m	S0	1.36	0.72	22	14.36	CF4
NGC 4196	MCG +05-29-040|PGC 39098|UGC 7245	183.624	28.4235	6.1263e7	m	S0	1.14	0.81	59	13.62	CF4
NGC 6702	MCG +08-34-019|PGC 62395|UGC 11354	281.7399	45.7058	6.1263e7	m	E	1.64	1.42	58	13.23	CF4
IC 3827	MCG -02-33-021|PGC 43487	192.71717	-14.49189	6.1273e7	z	Sc	1.13	0.83	162	14.05	redshift
IC 5322	ESO 077-022|PGC 71536	352.12837	-67.76133	6.1282e7	z	S0	0.77	0.48	77	15.1	redshift
NGC 5386	MCG +01-36-010|PGC 49719|UGC 8890	209.59308	6.33911	6.1316e7	z	S0-a	0.98	0.45	47	13.65	redshift
NGC 2617	MCG -01-22-026|PGC 24141	128.91163	-4.08822	6.1355e7	z	SBc	1.4	1.1	127	13.79	redshift
NGC 7563	MCG +02-59-015|PGC 70872|UGC 12465	348.98304	13.19611	6.1372e7	z	Sa	1.53	0.92	143	13.89	redshift
NGC 1684	MCG -01-13-031|PGC 16219	73.1301	-3.1061	6.1376e7	m	E	2.55	1.66	95	13	CF4
IC 1020	MCG +04-34-035|PGC 51728|UGC 9289	217.20621	26.03228	6.1385e7	z	S0	1.06	0.23	175	14.95	redshift
IC 5054	ESO 074-019|PGC 65665	313.43925	-71.02475	6.1402e7	z	SBa	2.23	0.43	6	14.1	redshift
NGC 5318	PGC 49139	207.65004	33.70489	6.1415e7	z	S0	1.51	1.12	165	13.52	redshift
NGC 6740	MCG +05-45-001|PGC 62675|UGC 11388	285.21046	28.77122	6.1457e7	z	Sc	1.09	0.76	31	15.5	redshift
NGC 740	MCG +05-05-031|PGC 7316|UGC 1421	29.2289	33.0151	6.1518e7	m	SBb	1.57	0.34	138	14.81	CF4
NGC 5522	MCG +03-36-089|PGC 50889|UGC 9116	213.7097	15.1467	6.1518e7	m	SBb	1.87	0.42	50	14	CF4
IC 5285	MCG +04-54-026|PGC 70497|UGC 12365	346.7455	22.9365	6.1518e7	m	S0-a	1.32	0.74	88	14.04	CF4
NGC 5382	MCG +01-36-007|PGC 49711|UGC 8885	209.56204	6.25869	6.1543e7	z	S0	1.45	1.08	24	13.51	redshift
IC 513	MCG -02-22-019|PGC 23983	128.2712	-12.3555	6.1546e7	m	S0	1.49	1	39	14.59	CF4
NGC 3407	MCG +10-16-017|PGC 32626|UGC 5978	163.0743	61.3797	6.1546e7	m	E-S0	1.35	0.67	17	14.63	CF4
NGC 4279	MCG -02-32-003|PGC 39812	185.1042	-11.6664	6.1546e7	m	S0-a	1.17	0.72	26	15.13	CF4
NGC 5193A	ESO 383-014|MCG -05-32-036|PGC 47568	202.9548	-33.2392	6.1546e7	m	S0	1.49	0.53	48	14.14	CF4
NGC 6032	MCG +04-38-016|PGC 56842|UGC 10148	240.75467	20.95594	6.1556e7	z	Sb	0.83	0.51	1	14.35	redshift
IC 766	MCG -02-31-020|PGC 38775	182.72333	-12.65525	6.1573e7	z	S0-a	1.77	0.31	168	14.88	redshift
IC 412	MCG +01-14-034|PGC 17180|UGC 3298	80.48625	3.48639	6.1586e7	z	Sab	1.17	0.65	0	14.62	redshift
NGC 5090B	ESO 269-088|MCG -07-27-052|PGC 46528	200.073	-43.86467	6.1586e7	z	SBb	2.39	0.85	128	14.15	redshift
NGC 7567	MCG +03-59-019|PGC 70885|UGC 12468	349.04283	15.85003	6.1599e7	z	Sd	0.91	0.26	73	15.36	redshift
IC 2065	ESO 157-021|PGC 14943	65.36658	-55.93331	6.1629e7	z	Sa	1.19	0.39	36	14.61	redshift
NGC 7229	ESO 467-024|MCG -05-52-051|PGC 68344	333.51342	-29.38275	6.174e7	z	Sc	1.46	1.25	116	13.28	redshift
NGC 2508	MCG +02-21-004|PGC 22528|UGC 4174	120.48842	8.55189	6.1757e7	z	E	1.95	1.55	126	13.98	redshift
IC 4847	ESO 104-049|PGC 63160	290.88338	-65.50667	6.1762e7	z	S0	0.97	0.69	142	14.98	redshift
NGC 1388	PGC 13402	54.55004	-15.89942	6.1774e7	z	E	0.85	0.8	150	14.84	redshift
IC 4749	ESO 103-054|PGC 62300	280.70621	-63.20842	6.18e7	z	S0	1.2	1.01	57	14.3	redshift
NGC 714	MCG +06-05-037|PGC 7009|UGC 1358	28.37354	36.22131	6.18e7	z	S0-a	1.46	0.35	111	14.09	redshift
NGC 356	MCG -01-03-078|PGC 3754	15.7797	-6.9884	6.1802e7	m	SABb	1.75	0.94	65	14.08	CF4
IC 1675	MCG +06-04-004|PGC 4876|UGC 879	20.2491	34.2487	6.1802e7	m	Sab	0.72	0.23	58	14.27	CF4
NGC 2410	MCG +05-18-023|PGC 21336|UGC 3917	113.7594	32.8221	6.1802e7	m	Sb	2.17	0.65	33	13.79	CF4
NGC 2611	PGC 24121	128.8716	25.0275	6.1802e7	m	S0-a	0.8	0.26	51	15.28	CF4
IC 562	MCG -01-25-036|PGC 28011	146.5169	-3.9719	6.1802e7	m	Sbc	1.22	0.28	162	15	CF4
NGC 3811	MCG +08-21-091|PGC 36265|UGC 6650	175.3194	47.6908	6.1802e7	m	SBc	2.03	1.51	172	12.94	CF4
NGC 3839	MCG +02-30-024|PGC 36475|UGC 6700	175.9762	10.7848	6.1802e7	m	Scd	1.04	0.51	85	13.73	CF4
IC 3407	MCG +05-30-005|PGC 41112|UGC 7615	187.2662	27.7788	6.1802e7	m	SBb	0.97	0.54	147	14.58	CF4
NGC 7253A	MCG +05-52-010|PGC 68572|UGC 11984	334.8653	29.3958	6.1802e7	m	SABc	1.56	0.41	124	13.99	CF4
NGC 277	MCG -02-03-028|PGC 2995	12.82179	-8.59683	6.1813e7	z	E-S0	1.34	1.11	91	14.36	redshift
NGC 679	MCG +06-05-012|PGC 6711|UGC 1283	27.4324	35.7856	6.183e7	m	E-S0	1.32	1	85	13.54	CF4
NGC 3422	MCG -02-28-015|PGC 32534	162.8222	-12.4024	6.183e7	m	S0-a	1.33	0.44	54	14.71	CF4
NGC 1005	MCG +07-06-052|PGC 10062	39.87167	41.48897	6.1856e7	z	E	0.66	0.65	45	14.5	redshift
NGC 5642	MCG +05-34-052|PGC 51751|UGC 9301	217.30621	30.02644	6.1856e7	z	E	1.77	1.13	126	14.2	redshift
IC 413	MCG +01-14-035|PGC 17181|UGC 3299	80.49492	3.48217	6.1886e7	z	S0	1.08	0.8	140	14.68	redshift
IC 812	PGC 42952	191.21192	-4.43461	6.1929e7	z	S0-a	0.9	0.56	118	14.85	redshift
NGC 5512	PGC 50749	213.17137	30.85506	6.1929e7	z	E	0.67	0.56	74	15.3	redshift
NGC 1106	MCG +07-06-076|PGC 10792|UGC 2322	42.66879	41.6715	6.1941e7	z	S0	1.82	1.82	35	13.65	redshift
NGC 192	MCG +00-02-104|PGC 2352|UGC 401	9.80596	0.86433	6.1971e7	z	Sa	2.06	0.82	165	13.43	redshift
NGC 1653	MCG +00-13-003|PGC 15942|UGC 3153	71.44729	-2.39283	6.2014e7	z	E	1.79	1.68	175	12.91	redshift
NGC 4015 NED01	MCG +04-28-109|PGC 37702|UGC 6965 NED01	179.6775	25.03661	6.2014e7	z	E-S0	1.62	1.26	156	14.08	redshift
NGC 5374	MCG +01-36-004|PGC 49650|UGC 8874	209.37346	6.097	6.2014e7	z	SBbc	1.62	1.32	45	13.68	redshift
NGC 7786	MCG +03-60-038|PGC 72870|UGC 12842	358.83975	21.58806	6.2014e7	z	E	0.56	0.35	7	13.9	redshift
NGC 1256	ESO 547-023|MCG -04-08-052|PGC 12032	48.49279	-21.98642	6.2048e7	z	E-S0	1.13	0.41	107	14.51	redshift
NGC 5754	MCG +07-30-061|PGC 52686|UGC 9505	221.33187	38.73122	6.2057e7	z	SBb	1.28	1.1	96	13.99	redshift
NGC 2751	MCG +03-23-037|PGC 25517	136.385	18.26231	6.2078e7	z	SBb	0.87	0.48	134	14.97	redshift
NGC 820	MCG +02-06-036|PGC 8165|UGC 1629	32.1041	14.3495	6.2087e7	m	Sb	1.34	0.79	67	13.7	CF4
NGC 1573	MCG +12-05-008|PGC 15570|UGC 3077	68.7666	73.2624	6.2087e7	m	E	1.95	1.32	35	12.87	CF4
NGC 2049	ESO 424-011|MCG -05-14-011|PGC 17657	85.8138	-30.0783	6.2087e7	m	Sa	2.14	0.97	167	13.68	CF4
IC 2762	PGC 34888	170.5746	12.7227	6.2087e7	m	Sd	0.92	0.31	145	15.82	CF4
NGC 4495	MCG +05-30-012|PGC 41438|UGC 7663	187.8453	29.1364	6.2087e7	m	Sab	1.34	0.57	132	14.11	CF4
NGC 7003	MCG +03-53-008|PGC 65887|UGC 11662	315.1767	17.8048	6.2087e7	m	Sbc	0.99	0.66	116	13.75	CF4
NGC 1119	ESO 546-024|PGC 10607	42.07117	-17.98761	6.21e7	z	S0	0.48	0.37	172	15.06	redshift
NGC 4015 NED02	MCG +04-28-110|PGC 37703|UGC 6965 NED02	179.68008	25.04383	6.21e7	z	Sc	0.78	0.16	35	14.15	redshift
NGC 5327	MCG +00-35-021|PGC 49234|UGC 8768	208.01737	-2.20661	6.21e7	z	Sb	1.61	0.95	93	13.82	redshift
IC 4827	ESO 141-034|PGC 62922	288.3385	-60.86017	6.2113e7	z	Sab	3.05	0.69	166	13.27	redshift
NGC 7770	MCG +03-60-034|PGC 72635|UGC 12813	357.84392	20.09653	6.2113e7	z	S0-a	0.97	0.85	105	14.41	redshift
NGC 4987	MCG +09-22-015|PGC 45502|UGC 8216	196.9962	51.9293	6.2116e7	m	E	1.24	0.71	33	14.42	CF4
IC 17	MCG +00-02-044|PGC 1753	7.12408	2.64861	6.2121e7	z	E?	0.67	0.54	102	14.77	redshift
NGC 2667B	MCG +03-23-009|PGC 24755	132.12571	19.04389	6.2121e7	z	Sbc	0.85	0.28	43	15.49	redshift
NGC 2199	ESO 034-003|PGC 18379	91.1874	-73.3998	6.2144e7	m	Sa	2.21	0.88	38	13.77	CF4
NGC 1204	MCG -02-08-045|PGC 11583	46.16633	-12.34139	6.2156e7	z	S0-a	1.52	0.54	62	14.21	redshift
IC 1392	MCG +06-47-003|PGC 67017|UGC 11772	323.88621	35.39833	6.2173e7	z	E-S0	1.53	1.22	73	12.95	redshift
NGC 4022	MCG +04-28-111|PGC 37729|UGC 6975	179.75421	25.22281	6.2186e7	z	S0	1	0.96	105	14.32	redshift
NGC 5298	ESO 445-039|MCG -05-33-015|PGC 48985	207.15204	-30.42853	6.2186e7	z	SBb	1.86	0.87	69	13.96	redshift
IC 2179	MCG +11-09-038a|PGC 20516|UGC 3750	108.88462	64.92619	6.2228e7	z	E	0.85	0.79	95	13.52	redshift
NGC 1657	MCG +00-13-004|PGC 15958|UGC 3156	71.53025	-2.07728	6.2241e7	z	SABb	1.15	0.85	154	14.94	redshift
NGC 2926	MCG +06-21-060|PGC 27400|UGC 5125	144.37921	32.84142	6.2271e7	z	SBbc	0.83	0.74	120	14.44	redshift
NGC 4195	MCG +10-18-010|PGC 39082|UGC 7244	183.57533	59.61544	6.2271e7	z	Sc	1.51	1.32	173	15.29	redshift
NGC 4825	MCG -02-33-070|PGC 44261	194.301	-13.66483	6.2271e7	z	E-S0	2.69	1.64	139	12.84	redshift
IC 1682	MCG +05-04-032|PGC 4983|UGC 912	20.55542	33.26028	6.231e7	z	Sab	0.86	0.4	119	14.26	redshift
NGC 3035	MCG -01-25-052|PGC 28415	147.97929	-6.82292	6.2314e7	z	Sbc	1.47	1.19	0	13.73	redshift
NGC 5048	ESO 443-087|MCG -05-31-041|PGC 46179	199.03492	-28.41053	6.2327e7	z	E-S0	1.57	0.92	43	13.96	redshift
IC 3834	MCG -02-33-030|PGC 43559	192.885	-14.22139	6.2344e7	z	Sb	0.95	0.55	70	14.23	redshift
IC 3862	MCG +06-28-039|PGC 43844|UGC 8023	193.47067	36.08694	6.2357e7	z	Sd	0.87	0.42	134	16.45	redshift
NGC 551	MCG +06-04-027|PGC 5450|UGC 1034	21.9194	37.1829	6.2373e7	m	SBbc	1.49	0.59	137	13.42	CF4
NGC 1242	MCG -02-09-012|PGC 11892	47.8303	-8.9024	6.2373e7	m	SBc	1.06	0.54	134	14.32	CF4
IC 2185	MCG +05-18-008|PGC 20889	110.8169	32.4953	6.2373e7	m	Sbc	0.6	0.36	125	14.88	CF4
NGC 5610	MCG +04-34-025|PGC 51450|UGC 9230	216.0954	24.614	6.2373e7	m	SBab	1.73	0.6	105	14.29	CF4
IC 1501	MCG -01-60-009|PGC 71786	353.667	-3.153	6.2373e7	m	SABb	1.48	0.67	133	14.6	CF4
NGC 736	MCG +05-05-028|PGC 7289|UGC 1414	29.17029	33.0435	6.2387e7	z	E	1.83	1.64	130	13.15	redshift
NGC 6927A	MCG +02-52-015|PGC 64924	308.15288	9.88392	6.24e7	z	E	0.38	0.13	20	17	redshift
NGC 227	MCG +00-02-135|PGC 2547|UGC 456	10.6535	-1.5288	6.2402e7	m	E	1.91	1.44	156	13.12	CF4
NGC 517	MCG +05-04-054|PGC 5214|UGC 960	21.1829	33.4297	6.2402e7	m	S0	1.46	0.6	20	13.56	CF4
NGC 1352	ESO 548-030|MCG -03-10-002|PGC 13091	52.88742	-19.27844	6.2413e7	z	S0	1.15	0.75	128	14.29	redshift
IC 4275	ESO 444-067|MCG -05-32-038|PGC 47573	202.96375	-29.73239	6.2442e7	z	SBbc	0.95	0.54	25	14.31	redshift
NGC 4863	MCG -02-33-081|PGC 44650	194.92692	-14.02964	6.2472e7	z	S0-a	1.9	0.4	23	14.9	redshift
IC 2421	MCG +06-20-013|PGC 24996|UGC 4658	133.59	32.68086	6.2485e7	z	Sc	1.41	0.95	53	13.92	redshift
NGC 942	MCG -02-07-019|PGC 9457	37.29271	-10.83614	6.2485e7	z	S0	1.78	0.87	2	14.48	redshift
NGC 943	MCG -02-07-018|PGC 9458	37.29033	-10.82806	6.2485e7	z	S0-a	1.55	0.95	26	14.35	redshift
NGC 7617	MCG +01-59-051a|PGC 71113|UGC 12523 NOTES01	350.03737	8.16578	6.2485e7	z	S0	0.94	0.63	20	14.87	redshift
NGC 5292	ESO 445-031|MCG -05-33-008|PGC 48909	206.9171	-30.9395	6.2517e7	m	Sab	2.29	1.33	51	12.79	CF4
NGC 6848	ESO 185-052|PGC 64023	300.69687	-56.09031	6.2541e7	z	Sa	2.34	1.38	158	13.35	redshift
NGC 6855	ESO 185-063|PGC 64116	301.70796	-56.38992	6.2541e7	z	S0-a	1.27	0.95	95	13.85	redshift
NGC 6328	ESO 102-003|PGC 60198	260.92096	-65.01017	6.2545e7	z	SABa	1.61	1.56	160	13.18	redshift
NGC 201	MCG +00-02-115|PGC 2388|UGC 419	9.89508	0.85989	6.2571e7	z	Sc	1.71	1.32	146	13.66	redshift
NGC 643C	ESO 030-001|PGC 6256	25.45471	-75.26811	6.2571e7	z	Sc	1.4	0.23	153	15.71	redshift
NGC 738	PGC 7303	29.19038	33.05833	6.2571e7	z	S0	0.35	0.31		15.94	redshift
IC 2414	PGC 24811	132.45883	18.79242	6.2584e7	z	E	0.58	0.39	46	15.67	redshift
NGC 3778	ESO 216-026|PGC 36051	174.58921	-50.71536	6.2584e7	z	E-S0	1.21	0.99	40	14.16	redshift
IC 2194	MCG +05-18-020|PGC 21285	113.41746	31.33442	6.2601e7	z	S0-a	1.51	0.38	50	14.96	redshift
IC 4831	ESO 141-038|PGC 62951	288.68267	-62.27261	6.2605e7	z	SBab	3.67	0.84	111	12.81	redshift
IC 4978	ESO 186-018|PGC 64338	303.65688	-54.42197	6.2614e7	z		0.74	0.3	91	15.45	redshift
NGC 825	MCG +01-06-045|PGC 8173|UGC 1636	32.1348	6.3238	6.2661e7	m	Sa	2.06	0.66	52	14.39	CF4
NGC 1720	MCG -01-13-041|PGC 16485	74.8361	-7.8589	6.2661e7	m	SBab	1.96	1.22	85	13	CF4
NGC 2590	MCG +00-22-010|PGC 23616|UGC 4392	126.2583	-0.5914	6.2661e7	m	SABb	2.08	0.51	77	13.9	CF4
NGC 2619	MCG +05-21-002|PGC 24235|UGC 4503	129.3862	28.7052	6.2661e7	m	Sbc	1.93	1.17	38	13.46	CF4
IC 624	MCG -01-27-026|PGC 31426	159.0632	-8.3339	6.2661e7	m	Sa	2.42	0.55	39	14.27	CF4
IC 856	PGC 45733	197.6731	20.5366	6.2661e7	m	SBab	0.73	0.21	64	15.19	CF4
NGC 4778	MCG -01-33-037|PGC 43757	193.27421	-9.20383	6.2674e7	z	S0	2.69	2.09	120	13.49	redshift
NGC 749	ESO 414-011|MCG -05-05-023|PGC 7191	28.92133	-29.92233	6.2687e7	z	S0-a	2.07	1.27	109	13.53	redshift
NGC 836	ESO 544-017|MCG -04-06-012|PGC 8304	32.60367	-22.05486	6.2687e7	z	S0-a	1.11	0.84	106	14.47	redshift
NGC 7832	MCG -01-01-033|PGC 485	1.6185	-3.7162	6.269e7	m	E	1.68	0.38	23	13.64	CF4
NGC 388	MCG +05-03-059|PGC 4005	16.9464	32.31	6.269e7	m	E	0.58	0.38	168	15.46	CF4
IC 4329	ESO 445-046|MCG -05-33-019|PGC 49025	207.2721	-30.2957	6.269e7	m	E-S0	4.74	2.65	67	12.24	CF4
NGC 6502	ESO 103-002|PGC 61352	271.0569	-65.41	6.269e7	m	E	1.4	1.23	45	13.63	CF4
IC 4357	MCG +05-33-040|PGC 49879|UGC 8926	210.18204	31.89417	6.2699e7	z	Sbc	0.93	0.51	67	14.83	redshift
NGC 2555	MCG +00-21-012|PGC 23259|UGC 4319	124.48504	0.74569	6.2699e7	z	Sab	1.85	1.39	111	13.4	redshift
NGC 5291	ESO 445-030|MCG -05-33-006|PGC 48893	206.852	-30.407	6.2721e7	z	E-S0	1.77	1.24	173	13.86	redshift
NGC 4761	MCG -01-33-039|PGC 43768	193.29087	-9.19781	6.2729e7	z	S?	1.55	0.65	168	14.85	redshift
IC 4674	ESO 140-001|PGC 61445	272.0545	-62.3955	6.2755e7	z	SABc	1.57	0.71	87	14.93	redshift
NGC 984	MCG +04-07-012|PGC 9819|UGC 2059	38.67958	23.413	6.2755e7	z	S0-a	1.66	1.1	114	14.72	redshift
NGC 5152	ESO 444-044|MCG -05-32-024|PGC 47187	201.963	-29.61861	6.2772e7	z	SBb	2.03	1.04	110	13.57	redshift
NGC 128	MCG +00-02-051|PGC 1791|UGC 292	7.31275	2.86406	6.2785e7	z	S0	3.16	0.87	1	12.65	redshift
NGC 6027	MCG +04-38-008|PGC 56575|UGC 10116 NED01	239.80225	20.76336	6.2785e7	z	S0-a	1.64	1.02	18	15.28	redshift
NGC 6027E	MCG +04-38-010|PGC 56579|UGC 10116 NED06	239.81033	20.76592	6.2785e7	z	S0-a	2.28	1.29	81	14.39	redshift
NGC 7341	ESO 534-011|MCG -04-53-027|PGC 69412	339.77308	-22.66667	6.2785e7	z	SABa	2.39	0.95	93	13.42	redshift
NGC 173	MCG +00-02-092|PGC 2223|UGC 369	9.30196	1.94225	6.2807e7	z	Sc	2.09	1.54	94	13.45	redshift
NGC 1066	MCG +05-07-042|PGC 10338|UGC 2203	40.95808	32.475	6.2828e7	z	E	1.82	1.28	60	14.79	redshift
IC 786	MCG -02-32-008|PGC 40189	185.79563	-13.20467	6.2841e7	z	S0	1.03	0.89	176	15	redshift
IC 4680	ESO 103-009|PGC 61598	273.3735	-64.47672	6.2858e7	z	Sab	1.61	0.52	72	13.89	redshift
IC 4813	ESO 104-035|PGC 62758	286.42379	-66.52206	6.2871e7	z		1.31	0.64	34	14.47	redshift
NGC 4780A	PGC 1000913	193.51267	-8.65381	6.2875e7	z		0.74	0.25	26	15.96	redshift
NGC 7469	MCG +01-58-025|PGC 70348|UGC 12332	345.8151	8.8739	6.2893e7	m	Sa	1.38	1.21	126	12.9	CF4
NGC 4703	MCG -01-33-015|PGC 43342	192.32904	-9.10842	6.2905e7	z	Sb	1.7	0.41	155	13.58	redshift
IC 3134	PGC 39593	184.73383	8.96161	6.2914e7	z	S0-a	0.8	0.33	169	14.73	redshift
NGC 130	MCG +00-02-052|PGC 1794|UGC 292 NOTES02	7.32729	2.87044	6.2914e7	z	E-S0	0.72	0.42	44	14.81	redshift
ESO142-019	PGC 63351	293.329	-58.11425	6.2944e7	z	Sab	2.45	1.05	161	13.15	redshift
NGC 2721	MCG -01-23-015|PGC 25231	134.7355	-4.9019	6.2951e7	m	SBbc	1.85	1.33	164	13.22	CF4
NGC 3060	MCG +03-26-002|PGC 28680|UGC 5338	149.08	16.8313	6.2951e7	m	Sb	2.02	0.42	77	13.75	CF4
IC 4209	MCG -01-34-009|PGC 45702	197.5936	-7.1707	6.2951e7	m	SBbc	1.28	0.53	99	14.48	CF4
IC 5023	PGC 65109	309.5445	-67.1847	6.2951e7	m	Sa	1.43	0.49	118	14.21	CF4
NGC 7255	MCG -03-57-006|PGC 68721	335.7832	-15.5415	6.2951e7	m	Sa	1.47	0.31	116	15.15	CF4
NGC 4023	MCG +04-28-113|PGC 37732|UGC 6977	179.77279	24.98897	6.2974e7	z	Sb	0.92	0.75	30	14.56	redshift
NGC 397	MCG +05-03-064|PGC 4051	17.1295	33.1092	6.298e7	m	S0	0.65	0.5	71	15.69	CF4
IC 1705	MCG -01-04-048|PGC 5377	21.6867	-3.5015	6.298e7	m	E	0.63	0.48	107	14.38	CF4
NGC 909	MCG +07-06-013|PGC 9197|UGC 1872	36.345	42.0354	6.298e7	m	E	1.02	1.02	40	14.51	CF4
NGC 4661	ESO 322-072|MCG -07-26-040|PGC 42983	191.3122	-40.8242	6.298e7	m	E-S0	1.17	0.41	116	14.65	CF4
IC 4350	ESO 510-022|MCG -04-33-019|PGC 49628	209.3081	-25.2457	6.298e7	m	S0-a	1.88	0.74	133	13.71	CF4
IC 4991	ESO 340-011|MCG -07-41-024|PGC 64450	304.5969	-41.0501	6.298e7	m	S0	2.91	2.13	129	12.68	CF4
IC 1492	MCG -01-59-028|PGC 71629	352.6503	-3.04	6.298e7	m	S0-a	1.47	1.11	32	14.37	CF4
IC 1141	MCG +02-40-014|PGC 56141|UGC 10051	237.44558	12.39933	6.2999e7	z	SABa	0.47	0.45	69	14.52	redshift
IC 4887	ESO 073-009|PGC 63681	297.08871	-69.58719	6.2999e7	z	SABa	0.99	0.76	91	14.23	redshift
NGC 1634	MCG +01-12-015|PGC 15775	70.04075	7.33878	6.2999e7	z	E	0.67	0.46	167	14.96	redshift
NGC 7580	MCG +02-59-019|PGC 70962|UGC 12481	349.40167	14.00119	6.2999e7	z	Sb	0.79	0.65	41	14.25	redshift
NGC 6244	MCG +10-24-059|PGC 59009|UGC 10568	252.01629	62.20044	6.3008e7	z	Sa	1.54	0.34	139	14.21	redshift
ESO185-054	PGC 64041	300.86263	-55.94717	6.3016e7	z	E	2.09	0.87	131	12.11	redshift
IC 4790	ESO 104-023|PGC 62590	284.13421	-64.92892	6.3029e7	z	SBc	1.21	0.7	56	13.98	redshift
IC 947	MCG +00-35-023|PGC 49287|UGC 8784	208.14958	0.81836	6.3072e7	z	E-S0	1.67	1.09	65	13.83	redshift
IC 347	MCG -01-10-024|PGC 13622	55.63604	-4.29864	6.3085e7	z	S0	1.37	1.02	138	13.99	redshift
NGC 7248	MCG +07-45-022|PGC 68485|UGC 11972	334.22475	40.50233	6.3106e7	z	E-S0	1.72	0.78	133	13.59	redshift
IC 4397	MCG +05-34-012|PGC 51073|UGC 9150	214.49467	26.41256	6.3115e7	z	Sbc	1.08	0.74	160	14.05	redshift
NGC 5182	ESO 444-062|MCG -05-32-034|PGC 47489	202.67129	-28.15031	6.3128e7	z	Sbc	2.06	1.6	12	13.39	redshift
NGC 6927	MCG +02-52-016|PGC 64925|UGC 11589 NOTES01	308.15921	9.91639	6.3128e7	z	S0	0.6	0.2	5	15.45	redshift
IC 3795	MCG +07-26-053|PGC 43221	192.02129	40.71964	6.3171e7	z	E	0.9	0.24	18	15.58	redshift
NGC 823	ESO 478-002|MCG -04-06-005|PGC 8093	31.83354	-25.44189	6.3188e7	z	E-S0	1.54	1.1	107	13.72	redshift
NGC 1570	ESO 250-019|MCG -07-10-001|PGC 14971	65.53725	-43.62956	6.3213e7	z	E	2.15	1.36	180	13.19	redshift
NGC 3010A	MCG +07-20-066|PGC 28335|UGC 5273 NED02	147.64404	44.32342	6.3213e7	z	S0	0.39	0.2	125	14.87	redshift
NGC 7230	MCG -03-56-012|PGC 68350	333.55496	-17.07406	6.3239e7	z	SBbc	1	0.91	10	14.44	redshift
NGC 11	MCG +06-01-015|PGC 642|UGC 73	2.1771	37.4479	6.3241e7	m	Sa	1.44	0.22	111	14.44	CF4
NGC 582	MCG +05-04-065|PGC 5702|UGC 1094	22.9919	33.4765	6.3241e7	m	SBb	2.07	0.49	58	14.09	CF4
NGC 664	MCG +01-05-029|PGC 6359|UGC 1210	25.9409	4.2228	6.3241e7	m	Sb	1.19	0.93	70	13.84	CF4
NGC 1247	MCG -02-09-014|PGC 11931	48.0597	-10.481	6.3241e7	m	Sbc	3.55	0.52	70	13.47	CF4
NGC 1424	MCG -01-10-026|PGC 13664	55.8085	-4.7301	6.3241e7	m	SABb	1.39	0.49	7	14.33	CF4
NGC 2657	MCG +02-23-002|PGC 24595|UGC 4573	131.3157	9.6457	6.3241e7	m	SBcd	1.28	1.09	116	13.93	CF4
NGC 3312	ESO 501-043|MCG -04-25-039|PGC 31513	159.2605	-27.565	6.3241e7	m	Sb	3.31	1.07	172	12.78	CF4
IC 3812	MCG -01-33-019|PGC 43409	192.4741	-6.7174	6.3241e7	m	Sab	1.13	0.41	6	14.85	CF4
NGC 5184	MCG +00-34-041|PGC 47438|UGC 8487	202.5479	-1.6632	6.3241e7	m	SABb	1.57	0.94	128	13.51	CF4
NGC 1000	MCG +07-06-048|PGC 10028	39.70725	41.45969	6.3269e7	z	E	0.64	0.39	90	15.45	redshift
IC 1548	PGC 1407	5.4799	22.0064	6.327e7	m	E	0.68	0.42	78	15.63	CF4
NGC 373	PGC 3946	16.7426	32.3084	6.327e7	m	E	0.52	0.45	146	15.94	CF4
NGC 5459	MCG +02-36-037|PGC 50215|UGC 9005	211.2508	13.1318	6.327e7	m	S0	1.27	1.11	7	14.39	CF4
IC 5315	MCG +04-55-006|PGC 71174|UGC 12541	350.32604	25.38519	6.3329e7	z	E	0.92	0.77	136	14.56	redshift
IC 4754	ESO 140-042|PGC 62321|PGC 62331	281.00096	-61.99006	6.341e7	z	SBb	1.27	1.1	31	14.38	redshift
NGC 2397A	ESO 058-029|PGC 20754	110.28296	-69.11533	6.3428e7	z	SBc	1.1	0.84	169	14.85	redshift
NGC 6232	MCG +12-16-007|PGC 58841|UGC 10537	250.83433	70.63253	6.3445e7	z	Sa	1.47	1.16	176	13.42	redshift
IC 4985	ESO 073-040|PGC 64505	305.18342	-70.987	6.3457e7	z	S?	0.85	0.56	66	14.91	redshift
NGC 1799	MCG -01-14-001|PGC 16783	76.93592	-7.96928	6.347e7	z	S0	1.25	0.57	105	15	redshift
NGC 2959	MCG +12-09-062|PGC 27939|UGC 5202	146.28737	68.59458	6.347e7	z	Sab	1.38	1.17	113	13.59	redshift
IC 4251	ESO 444-041|MCG -05-32-021|PGC 47145	201.85117	-29.44436	6.35e7	z	SBa	0.98	0.65	145	14.97	redshift
IC 4798	ESO 141-015|PGC 62630	284.58704	-62.11842	6.3513e7	z	S0	2.02	1.32	111	13.19	redshift
IC 3184	PGC 39847	185.1954	24.9158	6.3533e7	m	Sbc	0.77	0.39	42	15.64	CF4
NGC 5243	MCG +07-28-036|PGC 48011|UGC 8592	204.0632	38.3435	6.3533e7	m	Sbc	1.01	0.45	126	14.05	CF4
IC 952	MCG +01-35-049|PGC 49373|UGC 8808	208.4247	3.3773	6.3533e7	m	SBbc	1.25	0.47	94	14.69	CF4
IC 992	MCG +00-36-033|PGC 51090|UGC 9147	214.5621	0.891	6.3533e7	m	SABb	0.88	0.67	114	14.82	CF4
IC 2548	ESO 374-037|MCG -06-23-001|PGC 29461	151.97896	-35.22961	6.3547e7	z	SBbc	2.17	1.42	70	14.04	redshift
IC 4852	ESO 142-006|PGC 63204	291.60558	-60.33606	6.3556e7	z	SBc	1.71	0.86	171	13.63	redshift
NGC 234	MCG +02-02-028|PGC 2600|UGC 463	10.88496	14.34256	6.3556e7	z	SABc	1.57	1.22	75	13.43	redshift
IC 414	MCG +01-14-033|PGC 17179	80.479	3.34203	6.3573e7	z	E	0.6	0.44	140	14.88	redshift
NGC 2582	MCG +04-20-050|PGC 23630|UGC 4391	126.30029	20.33475	6.3586e7	z	Sb	1.19	1.13	135	13.98	redshift
NGC 4005	MCG +04-28-107|PGC 37661|UGC 6952	179.54237	25.12225	6.3599e7	z	S0-a	1.12	0.74	92	13.9	redshift
IC 5157	ESO 404-026|MCG -06-48-020|PGC 67941	330.8625	-34.94183	6.3629e7	z	E	2.01	1.8	56	13.39	redshift
NGC 7441	MCG -01-58-007|PGC 70080	344.17242	-7.37906	6.3629e7	z	Sc	1.29	0.77	160	14.31	redshift
IC 4971	ESO 073-031|PGC 64417	304.26192	-70.62097	6.3642e7	z	Sbc	0.91	0.28	5	16.08	redshift
NGC 7399	MCG -02-58-006|PGC 69902	343.16358	-9.26778	6.3642e7	z	S0-a	1.13	0.73	149	14.65	redshift
IC 4739	ESO 140-036|PGC 62246	280.21242	-61.90156	6.3659e7	z	Sbc	0.95	0.57	95	15.19	redshift
NGC 3546	MCG -02-29-007|PGC 33846	167.44496	-13.38086	6.3672e7	z	E-S0	1.91	0.9	101	14.46	redshift
NGC 7285	ESO 533-032|MCG -04-53-005|PGC 68953	337.15833	-24.84078	6.3689e7	z	SBa	2.68	1.54	65	12.83	redshift
NGC 5516	ESO 221-034|PGC 50960	213.97787	-48.11486	6.3727e7	z	E-S0	2.39	1.56	162	13.01	redshift
IC 4814	ESO 141-023|PGC 62749	286.24537	-58.57939	6.374e7	z	Sb	1.5	0.6	95	14.35	redshift
NGC 6944	MCG +01-52-017|PGC 65117	309.59942	6.99644	6.3757e7	z	E-S0	1.12	0.79	48	14.69	redshift
NGC 495	MCG +05-04-035|PGC 5037|UGC 920	20.7341	33.4703	6.3768e7	m	S0-a	1.09	0.77	169	13.68	CF4
NGC 2595	MCG +04-20-062|PGC 23725|UGC 4422	126.925	21.4791	6.3797e7	m	Sc	1.66	1.12	175	13.16	CF4
IC 785	MCG -02-32-007|PGC 40167	185.75867	-13.22364	6.3813e7	z	SBc	1.13	0.49	70	15.32	redshift
IC 25	MCG +00-02-064|PGC 1905	7.8003	-0.4073	6.3826e7	m	S0-a	0.86	0.44	34	15.29	CF4
NGC 413	MCG -01-04-013|PGC 4347	18.1311	-2.7934	6.3826e7	m	SBc	1.05	0.67	148	15.06	CF4
NGC 536	MCG +06-04-021|PGC 5344|UGC 1013	21.5907	34.703	6.3826e7	m	Sb	2.92	1.49	67	13.22	CF4
NGC 585	MCG +00-05-001|PGC 5688|UGC 1092	22.9256	-0.9331	6.3826e7	m	SBa	2.4	0.48	86	14.07	CF4
NGC 954	ESO 299-004|MCG -07-06-006|PGC 9438	37.215	-41.4025	6.3826e7	m	SBc	1.79	0.94	16	13.59	CF4
NGC 2393	MCG +06-17-014|PGC 21154|UGC 3884	112.5192	34.0277	6.3826e7	m	Sc	1.07	0.67	103	14.84	CF4
NGC 5656	MCG +06-32-053|PGC 51831|UGC 9332	217.6062	35.3209	6.3826e7	m	Sab	1.26	0.89	57	12.84	CF4
NGC 1797	MCG -01-14-002|PGC 16781	76.937	-8.01908	6.383e7	z	SBa	1.19	0.77	60	14.42	redshift
IC 178	MCG +06-05-070|PGC 7488|UGC 1456	29.7287	36.6747	6.3856e7	m	Sab	0.94	0.79	159	14.06	CF4
IC 293	MCG +07-07-031|PGC 11873	47.7339	41.1371	6.3856e7	m	S0-a	1.05	0.76	108	15.48	CF4
NGC 1713	MCG +00-13-056|PGC 16471|UGC 3222	74.7276	-0.4888	6.3856e7	m	E	1.33	1.1	40	13.88	CF4
NGC 3907	MCG +00-30-028|PGC 36941|UGC 6796	177.3756	-1.0865	6.3856e7	m	E-S0	1.06	0.67	40	14.61	CF4
NGC 5880	MCG -02-39-012|PGC 54427	228.7546	-14.5789	6.3856e7	m	E	0.87	0.67	145	15.04	CF4
NGC 2087	ESO 159-026|PGC 17684	86.06679	-55.53244	6.3856e7	z	SBa	0.81	0.59	133	14.7	redshift
NGC 3989	MCG +04-28-100|PGC 37599	179.36121	25.23308	6.3856e7	z	Sbc	0.76	0.38	123	15.71	redshift
NGC 7515	MCG +02-59-008|PGC 70699|UGC 12418	348.20279	12.67928	6.3886e7	z	Sbc	1.65	1.43	10	13.23	redshift
NGC 1721	MCG -02-13-027|PGC 16484	74.8225	-11.11872	6.389e7	z	S0	1.58	0.83	130	13.82	redshift
NGC 6028	MCG +03-41-043|PGC 56716|UGC 10135	240.37067	19.35989	6.3941e7	z	S0-a	1.31	1.18	54	14.36	redshift
NGC 2618	MCG +00-22-023|PGC 24156|UGC 4492	128.9732	0.7071	6.3944e7	m	Sab	2.07	0.88	141	13.96	CF4
IC 4806	ESO 141-020|PGC 62689	285.37787	-57.53206	6.395e7	z	Sb	2.4	0.54	9	13.06	redshift
IC 4851	ESO 142-003|PGC 63189	291.37267	-57.67044	6.395e7	z	SBab	1.69	0.58	14	14.17	redshift
IC 4730	ESO 103-038|PGC 62192	279.70904	-63.34992	6.3959e7	z	S0-a	1.44	0.68	154	14.47	redshift
NGC 5051	ESO 444-001|MCG -05-31-042|PGC 46194	199.08375	-28.28569	6.3963e7	z	SABb	1.65	0.71	48	14	redshift
NGC 974	MCG +05-07-012|PGC 9802|UGC 2049	38.6075	32.9545	6.4014e7	z	SABb	3.2	2.6	15	14.05	redshift
NGC 945	MCG -02-07-013|PGC 9426	37.15533	-10.53897	6.4044e7	z	SBc	2.06	1.82	170	12.79	redshift
IC 4805	ESO 104-030|PGC 62693	285.50592	-63.04764	6.4049e7	z	Sa	0.76	0.28	26	14.92	redshift
NGC 6627	MCG +03-47-001|PGC 61792|UGC 11212	275.662	15.6979	6.4062e7	m	SBb	1.07	0.96	75	14.35	CF4
IC 4295	ESO 444-080|MCG -05-32-049|PGC 48035	204.14358	-29.08944	6.407e7	z	Sbc	1.04	0.4	114	15.12	redshift
NGC 26	MCG +04-01-034|PGC 732|UGC 94	2.608	25.8319	6.4121e7	m	Sab	1.12	0.76	102	13.84	CF4
NGC 574	ESO 353-006|MCG -06-04-039|PGC 5544	22.2629	-35.599	6.4121e7	m	SBb	1.15	0.83	24	14.28	CF4
NGC 2512	MCG +04-19-021|PGC 22596|UGC 4191	120.7827	23.3919	6.4121e7	m	SBb	1.35	0.78	116	13.9	CF4
IC 531	MCG +00-24-006|PGC 26258|UGC 4923	139.4617	-0.2784	6.4121e7	m	Sab	0.79	0.42	60	14.79	CF4
IC 2598	PGC 31713	159.9261	26.7273	6.4121e7	m	Sa	0.66	0.39	152	15.29	CF4
NGC 3394	MCG +11-13-041|PGC 32495|UGC 5937	162.666	65.7272	6.4121e7	m	Sc	1.77	1.36	43	13.15	CF4
IC 3143	PGC 39617	184.7725	27.2984	6.4121e7	m	Sc	0.63	0.44	146	15.63	CF4
NGC 5399	MCG +06-31-039|PGC 49799|UGC 8912	209.881	34.7735	6.4121e7	m	Sbc	1.14	0.32	87	14.54	CF4
NGC 7505	PGC 70636	347.7529	13.6317	6.4121e7	m	S0-a	1	0.39	110	15.36	CF4
NGC 53	ESO 111-020|PGC 982	3.6785	-60.3284	6.415e7	m	SBb	1.54	0.95	178	13.36	CF4
IC 1864	ESO 356-017|MCG -06-07-011|PGC 10925	43.41379	-34.19764	6.4186e7	z	E	1.3	0.76	63	13.7	redshift
NGC 1208	MCG -02-08-047|PGC 11647	46.54963	-9.54142	6.4186e7	z	S0-a	2.19	1.24	73	13.35	redshift
NGC 705	MCG +06-05-030|PGC 6958|UGC 1345	28.173	36.144	6.4198e7	z	S0-a	1.44	0.69	112	14.42	redshift
NGC 6581	MCG +04-43-010|PGC 61549	273.07675	25.66236	6.4198e7	z	E	0.6	0.44	5	15.35	redshift
IC 1685	PGC 169771	20.7775	33.18944	6.4224e7	z		0.4	0.3	165		redshift
NGC 262	MCG +05-03-008|PGC 2855|UGC 499	12.19642	31.95697	6.4241e7	z	S0-a	1.17	0.62	40	14.24	redshift
NGC 6636 NED02	MCG +11-22-047|PGC 61780|UGC 11221 NED02	275.52129	66.622	6.4241e7	z	Sab	0.72	0.39	8	15.98	redshift
NGC 382	MCG +05-03-052|PGC 3981|UGC 688	16.8493	32.4037	6.4269e7	m	E	0.24	0.23	90	14.48	CF4
NGC 7197	MCG +07-45-005|PGC 67921|UGC 11887	330.74187	41.059	6.4301e7	z	Sa	1.67	0.85	111	14.41	redshift
NGC 2150	ESO 057-055|PGC 18097	88.94308	-69.56081	6.4318e7	z	Sab	1.15	0.61	130	13.62	redshift
IC 4793	ESO 141-012|PGC 62599	284.23167	-61.39978	6.4327e7	z	Sb	1.21	0.53	120	14.56	redshift
NGC 948	MCG -02-07-015|PGC 9431	37.18946	-10.51389	6.4327e7	z	Sc	1.17	0.96	30	14.06	redshift
NGC 987	MCG +05-07-021|PGC 9911|UGC 2093	39.20671	33.32725	6.4327e7	z	S0-a	1.52	1.07	36	13.32	redshift
IC 4799	ESO 104-027|PGC 62643	284.73579	-63.93097	6.4344e7	z	SBab	1.55	1.02	44	14.11	redshift
NGC 7549	MCG +03-59-014|PGC 70832|UGC 12457	348.8218	19.0415	6.4358e7	m	Sc	1.85	0.75	33	14.08	CF4
NGC 969	MCG +05-07-008|PGC 9781|UGC 2039	38.53417	32.94694	6.437e7	z	S0	1.69	1.16	8	13.45	redshift
NGC 4362	MCG +10-18-039|PGC 40350	186.04692	58.36067	6.437e7	z	S0-a	1.28	0.49	41	14.96	redshift
IC 1132	MCG +04-37-020|PGC 55750|UGC 9965	235.02817	20.68061	6.4413e7	z	Sc	1.05	0.97	48	14.37	redshift
NGC 2523A	MCG +12-08-024|PGC 22649|UGC 4166	121.0354	74.0477	6.4417e7	m	Sc	1.11	0.95	80	14.44	CF4
NGC 2713	MCG +01-23-006|PGC 25161|UGC 4691	134.3354	2.9213	6.4417e7	m	SBb	3.37	1.15	106	12.79	CF4
NGC 2979	MCG -02-25-012|PGC 27795	145.7859	-10.3832	6.4417e7	m	SABa	2.06	1.25	21	14	CF4
IC 4325	ESO 445-032|MCG -05-33-007|PGC 48908	206.9152	-29.4343	6.4417e7	m	SABb	1.2	0.48	101	14.75	CF4
NGC 6972	MCG +02-53-004|PGC 65485|UGC 11640	312.49558	9.89914	6.443e7	z	S0-a	1.23	0.49	142	14.02	redshift
NGC 385	MCG +05-03-056|PGC 3984|UGC 687	16.8633	32.3198	6.4447e7	m	E	1.21	0.91	160	13.91	CF4
NGC 1221	MCG -01-09-002|PGC 11739	47.0647	-4.2595	6.4447e7	m	S0-a	1.46	0.53	168	14.6	CF4
IC 4534	MCG +04-36-013|PGC 53943|UGC 9713	226.6741	23.642	6.4447e7	m	S0	1.45	0.79	164	14.47	CF4
NGC 6030	MCG +03-41-044|PGC 56750|UGC 10139	240.4643	17.9575	6.4447e7	m	S0	1.29	0.94	43	13.87	CF4
NGC 739	MCG +05-05-030|PGC 7312	29.22788	33.26669	6.4455e7	z	S0-a	0.81	0.52	133	14.74	redshift
IC 4726	ESO 103-032|PGC 62133	279.24504	-62.85433	6.4498e7	z	S0	1.13	0.82	19	14.74	redshift
NGC 1544	MCG +14-03-006|PGC 16608|UGC 3160	75.65063	86.22233	6.4528e7	z	S0-a	1.13	0.87	121	14.07	redshift
IC 1813	ESO 355-022|MCG -06-06-009|PGC 9567	37.70621	-34.22089	6.4571e7	z	S0-a	1.13	0.75	100	14.3	redshift
NGC 383	MCG +05-03-053|PGC 3982|UGC 689	16.8539	32.4127	6.4595e7	m	E-S0	2.39	2	8	13.06	CF4
NGC 9	MCG +04-01-030|PGC 652|UGC 78	2.22792	23.81697	6.4614e7	z	Sb	0.7	0.31	149	14.59	redshift
IC 651	MCG +00-28-020|PGC 32517|UGC 5956	162.74338	-2.15036	6.4648e7	z	SBd	0.72	0.71	20	13.09	redshift
NGC 844	PGC 8291	32.55937	6.04981	6.4657e7	z		0.49	0.38	45	14.8	redshift
NGC 978B	MCG +05-07-017|PGC 9823|UGC 2057 NOTES01	38.70042	32.84139	6.4657e7	z	S0	0.64	0.28	7	15	redshift
NGC 999	MCG +07-06-047|PGC 10026|UGC 2127	39.69775	41.6705	6.4657e7	z	SABa	0.78	0.69	61	14.67	redshift
NGC 5629	MCG +04-34-034|PGC 51681|UGC 9281	217.06821	25.84878	6.4657e7	z	S0	1.71	1.58	110	13.16	redshift
IC 3309	MCG +05-29-082|PGC 40501|UGC 7509	186.33388	28.381	6.467e7	z	Sc	1	0.37	87	15.65	redshift
IC 4728	ESO 103-034|PGC 62166	279.4875	-62.53092	6.467e7	z	SBab	2.22	0.76	172	14.26	redshift
IC 4884	ESO 142-033|PGC 63546	295.67125	-58.12847	6.467e7	z	S0	1.59	0.42	166	14.73	redshift
NGC 786	MCG +02-06-012|PGC 7680|UGC 1506	30.353	15.64653	6.467e7	z	Sc	0.79	0.64	150	14.27	redshift
NGC 1613	MCG -01-12-031|PGC 15518	68.35554	-4.26542	6.467e7	z	S0-a	1.14	0.69	28	14.79	redshift
NGC 2672	MCG +03-23-010|PGC 24790|UGC 4619	132.3413	19.0749	6.4684e7	m	E	3.2	2.87	100	12.65	CF4
NGC 4846	MCG +06-29-002|PGC 44362|UGC 8079	194.44871	36.37072	6.4699e7	z	SBbc	1.21	0.5	62	14.54	redshift
NGC 1998	ESO 204-015|PGC 17434	83.31567	-48.69561	6.4712e7	z	S0-a	0.95	0.47	16	15.19	redshift
NGC 4496B	MCG +01-32-090 NED02|PGC 41473|UGC 7668 NED02	187.92033	3.92633	6.4712e7	z	SBm	1.05	0.91	112	14.52	redshift
NGC 5966	MCG +07-32-032|PGC 55552|UGC 9923	233.96725	39.76894	6.4712e7	z	E	1.53	0.98	88	13.14	redshift
NGC 257	MCG +01-03-003|PGC 2818|UGC 493	12.0063	8.2971	6.4714e7	m	Sc	1.83	1.32	99	13.31	CF4
IC 2199	MCG +05-18-022|PGC 21328|UGC 3915	113.7323	31.2763	6.4714e7	m	SBbc	1.03	0.58	26	13.55	CF4
NGC 3251	MCG +04-25-023|PGC 30892|UGC 5684	157.3201	26.0991	6.4714e7	m	SBbc	2.06	0.5	55	14.07	CF4
NGC 3863	MCG +02-30-028|PGC 36607|UGC 6722	176.2731	8.4694	6.4714e7	m	SBbc	2.51	0.52	74	13.87	CF4
IC 4751	ESO 140-040|PGC 62317	280.83058	-62.11228	6.4729e7	z	S0	1.08	0.57	6	14.09	redshift
NGC 504	MCG +05-04-041|PGC 5084|UGC 935	20.8662	33.204	6.4744e7	m	S0	1.55	0.39	45	13.95	CF4
NGC 1129	MCG +07-07-004|PGC 10959|UGC 2373	43.6143	41.579	6.4744e7	m	E	2.82	1.07	77	13.69	CF4
IC 3040	MCG +02-31-049|PGC 38922	183.14388	11.07503	6.4755e7	z	S?	0.77	0.69	171	15.29	redshift
NGC 1067	MCG +05-07-043|PGC 10339|UGC 2204	40.9605	32.51189	6.4755e7	z	SABc	0.97	0.92	145	14.55	redshift
NGC 591	MCG +06-04-038|PGC 5800|UGC 1111	23.38029	35.66825	6.4772e7	z	S0-a	1.43	1.14	0	14.12	redshift
NGC 1654	PGC 15943|UGC 3154	71.45188	-2.08389	6.4785e7	z	SBa	0.85	0.79	5	14.36	redshift
IC 1598	MCG +01-03-007|PGC 3217|UGC 553	13.67404	5.77381	6.4798e7	z	Sa	1.01	0.51	3	14.97	redshift
NGC 3127	MCG -03-26-022|PGC 29357	151.60354	-16.12608	6.4798e7	z	Sb	1.62	0.28	55	14.81	redshift
NGC 759	MCG +06-05-067|PGC 7397|UGC 1440	29.4601	36.343	6.4804e7	m	E	1.12	1.06	10	13.83	CF4
IC 388 NED02	PGC 1021186	70.47633	-7.30647	6.4841e7	z	E	0.89	0.4	10	15.91	redshift
IC 4714	ESO 103-024|PGC 61976	277.73229	-66.65175	6.4884e7	z	Sc	1.49	0.29	177	15.15	redshift
NGC 5752	MCG +07-30-060|PGC 52685|UGC 9505 NOTES01	221.309	38.72886	6.4884e7	z	SABb	0.77	0.24	122	15.16	redshift
NGC 6745 NED01	PGC 62691|UGC 11391 NED01	285.42267	40.74786	6.4901e7	z		0.95	0.46	32	13.22	redshift
NGC 7529	MCG +01-59-014|PGC 70755|UGC 12431	348.51329	8.9925	6.4914e7	z	Sbc	0.8	0.73	65	14.66	redshift
IC 1718	PGC 6068	24.61146	33.36653	6.4926e7	z		0.68	0.38	120	14.96	redshift
NGC 1567	ESO 202-010|PGC 14934	65.28646	-48.25478	6.4926e7	z	E	1.53	1.31	159	13.46	redshift
NGC 2625	PGC 24285	129.59675	19.71667	6.4926e7	z	SBcd	0.53	0.44	32	15.17	redshift
NGC 6988	PGC 65732	313.954	10.50786	6.4944e7	z	E	0.68	0.59	21	14.81	redshift
NGC 7042	MCG +02-54-013|PGC 66378|UGC 11702	318.4411	13.5748	6.4953e7	m	Sb	1.78	1.56	138	12.9	CF4
IC 1818		38.52975	-11.04075	6.4969e7	z	E	0.83	0.71	78	15.27	redshift
NGC 4716	MCG -01-33-021|PGC 43464	192.63796	-9.45111	6.4999e7	z	S0	1.13	0.85	94	13.66	redshift
NGC 177	ESO 474-006|MCG -04-02-028|PGC 2241	9.3932	-22.5493	6.5013e7	m	Sab	2.11	0.5	10	14.15	CF4
IC 1597	ESO 112-010|PGC 3144	13.3837	-58.1071	6.5013e7	m	SBb	1.61	0.42	152	15.02	CF4
IC 1789	MCG +05-06-024|PGC 8766|UGC 1763	34.4634	32.396	6.5013e7	m	Sa	1.95	0.42	30	14.7	CF4
NGC 3356	MCG +01-28-004|PGC 32021|UGC 5852	161.051	6.7587	6.5013e7	m	Sbc	1.69	0.82	98	13.78	CF4
IC 721	MCG -01-30-026|PGC 36354	175.6203	-8.3404	6.5013e7	m	SBc	1.63	0.29	99	15.22	CF4
NGC 5504C	MCG +03-36-082|PGC 50713	213.0663	15.8796	6.5013e7	m	Sd	0.81	0.32	78	15.65	CF4
IC 2203	MCG +06-17-025|PGC 21555|UGC 3958	115.14004	34.23006	6.5021e7	z	SBc	0.9	0.7	154	14.58	redshift
IC 1796	ESO 298-038|MCG -07-06-001|PGC 9041	35.6972	-41.3711	6.5043e7	m	E-S0	1.07	0.7	86	14.22	CF4
NGC 1274	MCG +07-07-062|PGC 12413	49.9189	41.5486	6.5043e7	m	E	0.78	0.49	44	15.09	CF4
IC 550	MCG -01-25-014|PGC 27607	145.1191	-6.9461	6.5043e7	m	S0	1.07	0.7	34	14.74	CF4
NGC 3402	MCG -02-28-012|PGC 32479	162.6087	-12.845	6.5043e7	m	E	1.85	1.78	170	12.92	CF4
NGC 4673	MCG +05-30-073|PGC 43008|UGC 7933	191.3945	27.0608	6.5043e7	m	E	1.07	0.84	171	14.78	CF4
NGC 2187B	PGC 18354	90.96842	-69.57744	6.5051e7	z	E	2.67	2.18	87	13.29	redshift
NGC 3009	MCG +07-20-062|PGC 28303|UGC 5264	147.54638	44.29506	6.5055e7	z	SBbc	0.77	0.74	60	14.31	redshift
NGC 6710	MCG +04-44-019|PGC 62482|UGC 11364	282.64229	26.83839	6.5059e7	z	S0-a	1.68	0.93	38	14.1	redshift
NGC 2578	MCG -02-22-002|PGC 23440	125.35112	-13.31786	6.5085e7	z	S0-a	2.19	1.1	83	13.51	redshift
IC 647		162.64371	-12.85481	6.5098e7	z	S0-a	0.68	0.39	62	15.79	redshift
NGC 1685	MCG -01-13-032|PGC 16222	73.14263	-2.94933	6.5098e7	z	S0-a	1.23	0.63	131	15.12	redshift
IC 1689	MCG +05-04-046|PGC 5108	20.94942	33.05533	6.5102e7	z	S0	0.62	0.41	171	14.78	redshift
NGC 1667	MCG -01-13-013|PGC 16062	72.15475	-6.31997	6.5115e7	z	SABc	1.89	1.47	3	12.77	redshift
NGC 2307	ESO 087-045|PGC 19648	102.21162	-64.33553	6.5115e7	z	SBb	1.85	1.72	145	12.96	redshift
NGC 1288	ESO 357-013|MCG -05-08-025|PGC 12204	49.30496	-32.57589	6.5123e7	z	SABc	2.32	1.71	178	12.85	redshift
NGC 3005	MCG +07-20-054|PGC 28232	147.31196	44.13131	6.5141e7	z	SABc	1.14	0.3	150	14.94	redshift
NGC 805	MCG +05-05-050|PGC 7899|UGC 1566	31.12321	28.81233	6.5171e7	z	S0	1.05	0.68	110	14.83	redshift
IC 1690	PGC 5110	20.95642	33.15628	6.5201e7	z	S0	0.49	0.26	130	14.98	redshift
IC 4326	ESO 445-038|MCG -05-33-012|PGC 48966	207.08954	-29.62639	6.5209e7	z	Sc	1	0.81	166	14.4	redshift
NGC 6921	MCG +04-48-001|PGC 64768|UGC 11570	307.12025	25.72342	6.5226e7	z	S0-a	1.08	0.35	141	14.44	redshift
NGC 7559B	MCG +02-59-013|PGC 70864|UGC 12463 NOTES01	348.944	13.29028	6.5226e7	z	E-S0	1.29	1.17	66	14.43	redshift
IC 49	MCG +00-03-003|PGC 2617|UGC 468	10.98387	1.85028	6.5231e7	z	SABc	1.28	1.04	77	14.28	redshift
IC 290	PGC 11817|UGC 2561	47.428	40.9742	6.5253e7	m	Sb	1.24	0.32	129	15.43	CF4
NGC 1633	MCG +01-12-014|PGC 15774|UGC 3125	70.0379	7.3492	6.5253e7	m	SABa	1.09	0.9	5	14.54	CF4
NGC 2643	PGC 24434	130.46558	19.70253	6.5256e7	z	S0-a	0.68	0.37	19	15.45	redshift
NGC 7381	ESO 603-017|MCG -03-58-007a|PGC 69828	342.53396	-19.72511	6.5269e7	z	Sc	0.68	0.47	108	14.93	redshift
NGC 6027C	MCG +04-38-007|PGC 56578|UGC 10116 NED04	239.79946	20.74761	6.5312e7	z	SBc	1.1	0.22	174	16.58	redshift
NGC 6860	ESO 143-009|PGC 64166	302.19537	-61.10019	6.5312e7	z	SBb	1.31	0.75	32	13.75	redshift
NGC 5065	MCG +05-31-170|PGC 46293|UGC 8356	199.3772	31.0928	6.5313e7	m	SABc	1.22	0.73	87	14.24	CF4
IC 4861	ESO 142-015|PGC 63274	292.3194	-57.5751	6.5313e7	m	Sc	1.21	0.47	28	15.51	CF4
IC 4935	ESO 143-003|PGC 64064	301.14217	-57.59817	6.5329e7	z	SBa	1.8	0.5	176	14.07	redshift
NGC 2507	MCG +03-21-010|PGC 22510|UGC 4172	120.40504	15.70975	6.5342e7	z	S0-a	1.52	1.43	60	13.92	redshift
NGC 7823	ESO 111-012|PGC 328	1.18996	-62.06156	6.5342e7	z	SBbc	1.13	0.7	30	13.46	redshift
NGC 1609	MCG -01-12-025|PGC 15480	68.1879	-4.3724	6.5343e7	m	S0-a	1.24	0.78	103	14.65	CF4
NGC 5914	MCG +07-31-055|PGC 54654	229.6827	41.8655	6.5343e7	m	Sab	0.92	0.36	156	14.51	CF4
NGC 700	PGC 6928	28.07017	36.03672	6.5372e7	z	S0	0.48	0.4	41	15.51	redshift
NGC 57	MCG +03-01-031|PGC 1037|UGC 145	3.8786	17.3284	6.5373e7	m	E	2.11	1.6	47	12.7	CF4
IC 4735	ESO 103-041|PGC 62213	279.95808	-62.95603	6.5385e7	z		0.79	0.54	38	15.51	redshift
IC 4293	ESO 509-077|MCG -04-32-044|PGC 47987	204.00942	-25.88231	6.5458e7	z	E-S0	2.19	1.39	177	13.57	redshift
IC 1770	MCG +02-06-013|PGC 7751|UGC 1522	30.55996	9.98094	6.547e7	z	S0	1.41	1.36	50	15.32	redshift
IC 1763	ESO 414-020|MCG -05-05-025|PGC 7514	29.79896	-27.81069	6.5488e7	z	Sbc	1.09	0.92	45	14.64	redshift
NGC 341	MCG -02-03-063|PGC 3620	15.19096	-9.18569	6.5488e7	z	Sbc	1.25	1.14	145	13.97	redshift
IC 2068	ESO 303-017|MCG -07-10-004|PGC 15106	66.65367	-42.09372	6.55e7	z	S0-a	1.29	0.91	171	14.27	redshift
IC 35	MCG +02-02-024|PGC 2246|UGC 374	9.41617	10.35797	6.5513e7	z	Sc	0.9	0.74	18	14.96	redshift
IC 665		165.12471	-13.86681	6.5513e7	z	Sab	1.03	0.35	148	15.18	redshift
IC 4800	ESO 104-025|PGC 62637	284.68133	-63.13922	6.5543e7	z	SBa	1.95	1.1	161	13.76	redshift
NGC 1233	MCG +06-08-003|PGC 11955|UGC 2586	48.13796	39.31892	6.5556e7	z	Sb	1.51	0.46	29	14.01	redshift
NGC 6628	MCG +04-43-029|PGC 61790|UGC 11211	275.59129	23.47856	6.5569e7	z	S0	1.52	0.91	89	14.72	redshift
NGC 4914	MCG +06-29-014|PGC 44807|UGC 8125	195.1791	37.3152	6.5584e7	m	E	2.69	1.31	154	12.5	CF4
IC 2288	MCG +04-20-023|PGC 23342	124.84325	23.74731	6.5599e7	z	SABc	0.53	0.31	68	15.62	redshift
NGC 1155	MCG -02-08-035|PGC 11233	44.55454	-10.35058	6.5599e7	z	S0	1.1	0.87	75	14.15	redshift
IC 116	MCG -01-04-049|PGC 5389	21.7107	-4.9821	6.5615e7	m	Sbc	0.87	0.56	125	14.62	CF4
NGC 3463	ESO 502-002|MCG -04-26-014|PGC 32813	163.8058	-26.1408	6.5615e7	m	Sb	1.51	0.7	77	13.82	CF4
NGC 3509	MCG +01-28-033|PGC 33446|UGC 6134	166.0983	4.8285	6.5615e7	m	Sbc	1.93	0.51	37	14.11	CF4
NGC 5387	MCG +01-36-011|PGC 49724|UGC 8891	209.6033	6.071	6.5615e7	m	SBbc	1.17	0.37	24	14.79	CF4
IC 4688	MCG +02-46-006|PGC 61441|UGC 11125	272.0498	11.7122	6.5615e7	m	Sc	1.3	0.95	174	14.63	CF4
IC 5104	MCG +03-54-007|PGC 66622|UGC 11731	320.3718	21.2421	6.5615e7	m	Sab	1.48	0.43	172	14.32	CF4
IC 500	MCG -03-21-007|PGC 23011	123.165	-16.05081	6.5616e7	z	S0-a	1.77	0.71	54		redshift
NGC 4646	MCG +09-21-031|PGC 42740|UGC 7892	190.71717	54.856	6.5629e7	z	E	0.63	0.28	17	14.33	redshift
NGC 775	ESO 477-018|MCG -05-05-024|PGC 7451	29.63612	-26.29372	6.5633e7	z	SABc	1.69	1.28	162	13.38	redshift
IC 4698	ESO 103-015|PGC 61762	275.24971	-63.34794	6.5642e7	z	Sb	1.75	0.26	39	15.32	redshift
NGC 748	MCG -01-06-004|PGC 7259	29.0907	-4.4677	6.5645e7	m	Sb	2.56	1.02	146	13.42	CF4
NGC 1293	MCG +07-07-075|PGC 12597	50.4019	41.3928	6.5645e7	m	E	0.86	0.86	0	14.5	CF4
NGC 2553	MCG +04-20-014|PGC 23240	124.3957	20.9032	6.5645e7	m	Sa	1.11	0.67	57	14.7	CF4
NGC 6614	ESO 103-018|PGC 61852	276.2799	-63.2483	6.5645e7	m	E-S0	1.64	1.26	69	13.8	CF4
NGC 561	MCG +06-04-029|PGC 5489|UGC 1048	22.07817	34.30864	6.5655e7	z	Sa	1.4	1.28	145	14.02	redshift
NGC 5368	MCG +09-23-014|PGC 49431|UGC 8834	208.6215	54.33067	6.5655e7	z	Sab	0.99	0.75	19	13.86	redshift
NGC 7559A	MCG +02-59-014|PGC 70852|UGC 12463	348.94163	13.29694	6.5672e7	z	S0-a	0.6	0.43	38	16.41	redshift
NGC 2598	MCG +04-20-065|PGC 23855|UGC 4443	127.5105	21.48867	6.5685e7	z	SBa	1.19	0.38	3	14.62	redshift
IC 4963	ESO 186-010|PGC 64255	303.02287	-55.24589	6.5715e7	z	SABa	1.43	0.61	159	14.33	redshift
NGC 6407	ESO 139-022|PGC 60796	266.24037	-60.73981	6.5727e7	z	S0	2.47	1.93	56	12.99	redshift
IC 5292	PGC 70740	348.44612	13.68761	6.574e7	z	Sc	0.68	0.64	90	15.29	redshift
NGC 199	MCG +00-02-111|PGC 2382|UGC 415	9.88821	3.13853	6.574e7	z	S0	1.14	0.69	160	14.61	redshift
NGC 4511	MCG +10-18-063|PGC 41560	188.03379	56.47117	6.574e7	z	Sb	0.92	0.57	7	14.52	redshift
IC 4448	ESO 022-002|PGC 52426	220.1165	-78.80922	6.5744e7	z	SBc	1.1	0.86	176	14.09	redshift
NGC 4823	PGC 44305	194.35683	-13.69869	6.5783e7	z	S0-a	0.81	0.22	178	15.97	redshift
NGC 2191	ESO 160-014|PGC 18464	92.09946	-52.51231	6.5804e7	z	S0	1.77	0.86	122	13.22	redshift
NGC 5581	MCG +04-34-021|PGC 51282	215.31796	23.48003	6.5826e7	z	E	0.6	0.48	0	14.67	redshift
IC 4795	ESO 141-014|PGC 62608	284.31817	-61.60908	6.5856e7	z	Sc	1.13	0.27	69	15.77	redshift
IC 5001	ESO 186-042|PGC 64681	306.58354	-54.77472	6.5864e7	z	S0-a	0.97	0.39	28	15.25	redshift
NGC 5126	ESO 444-028|MCG -05-32-010|PGC 46910	201.22333	-30.33361	6.5864e7	z	S0-a	1.86	0.64	57	14.2	redshift
NGC 1691	MCG +01-13-009|PGC 16300|UGC 3201	73.65975	3.26797	6.5886e7	z	S0-a	1.54	1.47	30	13.12	redshift
NGC 2485	MCG +01-21-001|PGC 22266|UGC 4112	119.20275	7.47794	6.5916e7	z	Sa	1.57	1.46	5	13.21	redshift
NGC 107	MCG -02-02-014|PGC 1606	6.4257	-8.2828	6.5917e7	m	Sbc	0.78	0.49	179	15.03	CF4
NGC 200	MCG +00-02-112|PGC 2387|UGC 420	9.8952	2.8874	6.5917e7	m	Sbc	1.8	1.02	163	13.5	CF4
NGC 2788A	ESO 060-024|PGC 25400	135.6644	-68.2269	6.5917e7	m	Sb	2.51	0.49	55	13.99	CF4
NGC 4284	MCG +10-18-026|PGC 39775|UGC 7393	185.0526	58.093	6.5917e7	m	Sbc	1.9	0.86	101	14.49	CF4
IC 1495	MCG -02-59-024|PGC 71631	352.6989	-13.4856	6.5917e7	m	Sb	1.33	0.83	25	14.14	CF4
IC 1504	MCG +01-60-020|PGC 72117|UGC 12734	355.3311	4.0175	6.5917e7	m	Sb	1.64	0.49	92	14.41	CF4
IC 1696	MCG +00-04-122|PGC 5231|UGC 973	21.2183	-1.617	6.5948e7	m	E	0.83	0.75	16	14.63	CF4
NGC 4063	PGC 38154	181.0249	1.8469	6.5948e7	m	S0-a	0.92	0.4	8	14.86	CF4
NGC 7780	MCG +01-60-046|PGC 72775|UGC 12833	358.3839	8.118	6.5948e7	m	SABa	0.99	0.54	0	14.82	CF4
IC 245	MCG -03-07-046|PGC 10032	39.72767	-14.30556	6.598e7	z	Sbc	1.11	0.29	25	15	redshift
NGC 1045	MCG -02-07-059|PGC 10129	40.12133	-11.27756	6.5984e7	z	E-S0	1.69	1.27	59	13.42	redshift
NGC 996	MCG +07-06-045|PGC 10015|UGC 2123	39.66613	41.64753	6.5993e7	z	E	1.3	1.12	75	14.46	redshift
NGC 3727	PGC 35697	173.42054	-13.87889	6.5993e7	z	S0	0.92	0.63	87	15.14	redshift
NGC 186	MCG +00-02-098|PGC 2291|UGC 390	9.60542	3.16644	6.6014e7	z	S0-a	1.39	0.83	25	14.72	redshift
IC 4980	ESO 143-018|PGC 64367	303.87054	-57.91269	6.6027e7	z	S0-a	1.61	0.63	123	14.24	redshift
IC 3892	MCG +07-27-005|PGC 44001|UGC 8044	193.77517	39.22194	6.604e7	z	S0-a	1.22	0.55	176	15.39	redshift
NGC 1610	PGC 15543	68.55779	-4.69975	6.6083e7	z	Sab	1.1	0.7	156	16.17	redshift
NGC 3010C	MCG +07-20-067|PGC 28340|UGC 5273 NED03	147.66413	44.33097	6.6083e7	z	SABc	0.68	0.51	36	15.59	redshift
NGC 7402	MCG +00-58-010|PGC 69914	343.26867	1.14444	6.6083e7	z	S0	0.42	0.29	46	16.05	redshift
NGC 6125	MCG +10-23-065|PGC 57812|UGC 10345	244.79812	57.98422	6.6087e7	z	E	1.38	1.38	40	13	redshift
IC 138	MCG +00-05-003|PGC 5771|UGC 1106	23.25825	-0.68983	6.6126e7	z	SABc	1.12	0.74	23	14.72	redshift
NGC 735	MCG +06-05-058|PGC 7275|PGC 7282|UGC 1411	29.15825	34.17678	6.613e7	z	Sb	1.6	0.41	136	14.06	redshift
NGC 2945	ESO 565-028|MCG -04-23-010|PGC 27418	144.42137	-22.03506	6.6143e7	z	E-S0	1.66	1.31	160	13.34	redshift
NGC 252	MCG +04-03-004|PGC 2819|UGC 491	12.006	27.6244	6.6161e7	m	S0-a	1.62	1.16	82	13.35	CF4
NGC 5225	MCG +09-22-078|PGC 47731|UGC 8540	203.334	51.49033	6.6181e7	z	E	0.73	0.73	60	14.37	redshift
NGC 792	MCG +02-06-015|PGC 7744|UGC 1517	30.56387	15.71219	6.6198e7	z	S0	1.27	0.67	130	14.53	redshift
NGC 2756	MCG +09-15-098|PGC 25757|UGC 4796	137.2541	53.8495	6.6222e7	m	Sb	1.5	1	0	13.12	CF4
IC 724	MCG +02-30-022|PGC 36450|UGC 6695	175.8945	8.9423	6.6222e7	m	Sa	2.39	0.73	59	13.65	CF4
NGC 6310	MCG +10-24-100|PGC 59662|UGC 10730	256.9893	60.9901	6.6222e7	m	Sb	1.68	0.35	70	13.79	CF4
IC 4781	ESO 104-018|PGC 62505	282.90683	-62.79261	6.6228e7	z	S0-a	0.96	0.65	1	15.23	redshift
NGC 962	MCG +05-07-004|PGC 9682|UGC 2013	38.16596	28.06994	6.6228e7	z	E-S0	1.46	1.03	178	14.15	redshift
IC 1575	PGC 2601	10.8891	-4.1178	6.6252e7	m	Sa	0.87	0.77	140	14.4	CF4
IC 458	MCG +08-13-085|PGC 20306|UGC 3713	107.6427	50.1187	6.6252e7	m	E-S0	0.9	0.39	173	14.38	CF4
NGC 2747	PGC 25507	136.3265	18.4422	6.6252e7	m	S0-a	0.56	0.35	172	15.69	CF4
IC 546	MCG -03-25-007|PGC 27234	143.7093	-16.3843	6.6252e7	m	S0-a	1.27	0.7	103	14.83	CF4
NGC 5794	MCG +08-27-032|PGC 53378|UGC 9610	223.9734	49.7261	6.6252e7	m	S0-a	1.07	0.91	143	14.32	CF4
NGC 295	PGC 3555	14.8845	31.79806	6.6284e7	z		0.59	0.54	65	14.98	redshift
NGC 5166	MCG +05-32-026|PGC 47234|UGC 8463	202.06267	32.03239	6.6314e7	z	SABb	2.13	0.37	67	14.31	redshift
IC 1934	PGC 13080|UGC 2769	52.80842	42.79228	6.6327e7	z	S0	0.99	0.51	135	16	redshift
IC 3600	MCG +05-30-041|PGC 42161	189.4215	27.12956	6.634e7	z	S0	0.67	0.61	134	15.67	redshift
NGC 5434	MCG +02-36-022|PGC 50077|UGC 8965	210.84642	9.44808	6.634e7	z	Sc	1.48	1.39	35	13.94	redshift
IC 4755	ESO 103-058|PGC 62349	281.25479	-63.69222	6.637e7	z	Sa	1.42	0.32	96	15.15	redshift
IC 4366	ESO 384-045|MCG -05-33-042|PGC 50230	211.29783	-33.76011	6.6378e7	z	Sc	1.63	1.21	149	13.31	redshift
IC 4518B	MCG -07-31-002|PGC 53467	224.43525	-43.13136	6.6425e7	z	Sc	1.26	0.24	106	16.46	redshift
NGC 6872	ESO 073-032|PGC 64413	304.23567	-70.76794	6.643e7	z	SBb	4.7	1.8	45	12.62	redshift
NGC 777	MCG +05-05-038|PGC 7584|UGC 1476	30.0621	31.4294	6.6435e7	m	E	2.75	2.06	148	12.5	CF4
IC 494	MCG +00-21-004|PGC 22755|UGC 4224	121.6002	1.0359	6.6466e7	m	S0	1.32	0.64	48	14.26	CF4
NGC 6956	MCG +02-53-001|PGC 65269|UGC 11619	310.9739	12.512	6.6466e7	m	Sb	1.75	1.37	112	13.4	CF4
IC 2282	MCG +04-20-020|PGC 23333	124.81471	24.79264	6.6468e7	z	Sbc	0.88	0.77	45	14.44	redshift
IC 5188	ESO 146-017|PGC 68539	334.61	-59.64133	6.6477e7	z	SABc	1.29	1.05	9	13.84	redshift
NGC 571	MCG +05-04-063|PGC 5587|UGC 1069	22.48325	32.50133	6.6541e7	z	Sbc	0.71	0.66	150	14.97	redshift
NGC 7223	MCG +07-45-018|PGC 68197|UGC 11931	332.53817	41.01728	6.6541e7	z	SBc	1.41	1.13	126	13.42	redshift
NGC 541	MCG +00-04-137|PGC 5305|UGC 1004	21.4347	-1.3795	6.6558e7	m	E	2.16	1.5	69	13.14	CF4
NGC 3171	ESO 567-031|MCG -03-26-032|PGC 29950	153.9034	-20.6473	6.6558e7	m	E-S0	1.87	1.25	173	14.05	CF4
NGC 4687	MCG +06-28-031|PGC 43157|UGC 7958	191.849	35.3521	6.6558e7	m	E	0.96	0.9	95	14.01	CF4
NGC 7001	MCG +00-53-016|PGC 65905|UGC 11663	315.2823	-0.1952	6.6558e7	m	SABa	1.38	1.03	169	13.79	CF4
IC 193	MCG +02-06-016|PGC 7765|UGC 1529	30.62908	11.09308	6.6571e7	z	Sc	1.36	0.97	154	14.62	redshift
NGC 7687	MCG +00-59-051|PGC 71635	352.72688	3.54661	6.6571e7	z	S0	1.09	0.94	88	14.94	redshift
IC 2122	ESO 362-014|MCG -06-12-017|PGC 17081	79.75583	-37.08939	6.6584e7	z	E-S0	1.75	1.51	66	13.93	redshift
NGC 6722	ESO 104-033|PGC 62722	285.91821	-64.89447	6.6588e7	z	Sb	2.93	0.51	164	13.57	redshift
NGC 315	MCG +05-03-031|PGC 3455|UGC 597	14.4537	30.3539	6.6589e7	m	E	2.86	2.14	45	12.21	CF4
NGC 483	MCG +05-04-029|PGC 4961|UGC 906	20.48458	33.52097	6.664e7	z	Sb	0.87	0.79	115	13.96	redshift
IC 2204	MCG +06-17-026|PGC 21581|UGC 3965	115.32542	34.23217	6.6644e7	z	Sab	0.89	0.82	138	15.35	redshift
NGC 1642	MCG +00-12-072|PGC 15867|UGC 3140	70.72879	0.61858	6.6682e7	z	Sc	1.66	1.43	151	13.33	redshift
IC 2201	MCG +06-17-020|PGC 21372|UGC 3926	114.07004	33.12272	6.6687e7	z	Sa	1.16	0.29	66	14.91	redshift
NGC 7771	MCG +03-60-035|PGC 72638|UGC 12815	357.85338	20.11175	6.67e7	z	Sa	2.51	1.24	68	12.94	redshift
NGC 7284	ESO 533-031|MCG -04-53-004|PGC 68950	337.14971	-24.84414	6.6704e7	z	S0	1.82	1.44	64	13.33	redshift
NGC 6711	MCG +08-34-025|PGC 62456|UGC 11361	282.25367	47.65811	6.673e7	z	Sbc	1.03	0.94	70	13.71	redshift
NGC 1001	MCG +07-06-050|PGC 10050	39.80271	41.67172	6.6772e7	z	Sab	0.72	0.27	114	14.66	redshift
NGC 3404	MCG -02-28-011|PGC 32466	162.575	-12.1087	6.6773e7	m	SBab	2.06	0.6	81	14.06	CF4
NGC 7131	MCG -02-55-002|PGC 67359	326.9004	-13.1827	6.6773e7	m	S0	1.13	0.87	114	14.91	CF4
IC 384	PGC 2816418	69.82617	-7.83911	6.6785e7	z	E	0.49	0.48	94	15.14	redshift
NGC 7360	MCG +01-58-001|PGC 69591|UGC 12167	340.89146	4.15117	6.6785e7	z	E	0.81	0.42	153	14.48	redshift
NGC 4868	MCG +06-29-004|PGC 44557|UGC 8099	194.78708	37.31033	6.6798e7	z	Sab	1.43	1.3	155	12.95	redshift
IC 4857	ESO 142-012|PGC 63256	292.16325	-58.76792	6.6811e7	z	Sc	1.82	1.08	32	13.71	redshift
NGC 1585	ESO 303-018|MCG -07-10-006|PGC 15150	66.88754	-42.16522	6.6824e7	z	Sc	0.85	0.63	168	14.23	redshift
NGC 2511	MCG +02-21-008|PGC 22549	120.56254	9.39442	6.6828e7	z	Sab	1.04	0.57	118	14.91	redshift
IC 1749	MCG +01-06-001|PGC 7235|UGC 1407	29.0462	6.7448	6.6834e7	m	S0	1.06	0.69	150	14.69	CF4
IC 2219	MCG +05-19-035|PGC 22565|UGC 4180	120.652	27.4374	6.6834e7	m	Sc	1.16	0.55	176	14.41	CF4
NGC 5358	MCG +07-29-013|PGC 49389|UGC 8826	208.5016	40.2774	6.6834e7	m	S0-a	1.12	0.38	138	14.58	CF4
NGC 7301	ESO 602-023|MCG -03-57-015|PGC 69021	337.6446	-17.5738	6.6834e7	m	SBab	0.85	0.27	180	14.21	CF4
NGC 7543	MCG +05-54-052|PGC 70785|UGC 12450	348.644	28.3271	6.6834e7	m	Sb	1.39	0.95	145	14.25	CF4
IC 1149	MCG +02-41-001|PGC 56511|UGC 10108	239.53325	12.07028	6.6854e7	z	Sbc	1.07	0.85	164	14.05	redshift
IC 2406	MCG +03-23-005|PGC 24721|UGC 4606	132.01921	17.70239	6.6854e7	z	S0-a	1.64	0.77	173	14.21	redshift
NGC 906	MCG +07-06-012|PGC 9188|UGC 1868	36.31775	42.08989	6.6854e7	z	Sab	1.46	1.01	16	13.78	redshift
NGC 6697	MCG +04-44-014|PGC 62354|UGC 11349	281.31233	25.51258	6.6854e7	z	E	1.19	0.95	65	14.46	redshift
IC 1517	MCG +00-01-008|PGC 72942	359.0782	-0.3056	6.6865e7	m	S0	1.01	0.75	172	14.62	CF4
IC 4783	ESO 141-008|PGC 62502	282.88904	-58.81317	6.6871e7	z	Sbc	1.15	0.92	59	14.59	redshift
NGC 1595	ESO 202-025|PGC 15195	67.09067	-47.81589	6.6871e7	z	E	1.5	1.09	12	13.67	redshift
NGC 6052 NED01	MCG +04-38-022 NED01|PGC 57039|UGC 10182 NED01	241.30363	20.54239	6.6897e7	z		0.83	0.65	5	13.46	redshift
IC 4811	ESO 104-034|PGC 62760	286.43613	-67.13383	6.6909e7	z	Sbc	0.62	0.49	106	15.76	redshift
NGC 1154	MCG -02-08-034|PGC 11221	44.53196	-10.36331	6.6922e7	z	Sc	1.02	0.59	90	13.92	redshift
NGC 4538	MCG +01-32-105|PGC 41850	188.67042	3.32367	6.6939e7	z	Sc	0.71	0.4	80	14.55	redshift
NGC 2762	MCG +08-17-045|PGC 25828	137.47721	50.41825	6.6982e7	z	S0	0.51	0.36	180	15.86	redshift
IC 390	MCG -01-12-046|PGC 15844	70.51613	-7.20644	6.7025e7	z	S0-a	1.14	0.4	35	15.48	redshift
NGC 6917	MCG +01-52-007|PGC 64715|UGC 11563	306.86817	8.09808	6.7055e7	z	Sbc	1.11	0.45	48	14.24	redshift
NGC 1006	MCG -02-07-044|PGC 9949	39.39525	-11.025	6.7068e7	z	Sc	0.86	0.24	1	14.05	redshift
NGC 6257	PGC 59274	254.01463	39.6455	6.7068e7	z	SBc	0.87	0.27	122	15.61	redshift
NGC 531	MCG +06-04-020|PGC 5340|UGC 1012	21.57875	34.75389	6.7098e7	z	S0-a	1.77	0.47	33	14.87	redshift
IC 1174	MCG +03-41-091|PGC 57059|UGC 10185	241.36175	15.02533	6.7111e7	z	S0-a	1.03	0.75	51	14.37	redshift
NGC 7373	PGC 69688	341.58087	3.21006	6.7115e7	z	S0	1.04	0.55	8	14.71	redshift
NGC 2522	MCG +03-21-014|PGC 22749|UGC 4218	121.556	17.70658	6.7128e7	z	S0-a	1.15	0.33	33	14.1	redshift
NGC 1118	MCG -02-08-011|PGC 10748	42.4944	-12.1638	6.7143e7	m	S0	1.97	0.63	92	14.25	CF4
NGC 2545	MCG +04-20-007|PGC 23086|UGC 4287	123.5589	21.3555	6.7143e7	m	Sab	1.95	1.06	169	13.21	CF4
IC 5107	ESO 107-029|PGC 66813	322.0612	-65.7357	6.7143e7	m	Sc	1.02	0.38	4	15.18	CF4
NGC 266	MCG +05-03-009|PGC 2901|UGC 508	12.44917	32.27772	6.7154e7	z	Sab	2.92	2.83	95	12.65	redshift
IC 1815	MCG +05-07-014|PGC 9794|UGC 2047	38.58333	32.42947	6.7158e7	z	S0	1.35	1.2	123	14.26	redshift
NGC 3314B	PGC 31532	159.30521	-27.68497	6.7171e7	z	Sc	0.64	0.46	46	13.51	redshift
NGC 394	MCG +05-03-063|PGC 4049	17.1084	33.1481	6.7174e7	m	S0	0.64	0.34	130	14.77	CF4
NGC 519	PGC 5182	21.1193	-1.6413	6.7174e7	m	E	0.53	0.29	135	15.3	CF4
NGC 1621	MCG -01-12-035|PGC 15626	69.1044	-4.9873	6.7174e7	m	E	1.34	0.91	98	14.83	CF4
IC 4702	ESO 140-020|PGC 61810	275.7659	-59.2389	6.7174e7	m	S0-a	1.66	1.19	155	14	CF4
IC 1619	MCG +05-03-054|PGC 3975	16.8435	33.06728	6.7196e7	z	S0	0.75	0.6	93	15.18	redshift
IC 182	MCG +01-06-026|PGC 7556|UGC 1473	29.96588	7.41183	6.7201e7	z	Sb	1.06	0.7	36	14.54	redshift
IC 120	PGC 5484	22.054	-1.91553	6.7239e7	z	S0	0.92	0.33	138	15.12	redshift
IC 4882	ESO 185-009|PGC 63505	295.09713	-55.19692	6.7239e7	z	SBb	0.98	0.84	2	14.62	redshift
NGC 169A	MCG +04-02-034|PGC 2201	9.21804	23.98497	6.7299e7	z	S0-a	0.83	0.44	159	14.7	redshift
NGC 4717	MCG -01-33-023|PGC 43467	192.64329	-9.46303	6.7299e7	z	Sa	1.61	0.68	2	14.08	redshift
NGC 3276	ESO 317-040|PGC 31031	157.78833	-39.94467	6.7325e7	z	S0	1.26	0.74	69	14.46	redshift
NGC 7397	MCG +00-58-008|PGC 69904	343.19458	1.13278	6.7325e7	z	S0-a	0.71	0.47	162	15.04	redshift
NGC 354	MCG +04-03-037|PGC 3763|UGC 645	15.81829	22.34267	6.7329e7	z	SBb	0.9	0.4	33	14.16	redshift
IC 4578	ESO 042-013|PGC 56305	238.29442	-74.82528	6.7346e7	z	SBb	1.63	0.62	139	13.93	redshift
NGC 978A	MCG +05-07-016|PGC 9821|UGC 2057	38.69571	32.84619	6.7372e7	z	E-S0	1.83	1.53	85	13.26	redshift
NGC 105	MCG +02-02-008|PGC 1583	6.3199	12.8838	6.7391e7	m	Sab	0.81	0.65	170	13.91	CF4
NGC 4675	MCG +09-21-039|PGC 42998|UGC 7935	191.3829	54.7376	6.7391e7	m	SBb	1.34	0.43	92	14.84	CF4
NGC 2200	ESO 254-039|MCG -07-13-006|PGC 18652	93.32325	-43.66317	6.7419e7	z	SBc	1.21	0.94	168	14.86	redshift
IC 4319	ESO 445-019|MCG -05-32-071|PGC 48617	205.86071	-29.80347	6.7445e7	z	Sbc	1.61	0.54	73	14.32	redshift
NGC 6485	MCG +05-42-004|PGC 61013|UGC 11014	267.96975	31.46178	6.7445e7	z	Sbc	1.23	1.16	15	14.13	redshift
NGC 808	ESO 478-001|MCG -04-06-003|PGC 7865	30.9866	-23.3123	6.7453e7	m	Sbc	1.31	0.62	12	14.17	CF4
IC 344	MCG -01-10-020|PGC 13568	55.3732	-4.6658	6.7453e7	m	SBbc	0.89	0.47	42	14.92	CF4
IC 2104	MCG -03-13-034|PGC 16367	74.0796	-15.7982	6.7453e7	m	Sbc	2.11	1.14	100	13.79	CF4
NGC 1771	ESO 085-027|PGC 16472	74.7322	-63.2983	6.7453e7	m	SABc	1.95	0.59	134	14.17	CF4
IC 609	MCG +00-27-009|PGC 30600|UGC 5641	156.3975	-2.2152	6.7453e7	m	Sbc	1.35	0.39	19	14.33	CF4
IC 3122	MCG +04-29-062|PGC 39519|UGC 7341	184.5892	25.2167	6.7453e7	m	Sb	1.27	0.57	150	14.59	CF4
IC 4541	ESO 068-006|PGC 55252	232.4815	-70.585	6.7453e7	m	Sb	1.74	0.53	151	13.95	CF4
IC 4567	MCG +07-32-040|PGC 55620|UGC 9940	234.3049	43.2978	6.7453e7	m	Sc	1.34	0.96	131	13.55	CF4
IC 1768	ESO 477-021|MCG -04-05-026|PGC 7636	30.208	-25.0268	6.7484e7	m	S0	1.45	1.2	47	14.29	CF4
NGC 5321	MCG +06-30-101|PGC 49148	207.6822	33.6326	6.7484e7	m	S0-a	0.89	0.63	49	15.02	CF4
IC 4931	ESO 339-023|MCG -06-44-008|PGC 63976	300.2091	-38.5749	6.7484e7	m	E	2.28	1.43	135	12.94	CF4
NGC 2274	MCG +06-15-008|PGC 19603|UGC 3541	101.8224	33.5673	6.7515e7	m	E	1.78	1.77	170	13.52	CF4
IC 4818	ESO 184-009|PGC 62766	286.51267	-55.13683	6.7539e7	z	S0-a	0.95	0.24	77	15.4	redshift
NGC 3010	MCG +07-20-065|PGC 28330|UGC 5273 NED01	147.63813	44.31439	6.7539e7	z	E	0.98	0.58	47	14.99	redshift
NGC 950	MCG -02-07-021|PGC 9461	37.29904	-11.02469	6.756e7	z	SBb	1.18	0.63	47	14.48	redshift
NGC 2333	MCG +06-16-020|PGC 20223|UGC 3689	107.08892	35.17003	6.7586e7	z	Sa	1	0.7	38	14.05	redshift
NGC 6937	ESO 234-060|PGC 65125	309.69096	-52.14325	6.7586e7	z	Sbc	2.55	1.69	155	13.51	redshift
NGC 3008	MCG +07-20-059|PGC 28252	147.39275	44.10269	6.7625e7	z	S0-a	0.75	0.47	136	15.23	redshift
NGC 1568	MCG +00-12-027|PGC 15042|UGC 3032	66.10558	-0.74622	6.7629e7	z	S0-a	1.46	0.99	139	14.82	redshift
NGC 3128	MCG -03-26-020|PGC 29330	151.50571	-16.12203	6.7633e7	z	SBb	1.54	0.63	173	14.11	redshift
NGC 7252	ESO 533-015|MCG -04-52-036|PGC 68612	335.18646	-24.67828	6.7667e7	z	S0	1.85	1.71	95	12.79	redshift
NGC 4271	MCG +10-18-025|PGC 39683|UGC 7375	184.88583	56.73658	6.7672e7	z	E-S0	1.77	1.36	59	13.59	redshift
NGC 6504	MCG +06-39-027|PGC 61129|UGC 11053	269.02379	33.20839	6.7702e7	z	Sa	1.94	0.41	95	13.3	redshift
NGC 1648	MCG -01-13-004|PGC 15886|PGC 15920	71.145	-8.47886	6.771e7	z	S0	0.84	0.53	179	15.56	redshift
IC 1359	MCG +02-54-001|PGC 66189|UGC 11684	317.17925	12.48428	6.7715e7	z	Sab	1.16	0.49	171	14.74	redshift
IC 5128	ESO 343-022|MCG -07-44-035|PGC 67232	325.79904	-38.96828	6.7727e7	z	S0-a	0.96	0.64	128	14.11	redshift
IC 2196	MCG +05-18-021|PGC 21300|UGC 3910	113.54058	31.40567	6.7753e7	z	E	1.67	0.86	153	13.92	redshift
NGC 953	MCG +05-07-001|PGC 9586|UGC 1991	37.79075	29.58875	6.7757e7	z	E	1.47	1.19	14	14.46	redshift
NGC 1622	MCG -01-12-036|PGC 15635	69.1527	-3.1889	6.7764e7	m	SABa	2.86	0.52	29	13.41	CF4
NGC 4662	MCG +06-28-025|PGC 42904|UGC 7917	191.1093	37.1213	6.7764e7	m	Sbc	1.83	1.48	60	13.53	CF4
NGC 5104	MCG +00-34-031|PGC 46633|UGC 8391	200.3461	0.3424	6.7764e7	m	Sa	1.2	0.46	170	14.28	CF4
NGC 6073	MCG +03-41-139|PGC 57353|UGC 10235	242.5452	16.6996	6.7764e7	m	Sc	1.31	0.65	127	14.3	CF4
IC 5074	ESO 107-001|PGC 65902	315.25192	-63.15267	6.777e7	z	Sc	0.65	0.46	168	14.63	redshift
NGC 6982	ESO 235-019|PGC 65776	314.32658	-51.86228	6.7779e7	z	SBa	1	0.49	66	14.39	redshift
NGC 379	MCG +05-03-050|PGC 3966|UGC 683	16.8159	32.5201	6.7795e7	m	S0	1.41	0.68	2	13.81	CF4
NGC 1041	MCG -01-07-030|PGC 10125	40.105	-5.4403	6.7795e7	m	E-S0	1.36	1.08	47	14.09	CF4
IC 679	PGC 170124	169.1525	-13.9719	6.7795e7	m	E	0.53	0.37	125	15.39	CF4
NGC 414 NED01	PGC 4254|UGC 744 NED01	17.82283	33.11389	6.7796e7	z	S0	0.74	0.34	23	14.45	redshift
IC 4656	ESO 102-010|PGC 60595	264.43279	-63.72967	6.7804e7	z	Sc	2.65	0.57	90	13.75	redshift
NGC 7570	MCG +02-59-018|PGC 70912|UGC 12473	349.18613	13.483	6.7852e7	z	Sa	1.58	0.8	29	13.91	redshift
IC 5203	ESO 146-020|PGC 68684	335.64292	-59.77322	6.7856e7	z	Sc	1.11	0.68	12	14.75	redshift
NGC 434A	ESO 113-024|PGC 4344	18.12342	-58.2095	6.7882e7	z	S0-a	1.19	0.24	57	15.61	redshift
IC 190	MCG +04-05-040|PGC 7731	30.53033	23.54983	6.7886e7	z	E	0.25	0.2	95	15.03	redshift
NGC 1614	MCG -01-12-032|PGC 15538	68.49938	-8.57889	6.7886e7	z	SBc	1.26	0.95	20	13.61	redshift
IC 4970	ESO 073-033|PGC 64415	304.23896	-70.74975	6.7894e7	z	E-S0	1.66	0.44	12	14.61	redshift
NGC 108	MCG +05-02-012|PGC 1619|UGC 246	6.49887	29.21206	6.7916e7	z	S0-a	1.69	1.14	63	13.26	redshift
NGC 6632	MCG +05-43-018|PGC 61849|UGC 11226	276.26288	27.53531	6.7916e7	z	Sbc	2.4	1.16	156	12.96	redshift
NGC 1576	MCG -01-12-007|PGC 15089	66.57842	-3.62108	6.7967e7	z	E-S0	1.49	0.88	102	14.34	redshift
NGC 2498	MCG +04-19-015|PGC 22403|UGC 4142	119.91188	24.98233	6.7967e7	z	Sa	1.04	0.67	127	14.28	redshift
IC 4937	ESO 185-060|PGC 64074	301.32325	-56.25619	6.7972e7	z	Sb	1.72	0.41	1	14.92	redshift
NGC 807	MCG +05-06-001|PGC 7934|UGC 1571	31.23192	28.98744	6.7972e7	z	E	1.71	1.08	142	13.75	redshift
NGC 4956	MCG +06-29-025|PGC 45236|UGC 8177	196.25392	35.17803	6.8014e7	z	S0	1.56	1.52	60	13.27	redshift
IC 4745	ESO 103-052|PGC 62292	280.6495	-64.94292	6.8031e7	z	Sab	2.08	0.91	1	13.88	redshift
IC 1584	MCG +05-03-004|PGC 2766|UGC 489	11.82742	27.82767	6.807e7	z	SABb	1.38	1.2	95	15.02	redshift
NGC 36	MCG +01-01-043|PGC 798|UGC 106	2.843	6.3892	6.8077e7	m	SABb	2.14	1.32	15	14.39	CF4
NGC 54	MCG -01-01-060|PGC 1011	3.782	-7.1067	6.8077e7	m	SBa	1.35	0.49	93	14.31	CF4
NGC 587	MCG +06-04-037|PGC 5746|UGC 1100	23.1388	35.3585	6.8077e7	m	SABb	2.23	0.66	68	13.59	CF4
NGC 741	MCG +01-06-003|PGC 7252|UGC 1413	29.0876	5.6288	6.8077e7	m	E	2.83	2.33	93	12.31	CF4
NGC 4048	MCG +03-31-020|PGC 38040|UGC 7023	180.70912	18.01558	6.8087e7	z	S0	0.67	0.52	92	14.44	redshift
NGC 1678	MCG +00-13-019|PGC 16179	72.89767	-2.62314	6.8096e7	z	S0	1.28	0.78	76	14.28	redshift
NGC 666	MCG +06-05-002|PGC 6483|UGC 1236	26.52583	34.37453	6.8113e7	z	E	0.77	0.52	81	14.26	redshift
IC 2089	ESO 032-015|PGC 15487	68.21017	-75.53944	6.8169e7	z	Sm	0.99	0.88	36	15.13	redshift
NGC 6571	MCG +04-43-006|PGC 61504	272.70567	21.2385	6.8173e7	z	E	0.79	0.58	50	15.2	redshift
IC 476	MCG +05-19-006|PGC 21796	116.81804	26.95097	6.8181e7	z	Sc	0.62	0.48	99	15.45	redshift
IC 4738	ESO 140-035|PGC 62234	280.11217	-61.90236	6.8199e7	z	Sc	1.25	0.62	146	15.26	redshift
NGC 1040	MCG +07-06-060|PGC 10298|UGC 2187	40.80183	41.50061	6.8241e7	z	S0	1.67	0.72	40	13.95	redshift
NGC 7480	MCG +00-58-027|PGC 70432|UGC 12349	346.30675	2.54942	6.8241e7	z	S0-a	1.32	0.27	101	14.81	redshift
NGC 43	MCG +05-01-054|PGC 875|UGC 120	3.25313	30.91528	6.8258e7	z	S0	1.39	1.21	100	13.87	redshift
NGC 149	MCG +05-02-024|PGC 2028|UGC 332	8.45942	30.72342	6.8258e7	z	S0	0.91	0.49	153	14.96	redshift
NGC 4614	MCG +04-30-012|PGC 42573|UGC 7851	190.38113	26.04267	6.8267e7	z	S0-a	1	0.86	152	14.32	redshift
IC 2550	MCG +05-24-023|PGC 29615|UGC 5484	152.61633	27.95611	6.8353e7	z	SABb	0.93	0.68	109	14.48	redshift
NGC 443	MCG +05-04-005|PGC 4512|UGC 796	18.78163	33.37733	6.8353e7	z	S0-a	0.82	0.72	17	14.25	redshift
NGC 97	MCG +05-02-007|PGC 1442|UGC 216	5.625	29.74536	6.837e7	z	E	1.32	1.16	25	13.41	redshift
IC 13	MCG +01-02-003|PGC 1301|UGC 195	5.0838	7.7003	6.8391e7	m	Sbc	1.29	0.53	162	14.93	CF4
IC 673	MCG +00-29-003|PGC 33817|UGC 6200	167.3555	-0.0977	6.8391e7	m	SABb	1.29	0.59	168	14.65	CF4
NGC 6436	MCG +10-25-082|PGC 60695|UGC 10951	265.3052	60.4498	6.8391e7	m	Sc	1.04	0.6	168	14.85	CF4
NGC 6906	MCG +01-52-003|PGC 64601|UGC 11548	305.8914	6.4436	6.8391e7	m	SBbc	1.12	0.48	45	13.39	CF4
NGC 5203	MCG -01-35-001|PGC 47610	203.0559	-8.7862	6.8423e7	m	E-S0	1.66	1.05	90	14.24	CF4
NGC 787	MCG -02-06-015|PGC 7632	30.20258	-9.00258	6.843e7	z	Sb	1.87	1.3	91	13.63	redshift
NGC 1207	MCG +06-07-043|PGC 11737|UGC 2548	47.06454	38.38217	6.8443e7	z	Sb	1.68	1.18	131	13.61	redshift
IC 4741	ESO 103-047|PGC 62269	280.43096	-63.94819	6.8455e7	z	Sab	1.43	0.9	30	13.8	redshift
IC 1771	MCG +02-06-014|PGC 7737	30.56608	9.96858	6.8473e7	z	E-S0	0.75	0.75	175	15.35	redshift
IC 4750	ESO 103-055|PGC 62308	280.76117	-62.97147	6.8485e7	z	S0-a	1.16	0.52	110	15.15	redshift
IC 3632	PGC 169888	190	26.68222	6.849e7	z	E	0.4	0.3	92	16.75	redshift
IC 1785	MCG +05-06-021|PGC 8682	34.08767	32.66653	6.8507e7	z	S0	0.81	0.44	146	15.59	redshift
NGC 1780	ESO 552-071|ESO 553-001|MCG -03-13-070|PGC 16743	76.58629	-19.46667	6.852e7	z	S0	0.92	0.53	86	14.74	redshift
IC 4881	ESO 185-008|PGC 63506	295.10842	-55.85772	6.8524e7	z	SBbc	1.1	0.87	152	14.55	redshift
NGC 336	ESO 541-002|PGC 3470	14.51179	-18.38433	6.8524e7	z	S0-a	0.75	0.3	38	15.48	redshift
NGC 4903	ESO 443-030|MCG -05-31-013|PGC 44894	195.34488	-30.93497	6.8524e7	z	Sc	1.72	1.41	90	13.73	redshift
NGC 897	ESO 355-007|MCG -06-06-003|PGC 8944	35.27654	-33.72067	6.8558e7	z	Sa	2.01	1.43	25	12.81	redshift
NGC 4986	MCG +06-29-044|PGC 45538|UGC 8221	197.10192	35.20644	6.8558e7	z	SBb	1.55	0.93	82	14.11	redshift
IC 5187	ESO 146-016|PGC 68536	334.57404	-59.60697	6.8567e7	z	Sc	0.6	0.56	16	14.7	redshift
NGC 3006	MCG +07-20-055|PGC 28235	147.32225	44.02581	6.8567e7	z	Sbc	0.82	0.29	83	15.57	redshift
IC 4848	ESO 184-061|PGC 63152	290.72737	-56.78081	6.861e7	z	Sbc	0.69	0.5	28	14.89	redshift
IC 4791		282.25492	19.33111	6.8622e7	z		1.41	1.19	164	14.01	redshift
IC 5283	MCG +01-58-026|PGC 70350|UGC 12332 NOTES01	345.825	8.89361	6.8627e7	z	Sc	1.15	0.6	105	14.76	redshift
NGC 7665	MCG -02-59-019|PGC 71474	351.81167	-9.387	6.8652e7	z	SBm	0.76	0.72	15	14.23	redshift
NGC 1011	MCG -02-07-045|PGC 9955	39.41204	-11.00556	6.8665e7	z	Sa	0.68	0.62	160	14.87	redshift
NGC 964	ESO 355-024|MCG -06-06-010|PGC 9582	37.77412	-36.03467	6.87e7	z	Sab	2.18	0.5	33	13.53	redshift
NGC 924	MCG +03-07-012|PGC 9302|UGC 1912	36.6951	20.4974	6.8707e7	m	S0	2.03	1.18	52	13.74	CF4
NGC 5622	MCG +08-26-032|PGC 51541|UGC 9248	216.5508	48.5639	6.8707e7	m	Sb	1.34	0.76	86	14.14	CF4
NGC 7201	ESO 467-004|MCG -05-52-026|PGC 68040	331.6329	-31.263	6.8707e7	m	Sa	1.66	0.55	128	13.95	CF4
NGC 449	MCG +05-04-009|PGC 4587|UGC 804 NOTES01	19.03021	33.08956	6.8712e7	z	SBa	0.68	0.39	78	15.05	redshift
NGC 929	MCG -02-07-009|PGC 9334	36.82592	-12.08692	6.8738e7	z	Sa	0.88	0.4	171	15.02	redshift
NGC 4843	MCG +00-33-024|PGC 44388	194.5033	-3.6211	6.8738e7	m	S0-a	1.98	0.44	91	14.2	CF4
NGC 2144	ESO 016-010|PGC 17592	85.23829	-82.11939	6.8751e7	z	Sa	1.46	1.15	86	13.94	redshift
NGC 7422	MCG +01-58-013|PGC 70048|UGC 12254	344.05158	3.92678	6.8781e7	z	SBb	0.83	0.63	146	14.26	redshift
IC 4835	ESO 141-041|PGC 62970	288.8645	-58.238	6.8798e7	z	Sc	0.88	0.57	165	14.75	redshift
NGC 1646	PGC 15914	71.09833	-8.53278	6.8815e7	z	E-S0	1.49	0.81	155	13.64	redshift
NGC 7130	ESO 403-032|MCG -06-47-015|PGC 67387	327.08133	-34.95125	6.8815e7	z	Sa	1.56	1.33	160	12.93	redshift
NGC 2769	MCG +08-17-050|PGC 25870|UGC 4816	137.634	50.43328	6.8824e7	z	Sa	1.61	0.37	145	13.89	redshift
NGC 1645	MCG -01-13-002|PGC 15903	71.02658	-5.46561	6.8832e7	z	S0-a	2.18	0.83	89	14	redshift
IC 16	MCG -02-02-017|PGC 1730	7.03188	-13.09392	6.8841e7	z	S0-a	0.58	0.32	62	15.15	redshift
IC 1811	ESO 355-020|MCG -06-06-008|PGC 9555	37.65913	-34.26417	6.8871e7	z	SBab	1.15	0.68	7	14.42	redshift
IC 4995	ESO 186-034|PGC 64491	304.99571	-52.62197	6.8871e7	z	S0	1.19	0.81	158	14.35	redshift
NGC 2012	ESO 016-005|PGC 17194	80.64729	-79.85181	6.8901e7	z	E-S0	1.29	0.76	113	14.02	redshift
NGC 387	PGC 3987	16.88775	32.39111	6.8909e7	z	E	0.42	0.36	69	16.49	redshift
NGC 7060	ESO 287-022|MCG -07-44-006|PGC 66732	321.47325	-42.41128	6.8909e7	z	SABa	2.02	1.09	153	13.69	redshift
NGC 2487	MCG +04-19-012|PGC 22343|UGC 4126	119.58525	25.14922	6.8952e7	z	Sb	1.73	1.39	55	13.38	redshift
NGC 434	ESO 113-023|PGC 4325	18.05888	-58.24797	6.8969e7	z	Sab	2.24	1.24	9	12.78	redshift
NGC 7805	MCG +05-01-024|PGC 109|UGC 12908	0.36154	31.43375	6.8995e7	z	S0	1.42	0.69	47	14.2	redshift
NGC 7806	MCG +05-01-025|PGC 112|UGC 12911	0.37521	31.44186	6.8995e7	z	SABb	1.21	0.65	20	14.29	redshift
IC 389	MCG -01-12-045|PGC 15840	70.49842	-7.31147	6.8999e7	z	E-S0	1.09	0.82	20	15.07	redshift
IC 5168	ESO 467-011|MCG -05-52-033|PGC 68133	332.18975	-27.85647	6.8999e7	z	SBc	1.3	0.36	141	15.55	redshift
NGC 5677	MCG +04-34-046|PGC 52072|UGC 9378	218.55308	25.46803	6.8999e7	z	SBbc	0.94	0.7	136	14.7	redshift
NGC 7080	MCG +04-50-012|PGC 66861|UGC 11756	322.50813	26.71781	6.8999e7	z	Sb	1.63	1.54	100	13.18	redshift
IC 1544	MCG +04-02-006|PGC 1362|UGC 204	5.3229	23.0909	6.9024e7	m	SABc	1.1	0.77	143	14.8	CF4
NGC 887	MCG -03-07-001|PGC 8868	34.886	-16.0697	6.9024e7	m	SABc	1.66	1.34	21	13.5	CF4
NGC 893	ESO 298-029|MCG -07-05-017|PGC 8888	34.9941	-41.4031	6.9024e7	m	Sc	1.34	0.83	123	13.58	CF4
IC 2103	ESO 032-018|PGC 15758	69.9503	-76.8368	6.9024e7	m	Sc	2.02	0.34	88	14.67	CF4
NGC 2948	MCG +01-25-007|PGC 27518|UGC 5141	144.7466	6.9554	6.9024e7	m	Sbc	1.43	0.78	1	13.75	CF4
NGC 5056	MCG +05-31-166|PGC 46180|UGC 8337	199.0513	30.9502	6.9024e7	m	SABc	1.62	0.82	1	13.7	CF4
NGC 5414	MCG +02-36-013|PGC 49976|UGC 8942	210.5148	9.9292	6.9024e7	m	E?	0.97	0.66	165	13.85	CF4
IC 1060	MCG -01-38-004|PGC 53075	222.9472	-7.2326	6.9024e7	m	SBa	1.22	0.66	93	15.13	CF4
NGC 6792	MCG +07-40-002|PGC 63096|UGC 11429	290.2392	43.1324	6.9024e7	m	SBb	2.08	1.11	24	13.29	CF4
IC 4961	ESO 186-008|PGC 64229	302.8691	-53.1252	6.9024e7	m	SABd	1.64	0.46	91	15.08	CF4
NGC 6901	MCG +01-52-002|PGC 64552|UGC 11542	305.5897	6.4299	6.9024e7	m	SBab	1.25	0.49	62	14.83	CF4
NGC 7398	MCG +00-58-009|PGC 69905|UGC 12225	343.2052	1.2011	6.9024e7	m	SBa	1.05	0.7	74	14.64	CF4
IC 4523	ESO 273-015|MCG -07-31-005|PGC 53845	226.29392	-43.50953	6.9038e7	z	SABc	1.65	1.49	119	13.43	redshift
NGC 2450	MCG +05-19-008|PGC 21807	116.8845	27.01914	6.9038e7	z	Sb	0.97	0.3	156	15.16	redshift
NGC 712	MCG +06-05-035|PGC 6988|UGC 1352	28.285	36.8199	6.9056e7	m	S0	1.08	0.71	83	14.05	CF4
IC 464	MCG +08-13-092|PGC 20332|PGC 20334	107.7699	50.1369	6.9056e7	m	E	0.8	0.37	60	14.74	CF4
NGC 6021	MCG +03-41-005|PGC 56482|UGC 10102	239.3779	15.956	6.9056e7	m	E	1.55	0.91	158	14.08	CF4
NGC 2599	MCG +04-20-067|PGC 23941|UGC 4458	128.04708	22.56056	6.9068e7	z	Sa	1.56	1.32	108	13.19	redshift
NGC 226	PGC 2572|UGC 459	10.72517	32.58097	6.9081e7	z	E-S0	0.79	0.78	130	14.38	redshift
NGC 5857	MCG +03-39-004|PGC 53995|UGC 9724	226.86379	19.59764	6.9081e7	z	SBab	1.14	0.57	137	13.85	redshift
NGC 826	PGC 8230	32.35437	30.73969	6.9098e7	z	E	1	0.78	16	15.31	redshift
NGC 1214	MCG -02-08-051|PGC 11675	46.73342	-9.54417	6.9102e7	z	S0-a	1.58	0.42	42	14.97	redshift
NGC 243	MCG +05-02-043|PGC 2687	11.50363	29.9595	6.9115e7	z	S0	0.92	0.51	151	14.53	redshift
IC 1455	MCG +00-58-011|PGC 69943|UGC 12232	343.44192	1.37197	6.9145e7	z	SBa	1	0.56	40	14.62	redshift
NGC 2454	MCG +03-20-015|PGC 21963|UGC 4053	117.64592	16.36858	6.9166e7	z	S0-a	1.18	0.51	101	14.47	redshift
NGC 6100	MCG +00-41-012|PGC 57706|UGC 10307	244.21821	0.84131	6.9171e7	z	S0-a	1.42	0.99	112	14.62	redshift
NGC 3663	MCG -02-29-023|PGC 35006	170.9997	-12.2964	6.9183e7	m	Sbc	1.98	1.43	85	13.16	CF4
NGC 6623 NED02	MCG +04-43-026|PGC 61739|UGC 11203	274.92858	23.70956	6.9188e7	z	E	1.35	1.2	140	14.36	redshift
NGC 1956	ESO 016-002|PGC 17102	79.89717	-77.72867	6.9201e7	z	Sa	1.75	0.95	64	14.06	redshift
NGC 321	MCG -01-03-043|PGC 3443	14.41346	-5.08619	6.9209e7	z	E	0.45	0.35	103	15.81	redshift
NGC 7253B	MCG +05-52-011|PGC 68573|UGC 11985	334.87542	29.38778	6.9209e7	z	Sc	1.28	0.44	68	13.95	redshift
NGC 39	MCG +05-01-052|PGC 852|UGC 114	3.07858	31.06108	6.9231e7	z	Sc	1.1	0.99	87	14.34	redshift
IC 126	PGC 5577|UGC 1071	22.4494	-1.9837	6.9247e7	m		0.89	0.81	30	15.66	CF4
NGC 1272	MCG +07-07-058|PGC 12384|UGC 2662	49.8389	41.4905	6.9247e7	m	E	2.55	1.25	76	12.96	CF4
NGC 3514	ESO 570-001|MCG -03-28-035|PGC 33430	165.9996	-18.7806	6.9279e7	m	SABc	1.22	0.99	100	13.79	CF4
IC 1129	MCG +11-19-010|PGC 55330|UGC 9899	233.0034	68.2464	6.9279e7	m	Sc	1.01	0.86	3	13.72	CF4
NGC 2514	MCG +03-21-011|PGC 22581|UGC 4189	120.70683	15.80828	6.9295e7	z	Sc	1.2	1.13	30	14.01	redshift
IC 43	MCG +05-02-040|PGC 2536|UGC 448	10.59192	29.64164	6.9316e7	z	SABc	1.26	1.15	87	13.95	redshift
IC 301	MCG +07-07-036|PGC 12074|UGC 2606	48.69879	42.22264	6.9338e7	z	E	1.26	1.11	177	14.95	redshift
IC 1241	PGC 59452|UGC 10670	255.36758	63.69111	6.9338e7	z	SBc	1.16	0.93	59	14.26	redshift
NGC 335	ESO 541-006|MCG -03-03-015|PGC 3544	14.8324	-18.2347	6.9343e7	m	Sbc	1.28	0.41	135	15.16	CF4
IC 481	MCG +04-19-013|PGC 22374|UGC 4130	119.762	24.1606	6.9343e7	m	Sb	0.93	0.26	4	15.05	CF4
NGC 2862	MCG +05-22-045|PGC 26690|UGC 5010	141.2298	26.7747	6.9343e7	m	SBbc	2.64	0.5	115	13.68	CF4
IC 4189	MCG +06-29-034|PGC 45336|UGC 8191	196.5148	35.9803	6.9343e7	m	Sc	1.25	0.84	180	14.42	CF4
IC 4883	ESO 185-011|PGC 63537	295.502	-55.5455	6.9343e7	m	SBb	1.51	0.5	157	14.6	CF4
NGC 392	MCG +05-03-062|PGC 4042|UGC 700	17.0974	33.1337	6.9375e7	m	E-S0	1.36	0.93	52	13.69	CF4
NGC 2954	MCG +03-25-019|PGC 27600|UGC 5155	145.1002	14.9226	6.9375e7	m	E	1.43	0.99	155	13.3	CF4
NGC 3086	MCG +00-26-003|PGC 28924	150.0457	-2.9762	6.9375e7	m	Sb	1.16	0.4	147	14.66	CF4
IC 4926	ESO 339-018|MCG -06-44-005|PGC 63961	300.0505	-38.5785	6.9375e7	m	E	1.29	1	54	13.95	CF4
IC 4722	ESO 140-028|PGC 62071	278.63137	-57.79278	6.9389e7	z	Sc	1.64	1.14	45	13.61	redshift
NGC 6665	MCG +05-44-004|PGC 62065	278.62504	30.72056	6.9402e7	z	Sab	0.95	0.47	25	14.52	redshift
NGC 2693	MCG +09-15-055|PGC 25144|UGC 4674	134.2468	51.3474	6.9406e7	m	E	2	1.37	158	12.82	CF4
NGC 4847	PGC 44464	194.62063	-13.14092	6.9419e7	z	E	0.83	0.63	155	15.33	redshift
IC 4804	ESO 141-018|PGC 62685	285.28075	-61.83333	6.9423e7	z	Sc	1.28	1.04	173	14.79	redshift
NGC 6008	MCG +04-37-052|PGC 56289|UGC 10076	238.23346	21.1005	6.9423e7	z	Sb	1.16	0.89	94	14.09	redshift
IC 2031	PGC 146069	61.56133	-5.65189	6.9449e7	z	Sab	0.56	0.48	103	15.8	redshift
NGC 7509	MCG +02-59-006|PGC 70679	348.08921	14.60936	6.9466e7	z	E	1.32	1.22	155	14.58	redshift
NGC 2513	MCG +02-21-009|PGC 22555|UGC 4184	120.6025	9.4135	6.947e7	m	E	1.91	1.43	153	12.62	CF4
NGC 7364	MCG +00-58-001|PGC 69630|UGC 12174	341.1017	-0.162	6.947e7	m	S0-a	1.65	1.12	66	13.36	CF4
IC 1654	MCG +05-04-004|PGC 4520|UGC 798	18.7995	30.19483	6.947e7	z	Sa	0.99	0.46	50	14.52	redshift
IC 1732	MCG +06-05-016|PGC 6805|UGC 1307	27.69958	35.93275	6.9509e7	z	S0-a	1.32	0.38	61	14.82	redshift
NGC 6324	MCG +13-12-016|PGC 59583|UGC 10725	256.3555	75.40703	6.9509e7	z	Sbc	0.98	0.52	74	13.45	redshift
IC 3927	ESO 507-058|MCG -04-31-012|PGC 44419	194.54329	-22.87603	6.9522e7	z	E-S0	1.29	1.05	166	13.73	redshift
NGC 960	MCG -02-07-028|PGC 9621	37.92233	-9.30044	6.9522e7	z	SABb	1.23	0.32	125	14.78	redshift
IC 4290	ESO 444-074|MCG -05-32-044|PGC 47905	203.83158	-28.02181	6.9603e7	z	Sb	1.35	1.11	99	14.21	redshift
NGC 2857	MCG +08-17-095|PGC 26666|UGC 5000	141.15717	49.35706	6.9638e7	z	Sc	1.89	1.51	90	12.95	redshift
NGC 2275	MCG +06-15-007|PGC 19605|UGC 3542	101.82471	33.59922	6.965e7	z	Sa	2.51	0.78	3	13.62	redshift
NGC 132	MCG +00-02-063|PGC 1844|UGC 301	7.5449	2.0936	6.9663e7	m	SABb	1.6	1.09	38	13.71	CF4
NGC 689	ESO 414-005|MCG -05-05-019|PGC 6724	27.4659	-27.4668	6.9663e7	m	SABa	1.07	0.66	70	14.51	CF4
IC 1904	ESO 417-022|MCG -05-08-024|PGC 12079	48.7535	-30.708	6.9663e7	m	SBab	1.37	0.61	102	14.42	CF4
NGC 1558	ESO 250-017|PGC 14906	65.0673	-45.0315	6.9663e7	m	Sbc	3.05	0.95	72	13.29	CF4
NGC 5876	MCG +09-25-028|PGC 54110|UGC 9747	227.3816	54.5065	6.9663e7	m	SBab	2.46	1.16	48	13.71	CF4
NGC 6651	MCG +12-17-022|PGC 61836|UGC 11236	276.0821	71.6019	6.9663e7	m	Sbc	1.34	0.71	32	13.63	CF4
NGC 5548	MCG +04-34-013|PGC 51074|UGC 9149	214.49804	25.13678	6.968e7	z	S0-a	1.33	1.05	118	13.29	redshift
IC 1812	ESO 246-019|MCG -07-06-008|PGC 9486	37.3824	-42.8113	6.9695e7	m	E	2.08	1.6	35	13.21	CF4
NGC 6768	ESO 337-018|MCG -07-39-010|PGC 62997	289.1358	-40.2091	6.9695e7	m	E	1.26	1	36	13.7	CF4
NGC 7015	MCG +02-53-012|PGC 66076|UGC 11674	316.40575	11.41417	6.9715e7	z	Sbc	1.7	1.51	170	13.24	redshift
NGC 7514	MCG +06-50-026|PGC 70689|UGC 12415	348.10775	34.8815	6.9745e7	z	Sbc	1.3	0.89	134	13.43	redshift
NGC 2560	MCG +04-20-027|PGC 23367|UGC 4337	124.96621	20.98497	6.9766e7	z	S0-a	1.6	0.38	92	14.3	redshift
IC 1666	MCG +05-04-019|PGC 4782|UGC 857	19.97246	32.46733	6.977e7	z	Sc	0.93	0.86	73	14.35	redshift
IC 4640	ESO 024-001|PGC 60209	260.99313	-80.06408	6.9783e7	z	SABc	1.34	1.2	130	14.78	redshift
NGC 4924	MCG -02-33-096|PGC 44977	195.55354	-14.96983	6.9792e7	z	S0-a	1.77	1.35	58	13.87	redshift
NGC 7495	MCG +02-59-003|PGC 70566|UGC 12391	347.23825	12.04803	6.98e7	z	SABc	1.61	1.44	12	13.76	redshift
IC 2851	PGC 1392951	172.06088	11.39439	6.9809e7	z	Sc	0.44	0.23	46	17.27	redshift
IC 4661	ESO 044-021|PGC 60990	267.7615	-74.03239	6.9822e7	z	Sc	1.62	1.3	63	13.48	redshift
NGC 4617	MCG +09-21-028|PGC 42530|UGC 7847	190.2744	50.3942	6.9823e7	m	SABb	2.81	0.52	180	14.1	CF4
IC 4860	ESO 105-001|PGC 63326	292.86462	-67.36903	6.9869e7	z	SBc	0.96	0.73	150	14.69	redshift
NGC 7266	MCG -01-57-006|PGC 68758	335.99567	-4.07342	6.9929e7	z	Sa	0.72	0.58	90	14.38	redshift
NGC 195	MCG -02-02-079|PGC 2391	9.89912	-9.19453	6.9937e7	z	Sa	1.22	0.74	68	14.21	redshift
IC 5125	ESO 188-016|PGC 67187	325.45908	-52.77361	6.9942e7	z	Sbc	0.78	0.71	105	14.08	redshift
NGC 1215	MCG -02-08-055|PGC 11687	46.78942	-9.59267	6.9972e7	z	Sab	1.67	1.21	50	14.98	redshift
NGC 7225	ESO 532-033|MCG -04-52-023|PGC 68311	333.28362	-26.14833	6.9972e7	z	S0-a	1.96	1.02	140	13.37	redshift
NGC 461	ESO 352-033|MCG -06-04-002|PGC 4636	19.3353	-33.841	6.9984e7	m	Sc	1.21	1.01	38	14.08	CF4
NGC 4862	MCG -02-33-079|PGC 44610	194.8785	-14.1323	6.9984e7	m	Sc	1.09	0.89	147	15.31	CF4
IC 1256	MCG +04-41-007|PGC 60203|UGC 10829	260.9472	26.4865	6.9984e7	m	Sb	1.28	0.75	93	14.41	CF4
NGC 6941	MCG -01-52-010|PGC 65054	309.0978	-4.6188	6.9984e7	m	Sb	1.73	1.2	126	14.17	CF4
NGC 6969	MCG +01-53-001|PGC 65425|UGC 11633	312.115	7.74	6.9984e7	m	Sa	1.21	0.37	15	14.93	CF4
NGC 7300	MCG -02-57-011|PGC 69040	337.7496	-14.0037	6.9984e7	m	SABb	2.06	0.8	162	13.58	CF4
IC 1503	MCG +01-60-016|PGC 71982|UGC 12715	354.6119	4.8008	6.9984e7	m	Sd	0.9	0.43	71	14.26	CF4
IC 4737	ESO 103-042|PGC 62222	279.99333	-62.59797	7.0014e7	z	SBa	0.93	0.77	23	15.01	redshift
NGC 5928	MCG +03-39-027|PGC 55072|UGC 9847	231.5119	18.0736	7.0016e7	m	S0	1.64	1.08	103	13.68	CF4
IC 3808	MCG +07-26-055|PGC 43312	192.24483	40.59592	7.0023e7	z	Sbc	0.95	0.42	156	15.45	redshift
NGC 535	MCG +00-04-133|PGC 5282|UGC 997	21.37979	-1.40814	7.0027e7	z	S0-a	0.97	0.34	57	14.85	redshift
NGC 5490	MCG +03-36-065|PGC 50558|UGC 9058	212.4888	17.5454	7.0081e7	m	E	1.66	1.29	2	13.06	CF4
NGC 7251	MCG -03-57-002|PGC 68604	335.11308	-15.77356	7.0083e7	z	Sa	1.67	1.48	10	13.5	redshift
NGC 6850	ESO 185-056|PGC 64043	300.87542	-54.84478	7.0104e7	z	S0-a	2.03	1.09	146	13.67	redshift
NGC 776	MCG +04-05-028|PGC 7560|UGC 1471	29.97704	23.64439	7.0113e7	z	SABa	1.35	1.29	135	13.44	redshift
IC 180	MCG +04-05-029|PGC 7558	30.00171	23.60433	7.0143e7	z	Sb	0.83	0.34	150	15.3	redshift
NGC 7288	MCG -01-57-013|PGC 68933	337.06237	-2.88456	7.016e7	z	Sa	1.92	1.01	83	13.98	redshift
NGC 1643	MCG -01-13-001|PGC 15891	70.93313	-5.31944	7.019e7	z	SBbc	1.24	0.81	7	14.08	redshift
NGC 2642	MCG -01-22-033|PGC 24395	130.185	-4.1216	7.021e7	m	Sbc	1.92	1.43	145	13.42	CF4
IC 597		152.54983	-6.89925	7.0237e7	z	S0-a	0.5	0.23	170	15.66	redshift
NGC 6172	MCG +00-42-003|PGC 57937|UGC 10352	245.5431	-1.5147	7.0243e7	m	E	0.9	0.89	80	14.15	CF4
IC 4571	ESO 099-011|PGC 56106	237.21458	-67.32347	7.028e7	z	SBb	1.58	0.57	139	13.92	redshift
NGC 6183	ESO 069-008|PGC 58785	250.42458	-69.37217	7.0293e7	z	Sa	2.36	0.8	37	14.09	redshift
NGC 2449	MCG +05-19-007|PGC 21802|UGC 4026	116.8345	26.93017	7.0306e7	z	SBab	1.44	0.57	135	14.11	redshift
NGC 4432	MCG +01-32-068|PGC 40875|UGC 7570	186.8872	6.2333	7.0307e7	m	SABb	0.64	0.49	4	14.93	CF4
IC 1124	MCG +04-37-001|PGC 55254|UGC 9869	232.5037	23.6385	7.0307e7	m	Sb	1.1	0.42	77	14.45	CF4
NGC 6132	MCG +02-42-002|PGC 58002|UGC 10363	245.9117	11.7862	7.0307e7	m	Sab	1.28	0.43	127	14.71	CF4
NGC 3378	ESO 318-012|MCG -07-22-029|PGC 32189	161.68029	-40.01603	7.0318e7	z	SABb	1.5	1.35	93	13.46	redshift
IC 4321	ESO 445-022|MCG -05-32-073|PGC 48694	206.13021	-30.13958	7.0323e7	z	Sbc	1.02	0.62	33	15.16	redshift
IC 1673	PGC 4855	20.193	33.0449	7.034e7	m	E	0.54	0.54	70	14.79	CF4
IC 4697	MCG +04-43-013|PGC 61560	273.11212	25.42719	7.0344e7	z	Sab	0.87	0.23	0	15.03	redshift
NGC 451	MCG +05-04-011|PGC 4594	19.05167	33.06411	7.0366e7	z	Sc	0.69	0.53	19	14.76	redshift
IC 1443	ESO 602-005|MCG -04-52-033|PGC 68558	334.76525	-20.93992	7.037e7	z	E	1.55	1.21	42	13.53	redshift
IC 4766	ESO 104-009|PGC 62421	281.89904	-63.29217	7.037e7	z	S0-a	1.23	0.44	110	14.98	redshift
IC 1833	ESO 416-007|MCG -05-07-013|PGC 10205	40.41125	-28.17128	7.0387e7	z	S0	1.43	0.74	64	14.14	redshift
NGC 6593	MCG +04-43-018|PGC 61617	273.51479	22.28392	7.0387e7	z	E-S0	0.81	0.67	0	15.1	redshift
IC 206	MCG -01-06-053|PGC 8238	32.37783	-6.96839	7.0404e7	z	S0	1.22	0.39	130	14.34	redshift
NGC 4613	MCG +04-30-011|PGC 42570|UGC 7852 NOTES01	190.37063	26.08861	7.0408e7	z	Sbc	0.52	0.49	15	15.43	redshift
NGC 4644	MCG +09-21-030|PGC 42708|UGC 7887	190.67775	55.1455	7.0408e7	z	Sb	1.51	0.63	51	14.6	redshift
IC 278	MCG +06-07-032|PGC 11414|UGC 2481	45.37683	37.766	7.0443e7	z	E	2.17	2.17	125	14.69	redshift
NGC 7401	PGC 69911	343.244	1.14267	7.0451e7	z	SBab	0.75	0.47	90	15.26	redshift
NGC 2960	MCG +01-25-009|PGC 27619|UGC 5159	145.15158	3.577	7.0456e7	z	Sa	1.11	0.86	40	13.64	redshift
NGC 762	MCG -01-06-006|PGC 7322	29.24079	-5.40286	7.0485e7	z	Sa	1.24	1.09	35	14	redshift
NGC 6483	ESO 102-020|PGC 61233	269.87838	-63.66872	7.0515e7	z	E	1.83	1.49	117	13	redshift
IC 4916	ESO 233-013|PGC 63902	299.57987	-50.27211	7.0571e7	z	Sb	1.05	0.94	175	14.43	redshift
NGC 1521	ESO 550-011|MCG -04-10-015|PGC 14520	62.0788	-21.0519	7.0599e7	m	E	3.25	2.02	9	12.42	CF4
IC 1897	MCG -02-09-009|PGC 11866	47.69137	-10.79606	7.0614e7	z	S0-a	0.99	0.57	31	14.67	redshift
NGC 2389	MCG +06-17-011|PGC 21109|UGC 3872	112.2693	33.861	7.0632e7	m	SABc	1.56	0.89	79	13.39	CF4
NGC 4695	MCG +09-21-048|PGC 43173|UGC 7966	191.8837	54.3749	7.0632e7	m	SABb	1.12	0.65	79	13.96	CF4
NGC 7257	MCG -01-57-003|PGC 68691	335.6518	-4.1208	7.0632e7	m	SABb	1.81	1.23	5	13.69	CF4
IC 4862	ESO 105-003|PGC 63334	292.91812	-67.32289	7.0644e7	z	Sbc	1.55	0.51	180	14.59	redshift
NGC 264	ESO 295-006|MCG -07-02-016|PGC 2831	12.08725	-38.23436	7.0657e7	z	S0	1.26	0.47	111	14.5	redshift
NGC 442	MCG +00-04-054|PGC 4484|UGC 789	18.6609	-1.0205	7.0664e7	m	S0-a	1.16	0.69	158	14.35	CF4
IC 312	MCG +07-07-051|PGC 12279|UGC 2644	49.5348	41.7544	7.0664e7	m	E	1.19	0.57	125	14.64	CF4
NGC 2329	MCG +08-13-073|PGC 20254|UGC 3695	107.2835	48.6156	7.0664e7	m	E-S0	1.41	1.17	175	13.54	CF4
NGC 2563	MCG +04-20-033|PGC 23404|UGC 4347	125.1487	21.0678	7.0664e7	m	S0	2.02	1.68	79	13.34	CF4
IC 4759 NED02	PGC 62367	281.42208	-63.087	7.0665e7	z	I	0.92	0.54	175	15.42	redshift
NGC 761	MCG +05-05-036|PGC 7395|UGC 1439	29.45663	33.37714	7.0665e7	z	SBa	1.48	0.51	145	14.42	redshift
IC 4280	ESO 509-054|MCG -04-32-036|PGC 47688	203.2225	-24.20714	7.0712e7	z	Sbc	1.13	0.76	64	13.53	redshift
IC 829	MCG -02-33-037|PGC 43663|PGC 43675	193.11429	-15.51853	7.073e7	z	S0	0.38	0.38	105	14.4	redshift
NGC 1295	MCG -02-09-030|PGC 12465	50.01375	-13.99825	7.0755e7	z	S0-a	0.99	0.53	175	15.01	redshift
IC 230	MCG -02-07-016|PGC 9436	37.19704	-10.83136	7.0794e7	z	S0-a	0.64	0.42	87	15.54	redshift
NGC 533	MCG +00-04-131|PGC 5283|UGC 992	21.3807	1.7591	7.0795e7	m	E	3.44	2.41	50	12.49	CF4
IC 1687	MCG +05-04-039|PGC 5074	20.82958	33.27528	7.0841e7	z	S0-a	0.68	0.48	0	14.77	redshift
IC 1610	MCG -03-03-020|PGC 3681	15.4273	-15.5678	7.086e7	m	S0-a	1.59	1.41	110	13.86	CF4
NGC 2320	MCG +08-13-051|PGC 20136|UGC 3659	106.425	50.5811	7.0892e7	m	E	1.48	0.83	138	12.93	CF4
IC 4933	ESO 185-055|PGC 64042	300.871	-54.97994	7.0914e7	z	SBbc	2.08	1.28	9	12.97	redshift
NGC 304	MCG +04-03-018|PGC 3326|UGC 573	14.02508	24.12689	7.0944e7	z	S0	1.17	0.76	175	13.96	redshift
IC 1928	ESO 548-020|MCG -04-09-013|PGC 12884	51.8715	-21.5602	7.0958e7	m	Sab	1.77	0.46	30	14.13	CF4
NGC 5618	MCG +00-37-005|PGC 51603|UGC 9250	216.799	-2.2624	7.0958e7	m	SBc	1.45	0.78	4	14.14	CF4
NGC 6532	MCG +09-29-045|PGC 61220|UGC 11085	269.808	56.2317	7.0958e7	m	Sc	1.69	0.66	120	14.91	CF4
IC 4518A	MCG -07-31-001|PGC 53466	224.42158	-43.13211	7.0965e7	z	Sc	0.92	0.32	135	16.64	redshift
NGC 7752	MCG +05-56-004|PGC 72382|UGC 12779	356.744	29.45892	7.0965e7	z	S?	0.92	0.46	106	14.88	redshift
IC 1874	MCG +06-07-039|PGC 11652	46.59158	36.01453	7.0969e7	z	S0-a	0.94	0.66	85	14.69	redshift
NGC 1098	ESO 546-014|MCG -03-08-008|PGC 10403	41.2238	-17.6592	7.099e7	m	E-S0	1.58	1.27	103	13.69	CF4
NGC 2518	MCG +09-14-006|PGC 22800|UGC 4221	121.8344	51.1316	7.099e7	m	E-S0	1.28	1.04	35	14.18	CF4
NGC 5250	MCG +09-22-085|PGC 47997|UGC 8594	204.0306	51.2358	7.099e7	m	S0	0.93	0.85	110	13.88	CF4
NGC 5518	MCG +04-34-006|PGC 50817	213.4487	20.8483	7.099e7	m	E	1.28	1.09	121	14.51	CF4
IC 4778	ESO 141-006|PGC 62472	282.50154	-61.7195	7.1012e7	z	S0-a	1.2	1.03	46	14.2	redshift
NGC 7038	ESO 286-079|PGC 66414	318.78129	-47.2205	7.1012e7	z	SABc	3.22	1.69	127	12.63	redshift
IC 4686	ESO 140-009|PGC 61601	273.411	-57.73253	7.1017e7	z		0.78	0.59	45	14.79	redshift
IC 1413		329.61087	-3.10242	7.1094e7	z	Sc	0.93	0.26	74	15.72	redshift
NGC 6	MCG +05-01-036|PGC 679|UGC 84	2.38625	33.30867	7.1098e7	z	E-S0	1.73	1.34	141	14.41	redshift
NGC 785	MCG +05-05-046|PGC 7694|UGC 1509	30.41667	31.8265	7.1098e7	z	E	1.6	0.9	77	13.85	redshift
NGC 7472	MCG +00-58-029|PGC 70446	346.41087	3.05925	7.1115e7	z	E	0.75	0.49	55	14.55	redshift
NGC 634	MCG +06-04-048|PGC 6059|UGC 1164	24.5776	35.3649	7.1121e7	m	Sa	1.77	0.61	167	13.85	CF4
IC 2097	PGC 16134	72.60092	-5.08122	7.1136e7	z	IB	1.16	0.29	116	15.33	redshift
NGC 706	MCG +01-05-040|PGC 6897|UGC 1334	27.96054	6.29689	7.1158e7	z	Sc	1.29	1.06	153	13.22	redshift
NGC 7072	ESO 287-031|MCG -07-44-018|PGC 66874	322.65383	-43.15353	7.1158e7	z	SABc	0.82	0.63	81	13.88	redshift
NGC 7458	MCG +00-58-020|PGC 70277|UGC 12309	345.36933	1.75339	7.1158e7	z	E	1.03	0.82	14	13.61	redshift
IC 2181	MCG +03-19-005|PGC 20417|UGC 3744	108.29313	18.99583	7.1214e7	z	Sab	1.02	0.56	140	14.78	redshift
NGC 7053	MCG +04-50-009|PGC 66610|UGC 11727	320.28171	23.08481	7.1222e7	z	S0-a	1.57	1.47	25	14.17	redshift
IC 1091	MCG -02-39-001|PGC 54044	227.05629	-11.14092	7.1244e7	z	Sb	1.09	0.82	132	14.34	redshift
NGC 3693	MCG -02-29-032|PGC 35299	172.04821	-13.19486	7.1244e7	z	Sb	2.33	0.75	86	14.02	redshift
IC 150	MCG +01-05-026|PGC 6316|UGC 1202	25.7397	4.2	7.1285e7	m	Sb	0.88	0.5	137	14.86	CF4
NGC 1259	MCG +07-07-046|PGC 12208	49.322	41.3851	7.1285e7	m	E-S0	0.95	0.68	81	15.21	CF4
NGC 1238	MCG -02-09-010|PGC 11868	47.71963	-10.74806	7.1286e7	z	E	1.53	1.2	109	14.33	redshift
NGC 2289	MCG +06-15-010|PGC 19716|UGC 3560	102.72337	33.47867	7.1308e7	z	S0	1.21	0.81	110	14.24	redshift
IC 761	MCG -02-31-014|PGC 38353	181.4736	-12.6731	7.1318e7	m	Sb	1	0.38	108	15.44	CF4
NGC 579	MCG +05-04-064|PGC 5691|UGC 1089	22.94371	33.61556	7.1329e7	z	Sc	1.08	0.85	160	13.92	redshift
NGC 1781	ESO 553-007|MCG -03-14-002|PGC 16788	76.97929	-18.18992	7.1342e7	z	S0	1.27	1.1	76	13.72	redshift
NGC 1601	MCG -01-12-018|PGC 15413	67.92388	-5.06036	7.1385e7	z	S0	0.94	0.73	89	14.83	redshift
IC 84	MCG +00-04-029|PGC 4265	17.85667	1.64019	7.1402e7	z	S0-a	0.67	0.43	12	15.21	redshift
NGC 1552	MCG +00-12-007|PGC 14907|UGC 3015	65.07367	-0.69272	7.1402e7	z	S0-a	1.79	1.29	104	14.35	redshift
NGC 2969	MCG -01-25-021|PGC 27714	145.47708	-8.603	7.1441e7	z	Sc	1.32	0.6	25	13.73	redshift
NGC 1632	PGC 15769	69.99408	-9.45622	7.1479e7	z	S0-a	0.73	0.36	43	15.28	redshift
NGC 530	MCG +00-04-119|PGC 5210|UGC 965	21.17354	-1.58708	7.1488e7	z	S0-a	1.78	0.36	133	13.9	redshift
NGC 7516	MCG +03-59-010|PGC 70703|UGC 12420	348.21608	20.24842	7.1543e7	z	S0	1.26	0.91	99	14.53	redshift
NGC 1706	ESO 085-007|PGC 16220	73.12925	-62.98578	7.1556e7	z	Sab	1.43	0.97	129	13.57	redshift
IC 74	PGC 3897	16.48312	4.09025	7.1599e7	z	E-S0	0.57	0.46	5	15.59	redshift
IC 1628	ESO 412-007|MCG -05-03-027|PGC 4075	17.19804	-28.58233	7.1599e7	z	E	1.65	1.53	112	13.53	redshift
NGC 1	MCG +04-01-025|PGC 564|UGC 57	1.8162	27.7079	7.1614e7	m	Sb	1.57	1.07	112	13.69	CF4
IC 1649	ESO 151-030|PGC 4298	17.9622	-55.8573	7.1614e7	m	Sbc	1.9	0.31	136	14.72	CF4
NGC 898	MCG +07-06-004|PGC 9073|UGC 1842	35.835	41.9514	7.1614e7	m	Sab	1.75	0.47	170	13.71	CF4
NGC 1278	MCG +07-07-065|PGC 12438|UGC 2670	49.9758	41.5632	7.1614e7	m	E	1.43	1.3	90	13.6	CF4
IC 3913	MCG +05-31-012|PGC 44147	194.1189	27.2913	7.1614e7	m	SABc	0.66	0.45	57	15.56	CF4
NGC 6246	MCG +09-27-098|PGC 59077|UGC 10580	252.4695	55.542	7.1614e7	m	Sb	1.38	0.73	46	14.37	CF4
IC 1286	MCG +09-30-010|PGC 61666|UGC 11191	274.0595	55.591	7.1614e7	m	Sab	1.42	0.44	86	14.72	CF4
IC 4912	ESO 046-005|PGC 64115|PGC 64117	301.7073	-77.3572	7.1614e7	m	SBc	1	0.39	41	15.57	CF4
IC 4647	ESO 024-005|PGC 60280	261.51558	-80.19511	7.162e7	z	S0	1.64	0.84	176	14.47	redshift
IC 90	MCG -01-04-023|PGC 4606	19.1265	-7.977	7.1647e7	m	E	1.25	1.12	146	14.85	CF4
NGC 558	PGC 5425	21.8174	-1.9709	7.1647e7	m	E	0.62	0.26	112	15.24	CF4
IC 164	MCG -01-05-037|PGC 6666	27.2852	-3.9044	7.1647e7	m	E	1.58	1.35	167	14.04	CF4
IC 2516	MCG +06-22-028|PGC 28589	148.7014	37.687	7.1647e7	m	E-S0	0.97	0.87	13	14.89	CF4
NGC 6733	ESO 141-025|PGC 62770	286.5442	-62.197	7.1647e7	m	E-S0	1.96	1.39	109	13.44	CF4
NGC 49	MCG +08-01-033|PGC 952|UGC 136	3.59346	48.24661	7.165e7	z	S0	0.93	0.59	161	15.2	redshift
NGC 590	MCG +07-04-003|PGC 5808|UGC 1109	23.4205	44.92869	7.1659e7	z	SBa	2.13	0.77	147	14.09	redshift
NGC 6297	PGC 59525|UGC 10690	255.90229	62.02561	7.1672e7	z	S0	0.64	0.45	84	14.42	redshift
IC 1248	MCG +10-24-106|PGC 59740|PGC 59791|UGC 10756	257.91742	59.99561	7.1736e7	z	Sc	0.82	0.64	17	14.59	redshift
IC 4779	ESO 104-017|PGC 62480	282.62679	-63.01289	7.1745e7	z	Sab	0.86	0.79	90	14.92	redshift
NGC 4686	MCG +09-21-044|PGC 43101|UGC 7946	191.66617	54.53428	7.1745e7	z	Sa	1.92	0.67	2	13.6	redshift
NGC 5583	MCG +02-37-004|PGC 51313|UGC 9196	215.41875	13.23239	7.1745e7	z	E	0.84	0.64	81	14.2	redshift
IC 4786	ESO 183-024|PGC 62526	283.18571	-56.69461	7.1779e7	z	Sbc	0.79	0.23	176	15.87	redshift
NGC 48	MCG +08-01-031|PGC 929|UGC 133	3.50913	48.23486	7.1779e7	z	SABb	1.34	0.61	15	14.93	redshift
IC 1691		21.1075	33.40694	7.1787e7	z	S0-a	0.46	0.39	122	16.26	redshift
IC 294	MCG +07-07-033|PGC 11878|UGC 2574	47.76296	40.62211	7.18e7	z	S0-a	1.49	1.17	106	15.52	redshift
NGC 7273	MCG +06-49-012|PGC 68768	336.03846	36.19983	7.18e7	z	S0	0.85	0.54	10	14.68	redshift
NGC 2530	MCG +03-21-020|PGC 22827|UGC 4237	121.98171	17.8185	7.183e7	z	Scd	1.4	0.95	171	14.62	redshift
NGC 440	ESO 113-025|PGC 4361	18.20208	-58.28228	7.1873e7	z	Sbc	1.06	0.64	37	13.73	redshift
NGC 946	MCG +07-06-026|PGC 9556|UGC 1979	37.6604	42.2321	7.1879e7	m	S0	1.42	0.84	66	14.5	CF4
IC 69	MCG +05-03-041|PGC 3666	15.34858	31.04083	7.1886e7	z	SABb	0.76	0.41	71	14.65	redshift
IC 188	MCG +04-05-038|PGC 7706|UGC 1510	30.44375	26.54689	7.1886e7	z	SABc	0.54	0.28	46	14.4	redshift
NGC 374	MCG +05-03-048|PGC 3952|UGC 680	16.77408	32.79511	7.1886e7	z	S0-a	1.3	0.58	177	14.23	redshift
NGC 5	MCG +06-01-013|PGC 595|UGC 62	1.95363	35.36231	7.1916e7	z	E	0.98	0.59	111	14.61	redshift
NGC 717	MCG +06-05-041|PGC 7033|UGC 1363	28.47962	36.22942	7.1916e7	z	S0-a	1.31	0.23	115	14.85	redshift
NGC 1541	MCG +00-11-040|PGC 14792|UGC 3001	64.25096	0.83519	7.1942e7	z	S0-a	1.38	0.49	77	14.57	redshift
IC 1799	MCG +08-05-012|PGC 9432|UGC 1943	37.191	45.9706	7.1945e7	m	Sc	0.79	0.37	40	14.89	CF4
IC 2481	MCG +01-24-022|PGC 26826|UGC 5040A	141.87	3.9296	7.1945e7	m	SBbc	0.83	0.47	161	14.48	CF4
IC 1076	MCG +03-38-055|PGC 53320|UGC 9595	223.7484	18.0374	7.1945e7	m	SBb	0.91	0.49	9	14.24	CF4
IC 1196	MCG +02-41-009|PGC 57246|UGC 10218	241.9931	10.7795	7.1945e7	m	Sa	1.04	0.51	5	14.69	CF4
IC 1441	MCG +06-48-023|PGC 68413	333.8297	37.3015	7.1945e7	m	SBb	1.07	0.58	38	15.37	CF4
IC 3726	MCG +07-26-049|PGC 42938|UGC 7921	191.17746	40.679	7.195e7	z	Sc	1.33	0.29	115	15.39	redshift
NGC 6206	MCG +10-24-018|PGC 58723|UGC 10506	250.03292	58.61736	7.195e7	z	S0	0.72	0.63	94	14.49	redshift
NGC 430	MCG +00-04-039|PGC 4376|UGC 765	18.2497	-0.2525	7.1978e7	m	E	1.18	0.81	163	13.51	CF4
NGC 1717	MCG +00-13-052|PGC 16447	74.6312	-0.5746	7.1978e7	m	SBa	0.95	0.54	162	15.62	CF4
NGC 2677	MCG +03-23-012|PGC 24821	132.5055	19.0099	7.1978e7	m	E?	0.7	0.41	169	15.18	CF4
NGC 5070	MCG -02-34-022|PGC 46432	199.8024	-12.5399	7.1978e7	m	E-S0	1.17	0.98	90	14.46	CF4
NGC 1277	MCG +07-07-064|PGC 12434	49.96454	41.57353	7.1993e7	z	S0-a	0.97	0.67	96	14.63	redshift
NGC 903	PGC 9097|UGC 1852 NOTES01	36.00367	27.35628	7.2036e7	z		0.74	0.4	168	16.71	redshift
NGC 2851	MCG -03-24-008|PGC 26422	140.12596	-16.49528	7.2036e7	z	S0	1.43	0.53	8	14.33	redshift
NGC 6619	MCG +04-43-025|PGC 61721|UGC 11200	274.73142	23.65561	7.2036e7	z	E	1.38	0.89	104	14.26	redshift
IC 451	MCG +12-07-019|PGC 19775|UGC 3550	103.21671	74.48072	7.2087e7	z	SABb	1.34	1.07	144	14.83	redshift
NGC 798	MCG +05-05-048|PGC 7823|UGC 1539	30.83167	32.07753	7.2087e7	z	E	1.19	0.44	136	14.63	redshift
NGC 2290	MCG +06-15-012|PGC 19718|UGC 3562	102.73717	33.43758	7.2143e7	z	Sa	0.81	0.52	57	14.01	redshift
IC 1734	ESO 353-048|MCG -06-05-003|PGC 6679	27.32104	-32.74261	7.2207e7	z	Sc	1.63	1.52	21	13.47	redshift
NGC 553	PGC 5333	21.5525	33.405	7.2229e7	z	S0	0.91	0.3	13	14.93	redshift
IC 522	MCG +10-13-031|PGC 25009|UGC 4654	133.64546	57.16672	7.225e7	z	S0	1.24	1.02	165	13.87	redshift
NGC 913	PGC 9230	36.436	41.79942	7.2254e7	z		0.61	0.33	20	15	redshift
NGC 1216	MCG -02-08-056|PGC 11693	46.82725	-9.61281	7.2267e7	z	S0-a	0.9	0.22	67	15.86	redshift
NGC 494	MCG +05-04-034|PGC 5035|UGC 919	20.7308	33.1739	7.2277e7	m	Sab	1.86	0.59	100	13.8	CF4
IC 1997	ESO 117-007|PGC 13740	56.2158	-59.1379	7.2277e7	m	Sa	1.01	0.7	76	14.02	CF4
IC 2106	ESO 422-012|MCG -05-12-011|PGC 16373	74.1412	-28.5039	7.2277e7	m	SBb	1.79	1.04	156	13.79	CF4
NGC 7489	MCG +04-54-028|PGC 70532|UGC 12378	346.8863	22.998	7.2277e7	m	Sc	1.22	0.65	165	14.23	CF4
NGC 311	MCG +05-03-028|PGC 3434|UGC 592	14.38638	30.28075	7.2284e7	z	S0	1.36	0.69	118	14	redshift
NGC 528	MCG +05-04-057|PGC 5290|UGC 988	21.3899	33.6715	7.231e7	m	S0	1.77	1.04	57	13.65	CF4
NGC 1329	ESO 548-015|MCG -03-09-042|PGC 12826	51.5109	-17.5915	7.231e7	m	Sa	1.58	1.27	33	13.49	CF4
NGC 1709	MCG +00-13-054|PGC 16462	74.6835	-0.4783	7.231e7	m	S0	0.93	0.69	46	15.03	CF4
IC 2708	PGC 34584	169.6441	12.7111	7.231e7	m	E	0.92	0.77	63	15.06	CF4
NGC 4996	MCG +00-34-009|PGC 45629|UGC 8235	197.3829	0.857	7.231e7	m	S0-a	1.81	1.36	16	14.29	CF4
IC 4765	ESO 104-006|PGC 62407	281.8256	-63.331	7.231e7	m	E	3.79	2.84	121	12.31	CF4
NGC 2411	MCG +03-20-005|PGC 21315|UGC 3914	113.65138	18.28156	7.2314e7	z	S0-a	1	0.65	48	14.4	redshift
NGC 6130	MCG +10-23-066|PGC 57828|UGC 10347	244.88933	57.61497	7.2314e7	z	Sbc	1.22	0.78	32	14.25	redshift
NGC 1612	MCG -01-12-030|PGC 15507	68.30471	-4.17242	7.2336e7	z	S0-a	1.36	0.94	138	15.23	redshift
NGC 2562	MCG +04-20-031|PGC 23395|UGC 4345	125.09858	21.13147	7.2336e7	z	S0-a	1.03	0.79	1	14	redshift
NGC 1762	MCG +00-13-067|PGC 16654|UGC 3238	75.9042	1.5734	7.2344e7	m	Sc	1.75	1.12	177	13.35	CF4
NGC 4484	MCG -02-32-013|PGC 41087	187.2195	-11.65206	7.2353e7	z	Sc	1.26	1.1	72	14.21	redshift
IC 1688		20.86708	33.08306	7.237e7	z	E	0.38	0.31	64	16.42	redshift
NGC 521	MCG +00-04-118|PGC 5190|UGC 962	21.14075	1.73139	7.2387e7	z	Sbc	2.77	2.59	145	12.62	redshift
NGC 6983	ESO 286-014|MCG -07-43-004|PGC 65759	314.18096	-43.98603	7.2387e7	z	Sab	0.85	0.66	151	14.25	redshift
NGC 7265	MCG +06-49-006|PGC 68668|UGC 12004	335.61433	36.20961	7.2387e7	z	E-S0	2.48	1.79	166	13.27	redshift
IC 4709	ESO 182-014|PGC 61835	276.08079	-56.36917	7.24e7	z	Sab	1.17	0.59	5	14.42	redshift
NGC 468	MCG +05-04-020|PGC 4780	19.95208	32.76778	7.2413e7	z	S0-a	0.85	0.48	175	15.2	redshift
NGC 7043	MCG +02-54-014|PGC 66385|UGC 11704	318.51738	13.62603	7.2413e7	z	Sa	0.82	0.64	129	14.86	redshift
NGC 2861	MCG +00-24-010|PGC 26607|UGC 4999	140.90208	2.13647	7.2421e7	z	SBbc	1.28	1.17	50	13.85	redshift
NGC 7072A	ESO 287-029|MCG -07-44-017|PGC 66870	322.607	-43.20261	7.2421e7	z	SABc	0.8	0.61	108	14.34	redshift
NGC 78A	MCG +00-02-004|PGC 1306|UGC 193	5.10746	0.82633	7.2464e7	z	S0-a	1.17	0.65	75	14.58	redshift
NGC 677	MCG +02-05-042|PGC 6673|UGC 1275	27.30858	13.05536	7.2507e7	z	E	1.81	1.81	35	13.26	redshift
NGC 403	MCG +05-03-068|PGC 4111|UGC 715	17.309	32.75214	7.2516e7	z	S0-a	2.4	0.79	86	13.18	redshift
NGC 846	MCG +07-05-024|PGC 8430|UGC 1688	33.05133	44.56839	7.255e7	z	SBab	1.92	1.68	129	13.1	redshift
IC 4324	ESO 445-025|MCG -05-32-075|PGC 48776	206.36379	-30.22722	7.2601e7	z	Sb	0.9	0.57	126	14.82	redshift
NGC 271	MCG +00-03-012|PGC 2949|UGC 519	12.6745	-1.9101	7.2611e7	m	Sab	2.38	1.28	131	13.2	CF4
NGC 2526	MCG +01-21-012|PGC 22778|UGC 4231	121.7442	8.0038	7.2611e7	m	Sab	0.91	0.46	137	14.58	CF4
NGC 3840	MCG +03-30-070|PGC 36477|UGC 6702	175.9956	20.0768	7.2611e7	m	Sa	0.79	0.68	67	14.64	CF4
NGC 4576	MCG +01-32-116|PGC 42152|UGC 7792	189.3897	4.3677	7.2611e7	m	SABb	1.22	0.66	152	14.25	CF4
IC 2437	ESO 564-021|MCG -03-23-020|PGC 25518	136.3879	-19.207	7.2644e7	m	E-S0	1.79	1.23	119	13.94	CF4
NGC 2418	MCG +03-20-008|PGC 21382|UGC 3931	114.15629	17.88392	7.2657e7	z	E	1.59	1.53	65	13.65	redshift
IC 162	MCG +02-05-038|PGC 6643|UGC 1267	27.22263	10.52161	7.2678e7	z	S0	1.32	1.28	85	14.46	redshift
NGC 7760	MCG +05-56-008|PGC 72512|UGC 12794	357.29975	30.98314	7.27e7	z	E	1.14	1.05	0	14.74	redshift
NGC 2694	MCG +09-15-056|PGC 25143|UGC 4674 NOTES01	134.24692	51.33197	7.2713e7	z	E	0.81	0.5	177	15.18	redshift
NGC 7102	MCG +01-55-008|PGC 67120|UGC 11786	324.93538	6.28631	7.2721e7	z	Sb	1.48	0.89	141	14.07	redshift
NGC 7298	MCG -02-57-010|PGC 69033	337.71104	-14.18825	7.2747e7	z	Sc	1.28	1	4	14.35	redshift
NGC 5384	MCG +01-36-008|PGC 49707|UGC 8886	209.55358	6.51819	7.2764e7	z	S0	1.8	0.74	56	14.07	redshift
NGC 3064	MCG -01-26-001|PGC 28638	148.92271	-6.36392	7.2772e7	z	Sbc	1.15	0.33	25	14.98	redshift
NGC 608	MCG +05-04-073|PGC 5913|UGC 1135	23.86767	33.65672	7.2798e7	z	S0-a	0.83	0.55	33	14.21	redshift
NGC 515	MCG +05-04-052|PGC 5201|UGC 956	21.16083	33.47278	7.2807e7	z	S0	0.92	0.64	89	14.26	redshift
NGC 414 NED02	PGC 93079|UGC 744 NED02	17.82479	33.11225	7.2828e7	z	E-S0	0.45	0.38	90		redshift
NGC 2294	MCG +06-15-014|PGC 19729	102.79708	33.52711	7.2841e7	z	E	0.91	0.33	5	14.9	redshift
NGC 2771	MCG +08-17-051|PGC 25875|UGC 4817	137.66525	50.37986	7.285e7	z	Sab	1.73	1.49	42	13.9	redshift
NGC 605	MCG +07-04-004|PGC 5891|UGC 1128	23.75979	41.24814	7.2858e7	z	S0	1.32	0.56	148	14.23	redshift
NGC 2881 NED02	MCG -02-24-021 NED02|PGC 26747	141.47787	-11.99553	7.2858e7	z		1.17	0.63	167	15.93	redshift
NGC 692	ESO 197-003|PGC 6642	27.175	-48.6488	7.2879e7	m	Sbc	1.95	1.41	84	13.07	CF4
NGC 7779	MCG +01-60-045|PGC 72770|UGC 12831	358.36162	7.87567	7.2944e7	z	S0-a	1.49	1.07	5	13.66	redshift
NGC 937	MCG +07-06-024|PGC 9480|UGC 1961	37.3671	42.2496	7.2946e7	m	Sc	0.89	0.35	115	14.96	CF4
NGC 4877	MCG -02-33-086|PGC 44761	195.1098	-15.2835	7.2946e7	m	Sab	2.36	0.94	8	13.08	CF4
IC 4469	MCG +03-37-026|PGC 52258|UGC 9414	219.3354	18.2493	7.2946e7	m	Sc	1.67	0.22	109	15.45	CF4
NGC 597	ESO 353-011|MCG -06-04-044|PGC 5721	23.06187	-33.49708	7.2965e7	z	SBbc	1.31	1.21	45	13.97	redshift
NGC 2564	ESO 562-001|PGC 23290	124.62504	-21.81611	7.2965e7	z	E-S0	1.36	0.86	60	14.69	redshift
NGC 6081	MCG +02-41-019|PGC 57506|UGC 10272	243.23692	9.86711	7.2978e7	z	S0	1.55	0.56	131	14.33	redshift
NGC 1324	MCG -01-09-038|PGC 12772	51.2569	-5.7458	7.2979e7	m	Sb	2.37	0.69	141	13.4	CF4
NGC 5110	MCG -02-34-041|PGC 46737	200.7354	-12.9648	7.2979e7	m	E-S0	2.63	2.1	108	13.61	CF4
NGC 5312	MCG +06-30-092|PGC 49075	207.4608	33.6217	7.2979e7	m	S0-a	1.09	0.57	39	14.62	CF4
IC 492	MCG +04-19-024|PGC 22724|UGC 4212	121.41108	26.16819	7.3021e7	z	SBbc	1.02	0.77	31	14.4	redshift
IC 1816	ESO 355-025|MCG -06-06-011|PGC 9634	37.9625	-36.67206	7.3029e7	z	SBab	1.26	1.22	125	13.83	redshift
IC 4752	ESO 103-057|PGC 62323	280.94471	-64.08211	7.3055e7	z	Sab	0.73	0.65	129	15.49	redshift
NGC 208	MCG +00-02-118|PGC 2420	10.07325	2.7565	7.3055e7	z	Sa	0.77	0.65	137	15.45	redshift
NGC 765	MCG +04-05-025|PGC 7475|UGC 1455	29.7	24.89247	7.3055e7	z	SABb	2.62	2.62	25	13.87	redshift
IC 2518	PGC 28659	148.99387	37.15553	7.3064e7	z	E	0.7	0.53	110	15.77	redshift
IC 1296	MCG +06-41-022|PGC 62532|UGC 11374	283.32846	33.06658	7.3085e7	z	SBbc	0.99	0.53	69	15.35	redshift
NGC 3110	MCG -01-26-014|PGC 29192	151.00879	-6.47478	7.3107e7	z	SBb	1.87	0.9	171	13	redshift
IC 305	MCG +06-08-006|PGC 12083	48.76583	37.86	7.3128e7	z	E	0.79	0.64	74	15.57	redshift
NGC 928	MCG +04-06-050|PGC 9368	36.92092	27.22119	7.3141e7	z	Sa	0.9	0.54	45	14.63	redshift
NGC 6900	MCG +00-52-001|PGC 64530	305.39629	-2.56922	7.3141e7	z	Sb	0.94	0.74	100	14.67	redshift
NGC 7682	MCG +00-59-047|PGC 71566|UGC 12622	352.26638	3.53333	7.3141e7	z	Sab	1.15	1.07	160	14	redshift
IC 4672	ESO 102-021|PGC 61307	270.56129	-62.8325	7.3154e7	z	Sc	0.89	0.52	40	15.3	redshift
IC 1006	MCG +04-34-023|PGC 51378	215.74625	23.79433	7.3235e7	z	Sbc	0.89	0.61	99	15.12	redshift
NGC 7449	MCG +06-50-016|PGC 70196|UGC 12292	344.90683	39.14586	7.3244e7	z	E	1.02	0.8	130	15.35	redshift
NGC 1095	MCG +01-08-001|PGC 10566|UGC 2264	41.9078	4.6376	7.3282e7	m	SBc	1.26	0.81	46	14.13	CF4
NGC 3154	MCG +03-26-040|PGC 29759|UGC 5507	153.2553	17.0342	7.3282e7	m	SBa	0.83	0.39	121	14.26	CF4
IC 827	MCG +03-33-014|PGC 43607|UGC 8008	192.9794	16.2828	7.3282e7	m	Sd	0.89	0.42	103	14.93	CF4
IC 4956	ESO 284-023|PGC 64230	302.88025	-45.59322	7.3286e7	z	E	1.73	1.67	115	13.36	redshift
NGC 7118	ESO 236-045|PGC 67318	326.54058	-48.35381	7.3286e7	z	E-S0	1.7	1.36	45	13.55	redshift
NGC 912	MCG +07-06-015|PGC 9222	36.4282	41.7774	7.3316e7	m	S0-a	0.79	0.6	147	14.91	CF4
IC 3651	MCG +05-30-054|PGC 42500|UGC 7835	190.2204	26.728	7.3316e7	m	S0	1.05	1.04	95	14.51	CF4
NGC 6576	PGC 61530	272.95008	21.42825	7.3316e7	z	S0	0.76	0.65	139	15.68	redshift
IC 2341	MCG +04-20-046|PGC 23552|UGC 4384	125.92267	21.43489	7.3321e7	z	E-S0	1.18	0.57	3	14.64	redshift
NGC 2831	MCG +06-21-013|PGC 26376|UGC 4942 NOTES01	139.93954	33.745	7.3321e7	z	E	0.89	0.66	2	14.41	redshift
IC 4760	ESO 103-061|PGC 62369	281.44146	-62.95836	7.3329e7	z	S0	0.83	0.76	7	15.15	redshift
NGC 3074	MCG +06-22-047|PGC 28888|UGC 5366	149.92171	35.39281	7.3363e7	z	SABc	1.96	1.69	150	13.47	redshift
NGC 7680	MCG +05-55-023|PGC 71541|UGC 12616	352.14625	32.41572	7.3363e7	z	E-S0	1.67	1.67	45	13.67	redshift
NGC 614	MCG +05-04-075|PGC 5933|UGC 1140	23.96775	33.68189	7.3428e7	z	S0	1.52	1.44	120	13.84	redshift
IC 380	MCG -02-12-034|PGC 15398	67.92217	-12.92703	7.3458e7	z	SABb	0.76	0.46	75	15.25	redshift
IC 4866	ESO 142-021|PGC 63376	293.64479	-61.14578	7.3488e7	z	SABb	1.64	1.02	164	13.9	redshift
NGC 4940	ESO 269-042|PGC 45235	196.25104	-47.23692	7.3501e7	z	Sa	1.13	1	28	13.94	redshift
NGC 3667A	MCG -02-29-026|PGC 35034	171.08954	-13.85581	7.3535e7	z	Sb	0.92	0.68	41	14.8	redshift
NGC 940	MCG +05-06-050|PGC 9478|UGC 1964	37.36458	31.64092	7.3543e7	z	S0	1.64	1.15	20	13.35	redshift
NGC 7445	MCG +06-50-015|PGC 70178	344.8435	39.10753	7.3548e7	z	S0-a	0.67	0.17	85	15.58	redshift
NGC 809	MCG -02-06-023|PGC 7889	31.0791	-8.7353	7.3553e7	m	S0	1.11	0.86	173	14.59	CF4
IC 1536	MCG +08-01-032|PGC 949	3.57921	48.14328	7.3573e7	z	E	0.81	0.53	172	15.53	redshift
IC 4689	ESO 140-011|PGC 61604	273.41783	-57.74819	7.3573e7	z	SABa	0.91	0.38	141	15.08	redshift
NGC 939	ESO 246-011|MCG -07-06-004|PGC 9271	36.58883	-44.44617	7.3603e7	z	E	1.66	1.16	100	14.05	redshift
IC 1754	PGC 7307|UGC 1424	29.20783	4.02561	7.3616e7	z		0.92	0.92	80	15.36	redshift
NGC 662	MCG +06-04-060|PGC 6393|UGC 1220	26.1477	37.696	7.3621e7	m	Sb	0.81	0.55	13	14.62	CF4
NGC 933	MCG +08-05-013|PGC 9465|UGC 1956	37.3227	45.9114	7.3621e7	m	Sbc	1.84	0.96	37	15.3	CF4
NGC 2446	MCG +09-13-058|PGC 21860|UGC 4027	117.1636	54.6119	7.3621e7	m	Sb	1.75	0.91	128	13.8	CF4
NGC 5420	MCG -02-36-006|PGC 50121	210.9996	-14.6169	7.3621e7	m	Sb	1.9	0.7	135	14.08	CF4
IC 1401	MCG +00-55-015|PGC 67339|UGC 11810	326.7479	1.7127	7.3621e7	m	SABb	1.68	0.56	180	14.38	CF4
NGC 534	ESO 296-021|MCG -06-04-026|PGC 5215	21.186	-38.129	7.3655e7	m	S0	1.19	1.07	110	14.4	CF4
NGC 4953	ESO 382-008|MCG -06-29-009|PGC 45349	196.5438	-37.5857	7.3655e7	m	S0-a	1.84	0.99	51	14.18	CF4
NGC 5628	MCG +03-37-019|PGC 51699|UGC 9278	217.1073	17.9243	7.3655e7	m	E	0.97	0.63	173	14.45	CF4
IC 5101	ESO 107-025|PGC 66636	320.48237	-65.83606	7.3663e7	z	SBc	1.1	0.89	2	13.95	redshift
NGC 621	MCG +06-04-045|PGC 5984|UGC 1147	24.20442	35.51219	7.3672e7	z	S0	1.12	1.06	105	14.14	redshift
NGC 633	ESO 297-011|MCG -06-04-056|PGC 5960	24.0975	-37.32156	7.3672e7	z	SBb	1.1	0.95	178	13.53	redshift
NGC 622	MCG +00-05-014|PGC 5939|UGC 1143	24.00067	0.66353	7.3706e7	z	Sb	1.3	0.83	55	14.05	redshift
NGC 7684	MCG +00-59-050|PGC 71625|UGC 12637	352.6335	0.08106	7.3706e7	z	S0-a	1.58	0.46	18	14.35	redshift
NGC 547	MCG +00-04-143|PGC 5324|UGC 1009	21.5027	-1.3452	7.3824e7	m	E	3.07	1.93	103	13.16	CF4
NGC 958	MCG -01-07-019|PGC 9560	37.6782	-2.939	7.3824e7	m	SBc	2.51	0.72	2	12.91	CF4
NGC 1603	MCG -01-12-019|PGC 15424	67.95812	-5.09442	7.3835e7	z	S0	0.88	0.57	57	14.72	redshift
NGC 1606	MCG -01-12-022|PGC 15443	68.01392	-5.03244	7.3835e7	z	S0-a	0.57	0.49	94	16.54	redshift
NGC 1529	ESO 084-004|PGC 14495	61.83283	-62.89931	7.3877e7	z	S0	0.71	0.33	164	14.4	redshift
NGC 2291	MCG +06-15-013|PGC 19719	102.74433	33.52508	7.3886e7	z	S0	0.93	0.89	165	14.24	redshift
NGC 484	ESO 113-036|PGC 4764	19.89471	-58.52431	7.3899e7	z	E-S0	1.8	1.26	90	13.24	redshift
IC 288	MCG +07-07-027|PGC 11702|UGC 2544	46.88713	42.38756	7.3916e7	z	Sab	1.01	0.28	41	14.95	redshift
NGC 194	MCG +00-02-105|PGC 2362|UGC 407	9.82675	3.03744	7.3916e7	z	E	1.73	1.5	42	13.11	redshift
NGC 6653	ESO 045-013|PGC 62342	281.15987	-73.26342	7.3916e7	z	E	1.64	1.41	56	13.39	redshift
NGC 7547	MCG +03-59-013|PGC 70819|UGC 12453	348.76417	18.97344	7.3955e7	z	Sa	1.06	0.44	104	14.72	redshift
IC 1231	MCG +10-24-056|PGC 58973|UGC 10560	251.7459	58.4232	7.3961e7	m	Sc	1.88	0.86	153	13.6	CF4
IC 2426	MCG +01-23-014|PGC 25208	134.6269	2.9255	7.3995e7	m	S0	0.61	0.44	119	15.17	CF4
NGC 2829 NED01	PGC 26356	139.8762	33.6484	7.3995e7	m	E	0.48	0.38	30	16.67	CF4
NGC 5424	MCG +02-36-019|PGC 50035|UGC 8956	210.732	9.4203	7.3995e7	m	S0	1.46	1.18	108	14.09	CF4
IC 1652	MCG +05-04-003|PGC 4498|UGC 792	18.73442	31.9485	7.4002e7	z	S0-a	1.32	0.17	170	14.23	redshift
NGC 5504	MCG +03-36-081|PGC 50718|UGC 9085	213.06588	15.84192	7.4006e7	z	Sbc	1.18	1.03	114	14.04	redshift
NGC 7068	MCG +02-54-027|PGC 66765	321.63488	12.18431	7.4044e7	z	Sa	0.76	0.33	175	14.76	redshift
NGC 5655	MCG +02-37-020|PGC 51857|UGC 9333	217.71221	13.96875	7.4049e7	z	SBc	0.73	0.47	152	14.06	redshift
NGC 7550	MCG +03-59-015|PGC 70830|UGC 12456	348.81671	18.96181	7.407e7	z	E-S0	1.45	1.41	150	13.17	redshift
NGC 1148	MCG -01-08-018|PGC 11148	44.26821	-7.68564	7.4092e7	z	SBcd	1.31	0.68	75	14.57	redshift
IC 1823	MCG +05-07-024|PGC 10013|UGC 2125	39.65408	32.06969	7.41e7	z	Sc	1.38	0.83	78	14.83	redshift
IC 599	MCG -01-26-032|PGC 29771	153.30212	-5.629	7.4126e7	z	Sc	1.17	0.29	36	15.1	redshift
IC 1592	PGC 3139|UGC 543	13.36267	5.77039	7.4156e7	z	Sbc	0.86	0.68	167	15.36	redshift
NGC 4225	MCG -02-31-027|PGC 39337	184.15988	-12.32767	7.4173e7	z	S0-a	0.84	0.61	66	14.97	redshift
IC 170	MCG -02-05-066|PGC 6890	27.98967	-8.51761	7.4177e7	z	E	0.78	0.6	92	15.34	redshift
NGC 6805	ESO 338-014|MCG -06-43-002|PGC 63413	294.1904	-37.5544	7.4234e7	m	E	1.16	1.03	159	14.31	CF4
NGC 260	MCG +04-03-006|PGC 2844|UGC 497	12.14438	27.69244	7.4271e7	z	Sc	0.76	0.68	34	14.27	redshift
IC 1534	MCG +08-01-028|PGC 910|UGC 125	3.43933	48.15136	7.4284e7	z	S0	1.02	0.44	70	15.06	redshift
IC 2217	MCG +05-19-031|PGC 22476|UGC 4160	120.20721	27.50031	7.4284e7	z	Sc	0.59	0.42	87	14.3	redshift
NGC 4403	MCG -01-32-008|PGC 40656	186.55329	-7.68494	7.4284e7	z	SBab	1.58	0.61	17	13.49	redshift
NGC 6291	MCG +10-24-086|PGC 59435	255.233	58.93756	7.4289e7	z	E	0.62	0.5	176	14.78	redshift
NGC 340	MCG -01-03-055|PGC 3610	15.1454	-6.8666	7.4302e7	m	Sb	0.94	0.39	78	14.52	CF4
IC 304	MCG +06-08-005|PGC 12080|UGC 2609	48.7557	37.8818	7.4302e7	m	Sb	1.06	0.65	29	14.74	CF4
IC 4267	ESO 509-035|MCG -04-32-024|PGC 47474	202.6505	-26.2561	7.4302e7	m	Sbc	1.3	0.45	135	15.2	CF4
NGC 7379	MCG +07-46-018|PGC 69724|UGC 12187	341.8874	40.2388	7.4302e7	m	SBa	1.25	0.92	93	14.33	CF4
NGC 713	MCG -02-05-075|PGC 7161	28.83971	-9.08375	7.4306e7	z	Sb	1.15	0.28	95	15.25	redshift
NGC 624	MCG -02-05-010|PGC 5932	23.9628	-10.003	7.4336e7	m	SBb	1.3	0.67	91	14.18	CF4
NGC 2205	ESO 086-063|PGC 18551	92.6364	-62.5384	7.4336e7	m	E-S0	1.3	0.99	77	13.72	CF4
NGC 2332	MCG +08-13-079|PGC 20276|UGC 3699	107.3925	50.1823	7.4336e7	m	S0	1.72	1.17	65	13.93	CF4
NGC 2996	ESO 566-012|MCG -03-25-022|PGC 28049	146.6258	-21.5717	7.4336e7	m	S0-a	1.36	1.36	150	13.66	CF4
NGC 3243	MCG +00-27-012|PGC 30655|UGC 5652	156.5895	-2.6222	7.4336e7	m	S0	1.73	1.19	120	14.47	CF4
NGC 3421	MCG -02-28-013|PGC 32514	162.7403	-12.4484	7.4336e7	m	SBa	1.58	1.24	65	14.58	CF4
IC 3991	MCG +05-31-072|PGC 44632	194.9158	28.9267	7.4336e7	m	E-S0	0.91	0.41	66	15.2	CF4
NGC 6577	MCG +04-43-009|PGC 61543|UGC 11148	273.00513	21.46339	7.4349e7	z	E	1.23	1.06	179	13.74	redshift
NGC 5637	MCG +04-34-037|PGC 51736|UGC 9293	217.24833	23.1915	7.437e7	z	Sb	0.84	0.44	7	14.5	redshift
NGC 7087	ESO 343-008|MCG -07-44-025|PGC 66988	323.63946	-40.81864	7.4374e7	z	SBab	0.86	0.62	47	13.74	redshift
IC 4878	PGC 63467	294.70862	-58.22644	7.4391e7	z		1.5	0.31	43	15.2	redshift
IC 1535	MCG +08-01-030|PGC 922|UGC 131	3.48892	48.15797	7.443e7	z	Sb	0.99	0.29	170	15.15	redshift
NGC 7618	MCG +07-47-013|PGC 71090|UGC 12516	349.94675	42.85264	7.4456e7	z	E	1.23	0.99	5	14.26	redshift
NGC 332	PGC 3511|UGC 609	14.70471	7.11131	7.4473e7	z	E-S0	1.37	1.31	155	14.82	redshift
NGC 4836	MCG -02-33-072|PGC 44328	194.39288	-12.74411	7.4477e7	z	SABc	1.48	1.08	8	14.93	redshift
IC 4654	ESO 044-015|PGC 60582	264.28288	-74.38144	7.449e7	z	SABb	1.97	1.11	102	13.15	redshift
NGC 4905	ESO 443-031|MCG -05-31-015|PGC 44902	195.37783	-30.86828	7.4498e7	z	S0-a	1.55	0.5	174	14.29	redshift
IC 445	MCG +11-09-001|PGC 19328|UGC 3497	99.33854	67.85986	7.452e7	z	S0	0.87	0.7	20	14.28	redshift
NGC 7692	MCG -01-60-003|PGC 71712	353.19483	-5.59689	7.452e7	z	I	0.5	0.42	77	14.85	redshift
NGC 2342	MCG +03-19-004|PGC 20265|UGC 3709	107.32533	20.63597	7.4541e7	z	Sc	1.17	0.84	66	13.36	redshift
NGC 7553	PGC 70842	348.88788	19.04817	7.455e7	z	E	0.69	0.52	150	15.67	redshift
NGC 399	MCG +05-03-067|PGC 4096|UGC 712	17.24667	32.63431	7.4558e7	z	Sa	1.12	0.76	41	14.44	redshift
NGC 675	MCG +02-05-041|PGC 6665|UGC 1273	27.28587	13.05989	7.4605e7	z	Sa	1.04	0.44	101	15.45	redshift
IC 266	MCG +07-07-010|PGC 11002	43.77013	42.26233	7.4614e7	z	S0-a	0.74	0.31	136	15.65	redshift
NGC 338	MCG +05-03-034|PGC 3611|UGC 624	15.1519	30.6687	7.4645e7	m	Sab	1.75	0.66	107	13.56	CF4
NGC 983	MCG +06-06-070|PGC 10034|UGC 2133	39.7319	34.6223	7.4645e7	m	SBb	1.16	0.69	136	13.94	CF4
NGC 2375	MCG +06-17-005|PGC 21035|UGC 3854	111.7896	33.8318	7.4645e7	m	Sb	1	0.8	65	14.86	CF4
NGC 2499	MCG +01-21-003|PGC 22366	119.7156	7.4929	7.4645e7	m	SABc	0.86	0.6	175	15.03	CF4
IC 623	MCG +01-27-017|PGC 31356|UGC 5748	158.8377	3.5584	7.4645e7	m	Sbc	0.94	0.32	151	14.95	CF4
IC 716	MCG +00-30-018|PGC 36102|UGC 6612	174.764	-0.206	7.4645e7	m	Sbc	1.59	0.3	123	14.81	CF4
IC 2974	MCG -01-30-045|PGC 37304	178.453	-5.1679	7.4645e7	m	Sc	2.19	0.47	100	14	CF4
IC 3004	MCG +02-31-030|PGC 38457	181.7927	13.2474	7.4645e7	m	SBc	0.61	0.4	24	15.77	CF4
NGC 4588	MCG +01-32-124|PGC 42277|UGC 7810	189.689	6.7678	7.4645e7	m	Sc	1.19	0.46	60	14.96	CF4
IC 1242	MCG +01-44-001|PGC 59688|UGC 10718	257.1786	4.0499	7.4645e7	m	Sb	0.84	0.51	120	14.86	CF4
IC 1498	MCG -01-60-002|PGC 71677	352.9735	-5.007	7.4645e7	m	SBa	2.24	0.57	3	14.03	CF4
NGC 2341	MCG +03-19-003|PGC 20259|UGC 3708	107.30017	20.60292	7.4657e7	z	Sc	0.82	0.79	60	13.9	redshift
NGC 1474	MCG +02-10-003|PGC 14080|UGC 2898	58.62646	10.707	7.467e7	z	Sa	1.04	0.7	5	15.04	redshift
NGC 7834	MCG +01-01-030|PGC 504|UGC 49	1.65758	8.36789	7.467e7	z	Sc	0.93	0.83	16	15.35	redshift
IC 1609	ESO 295-026|MCG -07-03-004|PGC 3567	14.9444	-40.3336	7.4679e7	m	S0	1.13	0.99	44	13.73	CF4
NGC 2402 NED02	MCG +02-19-004 NED02|PGC 200236|UGC 3891 NED02	112.69917	9.65361	7.4691e7	z		0.91	0.68	16	15.4	redshift
IC 2919	PGC 35614	173.14542	14.18922	7.4734e7	z	Sd	0.55	0.31	45	15.93	redshift
NGC 5227	MCG +00-35-010|PGC 47915|UGC 8566	203.85233	1.41058	7.4734e7	z	Sb	1.51	1.29	161	13.84	redshift
NGC 5504B	MCG +03-36-079|PGC 50716	213.053	15.86889	7.4734e7	z	SBbc	0.56	0.38	112	15.23	redshift
IC 55	MCG +01-03-006|PGC 3025	12.92662	7.71853	7.4755e7	z	Sa	0.55	0.28	175	15.01	redshift
NGC 7165	MCG -03-56-002|PGC 67788	329.85875	-16.51233	7.4755e7	z	Sab	1.12	0.92	38	14.04	redshift
NGC 6018	MCG +03-41-006|PGC 56481|UGC 10101	239.37404	15.87261	7.4777e7	z	S0-a	1.32	0.62	67	14.34	redshift
IC 4687	ESO 140-010|PGC 61602	273.41512	-57.72536	7.4781e7	z	SABb	1.15	0.73	51	14.38	redshift
IC 174	MCG +01-06-008|PGC 7249|UGC 1409	29.067	3.76186	7.4858e7	z	S0	1.49	0.99	97	14.52	redshift
NGC 780	MCG +05-05-041|PGC 7616|UGC 1488	30.14658	28.22514	7.4858e7	z	Sb	1.65	0.81	171	14.58	redshift
NGC 2256	MCG +12-07-015|PGC 19602|UGC 3519	101.80821	74.23653	7.4858e7	z	E-S0	2.17	1.97	65	13.94	redshift
NGC 589	MCG -02-05-004|PGC 5758	23.16642	-12.04269	7.4914e7	z	S0-a	0.76	0.65	87	14.97	redshift
NGC 789	MCG +05-05-047|PGC 7760|UGC 1520	30.60837	32.07225	7.4948e7	z	Sb	0.69	0.48	4	13.98	redshift
NGC 2532	MCG +06-18-013|PGC 22922|UGC 4256	122.56325	33.95664	7.4948e7	z	SABc	1.66	1.36	26	13.06	redshift
NGC 21	MCG +05-01-048|PGC 767|UGC 100	2.6953	33.3528	7.4989e7	m	Sbc	1.38	0.63	150	13.42	CF4
NGC 1730	MCG -03-13-043|PGC 16499	74.8832	-15.8236	7.4989e7	m	Sa	2.28	0.96	100	13.22	CF4
NGC 683	MCG +02-05-047|PGC 6718|UGC 1288	27.44454	11.70131	7.4991e7	z	Sb	0.66	0.6	50	14.91	redshift
NGC 203	MCG +00-02-114|PGC 2393	9.91471	3.44289	7.5012e7	z	S0	0.98	0.27	85	14.92	redshift
NGC 3452	MCG -02-28-019|PGC 32742	163.5588	-11.405	7.5024e7	m	Sa	1.25	0.31	65	14.8	CF4
NGC 4865	MCG +05-31-064|PGC 44578|UGC 8100	194.8327	28.0843	7.5024e7	m	E	0.88	0.42	113	14.4	CF4
NGC 6784	PGC 63210	291.6499	-65.6178	7.5024e7	m	E-S0	1.04	0.56	46	14.85	CF4
NGC 750	MCG +05-05-034|PGC 7369|UGC 1430	29.38638	33.20928	7.5034e7	z	E	1.48	1.41	170	13.11	redshift
NGC 6713	PGC 62487|UGC 11365	282.68567	33.95978	7.5034e7	z		0.48	0.44	110	14.21	redshift
NGC 1361	MCG -01-10-005|PGC 13218	53.57392	-6.265	7.5077e7	z	E-S0	1.24	0.84	44	14.68	redshift
NGC 7778	MCG +01-60-043|PGC 72756|UGC 12827	358.33196	7.87092	7.5077e7	z	E	1.02	0.98	55	13.72	redshift
IC 4803	PGC 62677	285.16613	-62.06514	7.5119e7	z		0.76	0.32	35	15.68	redshift
NGC 889	ESO 298-027|MCG -07-05-016|PGC 8843	34.77887	-41.74933	7.5119e7	z	E	1.24	0.89	98	14.62	redshift
NGC 466	ESO 113-034|PGC 4632	19.30525	-58.90994	7.5141e7	z	S0-a	1.61	1.34	108	13.59	redshift
NGC 7816	MCG +01-01-018|PGC 263|UGC 16	0.95358	7.47864	7.5162e7	z	Sbc	1.64	1.53	105	13.91	redshift
NGC 6449	MCG +09-29-020|PGC 60762|UGC 10965	265.94308	56.80414	7.5171e7	z	Sc	0.9	0.75	136	14.56	redshift
NGC 6987	ESO 235-021|PGC 65807	314.54317	-48.63031	7.5184e7	z	E	2.03	1.63	125	13.45	redshift
IC 100	MCG -01-04-030|PGC 5029	20.72483	-4.64303	7.5201e7	z	E-S0	1.04	0.77	88	14.48	redshift
NGC 318	PGC 3465	14.52179	30.42553	7.5201e7	z	S0	0.6	0.29	5	15.26	redshift
NGC 3831	MCG -02-30-023|PGC 36417	175.8275	-12.87836	7.5205e7	z	S0-a	2.28	0.63	23	13.87	redshift
NGC 6918	ESO 234-040|PGC 64851	307.69633	-47.47372	7.5218e7	z	S0-a	0.99	0.76	5	14.47	redshift
NGC 6246A	MCG +09-27-101|PGC 59090|UGC 10584	252.55825	55.38461	7.5226e7	z	Sc	2.17	1.28	164	14.16	redshift
NGC 479	MCG +01-04-031|PGC 4905|UGC 893	20.31554	3.86228	7.5244e7	z	SBbc	0.91	0.73	128	15.06	redshift
NGC 7330	MCG +06-49-046|PGC 69314|UGC 12111	339.23408	38.54806	7.5244e7	z	E	1.71	1.59	70	13.55	redshift
NGC 198	MCG +00-02-109|PGC 2371|UGC 414	9.84575	2.79792	7.5256e7	z	Sc	1.28	1.17	35	13.1	redshift
NGC 6182	MCG +09-27-048|PGC 58338|UGC 10424	247.39167	55.51778	7.5291e7	z	Sa	1.51	0.56	144	14.46	redshift
NGC 345	MCG -01-03-064|PGC 3665	15.34208	-6.88428	7.5334e7	z	Sa	0.98	0.58	100	14.86	redshift
NGC 768	MCG +00-06-016|PGC 7465|UGC 1457	29.6704	0.5293	7.5336e7	m	SBbc	1.56	0.59	29	14.2	CF4
NGC 1658	ESO 304-016|MCG -07-10-020|PGC 15899	71.0058	-41.4635	7.5336e7	m	Sbc	1.02	0.6	125	14.35	CF4
IC 528	MCG +03-24-001|PGC 25783|UGC 4811	137.344	15.7959	7.5336e7	m	Sab	1.39	0.62	162	15.01	CF4
NGC 4848	MCG +05-31-039|PGC 44405|UGC 8082	194.5233	28.2425	7.5336e7	m	Sc	1.27	0.42	157	14.35	CF4
IC 5199	ESO 344-020|MCG -06-49-002|PGC 68574	334.8884	-37.5339	7.5336e7	m	Sb	1.9	0.32	153	14.86	CF4
IC 5329	MCG +03-60-002|PGC 71731|UGC 12660	353.2901	21.2373	7.5336e7	m	Sc	1.37	0.34	109	15.62	CF4
IC 1490	MCG -01-01-011|PGC 73151	359.7946	-4.127	7.5336e7	m	SABb	1.45	0.84	83	13.91	CF4
IC 200	MCG +05-06-002|PGC 7967|UGC 1577	31.361	31.17533	7.5342e7	z	Sb	1.38	1.06	92	13.88	redshift
NGC 380	MCG +05-03-051|PGC 3969|UGC 682	16.8229	32.4825	7.537e7	m	E	1.45	1.35	80	13.54	CF4
NGC 564	MCG +00-04-154|PGC 5455|UGC 1044	21.9508	-1.8794	7.537e7	m	E	1.72	1.2	141	13.52	CF4
IC 160	MCG -02-05-044|PGC 6511	26.623	-13.2477	7.537e7	m	E-S0	1.28	0.86	85	14.88	CF4
NGC 5028	MCG -02-34-011|PGC 45976	198.4413	-13.0422	7.537e7	m	E	2.12	1.38	118	14.18	CF4
NGC 137	MCG +02-02-017|PGC 1888|UGC 309	7.74208	10.20842	7.5376e7	z	S0	1.38	1.38	30	13.75	redshift
NGC 1267	MCG +07-07-055|PGC 12331|UGC 2657	49.68717	41.46772	7.5376e7	z	E	1.12	0.86	57	14.08	redshift
NGC 455	MCG +01-04-011|PGC 4572|UGC 815	18.99017	5.17869	7.5385e7	z	S0	2.58	1.49	158	13.85	redshift
NGC 7109	ESO 403-015|MCG -06-47-011|PGC 67192	325.49388	-34.44589	7.5419e7	z	E	0.87	0.81	105	14.47	redshift
NGC 3069	MCG +02-26-005|PGC 28788	149.48625	10.43244	7.5505e7	z	SABa	0.86	0.37	166	15.02	redshift
NGC 6970	ESO 235-008|PGC 65608	313.03942	-48.77778	7.5513e7	z	SBa	1.54	0.87	115	13.12	redshift
IC 4890	ESO 185-016|PGC 63631	296.39775	-56.54544	7.5522e7	z	SBb	1.01	0.82	55	14.73	redshift
NGC 804	MCG +05-05-049|PGC 7873|UGC 1557	31.00879	30.83286	7.5543e7	z	S0	1.27	0.33	8	14.63	redshift
NGC 437	MCG +01-04-005|PGC 4464|UGC 788	18.59287	5.92689	7.5573e7	z	S0-a	1.73	1.37	138	13.91	redshift
NGC 472	MCG +05-04-022|PGC 4833|UGC 870	20.11954	32.70903	7.5573e7	z	Sb	0.9	0.68	125	14.16	redshift
NGC 7802	MCG +01-01-008|PGC 81|UGC 12902	0.25175	6.24206	7.5573e7	z	S0	1.18	0.8	53	14.64	redshift
NGC 6198	MCG +10-24-003|PGC 58554|UGC 10467	248.87771	57.48678	7.5591e7	z	E	0.88	0.6	92	14.97	redshift
NGC 975	MCG +01-07-009|PGC 9735|UGC 2030	38.3448	9.6017	7.5614e7	m	S0-a	0.84	0.63	1	14.16	CF4
NGC 862	ESO 298-020|MCG -07-05-012|PGC 8487	33.2625	-42.03353	7.5629e7	z	E	1.04	0.97	70	13.85	redshift
NGC 7827	MCG +01-01-027|PGC 378|UGC 38	1.36525	5.22233	7.5659e7	z	S0	1.29	1.18	40	14.53	redshift
NGC 7831	MCG +05-01-032|PGC 569|UGC 60	1.8312	32.6092	7.5683e7	m	Sb	1.8	0.39	40	13.3	CF4
IC 1769	ESO 414-021|PGC 7645	30.2287	-31.9199	7.5683e7	m	Sb	0.93	0.26	76	15.51	CF4
NGC 854	ESO 354-047|MCG -06-05-038|PGC 8388	32.8781	-35.8351	7.5683e7	m	SBc	2	0.72	2	13.81	CF4
NGC 3479	MCG -02-28-027|PGC 33053	164.7312	-14.9614	7.5683e7	m	Sbc	1.53	1.07	3	13.91	CF4
NGC 5004A	MCG +05-31-150|PGC 45757|UGC 8259	197.7571	29.5782	7.5683e7	m	Sab	1.25	0.55	173	15.18	CF4
NGC 5349	MCG +06-31-005|PGC 49336|UGC 8803	208.3049	37.8832	7.5683e7	m	SBb	1.6	0.48	81	14.96	CF4
NGC 6549	MCG +03-46-012|PGC 61399|UGC 11114	271.4562	18.538	7.5683e7	m	Sb	1.22	0.3	52	14.73	CF4
NGC 6947	ESO 401-003|MCG -05-48-028|PGC 65193	310.3131	-32.4864	7.5683e7	m	Sb	1.74	0.69	41	13.43	CF4
NGC 7110	ESO 403-016|MCG -06-47-012|PGC 67199	325.5505	-34.1621	7.5683e7	m	Sb	1.4	0.73	74	14.26	CF4
NGC 7787	MCG +00-01-005|PGC 72930|UGC 12849	359.0328	0.5494	7.5683e7	m	S0-a	1.09	0.43	95	15.31	CF4
NGC 1152	MCG -01-08-019|PGC 11182	44.39013	-7.75883	7.571e7	z	S0	1.3	0.76	5	14.32	redshift
NGC 703	MCG +06-05-029|PGC 6957|UGC 1346	28.1654	36.1712	7.5718e7	m	E-S0	0.99	0.69	48	14.34	CF4
NGC 2402 NED01	MCG +02-19-004 NED01|PGC 21176|UGC 3891 NED01	112.69408	9.64689	7.5719e7	z	Sa	1.23	0.72	55	15.29	redshift
NGC 5406	MCG +07-29-031|PGC 49847|UGC 8925	210.08383	38.91542	7.5719e7	z	Sbc	1.69	1.22	115	13.12	redshift
NGC 6566	MCG +09-30-001|PGC 61418	271.75279	52.26011	7.5719e7	z	E	0.67	0.6	21	15.47	redshift
IC 46	PGC 2575	10.74154	27.25347	7.5788e7	z	E-S0	0.8	0.61	82	14.28	redshift
NGC 6131	MCG +07-34-004|PGC 57927|UGC 10356	245.46771	38.93244	7.5788e7	z	SABc	1.08	1.04	25	13.79	redshift
IC 4794	ESO 141-013|PGC 62605	284.29012	-62.09094	7.5813e7	z	E-S0	1.48	0.79	19	14.16	redshift
NGC 389	MCG +06-03-014|PGC 4054|UGC 703	17.12471	39.69544	7.583e7	z	S0-a	1.26	0.46	54	14.93	redshift
NGC 99	MCG +02-02-006|PGC 1523|UGC 230	5.99746	15.77042	7.5847e7	z	Sc	1.05	0.88	46	14.12	redshift
NGC 1133	MCG -02-08-015|PGC 10885	43.17579	-8.80439	7.5847e7	z	SBa	0.97	0.71	71	14.87	redshift
NGC 3142	MCG -01-26-028|PGC 29586	152.52654	-8.47975	7.5847e7	z	S0	0.86	0.3	171	14.48	redshift
NGC 6143	MCG +09-27-024|PGC 57919|UGC 10358	245.42621	55.08606	7.5847e7	z	SABb	1.1	0.99	175	13.92	redshift
NGC 183	MCG +05-02-035|PGC 2298|UGC 387	9.62246	29.51122	7.5856e7	z	E	1.02	0.75	129	13.74	redshift
IC 1226	PGC 58754	250.27738	46.00406	7.589e7	z	SBa	0.57	0.5	53	15.3	redshift
IC 1901	MCG +06-08-008|PGC 12136	49.01087	37.11244	7.5895e7	z	S0-a	0.91	0.27	164	15.38	redshift
IC 4879	ESO 232-016|PGC 63480	294.90187	-52.36878	7.5899e7	z	Sa	0.9	0.41	81	14.51	redshift
NGC 125	MCG +00-02-048|PGC 1772|UGC 286	7.20913	2.83886	7.5899e7	z	S0-a	1.4	1.22	60	13.31	redshift
IC 107	MCG +02-04-041|PGC 5271|UGC 986	21.3523	14.8645	7.5928e7	m	E	1.62	1.31	6	14.25	CF4
IC 128	MCG -02-04-063|PGC 5659	22.84946	-12.62439	7.5929e7	z	SBc	0.82	0.61	165	15.35	redshift
NGC 828	MCG +06-05-092|PGC 8283|UGC 1655	32.53987	39.19036	7.5929e7	z	Sa	2.85	2.13	115	13.14	redshift
IC 1679	MCG +05-04-027|PGC 4944	20.43583	33.49361	7.5942e7	z	S0-a	0.6	0.51	46	15.48	redshift
IC 5178	ESO 532-031|MCG -04-52-022|PGC 68287	333.13896	-22.95406	7.5942e7	z	SBc	1.04	0.63	91	14.72	redshift
NGC 317A	MCG +07-03-009|PGC 3442|UGC 593	14.41271	43.80078	7.5946e7	z	Sa	1.21	0.96	7	15.43	redshift
IC 129	MCG -02-05-001|PGC 5675	22.88025	-12.65439	7.5997e7	z	S0-a	1.23	0.6	63	15.28	redshift
NGC 7426	MCG +06-50-012|PGC 70042|UGC 12256	344.01192	36.36136	7.6002e7	z	E	1.57	1.22	72	13.51	redshift
NGC 160	MCG +04-02-033|PGC 2154|UGC 356	9.0167	23.9581	7.6033e7	m	S0-a	1.98	0.89	46	13.61	CF4
NGC 1093	MCG +06-07-011|PGC 10606|UGC 2274	42.0673	34.4198	7.6033e7	m	SABa	1.16	0.75	99	14.24	CF4
NGC 2786	MCG +02-24-002|PGC 26008|UGC 4861	138.3982	12.4407	7.6033e7	m	Sa	0.83	0.59	77	13.86	CF4
IC 544	MCG +04-23-012|PGC 27293	143.9723	24.895	7.6033e7	m	Sbc	0.8	0.25	24	15.44	CF4
NGC 4738	MCG +05-30-103|PGC 43517|UGC 7999	192.787	28.788	7.6033e7	m	Sc	1.82	0.26	33	14.26	CF4
IC 1302	MCG +06-43-002|PGC 63307	292.7204	35.7852	7.6033e7	m	SABc	0.95	0.51	50	14.08	CF4
IC 5037	ESO 144-003|PGC 65327	311.4135	-58.4498	7.6033e7	m	Sc	1.32	0.21	158	15.84	CF4
NGC 538	MCG +00-04-130|PGC 5275|UGC 991	21.35854	-1.55064	7.6044e7	z	SBab	1.38	0.54	36	14.62	redshift
NGC 1132	MCG +00-08-040|PGC 10891|UGC 2359	43.2157	-1.2746	7.6068e7	m	E	1.91	0.71	142	13.29	CF4
IC 2493	MCG +06-21-056|PGC 27322	144.0732	37.364	7.6068e7	m	E	0.97	0.72	1	14.75	CF4
NGC 3083	MCG +00-26-002|PGC 28900	149.9572	-2.8774	7.6068e7	m	SBa	0.99	0.34	50	14.34	CF4
NGC 5601	MCG +07-30-006|PGC 51370	215.722	40.3095	7.6068e7	m	Sa	0.83	0.33	4	15.47	CF4
NGC 7220	ESO 532-028|MCG -04-52-020|PGC 68241	332.8792	-22.9529	7.6068e7	m	S0	0.9	0.72	7	14.4	CF4
NGC 3707	PGC 35446	172.54817	-11.5435	7.6074e7	z	E	0.67	0.53	77	15.83	redshift
IC 1507	MCG +00-60-044|PGC 72330|UGC 12770	356.38821	1.68875	7.6143e7	z	S0-a	1.29	0.47	130	14.73	redshift
NGC 2900	MCG +01-24-026|PGC 26974|UGC 5065	142.56329	4.14422	7.6147e7	z	SBc	0.99	0.78	86	14.55	redshift
NGC 5935	MCG +07-32-013|PGC 55183	232.06963	42.94411	7.6147e7	z	SBa	0.85	0.4	37	14.85	redshift
IC 2180	PGC 20344|UGC 3727	107.83158	26.37153	7.6199e7	z	Sab	0.9	0.79	10	14.96	redshift
NGC 3873	MCG +03-30-106|PGC 36670|UGC 6735	176.4421	19.7738	7.6208e7	m	E	1.14	1.06	0	13.85	CF4
NGC 3577	MCG +08-21-006|PGC 34195|UGC 6257	168.43708	48.27272	7.6233e7	z	Sa	1.16	1.01	61	14.73	redshift
NGC 1534	ESO 084-006|PGC 14547	62.19196	-62.79758	7.6242e7	z	S0-a	1.66	1.04	76	13.77	redshift
NGC 2474	MCG +09-13-096|PGC 22321|UGC 4114 NED01	119.49563	52.85728	7.6301e7	z	E	1.14	1.02	130	14.09	redshift
NGC 5525	MCG +03-36-096|PGC 50946|UGC 9124	213.9134	14.2827	7.6313e7	m	S0	1.21	0.66	21	13.8	CF4
NGC 391	MCG +00-03-075|PGC 3976|UGC 693	16.84408	0.92594	7.6361e7	z	E	0.98	0.74	38	14.33	redshift
NGC 2773	MCG +01-24-004|PGC 25825|UGC 4815	137.43413	7.17369	7.6361e7	z	Sab	0.65	0.29	84	14.71	redshift
IC 340	MCG -02-10-005|PGC 13464	54.8712	-13.1151	7.6384e7	m	S0-a	1.61	0.58	90	14.76	CF4
NGC 1594	MCG -01-12-014|PGC 15348	67.7151	-5.7983	7.6384e7	m	Sbc	1.67	1.18	89	13.73	CF4
NGC 3323	MCG +04-25-036|PGC 31712|UGC 5800	159.9126	25.3227	7.6384e7	m	SBbc	0.95	0.52	171	14.34	CF4
NGC 3668	MCG +11-14-023|PGC 35123|UGC 6430	171.3768	63.4463	7.6384e7	m	SBbc	1.82	1.11	133	13.11	CF4
NGC 4456	ESO 441-030|MCG -05-30-002|PGC 40922|PGC 40925	186.9684	-30.0974	7.6384e7	m	Sbc	1.29	0.69	154	14.12	CF4
NGC 5025	MCG +05-31-155|PGC 45887|UGC 8292	198.1864	31.8093	7.6384e7	m	Sb	2.07	0.51	59	14.5	CF4
IC 1028	MCG +07-30-025|PGC 52005|UGC 9368	218.3184	41.6503	7.6384e7	m	Sbc	1.04	0.56	15	14.74	CF4
NGC 6919	ESO 285-027|MCG -07-42-011|PGC 64883	307.9089	-44.2164	7.6384e7	m	SABc	1.39	1.11	132	13.66	CF4
NGC 7028	MCG +03-53-015|PGC 66087|UGC 11676	316.4586	18.4681	7.6384e7	m	Sc	0.64	0.27	5	14.78	CF4
NGC 7152	ESO 466-013|MCG -05-51-020|PGC 67601	328.4956	-29.2891	7.6384e7	m	SBb	1.27	0.31	18	14.46	CF4
NGC 7803	MCG +02-01-011|PGC 101|UGC 12906	0.33321	13.11125	7.6396e7	z	S0-a	0.86	0.51	80	14.07	redshift
NGC 790	MCG -01-06-026|PGC 7677	30.34	-5.37097	7.6413e7	z	S0	1.38	1.21	142	13.96	redshift
NGC 80	MCG +04-02-004|PGC 1351|UGC 203	5.2953	22.3573	7.6419e7	m	E-S0	1.82	1.61	5	13.33	CF4
NGC 1283	MCG +07-07-069|PGC 12478|UGC 2676	50.0646	41.3987	7.6419e7	m	E	0.93	0.79	68	14.76	CF4
NGC 4056	PGC 38140	180.9906	20.3125	7.6419e7	m	E	0.63	0.53	133	16.47	CF4
NGC 5094	MCG -02-34-037|PGC 46580	200.1951	-14.0805	7.6419e7	m	E	1.52	1.13	99	14.41	CF4
NGC 1131	MCG +07-07-005|PGC 10964	43.64158	41.55903	7.6443e7	z	E	0.54	0.46	105	15.4	redshift
NGC 3667	MCG -02-29-025|PGC 35028	171.07092	-13.85731	7.6443e7	z	Sab	2.1	1.2	82	14	redshift
NGC 90	MCG +04-02-011|PGC 1405|UGC 208	5.46417	22.4	7.6473e7	z	SABc	0.98	0.81	120	14.61	redshift
NGC 822	ESO 298-009|MCG -07-05-008|PGC 8055	31.66308	-41.15675	7.6473e7	z	E	1.4	0.87	77	14.13	redshift
IC 584	MCG +02-26-010|PGC 28839	149.77137	10.36114	7.649e7	z	Sa	0.5	0.43	149	14.99	redshift
IC 2211	MCG +05-19-023|PGC 22314|UGC 4119	119.44025	32.55811	7.649e7	z	SBa	0.82	0.45	139	14.56	redshift
NGC 5895	MCG +07-31-043|PGC 54366|UGC 9774 NOTES01	228.45833	42.00808	7.649e7	z	Sc	0.87	0.23	23	15.2	redshift
NGC 4566	MCG +09-21-024|PGC 42007|UGC 7769	189.00046	54.22097	7.6507e7	z	SBb	1.08	0.75	72	13.98	redshift
