WD J064509.30-164300.72	WDJ064509.30-164300.72	101.28877	-16.71687	2.6703	m	8.524	1.09e4	0.4364
WD J004909.90+052318.99	WDJ004909.90+052318.99	12.29124	5.38861	4.3144	m	12.3	6594	0.805
WD J114542.92-645029.46	WDJ114542.92-645029.46	176.42882	-64.84152	4.6366	m	11.42	8628	0.7707
WD J041521.80-073929.20	WDJ041521.80-073929.20	63.84082	-7.65811	5.0077	m	9.542	1.627e4	0.5684
WD J043112.57+585841.29	WDJ043112.57+585841.29	67.80238	58.97814	5.5165	m	12.34	7431	0.7774
WD J174807.99+705235.92	WDJ174807.99+705235.92	267.0333	70.87665	6.2114	m	13.78	5243	0.6634
WD J055509.53-041007.07	WDJ055509.53-041007.07	88.78971	-4.16863	6.4418	m	14.24	4900	0.6891
WD J055625.46+052148.44	WDJ055625.46+052148.44	89.10608	5.36346	8.117	m	13.97	5729	0.6798
WD J075308.14-674731.38	WDJ075308.14-674731.38	118.28393	-67.79205	8.1691	m	13.78	5630	0.5541
WD J000210.72-430955.39	WDJ000210.72-430955.39	0.54468	-43.16539	8.3323	m	12.9	8428	0.8205
WD J133631.85+034045.94	WDJ133631.85+034045.94	204.13272	3.67943	8.3503	m	14.38	4858	0.4754
WD J215140.11+591734.85	WDJ215140.11+591734.85	327.91712	59.29302	8.4635	m	14.37	5105	0.5721
WD J084132.43-325632.92	WDJ084132.43-325632.92	130.38512	-32.94248	8.5182	m	11.82	9086	0.4712
WD J225353.39-064654.49	WDJ225353.39-064654.49	343.47244	-6.7818	8.5369	m	15.42	4190	0.63
WD J004126.03-222102.29	WDJ004126.03-222102.29	10.35845	-22.35064	9.0969	m	14.3	5484	0.626
WD J074020.79-172449.16	WDJ074020.79-172449.16	115.08662	-17.41365	9.1454	m	12.97	8154	0.7198
WD J043747.41-084910.62	WDJ043747.41-084910.62	69.44753	-8.81962	9.4039	m	13.6	6730	0.6648
WD J113430.48-325002.40	WDJ113430.48-325002.40	173.62699	-32.834	9.555	m	14.55	5420	0.6624
WD J014300.98-671830.35	WDJ014300.98-671830.35	25.7541	-67.30843	9.7174	m	13.7	6350	0.5776
WD J091556.08+532523.86	WDJ091556.08+532523.86	138.98366	53.42329	10.273	m	13.78	7598	0.8489
WD J031031.02-683603.38	WDJ031031.02-683603.38	47.62925	-68.60094	10.397	m	11.41	1.587e4	0.6592
WD J120526.67-233312.14	WDJ120526.67-233312.14	181.36114	-23.55337	10.427	m	12.74	8540	0.572
WD J192034.92-074000.07	WDJ192034.92-074000.07	290.14551	-7.66668	10.507	m	12.25	1.128e4	0.7326
WD J082126.70-670320.02	WDJ082126.70-670320.02	125.36126	-67.05556	10.676	m	15.08	4793	0.5197
WD J024836.43+542322.46	WDJ024836.43+542322.46	42.15179	54.38957	10.865	m	15.12	4942	0.59
WD J001214.75+502520.74	WDJ001214.75+502520.74	3.06144	50.42243	10.874	m	14.24	6483	0.7392
WD J164825.63+590322.66	WDJ164825.63+590322.66	252.1068	59.05629	10.948	m	12.28	1.218e4	0.7829
WD J214241.01+205958.12	WDJ214241.01+205958.12	325.67086	20.99948	11.044	m	13.17	9121	0.795
WD J081227.07-352943.32	WDJ081227.07-352943.32	123.11278	-35.49537	11.172	m	14.35	6239	0.6997
WD J055119.48-001021.11	WDJ055119.48-001021.11	87.83117	-0.17253	11.222	m	14.43	6186	0.715
WD J195629.23-010232.67	WDJ195629.23-010232.67	299.12178	-1.04241	11.565	m	13.59	7790	0.6976
WD J134803.01+233446.44	WDJ134803.01+233446.44	207.01254	23.57957	11.861	m	15.34	4576	0.4566
WD J191858.63+384321.48	WDJ191858.63+384321.48	289.74429	38.72263	11.87	m	14.47	6446	0.7484
WD J105735.13-073123.18	WDJ105735.13-073123.18	164.39639	-7.5231	12.269	m	14.24	7528	0.8653
WD J013759.39-045944.67	WDJ013759.39-045944.67	24.49747	-4.99574	12.619	m	12.74	7127	0.2829
WD J190010.25+703951.42	WDJ190010.25+703951.42	285.04272	70.66428	12.875	m	13.25	1.254e4	1.028
WD J162333.84-391346.16	WDJ162333.84-391346.16	245.89099	-39.22949	12.911	m	11	2.407e4	0.6357
WD J163233.17+085122.67	WDJ163233.17+085122.67	248.1382	8.8563	12.928	m	14.9	5594	0.5941
WD J170641.36-264334.71	WDJ170641.36-264334.71	256.67234	-26.72631	13.046	m	15.01	6128	0.8083
WD J144725.34-174215.75	WDJ144725.34-174215.75	221.85559	-17.70438	13.299	m	16.16	4980	0.8746
WD J210105.20-490624.27	WDJ210105.20-490624.27	315.27167	-49.10674	13.343	m	15.26	5118	0.5337
WD J174736.82-543631.16	WDJ174736.82-543631.16	266.9034	-54.60866	13.515	m	15.93	4358	0.4728
WD J182119.83+610107.38	WDJ182119.83+610107.38	275.33263	61.01872	13.708	m	15.4	4823	0.4575
WD J103855.57-204056.83	WDJ103855.57-204056.83	159.73154	-20.68245	14.117	m	15.84	5924	1.006
WD J141159.17-592044.99	WDJ141159.17-592044.99	212.99656	-59.34583	14.401	m	14.55	6653	0.6564
WD J163501.43+431736.35	WDJ163501.43+431736.35	248.75595	43.29343	14.495	m	14.72	6516	0.6845
WD J134121.80+050045.85	WDJ134121.80+050045.85	205.34082	5.01273	14.672	m	16.31	4022	0.4447
WD J112412.97+212135.57	WDJ112412.97+212135.57	171.05405	21.35988	14.697	m	14.12	7373	0.6143
WD J101141.58+284559.07	WDJ101141.58+284559.07	152.92324	28.76641	14.732	m	16.55		
WD J000240.09-341339.59	WDJ000240.09-341339.59	0.66706	-34.22766	14.808	m	14.88	6466	0.7269
WD J084248.46-134713.21	WDJ084248.46-134713.21	130.70194	-13.787	14.81	m	15.59	5529	0.7516
WD J203421.89+250349.75	WDJ203421.89+250349.75	308.59119	25.06382	14.835	m	11.54	2.014e4	0.5858
WD J123849.78-494800.22	WDJ123849.78-494800.22	189.70742	-49.80006	14.836	m	13.79	1.136e4	1.037
WD J163421.55+571008.87	WDJ163421.55+571008.87	248.5898	57.16913	14.847	m	14.85	6252	0.6479
WD J215738.36-510031.52	WDJ215738.36-510031.52	329.40982	-51.00876	14.858	m	14.52	6675	0.6145
WD J223033.53-751524.30	WDJ223033.53-751524.30	337.63972	-75.25675	15.035	m	16.44	3911	0.4362
WD J223039.98-751355.24	WDJ223039.98-751355.24	337.66659	-75.23201	15.044	m	16.19	4194	0.4376
WD J181706.50+132824.99	WDJ181706.50+132824.99	274.27707	13.47361	15.126	m	15.62	4873	0.4756
WD J154730.02-375508.46	WDJ154730.02-375508.46	236.87509	-37.91902	15.223	m	13	1.039e4	0.6161
WD J055443.04-103521.34	WDJ055443.04-103521.34	88.67933	-10.58926	15.288	m	14.85	6711	0.7465
WD J122642.02-661218.47	WDJ122642.02-661218.47	186.67509	-66.20513	15.388	m	13.92	7582	0.5336
WD J074538.43-335551.34	WDJ074538.43-335551.34	116.41011	-33.93093	15.428	m	16.26	4293	0.4602
WD J113705.10+294758.29	WDJ113705.10+294758.29	174.27127	29.79952	15.69	m	12.49	2.134e4	0.9438
WD J162825.00+364615.85	WDJ162825.00+364615.85	247.10418	36.77107	15.895	m	13.78	9627	0.7928
WD J102309.06+632741.49	WDJ102309.06+632741.49	155.78776	63.46152	15.941	m	14.59	6801	0.6105
WD J042553.73+121148.34	WDJ042553.73+121148.34	66.47387	12.19676	16.029	m	15.27	6291	0.7743
WD J133013.64-083429.47	WDJ133013.64-083429.47	202.55682	-8.57485	16.09	m	12.36	1.456e4	0.5944
WD J214157.57-330029.80	WDJ214157.57-330029.80	325.48985	-33.00828	16.111	m	14.45	7557	0.7139
WD J211316.85-814912.88	WDJ211316.85-814912.88	318.32023	-81.82024	16.179	m	13.61	9914	0.7502
WD J205647.78-045039.54	WDJ205647.78-045039.54	314.1991	-4.84432	16.192	m	16.35	4416	0.505
WD J201056.85-301306.63	WDJ201056.85-301306.63	302.73687	-30.21851	16.209	m	12.26	1.512e4	0.5782
WD J174950.15+824626.06	WDJ174950.15+824626.06	267.45895	82.77391	16.346	m	14.22	7188	0.5163
WD J230958.53+550649.43	WDJ230958.53+550649.43	347.49389	55.11373	16.422	m	15.6	5531	0.6505
WD J201231.78-595651.67	WDJ201231.78-595651.67	303.13243	-59.94769	16.449	m	15.63	5482	0.6468
WD J130841.20+850228.16	WDJ130841.20+850228.16	197.17164	85.04116	16.471	m	15.81	5254	0.6287
WD J130009.06+032841.06	WDJ130009.06+032841.06	195.03776	3.47807	16.504	m	15.64	5650	0.7045
WD J015202.96+470006.66	WDJ015202.96+470006.66	28.01234	47.00185	16.511	m	12.5	1.429e4	0.6099
WD J065705.91-390935.68	WDJ065705.91-390935.68	104.27464	-39.15991	16.513	m	14.98	6369	0.6375
WD J012524.47-260044.45	WDJ012524.47-260044.45	21.35194	-26.01235	16.568	m	14.96	7337	0.8549
WD J023237.91-141151.77	WDJ023237.91-141151.77	38.15794	-14.19771	16.671	m	15.58	5393	0.5744
WD J021228.98-080411.00	WDJ021228.98-080411.00	33.12074	-8.06972	16.734	m	13.72	8467	0.5341
WD J011800.08+161020.56	WDJ011800.08+161020.56	19.50031	16.17238	16.761	m	13.78	9937	0.7874
WD J131256.47-472807.91	WDJ131256.47-472807.91	198.2353	-47.46886	16.783	m	16.69	3855	0.4219
WD J032511.05-014915.05	WDJ032511.05-014915.05	51.29603	-1.82085	16.93	m	15.91	5165	0.61
WD J070852.28-670631.43	WDJ070852.28-670631.43	107.21784	-67.10873	16.96	m	15.96	4862	0.4961
WD J183020.27+544727.21	WDJ183020.27+544727.21	277.58446	54.79089	17.035	m	15.45	6711	0.8962
WD J111827.20-472156.96	WDJ111827.20-472156.96	169.61333	-47.36582	17.036	m	15.37	6041	0.6864
WD J064737.99+373057.06	WDJ064737.99+373057.06	101.90829	37.51585	17.084	m	12.06	2.139e4	0.7107
WD J115052.33+683115.97	WDJ115052.33+683115.97	177.71805	68.5211	17.09	m	15.13	6696	0.7531
WD J081411.17+484529.81	WDJ081411.17+484529.81	123.54652	48.75828	17.104	m	14.94	6838	0.7068
WD J021120.84+395521.52	WDJ021120.84+395521.52	32.83684	39.92264	17.173	m	14.41	7196	0.5525
WD J200534.87-105654.43	WDJ200534.87-105654.43	301.39531	-10.94845	17.297	m	16.67	4577	0.6677
WD J015151.14+642552.55	WDJ015151.14+642552.55	27.96308	64.43126	17.301	m	13.95	8794	0.656
WD J211856.26+541241.24	WDJ211856.26+541241.24	319.73443	54.21146	17.312	m	12.39	1.478e4	0.5548
WD J043644.90+270951.52	WDJ043644.90+270951.52	69.18707	27.16431	17.4	m	15.61	5534	0.5982
WD J000720.55+123021.16	WDJ000720.55+123021.16	1.83562	12.50588	17.459	m	16.26	5223	0.7577
WD J202025.46-302714.65	WDJ202025.46-302714.65	305.10608	-30.45407	17.46	m	13.6	1.054e4	0.7548
WD J232847.64+051454.24	WDJ232847.64+051454.24	352.19849	5.2484	17.525	m	13.06	1.153e4	0.6286
WD J204906.70+372814.05	WDJ204906.70+372814.05	312.27792	37.47057	17.586	m	13.04	1.471e4	0.7949
WD J103702.48+711058.70	WDJ103702.48+711058.70	159.26031	71.18297	17.629	m	16.61	4693	0.676
WD J075356.62-252401.48	WDJ075356.62-252401.48	118.48591	-25.40041	17.818	m	16.03	4939	0.5175
WD J224905.55+223631.99	WDJ224905.55+223631.99	342.27313	22.60889	17.83	m	14.37	1.053e4	1.021
WD J170807.97+025737.08	WDJ170807.97+025737.08	257.03319	2.9603	17.845	m	15.1	7057	0.7847
WD J205213.41-250415.13	WDJ205213.41-250415.13	313.05587	-25.07087	17.982	m	16.03	4908	0.4928
WD J101201.87-184333.27	WDJ101201.87-184333.27	153.0078	-18.72591	18.087	m	15.33	6530	0.7524
WD J064722.15+023108.91	WDJ064722.15+023108.91	101.8423	2.51914	18.094	m	15.59	7109	0.9749
WD J075015.34+071137.10	WDJ075015.34+071137.10	117.56392	7.19364	18.147	m	16.35	4680	0.5148
WD J192126.76+061322.71	WDJ192126.76+061322.71	290.3615	6.22297	18.148	m	15.59	5908	0.678
WD J214324.09-065947.99	WDJ214324.09-065947.99	325.85036	-6.99666	18.15	m	14.52	8905	0.8671
WD J221434.75-385907.27	WDJ221434.75-385907.27	333.64481	-38.98535	18.157	m	15.78	6063	0.8148
WD J075014.58+071148.92	WDJ075014.58+071148.92	117.56077	7.19692	18.193	m	16.59	4281	0.4628
WD J085912.92-005842.86	WDJ085912.92-005842.86	134.80381	-0.97857	18.255	m	16.1	4997	0.5471
WD J193713.75+274318.74	WDJ193713.75+274318.74	294.30729	27.72187	18.256	m	13.06	1.202e4	0.632
WD J041630.04-591757.19	WDJ041630.04-591757.19	64.12516	-59.29922	18.323	m	12.48	1.427e4	0.5141
WD J012403.99-424038.43	WDJ012403.99-424038.43	21.01661	-42.67734	18.451	m	14.69	6080	0.3944
WD J023521.79-240047.12	WDJ023521.79-240047.12	38.84081	-24.01309	18.468	m	15.67	4871	0.3574
WD J001412.79-131101.09	WDJ001412.79-131101.09	3.5533	-13.18364	18.559	m	15.76	5871	0.7203
WD J040026.68+081406.93	WDJ040026.68+081406.93	60.11118	8.23526	18.598	m	15.7	5461	0.5439
WD J234350.72+323246.73	WDJ234350.72+323246.73	355.96134	32.54631	18.601	m	12.97	1.259e4	0.6085
WD J233850.74-074119.97	WDJ233850.74-074119.97	354.71142	-7.68888	18.663	m	13.29	1.087e4	0.6075
WD J021348.83-334530.03	WDJ021348.83-334530.03	33.45345	-33.75834	18.75	m	15.99	4646	0.3668
WD J001349.89-714954.26	WDJ001349.89-714954.26	3.45788	-71.83174	18.795	m	15.03	6275	0.5157
WD J104539.04-190645.03	WDJ104539.04-190645.03	161.41268	-19.11251	18.8	m	15.44	5849	0.5585
WD J034434.85+182609.82	WDJ034434.85+182609.82	56.1452	18.43606	18.883	m	15.06	6965	0.6918
WD J220420.86-751326.06	WDJ220420.86-751326.06	331.08691	-75.22391	19.028	m	14.99	8875	0.9984
WD J182404.55-130842.29	WDJ182404.55-130842.29	276.01895	-13.14508	19.059	m	15.4	6079	0.6007
WD J205020.65+263040.76	WDJ205020.65+263040.76	312.58605	26.51132	19.142	m	15.39	4909	0.2668
WD J080653.75-661816.70	WDJ080653.75-661816.70	121.72397	-66.30464	19.232	m	13.66	1.092e4	0.7381
WD J153505.81+124745.20	WDJ153505.81+124745.20	233.77421	12.79589	19.251	m	15.59	5915	0.6278
WD J131925.56-782328.17	WDJ131925.56-782328.17	199.85649	-78.39116	19.282	m	15.96	5542	0.6644
WD J050552.46-172243.48	WDJ050552.46-172243.48	76.46858	-17.37875	19.349	m	15.78	5345	0.5033
WD J081840.26-311020.33	WDJ081840.26-311020.33	124.66775	-31.17231	19.361	m	15.39	6888	0.8009
WD J100149.36+144123.79	WDJ100149.36+144123.79	150.45568	14.68994	19.404	m	15.31	6910	0.7628
WD J204421.46-680521.36	WDJ204421.46-680521.36	311.08941	-68.08927	19.57	m	13.34	1.642e4	0.9041
WD J070051.66+315743.83	WDJ070051.66+315743.83	105.21527	31.96218	19.619	m	16.33	4873	0.5232
WD J182524.24+113557.34	WDJ182524.24+113557.34	276.351	11.59926	19.638	m	16.3	4883	0.5105
WD J135315.53-091633.37	WDJ135315.53-091633.37	208.31473	-9.27594	19.709	m	14.55	8881	0.8023
WD J131924.74-214754.87	WDJ131924.74-214754.87	199.85309	-21.79858	19.759	m	16.54	5882	0.9882
WD J192140.42+144041.40	WDJ192140.42+144041.40	290.41841	14.67817	19.878	m	13.02	1.516e4	0.7029
WD J114734.45-745759.24	WDJ114734.45-745759.24	176.89355	-74.96646	19.967	m	17.15	3821	0.4426
WD J121129.27+572417.24	WDJ121129.27+572417.24	182.87197	57.40479	19.969	m	15.62	5829	0.5753
WD J073330.88+640927.44	WDJ073330.88+640927.44	113.37867	64.15762	19.974	m	16	5140	0.4792
WD J225123.02+293944.49	WDJ225123.02+293944.49	342.84595	29.66234	19.979	m	15.34	5635	0.4285
WD J164057.15+534109.32	WDJ164057.15+534109.32	250.23812	53.68592	20.141	m	14.96	7729	0.7525
WD J034706.83+013847.64	WDJ034706.83+013847.64	56.77844	1.64657	20.168	m	16.27	4959	0.5077
WD J173700.72-542556.56	WDJ173700.72-542556.56	264.253	-54.43238	20.237	m	15.59	6567	0.7631
WD J221747.62+370750.92	WDJ221747.62+370750.92	334.44841	37.13081	20.315	m	16.8	4444	0.5018
WD J205216.84-220633.42	WDJ205216.84-220633.42	313.07017	-22.10928	20.322	m	14.94	8331	0.8413
WD J021616.35+395125.41	WDJ021616.35+395125.41	34.06813	39.85706	20.326	m	14.54	9203	0.8185
WD J064111.93-043212.31	WDJ064111.93-043212.31	100.29969	-4.53675	20.4	m	17.02	4062	0.4505
WD J094240.23-463717.68	WDJ094240.23-463717.68	145.66764	-46.62158	20.477	m	15.6	5974	0.5916
WD J021658.02+425805.24	WDJ021658.02+425805.24	34.24176	42.96812	20.534	m	16.04	5409	0.5832
WD J080557.67+383344.66	WDJ080557.67+383344.66	121.49029	38.56241	20.63	m	16.61	4906	0.6163
WD J070154.84-062746.23	WDJ070154.84-062746.23	105.47849	-6.46284	20.696	m	15.3	6445	0.5825
WD J203321.86+395409.76	WDJ203321.86+395409.76	308.34106	39.90271	20.746	m	16.22	5913	0.8319
WD J034323.12+195813.60	WDJ034323.12+195813.60	55.84634	19.97044	20.757	m	15.62	7117	0.875
WD J134202.88-341519.45	WDJ134202.88-341519.45	205.51199	-34.2554	20.784	m	16.24	5163	0.5576
WD J134724.37+102138.01	WDJ134724.37+102138.01	206.85154	10.36056	20.807	m	15.02	6926	0.5765
WD J023919.69+260957.46	WDJ023919.69+260957.46	39.83203	26.16596	20.864	m	15.95	5553	0.5831
WD J143307.64-812014.13	WDJ143307.64-812014.13	218.28182	-81.33726	20.887	m	13.42	1.215e4	0.6742
WD J234955.03+293404.02	WDJ234955.03+293404.02	357.47928	29.56778	20.947	m	15.58	5813	0.506
WD J165709.86+212648.66	WDJ165709.86+212648.66	254.29108	21.44685	20.993	m	14.08	9206	0.6033
WD J231022.85-685023.96	WDJ231022.85-685023.96	347.59523	-68.83999	21.07	m	13.57	1.12e4	0.6451
WD J163337.05-371314.28	WDJ163337.05-371314.28	248.40435	-37.22063	21.095	m	16.44	5583	0.7998
WD J042620.70+043230.62	WDJ042620.70+043230.62	66.58624	4.54184	21.247	m	16.87	4865	0.6858
WD J202749.54-430115.21	WDJ202749.54-430115.21	306.9564	-43.02089	21.268	m	17.18	4879	0.835
WD J175822.90+141737.92	WDJ175822.90+141737.92	269.59544	14.29387	21.306	m	16.08	5344	0.5381
WD J174349.28-390825.95	WDJ174349.28-390825.95	265.95532	-39.14054	21.355	m	13.53	1.16e4	0.6568
WD J124452.69-800927.91	WDJ124452.69-800927.91	191.21956	-80.15775	21.371	m	16.01	5750	0.6598
WD J063038.60-020550.49	WDJ063038.60-020550.49	97.66083	-2.09736	21.403	m	15.21	6578	0.5439
WD J051403.50+080015.12	WDJ051403.50+080015.12	78.5146	8.0042	21.464	m	15.77	6534	0.7769
WD J024630.80-022723.46	WDJ024630.80-022723.46	41.62834	-2.45652	21.471	m	15.41	6731	0.6694
WD J012518.05-454531.05	WDJ012518.05-454531.05	21.3252	-45.75862	21.635	m	16.14	5804	0.7233
WD J002736.63+054203.13	WDJ002736.63+054203.13	6.90262	5.70087	21.683	m	15.97	5572	0.5586
WD J204234.75-200435.94	WDJ204234.75-200435.94	310.6448	-20.07665	21.771	m	12.38	1.951e4	0.5669
WD J075327.26+522931.47	WDJ075327.26+522931.47	118.36358	52.49207	21.82	m	15.53	7706	0.9101
WD J075959.58+433521.10	WDJ075959.58+433521.10	119.99825	43.5892	21.958	m	16.14	7215	1.037
WD J010349.92+050430.57	WDJ010349.92+050430.57	15.95801	5.07516	22.017	m	13.94	8064	0.3879
WD J235456.28+402729.54	WDJ235456.28+402729.54	358.73449	40.45821	22.082	m	14.85	8444	0.753
WD J164725.24-544237.58	WDJ164725.24-544237.58	251.85516	-54.71044	22.125	m	14.94	8530	0.8059
WD J191248.57+534313.45	WDJ191248.57+534313.45	288.20236	53.7204	22.169	m	13.25	1.719e4	0.7938
WD J212657.66+733844.66	WDJ212657.66+733844.66	321.74023	73.64574	22.226	m	12.89	1.513e4	0.5511
WD J124445.04-350744.18	WDJ124445.04-350744.18	191.18769	-35.12894	22.231	m	14.53	9394	0.7702
WD J054307.37+363701.21	WDJ054307.37+363701.21	85.78072	36.617	22.234	m	15.55	6385	0.6069
WD J161125.61+132217.94	WDJ161125.61+132217.94	242.85669	13.37165	22.265	m	15.07	9235	0.9519
WD J083039.46+324147.23	WDJ083039.46+324147.23	127.66442	32.69645	22.389	m	15.64	7286	0.8504
WD J165823.76-805857.14	WDJ165823.76-805857.14	254.599	-80.98254	22.409	m	16.73	4689	0.4901
WD J005550.34-112731.50	WDJ005550.34-112731.50	13.95973	-11.45875	22.443	m	15.14	6952	0.561
WD J115454.07-623919.42	WDJ115454.07-623919.42	178.72529	-62.6554	22.453	m	16.46	4951	0.4833
WD J155857.70+041705.16	WDJ155857.70+041705.16	239.7404	4.28476	22.509	m	16	6867	0.9053
WD J091600.94-421520.68	WDJ091600.94-421520.68	139.00394	-42.25574	22.547	m	16.57	5127	0.6111
WD J215225.38+022319.58	WDJ215225.38+022319.58	328.10575	2.38877	22.56	m	12.78	1.751e4	0.6067
WD J092449.05-491529.60	WDJ092449.05-491529.60	141.20438	-49.25822	22.569	m	16.36	5550	0.6901
WD J151431.85-462555.28	WDJ151431.85-462555.28	228.6327	-46.43202	22.588	m	15.04	8027	0.7415
WD J013856.87+152742.39	WDJ013856.87+152742.39	24.73698	15.46178	22.681	m	14.85	7874	0.6225
WD J171126.76-144753.69	WDJ171126.76-144753.69	257.86151	-14.79825	22.683	m	14.25	1.054e4	0.7853
WD J205944.90+551730.02	WDJ205944.90+551730.02	314.93708	55.29167	22.748	m	17.06	4519	0.5382
WD J203109.57-165841.93	WDJ203109.57-165841.93	307.78986	-16.97831	22.818	m	16.09	5460	0.5245
WD J005558.30+594802.53	WDJ005558.30+594802.53	13.99292	59.8007	22.844	m	16.81	4645	0.4821
WD J004122.04+555008.35	WDJ004122.04+555008.35	10.34184	55.83565	22.905	m	14	1.099e4	0.7213
WD J003622.31-595527.55	WDJ003622.31-595527.55	9.09297	-59.92432	22.926	m	14.15	1.438e4	0.9889
WD J201355.68+064244.83	WDJ201355.68+064244.83	303.482	6.71245	22.95	m	15.66	6778	0.7274
WD J032848.80-271900.09	WDJ032848.80-271900.09	52.20333	-27.31669	22.975	m	13.59	8605	0.3461
WD J081630.14-464113.24	WDJ081630.14-464113.24	124.12559	-46.68701	22.999	m	17.14	4236	0.4624
WD J085914.71+325712.16	WDJ085914.71+325712.16	134.81131	32.95338	23.061	m	15.07	1.038e4	1.048
WD J131619.57-200732.06	WDJ131619.57-200732.06	199.08156	-20.12557	23.133	m	17.01	5232	0.8259
WD J235401.07-331631.08	WDJ235401.07-331631.08	358.50447	-33.2753	23.202	m	14.48	8559	0.5729
WD J152621.06+293622.69	WDJ152621.06+293622.69	231.58773	29.6063	23.208	m	16.5	5084	0.5283
WD J043333.60-275324.86	WDJ043333.60-275324.86	68.38999	-27.89024	23.234	m	16.59	5111	0.5854
WD J085021.30-584806.21	WDJ085021.30-584806.21	132.58876	-58.80172	23.279	m	17.51	5785	1.149
WD J183158.72+465828.98	WDJ183158.72+465828.98	277.99467	46.97472	23.324	m	15.09	7396	0.6014
WD J204349.21-390318.02	WDJ204349.21-390318.02	310.95504	-39.05501	23.345	m	13.75	1.123e4	0.6312
WD J091620.71-631117.21	WDJ091620.71-631117.21	139.08629	-63.18811	23.353	m	14.79	1.011e4	0.9245
WD J212205.59-383834.68	WDJ212205.59-383834.68	320.5233	-38.64296	23.392	m	16.34	5103	0.4657
WD J213616.39-131834.50	WDJ213616.39-131834.50	324.06828	-13.30958	23.406	m	13.65	9927	0.4643
WD J072251.38-304234.38	WDJ072251.38-304234.38	110.71408	-30.70955	23.408	m	17.42	5141	0.9495
WD J001122.46+424040.92	WDJ001122.46+424040.92	2.84359	42.67803	23.432	m	15.22	7079	0.5849
WD J215500.60-275038.15	WDJ215500.60-275038.15	328.7525	-27.84393	23.507	m	16.28	5514	0.5972
WD J003209.86-025401.65	WDJ003209.86-025401.65	8.04108	-2.90046	23.536	m	17.01	4496	0.4725
WD J232519.87+140339.61	WDJ232519.87+140339.61	351.3328	14.061	23.538	m	15.81	5008	0.2834
WD J103427.04-672239.24	WDJ103427.04-672239.24	158.61266	-67.37757	23.587	m	13.37	1.878e4	0.8579
WD J062141.64-401618.85	WDJ062141.64-401618.85	95.4235	-40.2719	23.681	m	16.07	6288	0.7548
WD J125007.73+544706.17	WDJ125007.73+544706.17	192.53223	54.78505	23.698	m	17.33	3780	0.3582
WD J041823.34-500424.14	WDJ041823.34-500424.14	64.59723	-50.07337	23.852	m	17.23	4700	0.6633
WD J192743.10-035555.23	WDJ192743.10-035555.23	291.92958	-3.93201	23.852	m	15.51	6976	0.6728
WD J144251.51-782353.67	WDJ144251.51-782353.67	220.71465	-78.39824	23.989	m	15.95	6206	0.6651
WD J114544.57+630559.15	WDJ114544.57+630559.15	176.4357	63.09976	24.006	m	16.19	5484	0.5281
WD J023407.73-051139.33	WDJ023407.73-051139.33	38.5322	-5.19426	24.012	m	14.35	1.315e4	0.9757
WD J062047.75+064517.12	WDJ062047.75+064517.12	95.19897	6.75476	24.024	m	16.25	5796	0.6622
WD J002640.74-552444.12	WDJ002640.74-552444.12	6.66973	-55.41226	24.054	m	15.16	9935	1.012
WD J070356.98+780504.72	WDJ070356.98+780504.72	105.98741	78.08464	24.089	m	16.26	5357	0.5024
WD J020304.33-122901.74	WDJ020304.33-122901.74	30.76804	-12.48381	24.092	m	14.52	1.054e4	0.8381
WD J201649.72-794553.12	WDJ201649.72-794553.12	304.20716	-79.76476	24.15	m	16.17	5569	0.5497
WD J184257.75-110853.18	WDJ184257.75-110853.18	280.74062	-11.14811	24.155	m	14.18	9746	0.5966
WD J090633.51-262656.02	WDJ090633.51-262656.02	136.63964	-26.44889	24.188	m	16.71	4990	0.5461
WD J212212.35+041356.77	WDJ212212.35+041356.77	320.55144	4.23244	24.215	m	16.54	4969	0.4747
WD J043329.80+041447.85	WDJ043329.80+041447.85	68.37415	4.24662	24.295	m	16.9	4961	0.6097
WD J233536.62-161743.66	WDJ233536.62-161743.66	353.90258	-16.29546	24.343	m	13.4	1.351e4	0.5925
WD J071014.34+374019.47	WDJ071014.34+374019.47	107.55976	37.67208	24.373	m	15.51	7170	0.6951
WD J013832.02-195446.58	WDJ013832.02-195446.58	24.6334	-19.91294	24.377	m	15.53	8431	0.9334
WD J180919.46+295720.85	WDJ180919.46+295720.85	272.33107	29.95579	24.451	m	13.13	2.252e4	0.8606
WD J212121.30-255716.33	WDJ212121.30-255716.33	320.33874	-25.95454	24.524	m	12.92	1.921e4	0.6611
WD J084644.41+353833.56	WDJ084644.41+353833.56	131.68506	35.64266	24.559	m	14.74	9819	0.8258
WD J220437.98-312713.76	WDJ220437.98-312713.76	331.15825	-31.45382	24.578	m	16.9	4810	0.5292
WD J140709.63-062641.95	WDJ140709.63-062641.95	211.79014	-6.44499	24.592	m	15	8344	0.7009
WD J131727.39-543808.28	WDJ131727.39-543808.28	199.36411	-54.63563	24.65	m	16.08	5761	0.5565
WD J045943.21-002238.86	WDJ045943.21-002238.86	74.93006	-0.37746	24.717	m	15.18	1.109e4	1.097
WD J185739.34+533033.30	WDJ185739.34+533033.30	284.41393	53.50925	24.757	m	16.94	4738	0.5062
WD J234315.00-165941.02	WDJ234315.00-165941.02	355.81249	-16.99473	24.789	m	17.13	5186	0.7925
WD J065330.21-395429.12	WDJ065330.21-395429.12	103.37589	-39.90809	24.789	m	15.92	6135	0.6005
WD J225555.71+054522.59	WDJ225555.71+054522.59	343.98213	5.75628	24.799	m	16.04	5931	0.5846
WD J110759.95-050926.03	WDJ110759.95-050926.03	166.99979	-5.15723	24.819	m	13.09	1.57e4	0.5674
WD J065335.34-395533.29	WDJ065335.34-395533.29	103.39726	-39.92591	24.835	m	15.35	7034	0.5817
WD J184325.72+042022.83	WDJ184325.72+042022.83	280.85718	4.33968	24.883	m	14.75	8797	0.6616
WD J134602.06+570032.79	WDJ134602.06+570032.79	206.50857	57.00911	24.97	m	13.49	1.409e4	0.636
WD J211936.53-555014.47	WDJ211936.53-555014.47	319.90222	-55.83735	25.058	m	14.27	9528	0.5785
WD J162753.49+091216.02	WDJ162753.49+091216.02	246.97287	9.20445	25.09	m	16.03	6800	0.8079
WD J040101.51+513130.09	WDJ040101.51+513130.09	60.25631	51.52502	25.103	m	17.11	5134	0.7522
WD J114803.28-452302.05	WDJ114803.28-452302.05	177.01368	-45.3839	25.116	m	15.8	6064	0.5133
WD J234735.13+030431.87	WDJ234735.13+030431.87	356.89638	3.07552	25.173	m	16.57	4994	0.4658
WD J115136.10-273221.13	WDJ115136.10-273221.13	177.90044	-27.5392	25.174	m	15.73	6902	0.6964
WD J025617.22-702210.85	WDJ025617.22-702210.85	44.07175	-70.36968	25.234	m	14.07	1.034e4	0.6005
WD J043537.44-610540.10	WDJ043537.44-610540.10	68.90601	-61.09447	25.238	m	17.03	4702	0.5159
WD J210632.02-393556.68	WDJ210632.02-393556.68	316.63341	-39.59908	25.255	m	15.23	7804	0.674
WD J121118.82+072448.16	WDJ121118.82+072448.16	182.82842	7.41338	25.315	m	16.57	5187	0.5215
WD J070041.91-073418.66	WDJ070041.91-073418.66	105.17461	-7.57185	25.327	m	16.52	5910	0.7709
WD J070551.92-083526.76	WDJ070551.92-083526.76	106.46632	-8.59077	25.366	m	17.14	4617	0.5149
WD J011932.09-141526.77	WDJ011932.09-141526.77	19.88373	-14.25743	25.402	m	16.71	4965	0.4841
WD J112652.39+591917.10	WDJ112652.39+591917.10	171.71831	59.32142	25.429	m	15.12	1.042e4	1.004
WD J201530.35+000111.80	WDJ201530.35+000111.80	303.87644	0.01994	25.469	m	17.03	4917	0.5995
WD J095447.49+670208.00	WDJ095447.49+670208.00	148.69786	67.03556	25.501	m	16.55	5761	0.7297
WD J215406.45-011709.55	WDJ215406.45-011709.55	328.52688	-1.28598	25.521	m	14.49	7690	0.3937
WD J221948.31-652917.49	WDJ221948.31-652917.49	334.95129	-65.48819	25.53	m	14.5	1.046e4	0.7757
WD J133059.42+302953.65	WDJ133059.42+302953.65	202.74758	30.49824	25.542	m	15.97	6482	0.6935
WD J231935.39-170528.47	WDJ231935.39-170528.47	349.89745	-17.09124	25.546	m	14.06	1.167e4	0.7123
WD J092907.98-713358.99	WDJ092907.98-713358.99	142.28327	-71.56639	25.549	m	15.04	8440	0.7001
WD J212602.02-422453.76	WDJ212602.02-422453.76	321.5084	-42.41496	25.578	m	15.76	5528	0.365
WD J070357.43+253418.34	WDJ070357.43+253418.34	105.98927	25.57176	25.607	m	13.89	1.177e4	0.6492
WD J163441.85+173634.09	WDJ163441.85+173634.09	248.67437	17.60947	25.619	m	13.14	9754	0.3046
WD J184506.32-364113.39	WDJ184506.32-364113.39	281.27634	-36.68705	25.631	m	16.02	6442	0.6893
WD J184228.68-615153.66	WDJ184228.68-615153.66	280.61952	-61.86491	25.657	m	14.64	9846	0.7532
WD J090532.93+731454.95	WDJ090532.93+731454.95	136.38722	73.2486	25.668	m	16.75	5136	0.5677
WD J085357.69-244656.23	WDJ085357.69-244656.23	133.49038	-24.78229	25.744	m	17.93	5086	1.034
WD J170430.68-481953.11	WDJ170430.68-481953.11	256.12782	-48.33141	25.774	m	17.02	5179	0.695
WD J003614.41-415726.12	WDJ003614.41-415726.12	9.06004	-41.95725	25.781	m	16.4	5743	0.6503
WD J182909.86-042935.49	WDJ182909.86-042935.49	277.29109	-4.49319	25.801	m	14.54	8992	0.5749
WD J231425.18-063247.88	WDJ231425.18-063247.88	348.60494	-6.54663	25.921	m	15.32	8126	0.7475
WD J150324.74-244129.02	WDJ150324.74-244129.02	225.8531	-24.69139	25.966	m	15.77	5666	0.3948
WD J115954.88-601625.45	WDJ115954.88-601625.45	179.97865	-60.27374	25.975	m	16.88	4783	0.4671
WD J171409.55-053419.96	WDJ171409.55-053419.96	258.5398	-5.57221	26.178	m	14.63	9628	0.6957
WD J110747.90-342051.49	WDJ110747.90-342051.49	166.94957	-34.34764	26.181	m	13.7	1.36e4	0.656
WD J093659.94-372126.91	WDJ093659.94-372126.91	144.24976	-37.35748	26.213	m	15.14	7911	0.6228
WD J093659.79-372130.80	WDJ093659.79-372130.80	144.24912	-37.35856	26.25	m	14.78	9894	0.7941
WD J171306.09+693125.51	WDJ171306.09+693125.51	258.27538	69.52375	26.251	m	13.33	1.573e4	0.6129
WD J000222.65+635744.14	WDJ000222.65+635744.14	0.59436	63.96226	26.276	m	17.01	4879	0.5415
WD J043255.87-355729.04	WDJ043255.87-355729.04	68.23281	-35.95807	26.302	m	16.8	4971	0.4937
WD J133314.60-675117.19	WDJ133314.60-675117.19	203.31082	-67.85478	26.328	m	16.67	5655	0.7131
WD J213343.31+830332.43	WDJ213343.31+830332.43	323.43046	83.05901	26.417	m	13.05	1.749e4	0.5777
WD J180315.18-371725.54	WDJ180315.18-371725.54	270.81327	-37.29043	26.428	m	16.79	5408	0.6675
WD J040434.13+250851.68	WDJ040434.13+250851.68	61.1422	25.14769	26.474	m	13.82	1.232e4	0.6294
WD J133850.48+701707.64	WDJ133850.48+701707.64	204.71033	70.28546	26.505	m	12.77	2.032e4	0.5838
WD J014641.31+215448.38	WDJ014641.31+215448.38	26.67214	21.91344	26.514	m	15.04	9165	0.7814
WD J023016.63+051550.70	WDJ023016.63+051550.70	37.56928	5.26408	26.517	m	12.82	1.896e4	0.5513
WD J115434.57+242239.72	WDJ115434.57+242239.72	178.64404	24.3777	26.531	m	15.55	8699	0.9125
WD J042129.35+460757.74	WDJ042129.35+460757.74	65.3723	46.13271	26.559	m	15.14	7813	0.59
WD J005503.58+101005.56	WDJ005503.58+101005.56	13.76491	10.16821	26.573	m	16.03	6230	0.607
WD J174935.61-235500.63	WDJ174935.61-235500.63	267.39836	-23.91684	26.603	m	15.36	7255	0.5671
WD J023530.71+571524.50	WDJ023530.71+571524.50	38.87797	57.2568	26.659	m	13.8	1.266e4	0.6342
WD J111717.11-441134.49	WDJ111717.11-441134.49	169.32128	-44.19291	26.688	m	15.75	5646	0.3717
WD J170256.34-531436.57	WDJ170256.34-531436.57	255.73474	-53.24349	26.694	m	13.53	1.505e4	0.6466
WD J082533.15-510730.83	WDJ082533.15-510730.83	126.38811	-51.12523	26.72	m	16.96	5010	0.5694
WD J115643.84+182219.54	WDJ115643.84+182219.54	179.18268	18.3721	26.753	m	15.54	7948	0.7788
WD J005411.42-394041.53	WDJ005411.42-394041.53	13.54759	-39.6782	26.779	m	16.31	6264	0.7347
WD J205059.90-245203.79	WDJ205059.90-245203.79	312.74959	-24.86772	26.804	m	15.41	7512	0.6338
WD J173334.29+794916.65	WDJ173334.29+794916.65	263.39288	79.82129	26.832	m	16.92	5768	0.8417
WD J123914.70+452514.14	WDJ123914.70+452514.14	189.81126	45.4206	26.843	m	16.37	6407	0.791
WD J113840.67-131338.55	WDJ113840.67-131338.55	174.66947	-13.22738	26.846	m	16.43	6075	0.7288
WD J160415.07-072658.01	WDJ160415.07-072658.01	241.06279	-7.44945	26.874	m	17.92	4920	0.9396
WD J201017.52-214645.80	WDJ201017.52-214645.80	302.57301	-21.77939	26.911	m	14.37	9720	0.5805
WD J005110.87-202756.24	WDJ005110.87-202756.24	12.79529	-20.46562	26.916	m	16.99	4881	0.5149
WD J235419.41-814104.96	WDJ235419.41-814104.96	358.58088	-81.68471	26.951	m	17.22	4476	0.4568
WD J021148.18+711913.48	WDJ021148.18+711913.48	32.95075	71.32041	26.963	m	16.96	5109	0.6034
WD J150549.31-071440.95	WDJ150549.31-071440.95	226.45546	-7.24471	26.967	m	15.76	6668	0.5904
WD J182624.44+112049.58	WDJ182624.44+112049.58	276.60184	11.34711	26.987	m	16.96	4885	0.4974
WD J170427.96-005026.31	WDJ170427.96-005026.31	256.11649	-0.84064	26.995	m	16.28	6540	0.7819
WD J021839.49+501351.28	WDJ021839.49+501351.28	34.66453	50.23091	27.043	m	16.84	4861	0.4546
WD J081237.81+173701.43	WDJ081237.81+173701.43	123.15754	17.61706	27.044	m	13.43	1.603e4	0.6404
WD J012421.57+402358.09	WDJ012421.57+402358.09	21.08988	40.39947	27.046	m	16.91	5256	0.6345
WD J064806.66-205839.53	WDJ064806.66-205839.53	102.02774	-20.97765	27.048	m	16.86	5044	0.5238
WD J014128.80+833458.83	WDJ014128.80+833458.83	25.37	83.58301	27.103	m	13.12	1.9e4	0.647
WD J165044.34-324923.08	WDJ165044.34-324923.08	252.68476	-32.82308	27.118	m	16.05	5907	0.4994
WD J143642.85+433234.61	WDJ143642.85+433234.61	219.17852	43.54295	27.158	m	17.21	4634	0.4884
WD J220947.10+142947.13	WDJ220947.10+142947.13	332.44626	14.49642	27.166	m	15.51	7630	0.6906
WD J165445.69+382936.63	WDJ165445.69+382936.63	253.69039	38.49351	27.296	m	16.58	5808	0.6941
WD J044538.42-423255.05	WDJ044538.42-423255.05	71.41009	-42.54862	27.324	m	15.7	6748	0.5724
WD J055602.01+135446.71	WDJ055602.01+135446.71	89.00836	13.91297	27.373	m	16.93	5016	0.53
WD J075313.28+423001.69	WDJ075313.28+423001.69	118.30534	42.50047	27.415	m	17.23	4585	0.466
WD J092542.84+612012.85	WDJ092542.84+612012.85	141.42849	61.3369	27.459	m	14.92	8009	0.5069
WD J160700.89-140423.88	WDJ160700.89-140423.88	241.75373	-14.0733	27.513	m	16.5	5717	0.6161
WD J101947.34-340221.88	WDJ101947.34-340221.88	154.94724	-34.03941	27.547	m	16.46	6483	0.8275
WD J095748.35+243255.54	WDJ095748.35+243255.54	149.45145	24.54876	27.562	m	15.02	8488	0.6283
WD J162626.33+193839.32	WDJ162626.33+193839.32	246.60972	19.64426	27.571	m	16.49	6104	0.7375
WD J151358.72-201445.94	WDJ151358.72-201445.94	228.49467	-20.24609	27.575	m	14.1	1.09e4	0.5911
WD J095017.14+531514.83	WDJ095017.14+531514.83	147.57142	53.25412	27.603	m	15.11	9012	0.7519
WD J074730.10+110734.70	WDJ074730.10+110734.70	116.8754	11.12631	27.62	m	16.63	7817	1.115
WD J103055.44-142400.53	WDJ103055.44-142400.53	157.73098	-14.40015	27.662	m	16.51	6028	0.7188
WD J141039.98+024513.10	WDJ141039.98+024513.10	212.66657	2.75364	27.708	m	16.52	5562	0.5652
WD J201248.76-465902.59	WDJ201248.76-465902.59	303.20318	-46.98405	27.757	m	16.37	5808	0.5816
WD J003047.74+034657.93	WDJ003047.74+034657.93	7.69892	3.78276	27.78	m	16.09	6548	0.6762
WD J140115.27-391432.21	WDJ140115.27-391432.21	210.31363	-39.24228	27.78	m	17.26	5512	0.8637
WD J154234.63+232941.56	WDJ154234.63+232941.56	235.6443	23.49488	27.788	m	16.6	5839	0.6927
WD J065350.43+635558.04	WDJ065350.43+635558.04	103.46012	63.93279	27.798	m	16.27	6066	0.6178
WD J111059.34+202606.91	WDJ111059.34+202606.91	167.74725	20.43526	27.846	m	17.34	4661	0.5354
WD J161424.60+090603.91	WDJ161424.60+090603.91	243.60251	9.10109	27.851	m	17.18	4765	0.51
WD J023117.04+285939.88	WDJ023117.04+285939.88	37.82102	28.99443	27.869	m	15.02	6985	0.3924
WD J065326.68+640342.05	WDJ065326.68+640342.05	103.36118	64.06168	27.897	m	16.49	5898	0.6598
WD J084957.48-015612.38	WDJ084957.48-015612.38	132.48951	-1.93677	27.907	m	17.12	4884	0.5389
WD J034347.42-512516.55	WDJ034347.42-512516.55	55.94758	-51.42126	27.91	m	15.8	6742	0.5961
WD J214756.59-403527.79	WDJ214756.59-403527.79	326.98579	-40.59105	27.94	m	19.96		
WD J215847.13-024024.42	WDJ215847.13-024024.42	329.69637	-2.67345	27.98	m	17.15	4734	0.4783
WD J185517.99+535923.18	WDJ185517.99+535923.18	283.82494	53.98977	28.013	m	17.33	4646	0.5142
WD J191100.25-382031.89	WDJ191100.25-382031.89	287.75106	-38.34219	28.016	m	17.59	4083	0.417
WD J210212.07+245736.37	WDJ210212.07+245736.37	315.55027	24.9601	28.031	m	16.44	6013	0.6657
WD J215839.14-023916.44	WDJ215839.14-023916.44	329.66307	-2.65457	28.035	m	17.09	4871	0.5147
WD J191936.23+452743.55	WDJ191936.23+452743.55	289.90095	45.4621	28.059	m	16.44	4775	0.2778
WD J201756.19-124639.44	WDJ201756.19-124639.44	304.48414	-12.77762	28.068	m	17.62	4824	0.7312
WD J184650.69-452139.33	WDJ184650.69-452139.33	281.71123	-45.36093	28.092	m	17.14	4856	0.528
WD J113444.64+610826.68	WDJ113444.64+610826.68	173.68602	61.14074	28.107	m	15.37	7502	0.5727
WD J002116.21+253134.45	WDJ002116.21+253134.45	5.31755	25.52624	28.113	m	15.47	9630	0.9609
WD J202011.65-382445.66	WDJ202011.65-382445.66	305.04852	-38.41268	28.149	m	16.18	7290	0.87
WD J023140.97+270950.48	WDJ023140.97+270950.48	37.92073	27.16402	28.156	m	17.1	4779	0.4708
WD J104646.00-414638.85	WDJ104646.00-414638.85	161.69167	-41.77746	28.237	m	15.87	6749	0.6139
WD J034511.83+194026.08	WDJ034511.83+194026.08	56.29931	19.67391	28.25	m	14.21	1.255e4	0.7473
WD J170502.87-014502.70	WDJ170502.87-014502.70	256.26197	-1.75075	28.304	m	17.34	4700	0.5397
WD J115952.05+000751.87	WDJ115952.05+000751.87	179.96686	0.13107	28.308	m	15.71	9420	1.014
WD J091708.67-454613.68	WDJ091708.67-454613.68	139.2861	-45.77047	28.322	m	16.09	6329	0.6018
WD J134902.30+115513.53	WDJ134902.30+115513.53	207.25958	11.92043	28.338	m	17.81	4435	0.6318
WD J091808.59-443724.25	WDJ091808.59-443724.25	139.53581	-44.6234	28.354	m	16.83	5332	0.5942
WD J123445.37-444001.75	WDJ123445.37-444001.75	188.68903	-44.66715	28.471	m	16.18	6799	0.7553
WD J023338.98+212513.29	WDJ023338.98+212513.29	38.41243	21.42036	28.478	m	17.23	4730	0.4951
WD J165935.92+442543.45	WDJ165935.92+442543.45	254.89967	44.42874	28.499	m	16.57	5541	0.5534
WD J125411.51+362058.45	WDJ125411.51+362058.45	193.54795	36.34957	28.548	m	17.16	4726	0.461
WD J145806.49+293729.52	WDJ145806.49+293729.52	224.52704	29.62487	28.573	m	15.5	7342	0.5766
WD J144318.17-143715.32	WDJ144318.17-143715.32	220.8257	-14.62092	28.726	m	16.2	6669	0.7222
WD J011103.67-722741.26	WDJ011103.67-722741.26	17.76529	-72.46146	28.75	m	17.63	4158	0.4324
WD J094346.61-070348.73	WDJ094346.61-070348.73	145.94422	-7.06354	28.756	m	16.26	5990	0.5593
WD J194530.33+465006.84	WDJ194530.33+465006.84	296.37639	46.83523	28.758	m	17.17	4855	0.5148
WD J130329.44-355124.90	WDJ130329.44-355124.90	195.87268	-35.85692	28.785	m	15.7	8454	0.8627
WD J194530.35+465015.52	WDJ194530.35+465015.52	296.37648	46.83764	28.809	m	16.97	5383	0.6526
WD J023619.57+524412.41	WDJ023619.57+524412.41	39.08152	52.73678	28.843	m	13.87	1.735e4	0.8162
WD J110143.04+172139.39	WDJ110143.04+172139.39	165.42931	17.36094	28.845	m	15.97	7709	0.8421
WD J153744.44+650148.75	WDJ153744.44+650148.75	234.43515	65.03021	28.849	m	14.62	9588	0.5989
WD J184741.53+122631.75	WDJ184741.53+122631.75	281.92306	12.44215	28.849	m	15.06	1.005e4	0.8362
WD J063437.49-283420.88	WDJ063437.49-283420.88	98.65622	-28.57247	28.85	m	17.89	3823	0.4169
WD J231530.40-144005.68	WDJ231530.40-144005.68	348.87667	-14.66824	28.865	m	15.49	8853	0.842
WD J022432.27-285459.46	WDJ022432.27-285459.46	36.13444	-28.91652	28.971	m	18.21		
WD J184700.42+181107.49	WDJ184700.42+181107.49	281.75176	18.18541	28.997	m	15.33	8541	0.7156
WD J022111.49+533330.39	WDJ022111.49+533330.39	35.29787	53.55844	29.046	m	16.16	6841	0.7293
WD J010338.56-052251.96	WDJ010338.56-052251.96	15.91065	-5.3811	29.051	m	17.34	9375	1.327
WD J174220.63-203935.92	WDJ174220.63-203935.92	265.58597	-20.65998	29.052	m	16.9	5737	0.7508
WD J124504.52-491336.69	WDJ124504.52-491336.69	191.26884	-49.22686	29.064	m	15.24	9124	0.7766
WD J130446.37-052837.60	WDJ130446.37-052837.60	196.1932	-5.47711	29.111	m	16.98	5199	0.5756
WD J041017.34+195426.31	WDJ041017.34+195426.31	62.57226	19.90731	29.128	m	17.47	4965	0.6939
WD J233203.52+265846.12	WDJ233203.52+265846.12	353.01467	26.97948	29.143	m	15.32	9809	0.8988
WD J102621.35-383038.82	WDJ102621.35-383038.82	156.58894	-38.51078	29.158	m	15.78	6790	0.5528
WD J221408.94+372713.33	WDJ221408.94+372713.33	333.53725	37.4537	29.189	m	16.82	6571	0.9398
WD J065036.81+165753.86	WDJ065036.81+165753.86	102.65336	16.96496	29.194	m	17.18	5052	0.5962
WD J020702.30-302332.57	WDJ020702.30-302332.57	31.75957	-30.39238	29.248	m	16.7	5589	0.6029
WD J104410.24-691818.08	WDJ104410.24-691818.08	161.04265	-69.30502	29.255	m	12.72	8992	0.1616
WD J114122.38-350406.93	WDJ114122.38-350406.93	175.34326	-35.06859	29.261	m	17.4	4600	0.4845
WD J012924.26+102301.34	WDJ012924.26+102301.34	22.35108	10.3837	29.261	m	14.35	8516	0.3891
WD J170246.27+102241.24	WDJ170246.27+102241.24	255.69281	10.37812	29.319	m	17.66	5147	0.8449
WD J115020.14-255335.40	WDJ115020.14-255335.40	177.58393	-25.89317	29.369	m	16.29	7015	0.8216
WD J220045.37-571123.28	WDJ220045.37-571123.28	330.18906	-57.1898	29.373	m	15.84	7114	0.6502
WD J211328.93+072704.19	WDJ211328.93+072704.19	318.37053	7.45116	29.379	m	16.04	6306	0.5364
WD J031715.85-853225.56	WDJ031715.85-853225.56	49.31603	-85.54043	29.381	m	14.75	2.646e4	1.266
WD J075601.23+574159.82	WDJ075601.23+574159.82	119.00514	57.69995	29.391	m	15.02	1.029e4	0.8382
WD J070219.72-585009.02	WDJ070219.72-585009.02	105.58216	-58.83584	29.392	m	14.58	1.344e4	0.9148
WD J031719.13-853231.29	WDJ031719.13-853231.29	49.3297	-85.54202	29.393	m	14.08	1.653e4	0.8504
WD J014754.82+233943.60	WDJ014754.82+233943.60	26.97841	23.66211	29.428	m	14.03	1.299e4	0.6557
WD J093341.05+291123.32	WDJ093341.05+291123.32	143.42104	29.18981	29.443	m	15.91	8278	0.9008
WD J025959.15+081156.43	WDJ025959.15+081156.43	44.99644	8.19901	29.467	m	15.78	6528	0.4812
WD J223700.03-542241.81	WDJ223700.03-542241.81	339.25014	-54.37828	29.469	m	15.2	8223	0.5975
WD J101501.75+080611.24	WDJ101501.75+080611.24	153.75729	8.10313	29.484	m	17.49	4558	0.4975
WD J101502.61+080635.70	WDJ101502.61+080635.70	153.76087	8.10992	29.488	m	15.92	6612	0.5589
WD J154033.36+330852.51	WDJ154033.36+330852.51	235.13899	33.14792	29.56	m	15.05	8726	0.6188
WD J190525.34-495625.77	WDJ190525.34-495625.77	286.35559	-49.94049	29.566	m	14.56	1.142e4	0.766
WD J194454.70-360310.92	WDJ194454.70-360310.92	296.22794	-36.05303	29.61	m	14.07	1.308e4	0.6709
WD J144710.68-694040.21	WDJ144710.68-694040.21	221.79451	-69.67784	29.623	m	16.78	4466	0.2551
WD J071703.10+112541.55	WDJ071703.10+112541.55	109.26293	11.42821	29.653	m	17.23	4740	0.4791
WD J041805.54+421102.19	WDJ041805.54+421102.19	64.52308	42.18394	29.659	m	16.98	5054	0.4918
WD J044903.21-241239.20	WDJ044903.21-241239.20	72.26339	-24.21089	29.677	m	17.31	4873	0.5565
WD J231518.81-020940.60	WDJ231518.81-020940.60	348.82836	-2.16128	29.724	m	16.23	6767	0.7258
WD J171652.09-590636.29	WDJ171652.09-590636.29	259.21706	-59.11008	29.839	m	15.63	8608	0.83
WD J214254.49+080527.35	WDJ214254.49+080527.35	325.72703	8.09093	29.896	m	17.05	4819	0.4425
WD J174826.86+450327.85	WDJ174826.86+450327.85	267.11192	45.05774	29.911	m	15.54	9331	0.897
WD J174246.61-650514.67	WDJ174246.61-650514.67	265.6942	-65.08741	29.917	m	15.89	9213	1.006
WD J042357.67-455042.27	WDJ042357.67-455042.27	65.9903	-45.84507	29.942	m	16.67	5552	0.552
WD J055543.03+465048.49	WDJ055543.03+465048.49	88.9293	46.8468	29.971	m	17	5118	0.5185
WD J220253.65+023741.53	WDJ220253.65+023741.53	330.72354	2.6282	29.972	m	16.85	5776	0.7113
WD J134944.61+275521.76	WDJ134944.61+275521.76	207.43586	27.92271	29.985	m	16.28	7240	0.8433
WD J235231.92-025311.75	WDJ235231.92-025311.75	358.133	-2.8866	29.989	m	16.98	1.059e4	1.317
WD J080833.93-530059.48	WDJ080833.93-530059.48	122.14138	-53.01652	30.036	m	17.81	4140	0.4607
WD J064400.61+092605.76	WDJ064400.61+092605.76	101.00253	9.43493	30.044	m	16.41	6171	0.6394
WD J051553.54+283916.81	WDJ051553.54+283916.81	78.9731	28.65467	30.062	m	16.4	6411	0.6996
WD J021831.50-393633.22	WDJ021831.50-393633.22	34.63127	-39.60923	30.084	m	15.67	7176	0.5691
WD J115007.08+240403.54	WDJ115007.08+240403.54	177.52949	24.06765	30.122	m	19.36		
WD J193618.58+263255.79	WDJ193618.58+263255.79	294.0774	26.54883	30.142	m	13.68	2.423e4	0.9478
WD J182159.54-595148.52	WDJ182159.54-595148.52	275.49807	-59.86348	30.155	m	16.56	4748	0.2644
WD J180723.38+035701.80	WDJ180723.38+035701.80	271.8474	3.9505	30.175	m	14.6	1.023e4	0.64
WD J183518.23+642117.68	WDJ183518.23+642117.68	278.82597	64.35491	30.225	m	17.38	4908	0.5823
WD J165237.59-011356.41	WDJ165237.59-011356.41	253.15663	-1.23234	30.251	m	17.14	5541	0.747
WD J004506.34-060819.60	WDJ004506.34-060819.60	11.2764	-6.13878	30.279	m	17.97	4847	0.8263
WD J111913.56-083137.22	WDJ111913.56-083137.22	169.80651	-8.52701	30.282	m	16.82	5550	0.608
WD J223634.58-432911.11	WDJ223634.58-432911.11	339.14409	-43.48642	30.302	m	16.16	6244	0.5381
WD J161330.58+442754.13	WDJ161330.58+442754.13	243.37743	44.46504	30.344	m	17	5262	0.5679
WD J160041.14-165430.24	WDJ160041.14-165430.24	240.17141	-16.9084	30.345	m	18.01	3854	0.431
WD J185730.18+335725.78	WDJ185730.18+335725.78	284.37574	33.95716	30.356	m	14.63	1.19e4	0.8127
WD J235422.99-514930.65	WDJ235422.99-514930.65	358.59578	-51.82518	30.396	m	17.56	4469	0.4644
WD J030713.90-071506.24	WDJ030713.90-071506.24	46.80793	-7.25173	30.401	m	17.2	5637	0.8018
WD J173834.39-082614.02	WDJ173834.39-082614.02	264.6433	-8.43723	30.411	m	15.86	7094	0.6209
WD J185105.72+773837.50	WDJ185105.72+773837.50	282.77384	77.64375	30.447	m	17.03	5177	0.5418
WD J054249.69-190107.34	WDJ054249.69-190107.34	85.70706	-19.01871	30.499	m	15.44	9421	0.8564
WD J163927.82+332522.24	WDJ163927.82+332522.24	249.86592	33.42284	30.5	m	14.62	9989	0.6064
WD J155534.21+502547.74	WDJ155534.21+502547.74	238.89253	50.42993	30.525	m	16.41	6103	0.6046
WD J200348.80-474800.18	WDJ200348.80-474800.18	300.95335	-47.80005	30.549	m	16.46	5924	0.5675
WD J095522.89-711808.37	WDJ095522.89-711808.37	148.84536	-71.30232	30.555	m	13.54	1.427e4	0.5007
WD J031907.61+423045.45	WDJ031907.61+423045.45	49.78172	42.51262	30.575	m	14.79	1.154e4	0.8385
WD J201222.27+311348.88	WDJ201222.27+311348.88	303.09278	31.23025	30.761	m	14.77	1.889e4	1.12
WD J165401.26+625354.91	WDJ165401.26+625354.91	253.50525	62.89858	30.783	m	18.06	7261	1.295
WD J131257.90+580511.29	WDJ131257.90+580511.29	198.24127	58.08647	30.786	m	14.07	1.031e4	0.4508
WD J032850.79-323830.99	WDJ032850.79-323830.99	52.21163	-32.64194	30.786	m	17.33	4646	0.4534
WD J153451.17+464948.77	WDJ153451.17+464948.77	233.7132	46.83021	30.794	m	17.77	4309	0.4672
WD J130121.13+671307.35	WDJ130121.13+671307.35	195.33803	67.21871	30.814	m	16.43	6573	0.7323
WD J084909.48+342947.73	WDJ084909.48+342947.73	132.28949	34.49659	30.838	m	15.57	7445	0.5592
WD J085140.49+162454.38	WDJ085140.49+162454.38	132.91872	16.4151	30.864	m	16.6	6034	0.6561
WD J131313.14+022645.82	WDJ131313.14+022645.82	198.30475	2.44606	30.884	m	17.87	4165	0.4685
WD J234935.57-521528.02	WDJ234935.57-521528.02	357.39821	-52.25778	30.9	m	16.97	6395	0.9096
WD J194549.13-153135.63	WDJ194549.13-153135.63	296.45471	-15.52656	30.916	m	14.67	1.238e4	0.8487
WD J182147.11+550906.70	WDJ182147.11+550906.70	275.44631	55.15186	30.944	m	17.23	4955	0.5141
WD J022631.96+645929.92	WDJ022631.96+645929.92	36.63318	64.99164	30.956	m	17.9	4189	0.468
WD J175704.46+405249.39	WDJ175704.46+405249.39	269.26859	40.88039	30.957	m	16.99	5450	0.6161
WD J180127.52+504958.36	WDJ180127.52+504958.36	270.36467	50.83288	30.976	m	17.37	4781	0.4973
WD J223059.16+225454.09	WDJ223059.16+225454.09	337.74648	22.91503	30.99	m	16.96	5919	0.7733
WD J114904.52-292151.76	WDJ114904.52-292151.76	177.26885	-29.36438	31	m	17.18	5711	0.804
WD J034501.53-034849.73	WDJ034501.53-034849.73	56.25639	-3.81381	31.032	m	17.78	4362	0.4866
WD J034850.19-005832.29	WDJ034850.19-005832.29	57.20911	-0.97564	31.04	m	14.02	3.93e4	1.262
WD J164136.61+151237.93	WDJ164136.61+151237.93	250.40255	15.21054	31.045	m	15.62	7329	0.5457
WD J034501.70-034844.85	WDJ034501.70-034844.85	56.2571	-3.81246	31.071	m	17.16	4993	0.502
WD J042021.33-293426.26	WDJ042021.33-293426.26	65.08889	-29.57396	31.09	m	16.24	6423	0.6013
WD J032646.69-592700.23	WDJ032646.69-592700.23	51.69452	-59.45006	31.123	m	16.93	6333	0.8738
WD J004345.98-100025.02	WDJ004345.98-100025.02	10.94159	-10.00695	31.131	m	14.53	2.064e4	1.094
WD J072704.15+143440.30	WDJ072704.15+143440.30	111.76727	14.57786	31.192	m	16.71	5695	0.579
WD J025245.61-752244.56	WDJ025245.61-752244.56	43.19006	-75.37904	31.197	m	16.57	6204	0.6829
WD J180901.95-410140.69	WDJ180901.95-410140.69	272.25814	-41.02797	31.243	m	16.56	5863	0.569
WD J101435.97+422622.50	WDJ101435.97+422622.50	153.64989	42.43958	31.263	m	16.22	7731	0.8776
WD J205442.80-203925.93	WDJ205442.80-203925.93	313.67833	-20.6572	31.277	m	15.12	2.036e4	1.221
WD J180345.86-752318.35	WDJ180345.86-752318.35	270.94109	-75.38843	31.298	m	16.85	5595	0.6044
WD J030350.56+060748.75	WDJ030350.56+060748.75	45.96068	6.13021	31.315	m	14.96	1.602e4	1.082
WD J013843.16-832532.89	WDJ013843.16-832532.89	24.67982	-83.4258	31.325	m	15.69	7631	0.6356
WD J114556.67+314930.69	WDJ114556.67+314930.69	176.48613	31.82519	31.333	m	13.71	1.573e4	0.6112
WD J085430.49-250848.99	WDJ085430.49-250848.99	133.62703	-25.14694	31.364	m	16.46	6648	0.7467
WD J091353.95+620601.69	WDJ091353.95+620601.69	138.47481	62.10047	31.382	m	16.85	5683	0.6337
WD J174248.51+433809.21	WDJ174248.51+433809.21	265.70211	43.63589	31.387	m	16.92	5466	0.5811
WD J004126.61-503258.58	WDJ004126.61-503258.58	10.36086	-50.5496	31.409	m	17.78	4177	0.4257
WD J031613.91-081637.52	WDJ031613.91-081637.52	49.05796	-8.27709	31.41	m	16.7	6369	0.778
WD J220552.11-665934.73	WDJ220552.11-665934.73	331.46713	-66.99298	31.43	m	16.89	5264	0.4883
WD J035556.50+452510.26	WDJ035556.50+452510.26	58.98541	45.41952	31.47	m	17.16	5114	0.5419
WD J020110.70+121226.03	WDJ020110.70+121226.03	30.29458	12.20723	31.499	m	16.07	7358	0.734
WD J031712.10-291134.21	WDJ031712.10-291134.21	49.30041	-29.19284	31.5	m	17.23	5367	0.6795
WD J195639.81-511544.83	WDJ195639.81-511544.83	299.16586	-51.26245	31.597	m	17.63	4637	0.5325
WD J143019.96-252040.40	WDJ143019.96-252040.40	217.58316	-25.34455	31.601	m	16.54	6742	0.7953
WD J174146.25+240149.67	WDJ174146.25+240149.67	265.44271	24.03046	31.617	m	16.43	7190	0.8479
WD J031138.80-055117.55	WDJ031138.80-055117.55	47.91168	-5.85487	31.633	m	18.09	3938	0.4499
WD J120207.65-100439.65	WDJ120207.65-100439.65	180.53186	-10.07768	31.639	m	15.81	9274	0.9481
WD J203841.42-364913.60	WDJ203841.42-364913.60	309.67258	-36.82044	31.642	m	14.89	9500	0.6159
WD J142428.39-510233.63	WDJ142428.39-510233.63	216.1183	-51.04267	31.651	m	16.33	6682	0.6871
WD J165948.42+440104.04	WDJ165948.42+440104.04	254.95177	44.01779	31.653	m	14.79	2.961e4	1.284
WD J211345.93+262133.27	WDJ211345.93+262133.27	318.44137	26.35925	31.69	m	14.62	8201	0.374
WD J015038.47-720716.54	WDJ015038.47-720716.54	27.6603	-72.12126	31.717	m	16.23	6968	0.7139
WD J083759.16-501745.76	WDJ083759.16-501745.76	129.4965	-50.29604	31.724	m	14.6	1.248e4	0.801
WD J131748.97+215713.60	WDJ131748.97+215713.60	199.45404	21.95378	31.767	m	16.69	6474	0.7909
WD J192724.75+564455.34	WDJ192724.75+564455.34	291.85311	56.74871	31.793	m	16.71	6551	0.8144
WD J165847.03-061708.94	WDJ165847.03-061708.94	254.69595	-6.28582	31.807	m	16.98	5521	0.6188
WD J191246.12+024239.11	WDJ191246.12+024239.11	288.19219	2.71086	31.823	m	16.51	6600	0.7461
WD J003535.84+015308.62	WDJ003535.84+015308.62	8.89933	1.88573	31.838	m	15.62	1.08e4	1.039
WD J172945.19+143541.28	WDJ172945.19+143541.28	262.4383	14.5948	31.859	m	17.98	4785	0.7552
WD J211050.04-212922.52	WDJ211050.04-212922.52	317.70849	-21.48959	31.859	m	16.64	5984	0.6301
WD J223601.50-554852.02	WDJ223601.50-554852.02	339.00624	-55.81445	31.906	m	17.25	5225	0.6173
WD J034722.43+435857.18	WDJ034722.43+435857.18	56.84345	43.98255	31.909	m	14.01	1.366e4	0.6088
WD J023759.15+163812.95	WDJ023759.15+163812.95	39.49647	16.63693	31.911	m	17.04	5567	0.6616
WD J231206.10+131058.07	WDJ231206.10+131058.07	348.0254	13.1828	31.967	m	17.14	5163	0.5344
WD J064604.27-224633.04	WDJ064604.27-224633.04	101.51779	-22.77585	31.994	m	17.73	4376	0.4617
WD J094639.07+435452.24	WDJ094639.07+435452.24	146.66281	43.91451	32.029	m	13.34	1.382e4	0.4223
WD J195211.78-732235.48	WDJ195211.78-732235.48	298.04909	-73.37652	32.077	m	19.66	4934	1.282
WD J031938.27+363029.67	WDJ031938.27+363029.67	49.90945	36.50824	32.078	m	16.33	7195	0.799
WD J024531.84-195134.42	WDJ024531.84-195134.42	41.38266	-19.85956	32.149	m	17.86	4308	0.4633
WD J053620.21+412955.62	WDJ053620.21+412955.62	84.08423	41.49878	32.15	m	14.65	7399	0.286
WD J020511.61-051754.30	WDJ020511.61-051754.30	31.29838	-5.29841	32.18	m	18.11	4084	0.4798
WD J152542.94+562908.61	WDJ152542.94+562908.61	231.42893	56.48573	32.216	m	16.75	5497	0.498
WD J210144.81+314839.47	WDJ210144.81+314839.47	315.43672	31.81096	32.235	m	15	1.047e4	0.7634
WD J080946.17+292032.24	WDJ080946.17+292032.24	122.44238	29.34229	32.245	m	16.07	7021	0.6396
WD J060717.09+733159.70	WDJ060717.09+733159.70	91.8212	73.53325	32.246	m	17.02	6522	0.9243
WD J045551.43+384050.90	WDJ045551.43+384050.90	73.96429	38.68081	32.261	m	17.39	5063	0.6009
WD J020210.60+160203.31	WDJ020210.60+160203.31	30.54415	16.03425	32.27	m	17.81	4883	0.7076
WD J162818.90-173917.89	WDJ162818.90-173917.89	247.07874	-17.65497	32.275	m	17.3	4863	0.4651
WD J001324.45+543757.64	WDJ001324.45+543757.64	3.35189	54.63268	32.282	m	18	4123	0.4587
WD J122807.73+002219.62	WDJ122807.73+002219.62	187.0322	0.37212	32.308	m	14.94	9299	0.5869
WD J200445.49+010929.21	WDJ200445.49+010929.21	301.18956	1.15811	32.351	m	16.72	6642	0.8253
WD J092256.07+010310.15	WDJ092256.07+010310.15	140.73361	1.05282	32.357	m	16.5	6061	0.574
WD J160241.98+575815.32	WDJ160241.98+575815.32	240.67491	57.97092	32.359	m	13.81	1.556e4	0.6132
WD J230345.52-371051.56	WDJ230345.52-371051.56	345.93968	-37.18099	32.37	m	18	4270	0.5072
WD J084635.27-362206.68	WDJ084635.27-362206.68	131.64696	-36.36852	32.37	m	17.4	4891	0.5246
WD J213721.24-380838.22	WDJ213721.24-380838.22	324.33851	-38.14395	32.371	m	16.54	6989	0.8312
WD J213849.48-404127.74	WDJ213849.48-404127.74	324.70617	-40.69104	32.429	m	13.52	1.901e4	0.65
WD J152915.63-642811.20	WDJ152915.63-642811.20	232.31513	-64.46978	32.447	m	16.91	5202	0.4626
WD J010457.96+212017.54	WDJ010457.96+212017.54	16.24148	21.33821	32.463	m	17.8	4721	0.622
WD J160453.59+005512.97	WDJ160453.59+005512.97	241.22329	0.92027	32.468	m	17.41	4836	0.4985
WD J073427.47+484115.28	WDJ073427.47+484115.28	113.61444	48.68758	32.509	m	14.93	1.41e4	0.9834
WD J135509.42-262248.95	WDJ135509.42-262248.95	208.78923	-26.38026	32.528	m	16.61	6090	0.6261
WD J181745.57-133531.54	WDJ181745.57-133531.54	274.43988	-13.59209	32.532	m	17.1	6002	0.8162
WD J170038.34-872352.90	WDJ170038.34-872352.90	255.15976	-87.39803	32.544	m	14.59	1.09e4	0.6459
WD J044028.48+092347.21	WDJ044028.48+092347.21	70.11868	9.39645	32.562	m	16.81	6279	0.7672
WD J143015.38-240326.12	WDJ143015.38-240326.12	217.56409	-24.05726	32.567	m	17.43	4866	0.5196
WD J160137.01-383209.35	WDJ160137.01-383209.35	240.40422	-38.53593	32.568	m	17.09	4906	0.4253
WD J090834.39+172148.53	WDJ090834.39+172148.53	137.14331	17.36348	32.599	m	16.59	4945	0.2819
WD J185713.94+202628.60	WDJ185713.94+202628.60	284.30809	20.44128	32.612	m	16.6	6616	0.7628
WD J010456.47+211958.87	WDJ010456.47+211958.87	16.2353	21.33302	32.618	m	17.7	5287	0.8213
WD J165335.21-100116.33	WDJ165335.21-100116.33	253.39669	-10.0212	32.629	m	15.71	7345	0.5403
WD J023538.55-303225.52	WDJ023538.55-303225.52	38.91062	-30.54043	32.639	m	19		
WD J152316.52-341207.40	WDJ152316.52-341207.40	230.81884	-34.20205	32.642	m	15.37	9366	0.7633
WD J121431.83+782256.54	WDJ121431.83+782256.54	183.63263	78.38237	32.647	m	17.42	4835	0.4956
WD J170438.32-144620.79	WDJ170438.32-144620.79	256.15967	-14.77244	32.668	m	16.41	7433	0.8587
WD J184947.86-095744.38	WDJ184947.86-095744.38	282.44941	-9.96233	32.672	m	14.32	1.213e4	0.6346
WD J162838.60+705321.70	WDJ162838.60+705321.70	247.16085	70.88936	32.711	m	17.52	4903	0.5681
WD J155647.51-080601.24	WDJ155647.51-080601.24	239.19796	-8.10035	32.716	m	18.34	7281	1.317
WD J075328.47-511436.98	WDJ075328.47-511436.98	118.36863	-51.24361	32.717	m	15.61	9283	0.8434
WD J075631.12+413951.00	WDJ075631.12+413951.00	119.12966	41.66417	32.726	m	16.65	6749	0.8132
WD J122747.36-081437.97	WDJ122747.36-081437.97	186.94733	-8.24388	32.726	m	14.73	1.173e4	0.7722
WD J013613.62-112032.63	WDJ013613.62-112032.63	24.05673	-11.3424	32.747	m	14.21	1.183e4	0.5677
WD J093011.42-295943.38	WDJ093011.42-295943.38	142.54759	-29.99538	32.753	m	17.25	5102	0.5365
WD J121701.84+684851.45	WDJ121701.84+684851.45	184.25769	68.81429	32.761	m	16.88	6499	0.8479
WD J210202.67+191257.67	WDJ210202.67+191257.67	315.51114	19.21602	32.768	m	16.23	6666	0.6068
WD J230840.77-214459.60	WDJ230840.77-214459.60	347.16986	-21.74989	32.771	m	13.77	1.605e4	0.6111
WD J211240.64-292217.96	WDJ211240.64-292217.96	318.16933	-29.37166	32.792	m	15.12	1.041e4	0.7959
WD J101812.80-343846.05	WDJ101812.80-343846.05	154.55334	-34.64612	32.8	m	17.41	5092	0.606
WD J123156.66-503247.99	WDJ123156.66-503247.99	187.98607	-50.54666	32.809	m	13.47	1.801e4	0.5821
WD J182417.72+120945.86	WDJ182417.72+120945.86	276.07383	12.16274	32.815	m	17.36	5129	0.596
WD J160123.19+364834.29	WDJ160123.19+364834.29	240.34661	36.80952	32.823	m	14.41	1.112e4	0.5867
WD J004519.60-332929.01	WDJ004519.60-332929.01	11.33166	-33.49139	32.837	m	18.61	4015	0.6723
WD J002147.30+264036.16	WDJ002147.30+264036.16	5.44709	26.67671	32.864	m	17.47	4991	0.5781
WD J132115.10+462323.65	WDJ132115.10+462323.65	200.31293	46.3899	32.881	m	14.53	1.463e4	0.8428
WD J081843.92-151208.31	WDJ081843.92-151208.31	124.68302	-15.20232	32.881	m	17.72	3982	0.305
WD J183351.29-694203.57	WDJ183351.29-694203.57	278.46373	-69.70099	32.91	m	14.62	8010	0.3371
WD J114625.77-013636.90	WDJ114625.77-013636.90	176.60736	-1.61025	32.914	m	16.25	6526	0.5778
WD J102210.36+461249.40	WDJ102210.36+461249.40	155.54315	46.21372	32.951	m	16.22	7076	0.6963
WD J035531.89-561128.32	WDJ035531.89-561128.32	58.88285	-56.1912	32.954	m	17.05	5771	0.7057
WD J125946.66+273404.14	WDJ125946.66+273404.14	194.9444	27.56782	32.978	m	15.35	8586	0.623
WD J020809.31+372939.12	WDJ020809.31+372939.12	32.03877	37.4942	33.035	m	17.69	5689	0.9394
WD J023551.36+011845.45	WDJ023551.36+011845.45	38.96402	1.31263	33.039	m	16.15	6750	0.588
WD J024050.43+314256.44	WDJ024050.43+314256.44	40.21013	31.71568	33.064	m	16.01	7122	0.614
WD J085534.72-083345.34	WDJ085534.72-083345.34	133.89466	-8.56259	33.118	m	17.64	4579	0.4636
WD J163029.74-373936.84	WDJ163029.74-373936.84	247.6239	-37.66024	33.219	m	17.92	6608	1.19
WD J092943.17-173250.68	WDJ092943.17-173250.68	142.42987	-17.54741	33.242	m	15.92	7451	0.6364
WD J141220.36-184241.64	WDJ141220.36-184241.64	213.08485	-18.71157	33.271	m	16.95	5721	0.6341
WD J035005.27-685307.56	WDJ035005.27-685307.56	57.52196	-68.88543	33.312	m	17.28	4912	0.4732
WD J200654.88+614310.27	WDJ200654.88+614310.27	301.72865	61.71952	33.321	m	16.36	5330	0.3145
WD J141041.67-751030.18	WDJ141041.67-751030.18	212.67365	-75.17505	33.328	m	17.4	4951	0.519
WD J142439.15+091714.16	WDJ142439.15+091714.16	216.16312	9.28727	33.34	m	14.34	1.239e4	0.642
WD J100338.84-033756.87	WDJ100338.84-033756.87	150.91185	-3.63246	33.383	m	15.38	8403	0.5922
WD J003517.51-171851.57	WDJ003517.51-171851.57	8.82297	-17.31433	33.39	m	14.92	9659	0.6034
WD J043236.01-390214.13	WDJ043236.01-390214.13	68.15005	-39.03726	33.415	m	17.47	4748	0.475
WD J174300.75+170145.74	WDJ174300.75+170145.74	265.7531	17.02937	33.419	m	18.07	4416	0.5762
WD J030154.44-831446.19	WDJ030154.44-831446.19	45.47683	-83.24616	33.454	m	16.13	6813	0.581
WD J024300.36-603414.82	WDJ024300.36-603414.82	40.75152	-60.57078	33.486	m	17.23	5598	0.7111
WD J163411.51+755857.56	WDJ163411.51+755857.56	248.54796	75.98265	33.494	m	14.24	1.282e4	0.6099
WD J112709.25-294011.20	WDJ112709.25-294011.20	171.78855	-29.66978	33.527	m	15	9401	0.591
WD J091640.76+435941.59	WDJ091640.76+435941.59	139.16982	43.99489	33.528	m	15.31	8587	0.5905
WD J135907.82-233327.18	WDJ135907.82-233327.18	209.7826	-23.55755	33.572	m	14.99	9440	0.5931
WD J102909.81+020553.67	WDJ102909.81+020553.67	157.29086	2.09824	33.602	m	14.26	1.261e4	0.6099
WD J180314.84-805750.43	WDJ180314.84-805750.43	270.81182	-80.96401	33.648	m	18.05	4801	0.7417
WD J120055.89-103220.61	WDJ120055.89-103220.61	180.23286	-10.53906	33.658	m	16.29	7949	0.8785
WD J192626.93+462015.10	WDJ192626.93+462015.10	291.61221	46.33753	33.66	m	15.83	8149	0.7238
WD J073337.81-425357.25	WDJ073337.81-425357.25	113.40753	-42.89924	33.702	m	14.19	1.503e4	0.7047
WD J212625.46+551332.38	WDJ212625.46+551332.38	321.60606	55.22566	33.715	m	14.76	1.307e4	0.8392
WD J191338.68+133627.36	WDJ191338.68+133627.36	288.41115	13.6076	33.729	m	14.09	1.375e4	0.5991
WD J153417.50+021848.12	WDJ153417.50+021848.12	233.57293	2.31337	33.748	m	16.22	8195	0.891
WD J102907.46+112719.28	WDJ102907.46+112719.28	157.2811	11.45536	33.755	m	16.5	6878	0.7514
WD J232606.59+160019.28	WDJ232606.59+160019.28	351.52745	16.00536	33.794	m	15.05	1.052e4	0.7532
WD J183852.85-441631.32	WDJ183852.85-441631.32	279.72021	-44.27537	33.819	m	17.24	5561	0.6883
WD J053026.01+393917.04	WDJ053026.01+393917.04	82.60836	39.65473	33.863	m	16.97	5483	0.5415
WD J223418.83+145654.42	WDJ223418.83+145654.42	338.57847	14.94845	33.873	m	16.5	6294	0.596
WD J090242.68+312043.51	WDJ090242.68+312043.51	135.67782	31.34542	33.879	m	15.21	9848	0.736
WD J024208.44+111233.00	WDJ024208.44+111233.00	40.53517	11.20917	33.888	m	16.1	8283	0.8577
WD J142659.43+492100.45	WDJ142659.43+492100.45	216.74761	49.35013	33.893	m	16.74	6895	0.8521
WD J105211.73+405004.19	WDJ105211.73+405004.19	163.04888	40.8345	33.897	m	16.7	6369	0.7066
WD J222802.06+120733.38	WDJ222802.06+120733.38	337.00857	12.12594	33.912	m	16.2	7644	0.7789
WD J091245.05+195155.93	WDJ091245.05+195155.93	138.18772	19.86554	33.952	m	17.49	5122	0.6224
WD J043200.36-192049.90	WDJ043200.36-192049.90	68.00151	-19.3472	33.956	m	16.88	5733	0.5911
WD J090148.66+360707.76	WDJ090148.66+360707.76	135.45274	36.11882	33.984	m	14.56	1.172e4	0.6681
WD J011504.60-013316.32	WDJ011504.60-013316.32	18.76919	-1.55453	33.998	m	17.38	5218	0.6094
WD J000728.90+340339.69	WDJ000728.90+340339.69	1.87042	34.06103	34.018	m	17.24	5792	0.7632
WD J210031.31+505117.73	WDJ210031.31+505117.73	315.13045	50.85493	34.035	m	15.06	9621	0.6357
WD J043420.54+305422.35	WDJ043420.54+305422.35	68.5856	30.90621	34.074	m	17.82	4764	0.6047
WD J041010.32+180223.80	WDJ041010.32+180223.80	62.54301	18.03995	34.11	m	14.22	1.298e4	0.6026
WD J151127.63+320417.92	WDJ151127.63+320417.92	227.86511	32.07164	34.151	m	14.14	1.477e4	0.6612
WD J093931.74+495148.29	WDJ093931.74+495148.29	144.88223	49.86341	34.153	m	17.24	5997	0.8247
WD J193538.63-325225.56	WDJ193538.63-325225.56	293.91098	-32.87377	34.159	m	17.2	5305	0.5618
WD J133216.49-440838.71	WDJ133216.49-440838.71	203.06871	-44.14409	34.182	m	17.18	5849	0.7531
WD J102957.71-262405.08	WDJ102957.71-262405.08	157.49047	-26.40141	34.192	m	16.89	5737	0.5862
WD J181959.24+173919.13	WDJ181959.24+173919.13	274.99685	17.65531	34.201	m	17.67	4835	0.5618
WD J071550.55-370642.20	WDJ071550.55-370642.20	108.96064	-37.11172	34.206	m	16.59	7236	0.8542
WD J205050.50-612235.61	WDJ205050.50-612235.61	312.71042	-61.37656	34.315	m	16.78	6962	0.8701
WD J174322.98+143452.25	WDJ174322.98+143452.25	265.84575	14.58118	34.327	m	14.85	1.075e4	0.6861
WD J104801.84+633448.80	WDJ104801.84+633448.80	162.00768	63.58022	34.345	m	17.33	5206	0.5713
WD J194522.76-490420.23	WDJ194522.76-490420.23	296.34481	-49.07229	34.347	m	17.99	4324	0.4644
WD J160714.17+342346.59	WDJ160714.17+342346.59	241.80904	34.39627	34.355	m	16.98	5553	0.5583
WD J191858.23-434920.40	WDJ191858.23-434920.40	289.74264	-43.82233	34.368	m	17.99	5535	0.9768
WD J140324.75+453333.02	WDJ140324.75+453333.02	210.85314	45.55917	34.383	m	19.02		
WD J080527.58+073535.64	WDJ080527.58+073535.64	121.36491	7.59323	34.385	m	17.36	5339	0.6404
WD J034010.17-361038.22	WDJ034010.17-361038.22	55.04236	-36.17728	34.393	m	16.77	5607	0.4868
WD J042643.98-415341.44	WDJ042643.98-415341.44	66.68324	-41.89484	34.412	m	16.79	6127	0.6638
WD J174611.08-625141.41	WDJ174611.08-625141.41	266.54616	-62.8615	34.435	m	15.89	7403	0.5859
WD J083601.68-100607.45	WDJ083601.68-100607.45	129.00698	-10.10207	34.457	m	17.35	5137	0.5482
WD J110742.77+595829.66	WDJ110742.77+595829.66	166.92823	59.9749	34.49	m	13.82	1.832e4	0.6868
WD J002215.19+423642.15	WDJ002215.19+423642.15	5.56328	42.61171	34.495	m	16.37	5692	0.3949
WD J093736.24-385223.21	WDJ093736.24-385223.21	144.40101	-38.87311	34.495	m	16.96	5657	0.5841
WD J000506.82+731309.38	WDJ000506.82+731309.38	1.27842	73.21927	34.504	m	14.27	1.417e4	0.6635
WD J115814.52+000458.51	WDJ115814.52+000458.51	179.56048	0.08292	34.598	m	17.9	4415	0.4622
WD J130503.44+702243.05	WDJ130503.44+702243.05	196.26432	70.37862	34.626	m	19.33	5015	1.211
WD J191144.26-272954.76	WDJ191144.26-272954.76	287.93442	-27.49855	34.636	m	14.64	1.182e4	0.69
WD J050818.91-145023.81	WDJ050818.91-145023.81	77.07881	-14.83995	34.65	m	17.08	5520	0.5844
WD J170552.58+260551.20	WDJ170552.58+260551.20	256.46909	26.09756	34.673	m	17.03	6038	0.7333
WD J214954.57+281659.59	WDJ214954.57+281659.59	327.47736	28.28322	34.749	m	14.61	1.214e4	0.6889
WD J005311.22-501322.87	WDJ005311.22-501322.87	13.29674	-50.22302	34.817	m	17.18	5708	0.6867
WD J150938.86+633225.48	WDJ150938.86+633225.48	227.41193	63.54041	34.828	m	14.73	1.032e4	0.5729
WD J031318.66-560734.99	WDJ031318.66-560734.99	48.32773	-56.12639	34.843	m	14.6	1.098e4	0.5983
WD J015251.94+255340.65	WDJ015251.94+255340.65	28.21642	25.89463	34.858	m	15.63	7727	0.5258
WD J110217.52+411321.18	WDJ110217.52+411321.18	165.57301	41.22255	34.861	m	18.74		
WD J122635.58+351309.86	WDJ122635.58+351309.86	186.64824	35.21941	34.915	m	17.22	5102	0.4615
WD J100204.09+432645.90	WDJ100204.09+432645.90	150.51703	43.44608	34.943	m	17.77	4699	0.5233
WD J162558.78-344145.71	WDJ162558.78-344145.71	246.49491	-34.69603	34.974	m	17.32	4998	0.4779
WD J035521.99+094718.13	WDJ035521.99+094718.13	58.84162	9.78837	34.981	m	14.55	1.452e4	0.792
WD J084516.87+611704.81	WDJ084516.87+611704.81	131.32027	61.28467	34.982	m	16.99	5875	0.6542
WD J190255.35-044012.64	WDJ190255.35-044012.64	285.73065	-4.67018	34.99	m	17.95	4670	0.5929
WD J084515.55+611705.79	WDJ084515.55+611705.79	131.31477	61.28494	34.998	m	17.17	5543	0.6209
WD J053714.90+675950.51	WDJ053714.90+675950.51	84.31209	67.99736	35.011	m	16.26	7783	0.8061
WD J075305.33+612203.57	WDJ075305.33+612203.57	118.27219	61.36766	35.025	m	15.96	8463	0.7983
WD J023841.25-264319.88	WDJ023841.25-264319.88	39.67188	-26.72219	35.038	m	16.48	7617	0.861
WD J171955.76+363936.32	WDJ171955.76+363936.32	259.98233	36.66009	35.039	m	16.95	7049	0.9333
WD J080151.04-282831.73	WDJ080151.04-282831.73	120.46267	-28.47548	35.043	m	16.8	5791	0.5407
WD J041246.85+754942.26	WDJ041246.85+754942.26	63.19519	75.82841	35.045	m	15.81	8598	0.7621
WD J213343.70+241457.72	WDJ213343.70+241457.72	323.43207	24.24937	35.046	m	17.09	6432	0.8501
WD J210854.87-031202.98	WDJ210854.87-031202.98	317.22864	-3.20083	35.048	m	17.26	5355	0.5861
WD J193019.71-005730.56	WDJ193019.71-005730.56	292.58215	-0.95849	35.095	m	16.16	8092	0.8144
WD J214913.61+041550.35	WDJ214913.61+041550.35	327.30671	4.26399	35.096	m	16.65	5172	0.3215
WD J041226.33-111747.28	WDJ041226.33-111747.28	63.10969	-11.29647	35.12	m	15.38	7474	0.4191
WD J184907.50-073619.82	WDJ184907.50-073619.82	282.28126	-7.60551	35.121	m	16.85	6421	0.7537
WD J212147.85-013032.20	WDJ212147.85-013032.20	320.44935	-1.50894	35.128	m	16.47	6474	0.5996
WD J141421.47-363020.36	WDJ141421.47-363020.36	213.58946	-36.50566	35.177	m	17.59	5097	0.6215
WD J080911.21+352757.08	WDJ080911.21+352757.08	122.29671	35.46586	35.189	m	15.08	8770	0.4862
WD J014840.45+361530.98	WDJ014840.45+361530.98	27.16854	36.2586	35.191	m	16.76	6105	0.6164
WD J193955.83+661856.08	WDJ193955.83+661856.08	294.98261	66.31558	35.198	m	17.7	5241	0.7276
WD J203102.15+393454.05	WDJ203102.15+393454.05	307.75895	39.58168	35.203	m	17.88	4638	0.527
WD J185005.58-285117.29	WDJ185005.58-285117.29	282.52323	-28.8548	35.32	m	17.33	5327	0.5944
WD J100424.18-050614.92	WDJ100424.18-050614.92	151.10075	-5.10414	35.338	m	18.22	4283	0.5286
WD J135211.79+105351.87	WDJ135211.79+105351.87	208.04911	10.89774	35.349	m	16.75	5957	0.5654
WD J105513.54-551905.16	WDJ105513.54-551905.16	163.8064	-55.3181	35.351	m	14.15	1.423e4	0.6052
WD J014743.94-271136.93	WDJ014743.94-271136.93	26.93308	-27.19359	35.351	m	16.28	6764	0.5829
WD J122956.02-070727.57	WDJ122956.02-070727.57	187.4834	-7.12433	35.374	m	17.36	4950	0.4703
WD J151907.38-485423.83	WDJ151907.38-485423.83	229.78077	-48.90662	35.386	m	15.54	9531	0.7848
WD J191647.11+804430.04	WDJ191647.11+804430.04	289.19627	80.74168	35.419	m	17.41	5293	0.6137
WD J054839.48+132551.76	WDJ054839.48+132551.76	87.16451	13.43105	35.421	m	18.34	4064	0.479
WD J133630.61+362348.54	WDJ133630.61+362348.54	204.12752	36.39682	35.44	m	16.25	6747	0.5644
WD J230232.34-330907.96	WDJ230232.34-330907.96	345.63473	-33.15221	35.452	m	17.77	4709	0.5165
WD J192359.24+214103.62	WDJ192359.24+214103.62	290.99682	21.68432	35.458	m	14.66	8773	0.3833
WD J081325.13+195729.18	WDJ081325.13+195729.18	123.3547	19.95811	35.459	m	18.31	4084	0.4756
WD J033320.37+000720.65	WDJ033320.37+000720.65	53.33487	0.1224	35.469	m	16.39	7546	0.7995
WD J082532.35-072823.21	WDJ082532.35-072823.21	126.38478	-7.47311	35.476	m	13.96	1.537e4	0.5849
WD J071801.90+454753.07	WDJ071801.90+454753.07	109.50792	45.79807	35.487	m	15.15	1.054e4	0.7554
WD J215008.33-043900.36	WDJ215008.33-043900.36	327.53473	-4.6501	35.497	m	17.77	5457	0.839
WD J093948.69-145836.69	WDJ093948.69-145836.69	144.95286	-14.97686	35.513	m	18.21	4128	0.467
WD J180853.83-704231.62	WDJ180853.83-704231.62	272.22427	-70.70878	35.542	m	17.92	4721	0.5874
WD J155131.68-385049.90	WDJ155131.68-385049.90	237.882	-38.84719	35.565	m	17.45	5411	0.6789
WD J115612.37+131555.45	WDJ115612.37+131555.45	179.05153	13.2654	35.568	m	17.4	4769	0.4154
WD J010416.07-035025.39	WDJ010416.07-035025.39	16.06696	-3.84039	35.589	m	17.78	5369	0.8059
WD J201216.01-221023.03	WDJ201216.01-221023.03	303.06671	-22.17306	35.596	m	17.34	5654	0.719
WD J202837.91-060842.77	WDJ202837.91-060842.77	307.15795	-6.14522	35.599	m	15.21	1.133e4	0.8567
WD J024527.76-603858.32	WDJ024527.76-603858.32	41.36565	-60.64953	35.607	m	16.84	5883	0.5743
WD J001830.36-350144.71	WDJ001830.36-350144.71	4.62652	-35.02908	35.652	m	16.25	7008	0.6196
WD J031646.48-801446.19	WDJ031646.48-801446.19	49.19368	-80.24616	35.687	m	15.94	7356	0.5634
WD J233135.66+410130.68	WDJ233135.66+410130.68	352.89859	41.02519	35.688	m	13.89	1.666e4	0.6073
WD J224157.63+133239.12	WDJ224157.63+133239.12	340.49011	13.5442	35.691	m	17.16	5986	0.7453
WD J173230.79-171033.14	WDJ173230.79-171033.14	263.12831	-17.17587	35.692	m	19.41	4433	1.074
WD J175352.16+330622.62	WDJ175352.16+330622.62	268.46732	33.10628	35.704	m	13.82	1.709e4	0.6018
WD J024944.20+330725.66	WDJ024944.20+330725.66	42.43418	33.12379	35.706	m	16.99	5668	0.5616
WD J103342.76-114138.34	WDJ103342.76-114138.34	158.42818	-11.69398	35.722	m	13	2.539e4	0.6014
WD J202748.03-563031.58	WDJ202748.03-563031.58	306.95011	-56.50877	35.725	m	18.26	4139	0.4692
WD J013705.08-020738.75	WDJ013705.08-020738.75	24.27115	-2.12743	35.732	m	16.51	7311	0.7951
WD J194008.62+834857.77	WDJ194008.62+834857.77	295.03593	83.81605	35.733	m	18.27	4805	0.7803
WD J061813.08-801155.22	WDJ061813.08-801155.22	94.55449	-80.19867	35.742	m	14.88	1.34e4	0.8585
WD J052436.27-053510.52	WDJ052436.27-053510.52	81.15112	-5.58626	35.744	m	13.86	1.708e4	0.6211
WD J183856.35-535726.05	WDJ183856.35-535726.05	279.7348	-53.95724	35.755	m	17.54	5146	0.6054
WD J062620.54-185006.83	WDJ062620.54-185006.83	96.58559	-18.83523	35.792	m	16	7302	0.5724
WD J110941.28+551228.70	WDJ110941.28+551228.70	167.42199	55.20797	35.803	m	17.08	6996	0.9593
WD J131958.95-563928.42	WDJ131958.95-563928.42	199.99561	-56.65789	35.804	m	16.42	7428	0.7825
WD J140608.61-695726.60	WDJ140608.61-695726.60	211.53589	-69.95739	35.821	m	16.25	6768	0.5578
WD J080131.87+485252.55	WDJ080131.87+485252.55	120.38279	48.88126	35.831	m	17.44	5066	0.5187
WD J025017.18-224130.53	WDJ025017.18-224130.53	42.57158	-22.69181	35.833	m	17.4	5623	0.7306
WD J001347.48-393724.28	WDJ001347.48-393724.28	3.44784	-39.62341	35.839	m	17.88	4542	0.4747
WD J063931.88+243546.15	WDJ063931.88+243546.15	99.88283	24.59615	35.848	m	15.51	9899	0.813
WD J160606.17+702226.94	WDJ160606.17+702226.94	241.52571	70.37415	35.854	m	16.59	6385	0.602
WD J182228.37-653738.06	WDJ182228.37-653738.06	275.61819	-65.62724	35.866	m	17.53	5054	0.5547
WD J122619.77+183634.46	WDJ122619.77+183634.46	186.58239	18.60957	35.868	m	16.23	7972	0.8043
WD J195003.62+003357.09	WDJ195003.62+003357.09	297.5151	0.56586	35.884	m	16.84	5833	0.55
WD J140945.24+421600.65	WDJ140945.24+421600.65	212.4385	42.26685	35.891	m	15.07	9965	0.6377
WD J170054.19-690832.65	WDJ170054.19-690832.65	255.22578	-69.1424	35.896	m	16.46	7946	0.8929
WD J230550.09+392232.88	WDJ230550.09+392232.88	346.45872	39.3758	35.898	m	17.91	7154	1.207
WD J052913.45+430025.89	WDJ052913.45+430025.89	82.30605	43.00719	35.918	m	15.53	9610	0.7805
WD J132550.44-601508.04	WDJ132550.44-601508.04	201.46017	-60.25223	35.94	m	14.77	1.151e4	0.6823
WD J124155.92-133501.27	WDJ124155.92-133501.27	190.483	-13.58369	35.945	m	15.72	8850	0.741
WD J225549.47-075002.39	WDJ225549.47-075002.39	343.95614	-7.834	35.954	m	16.35	6612	0.5608
WD J130021.26+013045.42	WDJ130021.26+013045.42	195.08859	1.51262	35.973	m	17.28	5361	0.5691
WD J054457.66+260300.14	WDJ054457.66+260300.14	86.24026	26.05004	36.012	m	16.88	4778	0.2579
WD J002450.37+683446.85	WDJ002450.37+683446.85	6.20986	68.57968	36.026	m	17.47	5800	0.807
WD J102926.67+125733.40	WDJ102926.67+125733.40	157.36112	12.95928	36.034	m	17.46	5640	0.756
WD J163854.47+054041.63	WDJ163854.47+054041.63	249.72696	5.67823	36.034	m	16.33	8496	0.927
WD J083150.62-164329.97	WDJ083150.62-164329.97	127.96091	-16.72499	36.049	m	18.34	3941	0.4384
WD J050600.41+590326.89	WDJ050600.41+590326.89	76.50169	59.05747	36.06	m	19.64		
WD J061614.26-591227.41	WDJ061614.26-591227.41	94.0594	-59.20761	36.062	m	13.95	1.566e4	0.5804
WD J182347.60-112347.38	WDJ182347.60-112347.38	275.94833	-11.3965	36.084	m	17.16	5645	0.621
WD J123752.23+415624.69	WDJ123752.23+415624.69	189.46763	41.94019	36.085	m	17.13	5295	0.4725
WD J134349.01-344749.39	WDJ134349.01-344749.39	205.95422	-34.79705	36.118	m	17.28	5136	0.4703
WD J035826.49+215726.16	WDJ035826.49+215726.16	59.61039	21.95727	36.136	m	16.65	6777	0.7259
WD J105638.63-225256.08	WDJ105638.63-225256.08	164.16096	-22.88224	36.165	m	15.96	7837	0.6538
WD J094846.64+242125.88	WDJ094846.64+242125.88	147.19434	24.35719	36.201	m	14.25	1.792e4	0.7994
WD J073024.53+533211.95	WDJ073024.53+533211.95	112.60222	53.53665	36.202	m	17.94	4589	0.5143
WD J072434.96-133828.38	WDJ072434.96-133828.38	111.14568	-13.64122	36.236	m	17.75	5008	0.6246
WD J071206.15-042815.30	WDJ071206.15-042815.30	108.02563	-4.47092	36.269	m	17.47	5367	0.6496
WD J234612.48+115850.20	WDJ234612.48+115850.20	356.55202	11.98061	36.291	m	17.13	6213	0.7812
WD J231909.52-061249.96	WDJ231909.52-061249.96	349.78966	-6.21388	36.299	m	17.84	4563	0.4759
WD J105747.61-041330.16	WDJ105747.61-041330.16	164.44838	-4.22504	36.355	m	16.47	7353	0.7722
WD J054103.86+395946.22	WDJ054103.86+395946.22	85.2661	39.99617	36.388	m	17.27	5820	0.7245
WD J091228.06-264201.50	WDJ091228.06-264201.50	138.1169	-26.70042	36.388	m	16.41	1.344e4	1.268
WD J132756.43-281716.98	WDJ132756.43-281716.98	201.98512	-28.28805	36.393	m	15.95	6554	0.4144
WD J090212.89-394553.32	WDJ090212.89-394553.32	135.55372	-39.76481	36.415	m	16	8768	0.8295
WD J020614.67+183624.06	WDJ020614.67+183624.06	31.56113	18.60668	36.429	m	18.15	4285	0.4631
WD J131830.01+735318.25	WDJ131830.01+735318.25	199.62506	73.88841	36.431	m	16.86	4999	0.2917
WD J072205.61+280626.98	WDJ072205.61+280626.98	110.52337	28.1075	36.437	m	17.52	5219	0.6038
WD J113216.54-360204.95	WDJ113216.54-360204.95	173.06892	-36.03471	36.44	m	17.91	4591	0.4925
WD J092424.45-181859.87	WDJ092424.45-181859.87	141.10189	-18.31663	36.47	m	17.43	5665	0.6171
WD J092840.23+184114.96	WDJ092840.23+184114.96	142.16761	18.68749	36.477	m	16.53	7634	0.8489
WD J154053.08-485837.95	WDJ154053.08-485837.95	235.22118	-48.97721	36.478	m	17.81	4830	0.5639
WD J141215.41+153253.03	WDJ141215.41+153253.03	213.0642	15.54806	36.482	m	17.89	4985	0.6698
WD J165538.91+253346.61	WDJ165538.91+253346.61	253.91214	25.56295	36.492	m	16.97	1.145e4	1.291
WD J230056.46+640815.95	WDJ230056.46+640815.95	345.23524	64.13777	36.501	m	17.94	4591	0.4987
WD J234816.77-442811.76	WDJ234816.77-442811.76	357.06986	-44.46993	36.505	m	17.68	5496	0.7867
WD J162224.44-551132.01	WDJ162224.44-551132.01	245.60182	-55.19223	36.512	m	17.25	5397	0.5582
WD J005445.95+225610.59	WDJ005445.95+225610.59	13.69147	22.93627	36.529	m	16.14	9654	0.9979
WD J194923.50+074731.69	WDJ194923.50+074731.69	297.34793	7.79214	36.534	m	15.37	9245	0.6436
WD J222933.96+232742.24	WDJ222933.96+232742.24	337.39151	23.46173	36.536	m	17.81	5064	0.6581
WD J054615.61+111558.70	WDJ054615.61+111558.70	86.56505	11.2663	36.543	m	17.68	4902	0.5326
WD J225335.70-143828.19	WDJ225335.70-143828.19	343.39876	-14.64116	36.557	m	17.51	5324	0.642
WD J225725.27+513008.56	WDJ225725.27+513008.56	344.35529	51.50238	36.564	m	16.73	7125	0.8178
WD J174708.31+285909.76	WDJ174708.31+285909.76	266.7846	28.98605	36.576	m	17.5	4832	0.4477
WD J111815.06-031405.57	WDJ111815.06-031405.57	169.56277	-3.23488	36.59	m	15.28	9900	0.6991
WD J031225.70-644410.89	WDJ031225.70-644410.89	48.10709	-64.73636	36.595	m	13.32	1.206e4	0.3093
WD J192938.65+111752.41	WDJ192938.65+111752.41	292.41104	11.29789	36.596	m	13.49	2.041e4	0.5942
WD J014511.23+313243.56	WDJ014511.23+313243.56	26.2968	31.54544	36.618	m	14.74	8965	0.4081
WD J041921.11-093429.44	WDJ041921.11-093429.44	64.83796	-9.57485	36.658	m	17.31	5989	0.7901
WD J140556.01+664802.01	WDJ140556.01+664802.01	211.48337	66.80056	36.708	m	18.4	3924	0.4396
WD J213957.13-124549.09	WDJ213957.13-124549.09	324.98805	-12.76363	36.745	m	16.41	7914	0.844
WD J030850.43+512822.32	WDJ030850.43+512822.32	47.21011	51.47287	36.752	m	17.49	5225	0.5817
WD J160027.92-131949.93	WDJ160027.92-131949.93	240.11635	-13.33053	36.766	m	17.65	5006	0.5596
WD J164951.45-215503.96	WDJ164951.45-215503.96	252.46437	-21.91777	36.766	m	17.54	5129	0.5662
WD J172239.79-355441.65	WDJ172239.79-355441.65	260.6658	-35.91157	36.789	m	16.75	7098	0.8239
WD J133601.82+482846.25	WDJ133601.82+482846.25	204.00759	48.47951	36.861	m	14.07	1.485e4	0.5608
WD J155226.38+181018.69	WDJ155226.38+181018.69	238.10991	18.17186	36.871	m	14.82	1.481e4	0.8645
WD J104019.70+100400.78	WDJ104019.70+100400.78	160.08207	10.06688	36.88	m	17.08	6118	0.7204
WD J004434.77-114836.05	WDJ004434.77-114836.05	11.14486	-11.81001	36.924	m	17.4	5406	0.6132
WD J040242.39+152742.47	WDJ040242.39+152742.47	60.67661	15.4618	36.93	m	16.62	7278	0.8088
WD J002702.93+055433.40	WDJ002702.93+055433.40	6.76221	5.90928	36.959	m	18.02	5172	0.7946
WD J215759.55+270519.13	WDJ215759.55+270519.13	329.49813	27.08865	36.968	m	17.83	4538	0.442
WD J065910.86+122526.52	WDJ065910.86+122526.52	104.79525	12.42403	36.975	m	17.57	4997	0.5167
WD J025328.32+375959.38	WDJ025328.32+375959.38	43.368	37.99983	37.029	m	16.45	6572	0.5632
WD J063235.80+555903.12	WDJ063235.80+555903.12	98.14918	55.9842	37.039	m	15.86	9996	0.9309
WD J025332.00-654559.93	WDJ025332.00-654559.93	43.38333	-65.76665	37.049	m	17.1	5451	0.5013
WD J171436.16-161243.30	WDJ171436.16-161243.30	258.65067	-16.21203	37.061	m	15.95	1.113e4	1.065
WD J174620.41-123425.48	WDJ174620.41-123425.48	266.58503	-12.57374	37.066	m	17.2	6066	0.754
WD J044105.03-151903.44	WDJ044105.03-151903.44	70.27096	-15.31762	37.078	m	16.87	5978	0.5794
WD J191316.54+294928.33	WDJ191316.54+294928.33	288.31892	29.82454	37.081	m	16.94	6197	0.6735
WD J101039.30-471729.83	WDJ101039.30-471729.83	152.66375	-47.29162	37.113	m	17.15	5853	0.6622
WD J192002.82-361102.65	WDJ192002.82-361102.65	290.01174	-36.18407	37.125	m	13.57	2.068e4	0.6168
WD J070555.11-505255.45	WDJ070555.11-505255.45	106.47961	-50.88207	37.126	m	16.83	6330	0.6671
WD J072300.22+161703.98	WDJ072300.22+161703.98	110.75092	16.28444	37.176	m	15.08	1.173e4	0.8043
WD J075252.85-030707.97	WDJ075252.85-030707.97	118.22022	-3.11888	37.177	m	18	4549	0.4963
WD J234300.85-644737.90	WDJ234300.85-644737.90	355.75352	-64.79386	37.186	m	17	5798	0.5761
WD J063229.37+223004.62	WDJ063229.37+223004.62	98.12239	22.50128	37.188	m	17.25	5449	0.5596
WD J094806.16+202315.28	WDJ094806.16+202315.28	147.02569	20.38757	37.204	m	17.8	4909	0.5755
WD J233852.80-182612.68	WDJ233852.80-182612.68	354.72001	-18.43685	37.208	m	15.49	7901	0.4637
WD J173351.73-250759.90	WDJ173351.73-250759.90	263.46554	-25.1333	37.259	m	17.41	5597	0.6876
WD J125508.46+465518.88	WDJ125508.46+465518.88	193.78525	46.92191	37.26	m	18.4	4716	0.7529
WD J220655.28-600135.32	WDJ220655.28-600135.32	331.73032	-60.02648	37.288	m	17.54	5043	0.5173
WD J060236.71+090423.60	WDJ060236.71+090423.60	90.65294	9.07322	37.303	m	16.84	5956	0.5517
WD J202956.94-643420.13	WDJ202956.94-643420.13	307.48723	-64.57226	37.332	m	16.26	7749	0.739
WD J120003.37+433541.71	WDJ120003.37+433541.71	180.01406	43.59492	37.333	m	15.7	7887	0.5248
WD J042313.75+574526.76	WDJ042313.75+574526.76	65.80727	57.75743	37.362	m	16.56	7583	0.8269
WD J022724.62+180724.03	WDJ022724.62+180724.03	36.85259	18.12334	37.417	m	15.5	8540	0.5553
WD J165940.02+320320.46	WDJ165940.02+320320.46	254.91675	32.05568	37.432	m	17.35	6407	0.8959
WD J004056.17-080908.56	WDJ004056.17-080908.56	10.23405	-8.15238	37.434	m	17.21	6080	0.7547
WD J094052.75-423225.46	WDJ094052.75-423225.46	145.21978	-42.54041	37.436	m	17.2	5995	0.7254
WD J050836.43-152312.42	WDJ050836.43-152312.42	77.15177	-15.38678	37.437	m	17.61	5167	0.5997
WD J173404.42+442303.09	WDJ173404.42+442303.09	263.51842	44.38419	37.466	m	17.7	5131	0.6192
WD J134532.97+420043.66	WDJ134532.97+420043.66	206.38737	42.01213	37.469	m	17.05	4639	0.2387
WD J122048.70+091413.08	WDJ122048.70+091413.08	185.20292	9.23697	37.479	m	19.61	5752	1.324
WD J154605.44+375127.50	WDJ154605.44+375127.50	236.52266	37.85764	37.485	m	14.49	1.329e4	0.6392
WD J065845.23-011552.84	WDJ065845.23-011552.84	104.68845	-1.26468	37.485	m	17.87	4940	0.614
WD J160420.47-133123.84	WDJ160420.47-133123.84	241.0853	-13.52329	37.502	m	17.42	5008	0.4673
WD J225338.11+813039.98	WDJ225338.11+813039.98	343.40878	81.51111	37.512	m	17.65	5295	0.6645
WD J121724.77-632945.73	WDJ121724.77-632945.73	184.35319	-63.49604	37.518	m	16.04	8556	0.7875
WD J152926.39-141614.44	WDJ152926.39-141614.44	232.35997	-14.27068	37.523	m	17.85	5267	0.7436
WD J111640.38+062702.67	WDJ111640.38+062702.67	169.16827	6.45074	37.525	m	16.62	6262	0.5442
WD J042556.87+461419.44	WDJ042556.87+461419.44	66.48694	46.23873	37.546	m	18.62	4479	0.7388
WD J104153.78+141548.69	WDJ104153.78+141548.69	160.47408	14.26352	37.548	m	16.44	7526	0.7641
WD J175554.31-245648.94	WDJ175554.31-245648.94	268.97629	-24.94693	37.565	m	14.86	1.3e4	0.7864
WD J172006.79+102227.98	WDJ172006.79+102227.98	260.02829	10.37444	37.596	m	17.65	5023	0.543
WD J135122.69-273357.82	WDJ135122.69-273357.82	207.84453	-27.56606	37.607	m	15.12	9700	0.5846
WD J012833.83+135122.04	WDJ012833.83+135122.04	22.14096	13.85612	37.636	m	14.32	1.309e4	0.5603
WD J181608.87+245442.85	WDJ181608.87+245442.85	274.03695	24.9119	37.639	m	16.82	6800	0.7653
WD J095953.92-502717.75	WDJ095953.92-502717.75	149.97467	-50.45493	37.642	m	16.51	6949	0.6636
WD J153044.96-620304.10	WDJ153044.96-620304.10	232.68735	-62.05114	37.65	m	17.23	5879	0.6903
WD J160112.71+531659.84	WDJ160112.71+531659.84	240.30295	53.28329	37.663	m	16.47	6723	0.5892
WD J075447.40-241527.71	WDJ075447.40-241527.71	118.69751	-24.2577	37.675	m	17.23	5942	0.7156
WD J224600.88-060947.02	WDJ224600.88-060947.02	341.50365	-6.16306	37.676	m	20.45		
WD J062006.01+420544.38	WDJ062006.01+420544.38	95.02505	42.09566	37.677	m	17	6716	0.8221
WD J022704.24+591502.04	WDJ022704.24+591502.04	36.76766	59.25057	37.693	m	15.95	7361	0.5122
WD J025617.20+495441.87	WDJ025617.20+495441.87	44.07165	49.91163	37.723	m	17.1	5983	0.6608
WD J223418.67-553403.40	WDJ223418.67-553403.40	338.5778	-55.56761	37.725	m	17.87	4687	0.4851
WD J003713.77-281449.81	WDJ003713.77-281449.81	9.30736	-28.24717	37.739	m	17.62	5472	0.719
WD J105443.32+270657.04	WDJ105443.32+270657.04	163.68049	27.11584	37.755	m	14.08	2.25e4	0.8635
WD J091216.42+253822.40	WDJ091216.42+253822.40	138.06842	25.63955	37.781	m	16.63	6495	0.6041
WD J154937.89-395455.21	WDJ154937.89-395455.21	237.40789	-39.91534	37.797	m	14.4	1.361e4	0.608
WD J142254.17-460549.72	WDJ142254.17-460549.72	215.72573	-46.09714	37.81	m	16.94	6616	0.7724
WD J221153.92+564946.77	WDJ221153.92+564946.77	332.97466	56.82966	37.831	m	14.13	1.683e4	0.6579
WD J203100.56-145041.38	WDJ203100.56-145041.38	307.75232	-14.84483	37.848	m	18.34	4700	0.7066
WD J163626.53-873706.08	WDJ163626.53-873706.08	249.11056	-87.61835	37.855	m	17.49	5804	0.7758
WD J031642.12+393222.85	WDJ031642.12+393222.85	49.17551	39.53968	37.862	m	15.75	9403	0.7872
WD J231726.74+183052.75	WDJ231726.74+183052.75	349.36141	18.51465	37.865	m	19.35	4843	1.135
WD J060231.11+155304.77	WDJ060231.11+155304.77	90.62961	15.88466	37.886	m	16.74	6980	0.7681
WD J124112.37-243428.54	WDJ124112.37-243428.54	190.30155	-24.5746	37.91	m	16.96	6688	0.7946
WD J090217.30-040655.48	WDJ090217.30-040655.48	135.57208	-4.11541	37.921	m	13.17	2.38e4	0.5649
WD J154835.89+570826.43	WDJ154835.89+570826.43	237.14956	57.14068	37.925	m	17.35	5912	0.7454
WD J064926.55+752124.97	WDJ064926.55+752124.97	102.36064	75.35694	37.933	m	16.93	6437	0.7163
WD J110844.12+080139.68	WDJ110844.12+080139.68	167.18381	8.02769	37.937	m	16.03	7558	0.5865
WD J130317.88+260313.51	WDJ130317.88+260313.51	195.82452	26.05375	37.955	m	18.38	4339	0.5526
WD J202157.83+545438.25	WDJ202157.83+545438.25	305.49096	54.91062	37.956	m	17.24	6105	0.7517
WD J221217.96-142945.98	WDJ221217.96-142945.98	333.07483	-14.4961	37.985	m	15	7742	0.3209
WD J222547.07+635727.37	WDJ222547.07+635727.37	336.44613	63.9576	37.986	m	17.48	5121	0.4987
WD J084257.61+240930.84	WDJ084257.61+240930.84	130.74003	24.15857	37.988	m	17.03	5812	0.5749
WD J025007.11+081753.42	WDJ025007.11+081753.42	42.52962	8.29817	38.001	m	17.98	4623	0.4982
WD J011044.68+275815.74	WDJ011044.68+275815.74	17.68616	27.97104	38.005	m	16.15	6284	0.3957
WD J220052.62+582202.29	WDJ220052.62+582202.29	330.21925	58.3673	38.036	m	17.32	5512	0.5867
WD J055900.95-041426.99	WDJ055900.95-041426.99	89.75396	-4.24083	38.037	m	16.98	6136	0.6534
WD J121456.38-023402.84	WDJ121456.38-023402.84	183.73493	-2.56746	38.045	m	17.81	5345	0.746
WD J121616.94-375848.13	WDJ121616.94-375848.13	184.07057	-37.98003	38.054	m	18.15	4463	0.5024
WD J175325.53-840510.03	WDJ175325.53-840510.03	268.35636	-84.08612	38.073	m	17.8	5111	0.6416
WD J000331.63-164358.41	WDJ000331.63-164358.41	0.88178	-16.73289	38.084	m	14.61	1.314e4	0.6661
WD J045722.54+415556.48	WDJ045722.54+415556.48	74.34392	41.93236	38.111	m	14.02	1.427e4	0.4948
WD J030616.69+622222.45	WDJ030616.69+622222.45	46.56955	62.3729	38.13	m	14.99	1.103e4	0.6785
WD J123322.45+060711.07	WDJ123322.45+060711.07	188.34355	6.11974	38.139	m	17.74	5473	0.7615
WD J112521.40+211114.77	WDJ112521.40+211114.77	171.33916	21.18744	38.144	m	16.89	6324	0.6623
WD J085804.42+681338.66	WDJ085804.42+681338.66	134.51842	68.2274	38.159	m	18.12	4740	0.6156
WD J171835.16+015653.21	WDJ171835.16+015653.21	259.64652	1.94811	38.166	m	14.4	1.268e4	0.5563
WD J085830.87+412635.75	WDJ085830.87+412635.75	134.62862	41.44326	38.17	m	16.85	7097	0.8349
WD J013055.01+441423.29	WDJ013055.01+441423.29	22.72923	44.2398	38.172	m	17.77	4964	0.5589
WD J092430.85+312033.52	WDJ092430.85+312033.52	141.12855	31.34264	38.189	m	17.97	4802	0.5772
WD J151552.91+664242.88	WDJ151552.91+664242.88	228.97044	66.71191	38.221	m	15.42	1.03e4	0.7692
WD J111912.40+022033.05	WDJ111912.40+022033.05	169.80166	2.34251	38.24	m	14.63	1.216e4	0.6257
WD J165538.10-232555.73	WDJ165538.10-232555.73	253.90875	-23.43215	38.243	m	16.47	6994	0.6486
WD J015939.37+154847.62	WDJ015939.37+154847.62	29.91403	15.81323	38.245	m	15.76	9766	0.8381
WD J151534.80+823028.99	WDJ151534.80+823028.99	228.895	82.50805	38.266	m	18.16	4481	0.5074
WD J015825.83+253051.31	WDJ015825.83+253051.31	29.60764	25.51425	38.272	m	18.36	3761	0.3436
WD J090208.37+201051.57	WDJ090208.37+201051.57	135.53487	20.18099	38.279	m	17.78	4145	0.2731
WD J142054.81-090508.76	WDJ142054.81-090508.76	215.22839	-9.08577	38.292	m	15.31	7785	0.3972
WD J022300.22+554427.86	WDJ022300.22+554427.86	35.7509	55.74107	38.297	m	16.86	6993	0.8096
WD J003325.28+250613.99	WDJ003325.28+250613.99	8.35535	25.10389	38.306	m	16.81	6237	0.5957
WD J012953.18-322425.86	WDJ012953.18-322425.86	22.4716	-32.40718	38.307	m	16.65	6721	0.6591
WD J052844.01-430449.21	WDJ052844.01-430449.21	82.18337	-43.08033	38.328	m	16.09	1.054e4	1.037
WD J074725.88+440848.32	WDJ074725.88+440848.32	116.85781	44.14676	38.329	m	14.91	1.52e4	0.8887
WD J110709.72+144654.40	WDJ110709.72+144654.40	166.7905	14.78178	38.331	m	16.52	6662	0.5831
WD J210745.04+074044.48	WDJ210745.04+074044.48	316.93768	7.67902	38.355	m	16.34	7103	0.6104
WD J012923.99+510846.97	WDJ012923.99+510846.97	22.34998	51.14638	38.366	m	13.54	2.209e4	0.6257
WD J210222.23-482749.59	WDJ210222.23-482749.59	315.59262	-48.46378	38.383	m	14.97	8869	0.4284
WD J144528.47+292132.07	WDJ144528.47+292132.07	221.36864	29.35891	38.385	m	14.51	1.244e4	0.5847
WD J031057.60+663402.63	WDJ031057.60+663402.63	47.74001	66.5674	38.397	m	17.89	4681	0.4715
WD J161916.31-183114.19	WDJ161916.31-183114.19	244.81796	-18.52061	38.416	m	17.98	5666	0.9234
WD J144528.12+292124.29	WDJ144528.12+292124.29	221.36715	29.35675	38.418	m	17.36	5418	0.5627
WD J195119.15+420941.40	WDJ195119.15+420941.40	297.82978	42.1615	38.419	m	17.75	5109	0.6034
WD J200850.81-161943.62	WDJ200850.81-161943.62	302.21171	-16.32878	38.443	m	17.75	5697	0.8417
WD J175931.34-620108.87	WDJ175931.34-620108.87	269.88057	-62.01913	38.448	m	15.99	1.622e4	1.225
WD J050532.42-173137.28	WDJ050532.42-173137.28	76.3851	-17.52702	38.451	m	17.09	6124	0.6894
WD J200707.98-673442.18	WDJ200707.98-673442.18	301.78325	-67.57838	38.46	m	16.46	7768	0.7998
WD J033634.09-221524.08	WDJ033634.09-221524.08	54.14204	-22.25669	38.461	m	16.96	5922	0.5672
WD J171620.72-082118.60	WDJ171620.72-082118.60	259.08635	-8.35517	38.464	m	16.77	6180	0.5623
WD J222233.82+122142.65	WDJ222233.82+122142.65	335.64092	12.36185	38.467	m	18.37	4196	0.465
WD J171952.83-013001.84	WDJ171952.83-013001.84	259.97012	-1.50051	38.475	m	18.09	4560	0.5084
WD J210646.77+010635.24	WDJ210646.77+010635.24	316.69488	1.10979	38.475	m	16.86	6096	0.5764
WD J022348.96+205553.90	WDJ022348.96+205553.90	35.95399	20.93164	38.482	m	18.16	4420	0.4726
WD J202016.78-652523.10	WDJ202016.78-652523.10	305.06994	-65.42308	38.482	m	17.16	6342	0.778
WD J231732.63-460816.77	WDJ231732.63-460816.77	349.38597	-46.13799	38.484	m	19.32		
WD J182359.62+202248.81	WDJ182359.62+202248.81	275.9984	20.38022	38.486	m	17.84	4996	0.5946
WD J051530.10+502141.72	WDJ051530.10+502141.72	78.8754	50.36159	38.516	m	15.23	9584	0.5887
WD J223055.62+152353.66	WDJ223055.62+152353.66	337.73173	15.39824	38.53	m	17.67	5378	0.6789
WD J025759.87-302709.99	WDJ025759.87-302709.99	44.49947	-30.45277	38.534	m	16.8	6173	0.5727
WD J172413.32+275655.30	WDJ172413.32+275655.30	261.05549	27.9487	38.556	m	17.31	5983	0.7365
WD J050615.82+144830.29	WDJ050615.82+144830.29	76.56592	14.80841	38.577	m	14.1	1.555e4	0.5746
WD J064430.17+273111.39	WDJ064430.17+273111.39	101.12572	27.51983	38.578	m	16.94	6833	0.7997
WD J141622.47-653126.81	WDJ141622.47-653126.81	214.09362	-65.52412	38.586	m	16.38	8609	0.899
WD J032631.46+155714.79	WDJ032631.46+155714.79	51.6311	15.95411	38.589	m	17.42	5669	0.6809
WD J091602.69+101110.69	WDJ091602.69+101110.69	139.0112	10.1863	38.606	m	15.74	9461	0.7803
WD J181311.31-860811.23	WDJ181311.31-860811.23	273.29712	-86.13645	38.61	m	17.79	4948	0.5493
WD J134441.03-650942.13	WDJ134441.03-650942.13	206.17094	-65.1617	38.614	m	17.76	4789	0.4799
WD J002949.72-544133.01	WDJ002949.72-544133.01	7.45717	-54.6925	38.632	m	16.06	7253	0.5114
WD J185934.75-162656.29	WDJ185934.75-162656.29	284.89478	-16.44897	38.675	m	15.87	7995	0.589
WD J105220.53-160804.18	WDJ105220.53-160804.18	163.08555	-16.1345	38.694	m	14.39	1.93e4	0.8516
WD J013246.67+460458.78	WDJ013246.67+460458.78	23.19445	46.08299	38.702	m	15	1.047e4	0.6109
WD J202221.70+833355.41	WDJ202221.70+833355.41	305.5904	83.56539	38.711	m	17.19	5967	0.6749
WD J013538.69-543528.10	WDJ013538.69-543528.10	23.9112	-54.59114	38.722	m	18.06	4628	0.5228
WD J204832.02+511047.25	WDJ204832.02+511047.25	312.1334	51.17979	38.731	m	17.84	4902	0.5405
WD J212042.15+581923.35	WDJ212042.15+581923.35	320.17564	58.32315	38.763	m	15.89	8159	0.6128
WD J012137.80+344042.98	WDJ012137.80+344042.98	20.40748	34.6786	38.789	m	16.61	7494	0.7975
WD J174554.56-131755.39	WDJ174554.56-131755.39	266.47733	-13.29872	38.798	m	14.58	1.19e4	0.5729
WD J001333.22-021319.42	WDJ001333.22-021319.42	3.38843	-2.22206	38.822	m	18.08	4450	0.4656
WD J031330.78-424243.22	WDJ031330.78-424243.22	48.37824	-42.71201	38.862	m	17.76	4993	0.5526
WD J122724.28+315024.04	WDJ122724.28+315024.04	186.85115	31.84001	38.879	m	16.57	6547	0.5592
WD J110318.84+393558.35	WDJ110318.84+393558.35	165.82851	39.59954	38.88	m	17.71	4860	0.462
WD J081716.19-680838.31	WDJ081716.19-680838.31	124.31748	-68.14398	38.882	m	18.16	4443	0.4745
WD J052656.11+443538.77	WDJ052656.11+443538.77	81.7338	44.5941	38.89	m	17.96	4680	0.4909
WD J023114.82+081023.71	WDJ023114.82+081023.71	37.81176	8.17325	38.908	m	17.17	5981	0.6666
WD J055802.46-722848.43	WDJ055802.46-722848.43	89.51027	-72.48012	38.91	m	17.02	6855	0.8331
WD J174746.92-520710.89	WDJ174746.92-520710.89	266.94551	-52.11969	38.92	m	15.67	1.485e4	1.115
WD J031124.57-085324.98	WDJ031124.57-085324.98	47.85238	-8.89027	38.961	m	17.61	5101	0.5308
WD J114901.67-405114.98	WDJ114901.67-405114.98	177.25694	-40.85416	38.973	m	18.19	4292	0.4482
WD J065729.40+055047.87	WDJ065729.40+055047.87	104.3725	5.84663	39.005	m	17.27	6148	0.7591
WD J131730.86+483333.05	WDJ131730.86+483333.05	199.37859	48.55918	39.012	m	17.13	5798	0.5835
WD J223607.66-014059.65	WDJ223607.66-014059.65	339.03194	-1.68323	39.017	m	15.7	1.002e4	0.8306
WD J213517.95+463318.21	WDJ213517.95+463318.21	323.82477	46.55506	39.031	m	17.79	4909	0.5093
WD J162125.64-055219.84	WDJ162125.64-055219.84	245.35682	-5.87218	39.04	m	17.88	4667	0.4707
WD J143826.23-560110.20	WDJ143826.23-560110.20	219.60931	-56.0195	39.041	m	16.25	8791	0.8748
WD J073326.40-445325.34	WDJ073326.40-445325.34	113.36	-44.89037	39.065	m	15.34	9409	0.5957
WD J181539.13-114041.83	WDJ181539.13-114041.83	273.91305	-11.67829	39.068	m	17.81	5030	0.586
WD J061848.64+620425.54	WDJ061848.64+620425.54	94.70268	62.07376	39.082	m	18.05	4768	0.5737
WD J020847.22+251409.97	WDJ020847.22+251409.97	32.19675	25.2361	39.083	m	13.23	1.693e4	0.407
WD J200632.25-210142.90	WDJ200632.25-210142.90	301.63436	-21.02858	39.093	m	17.63	5118	0.5425
WD J232418.87+283554.82	WDJ232418.87+283554.82	351.07863	28.59856	39.099	m	16.29	7251	0.5954
WD J103706.75-441236.96	WDJ103706.75-441236.96	159.27813	-44.21027	39.104	m	17.11	5683	0.5376
WD J052950.25+523953.39	WDJ052950.25+523953.39	82.45939	52.66483	39.121	m	15.66	2.118e4	1.242
WD J102251.75+390414.73	WDJ102251.75+390414.73	155.71561	39.07076	39.122	m	17.3	6371	0.8301
WD J191435.99+142825.88	WDJ191435.99+142825.88	288.64996	14.47386	39.124	m	16.71	6842	0.6908
WD J075508.95-144550.95	WDJ075508.95-144550.95	118.78731	-14.76415	39.144	m	13.55	1.108e4	0.2893
WD J074508.95+262706.45	WDJ074508.95+262706.45	116.28729	26.45179	39.158	m	18.71	3790	0.4615
WD J174512.54-215309.25	WDJ174512.54-215309.25	266.30225	-21.8859	39.198	m	18.38	3977	0.4018
WD J175919.66+392504.95	WDJ175919.66+392504.95	269.83191	39.41804	39.209	m	18.06	4570	0.475
WD J095021.80+150909.69	WDJ095021.80+150909.69	147.59083	15.15269	39.213	m	17.41	5418	0.5668
WD J173837.46-342729.28	WDJ173837.46-342729.28	264.65607	-34.45813	39.236	m	17.8	4825	0.4768
WD J204911.00-544617.50	WDJ204911.00-544617.50	312.29585	-54.77153	39.248	m	15.99	7552	0.5393
WD J183358.35+194552.99	WDJ183358.35+194552.99	278.49312	19.76472	39.264	m	16.34	7694	0.7118
WD J003036.62-685458.25	WDJ003036.62-685458.25	7.65257	-68.91618	39.278	m	15.73	8785	0.6492
WD J163058.32-281815.48	WDJ163058.32-281815.48	247.74302	-28.3043	39.288	m	18.5	3952	0.4335
WD J053916.45+435234.70	WDJ053916.45+435234.70	84.81855	43.8763	39.319	m	17.27	6098	0.7372
WD J135118.41+425316.90	WDJ135118.41+425316.90	207.82669	42.88803	39.322	m	16.84	7088	0.7974
WD J042926.24-044845.62	WDJ042926.24-044845.62	67.35932	-4.81267	39.338	m	14.5	1.41e4	0.6445
WD J081642.04+213735.82	WDJ081642.04+213735.82	124.17517	21.62662	39.352	m	16.85	6128	0.5599
WD J090912.98-224625.86	WDJ090912.98-224625.86	137.30409	-22.77385	39.355	m	18.28	4461	0.5275
WD J221800.59+560214.92	WDJ221800.59+560214.92	334.50246	56.03748	39.361	m	18.03	4413	0.4219
WD J183352.68+321757.25	WDJ183352.68+321757.25	278.46949	32.29924	39.377	m	16.06	8254	0.6915
WD J115403.49-310145.29	WDJ115403.49-310145.29	178.51453	-31.02925	39.386	m	17.11	6237	0.7058
WD J100936.36+635837.35	WDJ100936.36+635837.35	152.40152	63.97704	39.396	m	13.75	1.968e4	0.6012
WD J170530.44+480312.36	WDJ170530.44+480312.36	256.37683	48.05343	39.405	m	14.39	8918	0.295
WD J192206.20+023313.29	WDJ192206.20+023313.29	290.52583	2.55369	39.405	m	19.12	6053	1.274
WD J080440.63+223949.68	WDJ080440.63+223949.68	121.1693	22.6638	39.41	m	17.66	5269	0.6119
WD J130744.29-792511.64	WDJ130744.29-792511.64	196.93456	-79.4199	39.42	m	18.15	4671	0.5639
WD J233856.32+210118.30	WDJ233856.32+210118.30	354.73466	21.02175	39.422	m	17.68	5242	0.6073
WD J200610.36-435554.45	WDJ200610.36-435554.45	301.54318	-43.93179	39.427	m	15.68	9131	0.6859
WD J124030.49+180728.84	WDJ124030.49+180728.84	190.12705	18.12468	39.428	m	17.44	5352	0.5485
WD J213424.51+365519.95	WDJ213424.51+365519.95	323.60214	36.92221	39.439	m	16.33	7556	0.6675
WD J022157.89+044517.91	WDJ022157.89+044517.91	35.49119	4.75498	39.447	m	16.39	7262	0.6422
WD J170530.97+480310.27	WDJ170530.97+480310.27	256.37905	48.05285	39.452	m	14.53	1.422e4	0.6575
WD J105915.98-281955.96	WDJ105915.98-281955.96	164.81659	-28.33221	39.457	m	16.66	6652	0.6186
WD J140644.61+313022.68	WDJ140644.61+313022.68	211.68589	31.5063	39.46	m	17.96	4792	0.5318
WD J181909.96-193438.00	WDJ181909.96-193438.00	274.79149	-19.57722	39.482	m	18.18	4198	0.3995
WD J090734.25-360907.93	WDJ090734.25-360907.93	136.89269	-36.1522	39.496	m	17.57	5217	0.5488
WD J201722.68-401043.73	WDJ201722.68-401043.73	304.3445	-40.17882	39.499	m	17.8	4967	0.5407
WD J185709.09-265059.22	WDJ185709.09-265059.22	284.28787	-26.84978	39.509	m	16.36	7020	0.5713
WD J233145.31-665607.80	WDJ233145.31-665607.80	352.93879	-66.9355	39.514	m	16.15	7658	0.6199
WD J034646.52+245602.67	WDJ034646.52+245602.67	56.69382	24.93407	39.535	m	18.57	4067	0.4759
WD J230303.62+463241.98	WDJ230303.62+463241.98	345.7651	46.54499	39.536	m	18.32	4749	0.6683
WD J225257.98+392817.40	WDJ225257.98+392817.40	343.24158	39.4715	39.548	m	17.93	4898	0.5554
WD J173800.77-311237.21	WDJ173800.77-311237.21	264.50324	-31.21033	39.557	m	18.15	4663	0.5566
WD J055118.71-260912.89	WDJ055118.71-260912.89	87.82796	-26.15358	39.563	m	17.18	4752	0.2731
WD J173337.18+290338.04	WDJ173337.18+290338.04	263.40492	29.06057	39.567	m	17.02	6594	0.754
WD J171450.80+391837.43	WDJ171450.80+391837.43	258.71167	39.3104	39.583	m	16.29	6694	0.4655
WD J221851.14+483929.00	WDJ221851.14+483929.00	334.71309	48.65806	39.585	m	15.99	7206	0.4666
WD J013914.39-334903.32	WDJ013914.39-334903.32	24.80995	-33.81759	39.591	m	17.07	6742	0.8133
WD J101341.21-523400.86	WDJ101341.21-523400.86	153.4217	-52.56691	39.598	m	16.64	6918	0.6691
WD J114352.16-013149.34	WDJ114352.16-013149.34	175.96733	-1.53037	39.612	m	17.16	6556	0.8085
WD J055808.89-542804.68	WDJ055808.89-542804.68	89.53705	-54.46797	39.612	m	17.9	4850	0.5311
WD J051942.85-701401.50	WDJ051942.85-701401.50	79.92856	-70.23375	39.645	m	17.97	4539	0.4442
WD J053446.50-524150.29	WDJ053446.50-524150.29	83.69376	-52.6973	39.667	m	17.1	5979	0.6171
WD J063629.99+405428.14	WDJ063629.99+405428.14	99.12497	40.90782	39.669	m	16.67	7826	0.8652
WD J021457.04+774559.88	WDJ021457.04+774559.88	33.73765	77.76663	39.683	m	18.31	4798	0.6896
WD J182951.89-053623.17	WDJ182951.89-053623.17	277.4662	-5.60643	39.69	m	17.38	5602	0.6144
WD J101047.91-242710.93	WDJ101047.91-242710.93	152.69964	-24.45304	39.704	m	15.2	2.165e4	1.151
WD J124828.17-102857.82	WDJ124828.17-102857.82	192.1174	-10.48273	39.707	m	16.81	7540	0.8711
WD J131747.24-112106.03	WDJ131747.24-112106.03	199.44685	-11.35167	39.709	m	15.57	9052	0.6218
WD J042731.73-070802.80	WDJ042731.73-070802.80	66.8822	-7.13411	39.734	m	16.74	7056	0.7398
WD J021733.53+570647.35	WDJ021733.53+570647.35	34.38969	57.11315	39.749	m	13.64	2.226e4	0.6422
WD J220751.81+342845.79	WDJ220751.81+342845.79	331.96587	34.47939	39.753	m	15.15	1.029e4	0.6185
WD J133807.43-680434.65	WDJ133807.43-680434.65	204.53096	-68.07629	39.782	m	15.58	8832	0.5864
WD J182021.81+261936.58	WDJ182021.81+261936.58	275.09088	26.32683	39.784	m	18.23	4863	0.68
WD J014258.08+073045.39	WDJ014258.08+073045.39	25.74201	7.51261	39.802	m	17.4	5553	0.5991
WD J102203.66+824310.00	WDJ102203.66+824310.00	155.51524	82.71944	39.819	m	17.9	5600	0.832
WD J030407.15-782454.62	WDJ030407.15-782454.62	46.02979	-78.41517	39.825	m	17.4	5363	0.5257
WD J070549.32+514250.52	WDJ070549.32+514250.52	106.45549	51.71403	39.833	m	18.04	5084	0.6943
WD J182952.07-053622.88	WDJ182952.07-053622.88	277.46697	-5.60636	39.846	m	16.82	6731	0.6971
WD J214023.96-363757.44	WDJ214023.96-363757.44	325.09985	-36.63262	39.849	m	15.97	1.413e4	1.161
WD J050243.44-552635.24	WDJ050243.44-552635.24	75.68099	-55.44312	39.87	m	16.28	7932	0.7196
WD J110446.88-183713.12	WDJ110446.88-183713.12	166.19534	-18.62031	39.877	m	15.91	8125	0.6016
WD J083123.38+333148.95	WDJ083123.38+333148.95	127.8474	33.53026	39.888	m	17.32	5764	0.6429
WD J111536.96+003317.11	WDJ111536.96+003317.11	168.904	0.55475	39.892	m	17.27	5051	0.3916
WD J195151.76+402629.07	WDJ195151.76+402629.07	297.96565	40.44141	39.948	m	18.11	5049	0.7055
WD J182458.45+121316.82	WDJ182458.45+121316.82	276.24354	12.22134	39.967	m	18.53	3957	0.4297
WD J202030.93-420256.74	WDJ202030.93-420256.74	305.12887	-42.04909	39.969	m	16.56	7380	0.729
WD J081200.29-610809.79	WDJ081200.29-610809.79	123.00119	-61.13605	39.97	m	17.09	6261	0.6917
WD J001339.15+001924.58	WDJ001339.15+001924.58	3.41313	0.3235	39.996	m	15.34	9528	0.5917
WD J230812.71+241425.53	WDJ230812.71+241425.53	347.05295	24.24043	39.996	m	17.84	4898	0.51
WD J184733.18+282057.54	WDJ184733.18+282057.54	281.88826	28.34932	39.997	m	18.44	4794	0.7383
WD J180218.60+135405.46	WDJ180218.60+135405.46	270.5775	13.90152	40.007	m	15.98	8227	0.6368
WD J133340.50-370550.65	WDJ133340.50-370550.65	203.41875	-37.0974	40.021	m	16.75	6692	0.6517
WD J214810.74-562613.14	WDJ214810.74-562613.14	327.04476	-56.43698	40.025	m	17.2	5928	0.6381
WD J222919.46-444138.86	WDJ222919.46-444138.86	337.33107	-44.69413	40.041	m	14.36	1.371e4	0.5532
WD J014240.09-171410.85	WDJ014240.09-171410.85	25.66704	-17.23635	40.051	m	17.37	5555	0.5852
WD J055231.03+164250.27	WDJ055231.03+164250.27	88.12931	16.71396	40.051	m	15.06	1.216e4	0.7614
WD J202956.18+391332.20	WDJ202956.18+391332.20	307.48408	39.22561	40.052	m	13.37	2.502e4	0.6263
WD J122257.77-742707.70	WDJ122257.77-742707.70	185.74072	-74.45214	40.057	m	17.29	5583	0.5537
WD J134118.69+022737.01	WDJ134118.69+022737.01	205.32785	2.46028	40.057	m	17.38	5461	0.5497
WD J193500.68-172443.11	WDJ193500.68-172443.11	293.75285	-17.41197	40.061	m	18.62	4647	0.7565
WD J044517.31-272623.37	WDJ044517.31-272623.37	71.32212	-27.43982	40.095	m	16.57	7398	0.735
WD J171430.49+212710.45	WDJ171430.49+212710.45	258.62705	21.4529	40.11	m	16.57	7517	0.7552
WD J034306.45+320139.89	WDJ034306.45+320139.89	55.77687	32.02775	40.127	m	14.65	1.617e4	0.7876
WD J193501.33-072527.42	WDJ193501.33-072527.42	293.75554	-7.42428	40.127	m	18.1	4147	0.3441
WD J180645.53+273147.52	WDJ180645.53+273147.52	271.68973	27.52987	40.134	m	16.84	6364	0.5994
WD J070845.80+204451.70	WDJ070845.80+204451.70	107.19085	20.74769	40.143	m	17.04	5581	0.4677
WD J112105.81+375615.39	WDJ112105.81+375615.39	170.27423	37.93761	40.144	m	15.47	9700	0.6674
WD J235750.73+194905.90	WDJ235750.73+194905.90	359.46138	19.81831	40.156	m	17.06	6142	0.6346
WD J140841.83-264948.55	WDJ140841.83-264948.55	212.17428	-26.83015	40.163	m	16.93	7165	0.8364
WD J044937.57-180700.16	WDJ044937.57-180700.16	72.40654	-18.11671	40.165	m	15.92	7791	0.5343
WD J184335.59+274026.97	WDJ184335.59+274026.97	280.89829	27.67416	40.172	m	15.02	1.074e4	0.611
WD J080247.02+564640.62	WDJ080247.02+564640.62	120.6959	56.77795	40.188	m	18.3	4504	0.5333
WD J215124.81-231621.52	WDJ215124.81-231621.52	327.85337	-23.27264	40.192	m	15.23	8745	0.4496
WD J065722.88+024100.84	WDJ065722.88+024100.84	104.34535	2.68357	40.193	m	16.1	9609	0.9058
WD J052400.25-060402.72	WDJ052400.25-060402.72	81.00105	-6.06742	40.196	m	17.07	6706	0.7893
WD J125302.31-673639.58	WDJ125302.31-673639.58	193.25961	-67.61099	40.196	m	17.34	5759	0.638
WD J073800.75+432601.50	WDJ073800.75+432601.50	114.50312	43.43375	40.2	m	17.3	6215	0.7599
WD J064112.82+474419.65	WDJ064112.82+474419.65	100.30342	47.73879	40.209	m	14.82	1.374e4	0.7392
WD J110616.45+451855.91	WDJ110616.45+451855.91	166.56853	45.31553	40.281	m	16.83	7582	0.868
WD J124452.66-105108.72	WDJ124452.66-105108.72	191.21941	-10.85242	40.304	m	14.64	7969	0.2595
WD J231845.10+123602.77	WDJ231845.10+123602.77	349.68793	12.60077	40.313	m	15.42	1.172e4	0.8623
WD J115154.21+052839.58	WDJ115154.21+052839.58	177.97586	5.47766	40.319	m	14.96	1.094e4	0.6107
WD J074436.45-750012.83	WDJ074436.45-750012.83	116.15186	-75.00356	40.325	m	17.95	4839	0.5286
WD J031648.76-443744.79	WDJ031648.76-443744.79	49.20317	-44.62911	40.33	m	17.49	5595	0.6446
WD J084524.61+380156.36	WDJ084524.61+380156.36	131.35255	38.03232	40.336	m	15.94	8004	0.5801
WD J144733.10-393110.88	WDJ144733.10-393110.88	221.88793	-39.51969	40.381	m	16.13	8805	0.7972
WD J173020.34+134624.07	WDJ173020.34+134624.07	262.58476	13.77335	40.411	m	15.07	1.052e4	0.6021
WD J081518.11+684720.34	WDJ081518.11+684720.34	123.82546	68.78898	40.426	m	17.45	5465	0.5752
WD J053645.23+352126.13	WDJ053645.23+352126.13	84.18847	35.35726	40.439	m	17.53	5824	0.7361
WD J104401.81-215421.44	WDJ104401.81-215421.44	161.00755	-21.90596	40.448	m	16.84	6336	0.5894
WD J211640.30-072452.53	WDJ211640.30-072452.53	319.1679	-7.41459	40.457	m	17.62	4637	0.3521
WD J110137.06-052318.95	WDJ110137.06-052318.95	165.40442	-5.3886	40.495	m	18.08	4675	0.507
WD J050647.89+203014.55	WDJ050647.89+203014.55	76.69952	20.50404	40.496	m	17.64	5288	0.5854
WD J134043.36+020348.30	WDJ134043.36+020348.30	205.18067	2.06342	40.508	m	17.64	5599	0.7099
WD J170145.15-524609.22	WDJ170145.15-524609.22	255.43813	-52.76923	40.541	m	15.68	2.329e4	1.261
WD J132742.17+575505.94	WDJ132742.17+575505.94	201.92569	57.91832	40.551	m	16.58	6693	0.5637
WD J125212.75-535246.66	WDJ125212.75-535246.66	193.05311	-53.87963	40.587	m	18.04	4845	0.5707
WD J203202.69-141538.19	WDJ203202.69-141538.19	308.0112	-14.26061	40.587	m	17.14	6755	0.8221
WD J190938.26+222039.87	WDJ190938.26+222039.87	287.40941	22.34441	40.592	m	18.08	4765	0.5445
WD J042145.06-314330.84	WDJ042145.06-314330.84	65.43775	-31.72523	40.632	m	16.94	6105	0.5617
WD J120154.71+340055.34	WDJ120154.71+340055.34	180.47795	34.01537	40.641	m	17.33	5987	0.6905
WD J075525.97+362155.08	WDJ075525.97+362155.08	118.85822	36.3653	40.652	m	16.01	7763	0.552
WD J151805.80-485418.90	WDJ151805.80-485418.90	229.52418	-48.90525	40.655	m	17.49	6357	0.8674
WD J084041.95+553958.80	WDJ084041.95+553958.80	130.1748	55.66633	40.661	m	14.65	1.733e4	0.8247
WD J101105.65+002944.40	WDJ101105.65+002944.40	152.77352	0.49567	40.662	m	17.02	6283	0.649
WD J063316.41+751903.50	WDJ063316.41+751903.50	98.31838	75.31764	40.668	m	16.55	8636	0.9336
WD J014544.58+291823.76	WDJ014544.58+291823.76	26.43575	29.3066	40.672	m	17.95	5137	0.655
WD J092350.39-072940.97	WDJ092350.39-072940.97	140.95998	-7.49471	40.709	m	17.8	5383	0.692
WD J075950.65+141011.59	WDJ075950.65+141011.59	119.96106	14.16989	40.71	m	16.69	7481	0.7851
WD J081032.37+482023.21	WDJ081032.37+482023.21	122.63487	48.33978	40.712	m	18.1	4555	0.4771
WD J092511.63+050932.60	WDJ092511.63+050932.60	141.29846	5.15906	40.722	m	15.25	1.094e4	0.721
WD J032423.21-192457.43	WDJ032423.21-192457.43	51.09672	-19.41595	40.745	m	16.82	6581	0.6408
WD J172355.28-235616.21	WDJ172355.28-235616.21	260.98034	-23.93784	40.76	m	15.55	8775	0.5432
WD J061622.06-412231.58	WDJ061622.06-412231.58	94.09192	-41.37544	40.77	m	17.02	6956	0.8133
WD J070830.83-184050.36	WDJ070830.83-184050.36	107.12846	-18.68065	40.8	m	17.07	6701	0.7731
WD J153034.35-572425.84	WDJ153034.35-572425.84	232.64312	-57.40718	40.802	m	17.84	5117	0.5948
WD J153034.07-572421.42	WDJ153034.07-572421.42	232.64195	-57.40595	40.827	m	17.85	4293	0.2927
WD J052724.33-310655.56	WDJ052724.33-310655.56	81.85136	-31.11543	40.84	m	15.96	1.412e4	1.146
WD J191902.47+160243.92	WDJ191902.47+160243.92	289.76028	16.04553	40.854	m	16.97	6182	0.5918
WD J145050.60-145439.81	WDJ145050.60-145439.81	222.71085	-14.91106	40.857	m	16.2	7379	0.5533
WD J180100.23-691056.80	WDJ180100.23-691056.80	270.25095	-69.18245	40.857	m	15.74	8739	0.6155
WD J192743.52+801402.08	WDJ192743.52+801402.08	291.93131	80.23391	40.861	m	15.23	9598	0.5363
WD J022840.98+364540.43	WDJ022840.98+364540.43	37.17075	36.76123	40.862	m	15.95	8504	0.6572
WD J155343.99-313330.98	WDJ155343.99-313330.98	238.4333	-31.55861	40.866	m	18.38	3874	0.3348
WD J193828.20+325319.69	WDJ193828.20+325319.69	294.61751	32.8888	40.872	m	13.58	2.16e4	0.5742
WD J193611.80-330752.51	WDJ193611.80-330752.51	294.04916	-33.13125	40.89	m	17.17	6345	0.7236
WD J050026.86-423410.58	WDJ050026.86-423410.58	75.11192	-42.5696	40.892	m	16.9	6736	0.7099
WD J133359.84+001655.03	WDJ133359.84+001655.03	203.49935	0.28195	40.894	m	18.48	4998	0.8265
WD J134743.46-484850.46	WDJ134743.46-484850.46	206.9311	-48.81402	40.91	m	17.72	6402	0.9674
WD J172929.26+291609.73	WDJ172929.26+291609.73	262.37193	29.26937	40.915	m	16.96	7262	0.8471
WD J103443.43+224548.88	WDJ103443.43+224548.88	158.68095	22.76358	40.934	m	16.55	8186	0.8565
WD J102927.44-265608.37	WDJ102927.44-265608.37	157.36431	-26.93566	40.943	m	17.75	5720	0.7889
WD J000450.64-772214.99	WDJ000450.64-772214.99	1.211	-77.37083	40.951	m	18.12	4215	0.3615
WD J110441.89-500258.62	WDJ110441.89-500258.62	166.17454	-50.04962	40.97	m	18.02	4908	0.5761
WD J174357.72+125332.30	WDJ174357.72+125332.30	265.9905	12.89231	40.973	m	16	8019	0.5882
WD J225401.64-234308.46	WDJ225401.64-234308.46	343.50685	-23.71902	40.974	m	18.65	3927	0.4474
WD J091332.25-685136.64	WDJ091332.25-685136.64	138.38438	-68.86018	40.987	m	17.31	6376	0.7958
WD J110930.09-260106.96	WDJ110930.09-260106.96	167.37539	-26.0186	41.013	m	17.34	6092	0.7255
WD J202407.74-272558.42	WDJ202407.74-272558.42	306.03223	-27.4329	41.025	m	17.58	5123	0.4792
WD J053523.07+571556.48	WDJ053523.07+571556.48	83.84614	57.26569	41.034	m	17.91	4888	0.5154
WD J203525.50+112132.47	WDJ203525.50+112132.47	308.85624	11.35902	41.064	m	17.33	6037	0.7007
WD J184223.91+005630.50	WDJ184223.91+005630.50	280.59961	0.94181	41.071	m	16.48	7083	0.6047
WD J172929.64+291554.77	WDJ172929.64+291554.77	262.37351	29.26521	41.104	m	18.34	7632	1.269
WD J202340.54-153535.48	WDJ202340.54-153535.48	305.91892	-15.59319	41.114	m	17.36	6213	0.7689
WD J053157.35+020057.26	WDJ053157.35+020057.26	82.98898	2.01591	41.117	m	17.5	5855	0.7227
WD J183010.48-244209.53	WDJ183010.48-244209.53	277.54365	-24.70265	41.122	m	19.28	4706	1.026
WD J213741.91+365636.08	WDJ213741.91+365636.08	324.42463	36.94336	41.125	m	17.28	5859	0.6149
WD J162153.53+531006.00	WDJ162153.53+531006.00	245.47304	53.16833	41.146	m	17.9	4702	0.4472
WD J203003.14+065457.36	WDJ203003.14+065457.36	307.51309	6.91593	41.154	m	17.32	5849	0.6381
WD J221321.31+034911.08	WDJ221321.31+034911.08	333.33879	3.81974	41.162	m	17.8	4536	0.3445
WD J102427.73-470809.99	WDJ102427.73-470809.99	156.11554	-47.13611	41.182	m	18.57	5047	0.8776
WD J202455.78+212514.25	WDJ202455.78+212514.25	306.23241	21.42062	41.184	m	17.3	6406	0.7922
WD J075429.35+661106.64	WDJ075429.35+661106.64	118.62229	66.18518	41.217	m	16.72	7274	0.7459
WD J190319.56+603552.65	WDJ190319.56+603552.65	285.83152	60.59796	41.223	m	15.01	1.15e4	0.6586
WD J110130.56-063357.02	WDJ110130.56-063357.02	165.37733	-6.56584	41.227	m	17.54	5691	0.6813
WD J122250.03-463902.84	WDJ122250.03-463902.84	185.70844	-46.65079	41.243	m	16.42	7441	0.6511
WD J100119.49+465651.23	WDJ100119.49+465651.23	150.33121	46.94756	41.266	m	18.33	4513	0.5272
WD J141640.53-261952.04	WDJ141640.53-261952.04	214.16886	-26.33112	41.271	m	17.83	5344	0.6745
WD J181456.17-803309.00	WDJ181456.17-803309.00	273.73405	-80.5525	41.312	m	16.91	6305	0.5895
WD J011728.64-043939.68	WDJ011728.64-043939.68	19.36935	-4.66102	41.321	m	17.95	4935	0.5505
WD J121653.30+745525.29	WDJ121653.30+745525.29	184.22207	74.92369	41.329	m	16.77	6467	0.5678
WD J130408.47+394451.67	WDJ130408.47+394451.67	196.03528	39.74769	41.335	m	17.96	4695	0.4611
WD J203004.11+072943.70	WDJ203004.11+072943.70	307.51712	7.49547	41.353	m	16.03	8810	0.7368
WD J222740.36+175321.36	WDJ222740.36+175321.36	336.91816	17.88927	41.356	m	16.64	6750	0.5816
WD J063529.78-044743.67	WDJ063529.78-044743.67	98.87407	-4.79546	41.374	m	17.71	5767	0.7799
WD J113843.41-452427.08	WDJ113843.41-452427.08	174.68089	-45.40752	41.39	m	17.52	5406	0.5618
WD J190132.74+145807.18	WDJ190132.74+145807.18	285.38642	14.96866	41.401	m	15.68		
WD J095204.73-353408.38	WDJ095204.73-353408.38	148.01972	-35.56899	41.407	m	16.67	7002	0.6519
WD J153523.10+111536.82	WDJ153523.10+111536.82	233.84626	11.26023	41.434	m	15.46	1.074e4	0.7621
WD J134307.12-310150.36	WDJ134307.12-310150.36	205.77967	-31.03066	41.46	m	16.82	6299	0.5455
WD J210524.18-324732.67	WDJ210524.18-324732.67	316.35075	-32.79241	41.463	m	16.52	6933	0.5751
WD J141329.83+213739.88	WDJ141329.83+213739.88	213.37431	21.62775	41.478	m	14.41	1.482e4	0.5959
WD J001400.42-363019.47	WDJ001400.42-363019.47	3.50175	-36.50541	41.481	m	17.58	5382	0.576
WD J211440.43+133435.67	WDJ211440.43+133435.67	318.66846	13.57658	41.482	m	16.14	8772	0.7725
WD J133250.72+011706.32	WDJ133250.72+011706.32	203.21135	1.28509	41.484	m	16.93	7031	0.7775
WD J115033.35-063618.07	WDJ115033.35-063618.07	177.63894	-6.60502	41.496	m	16.43	8772	0.8879
WD J040342.09+145928.77	WDJ040342.09+145928.77	60.92537	14.99133	41.497	m	15.02	1.467e4	0.8366
WD J231935.41-022901.21	WDJ231935.41-022901.21	349.89754	-2.48367	41.533	m	16.94	5070	0.2757
WD J102057.45-530725.61	WDJ102057.45-530725.61	155.23938	-53.12378	41.538	m	18.47	5075	0.8412
WD J182037.62+390345.21	WDJ182037.62+390345.21	275.15675	39.06256	41.583	m	17.25	6192	0.698
WD J184739.03+015735.44	WDJ184739.03+015735.44	281.91262	1.95985	41.587	m	12.94	1.855e4	0.3763
WD J144213.16-194740.96	WDJ144213.16-194740.96	220.55483	-19.79471	41.603	m	17.97	5161	0.6564
WD J085935.89+601616.14	WDJ085935.89+601616.14	134.89952	60.27115	41.606	m	16.28	8329	0.756
WD J124726.72-124840.77	WDJ124726.72-124840.77	191.86135	-12.81132	41.616	m	14.71	1.315e4	0.6318
WD J130314.08+751004.58	WDJ130314.08+751004.58	195.80866	75.16794	41.617	m	16.44	8094	0.7736
WD J161040.01-622825.37	WDJ161040.01-622825.37	242.6667	-62.47371	41.629	m	17.91	4899	0.5056
WD J140700.58-281432.51	WDJ140700.58-281432.51	211.7524	-28.24236	41.634	m	17.14	5789	0.5288
WD J225415.20+322411.66	WDJ225415.20+322411.66	343.56333	32.40324	41.635	m	17.63	5387	0.5826
WD J071808.65+122958.80	WDJ071808.65+122958.80	109.53604	12.49967	41.636	m	16.28	7093	0.5046
WD J153406.00-022708.26	WDJ153406.00-022708.26	233.525	-2.45229	41.672	m	13.99	1.795e4	0.5774
WD J213846.19+230921.49	WDJ213846.19+230921.49	324.69247	23.15597	41.677	m	15.23	1.021e4	0.6012
WD J145722.01-074020.02	WDJ145722.01-074020.02	224.34172	-7.67223	41.709	m	17.01	6439	0.6599
WD J052410.58-580411.98	WDJ052410.58-580411.98	81.04409	-58.06999	41.733	m	17.32	5811	0.6111
WD J022442.19+400745.24	WDJ022442.19+400745.24	36.1758	40.12923	41.746	m	17.16	5839	0.5465
WD J204844.71-014802.80	WDJ204844.71-014802.80	312.1863	-1.80078	41.751	m	17.09	6905	0.8106
WD J045945.93-395345.31	WDJ045945.93-395345.31	74.94138	-39.89592	41.754	m	17.57	5786	0.7131
WD J090511.93+472707.46	WDJ090511.93+472707.46	136.29972	47.45207	41.767	m	18.74	3785	0.4203
WD J055559.50+254502.98	WDJ055559.50+254502.98	88.99791	25.75083	41.767	m	17.05	5194	0.3327
WD J052040.02-185640.38	WDJ052040.02-185640.38	80.16677	-18.94455	41.768	m	16.48	7312	0.6357
WD J055234.23+312401.94	WDJ055234.23+312401.94	88.14261	31.40054	41.797	m	14.86	1.391e4	0.726
WD J035712.71+100020.07	WDJ035712.71+100020.07	59.30294	10.00558	41.813	m	17.19	5992	0.6104
WD J195527.08+373453.29	WDJ195527.08+373453.29	298.86284	37.58147	41.824	m	16.11	9564	0.8647
WD J061518.68+174340.33	WDJ061518.68+174340.33	93.82783	17.72787	41.848	m	13.39	2.566e4	0.6263
WD J093215.36-070451.40	WDJ093215.36-070451.40	143.06401	-7.08095	41.85	m	17.26	6311	0.7359
WD J235158.66-550632.18	WDJ235158.66-550632.18	357.99441	-55.10894	41.861	m	17.23	6555	0.7854
WD J142748.13+053232.58	WDJ142748.13+053232.58	216.95054	5.54238	41.865	m	16.84	7114	0.7495
WD J032121.55-414222.54	WDJ032121.55-414222.54	50.33977	-41.70626	41.877	m	15.76	1.492e4	1.095
WD J163242.24+242656.39	WDJ163242.24+242656.39	248.17599	24.44899	41.882	m	18.82	5075	0.9679
WD J124024.18-231743.71	WDJ124024.18-231743.71	190.10073	-23.29547	41.892	m	16.35	5569	0.259
WD J005638.37-154854.65	WDJ005638.37-154854.65	14.15989	-15.81518	41.894	m	17.87	5164	0.6046
WD J172411.36-234323.13	WDJ172411.36-234323.13	261.04734	-23.72309	41.941	m	17.11	6368	0.6731
WD J021959.82+352017.96	WDJ021959.82+352017.96	34.99924	35.33832	41.964	m	17.53	5757	0.6787
WD J054433.88-294242.67	WDJ054433.88-294242.67	86.14115	-29.71185	41.968	m	17.17	5032	0.318
WD J154927.18+480229.07	WDJ154927.18+480229.07	237.36326	48.04141	41.996	m	17.15	6669	0.7707
WD J170336.85-023828.08	WDJ170336.85-023828.08	255.90353	-2.64113	41.998	m	17.93	5344	0.7018
WD J021625.56-764352.98	WDJ021625.56-764352.98	34.10651	-76.73138	41.999	m	14.91	1.314e4	0.7099
WD J230010.07-481029.67	WDJ230010.07-481029.67	345.04194	-48.17491	42.038	m	16.76	5537	0.3472
WD J033409.28+175007.15	WDJ033409.28+175007.15	53.53866	17.83532	42.054	m	18.38	4335	0.4653
WD J173408.28+651309.69	WDJ173408.28+651309.69	263.5345	65.21936	42.073	m	17.98	5077	0.6
WD J140234.12-073650.26	WDJ140234.12-073650.26	210.64215	-7.61396	42.09	m	16.65	8615	0.9362
WD J075627.38-200111.43	WDJ075627.38-200111.43	119.1141	-20.01984	42.096	m	18.89		
WD J185943.30-282634.74	WDJ185943.30-282634.74	284.93042	-28.44298	42.109	m	17.74	5160	0.5376
WD J105001.37-740037.72	WDJ105001.37-740037.72	162.50573	-74.01048	42.116	m	19.18	4030	0.695
WD J175110.47-225631.80	WDJ175110.47-225631.80	267.79363	-22.94217	42.133	m	17.82	4599	0.3717
WD J033718.97-544427.25	WDJ033718.97-544427.25	54.32904	-54.7409	42.145	m	17.32	6397	0.7788
WD J052711.14-222135.95	WDJ052711.14-222135.95	81.79641	-22.35999	42.155	m	18.41	4530	0.5503
WD J100225.87+610858.23	WDJ100225.87+610858.23	150.60778	61.14951	42.159	m	18.46	4340	0.487
WD J104117.78-021825.82	WDJ104117.78-021825.82	160.32408	-2.30717	42.194	m	17.59	5663	0.6691
WD J024213.85+165527.74	WDJ024213.85+165527.74	40.5577	16.92437	42.196	m	16.93	6609	0.656
WD J004637.45-014722.09	WDJ004637.45-014722.09	11.65606	-1.78947	42.198	m	17.78	5989	0.8571
WD J181911.94-031514.45	WDJ181911.94-031514.45	274.79973	-3.25401	42.253	m	17.65	5713	0.7125
WD J022111.22-335102.49	WDJ022111.22-335102.49	35.29675	-33.85069	42.256	m	16.68	8352	0.904
WD J061703.88-113455.23	WDJ061703.88-113455.23	94.26617	-11.58201	42.294	m	17.71	6208	0.8881
WD J215602.23-393450.36	WDJ215602.23-393450.36	329.00927	-39.58066	42.309	m	18.01	4885	0.5304
WD J153041.25-193210.35	WDJ153041.25-193210.35	232.67188	-19.53621	42.31	m	17.52	5702	0.6508
WD J215301.84-381741.05	WDJ215301.84-381741.05	328.25765	-38.29473	42.314	m	16.74	6536	0.5569
WD J023821.62+235824.82	WDJ023821.62+235824.82	39.59009	23.97356	42.315	m	17.78	5183	0.5591
WD J081224.19-264308.57	WDJ081224.19-264308.57	123.1008	-26.71905	42.326	m	18.11	5199	0.6701
WD J223354.48-383236.86	WDJ223354.48-383236.86	338.47698	-38.54357	42.333	m	15.95	8168	0.5691
WD J035159.94+340728.23	WDJ035159.94+340728.23	57.99977	34.12451	42.343	m	15.18	1.401e4	0.8534
WD J234403.60-824656.88	WDJ234403.60-824656.88	356.015	-82.78247	42.356	m	17.57	5909	0.7346
WD J000706.74-030707.06	WDJ000706.74-030707.06	1.77806	-3.11863	42.361	m	18.18	5368	0.8132
WD J205221.46-421300.31	WDJ205221.46-421300.31	313.08943	-42.21675	42.364	m	18.06	4917	0.5682
WD J141026.95+320835.85	WDJ141026.95+320835.85	212.6123	32.14329	42.378	m	14	1.844e4	0.5856
WD J160112.43+594325.44	WDJ160112.43+594325.44	240.30179	59.72373	42.378	m	18.36	4484	0.495
WD J220838.73+454434.04	WDJ220838.73+454434.04	332.16139	45.74279	42.379	m	16.61	7022	0.6047
WD J070927.96-054446.94	WDJ070927.96-054446.94	107.36649	-5.74637	42.387	m	17.43	6203	0.767
WD J214125.64-484953.75	WDJ214125.64-484953.75	325.35682	-48.8316	42.406	m	14.46	1.508e4	0.6168
WD J212201.13+310611.59	WDJ212201.13+310611.59	320.50471	31.10322	42.413	m	16.59	6811	0.543
WD J114451.34-252050.02	WDJ114451.34-252050.02	176.2139	-25.34723	42.413	m	17.6	5580	0.6364
WD J061350.95+165845.62	WDJ061350.95+165845.62	93.46228	16.97934	42.414	m	18.19	4677	0.5148
WD J225502.75+370446.19	WDJ225502.75+370446.19	343.76146	37.0795	42.419	m	15.03	1.023e4	0.5023
WD J025212.94+385406.56	WDJ025212.94+385406.56	43.0539	38.90182	42.43	m	17.45	6373	0.8155
WD J111638.40+311921.46	WDJ111638.40+311921.46	169.15999	31.32263	42.431	m	17.98	5667	0.8327
WD J234619.99-184351.86	WDJ234619.99-184351.86	356.58328	-18.73107	42.431	m	18.2	4849	0.5989
WD J011728.83-043938.41	WDJ011728.83-043938.41	19.37014	-4.66067	42.432	m	17.87	5087	0.5546
WD J160703.64-015454.84	WDJ160703.64-015454.84	241.76515	-1.91523	42.436	m	18.24	4404	0.4391
WD J124009.55-031014.17	WDJ124009.55-031014.17	190.0398	-3.1706	42.441	m	15.95	9947	0.8473
WD J140343.77+520649.79	WDJ140343.77+520649.79	210.93237	52.11383	42.455	m	16.38	7443	0.6028
WD J161952.21-500902.51	WDJ161952.21-500902.51	244.96754	-50.1507	42.458	m	16.17	1.033e4	0.968
WD J040547.15+264332.05	WDJ040547.15+264332.05	61.44644	26.72557	42.472	m	18.65	3990	0.4357
WD J054201.07-490406.26	WDJ054201.07-490406.26	85.50445	-49.06841	42.475	m	17.21	6073	0.6269
WD J235357.87-531650.70	WDJ235357.87-531650.70	358.49114	-53.28075	42.476	m	17.16	5958	0.5735
WD J174255.15+513608.53	WDJ174255.15+513608.53	265.7298	51.60237	42.49	m	15.83	8605	0.5922
WD J061958.87-414337.84	WDJ061958.87-414337.84	94.9953	-41.72718	42.508	m	15.41	9723	0.597
WD J223037.22+125621.47	WDJ223037.22+125621.47	337.6551	12.9393	42.545	m	17.02	7557	0.8929
WD J211840.57-383443.75	WDJ211840.57-383443.75	319.66906	-38.57882	42.548	m	16.31	7435	0.5755
WD J053315.54+052906.45	WDJ053315.54+052906.45	83.31477	5.48513	42.551	m	17.83	5354	0.6484
WD J030924.88+002525.58	WDJ030924.88+002525.58	47.35365	0.42377	42.555	m	17.72	5610	0.7019
WD J165114.11-143535.30	WDJ165114.11-143535.30	252.80879	-14.59314	42.577	m	14.82	1.324e4	0.6584
WD J135948.64-482211.45	WDJ135948.64-482211.45	209.95267	-48.36985	42.578	m	17.34	6760	0.8672
WD J100819.19+121813.94	WDJ100819.19+121813.94	152.07994	12.30387	42.591	m	20.75	5040	1.365
WD J160411.12+231057.25	WDJ160411.12+231057.25	241.04635	23.18257	42.595	m	17.87	5114	0.5623
WD J171137.30-494935.49	WDJ171137.30-494935.49	257.90543	-49.82652	42.612	m	17.85	4985	0.5
WD J175319.23+075851.40	WDJ175319.23+075851.40	268.33012	7.98095	42.621	m	18.21	5819	0.967
WD J180601.77-140348.69	WDJ180601.77-140348.69	271.5074	-14.06353	42.667	m	18.65	4090	0.4665
WD J105349.62+242532.58	WDJ105349.62+242532.58	163.45676	24.42571	42.679	m	17.61	5829	0.7252
WD J123137.38-524708.41	WDJ123137.38-524708.41	187.90575	-52.78567	42.683	m	16.16	7929	0.6059
WD J001513.99+002202.30	WDJ001513.99+002202.30	3.80831	0.36731	42.708	m	17.68	5109	0.4774
WD J085253.30-533829.15	WDJ085253.30-533829.15	133.22209	-53.64143	42.709	m	17.91	4984	0.5222
WD J005246.92+345053.84	WDJ005246.92+345053.84	13.19551	34.84829	42.711	m	18.58	4167	0.4674
WD J062600.06-375217.94	WDJ062600.06-375217.94	96.50026	-37.87165	42.714	m	17.78	5460	0.6682
WD J075746.14-265343.92	WDJ075746.14-265343.92	119.44227	-26.89553	42.741	m	18.23	4639	0.507
WD J203754.65-101401.98	WDJ203754.65-101401.98	309.47773	-10.23388	42.776	m	17.22	6498	0.7454
WD J142708.16+453631.69	WDJ142708.16+453631.69	216.78401	45.6088	42.779	m	16.69	7759	0.7928
WD J123914.70-324349.02	WDJ123914.70-324349.02	189.81126	-32.73028	42.788	m	16.76	7195	0.7127
WD J010050.30-642912.26	WDJ010050.30-642912.26	15.2096	-64.48674	42.799	m	17.27	6755	0.829
WD J045829.82+620742.63	WDJ045829.82+620742.63	74.62427	62.12851	42.812	m	15.4	9987	0.6207
WD J144045.08+080729.30	WDJ144045.08+080729.30	220.18781	8.1248	42.816	m	17.52	5470	0.5513
WD J081535.63-734429.56	WDJ081535.63-734429.56	123.89845	-73.74154	42.842	m	18.08	5058	0.6318
WD J231043.35+265219.03	WDJ231043.35+265219.03	347.68063	26.87195	42.862	m	17.29	7156	0.9155
WD J173822.30+101252.34	WDJ173822.30+101252.34	264.59291	10.21454	42.886	m	18.2	5033	0.6666
WD J133321.52-150026.79	WDJ133321.52-150026.79	203.33966	-15.00744	42.894	m	16.84	7122	0.7281
WD J142728.30+611026.47	WDJ142728.30+611026.47	216.8679	61.17402	42.902	m	16.91	6788	0.6726
WD J132906.24+245025.69	WDJ132906.24+245025.69	202.276	24.84046	42.922	m	18.78	4093	0.4993
WD J182842.27+030635.69	WDJ182842.27+030635.69	277.17614	3.10992	42.926	m	18.84	4248	0.6055
WD J213216.23+001514.40	WDJ213216.23+001514.40	323.06764	0.254	42.936	m	14.64	1.365e4	0.5977
WD J110331.69-174106.23	WDJ110331.69-174106.23	165.88203	-17.68506	42.937	m	17.84	5792	0.8056
WD J200400.65-591857.63	WDJ200400.65-591857.63	301.00269	-59.31601	42.97	m	17.97	5089	0.5907
WD J133652.10+372721.24	WDJ133652.10+372721.24	204.21706	37.4559	42.972	m	16.92	7815	0.8918
WD J005429.94+341449.94	WDJ005429.94+341449.94	13.62476	34.24721	42.986	m	17.54	5478	0.5554
WD J114757.97+074741.71	WDJ114757.97+074741.71	176.99156	7.79492	42.992	m	15.85	9653	0.7549
WD J015405.34-303432.27	WDJ015405.34-303432.27	28.52225	-30.57563	43.002	m	17.16	6012	0.5765
WD J110646.57-695259.57	WDJ110646.57-695259.57	166.69404	-69.88321	43.014	m	18.49	4297	0.4783
WD J164718.39+322832.87	WDJ164718.39+322832.87	251.82664	32.4758	43.022	m	13.58	2.128e4	0.5261
WD J115916.51+484238.84	WDJ115916.51+484238.84	179.81881	48.71079	43.027	m	17.33	5854	0.5984
WD J100219.81-371352.08	WDJ100219.81-371352.08	150.58255	-37.23113	43.028	m	15.93	1.754e4	1.189
WD J044350.79+265125.64	WDJ044350.79+265125.64	70.96162	26.85712	43.035	m	17.57	5895	0.7158
WD J062404.67-290208.95	WDJ062404.67-290208.95	96.01946	-29.03582	43.039	m	16.79	6551	0.5683
WD J134535.64-152920.17	WDJ134535.64-152920.17	206.39852	-15.48894	43.041	m	17.19	6678	0.7725
WD J125606.44-673737.04	WDJ125606.44-673737.04	194.02681	-67.62696	43.044	m	18.29	4370	0.4332
WD J222542.04+183518.85	WDJ222542.04+183518.85	336.42517	18.58857	43.049	m	16.66	7460	0.7102
WD J234151.70+140623.61	WDJ234151.70+140623.61	355.4654	14.10656	43.05	m	17.88	5184	0.5833
WD J053126.09+214242.05	WDJ053126.09+214242.05	82.8587	21.71168	43.056	m	17.48	6195	0.7648
WD J160217.00+163023.21	WDJ160217.00+163023.21	240.57084	16.50645	43.059	m	16.99	5644	0.4218
WD J170447.69+360847.55	WDJ170447.69+360847.55	256.1987	36.14654	43.069	m	17.99	4765	0.4671
WD J035312.96-862223.77	WDJ035312.96-862223.77	58.304	-86.37327	43.082	m	16.71	8254	0.8872
WD J102459.83+044610.50	WDJ102459.83+044610.50	156.24928	4.76957	43.095	m	14.21	1.084e4	0.3637
WD J010043.73-564631.37	WDJ010043.73-564631.37	15.18221	-56.77538	43.109	m	16.92	7411	0.8181
WD J111341.34+014642.06	WDJ111341.34+014642.06	168.42224	1.77835	43.116	m	18.48	5331	0.9065
WD J191129.14-113442.19	WDJ191129.14-113442.19	287.87143	-11.57839	43.124	m	16.88	6522	0.5953
WD J220150.90-740518.25	WDJ220150.90-740518.25	330.46207	-74.08841	43.126	m	18.83	4485	0.7055
WD J134213.06+614538.42	WDJ134213.06+614538.42	205.55444	61.76067	43.127	m	17.11	6584	0.7024
WD J172948.81+754004.94	WDJ172948.81+754004.94	262.45337	75.66804	43.132	m	17.38	6104	0.6932
WD J185439.15-002839.60	WDJ185439.15-002839.60	283.66314	-0.47767	43.135	m	19.63		
WD J180351.88-720354.65	WDJ180351.88-720354.65	270.96616	-72.06518	43.144	m	17.71	5351	0.5805
WD J072406.96-400305.01	WDJ072406.96-400305.01	111.02901	-40.05139	43.145	m	17.87	5388	0.667
WD J063638.17-045819.99	WDJ063638.17-045819.99	99.15904	-4.97222	43.146	m	17.12	6603	0.7218
WD J053343.43-271350.08	WDJ053343.43-271350.08	83.43097	-27.23058	43.152	m	15.61	2.277e4	1.221
WD J044358.56+510627.32	WDJ044358.56+510627.32	70.99401	51.10759	43.16	m	15.89	8519	0.5858
WD J155618.39-452517.40	WDJ155618.39-452517.40	239.07664	-45.4215	43.186	m	16.02	8383	0.6222
WD J213456.67-050057.09	WDJ213456.67-050057.09	323.73611	-5.01586	43.189	m	17.53	5750	0.6522
WD J174840.98-162225.41	WDJ174840.98-162225.41	267.17076	-16.37372	43.205	m	16.12	6809	0.3998
WD J010600.06+612005.37	WDJ010600.06+612005.37	16.50024	61.33482	43.224	m	18.37	4386	0.4584
WD J194629.86+093712.37	WDJ194629.86+093712.37	296.62444	9.6201	43.227	m	17.06	6112	0.556
WD J004502.15-040710.05	WDJ004502.15-040710.05	11.25896	-4.11946	43.248	m	16.75	5673	0.3605
WD J184209.42-235245.25	WDJ184209.42-235245.25	280.53926	-23.87924	43.252	m	15.75	7662	0.4202
WD J073107.38-370849.01	WDJ073107.38-370849.01	112.78073	-37.14695	43.269	m	17.26	5952	0.5966
WD J175139.44-774902.95	WDJ175139.44-774902.95	267.91431	-77.81749	43.274	m	16.8	6553	0.5638
WD J114817.40-190734.86	WDJ114817.40-190734.86	177.07249	-19.12635	43.279	m	17.91	5038	0.5353
WD J010324.54-063210.90	WDJ010324.54-063210.90	15.85224	-6.53636	43.284	m	13.9	1.901e4	0.5548
WD J011604.71-625156.12	WDJ011604.71-625156.12	19.01961	-62.86559	43.287	m	17.2	5888	0.5474
WD J010353.76-112750.32	WDJ010353.76-112750.32	15.97399	-11.46398	43.291	m	18.77		
WD J150736.14-072533.00	WDJ150736.14-072533.00	226.90058	-7.42583	43.298	m	18.04	4846	0.5042
WD J160822.19+420543.44	WDJ160822.19+420543.44	242.09245	42.0954	43.303	m	13.85	1.198e4	0.3348
WD J064917.38+151928.58	WDJ064917.38+151928.58	102.32241	15.32461	43.34	m	17.94	5467	0.726
WD J141818.59-810050.30	WDJ141818.59-810050.30	214.57744	-81.01397	43.36	m	15.22	1.521e4	0.9005
WD J082219.23+202326.25	WDJ082219.23+202326.25	125.58011	20.39062	43.364	m	16.11	7536	0.491
WD J012314.71-020927.23	WDJ012314.71-020927.23	20.81129	-2.15756	43.366	m	17.31	5795	0.5664
WD J094748.95-603826.29	WDJ094748.95-603826.29	146.95398	-60.64064	43.368	m	17.95	5054	0.5562
WD J040323.23-722005.72	WDJ040323.23-722005.72	60.84678	-72.33492	43.381	m	16.13	8904	0.7452
WD J110134.36-094718.41	WDJ110134.36-094718.41	165.39318	-9.78845	43.384	m	17.11	7337	0.8732
WD J041243.56+115148.97	WDJ041243.56+115148.97	63.18148	11.86361	43.397	m	13.89	2.076e4	0.6115
WD J081147.45-150053.88	WDJ081147.45-150053.88	122.94772	-15.01497	43.399	m	17.53	6293	0.8144
WD J214111.01+440452.01	WDJ214111.01+440452.01	325.29589	44.08111	43.406	m	17.49	6552	0.8508
WD J032833.52-121945.27	WDJ032833.52-121945.27	52.13965	-12.32924	43.407	m	16.62	8852	0.9341
WD J233900.46+531600.27	WDJ233900.46+531600.27	354.75192	53.26674	43.411	m	17	6393	0.6019
WD J170930.04+154142.29	WDJ170930.04+154142.29	257.37516	15.69508	43.417	m	17.48	6330	0.7958
WD J050704.89-240606.18	WDJ050704.89-240606.18	76.77039	-24.10172	43.419	m	16.8	9479	1.069
WD J154636.78-062134.95	WDJ154636.78-062134.95	236.65325	-6.35971	43.423	m	17.06	6785	0.7338
WD J163843.77-203524.07	WDJ163843.77-203524.07	249.68237	-20.59002	43.445	m	15.86	8523	0.5703
WD J201215.65-071925.91	WDJ201215.65-071925.91	303.06519	-7.32386	43.451	m	17.18	6286	0.6559
WD J224946.45+362323.31	WDJ224946.45+362323.31	342.44354	36.38981	43.46	m	18.03	5025	0.5674
WD J001955.60+540448.18	WDJ001955.60+540448.18	4.98168	54.08005	43.482	m	17.55	5818	0.6669
WD J183004.29-604521.50	WDJ183004.29-604521.50	277.51787	-60.75598	43.482	m	19.96	4409	1.111
WD J042928.92+215925.56	WDJ042928.92+215925.56	67.37051	21.99043	43.483	m	16.47	8730	0.855
WD J122517.51-625136.69	WDJ122517.51-625136.69	186.32298	-62.86019	43.486	m	18.25	5321	0.8031
WD J211936.31+222254.14	WDJ211936.31+222254.14	319.90128	22.38171	43.488	m	16.88	6488	0.5703
WD J172818.46+021110.23	WDJ172818.46+021110.23	262.07694	2.18618	43.492	m	16.19	8277	0.6632
WD J105016.31+322602.17	WDJ105016.31+322602.17	162.56795	32.43394	43.53	m	17.55	5536	0.5724
WD J135444.98+221005.89	WDJ135444.98+221005.89	208.68742	22.1683	43.539	m	19.14	6418	1.278
WD J113524.67+271741.37	WDJ113524.67+271741.37	173.85281	27.29482	43.542	m	18.33	4461	0.4664
WD J010921.39-525618.73	WDJ010921.39-525618.73	17.3391	-52.93854	43.545	m	15.99	8412	0.6057
WD J084159.81-340731.02	WDJ084159.81-340731.02	130.49923	-34.12528	43.552	m	16.08	8407	0.6429
WD J104801.23-015314.64	WDJ104801.23-015314.64	162.00513	-1.8874	43.583	m	18.05	4909	0.5314
WD J190102.01+430022.79	WDJ190102.01+430022.79	285.25838	43.00633	43.598	m	18.73	7512	1.297
WD J231525.93+683124.71	WDJ231525.93+683124.71	348.85803	68.52353	43.603	m	15.96	8967	0.6804
WD J003459.41-102114.61	WDJ003459.41-102114.61	8.74753	-10.35406	43.617	m	17.81	6044	0.8562
WD J081527.15-065128.06	WDJ081527.15-065128.06	123.86312	-6.85779	43.619	m	18.44	4605	0.5658
WD J060717.02-243932.14	WDJ060717.02-243932.14	91.82093	-24.65893	43.62	m	17.09	6653	0.7102
WD J052409.49-693757.87	WDJ052409.49-693757.87	81.03953	-69.63274	43.621	m	16.42	7185	0.545
WD J182337.01+410402.11	WDJ182337.01+410402.11	275.90421	41.06725	43.622	m	14.26	1.655e4	0.5743
WD J121236.05-062217.65	WDJ121236.05-062217.65	183.15022	-6.37157	43.631	m	16.92	6333	0.5504
WD J070258.93+440653.78	WDJ070258.93+440653.78	105.74553	44.11494	43.637	m	15.28	1.07e4	0.6404
WD J101839.84-310802.03	WDJ101839.84-310802.03	154.66602	-31.1339	43.639	m	14.69	1.551e4	0.7057
WD J212841.04+294813.01	WDJ212841.04+294813.01	322.171	29.80361	43.669	m	19.04	5451	1.114
WD J014934.37+240046.53	WDJ014934.37+240046.53	27.39322	24.01293	43.68	m	15.97	9845	0.8117
WD J114935.76+235320.87	WDJ114935.76+235320.87	177.399	23.88913	43.688	m	17.98	4987	0.5288
WD J053720.93+073232.37	WDJ053720.93+073232.37	84.33719	7.54232	43.692	m	16.96	7763	0.8852
WD J025518.74-320644.41	WDJ025518.74-320644.41	43.82809	-32.11233	43.699	m	17.31	6770	0.8318
WD J101800.04+083820.53	WDJ101800.04+083820.53	154.50015	8.63904	43.715	m	16.33	8270	0.7167
WD J182716.34+040311.27	WDJ182716.34+040311.27	276.8181	4.05313	43.715	m	18.64	4424	0.5675
WD J053702.00-374931.93	WDJ053702.00-374931.93	84.25833	-37.82554	43.722	m	17.38	5915	0.6256
WD J015328.95+355729.32	WDJ015328.95+355729.32	28.37061	35.95814	43.724	m	17.02	7277	0.8141
WD J133757.15+611037.83	WDJ133757.15+611037.83	204.48812	61.17717	43.733	m	17.67	5514	0.6137
WD J052240.67-080229.96	WDJ052240.67-080229.96	80.66945	-8.04165	43.734	m	14.71	1.183e4	0.5171
WD J055546.01-572629.08	WDJ055546.01-572629.08	88.94171	-57.44141	43.742	m	17.37	6029	0.658
WD J041457.38+100008.67	WDJ041457.38+100008.67	63.73906	10.00241	43.752	m	18.22	4759	0.5326
WD J162419.27+551945.02	WDJ162419.27+551945.02	246.08029	55.32917	43.755	m	18.24	4894	0.6018
WD J061403.60-584201.43	WDJ061403.60-584201.43	93.51501	-58.7004	43.765	m	17.4	5913	0.6361
WD J193356.89+622726.33	WDJ193356.89+622726.33	293.48704	62.45731	43.767	m	18.32	4617	0.5057
WD J012521.13-761711.47	WDJ012521.13-761711.47	21.33804	-76.28652	43.778	m	16.53	7266	0.6051
WD J095111.14-424130.52	WDJ095111.14-424130.52	147.79642	-42.69181	43.792	m	17.14	5234	0.3441
WD J002132.23-374518.24	WDJ002132.23-374518.24	5.38431	-37.75507	43.793	m	16.65	7708	0.747
WD J230522.94-091057.48	WDJ230522.94-091057.48	346.34556	-9.18263	43.794	m	16.64	7220	0.6357
WD J175255.76+094752.03	WDJ175255.76+094752.03	268.23235	9.79779	43.804	m	15.61	1.058e4	0.758
WD J163210.66-185355.26	WDJ163210.66-185355.26	248.04443	-18.89868	43.811	m	18.12	4803	0.5063
WD J080205.22-520420.44	WDJ080205.22-520420.44	120.52175	-52.07235	43.823	m	18.08	4971	0.5649
WD J014516.82-105617.18	WDJ014516.82-105617.18	26.32008	-10.93811	43.835	m	16.81	6555	0.5548
WD J062056.51-193618.86	WDJ062056.51-193618.86	95.23546	-19.60524	43.847	m	18.33	4797	0.6026
WD J115034.52+290344.11	WDJ115034.52+290344.11	177.64384	29.06225	43.848	m	16.58	6898	0.5335
WD J223028.69-002331.39	WDJ223028.69-002331.39	337.61953	-0.39205	43.851	m	15.4	9455	0.5253
WD J134302.39-253933.46	WDJ134302.39-253933.46	205.75996	-25.65929	43.864	m	17.66	5757	0.6988
WD J062555.04-141442.31	WDJ062555.04-141442.31	96.47935	-14.24509	43.883	m	16.5	8020	0.7426
WD J234602.94-475102.29	WDJ234602.94-475102.29	356.51226	-47.85064	43.901	m	17.53	5535	0.5574
WD J190425.03+242708.45	WDJ190425.03+242708.45	286.10427	24.45235	43.911	m	20.17	4615	1.201
WD J044346.43-785150.18	WDJ044346.43-785150.18	70.94345	-78.86394	43.967	m	13.44	2.351e4	0.5377
WD J053724.80+073112.00	WDJ053724.80+073112.00	84.35332	7.52	43.975	m	17.41	6352	0.7632
WD J161050.22-251316.15	WDJ161050.22-251316.15	242.70923	-25.22115	43.976	m	15.18	1.01e4	0.5269
WD J062010.45+381921.06	WDJ062010.45+381921.06	95.04354	38.32252	43.987	m	17.6	5679	0.6366
WD J190458.19+084141.55	WDJ190458.19+084141.55	286.24247	8.69488	43.987	m	17.42	6541	0.815
WD J215954.74+392227.95	WDJ215954.74+392227.95	329.97809	39.37443	43.99	m	18.02	5089	0.5806
WD J232052.17+532532.83	WDJ232052.17+532532.83	350.21736	53.42579	43.991	m	17.09	7275	0.8299
WD J231844.64-313501.38	WDJ231844.64-313501.38	349.686	-31.58372	44.024	m	18.42	4524	0.5117
WD J085911.29-364730.82	WDJ085911.29-364730.82	134.79705	-36.79189	44.059	m	15.48	9614	0.5797
WD J043529.55+451848.23	WDJ043529.55+451848.23	68.87315	45.3134	44.06	m	17.36	6604	0.8024
WD J133644.41-103936.09	WDJ133644.41-103936.09	204.18503	-10.66002	44.083	m	17.48	6314	0.7804
WD J124346.27-420513.51	WDJ124346.27-420513.51	190.94278	-42.08709	44.085	m	17.97	5026	0.5371
WD J022611.16-433506.04	WDJ022611.16-433506.04	36.5465	-43.58501	44.093	m	17.65	5411	0.5598
WD J094621.42+325129.09	WDJ094621.42+325129.09	146.58924	32.85808	44.099	m	17.04	6662	0.6814
WD J101151.01+264745.70	WDJ101151.01+264745.70	152.96253	26.79603	44.099	m	17.72	5434	0.5996
WD J105630.08+233618.41	WDJ105630.08+233618.41	164.12534	23.60511	44.109	m	17.81	5122	0.5091
WD J095912.96+801100.44	WDJ095912.96+801100.44	149.804	80.18346	44.122	m	16.47	7245	0.56
WD J162259.79+420644.43	WDJ162259.79+420644.43	245.74912	42.11234	44.13	m	18.64	3672	0.3004
WD J053818.31+443647.69	WDJ053818.31+443647.69	84.5763	44.61325	44.184	m	17.16	6126	0.5821
WD J071348.57+091449.34	WDJ071348.57+091449.34	108.45239	9.24704	44.2	m	18.51	4557	0.561
WD J181335.45+324843.78	WDJ181335.45+324843.78	273.39771	32.81216	44.219	m	16.93	6440	0.5647
WD J033223.30-250054.36	WDJ033223.30-250054.36	53.09709	-25.0151	44.243	m	18.04	4853	0.4869
WD J161043.54+132704.74	WDJ161043.54+132704.74	242.6814	13.45132	44.25	m	16.89	6500	0.5657
WD J113347.15+330124.25	WDJ113347.15+330124.25	173.44646	33.0234	44.265	m	16.62	9073	0.9445
WD J034329.03-454904.23	WDJ034329.03-454904.23	55.87097	-45.81784	44.274	m	15.04	1.163e4	0.6226
WD J034708.45-230618.89	WDJ034708.45-230618.89	56.78523	-23.10525	44.277	m	17.17	6459	0.6793
WD J001100.92-773542.73	WDJ001100.92-773542.73	2.75383	-77.5952	44.29	m	18.32	4656	0.5196
WD J191159.70-134503.75	WDJ191159.70-134503.75	287.99873	-13.75104	44.306	m	17.88	4872	0.4488
WD J162712.98+002818.51	WDJ162712.98+002818.51	246.80406	0.47181	44.312	m	17.34	5866	0.581
WD J232329.25+350844.97	WDJ232329.25+350844.97	350.87188	35.14583	44.317	m	17.1	6726	0.7053
WD J140617.30+181249.13	WDJ140617.30+181249.13	211.57209	18.21365	44.323	m	17.11	7284	0.8417
WD J190017.30+392235.25	WDJ190017.30+392235.25	285.07207	39.37646	44.345	m	15.62	9406	0.5906
WD J021541.30-090056.81	WDJ021541.30-090056.81	33.92208	-9.01578	44.361	m	16.09	9132	0.7462
WD J000011.43-040315.24	WDJ000011.43-040315.24	0.04761	-4.05423	44.363	m	17.78	5574	0.6732
WD J181331.21+324831.29	WDJ181331.21+324831.29	273.38004	32.80869	44.375	m	16.31	7676	0.5773
WD J204833.68-213303.49	WDJ204833.68-213303.49	312.14034	-21.55097	44.377	m	18.28	5620	0.903
WD J213814.53-333021.03	WDJ213814.53-333021.03	324.56055	-33.50584	44.414	m	17.17	6103	0.5768
WD J195346.09+020608.53	WDJ195346.09+020608.53	298.44206	2.10237	44.422	m	18.1	4849	0.5067
WD J125733.17-555439.10	WDJ125733.17-555439.10	194.3882	-55.91086	44.44	m	16.48	6367	0.4094
WD J145224.96-001134.62	WDJ145224.96-001134.62	223.10401	-0.19295	44.442	m	17.84	5244	0.5688
WD J033726.13-244542.66	WDJ033726.13-244542.66	54.35886	-24.76185	44.443	m	17.34	5835	0.5675
WD J020733.81+333129.53	WDJ020733.81+333129.53	31.89086	33.52487	44.447	m	17.51	5716	0.5979
WD J171619.37-010551.53	WDJ171619.37-010551.53	259.08071	-1.09765	44.449	m	17.42	5573	0.5085
WD J155755.23-383242.75	WDJ155755.23-383242.75	239.48014	-38.54521	44.465	m	18.23	4780	0.5318
WD J101630.12-362642.84	WDJ101630.12-362642.84	154.12551	-36.44523	44.477	m	17.98	5066	0.5525
WD J222636.01+430315.66	WDJ222636.01+430315.66	336.65003	43.05435	44.482	m	18.69	4225	0.4748
WD J082001.34+383435.52	WDJ082001.34+383435.52	125.00559	38.57653	44.5	m	16.43	7641	0.622
WD J173356.98-164029.50	WDJ173356.98-164029.50	263.48742	-16.67486	44.514	m	18.15	4940	0.5678
WD J225216.06+101918.57	WDJ225216.06+101918.57	343.06693	10.32183	44.528	m	17.92	5415	0.6684
WD J054527.12-393559.70	WDJ054527.12-393559.70	86.36298	-39.59992	44.534	m	16.89	5220	0.2669
WD J042009.54+252640.33	WDJ042009.54+252640.33	65.03975	25.44454	44.539	m	17.64	5493	0.5737
WD J075032.33+091858.16	WDJ075032.33+091858.16	117.63473	9.31615	44.55	m	17.94	5022	0.5098
WD J205342.94-045939.72	WDJ205342.94-045939.72	313.42893	-4.99437	44.554	m	15.52	1.104e4	0.7594
WD J082403.35-121943.66	WDJ082403.35-121943.66	126.01395	-12.32879	44.556	m	14.74	1.218e4	0.5351
WD J080502.93-170216.57	WDJ080502.93-170216.57	121.2622	-17.03794	44.569	m	17.61	1.141e4	1.318
WD J221449.42+232212.24	WDJ221449.42+232212.24	333.70594	23.37007	44.579	m	20.1		
WD J050457.57+150922.93	WDJ050457.57+150922.93	76.23989	15.15637	44.59	m	17.99	5231	0.6198
WD J041742.14-434810.97	WDJ041742.14-434810.97	64.42557	-43.80305	44.606	m	17.34	6286	0.7031
WD J175358.88-310727.50	WDJ175358.88-310727.50	268.49532	-31.12431	44.608	m	15.85	1.8e4	1.165
WD J171613.77-061504.44	WDJ171613.77-061504.44	259.05738	-6.25123	44.625	m	17.06	6938	0.7431
WD J182713.09+040346.79	WDJ182713.09+040346.79	276.80453	4.063	44.627	m	13.92	1.275e4	0.362
WD J215440.38-714223.73	WDJ215440.38-714223.73	328.66825	-71.70659	44.628	m	17.97	5159	0.5846
WD J021719.73-065628.77	WDJ021719.73-065628.77	34.33222	-6.94132	44.632	m	17.78	5311	0.5637
WD J175725.80+102124.82	WDJ175725.80+102124.82	269.35751	10.3569	44.64	m	16.1	9404	0.7887
WD J231953.94-595822.00	WDJ231953.94-595822.00	349.97476	-59.97278	44.651	m	16.91	8215	0.9244
WD J174018.21-073756.69	WDJ174018.21-073756.69	265.07587	-7.63241	44.651	m	16.66	7525	0.6979
WD J121847.05-152340.30	WDJ121847.05-152340.30	184.69603	-15.39453	44.688	m	18.59	4322	0.4758
WD J220326.80+084102.53	WDJ220326.80+084102.53	330.86165	8.68403	44.69	m	17.34	5864	0.5699
WD J133546.91-054257.54	WDJ133546.91-054257.54	203.94545	-5.71598	44.715	m	16.22	7874	0.5808
WD J225643.84-665939.77	WDJ225643.84-665939.77	344.18267	-66.99438	44.727	m	17.99	5212	0.6138
WD J012029.28-414554.08	WDJ012029.28-414554.08	20.122	-41.76502	44.76	m	16.7	7525	0.7153
WD J124234.49+131142.09	WDJ124234.49+131142.09	190.64373	13.19502	44.767	m	18.08	5077	0.5894
WD J170445.75+764136.79	WDJ170445.75+764136.79	256.19061	76.69355	44.77	m	17.95	5402	0.6678
WD J080745.53+443107.38	WDJ080745.53+443107.38	121.93969	44.51872	44.771	m	17.51	6276	0.7688
WD J003426.93+151801.70	WDJ003426.93+151801.70	8.61222	15.30047	44.772	m	16.78	6886	0.6033
WD J173213.96+293417.07	WDJ173213.96+293417.07	263.05818	29.57141	44.799	m	17.23	5956	0.5478
WD J142833.74+440346.94	WDJ142833.74+440346.94	217.14057	44.06304	44.802	m	16.89	7425	0.7737
WD J014602.76-125848.64	WDJ014602.76-125848.64	26.51148	-12.98018	44.802	m	16.94	6830	0.6631
WD J164056.16-363749.84	WDJ164056.16-363749.84	250.23398	-36.63051	44.82	m	16.44	8391	0.7644
WD J121732.91+320513.52	WDJ121732.91+320513.52	184.38713	32.08709	44.837	m	16.92	7440	0.7846
WD J230645.11-772109.27	WDJ230645.11-772109.27	346.68795	-77.35257	44.84	m	14.47	1.082e4	0.3972
WD J214140.54+225824.26	WDJ214140.54+225824.26	325.41892	22.9734	44.844	m	17.68	6020	0.7618
WD J182157.35-621102.62	WDJ182157.35-621102.62	275.48896	-62.18406	44.851	m	17.02	6382	0.5801
WD J155755.87-383243.60	WDJ155755.87-383243.60	239.4828	-38.54544	44.903	m	17.87	4970	0.4692
WD J184526.25-262025.23	WDJ184526.25-262025.23	281.35939	-26.34034	44.94	m	18.1	5030	0.5775
WD J123150.23+145205.91	WDJ123150.23+145205.91	187.95931	14.86831	44.94	m	17.99	5688	0.7928
WD J110853.16-065527.96	WDJ110853.16-065527.96	167.22151	-6.92443	44.941	m	18.52	4323	0.4615
WD J012637.44-511653.35	WDJ012637.44-511653.35	21.65601	-51.28149	44.944	m	17.08	6348	0.5969
WD J022827.20-324233.80	WDJ022827.20-324233.80	37.11335	-32.70939	44.949	m	13.85	2.229e4	0.6256
WD J123456.22+473733.37	WDJ123456.22+473733.37	188.73425	47.62593	44.952	m	14.52	1.523e4	0.592
WD J031522.79+161432.09	WDJ031522.79+161432.09	48.84496	16.24225	44.977	m	17.5	5784	0.6065
WD J043511.79+552224.58	WDJ043511.79+552224.58	68.79912	55.3735	44.98	m	15.91	8755	0.5994
WD J071550.26-772230.80	WDJ071550.26-772230.80	108.95941	-77.37522	44.983	m	16.93	6923	0.6761
WD J132457.07-190212.35	WDJ132457.07-190212.35	201.23777	-19.03676	44.996	m	17.04	6844	0.7056
WD J093936.90-430841.25	WDJ093936.90-430841.25	144.90377	-43.14479	44.998	m	17.31	6804	0.8132
WD J235023.85+101348.49	WDJ235023.85+101348.49	357.59935	10.23014	45.008	m	17.41	6277	0.7172
WD J214043.54+161728.76	WDJ214043.54+161728.76	325.18142	16.29132	45.015	m	17.9	6035	0.8561
WD J131737.41+062121.58	WDJ131737.41+062121.58	199.40587	6.356	45.042	m	18.01	5032	0.5359
WD J055926.12-291920.76	WDJ055926.12-291920.76	89.85882	-29.32243	45.075	m	18.04	5108	0.583
WD J024657.97+162242.99	WDJ024657.97+162242.99	41.74155	16.37861	45.089	m	15.61	1.095e4	0.7728
WD J105539.95-291952.68	WDJ105539.95-291952.68	163.91647	-29.3313	45.095	m	15.29	1.049e4	0.5958
WD J222834.64-061219.56	WDJ222834.64-061219.56	337.14433	-6.20543	45.124	m	16.61	6943	0.538
WD J035122.86-254054.25	WDJ035122.86-254054.25	57.84526	-25.68173	45.129	m	15.71	1.074e4	0.7938
WD J161529.09-101321.85	WDJ161529.09-101321.85	243.87122	-10.22274	45.14	m	17.56	5877	0.6641
WD J214848.95-230646.28	WDJ214848.95-230646.28	327.20398	-23.11285	45.143	m	17.68	5511	0.5898
WD J092834.07+145831.10	WDJ092834.07+145831.10	142.14196	14.97531	45.157	m	18.06	5621	0.7932
WD J082056.07+480352.99	WDJ082056.07+480352.99	125.23362	48.06472	45.163	m	17.01	6316	0.5507
WD J064349.67-501717.91	WDJ064349.67-501717.91	100.95697	-50.28831	45.212	m	16.63	7174	0.5987
WD J102747.78+192824.44	WDJ102747.78+192824.44	156.94907	19.47346	45.222	m	17.2	7179	0.8409
WD J180450.53+282602.83	WDJ180450.53+282602.83	271.21055	28.43412	45.224	m	18.49	4608	0.5445
WD J040205.98-193112.06	WDJ040205.98-193112.06	60.52492	-19.52002	45.236	m	18.59	5239	0.8788
WD J233623.19-030012.13	WDJ233623.19-030012.13	354.09664	-3.00337	45.238	m	17.99	5170	0.5828
WD J005330.50-102241.21	WDJ005330.50-102241.21	13.37709	-10.37811	45.24	m	18.51	5144	0.8075
WD J200736.50+174214.73	WDJ200736.50+174214.73	301.9021	17.70409	45.242	m	15.18	9718	0.4641
WD J222125.38-412527.05	WDJ222125.38-412527.05	335.35573	-41.42418	45.244	m	15.37	1.021e4	0.5934
WD J094213.05+094245.85	WDJ094213.05+094245.85	145.55439	9.71274	45.246	m	17.94	5226	0.5854
WD J204927.33-432845.82	WDJ204927.33-432845.82	312.36389	-43.4794	45.252	m	16.93	7479	0.7901
WD J071033.41+752635.71	WDJ071033.41+752635.71	107.63919	75.44325	45.263	m	19.18	7539	1.355
WD J155842.94-235841.58	WDJ155842.94-235841.58	239.67891	-23.97822	45.267	m	18.41	6400	1.116
WD J210126.68-350933.54	WDJ210126.68-350933.54	315.36115	-35.15932	45.267	m	17.04	6537	0.6216
WD J080537.65+383212.78	WDJ080537.65+383212.78	121.40687	38.53688	45.27	m	15.53	1.117e4	0.7559
WD J201343.26+341355.59	WDJ201343.26+341355.59	303.43026	34.23211	45.272	m	15.66	1.183e4	0.8605
WD J101323.35-333014.01	WDJ101323.35-333014.01	153.3473	-33.50389	45.272	m	18.9	4161	0.5371
WD J042355.70+162115.12	WDJ042355.70+162115.12	65.98207	16.3542	45.273	m	14.33	1.941e4	0.6952
WD J031641.94+260202.42	WDJ031641.94+260202.42	49.17477	26.03401	45.274	m	17.8	5536	0.6461
WD J025443.06+170650.30	WDJ025443.06+170650.30	43.67943	17.11397	45.28	m	18.47	4575	0.5261
WD J033712.05-460959.39	WDJ033712.05-460959.39	54.3002	-46.16649	45.282	m	18.49	4069	0.3626
WD J040214.74+251150.29	WDJ040214.74+251150.29	60.56143	25.1973	45.288	m	17.48	5672	0.554
WD J015152.52-443917.10	WDJ015152.52-443917.10	27.96885	-44.65475	45.295	m	17.19	6649	0.7163
WD J014857.07+023225.38	WDJ014857.07+023225.38	27.23779	2.54038	45.298	m	16.62	7839	0.7289
WD J061056.43+475925.17	WDJ061056.43+475925.17	92.73513	47.99032	45.303	m	15.18	1.306e4	0.7474
WD J040241.53-403747.83	WDJ040241.53-403747.83	60.67305	-40.62995	45.305	m	15.39	1.011e4	0.5863
WD J092921.29-041005.70	WDJ092921.29-041005.70	142.3387	-4.16825	45.324	m	14.8	1.342e4	0.6068
WD J060818.75+020456.98	WDJ060818.75+020456.98	92.07812	2.0825	45.327	m	15.87	9939	0.7546
WD J134102.38-080201.85	WDJ134102.38-080201.85	205.25993	-8.03385	45.328	m	16.28	7720	0.5599
WD J120815.61+084543.16	WDJ120815.61+084543.16	182.06505	8.76199	45.34	m	18.07	4928	0.5091
WD J233040.52+010047.66	WDJ233040.52+010047.66	352.66884	1.01324	45.344	m	17.26	6558	0.7234
WD J085229.43-423147.04	WDJ085229.43-423147.04	133.12261	-42.52973	45.348	m	17.76	5614	0.6578
WD J003024.24-481244.92	WDJ003024.24-481244.92	7.601	-48.21248	45.348	m	15.43	1.341e4	0.8686
WD J045711.03-023428.33	WDJ045711.03-023428.33	74.29594	-2.57454	45.348	m	18.55	4394	0.4758
WD J084948.63+331925.05	WDJ084948.63+331925.05	132.45264	33.32363	45.361	m	16.44	7644	0.6079
WD J024517.87-424023.65	WDJ024517.87-424023.65	41.32445	-42.67324	45.365	m	17.74	5728	0.6884
WD J054756.34+575922.48	WDJ054756.34+575922.48	86.98476	57.98958	45.397	m	15.58	9784	0.6147
WD J172041.23+055242.00	WDJ172041.23+055242.00	260.17181	5.87833	45.415	m	18.24	4872	0.5567
WD J050823.28+744430.34	WDJ050823.28+744430.34	77.097	74.74176	45.429	m	19.04	5237	1.038
WD J163303.09+031132.63	WDJ163303.09+031132.63	248.26287	3.1924	45.43	m	17.79	5416	0.5926
WD J220655.70-045936.35	WDJ220655.70-045936.35	331.73209	-4.99343	45.44	m	18.8	4165	0.4857
WD J004704.95-154903.79	WDJ004704.95-154903.79	11.77061	-15.81772	45.447	m	17	7685	0.8552
WD J101704.32+761902.74	WDJ101704.32+761902.74	154.26801	76.31743	45.449	m	16.66	7092	0.5863
WD J110022.76-160011.79	WDJ110022.76-160011.79	165.09483	-16.00327	45.454	m	17.62	6184	0.7759
WD J000254.06+461402.89	WDJ000254.06+461402.89	0.72527	46.23414	45.455	m	17.8	5262	0.527
WD J173841.66+051607.66	WDJ173841.66+051607.66	264.67359	5.2688	45.473	m	15.87	8905	0.5959
WD J012302.70-585740.75	WDJ012302.70-585740.75	20.76126	-58.96132	45.476	m	16.37	9067	0.829
WD J191306.75-102123.29	WDJ191306.75-102123.29	288.27811	-10.35647	45.519	m	17.19	6525	0.6802
WD J225726.12+075542.60	WDJ225726.12+075542.60	344.35882	7.9285	45.519	m	17.16	1.271e4	1.286
WD J060057.17+032729.54	WDJ060057.17+032729.54	90.2382	3.4582	45.521	m	18.43	4487	0.4629
WD J012827.45-004512.50	WDJ012827.45-004512.50	22.11436	-0.75347	45.543	m	17.45	5635	0.5243
WD J101243.64-104335.14	WDJ101243.64-104335.14	153.18185	-10.72643	45.572	m	18.74	4752	0.7333
WD J112215.95+283942.59	WDJ112215.95+283942.59	170.56645	28.66183	45.581	m	17.82	5674	0.6982
WD J071321.60+213406.91	WDJ071321.60+213406.91	108.34	21.56859	45.583	m	15.29	1.04e4	0.5728
WD J003541.97+200938.48	WDJ003541.97+200938.48	8.92487	20.16069	45.614	m	18.13	5528	0.7799
WD J163740.64+134036.51	WDJ163740.64+134036.51	249.41933	13.67681	45.616	m	16.81	6907	0.6022
WD J050306.05+250352.65	WDJ050306.05+250352.65	75.77519	25.06462	45.626	m	16.34	8309	0.6878
WD J121531.71+463014.12	WDJ121531.71+463014.12	183.88211	46.50392	45.631	m	17.02	6636	0.6259
WD J182908.35-214241.95	WDJ182908.35-214241.95	277.28478	-21.71165	45.659	m	18.52	3815	0.2713
WD J181527.41+315849.44	WDJ181527.41+315849.44	273.86419	31.9804	45.661	m	17.93	5016	0.4767
WD J203606.47-342705.81	WDJ203606.47-342705.81	309.02697	-34.45161	45.667	m	17.34	6310	0.6865
WD J144341.73-420653.67	WDJ144341.73-420653.67	220.92387	-42.11491	45.668	m	17.6	1.095e4	1.294
WD J181514.70+405431.63	WDJ181514.70+405431.63	273.81123	40.90879	45.68	m	18.08	5073	0.5656
WD J155721.66+141210.60	WDJ155721.66+141210.60	239.34025	14.20295	45.687	m	18.32	4667	0.4875
WD J084600.74+694434.76	WDJ084600.74+694434.76	131.50306	69.74299	45.698	m	18.06	5022	0.5415
WD J091247.96+225155.13	WDJ091247.96+225155.13	138.19983	22.86531	45.702	m	18.13	4906	0.5167
WD J063416.66+384856.76	WDJ063416.66+384856.76	98.56941	38.81576	45.704	m	15.74	1.236e4	0.9256
WD J055059.27+311705.13	WDJ055059.27+311705.13	87.74694	31.28476	45.712	m	17.17	7385	0.8607
WD J003318.92+554047.49	WDJ003318.92+554047.49	8.32882	55.67986	45.725	m	15.95	8832	0.6087
WD J110021.77-160014.95	WDJ110021.77-160014.95	165.09071	-16.00415	45.748	m	17.91	5517	0.6803
WD J062543.08-773736.56	WDJ062543.08-773736.56	96.4295	-77.62682	45.759	m	17.5	5954	0.6504
WD J213513.98+480341.15	WDJ213513.98+480341.15	323.80826	48.06143	45.768	m	17.71	5355	0.5173
WD J170513.26+042345.21	WDJ170513.26+042345.21	256.30525	4.39589	45.77	m	16.08	8301	0.573
WD J235014.52-252016.34	WDJ235014.52-252016.34	357.56051	-25.33787	45.791	m	17.75	5538	0.6176
WD J124046.05-393251.59	WDJ124046.05-393251.59	190.19189	-39.54766	45.803	m	15.77	1.014e4	0.7337
WD J200820.29+374713.46	WDJ200820.29+374713.46	302.08455	37.78707	45.81	m	17.39	6080	0.6247
WD J113347.81+624313.29	WDJ113347.81+624313.29	173.44919	62.72036	45.816	m	16.25	6718	0.3877
WD J045346.32+442858.83	WDJ045346.32+442858.83	73.44302	44.48301	45.828	m	18.7	4232	0.4762
WD J012857.92-691548.62	WDJ012857.92-691548.62	22.24132	-69.26351	45.83	m	15.98	8575	0.582
WD J013715.16-172722.72	WDJ013715.16-172722.72	24.31319	-17.45631	45.835	m	15.23	1.11e4	0.6215
WD J142147.20+422622.90	WDJ142147.20+422622.90	215.44665	42.43969	45.846	m	17.33	8901	1.122
WD J162702.54-541111.26	WDJ162702.54-541111.26	246.76057	-54.18646	45.85	m	15.43	1.054e4	0.6468
WD J164055.96+034534.08	WDJ164055.96+034534.08	250.23319	3.75947	45.856	m	18.44	4681	0.5457
WD J063534.38-054417.75	WDJ063534.38-054417.75	98.89327	-5.73826	45.862	m	17.75	5949	0.7559
WD J075514.68-345639.49	WDJ075514.68-345639.49	118.81116	-34.9443	45.892	m	18.16	4878	0.5165
WD J071603.60+015949.27	WDJ071603.60+015949.27	109.01499	1.99702	45.905	m	15.51	9933	0.5992
WD J071041.10-195913.94	WDJ071041.10-195913.94	107.67125	-19.98721	45.947	m	17.83	5444	0.6112
WD J175916.15-433641.62	WDJ175916.15-433641.62	269.81731	-43.61156	45.954	m	17.71	5785	0.6862
WD J044023.88+135845.88	WDJ044023.88+135845.88	70.09949	13.97941	45.956	m	14.91	1.577e4	0.7533
WD J135754.61-364643.27	WDJ135754.61-364643.27	209.47754	-36.77868	45.968	m	18.09	5102	0.5835
WD J232257.93+210803.07	WDJ232257.93+210803.07	350.74138	21.13418	45.971	m	17.92	5504	0.6656
WD J094127.58+651144.24	WDJ094127.58+651144.24	145.36491	65.19562	45.979	m	18.44	4399	0.4448
WD J225408.62+132357.35	WDJ225408.62+132357.35	343.53592	13.39927	45.98	m	18.54	4476	0.4883
WD J084601.17+694437.40	WDJ084601.17+694437.40	131.50487	69.74372	45.982	m	17.55	5754	0.6002
WD J232755.27+263821.32	WDJ232755.27+263821.32	351.98031	26.63925	45.985	m	18.3	4931	0.5977
WD J150908.30+304104.68	WDJ150908.30+304104.68	227.28459	30.68463	45.992	m	17.43	6563	0.7822
WD J020141.28-265037.89	WDJ020141.28-265037.89	30.42198	-26.84386	45.996	m	17.04	7494	0.8239
WD J164302.26+384117.21	WDJ164302.26+384117.21	250.75942	38.68811	46.006	m	14.63	1.59e4	0.6494
WD J040159.69-342811.78	WDJ040159.69-342811.78	60.49871	-34.46994	46.011	m	17.52	5218	0.4242
WD J054826.41+303241.25	WDJ054826.41+303241.25	87.11006	30.54479	46.013	m	16.81	6478	0.4903
WD J144954.69-625420.99	WDJ144954.69-625420.99	222.47788	-62.90583	46.02	m	20.87		
WD J015342.06+180857.68	WDJ015342.06+180857.68	28.42523	18.14936	46.039	m	16.48	9422	0.9113
WD J050234.19+540108.52	WDJ050234.19+540108.52	75.64244	54.01903	46.048	m	15.24	1.114e4	0.6238
WD J164736.18-431021.51	WDJ164736.18-431021.51	251.90076	-43.17264	46.056	m	17.51	6246	0.7321
WD J232557.82+255222.39	WDJ232557.82+255222.39	351.4909	25.87289	46.061	m	16.86	5851	0.389
WD J232834.17+593400.44	WDJ232834.17+593400.44	352.14238	59.56679	46.063	m	17.74	5923	0.7312
WD J185742.84+405213.60	WDJ185742.84+405213.60	284.4285	40.87044	46.066	m	18.65	4404	0.5043
WD J070245.87+000318.99	WDJ070245.87+000318.99	105.69112	0.05528	46.073	m	15.12	1.215e4	0.6583
WD J153556.47+212522.86	WDJ153556.47+212522.86	233.98528	21.42302	46.081	m	16.99	6738	0.6313
WD J174739.41-685651.50	WDJ174739.41-685651.50	266.9142	-68.94764	46.095	m	17.54	5774	0.6032
WD J195109.20-262634.04	WDJ195109.20-262634.04	297.78831	-26.44279	46.106	m	17.21	7423	0.8796
WD J080420.96+225017.36	WDJ080420.96+225017.36	121.08732	22.83816	46.123	m	14.97	1.92e4	0.9146
WD J190006.51+425333.15	WDJ190006.51+425333.15	285.02712	42.89254	46.13	m	18.21	5050	0.6046
WD J085722.50-224532.06	WDJ085722.50-224532.06	134.34377	-22.75891	46.137	m	15.19	1.096e4	0.5858
WD J094316.59+513441.34	WDJ094316.59+513441.34	145.81912	51.57815	46.141	m	18.16	4782	0.4662
WD J181516.17+405418.92	WDJ181516.17+405418.92	273.81736	40.90526	46.153	m	17.61	6073	0.7186
WD J040229.40+481256.62	WDJ040229.40+481256.62	60.62252	48.21573	46.173	m	18.09	4948	0.5067
WD J232755.40+263824.46	WDJ232755.40+263824.46	351.98085	26.64013	46.178	m	17.58	6733	0.8768
WD J045527.27-625844.61	WDJ045527.27-625844.61	73.86363	-62.97906	46.183	m	14.97	1.184e4	0.5738
WD J070104.50-215747.46	WDJ070104.50-215747.46	105.26874	-21.96318	46.189	m	14.82	8677	0.291
WD J074153.24+065126.28	WDJ074153.24+065126.28	115.47183	6.8573	46.194	m	17.3	7605	0.9438
WD J020229.47-133501.23	WDJ020229.47-133501.23	30.62279	-13.58367	46.197	m	18.23	4863	0.5334
WD J120242.83-691439.31	WDJ120242.83-691439.31	180.67846	-69.24425	46.212	m	16.92	7154	0.695
WD J214926.81-090025.09	WDJ214926.81-090025.09	327.36169	-9.00697	46.217	m	19.51		
WD J214208.07+132906.44	WDJ214208.07+132906.44	325.53363	13.48512	46.221	m	18.05	5302	0.6419
WD J023521.60-225119.81	WDJ023521.60-225119.81	38.83999	-22.8555	46.224	m	17.07	6433	0.5873
WD J141420.51+242047.65	WDJ141420.51+242047.65	213.58545	24.34657	46.228	m	18.31	5129	0.6851
WD J164055.84+034533.83	WDJ164055.84+034533.83	250.23266	3.7594	46.228	m	18.38	4507	0.4532
WD J115742.38-600646.75	WDJ115742.38-600646.75	179.4266	-60.11299	46.236	m	14.86	1.282e4	0.5827
WD J023631.61-493316.06	WDJ023631.61-493316.06	39.13173	-49.55446	46.238	m	17.16	7427	0.8579
WD J233430.06+620648.29	WDJ233430.06+620648.29	353.62526	62.11341	46.247	m	17.97	4975	0.4757
WD J014721.82-215651.39	WDJ014721.82-215651.39	26.84094	-21.94761	46.252	m	15.21	1.109e4	0.6042
WD J104627.91+605448.32	WDJ104627.91+605448.32	161.61628	60.91342	46.256	m	18.03	5175	0.5813
WD J185115.82+730136.34	WDJ185115.82+730136.34	282.81591	73.02676	46.259	m	16.44	8640	0.771
WD J101606.87-011917.14	WDJ101606.87-011917.14	154.02864	-1.32143	46.265	m	15.28	7766	0.2933
WD J055134.45+413529.95	WDJ055134.45+413529.95	87.89356	41.59165	46.266	m	16.35	1.297e4	1.139
WD J061250.77+491904.65	WDJ061250.77+491904.65	93.21155	49.31796	46.321	m	17.94	5115	0.5095
WD J054255.26-370046.14	WDJ054255.26-370046.14	85.73027	-37.01281	46.329	m	18.33	4674	0.487
WD J174729.00-223416.64	WDJ174729.00-223416.64	266.87082	-22.57129	46.356	m	19.16		
WD J200905.60-602542.53	WDJ200905.60-602542.53	302.27335	-60.42848	46.363	m	13.31	3.879e4	0.8443
WD J085215.09-191451.37	WDJ085215.09-191451.37	133.06287	-19.24761	46.37	m	18.07	4937	0.4935
WD J050303.44+751007.52	WDJ050303.44+751007.52	75.76433	75.16876	46.371	m	16.95	7427	0.7615
WD J205030.22-370324.42	WDJ205030.22-370324.42	312.62593	-37.05679	46.393	m	16.95	6766	0.6196
WD J115939.42+353803.76	WDJ115939.42+353803.76	179.91426	35.63438	46.396	m	17.32	7386	0.9044
WD J214203.89+225229.41	WDJ214203.89+225229.41	325.51622	22.87484	46.415	m	15.88	1.02e4	0.7628
WD J123743.17+602320.49	WDJ123743.17+602320.49	189.42989	60.38902	46.421	m	17.92	5320	0.5877
WD J083421.92+100400.96	WDJ083421.92+100400.96	128.59133	10.06693	46.423	m	18.32	4727	0.5081
WD J030521.00+260311.84	WDJ030521.00+260311.84	46.3375	26.05329	46.46	m	17.93	5200	0.5397
WD J020153.00+075157.48	WDJ020153.00+075157.48	30.47082	7.86597	46.464	m	16.81	6192	0.4371
WD J151343.99-291624.70	WDJ151343.99-291624.70	228.43328	-29.27353	46.466	m	16.84	8231	0.8685
WD J184113.85-215048.49	WDJ184113.85-215048.49	280.30772	-21.8468	46.488	m	18.46	4448	0.4607
WD J204918.04-085633.10	WDJ204918.04-085633.10	312.32515	-8.94253	46.49	m	15.9	9676	0.7108
WD J054725.76-484722.30	WDJ054725.76-484722.30	86.85731	-48.78953	46.495	m	15.82	1.019e4	0.7469
WD J024529.95+105618.14	WDJ024529.95+105618.14	41.37481	10.93837	46.502	m	17.98	5257	0.5868
WD J122803.17-423613.29	WDJ122803.17-423613.29	187.01323	-42.60369	46.506	m	15.07	1.218e4	0.6341
WD J090406.94+340354.07	WDJ090406.94+340354.07	136.0289	34.06502	46.508	m	18.14	5229	0.6457
WD J204047.11-651951.69	WDJ204047.11-651951.69	310.19628	-65.33102	46.512	m	16.52	7409	0.5775
WD J024340.93-443442.94	WDJ024340.93-443442.94	40.92054	-44.57859	46.513	m	17.27	6144	0.5898
WD J030922.19-292951.56	WDJ030922.19-292951.56	47.34247	-29.49765	46.516	m	17.65	5527	0.55
WD J091914.80+772350.79	WDJ091914.80+772350.79	139.81167	77.39744	46.52	m	15.11	9161	0.3932
WD J041655.55-101117.64	WDJ041655.55-101117.64	64.23145	-10.18823	46.523	m	18.41	4648	0.5058
WD J031158.15-205408.62	WDJ031158.15-205408.62	47.99231	-20.90239	46.53	m	15.59	1.112e4	0.754
WD J203714.06+740906.86	WDJ203714.06+740906.86	309.30857	74.15191	46.534	m	17.51	6181	0.7005
WD J192222.36+045418.05	WDJ192222.36+045418.05	290.59316	4.90501	46.543	m	17.5	5847	0.5986
WD J191720.89+123750.63	WDJ191720.89+123750.63	289.33705	12.63073	46.553	m	18.79	6371	1.185
WD J153554.07+212506.58	WDJ153554.07+212506.58	233.97528	21.41849	46.557	m	17.22	6286	0.6017
WD J233625.25-345843.11	WDJ233625.25-345843.11	354.10521	-34.97864	46.568	m	17.53	6533	0.8085
WD J001737.73-051646.15	WDJ001737.73-051646.15	4.4072	-5.27949	46.572	m	17.53	5704	0.563
WD J175908.38-122947.29	WDJ175908.38-122947.29	269.78493	-12.49647	46.584	m	15.35	1.069e4	0.6138
WD J024028.04+270156.98	WDJ024028.04+270156.98	40.11682	27.0325	46.587	m	18.53	5224	0.8147
WD J214634.22-302932.52	WDJ214634.22-302932.52	326.64259	-30.49237	46.596	m	17.98	5285	0.5982
WD J073111.92+402225.05	WDJ073111.92+402225.05	112.79967	40.37362	46.6	m	18.36	4774	0.5369
WD J164152.53+103419.57	WDJ164152.53+103419.57	250.46888	10.5721	46.601	m	18.37	4803	0.5581
WD J020225.37+274758.79	WDJ020225.37+274758.79	30.60572	27.79966	46.619	m	18.39	5292	0.7819
WD J072520.56-022540.22	WDJ072520.56-022540.22	111.33568	-2.42784	46.623	m	17.91	6276	0.8979
WD J174035.04-641858.57	WDJ174035.04-641858.57	265.14598	-64.31627	46.631	m	17.78	5546	0.6164
WD J091621.31+254029.10	WDJ091621.31+254029.10	139.08878	25.67475	46.634	m	17.64	5424	0.5023
WD J161755.24-153552.15	WDJ161755.24-153552.15	244.48017	-15.59782	46.642	m	13.4	2.986e4	0.6741
WD J173741.38+013849.76	WDJ173741.38+013849.76	264.42243	1.64715	46.67	m	16.79	7306	0.6642
WD J074842.49+112501.61	WDJ074842.49+112501.61	117.17702	11.41711	46.675	m	16.5	1.02e4	0.9998
WD J101518.78-432539.57	WDJ101518.78-432539.57	153.82824	-43.42766	46.678	m	18.23	5499	0.7939
WD J234711.48-262335.02	WDJ234711.48-262335.02	356.79782	-26.39306	46.68	m	16.7	7956	0.7569
WD J050047.99-062438.17	WDJ050047.99-062438.17	75.19997	-6.4106	46.683	m	16.56	7498	0.6083
WD J174033.47+232025.05	WDJ174033.47+232025.05	265.13945	23.34029	46.694	m	17.05	7176	0.7482
WD J072416.11+585137.73	WDJ072416.11+585137.73	111.06714	58.86048	46.697	m	16.84	7135	0.6475
WD J110112.24-131442.23	WDJ110112.24-131442.23	165.301	-13.24506	46.701	m	14.93	2.447e4	1.051
WD J125437.89+320329.53	WDJ125437.89+320329.53	193.65787	32.0582	46.707	m	18.55	4222	0.4074
WD J075835.00-301754.91	WDJ075835.00-301754.91	119.64584	-30.29859	46.712	m	18.35	4811	0.55
WD J124748.90-011110.16	WDJ124748.90-011110.16	191.95373	-1.18615	46.717	m	16.78	7043	0.5999
WD J205833.77+351655.94	WDJ205833.77+351655.94	314.64072	35.2822	46.717	m	17.53	6260	0.7243
WD J122732.96-455759.79	WDJ122732.96-455759.79	186.88735	-45.96661	46.719	m	17.99	5047	0.499
WD J235810.85+465336.61	WDJ235810.85+465336.61	359.5452	46.8935	46.733	m	17.73	5769	0.6604
WD J205538.86-174004.87	WDJ205538.86-174004.87	313.91192	-17.66802	46.742	m	14.98	1.615e4	0.7904
WD J021232.97+371310.11	WDJ021232.97+371310.11	33.13737	37.21947	46.752	m	18.13	4973	0.5255
WD J005023.02+592308.81	WDJ005023.02+592308.81	12.59592	59.38578	46.757	m	17.62	5749	0.6065
WD J082307.82+483316.66	WDJ082307.82+483316.66	125.7826	48.55463	46.759	m	17.66	6301	0.7987
WD J002421.79-200354.86	WDJ002421.79-200354.86	6.0908	-20.06524	46.762	m	17.7	5478	0.5507
WD J194531.76+162738.77	WDJ194531.76+162738.77	296.38234	16.46077	46.773	m	14.07	1.613e4	0.4589
WD J084007.42-483946.02	WDJ084007.42-483946.02	130.03091	-48.66279	46.777	m	18.83	4139	0.4632
WD J115038.74+034301.65	WDJ115038.74+034301.65	177.66144	3.71713	46.779	m	17.55	5899	0.6353
WD J225510.55-631031.04	WDJ225510.55-631031.04	343.79394	-63.17529	46.782	m	14.14	1.902e4	0.5851
WD J191637.24-311032.53	WDJ191637.24-311032.53	289.15516	-31.1757	46.785	m	16.38	7676	0.5665
WD J040229.20+481256.57	WDJ040229.20+481256.57	60.62165	48.21571	46.788	m	17.97	5350	0.6113
WD J005733.75-193444.67	WDJ005733.75-193444.67	14.39061	-19.57908	46.793	m	18.31	4684	0.4719
WD J224107.94+311832.50	WDJ224107.94+311832.50	340.28308	31.30903	46.815	m	17.73	6047	0.7456
WD J144623.46-411759.69	WDJ144623.46-411759.69	221.59776	-41.29991	46.816	m	19.08	4506	0.7477
WD J071830.90-335124.99	WDJ071830.90-335124.99	109.62873	-33.85694	46.817	m	18.25	5366	0.75
WD J084901.64+443935.62	WDJ084901.64+443935.62	132.25685	44.65988	46.862	m	17.63	6125	0.7367
WD J221705.71+582851.18	WDJ221705.71+582851.18	334.27379	58.48088	46.876	m	18.97	4667	0.7573
WD J090240.57+153557.91	WDJ090240.57+153557.91	135.66905	15.59939	46.9	m	17.73	4568	0.2647
WD J230539.06+433404.12	WDJ230539.06+433404.12	346.41276	43.56781	46.902	m	18.16	4823	0.4787
WD J061910.27+043557.68	WDJ061910.27+043557.68	94.79279	4.59935	46.906	m	19.33		
WD J150636.82-070042.23	WDJ150636.82-070042.23	226.65343	-7.01173	46.933	m	17.84	5808	0.7266
WD J042143.98-160010.87	WDJ042143.98-160010.87	65.43327	-16.00302	46.936	m	17.3	6586	0.7142
WD J232521.78+504153.41	WDJ232521.78+504153.41	351.34075	50.69817	46.944	m	17.65	5321	0.474
WD J110515.31+001626.18	WDJ110515.31+001626.18	166.31378	0.27394	46.95	m	15.29	1.329e4	0.7772
WD J092345.74-302148.46	WDJ092345.74-302148.46	140.94059	-30.36346	46.953	m	14.93	1.351e4	0.6302
WD J214208.53+132844.23	WDJ214208.53+132844.23	325.53555	13.47895	46.958	m	16.49	7516	0.5704
WD J104018.33-312310.74	WDJ104018.33-312310.74	160.07636	-31.38632	46.958	m	16.2	8266	0.5987
WD J023649.46-254958.64	WDJ023649.46-254958.64	39.2061	-25.83295	46.976	m	18.64	4376	0.4772
WD J131605.40-095901.61	WDJ131605.40-095901.61	199.02249	-9.98378	46.983	m	16.71	7827	0.7327
WD J083202.00-160951.18	WDJ083202.00-160951.18	128.00835	-16.16422	46.989	m	17.92	5917	0.793
WD J051212.79-050503.36	WDJ051212.79-050503.36	78.05329	-5.08427	46.99	m	17.52	6207	0.7107
WD J131816.01-335323.08	WDJ131816.01-335323.08	199.56671	-33.88975	46.997	m	16.33	7741	0.5519
WD J163326.87-164100.22	WDJ163326.87-164100.22	248.36195	-16.68339	47	m	17.09	7686	0.8619
WD J172830.68+072114.13	WDJ172830.68+072114.13	262.12785	7.35392	47.002	m	18.28	4867	0.5355
WD J164702.21+032512.19	WDJ164702.21+032512.19	251.7592	3.42005	47.006	m	14.82	1.494e4	0.6603
WD J060022.81-145252.28	WDJ060022.81-145252.28	90.09504	-14.88119	47.01	m	17.71	5978	0.7225
WD J210226.28-520357.03	WDJ210226.28-520357.03	315.6095	-52.06584	47.011	m	18.8	4186	0.4636
WD J000410.32-034008.22	WDJ000410.32-034008.22	1.043	-3.66895	47.012	m	16.72	6970	0.5557
WD J193631.66-043553.05	WDJ193631.66-043553.05	294.13191	-4.59807	47.012	m	17.05	6820	0.6606
WD J000525.65+204439.53	WDJ000525.65+204439.53	1.35689	20.74431	47.016	m	18.25	5350	0.7337
WD J011752.23-165926.42	WDJ011752.23-165926.42	19.46764	-16.99067	47.021	m	18.21	5960	0.9299
WD J025332.32-003344.74	WDJ025332.32-003344.74	43.38466	-0.56243	47.04	m	16.31	7994	0.5915
WD J231003.76+635757.64	WDJ231003.76+635757.64	347.51567	63.96601	47.04	m	14.17	1.782e4	0.5311
WD J002049.41+004434.90	WDJ002049.41+004434.90	5.20586	0.74303	47.066	m	16.67	8878	0.8887
WD J151625.10+280320.94	WDJ151625.10+280320.94	229.10459	28.05582	47.071	m	16.48	7819	0.6256
WD J015630.05+295532.28	WDJ015630.05+295532.28	29.12523	29.92563	47.074	m	14.63	1.526e4	0.6021
WD J172856.22+555822.63	WDJ172856.22+555822.63	262.23425	55.97295	47.079	m	16.14	1.782e4	1.196
WD J215202.89+372619.11	WDJ215202.89+372619.11	328.01205	37.43864	47.116	m	15.29	1.193e4	0.6837
WD J110541.34-313029.28	WDJ110541.34-313029.28	166.42224	-31.50813	47.118	m	16.21	8345	0.6123
WD J111355.64-190348.41	WDJ111355.64-190348.41	168.48183	-19.06345	47.172	m	18.11	5120	0.5762
WD J112508.31-270252.11	WDJ112508.31-270252.11	171.28461	-27.04781	47.221	m	18.16	4712	0.4404
WD J210620.65+043935.66	WDJ210620.65+043935.66	316.58604	4.65991	47.221	m	16.81	6920	0.5742
WD J203012.87+552005.12	WDJ203012.87+552005.12	307.55364	55.33475	47.226	m	16.49	7579	0.5774
WD J123517.05+445046.71	WDJ123517.05+445046.71	188.82106	44.84631	47.23	m	17.52	5739	0.5505
WD J004527.50-233629.29	WDJ004527.50-233629.29	11.36459	-23.60813	47.231	m	16.65	1.207e4	1.163
WD J105544.96+211105.58	WDJ105544.96+211105.58	163.93734	21.18489	47.236	m	17.5	6136	0.6735
WD J053854.24+152604.62	WDJ053854.24+152604.62	84.72601	15.43462	47.242	m	17.5	5726	0.5438
WD J151307.30-264254.89	WDJ151307.30-264254.89	228.28041	-26.71525	47.243	m	18.76	5136	0.8684
WD J115818.20-332059.41	WDJ115818.20-332059.41	179.57583	-33.34984	47.259	m	18.49	4700	0.5521
WD J162240.15+291912.92	WDJ162240.15+291912.92	245.66731	29.32026	47.264	m	18.89	4394	0.5946
WD J062942.97+390838.20	WDJ062942.97+390838.20	97.42905	39.14394	47.29	m	16.87	6799	0.5672
WD J172830.82+072115.04	WDJ172830.82+072115.04	262.12841	7.35418	47.297	m	17.89	5438	0.605
WD J150619.43-093020.89	WDJ150619.43-093020.89	226.58097	-9.5058	47.299	m	15.18	1.243e4	0.6779
WD J135230.42+090715.25	WDJ135230.42+090715.25	208.12676	9.1209	47.305	m	18.66	5117	0.8188
WD J182519.30+553849.16	WDJ182519.30+553849.16	276.33041	55.64699	47.316	m	18.74	4501	0.5671
WD J043344.96+124240.36	WDJ043344.96+124240.36	68.43734	12.71121	47.322	m	14.24	2.115e4	0.6885
WD J061858.48-394232.09	WDJ061858.48-394232.09	94.74367	-39.70891	47.323	m	17.41	6052	0.6089
WD J184211.77-201538.42	WDJ184211.77-201538.42	280.54905	-20.26067	47.337	m	18.99	3885	0.4422
WD J211740.50-734101.81	WDJ211740.50-734101.81	319.41875	-73.68384	47.342	m	18.29	4791	0.5017
WD J221510.62-125801.64	WDJ221510.62-125801.64	333.79423	-12.96712	47.343	m	17.42	6370	0.704
WD J194652.55+400510.39	WDJ194652.55+400510.39	296.71895	40.08622	47.347	m	18.25	4906	0.5327
WD J011250.58+501625.15	WDJ011250.58+501625.15	18.21077	50.27366	47.351	m	17.59	6201	0.7252
WD J034553.18-865231.06	WDJ034553.18-865231.06	56.47161	-86.87529	47.353	m	16.9	8659	0.9424
WD J103957.57-035459.07	WDJ103957.57-035459.07	159.98987	-3.91641	47.375	m	17.12	6461	0.5949
WD J184710.54+435521.54	WDJ184710.54+435521.54	281.79393	43.92265	47.377	m	17.25	6341	0.6112
WD J195227.88+250929.18	WDJ195227.88+250929.18	298.11615	25.1581	47.412	m	15.13	1.171e4	0.5971
WD J014856.80+190227.48	WDJ014856.80+190227.48	27.23665	19.04097	47.416	m	15.54	1.17e4	0.7685
WD J193754.45-655614.08	WDJ193754.45-655614.08	294.47688	-65.93725	47.417	m	18.14	4757	0.4472
WD J033517.33+321202.38	WDJ033517.33+321202.38	53.82221	32.20066	47.426	m	15.46	1.027e4	0.59
WD J113756.51+574022.71	WDJ113756.51+574022.71	174.48546	57.67297	47.428	m	16.74	7584	0.6842
WD J170804.21+064508.99	WDJ170804.21+064508.99	257.01753	6.7525	47.432	m	17.93	5134	0.4928
WD J194008.01+351322.65	WDJ194008.01+351322.65	295.03338	35.22296	47.438	m	16.28	8096	0.5852
WD J203455.26-202811.84	WDJ203455.26-202811.84	308.73024	-20.46996	47.441	m	16.7	6647	0.4641
WD J111007.59+011041.58	WDJ111007.59+011041.58	167.53163	1.17822	47.458	m	17.42	6894	0.831
WD J013558.52-544353.21	WDJ013558.52-544353.21	23.99382	-54.73145	47.461	m	15.49	1.032e4	0.6142
WD J025719.22-363811.49	WDJ025719.22-363811.49	44.33007	-36.63652	47.463	m	17.05	6556	0.5867
WD J003011.79-374048.14	WDJ003011.79-374048.14	7.54914	-37.68004	47.494	m	16.61	7272	0.5648
WD J102119.23-103448.81	WDJ102119.23-103448.81	155.33014	-10.58022	47.496	m	16.37	1.095e4	1.016
WD J183750.13+113310.70	WDJ183750.13+113310.70	279.45886	11.55297	47.496	m	17.35	6650	0.738
WD J041520.13-070949.88	WDJ041520.13-070949.88	63.83388	-7.16386	47.501	m	18.63	4478	0.506
WD J082519.72+504920.15	WDJ082519.72+504920.15	126.33216	50.82226	47.514	m	18.48	4549	0.47
WD J182227.21-510058.57	WDJ182227.21-510058.57	275.61336	-51.01627	47.519	m	19.58	5206	1.154
WD J204345.19+723808.00	WDJ204345.19+723808.00	310.93829	72.63556	47.52	m	18.19	5224	0.6434
WD J074811.91+350632.53	WDJ074811.91+350632.53	117.04962	35.10904	47.529	m	17.91	6040	0.8172
WD J202707.92+571137.05	WDJ202707.92+571137.05	306.783	57.19363	47.537	m	17.46	7226	0.9058
WD J165053.25-375657.75	WDJ165053.25-375657.75	252.72188	-37.94937	47.537	m	15.13	1.264e4	0.6646
WD J204133.32+390806.71	WDJ204133.32+390806.71	310.38885	39.1352	47.547	m	17.61	5793	0.5991
WD J053225.94+443038.73	WDJ053225.94+443038.73	83.1081	44.51076	47.553	m	17.16	6929	0.7208
WD J122415.27+753540.89	WDJ122415.27+753540.89	186.06362	75.59469	47.571	m	18.17	4939	0.5089
WD J144123.83-114739.20	WDJ144123.83-114739.20	220.34931	-11.79422	47.58	m	19.38	5110	1.077
WD J000540.41+482506.07	WDJ000540.41+482506.07	1.41837	48.41835	47.619	m	16.93	6935	0.6175
WD J090942.02+601928.10	WDJ090942.02+601928.10	137.42507	60.32447	47.63	m	16.25	8664	0.6775
WD J131833.03-731433.32	WDJ131833.03-731433.32	199.6376	-73.24259	47.644	m	18.28	4849	0.5203
WD J161812.18-272430.69	WDJ161812.18-272430.69	244.55075	-27.40853	47.645	m	18.12	6432	0.9948
WD J015413.89+020124.14	WDJ015413.89+020124.14	28.55786	2.02337	47.658	m	14.98	1.234e4	0.5826
WD J140450.44-313911.48	WDJ140450.44-313911.48	211.21016	-31.65319	47.685	m	18.01	5045	0.4897
WD J015105.96-195708.13	WDJ015105.96-195708.13	27.77483	-19.95226	47.686	m	15.74	9460	0.5898
WD J154522.43-274005.15	WDJ154522.43-274005.15	236.34346	-27.6681	47.701	m	15.35	1.15e4	0.6698
WD J065232.84-161022.41	WDJ065232.84-161022.41	103.13681	-16.17289	47.708	m	17.14	6589	0.6285
WD J005746.67+175620.98	WDJ005746.67+175620.98	14.44446	17.93916	47.74	m	17.74	6197	0.7817
WD J005126.05-433523.05	WDJ005126.05-433523.05	12.85856	-43.58974	47.74	m	17.61	5687	0.5653
WD J114400.94+113232.75	WDJ114400.94+113232.75	176.00392	11.54243	47.755	m	17.16	6140	0.5161
WD J165544.51+270423.58	WDJ165544.51+270423.58	253.93546	27.07322	47.764	m	18.17	5032	0.5509
WD J180603.08+464002.99	WDJ180603.08+464002.99	271.51285	46.6675	47.768	m	17.68	5793	0.6299
WD J030542.43+103418.64	WDJ030542.43+103418.64	46.42678	10.57185	47.782	m	20.21		
WD J110731.54+485523.22	WDJ110731.54+485523.22	166.88142	48.92311	47.783	m	18.57	4527	0.4936
WD J013428.42+020422.00	WDJ013428.42+020422.00	23.61843	2.07277	47.811	m	14.66	1.261e4	0.466
WD J180217.56+392555.61	WDJ180217.56+392555.61	270.57316	39.43211	47.814	m	17.47	7324	0.9223
WD J100836.43-405529.96	WDJ100836.43-405529.96	152.15179	-40.92499	47.826	m	18.18	5125	0.5954
WD J222058.15-334659.27	WDJ222058.15-334659.27	335.24227	-33.78313	47.835	m	18.24	4873	0.5106
WD J185759.98+034302.88	WDJ185759.98+034302.88	284.49991	3.71747	47.84	m	18.14	5394	0.6893
WD J140323.30-125541.16	WDJ140323.30-125541.16	210.8471	-12.9281	47.846	m	18.51	4487	0.4707
WD J182518.67+553847.70	WDJ182518.67+553847.70	276.32777	55.64658	47.849	m	18.49	4593	0.481
WD J041430.03-320051.87	WDJ041430.03-320051.87	63.62514	-32.01441	47.869	m	18.36	4732	0.4937
WD J064621.19+143216.44	WDJ064621.19+143216.44	101.58827	14.5379	47.875	m	15.85	1.066e4	0.7854
WD J113513.57+124006.37	WDJ113513.57+124006.37	173.80654	12.66843	47.881	m	18.29	4927	0.5534
WD J183850.91-201704.25	WDJ183850.91-201704.25	279.71214	-20.28451	47.881	m	18.95	4176	0.5097
WD J170331.07-361509.69	WDJ170331.07-361509.69	255.87944	-36.25269	47.883	m	17.65	6391	0.7976
WD J221518.95-705228.47	WDJ221518.95-705228.47	333.82895	-70.87458	47.89	m	18.03	6009	0.8528
WD J190726.70+280741.67	WDJ190726.70+280741.67	286.86126	28.12824	47.895	m	15.71	1.129e4	0.7871
WD J144043.70+011301.07	WDJ144043.70+011301.07	220.18207	1.21696	47.918	m	19.02	3977	0.4737
WD J013645.17-364833.17	WDJ013645.17-364833.17	24.18822	-36.80921	47.946	m	17.98	5314	0.5834
WD J171335.22+124257.48	WDJ171335.22+124257.48	258.39676	12.71597	47.963	m	18.42	4816	0.5575
WD J145523.48-311706.63	WDJ145523.48-311706.63	223.84785	-31.28518	47.972	m	15.83	9224	0.5866
WD J082303.86+054656.42	WDJ082303.86+054656.42	125.7661	5.78234	47.982	m	17.22	6594	0.6636
WD J000155.04+452033.38	WDJ000155.04+452033.38	0.47935	45.34261	47.987	m	17.82	6315	0.8395
WD J130957.68+350947.19	WDJ130957.68+350947.19	197.49032	35.16311	48.01	m	15.32	1.144e4	0.6455
WD J123551.68+693920.29	WDJ123551.68+693920.29	188.96531	69.65563	48.019	m	17.97	5055	0.4648
WD J005106.38+165936.57	WDJ005106.38+165936.57	12.77659	16.99349	48.021	m	17.89	5629	0.6626
WD J224451.58+063351.60	WDJ224451.58+063351.60	341.21491	6.56433	48.052	m	17.89	5519	0.6203
WD J045151.11-730250.29	WDJ045151.11-730250.29	72.96295	-73.0473	48.061	m	16.57	6630	0.4303
WD J144814.08+282511.64	WDJ144814.08+282511.64	222.05866	28.4199	48.066	m	14.58	2.327e4	0.877
WD J000846.01-232640.22	WDJ000846.01-232640.22	2.19173	-23.44451	48.073	m	18.15	5547	0.7483
WD J032938.83+303748.43	WDJ032938.83+303748.43	52.41177	30.63012	48.075	m	17.85	5284	0.5094
WD J071730.59+553713.29	WDJ071730.59+553713.29	109.37748	55.62036	48.076	m	17.21	6893	0.7248
WD J005313.77+392706.20	WDJ005313.77+392706.20	13.30736	39.45172	48.08	m	16.51	7521	0.5598
WD J053031.80+183504.67	WDJ053031.80+183504.67	82.6325	18.58463	48.089	m	18.34	5311	0.7357
WD J225614.56-524137.88	WDJ225614.56-524137.88	344.06066	-52.69385	48.098	m	16.82	7295	0.6509
WD J065033.90+155621.50	WDJ065033.90+155621.50	102.64123	15.93931	48.1	m	17.52	5741	0.5379
WD J120106.08-040049.42	WDJ120106.08-040049.42	180.27531	-4.01373	48.108	m	18.38	4936	0.5953
WD J190737.31-540833.64	WDJ190737.31-540833.64	286.90545	-54.14268	48.111	m	17.68	5353	0.4681
WD J151250.76-511411.56	WDJ151250.76-511411.56	228.21151	-51.23654	48.111	m	17.84	5725	0.6792
WD J031149.21+190055.62	WDJ031149.21+190055.62	47.95505	19.01545	48.112	m	14.21	1.818e4	0.55
WD J211950.12-353841.70	WDJ211950.12-353841.70	319.95882	-35.64492	48.114	m	18.45	5042	0.6751
WD J170108.02+301535.58	WDJ170108.02+301535.58	255.2834	30.25988	48.125	m	14.99	1.393e4	0.6551
WD J205238.09+013325.59	WDJ205238.09+013325.59	313.15871	1.55711	48.148	m	17.77	5660	0.6184
WD J221801.14+390843.88	WDJ221801.14+390843.88	334.50476	39.14552	48.168	m	16.17	9694	0.7801
WD J122313.57-185211.28	WDJ122313.57-185211.28	185.80652	-18.8698	48.172	m	16.45	9427	0.8657
WD J153140.00-403003.89	WDJ153140.00-403003.89	232.91667	-40.50108	48.182	m	18.59	4039	0.3409
WD J004405.59-363834.10	WDJ004405.59-363834.10	11.02331	-36.6428	48.188	m	16.81	5688	0.313
WD J142359.73-655441.03	WDJ142359.73-655441.03	215.99886	-65.9114	48.19	m	18.71	3692	0.2716
WD J031624.52+740227.21	WDJ031624.52+740227.21	49.10215	74.04089	48.191	m	17.59	6119	0.6877
WD J060912.00+352548.65	WDJ060912.00+352548.65	92.30001	35.43018	48.193	m	15.66	1.02e4	0.6515
WD J131106.08+163103.86	WDJ131106.08+163103.86	197.77535	16.51774	48.203	m	15.7	1.086e4	0.7427
WD J114009.13+011223.15	WDJ114009.13+011223.15	175.03803	1.20643	48.217	m	15.77	9752	0.637
WD J051121.03-221013.64	WDJ051121.03-221013.64	77.8376	-22.17045	48.229	m	17.17	7407	0.8156
WD J160920.11+522239.54	WDJ160920.11+522239.54	242.33378	52.37765	48.235	m	18.03	6528	0.9732
WD J095139.20-572638.57	WDJ095139.20-572638.57	147.91334	-57.44405	48.243	m	14.94	1.194e4	0.5307
WD J134209.23-564601.96	WDJ134209.23-564601.96	205.53846	-56.76721	48.243	m	17.89	5151	0.4703
WD J043235.32-325409.22	WDJ043235.32-325409.22	68.14718	-32.90256	48.244	m	17.46	5849	0.5468
WD J213515.46+184023.45	WDJ213515.46+184023.45	323.81442	18.67318	48.244	m	17.36	6427	0.6637
WD J041856.64+271748.31	WDJ041856.64+271748.31	64.73599	27.29675	48.252	m	15.03	1.134e4	0.5165
WD J045010.00+485851.75	WDJ045010.00+485851.75	72.54168	48.98104	48.252	m	18.8	3663	0.289
WD J212552.46+481742.95	WDJ212552.46+481742.95	321.46857	48.29526	48.253	m	17.5	6493	0.7468
WD J061757.19+265115.50	WDJ061757.19+265115.50	94.4883	26.85431	48.253	m	17.86	5997	0.768
WD J013105.88+561656.37	WDJ013105.88+561656.37	22.77449	56.28233	48.276	m	17.54	6805	0.8396
WD J042839.41+165812.09	WDJ042839.41+165812.09	67.16421	16.97003	48.292	m	14.05	2.417e4	0.703
WD J201221.17-703642.44	WDJ201221.17-703642.44	303.08821	-70.61179	48.306	m	17.19	5836	0.451
WD J114843.35-152814.51	WDJ114843.35-152814.51	177.18062	-15.4707	48.316	m	18.58	5616	0.9439
WD J111120.72+471826.45	WDJ111120.72+471826.45	167.83634	47.30735	48.317	m	15.42	1.272e4	0.772
WD J041230.78+131939.04	WDJ041230.78+131939.04	63.12827	13.32751	48.319	m	18	5971	0.8135
WD J103932.36-550702.85	WDJ103932.36-550702.85	159.88483	-55.11746	48.319	m	18.08	5165	0.5579
WD J105729.96+300827.76	WDJ105729.96+300827.76	164.37482	30.14104	48.319	m	17.33	6700	0.7266
WD J030934.78+234547.14	WDJ030934.78+234547.14	47.39493	23.7631	48.322	m	16.65	9242	0.9095
WD J170428.81-765101.67	WDJ170428.81-765101.67	256.12003	-76.85046	48.327	m	17.45	5967	0.5796
WD J025713.76+015253.01	WDJ025713.76+015253.01	44.30733	1.88139	48.328	m	17.26	6338	0.6023
WD J101401.60+030550.42	WDJ101401.60+030550.42	153.50666	3.09734	48.334	m	18.03	5151	0.5318
WD J133319.30+245047.54	WDJ133319.30+245047.54	203.3304	24.84654	48.343	m	18.59	4429	0.4683
WD J043715.50+452433.31	WDJ043715.50+452433.31	69.31458	45.40925	48.347	m	17.17	6015	0.4604
WD J111319.30-515420.28	WDJ111319.30-515420.28	168.3304	-51.90563	48.352	m	17.77	5604	0.5939
WD J225450.96+681112.44	WDJ225450.96+681112.44	343.71233	68.18679	48.364	m	18.22	5070	0.5702
WD J122018.08+441424.76	WDJ122018.08+441424.76	185.07535	44.24021	48.367	m	17.47	7064	0.8663
WD J135109.73-391251.29	WDJ135109.73-391251.29	207.79054	-39.21425	48.373	m	16.98	5532	0.3189
WD J104954.93-445733.05	WDJ104954.93-445733.05	162.47888	-44.95918	48.391	m	16.83	7447	0.674
WD J133038.08+544524.65	WDJ133038.08+544524.65	202.65865	54.75685	48.397	m	16.72	7524	0.6465
WD J205746.52+012557.59	WDJ205746.52+012557.59	314.44384	1.43266	48.4	m	17.07	6672	0.6058
WD J185218.63+183355.13	WDJ185218.63+183355.13	283.07764	18.56532	48.407	m	16.85	8751	0.9171
WD J033053.94+273559.73	WDJ033053.94+273559.73	52.72477	27.59993	48.408	m	17.34	6179	0.589
WD J211430.08+194830.91	WDJ211430.08+194830.91	318.62535	19.80859	48.429	m	19.11	3632	0.3876
WD J224948.80+780120.39	WDJ224948.80+780120.39	342.45331	78.02233	48.439	m	18.07	5101	0.5148
WD J225906.66-462759.07	WDJ225906.66-462759.07	344.77776	-46.46641	48.441	m	19.24	4795	0.9097
WD J210451.99-113303.75	WDJ210451.99-113303.75	316.21663	-11.55104	48.457	m	18.6	4420	0.4693
WD J195830.94-265954.75	WDJ195830.94-265954.75	299.62892	-26.99854	48.471	m	18.2	5127	0.5931
WD J030059.52+543237.56	WDJ030059.52+543237.56	45.24801	54.54377	48.477	m	16.58	7676	0.6152
WD J012813.78-530011.30	WDJ012813.78-530011.30	22.05743	-53.00314	48.488	m	14.43	1.657e4	0.5621
WD J005304.79-042338.28	WDJ005304.79-042338.28	13.26995	-4.39396	48.492	m	17.83	5938	0.7329
WD J191228.71+214831.76	WDJ191228.71+214831.76	288.1196	21.80882	48.499	m	18.41	4247	0.34
WD J212802.61-462801.82	WDJ212802.61-462801.82	322.01085	-46.46717	48.502	m	17.13	6922	0.6881
WD J224556.34-401941.33	WDJ224556.34-401941.33	341.48477	-40.32815	48.536	m	17.26	7789	0.9194
WD J132610.60+865208.99	WDJ132610.60+865208.99	201.5442	86.86916	48.555	m	18.73	4381	0.4848
WD J031946.40+640854.18	WDJ031946.40+640854.18	49.94334	64.14838	48.56	m	18.64	4568	0.5304
WD J145011.93-191408.67	WDJ145011.93-191408.67	222.54971	-19.23574	48.568	m	15.7	7205	0.2948
WD J054501.78-553849.81	WDJ054501.78-553849.81	86.25742	-55.64717	48.569	m	17	7494	0.7605
WD J061522.57+075649.92	WDJ061522.57+075649.92	93.84406	7.9472	48.573	m	17.65	5853	0.6263
WD J125106.16+440303.04	WDJ125106.16+440303.04	192.77567	44.05086	48.58	m	20.32		
WD J234245.76-100121.24	WDJ234245.76-100121.24	355.69066	-10.02257	48.613	m	18.26	4992	0.5561
WD J232429.15-332226.67	WDJ232429.15-332226.67	351.12146	-33.37407	48.626	m	19.07		
WD J031945.74+640904.32	WDJ031945.74+640904.32	49.94058	64.1512	48.63	m	18.3	5380	0.7372
WD J211147.72+302657.20	WDJ211147.72+302657.20	317.94883	30.44922	48.645	m	17.99	5506	0.6409
WD J223636.95-132026.36	WDJ223636.95-132026.36	339.15395	-13.34065	48.647	m	18.33	4364	0.3568
WD J134241.21-141340.38	WDJ134241.21-141340.38	205.67171	-14.22788	48.662	m	15.98	1.131e4	0.8932
WD J041546.45+033953.41	WDJ041546.45+033953.41	63.94353	3.66484	48.678	m	17.51	6025	0.6103
WD J195749.29-724741.72	WDJ195749.29-724741.72	299.45538	-72.79492	48.688	m	17.23	7392	0.8329
WD J024131.37+744254.66	WDJ024131.37+744254.66	40.38073	74.71518	48.696	m	15.93	9136	0.5965
WD J122906.78-043215.31	WDJ122906.78-043215.31	187.27824	-4.53759	48.718	m	16.6	8860	0.8297
WD J122422.93-001819.51	WDJ122422.93-001819.51	186.09555	-0.30542	48.722	m	17.25	6520	0.6383
WD J080710.46-362251.69	WDJ080710.46-362251.69	121.79358	-36.38102	48.725	m	14.51	1.65e4	0.5862
WD J143358.25+190738.16	WDJ143358.25+190738.16	218.49271	19.12727	48.733	m	18.13	5073	0.5279
WD J112607.28-065333.69	WDJ112607.28-065333.69	171.53034	-6.89269	48.739	m	19.07	4508	0.7061
WD J222123.91-265054.53	WDJ222123.91-265054.53	335.34963	-26.84848	48.745	m	14.84	1.185e4	0.4648
WD J094731.66+185912.72	WDJ094731.66+185912.72	146.88192	18.98686	48.752	m	14.56	1.708e4	0.6269
WD J001806.07-590752.53	WDJ001806.07-590752.53	4.52527	-59.13126	48.756	m	17.3	6456	0.6476
WD J224634.78+402419.31	WDJ224634.78+402419.31	341.64493	40.40536	48.785	m	14.98	1.826e4	0.8269
WD J032130.46-222707.61	WDJ032130.46-222707.61	50.37689	-22.45211	48.794	m	17.56	5210	0.3788
WD J183807.47+602141.75	WDJ183807.47+602141.75	279.53111	60.3616	48.807	m	15.8	8994	0.5161
WD J223603.21+000724.09	WDJ223603.21+000724.09	339.01336	0.12336	48.812	m	13.93	2.457e4	0.6662
WD J155643.37-435519.15	WDJ155643.37-435519.15	239.18073	-43.92199	48.821	m	17.85	5552	0.6044
WD J030711.85+093648.75	WDJ030711.85+093648.75	46.79938	9.61354	48.822	m	17.49	7110	0.8761
WD J193708.15-513407.07	WDJ193708.15-513407.07	294.28394	-51.56863	48.822	m	14.26	1.743e4	0.5258
WD J150347.71-681256.75	WDJ150347.71-681256.75	225.94882	-68.21577	48.828	m	18.22	5184	0.6185
WD J142429.51+624617.04	WDJ142429.51+624617.04	216.12298	62.7714	48.837	m	18.16	5058	0.5334
WD J075928.76+555633.01	WDJ075928.76+555633.01	119.86983	55.9425	48.848	m	17.14	7786	0.8618
WD J061258.29-085007.94	WDJ061258.29-085007.94	93.24286	-8.83554	48.85	m	18.02	5689	0.7286
WD J190516.00+680624.83	WDJ190516.00+680624.83	286.31667	68.1069	48.857	m	17.38	6929	0.7858
WD J113227.36+151730.81	WDJ113227.36+151730.81	173.114	15.29189	48.861	m	14.12	1.594e4	0.452
WD J094017.37+090712.17	WDJ094017.37+090712.17	145.07239	9.12005	48.883	m	17.99	5206	0.5235
WD J222054.99-641432.53	WDJ222054.99-641432.53	335.22912	-64.24237	48.889	m	18.29	5140	0.6331
WD J212317.28+565817.92	WDJ212317.28+565817.92	320.82199	56.97164	48.924	m	15.57	1.331e4	0.8455
WD J181058.67+311940.94	WDJ181058.67+311940.94	272.74445	31.32804	48.928	m	14.02	1.819e4	0.4723
WD J124752.77-412810.27	WDJ124752.77-412810.27	191.96986	-41.46952	48.947	m	15.3	1.596e4	0.8711
WD J031942.76+344223.74	WDJ031942.76+344223.74	49.92817	34.70659	48.953	m	14.23	1.566e4	0.4628
WD J035456.16-004410.69	WDJ035456.16-004410.69	58.734	-0.7363	48.962	m	17	5937	0.4129
WD J055011.81-144016.60	WDJ055011.81-144016.60	87.54921	-14.67128	48.963	m	18.56	5247	0.7934
WD J120656.29-135353.04	WDJ120656.29-135353.04	181.73455	-13.89807	49.001	m	15.55	1.092e4	0.6776
WD J163600.02-423947.80	WDJ163600.02-423947.80	249.00007	-42.66328	49.006	m	17.37	5184	0.3242
WD J214752.10-082436.87	WDJ214752.10-082436.87	326.96707	-8.41024	49.007	m	17.38	5884	0.5073
WD J091118.62-465450.22	WDJ091118.62-465450.22	137.82758	-46.91395	49.025	m	17.67	6399	0.7872
WD J140342.78-151415.21	WDJ140342.78-151415.21	210.92827	-15.23756	49.038	m	18.19	5403	0.6943
WD J003133.20-793052.53	WDJ003133.20-793052.53	7.88835	-79.51459	49.043	m	18.1	5272	0.6002
WD J020129.09-304425.57	WDJ020129.09-304425.57	30.3712	-30.74044	49.054	m	17.05	6677	0.5857
WD J235143.64+102156.44	WDJ235143.64+102156.44	357.93183	10.36568	49.054	m	17.88	5510	0.5928
WD J131913.72+450509.81	WDJ131913.72+450509.81	199.80718	45.08606	49.055	m	14.11	1.308e4	0.3712
WD J095120.10+190011.85	WDJ095120.10+190011.85	147.83376	19.00329	49.058	m	17.7	6377	0.7906
WD J160724.38+293323.51	WDJ160724.38+293323.51	241.85158	29.55653	49.064	m	15.57	1.142e4	0.7281
WD J013715.35+085300.22	WDJ013715.35+085300.22	24.31395	8.8834	49.067	m	17.59	5943	0.6165
WD J120328.67+042653.27	WDJ120328.67+042653.27	180.86945	4.44813	49.072	m	17.5	4988	0.301
WD J052404.05-310359.15	WDJ052404.05-310359.15	81.01686	-31.06643	49.073	m	17.76	6114	0.7466
WD J231035.02-055128.53	WDJ231035.02-055128.53	347.64592	-5.85792	49.089	m	18.34	4651	0.4507
WD J075250.11-151200.79	WDJ075250.11-151200.79	118.2088	-15.20022	49.1	m	17.51	6318	0.6928
WD J061306.68-365417.10	WDJ061306.68-365417.10	93.27784	-36.90475	49.104	m	18.65	4539	0.5128
WD J063411.23+602800.02	WDJ063411.23+602800.02	98.54681	60.46667	49.104	m	18.5	5129	0.7126
WD J204930.79-300502.86	WDJ204930.79-300502.86	312.37831	-30.08413	49.114	m	15.39	1.203e4	0.7034
WD J201439.84+510319.01	WDJ201439.84+510319.01	303.66598	51.05528	49.114	m	19.03	4087	0.4758
WD J170344.45+030128.73	WDJ170344.45+030128.73	255.93519	3.02465	49.131	m	16.98	9047	0.9882
WD J112919.53-484300.53	WDJ112919.53-484300.53	172.33137	-48.71681	49.139	m	17.57	5949	0.6084
WD J085512.59-223647.21	WDJ085512.59-223647.21	133.80246	-22.61311	49.144	m	18.41	4765	0.5104
WD J193538.95-100602.43	WDJ193538.95-100602.43	293.91227	-10.10068	49.151	m	18.47	4798	0.5531
WD J172936.99-810700.33	WDJ172936.99-810700.33	262.40411	-81.11676	49.156	m	18	5337	0.581
WD J204802.38-285721.26	WDJ204802.38-285721.26	312.00994	-28.95591	49.159	m	18.46	4981	0.6309
WD J083009.45+452030.30	WDJ083009.45+452030.30	127.53936	45.34175	49.166	m	15.06	1.022e4	0.4389
WD J235609.18+594742.61	WDJ235609.18+594742.61	359.03823	59.79517	49.17	m	18.46	4707	0.4911
WD J140346.10+064443.32	WDJ140346.10+064443.32	210.94206	6.74537	49.173	m	17.26	7029	0.7586
WD J085520.13-522102.91	WDJ085520.13-522102.91	133.83389	-52.35081	49.177	m	18.63	4504	0.4862
WD J121824.98-082126.82	WDJ121824.98-082126.82	184.6041	-8.35745	49.187	m	16.47	7975	0.6161
WD J202052.16+224551.14	WDJ202052.16+224551.14	305.21733	22.76421	49.187	m	16.22	1.066e4	0.9047
WD J121913.71-031946.02	WDJ121913.71-031946.02	184.80714	-3.32945	49.196	m	17.41	6404	0.6715
WD J044101.74+105940.00	WDJ044101.74+105940.00	70.25725	10.99444	49.197	m	13.85	2.756e4	0.7211
WD J031927.20-210913.04	WDJ031927.20-210913.04	49.86332	-21.15362	49.201	m	15.72	9721	0.5954
WD J223847.39-623224.79	WDJ223847.39-623224.79	339.69748	-62.54022	49.204	m	18.5	4651	0.4956
WD J045905.92-133022.27	WDJ045905.92-133022.27	74.77468	-13.50619	49.225	m	16.56	7341	0.526
WD J102853.05-165913.53	WDJ102853.05-165913.53	157.22102	-16.98709	49.241	m	17.66	5552	0.5138
WD J122714.47-715040.43	WDJ122714.47-715040.43	186.8103	-71.84456	49.251	m	17.78	5562	0.5661
WD J040632.37-043250.48	WDJ040632.37-043250.48	61.63489	-4.54736	49.258	m	17.16	6441	0.5697
WD J064829.83+004254.78	WDJ064829.83+004254.78	102.12431	0.71522	49.266	m	17.01	6661	0.5635
WD J024617.89+421454.35	WDJ024617.89+421454.35	41.57455	42.24843	49.269	m	18.86	4231	0.46
WD J220505.35-351043.35	WDJ220505.35-351043.35	331.2723	-35.17871	49.273	m	18.19	5294	0.6409
WD J170457.23-025704.61	WDJ170457.23-025704.61	256.23846	-2.95128	49.278	m	16.06	8714	0.5726
WD J090149.66+224449.25	WDJ090149.66+224449.25	135.45694	22.74701	49.281	m	18.62	4673	0.5565
WD J054442.66-512935.96	WDJ054442.66-512935.96	86.17777	-51.49332	49.295	m	17.91	5422	0.5714
WD J185949.20+115840.27	WDJ185949.20+115840.27	284.95501	11.97785	49.315	m	15.57	9792	0.5387
WD J224928.95-310731.09	WDJ224928.95-310731.09	342.37063	-31.1253	49.316	m	18.19	5701	0.7999
WD J194936.61+700201.58	WDJ194936.61+700201.58	297.40253	70.03377	49.325	m	18.14	5048	0.5055
WD J113319.39-124900.95	WDJ113319.39-124900.95	173.33081	-12.81693	49.344	m	15.5	1.408e4	0.8523
WD J191451.30-355158.44	WDJ191451.30-355158.44	288.71374	-35.86623	49.354	m	17.96	5365	0.5677
WD J205906.18+404504.34	WDJ205906.18+404504.34	314.77575	40.75121	49.359	m	18.37	5165	0.6558
WD J062842.24+112920.09	WDJ062842.24+112920.09	97.176	11.48892	49.359	m	17.78	5379	0.4941
WD J070925.08-320507.33	WDJ070925.08-320507.33	107.35451	-32.08537	49.361	m	15.6	9951	0.5766
WD J081819.39-121053.36	WDJ081819.39-121053.36	124.58081	-12.18149	49.361	m	17.12	6790	0.6359
WD J022047.07-412224.47	WDJ022047.07-412224.47	35.19614	-41.37346	49.364	m	17.69	5780	0.6037
WD J195402.68-171750.68	WDJ195402.68-171750.68	298.51118	-17.29741	49.369	m	17.91	5626	0.646
WD J101805.04+011123.53	WDJ101805.04+011123.53	154.52101	1.18987	49.39	m	16.33	1.046e4	0.9257
WD J065200.46-004556.79	WDJ065200.46-004556.79	103.00192	-0.76577	49.398	m	20.63		
WD J195308.20+302702.16	WDJ195308.20+302702.16	298.28416	30.4506	49.402	m	17.6	6426	0.7492
WD J202931.05+244321.35	WDJ202931.05+244321.35	307.37938	24.7226	49.405	m	18.38	4808	0.5046
WD J232328.21+725507.22	WDJ232328.21+725507.22	350.86754	72.91867	49.406	m	16.38	7583	0.491
WD J164338.84-331729.10	WDJ164338.84-331729.10	250.91184	-33.29142	49.41	m	16.7	6466	0.407
WD J003415.92-122501.19	WDJ003415.92-122501.19	8.56632	-12.417	49.42	m	17.54	5890	0.5733
WD J113624.28+080216.69	WDJ113624.28+080216.69	174.10118	8.03797	49.421	m	17.84	5300	0.4891
WD J084455.54-440832.35	WDJ084455.54-440832.35	131.23142	-44.14232	49.422	m	15.34	9196	0.4193
WD J080648.05+221551.65	WDJ080648.05+221551.65	121.7002	22.26435	49.43	m	17.79	5768	0.6382
WD J165631.89-830637.15	WDJ165631.89-830637.15	254.13289	-83.11032	49.431	m	16.59	7179	0.4988
WD J101818.10+764027.62	WDJ101818.10+764027.62	154.57542	76.67434	49.434	m	16.41	8144	0.6094
WD J103136.98-371459.24	WDJ103136.98-371459.24	157.90407	-37.24979	49.439	m	17.12	6795	0.6401
WD J083400.26+365924.12	WDJ083400.26+365924.12	128.5011	36.99003	49.44	m	16	9147	0.6128
WD J090640.50-301222.58	WDJ090640.50-301222.58	136.66873	-30.20627	49.445	m	15.77	9587	0.5926
WD J051013.94+043838.43	WDJ051013.94+043838.43	77.5581	4.64401	49.462	m	14.23	2.059e4	0.6292
WD J190102.84-414656.58	WDJ190102.84-414656.58	285.26183	-41.78238	49.462	m	16.1	8638	0.5741
WD J150032.99-560651.88	WDJ150032.99-560651.88	225.13744	-56.11441	49.463	m	18.08	5823	0.7856
WD J141454.80+433658.50	WDJ141454.80+433658.50	213.72834	43.61625	49.471	m	17.26	6406	0.5958
WD J081946.37+373127.93	WDJ081946.37+373127.93	124.94319	37.52443	49.475	m	15.76	1.19e4	0.8372
WD J232703.78+025004.49	WDJ232703.78+025004.49	351.76574	2.83458	49.49	m	17.89	5478	0.5772
WD J230320.84-521922.49	WDJ230320.84-521922.49	345.83685	-52.32292	49.52	m	18.07	5056	0.4828
WD J072946.20-103442.81	WDJ072946.20-103442.81	112.44251	-10.57856	49.541	m	18.46	4779	0.5286
WD J111154.58+033726.28	WDJ111154.58+033726.28	167.97741	3.62397	49.541	m	17.94	5847	0.7303
WD J110629.47-420528.23	WDJ110629.47-420528.23	166.6228	-42.09117	49.545	m	17.96	5828	0.7383
WD J030947.92-562349.41	WDJ030947.92-562349.41	47.44966	-56.39706	49.551	m	14.1	1.974e4	0.5498
WD J194213.00+373156.60	WDJ194213.00+373156.60	295.55417	37.53239	49.563	m	14.48	1.687e4	0.5659
WD J090555.78+162510.30	WDJ090555.78+162510.30	136.4824	16.41953	49.572	m	19.07	4970	0.8859
WD J215832.41-661407.54	WDJ215832.41-661407.54	329.63504	-66.23543	49.582	m	17.87	6163	0.7989
WD J154901.05-231737.09	WDJ154901.05-231737.09	237.25439	-23.29363	49.615	m	18.36	4935	0.5559
WD J191148.18-545604.34	WDJ191148.18-545604.34	287.95074	-54.93454	49.616	m	17.2	6847	0.6844
WD J210813.27-333120.72	WDJ210813.27-333120.72	317.0553	-33.52242	49.62	m	17.3	6451	0.628
WD J151011.84+145330.63	WDJ151011.84+145330.63	227.54934	14.89184	49.623	m	17.2	7878	0.8917
WD J213636.12+220433.34	WDJ213636.12+220433.34	324.15052	22.07593	49.624	m	14.48	1.826e4	0.6254
WD J211812.39-520646.74	WDJ211812.39-520646.74	319.55162	-52.11298	49.642	m	18.54	4619	0.4878
WD J182503.04-293145.02	WDJ182503.04-293145.02	276.26266	-29.52917	49.658	m	15.25	1.082e4	0.5255
WD J101359.85+030553.90	WDJ101359.85+030553.90	153.49935	3.09831	49.665	m	18.09	5073	0.4961
WD J152431.56-413533.05	WDJ152431.56-413533.05	231.13149	-41.59251	49.681	m	18.39	4867	0.5366
WD J224532.21+492316.10	WDJ224532.21+492316.10	341.38419	49.38781	49.683	m	17.92	5864	0.7172
WD J005829.59-021031.71	WDJ005829.59-021031.71	14.6233	-2.17548	49.683	m	17.67	5788	0.5918
WD J051013.52+043855.13	WDJ051013.52+043855.13	77.55634	4.64865	49.684	m	15.38	1.195e4	0.6812
WD J045416.67+633532.53	WDJ045416.67+633532.53	73.56944	63.59237	49.688	m	18.46	5085	0.6652
WD J075929.77+473509.58	WDJ075929.77+473509.58	119.87402	47.58599	49.696	m	16.17	9065	0.6658
WD J222944.45+242240.70	WDJ222944.45+242240.70	337.43522	24.37797	49.702	m	18.56	5065	0.6941
WD J111624.77-093801.79	WDJ111624.77-093801.79	169.10321	-9.63383	49.71	m	18.65	4432	0.4725
WD J200618.66-293941.69	WDJ200618.66-293941.69	301.57776	-29.66158	49.712	m	18.02	5418	0.6099
WD J022552.59+422803.52	WDJ022552.59+422803.52	36.46911	42.46765	49.737	m	18.97	4349	0.5572
WD J102122.59-133736.40	WDJ102122.59-133736.40	155.34413	-13.62678	49.739	m	18.06	5548	0.6771
WD J045730.67+280907.39	WDJ045730.67+280907.39	74.3778	28.15205	49.74	m	18.38	4817	0.5052
WD J213512.53-443626.04	WDJ213512.53-443626.04	323.80222	-44.60723	49.749	m	17.35	7156	0.8159
WD J053306.78-560353.38	WDJ053306.78-560353.38	83.27827	-56.06483	49.749	m	15.93	1.139e4	0.8637
WD J160519.83-412340.76	WDJ160519.83-412340.76	241.33263	-41.39466	49.758	m	18.19	4915	0.4691
WD J135450.19-005149.20	WDJ135450.19-005149.20	208.70913	-0.86367	49.765	m	17.09	7382	0.7515
WD J025545.63+210621.61	WDJ025545.63+210621.61	43.94011	21.106	49.775	m	17.36	6137	0.5585
WD J053600.39-675821.16	WDJ053600.39-675821.16	84.0016	-67.97254	49.776	m	16.8	7217	0.5889
WD J101959.35+521408.78	WDJ101959.35+521408.78	154.99728	52.23577	49.785	m	17.97	5349	0.5566
WD J150711.58-173233.59	WDJ150711.58-173233.59	226.79823	-17.54266	49.791	m	18.02	5329	0.5744
WD J234141.02-030001.72	WDJ234141.02-030001.72	355.42091	-3.00048	49.817	m	18.46	4693	0.4832
WD J183959.65-045939.94	WDJ183959.65-045939.94	279.99855	-4.99443	49.82	m	16.2	7837	0.4626
WD J150942.07+141121.09	WDJ150942.07+141121.09	227.42529	14.18919	49.822	m	17.4	6172	0.5835
WD J142523.05+201912.91	WDJ142523.05+201912.91	216.34606	20.32025	49.825	m	18.37	5758	0.8786
WD J212002.85+152653.73	WDJ212002.85+152653.73	320.01187	15.44826	49.828	m	16.44	9985	0.9007
WD J185652.16-101640.00	WDJ185652.16-101640.00	284.21732	-10.27778	49.832	m	18.84	4653	0.6373
WD J195442.48+001942.48	WDJ195442.48+001942.48	298.67699	0.32847	49.847	m	18.4	4487	0.406
WD J010653.71-460853.67	WDJ010653.71-460853.67	16.7238	-46.14824	49.848	m	15.46	1.128e4	0.6586
WD J135758.49+602855.14	WDJ135758.49+602855.14	209.4937	60.48198	49.859	m	17.73	6139	0.719
WD J205742.67+381216.35	WDJ205742.67+381216.35	314.4278	38.20454	49.871	m	18.49	4876	0.5721
WD J233359.88+545149.56	WDJ233359.88+545149.56	353.49949	54.86377	49.881	m	18.08	5402	0.6147
WD J211812.19-520647.64	WDJ211812.19-520647.64	319.5508	-52.11323	49.882	m	17.89	5374	0.5304
WD J230619.29+180953.43	WDJ230619.29+180953.43	346.58037	18.16484	49.921	m	17.62	6949	0.8705
WD J065419.56+393813.26	WDJ065419.56+393813.26	103.58149	39.63702	49.926	m	15.92	1.088e4	0.7994
WD J203550.05+405438.31	WDJ203550.05+405438.31	308.95852	40.91064	49.93	m	19.08	4488	0.666
WD J054716.98-255254.73	WDJ054716.98-255254.73	86.82076	-25.88187	49.935	m	17.71	5670	0.5641
WD J235122.09-240817.33	WDJ235122.09-240817.33	357.84204	-24.13815	49.947	m	15.36	1.132e4	0.6187
WD J115604.30-365547.72	WDJ115604.30-365547.72	179.01791	-36.92992	49.952	m	17.67	5649	0.5369
WD J012006.24-665607.41	WDJ012006.24-665607.41	20.02601	-66.93539	49.962	m	17.42	6644	0.7209
WD J201417.07+621413.24	WDJ201417.07+621413.24	303.57112	62.23701	49.977	m	17.43	6028	0.5499
WD J021621.31-454756.91	WDJ021621.31-454756.91	34.08879	-45.79914	49.981	m	18.37	5018	0.5943
WD J000053.27-384414.19	WDJ000053.27-384414.19	0.22195	-38.73727	49.984	m	17.4	6164	0.5838
WD J141516.97-493741.26	WDJ141516.97-493741.26	213.82069	-49.62814	49.994	m	18.46	4284	0.3533
WD J050455.93-301204.06	WDJ050455.93-301204.06	76.23304	-30.20113	49.995	m	18.37	4845	0.5085
