Geminga	PSR J0633+1746	98.47564	17.77025	190	m	0.2371	2.89	GRS:4FGL_J0633.9+1746,XRS:1E0630	HE	
Vela Pulsar	PSR J0835-4510|PSR B0833-45	128.83588	-45.17635	280	m	0.08933	67.77	GRS:4FGL_J0835.3-4510,SNR:Vela,G	HE	
Lich (PSR B1257+12)	PSR J1300+1240|PSR B1257+12	195.0149	12.68235	709	m	0.006219	10.17			BT2P
Double Pulsar (A)	PSR J0737-3039A	114.46354	-30.66131	1100	m	0.0227	48.92		HE	DDS
Double Pulsar (B)	PSR J0737-3039B	114.46354	-30.66131	1100	m	2.773	48.92			DD
Crab Pulsar	PSR J0534+2200|PSR B0531+21	83.63306	22.0145	2000	m	0.03339	56.77	GRS:4FGL_J0534.5+2200,SNR:Crab	HE	
Hulse-Taylor binary pulsar	PSR J1915+1606|PSR B1913+16	288.86666	16.10761	4167	m	0.05903	168.8			DDH
PSR J1057-5226	PSR B1055-52	164.49602	-52.44898	93	e	0.1971	29.68	GRS:4FGL_J1057.9-5227	HE	
PSR J0924-5814	PSR B0923-58	141.12842	-58.23475	107	e	0.7395	57.09			
PSR J1016-5345	PSR B1014-53	154.12968	-53.75396	117	e	0.7696	67.3			
PSR J0536-7543	PSR B0538-75	84.12842	-75.73177	143	e	1.246	18.58			
PSR J0837+0610	PSR B0834+06	129.27354	6.17113	191	e	1.274	12.86			
PSR J0902-6325	PSR B0901-63	135.63428	-63.42011	192	e	0.6603	72.8			
PSR J1743-0339	PSR B1740-03	265.7841	-3.65319	200	e	0.4446	30.21			
PSR J1745-3040	PSR B1742-30	266.4847	-30.67299	200	m	0.3674	88.37			
PSR J1752-2806	PSR B1749-28	268.24454	-28.11036	200	m	0.5626	50.32			
PSR J0953+0755	PSR B0950+08	148.28879	7.9266	261	m	0.2531	2.97		HE	
PSR J1116-4122	PSR B1114-41	169.17952	-41.3791	280	e	0.9432	40.56			
PSR J0659+1414	PSR B0656+14	104.95082	14.23872	286	m	0.3849	13.95	GRS:4FGL_J0659.7+1416,SNR:Monoge	HE	
PSR J0942-5552	PSR B0940-55	145.562	-55.88197	300	m	0.6644	180.2			
PSR J1001-5507	PSR B0959-54	150.40804	-55.11854	300	m	1.437	130.3			
PSR J1825-0935	PSR B1822-09	276.37748	-9.58922	300	m	0.769	19.38			
PSR J1921+2153	PSR B1919+21	290.43673	21.88396	300	m	1.337	12.44			
PSR J1946+1805	PSR B1944+17	296.72102	18.09479	300	m	0.4406	16.14			
PSR J1932+1059	PSR B1929+10	293.05857	10.99261	310	m	0.2265	3.18		HE	
PSR J0630-2834	PSR B0628-28	97.70585	-28.57855	320	m	1.244	34.42	XRS:RX_J0630.8-2834	HE	
PSR J0907-5157	PSR B0905-51	136.81625	-51.96649	340	e	0.2536	103.7			
PSR J0934-5249	PSR B0932-52	143.61765	-52.82425	349	e	1.445	100.4			
PSR J0828-3417	PSR B0826-34	127.06927	-34.28529	354	e	1.849	51.6			
PSR J0959-4809	PSR B0957-47	149.8592	-48.1632	361	e	0.6701	92.64			
PSR J1003-4747	PSR B1001-47	150.8397	-47.78366	369	e	0.3071	98.27			
PSR J1136+1551	PSR B1133+16	174.013	15.85394	370	m	1.188	4.84			
PSR J0856-6137	PSR B0855-61	134.24693	-61.63135	371	e	0.9625	95.72			
PSR J0452-1759	PSR B0450-18	73.14211	-17.98983	400	m	0.5489	39.9			
PSR J1740-3015	PSR B1737-30	265.14092	-30.26208	400	m	0.6069	151.9			
PSR J0955-5304	PSR B0953-52	148.87275	-53.07128	401	e	0.8621	156.7			
PSR J0942-5657	PSR B0941-56	145.72668	-56.96204	406	e	0.8082	160.1			
PSR J0700+6418	PSR B0655+64	105.15751	64.30311	413	e	0.1957	8.77			BT
PSR J1456-6843	PSR B1451-68	223.99968	-68.72764	430	m	0.2634	8.63			
PSR J0814+7429	PSR B0809+74	123.74792	74.48492	432	m	1.292	5.75			
PSR J1659-1305	PSR B1657-13	254.9712	-13.08583	484	e	0.641	60.37			
PSR J0826+2637	PSR B0823+26	126.71461	26.62258	500	m	0.5307	19.48		HE	
PSR J0855-3331	PSR B0853-33	133.91006	-33.52758	502	e	1.268	86.4			
PSR J0924-5302	PSR B0922-52	141.03634	-53.04517	514	e	0.7463	153.4			
PSR J0952-3839	PSR B0950-38	148.07137	-38.65277	523	e	1.374	162.8			
PSR J0612+3721	PSR B0609+37	93.20286	37.36038	534	e	0.298	27.15			
PSR J0846-3533	PSR B0844-35	131.52533	-35.56132	535	e	1.116	94.16			
PSR J1954+2923	PSR B1952+29	298.59379	29.38782	536	e	0.4267	7.93			
PSR J0600-5756	PSR B0559-57	90.19375	-57.94833	553	e	2.261	30			
PSR J1709-1640	PSR B1706-16	257.36017	-16.6827	562	e	0.6531	24.89			
PSR J0745-5353	PSR B0743-53	116.26867	-53.88599	565	e	0.2148	121.4			
PSR J0840-5332	PSR B0839-53	130.1405	-53.5433	567	e	0.7206	157.4			
PSR J0820-4114	PSR B0818-41	125.06442	-41.24311	571	e	0.5454	112.8			
PSR J0904-4246	PSR B0903-42	136.24612	-42.77039	675	e	0.9652	145.9			
PSR J0944-1354	PSR B0942-13	146.1207	-13.91167	690	e	0.5703	12.5			
PSR J1731-4744	PSR B1727-47	262.92567	-47.74341	700	e	0.8299	123.1	GRS:4FGL_J1731.7-4744,SNR:G343.0	HE	
PSR J1900-2600	PSR B1857-26	285.19826	-26.01217	700	m	0.6122	37.99			
PSR J2337+6151	PSR B2334+61	354.27401	61.85043	700	m	0.4954	58.41	SNR:G114.3+0.3		
PSR J1751-4657	PSR B1747-46	267.92582	-46.95737	742	e	0.7424	20.59			
PSR J1705-1906	PSR B1702-19	256.40042	-19.11073	747	e	0.299	22.91	GRS:4FGL_J1705.6-1909	HE	
PSR J0304+1932	PSR B0301+19	46.13798	19.54761	749	e	1.388	15.66			
PSR J1848-1952	PSR B1845-19	282.07514	-19.87525	751	e	4.308	18.23			
PSR J0909-7212	PSR B0909-71	137.39921	-72.20248	752	e	1.363	54.23			
PSR J1119-7936	PSR B1118-79	169.91659	-79.60826	771	e	2.281	26.38			
PSR J0908-1739	PSR B0906-17	137.15909	-17.66046	805	e	0.4016	15.88			
PSR J1534-5334	PSR B1530-53	233.53446	-53.57211	816	e	1.369	25.27			
PSR J1651-1709	PSR B1648-17	252.8823	-17.15614	839	e	0.9734	33.6			
PSR J1239+2453	PSR B1237+25	189.91859	24.89702	840	m	1.382	9.25			
PSR J2330-2005	PSR B2327-20	352.61202	-20.09156	864	e	1.644	8.46			
PSR J0946+0951	PSR B0943+10	146.53167	9.86528	892	e	1.098	15.32			
PSR J2225+6535	PSR B2224+65	336.47026	65.59344	900	m	0.6825	36.44	OPT:Guitar_Nebula		
PSR J1038-5831	PSR B1036-58	159.58188	-58.52413	918	e	0.662	72.78			
PSR J1605-5257	PSR B1601-52	241.31777	-52.95967	921	e	0.658	34.79			
PSR J1115+5030	PSR B1112+50	168.91	50.50341	923	e	1.656	9.19			
PSR J0152-1637	PSR B0149-16	28.04522	-16.63157	930	m	0.8327	11.93			
PSR J1544-5308	PSR B1541-52	236.24929	-53.14638	933	e	0.1786	35.21			
PSR J1537+1155	PSR B1534+12	234.29151	11.93206	935	m	0.0379	11.62			DD
PSR J0323+3944	PSR B0320+39	50.86109	39.74789	940	m	3.032	26.19			
PSR J2048-1616	PSR B2045-16	312.1485	-16.27904	950	m	1.962	11.46			
PSR J1321+8323	PSR B1322+83	200.44013	83.39429	960	m	0.67	13.32			
PSR J0904-7459	PSR B0904-74	136.04374	-74.99516	962	e	0.5496	49.2			
PSR J2018+2839	PSR B2016+28	304.51597	28.66506	980	m	0.558	14.2			
PSR J1012-2337	PSR B1010-23	153.14053	-23.63956	983	e	2.518	22.51			
PSR J1720-1633	PSR B1717-16	260.10503	-16.55937	993	e	1.566	45.06			
PSR J1457-5122	PSR B1454-51	224.41705	-51.38192	994	e	1.748	37			
PSR J0358+5413	PSR B0355+54	59.72385	54.2205	1000	m	0.1564	57.14	XRS:PWN	HE	
PSR J0908-4913	PSR B0906-49	137.14775	-49.21806	1000	m	0.1068	180.2	GRS:4FGL_J0908.7-4911	HE	
PSR J0921+6254	PSR B0917+63	140.3089	62.90386	1003	e	1.568	13.15			
PSR J0401-7608	PSR B0403-76	60.46563	-76.13693	1014	e	0.5453	21.75			
PSR J0034-0721	PSR B0031-07	8.53696	-7.36484	1030	m	0.943	10.92			
PSR J2155-5641	PSR B2151-56	328.75583	-56.69917	1043	e	1.374	14			
PSR J1949-2524	PSR B1946-25	297.35589	-25.40027	1046	e	0.9576	23.14			
PSR J2053-7200	PSR B2048-72	313.447	-72.0118	1047	e	0.3413	17.64			
PSR J1607-0032	PSR B1604-00	241.80025	-0.54487	1050	m	0.4218	10.68			
PSR J2313+4253	PSR B2310+42	348.28592	42.88696	1060	m	0.3494	17.28			
PSR J1711-1509	PSR B1709-15	257.97942	-15.16104	1081	e	0.8688	59.82			
PSR J1720-2933	PSR B1717-29	260.14216	-29.55451	1098	e	0.6204	42.74			
PSR J0922+0638	PSR B0919+06	140.55842	6.63981	1100	m	0.4306	27.3	GRS:4FGL_J0922.3+0644	HE	
PSR J1733-2228	PSR B1730-22	263.36016	-22.47701	1105	e	0.8717	41.14			
PSR J0056+4756	PSR B0053+47	14.1063	47.93626	1123	e	0.472	18.14			
PSR J0454+5543	PSR B0450+55	73.53229	55.72818	1180	m	0.3407	14.59			
PSR J1514-4834	PSR B1510-48	228.56073	-48.57218	1195	e	0.4548	49.36			
PSR J1857+0943	PSR B1855+09	284.40163	9.72144	1200	m	0.005362	13.3			T2
PSR J1943-1237	PSR B1940-12	295.85617	-12.62845	1200	e	0.9724	28.92			
PSR J0528+2200	PSR B0525+21	82.21777	22.00111	1215	e	3.746	50.87			
PSR J1646-6831	PSR B1641-68	251.72861	-68.53095	1217	e	1.786	41.92			
PSR J1738-3211	PSR B1735-32	264.72577	-32.19823	1264	e	0.7685	49.52			
PSR J0206-4028	PSR B0203-40	31.50539	-40.46767	1271	e	0.6306	13			
PSR J1402-5021	PSR B1359-51	210.73333	-50.36194	1285	e	1.38	51			
PSR J2155-3118	PSR B2152-31	328.80671	-31.31519	1293	e	1.03	14.94			
PSR J1918+1444	PSR B1916+14	289.59849	14.75167	1305	e	1.181	27.24		HE	
PSR J1708-7539	PSR B1701-75	257.01042	-75.65639	1322	e	1.191	37			
PSR J1430-6623	PSR B1426-66	217.66973	-66.38487	1327	e	0.7854	65.11			
PSR J1833-6023	PSR B1828-60	278.31167	-60.38444	1336	e	1.889	35			
PSR J2324-6054	PSR B2321-61	351.11308	-60.90161	1348	e	2.347	15.17			
PSR J0415+6954	PSR B0410+69	63.98189	69.90275	1367	e	0.3907	27.45			
PSR J0943+1631	PSR B0940+16	145.87542	16.52694	1371	e	1.087	20.34			
PSR J1506-5158	PSR B1503-51	226.66458	-51.96944	1384	e	0.8407	61			
PSR J1340-6456	PSR B1336-64	205.00037	-64.94542	1400	e	0.3786	76.87			
PSR J1959+2048	PSR B1957+20	299.90321	20.8042	1400	m	0.001607	29.11	GRS:4FGL_J1959.5+2048	HE	BT
PSR J1328-4357	PSR B1325-43	202.0268	-43.96226	1402	e	0.5327	41.29			
PSR J1507-4352	PSR B1504-43	226.89234	-43.86779	1416	e	0.2868	49.12			
PSR J2113+2754	PSR B2110+27	318.26813	27.90032	1420	m	1.203	25.11			
PSR J1057-7914	PSR B1056-78	164.36335	-79.23988	1453	e	1.347	51.55			
PSR J1728-0007	PSR B1726-00	262.14508	-0.12917	1458	e	0.386	41.09			
PSR J0754+3231	PSR B0751+32	118.66953	32.53228	1464	e	1.442	39.99			
PSR J1532+2745	PSR B1530+27	233.04319	27.76378	1490	m	1.125	14.69			
PSR J0837-4135	PSR B0835-41	129.33831	-41.58738	1500	m	0.7516	147.2			
PSR J1807-0847	PSR B1804-08	271.90844	-8.79535	1500	m	0.1637	112.4			
PSR J1136-5525	PSR B1133-55	174.00917	-55.41852	1518	e	0.3647	85.11			
PSR J1259-6741	PSR B1256-67	194.84429	-67.69455	1548	e	0.6633	91.91			
PSR J0543+2329	PSR B0540+23	85.79025	23.48472	1565	e	0.246	77.7			
PSR J1239-6832	PSR B1236-68	189.99546	-68.54127	1573	e	1.302	94.06			
PSR J1840+5640	PSR B1839+56	280.18557	56.6819	1580	m	1.653	26.77			
PSR J1823-3106	PSR B1820-31	275.94495	-31.11382	1586	e	0.2841	50.29			
PSR J1952+1410	PSR B1949+14	298.02565	14.12483	1586	e	0.275	31.5			
PSR J1704-6016	PSR B1659-60	256.06167	-60.28167	1589	e	0.3063	54			
PSR J0738-4042	PSR B0736-40	114.63465	-40.71116	1600	m	0.3749	160.9			
PSR J1146-6030	PSR B1143-60	176.53215	-60.51656	1634	e	0.2734	111.7			
PSR J1059-5742	PSR B1056-57	164.7537	-57.70404	1643	e	1.185	108.6			
PSR J1240-4124	PSR B1237-41	190.07298	-41.41429	1644	e	0.5122	43.22			
PSR J1810-5338	PSR B1806-53	272.6853	-53.63545	1648	e	0.2611	45			
PSR J1614+0737	PSR B1612+07	243.67044	7.62528	1663	e	1.207	21.39			
PSR J1841+0912	PSR B1839+09	280.48317	9.20204	1664	e	0.3813	49.16			
PSR J1623-0908	PSR B1620-09	245.82358	-9.14687	1670	m	1.276	68.22			
PSR J0332+5434	PSR B0329+54	53.24754	54.5787	1680	m	0.7145	26.76			
PSR J1844+1454	PSR B1842+14	281.22873	14.90392	1683	e	0.3755	41.49			
PSR J1527-3931	PSR B1524-39	231.99512	-39.52617	1691	e	2.418	48.8			
PSR J2317+2149	PSR B2315+21	349.49101	21.83001	1700	m	1.445	20.87			
PSR J0343+5312	PSR B0339+53	55.80379	53.21484	1705	e	1.934	67.3			
PSR J1615-2940	PSR B1612-29	243.97015	-29.67104	1717	e	2.478	44.79			
PSR J1920+2650	PSR B1918+26	290.15989	26.844	1722	e	0.7855	27.71			
PSR J1235-54	PSR B1232-55	188.82917	-54.95	1741	e	0.6382	100			
PSR J0231+7026	PSR B0226+70	37.80832	70.44275	1755	e	1.467	46.68			
PSR J0117+5914	PSR B0114+58	19.41109	59.244	1768	e	0.1014	49.42		HE	
PSR J0014+4746	PSR B0011+47	3.57396	47.77594	1776	e	1.241	30.41			
PSR J0450-1248	PSR B0447-12	72.53668	-12.802	1798	e	0.438	37.04			
PSR J1734-0212	PSR B1732-02	263.69025	-2.21085	1798	e	0.8394	65.05			
PSR J1401-6357	PSR B1358-63	210.46854	-63.96167	1800	m	0.8428	97.72			
PSR J2022+5154	PSR B2021+51	305.7078	51.91395	1800	m	0.5292	22.55			
PSR J0157+6212	PSR B0154+61	29.4581	62.2074	1820	m	2.352	30.21			
PSR J0525+1115	PSR B0523+11	81.48545	11.25522	1841	e	0.3544	79.41			
PSR J0255-5304	PSR B0254-53	43.98455	-53.07258	1846	e	0.4477	17.97			
PSR J1623-2631	PSR B1620-26	245.90926	-26.5316	1851	m	0.01108	62.86	GC:NGC6121(M4)		BT
PSR J1825+0004	PSR B1822+00	276.31385	0.07214	1861	e	0.779	56.62			
PSR J1428-5530	PSR B1424-55	217.10933	-55.51391	1871	e	0.5703	81.88			
PSR J1202-5820	PSR B1159-58	180.61802	-58.34268	1889	e	0.4528	145.7			
PSR J0147+5922	PSR B0144+59	26.93601	59.36758	1900	m	0.1963	40.11			
PSR J0820-1350	PSR B0818-13	125.10992	-13.84885	1900	m	1.238	40.94			
PSR J1916+0951	PSR B1914+09	289.13477	9.85722	1903	e	0.2703	60.9			
PSR J1107-5947	PSR B1105-59	166.99458	-59.78444	1915	e	1.517	158.4			
PSR J0624-0424	PSR B0621-04	96.08345	-4.41401	1938	e	1.039	70.83			
PSR J0108+6905	PSR B0105+68	17.12293	69.09795	1981	e	1.071	61.06			
PSR J0729-1836	PSR B0727-18	112.38474	-18.61173	2000	m	0.5102	61.23		HE	
PSR J0742-2822	PSR B0740-28	115.70441	-28.37882	2000	m	0.1668	73.76	GRS:4FGL_J0742.8-2822	HE	
PSR J1243-6423	PSR B1240-64	190.82125	-64.38993	2000	m	0.3885	297			
PSR J1823+0550	PSR B1821+05	275.87905	5.84006	2000	m	0.7529	66.78			
PSR J2006-0807	PSR B2003-08	301.56819	-8.11727	2000	m	0.5809	32.39			
PSR J2242+6950	PSR B2241+69	340.73503	69.84782	2008	e	1.665	40.86			
PSR J2023+5037	PSR B2022+50	305.92476	50.62635	2059	e	0.3726	32.99			
PSR J0601-0527	PSR B0559-05	90.49573	-5.46413	2060	m	0.396	80.54			
PSR J2308+5547	PSR B2306+55	347.05759	55.79334	2075	e	0.4751	46.54			
PSR J1112-6926	PSR B1110-69	168.21158	-69.44231	2078	e	0.8205	148.7			
PSR J1509+5531	PSR B1508+55	227.35679	55.52566	2100	m	0.7397	19.62			
PSR J2022+2854	PSR B2020+28	305.65445	28.90642	2100	m	0.3434	24.63			
PSR J0108+6608	PSR B0105+65	17.09377	66.14292	2140	m	1.284	30.55			
PSR J1850+1335	PSR B1848+13	282.64781	13.59955	2169	e	0.3456	60.14			
PSR J1955+5059	PSR B1953+50	298.82818	50.99869	2186	e	0.5189	31.98			
PSR J1915+1647	PSR B1913+167	288.82962	16.78569	2194	e	1.616	62.57			
PSR J2113+4644	PSR B2111+46	318.35137	46.73579	2200	m	1.015	141.3			
PSR J1320-5359	PSR B1317-53	200.22467	-53.98472	2217	e	0.2797	97.31			
PSR J1603-2712	PSR B1600-27	240.7836	-27.22434	2285	e	0.7783	45.98			
PSR J0141+6009	PSR B0138+59	25.4164	60.15897	2300	m	1.223	34.93			
PSR J1559-4438	PSR B1556-44	239.92303	-44.64608	2300	m	0.2571	56.04			
PSR J1833-0338	PSR B1831-03	278.42456	-3.65118	2300	m	0.6867	234.4			
PSR J1121-5444	PSR B1119-54	170.32984	-54.73483	2324	e	0.5358	204.7			
PSR J1046-5813	PSR B1044-57	161.57836	-58.23105	2340	e	0.3694	240			
PSR J0653+8051	PSR B0643+80	103.31288	80.86673	2348	e	1.214	33.32			
PSR J1900-7951	PSR B1851-79	285.10167	-79.86339	2375	e	1.279	39			
PSR J2219+4754	PSR B2217+47	334.95058	47.91498	2383	e	0.5385	43.5			
PSR J1056-6258	PSR B1054-62	164.1066	-62.97991	2400	m	0.4225	320.7			
PSR J2354+6155	PSR B2351+61	358.51993	61.92968	2400	m	0.9448	94.66			
PSR J0335+4555	PSR B0331+45	53.81934	45.93151	2410	m	0.2692	47.15			
PSR J1748-1300	PSR B1745-12	267.07253	-13.01447	2411	e	0.3941	99.36			
PSR J0040+5716	PSR B0037+56	10.13496	57.27356	2420	m	1.118	92.52			
PSR J1126-6054	PSR B1124-60	171.71898	-60.91103	2426	e	0.2027	280.3			
PSR J1635+2418	PSR B1633+24	248.85742	24.31314	2433	e	0.4905	24.27			
PSR J1110-5637	PSR B1107-56	167.50155	-56.62571	2444	e	0.5583	261.6			
PSR J1907+4002	PSR B1905+39	286.8944	40.03492	2460	e	1.236	30.97			
PSR J1720-0212	PSR B1718-02	260.23862	-2.20675	2461	e	0.4777	66.98			
PSR J1722-3712	PSR B1719-37	260.74709	-37.20125	2476	e	0.2362	99.44			
PSR J1737-3555	PSR B1734-35	264.41686	-35.92877	2485	e	0.3976	89.17			
PSR J1749-5605	PSR B1745-56	267.43542	-56.08861	2493	e	1.332	58			
PSR J0102+6537	PSR B0059+65	15.63746	65.62039	2500	m	1.679	65.85			
PSR J1834-0426	PSR B1831-04	278.60668	-4.43773	2503	e	0.2901	79.31			
PSR J1041-1942	PSR B1039-19	160.4008	-19.7037	2506	e	1.386	33.62			
PSR J1857+0057	PSR B1854+00	284.25337	0.95466	2512	e	0.3569	82.47			
PSR J1112-6613	PSR B1110-65	168.16017	-66.21796	2531	e	0.3342	249.1			
PSR J0139+5814	PSR B0136+57	24.83225	58.24217	2600	m	0.2725	73.81		HE	
PSR J1709-4429	PSR B1706-44	257.42803	-44.48562	2600	m	0.1025	75.58	GRS:4FGL_J1709.7-4429,SNR:G343.1	HE	
PSR J1302-6350	PSR B1259-63	195.69849	-63.83573	2632	m	0.04776	146.7			MSS
PSR J1851+1259	PSR B1848+12	282.80506	12.99313	2644	e	1.205	70.63			
PSR J0502+4654	PSR B0458+46	75.519	46.90169	2700	m	0.6386	41.83			
PSR J0823+0159	PSR B0820+02	125.79069	1.9868	2700	m	0.8649	23.73			BT
PSR J1820-0427	PSR B1818-04	275.21914	-4.46048	2700	m	0.5981	84.47			
PSR J2321+6024	PSR B2319+60	350.48006	60.40853	2700	m	2.256	94.59			
PSR J0758-1528	PSR B0756-15	119.62113	-15.46909	2708	e	0.6823	63.33			
PSR J2326+6113	PSR B2324+60	351.74457	61.2268	2733	e	0.2337	122.6			
PSR J1042-5521	PSR B1039-55	160.50202	-55.35161	2790	e	1.171	306.8			
PSR J0055+5117	PSR B0052+51	13.93916	51.29017	2800	m	2.115	44.01			
PSR J1453-6413	PSR B1449-64	223.38605	-64.22113	2800	m	0.1795	71.19			
PSR J1703-1846	PSR B1700-18	255.96288	-18.77079	2800	m	0.8043	49.63			
PSR J2149+6329	PSR B2148+63	327.4946	63.49563	2800	m	0.3801	129.7			
PSR J2037+1942	PSR B2034+19	309.311	19.71461	2806	e	2.074	36.89			
PSR J2124+1407	PSR B2122+13	321.19406	14.12204	2807	e	0.6941	30.25			
PSR J1921+1419	PSR B1919+14	290.35067	14.32141	2826	e	0.6182	91.64			
PSR J1910+0358	PSR B1907+03	287.53777	3.97445	2859	e	2.33	83.87			
PSR J0357+5236	PSR B0353+52	59.43683	52.61597	2900	m	0.197	103.7			
PSR J0629+2415	PSR B0626+24	97.27386	24.26154	2900	m	0.4766	84.18			
PSR J1048-5832	PSR B1046-58	162.05437	-58.53506	2900	m	0.1237	128.7	GRS:4FGL_J1048.2-5832	HE	
PSR J2157+4017	PSR B2154+40	329.25771	40.29611	2900	m	1.525	71.12			
PSR J1739-2903	PSR B1736-29	264.89288	-29.05061	2912	e	0.3229	138.7			
PSR J1722-3207	PSR B1718-32	260.51233	-32.12925	2929	e	0.4772	126.1			
PSR J1611-5209	PSR B1607-52	242.76404	-52.15615	2948	e	0.1825	127.3			
PSR J2055+2209	PSR B2053+21	313.91313	22.15756	2999	e	0.8152	36.35			
PSR J1326-5859	PSR B1323-58	201.74265	-58.99138	3000	m	0.478	287.1			
PSR J1543-0620	PSR B1540-06	235.87557	-6.34593	3000	m	0.7091	18.53			
PSR J1952+3252	PSR B1951+32	298.24253	32.87792	3000	m	0.03953	45.01	GRS:4FGL_J1952.9+3252,SNR:CTB80	HE	
PSR J2257+5909	PSR B2255+58	344.4906	59.15412	3000	m	0.3682	151.1			
PSR J1032-5911	PSR B1030-58	158.02032	-59.19856	3005	e	0.4642	418.2			
PSR J1806-1154	PSR B1804-12	271.5283	-11.90798	3005	e	0.5226	122.2			
PSR J1801-2920	PSR B1758-29	270.44515	-29.34418	3013	e	1.082	125.4			
PSR J2229+6205	PSR B2227+61	337.42431	62.09334	3013	e	0.4431	124.6			
PSR J1413-6307	PSR B1409-62	213.38048	-63.12651	3022	e	0.395	121.6			
PSR J1844-0433	PSR B1841-04	281.13939	-4.55345	3075	e	0.991	123.2			
PSR J1927+1856	PSR B1925+188	291.85415	18.94347	3079	e	0.2983	97.86			
PSR J0842-4851	PSR B0840-48	130.52268	-48.85575	3091	e	0.6444	196.7			
PSR J1937+2544	PSR B1935+25	294.25523	25.73707	3100	m	0.201	53.22			
PSR J1945-0040	PSR B1942-00	296.36832	-0.6828	3119	e	1.046	59.11			
PSR J1757-2421	PSR B1754-24	269.37218	-24.36873	3125	e	0.2341	179.6	GRS:4FGL_J1757.9-2419	HE	
PSR J1946-2913	PSR B1943-29	296.71563	-29.22976	3136	e	0.9594	44.39			
PSR J1830-1059	PSR B1828-11	277.69779	-10.9907	3146	e	0.4051	159.7			
PSR J1914+1122	PSR B1911+11	288.54214	11.36771	3151	e	0.601	100.3			
PSR J1733-3716	PSR B1730-37	263.36151	-37.28201	3152	e	0.3376	153.3			
PSR J2305+4707	PSR B2303+46	346.48267	47.12926	3159	e	1.066	62.07			BT
PSR J1703-3241	PSR B1700-32	255.84392	-32.69668	3160	e	1.212	110.3			
PSR J1012-5857	PSR B1011-58	153.20198	-58.96348	3180	e	0.8199	382.6			
PSR J1615-5537	PSR B1611-55	243.91852	-55.61692	3192	e	0.7915	124.5			
PSR J1604-4909	PSR B1600-49	241.09573	-49.16611	3224	e	0.3274	140.8			
PSR J2046+1540	PSR B2044+15	311.66391	15.67599	3226	m	1.138	39.82			
PSR J1901+0156	PSR B1859+01	285.39287	1.94395	3229	e	0.2882	105.4			
PSR J1921+2003	PSR B1919+20	290.46499	20.05578	3233	e	0.7607	101			
PSR J1610-1322	PSR B1607-13	242.67823	-13.37286	3244	e	1.018	49.13			
PSR J1759-2205	PSR B1756-22	269.85059	-22.09186	3254	e	0.461	177			
PSR J1822-2256	PSR B1819-22	275.74564	-22.94184	3261	e	1.874	121.2			
PSR J1741-0840	PSR B1738-08	265.34401	-8.67548	3300	m	2.043	75.25			
PSR J1856+0113	PSR B1853+01	284.04438	1.22258	3300	m	0.2674	96.1	SNR:W44,XRS:PWN	HE	
PSR J1903+0135	PSR B1900+01	285.87494	1.59404	3300	m	0.7293	244.9			
PSR J0849+8028	PSR B0841+80	132.25628	80.48309	3303	e	1.602	34.81			
PSR J1929+1844	PSR B1926+18	292.31992	18.74986	3317	e	1.22	112			
PSR J1743-3150	PSR B1740-31	265.90296	-31.83964	3326	e	2.415	192.2			
PSR J1834-0010	PSR B1831-00	278.5719	-0.18147	3351	e	0.521	88.65			ELL1
PSR J1912+2104	PSR B1910+20	288.18058	21.07609	3366	m	2.233	88.6			
PSR J1652-2404	PSR B1649-23	253.24387	-24.06413	3368	e	1.704	68.41			
PSR J1901+0716	PSR B1859+07	285.41224	7.27633	3400	m	0.644	252.6			
PSR J1847-0402	PSR B1844-04	281.84517	-4.03733	3410	e	0.5978	142			
PSR J1440-6344	PSR B1436-63	220.13025	-63.74678	3446	e	0.4596	124.2			
PSR J1637-4553	PSR B1634-45	249.4945	-45.89075	3446	e	0.1188	193.7			
PSR J1803-2712	PSR B1800-27	270.88205	-27.20177	3468	e	0.3344	165.5			BT
PSR J1743-1351	PSR B1740-13	265.90676	-13.86055	3476	e	0.4053	116.3			
PSR J1730-3350	PSR B1727-33	262.63566	-33.84429	3487	e	0.1395	261.3	GRS:4FGL_J1730.5-3352	HE	
PSR J0614+2229	PSR B0611+22	93.57086	22.49912	3500	m	0.335	96.91			
PSR J1939+2134	PSR B1937+21	294.91067	21.58309	3500	m	0.001558	71.02		HE	
PSR J1613-4714	PSR B1609-47	243.37093	-47.24061	3503	e	0.3824	160.2			
PSR J1017-5621	PSR B1015-56	154.30346	-56.35848	3509	e	0.5035	437.9			
PSR J1539-5626	PSR B1535-56	234.80843	-56.44064	3537	e	0.2434	176			
PSR J1800-2343	PSR B1757-23	270	-23.71667	3559	e	1.031	280			
PSR J1941-2602	PSR B1937-26	295.2517	-26.03493	3571	e	0.4029	50.09			
PSR J1816-2650	PSR B1813-26	274.1475	-26.83139	3592	e	0.5929	128.1			
PSR J1902+0556	PSR B1900+05	285.67759	5.94053	3600	m	0.7466	177.5			
PSR J1826-1334	PSR B1823-13	276.5549	-13.57967	3608	e	0.1015	231.7	GRS:J1825-137,XRS:G18.0-0.7	HE	
PSR J2150+5247	PSR B2148+52	327.65729	52.7971	3610	m	0.3322	148.9			
PSR J1812-1718	PSR B1809-173	273.03004	-17.30819	3659	e	1.205	251.4			
PSR J1824-1945	PSR B1821-19	276.00197	-19.7676	3700	m	0.1893	224.3			
PSR J1935+1616	PSR B1933+16	293.94927	16.27777	3700	m	0.3587	158.6			
PSR J1842-0359	PSR B1839-04	280.61037	-4.00042	3711	e	1.84	196.4			
PSR J1534-5405	PSR B1530-539	233.64019	-54.09405	3745	e	0.2897	190.6			
PSR J1555-2341	PSR B1552-23	238.88827	-23.68608	3780	e	0.5326	52.24			
PSR J1639-4604	PSR B1635-45	249.8383	-46.07598	3780	e	0.5291	257.4			
PSR J1553-5456	PSR B1550-54	238.49838	-54.93507	3786	e	1.081	210			
PSR J1801-2451	PSR B1757-24	270.25007	-24.85764	3803	e	0.1249	291.6	GRS:4FGL_J1801.2-2450,SNR:G5.4-1	HE	
PSR J1756-2435	PSR B1753-24	269.24131	-24.59286	3833	e	0.6705	367.1			
PSR J1849-0636	PSR B1846-06	282.27682	-6.61859	3846	e	1.451	148.2			
PSR J1522-5829	PSR B1518-58	230.67602	-58.48412	3880	e	0.3954	199.7			
PSR J1923+1706	PSR B1921+17	290.78271	17.10261	3956	e	0.5472	141.6			
PSR J1931+1536	PSR B1929+15	292.98212	15.61596	3970	e	0.3144	138			
PSR J1826-1131	PSR B1823-11	276.5228	-11.52878	3972	e	2.093	319.4			
PSR J1722-3632	PSR B1718-36	260.54079	-36.5486	3991	e	0.3992	415.8			
PSR J1157-6224	PSR B1154-62	179.31336	-62.41415	4000	m	0.4005	324.3			
PSR J1224-6407	PSR B1221-63	186.09273	-64.13163	4000	m	0.2165	97.72		HE	
PSR J1327-6222	PSR B1323-62	201.82157	-62.37929	4000	m	0.5299	318.4			
PSR J1645-0317	PSR B1642-03	251.2585	-3.29939	4000	m	0.3877	35.76			
PSR J1707-4053	PSR B1703-40	256.84075	-40.89864	4000	m	0.581	351.8			
PSR J1801-2304	PSR B1758-23	270.33256	-23.07907	4000	m	0.4158	1068	SNR:W28(?)		
PSR J1922+2110	PSR B1920+21	290.72305	21.17832	4000	m	1.078	217.1			
PSR J1913-0440	PSR B1911-04	288.47572	-4.67991	4041	e	0.8259	89.39			
PSR J1851+0418	PSR B1848+04	282.76375	4.30334	4089	e	0.2847	115.3			
PSR J1845-0434	PSR B1842-04	281.39462	-4.57495	4092	e	0.4868	229.8			
PSR J1740+1311	PSR B1737+13	265.03042	13.19894	4113	e	0.8031	48.67			
PSR J1809-2109	PSR B1806-21	272.30971	-21.1508	4122	e	0.7024	381.6			
PSR J1944-1750	PSR B1941-17	296.02183	-17.83641	4123	e	0.8412	56.32			
PSR J1510-4422	PSR B1507-44	227.70375	-44.36861	4128	e	0.9439	84			
PSR J1559-5545	PSR B1555-55	239.83625	-55.76306	4133	e	0.9573	212.9			
PSR J1837-0653	PSR B1834-06	279.31104	-6.88392	4137	e	1.906	315.4			
PSR J1912+1036	PSR B1910+10	288.19304	10.61156	4154	e	0.4093	147			
PSR J1600-5751	PSR B1556-57	240.08299	-57.85419	4182	e	0.1945	176.5			
PSR J1312-5516	PSR B1309-55	198.22305	-55.27981	4187	e	0.8492	134.1			
PSR J0406+6138	PSR B0402+61	61.62534	61.64484	4200	m	0.5946	65.41			
PSR J1921+1948	PSR B1918+19	290.26583	19.81241	4322	e	0.821	153.8			
PSR J1750-3157	PSR B1747-31	267.69716	-31.96226	4335	e	0.9104	206			
PSR J1913+0936	PSR B1911+09	288.46958	9.61161	4337	e	1.242	157			
PSR J2046+5708	PSR B2045+56	311.6942	57.14364	4339	e	0.4767	101.8			
PSR J2108+4441	PSR B2106+44	317.08534	44.69691	4346	e	0.4149	139.8			
PSR J1836-0436	PSR B1834-04	279.21579	-4.61047	4358	e	0.3542	231.4			
PSR J1909+0007	PSR B1907+00	287.39691	0.13271	4358	e	1.017	112.8			
PSR J1420-5416	PSR B1417-54	215.12129	-54.27297	4399	e	0.9358	129.6			
PSR J1817-3618	PSR B1813-36	274.2744	-36.30128	4399	e	0.387	94.2			
PSR J1841-0425	PSR B1838-04	280.2736	-4.42208	4399	e	0.1861	325.5			
PSR J1513-5908	PSR B1509-58	228.48255	-59.136	4400	m	0.1516	255.2	SNR:G320.4-1.2,GRS:AGILE	HE	
PSR J1803-2137	PSR B1800-21	270.96421	-21.61871	4400	m	0.1337	234	SNR:G8.7-0.1(?),GRS:J1804-216(?)	HE	
PSR J1848-0123	PSR B1845-01	282.09829	-1.39954	4400	m	0.6594	160			
PSR J2305+3100	PSR B2303+30	346.493	31.00036	4400	m	1.576	49.58			
PSR J1739-3131	PSR B1736-31	264.85127	-31.52092	4404	e	0.5294	596.9			
PSR J1825-1446	PSR B1822-14	276.2624	-14.7816	4441	e	0.2792	352.2			
PSR J1816-1729	PSR B1813-17	274.07776	-17.48408	4442	e	0.7823	523			
PSR J1711-5350	PSR B1707-53	257.97138	-53.83842	4498	e	0.8992	106.1			
PSR J0048+3412	PSR B0045+33	12.1416	34.20223	4500	e	1.217	39.92			
PSR J1644-4559	PSR B1641-45	251.2053	-45.98603	4500	m	0.4551	478.7			
PSR J1833-0827	PSR B1830-08	278.41778	-8.4589	4500	m	0.08529	409.8	XRS:PWN		
PSR J1909+0254	PSR B1907+02	287.40963	2.91408	4500	m	0.9898	171.7			
PSR J1916+1312	PSR B1914+13	289.24446	13.21389	4500	m	0.2818	236.9			
PSR J1812-1733	PSR B1809-176	273.06608	-17.56052	4514	e	0.5383	509.8			
PSR J0024-7204C	PSR B0021-72C	5.95981	-72.07542	4520	m	0.005757	24.59	GC:47Tuc(NGC104)		
PSR J0024-7204D	PSR B0021-72D	6.05784	-72.07885	4520	m	0.005358	24.74	GC:47Tuc(NGC104)		
PSR J0024-7204E	PSR B0021-72E	6.04627	-72.08893	4520	m	0.003536	24.24	GC:47Tuc(NGC104)		DD
PSR J0024-7204F	PSR B0021-72F	6.01606	-72.07856	4520	m	0.002624	24.38	GC:47Tuc(NGC104)		
PSR J0024-7204G	PSR B0021-72G	6.03317	-72.0777	4520	m	0.00404	24.43	GC:47Tuc(NGC104)		
PSR J0024-7204H	PSR B0021-72H	6.02793	-72.06856	4520	m	0.00321	24.38	GC:47Tuc(NGC104)		DD
PSR J0024-7204I	PSR B0021-72I	6.03306	-72.07769	4520	m	0.003485	24.43	GC:47Tuc(NGC104)		ELL1
PSR J0024-7204J	PSR B0021-72J	5.99753	-72.06633	4520	m	0.002101	24.59	GC:47Tuc(NGC104)		BTX
PSR J0024-7204L	PSR B0021-72L	6.01572	-72.08248	4520	m	0.004346	24.4	GC:47Tuc(NGC104)		
PSR J0024-7204M	PSR B0021-72M	5.97704	-72.09188	4520	m	0.003677	24.43	GC:47Tuc(NGC104)		
PSR J0024-7204N	PSR B0021-72N	6.03828	-72.07469	4520	m	0.003054	24.56	GC:47Tuc(NGC104)		
PSR J1808-2057	PSR B1805-20	272.02665	-20.96876	4586	e	0.9184	606.8			
PSR J1721-3532	PSR B1718-35	260.38658	-35.54711	4600	m	0.2804	496.8			
PSR J1741-3927	PSR B1737-39	265.32533	-39.46061	4612	e	0.5122	158.3			
PSR J1933+2421	PSR B1931+24	293.40764	24.61101	4639	e	0.8137	106			
PSR J1832-1021	PSR B1829-10	278.17028	-10.3591	4690	e	0.3304	474.1			
PSR J1822-1400	PSR B1820-14	275.72518	-14.00067	4754	e	0.2148	649.3			
PSR J1909+1102	PSR B1907+10	287.45285	11.03418	4800	m	0.2836	149.8			
PSR J1507-6640	PSR B1503-66	226.95264	-66.68275	4819	e	0.3557	130.2			
PSR J1935+1745	PSR B1933+17	293.87487	17.75339	4845	e	0.6544	214.6			
PSR J2037+3621	PSR B2035+36	309.36434	36.35669	4851	e	0.6187	93.56			
PSR J2325+6316	PSR B2323+63	351.3055	63.28121	4855	e	1.436	197.4			
PSR J1944+1755	PSR B1942+17	296.1325	17.92844	4876	e	1.997	175			
PSR J1844-0244	PSR B1842-02	281.1874	-2.7447	4900	e	0.5077	422.1			
PSR J1312-5402	PSR B1309-53	198.01962	-54.04514	4905	e	0.7282	133			
PSR J1640-4715	PSR B1636-47	250.05454	-47.26058	4905	e	0.5174	586.3			
PSR J1813+4013	PSR B1811+40	273.30534	40.22751	4915	e	0.9311	41.56			
PSR J1942+1743	PSR B1939+17	295.50429	17.72453	4915	e	0.6963	190			
PSR J0156+3949	PSR B0153+39	29.23019	39.82459	4920	e	1.812	59.83			
PSR J1926+0431	PSR B1923+04	291.60197	4.52543	4959	e	1.074	102.2			
PSR J1917+2224	PSR B1915+22	289.43428	22.38021	4960	e	0.4259	134.8			
PSR J1905+0709	PSR B1903+07	286.47343	7.15538	4969	e	0.648	244.3			
PSR J1355-5153	PSR B1352-51	208.99455	-51.89832	4984	e	0.6443	112.1			
PSR J1359-6038	PSR B1356-60	209.9927	-60.63543	5000	m	0.1275	293.8			
PSR J1932+2020	PSR B1929+20	293.03343	20.34623	5000	m	0.2682	211.2			
PSR J2055+3630	PSR B2053+36	313.88063	36.50596	5000	m	0.2215	97.42			
PSR J1835-0643	PSR B1832-06	278.77317	-6.71843	5021	e	0.3058	464.8			
PSR J1827-0958	PSR B1824-10	276.77283	-9.97867	5023	e	0.2458	430			
PSR J1630-4733	PSR B1626-47	247.65613	-47.55139	5044	e	0.576	509.3			
PSR J1936+1536	PSR B1933+15	294.00633	15.61	5065	e	0.9673	165			
PSR J1614-5048	PSR B1610-50	243.54704	-50.80097	5148	e	0.2317	582.4	GRS:4FGL_J1614.5-5047	HE	
PSR J1651-4246	PSR B1648-42	252.95332	-42.76944	5200	m	0.8441	483.2			
PSR J1832-0827	PSR B1829-08	278.15422	-8.45112	5200	m	0.6473	301.2			
PSR J1805+0306	PSR B1802+03	271.29231	3.10841	5253	e	0.2187	80.86			
PSR J1922+2018	PSR B1920+20	290.53336	20.29926	5277	e	1.173	203.3			
PSR J1753-2501	PSR B1750-24	268.37758	-25.007	5287	e	0.5283	672			
PSR J1555-3134	PSR B1552-31	238.8248	-31.57225	5299	e	0.5181	73.05			
PSR J1836-1008	PSR B1834-10	279.22469	-10.13565	5328	e	0.5627	315.9			
PSR J1823-1115	PSR B1820-11	275.91794	-11.25314	5352	e	0.2798	428.6			BT
PSR J1824-2452A	PSR B1821-24A	276.13337	-24.86969	5370	m	0.003054	119.9	GC:M28(NGC6626),GRS:4FGL_J1824.6-2452	HE	
PSR J1653-3838	PSR B1650-38	253.41579	-38.63911	5379	e	0.305	206.5			
PSR J1527-5552	PSR B1523-55	231.91972	-55.86899	5381	e	1.049	370.1			
PSR J1913+1400	PSR B1911+13	288.35147	14.0146	5400	m	0.5215	145.1			
PSR J2046-0421	PSR B2043-04	311.50072	-4.35729	5400	m	1.547	35.98			
PSR J1844-0538	PSR B1841-05	281.02133	-5.64281	5404	e	0.2557	411.7			
PSR J1818-1422	PSR B1815-14	274.59902	-14.37686	5439	e	0.2915	619.6			
PSR J1927+1852	PSR B1925+18	291.79339	18.86906	5443	e	0.4828	264.7			
PSR J1114-6100	PSR B1112-60	168.59376	-61.00937	5505	e	0.8809	680.3			
PSR J1908+0916	PSR B1906+09	287.24469	9.27048	5560	e	0.8303	250.4			
PSR J1919+0021	PSR B1917+00	289.96113	0.36103	5600	m	1.272	90.2			
PSR J1904+1011	PSR B1901+10	286.01038	10.19286	5602	e	1.857	137.1			
PSR J1926+1434	PSR B1924+14	291.73844	14.58204	5650	e	1.325	211.7			
PSR J1801-0357	PSR B1758-03	270.34429	-3.96538	5740	e	0.9215	120.3			
PSR J2029+3744	PSR B2027+37	307.34947	37.7356	5771	e	1.217	190.7			
PSR J1651-5255	PSR B1647-528	252.92254	-52.92992	5808	e	0.8905	164			
PSR J1820-1346	PSR B1817-13	275.08233	-13.77091	5837	e	0.9215	771			
PSR J1543+0929	PSR B1541+09	235.91177	9.48787	5900	m	0.7484	34.98			
PSR J1829-1751	PSR B1826-17	277.42974	-17.85108	5937	e	0.3071	216.8			
PSR J1946+2244	PSR B1944+22	296.60371	22.74983	5951	e	1.334	141.5			
PSR J1924+2040	PSR B1922+20	291.16667	20.6675	5952	e	0.2378	226.6			
PSR J1824-1118	PSR B1821-11	276.12308	-11.31184	5978	e	0.4358	601.3			
PSR J1926+1648	PSR B1924+16	291.68885	16.80911	6000	m	0.5798	176.6			
PSR J1633-5015	PSR B1629-50	248.25036	-50.25232	6011	e	0.3521	399			
PSR J1933+1304	PSR B1930+13	293.34385	13.08053	6072	e	0.9283	176.5			
PSR J1327-6301	PSR B1323-627	201.78097	-63.02097	6208	e	0.1965	294.2			
PSR J1651-5222	PSR B1647-52	252.92901	-52.38288	6220	e	0.6351	178.2			
PSR J1646-4346	PSR B1643-43	251.71375	-43.77722	6224	e	0.2316	490.4	SNR:G341.2+0.9(?)		
PSR J1754+5201	PSR B1753+52	268.59544	52.02007	6300	m	2.391	35.01			
PSR J1955+2908	PSR B1953+29	298.86615	29.1454	6303	e	0.006133	104.5			DD
PSR J2002+4050	PSR B2000+40	300.68346	40.84831	6383	e	0.9051	131.5			
PSR J2030+2228	PSR B2028+22	307.66853	22.47273	6393	e	0.6305	71.86			
PSR J1735-0724	PSR B1732-07	263.77072	-7.41448	6400	m	0.4193	73.51			
PSR J1930+1316	PSR B1927+13	292.50395	13.26975	6435	e	0.76	207.3			
PSR J2002+3217	PSR B2000+32	300.51844	32.28842	6458	e	0.6968	142.2			
PSR J1356-6230	PSR B1353-62	209.23083	-62.50222	6499	e	0.4558	416.7			
PSR J0809-4753	PSR B0808-47	122.43265	-47.89856	6501	e	0.5472	228.7			
PSR J1748-2446A	PSR B1744-24A	267.00937	-24.77717	6620	m	0.01156	242.4	GC:Terzan5		BT
PSR J1326-6700	PSR B1322-66	201.51137	-67.01367	6694	e	0.543	208.9			
PSR J1927+2234	PSR B1925+22	291.78367	22.58258	6711	e	1.431	186.5			
PSR J1512-5759	PSR B1508-57	228.17933	-57.99994	6835	e	0.1287	627.5			
PSR J1600-5044	PSR B1557-50	240.2209	-50.73925	6900	m	0.1926	262.8			
PSR J1854-1421	PSR B1851-14	283.68455	-14.35734	6917	e	1.147	130.4			
PSR J1901+0331	PSR B1859+03	285.38242	3.51832	7000	m	0.6555	401.2			
PSR J1902+0615	PSR B1900+06	285.7095	6.27595	7000	m	0.6735	502.9			
PSR J1906+0641	PSR B1904+06	286.64685	6.68414	7000	m	0.2673	472.1			
PSR J1915+1009	PSR B1913+10	288.87495	10.16207	7000	m	0.4046	241.6			
PSR J1945+1834	PSR B1943+18	296.40042	18.57225	7088	e	1.069	217.7			
PSR J1939+2449	PSR B1937+24	294.77332	24.71545	7115	e	0.6453	142.9			
PSR J2013+3845	PSR B2011+38	303.2932	38.76203	7123	e	0.2302	238.2			
PSR J1635-5954	PSR B1630-59	248.78796	-59.9114	7160	e	0.5291	134.5			
PSR J1812+0226	PSR B1810+02	273.22162	2.4492	7187	e	0.7939	104.1			
PSR J1732-4128	PSR B1729-41	263.20833	-41.48	7234	e	0.628	195.3			
PSR J1717-4054	PSR B1713-40	259.46817	-41.05494	7287	e	0.8877	306.9			
PSR J1641+3627A	PSR B1639+36A	250.42029	36.45416	7420	m	0.01038	30.44	GC:M13(NGC6205)		
PSR J1641+3627B	PSR B1639+36B	250.4183	36.43291	7420	m	0.003528	29.45	GC:M13(NGC6205)		ELL1
PSR J1133-6250	PSR B1131-62	173.46395	-62.84731	7452	e	1.023	568.5			
PSR J1518+0204A	PSR B1516+02A	229.63885	2.09095	7480	m	0.005554	30.05	GC:M5(NGC5904)		
PSR J1518+0204B	PSR B1516+02B	229.6311	2.08758	7480	m	0.007947	29.47	GC:M5(NGC5904)		BT
PSR J1905-0056	PSR B1902-01	286.36559	-0.94476	7628	e	0.6432	228.8			
PSR J1948+3540	PSR B1946+35	297.10419	35.66974	7651	e	0.7173	129.4			
PSR J1817-2311	PSR B1814-23	274.25	-23.18333	7933	e	0.6255	240			
PSR J1602-5100	PSR B1558-50	240.57804	-51.00169	8000	m	0.8643	170.8			
PSR J1721-1936	PSR B1718-19	260.25618	-19.61395	8000	m	1.004	75.7	GC:NGC6342,GRS:4FGL_J1720.8-1937	HE	ELL1
PSR J1852+0031	PSR B1849+00	283.11426	0.53388	8000	m	2.18	787			
PSR J1857+0212	PSR B1855+02	284.43184	2.21142	8000	m	0.4159	504.9			
PSR J1917+1353	PSR B1915+13	289.41578	13.89919	8000	m	0.1946	94.58			
PSR J2004+3137	PSR B2002+31	301.21786	31.61945	8000	m	2.111	234.8			
PSR J1823-3021A	PSR B1820-30A	275.9187	-30.36115	8020	m	0.00544	86.9	GRS:4FGL_J1823.5-3020,GC:NGC6624	HE	
PSR J1823-3021B	PSR B1820-30B	275.92311	-30.36137	8020	m	0.3786	86.89	GC:NGC6624		
PSR J1910+1231	PSR B1907+12	287.55641	12.52783	8125	e	1.442	258.4			
PSR J2038+5319	PSR B2036+53	309.5132	53.32023	8135	e	1.425	160.2			
PSR J1916+1030	PSR B1913+105	289.04887	10.51457	8147	e	0.629	388.2			
PSR J1748-2021A	PSR B1745-20A	267.21954	-20.36103	8200	m	0.2886	219.4	GC:NGC6440		
PSR J1804-0735	PSR B1802-07	271.2079	-7.59019	8200	m	0.0231	186.3	GC:NGC6539		BT
PSR J1328-4921	PSR B1325-49	202.13992	-49.35928	8396	e	1.479	118			
PSR J1911+0101A	PSR B1908+00A	287.79621	1.03604	8400	m	0.003619	202.7	GC:NGC6760		ELL1
PSR J1719-4006	PSR B1715-40	259.75718	-40.11653	9790	e	0.1891	386.1			
PSR J1225-6408	PSR B1222-63	186.42764	-64.14577	9838	e	0.4196	413.2			
PSR J2027+2146	PSR B2025+21	306.81954	21.7679	10296	e	0.3982	97.09			
PSR J1907+1247	PSR B1904+12	286.79458	12.79331	10526	e	0.8271	257			
PSR J1926+1928	PSR B1924+19	291.59508	19.46992	10567	e	1.346	445			
PSR J2129+1210A	PSR B2127+11A	322.49269	12.16701	10710	m	0.1107	67.23	GC:M15(NGC7078),GC:M15		
PSR J2129+1210B	PSR B2127+11B	322.49428	12.16675	10710	m	0.05613	67.75	GC:M15(NGC7078),GC:M15		
PSR J2129+1210C	PSR B2127+11C	322.50502	12.17728	10710	m	0.03053	67.13	GC:M15(NGC7078),GC:M15		DD
PSR J2129+1210D	PSR B2127+11D	322.49279	12.16657	10710	m	0.004803	67.28	GC:M15(NGC7078),GC:M15		
PSR J2129+1210E	PSR B2127+11E	322.49244	12.16903	10710	m	0.004651	66.59	GC:M15(NGC7078),GC:M15		
PSR J2129+1210F	PSR B2127+11F	322.48824	12.16745	10710	m	0.004027	65.6	GC:M15(NGC7078),GC:M15		
PSR J2129+1210G	PSR B2127+11G	322.49152	12.16569	10710	m	0.03766	66.4	GC:M15(NGC7078),GC:M15		
PSR J2129+1210H	PSR B2127+11H	322.49243	12.16647	10710	m	0.006743	67.12	GC:M15(NGC7078),GC:M15		
PSR J1932+2220	PSR B1930+22	293.09476	22.34764	10900	m	0.1445	218.9	GRS:4FGL_J1932.2+2221	HE	
PSR J1319-6056	PSR B1316-60	199.83434	-60.94629	11849	e	0.2844	400.6			
PSR J1305-6455	PSR B1302-64	196.34767	-64.92454	11901	e	0.5717	505.1			
PSR J1326-6408	PSR B1323-63	201.63514	-64.1455	11990	e	0.7927	502.3			
PSR J1338-6204	PSR B1334-61	204.53853	-62.07176	12374	e	1.239	643			
PSR J1903-0632	PSR B1900-06	285.90806	-6.53931	12449	e	0.4319	195.6			
PSR J1341-6220	PSR B1338-62	205.42763	-62.33908	12600	e	0.1933	719.6	GRS:4FGL_J1341.7-6216,SNR:G308.8	HE	
PSR J1749-3002	PSR B1746-30	267.30622	-30.04303	12803	e	0.6099	509.4			
PSR J1701-3726	PSR B1658-37	255.32688	-37.44089	12949	e	2.455	303.4			
PSR J1854+1050	PSR B1852+10	283.62223	10.77837	13824	e	0.5732	207.2			
PSR J1820-1818	PSR B1817-18	275.16287	-18.30091	14053	e	0.3099	436.4			
PSR J1910-0309	PSR B1907-03	287.62372	-3.16503	14416	e	0.5046	205.4			
PSR J1633-4453	PSR B1630-44	248.44603	-44.8855	14814	e	0.4365	472.2			
PSR J1807-2715	PSR B1804-27	271.7854	-27.25082	15321	e	0.8278	312.5			
PSR J1306-6617	PSR B1303-66	196.65883	-66.28922	15893	e	0.473	438.2			
PSR J1312+1810A	PSR B1310+18	198.23	18.16806	18050	m	0.03316	24	GC:M53(NGC5024)		BT
PSR J1701-4533	PSR B1657-45	255.37135	-45.56368	19597	e	0.3229	526.9			
PSR J1623-4256	PSR B1620-42	245.95121	-42.94794	21550	e	0.3646	295			
PSR J0151-0635	PSR B0148-06	27.84466	-6.58416	25000	m	1.465	25.49			
PSR J1018-1642	PSR B1016-16	154.66819	-16.70282	25000	e	1.805	49.16			
PSR J1257-1027	PSR B1254-10	194.26984	-10.45154	25000	m	0.6173	29.63			
PSR J1311-1228	PSR B1309-12	197.96937	-12.46712	25000	e	0.4475	36.21			
PSR J1717-3425	PSR B1714-34	259.33435	-34.41655	25000	e	0.6563	583.5			
PSR J2116+1414	PSR B2113+14	319.0573	14.23918	25000	e	0.4402	56.2			
PSR J2127-6648	PSR B2123-67	321.88133	-66.8079	25000	e	0.3258	35.93			
PSR J2212+2933	PSR B2210+29	333.09727	29.5515	25000	m	1.005	74.52			
PSR J0455-6951	PSR B0456-69	73.94813	-69.85953	49700	m	0.3204	94.7	EXGAL:LMC		
PSR J0502-6617	PSR B0502-66	75.71054	-66.29967	49700	m	0.6913	68.9	EXGAL:LMC		
PSR J0529-6652	PSR B0529-66	82.46208	-66.87775	49700	m	0.9757	103.3	EXGAL:LMC		
PSR J0540-6919	PSR B0540-69	85.04667	-69.33171	49700	m	0.05057	147.2	GRS:4FGL_J0540.3-6920,EXGAL:LMC	HE	
PSR J1015-5359		153.99063	-53.98667	92	e	0.0208	30.8			?
PSR J0834-60		128.70833	-60.58333	95	e	0.3846	20			
PSR J1120-24		170	-24	98	e	0.497	9.81			
PSR J0736-6304		114.08338	-63.07111	103	e	4.863	19.4		RRAT	
PSR J0711-6830		107.97575	-68.51316	106	e	0.005491	18.41			
PSR J1107-5907		166.89358	-59.12186	115	e	0.2528	40.75			
PSR J1154-19		178.5	-19	121	e	0.0111	10.69			
PSR J1000-5149		150.11725	-51.83281	127	e	0.2557	72.8			
PSR J1105-4353		166.3535	-43.88472	127	e	0.3511	45			
PSR J0437-4715		69.31687	-47.25278	157	m	0.005757	2.65	GRS:4FGL_J0437.2-4715	HE	T2
PSR J0517+2212		79.32145	22.21442	158	e	0.2224	18.7			
PSR J0459-0210		74.96642	-2.16851	160	e	1.133	21.23			
PSR J1856-3754		284.14754	-37.90994	160	m	7.055		XRS:RX_J1856.5-3754	XINS,NRAD	
PSR J2144-3933		326.05025	-39.5658	160	m	8.51	3.35			
PSR J0653+0443_P		103.26583	4.71667	181	e	0.04753	27.3			
PSR J0613+3731		93.30057	37.52737	186	e	0.6192	18.97			
PSR J1720-0533		260.22711	-5.57328	191	e	0.003268	36.83			ELL1
PSR J1817-0743		274.45746	-7.72192	195	e	0.4381	14.8			
PSR J1721-0855		260.39267	-8.91889	200	e	2.181	46.9			
PSR J1725-0732		261.30117	-7.54978	203	e	0.2399	58.72			
PSR J1737-0811		264.44629	-8.18583	206	e	0.004175	55.31			BT
PSR J0108-1431		17.03478	-14.53061	210	m	0.8076	1.99			
PSR J1705-04		256.25	-4.68333	210	e	0.2375	42.95		RRAT	
PSR J1709-0333		257.38605	-3.55535	214	e	0.003524	35.79		HE	
PSR J0605+3757		91.2731	37.95999	215	e	0.002728	20.95	GRS:4FGL_J0605.1+3757	HE	BT
PSR J1714-1054		258.66713	-10.90306	215	e	2.089	51.5			
PSR J0242+62		40.64583	62.94722	217	e	0.592	3.92			
PSR J1700-0954		255.01345	-9.912	217	e	0.8173	64.1			
PSR J1658+3630		254.6105	36.50836	223	e	0.03303	3.04			ELL1
PSR J1745-0952		266.28806	-9.87769	226	e	0.01938	64.5			ELL1
PSR J0636-3044		99.14333	-30.73364	233	m	0.003946	15.46			
PSR J1755-0903		268.79318	-9.06433	235	e	0.1907	63.67			
PSR J1503+2111		225.9775	21.18592	244	e	3.314	3.26			
PSR J2222-0137		335.52499	-1.62105	269	m	0.03282	3.28			ELL1H+
PSR J1400-1431		210.15418	-14.52973	278	m	0.003084	4.93	GRS:4FGL_J1400.6-1432	HE	ELL1
PSR J1741-2054		265.48867	-20.90328	300	e	0.4137	4.7	GRS:4FGL_J1741.9-2054,XRS:Swift_	HE	
PSR J1836+5925		279.05698	59.42504	300	e	0.1733		GRS:4FGL_J1836.2+5925,XRS:RX_J18	XINS,NRAD	
PSR J0901-4046		135.37187	-40.7675	327	e	75.89	52			
PSR J0030+0451		7.61428	4.86103	329	m	0.004865	4.33	GRS:4FGL_J0030.4+0451	HE	
PSR J0919-42		139.75	-42	329	e	0.8126	57.8			
PSR J1045-0436		161.49135	-4.6065	329	e	0.02405	4.82			ELL1
PSR J1719-1438		259.79198	-14.63361	336	e	0.00579	36.78			ELL1
PSR J0750-6846		117.64938	-68.77606	338	e	0.9152	54.6			
PSR J1045-4509		161.4591	-45.16503	340	m	0.007474	58.11			T2
PSR J1326+33		201.675	33.76667	344	e	0.0415	4.19			
PSR J1327+3423		201.78145	34.3938	344	e	0.04151	4.19			
PSR J0317+1328		49.45273	13.47612	345	e	1.974	12.9			
PSR J0912-3851		138.17792	-38.85083	346	e	1.526	71.5		RRAT	
PSR J0945-4833		146.40939	-48.55403	352	e	0.3316	98.1			
PSR J0815+4611		123.99776	46.19812	353	e	0.4342	11.27			
PSR J0919-6040		139.86613	-60.68067	355	e	1.217	82.5			
PSR J0921-5202		140.49949	-52.04401	355	e	0.00968	122.7			ELL1
PSR J0936-4750		144.17325	-47.84183	355	e	0.5226	113			
PSR J0941-39		145.40833	-39.68333	356	e	0.5868	78		RRAT	
PSR J0905-6019		136.31352	-60.32279	359	e	0.3409	91.4			
PSR J0932-5327		143.09525	-53.45306	359	e	4.392	118.6			
PSR J0811+3729		122.8129	37.48716	366	e	1.248	17.1			
PSR J0646-54		101.59333	-54.8825	367	e	0.00251	40.1	GRS:4FGL_J0646.4-5455	HE	
PSR J0646-5455		101.56096	-54.92058	367	e	0.002507	40.23		HE	ELL1
PSR J0709-5923		107.38555	-59.39878	371	e	0.4853	65			
PSR J0656-5449		104.20409	-54.82076	372	e	0.1832	66.12			
PSR J1012-4235		153.05391	-42.59817	372	m	0.003101	71.65	GRS:4FGL_J1012.1-4235	HE	BT
PSR J0940-5428		145.24263	-54.47778	377	e	0.08757	134.8	GRS:4FGL_J0941.1-5429	HE	
PSR J1014-48		153.575	-48.82833	379	e	1.509	87		RRAT	
PSR J0621-55		95.175	-56.08333	380	e		22		RRAT	
PSR J0923-31		140.99167	-31.95	382	e		72		RRAT	
PSR J0636-4549		99.1406	-45.82573	383	e	1.985	26.31			
PSR J0849-6322		132.42732	-63.37632	383	e	0.368	91.31			
PSR J0307+7443		46.98286	74.7204	386	e	0.003156	6.34	GRS:4FGL_J0307.8+7443,GRS:3FGL_J	HE	ELL1
PSR J1744-1134		266.12254	-11.58187	395	m	0.004075	3.14	GRS:4FGL_J1744.4-1135	HE	
PSR J0941-5244		145.42153	-52.73459	398	e	0.6586	157.9			
PSR J0720-3125		110.10401	-31.43058	400	m	8.391		XRS:RX_J0720.4-3125	XINS,NRAD	
PSR J0746+5514		116.69751	55.24351	400	e	2.894	10.32			
PSR J0534+34		83.625	34.11667	403	e		24.5		RRAT	
PSR J1243+17		190.75	17.86667	405	e	1.216	5			
PSR J1036-4353		159.1259	-43.88576	408	m	0.00168	61.12			ELL1
PSR J2124-3358		321.18265	-33.9793	410	m	0.004931	4.6	GRS:4FGL_J2124.7-3358	HE	
PSR J0838-2827		129.71008	-28.46583	413	m	0.003615	80.66	GRS:4FGL_J0838.7-2827	HE	ELL1
PSR J0932-3217		143.16313	-32.28728	414	e	1.932	102.1			
PSR J0410-31		62.6625	-31.12472	415	e	1.879	9.2		RRAT	
PSR J0948-5549		147.05117	-55.82136	416	e	0.1661	178			
PSR J2011+3006_P		302.8	30.1	416	e	2.506	14			
PSR J1231-1411		187.79714	-14.19545	420	e	0.003684	8.09	GRS:4FGL_J1231.1-1412	HE	T2
PSR J0818-3049		124.70542	-30.82528	422	e	0.7637	118.9			
PSR J0954-5430		148.52521	-54.51465	432	e	0.4729	201.2			
PSR J1001-5559		150.28573	-55.98332	432	e	1.661	158			
PSR J1126-2737		171.50833	-27.61972	436	e	0.3582	26.86		RRAT	
PSR J0623+0220_P		95.85292	2.33333	439	e	0.4722	32.1			
PSR J0758-3002		119.60286	-30.03905	441	e	1.092	86.34			
PSR J0758-30		119.5	-30	444	e	1.092	86.5			
PSR J0943-5305		145.78333	-53.08806	444	e	1.734	174		RRAT(?)	
PSR J0839-66		129.90417	-66.58111	448	e	0.4493	83			
PSR J0957-5432		149.48337	-54.53442	449	e	0.2036	226.1			
PSR J0818-3232		124.60806	-32.54181	484	e	2.161	131.7			
PSR J0955-3947		148.86587	-39.79786	488	m	0.002023	130.7	GRS:4FGL_J0955.3-3949	HE	ELL1
PSR J1529+4050		232.31886	40.84939	489	e	0.4764	6.48			
PSR J2307+2225		346.92203	22.43059	493	e	0.5358	7.02			
PSR J1710+4923		257.5185	49.38652	506	e	0.00322	7.08			
PSR J1652-1400		253.06949	-14.00761	513	e	0.3054	47.11			
PSR J0933-4604		143.46721	-46.07978	518	e	3.67	123			
PSR J0453+1559		73.43922	15.98925	521	e	0.04578	30.31			DDH
PSR J0742+4110		115.55081	41.1708	523	e	0.003139	20.81			ELL1
PSR J0934-4154		143.7425	-41.90542	530	e	0.5704	113.8			
PSR J0922-4534		140.56896	-45.57806	534	e	0.004417	113.9			
PSR J1628+4406		247.20963	44.11184	537	e	0.1812	7.33			
PSR J0702-4956		105.66375	-49.94283	538	e	0.666	98.7			
PSR J0916-5243		139.03813	-52.729	539	e	1.31	162.6			
PSR J1759+5036		269.9403	50.61582	543	e	0.176	7.78			DD
PSR J0540-7125		85.12833	-71.42539	547	e	1.286	29.41			
PSR J1751-0542		267.88586	-5.7045	552	e	2.001	63.9			
PSR J0835-3707		128.76283	-37.13097	555	e	0.5414	112.4			
PSR J0917-4413		139.46837	-44.22233	556	e	0.05291	123.8			
PSR J0749-4247		117.4568	-42.79477	560	e	1.095	104.6			
PSR J0609+2130		92.49536	21.50079	574	e	0.0557	38.73			
PSR J2122+2426		320.66258	24.44581	585	e	0.5414	8.5			
PSR J2214+3000		333.66189	30.01061	600	m	0.003119	22.56	GRS:4FGL_J2214.6+3000	HE	ELL1
PSR J0038-2501		9.54277	-25.0252	604	e	0.2569	5.71			
PSR J1730-2304		262.5903	-23.07532	620	m	0.008123	9.63	GRS:4FGL_J1730.8-2303	HE	
PSR J2055+2539		313.95375	25.66639	620	e	0.3196		GRS:4FGL_J2055.8+2540,XRS:XMMU_J	NRAD	
PSR J2145-0750		326.46025	-7.83847	625	m	0.01605	9.01			T2
PSR J1854+0704_P		283.62917	7.06667	635	e	0.4509	10.8			
PSR J2042+0246		310.54585	2.77067	636	e	0.004534	9.27	GRS:4FGL_J2042.2+0245	HE	ELL1
PSR J1057-4754		164.47141	-47.916	639	e	0.6283	60			
PSR J1732-3131		263.13975	-31.52306	641	e	0.1965	15.4	GRS:4FGL_J1732.5-3131	HE	
PSR J1439-5501		219.91559	-55.02323	655	e	0.02864	14.56	GRS:4FGL_J1440.2-5505	HE	ELL1
PSR J0614-3329		93.54312	-33.49837	667	m	0.003149	37.05	GRS:4FGL_J0614.1-3329	HE	ELL1
PSR J1122-3546		170.57185	-35.77533	668	e	0.007838	39.59			
PSR J1405-4656		211.33927	-46.93397	669	e	0.007602	13.88			ELL1
PSR J1908+0734		287.07088	7.57066	669	e	0.2124	11.1			
PSR J1908+1035_P		287.09583	10.58333	671	e	0.01069	10.9			
PSR J1908+1036		287.08967	10.60982	672	e	0.01069	10.91			ELL1
PSR J0447-04		71.75	-4.58333	675	e	2.188	29.83		RRAT	
PSR J1753-28		268.275	-28.88333	693	e	0.08586	18			
PSR J1402+1306		210.69333	13.11611	696	e	0.005892	8.66	GRS:4FGL_J1402.7+1306	HE	ELL1
PSR J1012+5307		153.13933	53.1173	700	m	0.005256	9.02		HE	ELL1
PSR J1614-2230		243.65211	-22.50869	700	m	0.003151	34.48	GRS:4FGL_J1614.5-2230	HE	ELL1
PSR J1549-57		237.27083	-57.36028	704	e	0.7375	18		RRAT	
PSR J0636+5128		99.0202	51.48332	714	m	0.002869	11.11		HE	T2
PSR J2234+0944		338.69523	9.74173	714	m	0.003627	17.83	GRS:4FGL_J2234.7+0943	HE	ELL1
PSR J1336+3414		204.14147	34.24383	715	e	1.507	8.47		RRAT(?)	
PSR J1736-0245_P		264.17083	-2.75	716	e	0.1393	44.3			
PSR J2030+4415		307.71396	44.26058	720	m	0.2271		GRS:4FGL_J2030.9+4416	NRAD	
PSR J1840-1419		280.13767	-14.31847	721	e	6.598	19.4		RRAT	
PSR J1022+1001		155.74167	10.03133	725	m	0.01645	10.26			T2
PSR J1756-2251		269.19431	-22.86649	730	m	0.02846	121.2			DD
PSR J1155-6529		178.80525	-65.48847	734	e	0.07887	33			?
PSR J1739-1313		264.99091	-13.22189	735	e	1.216	58.19			
PSR J1643-1224		250.90901	-12.4163	740	m	0.004622	62.4			T2
PSR J1918+1541		289.53208	15.68756	742	e	0.3709	11.5			
PSR J2015+2524		303.80292	25.40869	743	e	2.303	11			
PSR J2027+7502		306.847	75.04147	743	e	0.5152	11.42			
PSR J2208+4056		332.00831	40.93384	751	e	0.637	11.84	GRS:4FGL_J2208.1+4058	HE	
PSR J1929+16		292.325	16.35	762	e	0.5297	12			
PSR J0454+4529		73.74712	45.49631	765	e	1.389	20.83			
PSR J1455-3330		223.9499	-33.51289	769	m	0.007987	13.57	GRS:4FGL_J1455-3331	HE	DD
PSR J1658-5324		254.66393	-53.40194	769	m	0.002439	30.83	GRS:4FGL_J1658.6-5323	HE	
PSR J1528-3146		232.14564	-31.76857	774	e	0.06082	18.16			DD
PSR J0613-0200		93.43323	-2.01312	780	m	0.003062	38.78	GRS:4FGL_J0613.7-0201	HE	T2
PSR J1001-5603		150.27071	-56.05278	784	e	0.3795	235.3			
PSR J1739-3951		264.90938	-39.86675	784	e	0.3418	24.6			
PSR J1141-3107		175.35655	-31.13109	795	e	0.5384	30.97			
PSR J1802-2124		270.52223	-21.40102	800	m	0.01265	149.6			ELL1
PSR J1518+4904		229.57	49.07618	806	m	0.04093	11.61			DD
PSR J0611+1436		92.8277	14.61444	807	e	0.2703	43.99			
PSR J0746-4529		116.74799	-45.49074	810	e	2.791	134.6			
PSR J1819-1318		274.93192	-13.31167	812	e	1.516	35.1			
PSR J0658+2936		104.43592	29.60806	815	e	0.8237	39			
PSR J0312-0921		48.02583	-9.36556	817	e	0.003704	20.5	GRS:4FGL_J0312.1-0921	HE	ELL1
PSR J0509+0856		77.34265	8.94028	817	e	0.004056	38.33			ELL1
PSR J0511-6508		77.98544	-65.14344	818	e	0.3221	25.66			
PSR J0803-0942		120.86187	-9.71411	818	e	0.5713	21.1			
PSR J1757-5322		269.31315	-53.37406	833	m	0.00887	30.8			ELL1
PSR J2322+2057		350.593	20.95069	833	m	0.004808	13.38			
PSR J0357+3205		59.46875	32.09028	835	e	0.4441		GRS:4FGL_J0357.8+3204	NRAD	
PSR J1116-2444		169.09692	-24.74892	839	e	0.8679	29.6			
PSR J1631-1612		247.96863	-16.21444	839	e	0.6777	33.77			
PSR J1653-0158		253.40856	-1.97691	840	m	0.001968		GRS:4FGL_J1653.6-0158	NRAD	ELL1
PSR J1708-4843		257.14151	-48.7255	841	e	0.01666	28.7			?
PSR J1514-5316		228.66733	-53.26731	850	e	0.2963	27.1			
PSR J2302+4442		345.69574	44.70613	859	m	0.005192	13.72	GRS:4FGL_J2302.7+4443,XRS:XMMUJ2	HE	DD
PSR J0006+1834		1.52	18.58306	860	e	0.6937	11.4			
PSR J0212+5321		33.04364	53.36078	862	m	0.002115	25.7	GRS:3FGL_J0212.5+5320	HE	BT
PSR J1232-4742		188.07958	-47.71414	871	e	1.873	26			
PSR J0054+66		13.73088	66.83995	878	e	1.39	14.56		RRAT	
PSR J0054+6650		13.73095	66.83994	880	e	1.39	14.6			
PSR J1809-2332		272.45938	-23.53963	880	e	0.1468		GRS:4FGL_J1809.8-2332	NRAD	
PSR J1332-3032		203.21869	-30.53814	882	e	0.6504	15.1			
PSR J1320-3512		200.05251	-35.20749	890	e	0.4585	16.91			
PSR J1847+01		281.77083	1.21667	893	e	0.003463	20.1			
PSR J1901-1740		285.32513	-17.66667	894	e	1.957	24.4			
PSR J2333+20		353.25	20.3	894	e	2.291	12			
PSR J0900-3144		135.18313	-31.74191	900	m	0.01111	75.69			ELL1
PSR J1125+7819		171.4994	78.3302	903	e	0.004202	12.03			ELL1
PSR J1514-4946		228.57964	-49.77098	908	e	0.003589	31.01	GRS:4FGL_J1514.3-4946	HE	ELL1
PSR J1804-2717		271.08805	-27.29204	909	m	0.009343	24.67			DD
PSR J1829+2456		277.39445	24.93839	909	e	0.04101	13.7			BT
PSR J0653+4706		103.27422	47.10748	911	e	0.004758	25.54	GRS:4FGL_J0652.9+4707	HE	ELL1
PSR J1510-5254		227.61119	-52.91092	914	e	0.004779	31.93			?
PSR J1858-2216		284.5745	-22.28233	921	e	0.002384	26.63	GRS:4FGL_J1858.3-2216	HE	ELL1
PSR J1641-2347		250.32517	-23.79333	922	e	1.091	27.7			
PSR J1210-6550		182.675	-65.83461	923	e	4.237	37			
PSR J0447+2447		71.78266	24.7973	925	e	0.002995	32.91			
PSR J1723-2837		260.84661	-28.63255	926	m	0.001856	19.69	OPT:2MASS_J17232318-2837571		ELL1
PSR J1520-5402		230.21746	-54.03483	927	e	0.2707	33.7			
PSR J0509+37		77.25	37.53333	930	e	2.496	30			
PSR J1903-7051		285.9116	-70.86211	930	e	0.003598	19.66	GRS:4FGL_J1903.4-7053	HE	ELL1
PSR J1036-8317		159.16913	-83.29893	935	e	0.003408	27.09	GRS:4FGL_J1036.5-8318	HE	BT
PSR J0241+16		40.44167	16.06667	936	e	1.545	20.4			
PSR J0807-5421		121.9466	-54.35727	937	e	0.5266	165.8			
PSR J1020-5921		155.05846	-59.35944	938	e	1.238	80			
PSR J1424-56		216.09583	-56.67972	949	e	1.427	32.9		RRAT	
PSR J1625-0021		246.29316	-0.35804	951	e	0.002834	16.5	GRS:4FGL_J1625.1-0020	HE	ELL1
PSR J1742-0559		265.5262	-5.99939	952	e	0.9182	98.23			
PSR J1120-3618		170.09731	-36.32791	954	e	0.005557	45.12			DDH
PSR J2355+0051		358.9637	0.85266	959	e	0.003719	11.15			ELL1
PSR J1157-5112		179.28403	-51.21559	961	e	0.04359	39.72			ELL1
PSR J1646-2142		251.57764	-21.7007	965	e	0.005853	29.74			
PSR J0514-4408		78.71746	-44.14372	966	e	0.3203	15.12	GRS:4FGL_J0514.6-4408	HE	
PSR J1517-32		229.25417	-32.43472	966	e	0.0644	25.3			
PSR J1851-0053		282.76363	-0.88534	967	e	1.409	24.43			
PSR J1729-2117		262.29503	-21.29111	969	e	0.06629	34.22			
PSR J0311+1402		47.82746	14.03903	971	e	40.91	19.9			
PSR J2234+0611		338.59614	6.1913	971	m	0.003577	10.77			DDK
PSR J1434+7257		218.49889	72.95736	975	e	0.04174	12.61			
PSR J1844+0315_P		281.13417	3.25	975	e	0.3189	23			
PSR J1536-4948		234.09675	-49.81519	978	e	0.00308	38	GRS:4FGL_J1536.4-4948	HE	DDH
PSR J0630+19		97.51667	19.61667	982	e	1.249	48.1			
PSR J1124-3653		171.00465	-36.88864	987	e	0.00241	44.86	GRS:4FGL_J1124.0-3653,GRS:3FGL_J	HE	ELL1
PSR J1125-6014		171.48018	-60.23522	988	m	0.00263	52.93	GRS:4FGL_J1126.4-6011	HE	T2
PSR J1400+2127		210.05914	21.42779	990	e	1.855	11.21		RRAT	
PSR J1735-0243		263.95042	-2.73	991	e	0.7829	54.9			
PSR J1841-04		280.29167	-4.8	993	e		29		RRAT	
PSR J1857+0642_P		284.4945	6.70852	994	e	0.003531	21.59			ELL1
PSR J1910-5320		287.70467	-53.3492	995	e	0.002332	24.42			BTX
PSR J1828+0625		277.12065	6.41939	1000	e	0.003628	22.42			DDH
PSR J1933-6211		293.38506	-62.19631	1000	m	0.003543	11.51			ELL1
PSR J0101-6422		15.29632	-64.37505	1001	e	0.002573	11.92	GRS:4FGL_J0101.1-6422	HE	BT
PSR J1048-5838		162.05234	-58.63862	1008	e	1.231	70.7		RRAT	
PSR J0302+2252		45.63329	22.87003	1013	e	1.207	18.99			
PSR J1126-38		171.575	-38.63333	1013	e	0.8875	46			
PSR J1544-2555		236.06439	-25.92575	1015	e	0.00239	25.82	GRS:4FGL_J1544.2-2554		
PSR J0120+1837		20.05009	18.63253	1035	e	1.313	13.4			
PSR J2241-5236		340.42511	-52.61007	1042	m	0.002187	11.41	GRS:4FGL_J2241.7-5236	HE	T2
PSR J1905+0656		286.43476	6.94306	1043	e	2.512	24.2			
PSR J1650-1654		252.61321	-16.91174	1046	e	1.75	43.03			
PSR J0337+79		54.34167	79.02889	1053	e	2.056	16.67		RRAT	
PSR J1115-0956		168.864	-9.94808	1061	e	1.311	16.1			
PSR J1435-5954		218.75087	-59.91372	1062	e	0.473	44.04			
PSR J1905+0400		286.36781	4.00302	1062	e	0.003784	25.69			
PSR J1425-5723		216.40233	-57.39189	1065	e	0.3533	43.4			
PSR J1738+04		264.60417	4.33333	1066	e	1.392	23.6			
PSR J1018-1523		154.553	-15.38618	1068	e	0.08315	17.16			DD
PSR J0555+3948		88.75	39.86056	1069	e	1.147	36.1			
PSR J1911-1114		287.95534	-11.23958	1069	m	0.003626	30.97			ELL1
PSR J0611+30		92.81667	30.26667	1080	e	1.412	45.26			
PSR J1643-10		250.75	-10	1082	e		75.85			
PSR J0612+37216		93.18376	37.36117	1083	e	0.4439	39.27			
PSR J1313+0931		198.34583	9.53222	1083	e	0.8489	12.04			
PSR J1244-1812		191.10742	-18.2045	1085	e	3.425	15.5			
PSR J1329+13		202.25	13.73333	1087	e		12		RRAT(?)	
PSR J1751-2857		267.8862	-28.96294	1088	m	0.003915	42.79			DD
PSR J0927+2345		141.93858	23.75297	1091	e	0.7619	17.24			
PSR J1307-67		196.92083	-67.0575	1093	e	3.651	44		RRAT	
PSR J1216-6410		184.0305	-64.16921	1098	m	0.003539	47.39			ELL1
PSR J0621+2514		95.29523	25.2344	1100	m	0.002722	83.63	GRS:4FGL_J0621.2+2512	HE	ELL1
PSR J0751+1807		117.78815	18.12736	1100	m	0.003479	30.24	GRS:4FGL_J0751.2+1808	HE	ELL1H
PSR J2339-0533		354.91142	-5.55148	1100	m	0.002884	8.72	GRS:4FGL_J2339.6-0533	HE	ELL1
PSR J1947-18		296.87917	-18.97	1101	e	0.002603	25			
PSR J1801-1417		270.46277	-14.29293	1105	m	0.003625	57.25	GRS:4FGL_J1801.6-1418	HE	
PSR J2354-2250		358.60833	-22.86472	1108	e	0.558	9.9			
PSR J1850+15		282.5375	15.53333	1110	e	1.384	25		RRAT	
PSR J1629-6902		247.28643	-69.04597	1111	m	0.006001	29.49			
PSR J1911+0906_P		287.90875	9.1	1112	e	16.93	24.3			
PSR J1530-5327		232.61205	-53.46556	1113	e	0.279	48.99			
PSR J1049+5822		162.40792	58.37142	1120	e	0.7276	12.36			
PSR J1832+0029		278.21125	0.49083	1120	e	0.5339	32.7			
PSR J1753-12		268.22083	-12.98333	1123	e	0.4055	73		RRAT	
PSR J0738+6904		114.59419	69.07223	1124	e	6.828	17.22			
PSR J1848+0647		282.23338	6.79214	1128	e	0.506	27.9			
PSR J1411+2551		212.82861	25.85233	1131	e	0.06245	12.37			DD
PSR J2215+4524		333.94404	45.41222	1131	e	2.723	18.5		RRAT	
PSR J1828+0157_P		277.10417	1.95	1133	e	1.904	32.1			
PSR J2355+04		358.875	4.71667	1133	e	0.958	13			
PSR J1713+0747		258.45639	7.79374	1136	m	0.00457	15.99	GRS:4FGL_J1713.8+0747	HE	T2
PSR J2215+45		333.9452	45.41204	1137	e	2.723	18.59			
PSR J1909-3744		287.44763	-37.73738	1140	m	0.002947	10.39			T2
PSR J1622-0315		245.74845	-3.26037	1142	e	0.003845	21.41	GRS:4FGL_J1623.0-0315	HE	BTX
PSR J1543-5149		235.93394	-51.83187	1149	m	0.002057	50.98	GRS:4FGL_J1543.6-5148	HE	ELL1
PSR J0553+4111		88.34918	41.19416	1150	e	0.5595	37.9			
PSR J0740+6620		115.1908	66.34264	1150	m	0.002886	14.96	GRS:4FGL_J0741.0+6618	HE	ELL1
PSR J0732+2314		113.15632	23.24839	1151	e	0.00409	44.67			ELL1
PSR J1848-0023		282.1581	-0.38765	1154	e	0.5376	34.96			
PSR J2148-34		327	-34	1160	e	0.927	14			
PSR J0214+5222		33.73031	52.37803	1161	e	0.02457	22.04			BT
PSR J2010-1323		302.69134	-13.39893	1162	m	0.005223	22.16			
PSR J2019+2425		304.88312	24.42092	1163	e	0.003935	17.2			BT
PSR J0711+0931		107.90075	9.52361	1168	e	1.214	46.24			
PSR J0251+2606		42.76064	26.10277	1170	e	0.002542	20.22	GRS:4FGL_J0251.0+2605	HE	ELL1
PSR J0201+7005		30.42227	70.08836	1172	e	1.349	21.03		RRAT	
PSR J1835-0011_P		278.94167	-0.18333	1172	e	0.00323	36.2			
PSR J1630+3734		247.65195	37.57836	1182	e	0.003318	14.18	GRS:4FGL_J1630.6+3734	HE	BT
PSR J1126-6942		171.59025	-69.70439	1185	e	0.5794	55.33			
PSR J1803-4719		270.75406	-47.31898	1186	e	0.003669	41.64		HE	ELL1
PSR J0125-2327		21.25448	-23.45226	1190	m	0.003675	9.6			ELL1
PSR J1023+0038		155.9487	0.64468	1190	m	0.001688	14.32	OPT:AY_Sex	HE	T2
PSR J1849-0317		282.49113	-3.29237	1195	e	0.6684	39.62			
PSR J1923+2515		290.84372	25.26127	1201	m	0.003788	18.86			
PSR J0709+0458		107.28486	4.98097	1203	e	0.03443	44.27			DDH
PSR J0741+17		115.25	17.05	1207	e	1.73	44.3		RRAT	
PSR J1858-5422		284.53236	-54.37098	1208	e	0.002355	30.82	GRS:4FGL_J1858.3-5424	HE	ELL1
PSR J1858-0128_P		284.54833	-1.46667	1213	e	0.00788	38.1			
PSR J1339-4712		204.98579	-47.20159	1214	e	0.1371	40.01			
PSR J1745+1017		266.39099	10.29792	1214	e	0.002652	23.97	GRS:4FGL_J1745.5+1017	HE	ELL1
PSR J1944+0907		296.03887	9.12306	1219	m	0.005185	24.36			
PSR J0645+5158		101.49618	51.97081	1220	m	0.008853	18.25			
PSR J1024-0719		156.16109	-7.32207	1220	m	0.005162	6.49	GRS:4FGL_J1024.5-0719,OPT:2MASS_	HE	
PSR J1740+1000		265.10812	10.00175	1225	e	0.1541	23.8	GRS:4FGL_J1740.5+1005	HE	
PSR J1628-3205		247.02917	-32.09692	1227	e	0.003212	42.15	GRS:4FGL_J1628.1-3204	HE	BTX
PSR J1917+0834		289.45363	8.58184	1231	e	2.13	29.21			
PSR J1301+0833		195.40942	8.56597	1233	e	0.001844	13.2	GRS:4FGL_J1301.6+0834	HE	ELL1
PSR J1946-5403		296.64372	-54.06182	1235	m	0.00271	23.73	GRS:4FGL_J1946.5-5402	HE	BT
PSR J1923-0408		290.79567	-4.13872	1237	e	1.149	35			
PSR J1717+03		259.48333	3.18333	1238	e	3.901	25.6		RRAT	
PSR J1825-33		276.50833	-33.35	1238	e	1.271	43		RRAT	
PSR J0533-4524		83.30787	-45.41394	1239	e	0.1573	18.93			
PSR J1001-5939		150.38429	-59.65494	1240	e	7.734	113			
PSR J0051+0423		12.87542	4.38028	1250	e	0.3547	13.93			
PSR J1221-0633		185.35316	-6.56436	1251	e	0.001935	16.43	GRS:4FGL_J1221.4-0634	HE	ELL1
PSR J1555+01		238.99167	1.13333	1253	e		18.5		RRAT	
PSR J0641+07		100.29167	7.73333	1257	e		52		RRAT	
PSR J1926+1614		291.70918	16.23855	1262	e	0.3083	24.02			
PSR J2045-6837		311.41693	-68.62393	1264	e	0.002962	21.07		HE	ELL1
PSR J1852-1310		283.08	-13.16694	1266	e	0.004315	44.96	GRS:4FGL_J1852.2-1309	HE	
PSR J1207-5050		181.84335	-50.84408	1267	e	0.004843	50.64	GRS:4FGL_J1207.4-5050	HE	
PSR J0417+5058_P		64.43708	50.96667	1268	e	0.2914	34.4			
PSR J1828+0020_P		277.09	0.33333	1268	e	0.00294	40.4			
PSR J1909+0651_P		287.25667	6.85	1268	e	0.5781	33.6			
PSR J1453+1902		223.4405	19.0367	1269	e	0.005792	14.05			
PSR J2045-68		311.32083	-68.60556	1273	e	0.00296	21.2	GRS:4FGL_J2045.9-6835	HE	
PSR J1944-10		296	-10.28333	1281	e	0.4091	31.01		RRAT	
PSR J0544+20		86.05	20.83333	1283	e		56.9		RRAT	
PSR J1853-0649		283.35593	-6.82386	1285	e	1.048	44.54			
PSR J1502+28		225.5375	28.21667	1289	e	3.784	14		RRAT(?)	
PSR J1623-6936		245.96411	-69.61368	1291	e	0.00241	46.41	GRS:4FGL_J1623.9-6936	HE	ELL1
PSR J0139+6159_P		24.98396	61.98742	1295	e	2.175	25.8			
PSR J1826-0049		276.56894	-0.83057	1298	e	0.004591	42.67			ELL1
PSR J0337+1715		54.43261	17.25412	1300	m	0.002733	21.32			ELL1
PSR J0538+2817		84.6044	28.28588	1300	m	0.1432	39.57	SNR:S147	HE	
PSR J1843-1113		280.92192	-11.22531	1300	m	0.001846	59.96	GRS:4FGL_J1843.7-1114	HE	
PSR J0803+34		120.77083	34.31667	1305	e		34		RRAT	
PSR J1604-4718		241.12254	-47.31331	1307	e	0.5275	55.1			
PSR J1742+20		265.6875	20.28333	1308	e	0.2526	20			
PSR J1306-6043		196.58418	-60.72986	1310	e	0.005671	67.05			?
PSR J1538+2345		234.52529	23.75111	1311	e	3.449	14.9		RRAT	
PSR J1856-0039_P		284.20375	-0.65	1311	e	0.0234	43.2			
PSR J0608+00		92.20417	0.73833	1314	e	1.076	48.5			
PSR J1549-4848		237.33782	-48.80986	1316	e	0.2884	55.98			
PSR J0905-5127		136.46652	-51.46501	1320	e	0.3463	196.4			
PSR J1526-2744		231.6879	-27.73497	1321	e	0.002489	30.95		NRAD,HE	ELL1
PSR J1551-0658		237.7897	-6.96884	1322	e	0.007094	21.58	GRS:3FGL_J1549.7-0658	HE	BT
PSR J1909+0641		287.37105	6.6905	1325	e	0.7418	36.7		RRAT	
PSR J1104-6103		166.07192	-61.05108	1327	e	0.2809	78.51			
PSR J0318+0253		49.56475	2.88374	1328	e	0.00519	25.98	GRS:4FGL_J0318.2+0254	HE	
PSR J1420-5625		215.01276	-56.43194	1328	e	0.03412	64.48			BT
PSR J1806+2819		271.60444	28.31698	1330	e	0.01508	18.68	GRS:4FGL_J1807.1+2822	HE	ELL1
PSR J2032+4127		308.05466	41.45675	1330	m	0.1432	114.7	GRS:4FGL_J2032.2+4127,OPT:MT91_2	HE	BT
PSR J1846-00_P		281.55838	-0.83556	1332	e	0.02124	45.22			
PSR J0457-6337		74.28246	-63.62511	1333	e	2.497	27.5			
PSR J1918-0642		289.70012	-6.70971	1333	m	0.007646	26.59			ELL1H
PSR J1410-7404		212.53049	-74.0815	1335	e	0.2787	54.23			
PSR J0407+1607		61.97891	16.12122	1337	e	0.0257	35.59			BT
PSR J0518+5125		79.60894	51.43297	1337	e	0.9125	39.24			
PSR J0452-3418		73.00292	-34.31167	1342	e	1.665	19.78			
PSR J2251-3711		342.93333	-37.19667	1344	e	12.12	12.12			
PSR J0034-0534		8.59098	-5.57687	1349	e	0.001877	13.77	GRS:4FGL_J0034.3-0534	HE	ELL1
PSR J0621+1002		95.34214	10.04409	1351	m	0.02885	36.56			DD
PSR J0633+0632		98.43421	6.54303	1355	e	0.2974		GRS:4FGL_J0633.7+0632,XRS:Swift_	NRAD	
PSR J1931-0144		292.88344	-1.73958	1356	e	0.5937	38.3			
PSR J1154-6250		178.58375	-62.83408	1358	e	0.282	74			
PSR J1255-46		193.75	-46	1359	e	0.052	42.9			
PSR J2202+21		330.5875	21.78333	1364	e		17.7		RRAT	
PSR J1957+5033		299.41208	50.555	1365	e	0.3748		GRS:4FGL_J1957.6+5033	NRAD	
PSR J1836+0915		279.07913	9.26046	1366	e	0.5412	36.37			
PSR J1152-6012		178.22417	-60.20583	1367	e	0.3766	74			
PSR J1601-50		240.35	-50.38333	1367	e	0.8608	59			
PSR J1640+2224		250.06977	22.40245	1370	m	0.003163	18.43	GRS:4FGL_J1640.1+2222	HE	DDH
PSR J0623+0340		95.94483	3.66856	1375	e	0.6138	54			
PSR J0506+50		76.55875	50.50833	1383	e	0.00339	43.4	GRS:4FGL_J0506.1+5028	HE	
PSR J0610-2100		92.55668	-21.00771	1389	m	0.003861	60.67	GRS:4FGL_J0610.2-2100	HE	ELL1
PSR J1600-3053		240.21626	-30.89705	1389	m	0.003598	52.33	GRS:4FGL_J1600.9-3054	HE	T2
PSR J1811-2405		272.83273	-24.08845	1389	m	0.002661	60.62	GRS:4FGL_J1811.3-2403	HE	ELL1H
PSR J2043+1711		310.83701	17.19136	1389	m	0.00238	20.71	GRS:4FGL_J2043.3+1711	HE	ELL1
PSR J1721-2457		260.27292	-24.95173	1392	m	0.003497	48.23			
PSR J1144-6146		176.145	-61.78028	1395	e	0.9878	78.7			
PSR J1352-6141		208.00617	-61.6905	1399	e	0.004738	76.3			
PSR J2017+0603		304.34461	6.05155	1399	m	0.002896	23.92	GRS:4FGL_J2017.4+0602	HE	ELL1H
PSR J0007+7303		1.75708	73.05206	1400	e	0.3159		GRS:4FGL_J0007.0+7303,XRS:RX_J00	NRAD	
PSR J0911-42		137.9375	-42.66667	1404	e	1.941	162.2			
PSR J1915+0738		288.85333	7.64201	1404	e	1.543	39.04			
PSR J1222-5738		185.71792	-57.63889	1408	e	1.081	74			
PSR J2347+02		356.75	2	1415	e	1.383	15			
PSR J0734+14		113.625	14.71667	1416	e	1.772	50			
PSR J1703-18		255.85833	-18.815	1416	e	1.27	46			
PSR J1908+0704_P		287.23083	7.06667	1418	e	0.00199	41.4			
PSR J1908+0705_P		287.22917	7.06667	1418	e	0.001991	41.4			
PSR J0519+44		79.75	44	1421	e	0.515	52			
PSR J0540+3207		85.15465	32.12703	1421	e	0.5243	61.97			
PSR J1028-5819		157.11667	-58.31811	1423	e	0.0914	96.53	GRS:4FGL_J1028.5-5819	HE	
PSR J1416-5033		214.18583	-50.55472	1423	e	0.7949	58.5			
PSR J2031-1254		307.87648	-12.90801	1423	e	0.005788	22.94			
PSR J1446-4701		221.6488	-47.02411	1429	m	0.002195	55.83	GRS:4FGL_J1446.6-4701	HE	T2
PSR J1302-3258		195.60636	-32.9769	1431	e	0.003771	26.19	GRS:4FGL_J1302.4-3258,GRS:3FGL_J	HE	ELL1
PSR J0518+5416		79.72167	54.28056	1434	e	0.3402	42.33			
PSR J1333-4449		203.43679	-44.82395	1434	e	0.3456	44.3			
PSR J0854+5449		133.60719	54.82466	1436	e	1.233	18.84			
PSR J2227+3038		336.92404	30.63911	1441	e	0.8424	19.96			
PSR J1803-6707		270.76765	-67.12671	1443	m	0.002135	38.38	GRS:4FGL_J1803.1-6708	HE	ELL1
PSR J1635-1511		248.94733	-15.19778	1445	e	1.179	54			
PSR J1811-4930		272.86331	-49.50579	1447	e	1.433	44.57			
PSR J1951+1123		297.78438	11.39033	1450	e	5.094	31.29			
PSR J0245+3219_P		41.29118	32.32359	1453	e	0.03093	25.73			
PSR J1708+02		257.1625	1.80167	1454	e	0.4108	29			
PSR J1129-53		172.3375	-53.51667	1457	e	1.063	77		RRAT	
PSR J1301-6310		195.36792	-63.17792	1458	e	0.6638	86.1			
PSR J1035-6720		158.86449	-67.33686	1461	e	0.002872	84.17	GRS:4FGL_J1035.4-6720	HE	
PSR J1312+0051		198.19434	0.85003	1465	e	0.004228	15.35	GRS:4FGL_J1312.7+0050	HE	DD
PSR J0541+2959_P		85.435	29.98333	1468	e	0.00321	67.3			
PSR J2051-0827		312.78133	-8.46049	1469	e	0.004509	20.73	GRS:4FGL_J2051.0-0826	HE	ELL1
PSR J0139+3336		24.98846	33.61658	1472	e	1.248	21.23		RRAT	
PSR J1910+5655		287.72348	56.92597	1473	e	0.3419	20.66			
PSR J1800-0125		270.092	-1.42517	1477	e	0.7832	51			
PSR J0417+35		64.42917	35.75	1480	e	0.6544	48.53			
PSR J2043+2740		310.93125	27.68222	1480	e	0.09613	21.02	GRS:4FGL_J2043.7+2741	HE	
PSR J0358+4155		59.51323	41.92195	1481	e	0.2265	46.33			
PSR J1338-6425		204.60075	-64.42047	1490	e	0.004088	85.92			?
PSR J2325-0530		351.31375	-5.51083	1493	e	0.8687	14.96		RRAT	
PSR J1928+1902_P		292.02083	19.03333	1495	e	0.0058	28.9			
PSR J0427+4723		66.96444	47.38383	1500	e	2.158	54			
PSR J1449-6339		222.47659	-63.65689	1501	e	0.02947	75.4			
PSR J1312-6400		198.02982	-64.01554	1506	e	2.437	90.74			
PSR J0344-0901		56.15613	-9.01741	1507	e	1.226	30.9			
PSR J0540+4542		85.03325	45.71461	1512	e	0.4011	56.12			
PSR J0951-71		147.85	-71.31694	1516	e	0.2124	77			
PSR J0457+23		74.275	23.56667	1517	e	0.5049	59			
PSR J0546+2441		86.61983	24.68917	1517	e	2.844	73.81			
PSR J1929+00		292.36667	0.51917	1520	e	1.167	42.95			
PSR J0435+2749		68.96591	27.81714	1521	e	0.3263	53.19			
PSR J1904+0056		286.02942	0.94972	1525	e	0.4381	127			
PSR J1904+0056_P		286.24292	0.93333	1525	e	0.00585	51.4			
PSR J2033-1938		308.48083	-19.64972	1525	e	1.282	23.47			
PSR J1742-0237_P		265.53333	-2.61667	1528	e	0.003664	65.69			
PSR J1846+0919		281.60833	9.32944	1530	e	0.2256		GRS:4FGL_J1846.3+0919	NRAD	
PSR J1254-6150		193.63533	-61.84744	1531	e	0.1845	95			
PSR J1926-1314		291.72431	-13.23439	1531	e	4.864	40.83			
PSR J1925+1636_P		291.45	16.6	1536	e	0.04971	33.1			
PSR J2235+1506		338.93208	15.11363	1540	e	0.05977	18.09			
PSR J1838+1650		279.67942	16.83779	1541	e	1.902	32.95			
PSR J1915+0832_P		288.775	8.53333	1547	e	2.71	36.2			
PSR J1555-0515		238.91707	-5.26594	1548	e	0.9754	23.46			
PSR J2017-2737		304.25724	-27.51382	1549	e	0.2245	25.82			
PSR J1826-1256		276.53554	-12.9425	1550	e	0.1102		GRS:4FGL_J1826.1-1256,XRS:AXJ182	NRAD	
PSR J2310-0555		347.52679	-5.92664	1556	e	0.002613	15.51	GRS:4FGL_J2310.0-0555	HE	ELL1
PSR J0212+5222		33.21724	52.38042	1558	e	0.3764	38.21			
PSR J0250+5854		42.57408	58.90036	1558	e	23.54	45.28			
PSR J0509+3801		77.38245	38.02169	1562	e	0.07654	69.08			DDGR
PSR J1431-4715		217.93591	-47.25766	1562	m	0.002012	59.35	GRS:4FGL_J1431.4-4711	HE	ELL1
PSR J1844+21		281	21.85	1563	e	0.5959	28			
PSR J0109+11		17.25	11.53333	1566	e	0.4327	17			
PSR J0857+3349		134.27946	33.82139	1567	e	0.243	24			
PSR J1630+3550		247.64979	35.84513	1567	e	0.003229	17.45			ELL1
PSR J0158+21		29.62083	21.13333	1568	e	0.5053	20			
PSR J2023+2853_P		305.81667	28.86667	1570	e	0.01133	22.74			
PSR J2312+21		348.125	21.66667	1570	e	1.256	19			
PSR J0827+53		126.95	53	1571	e	0.0135	23.1			
PSR J0408+551		62	55	1573	e	1.837	55			
PSR J0843-5022		130.7911	-50.3786	1573	e	0.209	178.4			
PSR J0828+5304		127.10707	53.07863	1579	e	0.01353	23.1			ELL1
PSR J0843+67		130.845	67.21889	1579	e	0.002846	20.7	GRS:4FGL_J0843.3+6712	HE	BT
PSR J1105+02		166.38333	2.48056	1580	e	6.403	16.5		RRAT	
PSR J0122+1416		20.50546	14.27139	1583	e	1.389	17.69			
PSR J1445-63		222.45	-63.75	1592	e	0.003719	79			
PSR J0343-3000		55.86642	-30.00764	1594	e	2.597	20.26			
PSR J0227+3356		36.73775	33.94104	1595	e	1.24	27			
PSR J1604-7203		241.12157	-72.05846	1595	e	0.3414	54.37			
PSR J0518+2431		79.55834	24.52194	1598	e	2.637	73.76			
PSR J1916-2939		289.13625	-29.65772	1600	e	1.249	38.34			
PSR J0340+4130		55.09703	41.51258	1603	m	0.003299	49.58	GRS:4FGL_J0340.3+4130,GRS:3FGL_J	HE	
PSR J0750+57		117.5	57	1604	e	1.175	26.7			
PSR J1946+0904_P		296.73696	9.08148	1604	e	0.02577	37.19			DD
PSR J1159-7910		179.89843	-79.1684	1609	e	0.5251	59.34			
PSR J0742+4334		115.67554	43.56728	1610	e	0.6062	36.26			
PSR J0749+5720		117.42551	57.34789	1610	e	1.175	26.7			
PSR J1227-4853		186.99468	-48.89521	1613	m	0.001686	43.42	GRS:4FGL_J1228.0-4853,XRS:XSS_J1	HE	ELL1
PSR J2151+2315		327.87042	23.25356	1620	e	0.5935	20.92			
PSR J0154+1833		28.65368	18.5641	1622	e	0.002365	19.8		HE	
PSR J0406+3039		61.63549	30.66178	1624	e	0.002609	49.38			ELL1
PSR J1947-43		296.75	-43	1625	e	0.1809	29.9			
PSR J0413+58		63.25	58	1630	e	0.687	57			
PSR J1602+3901		240.5785	39.01717	1630	e	0.003708	17.26			
PSR J0656-2228		104.12587	-22.47376	1632	e	1.225	32.53			
PSR J0625+10		96.4375	10.26667	1637	e	0.4984	78			
PSR J0406+30		61.5	30	1641	e	0.0026	49.37			
PSR J1253-5820		193.36809	-58.34469	1641	e	0.2555	100.6	GRS:4FGL_J1253.3-5816	HE	
PSR J0608+1635		92.21526	16.58594	1646	e	0.9458	86.08			
PSR J1902-5105		285.51185	-51.09918	1646	e	0.001742	36.25	GRS:4FGL_J1902.0-5105	HE	ELL1
PSR J0033+61		8.25	61	1654	e	0.912	37.7			
PSR J0405+3347		61.3732	33.78343	1655	e	0.06395	53.6			
PSR J0211-8159		32.99583	-81.99339	1656	e	3.232	24.36			
PSR J2238+5015		339.56871	50.26456	1656	e	0.5601	28.3			
PSR J2040-2156		310.06975	-21.93829	1657	e	0.5626	23.75			
PSR J1444+18		221.125	18.16667	1659	e	1.133	16.5			
PSR J2144-5237		326.14852	-52.61872	1659	e	0.005041	19.55			ELL1
PSR J2040-21		310	-21	1660	e	0.563	23.87			
PSR J0408+552		62	55	1661	e	0.754	63.8			
PSR J0611+04		92.825	4.1	1662	e	1.674	69.9			
PSR J1741+1351		265.37977	13.86225	1667	m	0.003747	24.2	GRS:4FGL_J1741.4+1354	HE	ELL1H
PSR J2317+1439		349.28848	14.65868	1667	m	0.003445	21.9	GRS:4FGL_J2317.3+1433	HE	ELL1H
PSR J1845+0201_P		281.26282	2.03038	1669	e	0.004309	56.65			ELL1
PSR J1123-6651		170.96754	-66.86363	1675	e	0.233	111.2			
PSR J0949-6902		147.3357	-69.04489	1678	e	0.64	93			
PSR J1707+3556		256.76139	35.94348	1680	e	0.1598	19.24			
PSR J1103-5403		165.88865	-54.06198	1683	e	0.003393	103.9			
PSR J0420+4451		65.08766	44.85069	1686	e	1.241	71.67			
PSR J0419+44		64.75	44	1687	e	1.241	71			
PSR J0824+0028		126.1035	0.46682	1688	e	0.009861	34.55			DDH
PSR J1917+17		289.25	17.4	1688	e	0.4196	40			
PSR J1056-7117		164.19158	-71.29816	1689	e	0.02631	92.9			ELL1
PSR J2226-03		336.5625	-3.25	1692	e	0.7697	17.5			
PSR J1034-3224		158.5813	-32.40722	1693	e	1.151	51.76			
PSR J1738+0333		264.72486	3.55302	1695	m	0.00585	33.77			ELL1
PSR J2326+6141		351.5	61	1695	e	0.79	34.5			
PSR J0414+4859_P		63.74042	48.98333	1702	e	0.8067	72.7			
PSR J0621+0336		95.29676	3.61265	1702	e	0.27	72.54			
PSR J0541+3335_P		85.42417	33.58333	1703	e	0.1137	89.2			
PSR J1838+50		279.5	50.85	1704	e	2.577	21.81		RRAT	
PSR J2039-3616		309.81909	-36.27146	1705	e	0.003275	23.96	GRS:4FGL_J2039.4-3616	HE	ELL1
PSR J1148-6546		177.10242	-65.77386	1707	e	1.497	121.5			
PSR J0104+64		16	64	1711	e	1.386	44.6			
PSR J1308-23		197	-23	1713	e	0.00283	22.36			
PSR J0753-0816		118.3875	-8.32639	1718	e	2.094	38			
PSR J1821+0155		275.41202	1.92278	1722	e	0.03378	51.75			
PSR J0408+4955_P		62.03	49.91667	1723	e	0.01144	73.7			
PSR J0935+3312		143.78249	33.21017	1727	e	0.9616	18.33			
PSR J0520+3722_P		80.05625	37.36667	1730	e	0.00792	89			
PSR J1854+0956_P		283.60833	9.93333	1730	e	0.08901	53.3			
PSR J2033+1734		308.36463	17.58291	1739	m	0.005949	25.07			DD
PSR J1612+2008		243.09763	20.13843	1740	e	0.4266	19.51			
PSR J2136-1606		324.00092	-16.10361	1740	e	1.227	18.48			
PSR J1000+08		150.15833	8.33278	1741	e	0.4404	21			
PSR J1917+1710_P		289.4075	17.16667	1743	e	0.4193	41.6			
PSR J1125-5825		171.4348	-58.42135	1744	e	0.003102	124.8	GRS:4FGL_J1125.6-5825	HE	DD
PSR J1715+4603		258.93237	46.06643	1747	e	0.5481	19.77			
PSR J0209+5759		32.40543	57.99592	1750	e	1.064	55.85			
PSR J1047-6709		161.86784	-67.16419	1766	e	0.1985	116.2			
PSR J0628+0909		97.15076	9.15386	1767	e	1.241	88.3		RRAT	
PSR J1920+0941_P		290.06833	9.68333	1770	e	18.29	54.2			
PSR J2017-0414		304.25	-4	1771	e	0.0406	30.85			
PSR J1020-5510		155.13304	-55.16883	1774	e	0.003943	134.8			
PSR J1822+0044_P		275.7275	0.73333	1775	e	0.9989	54			
PSR J2305+19		346.375	19.66667	1783	e	0.2693	20.5			
PSR J0622+0339_P		95.58119	3.66191	1786	e	0.008772	79.42			ELL1
PSR J1957-0002		299.42758	-0.03522	1787	e	0.9651	38.44			
PSR J0355+28		58.75	28	1789	e	0.3649	48.68			
PSR J1609-1930		242.27229	-19.50222	1791	e	1.558	37			
PSR J1914+0631		288.57235	6.53249	1792	e	0.6938	58.51			
PSR J1146-6610		176.74322	-66.18093	1793	e	0.003722	133.8			ELL1
PSR J0627+0649		96.97345	6.83169	1794	e	0.3465	86.67			
PSR J0426+4933		66.52839	49.56068	1795	e	0.9225	84.3			
PSR J2021+3651		305.27275	36.85133	1800	m	0.1037	367.5	GRS:4FGL_J2021.1+3651	HE	
PSR J2039-5617		309.8957	-56.28591	1800	m	0.002651	24.57	GRS:4FGL_J2039.5-5617	HE	ELL1
PSR J2229+2643		337.46202	26.73268	1800	m	0.002978	22.73			DD
PSR J0448-2749		72.1732	-27.82965	1803	e	0.4504	26.15			
PSR J0550+09		87.61667	9.85	1804	e	1.745	86.6		RRAT	
PSR J2018-0414		304.54335	-4.23687	1806	e	0.04061	30.91			
PSR J1017-7156		154.46384	-71.94489	1807	m	0.002339	94.21			T2
PSR J2123+5434		320.84035	54.56881	1811	e	0.1389	31.76			
PSR J1904+0823_P		286.18333	8.38333	1812	e	1.508	60.4			
PSR J0023+0923		5.82032	9.38996	1818	m	0.00305	14.33	GRS:4FGL_J0023.4+0920	HE	ELL1
PSR J0305+1123		46.28038	11.39025	1821	e	0.8621	27.83			
PSR J0146+31		26.5625	31.06667	1825	e	0.9381	25			
PSR J2129-0429		322.43766	-4.48522	1830	m	0.007614	16.88	GRS:4FGL_J2129.8-0428	HE	ELL1
PSR J0557+1550		89.38104	15.83501	1834	e	0.002556	102.6			ELL1
PSR J2005-0020		301.43229	-0.33943	1835	e	2.28	36.09			
PSR J0203-0150		30.8913	-1.83377	1837	e	0.005173	19.22			ELL1
PSR J0417+61		64.25	61.13333	1837	e	0.4403	70.14			
PSR J1459-6053		224.87496	-60.88908	1840	e	0.1032		GRS:4FGL_J1459.5-6053	NRAD	
PSR J0414+31		63.5	31	1842	e	1.081	64.1			
PSR J0402+4825		60.6693	48.43264	1844	e	0.5122	85.7			
PSR J0415+6111		63.96503	61.19773	1845	e	0.4402	70.8			
PSR J0806+08		121.52083	8.28333	1848	e	2.063	46			
PSR J1929+0132		292.4272	1.54627	1850	e	0.006418	53.46			ELL1
PSR J0248+4230		42.12918	42.50569	1853	e	0.002601	48.26	GRS:4FGL_J0248.6+4230	HE	
PSR J1141-3322		175.42815	-33.37703	1853	e	0.2915	46.37			
PSR J1940-0902		295.22721	-9.03833	1859	e	0.9785	42.3			
PSR J1251-7407		192.97058	-74.12084	1860	e	0.3271	89.81			
PSR J1821+0007_P		275.26208	0.11667	1863	e	0.00422	55.2			
PSR J0747+6646		116.91536	66.78243	1864	e	0.4077	27.58			
PSR J1226+0005		186.56	0.09556	1868	e	2.285	18.5			
PSR J1123-4844		170.81521	-48.7396	1870	e	0.2448	93.72			
PSR J1732-5049		263.19903	-50.81676	1874	e	0.005313	56.82	GRS:4FGL_J1732.7-5050	HE	T2
PSR J1909+0657_P		287.30833	6.95	1875	e	1.246	59.9			
PSR J1437+3049_P		219.41015	30.83015	1878	e	0.003719	17.11			
PSR J1727-2946		261.8129	-29.77689	1881	e	0.02708	60.73			BT
PSR J1819-17		274.875	-17.08333	1881	e	2.352	67			
PSR J1055-6236		163.97754	-62.61342	1883	e	0.4486	149.7			
PSR J1214-5830		183.53508	-58.50719	1883	e	0.9098	141.1			
PSR J1927+1126_P		291.9125	11.43333	1883	e	5.889	55.2			
PSR J0358+6627		59.65804	66.46294	1884	e	0.09151	62.33			
PSR J1418-6058		214.67792	-60.96361	1885	e	0.1106		GRS:4FGL_J1418.7-6057,GRS:HESS_J	NRAD	
PSR J1853+1303		283.48883	13.06224	1887	m	0.004092	30.57			ELL1H
PSR J1044-5737		161.13667	-57.62203	1895	e	0.139		GRS:4FGL_J1044.4-5737,GRS:1AGL_J	NRAD	
PSR J0335+6623		53.98776	66.3899	1907	e	1.762	66.73			
PSR J1204-6843		181.1529	-68.72144	1908	e	0.3089	134.2			
PSR J1212-5838		183.19663	-58.64303	1909	e	0.0738	145.9			
PSR J0605+1937_P		91.4775	19.61667	1919	e	0.6982	116.8			
PSR J0514+4010_P		78.74708	40.16667	1920	e	2.625	106.5			
PSR J1744-1610		266.06889	-16.17661	1923	e	1.757	66.67			
PSR J0325+6744		51.27133	67.74983	1929	e	1.365	65.28			
PSR J1225-5556		186.43261	-55.94532	1929	e	1.018	125.8			
PSR J0115+6325		18.94112	63.43078	1931	e	0.5215	65.07			
PSR J0627+16		96.80417	16.2	1932	e	2.18	113		RRAT	
PSR J0528+3529_P		82.11999	35.49356	1933	e	0.07823	111.8			DD
PSR J1231-4609		187.94054	-46.1626	1934	e	0.8772	66.54			
PSR J1800+5034		270.18488	50.57271	1936	e	0.5784	22.71			
PSR J0458-0505		74.65467	-5.08475	1938	e	1.883	47.81			
PSR J0421+3255		65.38833	32.93056	1939	e	0.9001	77.02			
PSR J1059+6459		164.8646	64.9922	1944	e	3.631	19.3			
PSR J1918+0621_P		289.50253	6.36649	1948	e	0.002104	63.12			ELL1
PSR J1513-2550		228.34717	-25.84202	1950	m	0.002119	46.88	GRS:4FGL_J1513.4-2549	HE	ELL1
PSR J1958+2846		299.66696	28.765	1950	e	0.2904		GRS:4FGL_J1958.7+2846	NRAD	
PSR J0210+5845		32.73083	58.75111	1952	e	1.766	76.79			
PSR J1911+1758		287.98079	17.97939	1953	e	0.4604	48.98			
PSR J1136-6527		174.10508	-65.45542	1955	e	1.189	164.1			
PSR J1429-5911		217.49417	-59.1935	1955	e	0.1158		GRS:4FGL_J1429.9-5911	NRAD	
PSR J1924+1734_P		291.2375	17.56667	1958	e		49		RRAT	
PSR J1849+0409		282.26446	4.16175	1960	e	0.7612	63.97			
PSR J1954+2836		298.57979	28.60167	1960	e	0.09271		GRS:4FGL_J1954.3+2836	NRAD	
PSR J1130-6807		172.63297	-68.12459	1972	e	0.2564	148.7			
PSR J1842-39		280.5	-39	1974	e	0.374	47.6			
PSR J0925+6103		141.3231	61.05114	1976	e	0.005983	21.64			ELL1
PSR J2150-0326		327.61348	-3.44245	1976	e	0.003511	20.67			ELL1
PSR J1620-5414		245.06017	-54.24769	1978	e	1.156	71			
PSR J1749-4931		267.34904	-49.53306	1980	e	0.4458	55.3			
PSR J1945+2011_P		296.47125	20.18333	1985	e	0.5031	39.3			
PSR J1837+10		279.25	10.76667	1992	e	1.707	54			
PSR J1052-6348		163.22246	-63.80461	1994	e	0.3838	167.5			
PSR J0248+6021		42.07757	60.35964	2000	m	0.2171	370	GRS:4FGL_J0248.4+6021	HE	
PSR J0501+4516		75.27817	45.27609	2000	m	5.762			AXP,NRAD	
PSR J0554+3107		88.52088	31.12806	2000	m	0.465		GRS:4FGL_J0554.1+3107,SNR:G179.0	NRAD	
PSR J1522-5525		230.52792	-55.42153	2000	e	1.39	79			
PSR J1901-0906		285.47087	-9.1031	2000	m	1.782	72.61			
PSR J2322-2650		350.64433	-26.84955	2000	m	0.003463	6.15	OPT:(?)		ELL1
PSR J1048+2339		162.18091	23.66483	2002	e	0.004665	16.65	GRS:4FGL_J1048.6+2340	HE	BTX
PSR J0215+6218		33.98595	62.30927	2004	e	0.5489	84			
PSR J1930-1852		292.62381	-18.86282	2004	e	0.1855	42.85			BT
PSR J1754+48		268.5	48.76667	2005	e	0.652	23			
PSR J1159-6409		179.84006	-64.16585	2006	e	0.6675	173.6			
PSR J1758-2846		269.56421	-28.76722	2006	e	0.7667	66.6			
PSR J2338+4818		354.52579	48.30894	2013	e	0.1187	35.3			DD
PSR J1938-0940		294.72854	-9.67664	2014	e	0.1739	44.47			
PSR J1611-01		242.75	-1.46667	2015	e	1.297	27.21		RRAT	
PSR J0103+54		15.74077	53.93663	2017	e	0.3543	55.62		RRAT	
PSR J1236-0159		189.01042	-1.98611	2021	e	3.598	19.08			
PSR J1819-0040_P		274.79375	-0.66667	2030	e	0.1601	57.9			
PSR J1914+1029_P		288.59583	10.48333	2030	e	2.485	59.7			
PSR J1541+4703		235.27308	47.05103	2033	e	0.2777	19.4		RRAT	
PSR J1055-6905		163.93629	-69.0865	2035	e	2.919	142.8			
PSR J1534-46		233.53333	-46.23333	2036	e	0.3648	64		RRAT	
PSR J0341+5711		55.25	57.18333	2037	e	1.888	101			
PSR J1919+23		289.85833	23.87944	2042	e	0.00463	38.4	GRS:4FGL_J1919.1+2354	NRAD	
PSR J2054-39		313.5	-39	2046	e	0.977	24.9			
PSR J1439+7655		219.84167	76.92944	2047	e	0.9479	22.29		RRAT	
PSR J0059+6956		14.91507	69.94204	2048	e	1.146	63.48			
PSR J1036-6559		159.0835	-65.98591	2052	e	0.5335	158.4			
PSR J1537-4912		234.36685	-49.20101	2055	e	0.3013	69.79			
PSR J1615-5609		243.95675	-56.15911	2055	e	0.003359	72.03			?
PSR J1646-4406		251.59479	-44.09472	2056	e		74	GRS:4FGL_J1646.5-4406	HE	
PSR J1647+6608		251.88551	66.13951	2061	e	1.6	22.55			
PSR J1647+6609		251.88529	66.13946	2061	e	1.6	22.55			
PSR J0545-03		86.25	-3.16667	2062	e	1.074	67.2		RRAT	
PSR J1148-5725		177.11888	-57.42017	2063	e	3.56	174			
PSR J0843+0719		130.89092	7.31328	2068	e	1.366	36.6			
PSR J1946+14		296.71667	14.7	2070	e	2.282	50.3			
PSR J2236-5527		339.21605	-55.46356	2070	e	0.006908	20.09			BT
PSR J1801-0144_P		270.3125	-1.73333	2077	e	0.003033	60.02			
PSR J1023-5746		155.76208	-57.76806	2080	e	0.1115		GRS:4FGL_J1023.0-5745,GRS:HESS_J	NRAD	
PSR J1832-0836		278.11497	-8.61529	2083	m	0.002719	28.19			
PSR J2256-1024		344.23497	-10.40955	2083	m	0.002295	13.78	GRS:4FGL_J2256.8-1024	HE	BTX
PSR J1421-4409		215.33733	-44.15127	2084	m	0.006386	54.64			ELL1
PSR J2015+0756		303.99831	7.94335	2086	e	0.004328	36.44			ELL1
PSR J2053+1718		313.45617	17.31243	2087	e	0.1193	26.98			
PSR J0229+20		37.2625	20.96667	2088	e	0.8069	27			
PSR J2212+2450		333.11489	24.84356	2090	e	0.003908	25.21			
PSR J1611-0114		242.7727	-1.24864	2094	e	2.594	27.7			
PSR J0928+3039		142.24733	30.65737	2096	e	1.046	21.95			
PSR J1032-5206		158.11538	-52.10236	2096	e	2.408	139			
PSR J1941+2230_P		295.43167	22.5	2096	e	3.552	40			
PSR J1941+0121		295.31683	1.36097	2097	e	0.2173	51.87			
PSR J2129+4119		322.33942	41.33194	2098	e	1.687	32			
PSR J1915+1714_P		288.94375	17.23333	2099	e	2.001	57.1			
PSR J0348+0432		57.18183	4.53652	2100	m	0.03912	40.46			ELL1
PSR J2112+0740		318.03228	7.67902	2101	e	0.2754	24.91			
PSR J0630-0046		97.61232	-0.76829	2103	e	0.6806	97.9			
PSR J0631+1036		97.86468	10.61736	2104	e	0.2878	125.3	GRS:4FGL_J0631.5+1036	HE	
PSR J1541-42		235.47917	-42.31389	2112	e		60		RRAT	
PSR J1730+13		262.6875	13.08333	2112	e	1.15	32			
PSR J1932+1756		293.03012	17.93814	2116	e	0.04183	53.19			DD
PSR J1501-0046		225.43732	-0.7732	2120	e	0.464	22.26			
PSR J1005+3015		151.6435	30.26266	2125	e	3.066	18.09		RRAT	
PSR J1135-49		173.98333	-49.42528	2129	e		114		RRAT	
PSR J0653-06		103.25	-6.26667	2140	e	0.79	83.7		RRAT	
PSR J1853-0014_P		283.34583	-0.23333	2140	e	0.5633	70.5			
PSR J1047-3032		161.75339	-30.53833	2144	e	0.3303	52.82			
PSR J1142+0119		175.70894	1.32658	2145	e	0.005075	19.2	GRS:4FGL_J1142.8+0120	HE	ELL1
PSR J0625+1403_P		96.2775	14.05	2149	e	0.7279	134.5			
PSR J1413-6205		213.37458	-62.09389	2150	e	0.1097		GRS:4FGL_J1413.5-6205,GRS:1AGL_J	NRAD	
PSR J1912+2525		288.07761	25.41726	2150	e	0.622	37.85			
PSR J2021+4026		305.37496	40.44586	2150	e	0.2653		GRS:4FGL_J2021.5+4026,SNR:G78.2+	NRAD	
PSR J1106-6438		166.6185	-64.65	2153	e	2.718	203			
PSR J1152-5800		178.04167	-58.00944	2156	e	1.79	191			
PSR J1404+1159		211.15411	11.98778	2160	e	2.65	18.5			
PSR J2016+1948		304.23935	19.79766	2161	e	0.06494	33.81			BT
PSR J2355+2246		358.9575	22.77139	2163	e	1.841	23.1			
PSR J1912+1417_P		288.13333	14.28333	2164	e	0.00317	66.6			
PSR J1911+1253		287.86958	12.88817	2165	e	0.02724	68.69			DD
PSR J1912+1416		288.12714	14.27324	2166	e	0.003166	66.67			ELL1
PSR J1035-6345		158.76283	-63.75511	2167	e	0.5796	189.7			
PSR J1911+1252_P		287.86667	12.86667	2167	e	0.02724	68.8			
PSR J0533+0402		83.35763	4.03337	2172	e	0.963	83.86			
PSR J0955-6150		148.83686	-61.83803	2173	e	0.001999	160.9	GRS:4FGL_J0955.4-6151	HE	DD
PSR J1101-6424		165.40496	-64.41093	2175	e	0.005109	207.4			ELL1
PSR J1226-3223		186.69428	-32.38361	2175	e	6.193	36.7		RRAT	
PSR J1709+2313		257.27413	23.2244	2180	e	0.004631	25.35			BT
PSR J1918+1547_P		289.64167	15.78333	2185	e	0.00376	64.6			
PSR J1918+1546		289.64839	15.781	2186	e	0.003764	64.64			
PSR J1115-6052		168.9739	-60.87185	2187	e	0.2598	227.7			
PSR J1123-6259		170.98141	-62.98638	2187	e	0.2714	223.3			
PSR J1308-4650		197.18579	-46.84158	2187	e	1.059	66			
PSR J1225-6035		186.36929	-60.59378	2194	e	0.6263	176.1			
PSR J0821-4300		125.48902	-43.00474	2200	m	0.1128		SNR:PUPPIS_A,XRS:RX_J0822-4300	NRAD	
PSR J1947-4215		296.775	-42.25	2202	e	1.798	35			
PSR J1722+3519		260.53961	35.32183	2203	e	0.8216	23.88			
PSR J0418+6635		64.69992	66.5902	2205	e	0.00291	77.56	GRS:4FGL_J0418.9+6636	HE	
PSR J1824-0127		276.2227	-1.46417	2214	e	2.499	63			
PSR J0643+0350_P		100.7575	3.83333	2216	e	1.145	122			
PSR J0421-0345		65.38982	-3.75184	2217	e	2.161	44.88			
PSR J1143-5536		175.79079	-55.60125	2220	e	0.6854	185			
PSR J1545-4550		236.48311	-45.84376	2222	m	0.003575	68.39			T2
PSR J1239+3239		189.75	32	2224	e	0.0047	16.85			
PSR J1151-6108		177.98692	-61.13822	2227	e	0.1016	217.8	GRS:4FGL_J1152.0-6107	HE	
PSR J1551-4424		237.95008	-44.41167	2227	e	0.6741	66.33			
PSR J1156-1318		179.175	-13.30611	2228	e		28		RRAT	
PSR J1813-0402		273.39557	-4.04662	2229	e	0.004107	71.35			ELL1
PSR J1904+0519_P		286.03333	5.31667	2236	e	1.681	80.8			
PSR J1938+1748_P		294.625	17.8	2237	e	7.106	56		RRAT	
PSR J0211+4235		32.77759	42.59013	2240	e	0.3507	49.7			
PSR J0220+3626		35.1755	36.44881	2240	e	1.03	40			
PSR J0231+6254_P		37.95648	62.90422	2246	e	0.6008	110.6			
PSR J1108-6329		167.21384	-63.49008	2248	e	0.004278	233.2			?
PSR J2136-5046		324.23997	-50.78224	2248	e	0.2673	23.3			
PSR J0033+57		8.25	57	2251	e	0.315	75.65			
PSR J2236+4929		339.1455	49.49559	2280	e	0.9317	42.9			
PSR J0032+6946		8.5	69.71667	2283	e	0.0368	80.01			
PSR J0848+16		132.22083	16.71667	2283	e	0.4524	38			
PSR J0620+1711_P		95.12667	17.18333	2287	e	0.441	146.9			
PSR J0627+0706		96.93405	7.10917	2289	e	0.4759	138.2			
PSR J0324+5239		51.23108	52.65869	2290	e	0.3366	115.5			
PSR J1738-0319_P		264.72917	-3.31667	2293	e	1.369	85			
PSR J0658+0022		104.56337	0.37647	2301	e	0.5633	115.6			
PSR J1216-50		184.08333	-50.45028	2302	e	6.355	110		RRAT	
PSR J1935+1726		293.76645	17.44124	2305	e	0.0042	61.6			ELL1
PSR J2040+20		310	20.7	2306	e	0.2905	31			
PSR J0102+4839		15.71112	48.66188	2310	e	0.002964	53.5	GRS:4FGL_J0102.8+4839,GRS:3FGL_J	HE	ELL1
PSR J1051-6214		162.90233	-62.24903	2310	e	1.146	246			
PSR J1036-4926		159.05459	-49.43929	2312	e	0.5104	136.4			
PSR J0652-0142		103.04627	-1.70842	2318	e	0.9241	116.3			
PSR J1054-5946		163.62692	-59.77528	2327	e	0.2283	253.9			
PSR J1156-5909		179.08958	-59.15342	2330	e	1.038	219.2			
PSR J1153-2117		178.24167	-21.29806	2331	e	2.343	34.8		RRAT	
PSR J1054-6452		163.53683	-64.87708	2342	e	1.84	234			
PSR J1705-1903		256.4327	-19.06151	2344	e	0.00248	57.5			
PSR J0054+69		13.61667	69.43333	2347	e		90.3		RRAT	
PSR J0107+1322		16.91646	13.37547	2349	e	1.197	21.67			
PSR J1657+3304		254.46117	33.07601	2353	e	1.57	23.97			
PSR J1633-2009		248.48042	-20.16917	2354	e	0.9356	48.19			
PSR J1807+04		271.85417	4.08333	2354	e	0.7989	53			
PSR J1838+1507_P		279.6525	15.11667	2354	e	0.00382	54.8			
PSR J1810+1744		272.65535	17.74372	2357	e	0.001663	39.66	GRS:4FGL_J1810.5+1744	HE	BT
PSR J1105-6107		166.35892	-61.13026	2360	e	0.0632	271.6	GRS:4FGL_J1105.4-6108,XRS:PWN	HE	
PSR J1917+1556_P		289.33	15.93333	2360	e	0.00292	72			
PSR J1901-0125		285.39083	-1.42472	2361	e	0.002793	70.42	GRS:4FGL_J1901.4-0126	HE	
PSR J1852+1200		283.24167	12	2362	e	0.003866	68.05			
PSR J1907+0602		286.97808	6.03803	2370	e	0.1066	82.1	GRS:4FGL_J1907.9+0602,SNR:G40.5-	HE	
PSR J1210-5559		182.52495	-55.9844	2371	e	0.2798	174.3			
PSR J0520-2553		80.15077	-25.88675	2372	e	0.2416	33.72			
PSR J0630+1002_P		97.60333	10.03333	2378	e	2.881	149.3			
PSR J1103-6025		165.88117	-60.42677	2379	e	0.3966	275.9			
PSR J1933+0913_P		293.46375	9.21667	2380	e	0.00294	69.4			
PSR J1006-6311		151.6525	-63.19478	2382	e	0.8358	196			
PSR J2315+58		348.75	58	2382	e	1.061	73.2			
PSR J1602-1009		240.55534	-10.15553	2383	e	0.003116	34.35			ELL1
PSR J1130-5925		172.5435	-59.42614	2387	e	0.681	264.4			
PSR J0533+6759		83.47975	67.98819	2392	e	0.004388	57.37	GRS:4FGL_J0533.8+6800	HE	
PSR J1759-1248_P		269.98632	-12.80402	2393	e	0.003151	96			
PSR J2329+4743		352.38145	47.7277	2396	e	0.7284	44.01			
PSR J1143-5158		175.81277	-51.97775	2397	e	0.6756	159			
PSR J2017-1614		304.44228	-16.23764	2400	m	0.002314	25.44	GRS:4FGL_J2017.7-1612	HE	ELL1
PSR J2336-0151		354.13362	-1.86576	2400	e	1.03	19.62			
PSR J0125+62		21.5	62.58333	2403	e	1.708	118			
PSR J1130-5826		172.56804	-58.43397	2408	e	0.1623	261.1			
PSR J0639-0704		99.99435	-7.07728	2409	e	0.9865	105.1			
PSR J0139+5621		24.91074	56.36011	2410	e	1.775	101.8			
PSR J0111+6624		17.84115	66.403	2412	e	4.302	111.2			
PSR J1759-2922		269.95103	-29.36867	2417	e	0.5744	79.42			
PSR J1511-5414		227.96369	-54.24454	2419	e	0.2004	84.52			
PSR J1954+2833_P		298.54708	28.55	2425	e	0.02721	37			
PSR J1021-5601		155.35342	-56.03081	2429	e	0.67	212			
PSR J1904+0535_P		286.21667	5.58333	2429	e	0.6038	78.4			
PSR J1311-3430		197.94052	-34.50843	2430	e	0.00256	37.8	GRS:4FGL_J1311.7-3430	HE	ELL1
PSR J1921+1929		290.34729	19.48953	2432	e	0.002646	64.76	GRS:4FGL_J1921.1+1930	HE	ELL1
PSR J2316+5619		349.11879	56.33312	2435	e	1.062	72.7			
PSR J2312+6931		348.16223	69.51778	2436	e	0.8134	71.6			
PSR J2006+0148		301.62105	1.81498	2437	e	0.002164	43.58	GRS:4FGL_J2006.4+0147	HE	ELL1
PSR J0133-6957		23.38525	-69.95824	2441	e	0.4635	22.95			
PSR J2316+75		348.75	75.73333	2442	e		53.4		RRAT	
PSR J0813+2202		123.46642	22.03785	2444	e	0.5314	52.26			
PSR J1909+1859		287.32752	18.98632	2447	e	0.5425	64.52			
PSR J1236-65		189.22917	-65.61667	2449	e	0.1006	175			
PSR J0954-5754		148.72297	-57.91353	2453	e	0.004835	307.4			?
PSR J1148-6415		177.1575	-64.25917	2454	e	3.241	241			
PSR J1940+14		295.0625	14.46028	2458	e	1.279	69.5			
PSR J1841-7845		280.35792	-78.75417	2459	e	0.3536	41			
PSR J1852-2610		283.24778	-26.1702	2459	e	0.3363	56.81			
PSR J2045+0912		311.44727	9.2081	2460	e	0.3956	31.78			
PSR J0957-0619		149.25	-6.28333	2461	e	1.724	26.95		RRAT	
PSR J1655-404		253.80833	-40.81667	2461	e	2.927	88.2			
PSR J1246+2253		191.70568	22.89535	2464	e	0.4739	17.79			
PSR J2333-5526		353.31653	-55.4392	2464	e	0.002102	19.93	GRS:4FGL_J2333.1-5527	HE	ELL1
PSR J1906+0757		286.67394	7.95051	2468	e	0.05719	79.1			
PSR J1953+1006_P		298.39125	10.1	2473	e	0.00259	57.2			
PSR J1848+0127_P		282.07917	1.45	2475	e	0.534	77			
PSR J0152+0948		28.09887	9.80278	2476	e	2.747	22.88			
PSR J0930-1854		142.64696	-18.90864	2477	e		33		RRAT(?)	
PSR J1611-5847		242.9638	-58.79509	2479	e	0.3545	79.9			
PSR J1740-5340A		265.18579	-53.67803	2482	m	0.00365	71.8	GC:NGC6397		BT
PSR J1740-5340B		265.17762	-53.67447	2482	m	0.005787	72.2	GC:NGC6397		BTX
PSR J2138+69		324.5	69.83333	2486	e	0.22	46.6		RRAT	
PSR J2221+81		335.25	81.53333	2487	e		39		RRAT	
PSR J1334-5839		203.62545	-58.6546	2490	e	0.1077	119.3			
PSR J0815+0939		123.78657	9.66408	2491	e	0.6452	52.66			
PSR J1736+05		264.225	5.8	2494	e	0.9992	42			
PSR J2019+72		304.75	72	2494	e	0.219	34.88			
PSR J1335-3642		203.9	-36.7	2495	e	0.3992	41.82			
PSR J0642+0238_P		100.55292	2.63333	2498	e	0.7291	146.7			
PSR J1039-6208		159.78708	-62.13836	2499	e	1.247	281.8			
PSR J1901+1306		285.45321	13.11342	2499	e	1.831	75.1			
PSR J1911+1347		287.98001	13.79288	2500	m	0.004626	30.98			
PSR J1928+1839_P		292.15833	18.65	2502	e	2.261	70			
PSR J1747-1030		266.99296	-10.50139	2511	e	1.579	128			
PSR J1933+5335		293.25458	53.59528	2512	e	2.053	33.54			
PSR J0418-4154		64.51573	-41.90401	2519	e	0.7571	24.32			
PSR J1538-5750		234.53504	-57.83808	2519	e	0.5066	91			
PSR J1759-1029		269.89292	-10.49917	2519	e	2.512	115.4			
PSR J1747-2958		266.81617	-29.96694	2520	e	0.09881	101.5	GRS:4FGL_J1747.2-2957,PWN:G359.2	HE	
PSR J1754-3014		268.62575	-30.25083	2520	e	1.32	89.7		RRAT	
PSR J1741+2758		265.47296	27.96917	2522	e	1.361	29.14			
PSR J1242-4712		190.55331	-47.20511	2529	e	0.005313	78.64			
PSR J1934+09_P		293.55654	9.10778	2530	e	0.00466	72.37			
PSR J0209+4331		32.47322	43.51832	2531	e	0.8639	57.29			
PSR J1839-0627		279.83525	-6.45944	2531	e	0.4849	92.49			
PSR J0646+0905		101.62927	9.09711	2536	e	0.9039	149.7			
PSR J0104+6029_P		16.11545	60.48587	2539	e	0.8689	121.7			
PSR J0637+0332_P		99.42083	3.53333	2542	e		152		RRAT	
PSR J1346-4918		206.59313	-49.30195	2545	e	0.2996	74.61			
PSR J1357-2530		209.675	-25.55	2545	e	0.913	31.27			
PSR J2241+6941		340.33459	69.69992	2548	e	0.8554	67.67			
PSR J1741-2019		265.27862	-20.32333	2553	e	3.905	74.9			
PSR J1238+2152		189.59657	21.86974	2554	e	1.119	17.97			
PSR J1720+00		260.22917	0.66667	2555	e	3.357	46.2		RRAT	
PSR J0329+1654		52.28563	16.90056	2557	e	0.8933	40.82			
PSR J2005+14_P		301.22487	14.79833	2562	e	2.332	50.3			
PSR J1754-3510		268.72758	-35.17873	2565	e	0.3927	81.75			
PSR J0641+0448_P		100.38875	4.8	2573	e	0.02567	155.1			
PSR J1842-27		280.50833	-27.97194	2573	e	0.8153	62			
PSR J1807-2459A		271.83482	-24.99803	2580	m	0.003059	134	GC:NGC6544		BT
PSR J1807-2459B		271.83696	-25.00053	2580	m	0.004186	137.2	GC:NGC6544		DD
PSR J1816-5643		274.15193	-56.72836	2580	e	0.2179	52.4			
PSR J1054-5943		163.74062	-59.72058	2585	e	0.3469	330.7			
PSR J1929+2121		292.26766	21.3563	2585	e	0.7236	66			
PSR J1016-5819		154.0503	-58.31696	2587	e	0.08783	252.2			
PSR J1058-5957		164.64258	-59.96017	2588	e	0.6163	333.9			
PSR J2351+8533		357.76373	85.55573	2593	e	1.012	38.2			
PSR J1945+07		296.47917	7.34111	2595	e	1.074	62.5			
PSR J0058+6125		14.5	61.41667	2597	e	0.637	128.3			
PSR J1210-5226		182.50379	-52.44122	2600	e	0.4241		SNR:G296.5+10.0,XRS:1E_1207.4-5	NRAD	
PSR J1908+2105		287.23872	21.08409	2601	e	0.002564	61.91	GRS:4FGL_J1908.9+2103	HE	ELL1
PSR J1137-6700		174.3837	-67.00917	2603	e	0.5562	228			
PSR J1619+3953		244.80613	39.88481	2611	e	1.884	23			
PSR J1903-0848		285.79696	-8.81594	2612	e	0.8873	66.99			
PSR J1727-29		261.82917	-29.98333	2613	e		93		RRAT	
PSR J1646-1910		251.57775	-19.17056	2616	e	4.818	55			
PSR J2343+6221		355.75	62.35	2619	e	1.799	116.6			
PSR J1939+10		294.79583	10.82444	2624	e	2.311	74			
PSR J2113+73		318.25	73.61667	2625	e		42.4		RRAT	
PSR J1736-3511		264.01125	-35.19889	2626	e	0.5028	106			
PSR J2244+63		341	63	2628	e	0.461	92.15			
PSR J1624-39		246.10417	-39.85	2629	e	0.00296	77.5	GRS:4FGL_J1624.3-3952	HE	
PSR J1908+0128		287.07835	1.47298	2630	e	0.004702	75.06			ELL1
PSR J1653-2054		253.37922	-20.91527	2631	e	0.004129	56.52			ELL1
PSR J1544-0713		236.09803	-7.23306	2633	e	0.4841	30.73			
PSR J1207-4508		181.83025	-45.13586	2634	e	1.77	84.5			
PSR J1732-1930		263.08344	-19.50238	2634	e	0.4838	72.43			
PSR J2007+0910		301.9921	9.17026	2634	e	0.4587	48.73			
PSR J1813-1246		273.34904	-12.76644	2635	e	0.04807		GRS:4FGL_J1813.4-1246,XRS:Swift_	NRAD	
PSR J1552+5437		238.22221	54.61827	2636	e	0.002428	22.9	GRS:4FGL_J1553.1+5438	HE	
PSR J1124-5638		171.23529	-56.64436	2639	e	0.1856	289.5			
PSR J2300+50_P		345.09283	50.40222	2641	e	3.648	60			
PSR J1850+0824_P		282.62125	8.4	2643	e	1.013	74.1			
PSR J0058+4950		14.54162	49.84056	2644	e	0.996	66.95			
PSR J0121+53		20.25	53.48333	2644	e	2.725	91.38		RRAT	
PSR J1144-6217		176.00879	-62.29175	2644	e	0.8507	284.7			
PSR J2242+6346		340.6517	63.78231	2644	e	0.461	91.8			
PSR J0651-0055_P		102.78458	-0.91667	2647	e	1.051	150			
PSR J1940+2203_P		295.20417	22.05	2652	e	11.91	59		RRAT	
PSR J2158-27		329.5	-27	2658	e	0.477	22.15			
PSR J1957+2516		299.39421	25.26724	2659	e	0.003962	44.14	GRS:4FGL_J1957.3+2517	HE	ELL1
PSR J1828-0038_P		277.0625	-0.63333	2661	e	2.426	70		RRAT	
PSR J1818-0051_P		274.65458	-0.85	2663	e	2.207	66.8			
PSR J1840+0151_P		280.24417	1.85	2663	e	1.75	73.6			
PSR J2310+6706		347.67541	67.11447	2665	e	1.945	97.7		RRAT	
PSR J0944+4106		146.07558	41.10126	2670	e	2.229	21.41			
PSR J0641+0359_P		100.30208	3.98333	2673	e	0.6462	160.4			
PSR J0640-0139		100.18867	-1.6638	2677	e	0.003461	150			
PSR J2128+5004_P		322.21625	50.06667	2677	e	0.2016	55			
PSR J1543-5439		235.87178	-54.65636	2678	e	0.004312	102.2			?
PSR J2158-2734		329.5035	-27.5603	2678	e	0.4772	22.18			
PSR J0729-1448		112.31854	-14.81022	2679	e	0.2517	91.93	GRS:4FGL_J0729.3-1445	HE	
PSR J1518-0627		229.74629	-6.45214	2679	e	0.795	27.96			
PSR J1903+0851		285.76887	8.85789	2679	e	1.232	83			
PSR J0721-2038		110.42877	-20.63529	2680	e	0.01554	76.01			BT
PSR J1939+2609		294.92642	26.16011	2682	e	0.467	47.3			
PSR J1845+21		281.25	21.85	2684	e	3.756	50			
PSR J1132-4700		173.06033	-47.01009	2688	e	0.3256	122.9			
PSR J1928+1458_P		292.17833	14.96667	2691	e	0.00297	86.2			
PSR J1547-5709		236.85051	-57.15489	2695	e	0.004291	95.72			ELL1
PSR J1530-2114		232.5	-21	2696	e	0.505	38.05			
PSR J1542-5034		235.68895	-50.56768	2700	e	0.5992	89.57			
PSR J1124-6421		171.24792	-64.35472	2702	e	0.4791	298			
PSR J1755-2725		268.9245	-27.42917	2704	e	0.262	115.1			
PSR J1808-2701		272.05512	-27.0225	2705	e	2.458	95			
PSR J0922-4949		140.56226	-49.81999	2706	e	0.9504	237.3			
PSR J1819-37		274.75	-37	2712	e	0.632	68.2			
PSR J1931+2333_P		292.7675	23.55	2714	e	0.00386	58.3			
PSR J0243+6027		40.75	60.45	2717	e	1.473	141			
PSR J1744-2335		266.20196	-23.59861	2723	e	1.684	96.66			
PSR J2105+6223		316.30388	62.38486	2723	e	2.305	50.75		RRAT	
PSR J2333+6145		353.33103	61.75836	2729	e	0.7569	125			
PSR J1015-5719		153.90817	-57.32022	2732	e	0.1399	277.8			
PSR J2116+1345		319.20737	13.75588	2732	e	0.002219	30.29	GRS:4FGL_J2117.0+1344	HE	ELL1
PSR J1515+20		228.75	20.85	2734	e	1.147	22			
PSR J2033+0042		308.37967	0.70669	2736	e	5.013	37.84		RRAT	
PSR J0647+0913		101.81533	9.23319	2742	e	1.235	154.7			
PSR J1537-5153		234.31554	-51.885	2745	e	1.528	93			
PSR J1825-1108		276.32625	-11.14833	2750	e	1.926	121			
PSR J1117-6447		169.4375	-64.79944	2752	e	1.155	303			
PSR J1846-0200_P		281.65083	-2	2752	e	0.6684	97.7			
PSR J1554+18		238.57083	18.06667	2753	e		24		RRAT	
PSR J1826-2415		276.65011	-24.26514	2753	e	0.004696	81.86			
PSR J1828+1359		277.22224	13.99316	2754	e	0.7416	56			
PSR J1236-5033		189.24648	-50.56008	2755	e	0.2948	105.1			
PSR J0054+6946		13.74632	69.77135	2757	e	0.8329	116.5			
PSR J1733-01		263.25	-1	2759	e	0.302	61.98			
PSR J1535-4114		233.82112	-41.23419	2770	e	0.4329	66.14			
PSR J1612-2408		243.10858	-24.13444	2770	e	0.9238	49.2			
PSR J2215+5135		333.8862	51.59343	2773	e	0.00261	69.19	GRS:4FGL_J2215.6+5135	HE	ELL1
PSR J1948+06		297.1875	6.03333	2776	e	1.325	61			
PSR J0725-1635		111.25168	-16.59606	2777	e	0.4243	98.98			
PSR J1910+1256		287.54042	12.9404	2778	m	0.004984	38.07			DD
PSR J1930+1708_P		292.57417	17.13333	2778	e	0.00228	87.2			
PSR J0244+14		41.2125	14.45	2796	e	2.128	31			
PSR J1748-0224_P		267.2	-2.4	2797	e	0.001765	75.9			
PSR J2047+1053		311.79269	10.8855	2798	e	0.004286	34.63	GRS:4FGL_J2047.3+1051	HE	BT
PSR J1012-5830		153.22875	-58.50711	2799	e	2.134	294			
PSR J1845+0317_P		281.34536	3.2885	2799	e	0.001851	77.26			ELL1
PSR J1911+1440_P		287.83708	14.66667	2802	e	0.5825	87.2			
PSR J0857-4424		134.48263	-44.40296	2806	e	0.3268	184.4			
PSR J2012-2029		303.19417	-20.49194	2809	e	0.544	37.67			
PSR J0636-23		99	-23	2815	e	0.476	59.12			
PSR J1435-6100		218.83442	-61.01611	2817	e	0.009348	113.8			ELL1
PSR J1939+1848_P		294.75625	18.8	2820	e	0.00336	79.3			
PSR J1921+0812		290.44878	8.21441	2825	e	0.2107	82.82			
PSR J2238+5903		339.61779	59.06133	2830	e	0.1627		GRS:4FGL_J2238.5+5903	NRAD	
PSR J1738-2330		264.53667	-23.51306	2832	e	1.979	96.6			
PSR J1938+0650		294.47275	6.835	2832	e	1.122	70.8			
PSR J2340+08		355.1875	8.55	2832	e	0.3033	24			
PSR J1803+47		270.75	47.13333	2836	e	0.3469	29.5			
PSR J1929+1504_P		292.31	15.06667	2838	e	0.2328	91.9			
PSR J0416+5201_P		64.11333	52.01667	2839	e	0.01825	140.5			
PSR J1932+1500		293.19295	15.00617	2839	e	1.864	90.5			BT
PSR J1623-4608		245.86571	-46.13378	2842	e	0.8663	110			
PSR J0100+8023		15.06704	80.39493	2847	e	1.494	56.01			
PSR J1531-5610		232.86623	-56.18207	2847	e	0.08421	110.7	GRS:4FGL_J1531.5-5612	HE	
PSR J1156-5707		179.03104	-57.11725	2848	e	0.2884	243.2			
PSR J2116+3701		319.0596	37.02531	2853	e	0.1459	44.03			
PSR J1030-6008		157.60902	-60.14372	2855	e	0.02732	370.8			?
PSR J1549-5722		237.44958	-57.36722	2858	e	0.4978	102			
PSR J2115+6702		318.75175	67.04217	2862	e	0.5521	54.5			
PSR J1946-09		296.5	-9	2865	e	0.0912	50.63			
PSR J1822+0705		275.57684	7.08862	2872	e	1.363	62.2			
PSR J1908+0002_P		287.11875	0.03333	2873	e	1.3	76.8			
PSR J0808-3937		122.04846	-39.63136	2884	e	0.8663	169.1			
PSR J2113+67		318.5	67.03333	2890	e	0.5522	54.98			
PSR J1929+1259_P		292.45958	12.98333	2893	e	0.00285	90.9			
PSR J2300+52		345.125	52.40944	2898	e	0.4265	83.7			
PSR J0726-2612		111.53383	-26.21058	2900	e	3.442	69.4	XRS:1RXS_J072559.8-261229		
PSR J1604-3142		241.15228	-31.70178	2902	e	0.8839	58.3			
PSR J1824+1014		276.06222	10.24551	2904	e	0.004066	59.88	GRS:4FGL_J1824.1+1013	HE	DD
PSR J1835-1020		278.99002	-10.33446	2906	e	0.3025	115.7			
PSR J1132-5627		173.06558	-56.45803	2911	e	0.1752	305.7			
PSR J0905-4536		136.34929	-45.6148	2913	e	0.9883	196.4			
PSR J1753-1914		268.39655	-19.24944	2915	e	0.06295	105.3			
PSR J0804-3647		121.0925	-36.79319	2916	e	2.192	186.8			
PSR J1933+2225_P		293.49125	22.41667	2916	e	0.307	70.4			
PSR J1925+1335_P		291.43375	13.58333	2917	e	0.3986	94.2			
PSR J1904+0836_P		286.14583	8.6	2926	e	0.00444	90.5			
PSR J1847+0342_P		281.8775	3.7	2933	e	0.00429	81.1			
PSR J1924+2037_P		291.14167	20.61667	2935	e	0.6848	82.3			
PSR J1107-6143		166.80125	-61.73306	2937	e	1.799	406			
PSR J1812-2748		273.16908	-27.80083	2940	e	0.237	104			
PSR J1547-5056		236.76996	-50.93861	2947	e	0.4528	107			
PSR J1806+1023		271.71714	10.38842	2951	e	0.4843	52.03			
PSR J2202+5040		330.6035	50.67025	2963	e	0.7454	76.1			
PSR J1811+0702		272.83508	7.04158	2965	e	0.4617	57.8			
PSR J1918-1052		289.70103	-10.87955	2966	e	0.7987	62.7			
PSR J1936+217		294.25	21.71667	2968	e	0.03158	75			
PSR J1940+2102_P		295.05667	21.03333	2968	e	0.03005	76.2			
PSR J1953+3014		298.46852	30.24184	2968	e	1.271	43.58			
PSR J2105+19		316.25	19.4	2969	e	3.53	34.5		RRAT	
PSR J1851+00		282.75833	0.16667	2976	e	0.02285	107.6			
PSR J1535-5848		233.81978	-58.80784	2977	e	0.3072	107.4			
PSR J1443-5122		220.86219	-51.3741	2979	e	0.7321	87.17			
PSR J1544+4937		236.01871	49.63205	2981	e	0.002159	23.22	GRS:4FGL_J1544.0+4939	HE	ELL1
PSR J1823+0048_P		275.94208	0.8	2981	e	0.918	71.7			
PSR J2151+19		327.8125	19.18333	2982	e	1.036	31			
PSR J1454-5846		223.54545	-58.77632	2988	e	0.04525	116.1			BT
PSR J1855+0235		283.96823	2.58211	2989	e	0.983	103.7			
PSR J1433+00		218.375	0.46667	2993	e		23.5		RRAT	
PSR J1950+05		297.74167	5.58333	3000	e	0.4559	71			
PSR J2229+6114		337.272	61.23592	3000	m	0.05165	205.1	GRS:4FGL_J2229.0+6114,SNR:G106.6	HE	
PSR J1020-6158		155.05104	-61.98103	3003	e	0.2829	363			
PSR J0901-4624		135.41715	-46.41343	3008	e	0.4421	199			
PSR J1529-26		232.25	-26	3008	e	0.799	44.6			
PSR J1049-5833		162.45974	-58.56254	3011	e	2.202	448.8			
PSR J1928+1443		292.02829	14.71981	3012	e	1.011	101			
PSR J2203+50		330.75	50	3028	e	0.745	77			
PSR J2208+5500		332.09883	55.00234	3030	e	0.9332	105.2			
PSR J1752+2359		268.14758	23.99672	3031	e	0.4091	36.2			
PSR J1549+2113		237.42059	21.22414	3035	e	1.262	24.05			
PSR J1237-6725		189.35792	-67.42608	3036	e	2.111	176.5			
PSR J1516-43		229.13458	-43.33333	3037	e	0.03602	70.3			ELL1
PSR J0540-69_P		85	-69.31667	3038	e	0.909	52.7			
PSR J1913+0904		288.33775	9.07928	3040	e	0.1633	96.84	GRS:4FGL_J1913.3+0905	HE	
PSR J1924+1342		291.06916	13.71391	3040	e	0.005721	98.35			ELL1
PSR J2007+0809		301.80625	8.15917	3040	e	0.3257	53.39			
PSR J1618-4624		244.7199	-46.40971	3045	e	0.005931	125.4	GRS:4FGL_J1618.7-4633	HE	ELL1
PSR J1924+1343_P		291.08333	13.71667	3045	e	0.00572	98.5			
PSR J1043-6116		160.98025	-61.28077	3054	e	0.2886	448.8			
PSR J1552-4937		238.0553	-49.63048	3055	e	0.006284	113.8			
PSR J1741-2733		265.25558	-27.56417	3055	e	0.893	147.4			
PSR J1537-5312		234.40706	-53.20696	3056	e	0.006927	117.7			ELL1
PSR J0137+1654		24.3495	16.91169	3058	e	0.4148	26.08			
PSR J2352+65		358	65	3058	e	1.164	152.7			
PSR J0737-2202		114.43365	-22.03487	3060	e	0.3204	95.57			
PSR J1056-5709		164.18246	-57.15958	3062	e	0.6761	436.5			
PSR J0106+4855		16.60442	48.93106	3063	e	0.08316	70.9	GRS:4FGL_J0106.4+4855	HE	
PSR J1833-0046_P		278.47083	-0.76667	3066	e	0.00295	81.4			
PSR J1739-3023		264.91579	-30.38692	3074	e	0.1144	170.5	GRS:4FGL_J1739.4-3015	HE	
PSR J1735-33		263.775	-33.61667	3076	e	1.274	171			
PSR J1859+0313_P		284.9	3.21667	3076	e	0.00161	107.7			
PSR J2051+50		312.95417	50.66806	3076	e	0.00168	23.9	GRS:4FGL_J2051.7+5051	HE	
PSR J1554-5209		238.61312	-52.16064	3079	e	0.1252	130.8		RRAT	
PSR J1604-0057		241.1146	-0.96563	3085	e	1.676	32.3			
PSR J1618-4723		244.5282	-47.38868	3088	e	0.4071	134.6			
PSR J2351+6500		357.92883	65.0135	3090	e	1.165	154.3			
PSR J1906+0509		286.7354	5.15989	3091	e	0.3976	99.5			
PSR J1759-5505		269.89233	-55.09192	3096	e	0.3734	63			
PSR J0301+35		45.25	35	3100	e	0.568	57.43			
PSR J1357-6429		209.26012	-64.49172	3100	e	0.1663	127.4	GRS:4FGL_J1356.9-6432,XRS:PWN	HE	
PSR J1529-5609		232.49338	-56.16397	3100	e	0.03603	127.8			?
PSR J1947-1120		296.90833	-11.34083	3104	e	0.00224	50.85	GRS:4FGL_J1947.6-1121	HE	BT
PSR J2115+5448		318.79903	54.81254	3106	e	0.002603	77.41	GRS:4FGL_J2115.1+5449	HE	ELL1
PSR J2208+4610		332.09733	46.16804	3107	e	0.6425	63.41			BT
PSR J1759-3107		269.84189	-31.12269	3109	e	1.079	128.9			
PSR J1603-5312		240.962	-53.21611	3113	e	0.8392	142			
PSR J1712-2715		258.04879	-27.26472	3118	e	0.2554	91.78			
PSR J2217+5733		334.47929	57.55111	3129	e	1.057	130.7			
PSR J1525-5523		231.40027	-55.39089	3132	e	0.3552	124.7			
PSR J1817-0012_P		274.46917	-0.2	3132	e	0.6544	72.7			
PSR J1726-00		261.59583	-0.37694	3137	e	1.309	59			
PSR J1525-5545		231.3672	-55.76386	3139	e	0.01136	127			ELL1
PSR J1809+1705		272.28118	17.09571	3140	e	2.067	47.19			
PSR J1725-3853		261.36363	-38.8845	3142	e	0.004792	158.2			
PSR J1933+1923_P		293.49167	19.38333	3142	e	0.3717	97.7			
PSR J1013-5934		153.38265	-59.57406	3143	e	0.4429	379.5			
PSR J1052-5954		163.15879	-59.91225	3143	e	0.1806	491.9			
PSR J1837-0045		279.38397	-0.75294	3145	e	0.617	86.73			
PSR J1848-1243		282.07511	-12.725	3149	e	0.4144	91.96		RRAT	
PSR J0218+4232		34.52649	42.53816	3150	m	0.002323	61.25	GRS:4FGL_J0218.1+4232	HE	ELL1
PSR J1845+0104_P		281.46	1.06667	3150	e	0.00671	94.9			
PSR J1136-64		174.1	-64.66667	3151	e	1.024	309			
PSR J1816-0755		274.10226	-7.92292	3152	e	0.2176	117.9		HE	
PSR J2215+1538		333.91533	15.64282	3153	e	0.3742	29.24			
PSR J1813-2621		273.41913	-26.36585	3158	e	0.00443	122.5			ELL1
PSR J1821-0256		275.29296	-2.94406	3160	e	0.4141	84			
PSR J1835-1106		278.82671	-11.10447	3160	e	0.1659	132.7			
PSR J1016-5857		154.08817	-58.95336	3161	e	0.1074	393.6	GRS:4FGL_J1016.3-5857,SNR:G284.3	HE	
PSR J1956+07		299.14583	7.26667	3163	e	5.012	61.3			
PSR J1921+1629_P		290.44583	16.48333	3164	e	1.86	105		RRAT	
PSR J1907+0009_P		286.83958	0.15	3165	e	0.00237	83			
PSR J2302+6028		345.54667	60.46673	3166	e	1.206	156.7			
PSR J1756-25		269.05	-25.46667	3170	e	0.4879	190			
PSR J1002-5919		150.58542	-59.327	3171	e	0.7135	347			
PSR J0526+3158_P		81.51625	31.96667	3176	e	0.023	155			
PSR J1824-0132		276.23156	-1.54	3176	e	0.2237	79			
PSR J1934+1926		293.59021	19.44314	3176	e	0.231	99.1			
PSR J1840+03_P		280.04754	3.38278	3178	e	0.00583	80.79			
PSR J1538-5438		234.70396	-54.63806	3179	e	0.2767	136.9			
PSR J1303+3815		195.83062	38.25088	3185	e	0.3963	19			
PSR J1624+5850		246.00402	58.83771	3187	e	0.6518	26.4			
PSR J1849+1001		282.25304	10.01696	3190	e	0.03519	79.56			DD
PSR J1252+53		193	53.7	3191	e	0.2201	20.7		RRAT	
PSR J2204+2700		331.1817	27.01519	3195	e	0.0847	35.07			DDH
PSR J0205+6449		31.40801	64.82815	3200	m	0.06572	140.7	GRS:4FGL_J0205.7+6449,SNR:3C58	HE	
PSR J2129-5721		322.34493	-57.35398	3200	m	0.003726	31.85			T2
PSR J1434-5943		218.74296	-59.72822	3212	e	1.072	126			
PSR J1735-25		263.8125	-25	3213	e	0.1187	125			
PSR J1820-19		275.15	-19.76667	3214	e	0.004491	142			
PSR J1854+40		283.5	40.08333	3216	e	1.748	37			
PSR J1039-6108		159.903	-61.14617	3217	e	0.2716	488.2			
PSR J1750-2536		267.63912	-25.61194	3227	e	0.03475	179.4			BT
PSR J1901+0621		285.27483	6.35528	3227	e	0.832	94			
PSR J1614-2318		243.5102	-23.30681	3229	e	0.0335	52.43			BT
PSR J1859-0224_P		284.91708	-2.4	3229	e	0.00617	89.4			
PSR J2036+6646		309.218	66.77242	3230	e	0.5019	50.76			
PSR J1753-2240		268.41603	-22.67833	3232	e	0.09514	158.6			BT
PSR J1837-1837		279.47618	-18.61988	3232	e	0.6184	101			
PSR J1215-5328		183.75271	-53.47554	3238	e	0.6364	162.6			
PSR J1826-1419		276.67663	-14.32267	3243	e	0.7706	160		RRAT	
PSR J1924+1201_P		291.03458	12.01667	3248	e	0.00318	99.2			
PSR J1924+2110_P		291.04208	21.16667	3250	e	0.00504	93.4			
PSR J0149+29		27.25	29.16667	3256	e	2.654	35			
PSR J1937+1658		294.35379	16.97849	3258	e	0.003958	105.8			ELL1
PSR J1943+0609		295.87138	6.166	3261	e	0.4462	70.66			
PSR J1832+0113_P		278.20417	1.21667	3262	e	0.00634	81.8			
PSR J0723-2050		110.77	-20.83111	3265	e	0.7115	130		RRAT(?)	
PSR J1930+2441		292.68916	24.68377	3265	m	0.005767	69.57			ELL1
PSR J2108+4516		317.09726	45.2736	3268	m	0.5772	83.54			DD
PSR J1809-1917		272.42973	-19.29392	3269	e	0.08276	197.3	XRS:PWN		
PSR J1002-5559		150.74125	-55.99361	3270	e	0.7775	426			
PSR J1745-0059		266.48625	-0.98167	3274	e	0.6795	68.63			
PSR J1020-6026		155.04754	-60.43508	3277	e	0.1405	446			
PSR J1749-5417		267.44608	-54.29186	3279	e	0.3076	69			
PSR J1758+3030		269.60783	30.50667	3279	e	0.9473	35.07			
PSR J1820-0509		275.09466	-5.1606	3291	e	0.3373	102.1			
PSR J1517-313		229.4625	-31.33333	3294	e	0.1407	51			
PSR J1708-52		257	-52	3295	e	0.4496	102.6			
PSR J1933+2037_P		293.25708	20.61667	3296	e	0.7989	100			
PSR J1836-2354A		279.10602	-23.91455	3300	m	0.003354	89.13	GC:M22(NGC6656)		BT
PSR J1836-2354B		279.10146	-23.90797	3300	m	0.003232	93.3	GC:M22(NGC6656)		
PSR J2301+5852		345.28454	58.87901	3300	m	6.979		SNR:CTB109,XRS:1E_2259+586	AXP,NRAD	
PSR J1819-1458		274.89239	-14.96766	3301	e	4.263	196	XRS:CXOU_J181939.1-145804,OPT:2M	RRAT,HE	
PSR J1350-5115		207.56733	-51.25682	3304	e	0.2957	90.39			
PSR J1536-5433		234.02008	-54.55417	3306	e	0.8814	147.5			
PSR J1916+1428_P		289.18917	14.46667	3308	e	1.123	104.6			
PSR J1744-3130		266.02373	-31.5022	3309	e	1.066	193.3			
PSR J1538-5621		234.68037	-56.36542	3313	e	1.908	150			
PSR J0927-5242		141.81192	-52.70517	3314	e	0.328	296			
PSR J2302+48		345.6875	48.23333	3314	e	0.7421	72			
PSR J1708-3506		257.0734	-35.1063	3319	e	0.004505	146.8			DD
PSR J1529-5611		232.39917	-56.19139	3321	e	0.8222	149			
PSR J1558-5756		239.62721	-57.94058	3325	e	1.122	127.8			
PSR J1843-0000		280.86656	-0.01153	3328	e	0.8803	101.4			
PSR J1902+0723		285.55642	7.3975	3328	e	0.4878	105			
PSR J1914+1053_P		288.56583	10.88333	3335	e		108		RRAT	
PSR J1813-0852		273.36248	-8.87542	3338	e	0.004227	135.5			
PSR J1856+0211		284.24758	2.18636	3338	e	9.89	124.5			
PSR J1623-4949		245.97812	-49.81802	3343	e	0.7258	181.7			
PSR J1651-7642		252.78271	-76.71113	3358	e	1.755	59.85			
PSR J1757-16		269.35417	-16.43333	3367	e	0.4513	132.2			
PSR J1624-4411		246.08894	-44.19278	3369	e	0.2332	140.7			
PSR J1509-5850		227.36315	-58.84889	3371	e	0.08893	142.1	GRS:4FGL_J1509.4-5850,XRS:PWN	HE	
PSR J1524-5625		231.20775	-56.42317	3377	e	0.07824	152.1			
PSR J1938+6604		294.73717	66.07547	3379	e	0.02226	41.24			ELL1
PSR J1031-6117		157.75933	-61.29739	3383	e	0.3064	506.8			
PSR J1850+0124		282.50422	1.40961	3385	e	0.00356	118.9			ELL1
PSR J1130+0921		172.72917	9.3525	3386	e	4.797	21		RRAT	
PSR J1627-5936		246.96903	-59.61536	3391	e	0.3542	99.45			
PSR J1706-6118		256.54081	-61.30325	3394	e	0.3619	76.13			
PSR J1847-0308_P		281.75917	-3.13333	3398	e	29.77	149.8			
PSR J1907+0631		286.7659	6.52192	3400	m	0.3236	429.4	SNR:G40.5-0.5		
PSR J1834-1710		278.7225	-17.18056	3406	e	0.3583	123.8			
PSR J1758-2540		269.63308	-25.68028	3410	e	2.107	218.2			
PSR J2128+5051_P		322.05708	50.85	3410	e	0.331	105			
PSR J1603-2531		240.77011	-25.52997	3412	e	0.2831	53.76			
PSR J1924+1510_P		291.00833	15.16667	3414	e	0.4986	115.6			
PSR J1914+2636		288.73228	26.60455	3415	e	0.4591	59.03			
PSR J1538-5732		234.57546	-57.54173	3417	e	0.3412	151.4			
PSR J1830-10		277.525	-10.65	3420	e	0.2453	203			
PSR J1244-5053		191.04783	-50.88906	3422	e	0.2752	110			
PSR J2030+55		307.5	55	3423	e	0.579	59.43			
PSR J1705-3950		256.37433	-39.84972	3424	e	0.319	207.2			
PSR J1548-4821		237.09684	-48.36401	3433	e	0.1457	125.7			
PSR J1734-2415		263.67333	-24.25556	3435	e	0.6125	126.3			
PSR J1852+0857_P		283.15417	8.95	3436	e	3.772	85.9			
PSR J1705-4331		256.3996	-43.52049	3441	e	0.2226	185.2			
PSR J1607-6449		241.95296	-64.82863	3444	e	0.2981	89.39			
PSR J1755-2521		268.99879	-25.3575	3444	e	1.176	252			
PSR J2355+1523		358.95258	15.38861	3444	e	1.094	26		RRAT	
PSR J2029+5459		307.32042	54.99265	3450	e	0.5789	59.75			
PSR J1835-0114		278.84132	-1.24267	3456	e	0.005116	98.25			BT
PSR J1938+2213		294.55908	22.22019	3459	e	0.1661	93			
PSR J1730-3353		262.73158	-33.89389	3460	e	3.27	256			
PSR J1738-2955		264.71717	-29.93262	3460	e	0.4434	223.4			
PSR J1547-5750		236.8775	-57.8415	3464	e	0.6472	148			
PSR J1818-1556		274.71646	-15.93444	3464	e	0.9527	230			
PSR J1539-4828		234.92017	-48.4825	3465	e	1.273	117			
PSR J1554-5906		238.68429	-59.11158	3467	e	0.008702	130.1			?
PSR J1835-0149_P		278.8325	-1.81667	3472	e	1.278	102.3			
PSR J1658-2823		254.5125	-28.38444	3473	e	3.36	85.5		RRAT	
PSR J1843-1448		280.75573	-14.8035	3473	e	0.005471	114.5			
PSR J1917+08340		289.26667	8.56667	3473	e	2.933	101		RRAT	
PSR J0057-7201		14.43333	-72.02194	3475	e	0.7381	27			
PSR J1907-1532		286.77825	-15.53747	3475	e	0.6322	72.6			
PSR J1942+8106		295.72783	81.10481	3476	e	0.2036	40.24			
PSR J1616-5017		244.12454	-50.28747	3480	e	0.4914	194			
PSR J1142-6230		175.71875	-62.50108	3483	e	0.5584	343.8			
PSR J1751-2737		267.80271	-27.62217	3483	e	0.00223	260			
PSR J1123-6102		170.9236	-61.03509	3484	e	0.6402	439.1			
PSR J1718-3825		259.55652	-38.42168	3488	e	0.07468	247.5	GRS:4FGL_J1718.2-3825,GRS:HESS_J	HE	
PSR J1656+00		254.17083	0.29639	3491	e	1.498	44.9			
PSR J1723-3659		260.78156	-36.98758	3497	e	0.2027	254.6			
PSR J2248-0101		342.11202	-1.03002	3500	m	0.4772	29.03			
PSR J2346-0609		356.71041	-6.16664	3500	m	1.181	22.61			
PSR J1849-0614		282.43815	-6.24208	3506	e	0.9534	118.1			
PSR J2222+5602		335.5	56	3506	e	1.336	163.3			
PSR J1653-45		253.475	-45.28333	3507	e	0.951	207			
PSR J1750-0112_P		267.52917	-1.2	3507	e	0.008896	72.97			
PSR J1946+2052		296.55889	20.87356	3509	e	0.01696	93.93			DD
PSR J1548-4927		237.08108	-49.46123	3510	e	0.6027	140.8			
PSR J1937-00		294.2875	-0.28333	3510	e	0.2401	68.02			
PSR J1757-6032		269.43936	-60.53675	3512	e	0.002912	62.92	GRS:4FGL_J1757.7-6032	HE	ELL1
PSR J1810-2005		272.7458	-20.08563	3513	e	0.03282	240.7			ELL1
PSR J1838+1523		279.69492	15.39039	3514	e	0.5492	68.26			
PSR J1840+0012_P		280.20503	0.20834	3514	e	0.005339	100.8			ELL1
PSR J1740+2715		265.13571	27.25596	3521	e	1.058	35.52			
PSR J1915+0752		288.75808	7.86922	3521	e	2.058	105.3			
PSR J1034-5817		158.61942	-58.29931	3523	e	0.7915	579			
PSR J1549-5337		237.25	-53.62333	3526	e	0.003317	184			
PSR J1824-0621		276.06591	-6.36578	3534	e	0.003233	131			ELL1
PSR J2205+6012		331.39251	60.21532	3535	e	0.002416	157.6	GRS:4FGL_J2205.8-8254c	HE	ELL1
PSR J1956+0838		299.21772	8.63802	3537	e	0.3039	67.09			
PSR J1830-0131		277.58169	-1.53003	3542	e	0.4575	97.77			
PSR J1810-0100_P		272.62375	-1	3547	e	1.106	78.1			
PSR J1504-5621		226.20475	-56.35889	3548	e	0.413	148.6			
PSR J1848+1516		282.23388	15.27892	3550	e	2.234	77.44			
PSR J1431-5740		217.76456	-57.66991	3552	e	0.004111	131.4			BT
PSR J1829-0235_P		277.39583	-2.58333	3553	e	0.00743	103.3			
PSR J0943+2253		145.88499	22.88491	3554	e	0.533	27.25			
PSR J1850-0004_P		282.52083	-0.06667	3571	e		154		RRAT	
PSR J0820-3921		125.20462	-39.36547	3576	e	1.074	179.4			
PSR J1601-5335		240.47837	-53.59558	3576	e	0.2885	195.2			
PSR J1034-5934		158.65231	-59.57274	3578	e	0.03447	603.8			?
PSR J2038-3816		309.72616	-38.27067	3587	e	1.577	33.96			
PSR J2216+5759		334.02175	57.99825	3588	e	0.4191	176			
PSR J1834+0248_P		278.56083	2.8	3591	e	0.3756	86.5			
PSR J1817-19		274.275	-19.58333	3592	e	1.229	191			
PSR J1936+18		294.0125	18.08333	3596	e	0.05835	125.9			
PSR J1055-6022		163.95208	-60.38111	3597	e	0.9476	590			
PSR J0146+6145		26.59342	61.75078	3600	m	8.689		XRS:4U_0142+61	AXP,NRAD	
PSR J1809-1943		272.46286	-19.73109	3600	m	5.541	178	XRS:XTE_J1810-197	AXP,HE	
PSR J1737-3102		264.39054	-31.03347	3602	e	0.7687	280			
PSR J1842-0415		280.54704	-4.26061	3605	e	0.5267	183.8			
PSR J0836-4233		129.02437	-42.55692	3609	e	0.7384	180			
PSR J1835-0946		278.93692	-9.77722	3633	e	0.3795	193.3			
PSR J1921+1652_P		290.39167	16.86667	3634	e	0.00368	124.1			
PSR J1822-4209		275.54722	-42.15305	3637	e	0.4565	72.51			
PSR J1836-1324		279.21786	-13.40933	3638	e	0.1788	157.3			
PSR J2000+04		300.0625	4.11667	3642	e	0.777	60			
PSR J1917+1259_P		289.3389	12.99995	3643	e	0.005637	117			ELL1
PSR J1828-1057		277.1385	-10.95747	3648	e	0.2463	249			
PSR J1827-0125_P		276.89625	-1.41667	3658	e	0.338	98			
PSR J2055+1545		314.01042	15.7875	3663	e	0.00216	40.2	GRS:4FGL_J2055.8+1545	HE	
PSR J2214+5357		333.72473	53.95943	3665	e	0.7512	160.7			
PSR J1742-0203		265.60224	-2.06199	3669	e	0.1316	81.89			
PSR J1828-0003		277.18333	-0.05	3669	e	3.807	193		RRAT	
PSR J0633-2015		98.28692	-20.25197	3676	e	3.253	90.7			
PSR J1831-0952		277.89293	-9.86714	3683	e	0.06727	247	GRS:4FGL_J1830.8-0947	HE	
PSR J1910+0714		287.57743	7.23672	3688	e	2.712	124.5			
PSR J2238+6021		339.5	60.35	3697	e	3.07	185.3			
PSR J0614+83		93.5	83.23333	3699	e	1.039	44.2			
PSR J1603-7202		240.89865	-72.04243	3700	m	0.01484	38.05			T2
PSR J1915+1045_P		288.88333	10.75	3704	e	1.546	123		RRAT	
PSR J1823-3543		275.92916	-35.72802	3711	e	0.002373	81.69	GRS:4FGL_J1823.8-3544	NRAD	ELL1
PSR J1840-09		280.15	-9.61667	3711	e	0.003089	169			
PSR J1904+0553B_		286.07333	5.88333	3711	e	0.5745	140.9			
PSR J1741-2945		265.31029	-29.75972	3714	e	0.2236	310.3			
PSR J1938+14		294.52917	14.28	3721	e	2.902	113.4			
PSR J0931-1902		142.82965	-19.04863	3722	m	0.004638	41.49	GRS:4FGL_J0931.2-1906	HE	
PSR J1928+1725		292.21667	17.42472	3725	e	0.2898	136			
PSR J1757-2223		269.46155	-22.39694	3727	e	0.1853	239.3			
PSR J1354+2454		208.51667	24.90167	3732	e	0.8508	20.6		RRAT	
PSR J1715-3903		258.80867	-39.04919	3737	e	0.2785	314			
PSR J1457-5900		224.4125	-59.01417	3738	e	1.499	175			
PSR J1854+1046B_		283.65	10.76667	3741	e	0.511	90.8			
PSR J1427-4158		216.96154	-41.98231	3744	e	0.5865	65.4			
PSR J1609-4616		242.42128	-46.27298	3744	e	0.2496	150			
PSR J1734-3058		263.71183	-30.97817	3744	e	0.5413	260			
PSR J1846-4249		281.5	-42.81667	3744	e	2.273	62			
PSR J0349+2340		57.48908	23.68139	3746	e	2.421	62.96			
PSR J1627-51		246.875	-51.13333	3749	e	0.4397	201			
PSR J2001+4258		300.29413	42.9684	3754	e	0.7192	54.93			
PSR J1738-3316		264.64354	-33.26711	3755	e	0.7304	273			
PSR J1811-2439		272.98138	-24.66472	3756	e	0.4158	167.2			
PSR J1956-2752		299.11667	-27.88222	3756	e	0.26	45.69		RRAT	
PSR J1513-5946		228.43658	-59.77553	3757	e	1.046	171.7		RRAT	
PSR J1547-0944		236.94191	-9.7355	3757	e	1.577	37.42			
PSR J1830-1135		277.50717	-11.59222	3757	e	6.222	257			
PSR J1931+30		292.86667	30.53444	3757	e	0.5821	53.75			
PSR J2129+4430_P		322.45417	44.5	3759	e	0.6493	87.1			
PSR J2137+6428		324.33445	64.47827	3762	e	1.751	106			
PSR J1317-5759		199.44287	-57.99181	3765	e	2.642	145.3		RRAT	
PSR J1518-5415		229.55625	-54.2625	3768	e	0.2149	167.2			
PSR J1610-17		242.54583	-17.83333	3768	e		53		RRAT	
PSR J1901-0312		285.3154	-3.20839	3773	e	0.3557	107.2			
PSR J0343+06		55.75	6	3774	e	1.008	46			
PSR J1723-380		260.80833	-38.05	3775	e	0.1509	266			
PSR J1750+07		267.66667	7.55	3778	e	1.909	55.4			
PSR J1858+0724_P		284.61542	7.4	3779	e	0.0077	105			
PSR J2001+0701		300.46233	7.02768	3782	e	0.00682	63.31			ELL1
PSR J1720-36		260.225	-36.88333	3783	e	0.09213	341			
PSR J1838+0028_P		279.62917	0.46667	3783	e	0.00187	107.2			
PSR J1905-0128_P		286.38833	-1.46667	3792	e	1.071	100.3			
PSR J1841-0345		280.41115	-3.81206	3793	e	0.2041	196.6			
PSR J1739-3159		264.95283	-31.99694	3794	e	0.8776	337			
PSR J1708-4008		257.19529	-40.1479	3800	m	11.01		XRS:RXSJ170849.0-400910	AXP,NRAD	
PSR J2007+20		301.75	20.35	3806	e	4.634	67		RRAT	
PSR J2053+4650		313.46928	46.8477	3809	e	0.01259	98.08			DDH
PSR J2210+5712		332.75	57.48333	3809	e	2.057	189.4			
PSR J2213+53		333.25	53	3809	e	0.751	161			
PSR J2038+35		309.5	35	3814	e	0.16	57.91			
PSR J1626-6621		246.52855	-66.35424	3815	e	0.4509	84.11			
PSR J1918+1536_P		289.59583	15.6	3820	e	0.11	123.7			
PSR J1910-0556		287.56885	-5.94164	3822	e	0.5576	88.3			
PSR J1901+0658		285.34521	6.97337	3823	e	0.07574	125.9			BT
PSR J1532-5308		233.14792	-53.135	3825	e	0.4438	181			
PSR J1822-0848		275.71608	-8.81639	3826	e	0.8348	186.3			BT
PSR J1055-6028		163.91329	-60.47708	3830	e	0.09966	636.5	GRS:4FGL_J1055.7-6028	HE	
PSR J1705-3423		256.42651	-34.39531	3831	e	0.2554	146.2			
PSR J2108-3429		317.12699	-34.49339	3831	e	1.423	30.22			
PSR J1137+7528		174.25857	75.46731	3833	e	0.002513	29.17	GRS:4FGL_J1137.6+7527	HE	ELL1
PSR J2118+5143		319.62608	51.72094	3834	e	0.3702	146.3			
PSR J1848+0826		282.18237	8.44331	3840	e	0.3287	90.68			
PSR J1748-2444		267.20213	-24.7436	3841	e	0.4428	207.3			
PSR J1853+0056		283.38608	0.94972	3841	e	0.2756	180.9			
PSR J2038+3447		309.58894	34.79837	3841	e	0.1602	57.93			DD
PSR J1444-5941		221.19375	-59.68861	3844	e	2.76	177.1			
PSR J1828+1221		277.09234	12.35581	3849	e	1.528	69.1			
PSR J1921+0851_P		290.29583	8.85	3852	e	0.957	101		RRAT	
PSR J1826-0132_P		276.52125	-1.53333	3854	e	0.3633	103.8			
PSR J1825-0319		276.48314	-3.33266	3861	e	0.004554	119.6			BT
PSR J1908+0911_P		287.0375	9.18333	3864	e	5.166	132		RRAT	
PSR J1741-3016		265.27933	-30.27528	3870	e	1.894	382			
PSR J1817-1932		274.3025	-19.54667	3873	e	1.229	214.5			
PSR J1720-2446		260.09358	-24.77417	3877	e	0.8743	104.3			
PSR J1932+2126_P		293.2125	21.43333	3879	e		126		RRAT	
PSR J1441-6137		220.43458	-61.62333	3882	e	1.176	166			
PSR J1454-5416		223.624	-54.28056	3884	e	0.3965	141.7			
PSR J1841-0238_P		280.3125	-2.63333	3884	e	0.884	165.9			
PSR J1713-3949		258.36667	-39.81667	3885	e	0.3925	342			
PSR J1805+0615		271.42667	6.25517	3885	e	0.002129	64.88	GRS:4FGL_J1805.6+0615	HE	ELL1
PSR J2253+1516		343.31055	15.27717	3885	e	0.7922	29.2			
PSR J1831-0823		277.90137	-8.38982	3888	e	0.6121	246.3			
PSR J1945+1211		296.29817	12.19617	3894	e	4.757	92.7			
PSR J1430-5712		217.56737	-57.20872	3902	e	0.4915	149			
PSR J1940-24		295	-24	3905	e	0.0982	53.4			
PSR J1514-5925		228.74625	-59.42875	3906	e	0.1488	192.5			
PSR J2017+5906		304.43566	59.11305	3906	e	0.4035	60.28			
PSR J1843-40		280.7625	-40.56417	3908	e	0.3242	66			
PSR J1631+1252		247.93009	12.86818	3909	e	0.3102	32.59			
PSR J1720-3659		260.00823	-36.98514	3909	e	0.3511	379			
PSR J1921+1808_P		290.3975	18.13333	3909	e	0.00566	137.9			
PSR J1615-4958		243.82242	-49.96722	3911	e	0.5583	240.7			
PSR J1645+1012		251.3934	10.20446	3915	e	0.4109	36.17			
PSR J1845-0008_P		281.28333	-0.13333	3915	e	1.268	143		RRAT	
PSR J0659-36		104.75	-36	3916	e	0.637	83.4			
PSR J2052+1219		313.19908	12.33306	3916	e	0.001985	41.96	GRS:4FGL_J2052.7+1218	HE	ELL1
PSR J1715-4034		258.9205	-40.57167	3917	e	2.072	254			
PSR J1650-4502		252.63458	-45.04369	3918	e	0.3809	320.2			
PSR J1718-3718		259.54096	-37.31431	3918	e	3.379	371.1	XRS:Chandra	HE	
PSR J1827+00_P		276.77229	0.41722	3919	e	0.3752	95.8			
PSR J1706+59		256.75	59.16667	3931	e	1.477	30.8			
PSR J1917+2441_P		289.38679	24.68833	3934	e	0.0044	82.07			
PSR J1853+0009		283.4125	0.13333	3937	e	0.0334	192.4			
PSR J1621-5039		245.2696	-50.66371	3938	e	1.084	264.6			
PSR J1847-05		281.925	-5.68333	3938	e	2.618	170			
PSR J1903+0949_P		285.92375	9.81667	3941	e	0.3254	107.9			
PSR J1839-0459		279.92758	-4.99967	3945	e	0.5853	237			
PSR J1535-5450		233.99275	-54.84056	3946	e	0.5667	219.8			
PSR J1755-26		268.81788	-26	3946	e	0.4309	405			
PSR J1842-0800		280.72893	-8.01486	3946	e	1.255	188.6			
PSR J1743+05		265.81667	5.48333	3951	e	1.474	56.1			
PSR J1502-5653		225.73925	-56.89422	3955	e	0.5355	193.4			
PSR J1842+0131_P		280.72083	1.51667	3956	e	1.59	115.4			
PSR J1551-6214		237.90324	-62.23983	3958	e	0.1988	123.6			
PSR J1727-2739		261.87908	-27.64806	3959	e	1.293	146			
PSR J1738-33		264.725	-33.86667	3960	e	0.3577	257			
PSR J1820+0058_P		275.07792	0.96667	3966	e	0.03362	86.1			
PSR J1847-0427		281.82858	-4.46639	3966	e	0.2592	188.3			
PSR J1702-4128		255.71883	-41.48006	3967	e	0.1821	365.8	GRS:4FGL_J1702.9-4131	HE	
PSR J1825-31		276.49167	-31.03889	3967	e	2.382	93.3			
PSR J1917+1411_P		289.35833	14.18333	3968	e	0.4465	123.4			
PSR J2015+27		303.8125	27.8	3968	e	0.3081	55			
PSR J1849+0001		282.34399	0.03806	3970	e	0.5256	188.2			
PSR J1808-0813		272.0393	-8.21717	3972	e	0.876	150.9			
PSR J1832+27		278.04167	27.96667	3972	e	0.6318	48			
PSR J2047+5029		311.97767	50.49394	3972	e	0.4459	107.7			
PSR J1117-6154		169.34891	-61.90642	3973	e	0.5051	493.4			
PSR J1849+2423		282.39448	24.3961	3976	e	0.2756	62.27			
PSR J1843-0408		280.931	-4.13444	3983	e	0.7819	246			
PSR J1711-4322		257.794	-43.38142	3986	e	0.1026	191.5			ELL1
PSR J1436-6405		219.15513	-64.10792	3987	e	0.009333	148.2			
PSR J1856+0243_P		284.00417	2.71667	3991	e	0.5466	178.3			
PSR J1612-5022		243.11678	-50.38258	3994	e	1.368	248.7			
PSR J2129+4106_P		322.28875	41.1	3995	e	3.261	73.5			
PSR J2237+2828		339.37254	28.47778	3997	e	1.077	38.1		RRAT	
PSR J1846+0051		281.68269	0.86125	3998	e	0.4344	140.6			
PSR J2043+7045		310.75	70.75	3999	e	0.588	57.64			
PSR J1550-5418		237.72552	-54.3067	4000	m	2.07	697	XRS:1E_1547.0-5408,SNR:G327.24-0.1	AXP,HE	
PSR J1953+1846A		298.4434	18.78466	4000	m	0.004888	117.3	GC:M71(NGC6838),GC:M71		BT
PSR J1953+1846B		298.45978	18.80211	4000	m	0.0799	119.2	GC:M71(NGC6838),GC:M71		ELL1
PSR J1953+1846C		298.46517	18.80153	4000	m	0.02893	117.5	GC:M71(NGC6838),GC:M71		ELL1
PSR J1953+1846D		298.44512	18.7964	4000	m	0.1007	118.4	GC:M71(NGC6838),GC:M71		DD
PSR J1846-0257		281.56454	-2.96	4003	e	4.477	237		RRAT	
PSR J1653-4315		253.37375	-43.25028	4004	e	0.4193	337			
PSR J1743-35		265.775	-35.53333	4011	e	0.57	174			
PSR J1857-0230_P		284.33542	-2.5	4013	e	0.03515	134.5			
PSR J1828-1007		277.12648	-10.11947	4014	e	0.1532	302.6			
PSR J1904+0553_P		286.0701	5.89823	4014	m	0.004907	164.3			ELL1
PSR J1853+0023		283.28228	0.35867	4015	e	0.5769	205.6			
PSR J2022+2534		305.63857	25.57847	4015	e	0.002646	53.66			ELL1
PSR J1835+0005_P		278.91583	0.08333	4016	e	0.02654	116.3			
PSR J1505-2524		226.25	-25	4019	e	0.999	44.7			
PSR J1837+0250_P		279.45792	2.83333	4020	e	0.09466	101			
PSR J1912+0934_P		288.17083	9.56667	4025	e	0.8975	143.8			
PSR J1546-5925		236.62227	-59.42913	4026	e	0.007797	168.5			
PSR J2008+2513		302.14784	25.2251	4030	e	0.5892	60.56			
PSR J1856-0526		284.09157	-5.44928	4037	e	0.3705	132.2			
PSR J1943+2210_P		295.97375	22.16667	4038	e	0.01287	110.7			
PSR J1943+2210		295.81871	22.1731	4040	e	0.005084	174.1			ELL1
PSR J1732-35		263.125	-35.08333	4042	e	0.1267	340			
PSR J1839-0332		279.98576	-3.54961	4042	e	2.676	195.1			
PSR J1622-6617		245.51528	-66.28805	4045	e	0.02362	88			ELL1
PSR J1857-1027		284.36021	-10.45028	4046	e	3.687	108.9			
PSR J1715-3247		258.84775	-32.79167	4047	e	1.26	164			
PSR J1819+1305		274.98428	13.08757	4047	e	1.06	64.81			
PSR J1850+0026		282.68811	0.44039	4047	e	1.082	201			
PSR J1911+00		287.95	0.61667	4047	e	6.94	100		RRAT	
PSR J1841-05		280.25	-5.31667	4049	e	1.089	274			
PSR J1902-0340		285.71125	-3.67167	4049	e	1.525	114			
PSR J1754+0032		268.71667	0.60917	4052	e	0.004411	70.28			
PSR J1804-2228		271.11746	-22.47167	4054	e	0.5705	424			
PSR J1846+0507_P		281.71042	5.11667	4058	e	0.00307	101.6			
PSR J1542-5133		235.58304	-51.55972	4061	e	1.784	186			
PSR J1838-0549		279.6586	-5.82003	4061	e	0.2353	276.6			
PSR J1913+0458_P		288.40792	4.96667	4061	e	0.4448	103.8			
PSR J1907+0555_P		286.8625	5.91667	4063	e	3.159	150		RRAT	
PSR J1827-0934		276.94118	-9.57122	4068	e	0.5125	259.2			
PSR J1843-0510		280.79055	-5.16792	4068	e	0.6716	257			
PSR J1750-28		267.51667	-28.75	4069	e	1.301	388			
PSR J1903-0258		285.87643	-2.971	4069	e	0.3015	114.1			
PSR J2051+1248		312.87358	12.80597	4069	e	0.5532	43.45			
PSR J1654-23		253.5125	-23.58333	4070	e	0.5454	75		RRAT	
PSR J1802-0523		270.55058	-5.39139	4070	e	1.681	121			
PSR J1834-0731		278.56654	-7.51831	4071	e	0.513	288.3			
PSR J1838+0022_P		279.6	0.36667	4071	e	0.00509	122.6			
PSR J1839-1238		279.93207	-12.64457	4071	e	1.911	173.8			
PSR J1854+0012_P		283.575	0.2	4072	e	0.00271	204.1			
PSR J1933+1726		293.34576	17.44711	4072	e	0.02151	156.9			ELL1
PSR J1902-1036		285.67666	-10.60361	4073	e	0.7868	96.3			
PSR J1703-4851		255.97727	-48.86696	4076	e	1.396	149.7			
PSR J1919+1745		289.93059	17.75105	4077	e	2.081	142.3		RRAT	
PSR J1921-05		290.26667	-5.38333	4077	e	2.228	80.7			
PSR J2252+2455		343.07931	24.93114	4077	e	1.798	34.88			
PSR J1842+0407_P		280.54958	4.11667	4078	e	0.00394	101.7			
PSR J1838+0024		279.59744	0.40574	4080	e	0.005087	122.6			ELL1
PSR J1836+0014_P		279.22708	0.23333	4084	e	0.5305	121.1			
PSR J0820-3826		125.24964	-38.44531	4086	e	0.1248	195.5			
PSR J1601-5244		240.36375	-52.73583	4088	e	2.559	273			
PSR J1912+1000_P		288.19167	10	4090	e	3.053	147		RRAT	
PSR J1906+0454		286.69642	4.90251	4092	e	0.002083	142.8			ELL1
PSR J1830-09		277.65	-9.13333	4094	e	0.6955	309			
PSR J1852-0055_P		283.09583	-0.91667	4095	e	0.164	211.7			
PSR J2206+6151		331.5755	61.86614	4099	e	0.3227	168.8			
PSR J1833-1034		278.38988	-10.56875	4100	m	0.06188	169.5	GRS:4FGL_J1833.5-1033,SNR:G21.5-	HE	
PSR J0838-2621		129.5783	-26.3582	4101	e	0.3086	116.9			
PSR J1816-0021_P		274.14167	-0.35	4110	e	0.04165	89.3			
PSR J1859+1526		284.93495	15.43639	4115	e	0.934	97.45			
PSR J1834+10		278.6125	10.73333	4116	e	1.173	78.48			
PSR J2319+4919_P		349.81184	49.31909	4117	e	0.5441	87.2			
PSR J1910-5959A		287.92811	-59.97416	4120	m	0.003266	33.68	GC:NGC6752		ELL1H
PSR J1910-5959B		287.7169	-59.98357	4120	m	0.008358	33.3	GC:NGC6752		
PSR J1910-5959C		287.77315	-60.01658	4120	m	0.005277	33.28	GC:NGC6752		
PSR J1910-5959D		287.7184	-59.98486	4120	m	0.009035	33.3	GC:NGC6752		
PSR J1910-5959E		287.71732	-59.98391	4120	m	0.004572	33.33	GC:NGC6752		
PSR J1910-5959F		287.71694	-59.98592	4120	m	0.008485	33.22	GC:NGC6752		
PSR J1848-0044_P		282.215	-0.73333	4121	e	0.00555	227.7			
PSR J0733-2345		113.3525	-23.76561	4122	e	1.796	190.2			
PSR J1418-3921		214.70951	-39.35514	4122	e	1.097	60.49			
PSR J1745-2758		266.4677	-27.97722	4123	e	0.4875	422			
PSR J1819-1510		274.97371	-15.17239	4123	e	0.2265	418.1			
PSR J1841-0524		280.4555	-5.40819	4125	e	0.4458	284.5		HE	
PSR J1902-0012_P		285.51583	-0.2	4126	e	14.31	126.6			
PSR J1738-2647		264.52096	-26.79611	4127	e	0.3496	182.2			
PSR J1801-2154		270.28617	-21.90199	4132	e	0.3753	386			
PSR J1838-1046		279.61033	-10.7825	4135	e	1.218	209.3			
PSR J2251+24		342.75	24	4139	e	1.798	34.6		RRAT	
PSR J1821+1715		275.30626	17.26307	4140	e	1.367	60.28			
PSR J1725-3848		261.25042	-38.81	4142	e	2.062	230			
PSR J1753-2819		268.4841	-28.32501	4142	e	0.01862	298.4			BT
PSR J1711-3826		257.93521	-38.43722	4146	e	0.4654	376			
PSR J1904+0621_P		286.22917	6.35	4150	e	1.232	173		RRAT	
PSR J1814+1130		273.67809	11.51221	4151	e	0.7513	65			
PSR J1638-5226		249.74996	-52.44933	4155	e	0.3405	168.9			
PSR J1737-3137		264.26788	-31.6225	4162	e	0.4504	488.1			
PSR J1853+0029		283.3241	0.48947	4163	e	1.877	227.4			
PSR J2139+4738_P		324.99167	47.63333	4165	e	0.557	138.9			
PSR J1449-5846		222.35596	-58.77789	4169	e	0.4633	216.6			
PSR J1841-0310		280.35787	-3.1725	4170	e	1.658	216			
PSR J1831-0941		277.85467	-9.69811	4171	e	0.3009	370.1	SNR:G22.0+0.0,PWN:G22.045-0.028		
PSR J1739-31		264.78333	-31.91667	4176	e	0.2771	487			
PSR J1918+1514_P		289.7375	15.23333	4176	e		134		RRAT	
PSR J1954+2407		298.50156	24.12056	4176	e	0.1934	80.5			
PSR J1740-3327		265.10717	-33.46486	4192	e	0.515	274.1			
PSR J1909+0310_P		287.46542	3.16667	4192	e	1.972	111			
PSR J1838-0156_P		279.52833	-1.93333	4193	e	0.00551	163.4			
PSR J1749-2629		267.297	-26.48611	4196	e	1.335	409			
PSR J1942+2029_P		295.61	20.48333	4196	e	0.04456	139.3			
PSR J2017+2043		304.37057	20.72553	4196	e	0.5371	60.49			
PSR J2138+4911		324.5625	49.2	4196	e	0.6962	168.4			
PSR J1812-17		273.16667	-17.41667	4201	e	2.182	418.7			
PSR J1840-0815		280.0574	-8.25247	4201	e	1.096	233.8			
PSR J1925+1532_P		291.25	15.53333	4202	e	1.655	145.9			
PSR J1603-3539		240.9737	-35.66581	4204	e	0.1419	78.42			
PSR J2139+00		324.925	0.6	4210	e	0.3125	31.18			
PSR J1814-0521		273.60888	-5.36028	4211	e	1.014	130.6			
PSR J1758-25		269.725	-25.45	4215	e	0.6055	415			
PSR J1835-0944		278.94439	-9.74089	4215	e	0.1453	276.2			
PSR J2101+5028_P		315.28708	50.46667	4216	e	0.2544	157.4			
PSR J1733-5515		263.25167	-55.26111	4217	e	1.011	83.9			
PSR J1818-1502		274.72629	-15.03458	4218	e	0.5725	435			
PSR J1837+0053		279.36854	0.88694	4219	e	0.4735	124			
PSR J1846-07492		281.53333	-7.82033	4220	e	0.8614	190.8			
PSR J1915+0353_P		288.77417	3.88333	4221	e	0.05164	103			
PSR J1757-1500		269.30313	-15.00792	4222	e	0.1794	150			
PSR J1842+0358		280.57092	3.97647	4224	e	0.2333	109.9			
PSR J1840-0559		280.09658	-5.98783	4225	e	0.8594	319.1			
PSR J1900-0051		285.19434	-0.85241	4229	e	0.3852	136.6			
PSR J1839-0402		279.96275	-4.04025	4230	e	0.5209	236.6			
PSR J1841+0130		280.324	1.50469	4230	e	0.02977	125.9			ELL1
PSR J1629-3636		247.39921	-36.60361	4232	e	2.988	101			
PSR J1810-1820		272.73133	-18.34417	4237	e	0.1537	452			
PSR J1733-3322		263.48004	-33.3675	4238	e	1.246	524			
PSR J1931+4229		292.79528	42.48781	4238	e	3.921	50.99		RRAT	
PSR J1622-4845		245.52271	-48.77472	4244	e	0.7351	292			
PSR J1232-5843		188.02608	-58.72547	4245	e	0.2853	207.5			
PSR J1022-5813		155.61708	-58.225	4246	e	1.644	714			
PSR J1725-2852		261.29125	-28.87278	4251	e	1.258	161			
PSR J1437-6146		219.31379	-61.76722	4253	e	0.4676	200.5			
PSR J1907-1018		286.92537	-10.31181	4255	e	1.766	90.99			
PSR J1937+1927_P		294.31833	19.45	4262	e	0.00404	165.9			
PSR J1918+0523_P		289.65583	5.38333	4263	e	3.657	102			
PSR J2258+5222_P		344.56583	52.36667	4265	e	1.031	127.4			
PSR J0557-2948		89.3875	-29.80467	4268	e	0.04364	49.03			
PSR J1452-5549		223.03108	-55.82136	4273	e	0.07525	184			
PSR J1719-2330		259.90042	-23.50389	4274	e	0.454	101			
PSR J1843-0236_P		280.83417	-2.6	4276	e	0.9461	242			
PSR J1644-46		251.025	-46.43333	4284	e	0.2509	405.8			
PSR J1843-0702		280.8435	-7.0485	4284	e	0.1916	228.6			
PSR J1947+2011_P		296.94881	20.18346	4287	e	0.008178	127.5			DD
PSR J1839+0100_P		279.865	1	4290	e	0.00537	130.1			
PSR J1755-22		268.825	-22.81667	4293	e	0.5707	273			
PSR J1737-32		264.38333	-32.9	4294	e	0.6341	477			
PSR J1946+24		296.5	23.96667	4295	e	4.729	96		RRAT	
PSR J1709-3841		257.31662	-38.68806	4300	e	0.587	356			
PSR J1901+0254		285.31529	2.91139	4300	e	1.3	185			
PSR J1529-3828		232.31294	-38.4794	4301	e	0.008486	73.66			DD
PSR J1808-1517		272.1629	-15.2944	4306	e	0.5445	207			
PSR J1847-0605		281.83773	-6.08704	4308	e	0.7782	206.5			
PSR J1903+0845		285.91503	8.76611	4308	e	0.1532	129.6			
PSR J1837-0559		279.34852	-5.99128	4309	e	0.2011	318			
PSR J1852+0008		283.17834	0.136	4319	e	0.4679	255.4			
PSR J1032-5804		158.21058	-58.07636	4324	e	0.07874	819			
PSR J1627+1419		246.82816	14.32242	4326	e	0.4909	32.17			
PSR J1702-4310		255.61225	-43.17778	4327	e	0.2405	377.6			
PSR J1724-35		261.17917	-35.81667	4330	e	1.422	555		RRAT	
PSR J1839+0221_P		279.82625	2.35	4330	e	0.2728	117.3			
PSR J1732-3426		263.02992	-34.43472	4333	e	0.3329	513.5			
PSR J1900-0126_P		285.02542	-1.43333	4333	e	0.004	145.5			
PSR J1717-3737		259.3165	-37.62667	4334	e	0.6824	522.7			
PSR J1816+4510		274.14973	45.17607	4335	e	0.003193	38.89	GRS:4FGL_J1816.5+4510	HE	ELL1
PSR J2327+62		351.75	62	4335	e	0.266	193.4			
PSR J1652-4838		253.15677	-48.64771	4338	m	0.003785	188.2			
PSR J1843-0806		280.86965	-8.11247	4338	e	0.5364	216.9			
PSR J1913+0446		288.46175	4.76833	4338	e	1.616	109.1			
PSR J1954+1021		298.65333	10.35292	4339	e	2.099	80.87			
PSR J1928+1746		292.1773	17.77489	4340	e	0.06874	176.7		HE	
PSR J1958+5650		299.52909	56.83544	4340	e	0.3118	58.12			
PSR J1731-33		262.95	-33.8	4341	e	0.6069	571			
PSR J1953+1846E		298.40811	18.74842	4341	e	0.004444	113.1	GC:M71		ELL1
PSR J1953+1844		298.40811	18.74842	4342	e	0.004444	113.1			ELL1
PSR J1758-2630		269.64279	-26.50278	4351	e	1.203	328			
PSR J1829+0000		277.44642	0.00236	4353	e	0.1991	116.8			
PSR J1712-391		258.14583	-39.71667	4355	e	0.7781	525			
PSR J1910-0018_P		287.60833	-0.3	4355	e	2.064	110.1			
PSR J1844+0115		281.16895	1.25971	4357	e	0.004186	148.2			ELL1
PSR J1921+1238_P		290.38833	12.63333	4365	e	2.134	139.9			
PSR J1748-2446ax		267.01861	-24.78133	4368	e	0.001943	235.4	GC:Terzan5		DD
PSR J1806-21250		271.576	-21.41694	4368	e	0.172	555			
PSR J1912+1105_P		288.10833	11.08333	4368	e	0.6707	150.4			
PSR J1910+1054_P		287.50417	10.9	4369	e	0.00387	139.4			
PSR J1905+0649_P		286.27191	6.83037	4370	e	0.02746	187.7			ELL1
PSR J1530-5724		232.6045	-57.41031	4375	e	0.568	253.6			
PSR J1643-4550		250.80603	-45.84872	4377	e	0.7175	450.2			
PSR J1739-3049		264.84675	-30.82778	4380	e	0.2393	573			
PSR J1716-4111		259.18461	-41.18597	4387	e	1.036	245.8			
PSR J1907+0029_P		286.8475	0.48333	4387	e	0.06364	120.4			
PSR J1748-2446au		267.02045	-24.77993	4393	e	0.004548	238.1	GC:Terzan5		DDFWHE
PSR J1748-2446ao		267.02144	-24.77671	4395	e	0.002274	238.2	GC:Terzan5		DDFWHE
PSR J1748-2446as		267.01941	-24.77784	4396	e	0.002326	238.2	GC:Terzan5		
PSR J1830-0231_P		277.58333	-2.51667	4396	e		150.7		RRAT	
PSR J1649-4349		252.33515	-43.82308	4398	e	0.8707	396			
PSR J1755-2534		268.95758	-25.5775	4398	e	0.2335	590			
PSR J1417-4402		214.3775	-44.04928	4400	m	0.002664	55	GRS:4FGL_J1417.6-4403	HE	ELL1
PSR J1748-2446ar		267.01923	-24.77928	4400	e	0.001953	238.7	GC:Terzan5		BTX
PSR J1748-2446av		267.02094	-24.77872	4401	e	0.001849	238.9	GC:Terzan5		ELL1H
PSR J1904+0451		286.24744	4.86526	4401	e	0.006092	182.7			
PSR J1748-2446aq		267.01973	-24.77856	4402	e	0.01252	238.9	GC:Terzan5		BTX
PSR J1748-2446aw		267.02255	-24.78057	4403	e	0.01305	239.3	GC:Terzan5		ELL1H
PSR J1748-2446at		267.02234	-24.77974	4405	e	0.002188	239.5	GC:Terzan5		BTX
PSR J1748-2446ap		267.02137	-24.77494	4410	e	0.003745	239.7	GC:Terzan5		DDFWHE
PSR J1739-2521		264.88595	-25.36556	4411	e	1.818	186.4		RRAT	
PSR J1909+1450		287.36233	14.84944	4411	e	0.9961	119.5			
PSR J2326+6243		351.67292	62.72295	4411	e	0.2661	193.6			
PSR J1637-4642		249.30739	-46.70394	4413	e	0.1541	419.5			
PSR J1637-4721		249.2975	-47.35083	4416	e	1.166	448			
PSR J1811-1736		272.97931	-17.61047	4419	e	0.1042	473.9			BT
PSR J1947+0915		296.94258	9.25222	4421	e	1.481	94			
PSR J1713-3844		258.25958	-38.74139	4426	e	1.6	544			
PSR J1821+4147		275.46811	41.78404	4427	e	1.262	40.67			
PSR J1847-0438		281.9079	-4.63723	4432	e	0.958	234.8			
PSR J1903+0433_P		285.82917	4.55	4437	e	14.05	202.6			
PSR J1911+1017_P		287.8	10.28333	4437	e	1.337	162		RRAT	
PSR J2040+1657		310.07444	16.95846	4438	e	0.8656	50.69			
PSR J1532-56		233.075	-56.53333	4440	e	0.523	282			
PSR J1842-0138_P		280.62917	-1.63333	4445	e	0.00271	209.9			
PSR J1824-1159		276.23396	-11.99817	4457	e	0.3625	463			
PSR J1734-3333		263.61208	-33.55556	4461	e	1.169	578		HE	
PSR J1112-6103		168.06171	-61.05864	4464	e	0.06496	595.7	GRS:4FGL_J1112.1-6108	HE	
PSR J1725-4043		261.42258	-40.71972	4465	e	1.465	203			
PSR J1648-4611		252.09185	-46.18771	4467	e	0.165	393.2	GRS:4FGL_J1648.4-4611	HE	
PSR J1640-4648		250.19842	-46.8125	4469	e	0.1784	474			
PSR J1528-5547		232.16325	-55.78972	4471	e	3.467	269			
PSR J2234+2114		338.736	21.23856	4473	e	1.359	35.08			
PSR J1653-4249		253.41758	-42.81758	4475	e	0.6126	416.1			
PSR J1905+0156_P		286.28333	1.93333	4476	e	1.085	137		RRAT	
PSR J1906+0055		286.70284	0.91886	4477	e	0.00279	126.8			ELL1
PSR J1517-4356		229.36389	-43.93836	4478	e	0.6508	87.76			
PSR J1849+0619_P		282.39583	6.31667	4479	e	2.011	110		RRAT	
PSR J1736-2457		264.18933	-24.96389	4483	e	2.642	169.4			
PSR J1839-0436		279.75027	-4.61597	4483	e	0.1495	292.7			
PSR J1938+2248_P		294.66125	22.8	4484	e	0.7939	128.4			
PSR J1835+00_P		278.95408	0.52472	4487	e	0.7901	134.6			
PSR J1521-57		230.45	-57.78333	4488	e	0.1737	270			
PSR J2106+4602_P		316.59333	46.03333	4490	e	1.184	172			
PSR J1852-0044_P		283.1125	-0.73333	4492	e	0.00241	272.9			
PSR J1809-20		272.45	-20.6	4496	e	0.05726	528			
PSR J1844-0223_P		281.22833	-2.38333	4496	e	0.925	305.6			
PSR J1753-0217_P		268.49167	-2.28333	4497	e	1.04	91.5			
PSR J1854+0306		283.51242	3.10389	4499	e	4.558	192		RRAT	
PSR J1849+0304_P		282.38708	3.06667	4503	e	0.00179	146.7			
PSR J1452-5851		223.21917	-58.85367	4504	e	0.3866	260.5			
PSR J1728-36		262.1125	-36.46667	4509	e	0.3543	408			
PSR J2029+3434_P		307.35958	34.56667	4517	e	1.809	72.9			
PSR J0024-7204O		6.01939	-72.0816	4520	m	0.002643	24.36	GC:47Tuc(NGC104)		BTX
PSR J0024-7204P		6.08333	-72.06944	4520	m	0.003643	24.29	GC:47Tuc(NGC104)		BT
PSR J0024-7204Q		6.06871	-72.07366	4520	m	0.004033	24.28	GC:47Tuc(NGC104)		ELL1
PSR J0024-7204R		6.0316	-72.08067	4520	m	0.00348	24.36	GC:47Tuc(NGC104)		ELL1
PSR J0024-7204S		6.01658	-72.07843	4520	m	0.00283	24.38	GC:47Tuc(NGC104)		ELL1
PSR J0024-7204T		6.03562	-72.07748	4520	m	0.007588	24.42	GC:47Tuc(NGC104)		ELL1
PSR J0024-7204U		6.04099	-72.06658	4520	m	0.004343	24.34	GC:47Tuc(NGC104)		ELL1
PSR J0024-7204V		6.02363	-72.08128	4520	m	0.00481	24.11	GC:47Tuc(NGC104)		BTX
PSR J0024-7204W		6.02524	-72.0803	4520	m	0.002352	24.37	GC:47Tuc(NGC104)		BTX
PSR J0024-7204X		6.09327	-72.02151	4520	m	0.004772	24.54	GC:47Tuc(NGC104)		ELL1
PSR J0024-7204Y		6.00584	-72.07829	4520	m	0.002197	24.48	GC:47Tuc(NGC104)		ELL1
PSR J0024-7204Z		6.02517	-72.08374	4520	m	0.004554	24.45	GC:47Tuc(NGC104)		
PSR J0024-7204aa		6.02363	-72.08128	4520	m	0.00184	24.92	GC:47Tuc(NGC104)		
PSR J0024-7204ab		6.03401	-72.07989	4520	m	0.003705	24.33	GC:47Tuc(NGC104)		
PSR J0024-7204ac		6.02363	-72.08128	4520	m	0.00274	24.46	GC:47Tuc(NGC104)		BT
PSR J0024-7204ad		6.02363	-72.08128	4520	m	0.00374	24.41	GC:47Tuc(NGC104)		BT
PSR J1800-0059		270.16279	-0.98711	4523	e	1.193	84.2			
PSR J1852-0024		283.05887	-0.40491	4524	e	0.3554	292.3			
PSR J1958+2214		299.68868	22.24059	4527	e	1.05	87.67			
PSR J1900+0227		285.16083	2.45889	4529	e	0.3743	201.1			
PSR J1921+1632_P		290.40417	16.53333	4538	e	0.493	164		RRAT	
PSR J1821-1432		275.41574	-14.54811	4540	e	1.915	570			
PSR J2027+0255		306.87862	2.92722	4540	e	0.0106	51.13			
PSR J1744-3922		266.01115	-39.37253	4541	e	0.1724	148.1			ELL1
PSR J1758-1931		269.52333	-19.52806	4544	e	0.6926	207			
PSR J1758-24		269.575	-24.45	4545	e	0.6331	652			
PSR J1838-0624		279.71575	-6.415	4545	e	0.9272	424			
PSR J1819-0050_P		274.8775	-0.83333	4547	e	0.0066	103.3			
PSR J1824-1423		276.23911	-14.38481	4548	e	0.3594	427.6			
PSR J1741-34		265.475	-34.31667	4552	e	0.8751	241			
PSR J2024+48		306	48	4552	e	1.262	99			
PSR J1853-0008A_		283.3	-0.13333	4554	e	0.002825	285.2			
PSR J1853-0008_P		283.3	-0.13333	4554	e	0.00282	285.3			
PSR J1728-3733		262.19271	-37.55222	4557	e	0.6155	281.5			
PSR J1840-0445		280.18958	-4.75222	4557	e	0.4223	379			
PSR J1657-4432		254.40304	-44.53889	4558	e	0.6096	375.4			
PSR J1741-2152		265.48747	-21.8737	4558	e	2.566	154.7			
PSR J1328-62		202.14583	-62.76667	4563	e	0.5289	194.8			
PSR J1844-02		281.2	-2.66667	4563	e	0.5815	336			
PSR J1730-34		262.525	-34.8	4565	e	0.09983	628			
PSR J1844+0028		281.15566	0.47016	4565	e	0.003571	181.1			ELL1
PSR J1857+0143		284.38753	1.72972	4569	e	0.1398	249.4		HE	
PSR J1852-0635		283.23948	-6.60013	4570	e	0.5242	173.6			
PSR J1638-4608		249.59692	-46.13706	4571	e	0.2782	423.1			
PSR J1850+0956_P		282.61125	9.93333	4571	e	0.00324	99.7			
PSR J1805-2447		271.35804	-24.79167	4576	e	0.6614	269			
PSR J1844-0502		281.1415	-5.03347	4579	e	0.3352	318			
PSR J1849+0016_P		282.49167	0.26667	4579	e	0.00181	271.4			
PSR J1713+7810		258.36279	78.17611	4580	e	0.4325	36.98			
PSR J1910+0130_P		287.68292	1.5	4580	e	0.00564	118.4			
PSR J2000+22		300	22.21667	4581	e	1.05	86			
PSR J1847+0110_P		281.84583	1.16667	4582	e	0.00653	183.4			
PSR J0631+0646		97.96825	6.77061	4583	e	0.111	195.2	GRS:4FGL_J0631.8+0645	HE	
PSR J1744-2946		266.06459	-29.78101	4585	e	0.008392	673.7			ELL1
PSR J1849+0106		282.48085	1.10628	4587	e	1.832	216.2			
PSR J2055+3829		313.79294	38.49192	4587	e	0.002089	91.83			ELL1
PSR J1958+22_P		299.68967	22.24083	4588	e	1.05	88.6			
PSR J1805-2948		271.42704	-29.8	4589	e	0.4283	167.9			
PSR J1904+0412		286.13076	4.20164	4590	e	0.0711	185.9			BT
PSR J1709-43		257.44583	-43.91194	4596	e		228		RRAT	
PSR J1824-2233		276.043	-22.55306	4597	e	1.162	156.5			
PSR J1935+2025		293.92475	20.42781	4597	e	0.08015	181.3			
PSR J1641+8049		250.33683	80.83137	4600	m	0.002021	31.09	GRS:4FGL_J1641.2+8049	HE	ELL1
PSR J1709-4401		257.42216	-44.02028	4600	e	0.8652	226			
PSR J1904+0100_P		286.03167	1	4603	e	1.309	146.3			
PSR J1913+1011		288.33474	10.18972	4609	e	0.03591	178.5	GRS:4FGL_J1913.3+1019	HE	
PSR J1822-0719		275.61697	-7.33194	4611	e	0.4991	199			
PSR J1643-4522		250.835	-45.36694	4615	e	1.348	482			
PSR J1915+0720_P		288.89708	7.33333	4615	e	0.00569	122.1			
PSR J1755-1650		268.79853	-16.84472	4617	e	0.7337	159.9			
PSR J1759-1956		269.89758	-19.93556	4620	e	2.843	236.4			
PSR J1801-0108_P		270.35417	-1.13333	4622	e	1.072	86.3			
PSR J1927+1849_P		291.94167	18.81667	4623	e	0.312	200		RRAT	
PSR J1841+0112_P		280.30708	1.2	4624	e	0.1784	152.6			
PSR J1851-0014_P		282.95917	-0.23333	4629	e	0.1621	319.8			
PSR J1928+1915_P		292.25	19.25	4632	e	0.9744	201			
PSR J1923+2022_P		290.98333	20.36667	4635	e	0.03799	175.3			
PSR J1708-3426		257.24079	-34.44556	4638	e	0.6921	188.7			
PSR J1858-02_P		284.44183	-1.91444	4639	e	1.462	182.6			
PSR J1643+1338		250.97558	13.64553	4641	e	1.099	35.82			
PSR J1623-0841		245.92784	-8.6935	4644	e	0.503	59.79		RRAT	
PSR J1654-4140		253.59792	-41.67333	4645	e	1.274	307			
PSR J1849+0127		282.43408	1.45639	4648	e	0.5422	207			
PSR J1859-0233_P		284.93333	-2.55	4649	e		164.2		RRAT	
PSR J1833-3840		278.26909	-38.67946	4653	e	0.001866	78.66	GRS:4FGL_J1833.0-3840	HE	ELL1
PSR J1859+0239_P		284.825	2.65	4653	e	0.05611	250.9			
PSR J1543-5459		235.98513	-54.9875	4658	e	0.3771	345			
PSR J1904-11		286.14167	-11.50944	4659	e	0.00262	97.7	GRS:4FGL_J1904.4-1129	HE	
PSR J1719-36		259.975	-36.7	4662	e	0.7572	624			
PSR J1804-0046_P		271.2125	-0.76667	4663	e	0.6352	86.8			
PSR J1954+3852		298.50451	38.87108	4666	e	0.3529	65.36			
PSR J2102+38		315.5	37.97194	4666	e	1.19	86.3			
PSR J1809-1850		272.40504	-18.84861	4667	e	1.124	598			
PSR J1930+1722		292.62546	17.38144	4669	e	1.61	207			
PSR J1923+4243		290.8135	42.72185	4672	e	0.5952	52.99			
PSR J1834-0031		278.71289	-0.52619	4675	e	0.3295	155.1			
PSR J1824-1350		276.20909	-13.83917	4693	e	1.397	551			
PSR J1913+0153_P		288.44917	1.88333	4698	e	0.00323	114.3			
PSR J1306-4035		196.73458	-40.58981	4700	m	0.002205	35	GRS:4FGL_J1306.8-4035,OPT:SSS_J1	HE	BT
PSR J1423-6953		215.86163	-69.89523	4704	e	0.3334	124			
PSR J1913+1058_P		288.26708	10.96667	4710	e		175.9		RRAT	
PSR J1706-4020		256.5225	-40.33547	4711	e	0.1806	598			
PSR J1702-4217		255.65183	-42.28367	4715	e	0.2276	629			
PSR J1853+0013		283.46876	0.23689	4715	e	0.9286	309.6			
PSR J1814-1845		273.675	-18.75667	4718	e	1.09	534			
PSR J1701-3006I		255.30302	-30.11404	4719	e	0.003296	113.3	GC:M62		ELL1
PSR J1726-3530		261.53129	-35.49944	4722	e	1.11	718	SNR:G352.2-0.1(?)		
PSR J1852-0118		283.07138	-1.30416	4723	e	0.4515	285.5			
PSR J1613-5211		243.42648	-52.18927	4724	e	0.4575	361.9			
PSR J1858+0244_P		284.50417	2.73333	4724	e	0.00261	282.6			
PSR J1858-0024_P		284.69167	-0.4	4724	e	0.4006	190			
PSR J1852-0033		283.11052	-0.56103	4731	e	1.369	321.6			
PSR J1856+0029_P		284.20417	0.48333	4731	e	0.376	234		RRAT	
PSR J1825-0254_P		276.42375	-2.9	4733	e	0.09672	146.5			
PSR J1930+1403_P		292.57342	14.06495	4733	e	0.003209	150.5			ELL1
PSR J2104+4644_P		316.10083	46.73333	4734	e	0.1082	204.3			
PSR J1643-4505		250.90379	-45.09606	4738	e	0.2374	478.6			
PSR J1046+0304		161.68013	3.06858	4740	e	0.3263	24.98			
PSR J1733-2837		263.39125	-28.62583	4740	e	0.7682	225			
PSR J1638-4344		249.72033	-43.73444	4741	e	1.122	237			
PSR J1638-4725		249.55392	-47.42556	4742	e	0.7639	552.1			MSS
PSR J1617-5055		244.37208	-50.92033	4743	e	0.06936	467	GRS:J1616-508	HE	
PSR J1740-3052		265.20834	-30.86786	4748	e	0.5703	738.8			MSS
PSR J1636-4803		249.13333	-48.06528	4759	e	1.205	503			
PSR J1849+0329_P		282.26833	3.48333	4765	e	0.0045	152.1			
PSR J1905+0758		286.46235	7.98128	4766	e	1.193	197.1			
PSR J1723-2852		260.9925	-28.88083	4767	e	0.625	172			
PSR J1837-0604		279.43146	-6.08028	4768	e	0.09631	460	GRS:4FGL_J1837.8-0604	HE	
PSR J1929+1357		292.29425	13.95997	4768	e	0.8669	150.7			
PSR J1223-5856		185.91725	-58.94692	4770	e	0.2885	233			
PSR J1828-1101		277.07836	-11.03079	4770	e	0.07206	605.4	GRS:4FGL_J1828.4-1059	HE	
PSR J1858+0319		284.67033	3.32264	4778	e	0.8674	284			
PSR J1624-4613		246.07792	-46.21722	4779	e	0.8712	224.2			
PSR J1756-2225		269.1065	-22.43	4779	e	0.405	329			
PSR J1731-1847		262.82337	-18.79241	4782	e	0.002345	106.5	GRS:4FGL_J1731.7-1850	HE	BTX
PSR J1725-3546		261.42583	-35.77111	4784	e	1.032	738.3			
PSR J1738-3107		264.6975	-31.12889	4790	e	0.5495	721.7			
PSR J1818-1541		274.65633	-15.69583	4792	e	0.5511	690			
PSR J1819-1717		274.93083	-17.28778	4792	e	0.3935	405			
PSR J1526-5633		231.67167	-56.56194	4796	e	0.3019	329			
PSR J1900+0308		285.21064	3.14002	4801	e	0.004909	249.9			ELL1
PSR J1559-44		239.75	-44	4804	e	1.17	122			
PSR J1839-0643		279.79085	-6.72922	4804	e	0.4495	493.5			
PSR J1859+0026B_		284.99042	0.43333	4807	e	0.00233	191.6			
PSR J1434-6029		218.66292	-60.49694	4808	e	0.9633	282			
PSR J1818-1607		274.50081	-16.13139	4808	e	1.363	699.2		AXP,HE	
PSR J2150+3427		327.63753	34.46036	4812	e	0.6543	55.48			DD
PSR J2117+4622_P		319.34833	46.36667	4815	e	0.00495	193.6			
PSR J2151+5128		327.94417	51.48025	4822	e	1.052	203.5			
PSR J1255-6131		193.97858	-61.51947	4824	e	0.658	206.5			
PSR J1831+0204_P		277.8325	2.06667	4826	e	0.00208	115.2			
PSR J2103+4620_P		315.98875	46.33333	4833	e	0.2352	209.4			
PSR J1632-4757		248.06942	-47.95958	4836	e	0.2286	574.2			
PSR J1759-2549		269.89633	-25.81861	4841	e	0.9565	424			
PSR J1712-392		258.14583	-39.71667	4843	e	0.09253	713			
PSR J1846+0014_P		281.6	0.23333	4844	e	0.00666	230			
PSR J1926+1631		291.59962	16.52438	4846	e	0.6784	196.7			
PSR J1726-3635		261.70671	-36.596	4847	e	0.2874	539.2			
PSR J1845+0326_P		281.425	3.43333	4847	e	0.968	144		RRAT	
PSR J1900-0134		285.10906	-1.57728	4848	e	1.832	178.1			
PSR J1940+1754_P		295.23917	17.9	4849	e	0.00244	193			
PSR J1701-3006H		255.30745	-30.10698	4851	e	0.003705	114.7	GC:M62		BT
PSR J1834-09		278.65	-9.25	4851	e	0.5123	529			
PSR J1605-52		241.3	-52.46667	4853	e	2.193	461			
PSR J1605-5228		241.3	-52.46667	4853	e	2.193	461			
PSR J1847+0133_P		281.75417	1.55	4858	e	2.847	193.8			
PSR J1750-2444		267.59567	-24.74639	4860	e	0.8994	331			
PSR J1912+0735_P		288.17167	7.58333	4860	e	3.685	160.4			
PSR J1836-0150_P		279.02417	-1.83333	4863	e	0.00546	199.4			
PSR J1917+1046_P		289.47917	10.76667	4866	e	0.08773	163.1			
PSR J1834-0742		278.6303	-7.70526	4867	e	0.7884	536.7			
PSR J1650-4126		252.55485	-41.4427	4868	e	0.3089	251.5			
PSR J1856-0235_P		284.18833	-2.58333	4868	e	0.5352	204.7			
PSR J1759-24		269.85	-24.03333	4870	e	1.458	772			
PSR J1837+03		279.25	3.92556	4873	e	0.0107	115.7			
PSR J1849-0014		282.36248	-0.22967	4875	e	0.4918	345.9			
PSR J2017+2819		304.34707	28.32063	4875	e	1.833	66			
PSR J1831-1223		277.80346	-12.39194	4876	e	2.858	342			
PSR J1847-0046_P		281.94583	-0.76667	4877	e		337		RRAT	
PSR J1525-5417		231.36812	-54.28889	4880	e	1.012	235			
PSR J1627-4845		246.79308	-48.75222	4880	e	0.6123	557.8			
PSR J1835-0928		278.84258	-9.46722	4881	e	0.6217	450			
PSR J1852-0039		283.05498	-0.66244	4883	e	0.8029	354			
PSR J2103+4602_P		315.76292	46.03333	4884	e	1.36	211			
PSR J1806-2125		271.5825	-21.46544	4887	e	0.4818	747			
PSR J1815-1738		273.81113	-17.63523	4887	e	0.1985	724.6			
PSR J1813-17		273.47917	-17.18333	4889	e	0.3676	692			
PSR J1843-0459		280.86515	-4.99188	4890	e	0.755	444.6			
PSR J1755-2550		268.91	-25.83944	4891	e	0.3152	750.9			DD
PSR J1639-4359		249.77854	-43.99778	4892	e	0.5876	258.9			
PSR J1801-1909		270.44454	-19.16	4897	e	1.109	264			
PSR J1848+26		282.0625	26.48333	4897	e	0.629	64			
PSR J2002+1637		300.69904	16.62131	4899	e	0.2765	94.58			
PSR J1611-4811		242.76125	-48.19417	4909	e	1.297	221			
PSR J1831-04		277.75	-4.48333	4910	e	1.066	216			
PSR J1539-5521		234.78321	-55.35311	4912	e	1.005	380			
PSR J1857-0125_P		284.3375	-1.41667	4913	e	0.00183	214			
PSR J1859+0251_P		284.89583	2.85	4915	e	3.58	286		RRAT	
PSR J1759-1736		269.86733	-17.60278	4917	e	0.7985	206			
PSR J1944+16_P		296.06383	16.91222	4920	e	0.00243	170.9			
PSR J1431-6328		213.33846	-63.46906	4925	e	0.002772	228.3			
PSR J2139+2242		324.86208	22.71167	4929	e	1.084	44.16			
PSR J1811-1835		272.87383	-18.59556	4933	e	0.5575	761			
PSR J2057+4701		314.2889	47.01812	4934	e	0.5596	219			
PSR J1835-09		278.65	-9.25	4935	e	0.7505	555			
PSR J1501-5637		225.4625	-56.63	4938	e	0.7829	258			
PSR J1829-1011		277.27525	-10.19028	4938	e	0.8292	610			
PSR J1654-2713		253.59845	-27.2171	4939	e	0.7918	92.31			
PSR J1936+2042		294.11959	20.69073	4940	e	1.391	195.1			
PSR J1945+17_P		296.32454	17.68139	4944	e	0.6041	172.4			
PSR J1920+0129_P		290.16625	1.48333	4946	e	0.00358	104.1			
PSR J1604-4832		241.19679	-48.55169	4947	e	0.007718	207.8			
PSR J1905+0616		286.27854	6.27131	4952	e	0.9898	256.1			
PSR J1946-1312		296.74094	-13.20941	4956	e	0.9837	62.76			
PSR J1830-0106_P		277.53125	-1.1	4957	e	0.00176	149.4			
PSR J1855-0221_P		283.98458	-2.35	4957	e	0.00277	223.3			
PSR J1649-4653		252.35254	-46.88592	4964	e	0.557	331			
PSR J1641+3627I		250.42506	36.46014	4965	e	0.006375	29.58	GC:M13		BT
PSR J1942-2019		295.70975	-20.32306	4965	e	0.2751	59.9			
PSR J1906+0649		286.55001	6.83014	4966	e	1.287	250.2			
PSR J1841-0500		280.32558	-5.00542	4969	e	0.9129	532			
PSR J1626-4537		246.7039	-45.62383	4970	e	0.3701	236.6			
PSR J1635-46		248.975	-46.75	4975	e	1.489	549			
PSR J1735-3258		263.98717	-32.97273	4975	e	0.351	758			
PSR J2225+35		336.2	35.5	4978	e	0.94	51.8		RRAT	
PSR J1805-2037		271.36746	-20.62111	4983	e	0.3578	708.1			
PSR J1659-4316		254.98492	-43.26833	4986	e	0.4744	641			
PSR J1935+1836_P		293.76208	18.6	4986	e	0.3985	230.3			
PSR J1906-0200_P		286.73458	-2	4987	e	0.00253	138.4			
PSR J1813+1822		273.4115	18.37083	4988	e	0.3364	60.8			
PSR J1907+0859		286.75797	8.9955	4988	e	1.527	190			
PSR J1840-0643		280.03725	-6.72668	4989	e	0.03558	494			BT
PSR J1936+2035		294.15961	20.59647	4992	e	0.03293	198.9			ELL1
PSR J1837-0048_P		279.39958	-0.8	4994	e	0.00273	195.5			
PSR J1907+0731		286.97827	7.52279	4994	e	0.3637	240			
PSR J1851+0056_P		282.8625	0.93333	4995	e	0.2911	332.3			
PSR J1818-1448		274.61629	-14.81056	4996	e	0.2814	644			
PSR J1936+2036_P		294.17083	20.6	4996	e	0.03292	198.8			
PSR J1124-5916		171.1625	-59.27194	5000	m	0.1355	329.2	GRS:4FGL_J1124.7-5915,SNR:G292.0	HE	
PSR J1811-1925		272.87167	-19.42444	5000	m	0.06467		GRS:4FGL_J1811.5-1925,SNR:G11.2-	NRAD	
PSR J1843-0757		280.88775	-7.95917	5008	e	2.032	254			
PSR J1715-3700		258.79021	-37.00111	5011	e	0.7796	449			
PSR J1717-3847		259.32667	-38.78417	5012	e	1.149	707			
PSR J1845-0826		281.27372	-8.44436	5012	e	0.6344	228.2			
PSR J1854-0524		283.73062	-5.40642	5014	e	0.544	192			
PSR J1627-5547		246.83781	-55.79799	5015	e	0.3525	165.5			
PSR J1850+0724_P		282.71875	7.4	5016	e	0.4689	117.8			
PSR J1821-0031_P		275.25125	-0.51667	5019	e	4.441	111.1			
PSR J1556-5358		239.21458	-53.98194	5020	e	0.9947	436			
PSR J1840-0245_P		280.05833	-2.75	5020	e	1.502	277		RRAT	
PSR J1743-4212		265.77181	-42.20022	5028	e	0.3062	132.1			
PSR J1745-3812		266.31425	-38.20203	5034	e	0.6984	163.6			
PSR J1921+1630		290.25059	16.5155	5035	e	0.9364	194.4			
PSR J2224+0823_P		336.019	8.39444	5036	e	1.632	30.3			
PSR J1622-4347		245.62525	-43.78928	5039	e	0.4577	177			
PSR J1842+0257		280.62887	2.96633	5039	e	3.088	146			
PSR J1835-0924		278.90842	-9.4075	5043	e	0.8592	471			
PSR J1702-4306		255.614	-43.11253	5046	e	0.2155	538.4			
PSR J1519-6106		229.89921	-61.11517	5047	e	2.154	221			
PSR J1748-3009		267.09899	-30.15313	5054	e	0.009684	420.2			BT
PSR J1755-25211		268.83046	-25.3525	5055	e	1.005	835			
PSR J1845+0623		281.28581	6.39946	5057	e	1.422	115.7			
PSR J1913+0400_P		288.49958	4	5059	e	0.3905	125.4			
PSR J1924+1639		291.01296	16.66132	5059	e	0.158	208			
PSR J1925+1720		291.36263	17.34092	5060	e	0.07566	222.3	GRS:4FGL_J1925.2+1729	HE	
PSR J1651-4519		252.98833	-45.31972	5061	e	0.5174	562			
PSR J1835-09242		278.84093	-9.40442	5062	e	0.2352	500			
PSR J1845-0316		281.47042	-3.26806	5063	e	0.2076	500			
PSR J1943+2115_P		295.76375	21.25	5064	e	1.859	162.8			
PSR J1913+0657		288.38717	6.95675	5068	e	1.257	142			
PSR J1657-0406A		254.28792	-4.10028	5070	m	0.00473	43.9	GC:M10(NGC6254)		
PSR J1657-0406B		254.28792	-4.10028	5070	m	0.00735	43.35	GC:M10(NGC6254)		
PSR J1858+0241		284.72421	2.69375	5077	e	4.693	325.9			
PSR J1525-5605		231.42271	-56.08694	5078	e	0.2803	333.5			
PSR J1416-6037		214.12731	-60.63322	5080	e	0.2956	288.9			
PSR J1921+0137		290.37628	1.62376	5084	e	0.002496	104.9	GRS:4FGL_J1921.4+0136	HE	ELL1
PSR J1605-5215		241.32917	-52.26333	5087	e	1.014	532			
PSR J1856-0134_P		284.16917	-1.56667	5093	e	0.3819	236.2			
PSR J2100+4712_P		315.12708	47.2	5093	e	1.459	233.7			
PSR J0838-3947		129.62833	-39.78944	5095	e	1.704	219			
PSR J1932+2121_P		293.08834	21.35188	5106	e	0.01425	192.1			ELL1
PSR J1652-4406		253.24792	-44.10139	5108	e	7.707	786		RRAT	
PSR J1756-2619		269.33079	-26.31889	5113	e	0.7245	534			
PSR J1512-5431		228.02359	-54.52245	5115	e	2.041	218.8			
PSR J1607-5140		241.95542	-51.67111	5117	e	0.3427	533			
PSR J1814-1744		273.67958	-17.74667	5118	e	3.976	820			
PSR J1925+1629_P		291.29167	16.48333	5118	e	0.00411	214.1			
PSR J1855-0115_P		283.84083	-1.25	5119	e	2.562	261.7			
PSR J1511-5835		227.77917	-58.59111	5122	e	0.3015	329.4			
PSR J1249-6507		192.47633	-65.12217	5123	e	0.4344	215			
PSR J1726-31		261.65	-31.95	5127	e	0.1235	264.4			
PSR J1855-1436		283.97595	-14.60249	5127	e	0.003594	109.2	GRS:4FGL_J1855.9-1435	HE	DD
PSR J1901-0015_P		285.29833	-0.25	5143	e	0.5171	200.4			
PSR J0645+80		101.5	80.15	5145	e	0.6579	49.7			
PSR J1841-0258_P		280.5	-2.96667	5147	e	0.5963	355.7			
PSR J1747-2802		266.86063	-28.04361	5149	e	2.78	835			
PSR J1940+0239		295.1375	2.61139	5156	e	1.232	87.2			
PSR J1354-6249		208.64583	-62.825	5158	e	2.952	254			
PSR J1715-3859		258.90787	-38.99031	5158	e	0.9281	806.2			
PSR J1541-5535		235.45667	-55.58361	5161	e	0.2958	426.1			
PSR J2112+4058		318.21567	40.96778	5162	e	4.061	129			
PSR J1848-0129A		282.20042	-1.4997	5164	e	0.01978	490	GC:GLIMPSE-C01		
PSR J1846-0513		281.53765	-5.22239	5165	e	0.02337	310.7			DD
PSR J1741-21		265.25	-21	5167	e	2.565	150.7			
PSR J1821-0013_P		275.35875	-0.21667	5178	e	2.218	112.1			
PSR J1751-2516		267.96929	-25.27861	5182	e	0.3948	556			
PSR J1811-1717		272.86054	-17.29639	5184	e	0.3914	545.5			
PSR J1904-0150		286.23148	-1.84236	5192	e	0.3794	162.2			
PSR J2029+34		307.25	34.61667	5193	e	1.819	97			
PSR J1820-1529		275.17212	-15.49507	5195	e	0.3333	768.5			
PSR J1710-2616		257.52042	-26.27639	5200	e	0.9542	110			
PSR J1839+0050_P		279.76708	0.83333	5200	e	0.6333	179.3			
PSR J1814-1649		273.65562	-16.82444	5205	e	0.9575	782			
PSR J2023+0937		305.82515	9.63248	5206	e	1.605	61.8			
PSR J1855+0139_P		283.80833	1.65	5209	e	0.4441	405.6			
PSR J1929+1526_P		292.4475	15.43333	5210	e	0.3919	204.6			
PSR J1746-0156		266.62887	-1.94194	5212	e	1.829	92.94			
PSR J1926-0652		291.65434	-6.87853	5213	e	1.609	85.12			
PSR J1851-0114		282.81838	-1.23706	5214	e	0.9532	427.2			
PSR J2350+3140		357.67167	31.67979	5214	e	0.5081	39.14			
PSR J1849+0623_P		282.45833	6.38333	5220	e	0.01459	129.4			
PSR J1703-4442		255.83579	-44.71167	5224	e	1.747	280.2			
PSR J1928+28		292	28	5224	e	1.063	79.2			
PSR J1502-6128		225.62407	-61.4807	5226	e	0.8421	257.8			
PSR J1809-2004		272.31612	-20.07	5227	e	0.4348	867.1			
PSR J1802+03		270.68333	3.76056	5230	e	0.6643	77.7			
PSR J1921+1720_P		290.4225	17.33333	5234	e	0.2199	217.9			
PSR J1837-0822		279.41523	-8.37011	5239	e	1.099	506			BT
PSR J1851+0037_P		282.935	0.61667	5243	e	2.524	424			
PSR J1852+0018		283.11142	0.31178	5245	e	0.3188	454.8			
PSR J1625-4904		246.32521	-49.076	5250	e	0.4603	684.8			
PSR J1701-3130		255.4313	-31.51019	5251	e	0.2913	130.7			
PSR J1658-4306		254.56917	-43.11389	5254	e	1.166	845			
PSR J1836+51		279	51	5258	e	0.692	44.4			
PSR J1823-0154		275.96728	-1.90127	5263	e	0.7598	135.8			
PSR J1922+1642_P		290.50583	16.7	5266	e	0.6806	215			
PSR J1848-1414		282.16315	-14.23816	5268	e	0.2978	134.5			
PSR J1859+0434_P		284.92083	4.56667	5272	e	0.4583	320.1			
PSR J2111+40		317.75	40	5279	e	4.061	120			
PSR J1432-5032		218.21779	-50.53814	5280	e	2.035	113			
PSR J1839+0543		279.75	5.71	5282	e	0.05793	113.8			
PSR J1536-30		234	-30	5285	e	1.901	63.6			
PSR J1619-3345		244.75833	-33.75028	5285	e	1.159	89.7		RRAT	
PSR J1650-4921		252.64633	-49.35104	5288	e	0.1564	228.4			
PSR J1854-0156_P		283.59167	-1.93333	5290	e	0.6008	280.6			
PSR J1924+2027_P		291.14167	20.45	5294	e	0.00195	211.7			
PSR J1625-4913		246.31838	-49.22906	5296	e	0.3559	720			
PSR J1434-6006		218.52208	-60.10806	5297	e	0.3064	332			
PSR J1630-2609		247.62079	-26.16306	5297	e	1.912	76.6			
PSR J1844-0302		281.02882	-3.03644	5297	e	1.199	533			
PSR J1412-6111		213.24862	-61.19182	5299	e	0.5292	313.6			
PSR J1857+0224		284.29461	2.412	5299	e	0.8759	398			
PSR J1955+6708		298.91153	67.13754	5302	e	0.008565	57.15			
PSR J1901+0300		285.4984	3.00648	5304	e	0.007797	253.9			ELL1
PSR J1632-4818		248.16542	-48.31494	5308	e	0.8137	758	SNR:G336.1-0.2(?)		
PSR J1922+1733		290.72174	17.55652	5314	e	0.2362	234.1			
PSR J1901+0413		285.29292	4.23083	5315	e	2.663	352			
PSR J1903+0839_P		285.96602	8.65478	5317	e	0.004621	166.4			ELL1
PSR J1906+0646_P		286.5625	6.76667	5317	e	0.3555	290.5			
PSR J1840-0144_P		280.22083	-1.73333	5318	e	1.102	277.9			
PSR J1848+1245_P		282.03042	12.75	5318	e	0.2482	100			
PSR J1718-3714		259.57746	-37.23778	5325	e	1.289	833			
PSR J1546-5302		236.5305	-53.03967	5327	e	0.5808	286.5			
PSR J1838+0228_P		279.58958	2.46667	5328	e	0.6532	148.1			
PSR J1845-0028_P		281.41667	-0.46667	5337	e	0.0845	301			
PSR J1622-4802		245.69618	-48.03705	5338	e	0.2651	366.4			
PSR J1623-4931		245.88571	-49.51889	5339	e	0.4923	727			
PSR J1853-0004		283.346	-0.07598	5339	e	0.1014	437.9	GRS:4FGL_J1853.3-0005	HE	
PSR J1855+0327_P		283.9375	3.45	5340	e	0.7828	298.6			
PSR J1941+1341		295.27028	13.69178	5340	e	0.5591	147.9			
PSR J1650-4341		252.68617	-43.69189	5341	e	0.3094	672.8			
PSR J1805-0619		271.38091	-6.32933	5342	e	0.4547	145.9			
PSR J1759-2307		269.87894	-23.12139	5345	e	0.5589	812.6			
PSR J1750-0043_P		267.7375	-0.71667	5348	e	0.5718	85.1			
PSR J1336-2522		204.08683	-25.36711	5349	e	0.4781	37.39			
PSR J1610-5303		242.55342	-53.06361	5353	e	0.7865	380.1			
PSR J1239-48		189.75	-48	5355	e	0.6539	107.6			
PSR J1818-1519		274.56083	-15.32861	5361	e	0.9397	845			
PSR J1909+0905_P		287.4125	9.08333	5364	e	1.495	250.6			
PSR J1840-0140_P		280.22583	-1.66667	5368	e	1.927	279.7			
PSR J1542-5303		235.72687	-53.06147	5370	e	1.208	265.6			
PSR J1824-2452B		276.13671	-24.86978	5370	m	0.006547	119.3	GC:M28(NGC6626)		
PSR J1824-2452C		276.13671	-24.86978	5370	m	0.004159	120.6	GC:M28(NGC6626)		BT
PSR J1824-2452D		276.13671	-24.86978	5370	m	0.07983	120	GC:M28(NGC6626)		BT
PSR J1824-2452E		276.13671	-24.86978	5370	m	0.00542	119.8	GC:M28(NGC6626),XRS:(?)		
PSR J1824-2452F		276.13671	-24.86978	5370	m	0.002451	123.8	GC:M28(NGC6626)		
PSR J1824-2452G		276.13671	-24.86978	5370	m	0.005909	119.7	GC:M28(NGC6626),XRS:(?)		BT
PSR J1824-2452H		276.13671	-24.86978	5370	m	0.004629	121.5	GC:M28(NGC6626),OPT:COM-M28H,XRS		BT
PSR J1824-2452I		276.13554	-24.86906	5370	m	0.003932	119	GC:M28(NGC6626),XRS:IGR_J18245-2452	HE	BT
PSR J1824-2452J		276.13671	-24.86978	5370	m	0.004039	119.2	GC:M28(NGC6626)		BT
PSR J1824-2452K		276.13671	-24.86978	5370	m	0.004461	119.5	GC:M28(NGC6626)		BT
PSR J1824-2452L		276.13671	-24.86978	5370	m	0.0041	119	GC:M28(NGC6626)		BT
PSR J1824-2452M		276.13826	-24.86894	5370	m	0.004784	119.3	GC:M28(NGC6626)		ELL1
PSR J1824-2452N		276.13809	-24.86997	5370	m	0.003353	119.3	GC:M28(NGC6626)		ELL1
PSR J1716-3720		259.04733	-37.34556	5373	e	0.6303	682.7			
PSR J1526-5652		231.62529	-56.86803	5380	e	0.8489	430			
PSR J1931+1841_P		292.80292	18.68333	5387	e	2.594	268.8			
PSR J1403-7646		210.76661	-76.78247	5396	e	1.306	101.1			
PSR J0011+08		2.89167	8.16667	5399	e	2.553	24.9			
PSR J0557+2442_P		89.33333	24.7	5400	e	1.482	195.1			
PSR J1558-67		239.5875	-67.59972	5403	e	0.2673	105			
PSR J1908+2351		287.13308	23.86164	5405	e	0.3776	101.7			
PSR J2035+3655		308.75	36.93117	5408	e	0.02457	136.8			
PSR J1805-1504		271.27542	-15.07667	5409	e	1.181	225			
PSR J1907+0709_P		286.9875	7.15	5409	e	0.3441	278.1			
PSR J2036+3506_P		309.04833	35.1	5409	e	1.371	108.4			
PSR J1622-4944		245.65625	-49.74167	5412	e	1.073	755			
PSR J1727-2951		261.75167	-29.86133	5414	e	0.0284	215.1			ELL1
PSR J1919+1645		289.78851	16.75631	5414	e	0.5628	208			
PSR J1921+1733_P		290.25333	17.55	5414	e	2.01	228.9			
PSR J1716-4005		259.17525	-40.09083	5417	e	0.3118	435			
PSR J1414-6802		213.60708	-68.04944	5420	e	4.63	153.5			
PSR J1232-6501		188.07433	-65.01759	5423	e	0.08828	239.4			ELL1
PSR J1528-4109		232.03342	-41.15801	5423	e	0.5266	89.31			
PSR J1840-0049_P		280.01208	-0.81667	5425	e	0.00676	245.9			
PSR J0012+5431		3.09708	54.52778	5427	e	3.025	131.3		RRAT	
PSR J1326-4728A		201.66529	-47.50323	5430	m	0.004109	100.3	GC:OmegaCen(NGC5139)		
PSR J1326-4728B		201.70654	-47.49025	5430	m	0.004792	100.2	GC:OmegaCen(NGC5139),XRS:J132649		ELL1
PSR J1326-4728C		201.73009	-47.50326	5430	m	0.006868	100.7	GC:OmegaCen(NGC5139),XRS:J132655		
PSR J1326-4728D		201.6363	-47.47779	5430	m	0.004579	96.52	GC:OmegaCen(NGC5139)		
PSR J1326-4728E		201.67783	-47.45667	5430	m	0.004208	94.37	GC:OmegaCen(NGC5139),XRS:J132642		
PSR J1854+0957_P		283.62042	9.95	5433	e	0.6876	116.7			
PSR J1630-4719		247.51053	-47.32818	5435	e	0.5591	487.9			
PSR J1517-314		229.4625	-31.33333	5440	e	1.104	61.7			
PSR J1752-2821		268.10229	-28.35278	5440	e	0.6402	516.3			
PSR J1634-5640		248.57996	-56.68032	5446	e	0.2242	147.8			
PSR J1913+1050		288.39735	10.84072	5446	e	0.1901	231.1			
PSR J2031+34		307.75	34.31667	5446	e	1.819	105			
PSR J1840-0840		280.21625	-8.67472	5450	e	5.309	285.2			
PSR J1810+0705		272.69599	7.09342	5453	e	0.3077	79.42			
PSR J1917+2035_P		289.27708	20.58333	5453	e	0.2883	176.6			
PSR J1916+0937_P		289.00417	9.61667	5456	e	7.368	186		RRAT	
PSR J1853-0009_P		283.40083	-0.15	5461	e	0.7211	443.1			
PSR J1702-4145		255.7395	-41.75664	5468	e	0.3458	945			
PSR J1804-28		271.2	-28.11667	5468	e	1.273	213			
PSR J1845-0545		281.41038	-5.75506	5473	e	1.092	316.3			
PSR J1812-3039		273.18709	-30.65583	5474	e	0.5875	141.4			
PSR J1853-0049_P		283.26208	-0.81667	5474	e	0.01678	405.4			
PSR J1907+0052_P		286.98958	0.86667	5475	e	0.00292	162.9			
PSR J1638-35		249.5	-35	5476	e	0.705	115.1			
PSR J1925+1934_P		291.46083	19.56667	5479	e	0.3454	248.1			
PSR J1349-6130		207.40258	-61.50476	5481	e	0.2594	283.9			
PSR J1854+0131_P		283.64167	1.51667	5484	e	2.044	474.9			
PSR J0517+3436_P		79.4775	34.6	5485	e	1.596	191.7			
PSR J1746-2850		266.5275	-28.845	5485	e	1.077	962.7			
PSR J1858+0346		284.59317	3.77717	5489	e	0.2568	386			
PSR J1851-0029		282.97955	-0.49942	5494	e	0.5187	521.1			
PSR J1745-0129		266.25858	-1.48836	5495	e	1.045	89.3			
PSR J1915-11		288.75	-11.5	5495	e	2.177	91.06		RRAT	
PSR J1927+1457_P		291.77833	14.95	5503	e	0.9196	211.8			
PSR J1837+0033		279.42125	0.56281	5504	e	0.4181	187.4			
PSR J0834-4159		128.5742	-41.99333	5508	e	0.1211	240.5			
PSR J1835-0349		278.80394	-3.81942	5510	e	0.8419	269.6			
PSR J1618-3921		244.57844	-39.35051	5515	e	0.01199	118			T2
PSR J1648-4458		252.05417	-44.97389	5518	e	0.6296	925			
PSR J1922+58		290.5	58.46667	5523	e	0.5296	53.74			
PSR J1612-5805		243.11589	-58.09149	5526	e	0.6155	171			
PSR J1650-5025		252.50076	-50.43417	5529	e	0.05968	213.5			
PSR J1917+1737		289.3499	17.62544	5530	e	0.3347	208			
PSR J1853+0209_P		283.27917	2.15	5531	e		350		RRAT	
PSR J1933+1454_P		293.39708	14.9	5531	e	1.346	204.8			
PSR J1627-49		246.925	-49.9	5541	e	0.6237	594			
PSR J1907-0119_P		286.89833	-1.31667	5541	e	0.05899	154.8			
PSR J1635-47		248.87083	-47.78333	5547	e	0.5048	872			
PSR J1731-3322		262.80962	-33.37917	5550	e	0.5447	877.4			
PSR J1855+0240_P		283.80417	2.66667	5551	e	1.224	397		RRAT	
PSR J1844+41		281.1875	41.28333	5554	e	0.9157	50			
PSR J1629-3825		247.31097	-38.42493	5555	e	0.5264	127.7			
PSR J1038+0032		159.61222	0.54544	5558	e	0.02885	26.34			
PSR J1648-6044		252.21353	-60.74042	5567	e	0.5838	106.3			
PSR J1930+1357		292.54996	13.95179	5567	e	0.3236	184.8			
PSR J1911+0751_P		287.92917	7.85	5570	e	0.7969	220.7			
PSR J1622-4950		245.68667	-49.84844	5571	e	4.327	820	XRS:CXOU_J162244.8-495054,SNR:G333.9+0.0	AXP,HE	
PSR J1853-0130_P		283.27917	-1.5	5576	e	1.945	344		RRAT	
PSR J1705-6135		256.31375	-61.5875	5577	e	0.8085	95			
PSR J1911+0305_P		287.97333	3.08333	5578	e	0.00586	147			
PSR J1852+0013		283.17408	0.23253	5581	e	0.9578	545			
PSR J1720+2150		260.00542	21.83689	5583	e	1.616	40.72			
PSR J1406-5806		211.505	-58.10889	5586	e	0.2883	229.8			
PSR J1345-6115		206.43506	-61.25848	5589	e	1.253	280.4			
PSR J1852-0002_P		283.04167	-0.03333	5591	e	0.2451	558.1			
PSR J1745+4254		266.45883	42.91053	5595	e	0.3051	37.93			
PSR J1856-0041_P		284.02208	-0.68333	5596	e	0.5196	309.2			
PSR J1921-0510		290.37271	-5.16967	5604	e	0.7943	96.6			
PSR J1844-0134_P		281.075	-1.56667	5608	e	2.697	357.7			
PSR J1901+0020_P		285.32083	0.33333	5608	e	0.2148	237.6			
PSR J1625-4048		246.29304	-40.80597	5612	e	2.355	145			
PSR J1610-5006		242.68458	-50.11172	5614	e	0.4811	410			
PSR J1849-0019_P		282.3125	-0.31667	5615	e	0.9114	513.2			
PSR J1721-1939		260.44421	-19.66361	5621	e	0.404	103			
PSR J1858-0055_P		284.52417	-0.91667	5621	e	2.847	270.7			
PSR J1908+0811_P		287.18333	8.18333	5626	e	0.1816	300.1			
PSR J1927+1430_P		291.91667	14.5	5626	e	0.2029	207.2			
PSR J2045+3633		311.25627	36.55039	5629	e	0.03168	129.5			DDGR
PSR J1420-6048		215.03432	-60.80456	5632	e	0.06818	360.1	GRS:4FGL_J1420.0-6048,GRS:HESS_J	HE	
PSR J2145+2158		326.25	21	5632	e	1.419	44.1			
PSR J1624-4721		246.22871	-47.3575	5633	e	0.4487	364			
PSR J1614-3846		243.67717	-38.77639	5637	e	0.4641	111			
PSR J0855-4644		133.90075	-46.73706	5638	e	0.06469	236.4	SNR:RX_J0852.0-4622,PW		
PSR J1830-14		277.525	-14.56667	5643	e	0.3998	297			
PSR J1550-5242		237.51217	-52.70178	5644	e	0.7497	337.7			
PSR J1848-1150		282.04921	-11.83589	5647	e	1.312	163.4			
PSR J1406-59		211.725	-59.4	5650	e	1.248	286			
PSR J1600-5916		240.14583	-59.28306	5657	e	1.248	177			
PSR J1659-54		254.84583	-54	5658	e	0.5446	134			
PSR J1403-6310		210.80859	-63.17423	5659	e	0.3992	304.4			
PSR J1851+0118		282.96742	1.31639	5662	e	0.907	418			
PSR J1742-4616		265.60886	-46.28158	5670	e	0.4124	115.8			
PSR J1610-4938		242.74642	-49.63592	5681	e	0.2274	365			
PSR J1844-0452		281.00642	-4.87247	5684	e	0.2694	626			
PSR J1822+02		275.5	2.48722	5698	e	1.508	103.8			
PSR J1548-5607		237.1834	-56.12623	5699	e	0.1709	314.4			
PSR J1850-0002		282.50975	-0.03603	5710	e	0.8934	541.7			
PSR J1852-0127		283.01507	-1.45706	5715	e	0.429	427.9			
PSR J1900+0213_P		285.05	2.21667	5718	e	0.03209	310.5			
PSR J1908+0029_P		287.12667	0.48333	5719	e	0.00342	165.3			
PSR J1617-2258A		244.26175	-22.97689	5720	e	0.004318	66.81	GC:NGC6093(M80)		DD
PSR J1854+0050		283.68113	0.83828	5720	e	0.7673	529.2			
PSR J1842-0612		280.67937	-6.21	5726	e	0.5645	485			
PSR J1850+0011_P		282.51667	0.18333	5726	e	0.1675	506.5			
PSR J1840-0626		280.06796	-6.43761	5728	e	1.893	748			
PSR J1845-0254_P		281.38458	-2.9	5728	e	0.4927	735			
PSR J1547-5839		236.8956	-58.65283	5733	e	0.2422	223.5			
PSR J2104+2830		316.10056	28.51598	5735	e	0.4057	62.16			
PSR J1637-46		249.4	-46.21667	5742	e	0.4931	660.4			
PSR J1840-0809		280.13902	-8.15101	5744	e	0.9557	350.1			
PSR J1928+15		292.08333	15.21667	5746	e	0.403	242		RRAT	
PSR J1850-0020		282.50691	-0.34367	5747	e	1.575	602.8			
PSR J1937+1358_P		294.36	13.96667	5747	e	2.645	174.8			
PSR J1903+2225		285.97062	22.42008	5755	e	0.6512	109.2			
PSR J1857-0026_P		284.2575	-0.43333	5760	e	0.02235	312.7			
PSR J1845+0417_P		281.3875	4.28333	5773	e	1.697	164		RRAT	
PSR J1852-0000		283.16736	-0.00708	5776	e	1.921	593.1			
PSR J1759-2302		269.95513	-23.03556	5780	e	0.8107	889			
PSR J1844-0128		281.08748	-1.47382	5791	e	0.02914	368.2			DD
PSR J1856-0018_P		284.17458	-0.3	5792	e	0.2829	326.3			
PSR J1853+0259		283.31241	2.99664	5797	e	0.5856	292.4			
PSR J1857+07		284.25	7	5797	e	0.02912	159.6			
PSR J1843-0355		280.77776	-3.93239	5798	e	0.1323	797.7			
PSR J1819-1114		274.86992	-11.24528	5799	e	0.2942	309.7			
PSR J1846-0258		281.60392	-2.97503	5800	m	0.3266		SNR:Kes75	NRAD	
PSR J1811-0624		272.82536	-6.41039	5801	e	0.004146	158.8			ELL1
PSR J0821-4221		125.43598	-42.35707	5802	e	0.3967	270.6			
PSR J1838+0027_P		279.55417	0.45	5802	e	0.05413	205.9			
PSR J1639-46		249.8	-46.45	5803	e	0.5191	917			
PSR J1852-0111_P		283.10375	-1.18333	5804	e	1.902	457.1			
PSR J1543-5013		235.99271	-50.23278	5809	e	0.6443	211			
PSR J1845-0243_P		281.38458	-2.71667	5812	e	0.3453	747			
PSR J1928+1852		292.01437	18.88469	5812	e	0.7928	290			
PSR J1853+0011		283.37492	0.19183	5815	e	0.3979	568.8			
PSR J1535-4415		233.983	-44.25233	5818	e	0.4684	110.7			
PSR J1444-6026		221.02508	-60.43594	5823	e	4.759	367.7		RRAT	
PSR J1922+1730_P		290.525	17.5	5824	e	0.833	270.4			
PSR J1803-3002E		270.89225	-30.03639	5825	e	0.01793	192.8	GC:NGC6522		
PSR J1847-0130		281.89671	-1.51278	5825	e	6.707	667			
PSR J2014+10		303.5625	10.46667	5828	e	1.14	74			
PSR J1614-5402		243.70992	-54.04639	5829	e	0.5726	300			
PSR J2050+1259		312.73838	12.98583	5829	e	1.221	52.4			
PSR J1850-0006		282.69971	-0.10725	5831	e	2.191	655	SNR:G32.45+0.1(?)		
PSR J1901+0511		285.42879	5.18339	5831	e	4.6	410			
PSR J1907+0740		286.93385	7.67296	5833	e	0.5747	334.7			
PSR J1844-0127_P		281.07625	-1.45	5838	e	0.02914	368.1			
PSR J1908+0500		287.02133	5.01498	5841	e	0.291	201.2			
PSR J1819+0322		274.81349	3.37386	5842	e	0.7992	98.67			
PSR J1849+0009		282.42779	0.16678	5844	e	1.318	505.1			
PSR J1840+0214		280.14203	2.24853	5846	e	0.7975	182.4			
PSR J2105+28		316.5	28.48333	5848	e	0.4057	62.48			
PSR J1818+03_P		274.81346	3.38	5851	e	0.7992	98.7			
PSR J1907+0014_P		286.98625	0.23333	5851	e	0.02453	172.6			
PSR J1858+0239		284.575	2.66444	5859	e	0.1976	492.7			
PSR J0812-3905		123.06167	-39.09692	5860	e	0.4826	329.6			
PSR J1913+0618		288.32449	6.3023	5862	e	0.005027	156			DD
PSR J1750-3503		267.68542	-35.05247	5865	e	0.684	189.3			
PSR J1823-1347		275.85104	-13.79833	5873	e	0.6171	1044			
PSR J1849-0145_P		282.33708	-1.75	5874	e	0.6742	682.5			
PSR J1903+0601		285.83705	6.02595	5874	e	0.3741	386.1			
PSR J1849+0225_P		282.30417	2.41667	5875	e	1.475	259.9			
PSR J1924+1835_P		291.10375	18.58333	5877	e	0.201	282.6			
PSR J1551-5310		237.92083	-53.18347	5878	e	0.4534	491.6			
PSR J1837+0528_P		279.41875	5.46667	5879	e	0.00626	120.8			
PSR J0831-4406		127.88513	-44.10331	5883	e	0.3117	254			
PSR J1903+0534_P		285.87083	5.56667	5883	e	0.3577	407.7			
PSR J1841-0123_P		280.28583	-1.38333	5889	e	0.00379	308.2			
PSR J2008+3758		301.99458	37.97028	5892	e	4.352	143		RRAT	
PSR J1507-5800		226.7646	-58.01561	5893	e	0.8973	429.5			
PSR J1513-5739		228.49519	-57.65025	5897	e	0.9735	470.9			
PSR J1920+1817_P		290.11375	18.28333	5902	e	1.065	256			
PSR J1843-0207_P		280.95417	-2.11667	5907	e	0.4573	455.7			
PSR J1901+0320		285.26284	3.33819	5909	e	0.6366	394.8			
PSR J1801-3458		270.46942	-34.97694	5914	e	1.386	146			
PSR J1812-1910		273.14538	-19.1775	5920	e	0.431	892			
PSR J1903+0654		285.98033	6.91094	5922	e	0.7912	329			
PSR J1904+0852		286.23038	8.88606	5925	e	0.006197	195.2			
PSR J1855+0307		283.86105	3.12236	5927	e	0.8454	401.2			
PSR J1849+0430		282.4185	4.51022	5928	e	0.4211	191			
PSR J1855-0211_P		283.88333	-2.18333	5928	e		304		RRAT	
PSR J1843-0211		280.8763	-2.18399	5930	e	2.028	441.2			
PSR J1930+1408		292.57897	14.14872	5931	e	0.4257	212.1			
PSR J1945+2716_P		296.46833	27.26667	5936	e	2.398	94.9			
PSR J2021+3740_P		305.45542	37.66667	5939	e	0.5481	201.3			
PSR J1538-5519		234.67013	-55.32944	5940	e	0.3957	611			
PSR J1855+0228_P		283.9375	2.46667	5945	e	0.2532	530			
PSR J1902+0248		285.70942	2.81556	5945	e	1.224	272			
PSR J1337-6423		204.38285	-64.3847	5951	e	0.009423	259.9			ELL1
PSR J1834-0812		278.62417	-8.2	5953	e	0.4911	1020			
PSR J1901+0510		285.49125	5.17681	5954	e	0.6148	435.5			
PSR J2001-0349		300.47213	-3.82875	5961	e	1.345	67			
PSR J1248-6444		192.13696	-64.73333	5969	e	1.235	236.4			
PSR J1705-4108		256.335	-41.14556	5969	e	0.8611	1077			
PSR J1844-0310		281.1895	-3.17697	5972	e	0.525	836.1			
PSR J1910+0710		287.5578	7.17956	5974	e	0.5386	254.1			
PSR J1538-5551		234.68757	-55.86026	5978	e	0.1047	602.7			
PSR J1859+7654		284.9001	76.91545	5980	e	1.394	47.25			
PSR J1814-0618		273.67192	-6.30047	5990	e	1.378	168			
PSR J1234-3630		188.55	-36.51142	5991	e	0.5692	59.29			
PSR J2017+1933_P		304.48875	19.55	5998	e	0.3149	77.6			
PSR J1904+0207_P		286.18333	2.11667	5999	e	0.00504	229.9			
PSR J1616-5208		244.0975	-52.14667	6005	e	1.026	488			
PSR J2022+2112		305.61521	21.21073	6007	e	0.8036	73.52			
PSR J1908+0949_P		287.03333	9.81667	6008	e	0.00905	220.3			
PSR J1736-2819		264.10304	-28.32833	6011	e	1.592	261			
PSR J1917+0543_P		289.30917	5.71667	6022	e	0.00544	137.4			
PSR J1919+1502_P		289.99125	15.03333	6022	e	0.00365	232.6			
PSR J1843+2024		280.85908	20.41517	6027	e	3.407	85.3			
PSR J2006+3102		301.54583	31.03417	6028	e	0.1637	107.2	GRS:4FGL_J2006.2+3102	HE	
PSR J1646-4545		251.70692	-45.76106	6029	e	0.4318	1029			
PSR J1602-4957		240.57583	-49.95889	6030	e	0.82	319			
PSR J1843+0119		280.84958	1.32419	6032	e	1.267	252.1			
PSR J1858-0113_P		284.71667	-1.21667	6037	e	1.532	280		RRAT	
PSR J1618-36		244.63375	-36.06167	6043	e	0.005779	104			
PSR J1856-0105_P		284.13708	-1.08333	6043	e	0.8683	329.3			
PSR J1658-4958		254.72904	-49.98303	6045	e	0.4169	192.4			
PSR J1916+1244_P		289.01	12.73333	6045	e	0.1631	222.9			
PSR J1926+2016		291.57527	20.26698	6046	e	0.2991	247			
PSR J2205+1444		331.32186	14.74203	6046	e	0.938	36.72			
PSR J1935+1841_P		293.7625	18.68333	6053	e	5.529	290		RRAT	
PSR J1851+0051_P		282.91667	0.85	6054	e	4.027	575		RRAT	
PSR J2025+21_P		306.48563	21.61667	6060	e	0.6235	71.6			
PSR J1836-11		279.025	-11.28333	6066	e	0.4962	326			
PSR J1902+0235		285.62943	2.58743	6067	e	0.4154	280.5			
PSR J1849+2559		282.44815	25.99935	6068	e	0.5193	75			
PSR J1515-5720		228.78846	-57.34726	6069	e	0.2866	480.6			
PSR J1857+0229_P		284.32917	2.48333	6070	e	0.584	574		RRAT	
PSR J1931+1439		292.91847	14.66075	6072	e	1.779	243			
PSR J1824-1500		276.05875	-15.00917	6073	e	0.4122	571			
PSR J1839-0141		279.7791	-1.69889	6074	e	0.9333	293.2		RRAT	
PSR J1904+0603_P		286.21667	6.05	6075	e	1.975	413.2			
PSR J1906+0335_P		286.7	3.58333	6077	e	1.296	213		RRAT	
PSR J1424-6438		216.24667	-64.63611	6079	e	1.024	248			
PSR J1928+1245		292.18914	12.76483	6080	e	0.003022	179.2			ELL1
PSR J1902+0557_P		285.73333	5.95	6084	e		414		RRAT	
PSR J1710-37		257.625	-37.5	6085	e	0.7927	346			
PSR J1817-3837		274.25113	-38.63325	6086	e	0.3845	102.7			
PSR J1926+1803_P		291.66167	18.05	6090	e	1.035	315.5			
PSR J1806-2133		271.55	-21.565	6091	e	0.3286	989			
PSR J2016+3820		303.9	38.3	6098	e	0.231	198.4			
PSR J1845-0142_P		281.35417	-1.7	6099	e	0.1262	564			
PSR J1919+2621		289.92089	26.35818	6099	e	0.6515	96.5			
PSR J2156+2618		329.09877	26.30846	6102	e	0.4981	48.44			
PSR J1829-0734		277.27242	-7.57226	6111	e	0.3184	317.6			
PSR J1801-3210		270.35786	-32.18159	6113	e	0.007454	177.7			BT
PSR J1855-0941		283.81531	-9.68418	6114	e	0.3454	151.9			
PSR J1929+1615_P		292.4	16.25	6114	e	0.0446	308.7			
PSR J1845-0229B_		281.49083	-2.48333	6115	e	0.4631	846			
PSR J1902+0011_P		285.6675	0.18333	6117	e	0.00593	248.5			
PSR J1841+0235_P		280.47542	2.58333	6119	e	0.2586	193.6			
PSR J1803-3002F		270.89458	-30.04222	6120	e	0.1481	195.8	GC:NGC6522		
PSR J1851-0108_P		282.79417	-1.13333	6122	e	0.08708	669.6			
PSR J1834-1202		278.59617	-12.04026	6123	e	0.6103	342.9			
PSR J1838-0107		279.66426	-1.13018	6126	e	0.4444	268.9			
PSR J1614-5144		243.69042	-51.74694	6127	e	1.534	748			
PSR J1821-1419		275.39292	-14.32389	6129	e	1.656	1123			
PSR J1815-1910		273.76283	-19.16678	6133	e	1.25	547.8			
PSR J1916+1142A_		289.24583	11.7	6135	e		260		RRAT	
PSR J1920+1110		290.05546	11.18306	6135	e	0.5099	188.4			
PSR J1747-2647		266.87872	-26.78722	6136	e	0.5003	570			
PSR J1855+0033_P		283.7625	0.55	6138	e		554		RRAT	
PSR J1921+0921		290.47286	9.35839	6139	e	0.5623	139.5			
PSR J1418-5945		214.63458	-59.75	6140	e	1.673	369			
PSR J1835-0847		278.9405	-8.78889	6143	e	0.8465	850			
PSR J1936+13		294	12.98833	6144	e	0.00434	168			
PSR J1138-6154		174.58571	-61.91311	6147	e	0.6244	456			
PSR J1813-1749		273.39658	-17.83264	6147	e	0.04474	1087	SNR:12.8-0.0,GRS:HESS_J1813-178,XRS:CXOU	HE	
PSR J1918+1521_P		289.55667	15.35	6147	e	0.00407	237			
PSR J1452-6036		223.2162	-60.60872	6148	e	0.155	349.5			
PSR J1844-0256		281.22083	-2.90472	6150	e	0.273	824.8			
PSR J1904+0738		286.03139	7.64769	6156	e	0.209	278.3			
PSR J1633-4805		248.2725	-48.09333	6171	e	0.7108	1120			
PSR J1913+1330		288.32488	13.50911	6179	e	0.9234	175.6		RRAT	
PSR J1911+0310_P		287.825	3.16667	6183	e	1.333	167.7		RRAT	
PSR J1836+0117_P		279.04875	1.28333	6184	e	0.00381	178			
PSR J1920-0950		290.23304	-9.83361	6186	e	1.038	93			
PSR J1918+1311		289.69258	13.19014	6187	e	0.8567	244.5			
PSR J1851-0633		282.92352	-6.56344	6199	e	1.92	229.1			
PSR J1424-5556		216.05317	-55.93719	6206	e	0.7704	199			
PSR J1840+2843		280.12329	28.72047	6211	e	0.6861	63.7			
PSR J1846-0211_P		281.5525	-2.18333	6214	e	0.7882	838			
PSR J1845-0229A_		281.34417	-2.48333	6220	e	0.6577	832			
PSR J1433-6038		218.30492	-60.64297	6221	e	1.954	409			
PSR J0534-13		83.5	-13	6226	e	0.979	74.3			
PSR J1931+1428_P		292.95167	14.46667	6226	e	0.00261	241.3			
PSR J1839-0223		279.9918	-2.38597	6228	e	1.267	330			
PSR J1908-0022_P		287.09125	-0.36667	6231	e	0.4725	174.3			
PSR J1529-5102		232.3565	-51.04944	6232	e	1.268	193.8			
PSR J1910+0728		287.59201	7.47696	6236	e	0.3254	284			
PSR J1529-5355		232.49	-53.92667	6240	e	0.8913	292			
PSR J1857+0249_P		284.45375	2.81667	6243	e	1.55	604			
PSR J1825+0057_P		276.49625	0.95	6248	e	0.00602	128.9			
PSR J1859+0345		284.80296	3.76583	6251	e	1.512	559			
PSR J1856+0404		284.11083	4.07389	6252	e	0.4203	341.3			
PSR J1903+0925		285.97992	9.43194	6256	e	0.3572	162			
PSR J1857+0310_P		284.42333	3.16667	6263	e	0.1631	588.5			
PSR J1902+0938_P		285.54375	9.63333	6268	e	0.0454	147.3			
PSR J1347-5947		206.83006	-59.79425	6269	e	0.61	292.2			
PSR J1639-1126		249.98297	-11.43635	6275	e	1.431	103.8			
PSR J1808-3249		272.01875	-32.82601	6276	e	0.3649	147.3			
PSR J1855-0149_P		283.785	-1.81667	6284	e	0.00456	349.9			
PSR J1612-49		243.225	-49.45	6293	e	0.1927	439			
PSR J1919+0126_P		289.84583	1.43333	6301	e	0.0019	125.2			
PSR J1938+2012		294.667	20.21412	6301	e	0.002634	236.9			ELL1
PSR J1940-2403		295.125	-24.05	6306	e	1.855	63.3			
PSR J1911+0314_P		287.94667	3.23333	6312	e	0.5312	167.3			
PSR J1831-1329		277.98317	-13.49889	6314	e	2.166	338			
PSR J1853-0003_P		283.35	-0.05	6314	e	0.1715	667.2			
PSR J1856+0245		284.21208	2.76306	6318	e	0.08091	623.5	GRS:HESS_J1857+026,XRS:AX_J185651+0245		
PSR J1603-54		240.85	-54.15	6323	e	0.9608	472			
PSR J1911+1206_P		287.85208	12.1	6323	e	0.00344	181.7			
PSR J1834-0602		278.65821	-6.04306	6337	e	0.4879	445			
PSR J1540-5736		235.24592	-57.61583	6349	e	0.6129	304.5			
PSR J1413-5936		213.46094	-59.60228	6355	e	0.02168	366			?
PSR J1904+0004		286.05298	0.06808	6355	e	0.1395	233.2			
PSR J0002+6216		0.74238	62.26928	6357	m	0.1154	218.6	GRS:4FGL_J0002.8+6217,XRS:1XSPS_	HE	
PSR J1457-5902		224.38292	-59.03444	6366	e	0.3907	477.2			
PSR J1700-4422		255.22362	-44.37417	6366	e	0.7555	404.9			
PSR J1924+1509_P		291.14167	15.15	6366	e	0.2399	296.6			
PSR J1559-55		239.975	-55.61667	6369	e	1.301	345			
PSR J1901-0104_P		285.29458	-1.06667	6384	e	0.7395	261.2			
PSR J1854+36		283.5	36	6387	e	1.3	59.8			
PSR J1852+0305		283.13583	3.08472	6389	e	1.326	320			
PSR J1910-0112		287.56542	-1.20167	6391	e	1.361	178			
PSR J1325-6253		201.27038	-62.89433	6395	e	0.02897	303.3			DD
PSR J1554-5512		238.66875	-55.20917	6396	e	3.418	450			
PSR J1437-62		219.275	-62.83333	6403	e	0.778	323			
PSR J1822-1252		275.67375	-12.88028	6405	e	2.071	925			
PSR J1627-4706		246.86979	-47.11394	6407	e	0.1407	456.1			
PSR J1847-0048_P		281.94667	-0.8	6407	e	0.5825	667			
PSR J1701-3006A		255.30212	-30.10838	6410	m	0.005242	115	GC:M62(NGC6266),GC:M62		BT
PSR J1701-3006B		255.30278	-30.11362	6410	m	0.003594	113.3	GC:M62(NGC6266),GC:M62		BT
PSR J1701-3006C		255.3036	-30.11652	6410	m	0.007613	114.6	GC:M62(NGC6266),GC:M62		BT
PSR J1701-3006D		255.30648	-30.11191	6410	m	0.003418	114.2	GC:M62(NGC6266),GC:M62		BT
PSR J1701-3006E		255.30531	-30.11302	6410	m	0.003234	113.8	GC:M62(NGC6266),GC:M62		BT
PSR J1701-3006F		255.30343	-30.11437	6410	m	0.002295	113.3	GC:M62(NGC6266),GC:M62		BT
PSR J1701-3006G		255.30787	-30.11146	6410	m	0.004608	113.7	GC:M62(NGC6266),GC:M62		ELL1
PSR J1911+0921		287.9437	9.36578	6419	e	0.2737	340.1			
PSR J1948-27		297	-27	6426	e	0.332	57.85			
PSR J1152-6056		178.156	-60.93944	6429	e	2.449	381		RRAT(?)	
PSR J1842+1332		280.62466	13.53375	6430	e	0.4716	102.4			
PSR J1859+0601		284.94067	6.02947	6436	e	1.044	272.4			
PSR J1808-19		272.025	-19.61667	6437	e	0.1017	969			
PSR J1621-5243		245.48231	-52.72887	6442	e	0.3719	363.4			
PSR J1355-5747		208.90396	-57.7875	6443	e	2.039	229			
PSR J1909+0122_P		287.30097	1.38191	6446	e	1.257	185.9			
PSR J1955+3114_P		298.98875	31.23333	6447	e	0.00336	117.2			
PSR J1709-4342		257.37875	-43.70389	6449	e	1.736	281			
PSR J1846-0253_P		281.60917	-2.88333	6450	e	2.209	992			
PSR J2010+3051		302.51648	30.85525	6450	e	0.004816	133.8			ELL1
PSR J1937+1505		294.31796	15.08861	6451	e	2.873	237			
PSR J1916+07481		289.25375	7.81219	6455	e	0.8679	153.6			
PSR J1853-0054_P		283.47542	-0.9	6458	e	0.3083	442.9			
PSR J2004+3003_P		301.15083	30.05	6460	e	0.08074	124.3			
PSR J1308-5844		197.08783	-58.73717	6462	e	0.4647	205.6			
PSR J2009+3122_P		302.41667	31.36667	6465	e	0.07654	144.1			
PSR J1846-0500		281.61215	-5.00542	6468	e	0.4766	405.4			
PSR J1557-54		239.4375	-54.06667	6471	e	0.5838	714			
PSR J1903+0319_P		285.80833	3.31667	6471	e	1.854	307		RRAT	
PSR J1847+0148_P		281.78958	1.8	6474	e	0.6025	314.7			
PSR J1918+1540_P		289.57917	15.66667	6476	e	0.00428	271.2			
PSR J1956+2826_P		299.19583	28.43333	6476	e	0.07179	112			
PSR J1609-5158		242.36125	-51.97167	6477	e	1.279	1069			
PSR J1926+1452_P		291.72917	14.86667	6480	e	0.3045	298.1			
PSR J1557-5151		239.37208	-51.85233	6484	e	0.4082	464			
PSR J1814+2224		273.6246	22.41116	6484	e	0.2537	62.3			
PSR J1916+1225		289.08352	12.43165	6487	e	0.2274	265.3			
PSR J1901+0315_P		285.39167	3.25	6488	e	0.8198	410.5			
PSR J1929+1955		292.32321	19.91886	6491	e	0.2578	279.1			
PSR J1743-2442		265.83383	-24.71528	6494	e	1.243	239			
PSR J1850-0031		282.63912	-0.51917	6502	e	0.7342	895			
PSR J1941+4320		295.49548	43.33509	6505	e	0.8409	79.36			
PSR J1859+0026A_		284.99167	0.43333	6506	e	0.008572	334.1			
PSR J1859+0026_P		284.99167	0.43333	6506	e	0.00857	334.1			
PSR J1914+1428		288.72478	14.4795	6514	e	1.16	220.9			
PSR J1556-52		239.0375	-52.93333	6517	e	1.171	757			
PSR J1548-55		237.125	-55.9	6524	e	0.5414	446			
PSR J2015+3524_P		303.90875	35.4	6533	e	0.4575	227.9			
PSR J1717-3953		259.35646	-39.89861	6535	e	1.086	466			
PSR J1915+0601_P		288.98417	6.01667	6537	e	0.00401	151.8			
PSR J1924+1932_P		291.20417	19.53333	6542	e	0.3889	280.3			
PSR J1847-0052_P		281.79833	-0.86667	6543	e	0.3325	626.5			
PSR J1856+0102		284.11876	1.03628	6543	e	0.6202	554			
PSR J1853+0545		283.49338	5.76535	6545	e	0.1264	197.9			
PSR J1905+0558_P		286.26667	5.96667	6545	e	0.846	472		RRAT	
PSR J0847-4316		131.98888	-43.28244	6547	e	5.977	292.5		RRAT	
PSR J2015+3404_P		303.81042	34.06667	6557	e	0.00428	208			
PSR J2010+2845		302.52112	28.7581	6585	e	0.5654	112.5			
PSR J1358-59		209.74167	-59.33333	6594	e	0.3741	324			
PSR J1802-1745		270.56187	-17.75472	6598	e	0.5147	264.2			
PSR J1838-0655		279.51304	-6.92594	6600	e	0.0705		XRS:AX_J1838.0-0655,GRS:HESS_J1837-069	NRAD	
PSR J1901+0124		285.46899	1.41331	6600	e	0.3188	314.8			
PSR J2015+3423_P		303.94542	34.38333	6602	e	0.7846	219.1			
PSR J1654-26		253.6625	-26.605	6603	e	1.624	103.3			
PSR J1837+1221		279.27963	12.3652	6603	e	1.964	100.2			
PSR J1812-12		273.025	-12.9	6607	e	1.44	278			
PSR J1853+0312_P		283.3125	3.2	6607	e	0.4381	345			
PSR J1749+16		267.37083	16.48472	6612	e	2.312	57.7			
PSR J0026+6320		6.71067	63.33358	6619	e	0.3184	245.1			
PSR J1748-2446C		267.01892	-24.77667	6620	m	0.008436	237	GC:Terzan5		
PSR J1748-2446D		267.02	-24.77917	6620	m	0.004714	243.6	GC:Terzan5		
PSR J1748-2446E		267.02	-24.77917	6620	m	0.002198	236.6	GC:Terzan5		BT
PSR J1748-2446F		267.02	-24.77917	6620	m	0.00554	239.1	GC:Terzan5		
PSR J1748-2446G		267.02	-24.77917	6620	m	0.02167	237.3	GC:Terzan5		
PSR J1748-2446H		267.02	-24.77917	6620	m	0.004926	238	GC:Terzan5		
PSR J1748-2446I		267.02	-24.77917	6620	m	0.00957	238.6	GC:Terzan5		BT
PSR J1748-2446J		267.02	-24.77917	6620	m	0.08034	234.2	GC:Terzan5		BT
PSR J1748-2446K		267.02	-24.77917	6620	m	0.00297	234.5	GC:Terzan5		
PSR J1748-2446L		267.02	-24.77917	6620	m	0.002245	237.5	GC:Terzan5		
PSR J1748-2446M		267.02	-24.77917	6620	m	0.00357	238.5	GC:Terzan5		BT
PSR J1748-2446N		267.02	-24.77917	6620	m	0.008667	238.3	GC:Terzan5		BT
PSR J1748-2446O		267.02	-24.77917	6620	m	0.001677	236.2	GC:Terzan5		BT
PSR J1748-2446P		267.02	-24.77917	6620	m	0.001729	238.8	GC:Terzan5		BT
PSR J1748-2446Q		267.02	-24.77917	6620	m	0.002812	234.2	GC:Terzan5		BT
PSR J1748-2446R		267.02	-24.77917	6620	m	0.005029	237.4	GC:Terzan5		
PSR J1748-2446S		267.02	-24.77917	6620	m	0.006117	236.2	GC:Terzan5		
PSR J1748-2446T		267.02	-24.77917	6620	m	0.007085	237.8	GC:Terzan5		
PSR J1748-2446U		267.02	-24.77917	6620	m	0.003289	235.5	GC:Terzan5		BT
PSR J1748-2446V		267.02	-24.77917	6620	m	0.002073	238.7	GC:Terzan5		BT
PSR J1748-2446W		267.02	-24.77917	6620	m	0.004205	238.9	GC:Terzan5		BT
PSR J1748-2446X		267.02	-24.77917	6620	m	0.002999	239.8	GC:Terzan5		BT
PSR J1748-2446Y		267.02	-24.77917	6620	m	0.002048	238.8	GC:Terzan5		BT
PSR J1748-2446Z		267.02	-24.77917	6620	m	0.002463	238.8	GC:Terzan5		BT
PSR J1748-2446aa		267.02	-24.77917	6620	m	0.005788	237.4	GC:Terzan5		
PSR J1748-2446ab		267.02	-24.77917	6620	m	0.00512	242.2	GC:Terzan5		BT
PSR J1748-2446ac		267.02	-24.77917	6620	m	0.005087	238.7	GC:Terzan5		
PSR J1748-2446ad		267.02	-24.77917	6620	m	0.001396	235.6	GC:Terzan5		ELL1
PSR J1748-2446ae		267.02	-24.77917	6620	m	0.003659	238.6	GC:Terzan5		BT
PSR J1748-2446af		267.02	-24.77917	6620	m	0.003304	237.3	GC:Terzan5		
PSR J1748-2446ag		267.02	-24.77917	6620	m	0.004448	237.3	GC:Terzan5		
PSR J1748-2446ah		267.02	-24.77917	6620	m	0.004965	237.7	GC:Terzan5		
PSR J1748-2446ai		267.02	-24.77917	6620	m	0.02123	234	GC:Terzan5		BT
PSR J1748-2446aj		267.02088	-24.77635	6620	m	0.002959	238.6	GC:Terzan5		
PSR J1748-2446ak		267.01536	-24.77717	6620	m	0.00189	236.7	GC:Terzan5		
PSR J1748-2446al		267	-24.76667	6620	m	0.00595	236.5	GC:Terzan5		
PSR J1748-2446am		267.0201	-24.77978	6620	m	0.002934	238.2	GC:Terzan5		DD
PSR J1748-2446an		267.02358	-24.77834	6620	m	0.004802	237.7	GC:Terzan5		DD
PSR J1838-0453		279.5475	-4.89037	6629	e	0.3809	617.2			
PSR J2018+3431		304.72165	34.51681	6636	e	0.3877	222.3			
PSR J2013+3058		303.39272	30.98075	6641	e	0.276	148.7			
PSR J1837-0219		279.40635	-2.32533	6650	e	0.2723	306.3			
PSR J1849+0034_P		282.3425	0.56667	6652	e	1.105	487.1			
PSR J1801-0857K		270.46134	-8.95904	6659	e	0.00959	182.4	GC:NGC6517		
PSR J1857+0300		284.32046	3.00722	6665	e	0.7727	691			
PSR J1852-0834_P		283.07125	-8.56667	6667	e	0.2493	190.1			
PSR J1801-0857O		270.46155	-8.95927	6671	e	0.004287	182.5	GC:NGC6517		
PSR J1857-0117_P		284.29833	-1.28333	6680	e	1.223	353.9			
PSR J2000+2920		300.06878	29.33541	6683	e	3.074	132.3			
PSR J1801-0857N		270.46097	-8.95958	6687	e	0.004995	182.6	GC:NGC6517		
PSR J1901+0355		285.37838	3.93303	6687	e	0.5548	547			
PSR J1725-38		261.32917	-38.85	6689	e	0.3926	306.3			
PSR J1612-5136		243.0025	-51.615	6690	e	0.4833	1173			
PSR J1455-59		223.775	-59.38333	6693	e	0.1762	498			
PSR J1805-2032		271.40454	-20.5475	6693	e	0.4058	932			
PSR J1424-5822		216.13387	-58.38214	6696	e	0.3667	323.9			
PSR J1700-4012		255.16063	-40.21072	6704	e	0.2838	385			
PSR J1907+57		286.75	57	6706	e	0.424	54.63			
PSR J1850-0026		282.56131	-0.43656	6711	e	0.1666	947			
PSR J1858+0310_P		284.52083	3.16667	6716	e	0.3728	699.5			
PSR J1906+1854		286.68629	18.90236	6721	e	1.019	156.8			
PSR J1928-0548		292.09797	-5.80225	6721	e	0.02804	96			
PSR J1726-52		261.5	-52	6724	e	0.6318	119.7			
PSR J1932-3655		293.02553	-36.91716	6724	e	0.5714	59.74			
PSR J1628-4828		247.12875	-48.47833	6725	e	4.138	1209			
PSR J1648-3256		252.02523	-32.94478	6730	e	0.7195	128.3			
PSR J1943+2608_P		295.98292	26.13333	6730	e	0.6356	118.4			
PSR J1603-5657		240.88096	-56.96227	6735	e	0.4961	264.2			
PSR J2036+2835		309.19318	28.58623	6741	e	1.359	84.22			
PSR J1644-4657		251.16042	-46.96056	6747	e	0.126	718			
PSR J1801-0857M		270.46096	-8.95874	6747	e	0.005357	183.2	GC:NGC6517		
PSR J1941+2541_P		295.29208	25.68333	6752	e	1.055	122.5			
PSR J1810-1441		272.74651	-14.69267	6755	e	0.2172	304.9			
PSR J2013+3100_P		303.4875	31	6755	e	0.3685	158.4			
PSR J1900+0405_P		285.16667	4.08333	6763	e	0.07238	634.4			
PSR J1724-3505		261.19954	-35.09333	6769	e	1.222	875			
PSR J1947+1957		296.83098	19.95233	6769	e	0.1575	185.8			
PSR J2048+4951		312.23326	49.86473	6777	e	0.5683	222.8			
PSR J1906-1754		286.56162	-17.90953	6780	e	0.002876	98.09			ELL1
PSR J1406-4233		211.51996	-42.55572	6785	e	2.437	79.7			
PSR J1631-4722		247.99758	-47.36864	6793	e	0.1187	873.8	SNR:G336.7+0.5		
PSR J1519-5734		229.94829	-57.57044	6799	e	0.5188	654.7			
PSR J2007+3343_P		301.97083	33.71667	6806	e	0.00268	217.2			
PSR J1842-06		280.7	-6.35	6816	e	0.3608	539			
PSR J2003+3032_P		300.97417	30.53333	6817	e	0.00179	164.4			
PSR J1839-0905		279.97275	-9.08725	6827	e	0.419	344.5			
PSR J1833-0559		278.28167	-5.99028	6829	e	0.4835	346.7			
PSR J1746+2245		266.5035	22.75803	6832	e	3.465	49.85			
PSR J1921+1227_P		290.34167	12.45	6833	e	1.598	259		RRAT	
PSR J1900+30		285.075	30.88333	6839	e	0.6022	71.83			
PSR J1844+00		281.04583	0.58333	6842	e	0.4605	346.6			
PSR J1616-5109		244.12875	-51.15472	6843	e	1.22	1160			
PSR J1908+1351		287.14713	13.86111	6845	e	3.175	180.6			
PSR J1948-2730		297.24377	-27.51303	6849	e	0.3316	57.8			
PSR J2319+6411		349.89671	64.19049	6849	e	0.216	246.1			
PSR J1858+0453_P		284.7	4.88333	6850	e	3.761	429		RRAT	
PSR J1425-6210		216.28208	-62.16803	6851	e	0.5017	430.1			
PSR J1858+0026_P		284.52083	0.43333	6851	e	4.715	415.3			
PSR J1921+1216_P		290.26375	12.26667	6851	e	0.003	256.1			
PSR J2228+6447		337.16877	64.78872	6853	e	1.893	193.6			
PSR J1846+0153_P		281.64292	1.88333	6856	e	2.053	322.7			
PSR J1723-38		260.75	-38.33333	6858	e	0.7658	472			
PSR J1855+0339_P		283.925	3.65	6861	e	1.761	416.2			
PSR J1838+0044_P		279.54583	0.73333	6862	e	2.203	229.6			
PSR J1842-0153		280.74113	-1.89075	6870	e	1.054	427.2			
PSR J1615-5444		243.75496	-54.74233	6883	e	0.361	312.6			
PSR J1628-4804		247.11179	-48.08306	6888	e	0.866	952			
PSR J1957+2831		299.33082	28.52885	6891	e	0.3077	139	SNR:G65.1+0.6(?)		
PSR J1854+0317		283.62108	3.29194	6892	e	1.366	390			
PSR J1728-4028		262.11533	-40.46944	6905	e	0.8663	231			
PSR J1600-49		240.1	-49.65	6906	e	0.2875	328			
PSR J2007+3120		301.78755	31.34765	6906	e	0.6082	191.5			
PSR J1905+1034		286.33594	10.57436	6910	e	1.727	164			
PSR J1555-53		238.75	-53	6913	e	1.171	785			
PSR J1636-51		249.05833	-51.55	6914	e	0.3401	312.6			
PSR J1906+0724		286.59407	7.40633	6918	e	1.536	476.4			
PSR J0853-4648		133.33888	-46.81558	6919	e	0.4732	304			
PSR J1856+0011_P		284.2	0.18333	6921	e	0.9285	455.8			
PSR J1612-55		243.025	-55.15	6923	e	0.8469	312			
PSR J1550-5317		237.52	-53.28917	6933	e	1.421	600			
PSR J1946+3417		296.60471	34.28741	6938	e	0.00317	110.2		HE	DD
PSR J1850-0050_P		282.61375	-0.83333	6944	e	0.2215	1060			
PSR J2030+3641		307.50109	36.69087	6947	e	0.2001	246	GRS:4FGL_J2030.0+3641	HE	
PSR J1632-49		248.15	-49.08333	6957	e	0.4168	814			
PSR J1956+35_P		299.11558	35.74389	6964	e	0.8755	153.1			
PSR J1634-49		248.65	-49.86667	6965	e	0.6849	465			
PSR J1634-495		248.65	-49.96667	6965	e	0.3567	465			
PSR J2125+52_P		321.46158	52.30556	6970	e	5.801	262			
PSR J1854-0036		283.64897	-0.60906	6980	e	0.7169	491.9			
PSR J1959+3036_P		299.89375	30.6	6983	e	2.888	174.9			
PSR J1916+1142B_		289.24583	11.7	6987	e	1.188	318		RRAT	
PSR J2002+30		300.74167	30.58333	6987	e	0.4218	187.8			
PSR J1900+0438		285.05563	4.64633	6988	e	0.3123	627			
PSR J1923+1521_P		290.8	15.35	6995	e	1.049	346			
PSR J1101-6101		165.43733	-61.02767	7000	m	0.0628		SNR:G290.1-0.8(MSH_11-61A)	NRAD	
PSR J1400-6325		210.19037	-63.4285	7000	m	0.03118	563	GRS:IGR_J14003-6326,SNR:G310.6-1.6	HE	
PSR J1903+0327		285.77414	3.45534	7000	m	0.00215	297.5			DD
PSR J1930+1852		292.62554	18.87058	7000	m	0.1369	307.3	SNR:G54.1+0.3	HE	
PSR J0529-0715		82.28739	-7.25734	7001	e	0.6892	87.3			
PSR J1924+1446_P		291.225	14.76667	7007	e	1.09	336		RRAT	
PSR J1959+2758_P		299.81333	27.96667	7024	e	0.00515	142.8			
PSR J1409-6011		212.45133	-60.18986	7027	e	0.3006	448.6			
PSR J1906+0822_P		286.65833	8.36667	7037	e	0.4334	367.9			
PSR J1801-0857L		270.4566	-8.95224	7038	e	0.006057	185.7	GC:NGC6517		
PSR J1823-11		275.95	-11.8	7038	e	0.2862	725			
PSR J1538-5638		234.52375	-56.63667	7042	e	0.844	546			
PSR J1855+0205		283.92519	2.09344	7042	e	0.2468	867.3			
PSR J1845-1114		281.44077	-11.23633	7050	e	0.2062	210.3			
PSR J1857-0110_P		284.285	-1.16667	7051	e	0.4967	385.7			
PSR J1710-3946		257.7	-39.77167	7052	e	0.9773	1198			
PSR J1843-0744		280.77286	-7.74169	7052	e	0.4754	321			
PSR J2018+3518_P		304.70062	35.31274	7077	e	0.03132	267			ELL1
PSR J1913+1054_P		288.27917	10.9	7078	e	0.4506	338			
PSR J1917+1121_P		289.3625	11.35	7078	e	0.5103	303.5			
PSR J1859+0239B_		284.825	2.65	7079	e	0.849	624		RRAT	
PSR J1502-5828		225.6825	-58.47833	7092	e	0.6681	584			
PSR J1539-6322		234.85292	-63.38144	7094	e	1.631	163.5			
PSR J2030+31_P		307.55063	31.60639	7096	e	1.015	131.6			
PSR J1412-6145		213.03179	-61.75791	7097	e	0.3153	512.5			
PSR J1919+04_P		289.74613	4.00722	7099	e	0.00396	142.8			
PSR J2007+2722		301.81595	27.37998	7102	e	0.0245	126.8			
PSR J1836+0015_P		279.03	0.25	7107	e	0.6295	219.8			
PSR J1845-0743		281.48826	-7.72738	7122	e	0.1047	281			
PSR J1852+0056_P		283.05833	0.93333	7123	e	1.178	905.7			
PSR J1909+1148		287.38075	11.81663	7125	e	0.4489	199.8			
PSR J1915+1410		288.89757	14.18097	7128	e	0.2975	273.7			
PSR J2005+3154_P		301.32917	31.9	7128	e	0.7498	225		RRAT	
PSR J1908+0053_P		287.02833	0.88333	7133	e	0.5529	210.4			
PSR J1913+1102		288.37106	11.03493	7139	e	0.02729	339			DD
PSR J1649-4230		252.44433	-42.50592	7142	e	0.6764	374			
PSR J1754-3443		268.65559	-34.73196	7144	e	0.3617	188.2			
PSR J1852+0309_P		283.04583	3.15	7145	e	0.00558	358			
PSR J1915+1145		288.88801	11.76138	7150	e	0.1736	337.8			
PSR J2008+3139		302.16661	31.6576	7150	e	0.2261	223.9			
PSR J1903+1728_P		285.84333	17.46667	7157	e	1.717	150.3			
PSR J1747-4036		266.95298	-40.61522	7158	e	0.001646	152.9	GRS:4FGL_J1747.7-4037	HE	
PSR J1138-6207		174.59008	-62.13314	7183	e	0.1176	518.9			
PSR J1843-0128_P		280.88	-1.46667	7183	e	2.165	450.8			
PSR J1928+1815		292.03479	18.25841	7187	e	0.01055	346.1			
PSR J1355-5925		208.99627	-59.41686	7199	e	1.213	354.3			
PSR J1710-4148		257.59896	-41.80528	7200	e	0.2866	461			
PSR J1928+1816_P		292.04167	18.26667	7205	e	0.01054	346.3			
PSR J1634-5107		248.52079	-51.12933	7212	e	0.5074	373			
PSR J1827-0216_P		276.92792	-2.26667	7222	e	0.2855	186.6			
PSR J1611-4949		242.94418	-49.83248	7225	e	0.6664	555.7			
PSR J1821+0044_P		275.38208	0.73333	7227	e	0.00271	126.9			
PSR J1858+0215		284.57263	2.26056	7228	e	0.7458	702			
PSR J1901+00		285.38333	0.53333	7232	e	0.7777	340.3			
PSR J1252-6314		193.17764	-63.24227	7236	e	0.8233	276.7			
PSR J1958+3033		299.52842	30.56464	7250	e	1.099	201.9			
PSR J1857+0210		284.42042	2.18278	7259	e	0.631	783			
PSR J1950+2414		297.68777	24.24916	7269	e	0.004305	142.1	GRS:4FGL_J1950.6+2416	HE	DDGR
PSR J1904-1224		286.13867	-12.40037	7274	e	0.7508	118.3			
PSR J2240+5832		340.17891	58.54376	7275	e	0.1399	263.5		HE	
PSR J1850+0707_P		282.73875	7.11667	7279	e	0.03393	160.8			
PSR J1731-3123		262.75221	-31.39528	7280	e	0.753	354.5			
PSR J1341-6023		205.28034	-60.39326	7283	e	0.6273	364.9			
PSR J1406-6121		211.7085	-61.35775	7292	e	0.2131	537.3			
PSR J1803-3002A		270.89167	-30.03389	7300	m	0.007101	192.6	GC:NGC6522		
PSR J1803-3002B		270.89167	-30.03389	7300	m	0.004397	192.6	GC:NGC6522		
PSR J1803-3002C		270.89675	-30.03736	7300	m	0.00584	194.5	GC:NGC6522		
PSR J1803-3002D		270.89167	-30.03389	7300	m	0.00553	192.7	GC:NGC6522		
PSR J1824-2537		276.12745	-25.62194	7301	e	0.2233	158.5			
PSR J2009+3326		302.45483	33.43617	7303	e	1.438	263.6			
PSR J1914+1228_P		288.72917	12.46667	7304	e	2.278	312			
PSR J1356-5521		209.21046	-55.3536	7316	e	0.5074	174.2			
PSR J1339-6618		204.98583	-66.30217	7326	e	0.5582	241			
PSR J1817-1511		274.40083	-15.19417	7345	e	0.2246	970			
PSR J1855-0154_P		283.7875	-1.9	7345	e		417		RRAT	
PSR J1700-3312		255.22076	-33.21292	7348	e	1.358	166.7			
PSR J1955+2912_P		298.84583	29.2	7349	e	0.2795	193			
PSR J1637-4816		249.4945	-48.27	7355	e	0.8374	738			
PSR J1635-4944		248.98083	-49.74333	7358	e	0.672	474			
PSR J1724-4500		261.1075	-45.00417	7365	e	1.309	182			
PSR J1844-0202_P		281.00333	-2.03333	7373	e	0.7614	628			
PSR J1617-4216		244.34746	-42.28284	7384	e	3.428	164.4			
PSR J1836-0011_P		279.03958	-0.18333	7384	e	0.9396	237.5			
PSR J1838-01		279.625	-1.01389	7385	e	0.1833	311.9			
PSR J1937+34		294.375	34.06667	7391	e	1.749	98			
PSR J1848-0055		282.18958	-0.93139	7399	e	0.2746	1166			
PSR J1128-6219		172.19458	-62.31917	7400	e	0.516	675			
PSR J1853-0842A		283.26698	-8.70785	7400	m	0.002149	155.1	GC:NGC6712		BT
PSR J1906+0746		286.70358	7.77386	7400	m	0.1441	217.8			DD
PSR J1901+13		285.34583	13.56667	7409	e	0.741	152			
PSR J1816-0038_P		274.16208	-0.63333	7410	e	0.03065	125.2			
PSR J1344-6059		206.165	-60.99194	7414	e	0.5401	435			
PSR J1849-0200_P		282.49958	-2	7418	e	0.3268	883			
PSR J1641+3627C		250.42086	36.45076	7420	m	0.003722	30.13	GC:M13(NGC6205)		
PSR J1641+3627D		250.42665	36.45783	7420	m	0.003118	30.45	GC:M13(NGC6205)		ELL1
PSR J1641+3627E		250.42509	36.45971	7420	m	0.002487	30.54	GC:M13(NGC6205)		ELL1
PSR J1641+3627F		250.43586	36.47111	7420	m	0.003004	30.37	GC:M13(NGC6205)		ELL1
PSR J1955+2857_P		298.96958	28.95	7420	e	0.1889	197.2			
PSR J1613-5234		243.48954	-52.57139	7421	e	0.6552	624			
PSR J1558-5419		239.67271	-54.32389	7431	e	0.5946	657			
PSR J1524-5706		231.08925	-57.10962	7435	e	1.116	832			
PSR J1842-0148_P		280.62917	-1.8	7435	e	0.4289	450.9			
PSR J2003+2916		300.76331	29.26693	7444	e	1.01	209.5			
PSR J1906+0912		286.61869	9.21541	7445	e	0.7753	266			
PSR J2008+2755_P		302.07083	27.91667	7445	e	1.519	155.1			
PSR J1626-4807		246.67708	-48.13167	7459	e	0.2939	817			
PSR J1611-29		242.75	-29	7464	e	0.0096	83.03			
PSR J1914+0219_P		288.72292	2.31667	7467	e	2.018	161.4			
PSR J1949+3106		297.37349	31.10106	7468	e	0.01314	164.1			DDGR
PSR J1937+2950		294.44835	29.83383	7474	e	1.657	114			
PSR J1855+0306		283.90958	3.10631	7477	e	1.634	627			
PSR J1518+0204C		229.63662	2.07994	7480	m	0.002484	29.31	GC:M5(NGC5904),OPT:COM_M5C		ELL1
PSR J1518+0204D		229.62681	2.08325	7480	m	0.002988	29.37	GC:M5(NGC5904)		BT
PSR J1518+0204E		229.63876	2.07721	7480	m	0.003182	29.31	GC:M5(NGC5904)		BT
PSR J1518+0204F		229.63498	2.08669	7480	m	0.002654	29.41	GC:M5(NGC5904)		ELL1
PSR J1952+3021		298.08207	30.35556	7484	e	1.666	189.1			
PSR J1829-0116_P		277.43333	-1.26667	7496	e	1.653	189.9			
PSR J1536-3602		234.07233	-36.04979	7512	e	1.32	86.4			
PSR J1919+1113_P		289.8625	11.21667	7516	e	0.766	288		RRAT	
PSR J1942+3941		295.59188	39.69483	7537	e	1.353	104.5			
PSR J1344-5855		206.22104	-58.92355	7538	e	0.2524	294.1			
PSR J1638-4713		249.51083	-47.23161	7538	e	0.06574	1533	PWN:Potoroo,XRS:CXOU_J163802.6-4	HE	
PSR J1828+0218_P		277.2325	2.3	7539	e	0.00297	140.8			
PSR J1955+2930		298.78136	29.51383	7540	e	1.074	212.4			
PSR J1355-6206		208.83892	-62.10558	7542	e	0.2766	547			
PSR J1901+0234		285.36221	2.58094	7544	e	0.8852	404			
PSR J1524-5819		231.10271	-58.32058	7546	e	0.961	406.6			
PSR J1953+2819		298.39682	28.32764	7550	e	1.011	199			
PSR J1821-0331		275.43625	-3.52019	7555	e	0.9023	171.5			
PSR J1946+2611		296.69088	26.197	7555	e	0.4351	165			
PSR J1555-2908		238.91941	-29.14123	7559	e	0.001788	75.91	OPT:Gaia_ID6041127310076589056,G	HE	ELL1
PSR J1435-60		218.78333	-60.33333	7563	e	3.262	507.4			
PSR J1901+1316_P		285.33667	13.26667	7563	e	0.741	155.4			
PSR J1518+0204G		229.6197	2.08751	7565	e	0.00275	29.39	GC:M5(NGC5904)		ELL1
PSR J2010+31		302.64583	31.83333	7566	e	1.552	252			
PSR J1614-52		243.675	-52.33333	7572	e	0.5099	673			
PSR J1852+0158_P		283.18333	1.96667	7585	e	0.1857	607.5			
PSR J1913+3732		288.36622	37.53676	7585	e	0.8511	72.33			
PSR J1953+2732		298.2825	27.54672	7585	e	1.334	194.2			
PSR J1833+0050_P		278.48458	0.83333	7594	e	0.9037	190.9			
PSR J1940+2231_P		295.22917	22.51667	7596	e	5.682	198		RRAT	
PSR J1903+0415		285.868	4.25211	7598	e	1.151	481.9			
PSR J0952-0607		148.03467	-6.12319	7600	m	0.001414	22.41	GRS:4FGL_J0952.1-0607	HE	ELL1
PSR J1905+0154A		286.31417	1.90917	7600	m	0.003193	193.7	GC:NGC6749		ELL1
PSR J1944+2236		296.00446	22.60628	7600	e	0.003618	185.4			
PSR J1353-6341		208.37927	-63.69197	7607	e	2.076	439			
PSR J1845-0118_P		281.28542	-1.3	7620	e	1.719	573.5			
PSR J1907+1149		286.90742	11.82697	7622	e	1.42	202.8			
PSR J1909+0912		287.33286	9.21483	7630	e	0.223	423.1			
PSR J2229+40		337.25	40.43333	7631	e	0.2729	74			
PSR J2222+2923		335.76343	29.39962	7634	e	0.2814	49.41			
PSR J1425-5759		216.49629	-57.98617	7635	e	0.7079	325			
PSR J1905+1200_P		286.28042	12	7642	e		183.5		RRAT	
PSR J1843-0137		280.80262	-1.62953	7647	e	0.6699	486			
PSR J2048+2255		312.19112	22.91814	7647	e	0.2839	70.69			
PSR J1834+0148_P		278.67667	1.8	7649	e	0.162	179.4			
PSR J1134-6207		173.51529	-62.11894	7653	e	0.689	662			
PSR J1835+0158_P		278.84167	1.96667	7661	e	0.00332	181.5			
PSR J1859+00		284.94583	0.63333	7664	e	0.5596	423			
PSR J1942+2604_P		295.63792	26.06667	7664	e	2.642	161			
PSR J1554-4854		238.67783	-48.90042	7665	e	0.4648	255.6			
PSR J1913+1000		288.26496	10.00067	7671	e	0.8372	423			
PSR J2004+2653		301.24592	26.89456	7672	e	0.6659	160			
PSR J1517-4636		229.37246	-46.60008	7674	e	0.8866	127			
PSR J1949+2731_P		297.33958	27.51667	7681	e	0.8471	190.4			
PSR J1429-5935		217.35792	-59.59969	7686	e	0.7639	457			
PSR J1802+0128		270.61437	1.47325	7686	e	0.5543	97.97			
PSR J1841+0217_P		280.27083	2.28333	7694	e	0.2967	233.4			
PSR J1833-1055		278.49333	-10.92528	7698	e	0.6336	543			
PSR J1934+5219		293.59951	52.33266	7708	e	0.5684	71.26			
PSR J1951+2857_P		297.85625	28.95	7716	e	1.625	208.3			
PSR J1907+0658_P		286.89167	6.96667	7717	e	0.2183	523			
PSR J1905+0849_P		286.26083	8.81667	7722	e	1.034	257.8			
PSR J2001+2856_P		300.28833	28.93333	7726	e	1.446	233.1			
PSR J1635-4513		248.98083	-45.22417	7735	e	1.595	416			
PSR J1838-0014_P		279.54958	-0.23333	7739	e	0.3604	282.8			
PSR J1845-0144_P		281.42833	-1.73333	7752	e	0.594	937.7			
PSR J1857+0214		284.28086	2.24367	7758	e	0.3339	982			
PSR J1842+0357_P		280.6475	3.95	7762	e	0.6725	194.1			
PSR J1914+1054_P		288.52917	10.9	7768	e	0.1389	418.7			
PSR J1822+1120		275.56083	11.34894	7776	e	1.787	95.2			
PSR J1943+5815		295.84656	58.26474	7780	e	1.271	71			
PSR J1923+1143_P		290.90833	11.71667	7783	e	0.3712	260.6			
PSR J1644-33		251	-33	7786	e	0.397	130.3			
PSR J2042+4353_P		310.72167	43.88333	7788	e	0.01602	292.6			
PSR J1856+1059_P		284.01083	10.98333	7795	e	0.3114	145.9			
PSR J1952+2702_P		298.075	27.03333	7803	e	0.00414	213.1			
PSR J1954+2529		298.58215	25.49093	7803	e	0.9312	182.7			DD
PSR J1957+2711_P		299.39917	27.18333	7808	e	0.02337	210.4			
PSR J1803-3329		270.93522	-33.48631	7810	e	0.6334	170.9			
PSR J2026+3656_P		306.71917	36.93333	7821	e	1.786	280.7			
PSR J1604-44		241.13333	-44.71667	7834	e	1.389	175			
PSR J1636-2614		249.04794	-26.24639	7839	e	0.5105	92.72			
PSR J1839-0321		279.90633	-3.353	7850	e	0.2388	450.5			
PSR J1954+2732_P		298.63667	27.53333	7854	e	0.7378	228.5			
PSR J2000+2806_P		300.16542	28.1	7854	e	0.7299	225.5			
PSR J1407-6048		211.99433	-60.81633	7860	e	0.4923	575.2			
PSR J1822+2617		275.68675	26.29079	7861	e	0.5914	64.7			
PSR J1957+2754_P		299.30667	27.9	7863	e	0.00331	233.7			
PSR J1502-6752		225.57756	-67.87132	7866	e	0.02674	152.2			ELL1
PSR J1900+1017_P		285.145	10.28333	7867	e	0.3715	167.9			
PSR J1831+0101_P		277.91167	1.01667	7870	e	0.1823	173			
PSR J1842+0114_P		280.55417	1.23333	7884	e	4.14	307		RRAT	
PSR J1913+1037_P		288.47083	10.61667	7887	e	0.4342	437			
PSR J1849+1043_P		282.46833	10.71667	7891	e	0.9714	134.2			
PSR J1916+1023		289.15379	10.38417	7894	e	1.618	341.8			
PSR J1849+0037_P		282.36667	0.61667	7900	e	0.3965	611.5			
PSR J1910+1117_P		287.6125	11.28333	7901	e	1.322	296.5			
PSR J1843-0147_P		280.875	-1.78333	7904	e		531		RRAT	
PSR J1914+0905_P		288.72708	9.08333	7906	e	0.6172	296.7			
PSR J1807+0756		271.96348	7.94539	7914	e	0.4643	89.29			
PSR J1948+2314_P		297.16667	23.23333	7917	e	1.471	184		RRAT	
PSR J1851-0241		282.81358	-2.69194	7922	e	0.4352	515			
PSR J1940+26		295.05417	26.01667	7924	e	0.004814	171.6			
PSR J1941+1026		295.38473	10.44044	7926	e	0.9054	138.9			
PSR J1513-6013		228.47508	-60.22403	7927	e	1.959	322.7			
PSR J1841-0157		280.48411	-1.96452	7931	e	0.6633	475.2			
PSR J1925-16		291.275	-16.01667	7935	e	3.886	88		RRAT	
PSR J1849-0040		282.29271	-0.67222	7939	e	0.6725	1268			
PSR J1745-23		266.375	-23.41667	7941	e	0.005417	244.9			BT
PSR J1951+2528_P		297.8625	25.46667	7942	e	0.00231	205.1			
PSR J1916+3224		289.01445	32.41103	7946	e	1.137	84.11			
PSR J1950+2728_P		297.5875	27.46667	7948	e	1.67	226.6			
PSR J1828-1336		277.17854	-13.6125	7951	e	0.8603	494.7			
PSR J1943+2700_P		295.9625	27	7951	e	2.479	187.4			
PSR J1904-0036_P		286.18917	-0.6	7962	e	0.3971	254.3			
PSR J1745-2910		266.31667	-29.16667	7968	e	0.982	1088			
PSR J1939+2425_P		294.75833	24.41667	7968	e	0.00578	186.9			
PSR J1929+6630		292.25	66	7973	e	0.806	59.6			
PSR J1759-1940		269.98767	-19.67472	7985	e	0.2547	302.7			
PSR J1943+2205_P		295.92	22.08333	7986	e	0.00468	211.2			
PSR J1943+2206		295.93187	22.10924	7991	e	0.004682	211.1			ELL1
PSR J1523-3235		230.90708	-32.59503	7997	e	1.505	72.3			
PSR J1910+0225		287.54318	2.42349	8002	e	0.3379	209.6			
PSR J1823-3021C		275.92147	-30.36068	8020	m	0.4059	86.57	GC:NGC6624		
PSR J1823-3021D		275.91888	-30.36213	8020	m	0.00302	86.92	GC:NGC6624		
PSR J1823-3021E		275.91221	-30.37286	8020	m	0.004394	91.4	GC:NGC6624		
PSR J1823-3021F		275.91946	-30.36108	8020	m	0.00485	86.7	GC:NGC6624		
PSR J1823-3021G		275.91967	-30.3599	8020	m	0.006091	86.19	GC:NGC6624		DD
PSR J1823-3021H		275.91867	-30.36108	8020	m	0.00513	86.85	GC:NGC6624		
PSR J1947+10		296.9	10.7	8027	e	1.111	128.8			
PSR J2044+3843_P		311.13	38.71667	8028	e		230		RRAT	
PSR J1956+2911_P		299.15	29.18333	8036	e	3.816	265		RRAT	
PSR J1211-6324		182.85085	-63.41249	8038	e	0.4331	333.5			
PSR J1948+2333		297.08049	23.5509	8048	e	0.5284	198.2			
PSR J1952+2818_P		298.15292	28.3	8056	e	0.00309	250.2			
PSR J1914+0838		288.61021	8.64587	8070	e	0.44	290.7			
PSR J1936+21		294.04583	21.15	8072	e	0.643	262.4			
PSR J1830-0206_P		277.67	-2.1	8073	e	1.055	221.9			
PSR J1808-1020		272.19014	-10.34675	8075	e	0.597	225.3			
PSR J1945+2706_P		296.46792	27.1	8078	e	0.8192	213.1			
PSR J1745-2912		266.44929	-29.20855	8081	e	0.1874	1110			
PSR J1940+2245		295.11518	22.76295	8081	e	0.2589	222.4			
PSR J2000+3157_P		300.01417	31.95	8081	e	0.0035	270			
PSR J1735-28		263.8	-28.6	8082	e	0.4286	279			
PSR J1949+2306		297.2805	23.11542	8102	e	1.319	196.3			
PSR J1909+1132_P		287.40417	11.53333	8103	e	0.0068	276.1			
PSR J1933+2401_P		293.4	24.01667	8113	e		185		RRAT	
PSR J1834-1855		278.69142	-18.93306	8116	e	1.466	185.2			
PSR J1536-5907		234.07383	-59.11767	8135	e	0.5578	316			
PSR J1747-2809		266.845	-28.15417	8141	e	0.05215	1133	XRS:CXOU_J174722.8-280915,SNR:G0.9+0.1		
PSR J1746-2856		266.70773	-28.94972	8142	e	0.9452	1168			
PSR J1423-62		215.9	-63.75	8143	e	1.671	382			
PSR J1911+0925		287.9978	9.42561	8146	e	0.3239	486.6			
PSR J1619-42		244.775	-42.03333	8148	e	1.023	172			
PSR J1823-1526		275.83925	-15.43944	8153	e	1.625	611			
PSR J1917+0615_P		289.33454	6.25811	8159	e	0.003968	172.5			ELL1
PSR J1832-28		278.125	-28.71667	8167	e	0.1993	127			
PSR J1904+0050_P		286.03167	0.83333	8174	e	0.4962	305.5			
PSR J1955+2527		298.99748	25.45096	8176	e	0.004873	210			
PSR J1755-3716		268.89769	-37.26966	8178	e	0.01279	167.6			ELL1
PSR J2124+34		321	34.45	8188	e	0.489	85			
PSR J1746-2849		266.51399	-28.83705	8193	e	1.478	1456			
PSR J1748-2021B		267.22064	-20.36079	8200	m	0.01676	220.9	GC:NGC6440		BT
PSR J1748-2021C		267.21322	-20.36495	8200	m	0.006227	226.9	GC:NGC6440		
PSR J1748-2021D		267.21519	-20.35206	8200	m	0.0135	225	GC:NGC6440		BT
PSR J1748-2021E		267.22	-20.35816	8200	m	0.01626	224.1	GC:NGC6440		
PSR J1748-2021F		267.21806	-20.36093	8200	m	0.003794	220.4	GC:NGC6440		BT
PSR J1757-2745		269.47826	-27.76116	8203	e	0.01769	334			
PSR J1913+0832		288.25208	8.53475	8204	e	0.1344	355.9			
PSR J1407-6153		211.98542	-61.89972	8205	e	0.7016	645			
PSR J1900+0732_P		285.0625	7.53333	8213	e	1.709	226		RRAT	
PSR J1907+0255		286.82458	2.91742	8217	e	0.6188	257			
PSR J1907+0918		286.8435	9.30854	8221	e	0.2261	357.8			
PSR J1955-0907		298.9875	-9.12056	8226	e	0.484	72		RRAT	
PSR J1921+1259_P		290.325	12.98333	8229	e	0.5732	366.3			
PSR J1917+0743		289.35797	7.7213	8231	e	0.8135	198.9			
PSR J1850+0423		282.59762	4.38589	8234	e	0.2907	265.8			
PSR J1854-0033_P		283.625	-0.55	8234	e	0.3615	617.5			
PSR J1746-2829		266.5625	-28.49222	8235	e	1.889	1309			
PSR J1804-2858		271.00635	-28.97961	8235	e	0.001493	232.5			
PSR J1408-6009		212.05917	-60.16625	8237	e	0.5676	546			
PSR J1854-05		283.55	-5.2	8243	e	1.28	275			
PSR J1837-1243		279.28921	-12.73222	8268	e	1.876	300			
PSR J1902+1234_P		285.70458	12.56667	8268	e	0.4742	179.9			
PSR J2116+4906_P		319.24375	49.1	8272	e	1.602	293.2			
PSR J1231-6303		187.80417	-63.055	8278	e	1.351	301			
PSR J1848+12		282.125	12.90778	8279	e	0.7547	127.9			
PSR J1908+0839		287.07713	8.66644	8283	e	0.1854	512			
PSR J1909+0749		287.28417	7.82556	8286	e	0.2372	539.4			
PSR J1745-2900		266.41736	-29.0083	8300	m	3.764	1778	XRS:SGR_J1745-29	AXP,HE	
PSR J1918+26		289.625	26.91667	8302	e	0.723	113			
PSR J1626-44		246.75	-44.36667	8306	e	0.3084	269.2			
PSR J1907+0833		286.98768	8.56666	8309	e	0.1676	511.7			
PSR J1946+2535		296.70458	25.59764	8309	e	0.5152	248.8			
PSR J1836-0517		279.105	-5.29306	8312	e	0.4572	564			
PSR J1943+2446_P		295.77833	24.76667	8321	e	0.00559	237.4			
PSR J1943+2847_P		295.90208	28.78333	8325	e	0.0063	191.6			
PSR J1919+0727_P		289.79667	7.45	8332	e	0.8668	183.6			
PSR J1914+0625		288.53483	6.41694	8344	e	0.8789	204.3			
PSR J1933+2315_P		293.4125	23.25	8347	e	1.167	216.4			
PSR J1834-0633		278.62187	-6.55031	8355	e	0.3173	707			
PSR J2153+44_P		328.3285	45.11889	8362	e	2.893	143			
PSR J1853+0505		283.26817	5.09058	8370	e	0.9051	279			
PSR J1831+0222_P		277.93875	2.36667	8372	e	2.315	160			
PSR J1909+0930_P		287.44583	9.5	8377	e	2.021	479.6			
PSR J1843-0050		280.903	-0.83611	8380	e	0.7826	507			
PSR J1935+1159		293.81698	11.98589	8386	e	1.94	188.8			
PSR J1852+0421_P		283.01708	4.35	8393	e	3.161	294.3			
PSR J1902-0107_P		285.65333	-1.11667	8394	e	0.00613	290.2			
PSR J1838-1849		279.64079	-18.83306	8397	e	0.4882	169.9			
PSR J1119-6127		169.80958	-61.46375	8400	m	0.408	704.8	GRS:4FGL_J1119.1-6127,SNR:G292.2	HE	
PSR J1911+0101B		287.80239	1.03068	8400	m	0.005384	196.7	GC:NGC6760		
PSR J2111+2106		317.88804	21.10194	8410	e	3.954	59.3			
PSR J1952+2513		298.08641	25.22892	8418	e	1.078	246.9			
PSR J1909+1338_P		287.31917	13.63333	8425	e	3.865	234.6			
PSR J1916+38		289.125	38.8	8426	e	0.514	77			
PSR J1916+0740		289.0643	7.6781	8434	e	0.01122	219.9			ELL1
PSR J1716-3811		259.12342	-38.1855	8436	e	0.8291	1219			
PSR J1916+0741_P		289.07083	7.68333	8442	e	0.01122	220.1			
PSR J1901-0315		285.31804	-3.25397	8447	e	0.8017	242.6			
PSR J2140-2310A		325.09336	-23.18022	8460	m	0.01102	25.06	GC:M30(NGC7099)		ELL1
PSR J2140-2311B		325.09167	-23.17972	8460	m	0.01299	25.09	GC:M30(NGC7099)		
PSR J1944+1934_P		296.24792	19.56667	8462	e	3.445	241.4			
PSR J1208-5936		182.1126	-59.60569	8463	e	0.02871	344.4			?
PSR J1537-5645		234.4625	-56.75111	8465	e	0.4305	707			
PSR J1914+0659		288.57353	7.01972	8468	e	0.01851	225.3			
PSR J1940+2337		295.14786	23.62958	8468	e	0.5468	252.1			
PSR J1413-6141		213.29112	-61.68694	8469	e	0.2856	667.6			
PSR J1933+2038_P		293.425	20.63333	8471	e	0.04075	302.9			
PSR J1843-0310_P		280.79917	-3.16667	8492	e	0.2852	1290			
PSR J1244-6359		191.19872	-63.9965	8497	e	0.1473	286			DD
PSR J1717+4308A		259.27707	43.1343	8500	m	0.00316	35.42	GC:NGC6341(M92),GC:M92		BTX
PSR J1908+0233_P		287.17708	2.55	8501	e	0.9692	237.8			
PSR J1847-0443		281.96604	-4.72672	8516	e	0.3408	455			
PSR J1314-6101		198.5975	-61.02111	8539	e	2.948	309			
PSR J1437-5959		219.25796	-59.98372	8543	e	0.0617	549.6	SNR:G315.9-0.0,PWN:G315.78-0.23		
PSR J1936+1952_P		294	19.86667	8580	e	0.00972	325			
PSR J1938+2659		294.66323	26.98749	8580	e	0.8833	191.2			
PSR J1946+2433_P		296.72042	24.55	8584	e	0.00857	275.2			
PSR J1900+0634		285.11695	6.57247	8595	e	0.3899	323.6			
PSR J2044+28		311	28	8599	e	1.618	90.3			
PSR J2011+3331		302.77053	33.52351	8602	e	0.9317	298.6			
PSR J1557-4258		239.25107	-42.97018	8614	e	0.3292	144.5			
PSR J1925+19		291.35833	19.12667	8623	e	1.916	333.2			
PSR J1900+0715_P		285.09167	7.25	8628	e	0.9704	266.1			
PSR J1939+2452_P		294.79083	24.86667	8629	e	2.403	240.5			
PSR J1911+0329_P		287.84042	3.48333	8637	e	0.05823	210.1			
PSR J1935+1829		293.92879	18.49114	8639	e	0.8435	343.9			
PSR J1842-0309		280.57925	-3.16278	8642	e	0.4049	955			
PSR J1612-53		243.10833	-53.5	8644	e	0.7321	573.8			
PSR J1924+1917		291.10921	19.29011	8654	e	1.278	320.3			
PSR J1811-1049		272.82112	-10.8175	8666	e	2.624	253.3			
PSR J1950+3001		297.72367	30.02853	8668	e	2.789	249			
PSR J1704-5236		256.16904	-52.6159	8696	e	0.2307	163.8			
PSR J1841-0053_P		280.35833	-0.88333	8696	e	1.433	439.5			
PSR J1948+2551		297.07325	25.86443	8698	e	0.1966	289.3			
PSR J1926+0737		291.64058	7.61867	8722	e	0.3181	159			
PSR J1854-0514		283.5767	-5.24058	8723	e	1.28	281.1			
PSR J1901+0435		285.38417	4.58972	8725	e	0.6906	920			
PSR J1919+1341_P		289.84583	13.68333	8729	e	0.01166	394.5			
PSR J1907+0249		286.92512	2.82806	8749	e	0.3519	261			
PSR J1409-6953		212.32042	-69.89289	8752	e	0.5286	167.6			
PSR J1855+0511_P		283.8	5.18333	8770	e	1.421	307.5			
PSR J1935+2200		293.7791	22.00443	8772	e	0.912	293.7			
PSR J0141+63		25.25	63.13333	8774	e	0.04669	272.8			
PSR J1937+1941_P		294.3175	19.68333	8776	e	0.1668	333.8			
PSR J1905+0600		286.26806	6.01685	8781	e	0.4412	728.4			
PSR J1921+34		290.25	34.11667	8782	e	1.451	89			
PSR J0141+6303		25.44066	63.06374	8788	e	0.04668	272.8			
PSR J1835-0522		278.78383	-5.36889	8790	e	1.088	456			
PSR J1848-0511		282.06254	-5.19389	8799	e	1.637	418			
PSR J1901+1140_P		285.31125	11.66667	8800	e	0.3407	183.3			
PSR J1938+2010		294.53475	20.18103	8812	e	0.6871	327.7			
PSR J1753-38		268.25	-38.81667	8815	e	0.6668	167.6		RRAT	
PSR J2053+4718		313.43954	47.31536	8817	e	4.91	331.3			
PSR J1750-2043		267.57667	-20.71889	8838	e	5.639	239			
PSR J2042+4550_P		310.53625	45.83333	8845	e	0.5484	298.6			
PSR J1908+0909		287.03096	9.15329	8862	e	0.3366	466			
PSR J1929+2355_P		292.43667	23.91667	8872	e	0.00479	206.8			
PSR J1915+0639		288.97636	6.66284	8881	e	0.6441	212.3			
PSR J1649-3805		252.451	-38.09961	8900	e	0.262	214.4			
PSR J1922+37		290.5125	37.76667	8901	e	1.92	85	OC:NGC6791		
PSR J1901+0712_P		285.375	7.2	8903	e	1.038	332.4			
PSR J1935+1901_P		293.95833	19.01667	8924	e	0.897	365		RRAT	
PSR J1829+25		277.25	25	8926	e	2.857	74			
PSR J1951+2352_P		297.84083	23.86667	8931	e	0.04839	259.2			
PSR J1331-5245		202.75004	-52.75706	8933	e	0.6481	148.4			
PSR J1859+0430		284.78646	4.50519	8942	e	0.3363	782.9			
PSR J1753-0006_P		268.25833	-0.1	8944	e	0.2633	101			
PSR J1938+2302_P		294.54846	23.03338	8945	e	0.05276	303.4			DD
PSR J1814+0045_P		273.54333	0.75	8950	e	0.00231	124			
PSR J2044+4614		311.245	46.24833	8952	e	1.393	315.4			
PSR J1937+1912_P		294.47708	19.2	8955	e	0.00509	345.5			
PSR J1934+2341_P		293.5125	23.68333	8956	e		252		RRAT	
PSR J1824-2328		276.11933	-23.47139	8965	e	1.506	195.4			
PSR J1927+1940_P		291.82083	19.66667	8966	e		347		RRAT	
PSR J1819-1408		274.98667	-14.13378	8967	e	1.788	1075			
PSR J1743-3153		265.81493	-31.88513	8977	e	0.1931	507.1			
PSR J1909+0423_P		287.38208	4.38333	8977	e	0.5116	254.9			
PSR J2016+4231		304.2	42.5	8978	e	1.244	222			
PSR J1744-5337		266.16224	-53.63049	8980	e	0.3557	109.7			
PSR J1220-6318		185.07427	-63.31291	8983	e	0.7892	349.8			
PSR J2041+46_P		310.37912	45.86556	8987	e	1.16	307.7			
PSR J1913+0655_P		288.39958	6.91667	8990	e	0.7544	256.8			
PSR J1050-5953		162.52967	-59.88928	9000	m	6.452		XRS:1E_1048.1-5937	AXP,NRAD	
PSR J2027+4557		306.81764	45.96586	9004	e	1.1	229.6			
PSR J1859+0603		284.92555	6.06514	9005	e	0.5086	379			
PSR J1846-05		281.55	-5.48333	9006	e	1.445	474			
PSR J1856+0528_P		284.09583	5.46667	9031	e		307		RRAT	
PSR J2041+4551		310.25	45.84944	9033	e	1.16	310			
PSR J1921+1544		290.44363	15.73818	9038	e	0.1436	385			
PSR J1951+2329_P		297.75583	23.48333	9051	e	1.826	260			
PSR J1855-0054_P		283.8375	-0.9	9059	e		577		RRAT	
PSR J1722-4400		260.69382	-44.00922	9067	e	0.2186	219.3			
PSR J1905+0414		286.25	4.23333	9081	e		383		RRAT	
PSR J1922+1511_P		290.59583	15.18333	9085	e	2.357	395			
PSR J1809-0116_P		272.42958	-1.26667	9093	e	1.887	128.5			
PSR J0137+6349		24.30569	63.82621	9097	e	0.718	285.5			
PSR J1737-0314A		264.39953	-3.24299	9100	m	0.00198	82.1	GC:M14(NGC6402)		BT
PSR J1737-0314B		264.40042	-3.24583	9100	m	0.00852	81	GC:M14(NGC6402)		
PSR J1737-0314C		264.40042	-3.24583	9100	m	0.00846	80	GC:M14(NGC6402)		
PSR J1737-0314D		264.40042	-3.24583	9100	m	0.00289	78.8	GC:M14(NGC6402)		
PSR J1737-0314E		264.40042	-3.24583	9100	m	0.00228	80.4	GC:M14(NGC6402)		
PSR J1917+1551_P		289.28042	15.85	9112	e	0.8093	326.7			
PSR J1904+33		286	33	9134	e	0.417	81.04			
PSR J1624+8643		246.13635	86.72034	9144	e	0.3958	46.55			
PSR J2006+2205		301.68667	22.09057	9172	e	1.742	130.5			
PSR J1845-1351		281.29792	-13.86514	9173	e	2.619	197.4			
PSR J1853+0353_P		283.37083	3.88333	9185	e		379		RRAT	
PSR J1929+3817		292.27922	38.29931	9192	e	0.8142	93.4			
PSR J1801-0857A		270.46088	-8.95886	9200	m	0.007176	182.7	GC:NGC6517		
PSR J1801-0857B		270.46069	-8.95913	9200	m	0.02896	182.4	GC:NGC6517		BT
PSR J1801-0857C		270.46141	-8.9591	9200	m	0.003739	182.4	GC:NGC6517		
PSR J1801-0857D		270.48068	-8.95675	9200	m	0.004227	174.5	GC:NGC6517		
PSR J1801-0857E		270.46093	-8.9587	9200	m	0.007602	183.2	GC:NGC6517		
PSR J1801-0857F		270.46142	-8.95869	9200	m	0.02489	183.8	GC:NGC6517		
PSR J1801-0857G		270.45874	-8.95765	9200	m	0.05159	185.1	GC:NGC6517		
PSR J1801-0857H		270.46916	-8.96251	9200	m	0.005643	179.6	GC:NGC6517		
PSR J1801-0857I		270.47295	-8.96162	9200	m	0.003254	177.9	GC:NGC6517		
PSR J1906+0310_P		286.58333	3.16667	9206	e		307.5		RRAT	
PSR J1833-05		278.3	-5.21667	9212	e	0.7449	380			
PSR J1929+1337_P		292.3675	13.61667	9224	e	0.2033	282.4			
PSR J1631-47		247.775	-47.51667	9257	e	1.103	756			
PSR J1929+1731_P		292.26667	17.51667	9263	e	3.995	431.1			
PSR J1823-1126		275.83275	-11.43444	9272	e	1.847	607			
PSR J1927+2008_P		291.83375	20.13333	9287	e	0.635	354.9			
PSR J1700-3611		255.2055	-36.19806	9288	e	1.494	232.7			
PSR J1512-6029		228.11312	-60.49867	9297	e	0.2296	337			
PSR J1349-63		207.325	-63.93333	9313	e	0.373	478			
PSR J1757-26		269.275	-26.86667	9315	e	0.3545	502			
PSR J2001+4209_P		300.4125	42.15	9324	e		153		RRAT	
PSR J1928+1809_P		292.025	18.15	9335	e	0.2945	431.1			
PSR J1456-48		224	-48	9337	e	0.5368	133			
PSR J1909+0616		287.46337	6.28106	9338	e	0.756	352			
PSR J1825-0208_P		276.43	-2.13333	9341	e	3.307	192.9			
PSR J1855+0626		283.85417	6.44806	9343	e	0.5288	253.8			
PSR J1859+0658_P		284.77083	6.96667	9361	e	0.00511	290.4			
PSR J1831+0304_P		277.84583	3.06667	9363	e	0.8371	158.9			
PSR J1916+0852		289.1025	8.87667	9387	e	2.183	295			
PSR J1833-0556		278.412	-5.93472	9389	e	1.522	461			
PSR J2102+5047_P		315.54167	50.78333	9394	e	0.3582	337.2			
PSR J1726-4006		261.63904	-40.10056	9403	e	0.8828	277			
PSR J1227-63		186.8	-63.15	9406	e	0.4446	359			
PSR J1633-4859		248.269	-48.98436	9407	e	2.515	1020			
PSR J1845-0635		281.28085	-6.59005	9407	e	0.3405	414.5			
PSR J1900-0152_P		285.23333	-1.86667	9435	e	1.384	314		RRAT	
PSR J1951+4724		297.78104	47.40975	9442	e	0.1819	104.3			
PSR J1912-0952		288.05103	-9.88104	9446	e	0.02507	126.3			ELL1
PSR J1835-3259A		278.93333	-32.99028	9460	m	0.003889	63.35	GC:NGC6652		
PSR J1835-3259B		278.93946	-32.99041	9460	m	0.00183	63.51	GC:NGC6652	HE	ELL1
PSR J1227-6208		186.75184	-62.1455	9469	e	0.03453	362.9			ELL1H
PSR J1907+0345		286.8106	3.75294	9482	e	0.2402	311.7			
PSR J1644-44		251.15	-44.16667	9498	e	0.1739	535.1			
PSR J2035+3538		308.9	35.6	9515	e	0.48	219			
PSR J1854+0319		283.50046	3.32022	9524	e	0.6285	480.2			
PSR J1531-4012		232.78353	-40.20856	9528	e	0.3568	106.6			
PSR J1201-6306		180.34588	-63.11653	9538	e	0.5921	683			
PSR J1859+0126_P		284.8125	1.43333	9538	e	0.9577	531.7			
PSR J1210-6322		182.69492	-63.37247	9548	e	1.163	547			
PSR J1928-0108		292.07887	-1.14881	9557	e	2.366	125.8			
PSR J1840+0351_P		280.16333	3.85	9558	e	0.00516	201			
PSR J1926+1857_P		291.74583	18.95	9567	e	0.2787	424.2			
PSR J1931+1817		292.96975	18.28355	9573	e	0.2341	465			
PSR J2013-0649		303.32396	-6.81816	9574	e	0.5802	63.36			
PSR J1816+0216_P		274.02875	2.26667	9585	e	0.00404	124.7			
PSR J1841-0456		280.3306	-4.93643	9600	m	11.79		SNR:Kes73,XRS:1E_1841-045	AXP,NRAD	
PSR J1749-2146		267.3385	-21.77528	9601	e	2.715	260			
PSR J1931+1952		292.98277	19.86986	9625	e	0.5011	441			
PSR J1903+0317_P		285.77792	3.28333	9639	e	0.5212	447			
PSR J1904+0415_P		286.025	4.25	9639	e	0.2314	521			
PSR J1306-60		196.55	-60.35	9645	e	1.783	283			
PSR J1640-4951		250.1815	-49.85058	9675	e	0.7391	407.4			
PSR J1534-4428		233.71662	-44.4693	9680	e	1.221	137.5			
PSR J1844+0144_P		281.23	1.73333	9686	e	1.506	373			
PSR J1705-3936		256.40458	-39.60806	9695	e	0.8545	598			
PSR J1918+0342_P		289.59167	3.7	9701	e		174		RRAT	
PSR J1842-0905		280.59229	-9.09167	9712	e	0.3447	343.1			
PSR J1856+0912		284.13917	9.20825	9732	e	2.171	191.4			
PSR J1622-4332		245.6891	-43.541	9742	e	0.9169	230.7			
PSR J1820-20		275.2	-20.91667	9780	e	0.0027	274			
PSR J1924+1923_P		291.08333	19.38333	9781	e	0.6892	386.7			
PSR J1808-14		272.05	-14.95	9783	e	0.8364	307			
PSR J1834+0143_P		278.6275	1.71667	9802	e	0.00464	201.8			
PSR J0719-2545		109.78075	-25.75006	9810	e	0.9747	253.7			
PSR J1827-0750		276.7614	-7.83867	9819	e	0.2705	375			
PSR J1930+1713_P		292.7275	17.21667	9870	e		488.9		RRAT	
PSR J1224-6208		186.18437	-62.14475	9876	e	0.5858	454.2			
PSR J1958+23_P		299.50496	23.52583	9893	e	8.074	202			
PSR J1426-6136		216.54862	-61.61314	9909	e	0.2837	722			
PSR J1905+0450_P		286.49583	4.83333	9920	e	0.7833	442.3			
PSR J1638-47		249.5	-47.88333	9925	e	0.4267	1374			
PSR J1849+0339_P		282.47917	3.65	9929	e	1.667	349.5			
PSR J1917+0923_P		289.43917	9.38333	9951	e	0.00471	297.8			
PSR J1245-6238		191.338	-62.64886	9956	e	2.283	336			
PSR J1352-6803		208.14341	-68.06027	9967	e	0.6289	215			
PSR J1754+0000_P		268.52917	0	9971	e	0.06113	104.7			
PSR J1853+0237_P		283.4875	2.61667	9979	e	0.4274	725.5			
PSR J1840-1122		280.10028	-11.36964	9981	e	0.941	311			
PSR J0648-27		102	-27	9987	e	4.169	132.5			
PSR J1141-6545		175.27922	-65.75531	10000	m	0.3939	116.1			DD
PSR J1852+0040		283.16071	0.67217	10000	m	0.1049		SNR:G33.6+0.1(Kes79),XRS:CXOU_J185238.6+	NRAD	
PSR J2022+3842		305.59037	38.70412	10000	m	0.04858	429.1	GRS:4FGL_J2022.3+3840,XRS:CXOU_J	HE	
PSR J1233-6312		188.38125	-63.20806	10020	e	0.5648	414			
PSR J1952+2630		298.1535	26.5078	10030	e	0.02073	315.3			ELL1H+
PSR J1812-15		273.15	-15.51667	10035	e	1.015	431			
PSR J1830-0156_P		277.67	-1.93333	10035	e	0.00752	242.3			
PSR J1836-0100_P		279.24375	-1	10035	e	0.2585	326.5			
PSR J1906+0414		286.7408	4.24151	10044	e	1.043	349			
PSR J1244-6437		191.04996	-64.63306	10059	e	0.2129	321.6			
PSR J1929+1937_P		292.29167	19.61667	10060	e	0.5637	458.1			
PSR J1900-0933		285.13011	-9.56336	10062	e	1.424	162.7			
PSR J2032+4055_P		308.15958	40.91667	10069	e	0.04874	372.4			
PSR J1632-4621		248.20739	-46.36337	10071	e	1.709	562			
PSR J1900+4221		285.04412	42.34671	10079	e	4.341	68.14			
PSR J1954+4357		298.66021	43.96038	10084	e	1.387	130.3			
PSR J1954+4347		298.66022	43.9604	10085	e	1.387	130.3			
PSR J1816-1446		274.12162	-14.775	10089	e	0.5945	629			
PSR J1848+0150		282.17917	1.84	10091	e	3.29	500.8			
PSR J1830-1414		277.50146	-14.24361	10101	e	0.7715	393.6			
PSR J1911+1051		287.92609	10.85743	10116	e	0.1909	445.2			
PSR J1831-1423		277.87125	-14.39611	10124	e	0.5079	352			
PSR J1909+1205		287.46446	12.09639	10130	e	1.229	302.5			
PSR J1858-0736		284.68458	-7.61667	10144	e	0.5511	194			
PSR J1823-1807		275.79033	-18.12583	10149	e	1.637	330			
PSR J1806-1618		271.60742	-16.31056	10155	e	0.6683	319			
PSR J1342+2822A		205.50279	28.37539	10180	m	0.002545	26.5	GC:M3(NGC5272)		BT
PSR J1342+2822B		205.5462	28.37782	10180	m	0.002389	26.15	GC:M3(NGC5272)		ELL1
PSR J1342+2822C		205.54833	28.37722	10180	m	0.002166	26.5	GC:M3(NGC5272)		
PSR J1342+2822D		205.5425	28.37667	10180	m	0.005443	26.36	GC:M3(NGC5272)		DD
PSR J1342+2822E		205.54833	28.37722	10180	m	0.00547	26.54	GC:M3(NGC5272)		
PSR J1342+2822F		205.54833	28.37722	10180	m	0.0044	26.47	GC:M3(NGC5272)		
PSR J1924+1631		291.22867	16.53022	10184	e	2.935	518.5			
PSR J1903+0829_P		285.91333	8.48333	10202	e	0.00409	334.8			
PSR J1947+2304_P		296.87042	23.06667	10212	e	0.0109	321			
PSR J1832-0644		278.17758	-6.73349	10215	e	0.7443	573			
PSR J1915+0227		288.75882	2.46323	10222	e	0.3173	192.1			
PSR J1636-4933		249.22979	-49.55278	10229	e	0.4304	542.7			
PSR J1921+1503_P		290.36458	15.05	10238	e	5.638	479.9			
PSR J1303-6305		195.75008	-63.08356	10249	e	2.307	343			
PSR J1830-0052		277.62792	-0.88167	10252	e	0.3457	220.4			
PSR J1855+0455_P		283.8125	4.91667	10252	e	0.101	372.9			
PSR J1920+1040		290.23075	10.67528	10266	e	2.216	304			
PSR J1913+0837_P		288.47417	8.61667	10271	e	2.47	385.8			
PSR J1632-1013		248.22583	-10.22167	10285	e	0.7176	89.9			
PSR J1903+0830_P		285.9125	8.5	10288	e	0.004085	334.8			
PSR J1235-6354		188.9905	-63.90844	10296	e	0.2568	439.9			
PSR J1859+07		284.75	7	10300	e		303		RRAT	
PSR J1906+1049_P		286.58958	10.81667	10302	e	0.4146	279.1			
PSR J1618-42		244.6875	-42.68333	10316	e	1.867	200.5			
PSR J1843-0051_P		280.88333	-0.85	10348	e	0.58	573		RRAT	
PSR J1233-6344		188.41625	-63.74861	10378	e	0.7569	495			
PSR J1854-01_P		283.63458	-1.84389	10381	e	0.6806	569.4			
PSR J2018+3418_P		304.5625	34.3	10394	e	2.192	317.1			
PSR J1736-2843		264.17746	-28.73083	10419	e	6.445	331			
PSR J1911+1336		287.99809	13.61528	10419	e	0.3	323.9			
PSR J2003+3600_P		300.99208	36	10427	e	0.4781	293.1			
PSR J1415-6621		213.88015	-66.35343	10434	e	0.3925	260.2			
PSR J1844-0030		281.17125	-0.50749	10440	e	0.6411	604.5			
PSR J1952+2836_P		298.2	28.6	10450	e	0.01802	313			
PSR J1500-6054		225.17983	-60.90594	10464	e	0.2137	419.2			
PSR J1837+0420_P		279.43208	4.33333	10468	e	1.009	181.4			
PSR J1952+2837		298.20689	28.62025	10469	e	0.01802	313.1			ELL1
PSR J1924+1628		291.18371	16.47714	10475	e	0.3751	541.7			
PSR J1922+1131		290.70946	11.53292	10486	e	0.5621	335			
PSR J1953+1149		298.44779	11.8285	10521	e	0.8519	140			
PSR J1546-3747A		236.51433	-37.78614	10540	m	0.002606	92.17	GC:NGC5986		BT
PSR J1649-3752		252.29729	-37.87108	10548	e	0.5872	222.9			
PSR J1614-3937		243.63086	-39.62446	10551	e	0.4073	151.9			
PSR J1928+1923		292.02151	19.39203	10565	e	0.8173	476.4			
PSR J1921+1505_P		290.35417	15.08333	10572	e	0.6119	519.9			
PSR J1911+0939_P		287.90833	9.65	10589	e	0.3655	597.3			
PSR J1855+0700		283.82383	7.01031	10596	e	0.2587	244			
PSR J1854+0934_P		283.66667	9.56667	10597	e	0.2072	186.4			
PSR J1654-4245		253.592	-42.76083	10612	e	1.102	950			
PSR J1908+0558		287.00832	5.97609	10617	e	0.1687	457.7			
PSR J1656-3621		254.1372	-36.3668	10634	e	0.7301	228.1			
PSR J1835-0600		278.83438	-6	10639	e	2.222	780			
PSR J1348-6307		207.17667	-63.11778	10643	e	0.9278	597			
PSR J1914+0805		288.52295	8.08686	10671	e	0.4555	344.4			
PSR J2027+2837_P		306.94583	28.61667	10678	e	0.00479	131.9			
PSR J1835+0114_P		278.83083	1.23333	10693	e	2.2	229.7			
PSR J1248-6344		192.19317	-63.736	10699	e	0.1983	433			
PSR J1655-3048		253.85221	-30.81205	10704	e	0.5429	154.5			
PSR J1909+0157_P		287.44167	1.95	10704	e	0.5026	249.1			
PSR J2129+1210I		322.49292	12.16694	10710	m	0.005122	67.3	GC:M15(NGC7078),GC:M15		
PSR J2005+3156_P		301.375	31.93333	10711	e	2.146	337		RRAT	
PSR J1301-6305		195.44067	-63.09275	10717	e	0.1845	374			
PSR J1822+0207_P		275.50208	2.11667	10718	e	0.0099	145.3			
PSR J2014+3326_P		303.60417	33.43333	10725	e	0.977	333		RRAT	
PSR J1930+6205		292.67691	62.09207	10734	e	1.456	67.5			
PSR J1840-1207		280.22409	-12.12572	10765	e	0.7545	290.9			
PSR J1843-0157_P		280.90125	-1.95	10771	e	0.5089	751			
PSR J1307-6318		196.97792	-63.30972	10783	e	4.962	374			
PSR J1803-1857		270.99608	-18.95528	10787	e	2.864	392			
PSR J1911+1525_P		287.90375	15.41667	10787	e	3.282	299.8			
PSR J1845-0103_P		281.37958	-1.05	10792	e	0.09906	750.1			
PSR J1631-4155		247.82638	-41.91769	10801	e	0.5512	235			
PSR J1943+28_P		295.84621	28.87444	10822	e	0.7378	232			
PSR J1701-4958		255.30346	-49.97583	10824	e	0.8043	230			
PSR J2004+3429		301.19571	34.48825	10835	e	0.241	351			
PSR J1915+0838		288.80773	8.65012	10840	e	0.3428	358.2			
PSR J1244-6531		191.15958	-65.52	10862	e	1.547	388			
PSR J1854-1557		283.72333	-15.96306	10895	e	3.453	150		RRAT	
PSR J1924+1713		291.13549	17.22583	10902	e	0.7584	536.8			
PSR J1019-5749		154.96725	-57.81831	10914	e	0.1625	1040	GRS:4FGL_J1019.8-5749	HE	
PSR J1732-3729		263.08671	-37.48472	10939	e	2.184	317			
PSR J1927+0911		291.85678	9.18492	10939	e	0.2903	202.7			
PSR J1959+3141_P		299.79458	31.68333	10946	e	0.5145	340.6			
PSR J1855+0422		283.92237	4.37972	10949	e	1.678	455.6			
PSR J1908+0457		287.06729	4.96139	10954	e	0.8468	360			
PSR J1646-5123		251.65146	-51.38739	10974	e	0.5301	279			
PSR J1904+0800		286.01464	8.01451	10987	e	0.2634	440.1			
PSR J1916+0844		289.07944	8.73525	11006	e	0.44	339.3			
PSR J1900+0947_P		285.24	9.78333	11020	e	0.00241	242.6			
PSR J1948+2819		297.15996	28.32224	11042	e	0.9327	303			
PSR J1836+0352_P		279.025	3.86667	11072	e	0.4491	185.1			
PSR J1745+1252		266.43412	12.87731	11073	e	1.06	66.14			
PSR J1617-4608		244.39627	-46.14347	11075	e	0.5671	321.5			
PSR J1809-0119		272.464	-1.32472	11085	e	0.745	138.3			
PSR J1540-5821		235.04417	-58.36542	11088	e	3.475	427			
PSR J1509-6015		227.28125	-60.25517	11090	e	0.339	423.6			
PSR J1754-2422		268.65233	-24.37333	11096	e	2.09	738			
PSR J1811-0154		272.8327	-1.9089	11112	e	0.9249	147.8			
PSR J1851+0241		282.83475	2.68889	11114	e	4.491	524.3			
PSR J1859+0832_P		284.8625	8.53333	11124	e		259		RRAT	
PSR J1702-4428		255.71917	-44.4675	11153	e	2.124	395			
PSR J1933+0758		293.33086	7.96861	11155	e	0.4375	165			
PSR J1941+2525		295.33667	25.41814	11169	e	2.306	314.4			
PSR J1906+0352_P		286.61333	3.86667	11208	e	0.2856	372			
PSR J1812-20		273.15242	-20.96833	11214	e	1.903	457			
PSR J1910+0517		287.65795	5.29892	11216	e	0.308	307.1			
PSR J1717-5800		259.39832	-58.00145	11224	e	0.3218	125.3			
PSR J1309-6526		197.25121	-65.43794	11257	e	0.3983	340			
PSR J1948+1808		297.0922	18.14171	11257	e	0.3944	256.2			
PSR J1906-0036_P		286.68708	-0.6	11267	e	0.1294	260			
PSR J1504-5659		226.13328	-56.98872	11275	e	1.672	454.2			
PSR J1846+0336_P		281.52333	3.6	11289	e	1.513	296			
PSR J1856+1000_P		284.12625	10	11311	e	0.00487	202.1			
PSR J1708-3641		257.14963	-36.68931	11312	e	0.5876	316			
PSR J1854+1002_P		283.66917	10.03333	11314	e	0.07101	190.5			
PSR J1908+0833		287.08733	8.55875	11320	e	0.5121	700			
PSR J1910+0435		287.54613	4.59153	11322	e	0.6647	297			
PSR J1302-6313		195.58	-63.22472	11331	e	0.9678	500			
PSR J1904+0945_P		286.08583	9.75	11335	e	1.568	326.6			
PSR J1953+3303_P		298.28875	33.05	11343	e	0.7129	290.7			
PSR J1734-2859		263.50047	-28.99817	11354	e	0.3015	313.9			
PSR J1906+1211_P		286.675	12.18333	11359	e	3.805	292.4			
PSR J1916+10305		289.19167	10.5	11367	e	0.3494	519.7			
PSR J1637-4450		249.47153	-44.84041	11382	e	0.2529	468.6			
PSR J2000+3207_P		300.08083	32.11667	11385	e	0.3884	374.9			
PSR J1908+0457_P		287.12667	4.95	11386	e	0.9765	356.7			
PSR J1900+0908_P		285.07917	9.13333	11396	e		264		RRAT	
PSR J1651-46		252.775	-46.78333	11397	e	0.5694	487			
PSR J1913+11025		288.42798	11.04967	11411	e	0.9239	626			
PSR J1306-6242		196.68583	-62.70083	11429	e	0.9819	480			
PSR J1902+0926_P		285.54042	9.43333	11465	e	0.6054	291.6			
PSR J1902+0717_P		285.52208	7.28333	11466	e	0.356	449.9			
PSR J1632-4509		248.05833	-45.1525	11496	e	1.047	412			
PSR J1530-6343		232.69826	-63.72047	11509	e	0.9103	206.4			
PSR J1843-0038_P		280.97708	-0.63333	11512	e	0.5856	607.5			
PSR J1837-10		279.325	-10.21667	11513	e	1.017	493			
PSR J1732-4156		263.20358	-41.94156	11527	e	0.3234	228.7			
PSR J2029+4453_P		307.29208	44.88333	11540	e	1.361	333.2			
PSR J1905+0920_P		286.2875	9.33333	11552	e	0.1705	396.6			
PSR J1741-2719		265.39608	-27.32306	11557	e	0.3468	361.9			
PSR J1905+0902		286.33142	9.04233	11559	e	0.2183	433.5			
PSR J1858+0609_P		284.54167	6.15	11566	e	0.4844	381.5			
PSR J1305-6203		196.33808	-62.05585	11586	e	0.4278	468.8			
PSR J1303-62		195.82917	-62.2	11593	e	0.4194	490			
PSR J1718-41		259.55	-41.11667	11599	e	0.5484	354			
PSR J1649-5553		252.37958	-55.89444	11603	e	0.6136	180.4			
PSR J1856+0615_P		284.1625	6.25	11620	e	0.327	333.1			
PSR J1305-66		196.4	-66.65	11627	e	0.1973	316.1			
PSR J1700-3919		255.09279	-39.31667	11632	e	0.5605	354.3			
PSR J1717-41		259.35	-41.38333	11640	e	0.5462	356			
PSR J1855+0527		283.8128	5.46131	11642	e	1.393	362			
PSR J1911+1301		287.88225	13.02406	11645	e	1.01	389			
PSR J1905-0046_P		286.28708	-0.76667	11655	e	0.7601	288.2			
PSR J1324-6302		201.05687	-63.03919	11685	e	2.484	497			
PSR J2133-0049A		323.36281	-0.82008	11690	m	0.01015	43.44	GC:NGC7089(M2)		DD
PSR J2133-0049B		323.36152	-0.81402	11690	m	0.006975	43.73	GC:NGC7089(M2)		ELL1
PSR J2133-0049C		323.36991	-0.82682	11690	m	0.003005	44.07	GC:NGC7089(M2)		ELL1
PSR J2133-0049D		323.36323	-0.82587	11690	m	0.004216	43.57	GC:NGC7089(M2)		ELL1
PSR J2133-0049E		323.36229	-0.82459	11690	m	0.003703	43.65	GC:NGC7089(M2)		DD
PSR J1918+1340_P		289.725	13.66667	11720	e	0.233	575.9			
PSR J1929+19		292.38333	19.08333	11737	e	0.3392	528.4			
PSR J1848+0351		282.176	3.85992	11771	e	0.1914	336.6			
PSR J1916+0748		289.21458	7.8	11778	e	0.5418	304			
PSR J1948+2428_P		297.0425	24.46667	11803	e	1.334	361.5			
PSR J1628-46		247	-46.41667	11839	e	0.4494	513			
PSR J1903+0912		285.92542	9.21158	11853	e	0.1663	362.8			
PSR J1907+0534		286.84725	5.58139	11859	e	1.138	524			
PSR J1813-14		273.375	-14.73333	11865	e	1.035	427			
PSR J1329-6158		202.26375	-61.98306	11872	e	1.565	514			
PSR J1854+0358_P		283.51667	3.96667	11926	e	0.5908	486.5			
PSR J1835-0113_P		278.785	-1.21667	11928	e	0.5996	316.7			
PSR J1938+2301_P		294.55208	23.01667	11949	e	0.6551	398.9			
PSR J0514-4002A		78.52789	-40.04691	11950	m	0.004991	52.14	GC:NGC1851		DDH
PSR J0514-4002B		78.52804	-40.04664	11950	m	0.002816	52.08	GC:NGC1851		
PSR J0514-4002C		78.52787	-40.04706	11950	m	0.005565	52.05	GC:NGC1851		
PSR J0514-4002D		78.52804	-40.04672	11950	m	0.004554	52.22	GC:NGC1851		BT
PSR J0514-4002E		82.0614	-40.04668	11950	m	0.005596	51.93	GC:NGC1851		BT
PSR J0514-4002F		78.52792	-40.04681	11950	m	0.004329	51.62	GC:NGC1851		BT
PSR J0514-4002G		78.52763	-40.04669	11950	m	0.003803	50.96	GC:NGC1851		BT
PSR J0514-4002H		78.5275	-40.04667	11950	m	0.005506	52.23	GC:NGC1851		BT
PSR J0514-4002I		78.52813	-40.04672	11950	m	0.03265	52.58	GC:NGC1851		BT
PSR J0514-4002J		78.52792	-40.04667	11950	m	0.006633	52.02	GC:NGC1851		
PSR J0514-4002K		78.52833	-40.04667	11950	m	0.004692	51.93	GC:NGC1851		
PSR J0514-4002L		78.52833	-40.04667	11950	m	0.002959	51.24	GC:NGC1851		BT
PSR J0514-4002M		78.52833	-40.04667	11950	m	0.004798	51.68	GC:NGC1851		
PSR J0514-4002N		78.52792	-40.04639	11950	m	0.005568	51.07	GC:NGC1851		
PSR J1921+1329_P		290.35958	13.48333	11958	e	0.4084	573.5			
PSR J1929+62		292.25	62.26667	11972	e	1.456	67.7			
PSR J1309-6415		197.31917	-64.26639	11977	e	0.6195	574			
PSR J1833-0204_P		278.35958	-2.06667	11984	e	0.00443	312.1			
PSR J1738-2736		264.56095	-27.60717	11989	e	0.6277	323.6			
PSR J1742-3957		265.51846	-39.95611	12006	e	1.016	220			
PSR J1843-1507		280.89003	-15.1175	12018	e	0.5836	215.5			
PSR J1622-3751		245.51908	-37.85386	12020	e	0.7315	155.7			
PSR J1328-6605		202.19433	-66.09686	12022	e	0.7344	329.3			
PSR J1851+0347_P		282.98833	3.78333	12022	e	2.141	439.6			
PSR J1333-61		203.4	-61.8	12025	e	1.532	546			
PSR J1638-4417		249.69261	-44.28422	12026	e	0.1178	436.1			
PSR J1733-2533		263.35775	-25.55306	12040	e	0.6598	242			
PSR J1730-2900		262.5345	-29.01278	12055	e	1.538	289			
PSR J1310-63		197.575	-63.31667	12061	e	0.1857	625			
PSR J1901+0459		285.32279	4.98522	12064	e	0.877	1108			
PSR J1904+0358_P		286.09167	3.96667	12094	e	0.7515	532			
PSR J1902+0953_P		285.56333	9.88333	12098	e	0.6773	295.3			
PSR J1828-0611		277.08626	-6.19777	12118	e	0.2694	363.4			
PSR J1911-0129_P		287.78458	-1.48333	12159	e	1.127	204.8			
PSR J1319-6105		199.85967	-61.09061	12173	e	0.4211	440.6			
PSR J1854-0230_P		283.57542	-2.5	12196	e	0.6875	550.5			
PSR J1934+2352		293.69246	23.88219	12204	e	0.1784	355.8			
PSR J1902+0909_P		285.73625	9.15	12221	e	0.6891	353.1			
PSR J1322-6241		200.63396	-62.69819	12236	e	0.5061	618.8			
PSR J1824-0117_P		276.24375	-1.28333	12241	e	1.374	200.3			
PSR J1857+0526		284.31607	5.44131	12257	e	0.35	464.8			
PSR J1939+2352_P		294.95417	23.86667	12266	e	2.145	415.5			
PSR J1850+0242		282.67368	2.71596	12311	e	0.00448	540.1			ELL1
PSR J1902+1022_P		285.67708	10.36667	12328	e	0.5019	289.3			
PSR J1519-6308		229.78919	-63.13882	12342	e	1.254	249.8			
PSR J1949+3426		297.30696	34.44275	12349	e	0.3885	228.2			
PSR J1322-6329		200.575	-63.49361	12376	e	2.764	659			
PSR J1405-5641		211.30171	-56.69006	12383	e	0.6176	273			
PSR J1752-2410		268.24476	-24.17389	12402	e	0.191	508.3			
PSR J1848+0604		282.22759	6.07948	12416	e	2.219	240.5			
PSR J1518-3952		229.73738	-39.87506	12418	e	0.4992	102.5			
PSR J1851+0500_P		282.94958	5	12431	e	2.327	341.3			
PSR J1844-0142_P		281.02167	-1.7	12438	e	0.3487	794.5			
PSR J1905+0936		286.3587	9.59984	12449	e	1.634	418			
PSR J1636-4440		249.06887	-44.67361	12459	e	0.2066	449			
PSR J1638-44		249.575	-44.66667	12466	e	0.5681	494			
PSR J1813-2242		273.3715	-22.70167	12475	e	0.3285	333			
PSR J1803-1920		270.87267	-19.34472	12537	e	0.4436	436.1			
PSR J1838+0226_P		279.67917	2.43333	12554	e	2.123	252.9			
PSR J2006+4058		301.66291	40.98152	12555	e	0.4997	259.5			
PSR J1851+10		282.88333	10	12581	e	0.8679	188.7			
PSR J1536-6149		234.24387	-61.83328	12597	e	0.006875	245			?
PSR J1830-1313		277.67492	-13.22117	12624	e	0.7472	537			
PSR J1749-2347		267.31504	-23.78806	12645	e	0.8745	344			
PSR J1851+0233		282.78804	2.56289	12652	e	0.344	606			
PSR J1844+0455_P		281.23375	4.91667	12679	e	0.0047	241.4			
PSR J1850+0845_P		282.74167	8.75	12679	e	0.04831	201.1			
PSR J1659-4439		254.91441	-44.65041	12712	e	0.3533	536.3			
PSR J1750-3703A		267.55751	-37.05304	12730	m	0.1116	233.8	GC:NGC6441		BT
PSR J1750-3703B		267.55074	-37.05637	12730	m	0.006075	234.4	GC:NGC6441		BT
PSR J1750-3703C		267.55606	-37.05155	12730	m	0.02657	230.7	GC:NGC6441		
PSR J1750-3703D		267.55457	-37.05177	12730	m	0.00514	230.1	GC:NGC6441		
PSR J1640-4631		250.18133	-46.5265	12750	e	0.2064		SNR:G338.3-0.0,PWN:G338.3-0.0	NRAD	
PSR J1317-6302		199.43621	-63.04783	12771	e	0.2613	678.1			
PSR J1920+1030_P		290.21292	10.5	12796	e	0.571	389.7			
PSR J1806-1920		271.5275	-19.33972	12798	e	0.8798	683			
PSR J1348-62		207	-62.5	12802	e	0.6163	790			
PSR J1915+0411_P		288.88333	4.18333	12802	e	0.724	233.9			
PSR J2045+4431_P		311.355	44.51667	12820	e	0.1418	432.4			
PSR J1707-4729		256.81478	-47.49292	12836	e	0.2665	268.4			
PSR J1359-6242		209.87604	-62.70625	12843	e	0.8997	784			
PSR J1750-2438		267.74911	-24.64944	12848	e	0.7128	476			
PSR J1802-2426		270.51292	-24.44528	12868	e	0.569	711			
PSR J1948+1801_P		297.16625	18.01667	12880	e	0.5362	265.1			
PSR J1337-6306		204.33479	-63.10647	12932	e	0.208	777.7			
PSR J1614-4608		243.67904	-46.14358	12942	e	0.8888	318			
PSR J1859-0152_P		284.93792	-1.86667	12954	e	0.903	399.3			
PSR J1327-6400		201.79279	-64.00364	12991	e	0.2807	679			
PSR J1808-2024		272.1639	-20.41107	13000	m	7.556		XRS:SGR_1806-20	AXP,NRAD	
PSR J1818-1116		274.61021	-11.27472	13004	e	0.5448	422			
PSR J1707-4341		256.91712	-43.68659	13019	e	0.8906	398.4			
PSR J1919+1314		289.88744	13.24369	13026	e	0.5714	613.4			
PSR J2010+3230		302.61042	32.50203	13034	e	1.442	371.8			
PSR J1413-6222		213.27279	-62.37439	13087	e	0.2924	808.1			
PSR J1910+0423_P		287.54292	4.38333	13094	e	0.09324	339.9			
PSR J1857+0809		284.28879	8.15119	13101	e	0.5029	282			
PSR J2123+3624		320.99336	36.41092	13188	e	1.294	108.5			
PSR J1714-3810		258.52392	-38.17525	13200	m	3.825		XRS:CXOU_J171405.7-381031,SNR:G348.7+0.3	AXP,NRAD	
PSR J1835+0301_P		278.835	3.01667	13252	e	2.299	212.3			
