Proxima Centauri	Gl 551|HIP 70890	217.43977	-62.67948	1.302	m	11.19	15.61	M5Ve	2.099
Toliman	α2 Cen|Gl 559B|HD 128621|HR 5460|HIP 71681	219.91413	-60.83947	1.3475	e	1.243	5.595	K1V	
Rigil Kentaurus	α1 Cen|Gl 559A|HD 128620|HR 5459|HIP 71683	219.92041	-60.83515	1.3475	e	0.137	4.489	G2V	
Barnard's Star	Gl 699|HIP 87937	269.45207	4.69328	1.8282	m	9.776	13.47	sdM4	1.907
Wolf 359	Gl 406	164.12226	7.01532	2.4086	m	13.45	16.54	M6	2
Lalande 21185	Gl 411|HD 95735|HIP 54035	165.83415	35.96989	2.5461	m	7.659	10.63	M2V	1.698
Sirius	α CMa|9 CMa|Gl 244A|HD 48915|HR 2491|HIP 32349	101.28854	-16.71314	2.6371	e	-1.088	1.806	A0m...	
Sirius B	Gl 244B	101.28838	-16.71524	2.6703	m	8.44	11.31	DA2	-0.03
Ross 154	Gl 729|HIP 92403	282.4557	-23.83624	2.976	m	10.79	13.42	M3.5Ve	1.804
Ross 248	Gl 905	355.47568	44.17492	3.1597	m	12.29	14.79	dM6  e	1.9
Ran	ε Eri|18 Eri|Gl 144|HD 22049|HR 1084|HIP 16537	53.23268	-9.45826	3.2198	m	3.814	6.275	K2 V	1.032
Lacaille 9352	Gl 887|HD 217987|HIP 114046	346.46296	-35.85307	3.288	m	7.56	9.975	M2/M3V	1.723
Ross 128	Gl 447|HIP 57548	176.93499	0.80456	3.3749	m	11.45	13.81	M4.5V	4.006
EZ Aqr	Gl 866A	339.63843	-15.30254	3.3979	m	12.66	15	M5  e	1.98
Procyon B	Gl 280B	114.82509	5.22682	3.5142	e	10.7	12.97	DA	
Procyon	α CMi|10 CMi|Gl 280A|HD 61421|HR 2943|HIP 37279	114.82724	5.22751	3.5142	e	0.461	2.732	F5IV-V	
Struve 2398 A	Gl 725A|HD 173739|HIP 91768	280.69768	59.6304	3.5231	m	9.109	11.37	K5	1.788
Struve 2398 B	Gl 725B|HD 173740|HIP 91772	280.69873	59.62685	3.5231	m	9.964	12.23	K5	1.845
Groombridge 34	Gl 15A|HD 1326|HIP 1475	4.59536	44.02295	3.5624	m	8.309	10.55	M1V	1.776
Groombridge 34 B	Gl 15B	4.5774	44.0235	3.5626	m	11.06	13.3	M6 Ve	1.79
Luyten's Star	Gl 273|HIP 36208	111.85209	5.2258	3.7861	m	10.03	12.14	M5	1.744
Kapteyn's Star	Gl 191|HD 33793|HIP 24186	77.9192	-45.01852	3.9339	m	9.033	11.06	M0V	1.759
Lacaille 8760	Gl 825|HD 202560|HIP 105090	319.31587	-38.86736	3.9696	m	6.845	8.851	M1/M2V	1.631
Kruger 60 B	Gl 860B	337.00313	57.69644	4.0005	m	11.41	13.39	M6 V	
Kruger 60	Gl 860A|HD 239960|HIP 110893	336.99963	57.69588	4.0097	m	9.934	11.92	M2V	1.886
Ross 614	Gl 234A|HIP 30920	97.34581	-2.81248	4.1158	m	10.98	12.91	M4.5Ve	
Ross 614 B	Gl 234B	97.34909	-2.81223	4.1158	m	14.6	16.53		
Wolf 1061	Gl 628|HIP 80824	247.57523	-12.6626	4.3078	m	10.34	12.16	M4	2.007
Van Maanen's Star	Gl 35|HIP 3829	12.28824	5.3952	4.3144	m	12.56	14.38	DG	
Keid B	Gl 166B|HD 26976	63.84282	-7.6575	5.0077	m	9.52	11.02	DA4	0.03
Keid	ο2 Eri|40 Eri|Gl 166A|HD 26965|HR 1325|HIP 19849	63.81806	-7.65287	5.0098	m	4.506	6.007	K1V	0.934
Keid C	Gl 166C	63.84282	-7.6575	5.0137	m	11.17	12.67	dM4.5e	1.67
Altair	α Aql|53 Aql|Gl 768|HD 187642|HR 7557|HIP 97649	297.69451	8.86738	5.1295	e	0.955	2.405	A1N	0.293
Alsafi	σ Dra|61 Dra|Gl 764|HD 185144|HR 7462|HIP 96100	293.08997	69.66118	5.7639	m	4.757	5.953	K0V	0.9
Achird	η Cas|24 Cas|Gl 34A|HD 4614|HR 219|HIP 3821	12.2739	57.81519	5.923	m	3.518	4.655	G0V SB	0.624
Achird B	Gl 34B	12.26649	57.81891	5.927	m	7.365	8.501	K7 V	
Guniibuu B	36 Oph|Gl 663B|HD 155885|HR 6402	258.83863	-26.60005	5.9478	m	5.12	6.248	K1 Ve	0.972
Guniibuu	36 Oph|Gl 663A|HD 155886|HR 6401|HIP 84405	258.83754	-26.60283	5.9523	m	5.119	6.246	K2:III:	0.978
82 G. Eri	Gl 139|HD 20794|HR 1008|HIP 15510	49.98188	-43.06978	6.0414	m	4.336	5.43	G8V	0.794
268 G. Cet B	Gl 105B	39.06465	6.87166	7.2235	m	11.66	12.37	dM4.5	1.6
268 G. Cet	Gl 105A|HD 16160|HR 753|HIP 12114	39.02036	6.88687	7.2286	m	5.928	6.633	K3V	1.135
96 G. Psc	Gl 33|HD 4628|HR 222|HIP 3765	12.09574	5.28063	7.4352	m	5.828	6.472	K2V	1.027
Vega	α Lyr|3 Lyr|Gl 721|HD 172167|HR 7001|HIP 91262	279.23411	38.78299	7.6787	e	0.087	0.661	A0V	
Fomalhaut	α PsA|24 PsA|Gl 881|HD 216956|HR 8728|HIP 113368	344.41177	-29.62184	7.7036	e	1.248	1.815	A3 V	0.159
Tabit	π3 Ori|1 Ori|Gl 178|HD 30652|HR 1543|HIP 22449	72.46004	6.96128	8.0244	m	3.222	3.7	F4V	0.501
Gar	Gl 486|HIP 62452	191.98842	9.75252	8.0791	m	11.38	11.84	M4	
Chara	β CVn|8 CVn|Gl 475|HD 109358|HR 4785|HIP 61317	188.4356	41.35748	8.4727	m	4.309	4.669	G0V	0.646
Alula Australis B	ξ UMa|53 UMa|Gl 423B|HD 98230|HR 4374	169.54548	31.52919	8.7346	m	4.804	5.098	G0 Ve	0.726
Rana	δ Eri|23 Eri|Gl 150|HD 23249|HR 1136|HIP 17378	55.81209	-9.76339	9.0888	m	3.622	3.829	K0 IV	1.072
Groombridge 1830 B	Gl 451B	178.23023	37.71962	9.1718	m	12	12.19		
Groombridge 1830	Gl 451A|HD 103095|HR 4550|HIP 57939	178.2423	37.71868	9.1718	m	6.509	6.697	G8Vp	0.844
Añañuca	Gl 367|HIP 47780	146.1243	-45.7765	9.4186	m	10.37	10.49	M1:	1.571
Noquisi	Gl 436|HIP 57087	175.54596	26.70657	9.775	m	10.76	10.81	M3	1.763
Hoerikwaggo	α Men|Gl 231|HD 43834|HR 2261|HIP 29271	92.56031	-74.75305	10.213	m	5.151	5.105	G6 V	0.817
Pollux	β Gem|78 Gem|Gl 286|HD 62509|HR 2990|HIP 37826	116.33068	28.02631	10.358	e	1.325	1.249	K0III	1.13
Alula Australis	ξ UMa|53 UMa|Gl 423A|HD 98231|HR 4375	169.54548	31.52919	10.417	m	4.327	4.238	G0V	0.593
Tianji	ζ Her|40 Her|Gl 635A|HD 150680|HR 6212|HIP 81693	250.3217	31.60273	10.716	e	2.952	2.802	F9IV	0.714
Tianji B	Gl 635B	250.32327	31.60203	10.716	e	5.4	5.25	K0 V	0.908
Deltoton	δ Tri|8 Tri|Gl 92|HD 13974|HR 660|HIP 10644	34.26347	34.22424	10.911	m	4.933	4.744	G0V	0.664
Denebola	β Leo|94 Leo|Gl 448|HD 102647|HR 4534|HIP 57632	177.26616	14.57234	11	e	2.143	1.936	A3V	0.157
Zavijava	β Vir|5 Vir|Gl 449|HD 102870|HR 4540|HIP 57757	177.67383	1.76472	11.002	m	3.649	3.442	F9 V	0.607
Arcturus	α Boo|16 Boo|Gl 541|HD 124897|HR 5340|HIP 69673	213.91812	19.18727	11.258	e	0.161	-0.096	K2IIIp	
Muphrid	η Boo|8 Boo|Gl 534|HD 121370|HR 5235|HIP 67927	208.67117	18.39772	11.396	e	2.719	2.435	G0IV	0.661
Deneb Algedi	δ Cap|49 Cap|Gl 837|HD 207098|HR 8322|HIP 107556	326.76016	-16.12729	11.636	m	2.885	2.556	A5mF2 (IV)	0.33
Porrima	γ Vir|29 Vir|Gl 482A|HD 110379|HR 4825|HIP 61941	190.41518	-1.44938	12.02	m	3.484	3.084	F0V+...	0.388
Copernicus B	Gl 324B	133.17021	28.31727	12.554	m	13.14	12.65	M3.5	1.64
Copernicus	ρ1 Cnc|55 Cnc|Gl 324A|HD 75732|HR 3522|HIP 43587	133.14922	28.33082	12.587	m	6.036	5.536	G 8 V	1.001
Porrima B	γ Vir|29 Vir|Gl 482B|HD 110380|HR 4826	190.41589	-1.44934	12.735	m	3.528	3.003	F0 V	0.388
Quadrans B	Gl 575B	225.94785	47.65443	12.806	m	6.095	5.558	dG2	0.92
Quadrans	44 Boo|Gl 575A|HD 133640|HR 5618|HIP 73695	225.94709	47.65404	12.946	m	5.203	4.642	F 9 VN	0.643
Capella B	Gl 194B	79.16889	46.00084	13.123	e	0.96	0.37	G0 III	
Capella	α Aur|13 Aur|Gl 194A|HD 34029|HR 1708|HIP 24608	79.17207	45.99903	13.123	e	0.238	-0.352	G0III	
Titawin	υ And|50 And|Gl 61|HD 9826|HR 458|HIP 7513	24.19948	41.40546	13.478	m	4.152	3.504	F8V	0.584
Alshain	β Aql|60 Aql|Gl 771A|HD 188512|HR 7602|HIP 98036	298.8283	6.40676	13.601	m	3.807	3.139	G8IV	0.982
Alshain B	Gl 771B	298.82631	6.40496	13.626	m	11.4	10.73	M3	
Errai	γ Cep|35 Cep|Gl 903|HD 222404|HR 8974|HIP 116727	354.83667	77.63231	13.79	m	3.322	2.624	K0IV	1.207
Chalawan	47 UMa|Gl 407|HD 95128|HR 4277|HIP 53721	164.86655	40.43026	13.887	m	5.102	4.389	G0V	0.678
Dalim	α For|Gl 127A|HD 20010|HR 963|HIP 14879	48.01873	-28.98762	13.999	m	3.976	3.246	F8V	0.534
Dalim B	Gl 127B	48.01659	-28.98852	14.083	m	7.192	6.449	G7 V	
Sharjah	HIP 79431	243.1741	-18.87547	14.575	m	11.46	10.64		4.306
Onkaria	Gl 1214	258.82791	4.96161	14.642	m	14.67	13.84	m	1.74
Talitha	ι UMa|9 UMa|Gl 331A|HD 76644|HR 3569|HIP 44127	134.80242	48.04183	14.706	m	3.128	2.291	A7IV	0.23
Talitha B	Gl 331B	134.80853	48.04358	14.706	m	10.8	9.963	dM1   J	
Talitha C	Gl 331C	134.80853	48.04358	14.706	m	11	10.16		
Rasalhague	α Oph|55 Oph|Gl 681|HD 159561|HR 6556|HIP 86032	263.73335	12.56058	14.896	e	2.106	1.241	A5III	0.209
Alchiba	α Crv|1 Crv|Gl 455.3|HD 105452|HR 4623|HIP 59199	182.10337	-24.72887	14.977	m	4.054	3.177	F0IV/V	0.337
Alderamin	α Cep|5 Cep|Gl 826|HD 203280|HR 8162|HIP 105199	319.64445	62.58557	15.038	e	2.458	1.572	A7IV-V	0.267
Castor C	Gl 278C	113.6566	31.86974	15.081	m	9.831	8.939	M 1 VE	
Helvetios	51 Peg|Gl 882|HD 217014|HR 8729|HIP 113357	344.36659	20.76883	15.527	m	5.526	4.571	G0	0.723
Castor	α Gem|66 Gem|Gl 278A|HD 60179|HR 2891|HIP 36850	113.65002	31.88864	15.596	e	1.934	0.969	A1V	
Castor B	α Gem|66 Gem|Gl 278B|HD 60178|HR 2890	113.65101	31.88885	15.596	e	2.972	2.007	A m	
Cervantes	μ Ara|Gl 691|HD 160691|HR 6585|HIP 86796	266.03627	-51.83406	15.604	m	5.197	4.231	G3 IV/V	0.767
Tepiamenit B	Gl 527B	206.81512	17.45578	15.614	m	11	10.03	M2	
Tepiamenit	τ Boo|4 Boo|Gl 527A|HD 120136|HR 5185|HIP 67275	206.8156	17.4569	15.614	m	4.536	3.568	F6IV	0.528
Genghe	σ Boo|28 Boo|Gl 557|HD 128167|HR 5447|HIP 71284	218.67007	29.74513	15.756	m	4.501	3.514	F2V	0.38
Xami	α Cir|Gl 560A|HD 128898|HR 5463|HIP 71908	220.62675	-64.97514	16.395	m	3.189	2.115	AP SREU(CR)	0.285
Xami B	Gl 560B	220.62242	-64.97608	16.441	m	8.47	7.39	K5 V	1.15
Caph	β Cas|11 Cas|Gl 8|HD 432|HR 21|HIP 746	2.29331	59.14978	16.784	e	2.299	1.175	F2III-IV	0.39
Diadem B	α Com|42 Com|Gl 501B|HD 114379|HR 4969	197.49583	17.52898	17.825	e	5.17	3.915	F5 V	
Diadem	α Com|42 Com|Gl 501A|HD 114378|HR 4968|HIP 64241	197.49703	17.52944	17.825	e	4.427	3.172	F5V	0.488
Kulou	ι Cen|Gl 508.1|HD 115892|HR 5028|HIP 65109	200.14924	-36.71229	17.839	m	2.732	1.475	A2 V	0.082
Zosma	δ Leo|68 Leo|Gl 419|HD 97603|HR 4357|HIP 54872	168.52707	20.52372	17.915	e	2.544	1.278	A4V	0.166
Sheratan	β Ari|6 Ari|Gl 80|HD 11636|HR 553|HIP 8903	28.66002	20.80804	17.986	e	2.651	1.376	A5V...	0.176
Menkent	θ Cen|5 Cen|Gl 539|HD 123139|HR 5288|HIP 68933	211.67062	-36.36996	18.034	e	2.158	0.878	K0 IIIB	1.201
Alzirr	ξ Gem|31 Gem|Gl 242|HD 48737|HR 2484|HIP 32362	101.32235	12.89559	18.454	m	3.377	2.047	F3IV	0.476
Wasat B	Gl 271B	110.02988	21.98459	18.535	m	8.2	6.86	K3 V	
Wasat	δ Gem|55 Gem|Gl 271A|HD 56986|HR 2777|HIP 35550	110.03074	21.98232	18.598	m	3.559	2.212	F0IV...	0.362
Maru	Gl 3483	121.70904	-66.29988	19.232	m	13.92	12.5	DQ5	0.05
Tureis	ρ Pup|15 Pup|HD 67523|HR 3185|HIP 39757	121.88606	-24.30432	19.455	m	2.842	1.397	F2mF5IIp	0.48
Mothallah	α Tri|2 Tri|Gl 78.1|HD 11443|HR 544|HIP 8796	28.27045	29.57883	19.481	m	3.457	2.009	F5III	0.527
Larawag	ε Sco|26 Sco|HD 151680|HR 6241|HIP 82396	252.54088	-34.29323	19.535	e	2.393	0.939	K2 IIIB	1.388
Hamal	α Ari|13 Ari|Gl 84.3|HD 12929|HR 617|HIP 9884	31.79333	23.46242	20.178	e	2.125	0.601	K2III	1.362
Aldebaran	α Tau|87 Tau|Gl 171.1A|HD 29139|HR 1457|HIP 21421	68.98	16.50976	20.433	e	1.16	-0.392	K5III	1.777
Aldebaran B	Gl 171.1B	68.97977	16.51047	21.163	m	13.5	11.87	dM2	
Syrma	ι Vir|99 Vir|Gl 9473|HD 124850|HR 5338|HIP 69701	214.00362	-6.00055	22.026	m	4.126	2.411	F7V	0.551
Ross 687	Gl 333.2B|HIP 44263	135.21031	5.24205	22.148	m	12.71	10.98	M4	
Ross 686	Gl 333.2A	135.21007	5.24202	22.151	m	12.68	10.95	dM4	1.47
Darlugal	ζ Lep|14 Lep|Gl 217.1|HD 38678|HR 1998|HIP 27288	86.73892	-14.82195	22.324	m	3.541	1.797	A2Vann	0.13
Dziban B	ψ1 Dra|31 Dra|Gl 694.1B|HD 162004|HR 6637|HIP 86620	265.49207	72.15691	22.702	m	5.586	3.806	G0V	0.555
Dziban	ψ1 Dra|31 Dra|Gl 694.1A|HD 162003|HR 6636|HIP 86614	265.48481	72.14885	22.753	m	4.6	2.815	F5IV-V	0.457
Unukalhai	α Ser|24 Ser|Gl 596.2|HD 140573|HR 5854|HIP 77070	236.06697	6.42563	22.756	m	2.739	0.954	K2III	1.403
Heze	ζ Vir|79 Vir|Gl 3792|HD 118098|HR 5107|HIP 66249	203.6733	-0.59582	22.859	m	3.38	1.585	A3V	0.142
Kaffaljidhma B	Gl 106.1B	40.82276	3.23739	22.938	m	6.3	4.497	dF3	
Kaffaljidhma	γ Cet|86 Cet|Gl 106.1A|HD 16970|HR 804|HIP 12706	40.82517	3.23582	22.938	m	3.551	1.748	A3V	0.093
Aljanah B	Gl 806.1B	311.52546	33.96721	23.16	m	13.4	11.58	M4	1.66
Aljanah	ε Cyg|53 Cyg|Gl 806.1A|HD 197989|HR 7949|HIP 102488	311.55285	33.97025	23.16	m	2.57	0.746	K0III	1.22
Zubenelgenubi	α2 Lib|9 Lib|Gl 564.1|HD 130841|HR 5531|HIP 72622	222.71964	-16.04178	23.24	e	2.742	0.911	A3 III/V	0.188
Kaus Borealis	λ Sgr|22 Sgr|Gl 713.1|HD 169916|HR 6913|HIP 90496	276.99267	-25.4217	23.299	m	2.924	1.087	K1 IIIB	1.229
Terebellum	ω Sgr|58 Sgr|HD 188376|HR 7597|HIP 98066	298.95983	-26.29949	23.41	m	4.773	2.926	G3/5 III	0.832
Koeia	HIP 12961	41.67869	-23.08661	23.423	m	10.46	8.608	M0	1.669
Sarin	δ Her|65 Her|Gl 3995A|HD 156164|HR 6410|HIP 84379	258.75796	24.8392	23.54	m	3.115	1.256	A3IV	0.104
Alphecca	α CrB|5 CrB|HD 139006|HR 5793|HIP 76267	233.67162	26.71491	23.674	m	2.217	0.346	A0V	0.035
Regulus	α Leo|32 Leo|HD 87901|HR 3982|HIP 49669	152.09358	11.9672	24.313	e	1.399	-0.53	B7V	-0.039
Tegmine	ζ2 Cnc|16 Cnc|HD 68257|HR 3210|HIP 40167	123.05319	17.64775	24.457	m	5.302	3.36	F8V	0.546
Kaffaljidhma C	Gl 106.1C	40.62322	3.37609	24.528	m	10.16	8.212	K5	1.36
Alsephina	δ Vel|Gl 321.3A|HD 74956|HR 3485|HIP 42913	131.17582	-54.70857	24.698	e	1.991	0.028	A0 V	
Alsephina B	Gl 321.3B	131.17585	-54.70836	24.698	e	5.57	3.607		
Alsephina C	Gl 321.3C	131.20351	-54.69818	24.698	e	11	9.037		
Megrez	δ UMa|69 UMa|Gl 459|HD 106591|HR 4660|HIP 59774	183.85629	57.03262	24.797	m	3.298	1.326	A3Vvar	0.112
Honores	7 And|Gl 891.1|HD 219080|HR 8830|HIP 114570	348.13752	49.40621	24.818	m	4.558	2.584	F0V	0.313
Mizar	ζ UMa|79 UMa|Gl 3783A|HD 116656|HR 5054|HIP 65378	200.98092	54.92542	24.867	m	2.227	0.249	A2V	0.063
Menkalinan	β Aur|34 Aur|Gl 3375|HD 40183|HR 2088|HIP 28360	89.88237	44.94743	24.869	e	1.904	-0.074	A2IV	0.085
Alcor	80 UMa|Gl 3785|HD 116842|HR 5062|HIP 65477	201.3064	54.98796	25.056	e	4.007	2.012	A5V	0.196
Danfeng	Gl 4332|HIP 115211	350.03132	-60.06514	25.182	m	11.19	9.185	M2	1.702
Alioth	ε UMa|77 UMa|HD 112185|HR 4905|HIP 62956	193.5068	55.95984	25.31	e	1.764	-0.252	A0P	0.049
Cebalrai	β Oph|60 Oph|HD 161096|HR 6603|HIP 86742	265.86814	4.5673	25.492	m	2.879	0.847	K2 III	1.401
Phecda	γ UMa|64 UMa|HD 103287|HR 4554|HIP 58001	178.45768	53.69476	25.504	e	2.399	0.366	A0V	0.057
Merak	β UMa|48 UMa|Gl 9343|HD 95418|HR 4295|HIP 53910	165.45996	56.38234	25.905	m	2.349	0.282	A0V	0.036
Udkadua	λ And|16 And|Gl 9832|HD 222107|HR 8961|HIP 116584	354.39101	46.45815	25.924	m	3.964	1.895	G8III	1.139
Ankaa	α Phe|HD 2261|HR 99|HIP 2081	6.57094	-42.30608	25.974	e	2.496	0.423	K0 IIIB	1.284
Okab	ζ Aql|17 Aql|Gl 4095A|HD 177724|HR 7235|HIP 93747	286.35253	13.86348	26.155	m	2.958	0.87	A0V	0.035
Algorab	δ Crv|7 Crv|HD 108767|HR 4757|HIP 60965	187.46608	-16.51543	26.274	m	2.926	0.828	B9.5V	-0.008
Seginus	γ Boo|27 Boo|HD 127762|HR 5435|HIP 71075	218.01954	38.30825	26.377	m	3.043	0.937	A7IIIvar	0.223
Ascella	ζ Sgr|38 Sgr|HD 176687|HR 7194|HIP 93506	285.65298	-29.88011	27.042	e	2.599	0.439	A3IV	0.118
Sabik B	Gl 656.1B	257.59175	-15.72692	27.093	e	3.4	1.236	A3 V	
Sabik	η Oph|35 Oph|Gl 656.1A|HD 155125|HR 6378|HIP 84012	257.59452	-15.72491	27.093	e	2.477	0.313	A2.5Va	0.12
Wazn	β Col|HD 39425|HR 2040|HIP 27628	87.73997	-35.76831	27.098	m	3.231	1.066	K1.5 III	1.38
Gacrux	γ Cru|HD 108903|HR 4763|HIP 61084	187.79137	-57.11257	27.152	e	1.832	-0.337	M4 III	1.821
Alrakis B	μ Dra|21 Dra|Gl 9584B|HD 154905|HR 6369|HIP 83608	256.33406	54.47032	27.181	m	5.693	3.522	F 6 V	0.531
Alrakis C	Gl 9584C	256.33071	54.46909	27.184	m	13.5	11.33	M3 :	
Biham	θ Peg|26 Peg|Gl 9771|HD 210418|HR 8450|HIP 109427	332.54994	6.19787	27.198	m	3.519	1.346	A2V	0.093
Alrakis	μ Dra|21 Dra|Gl 9584A|HD 154906|HR 6370	256.33406	54.47032	27.203	m	5.656	3.483	F7 V	0.515
Gumala	HD 179949|HR 7291|HIP 94645	288.88846	-24.17935	27.54	m	6.299	4.099	F8 V	0.584
Algol	β Per|26 Per|HD 19356|HR 936|HIP 14576	47.04221	40.95565	27.571	e	2.105	-0.097	B8V	-0.005
Cursa	β Eri|67 Eri|Gl 9175|HD 33111|HR 1666|HIP 23875	76.96243	-5.08645	27.59	m	2.779	0.575	A3IIIvar	0.17
Graffias C	Gl 9540C	241.09152	-11.37275	27.892	m	7.3	5.073	G8 V	0.75
Athebyne B	Gl 624.1B	245.99457	61.51369	27.917	m	8.8	6.571	K2	
Athebyne	η Dra|14 Dra|Gl 624.1A|HD 148387|HR 6132|HIP 80331	245.9979	61.51421	27.998	m	2.801	0.565	G8III	1.049
Graffias	ξ Sco|Gl 9540A|HD 144070|HR 5978	241.09161	-11.37461	28.044	m	4.84	2.601	F6 IV-V	0.45
Graffias B	ξ Sco|Gl 9540B|HD 144069|HR 5977	241.09223	-11.3731	28.044	m	4.363	2.124	F3/5 V	0.481
Macondo	Gl 1137|HD 93083|HIP 52521	161.08715	-33.57702	28.485	m	8.424	6.151	K3 V	1.099
Ebla	Gl 4313|HD 218566|HIP 114322	347.2947	-2.26074	28.822	m	8.74	6.441	K3 V	1.172
Flegetonte	HD 102195|HIP 57370	176.42621	2.82148	29.357	m	8.155	5.816	K0 V	0.947
Kaewkosin	Gl 3470	119.77623	15.39243	29.397	m	12.33	9.988	m	
Taiyi	8 Dra|HD 112429|HR 4916|HIP 63076	193.86895	65.43847	29.441	m	5.262	2.917	F 0 V	0.315
Diphda	β Cet|16 Cet|Gl 31|HD 4128|HR 188|HIP 3419	10.89735	-17.98661	29.533	e	2.139	-0.213	K0III	1.204
Alpheratz	α And|21 And|HD 358|HR 15|HIP 677	2.09653	29.09083	29.744	e	2.05	-0.317	B8P	-0.047
Bake-eo	γ Oph|62 Oph|HD 161868|HR 6629|HIP 87108	266.97317	2.70728	29.747	m	3.737	1.37	A0 Van	0.052
Citalá	HD 52265|HR 2622|HIP 33719	105.07515	-5.36716	29.918	m	6.347	3.967	G0 V	0.617
Altais	δ Dra|57 Dra|HD 180711|HR 7310|HIP 94376	288.13875	67.66154	29.985	m	3.165	0.78	G8III	1.157
Praecipua	46 LMi|HD 94264|HR 4247|HIP 53229	163.32793	34.21488	30.376	m	3.905	1.492	K0III-IV	1.235
Cor Caroli	α2 CVn|12 CVn|HD 112413|HR 4915|HIP 63125	194.0071	38.31838	30.56	m	2.845	0.419	A0spe...	-0.057
Xuange	λ Boo|19 Boo|Gl 3837|HD 125162|HR 5351|HIP 69732	214.09591	46.08831	30.686	m	4.181	1.746	A0P	0.093
Edasich	ι Dra|12 Dra|HD 137759|HR 5744|HIP 75458	231.23239	58.96606	30.747	m	3.421	0.982	K2III	1.384
Rotanev	β Del|6 Del|HD 196524|HR 7882|HIP 101769	309.38723	14.59511	30.931	e	3.677	1.225	F5III	0.475
Alnair	α Gru|Gl 848.2|HD 209952|HR 8425|HIP 109268	332.05782	-46.96062	30.969	e	1.757	-0.698	B7 IV	-0.082
Alnasl	γ2 Sgr|10 Sgr|HD 165135|HR 6746|HIP 88635	271.45203	-30.4241	30.989	m	3.066	0.61	K0 III	1.183
Kurhah	ξ Cep|17 Cep|HD 209790|HR 8417|HIP 108917	330.94772	64.62797	31.133	m	4.446	1.98	AM	0.367
Ruchbah	δ Cas|37 Cas|HD 8538|HR 403|HIP 6686	21.45324	60.23528	31.221	m	2.663	0.191	A5Vv SB	0.179
Stellio	α Lac|7 Lac|HD 213558|HR 8585|HIP 111169	337.82272	50.28249	31.752	m	3.758	1.249	A1V	0.026
Alkaid	η UMa|85 UMa|HD 120315|HR 5191|HIP 67301	206.88561	49.3133	31.867	e	1.842	-0.675	B3V	-0.115
Mönch	HD 130322|HIP 72339	221.88635	-0.28148	31.913	m	8.12	5.6	K0 V	0.899
Tapecue	HD 63765|HIP 38041	116.95716	-54.26415	32.517	m	8.188	5.627	G6 IV/V	0.834
Cor Caroli B	α1 CVn|12 CVn|HD 112412|HR 4914|HIP 63121	194.00252	38.3147	32.667	m	5.517	2.946	F 0 V	0.344
Yed Posterior	ε Oph|2 Oph|Gl 3949|HD 146791|HR 6075|HIP 79882	244.58037	-4.69251	32.772	m	3.321	0.743	G8III	1.129
Vindemiatrix	ε Vir|47 Vir|HD 113226|HR 4932|HIP 63608	195.54416	10.95915	33.101	m	2.917	0.318	G8III	1.079
Algedi	α2 Cap|6 Cap|HD 192947|HR 7754|HIP 100064	304.51356	-12.54485	33.429	m	3.665	1.044	G6/G8III	1.094
Tupi	HD 23079|HIP 17096	54.92957	-52.91585	33.486	m	7.172	4.548	F8/G0 V	0.636
Alhena	γ Gem|24 Gem|HD 47105|HR 2421|HIP 31681	99.42793	16.39941	33.512	e	2.024	-0.602	A0IV	
Natasha	HD 85390|HIP 48235	147.5104	-49.79026	33.526	m	8.62	5.993	K1 V	0.961
Cocibolca	Gl 9024|HD 4208|HIP 3479	11.11105	-26.51569	34.108	m	7.86	5.196	G5 V	0.754
Grumium	ξ Dra|32 Dra|HD 163588|HR 6688|HIP 87585	268.38221	56.87265	34.411	m	3.853	1.17	K2III	1.4
Felixvarela	HIP 2247	7.14294	-16.22634	34.516	m	9.696	7.006	K 5 V	1.368
Sadalbari	μ Peg|48 Peg|Gl 4298|HD 216131|HR 8684|HIP 112748	342.50081	24.60158	34.561	m	3.604	0.911	G8III	1.078
Sceptrum	53 Eri|Gl 9160A|HD 29503|HR 1481|HIP 21594	69.5451	-14.30398	34.63	m	4.023	1.326	K1 III	1.326
Sceptrum B	Gl 9160B	69.5451	-14.30398	34.63	m	6.952	4.255		0.825
Miaplacidus	β Car|HD 80007|HR 3685|HIP 45238	138.301	-69.71747	34.698	e	1.675	-1.027	A1 III	0.071
Misam	κ Per|27 Per|HD 19476|HR 941|HIP 14668	47.37406	44.85753	34.805	m	3.889	1.181	K0III	1.139
Lusitânia	HD 45652|HIP 30905	97.30496	10.9339	34.907	m	8.22	5.505	K5	0.948
Apdu	γ Tri|9 Tri|HD 14055|HR 664|HIP 10670	34.32861	33.84719	35.74	m	3.999	1.233	A0V	0.026
Nusakan	β CrB|3 CrB|HD 137909|HR 5747|HIP 75695	231.95721	29.1057	35.809	m	3.672	0.902	A8III	0.318
Emiw	HD 7199|HIP 5529	17.69676	-66.18815	36.11	m	8.123	5.335	K0 IV/V	0.985
Zibal	ζ Eri|13 Eri|HD 20320|HR 984|HIP 15197	48.95843	-8.81973	36.503	m	4.821	2.009	A2 III	0.246
Alkalurops B	μ2 Boo|51 Boo|Gl 3904B|HD 137392|HR 5734|HIP 75415	231.12862	37.34747	36.735	m	7.092	4.267	G1V	0.639
Meridiana	α CrA|HD 178253|HR 7254|HIP 94114	287.36809	-37.90448	36.916	m	4.095	1.259	A0/1 V	0.072
Qigong	δ Boo|49 Boo|HD 135722|HR 5681|HIP 74666	228.87568	33.31483	36.935	m	3.563	0.726	G0V	1.106
Elgafar B	Gl 550.2B	217.05226	-2.22844	37.059	m	10.02	7.176	G4 V	
Tusizuo	109 Her|HD 169414|HR 6895|HIP 90139	275.92455	21.76975	37.087	m	3.975	1.129	K1III	1.383
Elgafar	φ Vir|105 Vir|Gl 550.2A|HD 126868|HR 5409|HIP 70755	217.05057	-2.22795	37.203	m	4.918	2.065	G3 V	0.76
Alkalurops	μ1 Boo|51 Boo|Gl 3903A|HD 137391|HR 5733|HIP 75411	231.12262	37.37717	37.628	m	4.334	1.456	F0V	0.333
Ceibo	HD 63454|HIP 37284	114.84103	-78.27897	37.659	m	9.48	6.601	K4 V	1.233
Dofida	HD 117618|HIP 66047	203.10648	-47.27136	37.675	m	7.238	4.358	G2 V	0.66
Dubhe	α UMa|50 UMa|HD 95689|HR 4301|HIP 54061	165.93265	61.75112	37.679	e	2.023	-0.857	F7V comp	
Bubup	HD 38283|HIP 26380	84.2584	-73.69934	38.044	m	6.761	3.86	G0/1 V	0.618
Lembu	97 Tau|HD 30780|HR 1547|HIP 22565	72.84359	18.83986	38.282	m	5.115	2.2	A 7 IV-V	0.229
Beid	ο1 Eri|38 Eri|HD 26574|HR 1298|HIP 19587	62.96641	-6.83758	38.3	m	4.067	1.151	F1 IV	0.356
Rasalas	μ Leo|24 Leo|HD 85503|HR 3905|HIP 48455	148.19091	26.00695	38.318	m	4.013	1.096	K2III	1.476
Sadachbia	γ Aqr|48 Aqr|Gl 9779|HD 212061|HR 8518|HIP 110395	335.41407	-1.38733	38.677	m	3.827	0.89	A0V	-0.045
Tupã	HD 108147|HIP 60644	186.44336	-64.02209	38.822	m	7.057	4.112	F8/G0V	0.587
Alaybasan	β Tri|4 Tri|HD 13161|HR 622|HIP 10064	32.38594	34.98729	38.895	e	3.017	0.068	A5III	0.179
Naja	γ Hya|46 Hya|HD 115659|HR 5020|HIP 64962	199.73039	-23.17151	39.172	m	3.078	0.113	G8III	1.062
Uklun	HD 102117|HIP 57291	176.21026	-58.70371	39.443	m	7.532	4.552	G6 V	0.842
Ashlesha	ε Hya|11 Hya|HD 74874|HR 3482|HIP 43109	131.69387	6.41878	39.635	e	3.488	0.498	G0III-IV	0.762
Algieba	γ1 Leo|41 Leo|HD 89484|HR 4057|HIP 50583	154.99234	19.84186	39.888	e	2.366	-0.638	K0P	1.426
Pincoya	HD 164604|HIP 88414	270.77888	-28.56064	40.021	m	9.943	6.932	K1/3	1.22
Kochab	β UMi|7 UMi|HD 131873|HR 5563|HIP 72607	222.67658	74.15551	40.145	e	2.215	-0.803	K4IIIvar	1.783
Fuyue	HD 161892|HR 6630|HIP 87261	267.46452	-37.0433	40.43	m	3.315	0.281	K0/1 III	1.404
Revati B	ζ Psc|86 Psc|HD 7345|HR 362|HIP 5743	18.43857	7.57826	40.503	m	6.148	3.111	F 7 V	0.496
Karaka	HD 137388|HIP 76351	233.91633	-80.20459	40.624	m	8.795	5.751	K0/1 V	1.021
Alya B	θ2 Ser|63 Ser|HD 175639|HR 7142|HIP 92951	284.06099	4.2021	40.765	m	4.93	1.879	A5 V	0.223
Kalausi	HD 83443|HIP 47202	144.29928	-43.27221	40.851	m	8.315	5.259	K0/1 V + G (III)	0.942
Markab	α Peg|54 Peg|HD 218045|HR 8781|HIP 113963	346.19022	15.20526	40.883	e	2.452	-0.606	B9.5III	0.004
Revati	ζ Psc|86 Psc|HD 7344|HR 361|HIP 5737	18.43286	7.57536	40.884	m	5.221	2.163	F 0 VN	0.291
Elnath	β Tau|112 Tau|HD 35497|HR 1791|HIP 25428	81.57291	28.60787	41.051	e	1.67	-1.397	B7III	-0.065
Maenalus	109 Vir|HD 130109|HR 5511|HIP 72220	221.56218	1.89288	41.184	m	3.716	0.642	Ap (A0 IVnn SiII)	0.004
Alya	θ1 Ser|63 Ser|HD 175638|HR 7141|HIP 92946	284.05495	4.2036	41.204	m	4.592	1.517	A5 V	0.184
Azha	η Eri|3 Eri|HD 18322|HR 874|HIP 13701	44.10687	-8.89814	41.292	m	4.013	0.934	K1III-IV	1.28
Subra	ο Leo|14 Leo|HD 83809|HR 3852|HIP 47508	145.28764	9.89231	41.326	m	3.562	0.481	A2+F6II	0.537
Alasia	HD 168746|HIP 90004	275.45743	-11.92268	41.687	m	8.027	4.927	G5 V	0.803
Asellus Australis	δ Cnc|47 Cnc|HD 74442|HR 3461|HIP 42911	131.17125	18.15431	41.969	m	4.048	0.933	K0III	1.263
Nenque	Gl 9037|HD 6434|HIP 5054	16.1673	-39.48821	42.252	m	7.799	4.67	G2/3 V	0.661
Achernar	α Eri|HD 10144|HR 472|HIP 7588	24.42813	-57.23666	42.753	e	0.522	-2.633	B3 VP	-0.064
Arkab Posterior	β2 Sgr|HD 181623|HR 7343|HIP 95294	290.80474	-44.79979	42.806	m	4.311	1.153	F2/3 V	0.356
Nervia	HD 49674|HIP 32916	102.87715	40.86775	42.879	m	8.179	5.018	G0	0.817
Skat	δ Aqr|76 Aqr|HD 216627|HR 8709|HIP 113136	343.66255	-15.82082	43.206	m	3.258	0.08	A3V	0.09
Bagu	δ Aur|33 Aur|HD 40035|HR 2077|HIP 28358	89.8818	54.28467	43.373	m	3.832	0.646	K0III	1.177
Kaus Australis	ε Sgr|20 Sgr|HD 169022|HR 6879|HIP 90185	276.04311	-34.38431	43.937	e	1.81	-1.404	B9.5 III	0.023
Ain	ε Tau|74 Tau|HD 28305|HR 1409|HIP 20889	67.15416	19.18043	44.712	m	3.635	0.383	K0III	1.178
Baltesha	γ CrB|8 CrB|HD 140436|HR 5849|HIP 76952	235.68572	26.29562	44.783	e	3.851	0.595	A0III	0.015
Bélénos	HD 8574|HIP 6643	21.30215	28.5667	44.832	m	7.178	3.92	F8	0.629
Itonda	HD 208487|HIP 108375	329.3327	-37.76362	44.906	m	7.535	4.273	G1/3 (V)	0.604
Huagai	ι Cas|HD 15089|HR 707|HIP 11569	37.26643	67.4024	45.29	m	4.627	1.347	A5P	0.105
Kraz	β Crv|9 Crv|HD 109379|HR 4786|HIP 61359	188.59681	-23.39676	45.444	m	2.721	-0.566	G5II	1.045
Kornephoros	β Her|27 Her|HD 148856|HR 6148|HIP 80816	247.55502	21.48961	45.45	m	2.86	-0.428	G8III	1.083
Udang	θ Cap|23 Cap|HD 200761|HR 8075|HIP 104139	316.48677	-17.23286	45.652	m	4.07	0.773	A1V	0.005
Chamukuy	θ2 Tau|78 Tau|HD 28319|HR 1412|HIP 20894	67.16559	15.87088	45.845	m	3.407	0.101	A7III	0.216
Prima Hyadum	γ Tau|54 Tau|HD 27371|HR 1346|HIP 20205	64.94835	15.62764	46.158	m	3.75	0.429	G9III	1.135
Zhou	β Ser|28 Ser|HD 141003|HR 5867|HIP 77233	236.5469	15.42182	46.313	m	3.653	0.325	A2IV	0.094
Lucilinburhuc	HD 45350|HIP 30860	97.19047	38.96296	46.968	m	7.969	4.61	G5	0.836
Gienah	γ Crv|4 Crv|HD 106625|HR 4662|HIP 59803	183.95155	-17.54193	47.103	e	2.532	-0.833	B8III	-0.074
Fawaris	δ Cyg|18 Cyg|HD 186882|HR 7528|HIP 97165	296.24361	45.13081	47.287	m	2.893	-0.481	B9.5III	-0.027
Eltanin	γ Dra|33 Dra|HD 164058|HR 6705|HIP 87833	269.15155	51.48889	47.304	e	2.381	-0.993	K5III	1.865
Intan	HD 20868|HIP 15578	50.17789	-33.7301	47.719	m	10.05	6.662	K3/4 III/V	1.335
Nihal	β Lep|9 Lep|HD 36079|HR 1829|HIP 25606	82.06134	-20.75944	47.916	m	2.901	-0.501	G5II	0.936
Gang	50 Cas|HD 12216|HR 580|HIP 9598	30.85902	72.42129	47.987	m	3.94	0.534	A2V	0.022
Merga	38 Boo|HD 130945|HR 5533|HIP 72487	222.32779	46.11621	48.016	m	5.811	2.404	F 7 IVB W	0.501
Salm	τ Peg|62 Peg|HD 220061|HR 8880|HIP 115250	350.15935	23.74034	48.275	m	4.602	1.183	A5IV	0.186
Rapeto	HD 153950|HIP 83547	256.12863	-43.30977	48.407	m	7.454	4.029	F8 V	0.603
Yed Prior	δ Oph|1 Oph|HD 146051|HR 6056|HIP 79593	243.58641	-3.69432	48.992	m	2.896	-0.555	M1III	1.912
Alkes	α Crt|7 Crt|HD 95272|HR 4287|HIP 53740	164.9436	-18.29878	49.093	m	4.195	0.74	K1 III	1.288
Rhombus	α Ret|HD 27256|HR 1336|HIP 19780	63.60618	-62.47386	49.157	m	3.425	-0.033	G6 II/III	1.044
Marfik	λ Oph|10 Oph|HD 148857|HR 6149|HIP 80883	247.72848	1.98396	49.179	m	4.147	0.688	B9/A0 III	0.043
Chertan	θ Leo|70 Leo|HD 97633|HR 4359|HIP 54879	168.56002	15.42957	49.222	m	3.304	-0.157	A0V	0.018
Secunda Hyadum	δ1 Tau|61 Tau|HD 27697|HR 1373|HIP 20455	65.73372	17.54252	49.239	m	3.86	0.398	K0III	1.132
Solaris	HIP 104780	318.39996	14.68938	49.301	m	9.771	6.307	K5	1.152
Zubenelhakrabi	γ Lib|38 Lib|Gl 3912|HD 138905|HR 5787|HIP 76333	233.88157	-14.78954	49.36	m	4.015	0.548	K0III	1.16
Gomeisa	β CMi|3 CMi|HD 58715|HR 2845|HIP 36188	111.78768	8.28932	49.579	e	2.838	-0.638	B8Vvar	-0.077
Sagarmatha	HD 100777|HIP 56572	173.96469	-4.7557	49.605	m	8.505	5.027	G8 V	0.876
Acamar	θ1 Eri|HD 18622|HR 897|HIP 13847	44.56535	-40.30467	50.239	m	3.195	-0.31	A4III+...	0.175
Kalasungsang	ρ Boo|25 Boo|HD 127665|HR 5429|HIP 71053	217.95745	30.37144	50.365	m	3.71	0.199	K3III	1.557
Alrescha	α Psc|113 Psc|HD 12447|HR 595|HIP 9487	30.5117	2.76374	50.506	m	4.1	0.583	Ap (kA0hA7 SrII)	-0.052
Botein	δ Ari|57 Ari|HD 19787|HR 951|HIP 14838	47.90736	19.72668	50.574	m	4.452	0.932	K2III	1.206
Khepdenreret	ε Her|58 Her|HD 153808|HR 6324|HIP 83207	255.07239	30.92641	50.597	m	3.895	0.374	A0V	-0.012
Mahasim	θ Aur|37 Aur|HD 40312|HR 2095|HIP 28380	89.93027	37.21258	50.761	e	2.602	-0.926	A0p Si	-0.05
Bharani	41 Ari|HD 17573|HR 838|HIP 13209	42.49598	27.26051	50.787	e	3.579	0.05	B8V	-0.101
Shangcheng	HD 19275|HR 932|HIP 14862	47.98443	74.39366	50.914	m	4.84	1.306	A0V	0.054
Mesarthim	γ2 Ari|5 Ari|HD 11502|HR 546|HIP 8832	28.38255	19.29385	50.951	m	4.517	0.981	A1p Si	-0.026
Speedy Mic	HD 197890|HIP 102626	311.93754	-36.59467	51.025	m	9.552	6.013	K0 V	1.086
Matrchakre	δ CrB|10 CrB|HD 141714|HR 5889|HIP 77512	237.39853	26.06839	51.291	m	4.685	1.135	G5III-IV	0.883
Kaffalmusalsala	κ And|19 And|HD 222439|HR 8976|HIP 116805	355.10211	44.33394	51.529	m	4.126	0.566	A0IV	-0.075
Jishui	ο Gem|71 Gem|HD 61110|HR 2930|HIP 37265	114.79138	34.58435	51.723	m	4.928	1.36	F3III	0.442
Bade	μ Lep|5 Lep|HD 33904|HR 1702|HIP 24305	78.23292	-16.20547	52.144	m	3.247	-0.339	B9IV: HgMn	-0.101
Nashira	γ Cap|40 Cap|Gl 4209|HD 206088|HR 8278|HIP 106985	325.02272	-16.66231	52.346	m	3.704	0.11	A7III:mp...	0.36
Lilii Borea	39 Ari|HD 17361|HR 824|HIP 13061	41.97725	29.24712	52.524	m	4.639	1.037	K1III	1.3
Alkarab	υ Peg|68 Peg|HD 220657|HR 8905|HIP 115623	351.34493	23.4041	53.459	m	4.49	0.85	F8III	0.655
Asellus Borealis	γ Cnc|43 Cnc|HD 74198|HR 3449|HIP 42806	130.82144	21.4685	53.639	m	4.654	1.007	A1V	0.026
Nembus	51 And|HD 9927|HR 464|HIP 7607	24.49815	48.62821	53.911	m	3.719	0.061	K3III	1.528
Tiaki	β Gru|HD 214952|HR 8636|HIP 112122	340.66687	-46.88458	54.259	e	2.287	-1.385	M5 III(W)	1.844
Khambalia	λ Vir|100 Vir|HD 125337|HR 5359|HIP 69974	214.77747	-13.37109	54.275	m	4.532	0.859	A1 V	0.148
Shangwei	HD 42818|HR 2209|HIP 29997	94.71158	69.31978	54.504	m	4.758	1.076	A0V	0.02
Acubens	α Cnc|65 Cnc|HD 76756|HR 3572|HIP 44066	134.62174	11.85769	54.554	m	4.268	0.584	AM	0.159
Peacock	α Pav|HD 193924|HR 7790|HIP 100751	306.41187	-56.73488	54.825	e	1.898	-1.797	B2.5 V	-0.136
Bunda	ξ Aqr|23 Aqr|HD 205767|HR 8264|HIP 106786	324.43796	-7.8542	54.847	m	4.7	1.004	K0 III	0.188
Shama	HD 99109|HIP 55664	171.07232	-1.52906	55.011	m	9.16	5.458	G8/K0 IV	1.021
Rukbat	α Sgr|HD 181869|HR 7348|HIP 95347	290.97157	-40.61594	55.222	m	3.927	0.216	B8 V	-0.108
Alphard	α Hya|30 Hya|HD 81797|HR 3748|HIP 46390	141.89685	-8.6586	55.279	e	2.14	-1.573	K3 II-III	1.739
Shimu	ζ And|34 And|HD 4502|HR 215|HIP 3693	11.83472	24.26718	55.53	m	4.199	0.476	K1II	1.289
Inquill	HD 156411|HIP 84787	259.96416	-48.54932	55.662	m	6.742	3.014	G1 V(W)	0.661
Muscida	ο UMa|1 UMa|HD 71369|HR 3323|HIP 41704	127.56647	60.71817	55.762	m	3.436	-0.296	G4II-III	0.97
Yildun	δ UMi|23 UMi|HD 166205|HR 6789|HIP 85822	263.05412	86.58646	55.928	m	4.34	0.602	A1V	0.04
Poerava	HD 221287|HIP 116084	352.83476	-58.20973	55.952	m	7.866	4.127	F7 V	0.548
Aldhanab	γ Gru|HD 207971|HR 8353|HIP 108085	328.4822	-37.36487	56.154	m	2.971	-0.776	B8 III	-0.101
Tania Australis	μ UMa|34 UMa|HD 89758|HR 4069|HIP 50801	155.58225	41.49952	56.184	m	3.216	-0.532	M0III	1.91
Lang-Exster	α Tuc|HD 211416|HR 8502|HIP 110130	334.6254	-60.2596	56.394	m	2.998	-0.758	K3 III	1.681
Zubeneschamali	β Lib|27 Lib|HD 135742|HR 5685|HIP 74785	229.25173	-9.38292	56.754	e	2.568	-1.202	B8V	-0.071
Libertas	ξ Aql|59 Aql|HD 188310|HR 7595|HIP 97938	298.56201	8.46145	57.083	m	4.824	1.041	K0III	1.224
Minelauva	δ Vir|43 Vir|HD 112300|HR 4910|HIP 63090	193.90087	3.39747	57.45	m	3.577	-0.219	M2 III	1.805
Kitalpha	α Equ|8 Equ|HD 202448|HR 8131|HIP 104987	318.95595	5.24787	58.145	m	3.993	0.17	G5 III + A5 V	0.559
Ancha	θ Aqr|43 Aqr|HD 211391|HR 8499|HIP 110003	334.20849	-7.78329	58.516	m	4.268	0.432	K0 III	1.13
Tonglingxing	HD 49878|HR 2527|HIP 33694	105.01682	76.97741	58.564	m	4.699	0.861	K4III	1.64
Zaurak	γ Eri|34 Eri|HD 25025|HR 1231|HIP 18543	59.50736	-13.50852	58.818	m	3.129	-0.719	M1 IIIBCA-1,CR-1	1.921
Shakata	75 Tau|HD 28292|HR 1407|HIP 20877	67.10987	16.35968	59.513	m	5.095	1.222	K2III	1.331
Angetenar	τ2 Eri|2 Eri|HD 17824|HR 850|HIP 13288	42.75967	-21.00402	59.549	m	4.871	0.997	K0 III	1.049
Sika	HD 181720|HIP 95262	290.72078	-32.91905	59.964	m	7.916	4.027	G1 V	0.643
Buna	HD 16175|HIP 12191	39.25796	42.06264	59.999	m	7.355	3.464	G0	0.713
Castula	υ2 Cas|28 Cas|HD 5395|HR 265|HIP 4422	14.16628	59.18105	60.073	m	4.728	0.835	G8III-IV	1.101
Scheat	β Peg|53 Peg|HD 217906|HR 8775|HIP 113881	345.94357	28.08278	60.096	e	2.654	-1.24	M2II-III	1.956
Matar	η Peg|44 Peg|HD 215182|HR 8650|HIP 112158	340.75058	30.22125	60.129	m	3.016	-0.879	G2II-III	0.982
Násti	HD 68988|HIP 40687	124.59238	61.46072	60.387	m	8.262	4.357	G0	0.72
Mirach	β And|43 And|Gl 53.3|HD 6860|HR 337|HIP 5447	17.43301	35.62056	60.533	e	2.244	-1.666	M0III	1.911
Taiyangshou	χ UMa|63 UMa|HD 102224|HR 4518|HIP 57399	176.51256	47.77941	60.834	m	3.818	-0.103	K0III	1.409
Amadioha	HD 43197|HIP 29550	93.39858	-29.89726	62.433	m	9.046	5.069	G8/K0 IV/V	0.946
Homam	ζ Peg|42 Peg|HD 214923|HR 8634|HIP 112029	340.3655	10.83136	62.657	e	3.378	-0.607	B8.5V	-0.081
Ping	ε Lep|2 Lep|HD 32887|HR 1654|HIP 23685	76.36527	-22.37104	64.103	m	3.334	-0.7	K4 III	1.768
Theemin	υ2 Eri|52 Eri|HD 29291|HR 1464|HIP 21393	68.88766	-30.56234	64.725	m	3.908	-0.147	G8 III	1.114
Funi	HD 109246|HIP 61177	188.02994	74.48955	67.947	m	8.832	4.671	G0	0.736
Situla	κ Aqr|63 Aqr|HD 214376|HR 8610|HIP 111710	339.43908	-4.22806	67.958	m	5.157	0.996	K1 III	1.341
Adhil	ξ And|46 And|HD 8207|HR 390|HIP 6411	20.58508	45.52878	68.473	m	4.988	0.81	K0III-IV	1.264
Tania Borealis	λ UMa|33 UMa|HD 89021|HR 4033|HIP 50372	154.27428	42.91436	69.159	m	3.428	-0.771	A2IV	0.048
Ras Elased Australis	ε Leo|17 Leo|HD 84441|HR 3873|HIP 47908	146.46281	23.77425	69.738	m	3.042	-1.175	G0I-II	0.913
Nunki	σ Sgr|34 Sgr|HD 175191|HR 7121|HIP 92855	283.81632	-26.29659	69.832	e	2.044	-2.176	B2.5 V	-0.156
Antinous	θ Aql|65 Aql|HD 191692|HR 7710|HIP 99473	302.82619	-0.82146	70.084	m	3.208	-1.02	B9.5III	-0.052
Timir	HD 148427|HIP 80687	247.1173	-13.39964	70.393	m	7	2.762	K0 III/IV	1.094
Ginan	ε Cru|HD 107446|HR 4700|HIP 60260	185.34004	-60.40115	70.423	m	3.734	-0.505	K3/4 III	1.674
Schedar	α Cas|18 Cas|HD 3712|HR 168|HIP 3179	10.12674	56.53733	70.967	m	2.349	-1.906	K0II-IIIvar	1.38
Tejat	μ Gem|13 Gem|HD 44478|HR 2286|HIP 30343	95.74009	22.51359	71.023	e	3.064	-1.193	M3IIIvar	1.941
Adhafera	ζ Leo|36 Leo|HD 89025|HR 4031|HIP 50335	154.17257	23.41731	71.237	m	3.455	-0.809	F0III	0.34
Haedus	η Aur|10 Aur|HD 32630|HR 1641|HIP 23767	76.6287	41.23447	71.323	m	3.123	-1.143	B3V	-0.166
Nekkar	β Boo|42 Boo|HD 133208|HR 5602|HIP 73555	225.48651	40.39057	72.056	m	3.577	-0.711	G8II-III	1.095
Izar	ε Boo|36 Boo|HD 129989|HR 5505|HIP 72105	221.24676	27.07421	72.324	m	2.578	-1.718	K0II-III	1.359
Sualocin	α Del|9 Del|HD 196867|HR 7906|HIP 101958	309.90952	15.91207	72.834	m	3.753	-0.559	B9V	-0.05
Chechia	HD 192699|HIP 99894	304.02502	4.58079	72.852	m	6.543	2.231	G8 IV	0.988
Rosalíadecastro	HD 149143|HIP 81022	248.2127	2.08483	73.379	m	7.969	3.641	G3 V	0.742
Albali	ε Aqr|2 Aqr|HD 198001|HR 7950|HIP 102618	311.91897	-9.49578	74.84	m	3.758	-0.613	A1 III	0.011
Musica	18 Del|HD 199665|HR 8030|HIP 103527	314.60806	10.83928	75.176	m	5.609	1.229	K0	1.059
Zaniah	η Vir|15 Vir|HD 107259|HR 4689|HIP 60129	184.97648	-0.66679	75.935	m	3.874	-0.528	A2 IV	0.037
Veritate	14 And|HD 221345|HR 8930|HIP 116076	352.82256	39.2362	75.941	m	5.341	0.939	G8III	1.193
Zhang	υ1 Hya|39 Hya|HD 85444|HR 3903|HIP 48356	147.86956	-14.84661	76.183	m	4.21	-0.199	G6/8 III	1.07
Ogma	HD 149026|HIP 80838	247.62341	38.34731	76.218	m	8.208	3.798	G0	0.679
Cujam	ω Her|24 Her|HD 148112|HR 6117|HIP 80463	246.35398	14.03327	76.316	m	4.565	0.152	A0P	0.01
Menkar	α Cet|92 Cet|HD 18884|HR 911|HIP 14135	45.56988	4.08974	76.394	e	2.716	-1.699	M2 III	1.971
Spica	α Vir|67 Vir|HD 116658|HR 5056|HIP 65474	201.29835	-11.16124	76.57	e	1.031	-3.389	B1 V	-0.154
Bellatrix	γ Ori|24 Ori|HD 35468|HR 1790|HIP 25336	81.28278	6.34973	77.399	e	1.629	-2.815	B2III	-0.161
Nushagak	HD 17156|HIP 13192	42.43535	71.75323	77.434	m	8.233	3.788	G5	0.681
Ukdah	ι Hya|35 Hya|HD 83618|HR 3845|HIP 47431	144.96401	-1.14281	77.486	m	4.036	-0.41	K2 III	1.569
Baten Kaitos	ζ Cet|55 Cet|HD 11353|HR 539|HIP 8645	27.86514	-10.33504	77.658	m	3.851	-0.6	K0 III	1.336
Stribor	HD 75898|HIP 43674	133.46169	33.05681	78.058	m	8.105	3.643	G0	0.701
Safina	88 Aqr|HD 218594|HR 8812|HIP 114341	347.36165	-21.17241	78.92	m	3.807	-0.679	K1III	1.452
Stephanos	π CrB|9 CrB|HD 140716|HR 5855|HIP 77048	235.99709	32.51581	79.387	m	5.694	1.195	K0	1.251
Kui	η And|38 And|HD 5516|HR 271|HIP 4463	14.30167	23.41765	79.603	m	4.499	-0.006	G8III-IV	1.103
Brachium	σ Lib|20 Lib|HD 133216|HR 5603|HIP 73714	226.01756	-25.28196	79.753	m	3.459	-1.05	M3/4 III	1.941
Torcular	ο Psc|110 Psc|HD 10761|HR 510|HIP 8198	26.34846	9.15775	79.811	m	4.368	-0.142	G8III	1.109
Thuban	α Dra|11 Dra|HD 123299|HR 5291|HIP 68756	211.09748	64.37585	79.9	m	3.628	-0.885	A0III SB	-0.03
Uúba	HIP 117883	358.66754	-37.62793	81.05	m	9.847	5.303	G8	0.898
Alshat	ν Cap|8 Cap|HD 193432|HR 7773|HIP 100310	305.1659	-12.75908	82.144	m	4.741	0.168	B9 IV	-0.046
Gakyid	HD 73534|HIP 42446	129.81585	12.96037	83.629	m	8.345	3.733	G5	1.125
Intercrus	HD 81688|HR 3743|HIP 46471	142.16663	45.60148	84.629	m	5.503	0.865	K 0 III-IV	1.15
Mimosa	β Cru|HD 111123|HR 4853|HIP 62434	191.9305	-59.68873	85.397	e	1.281	-3.376	B0.5 III	-0.179
Kang	κ Vir|98 Vir|HD 124294|HR 5315|HIP 69427	213.22394	-10.2737	86.298	m	4.325	-0.355	K2/3 III	1.6
Aiolos	HD 95086|HIP 53524	164.26257	-68.66734	86.461	m	7.39	2.706	A8 III	0.259
Phact	α Col|HD 37795|HR 1956|HIP 26634	84.91226	-34.07411	87.713	m	2.608	-2.107	B7IV	-0.094
Triminus	6 Tri|HD 13480|HR 642|HIP 10280	33.09282	30.30307	88.487	m	5.259	0.525	G5III	0.987
Anser	α Vul|6 Vul|HD 183439|HR 7405|HIP 95771	292.17637	24.66491	89.096	m	4.61	-0.139	M0+III	1.772
Wurren	ζ Phe|HD 6882|HR 338|HIP 5348	17.0962	-55.24576	89.222	m	3.997	-0.755	B7 V	-0.112
Beemim	43 Eri|HD 28028|HR 1393|HIP 20535	66.00923	-34.01685	89.871	m	4.123	-0.645	K4 III	1.783
Polaris Australis	σ Oct|HD 177482|HR 7228|HIP 104382	317.19522	-88.9565	90.086	m	5.475	0.702	F0 IV	0.299
Fafnir	42 Dra|HD 170693|HR 6945|HIP 90344	276.49641	65.56348	90.449	m	4.955	0.173	K2III	1.39
Yunü	31 Leo|HD 87837|HR 3980|HIP 49637	151.97613	9.99751	90.737	m	4.532	-0.257	K4III	1.736
Nosaxa	HD 48265|HIP 31895	100.00719	-48.54196	90.856	m	8.116	3.324	G5 IV/V	0.842
Mira	ο Cet|68 Cet|HD 14386|HR 681|HIP 10826	34.83662	-2.97765	91.659	e	6.654	1.843	M5/6 IIIe	1.279
Liesma	HD 118203|HIP 66192	203.51059	53.72853	92.044	m	8.135	3.315	K0	0.768
Sargas	θ Sco|HD 159532|HR 6553|HIP 86228	264.32969	-42.99782	92.081	e	1.904	-2.917	F0 II	0.47
Tarandus	HD 5848|HR 285|HIP 5372	17.18697	86.25709	92.563	m	4.364	-0.468	K2III	1.457
Solitaire	58 Hya|HD 130694|HR 5526|HIP 72571	222.5722	-27.96037	92.572	m	4.573	-0.259	K3III	1.635
Sāmaya	HD 205739|HIP 106824	324.53502	-31.73748	92.929	m	8.607	3.766	F7 V	0.597
Axólotl	HD 224693|HIP 118319	359.9743	-22.42811	94.522	m	8.291	3.413	G2 V	0.727
Canopus	α Car|HD 45348|HR 2326|HIP 30438	95.98788	-52.69572	94.787	e	-0.608	-5.492	F0 II	0.191
Hydor	2 Cet|HD 225132|HR 9098|HIP 301	0.93495	-17.33599	95.17	m	4.527	-0.365	B9IVn	-0.055
Asuusiha	τ Her|22 Her|HD 147394|HR 6092|HIP 79992	244.93516	46.31337	98.4	m	3.854	-1.111	B5III	-0.153
Acrux	α1 Cru|HD 108248|HR 4730|HIP 60718	186.64976	-63.09906	98.717	e	1.245	-3.727	B0.5 IV	-0.192
Tarf	β Cnc|17 Cnc|HD 69267|HR 3249|HIP 40526	124.12884	9.18554	98.984	m	3.684	-1.294	K4III	1.791
Tonatiuh	HD 104985|HR 4609|HIP 58952	181.31299	76.90573	100.73	m	5.9	0.884	G9III	1.205
Bibhā	HD 86081|HIP 48711	149.02467	-3.80843	103.32	m	8.774	3.703	G1 V	0.709
Fang	π Sco|6 Sco|HD 143018|HR 5944|HIP 78265	239.71298	-26.1141	103.38	m	2.832	-2.24	B1V + B2V	-0.17
Taygeta	19 Tau|HD 23338|HR 1145|HIP 17531	56.30206	24.46727	104.77	m	4.272	-0.829	B6IV	-0.114
Nikawiy	HD 136418|HIP 74961	229.77575	41.73321	104.98	m	7.983	2.877	G5	1.076
Furud	ζ CMa|1 CMa|HD 44402|HR 2282|HIP 30122	95.07829	-30.06337	105.35	m	2.961	-2.152	B2.5V	-0.178
Yuyu	ι Cnc|48 Cnc|HD 74739|HR 3475|HIP 43103	131.67425	28.7599	106.24	m	4.126	-1.005	G 7.5IIIA	1.126
Alfarasalkamil	ο And|1 And|HD 217676|HR 8762|HIP 113726	345.48025	42.32598	107.47	m	3.611	-1.545	B6pv SB	-0.096
Matza	HD 116434|HIP 65426	201.15041	-51.50446	107.49	m	6.996	1.839	A2 V	0.115
Uruk	HD 231701|HIP 96078	293.01734	16.47429	108.47	m	9.03	3.853	F8V	0.563
Shengong	HD 153072|HR 6298|HIP 83100	254.71775	-37.62051	109.33	m	6.072	0.878	A3 III	0.205
Phyllon Kissinou	23 Com|HD 109485|HR 4789|HIP 61394	188.71283	22.62924	109.71	m	4.773	-0.428	A0III	0.005
Alkaphrah	κ UMa|12 UMa|HD 77327|HR 3594|HIP 44471	135.90641	47.15653	109.89	e	3.547	-1.658	A1Vn	0.008
Rasalgethi	α1 Her|64 Her|HD 156014|HR 6406|HIP 84345	258.66189	14.39037	110.25	e	3.48	-1.732	M5II	1.597
Albireo	β1 Cyg|6 Cyg|HD 183912|HR 7417|HIP 95947	292.68036	27.95968	111.34	m	3.186	-2.047	K0II+B9V	1.253
Lionrock	HD 212771|HIP 110813	336.7628	-17.26366	111.55	m	7.694	2.457	G8 IV	1.008
Shatabhisha	λ Aqr|73 Aqr|HD 216386|HR 8698|HIP 112961	343.15365	-7.5796	111.91	m	3.934	-1.31	M2IIIvar	1.939
Rastaban	β Dra|23 Dra|HD 159181|HR 6536|HIP 85670	262.6082	52.30139	112.11	m	2.874	-2.374	G2II	1.106
Aldulfin	ε Del|2 Del|HD 195810|HR 7852|HIP 101421	308.3032	11.30326	112.17	m	4.002	-1.247	B6III	-0.131
Nuchuang	π Her|67 Her|HD 156283|HR 6418|HIP 84380	258.76181	36.80916	112.37	m	3.292	-1.961	K3II	1.73
Alsciaukat	31 Lyn|HD 70272|HR 3275|HIP 41075	125.7088	43.18813	112.58	m	4.415	-0.842	K5III	1.875
Hunahpú	HD 98219|HIP 55174	169.44814	-23.97541	113.17	m	8.139	2.87	K0 III/IV	1.102
Pipit	ν Pup|HD 47670|HR 2451|HIP 31685	99.4403	-43.19593	113.39	m	3.138	-2.135	B8 III	-0.111
Aurwandilsta	ι CrB|14 CrB|HD 143807|HR 5971|HIP 78493	240.36069	29.85106	114.02	m	4.963	-0.322	A0P	-0.052
Alterf	λ Leo|4 Leo|HD 82308|HR 3773|HIP 46750	142.93011	22.96797	114.21	m	4.475	-0.814	K5III	1.848
Alpherg	η Psc|99 Psc|HD 9270|HR 437|HIP 7097	22.87088	15.34583	114.5	m	3.712	-1.582	G5II	1.13
Minchir	σ Hya|5 Hya|HD 73471|HR 3418|HIP 42402	129.68932	3.34144	115.09	m	4.577	-0.728	K2 III	1.434
Giausar	λ Dra|1 Dra|HD 100029|HR 4434|HIP 56211	172.85092	69.33108	115.66	m	3.987	-1.329	M0III	1.936
Leepwal	ζ Cen|HD 121263|HR 5231|HIP 68002	208.88515	-47.28827	117.1	e	2.497	-2.846	B2.5 IV	-0.202
Gudja	κ Ser|35 Ser|HD 141477|HR 5879|HIP 77450	237.1849	18.14156	117.33	m	4.273	-1.074	M 1- IIIAB	1.928
Shaowei	γ Cam|HD 23401|HR 1148|HIP 17959	57.58962	71.33226	118.42	m	4.611	-0.756	A3IV	0.063
Dabih	β Cap|9 Cap|HD 193496|HR 7776|HIP 100345	305.2528	-14.78141	119.1	m	3.151	-2.228	K0 :II: + A5:N	0.858
Arkab Prior	β1 Sgr|HD 181454|HR 7337|HIP 95241	290.65955	-44.45896	119.36	m	3.935	-1.449	B8 V	-0.107
Atria	α TrA|HD 150798|HR 6217|HIP 82273	252.16623	-69.02772	119.76	e	2.052	-3.34	K2 II	1.738
Electra	17 Tau|HD 23302|HR 1142|HIP 17499	56.2189	24.11334	119.82	m	3.674	-1.719	B6III	-0.116
Hadar	β Cen|HD 122451|HR 5267|HIP 68702	210.95602	-60.37298	120.19	e	0.584	-4.815	B1 III	
Almach	γ1 And|57 And|HD 12533|HR 603|HIP 9640	30.97476	42.32973	120.48	e	2.308	-3.097	B8V	1.676
Belel	HD 181342|HIP 95124	290.26763	-23.61958	120.52	m	7.663	2.258	K0 III	1.175
Maasym	λ Her|76 Her|HD 158899|HR 6526|HIP 85693	262.68462	26.11065	120.56	m	4.552	-0.854	K3III	1.696
Marsic	κ Her|7 Her|HD 145001|HR 6008|HIP 79043	242.01886	17.04698	120.76	m	5.097	-0.313	G8III	1.068
Acrab B	β2 Sco|8 Sco|HD 144218|HR 5985|HIP 78821	241.36065	-19.80186	121.41	m	4.517	-0.904	B2V	-0.001
Gaja	τ Tau|94 Tau|HD 29763|HR 1497|HIP 21881	70.56126	22.95694	121.49	m	4.239	-1.184	B3V	-0.129
Mago	HD 32518|HR 1636|HIP 24003	77.403	69.63941	121.67	m	6.544	1.118	K1III	1.296
Guansuo	θ CrB|4 CrB|HD 138749|HR 5778|HIP 76127	233.23242	31.35913	121.74	m	4.143	-1.284	(B5)V	-0.14
Albireo B	β2 Cyg|6 Cyg|HD 183914|HR 7418|HIP 95951	292.68914	27.96527	122.11	m	4.683	-0.751	B7V	0.18
Aniara	HD 102956|HIP 57820	177.84379	57.64073	122.41	m	7.959	2.52	K 0 III	1.121
Atlas	27 Tau|HD 23850|HR 1178|HIP 17847	57.29059	24.05341	123.18	m	3.601	-1.852	B8III	-0.084
Alcyone	η Tau|25 Tau|HD 23630|HR 1165|HIP 17702	56.87115	24.10514	123.61	e	2.834	-2.626	B7III	-0.064
Acrab	β1 Sco|8 Sco|HD 144217|HR 5984|HIP 78820	241.3593	-19.80545	123.92	e	2.592	-2.874	B0.5V	-0.073
Fumalsamakah	β Psc|4 Psc|HD 217891|HR 8773|HIP 113889	345.96923	3.82005	124.16	m	4.461	-1.009	B7 IV/V	-0.122
Adhara	ε CMa|21 CMa|HD 52089|HR 2618|HIP 33579	104.65644	-28.97209	124.22	e	1.5	-3.971	B2 II	-0.15
Heng	ν Cen|HD 120307|HR 5190|HIP 67464	207.37616	-41.68771	124.26	m	3.352	-2.12	B2 IV	-0.224
Bibing	λ Tau|35 Tau|HD 25204|HR 1239|HIP 18724	60.17006	12.49035	124.38	m	3.388	-2.086	B3V	-0.123
Nahn	ξ Cnc|77 Cnc|HD 78515|HR 3627|HIP 44946	137.33973	22.04546	124.94	m	5.257	-0.226	K0III	1.121
Alula Borealis	ν UMa|54 UMa|HD 98262|HR 4377|HIP 55219	169.61974	33.0943	125.28	m	3.635	-1.854	K3III	1.69
Pherkad Minor	11 UMi|HD 136726|HR 5714|HIP 74793	229.27456	71.8239	126.17	m	5.173	-0.332	K4III	1.631
Illyrian	HD 82886|HIP 47087	143.93825	34.78075	126.66	m	7.722	2.209	G0	0.988
Marsic B	κ Her|7 Her|HD 145000|HR 6009|HIP 79045	242.02065	17.05439	127.43	m	6.206	0.68	K2III	1.259
Kaus Media	δ Sgr|19 Sgr|HD 168454|HR 6859|HIP 89931	275.24851	-29.8281	127.44	m	2.83	-2.697	K3 III	1.672
Aldhibah	ζ Dra|22 Dra|HD 155763|HR 6396|HIP 83895	257.19672	65.71468	127.76	m	3.132	-2.4	B6III	-0.116
Hunor	HD 147506|HIP 80076	245.15148	41.04808	128.52	m	8.743	3.198	F8	0.498
Rangifer	49 Cas|HD 12339|HR 592|HIP 9763	31.38147	76.11506	128.6	m	5.322	-0.224	G8III	1.096
Maia	20 Tau|HD 23408|HR 1149|HIP 17573	56.4567	24.36775	130.36	m	3.849	-1.727	B7III	-0.074
Kaveh	Gl 736|HD 175541|HIP 92895	283.92035	4.26532	130.77	m	8.104	2.521	G6/8 IV	1.016
Sham	α Sge|5 Sge|HD 185758|HR 7479|HIP 96757	295.02413	18.01389	130.97	m	4.458	-1.128	G0IB	0.867
Mouhoun	HD 30856|HIP 22491	72.57442	-24.36884	131.64	m	8.017	2.42	K0 III	1.104
Muliphein	γ CMa|23 CMa|HD 53244|HR 2657|HIP 34045	105.93955	-15.63328	131.89	m	4.078	-1.523	B8 II	-0.129
Bodu	95 Her|HD 164669|HR 6729|HIP 88267	270.3767	21.59578	132.4	m	4.852	-0.758	A 5 IIIN	0.167
Arcalís	HD 131496|HIP 72845	223.34596	18.2354	132.5	m	7.913	2.302	K0	1.194
Polaris	α UMi|1 UMi|HD 8890|HR 424|HIP 11767	37.94625	89.26411	132.63	e	2.038	-3.575	F7:Ib-IIv SB	0.67
Xihe	HD 173416|HR 7043|HIP 91852	280.90045	36.5566	132.69	m	6.154	0.54	K0	1.229
Kamuy	HD 145457|HIP 79219	242.51631	26.74275	135.38	m	6.681	1.023	G9III	1.209
Celaeno	16 Tau|HD 23288|HR 1140|HIP 17489	56.20089	24.28947	135.41	m	5.441	-0.217	B7IV	-0.057
Tianguan	ζ Tau|123 Tau|HD 37202|HR 1910|HIP 26451	84.41119	21.14255	136.43	e	2.931	-2.743	B4IIIp	-0.172
Iklil	ρ Sco|5 Sco|HD 142669|HR 5928|HIP 78104	239.22115	-29.21407	136.58	m	3.833	-1.844	B2 IV/V	-0.216
Asterope	21 Tau|HD 23432|HR 1151|HIP 17579	56.47699	24.55451	136.89	m	5.745	0.063	B8V	-0.039
Hassaleh	ι Aur|3 Aur|HD 31398|HR 1577|HIP 23015	74.24841	33.16609	137.95	m	2.83	-2.869	K3II	1.836
Pleione	28 Tau|HD 23862|HR 1180|HIP 17851	57.29674	24.13671	138.1	m	5.028	-0.673	B7P	-0.089
Formosa	HD 100655|HR 4459|HIP 56508	173.76564	20.44155	138.23	m	6.552	0.849	G9III	1.195
Dingolay	HD 96063|HIP 54158	166.18523	-2.51321	139.3	m	8.347	2.627	G6 V	0.951
Imai	δ Cru|HD 106490|HR 4656|HIP 59747	183.78632	-58.74893	139.51	m	2.721	-3.002	B2 IV	-0.206
Merope	23 Tau|HD 23480|HR 1156|HIP 17608	56.58155	23.94835	141.5	m	4.152	-1.602	B6IV	-0.067
Jabbah	ν Sco|14 Sco|HD 145502|HR 6027|HIP 79374	242.99889	-19.46071	141.71	m	4.35	-1.407	B2IV	0.017
Alruba	HD 161693|HR 6618|HIP 86782	265.99657	53.80171	142.31	m	5.745	-0.021	B 9 IV	0.017
Uridim	α Lup|HD 129056|HR 5469|HIP 71860	220.48239	-47.38814	142.45	e	2.26	-3.508	B1.5 VN	-0.177
Segin	ε Cas|45 Cas|HD 11415|HR 542|HIP 8886	28.59876	63.6701	142.78	m	3.313	-2.46	B2pvar	-0.151
Apamvatsa	74 Vir|HD 117675|HR 5095|HIP 66006	202.99119	-6.25582	143.89	m	4.897	-0.893	M2 III	1.916
Algenib	γ Peg|88 Peg|HD 886|HR 39|HIP 1067	3.30897	15.1836	143.94	m	2.769	-3.022	B2IV	-0.204
Paikauhale	τ Sco|23 Sco|HD 149438|HR 6165|HIP 81266	248.97064	-28.21601	145.35	e	2.759	-3.053	B0 V	-0.223
Bosona	HD 206610|HIP 107251	325.85375	-7.40825	147.85	m	8.46	2.611	K0 III	1.197
Fulu	ζ Cas|17 Cas|HD 3360|HR 153|HIP 2920	9.24282	53.89691	150.02	m	3.628	-2.253	B2IV	-0.207
Dschubba	δ Sco|7 Sco|HD 143275|HR 5953|HIP 78401	240.08335	-22.62171	150.6	e	2.271	-3.618	B0.2IV	-0.088
Mirzam	β CMa|2 CMa|HD 44743|HR 2294|HIP 30324	95.67495	-17.95592	151.06	e	1.933	-3.963	B1 II/III	-0.186
Pherkad	γ UMi|13 UMi|HD 137422|HR 5735|HIP 75097	230.18224	71.83402	151.61	m	3.011	-2.893	A3II-III	0.079
Paradys	α Aps|HD 129078|HR 5470|HIP 72370	221.96545	-79.04475	152.65	m	3.968	-1.95	K3 III	1.733
Betelgeuse	α Ori|58 Ori|HD 39801|HR 2061|HIP 27989	88.79287	7.40704	152.67	e	0.769	-5.15	M2IA	2.08
Mirfak	α Per|33 Per|HD 20902|HR 1017|HIP 15863	51.08062	49.86124	155.28	e	1.866	-4.09	F5IB	0.552
Rasalnaqa	ι And|17 And|HD 222173|HR 8965|HIP 116631	354.53418	43.26807	155.49	m	4.266	-1.693	B8V	-0.097
Sarvvis	δ Per|39 Per|HD 22928|HR 1122|HIP 17358	55.73124	47.78755	160.17	m	2.963	-3.06	B5III SB	-0.114
Albaldah	π Sgr|41 Sgr|HD 178524|HR 7264|HIP 94141	287.44097	-21.02361	160.23	m	2.903	-3.121	F2II/III	0.393
Ayeyarwady	HD 18742|HIP 13993	45.0444	-20.8026	161.66	m	7.917	1.874	G8/K0 IV	1.059
Baekdu	8 UMi|HD 133086|HIP 73136	224.20147	74.90092	163.19	m	6.945	0.882	K0	1.155
Tianfu	τ Aql|63 Aql|HD 190327|HR 7669|HIP 98823	301.03465	7.27796	164.01	m	5.625	-0.449	K0	1.23
Mahsati	HD 152581|HIP 82651	253.4316	11.97375	164.47	m	8.447	2.367	K0	1.033
Suhail	λ Vel|HD 78647|HR 3634|HIP 44816	136.99899	-43.43259	166.94	e	2.379	-3.734	K4 III	2.033
Sadalsuud	β Aqr|22 Aqr|HD 204867|HR 8232|HIP 106278	322.88973	-5.57117	167.43	m	2.958	-3.161	G0Ib	0.957
Tiansi	γ Cas|27 Cas|HD 5394|HR 264|HIP 4427	14.17709	60.71675	168.35	e	2.168	-3.963	B0IV:E	-0.056
Antares	α Sco|21 Sco|HD 148479|HR 6134|HIP 80763	247.35195	-26.43195	169.78	e	1.287	-4.862	M1.5 IAB	2.207
Piautos	λ Cnc|19 Cnc|HD 70011|HR 3268|HIP 40881	125.1339	24.02231	174.33	m	5.904	-0.303	B9V	-0.052
Shaula	λ Sco|35 Sco|HD 158926|HR 6527|HIP 85927	263.40219	-37.10375	175.13	e	1.607	-4.61	B1.5 IV + B	-0.161
Markeb	κ Vel|HD 81188|HR 3734|HIP 45941	140.52846	-55.0107	175.44	e	2.449	-3.772	B2 IV/V	-0.162
Felis	HD 85951|HR 3923|HIP 48615	148.71753	-19.00936	176.09	m	5.107	-1.122	K5 III	1.872
Pipirima	μ2 Sco|HD 151985|HR 6252|HIP 82545	253.08394	-38.01753	176.58	m	3.508	-2.727	B2 IV	-0.225
Lesath	υ Sco|34 Sco|HD 158408|HR 6508|HIP 85696	262.69098	-37.29581	176.68	e	2.624	-3.612	B2 IV	-0.193
Tarazed	γ Aql|50 Aql|HD 186791|HR 7525|HIP 97278	296.56492	10.61326	178.89	m	2.861	-3.402	K3I-II	1.857
Alrumh	34 Boo|HD 129712|HR 5490|HIP 71995	220.85568	26.52785	181.41	m	5.003	-1.29	M 3- III	1.991
Dajiangjunbei	φ Per|HD 10516|HR 496|HIP 8068	25.91515	50.68873	185.02	m	4.011	-2.325	B1PE(III,V)	-0.113
Avior	ε Car|HD 71129|HR 3307|HIP 41037	125.6286	-59.50954	185.53	e	2.166	-4.176	K3: III + B2: V	
Meleph	ε Cnc|41 Cnc|HD 73731|HR 3429|HIP 42556	130.11255	19.54481	185.75	m	6.284	-0.061	A6III	0.203
Hoggar	HD 28678|HIP 21109	67.85605	4.57529	186.3	m	8.55	2.199	G8 IV	1.148
Aldu	ε Per|45 Per|HD 24760|HR 1220|HIP 18532	59.46345	40.01022	187.56	m	2.854	-3.512	B0.5V	-0.194
Citadelle	HD 1502|HIP 1547	4.8211	14.05475	192.24	m	8.447	2.028	K0	1.089
Saiph	κ Ori|53 Ori|HD 38771|HR 2004|HIP 27366	86.93912	-9.6696	198.41	e	2.037	-4.451	B0.5 Ia	-0.131
Sulafat	γ Lyr|14 Lyr|HD 176437|HR 7178|HIP 93194	284.73593	32.68956	201.38	m	3.217	-3.303	A0P	-0.036
Sadalmelik	α Aqr|34 Aqr|HD 209750|HR 8414|HIP 109074	331.44598	-0.31985	202.22	m	3.033	-3.496	G2 Ib	1.128
Alfirk	β Cep|8 Cep|HD 205021|HR 8238|HIP 106032	322.16493	70.56072	210.08	e	3.173	-3.439	B2IIIv SB	-0.236
Propus	η Gem|7 Gem|HD 42995|HR 2216|HIP 29655	93.71941	22.5068	211.36	m	3.519	-3.106	M3III	1.932
Enif	ε Peg|8 Peg|HD 206778|HR 8308|HIP 107315	326.0465	9.87501	211.42	e	2.533	-4.093	K2Ibvar	1.858
Mintaka	δ Ori|34 Ori|HD 36486|HR 1852|HIP 25930	83.00166	-0.29908	212.31	e	2.411	-4.224	O9.5 II	
Alniyat	σ Sco|20 Sco|HD 147165|HR 6084|HIP 80112	245.29714	-25.59281	213.68	e	2.911	-3.738	B1 III	0.113
Junnanmen	φ And|42 And|HD 6811|HR 335|HIP 5434	17.37554	47.24178	219.78	e	4.284	-2.426	(B8)III	-0.066
Kamelos	HD 45866|HR 2363|HIP 31940	100.12032	77.99578	222.46	m	5.898	-0.838	K0	1.797
Alnitak	ζ Ori|50 Ori|HD 37742|HR 1948|HIP 26727	85.18969	-1.94258	225.73	e	1.884	-4.884	O9.5 Ib	-0.117
Aspidiske	ι Car|HD 80404|HR 3699|HIP 45556	139.27257	-59.27523	234.74	e	2.238	-4.615	A8Ib	0.227
Tianyi	7 Dra|HD 111335|HR 4863|HIP 62423	191.8931	66.7903	236.73	m	5.614	-1.257	K5	1.898
Elkurud	θ Col|HD 42167|HR 2177|HIP 29034	91.8818	-37.25292	239.63	m	4.977	-1.921	B(8) IV	-0.112
Lumbung	HD 110335|HR 4823|HIP 61966	190.4857	-59.68582	258.78	m	4.904	-2.161	B5 III	-0.055
Rigel	β Ori|19 Ori|HD 34085|HR 1713|HIP 24436	78.63446	-8.20164	264.55	e	0.283	-6.83	B8 Ia	0.029
Mebsuta	ε Gem|27 Gem|HD 48329|HR 2473|HIP 32246	100.98302	25.13112	266.83	m	3.138	-3.993	G8IB	1.692
Sheliak	β Lyr|10 Lyr|HD 174639|HR 7106|HIP 92420	282.51998	33.36267	277.91	m	3.631	-3.589	B7V+A8P	0.051
Custos	HD 23475|HR 1155|HIP 17884	57.38035	65.52597	300.41	m	4.625	-2.764	M 1 III	2.251
Miram	η Per|15 Per|HD 17506|HR 834|HIP 13268	42.67421	55.89549	306.21	m	3.942	-3.488	K3IB	1.997
La Superba	HD 110914|HR 4846|HIP 62223	191.28262	45.44025	310.34	m	5.664	-1.795	N	4
Mekbuda	ζ Gem|43 Gem|HD 52973|HR 2650|HIP 34088	106.02721	20.57029	325.42	m	4.05	-3.512	F7-G3IB	1.049
Atik	ο Per|38 Per|HD 23180|HR 1131|HIP 17448	56.07973	32.28825	330.87	m	3.906	-3.692	B1II	0.006
Naos	ζ Pup|HD 66811|HR 3165|HIP 39429	120.89613	-40.00319	332.23	e	2.189	-5.418	O5 IAF	-0.232
Azmidi	ξ Pup|7 Pup|HD 63700|HR 3045|HIP 38170	117.32356	-24.85979	332.68	m	3.452	-4.158	G6 IA	1.445
Aladfar	η Lyr|20 Lyr|HD 180163|HR 7298|HIP 94481	288.43953	39.14597	343.56	m	4.373	-3.307	B2IV	-0.17
Ramus	102 Her|HD 166182|HR 6787|HIP 88886	272.18955	20.81456	356.69	m	4.319	-3.442	B2III	-0.189
Meissa	λ Ori|39 Ori|HD 36861|HR 1879|HIP 26207	83.78449	9.93415	385.56	m	3.509	-4.421	O7.5(II)	-0.203
Nganurganity	σ CMa|22 CMa|HD 52877|HR 2646|HIP 33856	105.42978	-27.93483	398.64	m	3.656	-4.347	K4 III	2.088
Menkib	ξ Per|46 Per|HD 24912|HR 1228|HIP 18614	59.74125	35.79103	408.88	m	4.026	-4.032	O7	-0.024
Deneb	α Cyg|50 Cyg|HD 197345|HR 7924|HIP 102098	310.35797	45.28033	432.9	e	1.343	-6.839	A2I	0.128
Azelfafage	π1 Cyg|80 Cyg|HD 206672|HR 8301|HIP 107136	325.5236	51.18962	440.02	m	4.648	-3.569	B3V	-0.136
Red Rectangle	HD 44179|HIP 30089	94.99257	-10.63742	440.53	e	9.082	0.862	B9 Ib/II	0.38
Babcock's star	HD 215441|HIP 112247	341.03128	55.58923	460.79	m	8.817	0.5	A0P	0.045
Wezen	δ CMa|25 CMa|HD 54605|HR 2693|HIP 34444	107.09785	-26.3932	492.61	e	1.905	-6.558	F8Ia	0.782
Hatysa	ι Ori|44 Ori|HD 37043|HR 1899|HIP 26241	83.85826	-5.9099	500.78	m	2.715	-5.783	O9III	-0.23
Xamidimura	μ1 Sco|HD 151890|HR 6247|HIP 82514	252.96764	-38.04738	533.85	m	2.971	-5.666	B1.5IV + B	-0.195
Ainalrami	ν1 Sgr|32 Sgr|HD 174974|HR 7116|HIP 92761	283.5424	-22.74484	543.86	m	5.008	-3.669	K1 II	1.678
Sadr	γ Cyg|37 Cyg|HD 194093|HR 7796|HIP 100453	305.55709	40.25668	561.8	e	2.273	-6.475	(F5IAB)	0.767
Arneb	α Lep|11 Lep|HD 36673|HR 1865|HIP 25985	83.18256	-17.82229	594.63	m	2.587	-6.284	F0Ib	0.26
Alnilam	ε Ori|46 Ori|HD 37128|HR 1903|HIP 26311	84.05339	-1.20192	606.06	e	1.692	-7.221	B0 Ia	-0.139
Aludra	η CMa|31 CMa|HD 58350|HR 2827|HIP 35904	111.02377	-29.30312	609.76	e	2.451	-6.475	B5 IA	-0.053
Shaomin	ρ Leo|47 Leo|HD 91316|HR 4133|HIP 51624	158.2028	9.30659	628.43	m	3.806	-5.185	B1I	-0.17
Saclateni	ζ Aur|8 Aur|HD 32069|HR 1612|HIP 23453	75.61953	41.07584	702.05	m	3.888	-5.344	K4IB-II	1.348
Tengshe	HD 216946|HR 8726|HIP 113288	344.10833	49.73355	713.36	m	5.178	-4.089	M 0- IB	2.126
Alsephina D	Gl 321.3D	131.20351	-54.69818	727.48	m	13.5	4.191		
ε Ind	Gl 845|HD 209100|HR 8387|HIP 108870	330.84023	-56.78597	3.6384	m	4.826	7.021	K5V	1.222
τ Cet	52 Cet|Gl 71|HD 10700|HR 509|HIP 8102	26.01719	-15.93748	3.6522	m	3.572	5.759	G8V	0.808
δ Pav	Gl 780|HD 190248|HR 7665|HIP 99240	302.1817	-66.18207	6.0993	m	3.616	4.69	G5IV-Vvar	0.86
ξ Boo	37 Boo|Gl 566A|HD 131156|HR 5544|HIP 72659	222.8474	19.10046	6.7536	m	4.757	5.609	G8V + K4V	0.818
β Hyi	Gl 19|HD 2151|HR 98|HIP 2021	6.43783	-77.25425	7.4783	m	2.855	3.486	G2IV	0.688
μ Cas	30 Cas|Gl 53A|HD 6582|HR 321|HIP 5336	17.06819	54.92029	7.6753	m	5.23	5.805	G5Vp	0.758
χ Dra	44 Dra|Gl 713A|HD 170153|HR 6927|HIP 89937	275.26104	72.73284	8.0574	e	3.614	4.083	F7Vvar	0.536
p Eri	Gl 66B|HD 10360|HR 486	24.94815	-56.19338	8.1894	m	5.781	6.215	K0V	0.984
p Eri	Gl 66A|HD 10361|HR 487|HIP 7751	24.94816	-56.19648	8.1965	m	5.897	6.329	K1	1.02
μ Her	86 Her|Gl 695A|HD 161797|HR 6623|HIP 86974	266.61464	27.72067	8.3386	m	3.49	3.885	G5IV	0.846
ζ Tuc	Gl 17|HD 1581|HR 77|HIP 1599	5.01776	-64.87479	8.6071	m	4.286	4.612	F9V	0.614
χ1 Ori	54 Ori|Gl 222A|HD 39587|HR 2047|HIP 27913	88.59573	20.27619	8.6633	e	4.462	4.774	G0V	0.641
γ Lep	13 Lep|Gl 216A|HD 38393|HR 1983|HIP 27072	86.11585	-22.44838	8.905	m	3.638	3.89	F7V	0.524
β Com	43 Com|Gl 502|HD 114710|HR 4983|HIP 64394	197.96831	27.87818	9.1975	m	4.304	4.486	G0V	0.642
γ Pav	Gl 827|HD 203608|HR 8181|HIP 105858	321.61058	-65.3662	9.2584	m	4.276	4.443	F6V	0.507
κ1 Cet	96 Cet|Gl 137|HD 20630|HR 996|HIP 15457	49.8404	3.3702	9.2762	m	4.919	5.082	G5 V	0.751
ι Per	Gl 124|HD 19373|HR 937|HIP 14632	47.26675	49.61328	10.577	m	4.107	3.985	G0V	0.652
θ Per	13 Per|Gl 107A|HD 16895|HR 799|HIP 12777	41.04951	49.22845	11.15	m	4.155	3.919	F7V	0.53
γ Ser	41 Ser|Gl 603|HD 142860|HR 5933|HIP 78072	239.11323	15.66162	11.165	m	3.882	3.643	F6V	0.518
ζ Dor	Gl 189|HD 33262|HR 1674|HIP 23693	76.37773	-57.4727	11.693	m	4.767	4.427	F6/7 V	0.553
ι Peg	24 Peg|Gl 848|HD 210027|HR 8430|HIP 109176	331.75278	25.34511	11.904	m	3.809	3.431	F4V	0.466
λ Ser	27 Ser|Gl 598|HD 141004|HR 5868|HIP 77257	236.61089	7.35307	11.916	m	4.482	4.101	G0V	0.656
ζ2 Ret	Gl 138|HD 20807|HR 1010|HIP 15371	49.54964	-62.50636	12.039	m	5.296	4.893	G1V	0.644
ζ1 Ret	Gl 136|HD 20766|HR 1006|HIP 15330	49.44234	-62.57532	12.045	m	5.573	5.169	G2V	0.708
ζ TrA	Gl 624|HD 147584|HR 6098|HIP 80686	247.11725	-70.0844	12.067	m	4.963	4.555	G0 V	0.598
β TrA	Gl 601A|HD 141891|HR 5897|HIP 77952	238.78625	-63.43073	12.425	m	2.851	2.38	F2III	0.329
λ Aur	15 Aur|Gl 197|HD 34411|HR 1729|HIP 24813	79.78493	40.09905	12.562	m	4.761	4.266	G0V	0.677
θ UMa	25 UMa|Gl 354A|HD 82328|HR 3775|HIP 46853	143.21572	51.6773	13.545	m	3.214	2.555	F6IV	0.507
ι Psc	17 Psc|Gl 904|HD 222368|HR 8969|HIP 116771	354.98767	5.62629	13.654	m	4.176	3.5	F7V	0.542
τ1 Eri	1 Eri|Gl 111|HD 17206|HR 818|HIP 12843	41.27577	-18.57257	14.276	m	4.521	3.748	F5/6 V	0.511
η Cep	3 Cep|Gl 807|HD 198149|HR 7957|HIP 102422	311.3224	61.83878	14.368	m	3.511	2.724	K0III-IV	1.058
π1 UMa	3 UMa|Gl 311|HD 72905|HR 3391|HIP 42438	129.79876	65.02091	14.439	m	5.702	4.904	G0V	0.674
θ Boo	23 Boo|Gl 549A|HD 126660|HR 5404|HIP 70497	216.29915	51.85074	14.478	m	4.1	3.296	F6IV	0.53
ψ Cap	16 Cap|Gl 805|HD 197692|HR 7936|HIP 102485	311.5239	-25.2709	14.633	m	4.172	3.345	F5V	0.445
ν2 Lup	Gl 582|HD 136352|HR 5699|HIP 75181	230.45063	-48.31763	14.739	m	5.721	4.879	G2V	0.7
ψ Ser	23 Ser|Gl 596.1A|HD 140538|HR 5853|HIP 77052	236.00758	2.51517	14.793	m	5.945	5.095	G3 V	0.753
η Lep	16 Lep|Gl 225|HD 40136|HR 2085|HIP 28103	89.10123	-14.1677	14.957	m	3.738	2.864	F1V	0.358
ν Phe	Gl 55|HD 7570|HR 370|HIP 5862	18.79634	-45.53167	15.261	m	5.023	4.105	G0 V	0.615
δ Aql	30 Aql|Gl 760|HD 182640|HR 7377|HIP 95501	291.37458	3.11479	15.525	e	3.39	2.435	F2 IV	0.348
χ Her	1 Her|Gl 602|HD 142373|HR 5914|HIP 77760	238.16893	42.45152	15.898	m	4.664	3.657	F8V	0.614
φ2 Cet	19 Cet|Gl 37|HD 4813|HR 235|HIP 3909	12.53163	-10.64433	15.923	m	5.224	4.214	F7 V	0.554
ξ Peg	46 Peg|Gl 872A|HD 215648|HR 8665|HIP 112447	341.67326	12.17289	16.416	m	4.251	3.175	B8V	0.528
ψ5 Aur	56 Aur|Gl 245|HD 48682|HR 2483|HIP 32480	101.68474	43.57743	16.611	m	5.31	4.208	G0V	0.604
γ CrA	Gl 743.1A|HD 177474|HR 7226|HIP 93825	286.60479	-37.06349	17.037	m	4.409	3.252	F8/G0 V	0.559
γ CrA	Gl 743.1B|HD 177475|HR 7227	286.6027	-37.06474	17.284	m	5	3.812	F8 V	
ι Hor	Gl 108|HD 17051|HR 810|HIP 12653	40.63944	-50.80029	17.357	m	5.455	4.258	G0 V	0.615
ρ CrB	15 CrB|Gl 606.2|HD 143761|HR 5968|HIP 78459	240.26108	33.30351	17.511	m	5.471	4.254	G0V	0.659
ξ Oph	40 Oph|Gl 670A|HD 156897|HR 6445|HIP 84893	260.25151	-21.11293	17.519	m	4.431	3.213	F2/F3V	0.391
χ Eri	Gl 81A|HD 11937|HR 566|HIP 9007	28.98945	-51.60887	17.59	m	3.798	2.572	G8 IIIBCNIV	0.966
τ6 Eri	27 Eri|Gl 155|HD 23754|HR 1173|HIP 17651	56.71203	-23.24973	17.785	m	4.266	3.016	F3/5 V	0.445
ι Pav	Gl 705.1|HD 165499|HR 6761|HIP 89042	272.60899	-62.00223	17.795	m	5.535	4.284	G1 V	0.648
η CrB	2 CrB|Gl 584B|HD 137108|HR 5728	230.80113	30.28846	17.863	e	5.953	4.693	G2 V	0.657
η CrB	2 CrB|Gl 584A|HD 137107|HR 5727|HIP 75312	230.80125	30.28781	17.863	e	5.641	4.381	G2V	0.596
ρ Gem	62 Gem|Gl 274A|HD 58946|HR 2852|HIP 36366	112.27799	31.78453	18.047	e	4.198	2.916	F0V	0.341
τ1 Hya	31 Hya|Gl 348A|HD 81997|HR 3759|HIP 46509	142.28707	-2.76896	18.209	m	4.64	3.339	F6V	0.478
χ Cnc	18 Cnc|Gl 303|HD 69897|HR 3262|HIP 40843	125.01609	27.21771	18.223	m	5.179	3.876	F6V	0.493
η Crv	8 Crv|Gl 471.2|HD 109085|HR 4775|HIP 61174	188.01761	-16.196	18.244	m	4.338	3.032	F2 V	0.39
π Men	Gl 9189|HD 39091|HR 2022|HIP 26394	84.2874	-80.46912	18.287	m	5.721	4.41	G3IV	0.66
ψ Vel	Gl 351A|HD 82434|HR 3786|HIP 46651	142.67487	-40.46674	18.313	m	3.66	2.346	F2 IV	0.372
θ Cyg	13 Cyg|Gl 765A|HD 185395|HR 7469|HIP 96441	294.11056	50.2211	18.426	m	4.534	3.207	F4V	0.408
ε Ret	Gl 167.3|HD 27442|HR 1355|HIP 19921	64.12095	-59.30215	18.44	m	4.554	3.225	K1/2 III	1.263
τ PsA	15 PsA|Gl 849.1|HD 210302|HR 8447|HIP 109422	332.53658	-32.54841	18.458	m	4.988	3.657	F6 V	0.503
δ Equ	7 Equ|Gl 822A|HD 202275|HR 8123|HIP 104858	318.62006	10.00698	18.488	e	4.544	3.21	F7V	0.543
η Ser	58 Ser|Gl 711|HD 168723|HR 6869|HIP 89962	275.3275	-2.89882	19.069	m	3.337	1.935	K0 III-IV	1.091
μ Vir	107 Vir|Gl 9491|HD 129502|HR 5487|HIP 71957	220.7651	-5.65821	19.164	m	3.907	2.495	F2III	0.416
α Hyi	Gl 83|HD 12311|HR 591|HIP 9236	29.69177	-61.56986	19.397	m	2.871	1.432	F0V	0.331
ν Oct	Gl 835.1|HD 205478|HR 8254|HIP 107089	325.36879	-77.39005	19.411	m	3.841	2.401	K0III	1.178
α Cha	Gl 305|HD 71243|HR 3318|HIP 40702	124.63147	-76.91972	19.487	m	4.095	2.646	F5 V	0.429
ο Aql	54 Aql|Gl 768.1A|HD 187691|HR 7560|HIP 97675	297.75685	10.41572	19.488	m	5.185	3.736	F8V	0.591
β Pic	Gl 219|HD 39060|HR 2020|HIP 27321	86.8212	-51.06651	19.634	m	3.87	2.405	A5 V	0.186
η Cru	Gl 455.2|HD 105211|HR 4616|HIP 59072	181.72042	-64.61373	19.688	m	4.177	2.706	F0 IV	0.359
τ Cyg	65 Cyg|Gl 822.1A|HD 202444|HR 8130|HIP 104887	318.69776	38.04538	20.342	e	3.776	2.234	F0IV	0.426
π1 Cnc	81 Cnc|Gl 337A|HD 79096|HR 3650|HIP 45170	138.07313	14.99604	20.346	m	6.565	5.023	K0V	0.838
α Cae	Gl 174.1A|HD 29875|HR 1502|HIP 21770	70.14047	-41.86375	20.382	m	4.479	2.933	F1 V	0.351
γ Dor	Gl 167.1|HD 27290|HR 1338|HIP 19893	64.00661	-51.48665	20.429	m	4.285	2.734	F0 V	0.328
ν2 CMa	7 CMa|Gl 239.1|HD 47205|HR 2429|HIP 31592	99.17099	-19.25588	20.471	m	4.068	2.512	K1 III (+ M)	1.236
σ2 UMa	13 UMa|Gl 335A|HD 78154|HR 3616|HIP 45038	137.59807	67.13401	20.517	m	4.869	3.308	F6IV	0.515
λ Ara	Gl 686.2|HD 160032|HR 6569|HIP 86486	265.09928	-49.41559	20.962	m	4.799	3.192	F2 V	0.428
κ Tuc	Gl 55.3A|HD 7788|HR 377|HIP 5896	18.93733	-68.87509	20.986	m	7.743	6.133	F6IV	
θ Dra	13 Dra|Gl 609.1|HD 144284|HR 5986|HIP 78527	240.47228	58.56525	21.521	m	4.055	2.391	F8IV	0.578
θ Scl	Gl 3013|HD 739|HR 35|HIP 950	2.93337	-35.13312	21.719	m	5.289	3.605	F3/5 V	0.453
κ Ret	Gl 143.2A|HD 22001|HR 1083|HIP 16245	52.34449	-62.93753	21.782	m	4.75	3.06	F3 IV/V	0.413
ε Ser	37 Ser|Gl 3921|HD 141795|HR 5892|HIP 77622	237.70403	4.47773	22.061	m	3.714	1.996	Am (kA2hA5mA7 V)	0.171
μ2 Cyg	78 Cyg|Gl 836.6B|HD 206827|HR 8310	326.03264	28.74308	22.145	m	6.09	4.364	G2 V	
μ1 Cyg	78 Cyg|Gl 836.6A|HD 206827|HR 8309|HIP 107310	326.03572	28.74265	22.145	m	4.745	3.019	F6V	0.478
η Sco	Gl 657|HD 155203|HR 6380|HIP 84143	258.0383	-43.23919	22.436	m	3.359	1.604	F2 V	0.448
σ CrB	17 CrB|Gl 615.2B|HD 146362|HR 6064	243.66831	33.85752	22.658	m	6.49	4.714	G1 V	0.687
γ Tuc	Gl 9818|HD 219571|HR 8848|HIP 114996	349.35743	-58.23574	22.686	m	4.033	2.254	F3 IV/V	0.426
σ CrB	17 CrB|Gl 615.2A|HD 146361|HR 6063|HIP 79607	243.67023	33.85862	22.698	m	5.62	3.84	F 8 V	0.642
ζ Ser	57 Ser|Gl 699.2|HD 164259|HR 6710|HIP 88175	270.12088	-3.69027	22.998	m	4.66	2.852	F2 IV	0.392
υ Aqr	59 Aqr|Gl 863.2|HD 213845|HR 8592|HIP 111449	338.67349	-20.70821	23.02	m	5.254	3.443	F7 V	0.466
σ Cet	76 Cet|HD 15798|HR 740|HIP 11783	38.02181	-15.24462	23.053	m	4.792	2.978	F5 V	0.467
κ For	Gl 97|HD 14802|HR 695|HIP 11072	35.63556	-23.81633	23.304	m	5.267	3.43	G2V	0.667
χ Cet	53 Cet|Gl 9061A|HD 11171|HR 531|HIP 8497	27.39626	-10.68641	23.483	m	4.694	2.84	F0 V	0.36
ε Cet	83 Cet|Gl 105.4A|HD 16620|HR 781|HIP 12390	39.89091	-11.87216	23.537	m	4.874	3.015	F5 V	0.458
ι Leo	78 Leo|HD 99028|HR 4399|HIP 55642	170.98109	10.52953	23.61	m	4.056	2.191	F2IV	0.428
ω Dra	28 Dra|Gl 4017|HD 160922|HR 6596|HIP 86201	264.23789	68.75797	23.756	m	4.821	2.942	F5V	0.458
μ2 Cnc	10 Cnc|HD 67228|HR 3176|HIP 39780	121.94106	21.58182	23.814	m	5.361	3.477	G2IV	0.705
α1 Lib	8 Lib|Gl 563.4|HD 130819|HR 5530|HIP 72603	222.67159	-15.99724	23.938	m	5.194	3.299	F3V	0.415
κ Phe	Gl 20|HD 2262|HR 100|HIP 2072	6.55084	-43.67983	23.968	m	3.953	2.055	A6 VN	0.198
η Ind	Gl 4158|HD 197157|HR 7920|HIP 102333	311.00972	-51.92097	24.192	m	4.53	2.612	A7 III/IV	0.297
φ2 Pav	Gl 794.2|HD 196378|HR 7875|HIP 101983	310.01099	-60.54889	24.65	m	5.181	3.222	F7 V	0.559
ζ UMa	79 UMa|Gl 3784B|HD 116657|HR 5055	200.98419	54.92188	24.826	m	3.878	1.903	AM	0.177
λ2 For	Gl 105.1|HD 16417|HR 772|HIP 12186	39.2442	-34.57798	25.449	m	5.845	3.817	G1 V	0.723
ρ Psc	93 Psc|HD 8723|HR 413|HIP 6706	21.5636	19.17234	25.747	m	5.389	3.335	F2V:	0.4
ε Cep	23 Cep|Gl 4266|HD 211336|HR 8494|HIP 109857	333.75816	57.04359	26.206	m	4.208	2.116	F0IV	0.307
η1 Pic	Gl 187|HD 32743|HR 1649|HIP 23482	75.70286	-49.15141	26.251	m	5.422	3.326	F3/5 V	0.455
γ Crt	15 Crt|HD 99211|HR 4405|HIP 55705	171.22053	-17.68401	26.521	m	4.091	1.973	A9V	0.211
μ Cet	87 Cet|Gl 9099|HD 17094|HR 813|HIP 12828	41.23559	10.11414	26.601	m	4.305	2.181	F0IV	0.33
ρ Ind	HD 216437|HR 8701|HIP 113137	343.6645	-70.07371	26.692	m	6.123	3.991	G2/3 IV	0.735
δ Mus	HD 112985|HR 4923|HIP 63613	195.56772	-71.54885	26.746	m	3.736	1.6	K2 III	1.399
ε2 Ara	Gl 3985|HD 153580|HR 6314|HIP 83431	255.78626	-53.23699	26.76	m	5.333	3.196	F5 V	0.509
μ Cap	51 Cap|Gl 838.5|HD 207958|HR 8351|HIP 108036	328.32405	-13.55177	26.783	m	5.12	2.981	F3 IV	0.396
ι Crt	24 Crt|Gl 3677A|HD 101198|HR 4488|HIP 56802	174.6667	-13.20197	26.849	m	5.54	3.395	F7 V	0.534
κ Oph	27 Oph|HD 153210|HR 6299|HIP 83000	254.41707	9.37503	26.945	m	3.31	1.158	K2III	1.359
τ3 Eri	11 Eri|Gl 121|HD 18978|HR 919|HIP 14146	45.59795	-23.62447	27.063	m	4.092	1.93	A4V	0.186
σ Peg	49 Peg|Gl 9801A|HD 216385|HR 8697|HIP 112935	343.10032	9.83567	27.354	m	5.213	3.028	F6V	0.509
ψ Tau	42 Tau|HD 25867|HR 1269|HIP 19205	61.7519	29.0013	27.83	m	5.245	3.022	F 1 V	0.364
ε Scl	HD 10830|HR 514|HIP 8209	26.41145	-25.05261	28.057	m	5.384	3.144	F2IV	0.389
φ1 Pav	HD 195627|HR 7848|HIP 101612	308.89521	-60.58175	28.073	m	4.782	2.541	F0 V	0.315
σ Ser	50 Ser|Gl 3952|HD 147449|HR 6093|HIP 80179	245.51812	1.02904	28.138	m	4.858	2.612	A9 Ib/II	0.363
ξ2 Cap	2 Cap|Gl 4139|HD 191862|HR 7715|HIP 99572	303.10779	-12.6175	28.234	m	5.888	3.634	F5 V	0.495
ν Ind	Gl 855.1A|HD 211998|HR 8515|HIP 110618	336.15371	-72.25541	28.467	m	5.351	3.079	A3V: + F9V	0.695
ω2 Tau	50 Tau|HD 27045|HR 1329|HIP 19990	64.31526	20.57859	28.506	m	4.947	2.672	AM	0.28
ω And	48 And|HD 8799|HR 417|HIP 6813	21.91409	45.40669	28.791	m	4.874	2.578	F4IV	0.456
ε Lib	31 Lib|HD 137052|HR 5723|HIP 75379	231.04953	-10.32226	28.883	m	4.972	2.669	F3 V	0.47
β Cae	Gl 176.1|HD 29992|HR 1503|HIP 21861	70.5145	-37.14429	28.894	m	5.081	2.777	F3 V	0.411
χ Leo	63 Leo|HD 96097|HR 4310|HIP 54182	166.25429	7.33601	28.901	m	4.66	2.355	F2III-IV	0.349
ζ1 Aqr	55 Aqr|HD 213052|HR 8558|HIP 110960	337.20797	-0.01997	28.98	m	4.338	2.028	F3III-IV	0.452
π PsA	Gl 886.2|HD 217792|HR 8767|HIP 113860	345.87423	-34.74942	29.081	m	5.159	2.841	A9 V	0.303
ι Hyi	HD 21024|HR 1025|HIP 15201	48.99026	-77.38845	29.185	m	5.558	3.232	F5 V	0.469
ι Boo	21 Boo|Gl 9474A|HD 125161|HR 5350|HIP 69713	214.04137	51.36723	29.511	m	4.763	2.413	A7V	0.239
β Cir	Gl 580.1|HD 135379|HR 5670|HIP 74824	229.37875	-58.80121	29.568	m	4.071	1.717	A3V	0.113
α Pic	Gl 248|HD 50241|HR 2550|HIP 32607	102.04773	-61.94132	29.603	e	3.262	0.905	A5/7 III/V	0.245
π CMa	19 CMa|HD 51199|HR 2590|HIP 33302	103.90596	-20.1365	29.786	m	4.708	2.338	F2 IV/V	0.389
η UMi	21 UMi|Gl 3950A|HD 148048|HR 6116|HIP 79822	244.37621	75.75533	29.923	m	4.991	2.611	F 3 V	0.387
ν2 Dra	25 Dra|HD 159560|HR 6555|HIP 85829	263.06651	55.17296	29.923	m	4.87	2.49	Am	0.315
κ CrB	11 CrB|HD 142091|HR 5901|HIP 77655	237.80805	35.65738	29.991	m	4.908	2.523	K0III-IV	1.167
η Ari	17 Ari|Gl 1043|HD 13555|HR 646|HIP 10306	33.20035	21.21099	29.995	m	5.278	2.893	F5V	0.469
κ Del	7 Del|HD 196755|HR 7896|HIP 101916	309.78243	10.0862	30.011	m	5.149	2.763	G5IV	0.769
ρ Cap	11 Cap|Gl 791.1A|HD 194943|HR 7822|HIP 101027	307.21508	-17.81373	30.094	m	4.967	2.575	F3 V	0.354
ν1 Dra	24 Dra|HD 159541|HR 6554|HIP 85819	263.04377	55.18424	30.112	m	4.899	2.505	Am...	0.272
θ Ind	Gl 9733A|HD 202730|HR 8140|HIP 105319	319.96644	-53.44943	30.253	m	4.504	2.1	A5V	0.179
α Ind	Gl 794.1|HD 196171|HR 7869|HIP 101772	309.39181	-47.2915	30.396	m	3.203	0.789	K0 IIICNIII/IV	1.165
ξ Ser	55 Ser|HD 159876|HR 6561|HIP 86263	264.39667	-15.39856	30.411	m	3.553	1.138	F0 IIIP	0.294
λ Gem	54 Gem|Gl 9231A|HD 56537|HR 2763|HIP 35350	109.52325	16.54038	30.668	m	3.575	1.142	A3V	0.134
ε CrA	HD 175813|HR 7152|HIP 93174	284.68074	-37.10735	31.438	m	4.903	2.416	F3 IV/V	0.405
δ And	31 And|HD 3627|HR 165|HIP 3092	9.832	30.86102	31.672	m	3.405	0.902	K3III	1.531
ο Gru	HD 220729|HR 8907|HIP 115713	351.6524	-52.72161	31.827	m	5.568	3.054	F3 V	0.405
ε For	Gl 9107|HD 18907|HR 914|HIP 14086	45.40681	-28.09155	31.936	m	5.963	3.442	G8/K0 V	0.914
ε Pav	HD 188228|HR 7590|HIP 98495	300.14812	-72.9105	31.991	m	3.938	1.413	A0 V	-0.01
λ Psc	18 Psc|HD 222603|HR 8984|HIP 116928	355.51169	1.78004	32.054	m	4.514	1.985	A8 III	0.227
δ Nor	Gl 3938|HD 144197|HR 5980|HIP 78914	241.6226	-45.17321	32.193	m	4.743	2.204	A1MA7-F(3)	0.262
π Hya	49 Hya|Gl 538.1|HD 123123|HR 5287|HIP 68895	211.59291	-26.68236	32.374	m	3.368	0.817	K2 III	1.317
ο Col	HD 34642|HR 1743|HIP 24659	79.37121	-34.89521	32.48	m	4.931	2.373	K0/1 III/IV	1.142
γ Men	HD 37763|HR 1953|HIP 25918	82.97062	-76.34097	32.684	m	5.307	2.735	K2 III	1.335
β Ret	Gl 154.2|HD 23817|HR 1175|HIP 17440	56.04992	-64.80689	32.851	m	3.959	1.376	K1/2 III	1.331
π Psc	102 Psc|HD 9919|HR 463|HIP 7535	24.27465	12.14153	32.95	m	5.577	2.988	F0V	0.37
ω Psc	28 Psc|HD 224617|HR 9072|HIP 118268	359.82787	6.86332	33.029	m	4.06	1.466	F41V	0.433
β Vol	Gl 3499|HD 71878|HR 3347|HIP 41312	126.43415	-66.13689	33.099	m	3.886	1.287	K1 III	1.332
τ1 Gru	Gl 9802|HD 216435|HR 8700|HIP 113044	343.40805	-48.59828	33.121	m	6.09	3.489	G0 V	0.678
ω Leo	2 Leo|HD 81858|HR 3754|HIP 46454	142.11423	9.05678	33.167	e	5.507	2.903	F 9 V	0.664
η Ant	HD 86629|HR 3947|HIP 48926	149.71782	-35.89097	33.278	m	5.258	2.647	A8 IV	0.311
λ Hya	41 Hya|HD 88284|HR 3994|HIP 49841	152.64698	-12.35405	33.308	m	3.707	1.094	K0 III	1.175
ζ For	HD 18692|HR 901|HIP 13942	44.90076	-25.27413	33.313	m	5.735	3.122	F3 V	0.437
μ Aql	38 Aql|Gl 9661|HD 184406|HR 7429|HIP 96229	293.5223	7.37894	34.003	m	4.576	1.918	K0III	1.384
η Her	44 Her|HD 150997|HR 6220|HIP 81833	250.72402	38.92226	34.177	m	3.577	0.908	G4III	1.055
κ Peg	10 Peg|HD 206901|HR 8315|HIP 107354	326.16136	25.64503	34.223	e	4.185	1.513	F5IV	0.447
φ Gru	Gl 4330|HD 219693|HR 8859|HIP 115054	349.54119	-40.82436	34.304	m	5.586	2.909	F3/5 V	0.445
μ Vel	HD 93497|HR 4216|HIP 52727	161.69249	-49.42024	34.423	m	2.815	0.131	G5 IIIA	1.092
θ Cet	45 Cet|HD 8512|HR 402|HIP 6537	21.00585	-8.18326	34.443	m	3.722	1.037	K0III	1.243
τ CrB	16 CrB|HD 145328|HR 6018|HIP 79119	242.24287	36.49092	34.457	m	4.845	2.159	K0III	1.184
ζ Lup	Gl 9512A|HD 134505|HR 5649|HIP 74395	228.07123	-52.09925	34.769	m	3.5	0.794	G8 III	1.056
φ2 Ori	40 Ori|HD 37160|HR 1907|HIP 26366	84.22662	9.29067	34.877	m	4.187	1.474	G6	1.1
ν1 Lup	Gl 3901|HD 136351|HR 5698|HIP 75206	230.53446	-47.92779	35.025	m	5.048	2.326	F7/8 IV	0.521
ι2 For	HD 16538|HR 777|HIP 12288	39.57775	-30.19406	35.104	m	5.883	3.156	F5 V	0.497
λ2 Phe	Gl 3041|HD 3302|HR 147|HIP 2802	8.92156	-48.00091	35.155	m	5.562	2.832	F7 V	0.469
δ Lep	15 Lep|HD 39364|HR 2035|HIP 27654	87.8304	-20.87909	35.182	m	3.879	1.147	G8 III/IV	1.137
υ UMa	29 UMa|HD 84999|HR 3888|HIP 48319	147.74801	59.03874	35.238	m	3.797	1.062	F0IV	0.322
ζ Mic	HD 200163|HR 8048|HIP 103882	315.74147	-38.63145	35.244	m	5.354	2.619	F3 V	0.439
τ Sgr	40 Sgr|Gl 9643|HD 177716|HR 7234|HIP 93864	286.73502	-27.67042	35.311	m	3.427	0.687	K1/2 III	1.389
γ Equ	5 Equ|HD 201601|HR 8097|HIP 104521	317.58542	10.13158	35.407	m	4.703	1.958	A7P	0.311
γ2 Del	12 Del|HD 197964|HR 7948|HIP 102532	311.66458	16.12429	35.542	m	4.356	1.602	K1IV	1.178
γ1 Del	12 Del|HD 197963|HR 7947|HIP 102531	311.66195	16.12413	35.857	m	5.028	2.255	F8IV-V	0.618
ζ Pic	HD 35072|HR 1767|HIP 24829	79.84223	-50.60597	35.882	m	5.495	2.721	F6 IV	0.543
α Hor	HD 26967|HR 1326|HIP 19747	63.50047	-42.29437	36.074	m	3.966	1.18	K2 III	1.281
μ Tel	HD 183028|HR 7393|HIP 95932	292.64422	-55.11005	36.137	m	6.336	3.546	F5 V	0.46
τ UMa	14 UMa|HD 78363|HR 3624|HIP 45075	137.72941	63.51363	36.168	m	4.684	1.892	AM	0.394
ξ Vir	2 Vir|HD 102124|HR 4515|HIP 57328	176.321	8.25812	36.343	m	4.864	2.062	A 4 V	0.181
ι Cep	32 Cep|HD 216228|HR 8694|HIP 112724	342.42007	66.20041	36.648	m	3.611	0.791	K0III	1.226
ρ3 Ari	46 Ari|HD 18256|HR 869|HIP 13702	44.10897	18.02313	36.69	m	5.635	2.812	F 6 V	0.479
σ Gem	75 Gem|HD 62044|HR 2973|HIP 37629	115.82803	28.88351	36.872	m	4.369	1.536	K1III	1.306
μ PsA	14 PsA|HD 210049|HR 8431|HIP 109285	332.09586	-32.98847	36.916	m	4.502	1.666	A2 V	0.07
θ Hya	22 Hya|HD 79469|HR 3665|HIP 45336	138.59111	2.31427	36.941	m	3.853	1.015	B9.5 V	-0.05
η Cet	31 Cet|Gl 3075|HD 6805|HR 334|HIP 5364	17.14747	-10.18226	36.955	m	3.573	0.735	K0/1 III	1.378
π1 Ori	7 Ori|HD 31295|HR 1570|HIP 22845	73.72387	10.15083	37.028	m	4.659	1.816	A0P	0.09
μ And	37 And|HD 5448|HR 269|HIP 4436	14.18827	38.49934	37.447	m	3.868	1.001	A5V	0.158
ζ Tel	HD 169767|HR 6905|HIP 90568	277.20775	-49.07059	37.455	m	4.22	1.352	G8/K0 III	1.172
ι Pic	HD 31204|HR 1564|HIP 22534	72.73541	-53.45971	37.488	m	6.244	3.375	F0 IV	0.441
ι2 Cyg	10 Cyg|HD 184006|HR 7420|HIP 95853	292.4265	51.72978	37.543	m	3.775	0.902	A5V	0.164
κ Cyg	1 Cyg|HD 181276|HR 7328|HIP 94779	289.2757	53.36846	37.757	m	3.884	0.999	G8III	1.094
ν Tau	38 Tau|HD 25490|HR 1251|HIP 18907	60.78908	5.9893	37.837	m	3.888	0.998	A1V	0.051
ι Cru	HD 110829|HR 4842|HIP 62268	191.40855	-60.98132	38.204	m	4.803	1.892	K0 III	1.224
ι Mic	Gl 808.1|HD 197937|HR 7943|HIP 102693	312.12144	-43.98853	38.209	m	5.138	2.227	F2 V	0.37
υ1 Eri	50 Eri|HD 29085|HR 1453|HIP 21248	68.3773	-29.76649	38.419	m	4.612	1.689	K0 III	1.127
α Vol	Gl 333.3|HD 78045|HR 3615|HIP 44382	135.61165	-66.39607	38.503	m	4.011	1.084	A2/3 IV/V(M)	0.174
ρ Cyg	73 Cyg|HD 205435|HR 8252|HIP 106481	323.49522	45.59184	38.557	m	4.082	1.152	G8III	1.002
ε Gru	Gl 9796|HD 215789|HR 8675|HIP 112623	342.13874	-51.31688	38.774	m	3.479	0.536	A3 V	0.107
ψ Oct	HD 210853|HR 8471|HIP 110078	334.46081	-77.51155	38.824	m	5.511	2.566	F3 III	0.337
ρ Vir	30 Vir|HD 110411|HR 4828|HIP 61960	190.47107	10.23563	38.922	m	4.877	1.926	A0V	0.081
λ Aql	16 Aql|HD 177756|HR 7236|HIP 93805	286.56225	-4.88255	39	m	3.395	0.44	B9Vn	-0.091
ι1 Nor	HD 143474|HR 5961|HIP 78662	240.88372	-57.77506	39.386	e	4.697	1.72	A5 IVS	0.241
π2 Gru	HD 212132|HR 8524|HIP 110506	335.78328	-45.92849	39.661	m	5.664	2.672	F0 V	0.386
θ Gru	HD 218227|HR 8787|HIP 114131	346.71975	-43.52036	39.669	m	4.452	1.46	F5(M DELTA DEL)	0.464
η Hor	HD 16555|HR 778|HIP 12225	39.35149	-52.54312	39.672	m	5.328	2.336	A6 V	0.301
υ Oph	3 Oph|HD 148367|HR 6129|HIP 80628	246.95075	-8.37167	39.853	m	4.653	1.651	A1 IV	0.201
ι TrA	HD 147787|HR 6109|HIP 80645	246.98894	-64.05794	39.855	m	5.326	2.324	F0 IV	0.353
γ Cen	HD 110304|HR 4819|HIP 61932	190.37927	-48.95976	39.904	e	2.817	-0.188	A0 IV	0.027
μ2 Oct	HD 196067|HR 7864|HIP 102125	310.43376	-75.35081	39.948	m	6.51	3.503	G5 III	0.683
ρ1 Sgr	44 Sgr|Gl 4107|HD 181577|HR 7340|HIP 95168	290.41816	-17.8472	39.998	m	3.935	0.925	F0 III/IV	0.25
ξ Hya	HD 100407|HR 4450|HIP 56343	173.25048	-31.85762	40.059	m	3.632	0.619	G8 III	1.085
ω1 Aqr	102 Aqr|HD 222345|HR 8968|HIP 116758	354.94612	-14.22217	40.159	m	5.008	1.989	A7 IV	0.268
ψ Cnc	14 Cnc|HD 67767|HR 3191|HIP 40023	122.61326	25.50733	40.246	m	5.806	2.782	G 8 IV	0.921
λ Ari	9 Ari|HD 11973|HR 569|HIP 9153	29.48215	23.59606	40.364	m	4.802	1.772	F0IV	0.312
θ1 Tau	77 Tau|HD 28307|HR 1411|HIP 20885	67.14374	15.96216	40.373	m	3.936	0.906	G8III	1.103
σ Hyi	HD 12363|HR 593|HIP 8991	28.96061	-78.34855	40.798	m	6.197	3.144	F5/6 IV/V	0.466
γ2 Vol	HD 55865|HR 2736|HIP 34481	107.18693	-70.49892	40.854	m	3.86	0.804	K0 III	1.193
π Ara	Gl 683|HD 159492|HR 6549|HIP 86305	264.52298	-54.50043	41.014	m	5.267	2.202	A5 IV/V	0.211
π Pav	HD 165040|HR 6745|HIP 88866	272.14505	-63.66854	41.048	m	4.359	1.293	A7P SR	0.266
τ Cen	HD 109787|HR 4802|HIP 61622	189.42569	-48.5413	41.16	m	3.848	0.776	A2 V	0.065
ζ2 Sco	HD 152334|HR 6271|HIP 82729	253.64586	-42.36131	41.262	m	3.764	0.686	K3 III	1.655
γ Psc	6 Psc|HD 219615|HR 8852|HIP 114971	349.29141	3.28229	41.33	m	3.798	0.717	G8 IV	1.047
ν2 Col	Gl 209.1|HD 37495|HR 1935|HIP 26460	84.43591	-28.68969	41.528	m	5.33	2.238	F5 V	0.504
ε Mon	8 Mon|HD 44769|HR 2298|HIP 30419	95.94203	4.59287	41.532	m	4.423	1.331	A6 IV	0.206
ι Gem	60 Gem|HD 58207|HR 2821|HIP 36046	111.43165	27.79808	41.632	m	3.888	0.791	G8III	1.198
η Sgr	HD 167618|HR 6832|HIP 89642	274.4068	-36.76169	41.866	m	3.298	0.189	M2 III	1.855
θ Cas	33 Cas|HD 6961|HR 343|HIP 5542	17.77526	55.1499	41.868	m	4.343	1.234	A7Vvar	0.193
ξ Her	92 Her|HD 163993|HR 6703|HIP 87933	269.4412	29.24788	41.921	m	3.794	0.682	G5III	1.065
ο Sgr	39 Sgr|Gl 9641|HD 177241|HR 7217|HIP 93683	286.17076	-21.74149	41.995	m	3.861	0.745	K0 III	1.194
β Pav	HD 197051|HR 7913|HIP 102395	311.23956	-66.20322	42.015	m	3.431	0.314	A7 III	0.189
ν Hya	HD 93813|HR 4232|HIP 52943	162.40618	-16.19365	42.027	m	3.234	0.116	K0/K1III	1.493
λ CrB	12 CrB|Gl 9531|HD 142908|HR 5936|HIP 78012	238.94828	37.94696	42.063	m	5.466	2.347	F 0 IV	0.372
λ Mus	HD 102249|HR 4520|HIP 57363	176.40176	-66.72876	42.143	m	3.638	0.514	A7 II/III	0.187
ρ Tuc	HD 4089|HR 187|HIP 3330	10.61822	-65.46803	42.244	m	5.439	2.31	F6 V	0.535
γ2 Nor	Gl 9554|HD 146686|HR 6072|HIP 80000	244.9601	-50.15551	42.427	m	4.122	0.984	K0 III	1.266
η Cyg	21 Cyg|HD 188947|HR 7615|HIP 98110	299.07655	35.08342	42.466	m	4.008	0.868	K0III	1.181
θ Cep	2 Cep|HD 195725|HR 7850|HIP 101093	307.39522	62.9941	42.588	m	4.228	1.082	A7III	0.222
δ Hyi	Gl 97.1|HD 15008|HR 705|HIP 11001	35.43727	-68.65942	42.956	m	4.075	0.91	A1/2 V	0.053
σ And	25 And|HD 1404|HR 68|HIP 1473	4.58191	36.78523	43.003	m	4.512	1.345	A2V	0.078
ψ UMa	52 UMa|HD 96833|HR 4335|HIP 54539	167.41587	44.49848	43.053	m	3.11	-0.06	K1III	1.357
δ2 CMi	8 CMi|HD 60111|HR 2887|HIP 36723	113.29861	3.29038	43.199	m	5.611	2.434	F0/2 IV/V	0.349
μ Hor	HD 19319|HR 934|HIP 14240	45.90342	-59.73778	43.276	m	5.163	1.982	F0 III/IV	0.357
ν1 Col	HD 37430|HR 1926|HIP 26412	84.31873	-27.87135	43.329	m	6.178	2.994	F0 IV	0.334
η Aps	HD 123998|HR 5303|HIP 69896	214.55789	-81.00776	43.624	m	4.92	1.721	A2MA7-F2	0.264
ν Oph	64 Oph|HD 163917|HR 6698|HIP 88048	269.75663	-9.77363	43.662	m	3.42	0.219	K1 III	1.162
η Lib	44 Lib|HD 140417|HR 5848|HIP 77060	236.01833	-15.67283	43.783	m	5.44	2.233	A5/7 IV	0.239
β1 Tuc	HD 2884|HR 126|HIP 2484	7.88612	-62.95823	43.786	m	4.282	1.075	B8/A0	-0.04
δ Phe	HD 9362|HR 440|HIP 7083	22.81294	-49.07271	43.872	m	4.044	0.833	K0 IIIB	1.132
γ1 Vol	HD 55864|HR 2735|HIP 34473	107.17658	-70.49711	43.956	m	5.429	2.214	F0/3	0.587
ι Pic	HD 31203|HR 1563|HIP 22531	72.73045	-53.46152	43.989	m	5.612	2.395	F0 (V)	0.311
δ Scl	HD 223352|HR 9016|HIP 117452	357.23144	-28.13027	43.995	m	4.572	1.355	A0 V	0.006
ρ3 Eri	10 Eri|HD 19107|HR 925|HIP 14293	46.06881	-7.60086	44.094	m	5.281	2.059	A4 IV/V	0.204
ψ Sco	15 Sco|HD 145570|HR 6031|HIP 79375	242.99998	-10.06422	44.174	m	4.942	1.716	A1 V	0.12
μ Aqr	6 Aqr|HD 198743|HR 7990|HIP 103045	313.16347	-8.98332	44.228	m	4.756	1.528	A3 II	0.342
ε Phe	Gl 9.1|HD 496|HR 25|HIP 765	2.35266	-45.74742	44.232	m	3.99	0.761	K0 III	1.181
π Cha	HD 101132|HR 4479|HIP 56675	174.31513	-75.89654	44.246	m	5.678	2.449	A9 IV	0.362
χ1 Hya	Gl 3642A|HD 96202|HR 4314|HIP 54204	166.33295	-27.29361	44.383	m	4.956	1.72	F3 IV/V	0.395
ζ Vol	HD 63295|HR 3024|HIP 37504	115.45526	-72.6061	44.568	m	4.059	0.814	K0 III	1.199
θ Sge	17 Sge|HD 191570|HR 7705|HIP 99352	302.48603	20.91502	44.667	m	6.561	3.311	F 5 IV	0.396
α Mon	26 Mon|HD 61935|HR 2970|HIP 37447	115.3118	-9.55113	44.675	m	4.039	0.789	K0 III	1.191
ι Eri	HD 16815|HR 794|HIP 12486	40.16681	-39.85538	44.873	m	4.226	0.966	K0 III	1.153
α Oct	HD 199532|HR 8021|HIP 104043	316.17943	-77.02377	45.091	m	5.182	1.912	F6(M) PEC	0.528
ψ1 Aqr	91 Aqr|Gl 893.2A|HD 219449|HR 8841|HIP 114855	348.9729	-9.08774	45.264	m	4.363	1.084	K0/1 III	1.297
κ Gem	77 Gem|HD 62345|HR 2985|HIP 37740	116.11188	24.398	45.268	m	3.662	0.383	G8III	1.079
β PsA	17 PsA|HD 213398|HR 8576|HIP 111188	337.87638	-32.34608	45.282	m	4.28	1	A1 V	0.032
λ Crt	13 Crt|HD 98991|HR 4395|HIP 55598	170.84116	-18.77998	45.373	m	5.121	1.837	F3 IV	0.457
κ2 Tau	67 Tau|HD 27946|HR 1388|HIP 20641	66.35423	22.2	45.418	m	5.294	2.008	A7V	0.266
δ Dor	HD 39014|HR 2015|HIP 27100	86.19324	-65.73552	45.721	m	4.353	1.052	A7 V	0.233
β Oct	HD 214846|HR 8630|HIP 112405	341.51455	-81.38162	45.767	e	4.155	0.852	A9 IV/V	0.227
ζ Cyg	64 Cyg|HD 202109|HR 8115|HIP 104732	318.23408	30.22694	45.844	m	3.3	-0.006	G8II	1.146
υ Tau	69 Tau|HD 28024|HR 1392|HIP 20711	66.57694	22.81358	45.98	m	4.303	0.99	F0III	0.296
φ Eri	HD 14228|HR 674|HIP 10602	34.12745	-51.51217	46.112	m	3.52	0.201	B8 V	-0.111
β3 Tuc	Gl 9015A|HD 3003|HR 136|HIP 2578	8.18294	-63.0315	46.127	m	5.069	1.749	A0 V	0.048
τ Dra	60 Dra|HD 181984|HR 7352|HIP 94648	288.88755	73.35547	46.139	m	4.593	1.273	K3III	1.494
ρ Tau	86 Tau|HD 28910|HR 1444|HIP 21273	68.46216	14.84442	46.221	m	4.67	1.346	F0V	0.263
δ2 Tau	64 Tau|HD 27819|HR 1380|HIP 20542	66.024	17.44413	46.255	m	4.81	1.484	A7V	0.187
θ Cha	HD 71701|HR 3340|HIP 40888	125.16058	-77.48448	46.847	m	4.467	1.114	K1 III	1.371
ε Hyi	HD 16978|HR 806|HIP 12394	39.89732	-68.26695	46.897	m	4.088	0.732	B9 V	-0.051
ε Dra	63 Dra|HD 188119|HR 7582|HIP 97433	297.04312	70.26793	46.9	m	4.01	0.654	G5III	1.06
ζ Hya	16 Hya|HD 76294|HR 3547|HIP 43813	133.8485	5.94551	46.919	m	3.21	-0.147	G8III	1.177
γ Aps	Gl 626.1|HD 147675|HR 6102|HIP 81065	248.36284	-78.89715	46.941	m	3.957	0.599	G8/K0 III	1.063
κ1 Boo	17 Boo|HD 124674|HR 5328|HIP 69481	213.36562	51.78788	47.174	m	6.621	3.252	F2V	0.412
β LMi	31 LMi|HD 90537|HR 4100|HIP 51233	156.97085	36.70722	47.192	e	4.304	0.935	G8III-IV	1.05
δ3 Tau	68 Tau|HD 27962|HR 1389|HIP 20648	66.37245	17.92791	47.424	m	4.262	0.882	A1V	0.056
μ Ori	61 Ori|HD 40932|HR 2124|HIP 28614	90.59582	9.6473	47.506	e	4.152	0.768	AM	0.181
ζ Oct	HD 79837|HR 3678|HIP 43908	134.17079	-85.66315	47.627	m	5.456	2.067	A8/9 IV	0.321
φ For	HD 15427|HR 724|HIP 11477	37.0071	-33.81104	47.696	m	5.135	1.743	A2/3 V	0.098
β Aps	HD 149324|HR 6163|HIP 81852	250.7694	-77.51744	47.725	m	4.346	0.952	K0 III	1.242
λ Hor	HD 15233|HR 714|HIP 11258	36.22463	-60.31195	47.748	m	5.4	2.005	F2 II/III	0.403
κ1 Tau	65 Tau|HD 27934|HR 1387|HIP 20635	66.34236	22.29387	47.82	m	4.215	0.817	A7V	0.165
ρ Aql	67 Aql|HD 192425|HR 7724|HIP 99742	303.56925	15.19761	47.835	m	4.954	1.555	A2V	0.074
ω2 Aqr	105 Aqr|Gl 9836A|HD 222661|HR 8988|HIP 116971	355.6806	-14.5449	47.859	m	4.478	1.078	B9 V	-0.036
η Sge	16 Sge|HD 190608|HR 7679|HIP 98920	301.28956	19.99107	47.922	m	5.209	1.806	K2III	1.216
ζ1 Lyr	6 Lyr|HD 173648|HR 7056|HIP 91971	281.19314	37.60511	48.395	m	4.342	0.918	AM	0.228
ζ2 Lyr	7 Lyr|HD 173649|HR 7057|HIP 91973	281.20086	37.59462	48.453	m	5.621	2.194	F0IV	0.311
η Tel	HD 181296|HR 7329|HIP 95261	290.71336	-54.42393	48.537	m	5.022	1.592	A0 V	0.022
θ2 Sgr	HD 189118|HR 7624|HIP 98421	299.96399	-34.69781	48.763	m	5.321	1.881	A4/5 IV	0.187
ο Ser	56 Ser|HD 160613|HR 6581|HIP 86565	265.35364	-12.87531	48.86	m	4.24	0.795	A2 VA	0.099
ε1 Lyr	4 Lyr|HD 173583|HR 7051|HIP 91919	281.08476	39.67012	48.882	m	6.1	2.654	F1V	0.326
ο2 Cnc	63 Cnc|HD 76582|HR 3565|HIP 44001	134.39667	15.58128	48.889	m	5.705	2.259	F 0 IV	0.237
η Tuc	HD 224392|HR 9062|HIP 118121	359.39615	-64.29822	48.97	m	4.997	1.547	A1 V	0.07
ε2 Lyr	5 Lyr|HD 173608|HR 7053|HIP 91926	281.09528	39.61275	49.166	m	5.246	1.788	A 8 VN	0.189
ο1 Cnc	62 Cnc|HD 76543|HR 3561|HIP 43970	134.31229	15.32276	49.19	m	5.241	1.782	A 4 IV	0.173
κ Psc	8 Psc|HD 220825|HR 8911|HIP 115738	351.73315	1.25561	49.224	m	4.923	1.462	A0 V	0.059
ω Aur	4 Aur|HD 31647|HR 1592|HIP 23179	74.81421	37.89024	49.407	m	5	1.531	A0V	0.018
ζ Hor	HD 16920|HR 802|HIP 12484	40.16505	-54.54991	49.416	m	5.257	1.788	F3 IV/V	0.434
θ1 Mic	HD 203006|HR 8151|HIP 105382	320.19015	-40.8095	49.582	m	4.806	1.329	AP CREUSR	0.046
κ2 Boo	17 Boo|HD 124675|HR 5329|HIP 69483	213.37086	51.78997	49.62	m	4.535	1.057	A7IV	0.219
μ Aur	11 Aur|HD 33641|HR 1689|HIP 24340	78.35716	38.48449	49.747	m	4.847	1.363	AM	0.218
ν Aqr	13 Aqr|HD 201381|HR 8093|HIP 104459	317.39854	-11.37169	49.79	m	4.601	1.115	K0 III	1.087
ρ And	27 And|HD 1671|HR 82|HIP 1686	5.28028	37.9686	50.122	m	5.208	1.708	F5III	0.461
ζ Gru	HD 217364|HR 8747|HIP 113638	345.22003	-52.75414	50.224	m	4.222	0.717	G8/K0 III	1.117
γ Com	15 Com|HD 108381|HR 4737|HIP 60742	186.73447	28.26842	50.342	m	4.466	0.956	K1III	1.322
β2 Tuc	HD 2885|HR 127|HIP 2487	7.88945	-62.96556	51.041	m	4.505	0.965	A2 V	0.143
θ Lep	18 Lep|HD 41695|HR 2155|HIP 28910	91.53885	-14.93525	51.284	m	4.669	1.119	A0 V	0.054
ο Vir	9 Vir|Gl 3703|HD 104979|HR 4608|HIP 58948	181.30225	8.73297	51.299	m	4.212	0.661	G8III	1.134
θ Lib	46 Lib|HD 142198|HR 5908|HIP 77853	238.45641	-16.72929	51.338	m	4.24	0.688	K0 III	1.191
ω Oph	9 Oph|HD 148898|HR 6153|HIP 80975	248.03417	-21.46639	51.412	m	4.449	0.894	Ap	0.149
κ1 Ind	HD 208496|HR 8369|HIP 108478	329.62532	-59.01214	51.436	m	6.195	2.639	F5 V	0.502
α Dor	HD 29305|HR 1465|HIP 21281	68.49897	-55.04498	51.706	e	3.243	-0.325	A0V:	-0.074
ν Tel	HD 186543|HR 7510|HIP 97421	297.00499	-56.36261	51.773	m	5.355	1.784	A7 III/IV	0.207
β Lac	3 Lac|HD 212496|HR 8538|HIP 110538	335.8901	52.22905	51.81	m	4.542	0.97	G5III	1.164
ε Mic	HD 202627|HR 8135|HIP 105140	319.48452	-32.17254	51.819	m	4.717	1.145	A0 V	0.077
τ5 Ser	18 Ser|HD 139225|HR 5804|HIP 76424	234.12184	16.11909	51.896	m	5.966	2.39	F 3 V	0.355
ν Hor	HD 17848|HR 852|HIP 13141	42.2562	-62.80653	51.918	m	5.267	1.69	A2 V	0.117
ε And	30 And|HD 3546|HR 163|HIP 3031	9.63894	29.31175	51.961	m	4.44	0.862	G5III+	0.988
θ Psc	10 Psc|HD 220954|HR 8916|HIP 115830	351.99207	6.37899	51.966	m	4.394	0.815	K1III	1.253
μ Ser	32 Ser|HD 141513|HR 5881|HIP 77516	237.40503	-3.43021	52.002	e	3.535	-0.045	A0V	-0.027
δ PsA	23 PsA|HD 216763|HR 8720|HIP 113246	343.98709	-32.53963	52.187	m	4.315	0.727	G8 III	1.108
τ Psc	83 Psc|HD 7106|HR 352|HIP 5586	17.91515	30.08964	52.728	m	4.633	1.023	K0III-IV	1.278
υ Aql	49 Aql|HD 186689|HR 7519|HIP 97229	296.41645	7.61316	52.955	m	5.908	2.288	A 3 IV	0.195
θ And	24 And|HD 1280|HR 63|HIP 1366	4.2729	38.68165	52.981	m	4.607	0.986	A2V	0.07
τ Cas	5 Cas|HD 223165|HR 9008|HIP 117301	356.7644	58.65199	53.251	m	4.998	1.366	K1III	1.311
τ Pup	HD 50310|HR 2553|HIP 32768	102.48404	-50.61455	53.311	m	3.05	-0.584	K1 III	1.429
τ7 Ser	22 Ser|HD 140232|HR 5845|HIP 76878	235.47797	18.46404	53.423	m	5.818	2.179	A 2 M	0.224
π Ser	44 Ser|HD 143894|HR 5972|HIP 78554	240.57372	22.80445	53.49	m	4.827	1.186	A3V	0.085
π Cas	20 Cas|HD 4058|HR 184|HIP 3414	10.86696	47.02455	53.679	m	4.972	1.323	A 5 V	0.192
τ Oph	69 Oph|Gl 700.1A|HD 164765|HR 6734	270.77033	-8.18035	53.802	m	5.864	2.21	dF3   J	0.407
φ Boo	54 Boo|HD 139641|HR 5823|HIP 76534	234.45666	40.35343	53.835	m	5.353	1.698	G8III-IV	1.01
ζ Boo	30 Boo|HD 129246|HR 5477|HIP 71795	220.28723	13.72835	53.879	e	4.464	0.807	A2N	0.082
ε Equ	1 Equ|HD 199766|HR 8034|HIP 103569	314.76858	4.29351	54.083	e	5.963	2.298	F5III...	0.519
ν Men	HD 29116|HR 1456|HIP 20297	65.24196	-81.57992	54.126	m	5.808	2.141	F0/2 III	0.387
λ1 Phe	HD 2834|HR 125|HIP 2472	7.85409	-48.80351	54.14	m	4.755	1.087	A0 V	0.03
β For	HD 17652|HR 841|HIP 13147	42.27258	-32.4059	54.172	m	4.565	0.896	G8 III	1.116
δ Hya	4 Hya|HD 73262|HR 3410|HIP 42313	129.41403	5.70378	54.259	m	4.132	0.46	A0V	0.02
υ4 Eri	41 Eri|HD 27376|HR 1347|HIP 20042	64.47356	-33.79835	54.347	m	3.516	-0.16	B9V	-0.107
ι Tau	102 Tau|HD 32301|HR 1620|HIP 23497	75.77394	21.58996	54.392	m	4.633	0.955	A7V	0.192
η Aqr	62 Aqr|HD 213998|HR 8597|HIP 111497	338.83908	-0.1175	54.434	m	4.012	0.333	B9IV-Vn	-0.089
υ Leo	91 Leo|HD 100920|HR 4471|HIP 56647	174.23721	-0.82375	54.508	m	4.414	0.732	K0 III	1.145
κ Aur	44 Aur|HD 43039|HR 2219|HIP 29696	93.84453	29.49808	54.734	m	4.434	0.743	G8III	1.179
σ2 Tau	92 Tau|HD 29488|HR 1479|HIP 21683	69.81876	15.91798	54.852	m	4.686	0.99	A3V	0.182
ν Pic	HD 45229|HR 2320|HIP 30342	95.73261	-56.36996	54.879	m	5.628	1.931	A1MA3-A9	0.26
ζ CrA	HD 176638|HR 7188|HIP 93542	285.77866	-42.0951	54.939	m	4.721	1.022	B9/A0 V	-0.022
τ Oph	69 Oph|Gl 700.1B|HD 164764|HR 6733|HIP 88404	270.77033	-8.18035	54.981	m	5.269	1.568	F5 V	0.426
ε Aql	13 Aql|HD 176411|HR 7176|HIP 93244	284.90566	15.0683	54.999	m	4.129	0.427	K2III	1.254
η Del	3 Del|HD 195943|HR 7858|HIP 101483	308.48767	13.02727	55.116	m	5.39	1.684	A2V	0.089
ο2 Ori	9 Ori|HD 31421|HR 1580|HIP 22957	74.09281	13.51447	55.278	m	4.2	0.487	K2III	1.377
φ Gem	83 Gem|HD 64145|HR 3067|HIP 38538	118.37423	26.76579	55.438	m	4.977	1.258	A3V	0.115
κ Ari	12 Ari|HD 12869|HR 613|HIP 9836	31.64135	22.64831	55.466	m	5.038	1.318	AM	0.155
ψ2 Psc	79 Psc|HD 6695|HR 328|HIP 5310	16.98816	20.73908	55.686	m	5.58	1.851	A3V	0.142
κ2 Lup	HD 134482|HR 5647|HIP 74380	227.99028	-48.7437	55.847	m	5.516	1.781	A3/5 V	0.146
ζ Sct	HD 169156|HR 6884|HIP 90135	275.91493	-8.93441	55.967	m	4.77	1.03	K0 III	1.096
ε Psc	71 Psc|HD 6186|HR 294|HIP 4906	15.73587	7.89014	56.157	m	4.364	0.617	K0III	1.115
β Scl	HD 221507|HR 8937|HIP 116231	353.24273	-37.81828	56.162	m	4.352	0.605	B9.5 IVP(HGMNEU)	-0.101
δ Hor	HD 26612|HR 1302|HIP 19515	62.71076	-41.99358	56.184	m	4.97	1.222	F2 IV/V	0.348
γ Hor	HD 17504|HR 833|HIP 12871	41.36449	-63.70455	56.378	m	5.846	2.09	G8 III/IV	1.063
α Sct	HD 171443|HR 6973|HIP 91117	278.80178	-8.24407	56.513	m	3.991	0.23	K3 III	1.582
ψ For	HD 18149|HR 863|HIP 13473	43.39333	-38.437	56.599	m	5.977	2.213	F5 V	0.465
δ CrA	HD 177873|HR 7242|HIP 94005	287.08738	-40.4967	56.631	m	4.693	0.928	K1 III	1.276
β Phe	HD 6595|HR 322|HIP 5165	16.52114	-46.71845	56.721	e	3.459	-0.31	G8 III	1.027
γ1 Cae	HD 32831|HR 1652|HIP 23595	76.10168	-35.48298	56.847	m	4.711	0.937	K2 III	1.437
κ1 Lup	HD 134481|HR 5646|HIP 74376	227.98364	-48.73782	56.854	m	3.833	0.059	B9.5 VN + A5 V	-0.045
γ Pic	HD 39523|HR 2042|HIP 27530	87.45693	-56.16667	56.895	m	4.616	0.841	K1 III	1.28
ο Lib	29 Lib|HD 136407|HR 5703|HIP 75118	230.25574	-15.54834	56.94	m	6.188	2.411	F2 V	0.396
κ Col	HD 43785|HR 2256|HIP 29807	94.13807	-35.14052	57.523	m	4.472	0.673	G8 II	1.153
δ Ind	HD 208450|HR 8368|HIP 108431	329.4795	-54.99257	57.67	e	4.43	0.625	F0 IV	0.308
ι Cha	HD 82554|HR 3795|HIP 46107	141.03843	-80.78688	57.759	m	5.39	1.582	F3/5 III/V	0.471
γ Scl	Gl 9821|HD 219784|HR 8863|HIP 115102	349.706	-32.53202	57.834	m	4.531	0.72	K1 III	1.314
φ Leo	74 Leo|HD 98058|HR 4368|HIP 55084	169.16542	-3.6516	57.861	m	4.477	0.665	A5 V	0.226
ξ CrB	19 CrB|HD 147677|HR 6103|HIP 80181	245.52426	30.89199	58.167	m	4.958	1.135	K0-III	1.134
γ TrA	HD 135382|HR 5671|HIP 74946	229.72743	-68.67954	58.204	m	2.849	-0.976	A0 IV	0.037
ν Cha	HD 85396|HR 3902|HIP 47956	146.58598	-76.77612	58.261	m	5.54	1.713	G8 III	1.019
ι Ser	21 Ser|HD 140159|HR 5842|HIP 76852	235.38773	19.6704	58.275	e	4.513	0.686	A1V	0.071
ρ Tel	HD 177171|HR 7213|HIP 93815	286.58315	-52.34091	58.317	m	5.235	1.406	F6 V	0.574
λ Pyx	HD 81169|HR 3733|HIP 46026	140.80106	-28.83388	58.573	m	4.814	0.976	G8 III	1.032
σ1 Tau	91 Tau|HD 29479|HR 1478|HIP 21673	69.78841	15.79986	58.688	m	5.093	1.25	AM	0.145
σ2 Cnc	59 Cnc|HD 76398|HR 3555|HIP 43932	134.23582	32.91043	58.693	m	5.457	1.614	A 7 IV	0.178
σ Pup	HD 59717|HR 2878|HIP 36377	112.30763	-43.30143	58.743	m	3.418	-0.427	K5 III	1.821
δ Crt	12 Crt|HD 98430|HR 4382|HIP 55282	169.83521	-14.77854	58.765	m	3.674	-0.172	K0III	1.313
τ Scl	HD 9906|HR 462|HIP 7463	24.03543	-29.90737	59.2	m	5.966	2.104	F2 V	0.336
θ Gem	34 Gem|HD 50019|HR 2540|HIP 33018	103.19724	33.96125	59.277	m	3.605	-0.259	A2I	0.126
γ Her	20 Her|HD 147547|HR 6095|HIP 80170	245.48007	19.15313	59.287	m	3.761	-0.104	A9III	0.303
φ Oct	HD 167468|HR 6829|HIP 90133	275.90187	-75.04428	59.432	m	5.461	1.591	A0 V	0.049
ψ Oph	4 Oph|HD 147700|HR 6104|HIP 80343	246.02576	-20.03732	59.452	m	4.591	0.72	K0 III	1.176
ξ Tau	2 Tau|HD 21364|HR 1038|HIP 16083	51.7923	9.73268	59.554	m	3.715	-0.16	B9Vn	-0.068
χ Cap	25 Cap|Gl 9720|HD 201184|HR 8087|HIP 104365	317.14009	-21.19367	59.719	m	5.316	1.435	A0V	0.01
ξ Psc	111 Psc|HD 11559|HR 549|HIP 8833	28.38896	3.18753	60.009	m	4.709	0.818	K0 III	1.087
ι Del	5 Del|HD 196544|HR 7883|HIP 101800	309.45466	11.37767	60.068	m	5.424	1.531	A2V	0.06
η Cap	22 Cap|Gl 816.2A|HD 200499|HR 8060|HIP 104019	316.10125	-19.85499	60.238	m	4.868	0.969	A5V	0.185
λ1 Tuc	HD 5190|HR 252|HIP 4084	13.10217	-69.50377	60.343	m	6.696	2.793	F7 IV/V	0.548
ξ2 Cet	73 Cet|HD 15318|HR 718|HIP 11484	37.03975	8.46007	60.357	m	4.261	0.357	B9III	-0.038
ο Cep	34 Cep|HD 219916|HR 8872|HIP 115088	349.65621	68.11147	61.255	m	4.971	1.035	K0III	1.031
κ Leo	1 Leo|HD 81146|HR 3731|HIP 46146	141.16358	26.18233	61.304	m	4.599	0.662	K2III	1.452
ρ1 Cep	28 Cep|HD 213403|HR 8578|HIP 110787	336.67665	78.78585	61.498	m	5.855	1.911	A 2 M	0.174
χ Cas	39 Cas|HD 9408|HR 442|HIP 7294	23.48282	59.23204	61.518	m	4.791	0.846	G8III	1.147
ψ Cas	36 Cas|HD 8491|HR 399|HIP 6692	21.48342	68.13002	61.575	m	4.844	0.897	K0III	1.225
ι Sgr	HD 188114|HR 7581|HIP 98032	298.8154	-41.86827	61.701	m	4.235	0.284	K0 II/III	1.264
ι Cap	32 Cap|HD 203387|HR 8167|HIP 105515	320.56165	-16.83454	61.71	m	4.377	0.425	G8 III	1.023
δ Sct	HD 172748|HR 7020|HIP 91726	280.56845	-9.05255	61.767	m	4.734	0.78	F2/3 IV	0.38
σ Scl	HD 6178|HR 293|HIP 4852	15.61014	-31.552	61.781	m	5.513	1.559	A1/2 IV	0.103
ν Aur	32 Aur|HD 39003|HR 2012|HIP 27673	87.87246	39.1485	61.953	m	4.087	0.127	K0III	1.328
ρ Pav	HD 195961|HR 7859|HIP 101773	309.39714	-61.52992	62.28	m	4.901	0.929	FM DELTA DEL	0.473
π Scl	HD 10537|HR 497|HIP 7955	25.53584	-32.32692	62.573	m	5.371	1.389	K1 II/III	1.196
ν Ser	53 Ser|HD 156928|HR 6446|HIP 84880	260.20692	-12.84688	62.58	m	4.329	0.347	A0/1 V	0.046
λ CrA	HD 172777|HR 7021|HIP 91875	280.9456	-38.32344	62.688	m	5.121	1.135	A0/1 V	0.083
ε Sex	22 Sex|HD 89254|HR 4042|HIP 50414	154.40751	-8.06891	62.698	m	5.279	1.293	F0 IV	0.344
χ Lup	5 Lup|HD 141556|HR 5883|HIP 77634	237.73974	-33.62717	62.878	m	3.94	-0.052	B9.5 III-IV	-0.038
ι Gru	HD 218670|HR 8820|HIP 114421	347.58974	-45.24672	63.065	m	3.988	-0.011	K1 III	1.155
σ Aqr	57 Aqr|HD 213320|HR 8573|HIP 111123	337.66173	-10.67796	63.192	m	4.815	0.812	A0 IVs	-0.05
τ2 Hyi	HD 11604|HR 550|HIP 8366	26.94353	-80.17631	63.223	m	6.081	2.077	F0 IV	0.362
ι Ant	HD 94890|HR 4273|HIP 53502	164.17938	-37.13777	63.641	m	4.707	0.688	K0 III	1.179
τ Aur	29 Aur|HD 38656|HR 1995|HIP 27483	87.29349	39.18107	64.315	m	4.623	0.581	G8III	1.097
υ Lib	39 Lib|HD 139063|HR 5794|HIP 76470	234.25604	-28.13508	64.405	m	3.75	-0.295	K3 III	1.658
ξ Eri	42 Eri|HD 27861|HR 1383|HIP 20507	65.92022	-3.74547	64.435	m	5.175	1.129	A1 V	0.086
γ Pyx	HD 75691|HR 3518|HIP 43409	132.63302	-27.70985	64.457	m	4.158	0.112	K3 III	1.52
ξ2 Lup	HD 142630|HR 5926|HIP 78106	239.22548	-33.96427	64.51	m	5.556	1.508	B9 V	0.077
ι Aqr	33 Aqr|HD 209819|HR 8418|HIP 109139	331.60929	-13.86968	64.541	m	4.261	0.212	B8 V	-0.075
θ Oct	HD 224889|HR 9084|HIP 122	0.39865	-77.06569	64.704	m	4.926	0.871	K3 III	1.5
η Sct	HD 175751|HR 7149|HIP 93026	284.26529	-5.84631	64.967	m	4.939	0.876	K0 III	1.267
ι PsA	9 PsA|HD 206742|HR 8305|HIP 107380	326.23671	-33.02578	65.212	m	4.323	0.251	B9.5 V	-0.045
ω Lup	HD 139127|HR 5797|HIP 76552	234.51335	-42.56735	65.429	m	4.497	0.418	K3 III	1.693
θ Pav	HD 173168|HR 7036|HIP 92294	282.15794	-65.07768	65.655	m	5.733	1.647	A8 V	0.279
ε Pyx	HD 78922|HR 3644|HIP 45001	137.48504	-30.3654	65.751	m	5.616	1.526	A4 IV	0.193
ε TrA	HD 138538|HR 5771|HIP 76440	234.18009	-66.31704	65.792	m	4.234	0.143	K1/2 III	1.369
γ Ind	HD 203760|HR 8188|HIP 105841	321.56433	-54.66046	65.829	m	6.125	2.033	F2/3 II	0.378
ρ Oct	HD 137333|HR 5729|HIP 76996	235.82057	-84.46527	65.967	m	5.583	1.486	A1/2 V	0.127
ζ Pav	HD 171759|HR 6982|HIP 91792	280.7589	-71.42811	66.009	m	4.129	0.031	K0 III	1.331
φ1 Cet	17 Cet|HD 4188|HR 194|HIP 3455	11.0475	-10.60955	66.109	m	4.878	0.777	K0 III	1.164
γ Hyi	HD 24512|HR 1208|HIP 17678	56.80975	-74.23896	66.316	m	3.436	-0.672	M1 III	1.92
ο Tau	1 Tau|HD 21120|HR 1030|HIP 15900	51.20333	9.02888	66.318	m	3.705	-0.403	G8III	1.016
δ Col	HD 44762|HR 2296|HIP 30277	95.52845	-33.4364	66.449	m	3.93	-0.182	G7 II	0.98
λ Hyi	HD 4815|HR 236|HIP 3781	12.14756	-74.92343	66.481	m	5.241	1.128	K4 III	1.632
ξ1 Lup	HD 142629|HR 5925|HIP 78105	239.22287	-33.96611	66.565	m	5.091	0.975	A3 V	0.128
ζ Del	4 Del|HD 196180|HR 7871|HIP 101589	308.82724	14.67421	66.916	m	4.66	0.532	A3V	0.108
ω Eri	61 Eri|HD 31109|HR 1560|HIP 22701	73.22362	-5.4527	66.955	m	4.395	0.266	A5/7 III	0.277
π2 Ori	2 Ori|HD 30739|HR 1544|HIP 22509	72.653	8.90018	67.088	m	4.343	0.21	A0V	0.026
ξ1 Cen	HD 113314|HR 4933|HIP 63724	195.88878	-49.52726	67.442	m	4.828	0.683	A0 V	0.026
κ Dor	HD 30478|HR 1530|HIP 22040	71.08814	-59.73273	67.473	m	5.307	1.161	A8/9 III/IV	0.206
δ Del	11 Del|HD 197461|HR 7928|HIP 102281	310.86473	15.07458	67.655	m	4.453	0.302	A5III	0.309
ξ Phe	HD 3980|HR 183|HIP 3277	10.44332	-56.50132	67.706	m	5.724	1.571	AP SREUCR	0.237
φ Aql	61 Aql|HD 188728|HR 7610|HIP 98103	299.05938	11.42372	67.809	m	5.278	1.122	A1V	0.012
η2 Hyi	HD 11977|HR 570|HIP 8928	28.73387	-67.6473	67.823	m	4.789	0.632	G8 III/IV	1.074
ψ1 Lup	3 Lup|HD 139521|HR 5820|HIP 76705	234.94157	-34.41192	67.881	m	4.769	0.61	G8/K0 III	1.129
σ1 Cnc	51 Cnc|HD 75698|HR 3519|HIP 43584	133.14426	32.47416	67.894	m	5.691	1.532	A 2 VM	0.233
χ Ser	20 Ser|HD 140160|HR 5843|HIP 76866	235.44757	12.84753	67.925	m	5.322	1.162	AP	0.036
α Lyn	40 Lyn|HD 80493|HR 3705|HIP 45860	140.26376	34.39257	68.008	m	3.291	-0.872	M0III	1.865
γ PsA	22 PsA|Gl 9800A|HD 216336|HR 8695|HIP 112948	343.13138	-32.87555	68.334	m	4.502	0.329	A0 III	-0.056
κ1 Sgr	HD 193571|HR 7779|HIP 100469	305.61461	-42.04955	68.351	m	5.572	1.398	A0 V	0.007
θ1 Cru	HD 104671|HR 4599|HIP 58758	180.75626	-63.31293	68.55	m	4.348	0.168	A3(M)A8-A8	0.277
κ1 Scl	HD 493|HR 24|HIP 761	2.33759	-27.98797	68.724	m	6.126	1.94	F3 V	0.46
μ2 Gru	HD 211202|HR 8488|HIP 109973	334.11064	-41.62722	68.927	m	5.219	1.027	G8 III	1.05
ι1 Mus	HD 116244|HR 5042|HIP 65468	201.27966	-74.88782	68.981	m	5.163	0.969	K0 III	1.295
λ2 Tuc	HD 5457|HR 270|HIP 4293	13.7513	-69.52708	69.096	m	5.574	1.377	K2 III	1.264
δ Ara	HD 158094|HR 6500|HIP 85727	262.77462	-60.68385	69.114	m	3.563	-0.635	B8 VN	-0.1
υ Phe	HD 6767|HR 331|HIP 5300	16.94938	-41.4869	69.333	m	5.228	1.023	A3 IV/V	0.175
τ Vir	93 Vir|HD 122408|HR 5264|HIP 68520	210.41164	1.54453	69.526	m	4.25	0.039	A2 IV/V	0.112
ζ Nor	HD 145361|HR 6019|HIP 79497	243.34457	-55.54095	69.587	m	5.816	1.603	F2 IV/V	0.385
φ Aqr	90 Aqr|HD 219215|HR 8834|HIP 114724	348.58064	-6.049	69.695	m	4.406	0.19	M1 III	1.857
σ1 Gru	HD 214085|HR 8600|HIP 111594	339.12212	-40.58269	69.999	m	6.292	2.067	A3 V	0.135
μ Phe	HD 3919|HR 180|HIP 3245	10.33148	-46.08501	70.005	m	4.706	0.48	G8 III	1.12
π Dra	58 Dra|HD 182564|HR 7371|HIP 95081	290.16704	65.71453	70.108	m	4.58	0.351	A2IV	0.049
ξ Leo	5 Leo|HD 82395|HR 3782|HIP 46771	142.9864	11.29983	70.125	m	5.08	0.851	K0III	1.223
κ Crt	16 Crt|HD 99564|HR 4416|HIP 55874	171.78965	-12.35675	70.176	m	5.978	1.747	F5/6 III	0.508
σ2 Gru	HD 214150|HR 8602|HIP 111643	339.24523	-40.59103	70.256	m	5.881	1.648	A1 V	0.064
ι Lep	3 Lep|HD 33802|HR 1696|HIP 24244	78.0746	-11.86921	70.552	m	4.436	0.193	B8 Vn	-0.105
γ Per	23 Per|HD 18926|HR 915|HIP 14328	46.19913	53.50644	70.796	m	2.992	-1.258	G8III+...	0.778
ψ3 Aqr	95 Aqr|HD 219832|HR 8865|HIP 115115	349.74033	-9.61074	70.856	m	4.999	0.747	B9 V	-0.025
δ Pyx	HD 76483|HR 3556|HIP 43825	133.88153	-27.68186	71.019	m	4.884	0.627	A3 IV	0.149
ο Cap	12 Cap|HD 195093|HR 7829|HIP 101120	307.46915	-18.58636	71.207	m	6.678	2.415	A7/8 V	0.195
ψ Hya	45 Hya|HD 114149|HR 4958|HIP 64166	197.26362	-23.11807	71.278	m	5.05	0.785	K0 III	1.216
ο Cap	12 Cap|HD 195094|HR 7830|HIP 101123	307.47462	-18.58318	71.33	m	5.907	1.641	A1 V	0.088
π Cen	HD 98718|HR 4390|HIP 55425	170.25171	-54.49103	71.634	m	3.873	-0.403	B5 VN	-0.154
η Nor	HD 143546|HR 5962|HIP 78639	240.80374	-49.2297	71.653	m	4.746	0.47	G8 III	1.058
ν2 Lyr	9 Lyr|HD 174602|HR 7102|HIP 92405	282.47049	32.55106	71.819	m	5.239	0.958	A3V	0.107
ζ Pyx	HD 73898|HR 3433|HIP 42483	129.92698	-29.56109	72.135	m	4.973	0.682	G5 III	1.032
φ Oph	8 Oph|HD 148786|HR 6147|HIP 80894	247.78486	-16.61273	73.411	m	4.378	0.049	G8/K0 III	1.064
υ1 Cnc	30 Cnc|HD 72041|HR 3355|HIP 41816	127.87716	24.08111	73.432	m	5.732	1.403	F 0 III	0.335
μ2 Pav	HD 188887|HR 7612|HIP 98624	300.46859	-66.94397	73.508	m	5.467	1.135	K2 IVCNII	1.434
ρ2 Cep	29 Cep|HD 213798|HR 8591|HIP 111056	337.47075	78.82428	73.509	m	5.466	1.134	A 3 V	0.093
μ1 Pav	HD 188584|HR 7603|HIP 98478	300.0962	-66.94937	73.619	m	5.87	1.535	K0 III	1.19
φ Her	11 Her|HD 145389|HR 6023|HIP 79101	242.1924	44.93492	73.664	m	4.216	-0.12	A0P	-0.061
σ Leo	77 Leo|HD 98664|HR 4386|HIP 55434	170.28414	6.02932	73.773	m	4.031	-0.308	B9V	-0.059
φ Ser	HD 142980|HR 5940|HIP 78132	239.31072	14.41448	73.975	m	5.658	1.313	K1IV	1.345
ε CrB	13 CrB|HD 143107|HR 5947|HIP 78159	239.39687	26.87787	74.117	m	4.274	-0.076	K3III	1.458
υ Boo	5 Boo|HD 120477|HR 5200|HIP 67459	207.36934	15.79791	74.5	m	4.21	-0.151	K5III	1.816
ρ Gru	HD 215104|HR 8644|HIP 112203	340.8749	-41.41435	74.539	m	4.948	0.586	K0 III	1.18
μ Hya	42 Hya|HD 90432|HR 4094|HIP 51069	156.52261	-16.83629	74.789	m	3.985	-0.384	K4 III	1.786
ξ Aur	30 Aur|HD 39283|HR 2029|HIP 27949	88.7116	55.70695	74.793	m	4.966	0.597	A2V	0.055
χ Boo	48 Boo|HD 135502|HR 5676|HIP 74596	228.62149	29.1643	74.812	m	5.279	0.909	A2V	0.066
γ Phe	HD 9053|HR 429|HIP 6867	22.09136	-43.31824	74.844	m	3.613	-0.758	K4/5 III	1.883
ρ Ori	17 Ori|HD 33856|HR 1698|HIP 24331	78.32284	2.86126	75.024	m	4.62	0.244	K0 III	1.456
ρ Phe	HD 4919|HR 242|HIP 3949	12.67161	-50.98681	75.086	m	5.269	0.891	F3 III	0.39
ω UMa	45 UMa|HD 94334|HR 4248|HIP 53295	163.49475	43.18996	75.239	m	4.659	0.277	A1V	-0.03
θ Vol	HD 74405|HR 3460|HIP 42425	129.77151	-70.38675	75.397	m	5.184	0.797	A0 V	0.008
η Pyx	HD 73495|HR 3420|HIP 42334	129.4673	-26.255	75.644	m	5.235	0.841	A0 V	-0.037
μ Lib	7 Lib|HD 130559|HR 5523|HIP 72489	222.32936	-14.14896	75.68	m	5.608	1.213	AP SREUCR	0.044
π2 UMa	4 UMa|HD 73108|HR 3403|HIP 42527	130.05343	64.32794	75.738	m	4.722	0.325	K2III	1.386
ψ Cen	HD 125473|HR 5367|HIP 70090	215.1393	-37.88529	75.743	m	4.029	-0.368	A0 IV	-0.026
ι Oph	25 Oph|HD 152614|HR 6281|HIP 82673	253.50197	10.16536	75.832	m	4.347	-0.052	B8IV	-0.11
υ Ser	31 Ser|HD 141187|HR 5870|HIP 77336	236.82216	14.11536	76.004	m	5.722	1.318	A2V	0.111
ω Ser	34 Ser|HD 141680|HR 5888|HIP 77578	237.57311	2.19651	76.321	m	5.33	0.917	K0 IV	1.181
λ Gru	HD 209688|HR 8411|HIP 109111	331.52869	-39.54335	76.408	m	4.618	0.202	K3 III	1.652
η Crt	30 Crt|HD 103632|HR 4567|HIP 58188	179.00398	-17.15083	76.879	m	5.156	0.727	A0 V	-0.019
ν Mic	HD 195569|HR 7846|HIP 101477	308.47946	-44.51605	77.303	m	5.228	0.787	K0 III	1.154
ρ2 Eri	9 Eri|HD 18953|HR 917|HIP 14168	45.67618	-7.68547	77.559	m	5.442	0.994	K0 III	1.102
υ Gem	69 Gem|HD 60522|HR 2905|HIP 36962	113.98063	26.89575	77.663	m	4.227	-0.224	K5III	1.839
γ Mic	HD 199951|HR 8039|HIP 103738	315.32275	-32.25776	77.959	m	4.752	0.293	G8 III	0.996
ζ Sge	8 Sge|HD 187362|HR 7546|HIP 97496	297.24442	19.14204	78.186	e	5.044	0.578	A3V	0.086
φ Cyg	12 Cyg|HD 185734|HR 7478|HIP 96683	294.84419	30.15332	78.256	m	4.78	0.312	G8III-IV	1.114
κ Lyr	1 Lyr|HD 168775|HR 6872|HIP 89826	274.96546	36.06455	78.341	m	4.446	-0.024	K2III	1.377
π2 Col	HD 42303|HR 2181|HIP 29064	91.97024	-42.15404	78.389	m	5.491	1.02	A0 V	0.004
χ Gem	HD 66216|HR 3149|HIP 39424	120.87952	27.79432	78.447	m	5.064	0.591	K2III	1.333
τ3 Gru	HD 216823|HR 8722|HIP 113307	344.19917	-47.96922	78.663	m	5.743	1.264	A4MA5-F2	0.246
ο Boo	35 Boo|Gl 9493|HD 129972|HR 5502|HIP 72125	221.31025	16.96428	78.856	m	4.71	0.226	K0III	1.108
ι2 Nor	HD 144480|HR 5994|HIP 79153	242.32728	-57.93432	79.173	m	5.565	1.072	B9.5 V	-0.028
ψ Boo	43 Boo|HD 133582|HR 5616|HIP 73745	226.11142	26.94765	79.275	m	4.653	0.157	K2III	1.498
ρ1 Ari	44 Ari|HD 18091|HIP 13579	43.72998	17.73476	79.832	m	7.031	2.52	A3	0.295
τ7 Eri	28 Eri|HD 23878|HR 1181|HIP 17717	56.91522	-23.87468	79.861	m	5.244	0.732	A1 V	0.078
χ Oct	HD 164461|HR 6721|HIP 92824	283.69636	-87.60584	79.927	m	5.426	0.913	K3 III	1.553
ρ Cen	HD 105937|HR 4638|HIP 59449	182.91298	-52.36845	80.198	m	3.918	-0.603	B3 V	-0.159
η Phe	HD 4150|HR 191|HIP 3405	10.8385	-57.46307	80.248	m	4.359	-0.163	A0 IV	-0.007
ν Peg	22 Peg|HD 209747|HR 8413|HIP 109068	331.4198	5.05853	80.399	m	5.018	0.492	K4 III	1.73
φ3 Hya	HD 92214|HR 4171|HIP 52085	159.64563	-16.87657	80.48	m	5.005	0.477	G8 III	1.053
τ Per	18 Per|HD 17879|HR 854|HIP 13531	43.56442	52.76248	80.824	m	4.013	-0.525	G4III...	0.837
χ And	52 And|HD 10072|HR 469|HIP 7719	24.8375	44.38616	80.911	m	5.106	0.566	G8III	1
γ3 Oct	HD 636|HR 30|HIP 814	2.50906	-82.22405	80.949	m	5.399	0.858	K1/2 III	1.216
φ1 Hya	43 Hya|HD 91369|HIP 51614	158.1715	-16.95872	81.095	m	7.684	3.139	G2 V	0.669
ι Phe	HD 221760|HR 8949|HIP 116389	353.76902	-42.61509	81.264	m	4.705	0.156	AP SRCREU	0.098
α Ara	HD 158427|HR 6510|HIP 85792	262.96038	-49.87614	81.967	e	2.793	-1.775	B2 VNE	-0.121
γ1 Oct	HD 223647|HR 9032|HIP 117689	358.02703	-82.01882	82.108	m	5.21	0.638	G6/8 III	1.073
φ Sgr	27 Sgr|HD 173300|HR 7039|HIP 92041	281.41411	-26.99078	82.269	m	3.126	-1.45	B8.5 III	-0.095
π Cep	33 Cep|HD 218658|HR 8819|HIP 114222	346.97434	75.38753	82.333	m	4.609	0.031	G0III	0.965
υ Vir	102 Vir|HD 125454|HR 5366|HIP 70012	214.88534	-2.26552	82.551	m	5.256	0.672	G8/K0 III/IV	1.195
π Phe	HD 224554|HR 9069|HIP 118234	359.73241	-52.74581	82.662	m	5.258	0.671	K0 III	1.314
ν Ari	32 Ari|HD 16432|HR 773|HIP 12332	39.70415	21.96141	82.69	m	5.472	0.885	A7V	0.178
κ Tel	HD 174295|HR 7087|HIP 92646	283.16518	-52.10737	82.855	m	5.28	0.688	G8/K0 III	1.109
θ CMa	14 CMa|HD 50778|HR 2574|HIP 33160	103.54749	-12.03863	82.867	m	4.23	-0.362	K3/4 III	1.71
τ Cnc	72 Cnc|HD 78235|HR 3621|HIP 44818	137.00021	29.65423	83.094	m	5.52	0.922	G8III	1.022
λ Cap	48 Cap|HD 207052|HR 8319|HIP 107517	326.63374	-11.36595	83.158	m	5.566	0.966	A0 V	-0.003
ο CrB	1 CrB|HD 136512|HR 5709|HIP 75049	230.03566	29.61621	83.954	m	5.615	0.995	K0III	1.179
ζ Ari	58 Ari|HD 20150|HR 972|HIP 15110	48.72541	21.04445	84.074	m	4.867	0.244	A0IV	-0.007
π2 Dor	HD 46116|HR 2377|HIP 30565	96.36928	-69.6903	85.061	m	5.478	0.829	G8 III	1.122
η Cir	HD 132905|HR 5593|HIP 73776	226.20077	-64.03135	85.062	m	5.272	0.623	G8 III	1.074
γ Sex	8 Sex|HD 85558|HR 3909|HIP 48437	148.12688	-8.105	85.106	e	5.112	0.462	A0/1 V	0.052
ν Gru	HD 212953|HR 8552|HIP 110936	337.16337	-39.13179	85.146	m	5.579	0.928	G8 III	1.104
ε Col	HD 36597|HR 1862|HIP 25859	82.80314	-35.47052	85.251	m	3.983	-0.671	K1 II/III	1.335
ι Cet	8 Cet|HD 1522|HR 74|HIP 1562	4.85698	-8.82392	85.473	m	3.674	-0.985	K1 II + (K)	1.433
ω2 Aql	29 Aql|HD 181383|HR 7332|HIP 95002	289.97111	11.53497	85.501	m	6.024	1.364	A3V	0.102
α Tel	HD 169467|HR 6897|HIP 90422	276.7434	-45.96847	85.693	m	3.436	-1.229	B3 IV	-0.182
φ1 Lup	HD 136422|HR 5705|HIP 75177	230.45154	-36.26138	85.752	m	3.729	-0.937	K5 III	1.836
ο Peg	43 Peg|HD 214994|HR 8641|HIP 112051	340.43919	29.30763	85.803	m	4.789	0.121	A1IV	-0.014
ο Oph	39 Oph|HD 156350|HR 6425|HIP 84625	259.50251	-24.28421	85.887	m	6.637	1.967	G8/K0 II	0.566
δ Tuc	HD 212581|HR 8540|HIP 110838	336.8332	-64.96636	86.224	m	4.494	-0.184	B9/A0 V	-0.018
ν1 CMa	6 CMa|HD 47138|HR 2423|HIP 31564	99.09521	-18.6599	86.313	m	5.789	1.109	G8/K0 III + F/G	0.957
ν Dor	HD 43107|HR 2221|HIP 29134	92.18443	-68.84341	86.405	m	5.028	0.345	B8 V	-0.066
ψ Cyg	24 Cyg|HD 189037|HR 7619|HIP 98055	298.90747	52.43897	86.546	m	5.032	0.346	A3IV-V	0.122
ρ For	HD 23940|HR 1184|HIP 17738	56.98351	-30.16788	86.71	m	5.624	0.934	G6 III	1.109
ν Tuc	HD 213442|HR 8582|HIP 111310	338.25027	-61.98212	86.75	m	5.127	0.436	M4 III	1.846
φ Tau	52 Tau|HD 27382|HR 1348|HIP 20250	65.0884	27.35075	87.365	m	5.079	0.372	K1III	1.345
κ Oct	HD 117374|HR 5084|HIP 66753	205.23119	-85.78605	87.41	m	5.579	0.871	A2MA5-A8	0.196
ν2 Sgr	35 Sgr|Gl 9637|HD 175190|HR 7120|HIP 92845	283.77974	-22.67131	87.639	m	5.149	0.436	K1 IB/II	1.619
ψ1 Psc	74 Psc|HD 6457|HR 311|HIP 5132	16.42379	21.46546	87.89	m	5.447	0.727	B9V	-0.052
μ Hyi	HD 16522|HR 776|HIP 11757	37.91879	-79.10939	87.973	m	5.383	0.661	G8 III	1.131
ο Oph	39 Oph|HD 156349|HR 6424|HIP 84626	259.50284	-24.2869	88.019	m	5.23	0.507	K:...	1.213
γ Sge	12 Sge|HD 189319|HR 7635|HIP 98337	299.68929	19.49215	88.203	m	3.668	-1.059	K5III	1.906
ω1 Tau	43 Tau|HD 26162|HR 1283|HIP 19388	62.29153	19.60922	88.567	m	5.624	0.888	K 2 III	1.256
π1 Peg	27 Peg|HD 210354|HR 8449|HIP 109352	332.30681	33.17234	88.612	m	5.69	0.953	K0	1.129
π For	HD 12438|HR 594|HIP 9440	30.31134	-30.00183	88.702	m	5.445	0.705	G8 III	0.989
μ Scl	HD 222433|HR 8975|HIP 116820	355.15896	-32.07313	88.702	m	5.41	0.67	K0 III	1.109
ι2 Lib	25 Lib|HD 134967|HR 5656|HIP 74493	228.32995	-19.64756	88.961	m	6.083	1.337	A2 V	0.144
υ Gru	HD 218242|HR 8790|HIP 114132	346.72343	-38.8923	89.088	m	5.697	0.948	A0 V	-0.018
χ Tau	59 Tau|HD 27638|HR 1369|HIP 20430	65.6456	25.62931	89.263	m	5.372	0.619	B9.5V	-0.033
π2 Peg	29 Peg|HD 210459|HR 8454|HIP 109410	332.49685	33.17822	89.294	m	4.325	-0.429	F5II-III	0.504
δ Mic	HD 200718|HR 8070|HIP 104148	316.50478	-30.12512	89.411	m	5.804	1.047	K0/1 III	1.224
θ Vir	51 Vir|HD 114330|HR 4963|HIP 64238	197.48747	-5.53901	89.418	m	4.395	-0.362	A1V	-0.009
ρ Peg	50 Peg|HD 216735|HR 8717|HIP 113186	343.80696	8.81615	89.554	m	4.902	0.142	A1V	0.002
ω2 Sco	10 Sco|HD 144608|HR 5997|HIP 78990	241.85136	-20.86876	89.655	m	4.404	-0.359	G6/8 III	0.952
ε Oct	HD 210967|HR 8481|HIP 110256	335.00697	-80.43975	89.912	m	5.319	0.55	M5 III	1.486
ζ Aps	HD 156277|HR 6417|HIP 84969	260.49782	-67.77067	89.948	m	4.895	0.125	K1 III	1.433
ζ Hyi	HD 17566|HR 837|HIP 12876	41.38598	-67.61662	90.485	m	4.829	0.046	A2 IV/V	0.081
θ Phe	HD 222287|HR 8966|HIP 116737	354.86651	-46.63781	90.716	m	6.525	1.737	A7 III + A/F	0.229
κ Men	HD 40953|HR 2125|HIP 27566	87.56993	-79.36136	90.761	m	5.439	0.65	B9 V	-0.08
δ Oct	HD 124882|HR 5339|HIP 70638	216.73013	-83.66789	91.991	m	4.453	-0.366	K2 III	1.557
δ Psc	63 Psc|HD 4656|HR 224|HIP 3786	12.1706	7.58508	92.101	m	4.594	-0.227	K5III	1.805
σ Her	35 Her|HD 149630|HR 6168|HIP 81126	248.52575	42.43703	92.115	m	4.193	-0.629	B9V	-0.016
θ Crt	21 Crt|HD 100889|HR 4468|HIP 56633	174.17047	-9.80224	92.163	m	4.662	-0.161	B9 V	-0.072
δ Ser	13 Ser|HD 138918|HR 5788|HIP 76276	233.70061	10.53889	92.545	m	4.171	-0.661	F0IV	0.276
κ Lib	43 Lib|HD 139997|HR 5838|HIP 76880	235.48665	-19.67883	92.829	m	4.924	0.086	K5 III	1.867
φ Dra	43 Dra|HD 170000|HR 6920|HIP 89908	275.18924	71.33781	92.85	e	4.21	-0.629	A0P	-0.08
σ3 Cnc	64 Cnc|HD 76813|HR 3575|HIP 44154	134.88606	32.41856	93.04	m	5.321	0.478	G 8 III	1.037
β Cha	HD 106911|HR 4674|HIP 60000	184.58677	-79.31224	93.357	m	4.209	-0.642	B4 V	-0.134
ψ1 Psc	74 Psc|HD 6456|HR 310|HIP 5131	16.42067	21.47317	93.382	m	5.271	0.42	B9.5IV	-0.005
η Ara	HD 151249|HR 6229|HIP 82363	252.44648	-59.04138	93.464	m	3.932	-0.921	K5 III	1.878
κ Cap	43 Cap|HD 206453|HR 8288|HIP 107188	325.66462	-18.86632	93.466	m	4.823	-0.03	G8 III	0.986
η Cen	HD 127973|HR 5440|HIP 71352	218.87688	-42.15775	93.721	e	2.306	-2.553	B1.5 VN	-0.182
ψ Sgr	42 Sgr|HD 179950|HR 7292|HIP 94643	288.88511	-25.25668	93.755	m	4.924	0.064	K0/1 III + A/F	0.608
ι Tuc	HD 6793|HR 332|HIP 5268	16.82776	-61.77529	93.758	m	5.439	0.579	G5 III	0.989
ρ2 Sgr	45 Sgr|HD 181645|HR 7344|HIP 95188	290.46207	-18.30839	94.161	m	5.963	1.094	K0 III	1.236
τ4 Eri	16 Eri|HD 20720|HR 1003|HIP 15474	49.87917	-21.75787	94.204	m	3.91	-0.96	M3/4 III	1.877
ρ Per	25 Per|HD 19058|HR 921|HIP 14354	46.29414	38.84027	94.34	e	3.539	-1.334	M3III	1.833
ε Crv	2 Crv|HD 105707|HR 4630|HIP 59316	182.53119	-22.61977	94.354	m	3.138	-1.736	K2III	1.594
ω Per	28 Per|HD 19656|HR 947|HIP 14817	47.82242	39.61159	94.822	m	4.732	-0.153	K0III	1.312
β Hya	HD 103192|HR 4552|HIP 57936	178.2272	-33.90809	94.967	e	4.345	-0.543	AP SI	-0.104
κ2 Sgr	HD 193807|HR 7787|HIP 100591	305.97156	-42.42285	95.511	e	5.668	0.768	A5 V	0.213
π Per	22 Per|HD 18411|HR 879|HIP 13879	44.6903	39.66273	95.751	m	4.69	-0.216	A0V	0.075
ρ Hya	13 Hya|HD 75137|HR 3492|HIP 43234	132.10821	5.83781	95.757	m	4.332	-0.574	A0V	-0.027
ρ1 Eri	8 Eri|HD 18784|HR 907|HIP 14060	45.29177	-7.663	95.954	m	5.867	0.957	K0 III	1.229
ξ1 Cet	65 Cet|HD 13611|HR 649|HIP 10324	33.24999	8.84673	95.984	m	4.453	-0.458	G8II	1.011
γ Sct	HD 170296|HR 6930|HIP 90595	277.29939	-14.56581	96.505	m	4.684	-0.239	A1 IV/V	0.078
χ Vir	26 Vir|HD 110014|HR 4813|HIP 61740	189.81153	-7.99556	96.594	m	4.783	-0.142	K2 III	1.469
α Mus	HD 109668|HR 4798|HIP 61585	189.29599	-69.13561	96.712	e	2.622	-2.305	B2 IV	-0.183
π1 Boo	29 Boo|HD 129174|HR 5475|HIP 71762	220.18153	16.41834	96.752	m	4.877	-0.051	B9P	-0.107
β Crt	11 Crt|Gl 416.1|HD 97277|HR 4343|HIP 54682	167.91453	-22.82585	97.047	m	4.452	-0.483	A1V	0.034
υ Cet	59 Cet|HD 12274|HR 585|HIP 9347	30.00129	-21.07783	97.347	m	4.167	-0.775	K5/M0 III	1.875
η Cnc	33 Cnc|HD 72292|HR 3366|HIP 41909	128.17707	20.44116	97.485	m	5.467	0.522	K3III	1.487
β Mus	HD 110879|HR 4844|HIP 62322	191.57019	-68.10812	97.647	m	3.518	-1.43	B2V	-0.19
τ2 Lup	HD 126354|HR 5396|HIP 70576	216.54505	-45.37927	97.847	e	4.401	-0.552	F7	0.442
η CMi	5 CMi|HD 58923|HR 2851|HIP 36265	112.00864	6.94197	97.875	m	5.255	0.302	F 0 III	0.245
μ For	Gl 89|HD 13709|HR 652|HIP 10320	33.22696	-30.72383	97.884	m	5.257	0.303	A0 V	-0.014
σ For	HD 23738|HR 1171|HIP 17618	56.61429	-29.33816	98.119	m	5.92	0.961	A2 V	0.13
τ5 Eri	19 Eri|HD 22203|HR 1088|HIP 16611	53.44698	-21.63288	98.123	m	4.233	-0.726	B9V	-0.106
φ Phe	HD 11753|HR 558|HIP 8882	28.59181	-42.49695	98.184	m	5.1	0.14	A3 V	-0.056
κ Cep	1 Cep|HD 192907|HR 7750|HIP 99255	302.22229	77.71142	98.244	m	4.391	-0.571	B9III	-0.055
γ2 Oct	HD 224362|HR 9061|HIP 118114	359.38695	-82.1698	98.26	m	5.842	0.88	K0 III	1.237
η Cha	HD 75416|HR 3502|HIP 42637	130.33131	-78.96336	98.349	m	5.437	0.473	B8 V	-0.108
ρ UMa	8 UMa|HD 76827|HR 3576|HIP 44390	135.63622	67.62962	98.369	m	4.942	-0.022	M 3 III-IIIB	1.818
β Equ	10 Equ|HD 203562|HR 8178|HIP 105570	320.72339	6.81114	98.378	m	5.156	0.192	A 3 V	0.074
θ PsA	10 PsA|HD 207155|HR 8326|HIP 107608	326.93395	-30.8983	98.425	e	5.022	0.056	A1 V	0.052
β Hor	HD 18866|HR 909|HIP 13884	44.69915	-64.07129	98.457	m	4.986	0.02	A3/5 III(M)	0.145
υ Psc	90 Psc|HD 7964|HR 383|HIP 6193	19.86664	27.26406	98.52	m	4.753	-0.215	A2V	0.051
ξ Col	HD 40176|HR 2087|HIP 28010	88.87465	-37.12066	98.593	m	5.083	0.114	K1 IIICNII	1.283
σ Pav	HD 197635|HR 7934|HIP 102773	312.32572	-68.77652	98.764	m	5.534	0.561	K0 III	1.333
ψ4 Aur	55 Aur|HD 47914|HR 2459|HIP 32173	100.77071	44.52445	98.926	m	5.207	0.23	K5III	1.784
π Tuc	HD 1685|HR 83|HIP 1647	5.16266	-69.62491	99.16	m	5.491	0.509	B9 V	-0.051
τ2 Aqr	71 Aqr|HD 216032|HR 8679|HIP 112716	342.39792	-13.59263	99.829	m	4.211	-0.785	K5 III	1.883
δ1 Gru	HD 213009|HR 8556|HIP 110997	337.31739	-43.49556	100.02	m	4.077	-0.923	G6/8 III	1.189
ε Mus	HD 106849|HR 4671|HIP 59929	184.39283	-67.96074	100.09	m	4.332	-0.67	M4 III	1.727
ζ2 Mus	HD 107566|HR 4703|HIP 60320	185.53061	-67.52211	100.1	m	5.17	0.168	A5 V	0.198
ι Ret	HD 25728|HR 1266|HIP 18772	60.32563	-61.07882	100.16	m	5.12	0.117	K4 III	1.688
τ9 Eri	36 Eri|HD 25267|HR 1240|HIP 18673	59.98118	-24.01621	100.26	m	4.602	-0.404	Ap Si	-0.128
τ8 Eri	33 Eri|HD 24587|HR 1213|HIP 18216	58.42793	-24.61222	100.42	m	4.603	-0.406	B5 V	-0.137
υ2 Hya	40 Hya|HD 87504|HR 3970|HIP 49402	151.28112	-13.06463	100.5	m	4.574	-0.437	B8 V	-0.093
ρ Her	75 Her|HD 157779|HR 6484|HIP 85112	260.92062	37.14595	100.51	m	4.504	-0.507	B9.5III	-0.033
ω Oct	HD 131596|HR 5557|HIP 74296	227.78674	-84.78782	100.6	m	5.861	0.848	B9.5 V	-0.029
π Vir	8 Vir|HD 104321|HR 4589|HIP 58590	180.21829	6.61433	100.88	m	4.658	-0.361	A3V	0.132
ξ1 Lib	13 Lib|HD 131530|HR 5554|HIP 72934	223.5953	-11.89835	101.35	m	5.896	0.867	K0 III	1.129
ε UMi	22 UMi|HD 153751|HR 6322|HIP 82080	251.4927	82.03725	101.38	m	4.312	-0.718	G5III	1.023
λ2 Scl	HD 4211|HR 195|HIP 3456	11.05041	-38.42169	101.49	m	6.032	1	K1 III	1.356
ν Vir	3 Vir|HD 102212|HR 4517|HIP 57380	176.46484	6.52938	101.58	m	4.209	-0.825	M0III	1.794
τ2 Ari	63 Ari|HD 20893|HR 1015|HIP 15737	50.68851	20.74207	102.42	m	5.217	0.165	K3III	1.472
φ4 Cet	23 Cet|HD 5722|HR 279|HIP 4587	14.68278	-11.37998	102.56	m	5.719	0.664	G8 III	1.093
ψ Phe	HD 11695|HR 555|HIP 8837	28.41143	-46.30267	102.57	m	4.598	-0.457	M4 III	1.822
μ1 Oct	HD 196051|HR 7863|HIP 102162	310.51244	-76.18059	102.67	m	6.03	0.973	F6 II/III	0.486
μ Lup	HD 135734|HR 5683|HIP 74911	229.63329	-47.8752	102.88	e	4.928	-0.134	B8 V	-0.115
ξ Men	HD 34172|HR 1716|HIP 23148	74.71236	-82.47051	103.02	m	5.932	0.867	G8/K0 III	1.076
γ2 Cae	HD 32846|HR 1653|HIP 23596	76.10898	-35.70511	103.07	m	6.351	1.285	F2 IV/V	0.318
ι Cnc	48 Cnc|HD 74738|HR 3474|HIP 43100	131.66657	28.76506	103.39	m	5.989	0.917	G8II	0.367
χ3 For	HD 21635|HR 1058|HIP 16156	52.04804	-35.85342	103.58	m	6.543	1.467	A1 V	0.122
χ1 Sgr	47 Sgr|HD 182369|HR 7362|HIP 95477	291.31868	-24.50858	103.65	m	5.038	-0.04	A3/5 IV/V	0.252
χ1 For	HD 21423|HR 1042|HIP 15987	51.48267	-35.92089	104	m	6.396	1.311	A1 IV	0.095
θ Ant	Gl 366.1A|HD 84367|HR 3871|HIP 47758	146.0504	-27.76947	104.06	e	4.848	-0.238	A7 V + G8 III	0.553
ψ7 Aur	58 Aur|HD 49520|HR 2516|HIP 32844	102.69143	41.78123	104.09	m	5.118	0.031	K3III	1.504
ζ1 Ant	HD 82384|HR 3780|HIP 46657	142.69206	-31.88922	104.46	m	6.15	1.055	A1 V	0.033
ι Scl	HD 1737|HR 84|HIP 1708	5.37999	-28.98147	104.47	m	5.278	0.183	K0 III	1.157
ο Dra	47 Dra|HD 175306|HR 7125|HIP 92512	282.80041	59.38835	104.48	m	4.765	-0.33	K0II-III	1.364
η1 Dor	HD 42525|HR 2194|HIP 28909	91.5391	-66.03962	104.75	m	5.688	0.587	A0 V	-0.007
ζ Crt	27 Crt|HD 102070|HR 4514|HIP 57283	176.19074	-18.35068	105.14	m	4.813	-0.296	G8 III	1.117
σ Per	35 Per|HD 21552|HR 1052|HIP 16335	52.64369	47.99521	105.2	m	4.492	-0.618	K1III	1.639
υ Oct	HD 211539|HR 8505|HIP 111196	337.9063	-85.96725	105.22	m	5.867	0.757	K0 III	1.201
π1 Col	HD 42078|HR 2171|HIP 28957	91.671	-42.2988	105.45	m	6.184	1.069	A2MA5-A9	0.259
λ Col	HD 39764|HR 2056|HIP 27810	88.27867	-33.80136	105.64	m	4.845	-0.274	B5 V	-0.158
ν Hyi	HD 18293|HR 872|HIP 13244	42.61858	-75.06695	105.74	m	4.895	-0.226	K3 III	1.593
φ2 Cnc	23 Cnc|HD 71151|HR 3310|HIP 41404	126.69612	26.93549	105.79	m	6.163	1.041	A3V+...	0.226
θ TrA	HD 148890|HR 6151|HIP 81252	248.93674	-65.4954	105.8	m	5.605	0.483	G8/K0 III	1.09
δ Sex	29 Sex|HD 90882|HR 4116|HIP 51362	157.36959	-2.73908	106.2	m	5.172	0.041	B9 V	-0.053
χ Peg	89 Peg|HD 1013|HR 45|HIP 1168	3.65068	20.2067	106.32	m	4.983	-0.15	M2III	1.857
ν For	HD 12767|HR 612|HIP 9677	31.12266	-29.29682	106.34	m	4.659	-0.475	B9.5P (SI)	-0.166
δ1 Cha	HD 93779|HR 4231|HIP 52595	161.31856	-80.46959	106.84	e	5.684	0.54	K0 III	1.115
λ Nor	HD 146667|HR 6071|HIP 79963	244.82353	-42.67397	106.95	e	5.453	0.307	A3 V	0.111
ο Her	103 Her|HD 166014|HR 6779|HIP 88794	271.88563	28.76249	106.97	m	3.823	-1.323	B9V	-0.024
ρ Lup	HD 128345|HR 5453|HIP 71536	219.47178	-49.42583	106.97	m	4.007	-1.139	B3/4 V	-0.158
μ1 Gru	HD 211088|HR 8486|HIP 109908	333.90383	-41.34669	107.14	m	4.887	-0.263	G8 III + G	0.901
ι Lup	HD 125238|HR 5354|HIP 69996	214.85091	-46.0581	107.2	m	3.5	-1.651	B2.5 IV	-0.194
μ Psc	98 Psc|HD 9138|HR 434|HIP 7007	22.54631	6.14382	107.31	m	4.995	-0.158	K4III	1.633
δ Lib	19 Lib|HD 132742|HR 5586|HIP 73473	225.24312	-8.51894	107.73	m	4.963	-0.199	A0 V	0.02
ρ2 Ari	45 Ari|HD 18191|HR 867|HIP 13654	43.95208	18.33164	107.76	e	5.951	0.789	M6III	1.465
ι Oct	HD 111482|HR 4870|HIP 63031	193.74456	-85.12339	107.87	e	5.631	0.466	K0 III	1.166
ζ Cru	HD 106983|HR 4679|HIP 60009	184.60935	-64.00307	108.22	m	4.011	-1.161	B2/3 V	-0.184
ν Lep	7 Lep|HD 34863|HR 1757|HIP 24873	79.99593	-12.3156	108.43	m	5.266	0.09	B7/8 V	-0.123
κ Hyi	HD 15248|HR 715|HIP 11095	35.71795	-73.64579	108.54	m	6.109	0.931	K1 III	1.282
λ Pic	HD 30185|HR 1516|HIP 21914	70.69343	-50.48133	108.57	m	5.406	0.227	K0/1 III	1.125
ε Tuc	HD 224686|HR 9076|HIP 118322	359.97908	-65.57713	108.87	m	4.473	-0.712	B8/9 V	-0.085
δ2 Gru	HD 213080|HR 8560|HIP 111043	337.43932	-43.74922	109.22	m	4.33	-0.862	M3 III	1.832
ν Cas	25 Cas|HD 4636|HR 223|HIP 3801	12.20838	50.96817	109.25	m	4.875	-0.317	B9III	-0.108
τ1 Aqr	69 Aqr|HD 215766|HR 8673|HIP 112542	341.92821	-14.05643	109.5	m	5.676	0.479	B9 V	-0.03
ζ1 Mus	HD 107567|HR 4704|HIP 60329	185.55013	-68.30732	109.61	m	5.839	0.64	K0 III	1.21
η Oct	HD 96124|HR 4312|HIP 53702	164.80736	-84.59389	109.73	m	6.199	0.997	A1 V	0.116
ε Tri	3 Tri|HD 12471|HR 599|HIP 9570	30.74148	33.28414	109.83	m	5.52	0.316	A2III	0.042
τ3 Ser	15 Ser|HD 139074|HR 5795|HIP 76337	233.88846	17.65556	109.87	m	6.221	1.017	K0	1.126
ζ UMi	16 UMi|HD 142105|HR 5903|HIP 77055	236.01449	77.79449	110.1	m	4.279	-0.93	A3Vn	0.053
υ1 Cas	26 Cas|HD 5234|HR 253|HIP 4292	13.75065	58.97269	110.35	m	4.957	-0.257	K2III	1.442
ε Ari	48 Ari|HD 18519|HR 887|HIP 13914	44.80296	21.34031	110.75	m	5.169	-0.053	A 2 VS	0.058
ε Cha	HD 104174|HR 4583|HIP 58484	179.90651	-78.22185	110.86	e	4.908	-0.316	B9 V(N)	-0.049
τ8 Ser	26 Ser|HD 140729|HR 5858|HIP 77111	236.17555	17.26423	111.55	m	6.136	0.899	A0V	0.01
ν Psc	106 Psc|HD 10380|HR 489|HIP 7884	25.35789	5.48761	112.01	m	4.587	-0.659	K2/3 III	1.625
γ1 For	HD 17713|HR 844|HIP 13197	42.46234	-24.56031	112.15	m	6.266	1.017	K0 III	1.26
α Ant	HD 90610|HR 4104|HIP 51172	156.78792	-31.06778	112.27	m	4.424	-0.827	K4 III	1.753
θ Nor	HD 145842|HR 6045|HIP 79653	243.81381	-47.37203	112.3	m	5.105	-0.147	B8 V	-0.125
η1 CrA	HD 173715|HR 7062|HIP 92308	282.21037	-43.68004	112.42	m	5.472	0.218	A3 V	0.132
τ Lib	40 Lib|HD 139365|HR 5812|HIP 76600	234.66405	-29.77775	112.49	e	3.616	-1.639	B2.5V	-0.178
β Sex	30 Sex|HD 90994|HR 4119|HIP 51437	157.57284	-0.63703	112.49	m	5.039	-0.217	B5 IV/V	-0.149
η Pav	HD 160635|HR 6582|HIP 86929	266.43328	-64.72388	112.8	m	3.714	-1.548	K2 II	1.397
ε1 Ara	HD 152980|HR 6295|HIP 83153	254.89603	-53.16044	112.97	m	4.218	-1.047	K3 III	1.721
κ2 Cet	97 Cet|HD 20791|HR 1007|HIP 15619	50.27835	3.67562	113.37	m	5.787	0.515	G8 III	1.115
ζ2 Ant	HD 82513|HR 3789|HIP 46734	142.884	-31.87183	113.51	m	5.933	0.658	A9 IV	0.288
ι1 Cyg	7 Cyg|HD 183534|HR 7408|HIP 95656	291.85816	52.32044	113.79	m	5.719	0.438	A 0 V	0.021
λ Cru	HD 112078|HR 4897|HIP 63007	193.66326	-59.1467	113.99	m	4.578	-0.706	B3/5 VNN	-0.165
δ2 Cha	HD 93845|HR 4234|HIP 52633	161.44585	-80.54019	114.58	m	4.404	-0.892	B3 V	-0.196
η Mus	HD 114911|HR 4993|HIP 64661	198.81226	-67.89459	114.68	m	4.765	-0.533	B7 V	-0.098
υ Her	6 Her|HD 144206|HR 5982|HIP 78592	240.69957	46.0367	114.69	m	4.694	-0.604	B9P	-0.098
τ1 Hyi	HD 10859|HR 516|HIP 7879	25.33953	-79.1482	115.47	m	6.456	1.144	G6/8 III	1.104
υ Dra	52 Dra|HD 176524|HR 7180|HIP 92782	283.59941	71.29719	115.47	m	4.942	-0.37	K0III	1.348
ι Tel	HD 184127|HR 7424|HIP 96341	293.80411	-48.0992	115.55	m	5.001	-0.313	K0 III	1.284
λ Cas	14 Cas|HD 2772|HR 123|HIP 2505	7.94308	54.52229	115.74	e	4.756	-0.561	B8Vn	-0.104
γ Mus	HD 109026|HR 4773|HIP 61199	188.11673	-72.13299	116.26	m	3.804	-1.523	B5 V	-0.163
λ Peg	47 Peg|Gl 4295|HD 215665|HR 8667|HIP 112440	341.63281	23.56565	116.3	m	4.068	-1.26	G8II-III	1.257
ι1 Lib	24 Lib|HD 134759|HR 5652|HIP 74392	228.05538	-19.79171	116.41	e	4.529	-0.801	Asp...	-0.09
χ Phe	HD 12524|HR 602|HIP 9459	30.42657	-44.71351	117.08	m	5.313	-0.029	K5 III	1.775
σ Ara	1 Ara|HD 159217|HR 6537|HIP 86092	263.91497	-46.50568	117.25	m	4.561	-0.785	A0 V	-0.032
ω Boo	41 Boo|HD 133124|HR 5600|HIP 73568	225.52712	25.00814	117.27	m	4.965	-0.381	K4III	1.824
β Lup	HD 132058|HR 5571|HIP 73273	224.63302	-43.13396	117.37	e	2.603	-2.745	B2 IV	-0.189
λ1 For	HD 15975|HR 744|HIP 11867	38.27928	-34.64997	117.48	m	6.009	0.659	K0/1 III	1.257
κ Cen	HD 132200|HR 5576|HIP 73334	224.79035	-42.1042	117.51	e	3.078	-2.272	B2 IV	-0.199
ζ Crv	5 Crv|HD 107348|HR 4696|HIP 60189	185.1402	-22.2159	117.94	m	5.173	-0.185	B8V	-0.097
θ Men	HD 54239|HR 2689|HIP 33384	104.14364	-79.42019	118.16	m	5.454	0.092	B9.5/A0 III/IV	0.047
β Pyx	HD 74006|HR 3438|HIP 42515	130.02559	-35.30835	118.21	m	4.057	-1.306	G5 II/III	1.065
μ CrA	HD 173540|HR 7050|HIP 92226	281.93591	-40.40616	118.28	m	5.303	-0.062	G5/6 III	0.864
σ Psc	69 Psc|HD 6118|HR 291|HIP 4889	15.70457	31.80426	118.29	m	5.486	0.121	B9V	-0.048
η Vol	HD 71576|HR 3334|HIP 41003	125.51858	-73.39999	118.61	m	5.279	-0.092	A0/1 IV/V	0.011
π1 Oct	HD 130650|HR 5525|HIP 73540	225.46168	-83.22765	118.78	m	5.748	0.374	G8/K0 III	1.114
ξ2 Sgr	37 Sgr|HD 175775|HR 7150|HIP 93085	284.4325	-21.10665	118.92	m	3.636	-1.74	G8/K0 II/III	1.406
π Cet	89 Cet|HD 17081|HR 811|HIP 12770	41.03062	-13.85871	119.02	m	4.216	-1.162	B7 IV	-0.133
θ Aps	HD 122250|HR 5261|HIP 68815	211.33283	-76.79676	119.32	m	5.791	0.407	M7 III	1.461
θ2 Mic	HD 203585|HR 8180|HIP 105696	321.1034	-41.00672	119.76	e	5.767	0.375	AP SI	-0.053
η Ret	HD 28093|HR 1395|HIP 20384	65.47219	-63.38639	119.94	m	5.341	-0.054	G8 III	1.099
τ Gem	46 Gem|HD 54719|HR 2697|HIP 34693	107.78487	30.24516	120.1	m	4.533	-0.865	K2III	1.514
ω Car	HD 89080|HR 4037|HIP 50099	153.43424	-70.0379	120.51	m	3.271	-2.134	B8 III	-0.075
λ1 Scl	HD 4065|HR 185|HIP 3356	10.67874	-38.46342	120.64	m	6.11	0.702	B9.5 V	-0.012
ζ Men	HD 50506|HR 2559|HIP 31897	100.01204	-80.81359	120.73	m	5.631	0.222	A3/5 III	0.215
λ Cen	HD 100841|HR 4467|HIP 56561	173.94534	-63.01984	120.82	m	3.092	-2.319	B9 III	-0.037
υ Lup	HD 136933|HR 5719|HIP 75439	231.18753	-39.71026	120.87	m	5.351	-0.061	AP SI LAM4200	-0.108
μ2 Cru	HD 112091|HR 4899|HIP 63005	193.65372	-57.16868	120.97	m	4.951	-0.462	B5 VNE	-0.115
ω1 Aql	25 Aql|HD 180868|HR 7315|HIP 94834	289.45416	11.59542	120.98	m	5.307	-0.107	F 0 IV	0.199
α Mic	HD 198232|HR 7965|HIP 102831	312.49203	-33.77972	121.2	m	4.999	-0.419	G8 III	1.141
ο Aur	27 Aur|HD 38104|HR 1971|HIP 27196	86.47517	49.82628	122.14	m	5.464	0.03	A0P	0.045
φ Psc	85 Psc|HD 7318|HR 360|HIP 5742	18.43728	24.58371	122.24	m	4.786	-0.65	K0II-III	1.216
ε Crt	14 Crt|HD 99167|HR 4402|HIP 55687	171.15246	-10.85932	122.28	m	4.986	-0.451	K5 III	1.844
ψ2 Aqr	93 Aqr|HD 219688|HR 8858|HIP 115033	349.4759	-9.18251	123.15	e	4.373	-1.079	B5Vn	-0.16
μ1 Cha	HD 87971|HR 3983|HIP 49065	150.18246	-82.21467	123.52	m	5.525	0.066	A0 IV	0.052
ψ2 Aur	50 Aur|HD 47174|HR 2427|HIP 31832	99.83262	42.48888	123.57	m	4.931	-0.529	K3II-III	1.456
ν Cet	78 Cet|HD 16161|HR 754|HIP 12093	38.96863	5.59324	123.6	m	4.968	-0.492	G5III	0.992
ρ Ser	38 Ser|HD 141992|HR 5899|HIP 77661	237.81629	20.97792	123.8	m	4.914	-0.55	K5III	1.824
ο Lup	HD 130807|HR 5528|HIP 72683	222.90959	-43.57536	123.92	e	4.289	-1.177	B5 IV	-0.163
χ Psc	84 Psc|HD 7087|HR 351|HIP 5571	17.86342	21.03465	124.1	m	4.771	-0.698	G8III	1.184
ε Tel	HD 166063|HR 6783|HIP 89112	272.80733	-45.95442	124.37	m	4.62	-0.854	K0 III	1.168
π Tau	73 Tau|HD 28100|HR 1396|HIP 20732	66.65155	14.71379	124.37	m	4.794	-0.68	G8III	1.123
ξ2 CMa	5 CMa|HD 46933|HR 2414|HIP 31416	98.76411	-22.96479	124.47	m	4.517	-0.958	A0III	-0.027
λ Oct	HD 206240|HR 8280|HIP 107843	327.72713	-82.71891	124.66	m	5.563	0.084	G8/K0 III	1.048
μ1 Cru	HD 112092|HR 4898|HIP 63003	193.64844	-57.17792	124.76	m	3.938	-1.542	B2 IV-V	-0.194
ψ6 Aur	57 Aur|HD 48781|HR 2487|HIP 32562	101.91491	48.78947	124.81	m	5.341	-0.14	K1III	1.316
ω Phe	HD 6192|HR 295|HIP 4829	15.50758	-57.00239	124.9	m	6.203	0.72	G8/K0 III	1.061
κ Gru	HD 217902|HR 8774|HIP 113957	346.16512	-53.96491	125.57	m	5.536	0.042	K5 III	1.762
ν Cyg	58 Cyg|HD 199629|HR 8028|HIP 103413	314.29342	41.16716	125.68	m	3.932	-1.564	A0V	0.018
ζ PsA	HD 213296|HR 8570|HIP 111138	337.72406	-26.07375	125.85	m	6.552	1.053	K1 III	1.277
σ Cen	HD 108483|HR 4743|HIP 60823	187.00992	-50.23064	126.18	m	3.864	-1.641	B2 V	-0.211
κ2 Vol	HD 71066|HR 3302|HIP 40834	125.00221	-71.50539	126.52	m	5.59	0.079	B9/A0 IV	-0.119
δ Mon	22 Mon|HD 55185|HR 2714|HIP 34769	107.96608	-0.49277	126.96	m	4.136	-1.382	A0 IV	-0.002
ψ3 Psc	81 Psc|HD 6903|HR 339|HIP 5454	17.455	19.6584	128.08	m	5.642	0.105	G 0 III	0.783
γ Lup	HD 138690|HR 5776|HIP 76297	233.78503	-41.16678	129.03	e	2.954	-2.599	B2 IV	-0.199
ψ2 Lup	4 Lup|HD 140008|HR 5839|HIP 76945	235.67092	-34.7104	129.05	m	4.698	-0.856	B5 V	-0.158
μ Ind	HD 200365|HR 8055|HIP 104085	316.30937	-54.72704	129.47	m	5.298	-0.263	K2 III	1.42
η2 For	HD 17793|HR 848|HIP 13225	42.5616	-35.84364	130.3	m	6.024	0.449	K0 III	1.045
α Sex	15 Sex|HD 87887|HR 3981|HIP 49641	151.98453	-0.37165	130.58	m	4.473	-1.106	A0 III	-0.03
θ Car	HD 93030|HR 4199|HIP 52419	160.73924	-64.39445	130.94	m	2.67	-2.915	B0Vp	-0.213
ε Cen	HD 118716|HR 5132|HIP 66657	204.97197	-53.46636	131.06	e	2.247	-3.34	B1 III	-0.196
υ1 Cen	HD 121790|HR 5249|HIP 68282	209.66978	-44.80359	131.06	e	3.811	-1.776	B2 IV/V	-0.221
ξ Gru	HD 204783|HR 8229|HIP 106327	323.02449	-41.17931	131.42	m	5.41	-0.183	K0 III	1.298
η Lup	HD 143118|HR 5948|HIP 78384	240.03053	-38.3967	131.68	m	3.367	-2.231	B2.5 IV	-0.233
κ Ara	HD 157457|HR 6468|HIP 85312	261.50018	-50.63351	131.82	m	5.309	-0.291	G8 III	1.212
ε Cir	HD 135291|HR 5666|HIP 74837	229.41205	-63.61047	131.91	m	4.99	-0.611	K2 III	1.482
μ Ari	34 Ari|HD 16811|HR 793|HIP 12640	40.59142	20.01146	132.1	m	5.729	0.125	A0IV-V	-0.019
μ Lyr	2 Lyr|HD 169702|HR 6903|HIP 90191	276.05744	39.50724	132.23	m	5.111	-0.496	A3III	0.05
θ Cnc	31 Cnc|HD 72094|HR 3357|HIP 41822	127.89887	18.09442	132.32	m	5.527	-0.081	K5III	1.888
φ1 Cnc	22 Cnc|HD 71093|HR 3304|HIP 41377	126.61543	27.89358	132.33	m	5.737	0.129	K5III	1.678
ω2 Cnc	4 Cnc|HD 65856|HR 3132|HIP 39263	120.43232	25.08947	132.57	m	6.301	0.689	A1V	0.04
λ Per	47 Per|HD 25642|HR 1261|HIP 19167	61.64598	50.35124	132.87	m	4.263	-1.354	B9V	-0.011
ρ Dra	67 Dra|HD 190940|HR 7685|HIP 98702	300.70446	67.87356	133.24	m	4.653	-0.97	K3III	1.594
θ Oph	42 Oph|HD 157056|HR 6453|HIP 84970	260.50241	-24.99955	133.69	e	3.212	-2.418	B2IV	-0.203
ι Ari	8 Ari|HD 11909|HR 563|HIP 9110	29.33773	17.81753	134.63	m	5.206	-0.44	K1P	1.043
δ Men	HD 28525|HR 1426|HIP 20049	64.49697	-80.21403	134.9	m	5.772	0.122	K2/3 III + A	0.943
ζ Oph	13 Oph|HD 149757|HR 6175|HIP 81377	249.28974	-10.56709	134.97	m	2.546	-3.105	O9.5V	0.029
λ CMa	HD 45813|HR 2361|HIP 30788	97.04253	-32.58007	134.99	m	4.436	-1.216	B4 V	-0.184
η Col	HD 40808|HR 2120|HIP 28328	89.78669	-42.81513	135.1	m	4.057	-1.596	G8/K1 II	1.349
κ1 Vol	HD 71046|HR 3301|HIP 40817	124.95401	-71.51491	135.17	m	5.306	-0.348	B9 III/IV	-0.076
ν2 Boo	53 Boo|HD 138629|HR 5774|HIP 76041	232.94574	40.89934	135.33	m	4.992	-0.665	A 3 V	0.113
λ Lib	45 Lib|HD 142096|HR 5902|HIP 77811	238.33357	-20.16704	135.35	m	5.022	-0.635	B3V	-0.029
β Sge	6 Sge|HD 185958|HR 7488|HIP 96837	295.26224	17.47604	135.57	m	4.488	-1.173	G8II	1.21
ζ Cap	34 Cap|HD 204075|HR 8204|HIP 105881	321.66678	-22.41133	135.66	m	3.841	-1.821	G4Ibp...	1.15
ν Pav	HD 169978|HR 6916|HIP 90797	277.84344	-62.27831	135.71	m	4.593	-1.07	B7/8 III	-0.115
θ Lup	HD 144294|HR 5987|HIP 78918	241.6481	-36.80228	135.71	m	4.172	-1.491	B2.5 VN	-0.193
γ Cha	HD 92305|HR 4174|HIP 51839	158.86711	-78.60779	136.03	m	4.277	-1.391	K5 III	1.909
η2 Pic	HD 33042|HR 1663|HIP 23649	76.24172	-49.57784	136.48	m	5.221	-0.454	K5 III	1.811
μ Cen	HD 120324|HR 5193|HIP 67472	207.40412	-42.47373	136.48	m	3.415	-2.26	B2 IV/VNE	-0.201
λ Cet	91 Cet|HD 18604|HR 896|HIP 13954	44.92875	8.90737	136.6	m	4.681	-0.996	B6III	-0.114
ν Cnc	69 Cnc|HD 77350|HR 3595|HIP 44405	135.68444	24.45291	137.09	m	5.44	-0.245	B9P	-0.044
χ Sco	17 Sco|HD 145897|HR 6048|HIP 79540	243.46211	-11.83775	137.22	m	5.398	-0.289	K3 III	1.639
γ Cir	HD 136415|HR 5704|HIP 75323	230.84438	-59.32079	137.55	e	4.937	-0.755	B5III + F8	-0.108
ρ Oph	5 Oph|HD 147933|HR 6112|HIP 80473	246.39643	-23.4472	137.72	m	5.067	-0.628	B2/3 V	0.191
ζ Ind	HD 198048|HR 7952|HIP 102790	312.37068	-46.22683	137.94	m	5.061	-0.637	K5 III	1.809
θ Ari	22 Ari|HD 14191|HR 669|HIP 10732	34.5314	19.90116	138.47	m	5.573	-0.134	A1V	0.014
η Gru	HD 215369|HR 8655|HIP 112374	341.40784	-53.50012	138.63	m	4.977	-0.732	K2 IIICNIV	1.378
ε Men	HD 60816|HR 2919|HIP 36039	111.40874	-79.09419	139.13	m	5.667	-0.05	K2/3 III	1.518
ω2 Cyg	46 Cyg|HD 195774|HR 7851|HIP 101243	307.8284	49.22029	139.21	m	5.62	-0.098	M1	1.872
υ PsA	HD 210066|HR 8433|HIP 109289	332.10805	-34.04384	139.4	m	5.149	-0.572	K4 III	1.805
θ Tuc	HD 3112|HR 139|HIP 2629	8.34733	-71.26625	140.01	m	6.141	0.41	A7 IV	0.274
τ6 Ser	19 Ser|HD 140027|HR 5840|HIP 76810	235.24625	16.02459	140.09	m	6.092	0.36	G5III	1.032
φ Cen	HD 121743|HR 5248|HIP 68245	209.56777	-42.10075	140.84	m	3.769	-1.975	B2 V	-0.218
ω1 Sco	9 Sco|HD 144470|HR 5993|HIP 78933	241.70178	-20.66919	140.93	m	3.929	-1.816	B1V	-0.058
κ2 Ind	HD 209529|HR 8409|HIP 109081	331.46257	-59.63607	141	m	5.78	0.034	K4 III	1.76
ο Hya	HD 101431|HR 4494|HIP 56922	175.05329	-34.74466	141.12	m	4.674	-1.074	B9 V	-0.08
ο Vel	HD 74195|HR 3447|HIP 42536	130.07327	-52.92191	141.2	m	3.545	-2.204	B3/5 (V)	-0.173
σ Ari	43 Ari|HD 17769|HR 847|HIP 13327	42.87327	15.08207	141.8	m	5.499	-0.259	B7V	-0.111
ν Leo	27 Leo|HD 86360|HR 3937|HIP 48883	149.55573	12.4448	142.04	m	5.252	-0.51	B9.5V	-0.05
γ Ret	HD 25705|HR 1264|HIP 18744	60.22419	-62.15928	142.36	m	4.7	-1.067	M4 III	1.875
η1 For	HD 17528|HR 835|HIP 13040	41.89063	-35.55062	142.43	m	6.615	0.847	K0/1 III	1.114
κ Dra	5 Dra|HD 109387|HR 4787|HIP 61281	188.37087	69.78824	142.67	m	3.849	-1.923	B6IIIp	-0.131
δ Ant	HD 90972|HR 4118|HIP 51376	157.3974	-30.60706	142.7	m	5.556	-0.216	B9/9.5 V	-0.056
ο Aqr	31 Aqr|HD 209409|HR 8402|HIP 108874	330.82851	-2.15536	142.89	m	4.765	-1.01	B7 IVe	-0.093
κ Hya	38 Hya|HD 83754|HR 3849|HIP 47452	145.07651	-14.33229	142.96	m	5.029	-0.747	B3/5 IV/V	-0.154
λ Men	HD 39810|HR 2062|HIP 27369	86.95056	-72.70225	143.08	m	6.649	0.871	K0 III	1.267
κ Lep	4 Lep|HD 33949|HR 1705|HIP 24327	78.30782	-12.94129	143.21	m	4.434	-1.346	B7 V	-0.107
μ Men	HD 30612|HR 1541|HIP 21949	70.76651	-70.93103	143.47	m	5.492	-0.292	B8 II/III(P SI)	-0.128
κ Nor	HD 145397|HR 6024|HIP 79509	243.3697	-54.63047	143.6	m	5.062	-0.724	G8 III	1.174
φ Peg	81 Peg|HD 223768|HR 9036|HIP 117718	358.12203	19.12029	143.62	m	5.258	-0.528	M0	1.895
θ Ret	HD 27657|HR 1372|HIP 20020	64.4178	-63.25547	143.85	m	6.037	0.248	B9 III/IV	-0.099
π Lup	HD 133242|HR 5605|HIP 73807	226.27983	-47.05118	145.77	m	4.561	-1.257	B5	-0.154
χ2 For	HD 21574|HR 1054|HIP 16112	51.88926	-35.68133	145.86	m	5.848	0.028	K2 III	1.526
μ Mus	HD 102584|HR 4530|HIP 57581	177.06056	-66.81491	145.93	m	4.915	-0.906	K4 III	1.867
π Leo	29 Leo|HD 86663|HR 3950|HIP 49029	150.05336	8.04422	145.96	m	4.859	-0.962	M2III	1.912
ζ Cae	HD 30608|HR 1539|HIP 22280	71.95657	-30.02037	146.03	m	6.467	0.645	K0 III	1.267
τ Oct	HD 219765|HR 8862|HIP 115836	352.01577	-87.48221	147.04	m	5.64	-0.197	K2 III	1.536
ξ2 Cen	HD 113791|HR 4942|HIP 64004	196.72766	-49.90625	147.14	m	4.228	-1.611	B3 V	-0.205
τ For	HD 22789|HR 1114|HIP 17007	54.69864	-27.94305	147.15	m	5.994	0.155	A0 V	-0.032
ν3 CMa	8 CMa|HD 47442|HR 2443|HIP 31700	99.47259	-18.23748	147.33	m	4.564	-1.277	K0 II/III	1.367
π Ind	HD 208149|HR 8362|HIP 108281	329.05856	-57.89959	147.4	m	6.196	0.354	A3MA6-A9	0.236
κ Sco	HD 160578|HR 6580|HIP 86670	265.622	-39.02992	148.15	e	2.357	-3.496	B1.5 III	-0.196
π Aql	52 Aql|HD 187259|HR 7544|HIP 97473	297.17552	11.8158	148.46	m	6.754	0.896	F2	0.06
δ Lup	HD 136298|HR 5695|HIP 75141	230.34302	-40.64751	148.6	m	3.157	-2.703	B1.5 IV	-0.22
ω For	HD 16046|HR 749|HIP 11918	38.46129	-28.23235	148.93	m	4.95	-0.915	B9 V	-0.057
τ Phe	HD 224834|HR 9081|HIP 88	0.26909	-48.80988	149.79	m	5.8	-0.077	G6/8 III	1.054
η3 For	HD 17829|HR 851|HIP 13265	42.66836	-35.67585	150.08	m	5.615	-0.267	K2 III	1.504
ι2 Mus	HD 116579|HR 5051|HIP 65628	201.82707	-74.69176	150.89	m	6.602	0.709	B9 V	-0.069
λ Tel	HD 175510|HR 7134|HIP 93148	284.61569	-52.93863	151.25	m	4.829	-1.069	B9.5 IV/V	-0.054
π2 Hyi	HD 14287|HR 678|HIP 10513	33.86928	-67.74637	151.58	m	5.809	-0.094	K2 III	1.571
ζ3 Lib	34 Lib|HD 138137|HR 5750|HIP 75944	232.66835	-16.60946	152.36	m	5.923	0.009	K0 III	1.224
ι Ind	HD 198308|HR 7968|HIP 102950	312.87521	-51.60818	152.8	m	5.168	-0.753	K1 II/III	1.297
χ Oph	7 Oph|HD 148184|HR 6118|HIP 80569	246.75599	-18.45625	152.9	m	4.281	-1.641	B2Vne	0.226
ι Her	85 Her|HD 160762|HR 6588|HIP 86414	264.86619	46.00633	153.47	m	3.763	-2.167	B3IV	-0.182
β Mic	HD 198529|HR 7979|HIP 102989	312.99484	-33.17797	153.79	m	6.057	0.122	A1 IV	0.026
ψ Crt	HD 97411|HR 4347|HIP 54742	168.12654	-18.49985	153.85	e	6.105	0.17	A0 V	0.005
θ Hyi	HD 19400|HR 939|HIP 14131	45.56436	-71.90246	153.85	m	5.478	-0.458	B8 III/IV	-0.145
κ Cha	HD 104902|HR 4605|HIP 58905	181.19363	-76.51906	154.04	m	5.201	-0.737	K4 III	1.789
χ Cen	HD 122980|HR 5285|HIP 68862	211.51153	-41.17963	154.13	m	4.311	-1.628	B2 V	-0.211
φ2 Lup	HD 136664|HR 5712|HIP 75304	230.78896	-36.85849	154.19	m	4.499	-1.441	B4 V	-0.159
μ Tau	49 Tau|HD 26912|HR 1320|HIP 19860	63.88357	8.89236	155.13	m	4.267	-1.686	B3V	-0.077
φ Aur	24 Aur|HD 35620|HR 1805|HIP 25541	81.91202	34.47589	155.38	m	5.222	-0.735	K2IIIP	1.681
ζ1 CrB	7 CrB|HD 139892|HR 5833|HIP 76669	234.84449	36.63581	155.62	m	4.962	-0.998	B7V+...	-0.115
ψ Peg	84 Peg|HD 224427|HR 9064|HIP 118131	359.43969	25.1414	155.65	m	4.832	-1.129	M3III	1.846
φ UMa	30 UMa|HD 85235|HR 3894|HIP 48402	148.02651	54.06434	156.01	e	4.563	-1.403	A 3 IV	0.055
σ1 UMa	11 UMa|HD 77800|HR 3609|HIP 44857	137.09792	66.87324	156.06	m	5.317	-0.649	K5III	1.824
π Eri	26 Eri|HD 23614|HR 1162|HIP 17593	56.53557	-12.10159	156.39	m	4.613	-1.358	M1 III	1.934
η Hya	7 Hya|HD 74280|HR 3454|HIP 42799	130.80615	3.39866	156.61	m	4.248	-1.726	B3 V	-0.211
χ3 Sgr	49 Sgr|HD 182416|HR 7363|HIP 95503	291.37358	-23.96246	156.79	m	5.599	-0.378	K3 III	1.73
ε Lup	HD 136504|HR 5708|HIP 75264	230.67031	-44.68963	156.99	e	3.337	-2.642	B2 IV/V	-0.195
θ Pic	HD 35860|HR 1818|HIP 25303	81.19286	-52.31625	157.23	e	6.242	0.259	A0 V	0.075
σ Aur	21 Aur|HD 35186|HR 1773|HIP 25292	81.16309	37.38535	157.37	m	5.164	-0.821	K4III	1.721
ξ Oct	HD 215573|HR 8663|HIP 112781	342.59505	-80.12385	157.48	m	5.29	-0.696	B5/7 V	-0.14
τ2 Ser	12 Ser|HD 138527|HR 5770|HIP 76069	233.04031	16.05617	157.64	m	6.211	0.223	B8V	-0.032
χ Cyg	HD 187796|HR 7564|HIP 97629	297.64134	32.91406	159.53	m	8.128	2.114	K0III	1.52
φ3 Cet	22 Cet|HD 5437|HR 267|HIP 4371	14.00621	-11.26652	160.27	m	5.508	-0.516	K5 III	1.832
κ Pyx	HD 78541|HR 3628|HIP 44824	137.01201	-25.85854	160.28	m	4.784	-1.24	K4/5 III	1.892
ξ Scl	HD 6055|HR 288|HIP 4770	15.32615	-38.91653	161.14	m	5.715	-0.321	K1 III	1.402
κ Eri	HD 15371|HR 721|HIP 11407	36.74633	-47.70384	161.15	m	4.208	-1.828	B5 IV	-0.142
π1 Gru	HD 212087|HR 8521|HIP 110478	335.6842	-45.94796	161.66	m	6.41	0.367	S	2.749
τ1 Ari	61 Ari|HD 20756|HR 1005|HIP 15627	50.30677	21.14707	161.85	m	5.34	-0.706	B5VP?	-0.1
θ CrA	HD 170845|HR 6951|HIP 90982	278.37577	-42.31251	162.14	m	4.725	-1.325	G8 III	1.16
χ Aqr	92 Aqr|HD 219576|HR 8850|HIP 114939	349.21225	-7.7265	162.31	m	5.169	-0.883	M2 III	1.834
ω Pav	HD 175329|HR 7127|HIP 93163	284.65187	-60.20055	162.5	m	5.279	-0.775	K2 IIICNIV	1.605
ο Ind	HD 207241|HR 8333|HIP 107835	327.69658	-69.6294	162.71	m	5.667	-0.39	K2/3 III	1.667
λ PsA	16 PsA|HD 210934|HR 8478|HIP 109789	333.57813	-27.76691	163.13	m	5.412	-0.651	B7 V	-0.12
τ Leo	84 Leo|HD 99648|HR 4418|HIP 55945	171.98433	2.85627	163.74	m	5.053	-1.018	G8 III	1.151
ε Aps	HD 124771|HR 5336|HIP 70248	215.59654	-80.10894	164.24	m	5.033	-1.044	B3 V	-0.125
δ Ret	HD 25422|HR 1247|HIP 18597	59.68646	-61.40018	165.61	m	4.74	-1.355	M0 III	1.922
θ Dor	HD 34649|HR 1744|HIP 24372	78.43939	-67.18525	166.15	m	4.948	-1.155	K2/3 IIICNIB/II	1.538
τ Ori	20 Ori|HD 34503|HR 1735|HIP 24674	79.40162	-6.8444	166.26	m	3.556	-2.548	B5 III	-0.118
ζ Cha	HD 83979|HR 3860|HIP 46928	143.47239	-80.94126	166.55	m	5.037	-1.071	B4 IV	-0.152
γ2 For	HD 17729|HR 845|HIP 13202	42.47576	-27.94198	167.29	m	5.378	-0.739	A1 V	0.013
δ Sge	7 Sge|HD 187077|HR 7536|HIP 97365	296.84695	18.53428	167.58	m	3.956	-2.165	M2IB-II+A	1.566
ψ Per	37 Per|HD 22192|HR 1087|HIP 16826	54.12241	48.19263	167.69	m	4.295	-1.827	B5E	-0.062
ε PsA	18 PsA|HD 214748|HR 8628|HIP 111954	340.16393	-27.04362	168.86	m	4.16	-1.978	B8 V	-0.112
λ Dor	HD 36189|HR 1836|HIP 25429	81.58028	-58.91252	168.89	m	5.237	-0.901	G6 III	1.126
η Scl	HD 2429|HR 105|HIP 2210	6.98207	-33.00717	169.54	m	5.062	-1.084	M2/3 III	1.913
ω Cap	18 Cap|HD 198542|HR 7980|HIP 102978	312.95538	-26.91913	169.56	m	4.289	-1.858	K4 III	1.987
β CrA	HD 178345|HR 7259|HIP 94160	287.50732	-39.34079	170.52	m	4.227	-1.932	K0 II/IIICNIB	1.395
μ Eri	57 Eri|HD 30211|HR 1520|HIP 22109	71.37562	-3.25466	172.04	m	3.981	-2.197	B5IV	-0.161
ο1 Ori	4 Ori|HD 30959|HR 1556|HIP 22667	73.13318	14.25064	172.04	m	4.941	-1.237	M3S	2.102
ρ Cet	72 Cet|HD 15130|HR 708|HIP 11345	36.48752	-12.29048	172.25	m	4.862	-1.319	A0 V	-0.023
μ2 Cha	HD 88351|HR 3997|HIP 49326	151.02988	-81.56549	172.44	m	6.713	0.53	G6/8 III	1.058
δ2 Aps	HD 145388|HR 6021|HIP 80057	245.1119	-78.6675	172.56	m	5.411	-0.774	K3 III	1.693
ν And	35 And|HD 4727|HR 226|HIP 3881	12.45353	41.07891	172.81	m	4.496	-1.692	B5V	-0.153
ο Ari	37 Ari|HD 17036|HR 809|HIP 12803	41.13739	15.31186	172.81	m	5.772	-0.416	B9V	-0.025
ζ Ara	Gl 9581|HD 152786|HR 6285|HIP 83081	254.65505	-55.99014	173.24	m	3.276	-2.917	K3 III	1.958
π Pup	HD 56855|HR 2773|HIP 35264	109.28565	-37.09748	173.55	m	2.866	-3.331	K3 IB	1.955
ε Sge	4 Sge|HD 185194|HR 7463|HIP 96516	294.32247	16.4628	174.3	m	5.77	-0.437	G8III	1.161
υ Aur	31 Aur|HD 38944|HR 2011|HIP 27639	87.76016	37.30557	174.34	m	4.917	-1.29	M1	1.941
δ Cen	HD 105435|HR 4621|HIP 59196	182.08963	-50.72243	174.89	m	2.515	-3.699	B2 IVNE	-0.105
ν2 CrB	21 CrB|HD 147767|HR 6108|HIP 80214	245.62174	33.70349	174.94	m	5.576	-0.638	K5III	1.845
κ2 Scl	HD 720|HR 34|HIP 930	2.89342	-27.79974	175.03	m	5.559	-0.657	K2 III	1.61
ε Sct	HD 173009|HR 7032|HIP 91845	280.88022	-8.27522	175.13	m	5.013	-1.204	G8 III	1.297
ο Sco	19 Sco|HD 147084|HR 6081|HIP 80079	245.15908	-24.16932	175.69	m	4.665	-1.559	A4 II/III	0.821
π2 Cnc	82 Cnc|HD 79554|HR 3669|HIP 45410	138.80772	14.94151	175.84	m	5.498	-0.728	K0	1.563
χ Car	HD 65575|HR 3117|HIP 38827	119.19464	-52.98235	175.88	m	3.404	-2.822	B3 IV	-0.182
ι Aql	41 Aql|HD 184930|HR 7447|HIP 96468	294.18033	-1.2866	176.45	m	4.323	-1.91	B5III	-0.099
π And	29 And|HD 3369|HR 154|HIP 2912	9.22019	33.71934	176.8	m	4.319	-1.918	B5V	-0.135
β Ind	HD 198700|HR 7986|HIP 103227	313.70251	-58.45415	177.22	m	3.778	-2.465	K1 II	1.487
ι Vol	HD 51557|HR 2602|HIP 32912	102.86244	-70.96341	178.31	m	5.378	-0.878	B7 III	-0.115
ρ2 Cnc	58 Cnc|HD 76219|HR 3540|HIP 43834	133.91533	27.92749	179.47	m	5.336	-0.934	G8II-III	1.161
ω Vir	1 Vir|HD 101153|HR 4483|HIP 56779	174.61503	8.1343	179.71	m	5.487	-0.786	M4	1.76
π Gem	80 Gem|HD 62898|HR 3013|HIP 38016	116.87635	33.4157	180.03	m	5.317	-0.96	K2	1.924
τ2 Hya	32 Hya|HD 82446|HR 3787|HIP 46776	142.99552	-1.18467	181.43	m	4.562	-1.731	A2 V	0.114
ε Dor	HD 39844|HR 2064|HIP 27534	87.473	-66.90118	181.92	m	5.071	-1.228	B6 V	-0.149
σ Phe	HD 223145|HR 9006|HIP 117315	356.81665	-50.22646	182.05	m	5.139	-1.162	B3 V	-0.184
ν Per	41 Per|HD 23230|HR 1135|HIP 17529	56.29846	42.57855	182.59	m	3.813	-2.494	F4II	0.464
μ1 Cnc	9 Cnc|HD 66875|HR 3169|HIP 39659	121.57665	22.63549	184.19	m	6.161	-0.165	M4	1.907
π Ari	42 Ari|HD 17543|HR 836|HIP 13165	42.32316	17.46431	184.69	m	5.321	-1.011	B6IV	-0.107
ν Ori	67 Ori|HD 41753|HR 2159|HIP 29038	91.89303	14.76847	185.07	m	4.371	-1.966	B3IV	-0.172
ω Hya	18 Hya|HD 77996|HR 3613|HIP 44659	136.49319	5.09232	186.53	m	5.12	-1.234	K2II-III	1.464
μ Pic	HD 46860|HR 2412|HIP 31137	97.99296	-58.75383	186.73	m	5.635	-0.721	B9 V	-0.078
κ Cnc	76 Cnc|HD 78316|HR 3623|HIP 44798	136.93672	10.66819	187.94	m	5.202	-1.168	B8P	-0.106
ξ1 Cap	1 Cap|HD 191753|HR 7712|HIP 99529	302.99124	-12.3924	188.1	m	6.484	0.112	K0 III	1.416
ω1 Cnc	2 Cnc|HD 65714|HR 3124|HIP 39191	120.23281	25.39284	188.41	m	5.967	-0.408	K0	1.193
ψ Leo	16 Leo|HD 84194|HR 3866|HIP 47723	145.93294	14.02169	188.51	m	5.539	-0.838	M0	1.922
υ CrB	18 CrB|HD 146738|HR 6074|HIP 79757	244.18662	29.15026	188.73	m	5.787	-0.592	A3III	0.07
υ2 Cnc	32 Cnc|HD 72324|HR 3369|HIP 41940	128.25043	24.08479	190.44	m	6.455	0.056	G9III	1.198
δ1 Aps	HD 145366|HR 6020|HIP 80047	245.08668	-78.69574	190.45	m	4.902	-1.497	M4 III	1.893
κ Pav	HD 174694|HR 7107|HIP 93015	284.23762	-67.2335	190.65	m	4.439	-1.962	G5 IAB/B	0.781
ε Nor	HD 147971|HR 6115|HIP 80582	246.79598	-47.55479	190.88	m	4.508	-1.896	B2 V	-0.086
ρ Aur	20 Aur|HD 34759|HR 1749|HIP 25048	80.45173	41.80458	192.2	m	5.185	-1.234	B5IV	-0.147
ν Lib	21 Lib|HD 133774|HR 5622|HIP 73945	226.65665	-16.25682	193.15	m	5.366	-1.064	K5 III	1.894
υ Cap	15 Cap|HD 196777|HR 7900|HIP 101984	310.01227	-18.13866	193.35	m	5.337	-1.095	M1 III	1.945
τ Pav	HD 179009|HR 7274|HIP 94724	289.11922	-69.19083	193.47	m	6.278	-0.155	A6 IV/V	0.194
δ Cet	82 Cet|HD 16582|HR 779|HIP 12387	39.87066	0.32851	194.89	m	4.029	-2.42	B2IV	-0.235
κ Pic	HD 35580|HR 1801|HIP 25098	80.59228	-56.1344	195.44	m	6.072	-0.383	B8/9 V	-0.094
γ Mon	5 Mon|HD 43232|HR 2227|HIP 29651	93.71389	-6.27477	195.86	m	4.117	-2.343	K1 III	1.577
θ Pyx	HD 80874|HR 3718|HIP 45902	140.3733	-25.96544	196.23	m	4.905	-1.559	M0 III	1.976
ι1 For	HD 16307|HR 767|HIP 12122	39.0386	-30.04498	197.17	m	5.843	-0.631	G8/K0 III	1.195
δ1 Tel	HD 170465|HR 6934|HIP 90830	277.93931	-45.91481	197.48	m	4.902	-1.576	B5/7	-0.124
ε Vol	HD 68520|HR 3223|HIP 39794	121.98251	-68.61707	197.64	m	4.378	-2.101	B5 III	-0.138
ζ1 Lib	32 Lib|HD 137744|HR 5743|HIP 75730	232.0642	-16.71648	197.92	m	5.81	-0.672	K4 III	1.842
σ Lup	HD 127381|HR 5425|HIP 71121	218.1544	-50.45716	198.74	m	4.392	-2.099	B2 III/IV	-0.204
ν1 CrB	20 CrB|HD 147749|HR 6107|HIP 80197	245.58927	33.79905	199.02	m	5.39	-1.105	M0	1.924
ψ Vir	40 Vir|HD 112142|HR 4902|HIP 62985	193.58817	-9.53899	199.18	m	4.975	-1.521	M2 III	1.867
υ Cyg	66 Cyg|HD 202904|HR 8146|HIP 105138	319.47948	34.8969	199.52	m	4.361	-2.139	B2Vne	-0.121
μ Oph	57 Oph|HD 159975|HR 6567|HIP 86284	264.46131	-8.11877	199.78	m	4.616	-1.887	B8 II-IIImnp...	0.108
π1 Dor	HD 45669|HR 2352|HIP 30321	95.65948	-69.98404	201.59	m	5.722	-0.8	K5 III	1.814
η Men	HD 32440|HR 1629|HIP 22871	73.79667	-74.93685	201.69	m	5.63	-0.893	K4 III	1.818
π Cap	10 Cap|HR 7814|HIP 100881	306.83056	-18.21249	201.91	m	8.527	2.001	B4V	-0.02
μ CrB	6 CrB|HD 139153|HR 5800|HIP 76307	233.81216	39.01007	203.35	m	5.322	-1.219	M1	1.959
υ2 Cen	HD 122223|HR 5260|HIP 68523	210.43126	-45.60342	203.85	m	4.405	-2.142	F7 II/III	0.661
ψ8 Aur	61 Aur|HD 50204|HR 2547|HIP 33133	103.48781	38.50502	204.51	m	6.437	-0.117	B9P?	-0.038
φ Cap	28 Cap|HD 202320|HR 8127|HIP 104963	318.90792	-20.6517	205.11	m	5.282	-1.278	K0 II/III	1.367
θ1 Sgr	HD 189103|HR 7623|HIP 98412	299.93408	-35.27631	205.67	m	4.325	-2.241	B2.5 IV	-0.168
β Sct	HD 173764|HR 7063|HIP 92175	281.79364	-4.74787	205.98	m	4.337	-2.232	G0 Ib/II	1.242
κ CMa	13 CMa|HD 50013|HR 2538|HIP 32759	102.46025	-32.50848	207.04	m	3.486	-3.094	B1.5IVne	-0.134
ζ Scl	HD 224990|HR 9091|HIP 183	0.58301	-29.72041	207.32	m	4.999	-1.584	B3/5 V	-0.154
ν Eri	48 Eri|HD 29248|HR 1463|HIP 21444	69.07976	-3.35246	208.5	m	3.896	-2.7	B2III SB	-0.215
β Men	HD 33285|HR 1677|HIP 23467	75.67915	-71.3143	208.84	m	5.405	-1.194	G8 III	1.161
δ Cae	HD 28873|HR 1443|HIP 21060	67.70875	-44.95375	209.09	m	5.026	-1.576	B2 IV/V	-0.22
τ And	53 And|HD 10205|HR 477|HIP 7818	25.14507	40.57705	209.19	m	4.942	-1.661	B8IV	-0.101
χ2 Hya	HD 96314|HR 4317|HIP 54255	166.48987	-27.28786	210.01	m	5.703	-0.908	B8 V	-0.065
δ Vol	HD 57623|HR 2803|HIP 35228	109.20761	-67.95715	210.43	m	4.051	-2.565	F8 IB/II	0.869
ν Her	94 Her|HD 164136|HR 6707|HIP 87998	269.62562	30.18928	210.63	m	4.454	-2.164	F2II	0.404
θ2 Cru	HD 104841|HR 4603|HIP 58867	181.08007	-63.16571	211.35	m	4.7	-1.925	B3 V	-0.109
β Mon	11 Mon|HD 45725|HR 2356|HIP 30867	97.20448	-7.03305	211.82	m	4.616	-2.014	B3 IVpe	-0.135
σ Vir	60 Vir|HD 115521|HR 5015|HIP 64852	199.40118	5.46987	214.16	m	4.976	-1.678	M0	1.982
ε Ant	HD 82150|HR 3765|HIP 46515	142.31133	-35.95134	215.76	m	4.658	-2.012	K3 III	1.712
α Scl	HD 5737|HR 280|HIP 4577	14.6515	-29.35745	216.34	m	4.274	-2.402	B7 IIIP	-0.164
κ1 CrA	HD 170867|HR 6952|HIP 90968	278.34639	-38.72599	216.85	m	5.578	-1.103	B8/A1	-0.079
δ3 CMi	9 CMi|HD 60357|HR 2901|HIP 36812	113.56622	3.37172	217.25	m	5.812	-0.873	B9 V	-0.027
δ TrA	HD 145544|HR 6030|HIP 79664	243.85946	-63.68568	218.5	m	3.962	-2.735	G5 IB	1.291
π1 Hyi	HD 14141|HR 667|HIP 10418	33.56059	-67.84144	218.97	m	5.743	-0.959	M1 III	1.841
τ4 Ser	17 Ser|HD 139216|HIP 76423	234.11744	15.10142	219.16	m	6.698	-0.006	M4	1.411
β Ara	HD 157244|HR 6461|HIP 85258	261.32496	-55.52989	219.3	m	2.968	-3.737	K0/1 IB	1.776
κ2 Aps	HD 138800|HR 5782|HIP 76750	235.08888	-73.44669	219.38	m	5.63	-1.076	B7 III/IV	-0.053
η2 Dor	HD 43455|HR 2245|HIP 29353	92.81243	-65.58942	220.69	m	5.207	-1.512	M2 III	1.914
ξ Ori	70 Ori|HD 42560|HR 2199|HIP 29426	92.98498	14.20877	221.07	m	4.413	-2.31	B3V	-0.182
π Aur	35 Aur|HD 40239|HR 2091|HIP 28404	89.98374	45.93673	221.46	m	4.516	-2.211	M3II	1.968
ξ2 Lib	15 Lib|HD 131918|HR 5564|HIP 73133	224.19213	-11.4097	222.63	m	5.627	-1.111	K4 III	1.794
κ2 CrA	HD 170868|HR 6953|HIP 90969	278.34617	-38.72007	223.05	m	6.163	-0.579	B8	-0.035
ω Cas	46 Cas|HD 11529|HR 548|HIP 9009	29.0001	68.68524	223.2	m	4.953	-1.79	B 8 III	-0.099
ν Gem	18 Gem|HD 45542|HR 2343|HIP 30883	97.24078	20.21213	224.85	m	4.102	-2.657	B5V	-0.127
ξ Pav	HD 168339|HR 6855|HIP 90098	275.80677	-61.4939	227.06	m	4.54	-2.241	K4 III	1.756
ξ Tel	HD 190421|HR 7673|HIP 99120	301.84648	-52.88079	229.47	m	5.1	-1.704	K5 III	1.923
η1 TrA	HD 149671|HR 6172|HIP 81710	250.34629	-68.29612	229.71	m	5.869	-0.937	B7 V	-0.097
ρ Aqr	46 Aqr|HD 211838|HR 8512|HIP 110273	335.04965	-7.8211	230.19	m	5.33	-1.48	B8 III	-0.055
ζ4 Lib	35 Lib|HD 138485|HR 5764|HIP 76126	233.23009	-16.85284	230.83	m	5.476	-1.341	B3 V	-0.157
η1 Hyi	HD 11733|HIP 8751	28.14489	-67.94451	231.37	m	6.749	-0.073	B9 V	-0.044
λ Cyg	54 Cyg|HD 198183|HR 7963|HIP 102589	311.85224	36.49072	234.45	m	4.734	-2.116	B6IV	-0.133
η2 CrA	HD 173861|HR 7068|HIP 92382	282.39581	-43.4341	235.29	m	5.575	-1.283	B9 IV	-0.077
ξ Ari	24 Ari|HD 14951|HR 702|HIP 11249	36.2044	10.61056	235.39	m	5.461	-1.398	B 7 IV	-0.117
δ2 Lyr	12 Lyr|HD 175588|HR 7139|HIP 92791	283.62618	36.89861	236.12	m	4.464	-2.402	M4II	1.838
π6 Ori	10 Ori|HD 31767|HR 1601|HIP 23123	74.63709	1.71401	237.57	m	4.62	-2.259	K0/1 III	1.663
θ Lyr	21 Lyr|HD 180809|HR 7314|HIP 94713	289.09206	38.13373	238.07	m	4.476	-2.407	K0II	1.486
θ Cir	HD 131492|HR 5551|HIP 73129	224.18328	-62.78101	238.25	m	5.028	-1.857	B2 IV/V	-0.025
σ Aql	44 Aql|HD 185507|HR 7474|HIP 96665	294.79851	5.39778	240.63	m	5.18	-1.727	B3V	-0.003
α Pyx	HD 74575|HR 3468|HIP 42828	130.89807	-33.18639	243.37	m	3.631	-3.3	B1.5 III	-0.193
υ Pav	HD 196519|HR 7881|HIP 102157	310.48781	-66.76068	243.79	m	5.123	-1.812	B9 III	-0.069
θ Her	91 Her|HD 163770|HR 6695|HIP 87808	269.06325	37.25054	243.89	m	3.985	-2.951	K1II	1.605
θ UMi	15 UMi|HD 139669|HR 5826|HIP 76008	232.85386	77.34936	245.11	m	5.169	-1.778	K5III	1.865
α1 Cap	5 Cap|HD 192876|HR 7747|HIP 100027	304.41196	-12.50821	249.02	m	4.342	-2.639	G3 IB	1.221
ζ CMi	13 CMi|HD 63975|HR 3059|HIP 38373	117.92495	1.76687	249.85	m	5.092	-1.896	B8 II	-0.128
ε CMi	2 CMi|HD 58367|HR 2828|HIP 36041	111.41207	9.2761	250.58	m	5.097	-1.898	G8III	1.16
δ1 CMi	7 CMi|HD 59881|HR 2880|HIP 36641	113.02478	1.91448	250.65	m	5.261	-1.734	F0 V	0.237
τ1 Lup	HD 126341|HR 5395|HIP 70574	216.53426	-45.22142	252.75	m	4.527	-2.486	B2 IV	-0.177
τ1 Ser	9 Ser|HD 137471|HR 5739|HIP 75530	231.44748	15.42804	253.74	m	5.34	-1.682	M1III	1.974
μ Per	51 Per|HD 26630|HR 1303|HIP 19812	63.72443	48.40933	253.84	m	4.238	-2.785	G01B	1.073
β Cam	10 Cam|HD 31910|HR 1603|HIP 23522	75.85455	60.44224	257.73	m	4.123	-2.933	G0IB	1.011
π4 Ori	3 Ori|HD 30836|HR 1552|HIP 22549	72.80152	5.6051	258.3	m	3.638	-3.423	B2III	-0.18
ζ Per	44 Per|HD 24398|HR 1203|HIP 18246	58.53301	31.88364	259.37	m	2.858	-4.212	B1I	0.097
δ For	HD 23227|HR 1134|HIP 17304	55.56209	-31.93836	259.55	m	4.947	-2.124	B5 III	-0.175
χ Aql	47 Aql|HD 186203|HR 7497|HIP 96957	295.64175	11.82659	261.78	e	5.366	-1.724	F5	0.619
η PsA	12 PsA|HD 209014|HR 8386|HIP 108661	330.20935	-28.45377	262.56	m	5.696	-1.4	B8/9 V + B8/9	-0.108
σ Oph	49 Oph|HD 157999|HR 6498|HIP 85355	261.62867	4.14036	266.11	m	4.496	-2.629	K2 III	1.797
υ Car	HD 85123|HR 3890|HIP 48002	146.77551	-65.07201	267.57	m	3.025	-4.112	A8 IB	0.282
ι Men	HD 38602|HR 1991|HIP 26264	83.90066	-78.82084	269.72	m	6.029	-1.126	B8 III	-0.02
ε Cap	39 Cap|HD 205637|HR 8260|HIP 106723	324.27012	-19.46601	271.91	m	4.486	-2.686	B3V:p	-0.207
η Aql	55 Aql|HD 187929|HR 7570|HIP 97804	298.1182	1.00566	272.37	m	4.058	-3.118	F6-G1 Ib	1.008
λ UMi	HD 183030|HR 7394|HIP 84535	259.23531	89.03771	272.96	m	6.52	-0.66	M1III	1.846
ψ3 Aur	52 Aur|HD 47100|HR 2420|HIP 31789	99.70492	39.90256	273.1	m	5.319	-1.863	B8III	-0.081
λ Eri	69 Eri|HD 33328|HR 1679|HIP 23972	77.2866	-8.75408	275.81	m	4.211	-2.992	B2 IVne	-0.209
ψ Eri	65 Eri|HD 32249|HR 1617|HIP 23364	75.35977	-7.17397	278.05	m	4.752	-2.469	B3 IV	-0.19
η Mic	HD 200702|HR 8069|HIP 104177	316.60633	-41.38596	278.7	m	5.66	-1.566	K3 III	1.612
ι Ara	HD 157042|HR 6451|HIP 85079	260.81698	-47.4682	280.8	m	5.229	-2.013	B2 (V)NNE	-0.125
ω CMa	28 CMa|HD 56139|HR 2749|HIP 35037	108.70273	-26.77267	280.82	m	4.004	-3.238	B2 IV/VE	-0.182
δ Cep	27 Cep|HD 213306|HR 8571|HIP 110991	337.29277	58.4152	281.29	m	4.207	-3.039	F5IB-G1IB	0.89
λ Lup	HD 133955|HR 5626|HIP 74117	227.21092	-45.27985	282.44	m	4.021	-3.234	B3 V	-0.182
ω Gem	42 Gem|HD 52497|HR 2630|HIP 33927	105.60325	24.21545	284.26	m	5.287	-1.982	G5II	1.096
ψ9 Aur	HD 50658|HR 2568|HIP 33377	104.13357	46.274	290.01	m	5.826	-1.486	(B8)IV	-0.093
σ Cap	7 Cap|HD 193150|HR 7761|HIP 100195	304.84835	-19.11853	290.29	m	5.427	-1.887	K2 III	1.671
ψ2 Dra	34 Dra|HD 164613|HR 6725|HIP 87728	268.79646	72.00513	290.38	m	5.453	-1.862	F 3 II-III	0.35
μ CMa	18 CMa|HD 51250|HR 2593|HIP 33345	104.02769	-14.04347	292.23	m	5.271	-2.058	K2/3 III	1.78
ι Lyr	18 Lyr|HD 178475|HR 7262|HIP 93903	286.82554	36.10016	294.71	m	5.235	-2.112	B7IV	-0.124
ν1 Boo	52 Boo|HD 138481|HR 5763|HIP 75973	232.73233	40.83305	298.58	m	5.219	-2.156	K5III	1.914
λ Lep	6 Lep|HD 34816|HR 1756|HIP 24845	79.89385	-13.17679	299.6	m	4.239	-3.144	B0.5 IV	-0.273
ζ Cep	21 Cep|HD 210745|HR 8465|HIP 109492	332.71365	58.20126	303.29	m	3.51	-3.899	K1IB	1.87
π5 Ori	8 Ori|HD 31237|HR 1567|HIP 22797	73.56289	2.44067	303.54	m	3.657	-3.754	B2III SB	-0.192
ζ Mon	29 Mon|HD 67594|HR 3188|HIP 39863	122.14854	-2.98379	308.17	m	4.456	-2.988	G2 Iab/b	1.114
ι Aps	HD 156190|HR 6411|HIP 84979	260.52448	-70.12321	313.01	m	5.377	-2.101	B8/9 V(N)	-0.055
γ CMi	4 CMi|HD 58972|HR 2854|HIP 36284	112.04081	8.92553	319.08	m	4.48	-3.04	K3III	1.698
γ Col	HD 40494|HR 2106|HIP 28199	89.38421	-35.28328	323.43	m	4.32	-3.229	B2.5 IV	-0.186
κ1 Aps	HD 137387|HR 5730|HIP 76013	232.87842	-73.38959	324.69	m	5.373	-2.184	B3 (IB/III)NE	-0.172
σ Ori	48 Ori|HD 37468|HR 1931|HIP 26549	84.68653	-2.60007	328.95	e	3.763	-3.823	O9.5V...	-0.242
ο Pup	HD 63462|HR 3034|HIP 38070	117.02154	-25.93717	332.12	m	4.468	-3.138	B1IV:nne	-0.104
ψ2 Ori	30 Ori|HD 35715|HR 1811|HIP 25473	81.70927	3.09565	333.97	m	4.574	-3.045	B2 IV	-0.242
π Aqr	52 Aqr|HD 212571|HR 8539|HIP 110672	336.31926	1.3774	336.01	m	4.76	-2.872	B1 Vnep	-0.192
θ2 Ori	43 Ori|HD 37041|HR 1897|HIP 26235	83.84542	-5.41605	336.38	m	5.027	-2.607	O9.5 Vp	-0.114
λ Pav	HD 173948|HR 7074|HIP 92609	283.05432	-62.18759	336.4	m	4.181	-3.453	B2II-III	-0.175
κ TrA	HD 141767|HR 5891|HIP 77982	238.87334	-68.603	339.04	m	5.22	-2.431	G3/5 IB	1.293
θ Ara	HD 165024|HR 6743|HIP 88714	271.6578	-50.09148	339.33	m	3.635	-4.018	B2 IB	-0.109
ψ1 Ori	25 Ori|HD 35439|HR 1789|HIP 25302	81.18678	1.84645	341.05	m	4.837	-2.827	B1 Vn	-0.201
β Dor	HD 37350|HR 1922|HIP 26069	83.40633	-62.48983	341.21	m	3.911	-3.754	F8/G0 IB	0.985
γ Ara	HD 157246|HR 6462|HIP 85267	261.34858	-56.37773	341.3	e	3.275	-4.391	B1Ib	-0.152
φ2 Hya	HD 91880|HR 4156|HIP 51905	159.06942	-16.34432	341.41	m	6.209	-1.457	M1 III	1.94
ψ Aql	48 Aql|HD 186547|HR 7511|HIP 97139	296.14247	13.30278	341.79	m	6.235	-1.434	B8IV	-0.047
γ2 Vel	HD 68273|HR 3207|HIP 39953	122.38315	-47.33661	342.47	e	1.793	-5.88	WC 8	-0.166
ξ Cas	19 Cas|HD 3901|HR 179|HIP 3300	10.51622	50.51252	344.57	m	4.775	-2.911	B2V	-0.13
δ2 Tel	HD 170523|HR 6938|HIP 90853	278.00811	-45.75738	346.49	m	5.048	-2.65	B3 IV/V	-0.148
τ Cap	14 Cap|HD 196662|HR 7889|HIP 101923	309.81802	-14.95478	348.43	e	5.231	-2.48	B7 III	-0.143
ξ Cyg	62 Cyg|HD 200905|HR 8079|HIP 104060	316.23276	43.92785	352.57	m	3.88	-3.856	K5IB	1.949
δ1 Lyr	11 Lyr|HD 175426|HR 7131|HIP 92728	283.4315	36.97172	355.45	m	5.549	-2.205	B 2.5V	-0.161
σ Cas	8 Cas|HD 224572|HR 9071|HIP 118243	359.75223	55.75493	364.71	m	4.991	-2.819	B1V...	-0.114
ν1 Lyr	8 Lyr|HD 174585|HR 7100|HIP 92398	282.44131	32.81282	372.03	m	5.889	-1.964	B 2 V	-0.168
φ1 Ori	37 Ori|HD 36822|HR 1876|HIP 26176	83.70516	9.48958	374.01	m	4.367	-3.497	B0III	-0.186
θ1 Ori	41 Ori|HD 37020|HR 1893|HIP 26220	83.81592	-5.38732	378.4	m	6.55	-1.34	O7	-0.049
λ Lyr	15 Lyr|HD 176670|HR 7192|HIP 93279	285.00344	32.14551	380.68	m	5.103	-2.8	K3II	1.762
ω1 Cyg	45 Cyg|HD 195556|HR 7844|HIP 101138	307.51475	48.95157	392.79	m	4.92	-3.051	B2V	-0.107
θ1 Ori	41 Ori|HD 37022|HR 1895|HIP 26221	83.8186	-5.38977	399.77	m	5.061	-2.948	O6pe	-0.044
ο Pav	HD 201371|HR 8092|HIP 104755	318.33546	-70.12627	402.01	m	5.256	-2.765	M1/2 III	1.851
υ Ori	36 Ori|HD 36512|HR 1855|HIP 25923	82.98275	-7.30154	407.05	m	4.565	-3.483	B0 V	-0.284
γ1 Sgr	HD 164975|HR 6742|HIP 88567	271.2551	-29.58009	422.83	m	4.781	-3.35	G0 IB/II	0.937
ζ Cir	HD 131058|HR 5539|HIP 72965	223.67742	-65.99109	429.34	m	6.059	-2.105	B2/3 VN	-0.081
σ Col	HD 40248|HR 2092|HIP 28098	89.08726	-31.38244	435.7	m	5.561	-2.635	F2 III	0.416
θ1 Ori	41 Ori|HD 37023|HR 1896|HIP 26224	83.82166	-5.38768	438.22	m	6.384	-1.824	B0.5Vp...	-0.014
π2 Cyg	81 Cyg|HD 207330|HR 8335|HIP 107533	326.69836	49.30957	438.59	m	4.208	-4.002	B3III	-0.143
χ2 Sgr	48 Sgr|HD 182391|HIP 95486	291.34309	-24.4121	458.61	m	7.278	-1.029	B7 IV	-0.007
ξ1 CMa	4 CMa|HD 46328|HR 2387|HIP 31125	97.96403	-23.41842	461.68	m	4.286	-4.036	B1III	-0.256
δ Pic	HD 42933|HR 2212|HIP 29276	92.57462	-54.96865	465.06	m	4.685	-3.653	B1/2 (III)N	-0.263
υ Sgr	46 Sgr|HD 181616|HR 7342|HIP 95176	290.43177	-15.95502	479.17	m	4.579	-3.823	BP SHELL	0.065
π2 Oct	HD 131246|HR 5545|HIP 73771	226.19551	-83.03831	482.13	m	5.789	-2.627	G8 IB	1.509
ω Ori	47 Ori|HD 37490|HR 1934|HIP 26594	84.79644	4.12146	506.05	m	4.503	-4.018	B3 IIIe	-0.128
κ Aql	39 Aql|HD 184915|HR 7446|HIP 96483	294.22271	-7.02748	506.12	m	4.942	-3.579	B1 Ib	-0.05
φ Vel	HD 86440|HR 3940|HIP 48774	149.21559	-54.56779	525.48	m	3.5	-5.103	B5 IB	-0.098
η Leo	30 Leo|HD 87737|HR 3975|HIP 49583	151.83313	16.76266	556.63	m	3.49	-5.238	A0Ib	-0.028
μ Col	HD 38666|HR 1996|HIP 27204	86.49956	-32.30644	587.39	m	5.114	-3.731	B1 IV/V	-0.3
θ Del	8 Del|HD 196725|HR 7892|HIP 101882	309.68328	13.31513	592.95	m	5.853	-3.012	K3IB	1.831
ψ And	20 And|HD 223047|HR 9003|HIP 117221	356.50854	46.42027	611.55	m	5.088	-3.844	G5IB	1.284
η Ori	28 Ori|HD 35411|HR 1788|HIP 25281	81.11924	-2.39715	633.59	m	3.564	-5.445	B1V + B2	-0.197
ξ1 Sgr	36 Sgr|HD 175687|HR 7145|HIP 93057	284.33532	-20.65635	680.96	m	5.066	-4.1	B9/A0 IB	0.104
δ Cir	HD 135240|HR 5664|HIP 74778	229.23706	-60.95726	697.13	m	5.072	-4.145	O8	-0.116
ι1 Sco	HD 161471|HR 6615|HIP 87073	266.89617	-40.127	705.34	m	3.05	-6.192	F2 IA	0.544
ο1 CMa	16 CMa|HD 50877|HR 2580|HIP 33152	103.53314	-24.18421	777.04	m	4.041	-5.411	K3 IAB	2.127
γ1 Nor	HD 146143|HR 6058|HIP 79790	244.25389	-50.06812	830.17	m	5.056	-4.54	F7 IB	0.872
λ Cep	22 Cep|HD 210839|HR 8469|HIP 109556	332.87742	59.41449	850.25	m	5.099	-4.549	O6e	0.194
σ Cyg	67 Cyg|HD 202850|HR 8143|HIP 105102	319.35397	39.39468	853.92	m	4.248	-5.409	O9IAB	0.095
61 Cyg	Gl 820B|HD 201092|HR 8086|HIP 104217	316.73029	38.74202	3.4964	m	6.097	8.379	K7V	1.539
61 Cyg	Gl 820A|HD 201091|HR 8085|HIP 104214	316.72191	38.74941	3.4966	m	5.349	7.631	K5V	1.362
Gl 702B		271.36318	2.50205	5.1058	m	6.17	7.63	K0 V	
70 Oph	Gl 702A|HD 165341|HR 6752|HIP 88601	271.36404	2.49979	5.1133	m	4.217	5.673	K0V SB	0.963
Gl 570A	HD 131977|HR 5568|HIP 73184	224.36667	-21.4155	5.8864	m	5.88	7.031	K4V	1.283
Gl 664	HD 156026|HIP 84478	259.05567	-26.54615	5.9537	m	6.461	7.587	K5V	1.356
Gl 783A	HD 191408|HR 7703|HIP 99461	302.79975	-36.1012	6.0122	m	5.413	6.518	K2V	0.978
Gl 892	HD 219134|HR 8832|HIP 114622	348.32073	57.16836	6.5418	m	5.674	6.596	K3Vvar	1.187
Gl 667A	HD 156384|HR 6426|HIP 84709	259.73763	-34.98979	6.8357	e	6.366	7.192	K4V	1.155
107 Psc	Gl 68|HD 10476|HR 493|HIP 7981	25.62401	20.26852	7.6439	m	5.337	5.92	K1V	0.963
61 Vir	Gl 506|HD 115617|HR 5019|HIP 64924	199.60145	-18.3112	8.5344	m	4.81	5.154	G5V	0.802
Gl 666A	HD 156274|HR 6416|HIP 84720	259.76604	-46.63615	8.7911	m	5.608	5.888	G8/K0 V	0.893
Gl 785	HD 192310|HR 7722|HIP 99825	303.82247	-27.03297	8.8116	m	5.824	6.099	K3V	1.036
Gl 183	HD 32147|HR 1614|HIP 23311	75.20417	-5.75368	8.844	m	6.346	6.613	K3V	1.267
Gl 216B	HD 38392|HR 1982	86.11057	-22.42184	8.8916	m	6.279	6.534	K2 V	1.107
Gl 442A	HD 102365|HR 4523|HIP 57443	176.62947	-40.50035	9.3194	m	4.962	5.115	G3/G5V	0.735
Gl 432A	HD 100623|HR 4458|HIP 56452	173.62287	-32.83134	9.559	m	6.049	6.147	K0 V	0.913
61 UMa	Gl 434|HD 101501|HR 4496|HIP 56997	175.26257	34.20164	9.5762	m	5.39	5.484	G8V	0.827
12 Oph	Gl 631|HD 149661|HR 6171|HIP 81300	249.08937	-2.32458	9.894	m	5.854	5.877	K1 V	0.961
Gl 75	HD 10780|HR 511|HIP 8362	26.93681	63.8525	10.041	m	5.71	5.701	K0V	0.902
Gl 117	HD 17925|HR 857|HIP 13402	43.13387	-12.76971	10.361	m	6.145	6.068	K1 V	1.017
Gl 86	HD 13445|HR 637|HIP 10138	32.60827	-50.82368	10.761	m	6.209	6.05	K0V	0.939
Gl 909A	HD 223778|HR 9038|HIP 117712	358.10535	75.5446	10.896	m	6.489	6.303	K3V	1.123
Gl 706	HD 166620|HR 6806|HIP 88972	272.40589	38.45778	11.096	m	6.483	6.257	K2V	1.025
54 Psc	Gl 27|HD 3651|HR 166|HIP 3093	9.84086	21.25047	11.108	m	5.973	5.745	K0V	0.988
11 LMi	Gl 356A|HD 82885|HR 3815|HIP 47080	143.91461	35.81017	11.235	m	5.478	5.225	G8IV	0.871
Gl 567	HD 131511|HR 5553|HIP 72848	223.34903	19.1528	11.629	m	6.09	5.762	K1V	0.962
Gl 309	HD 72673|HR 3384|HIP 41926	128.21457	-31.50085	12.164	m	6.462	6.037	K0V	0.894
Gl 211	HD 37394|HR 1925|HIP 26779	85.33474	53.48106	12.27	m	6.294	5.85	K 1 V	0.977
85 Peg	Gl 914A|HD 224930|HR 9088|HIP 171	0.54245	27.08209	12.319	m	5.834	5.381	G3V	0.721
Gl 302	HD 69830|HR 3259|HIP 40693	124.59978	-12.63217	12.579	m	6.03	5.532	K0 V	0.875
Gl 454	HD 104304|HR 4587|HIP 58576	180.1852	-10.44601	12.765	m	5.619	5.089	K0IV	0.864
Gl 95	HD 14412|HR 683|HIP 10798	34.74377	-25.94569	12.835	m	6.414	5.872	G8 V	0.827
Gl 620.1A	HD 147513|HR 6094|HIP 80337	246.00537	-39.19298	12.892	m	5.441	4.889	G3/5 V	0.697
36 UMa	Gl 395|HD 90839|HR 4112|HIP 51459	157.65658	55.98054	12.945	m	4.88	4.319	F8V	0.561
Gl 722	HD 172051|HR 6998|HIP 91438	279.72251	-21.05187	13.031	m	5.935	5.36	G5 V	0.731
58 Eri	Gl 177|HD 30495|HR 1532|HIP 22263	71.90121	-16.93445	13.24	m	5.558	4.949	G3 V	0.692
Gl 5	HD 166|HR 8|HIP 544	1.65327	29.0215	13.766	m	6.145	5.451	K0V	0.855
10 Tau	Gl 147|HD 22484|HR 1101|HIP 16852	54.21826	0.40166	13.92	m	4.353	3.635	F8 V	0.62
Gl 853A	HD 211415|HR 8501|HIP 110109	334.56505	-53.62707	14.066	m	5.459	4.718	G3 V	0.648
18 Sco	Gl 616|HD 146233|HR 6060|HIP 79672	243.90529	-8.36944	14.137	m	5.57	4.818	G5 V	0.722
Gl 770	HD 188088|HR 7578|HIP 97944	298.57394	-23.94107	14.144	m	6.33	5.577	K3/4 V	1.22
26 Dra	Gl 684A|HD 160269|HR 6573|HIP 86036	263.74825	61.87457	14.434	m	5.281	4.484	G0V	0.646
111 Tau	Gl 202|HD 35296|HR 1780|HIP 25278	81.1061	17.38353	14.579	m	5.06	4.241	F8V	0.57
72 Her	Gl 672|HD 157214|HR 6458|HIP 84862	260.16486	32.46775	14.586	m	5.453	4.633	G0V	0.673
Gl 796	HD 196761|HR 7898|HIP 101997	310.04898	-23.77387	14.672	m	6.438	5.606	G8/K0 V	0.818
Gl 67	HD 10307|HR 483|HIP 7918	25.44648	42.61344	14.701	m	5.027	4.19	G2V	0.676
Gl 738A	HD 176051|HR 7162|HIP 93017	284.25662	32.90127	14.894	m	5.342	4.477	G0V	0.607
31 Aql	Gl 759|HD 182572|HR 7373|HIP 95447	291.2425	11.94441	14.922	m	5.243	4.374	G8IV	0.857
20 LMi	Gl 376|HD 86728|HR 3951|HIP 49081	150.25274	31.92367	14.926	m	5.451	4.581	G2V	0.745
Gl 364	HD 84117|HR 3862|HIP 47592	145.56007	-23.91557	14.951	m	4.984	4.111	G0 V	0.559
Gl 1021	HD 4391|HR 209|HIP 3583	11.43997	-47.55199	15.049	m	5.865	4.978	G1 V	0.691
Gl 538	HD 122742|HR 5273|HIP 68682	210.88481	10.78677	15.118	m	6.353	5.456	G8V	0.853
Gl 1085	HD 38858|HR 2007|HIP 27435	87.14559	-4.09464	15.21	m	6.037	5.126	G3 V	0.687
Gl 599A	HD 140901|HR 5864|HIP 77358	236.87126	-37.91631	15.246	m	6.083	5.167	G6 IV	0.801
Gl 288A	HD 63077|HR 3018|HIP 37853	116.39577	-34.17245	15.278	m	5.426	4.506	G0V	0.598
19 Dra	Gl 648|HD 153597|HR 6315|HIP 82860	254.00704	65.1348	15.316	m	4.937	4.011	F6V	0.513
Gl 25B		9.33568	-24.76659	15.401	e	6.4	5.462	G8 V	
Gl 25A	HD 3443|HR 159|HIP 2941	9.33625	-24.76729	15.401	e	5.739	4.801	K1V+...	0.811
Gl 838	HD 207129|HR 8323|HIP 107649	327.06563	-47.30361	15.559	m	5.636	4.676	G0 V	0.653
Gl 758	HD 182488|HR 7368|HIP 95319	290.89171	33.22196	15.608	m	6.447	5.48	K0V	0.927
99 Her	Gl 704A|HD 165908|HR 6775|HIP 88745	271.75646	30.56214	15.774	m	5.125	4.135	F7V	0.547
104 Tau	Gl 188A|HD 32923|HR 1656|HIP 23835	76.86253	18.64505	15.917	m	4.986	3.977	G4V	0.713
Gl 188B		76.86341	18.64714	15.917	m	5.7	4.691	G4 V	
Gl 777A	HD 190360|HR 7670|HIP 98767	300.90586	29.89681	16.003	m	5.811	4.79	G6IV	0.85
Gl 294A	HD 65907|HR 3138|HIP 38908	119.44548	-60.30307	16.172	m	5.643	4.599	G0 V	0.609
Gl 391	HD 90589|HR 4102|HIP 50954	156.09878	-74.03161	16.278	m	4.02	2.962	F2/3 IV/V	0.381
Gl 678A	HD 158614|HR 6516|HIP 85667	262.59909	-1.06282	16.471	m	6.062	4.978	G6 V	0.798
Gl 291B		117.94122	-13.89605	16.504	e	6.17	5.082	G4 V	0.65
9 Pup	Gl 291A|HD 64096|HR 3064|HIP 38382	117.94291	-13.898	16.504	e	5.263	4.175	G2 V	0.659
Gl 3389	HD 43162|HR 2225|HIP 29568	93.43874	-23.86193	16.699	m	6.446	5.333	G5 V	0.784
39 Tau	Gl 160|HD 25680|HR 1262|HIP 19076	61.33441	22.00891	16.814	m	5.971	4.843	G 5 V	0.709
Gl 327	HD 76151|HR 3538|HIP 43726	133.57478	-5.43447	16.846	m	6.069	4.936	G3/5 V	0.744
Gl 1095	HD 55575|HR 2721|HIP 35136	108.95891	47.23996	16.852	m	5.608	4.475	G0V	0.625
Gl 744	HD 177565|HR 7232|HIP 93858	286.7186	-37.81065	16.953	m	6.226	5.08	G8 V	0.794
Gl 264.1A	HD 53705|HR 2667|HIP 34065	105.98882	-43.60803	17.059	m	5.607	4.447	G3 V	0.673
Gl 678B		262.59909	-1.06282	17.094	m	6.172	5.008	G8 IV-V	0.825
Gl 486.1	HD 111395|HR 4864|HIP 62523	192.19603	24.84023	17.098	m	6.368	5.203	G7V	0.798
Gl 702.1	HD 165185|HR 6748|HIP 88694	271.59883	-36.01979	17.115	m	6.004	4.837	G3 V	0.653
58 Oph	Gl 692|HD 160915|HR 6595|HIP 86736	265.85749	-21.68319	17.169	m	4.914	3.74	F6/F7V	0.485
Gl 3109	HD 10647|HR 506|HIP 7978	25.62217	-53.74083	17.349	m	5.581	4.385	F8 V	0.583
Gl 594	HD 139664|HR 5825|HIP 76829	235.29741	-44.66121	17.399	m	4.681	3.478	F3/5 V	0.432
37 Gem	Gl 252|HD 50692|HR 2569|HIP 33277	103.82778	25.3757	17.405	m	5.816	4.613	G 0 V	0.656
Gl 547	HD 126053|HR 5384|HIP 70319	215.81369	1.24157	17.461	m	6.323	5.113	G5 V	0.706
Gl 788	HD 193664|HR 7783|HIP 100017	304.38055	66.85369	17.481	m	5.986	4.773	G5V	0.644
10 CVn	Gl 484|HD 110897|HR 4845|HIP 62207	191.24752	39.27892	17.557	m	6.018	4.796	G0V	0.6
59 Vir	Gl 504|HD 115383|HR 5011|HIP 64792	199.19381	9.42416	17.588	m	5.249	4.023	F8V	0.645
15 Sge	Gl 779|HD 190406|HR 7672|HIP 98819	301.02594	17.07017	17.772	m	5.857	4.608	G1V	0.664
39 Ser	Gl 3924|HD 142267|HR 5911|HIP 77801	238.30041	13.19662	17.781	m	6.149	4.899	G2V	0.645
Gl 776	HD 189567|HR 7644|HIP 98959	301.38653	-67.3209	17.932	m	6.146	4.878	G3 V	0.7
Gl 542.1A	HD 125276|HR 5356|HIP 69965	214.75374	-25.81543	17.989	m	5.935	4.66	F7(W)F3 V	0.519
70 Vir	Gl 512.1|HD 117176|HR 5072|HIP 65721	202.10754	13.77879	18.099	m	5.045	3.757	G5IV-V	0.798
Gl 836.7	HD 206860|HR 8314|HIP 107350	326.13054	14.77194	18.133	m	6.017	4.725	G0V	0.641
Gl 564	HD 130948|HR 5534|HIP 72567	222.56588	23.91184	18.198	m	5.935	4.635	G 2 V	0.648
Gl 240.1	HD 46588|HR 2401|HIP 32439	101.55897	79.56481	18.202	m	5.493	4.192	F 8 V	0.557
Gl 503A	HD 114837|HR 4989|HIP 64583	198.56367	-59.10323	18.24	m	4.963	3.658	F7IV	0.492
Gl 351B		142.67646	-40.46562	18.414	m	4.65	3.324	F0 IV	
Gl 822B		318.62086	10.00609	18.488	e	5.4	4.066	F7 V	
Gl 230	HD 42807|HR 2208|HIP 29525	93.30209	10.62714	18.599	m	6.499	5.152	G6V	0.742
Gl 159	HD 25457|HR 1249|HIP 18859	60.6531	-0.26892	18.707	m	5.437	4.077	F7/8 V	0.548
Gl 332A	HD 76943|HR 3579|HIP 44248	135.16028	41.78291	18.74	m	4.026	2.662	F5V	0.467
Gl 332B		135.16331	41.78362	18.74	m	6.18	4.816	G5 V	0.65
Gl 368	HD 84737|HR 3881|HIP 48113	147.14738	46.02101	18.823	m	5.141	3.768	G1V	0.674
6 Cet	Gl 10|HD 693|HR 33|HIP 910	2.81608	-15.46798	18.886	m	4.95	3.569	F5 V	0.505
Gl 41	HD 5015|HR 244|HIP 4151	13.26767	61.12397	18.903	m	4.848	3.465	F8V	0.593
Gl 262	HD 52711|HR 2643|HIP 34017	105.87691	29.33708	18.95	m	6.006	4.618	G8IV	0.648
Gl 334.2	HD 78366|HR 3625|HIP 44897	137.21279	33.88221	18.95	m	6.001	4.613	F 9 V	0.64
Gl 1249	HD 190771|HR 7683|HIP 98921	301.29075	38.47847	19.035	m	6.255	4.857	G5IV	0.731
1 Cen	Gl 525.1|HD 119756|HR 5168|HIP 67153	206.42186	-33.04372	19.265	m	4.272	2.848	F3 V	0.4
110 Her	Gl 725.2|HD 173667|HR 7061|HIP 92043	281.41552	20.54631	19.352	m	4.243	2.809	F5IV	0.491
Gl 231.1A	HD 43587|HR 2251|HIP 29860	94.31722	5.1001	19.374	m	5.769	4.333	G 0.5VAB	0.656
53 Aqr	Gl 859B|HD 212698|HR 8544|HIP 110778	336.64286	-16.74193	19.415	m	6.293	4.852	G3 V	0.677
45 Boo	Gl 578|HD 134083|HR 5634|HIP 73996	226.82528	24.8692	19.536	m	4.974	3.52	F5VW	0.458
74 Ori	Gl 9207|HD 43386|HR 2241|HIP 29800	94.11091	12.27216	19.588	m	5.084	3.624	F5IV-V	0.45
HD 157347	HR 6465|HIP 85042	260.7137	-2.38818	19.62	m	6.356	4.893	G5 V	0.766
Gl 314A	HD 73752|HR 3430|HIP 42430	129.78295	-22.66183	19.621	m	5.372	3.908	G3/G5V	0.797
53 Aqr	Gl 859A|HD 212698|HR 8545	336.64458	-16.74242	20.08	m	6.21	4.696	G3 V	0.62
HD 217107	HR 8734|HIP 113421	344.56475	-2.39538	20.087	m	6.248	4.733	G8 IV/V	0.85
16 UMa	Gl 337.1|HD 79028|HR 3648|HIP 45333	138.58558	61.42332	20.237	m	5.255	3.724	F 9 V	0.647
Gl 857	HD 212330|HR 8531|HIP 110649	336.23483	-57.79744	20.34	m	5.387	3.845	G3 IV	0.742
Gl 822.1B		318.69831	38.04519	20.342	e	6.42	4.878	G0 V	0.6
22 Lyn	Gl 9234|HD 58855|HR 2849|HIP 36439	112.48315	49.67246	20.402	m	5.409	3.861	F6V	0.478
Gl 1282	HD 219482|HR 8843|HIP 114948	349.24039	-62.00118	20.443	m	5.705	4.152	F8 V	0.543
Gl 501.2	HD 114613|HR 4979|HIP 64408	198.01327	-37.80302	20.463	m	4.922	3.367	G3 V	0.775
Gl 654.1	HD 154417|HR 6349|HIP 83601	256.32008	0.70256	20.59	m	6.057	4.489	F8 V	0.625
Gl 4324	HD 219623|HR 8853|HIP 114924	349.17626	53.21347	20.61	m	5.642	4.072	F 8 V	0.584
Gl 196	HD 33564|HR 1686|HIP 25110	80.63972	79.23115	20.786	m	5.14	3.551	F6V	0.519
Gl 4.1A	HD 123|HR 5|HIP 518	1.56589	58.43681	20.789	m	6.422	4.833	G 5 V	0.701
Gl 540.3	HD 124580|HR 5325|HIP 69671	213.91119	-45.00075	20.902	m	6.373	4.772	G1 V	0.656
17 Cyg	Gl 767.1A|HD 187013|HR 7534|HIP 97295	296.60666	33.72759	20.986	m	5.056	3.446	F5	0.491
Gl 811	HD 199260|HR 8013|HIP 103389	314.19721	-26.29637	21.102	m	5.745	4.123	F7 V	0.528
Gl 765.1B	HD 186427|HR 7504|HIP 96901	295.46656	50.51752	21.128	m	6.231	4.607	G2V	0.732
Gl 746	HD 178428|HR 7260|HIP 93966	286.98884	16.85339	21.129	m	6.153	4.529	G 5 V	0.777
16 Cyg	Gl 765.1A|HD 186408|HR 7503|HIP 96895	295.45397	50.52506	21.131	m	5.997	4.372	G2V	0.722
50 Per	Gl 161.1|HD 25998|HR 1278|HIP 19335	62.15257	38.03973	21.192	m	5.572	3.941	F 7 V	0.557
40 Leo	Gl 388.1|HD 89449|HR 4054|HIP 50564	154.93404	19.47091	21.22	m	4.834	3.2	F6IV	0.498
Gl 23B		8.80989	-3.59307	21.254	e	6.4	4.763	G1 V	
13 Cet	Gl 23A|HD 3196|HR 142|HIP 2762	8.81202	-3.59282	21.254	e	5.265	3.628	F8 V	0.597
Gl 818.1B		317.33906	-73.17593	21.28	m	6.4	4.76		
Gl 818.1A	HD 200525|HR 8061|HIP 104440	317.34078	-73.17297	21.28	m	5.74	4.1	G3IV	0.63
Gl 773.3	HD 189340|HR 7637|HIP 98416	299.94717	-9.95826	21.307	m	5.941	4.298	G2 V	0.626
Gl 268.1	HD 55892|HR 2740|HIP 34834	108.14011	-46.75931	21.321	m	4.518	2.874	F0 IV	0.333
9 Cet	Gl 17.3|HD 1835|HR 88|HIP 1803	5.71578	-12.20944	21.334	m	6.455	4.81	G3 V	0.731
Gl 3523	HD 76932|HR 3578|HIP 44075	134.68306	-16.13273	21.419	m	5.871	4.217	F7/8 IV/V	0.559
71 Ori	Gl 3390|HD 43042|HR 2220|HIP 29650	93.71198	19.15645	21.776	m	5.245	3.555	F6V	0.463
Gl 3175	HD 16673|HR 784|HIP 12444	40.05176	-9.45287	21.779	m	5.849	4.159	F7 V	0.549
Gl 851.2	HD 210918|HR 8477|HIP 109821	333.66106	-41.38166	21.779	m	6.291	4.601	G5 V	0.719
Gl 3400A	HD 48189|HR 2468|HIP 31711	99.50161	-61.53339	21.879	m	6.323	4.623	G1/2 V	0.623
Gl 3394	HD 45184|HR 2318|HIP 30503	96.18284	-28.78011	21.892	m	6.444	4.743	G2 V	0.681
Gl 307.1	HD 71148|HR 3309|HIP 41484	126.90327	45.65299	21.938	m	6.39	4.684	G 5 V	0.69
Gl 397.2	HD 91324|HR 4134|HIP 51523	157.84092	-53.71548	22.062	m	4.946	3.228	F5 V	0.511
HD 26923	HR 1322|HIP 19859	63.87	6.18686	22.075	m	6.377	4.658	G0IV	0.632
Gl 773.4	HD 189245|HR 7631|HIP 98470	300.08438	-33.70345	22.147	m	5.704	3.977	F7 V	0.518
39 Leo	Gl 387A|HD 89125|HR 4039|HIP 50384	154.31058	23.10622	22.271	m	5.871	4.132	F 8 VB W	0.53
84 Cet	HD 16765|HR 790|HIP 12530	40.30834	-0.69566	22.287	m	5.823	4.083	F5 V	0.521
HD 108954	HR 4767|HIP 61053	187.7089	53.07661	22.309	m	6.268	4.526	F 8 V	0.61
HD 106516	HR 4657|HIP 59750	183.794	-10.31241	22.351	e	6.157	4.41	F6 V	0.48
HD 14214	HR 672|HIP 10723	34.506	1.7578	22.423	m	5.665	3.911	G0 V	0.633
Gl 385.1	HD 88742|HR 4013|HIP 50075	153.35304	-33.03172	22.432	m	6.429	4.675	G0 V	0.652
18 Pup	Gl 297.2A|HD 68146|HR 3202|HIP 40035	122.66594	-13.79921	22.553	m	5.582	3.816	F7 V	0.518
Gl 417	HD 97334|HR 4345|HIP 54745	168.1348	35.81408	22.697	m	6.476	4.696	G0V	0.681
94 Cet	Gl 128A|HD 19994|HR 962|HIP 14954	48.19348	-1.1961	22.882	m	5.135	3.338	G0 V	0.615
Gl 392.1	HD 90089|HR 4084|HIP 51502	157.76938	82.5586	23.022	m	5.297	3.486	F2V	0.395
Gl 570.1	HD 131923|HR 5566|HIP 73241	224.53667	-48.86299	23.153	m	6.427	4.604	G3/5 V	0.783
36 Dra	Gl 708.1|HD 168151|HR 6850|HIP 89348	273.4743	64.39729	23.157	m	5.037	3.214	F5V	0.45
Gl 708.4	HD 168009|HR 6847|HIP 89474	273.88527	45.20932	23.291	m	6.37	4.534	G 2 V	0.701
Gl 284	HD 62644|HR 2998|HIP 37606	115.7379	-45.17312	23.353	m	5.126	3.284	G6 IV	0.858
Gl 3852	HD 127334|HR 5423|HIP 70873	217.40337	41.79591	23.39	m	6.439	4.594	G 5 V	0.803
64 Psc	Gl 34.1|HD 4676|HR 225|HIP 3810	12.24462	16.94065	23.392	m	5.12	3.275	F8V	0.554
HD 212168	HR 8526|HIP 110712	336.46317	-75.01569	23.407	m	6.187	4.34	G3 V	0.652
88 Leo	Gl 3669A|HD 100180|HR 4437|HIP 56242	172.93727	14.3645	23.445	m	6.331	4.481	G 0 V	0.629
HD 167425	HR 6828|HIP 89805	274.9172	-63.88657	23.479	m	6.247	4.394	G0/1 V	0.637
Gl 105.4B		39.89194	-11.87107	23.537	m	5.6	3.741	F5 V	
Gl 162.1	HD 26491|HR 1294|HIP 19233	61.83982	-64.2223	23.595	m	6.447	4.583	G3 V	0.704
23 UMa	Gl 3559|HD 81937|HR 3757|HIP 46733	142.8818	63.06186	23.758	m	3.679	1.8	F0IV	0.367
Gl 871A	HD 214953|HR 8635|HIP 112117	340.65367	-47.2108	23.82	m	6.059	4.174	G0 V	0.614
12 Per	Gl 105.6|HD 16739|HR 788|HIP 12623	40.56214	40.19394	23.926	m	4.961	3.067	F8V	0.651
Gl 245.1	HD 49095|HR 2500|HIP 32366	101.34559	-31.79367	23.933	m	5.972	4.077	F7 V	0.518
27 Cyg	HD 191026|HR 7689|HIP 99031	301.59069	35.97247	23.992	m	5.48	3.58	K0IV	0.989
HD 134060	HR 5632|HIP 74273	227.68643	-61.42232	24.027	m	6.356	4.452	G2 V	0.687
37 Cet	Gl 54.2A|HD 7439|HR 366|HIP 5799	18.60017	-7.92282	24.053	m	5.188	3.282	F3 V	0.459
HD 190422	HR 7674|HIP 99137	301.89622	-55.01602	24.092	m	6.311	4.402	F8/G0 V	0.568
Gl 469.2A	HD 108799|HR 4758|HIP 60994	187.51993	-13.39317	24.296	m	6.488	4.56	G1/2 V	0.61
Gl 3519	HD 76653|HR 3570|HIP 43797	133.79909	-54.96577	24.342	m	5.753	3.821	F6 V	0.51
HD 121560	HR 5243|HIP 68030	208.95831	14.0565	24.51	m	6.227	4.28	F 6 V	0.54
Gl 198	HD 34721|HR 1747|HIP 24786	79.7103	-18.13005	24.704	m	6.017	4.053	G0 V	0.612
Gl 3701	HD 104731|HR 4600|HIP 58803	180.91488	-42.43406	24.731	m	5.196	3.23	F5 V	0.434
HD 195564	HR 7845|HIP 101345	308.09873	-9.85339	24.738	m	5.734	3.767	G6 V	0.773
Gl 398.1	HD 91889|HR 4158|HIP 51933	159.13493	-12.23012	24.754	m	5.765	3.797	G0 V	0.569
44 Oph	Gl 673.1|HD 157792|HR 6486|HIP 85340	261.59257	-24.17531	24.983	m	4.189	2.201	A3MF0 (IV)	0.309
Gl 754.2	HD 181655|HR 7345|HIP 94981	289.91249	37.33054	25.106	m	6.354	4.355	G8V	0.769
5 Ser	HD 136202|HR 5694|HIP 74975	229.82833	1.76541	25.128	m	5.118	3.117	F7/8 V	0.575
Gl 3880	HD 132254|HR 5581|HIP 73100	224.096	49.62845	25.159	m	5.689	3.686	F 8 V	0.559
HD 11262	HR 535|HIP 8514	27.45359	-38.4028	25.177	m	6.428	4.423	F6 V	0.545
Gl 249.1	HD 50223|HR 2548|HIP 32765	102.47756	-46.61456	25.21	m	5.187	3.179	F5 V	0.474
Gl 29	HD 3823|HR 176|HIP 3170	10.10695	-59.4546	25.258	m	5.96	3.948	F6/8 V	0.595
Gl 580.2	HD 136064|HR 5691|HIP 74605	228.65974	67.34672	25.285	m	5.21	3.196	F8V	0.586
78 UMa	HD 113139|HR 4931|HIP 63503	195.18187	56.36634	25.34	m	5.023	3.004	F2V	0.37
68 Eri	Gl 189.2|HD 33256|HR 1673|HIP 23941	77.18208	-4.45621	25.355	m	5.17	3.15	F5 V	0.457
94 Aqr	Gl 894.2A|HD 219834|HR 8866|HIP 115126	349.77777	-13.45855	25.38	m	5.27	3.248	G6/G8IV	0.865
Gl 4116	HD 184960|HR 7451|HIP 96258	293.58246	51.23662	25.431	m	5.768	3.741	F7V	0.518
Gl 862.1	HD 213429|HR 8581|HIP 111170	337.82631	-6.55515	25.518	m	6.223	4.189	F7 V	0.592
Gl 521.2A	HD 119124|HR 5148|HIP 66704	205.0968	50.51942	25.524	m	6.39	4.355	F 7 V	0.568
Gl 226.3	HD 41330|HR 2141|HIP 28908	91.53557	35.38774	25.652	m	6.186	4.14	G0V	0.643
Gl 22.2	HD 3158|HR 140|HIP 2711	8.61596	-52.37309	25.757	m	5.621	3.567	F6 V	0.494
Gl 9219	HD 50806|HR 2576|HIP 33094	103.39143	-28.53979	25.774	m	6.119	4.063	G3/5 V	0.784
Gl 310.1A	HD 72945|HR 3395|HIP 42172	128.96241	6.62023	26.027	m	5.983	3.906	F 8 V	0.556
HD 194012	HR 7793|HIP 100511	305.71821	14.5511	26.041	m	6.208	4.13	F8IB	0.523
HD 20367	HIP 15323	49.41686	31.12705	26.058	m	6.464	4.384	F0	0.617
18 Boo	Gl 3841|HD 125451|HR 5365|HIP 69989	214.81784	13.0043	26.105	m	5.443	3.359	F5IV	0.419
HD 30562	HR 1536|HIP 22336	72.15161	-5.67404	26.144	m	5.836	3.749	G5 V	0.698
HD 38382	HR 1980|HIP 27075	86.11831	-20.12657	26.161	m	6.406	4.318	F8/G0 V	0.609
Gl 4.2A	HD 142|HR 6|HIP 522	1.5799	-49.07519	26.182	m	5.76	3.67	F7 V	0.542
Gl 9417	HD 111456|HR 4867|HIP 62512	192.16444	60.31989	26.184	m	5.885	3.795	F5V	0.504
Gl 279	HD 60532|HR 2906|HIP 36795	113.51327	-22.29607	26.221	m	4.493	2.4	F6V	0.54
72 Oph	Gl 9615A|HD 165777|HR 6771|HIP 88771	271.83744	9.56385	26.229	m	3.722	1.628	A4IVs	0.159
Gl 333.1	HD 77370|HR 3598|HIP 44143	134.85076	-59.08371	26.262	m	5.212	3.115	F3 V	0.439
Gl 732.1	HD 175225|HR 7123|HIP 92549	282.89563	52.9752	26.534	m	5.612	3.493	G 8 IV	0.951
66 Vir	HD 116568|HR 5050|HIP 65420	201.13844	-5.164	26.679	m	5.799	3.668	K2 V	0.447
HD 203454	HR 8170|HIP 105406	320.25594	40.34502	26.689	m	6.45	4.318	F8V	0.587
Gl 81.3	HD 12042|HR 573|HIP 9085	29.24993	-51.76624	26.702	m	6.148	4.015	F6/7 V	0.508
HD 92140	HR 4167|HIP 51986	159.32576	-48.22562	26.714	m	3.872	1.738	A3m+...	0.324
Gl 3188	HD 17948|HR 860|HIP 13665	43.98716	61.52114	26.752	m	5.634	3.497	F 6 VA VW	0.446
37 UMa	HD 91480|HR 4141|HIP 51814	158.79026	57.08264	26.778	m	5.189	3.05	F1V	0.358
Gl 9578	HD 151613|HR 6237|HIP 82020	251.3242	56.78185	26.79	m	4.881	2.741	F2V	0.388
HD 35850	HR 1817|HIP 25486	81.76985	-11.90097	26.843	m	6.358	4.214	F7/8 V	0.586
HD 108309	HR 4734|HIP 60729	186.70059	-48.91319	26.866	m	6.326	4.18	G3/5 V	0.739
89 Leo	Gl 9367|HD 100563|HR 4455|HIP 56445	173.59146	3.06016	26.896	m	5.809	3.661	F6 V	0.497
HD 128429	HR 5455|HIP 71469	219.24906	-12.30534	26.896	m	6.247	4.099	F6/7 V	0.492
Gl 243	HD 48938|HR 2493|HIP 32322	101.21647	-27.34167	26.901	m	6.494	4.345	F7 V	0.564
15 Peg	Gl 4234|HD 207978|HR 8354|HIP 107975	328.12466	28.79354	26.984	m	5.572	3.416	F 5 V	0.449
9 Aur	Gl 187.2A|HD 32537|HR 1637|HIP 23783	76.66929	51.59772	26.987	m	5.014	2.858	F0V	0.342
Gl 9557A	HD 147365|HR 6091|HIP 80008	244.97975	39.70859	26.998	m	5.528	3.371	F 3 V	0.421
Gl 67.1	HD 10800|HR 512|HIP 7601	24.48148	-82.975	27.018	m	5.947	3.789	G1/2 V	0.666
Gl 4126	HD 187923|HR 7569|HIP 97767	298.01432	11.62833	27.025	m	6.23	4.071	G2V	0.706
11 Aqr	HD 199960|HR 8041|HIP 103682	315.141	-4.73026	27.029	m	6.264	4.105	G5/6 V	0.694
1 Hya	Gl 306|HD 70958|HR 3297|HIP 41211	126.14589	-3.75124	27.051	m	5.665	3.504	F5 V	0.483
Gl 9200	HD 41700|HR 2157|HIP 28764	91.1185	-45.0366	27.135	m	6.394	4.226	F8/G0 V	0.569
Gl 31.3	HD 4247|HR 197|HIP 3505	11.18498	-22.00614	27.154	m	5.26	3.091	F0 V	0.347
Gl 224.1	HD 40409|HR 2102|HIP 27890	88.52534	-63.08969	27.324	m	4.759	2.576	K1 III/IV	1.217
59 Dra	Gl 748.1|HD 180777|HR 7312|HIP 94083	287.29115	76.5605	27.37	m	5.144	2.958	F2V	0.318
HD 75332	HR 3499|HIP 43410	132.63426	33.28505	27.382	m	6.272	4.085	F 8 V	0.576
HD 199623	HR 8027|HIP 103673	315.08951	-51.26532	27.427	m	5.814	3.623	F5/6 V	0.49
51 Aql	HD 187532|HR 7553|HIP 97650	297.69493	-10.76351	27.459	m	5.425	3.232	F3 V	0.379
37 Cap	HD 205289|HR 8245|HIP 106559	323.71271	-20.08428	27.506	m	5.744	3.547	F5 V	0.428
16 Lib	Gl 9503|HD 132052|HR 5570|HIP 73165	224.29583	-4.34646	27.514	m	4.503	2.305	F2 V	0.332
21 LMi	Gl 378.3|HD 87696|HR 3974|HIP 49593	151.85734	35.24469	27.532	m	4.498	2.299	A7V	0.209
38 Cas	HD 9021|HR 427|HIP 7078	22.80731	70.2646	27.576	m	5.873	3.67	F 6 V	0.502
Gl 297.1	HD 68456|HR 3220|HIP 39903	122.25277	-61.30241	27.588	m	4.792	2.588	F5 V	0.451
13 Ori	Gl 3334|HD 33021|HR 1662|HIP 23852	76.90964	9.47178	27.589	m	6.246	4.042	G 1 IV	0.681
HD 144585	HR 5996|HIP 78955	241.76403	-14.0713	27.605	m	6.395	4.19	G5 V	0.73
Gl 3115	HD 11007|HR 523|HIP 8433	27.17321	32.6902	27.71	m	5.847	3.634	F 8 V	0.616
HD 88215	HR 3991|HIP 49809	152.52453	-12.81592	27.744	m	5.338	3.122	F2/3 IV/V	0.374
Gl 558.1	HD 128020|HR 5443|HIP 71530	219.44274	-67.93201	27.763	m	6.095	3.878	F7 V	0.541
Gl 3663	HD 99453|HR 4413|HIP 55779	171.42978	-63.97248	27.861	m	5.224	2.999	F7 V	0.524
HD 41742	HR 2158|HIP 28790	91.16711	-45.0789	27.949	m	6.019	3.787	F5 V	0.486
HD 100287	HR 4443|HIP 56280	173.06834	-29.26102	28.087	m	5.644	3.401	F8V	0.574
HD 31675	HR 1594|HIP 23484	75.71015	66.82297	28.111	m	6.251	4.007	F6V:	0.527
6 And	HD 218804|HR 8825|HIP 114430	347.61336	43.54427	28.128	m	5.954	3.708	F5IV	0.476
Gl 496B		195.94012	-20.58335	28.209	e	6.4	4.148		
Gl 496A	HD 113415|HR 4935|HIP 63738	195.94203	-20.58342	28.209	e	6.252	4	F7 V	0.608
Gl 431.1A	HD 100203|HR 4439|HIP 56290	173.08646	61.08252	28.268	m	5.553	3.297	F6V	0.538
HD 182807	HR 7386|HIP 95492	291.35733	24.91277	28.302	m	6.251	3.992	F6V	0.547
49 Lib	Gl 3931|HD 143333|HR 5954|HIP 78400	240.08165	-16.53334	28.355	m	5.512	3.249	F7 V	0.538
HD 224022	HR 9046|HIP 117880	358.66093	-40.30006	28.362	m	6.079	3.815	G0 V	0.632
Gl 9706	HD 198084|HR 7955|HIP 102431	311.33803	57.57973	28.382	m	4.571	2.306	F8IV	0.585
HD 109409	HR 4788|HIP 61379	188.67664	-44.67302	28.46	m	5.839	3.568	G0/2 V	0.753
Gl 855.1B		336.12182	-72.25698	28.467	m	6.1	3.828		
Gl 27.2	HD 3795|HR 173|HIP 3185	10.1367	-23.80486	28.53	m	6.221	3.944	G3/5 V	0.791
111 Her	HD 173880|HR 7069|HIP 92161	281.75528	18.18151	28.573	m	4.356	2.076	AM	0.145
15 UMa	Gl 3534|HD 78209|HR 3619|HIP 44901	137.21794	51.60465	28.628	m	4.479	2.195	Am	0.316
Gl 3449A	HD 59984|HR 2883|HIP 36640	113.02401	-8.88133	28.667	m	5.976	3.689	G5/8 V + (F)	0.561
HD 172555	HR 7012|HIP 92024	281.36209	-64.87126	28.789	m	4.793	2.497	A5 IV/V	0.222
5 Pup	HD 63336|HR 3029|HIP 38048	116.9863	-12.19271	28.8	m	5.731	3.434	F6 V	0.472
19 LMi	Gl 3574|HD 86146|HR 3928|HIP 48833	149.42106	41.05563	28.918	m	5.157	2.851	F5V	0.493
Gl 1109	HD 70060|HR 3270|HIP 40706	124.6388	-36.65929	28.949	m	4.46	2.152	A4(M)A5-A7	0.24
HD 75289	HR 3497|HIP 43177	131.91829	-41.73679	29.024	m	6.408	4.094	G0 V	0.634
