HD 44926	HIP 30569	96.3858	23.44214	284	m	6.756	-0.511	K 1 III	1.292
HD 67276	HIP 39496	121.09717	-54.99539	284	m	7.983	0.716	B9.5 V	-0.007
HD 204160	HIP 105924	321.80549	-19.3118	284	m	8.347	1.08	K0 III	1.35
HD 110636	HIP 62136	191.02124	-54.03519	284.03	m	8.359	1.092	K1 III	1.444
HD 16964	HIP 12865	41.34527	56.56436	284.03	m	8.87	1.603	A0	0.098
HD 34338	HIP 24632	79.27209	9.92728	284.03	m	7.464	0.197	B8	0.015
HD 56701	HIP 35160	109.00258	-45.89578	284.04	m	7.944	0.677	A5/7 III	0.228
HD 103752	HIP 58267	179.24271	2.41216	284.04	m	8.63	1.363	K2 III	1.566
HD 43068	HIP 29557	93.41887	-15.45271	284.05	m	8.149	0.882	A9 V	0.378
HD 73982	HIP 42517	130.03069	-32.27358	284.06	m	8.406	1.139	K1 III	1.318
HD 177935	HIP 93758	286.404	27.40734	284.06	m	8.209	0.942	A0	0.056
HD 194467	HIP 100631	306.07527	37.57543	284.07	m	8.041	0.774	B9V	0.006
HD 103209	HIP 57938	178.22875	-51.08983	284.07	m	8.969	1.702	A8/9 V	0.373
HD 158933	HIP 85513	262.13018	57.11027	284.07	m	8.177	0.91	G5	1.147
HD 257	HIP 600	1.81928	-27.39784	284.07	m	8.621	1.354	K1 III	1.306
HD 385	HIP 620	1.90405	-86.03876	284.08	m	7.378	0.111	B9 IV	-0.01
HD 28535	HIP 20863	67.06294	-38.81804	284.08	m	8.132	0.865	K1 III	1.28
HD 40469	HIP 28892	91.49608	72.39941	284.1	m	8.502	1.235	A0	0.176
HD 107597	HIP 60295	185.458	40.70933	284.11	m	8.089	0.822	G9III	1.143
HD 77877	HIP 44575	136.23181	-4.67421	284.11	m	8.058	0.791	K0 III	1.23
HD 32656	HIP 23712	76.47255	26.42994	284.11	m	6.619	-0.648	B5	0.104
HD 45271	HIP 31002	97.59398	60.14651	284.12	m	6.809	-0.459	B8	0.069
HD 38002	HIP 26893	85.63715	-0.0161	284.13	m	6.948	-0.32	K0 III	1.151
HD 141407	HIP 77626	237.7217	-47.4603	284.15	m	8.469	1.201	F6 III	0.59
HD 197119	HIP 102034	310.15178	31.35796	284.16	m	7.927	0.659	A2	0.11
HD 107284	HIP 60163	185.06289	-53.38836	284.17	m	8.387	1.119	K1/2 III	1.453
HD 139660	HIP 76703	234.93245	-9.61938	284.17	m	8.512	1.244	K0 II/III	1.353
HD 33486	HIP 23663	76.27776	-68.08644	284.18	m	7.846	0.578	A0 IV	-0.024
HD 44899	HIP 29695	93.84324	-76.20056	284.19	m	7.811	0.543	G8 III	1.092
HD 223489	HIP 117518	357.48717	-14.33614	284.2	m	8.142	0.874	F0 V	0.323
HD 187418	HIP 97756	297.99554	-46.86178	284.21	m	8.345	1.077	A7 III(M)	0.306
HD 214389	HIP 111794	339.65311	-47.71018	284.21	m	8.553	1.285	K3 III	1.606
HD 65090	HIP 38689	118.8106	-42.54938	284.22	m	8.716	1.448	A2 V	0.117
HD 161626	HIP 87093	266.93243	-25.18884	284.22	m	8.45	1.182	A0 IV/V	0.304
HD 212438	HIP 110270	335.03821	77.57691	284.25	m	8.288	1.02	A2	0.187
HD 31383	HIP 22888	73.84282	-0.35285	284.25	m	8.149	0.881	A0 (V)	0.02
HD 12496	HIP 9516	30.59719	-7.45816	284.27	m	8.912	1.643	K0 III	1.351
HD 7093	HIP 5539	17.75714	-18.80491	284.3	m	7.323	0.054	K4 III	1.784
HD 12480	HIP 9479	30.48589	-16.56882	284.31	m	7.878	0.609	K3 III	1.59
HD 47520	HIP 31381	98.6911	-62.56197	284.33	m	8.325	1.056	K2 III	1.357
HD 157257	HR 6463|HIP 84938	260.38935	16.73123	284.34	m	6.553	-0.716	M1	1.894
HD 162613	HIP 87580	268.37499	-36.50856	284.35	m	7.997	0.728	AP SI	-0.007
HD 82369	HIP 46499	142.25034	-60.44062	284.35	m	8.499	1.23	K0 III	1.38
HD 166835	HIP 89409	273.6844	-45.59521	284.36	m	7.367	0.098	K5 III	1.882
HD 114607	HIP 64367	197.88742	7.40472	284.38	m	8.116	0.846	K0	1.311
HD 110933	HIP 62251	191.36135	13.41249	284.38	m	8.238	0.968	G5	1.234
HD 170483	HIP 90814	277.87625	-41.06577	284.39	m	8.477	1.207	F2 IV/V	0.367
HD 7511	HIP 5878	18.86783	20.41454	284.4	m	6.993	-0.277	A2	0.082
HD 113106	HIP 63595	195.48383	-46.28512	284.4	m	7.811	0.541	F5 III	0.638
HD 28913	HIP 21146	67.99913	-33.89861	284.41	m	8.106	0.836	A0 V	0.067
HD 193270	HIP 100098	304.60512	30.36748	284.41	m	8.599	1.329	A0	0.09
HD 23783	HIP 17630	56.66646	-32.21144	284.42	m	8.382	1.112	K1 III	1.327
HD 21659	HIP 16141	51.99447	-45.56116	284.42	m	7.983	0.713	K0 III	1.183
HD 77189	HIP 44375	135.57903	38.65661	284.42	m	7.503	0.233	K5III	1.838
HD 45086	HIP 30648	96.60384	22.73822	284.42	m	8.723	1.453	F2	0.459
HD 1149	HIP 1273	3.99386	38.75896	284.47	m	8.169	0.899	G5	1.1
HD 103925	HIP 58339	179.45484	-75.37705	284.48	m	8.991	1.721	K2/3 III	1.601
HD 37941	HIP 26913	85.70355	17.38945	284.48	m	8.319	1.049	K0	1.271
HD 160486	HIP 86301	264.51432	43.5989	284.49	m	7.048	-0.222	A2	0.077
HIP 35107		108.89205	-1.85962	284.49	m	8.88	1.61	G0	0.37
HD 94290	HIP 53057	162.83752	-66.81488	284.49	m	7.454	0.184	B4 V	0.087
HD 165530	HIP 88798	271.89431	-25.5699	284.51	m	8.503	1.233	G6/8 III + A V	1.07
HD 112403	HIP 63192	194.18749	-27.38197	284.52	m	7.28	0.009	K4 III	1.74
HD 157983	HIP 85356	261.63151	0.82212	284.52	m	7.019	-0.252	K0 II	1.529
HD 30341	HIP 22337	72.15983	42.59406	284.54	m	8.591	1.32	K0	1.449
HD 129006	HIP 71710	220.02549	5.06693	284.54	m	7.915	0.644	F0	0.336
HD 126778	HIP 70635	216.72568	28.58901	284.54	m	8.28	1.009	G8IV	1.08
HD 223455	HIP 117436	357.18551	82.98256	284.55	m	8.633	1.362	A2	0.298
HD 122455	HIP 69020	211.94513	-79.25152	284.55	m	8.034	0.763	K0 III	1.361
HD 215267	HIP 112378	341.40934	-66.09981	284.56	m	8.129	0.858	G8 III	1.107
HD 81504	HIP 45803	140.10559	-75.71342	284.56	m	7.402	0.131	B9 V	0.046
HD 108122	HIP 60590	186.27744	37.2208	284.57	m	8.37	1.099	K1III	1.336
HD 62284	HIP 37800	116.26211	41.19461	284.57	m	8.197	0.926	K0	1.208
HD 205199	HIP 106341	323.06144	46.25725	284.59	m	7.368	0.097	A0	-0.036
HD 139404	HIP 75826	232.34961	78.33083	284.59	m	8.523	1.252	K 3 III	1.371
HD 39098	HIP 27614	87.70277	14.44335	284.6	m	6.971	-0.3	B9	-0.069
HD 69730	HIP 40490	124.00611	-49.18529	284.63	m	8.29	1.019	B9.5 V	-0.016
HD 214941	HIP 112091	340.56196	-34.27742	284.65	m	8.079	0.807	K0 III + F/G	0.951
HD 159619	HIP 86295	264.49213	-46.58508	284.66	m	8.72	1.448	F0 IV/V	0.301
HD 85736	HIP 48479	148.31001	-23.68322	284.66	m	8.107	0.835	K0 III	1.193
HD 89776	HIP 50736	155.39756	-3.85944	284.68	m	7.612	0.34	K1 III	1.48
HD 109244	HIP 61501	189.02031	-84.27477	284.68	m	8.28	1.008	B9.5 IV/V	0.087
HD 124766	HIP 69750	214.13315	-43.27493	284.69	m	8.915	1.643	A1 V	0.144
HD 28107	HIP 20554	66.05377	-40.05272	284.69	m	7.346	0.074	B6 V	-0.112
HD 7912	HIP 6063	19.45531	-49.79638	284.69	m	8.572	1.3	K1 III	1.363
HD 187065	HIP 97523	297.31532	-32.96897	284.69	m	8.535	1.263	K0 III	1.382
HD 3211	HIP 2814	8.95288	49.02114	284.7	m	7.053	-0.219	A2	0.671
HD 109178	HIP 61156	187.97493	72.1789	284.71	m	8.07	0.798	A2	0.233
HD 73910	HIP 42569	130.15479	-7.80845	284.71	m	8.313	1.041	K1 III	1.344
HD 214370	HIP 111626	339.19981	47.8837	284.72	m	8.412	1.14	A5	0.378
HD 92364	HIP 52134	159.76694	-44.85005	284.75	m	8.497	1.225	A0 V	0.074
HD 29602	HIP 21732	69.99965	7.27125	284.76	m	8.361	1.089	G5	1.094
HD 195105	HIP 101095	307.39808	-10.00207	284.76	m	8.639	1.367	G8 III/IV	1.064
HD 106323	HIP 59657	183.52265	-51.31437	284.76	m	8.468	1.196	B9.5 V	0.04
HD 206212	HIP 106921	324.81214	46.17542	284.77	m	7.621	0.349	B9	0.091
HD 188061	HIP 97814	298.14873	19.13624	284.78	m	8.322	1.049	K	1.191
HD 150647	HIP 81957	251.14072	-46.78596	284.78	m	8.106	0.833	G8 III	1.145
HD 337	HIP 646	1.99728	-18.68473	284.78	m	7.723	0.45	K1 IV	1.502
HD 203379	HIP 105320	319.97647	53.32211	284.79	m	8.116	0.843	A0	0.006
HD 76239	HIP 43892	134.12185	44.25117	284.8	m	8	0.727	G 8 III	1.205
HD 82641	HIP 46807	143.06911	-36.01843	284.8	m	8.188	0.915	G8 III	1.192
HD 21346	HIP 16165	52.07592	44.37724	284.81	m	6.727	-0.546	K5	1.98
HD 224100	HIP 117925	358.78067	47.72854	284.82	m	7.104	-0.169	K0	1.581
HD 22404	HIP 16841	54.18712	13.29184	284.82	m	8.449	1.176	A0	0.436
HD 211099	HIP 109849	333.72523	-6.73546	284.83	m	7.615	0.342	B8 II	-0.107
HD 114057	HIP 63996	196.71493	60.15487	284.84	m	8.368	1.095	G5	1.232
HD 140030	HIP 76868	235.4482	-8.64554	284.84	m	8.315	1.042	F2/3 V	0.558
HD 7315	HIP 5865	18.80073	69.61532	284.84	m	8.567	1.294	A0	0.276
HD 81560	HIP 46408	141.95765	45.75319	284.86	m	8.105	0.832	K0	1.191
HD 156372	HIP 84900	260.26568	-60.52079	284.86	m	8.435	1.162	K0 III	1.25
HD 13511	HIP 10233	32.8896	-17.743	284.88	m	6.689	-0.584	M1/2 III	1.933
HD 233035	HIP 22873	73.79885	52.46359	284.88	m	8.891	1.618	K2	1.708
HD 9851	HIP 7128	22.95998	-78.06935	284.89	m	7.776	0.503	K2/3 III	1.53
HD 34051	HIP 24540	78.97409	30.49691	284.9	m	7.616	0.343	A2	0.251
HIP 96315		293.75347	29.78364	284.9	e	8.511	1.238	F2V	0.635
HD 172243	HIP 91310	279.38023	37.78065	284.9	m	7.205	-0.068	K5	1.831
HD 1588	HIP 1600	5.0123	-17.70043	284.91	m	6.874	-0.4	K1 III/IV	1.483
HD 177594	HIP 93633	286.00879	33.03768	284.92	m	8.106	0.832	A3	0.214
HD 146101	HIP 79544	243.47437	18.48568	284.92	m	8.293	1.019	F0	0.388
HD 224724	HIP 21	0.06639	8.00723	284.94	m	7.683	0.409	K2	1.705
HD 33752	HIP 24266	78.12135	-0.50953	284.95	m	8.863	1.589	A0 V	0.085
HD 120993	HIP 67933	208.68056	-61.33449	284.95	m	7.168	-0.106	B8 III	0.003
HD 11301	HIP 8388	27.0473	-69.72931	284.96	m	8.436	1.162	K2 III	1.372
HD 99685	HIP 48752	149.15626	-89.78243	284.96	m	7.834	0.56	A0 IV	0.13
25 Sco	HD 151179|HR 6225|HIP 82140	251.71394	-25.52857	284.98	m	6.852	-0.422	K0 II	1.364
HD 156756	HIP 84585	259.35308	42.47931	284.98	m	8.513	1.239	K0	1.239
HD 110527	HIP 62035	190.73147	-13.63102	284.99	m	7.771	0.497	K2 III	1.514
HD 112865	HIP 63445	195.01273	-36.18218	285	m	7.124	-0.15	K3 III	1.724
HD 97762	HIP 54833	168.38622	-70.63785	285.01	m	8.019	0.745	B9 III	-0.007
HD 99403	HIP 55836	171.66624	37.72503	285.01	m	8.333	1.059	K0	1.307
HD 190162	HIP 98419	299.95614	63.77243	285.01	m	7.998	0.724	G5	1.179
HD 78194	HIP 44784	136.91421	28.00586	285.02	m	8.099	0.825	K1II	1.223
HD 36193	HIP 26180	83.72131	65.11485	285.02	m	8.602	1.328	A0	0.141
HD 48231	HIP 32182	100.78736	17.9632	285.02	m	7.946	0.672	A3	0.246
HD 211863	HIP 110325	335.18548	-34.51657	285.03	m	7.058	-0.216	K1 III	1.365
HD 71734	HIP 41562	127.11329	-14.98441	285.05	m	8.405	1.13	A0 V	0.132
HD 141848	HIP 77589	237.61554	21.24787	285.05	m	8.814	1.539	K0	1.3
HD 194491	HIP 100980	307.10874	-55.17748	285.05	m	7.995	0.72	K0 III	1.332
HD 114370	HIP 64385	197.93872	-68.91693	285.05	m	8.013	0.738	A6 V	0.394
HD 86338	HIP 48898	149.6243	29.53443	285.06	m	8.14	0.865	K0	1.167
HD 215183	HIP 112174	340.7754	23.03256	285.07	m	7.987	0.712	G 9 III	1.14
HD 190367	HIP 98903	301.26145	-11.96394	285.08	m	8.409	1.134	A9 V	0.401
HD 236657	HIP 5670	18.21526	55.93875	285.08	m	8.616	1.341	A0	0.205
HD 158932	HIP 86145	264.06473	-63.19349	285.1	m	8.103	0.828	K0 III	1.23
HD 171957	HR 6989|HIP 91369	279.51867	-14.00478	285.1	m	6.575	-0.7	B8 II/III	0.146
HD 223870	HIP 117787	358.30027	5.15754	285.1	m	8.178	0.903	G8 III	1.207
HD 6722	HIP 5287	16.90819	-27.72169	285.13	m	8.1	0.825	G8 III	1.243
HD 239355	HIP 99715	303.50272	55.95315	285.13	m	8.853	1.578	A7	0.373
HD 130295	HIP 72401	222.04518	-30.4144	285.14	m	8.511	1.236	K0 III	1.228
HD 138400	HIP 76248	233.627	-56.51937	285.14	m	8.616	1.341	B9 V	0.124
HD 177514	HIP 93706	286.22025	4.54276	285.15	m	8.718	1.443	B9 V	0.288
HD 7076	HIP 5557	17.81765	14.69174	285.15	m	8.08	0.805	K0	1.136
HD 21901	HIP 16194	52.16151	-61.18953	285.17	m	8.458	1.183	K1 II	1.378
HD 32202	HIP 23404	75.44859	11.37529	285.17	m	7.177	-0.099	B8	0.031
HD 110042	HIP 61648	189.57172	72.12632	285.17	m	8.328	1.052	A0	0.006
HD 213741	HIP 111564	339.02789	-70.96383	285.19	m	7.276	0	K2 III	1.559
HD 159286	HIP 86200	264.23563	-55.13788	285.19	m	7.688	0.412	AP SICR	0.054
HD 26817	HIP 19723	63.40332	-25.52927	285.19	m	7.771	0.495	K0 III	1.345
HD 210768	HIP 109769	333.50937	-55.29911	285.19	m	8.116	0.84	A0 IV	0.11
HD 178001	HIP 93595	285.91474	57.45719	285.19	m	8.46	1.184	A0	0.045
HD 20726	HIP 15637	50.33247	30.27798	285.2	m	8.382	1.106	K0	1.313
HD 47632	HIP 31899	100.01503	12.37507	285.21	m	7.896	0.62	B9	-0.006
HD 71169	HIP 41358	126.56681	9.54315	285.22	m	8.13	0.854	K0	1.164
HD 21110	HIP 15953	51.34967	31.7311	285.22	m	7.466	0.19	K 4 III-IV	1.808
HD 200501	HIP 104099	316.35268	-44.72423	285.23	m	8.826	1.55	K0 III	1.25
HD 83254	HIP 46849	143.20476	-72.67612	285.23	m	7.7	0.424	A2 V	0.148
HD 150915	HIP 82173	251.83295	-57.46082	285.25	m	7.705	0.429	A0 IV	0.108
HD 85270	HIP 48309	147.72958	8.12733	285.25	m	7.793	0.517	G5	1.098
HD 83604	HIP 47409	144.90683	-4.21273	285.26	m	8.192	0.916	B8 V	-0.04
HD 106382	HIP 59661	183.52855	60.44965	285.26	m	8.231	0.955	K0	1.332
HD 97271	HR 4342|HIP 54630	167.72831	-58.45525	285.27	m	6.863	-0.413	B7 III	-0.109
HD 23967	HIP 17883	57.37768	8.46701	285.28	m	8.365	1.089	G5	1.273
HD 175082	HIP 92616	283.07203	33.35791	285.31	m	8.646	1.369	A0	0.017
HD 37659	HIP 26687	85.07127	0.97237	285.31	m	8.883	1.606	A1 V	0.127
HD 45356	HIP 30702	96.76483	3.38415	285.32	m	8.41	1.133	G8 IV	1.047
HIP 78278		239.74195	24.6214	285.33	m	8.902	1.625	K0	1.153
HD 79961	HIP 45459	138.96416	-37.62929	285.34	m	7.211	-0.066	K1/2 III	1.539
HD 173366	HIP 91829	280.8414	35.54873	285.34	m	8.908	1.631	A5	0.289
HD 68540	HIP 39952	122.38208	-60.22068	285.38	m	8.513	1.236	G6 III/IV	1.067
HD 199440	HIP 103353	314.09714	27.50393	285.38	m	8.224	0.947	K1III	1.23
HD 208020	HIP 107477	326.53872	80.70973	285.39	m	8.345	1.068	F2	0.32
HD 5279	HIP 4306	13.79056	46.88292	285.41	m	7.868	0.591	K0	1.16
HD 159711	HIP 85612	262.42262	71.27032	285.42	m	8.598	1.321	A0	0.182
HD 182776	HIP 95714	292.0232	-40.83471	285.42	m	8.518	1.241	K2/3 III	1.447
HD 77049	HIP 43700	133.50059	-74.88493	285.42	m	7.59	0.313	K2 III	1.55
HD 218724	HIP 114332	347.33411	61.65638	285.43	m	8.059	0.781	A0	0.014
HD 121834	HIP 68300	209.72161	-42.70312	285.43	m	8.449	1.171	A3 III	0.231
HD 45861	HIP 30858	97.18958	-28.00012	285.44	m	8.137	0.859	K0 III	1.237
HD 145953	HIP 90987	278.38413	-89.13753	285.44	m	8.188	0.91	K0 III (+ A)	1.224
HD 49545	HIP 32641	102.13867	-10.84954	285.45	m	8.732	1.454	B9 V	0.028
HD 157263	HIP 85053	260.73615	-20.21521	285.46	m	7.986	0.708	K0 III	1.542
HD 23802	HIP 17845	57.28041	32.26426	285.47	m	7.599	0.321	B 5 VN	0.148
HD 172238	HIP 91584	280.14946	-33.85682	285.47	m	7.204	-0.074	K2 III	1.614
HD 103572	HIP 58134	178.85052	-60.00177	285.47	m	8.376	1.098	K0 III	1.334
HD 176209	HIP 93022	284.26269	45.85595	285.48	m	7.376	0.098	A0	0.066
HD 133445	HIP 73590	225.63043	51.61961	285.48	m	7.372	0.094	K5	1.69
HD 30632	HIP 22486	72.56382	19.92346	285.5	m	8.661	1.383	K0	1.359
HD 127477	HIP 70997	217.80815	17.0596	285.5	m	8.828	1.55	F8	0.279
HD 5963	HIP 4719	15.14719	-36.23824	285.51	m	7.141	-0.137	K4 III	1.72
HD 174018	HIP 92003	281.28729	57.11572	285.54	m	7.774	0.496	K0	1.057
HD 40624	HIP 27966	88.73739	-65.88352	285.55	m	7.915	0.637	A0 V	-0.018
HD 138675	HIP 76301	233.79676	-43.83894	285.55	m	7.938	0.66	A5 IV	0.324
HD 15841	HIP 11434	36.86862	-75.74035	285.55	m	7.215	-0.063	K0 III	1.336
HD 9889	HIP 7505	24.18136	7.83153	285.59	m	6.608	-0.671	M1	1.905
HD 45898	HIP 31274	98.37989	57.02284	285.59	m	8.6	1.321	A2	0.243
HD 67148	HIP 39913	122.27585	51.31664	285.6	m	8.473	1.194	A2	0.071
HD 183925	HIP 96154	293.26318	-30.3628	285.6	m	6.94	-0.339	K5 III	1.917
HD 45815	HIP 30708	96.78792	-47.82124	285.62	m	8.105	0.826	FM DELTA DEL	0.277
HD 57911	HIP 35747	110.59828	-24.9039	285.63	m	7.168	-0.111	K3 III	1.701
HD 84977	HIP 48053	146.93199	-40.85482	285.63	m	8.565	1.286	F0 IV	0.312
HD 232279	HIP 3782	12.15157	54.16061	285.63	m	8.761	1.482	K2	1.381
HD 73207	HIP 41902	128.16171	-68.86446	285.64	m	8.469	1.19	K1 III	1.396
HIP 114807		348.84367	25.86077	285.66	m	8.369	1.09	G5	1.068
HD 235239	HIP 100803	306.58569	53.78997	285.7	m	8.207	0.927	K2	1.285
HD 6958	HIP 5437	17.39159	-40.14224	285.71	m	8.89	1.61	A2 IV/V	0.076
HD 118841	HIP 66638	204.89395	-10.11388	285.71	m	8.112	0.832	K1 III	1.367
HD 219259	HIP 114758	348.68518	-25.56316	285.71	m	8.049	0.769	G8/K0 III	1.204
HD 215955	HIP 112611	342.11414	31.10069	285.71	e	7.448	0.168	B9	0.057
HD 6015	HIP 4916	15.78063	70.32193	285.73	m	8.061	0.781	A0	0.123
HD 53053	HIP 34076	106.00647	8.24987	285.73	m	7.893	0.613	G5	1.109
HD 15099	HIP 11230	36.13211	-45.14167	285.73	m	8.212	0.932	K0 III	1.183
HD 107324	HIP 60156	185.04342	41.40688	285.74	m	8.936	1.656	F 0 V	0.354
HD 150558	HIP 81766	250.52956	-6.936	285.77	m	8.581	1.301	K3 III	1.959
HD 165457	HIP 89351	273.48669	-74.31038	285.77	m	8.333	1.053	A0 V	0.063
HD 2848	HIP 2468	7.835	-56.24153	285.78	m	8.237	0.957	K1 III	1.29
HD 15436	HIP 11662	37.60408	45.43163	285.78	m	7.454	0.174	G5	1.16
HD 36689	HR 1867|HIP 25700	82.32217	-62.31426	285.81	m	6.775	-0.505	K4/5 III	1.839
HD 48628	HIP 32185	100.79125	-28.35278	285.82	m	7.3	0.02	A0 IV	0.064
HD 149956	HIP 81319	249.132	36.03993	285.83	m	7.265	-0.016	M1	1.791
HD 66435	HR 3155|HIP 39299	120.52556	-37.05004	285.84	m	6.524	-0.757	M3 III	1.88
HD 191686	HIP 99973	304.23609	-72.18439	285.84	m	8.212	0.931	K0 III	1.245
HD 29529	HIP 21674	69.79042	2.12935	285.84	m	8.434	1.153	K0 III/IV	1.325
HD 138216	HIP 75920	232.59917	12.00002	285.85	m	7.29	0.009	K0	1.446
HD 190103	HIP 98849	301.10645	-27.74764	285.85	m	7.656	0.375	K4 III	1.808
HD 68309	HIP 40226	123.23635	30.44316	285.85	m	8.769	1.488	A5	0.258
HD 201979	HIP 104710	318.1604	18.13235	285.85	m	8.921	1.64	A0	0.098
HD 74104	HIP 42543	130.08776	-42.35318	285.85	m	7.796	0.515	(G)	0.839
HD 58886	HIP 36136	111.66151	-23.08205	285.86	m	7.405	0.124	A0 V	-0.013
HD 115256	HIP 64696	198.9016	28.74198	285.89	m	7.414	0.133	K2III	1.577
HD 10605	HIP 8053	25.84427	-0.57257	285.89	m	8.39	1.109	G8/K0 III/IV	1.278
HD 59642	HIP 36793	113.51195	57.25833	285.89	m	7.946	0.665	K 1 III-IV	1.315
HD 113609	HIP 63811	196.18586	9.44974	285.91	m	8.237	0.956	K0	1.219
HD 1421	HIP 1470	4.57716	-2.0148	285.92	m	7.331	0.05	K2 III	1.554
HD 72174	HIP 41752	127.70717	-17.46431	285.93	m	8.891	1.61	G8 IV/V	1.146
HD 17443	HIP 13330	42.88655	67.81504	285.93	m	8.783	1.502	B 9 V	0.335
HD 212324	HIP 110575	336.00834	-31.47848	285.95	m	8.675	1.394	K2 III	1.418
HD 87870	HIP 49610	151.88404	-22.48961	285.95	m	7.255	-0.026	M4 III	1.73
HD 156144	HIP 84412	258.85708	14.91136	285.95	m	8.385	1.104	K0	1.19
HD 98090	HIP 55095	169.20208	-14.50834	285.95	m	7.513	0.232	K2/3 III	1.544
HD 132357	HIP 73185	224.36612	40.16172	285.97	m	8.268	0.986	F0	0.311
HD 168802	HIP 90157	275.97847	-44.96943	285.97	m	8.775	1.493	F2/3 III/IV	0.384
HD 94805	HIP 53381	163.75534	-68.33117	285.97	m	8.177	0.895	B9.5 IV/V	0.081
HD 81794	HIP 46431	142.02952	10.21794	285.98	m	8.429	1.147	K2	1.482
HD 104173	HIP 58499	179.95383	-68.33444	286	m	8.039	0.757	B8 V	-0.003
HD 41042	HIP 28673	90.81332	12.61769	286.01	m	7.375	0.093	B9	-0.049
HD 16384	HIP 12382	39.84984	50.11965	286.01	m	8.665	1.383	A2	0.285
HD 2171	HIP 2059	6.51721	44.1766	286.02	m	8.593	1.311	K2	1.532
HD 89585	HIP 50559	154.91355	-30.99567	286.02	m	7.493	0.211	G8 III/IV	1.041
HD 26575	HR 1299|HIP 19509	62.69113	-35.27379	286.05	m	6.574	-0.708	K2 III(P)	1.253
HD 221725	HIP 116308	353.48181	67.63447	286.05	m	8.565	1.283	A3	0.276
HD 136999	HIP 75611	231.72961	-62.76579	286.06	m	7.757	0.475	B9.5 V	0.044
HD 56429	HIP 35187	109.08002	-16.71669	286.09	m	8.002	0.719	A0 III/IV	0.179
HD 42566	HIP 29306	92.66949	-20.35191	286.1	m	8.252	0.969	B9 V	-0.03
HD 39884	HIP 28027	88.91159	4.74659	286.1	m	8.562	1.279	A0 V	-0.003
HD 109890	HIP 61691	189.68764	-53.61784	286.11	m	8.988	1.705	A2 V	0.128
HD 118668	HIP 66440	204.30299	52.59306	286.11	m	6.91	-0.373	K5	1.802
HD 78887	HIP 45105	137.84111	25.41994	286.11	m	8.101	0.818	K0II	1.243
HD 38468	HIP 27006	85.92898	-45.62115	286.11	m	8.026	0.743	K0	1.147
HD 86623	HIP 48978	149.8891	-7.85653	286.13	m	8.146	0.863	G6 III	1.087
HD 109649	HIP 61499	189.00518	32.00405	286.13	m	7.499	0.216	K2III	1.594
HD 187323	HIP 97479	297.1912	18.3688	286.14	m	8.289	1.006	B5	0.085
HD 47813	HIP 32016	100.32993	19.96685	286.15	m	8.247	0.964	A0	0.166
HD 133684	HIP 74254	227.63236	-71.66449	286.15	m	7.312	0.029	K1 III	1.304
HD 185678	HIP 96838	295.26899	-23.65021	286.16	m	8.54	1.257	K0 III	1.315
HD 56752	HIP 35249	109.25269	-33.04618	286.17	m	7.788	0.505	B9 V	-0.02
HD 180987	HIP 95153	290.39542	-55.37793	286.17	m	7.926	0.643	G8 III	1.055
HD 35756	HIP 25345	81.32072	-36.49552	286.17	m	8.214	0.931	K0 III	1.056
HD 5936	HIP 4685	15.04621	-50.52405	286.19	m	7.687	0.404	K0/1 III	1.397
HD 56327	HIP 35349	109.52283	34.95169	286.2	m	8.157	0.874	F2	0.413
HD 92558	HIP 52317	160.35488	20.55316	286.21	m	8.074	0.791	A2	0.148
HD 729	HIP 936	2.89872	-5.06816	286.21	m	8.435	1.152	K0 III	1.293
HD 25149	HIP 18495	59.30249	-52.74749	286.22	m	8.331	1.048	K2 IIICNII	1.302
HD 52122	HIP 33976	105.75464	54.04874	286.22	m	8.302	1.018	F5	0.502
HD 112754	HIP 63334	194.67948	27.11949	286.22	m	8.944	1.66	G 4 II	1.097
HD 21025	HIP 16437	52.92232	78.01447	286.23	m	7.449	0.165	K0	1.443
HD 134657	HIP 74552	228.49659	-61.34294	286.23	m	6.72	-0.564	B5 III	-0.073
HD 38966	HIP 27475	87.27382	-8.40563	286.24	m	8.977	1.693	F3 V	0.483
HD 32007	HIP 23230	74.97456	-7.82242	286.26	m	8.47	1.186	B9.5 V	0.031
HD 223859	HIP 117777	358.2793	-6.64992	286.27	m	8.525	1.241	K2 III	1.51
HD 71673	HIP 41383	126.63969	-48.69043	286.28	m	8.484	1.2	K1 III	1.295
HD 76082	HIP 43693	133.49501	-0.612	286.28	m	8.569	1.285	K1 III	1.259
HD 151561	HIP 82326	252.31628	-29.12226	286.29	m	8.156	0.872	A4 V	0.224
HD 109518	HIP 61271	188.34663	80.94479	286.3	m	8.285	1.001	G5	1.084
HD 42409	HIP 29279	92.59087	-2.00731	286.33	m	7.997	0.713	G8/K0 III + (F)	0.961
HD 20664	HIP 15560	50.11172	24.5432	286.33	m	7.442	0.158	K0	1.408
HD 48230	HIP 32225	100.90902	28.40172	286.33	m	8.368	1.084	G5	1.332
HIP 5515		17.64905	43.77533	286.34	m	8.805	1.521	F5	0.498
HD 58545	HIP 36645	113.04911	71.36374	286.35	m	7.388	0.103	K2	1.642
HD 144663	HIP 79049	242.02993	-27.73043	286.36	m	7.376	0.091	K4/5 III	1.948
HD 35657	HIP 25432	81.59327	0.79809	286.37	m	8.303	1.018	A0/1 V	0.092
HD 126676	HIP 70621	216.69747	8.38173	286.38	m	7.419	0.134	A0	0.009
HD 901	HIP 1069	3.31445	-26.32533	286.38	m	7.579	0.294	K1/2 III	1.526
HD 41513	HIP 28800	91.20463	-19.49005	286.4	m	8.135	0.85	B9.5 V	-0.053
HD 117905	HIP 66137	203.36467	-8.43582	286.41	m	7.737	0.452	K0 III	1.196
HIP 43779		133.75049	14.72811	286.41	m	8.168	0.883	K5	1.459
HD 33331	HIP 23833	76.85802	-44.82169	286.42	m	6.878	-0.407	B5 III	-0.09
HD 54615	HIP 34695	107.79511	38.19489	286.42	m	8.224	0.939	K0	1.239
HD 7541	HIP 5888	18.9047	8.76792	286.42	m	8.267	0.982	G5	1.088
HD 189107	HIP 98186	299.29439	30.85632	286.43	m	7.5	0.215	B8V	-0.061
HD 149961	HIP 81527	249.77947	-28.90402	286.44	m	8.689	1.404	G8 III	1.254
HD 72996	HIP 42048	128.55368	-42.10253	286.44	m	7.403	0.118	K1 III	1.455
HD 106374	HIP 59681	183.57535	-33.77912	286.45	m	7.402	0.117	A(P SRCREU)	0.244
HD 187139	HIP 97315	296.65235	43.76337	286.46	m	8.157	0.872	B8	0.008
HD 1767	HIP 1707	5.37898	-65.75166	286.47	m	7.399	0.114	K2 III	1.489
HD 11146	HIP 8386	27.03113	-56.39092	286.5	m	8.363	1.077	K0 III	1.233
HD 190536	HIP 98817	301.02021	34.31474	286.5	m	7.806	0.52	G5II	1.219
HD 91713	HIP 51800	158.75825	-26.38175	286.5	m	7.731	0.445	K1 III	1.358
HD 98945	HIP 55610	170.89637	51.48667	286.51	m	8.663	1.377	K0	1.08
HD 205981	HIP 107065	325.26607	-57.73817	286.55	m	7.962	0.676	K2 III	1.519
HD 44666	HIP 30132	95.11232	-49.10432	286.55	m	6.932	-0.354	K1 III	1.426
HD 124532	HIP 69268	212.70966	70.06382	286.56	m	8.038	0.752	K0	1.117
HD 2078	HIP 1967	6.224	-16.02827	286.58	m	8.199	0.913	G5/6 III	1.037
HD 13685	HIP 10691	34.39601	73.34011	286.58	m	8.202	0.916	A0	0.157
HD 101977	HIP 57245	176.07679	39.0068	286.59	m	8.828	1.542	F0	0.37
HD 23420	HIP 17352	55.70956	-50.08391	286.59	m	8.717	1.431	F2 V	0.415
HD 125791	HIP 70329	215.8463	-52.78149	286.6	m	8.423	1.137	K0 III	1.312
HD 157416	HIP 85171	261.08208	-29.87042	286.61	m	7.628	0.342	B9 III	0.054
HD 98746	HIP 55506	170.52288	35.33714	286.62	m	8.054	0.767	K0	1.206
HD 217144	HIP 113441	344.6278	3.44774	286.62	m	8.818	1.531	K1 III	1.283
HD 34636	HIP 24850	79.91242	15.786	286.63	m	8.391	1.104	A 2 V	0.273
HD 202091	HIP 104748	318.3191	16.91901	286.63	m	7.478	0.191	K2	1.658
HD 166330	HIP 88587	271.31279	65.72348	286.65	m	7.084	-0.203	A0	0.038
HD 66899	HIP 39703	121.73394	34.77446	286.65	m	8.144	0.857	K0	1.277
HD 219684	HIP 114828	348.90177	79.23287	286.66	m	7.861	0.574	A0	0.059
HD 75842	HIP 43613	133.24475	16.35688	286.66	m	7.915	0.628	G5	1.134
HD 46513	HIP 31514	98.98619	41.92249	286.66	m	8.955	1.668	A2	0.292
HD 24485	HIP 18186	58.36054	-8.01522	286.68	m	8.005	0.718	G8 III/IV	1.148
HD 10271	HIP 7623	24.54894	-67.57014	286.68	m	8.259	0.972	G6 III	1.071
HD 212081	HIP 110406	335.44336	-6.18135	286.7	m	7.893	0.606	M2 III	1.926
HD 219075	HIP 114659	348.40614	-49.14502	286.76	m	8.436	1.148	K2/3 III	1.559
HD 77573	HIP 44429	135.78432	-8.98988	286.77	m	8.489	1.201	A3 II/III	0.245
HIP 75157		230.38574	40.16419	286.77	m	8.512	1.224	K0	1.218
HD 150035	HIP 81566	249.8815	-27.2856	286.79	m	8.724	1.436	AP CREUSR	0.251
HD 26220	HIP 19802	63.68162	71.21542	286.8	m	8.04	0.752	A0	0.122
HD 200309	HIP 103674	315.10573	55.77219	286.82	m	8.373	1.085	K2	1.44
HD 84752	HIP 47964	146.62786	-31.27448	286.82	m	7.863	0.575	K0 III	1.248
HD 191934	HIP 99627	303.28712	-24.86762	286.82	m	8.974	1.686	B9.5/A0 V	0.186
HD 46701	HIP 31914	100.04167	67.32346	286.83	m	8.062	0.774	B9	0.007
HD 35111	HIP 25106	80.63166	2.98331	286.85	m	7.809	0.521	A3 IV/V	0.211
HD 191687	HIP 99238	302.16909	53.33647	286.85	m	8.037	0.749	K2	1.099
HD 204044	HIP 105887	321.67827	-29.01309	286.87	m	8.271	0.983	K0 III	1.23
HD 685	HIP 909	2.81531	7.94814	286.87	m	7.806	0.518	K2	1.351
HIP 15283		49.29843	15.40663	286.88	m	8.616	1.327	K0	1.32
HD 201548	HIP 104480	317.48967	11.1075	286.88	m	8.604	1.315	A2	0.215
HD 69030	HIP 40471	123.95491	20.74585	286.89	m	8.272	0.983	K0	1.277
HD 48003	HIP 31580	99.13895	-64.69853	286.89	m	8.309	1.02	G6 III	1.013
HD 114662	HIP 64419	198.04135	-20.88442	286.9	m	7.764	0.475	K0 IIICNII	1.397
HD 23317	HIP 17417	55.97832	-7.88253	286.9	m	7.759	0.47	G8 III	1.101
HD 149241	HIP 80993	248.11202	27.70947	286.9	m	7.898	0.609	K5III	1.827
HD 183613	HIP 95761	292.15985	41.19823	286.92	m	8.872	1.583	A	0.246
HD 102903	HIP 57764	177.68629	-40.86568	286.93	m	8.639	1.35	K1 III	1.275
HD 77491	HIP 44206	135.06917	-57.46095	286.95	m	8.431	1.142	K2 III	1.42
HD 205239	HIP 106437	323.37277	23.04957	286.95	m	8.102	0.813	F2	0.368
HD 29996	HIP 22174	71.56478	49.94819	286.96	m	8.432	1.143	K0	1.194
HD 30055	HIP 22769	73.47049	77.56593	286.97	m	8.004	0.715	A0	0.269
HD 19643	HIP 15463	49.85027	80.3339	286.98	m	8.338	1.049	G5	1.311
HD 16746	HIP 12663	40.67326	48.36299	286.98	m	8.257	0.968	A2	0.226
HD 200892	HIP 104089	316.32825	33.49494	286.99	m	8.029	0.74	A0	0.047
HD 168082	HIP 89744	274.7214	-21.4609	286.99	m	8.675	1.386	B9.5 V	0.152
HD 146270	HIP 79893	244.61068	-56.67301	287	m	8.849	1.56	K0 III	1.432
HD 204968	HIP 106312	322.97925	5.29322	287	m	7.454	0.165	K2 III	1.551
HD 108894	HIP 61046	187.6782	5.07419	287.01	m	8.175	0.886	K0	1.241
HD 14712	HIP 11062	35.59459	0.19227	287.01	m	8.41	1.121	K0 III	1.274
HD 180658	HIP 94644	288.88758	41.59291	287.02	m	8.309	1.019	K0	1.255
HD 142477	HIP 77898	238.61638	9.31389	287.03	m	8.393	1.103	K2	1.345
HD 69256	HIP 40333	123.53129	-46.64481	287.03	m	8.281	0.991	K0 III	1.243
HD 198178	HIP 102818	312.45	-36.85505	287.03	m	8.074	0.784	K0 III	1.215
HD 159831	HIP 84525	259.1831	83.70033	287.03	m	8.31	1.02	A2	0.164
HD 139094	HIP 76473	234.27869	-26.49238	287.04	m	7.385	0.095	B8 IV/V	0.097
HD 183309	HIP 95855	292.43078	-21.33876	287.06	m	8.281	0.991	K0 III	1.16
HD 26004	HIP 19149	61.5677	-19.51339	287.06	m	7.757	0.467	K0 III	1.382
HD 93861	HIP 52994	162.61134	26.51018	287.06	m	8.983	1.693	K0	1.069
HD 28629	HIP 21084	67.78348	7.33221	287.07	m	7.896	0.606	A3	0.37
HD 64339	HIP 38440	118.12523	-24.92683	287.09	m	8.346	1.056	B9.5 V	-0.009
HD 167108	HIP 89340	273.43072	0.68526	287.09	m	8.113	0.823	G8 III	1.129
HD 56978	HIP 35287	109.3572	-39.02476	287.1	m	7.349	0.059	B7/8 V	-0.092
HD 15391	HIP 11504	37.07945	-11.71635	287.1	m	8.725	1.435	G8 III/IV	1.083
HD 173371	HIP 91987	281.23298	-0.37343	287.1	m	6.877	-0.413	B9 III	-0.029
HD 1059	HIP 1194	3.7347	21.54212	287.11	m	7.277	-0.013	K2	1.731
HD 182969	HIP 95881	292.50586	-53.61861	287.11	m	7.841	0.551	B9 IV/V	-0.042
HD 126720	HIP 70613	216.65895	21.58962	287.13	m	8.215	0.925	K2	1.301
HD 7428	HIP 5757	18.47255	-36.18511	287.13	m	8.494	1.204	K1 III	1.289
HD 189582	HIP 98513	300.20254	-4.31158	287.16	m	7.737	0.446	K4 III	2.126
HD 7432	HIP 5890	18.92003	59.29211	287.17	m	8.565	1.274	A2V	0.144
HD 16907	HIP 12906	41.47843	65.7264	287.17	m	8.394	1.103	B 9 V	0.119
HD 190592	HIP 98912	301.27566	17.87873	287.18	m	7.97	0.679	A2	0.172
HD 95959	HIP 54113	166.08793	14.7248	287.18	m	7.978	0.687	K0III	1.105
HD 90930	HIP 51455	157.6464	37.035	287.19	m	8.14	0.849	G5	1.088
HD 59925	HIP 36725	113.30295	26.11379	287.19	m	8.356	1.065	A2	0.108
HD 129051	HIP 71815	220.35037	-33.95039	287.19	m	8.7	1.409	K0 III	1.188
HD 81153	HIP 46001	140.72933	-34.87398	287.19	m	7.832	0.541	A2 IV	0.096
HD 31082	HIP 23966	77.27279	82.51415	287.19	m	8.192	0.901	K0	1.115
HD 139514	HIP 76607	234.67417	-1.78692	287.2	m	8.436	1.145	G8 IV	1.143
HD 168497	HIP 89188	273.02549	74.33404	287.21	m	8.019	0.728	K5	1.489
HD 221303	HIP 116031	352.66654	43.97574	287.21	m	8.418	1.127	K0	1.107
HD 12316	HIP 9430	30.28202	12.80835	287.21	m	8.338	1.047	A0	0.088
HD 74699	HIP 43184	131.95653	54.39742	287.24	m	8.739	1.448	A0	0.219
HD 121781	HIP 68120	209.19255	35.45631	287.24	m	8.941	1.65	A 1 V	0.099
HD 127363	HIP 71101	218.09795	-47.75173	287.24	m	8.781	1.49	G2/3 IV	0.795
HD 192732	HIP 99830	303.83504	30.02043	287.24	m	7.946	0.655	K0III	1.185
HD 143514	HIP 78368	239.99177	21.62192	287.26	m	7.756	0.465	K2	1.687
HD 81771	HIP 46040	140.84462	-71.80862	287.29	m	7.791	0.499	A4 V	0.225
HD 148527	HR 6138|HIP 82076	251.47393	-83.23987	287.29	m	6.746	-0.546	K4 III	1.882
HD 201818	HIP 104561	317.70931	39.2061	287.29	m	8.309	1.017	K2	1.373
HD 93332	HIP 52665	161.53563	-23.43259	287.3	m	7.728	0.436	A7 V	0.264
HD 112134	HIP 63001	193.64394	-40.16979	287.3	m	8.412	1.12	K1 IIICNII	1.343
HD 159542	HIP 85844	263.13621	52.0945	287.3	m	8.065	0.773	K0	1.17
HD 197018	HR 7911|HIP 101949	309.88878	40.57953	287.3	m	6.727	-0.565	B 6 IIIP MN	-0.131
HD 103685	HIP 58221	179.11173	14.18623	287.31	m	6.905	-0.387	K0	1.768
HD 5006	HIP 4100	13.15835	45.1334	287.31	m	7.661	0.369	M1	1.849
HD 57184	HIP 35529	109.98782	-4.58335	287.32	m	7.849	0.557	A2 IV	0.112
HD 56844	HIP 35446	109.77401	10.31496	287.33	m	7.389	0.097	A2	0.193
HD 40629	HIP 28495	90.22726	19.81411	287.33	m	8.671	1.379	A2	0.218
HD 58257	HIP 35870	110.92877	-28.41122	287.35	m	7.796	0.504	F0/2 IV(M)	0.394
HD 12872	HR 614|HIP 9809	31.5511	8.24811	287.38	m	6.5	-0.792	M4	1.935
HD 57301	HIP 35447	109.77723	-35.18423	287.4	m	7.805	0.513	A0 V	0.003
HD 98035	HIP 55053	169.05286	-37.82638	287.42	m	8.61	1.317	F2 V	0.474
HD 195545	HIP 101272	307.91697	10.53184	287.42	m	8.999	1.706	F8	0.553
HD 199548	HIP 103387	314.19243	35.77457	287.43	m	8.967	1.674	A0	0.14
HD 32145	HIP 23328	75.27509	3.71733	287.44	m	7.22	-0.073	B8 II	-0.142
HD 44517	HIP 30269	95.5104	-5.45473	287.45	m	8.109	0.816	F5 V	0.582
HD 111498	HIP 62597	192.39547	9.37324	287.46	m	7.774	0.481	K0	1.075
HD 156926	HIP 84805	260.00041	7.96969	287.46	m	7.876	0.583	A0	0.294
HD 186063	HIP 96335	293.79263	74.37748	287.46	m	7.1	-0.193	K0	1.221
HD 83285	HIP 47390	144.83763	57.8629	287.47	m	8.235	0.942	K 0 III	1.245
HD 174043	HIP 92267	282.05758	10.64276	287.48	m	8.272	0.979	G5	1.209
HD 178794	HIP 94414	288.23961	-54.4836	287.48	m	8.75	1.457	G6 III/IV	0.964
HD 76393	HIP 43659	133.41388	-52.55089	287.48	m	8.932	1.639	A1 V	0.126
HD 106253	HIP 59615	183.38039	-20.91988	287.48	m	8.469	1.176	K0 III	1.123
HD 72504	HIP 42012	128.44348	14.67358	287.48	m	8.1	0.807	A2	0.294
HD 201317	HIP 104508	317.54169	-43.38272	287.49	m	6.547	-0.746	B8 V	-0.089
HD 59570	HIP 36436	112.47514	-17.53258	287.5	m	8.705	1.412	G8 IV	1.154
HD 94295	HIP 53181	163.1763	-26.57891	287.5	m	8.651	1.358	K2 III	1.436
HD 172462	HIP 91745	280.62575	-44.24178	287.51	m	8.804	1.511	F0 IV	0.379
HD 77760	HIP 44551	136.16369	1.91032	287.53	m	7.864	0.571	K0 III	1.304
HD 112079	HIP 63073	193.85733	-73.96867	287.55	m	7.946	0.652	B9 V	0.046
HD 106775	HIP 59872	184.18371	-2.73955	287.56	m	8.142	0.848	K0 III	1.147
HD 61745	HIP 37601	115.72593	45.81791	287.56	m	7.989	0.695	K0	1.208
HD 212545	HIP 110603	336.11415	35.43313	287.56	m	7.473	0.179	B5IAB	1.839
HD 23203	HIP 17152	55.10676	-56.55496	287.58	m	8.362	1.068	K0 III	1.225
HD 49468	HIP 32517	101.7902	-30.95768	287.59	m	7.931	0.637	F5 III	0.554
HD 167350	HIP 89352	273.49594	20.27714	287.61	m	7.484	0.19	K0	1.518
HD 150921	HIP 81909	250.95979	7.51936	287.62	m	8.488	1.194	K0	1.304
HD 200965	HIP 104209	316.69177	-1.02517	287.62	m	8.471	1.177	K2 IIICNII	1.456
HD 80210	HIP 45522	139.16696	-49.57871	287.63	m	7.04	-0.254	K0/1 III + F	0.806
HD 211644	HIP 110042	334.33437	50.80925	287.63	m	8.493	1.199	A2	0.134
HD 2748	HIP 2441	7.76625	9.3054	287.64	m	7.782	0.488	K2	1.643
HD 36639	HIP 26391	84.27982	60.61028	287.64	m	8.311	1.017	A0	0.067
HD 63653	HIP 38214	117.43147	-8.30842	287.64	m	8.516	1.222	F0 IV	0.473
HD 34469	HIP 24761	79.63179	21.7924	287.65	m	7.319	0.025	B8	0.261
HD 172668	HIP 90054	275.66552	83.3686	287.68	m	7.364	0.069	G5	1.105
HD 69274	HIP 40435	123.85193	-23.63779	287.7	m	8.233	0.938	A1 V	0.127
HD 89267	HIP 50533	154.81751	54.72551	287.72	m	7.992	0.697	K0	1.262
HD 201777	HIP 104550	317.67283	37.49789	287.74	m	8.309	1.014	K2	1.184
HD 89792	HIP 50800	155.58201	31.54451	287.76	m	8.9	1.605	G 5 III	1.159
HD 211401	HIP 109853	333.73517	61.70954	287.77	m	8.648	1.353	A0	0.111
HD 219289	HIP 114704	348.53108	53.78825	287.8	m	8.321	1.026	A0	0.17
HD 190876	HIP 99153	301.94077	-19.77742	287.81	m	8.682	1.386	K0 III	1.391
HD 40805	HIP 28372	89.91159	-35.35259	287.84	m	6.913	-0.383	K2/3 III	1.584
HD 6969	HIP 5464	17.48643	-14.25338	287.87	m	8.377	1.081	K0 III/IV	1.118
HD 207765	HIP 107963	328.08948	-41.41265	287.87	m	6.986	-0.31	K2 III	1.557
HD 164643	HIP 89050	272.6415	-75.18809	287.87	m	7.68	0.384	B9 V	-0.039
HD 109400	HIP 61334	188.5142	46.74769	287.87	m	7.411	0.115	G9III	1.237
HD 208818	HIP 108511	329.74022	0.09569	287.88	m	8.141	0.845	A6 V	0.309
HD 76399	HIP 43854	133.98616	0.886	287.88	m	8.361	1.065	K0 III	1.433
HD 1556	HIP 1581	4.94854	-12.35804	287.89	m	8.381	1.085	G8 IV	1.307
HD 106832	HIP 59900	184.2818	1.71252	287.9	m	8.94	1.644	A1/2mA5-A9	0.254
HD 5972	HIP 4763	15.29888	8.0339	287.9	m	8.211	0.915	G5	1.203
HD 161020	HIP 86656	265.58644	19.61948	287.92	m	8.333	1.037	K0	1.193
HD 940	HIP 1107	3.44823	1.38358	287.93	m	6.917	-0.379	K1 II/III	1.513
HD 223193	HIP 117337	356.88139	-38.15641	287.93	m	8.141	0.845	K0 III	1.161
HD 68169	HIP 40130	122.9533	16.09788	287.93	m	8.633	1.337	G5	1.216
HD 16475	HIP 12215	39.32433	-40.74678	287.93	m	8.316	1.02	G8 III	1.12
HD 31495	HIP 22819	73.64825	-39.08908	287.94	m	7.921	0.624	G8 III	1.085
HD 107286	HIP 60140	184.99415	43.60887	287.96	m	7.765	0.468	G8III	0.979
HD 13440	HIP 10275	33.07063	37.36682	287.96	m	8.456	1.159	A0	0.076
HD 149067	HIP 80917	247.85384	25.84153	287.96	m	8.092	0.795	G8II	1.186
HD 139867	HIP 76851	235.38781	-29.29952	287.97	m	7.537	0.24	M2/3 III	2.023
HD 209484	HIP 108864	330.81026	30.20321	287.99	m	7.006	-0.291	B9	-0.05
HD 139822	HIP 76840	235.33642	-31.65666	287.99	m	8.605	1.308	K2 III	1.457
HD 38200	HIP 27164	86.37331	31.32482	287.99	m	6.629	-0.668	K0	1.312
HD 50674	HIP 33112	103.44861	-11.26359	287.99	m	7.368	0.071	K1 III	1.439
HD 200108	HIP 103742	315.3424	1.06968	288	m	7.348	0.051	K5 III	1.849
HD 6282	HIP 4898	15.71782	-56.05468	288	m	8.29	0.993	K1 IIICNIB/II	1.359
HD 91644	HIP 51754	158.6146	-26.33017	288	m	8.513	1.216	A1 V	0.078
HD 80369	HIP 45697	139.74167	-16.8008	288.01	m	7.008	-0.289	A3 III/IV	0.176
HD 9612	HR 449|HIP 7557	24.3426	74.30095	288.01	m	6.575	-0.722	B 9 V	0.023
HD 84781	HIP 48055	146.9413	10.07495	288.01	m	7.689	0.392	G5	1.143
HD 12806	HIP 9710	31.23022	-28.3586	288.02	m	8.018	0.721	K0 III	1.155
HD 101479	HIP 56939	175.09454	-49.16679	288.02	m	8.218	0.921	A1 V	0.196
HD 57012	HIP 35373	109.6129	-23.55745	288.04	m	7.954	0.657	K0 III	1.315
HD 162027	HIP 86525	265.23327	74.4475	288.04	m	8.963	1.666	A2	0.228
HD 187231	HIP 97746	297.95324	-55.42086	288.05	m	8.461	1.164	K0 III	1.145
HD 57631	HIP 35724	110.54909	2.14296	288.05	m	8.2	0.903	A0 V	0.066
HD 162708	HIP 87451	268.03019	8.82294	288.06	m	8.121	0.824	A2	0.225
HD 178291	HIP 94040	287.18425	-18.95279	288.08	m	6.748	-0.55	K3 III	1.912
HD 132392	HIP 73317	224.73503	-0.34269	288.08	m	8.188	0.89	G8 III/IV	1.157
HD 195409	HIP 101188	307.64992	18.54978	288.09	m	8.718	1.42	A2	0.13
HD 201921	HIP 104751	318.32852	-24.84601	288.09	m	7.458	0.16	K3 III	1.621
HD 199663	HIP 103482	314.48953	24.25241	288.1	m	7.702	0.404	A0	0.027
HD 133288	HIP 73632	225.77117	19.08934	288.11	m	8.714	1.416	F5	0.306
HD 192387	HIP 99713	303.50162	16.85807	288.11	m	8.175	0.877	A0	0.15
HD 31757	HIP 23403	75.4436	57.1334	288.13	m	7.615	0.317	G 9 III	1.295
HD 219656	HIP 114988	349.33434	14.69499	288.14	m	8.371	1.073	K 0 III	1.322
HD 109251	HIP 61311	188.41331	-44.18407	288.15	m	7.536	0.238	K5 III	1.879
HD 27311	HIP 20175	64.87566	19.94781	288.15	m	7.877	0.579	A0	0.221
HD 209514	HIP 108794	330.59562	55.94615	288.17	m	7.319	0.021	B8	0.237
HD 124316	HIP 69688	213.9792	-68.54033	288.18	m	7.48	0.182	B9 IV	0.055
HD 103203	HIP 57964	178.33956	73.29179	288.19	m	7.638	0.34	K0	1.14
HD 225274	HIP 408	1.24514	57.46873	288.21	m	8.329	1.03	G 9 III	1.127
HD 220887	HIP 115763	351.8052	35.96449	288.21	m	8.683	1.384	A5	0.298
HD 98573	HIP 55405	170.18424	31.73458	288.22	m	8.056	0.757	K0	1.182
HD 114	HIP 503	1.5044	16.45207	288.23	m	7.963	0.664	G5	1.092
HD 25487	HIP 18972	60.97631	28.12597	288.26	m	8.088	0.789	B8VE+K0IV	0.06
HD 204497	HIP 105955	321.87318	47.80239	288.28	m	7.474	0.175	A0	0.053
HD 93526	HR 4218|HIP 52795	161.90805	-15.26195	288.29	m	6.662	-0.637	A0 III	-0.027
HD 193071	HIP 100205	304.86377	-32.28649	288.3	m	8.285	0.986	K0 III	1.32
HD 208334	HIP 108244	328.9285	-2.77624	288.3	m	8.868	1.569	K0	1.134
HD 219964	HIP 115207	350.01614	19.31178	288.3	m	8.024	0.725	K0	1.494
HD 203831	HIP 105772	321.33518	-24.05982	288.31	m	8.284	0.985	K0 III	0.986
HD 161031	HIP 86978	266.62034	-55.81609	288.33	m	8.244	0.945	B9.5 V	0.028
HD 32489	HIP 23429	75.53113	-31.34898	288.34	m	7.192	-0.108	K1 III	1.525
HD 194319	HIP 100648	306.12494	15.72717	288.35	m	8.074	0.774	K2	1.103
HD 221333	HIP 116038	352.67778	64.32183	288.37	m	8.422	1.122	A3	0.191
HD 172975	HIP 91151	278.94066	73.28086	288.38	m	7.534	0.234	G5	1.049
HD 24600	HIP 18397	58.99446	32.16334	288.38	m	8.67	1.37	B 8 V	0.214
HD 178540	HIP 93974	287.00824	24.72603	288.38	m	6.591	-0.709	B5	-0.03
HD 41572	HIP 28786	91.16304	-28.61782	288.39	m	8.016	0.716	K1 III	1.189
HD 96145	HIP 54200	166.32111	-6.5061	288.4	m	8.119	0.819	K0 III	1.201
HD 142123	HIP 77105	236.16173	77.15046	288.4	m	8.084	0.784	G5	1.141
HD 172550	HIP 91747	280.63943	-38.2819	288.44	m	8.934	1.634	F0 V	0.382
HD 22014	HIP 16320	52.59047	-54.80819	288.46	m	7.987	0.687	G8 III/IV	1.055
HD 93288	HIP 52732	161.70427	33.55968	288.46	m	8.344	1.044	K 0 III	1.246
HD 215209	HIP 112108	340.61072	58.52589	288.47	m	7.958	0.658	A0	0.127
HD 135544	HIP 74541	228.47596	47.50197	288.47	m	8.281	0.98	K0	1.331
HD 146643	HIP 79767	244.2011	13.35051	288.47	m	8.227	0.926	K2	1.254
HD 171050	HIP 90895	278.11019	2.92361	288.48	m	8.923	1.622	G8/K0 III	1.299
HD 18268	HIP 13845	44.5557	53.79345	288.49	m	7.714	0.413	B8	0.095
HD 13794	HIP 10357	33.37698	-33.33529	288.5	m	7.21	-0.091	K2/3 III	1.578
HD 210050	HIP 109282	332.08073	-34.55599	288.5	m	7.197	-0.104	M3 III	1.756
HD 83965	HIP 47598	145.57851	17.08212	288.51	m	8.338	1.037	B9	0.145
HD 107763	HIP 60383	185.70997	39.27563	288.51	m	8.292	0.991	K2III	1.32
HD 133503	HIP 73947	226.66297	-48.27607	288.51	m	8.117	0.816	F0/2 III/IV	0.435
HD 89130	HIP 50345	154.1985	-10.77286	288.52	m	8.992	1.691	A8/9 IV	0.337
HD 18652	HIP 14085	45.40449	45.84101	288.53	m	8.854	1.553	A0	0.146
HD 209531	HIP 108837	330.72165	47.54102	288.53	m	8.164	0.863	K5	1.25
HD 222538	HIP 116894	355.40993	-50.42397	288.54	m	8.164	0.863	G8 III	1.135
HD 136223	HIP 75173	230.41827	-53.54109	288.56	m	8.379	1.078	K0 IIICNIV/V	1.361
HD 4003	HIP 3274	10.42665	-64.50835	288.57	m	8.454	1.153	A2 V	0.146
HD 114030	HIP 64099	197.04458	-35.50096	288.57	m	8.252	0.951	G8 III/IV	1.148
HD 1154	HIP 1260	3.95387	-11.99018	288.57	m	8.897	1.596	A0 V	0.106
HD 14456	HIP 10929	35.19564	28.52347	288.61	m	7.842	0.54	G8III	1.142
HD 24041	HIP 17935	57.53284	9.92454	288.61	m	8.256	0.954	F0	0.578
HD 31308	HIP 22810	73.61355	-5.42062	288.62	m	7.431	0.129	K0 III	1.184
HD 79987	HIP 45987	140.68056	75.68131	288.63	m	8.155	0.853	A0	0.159
HD 202522	HIP 104990	318.96672	19.71425	288.63	m	7.353	0.051	A2	0.24
HD 93289	HIP 52725	161.69145	32.37607	288.63	m	8.895	1.593	G 8 III	1.235
HD 43743	HIP 29922	94.49452	0.22475	288.65	m	7.708	0.406	B9 V	-0.025
HD 67810	HIP 39971	122.4365	0.33609	288.66	m	8.63	1.328	A5 II/III	0.303
HD 204000	HIP 105630	320.91713	55.29411	288.66	m	7.976	0.674	A0	0.182
HD 73406	HIP 41985	128.37434	-70.1138	288.67	m	8.394	1.092	K0 III	1.329
HD 36275	HIP 25568	81.97792	-48.70394	288.68	m	8.145	0.843	G8/K0 III	1.18
HD 191046	HIP 99041	301.62078	36.22664	288.69	m	7.134	-0.168	G8III	1.358
HD 202840	HIP 105248	319.77262	-21.27869	288.69	m	8.843	1.541	G6/8 III	1.127
HD 36191	HIP 25374	81.42501	-62.7789	288.7	m	8.305	1.003	G6 III	1.081
HD 122371	HIP 68538	210.46376	-17.89365	288.71	m	8.482	1.18	K0 III	1.293
HD 217405	HIP 113745	345.53425	-70.62707	288.71	m	8.587	1.285	K1/2 III	1.373
HD 161455	HIP 87104	266.96477	-44.54362	288.72	m	8.48	1.178	K1 III	1.488
HD 106125	HIP 59553	183.20628	-61.89784	288.72	m	8.58	1.278	G8/K0 III	1.316
HD 186938	HIP 97417	296.99992	-20.95759	288.73	m	6.771	-0.531	K0 III + A/F	0.998
HD 23929	HIP 17709	56.89498	-36.74869	288.74	m	8.711	1.408	K2 III	1.471
HD 38498	HIP 27143	86.32025	-23.63029	288.76	m	8.509	1.206	K2 IIICNII	1.485
HD 216498	HIP 112795	342.62456	77.22802	288.76	m	8.382	1.079	A2	0.095
HD 61268	HIP 36527	112.71393	-74.93009	288.76	m	8.735	1.432	K1/2 III	1.351
HD 47633	HIP 31881	99.9716	6.05695	288.77	m	7.99	0.687	B9V	-0.038
HD 58779	HIP 36268	112.01275	25.02795	288.77	m	8.507	1.204	F0	0.339
HD 168176	HIP 90090	275.76967	-64.37815	288.77	m	8.393	1.09	A0 V	0.025
HD 66012	HIP 39268	120.44927	5.20111	288.78	m	8.246	0.943	A0	0.099
HD 169413	HIP 90056	275.66733	39.2583	288.79	m	8.262	0.959	K0	1.165
HD 188304	HIP 98789	300.95716	-78.26278	288.8	m	8.495	1.192	G8 III	1.244
HD 97516	HIP 54815	168.32361	-13.80324	288.82	m	8.834	1.531	A0 V	0.115
HD 215066	HIP 112038	340.39287	54.38673	288.82	m	7.831	0.528	B9	0.054
HD 13678	HIP 10479	33.78209	55.08822	288.83	m	6.954	-0.349	K0	1.66
HD 180125	HIP 94588	288.74211	10.4094	288.83	m	7.38	0.077	B8	-0.008
HD 57810	HIP 36504	112.65646	74.79879	288.83	m	7.887	0.584	G5	1.024
HD 153898	HIP 83316	255.40856	15.07622	288.86	m	8.8	1.497	K0III	1.279
HD 130968	HIP 72538	222.46146	36.59424	288.87	m	8.642	1.338	A0	0.159
HD 212095	HIP 110321	335.17424	49.98152	288.88	m	8.89	1.586	A2	0.194
HD 211527	HIP 110027	334.27956	32.99123	288.88	m	8.035	0.731	A0	0.302
HD 3498	HIP 3015	9.59682	45.18679	288.89	m	8.797	1.493	G0	0.499
HD 201476	HIP 104627	317.91083	-48.77357	288.9	m	8.475	1.171	K2 III	1.429
HD 160370	HIP 86507	265.17923	-27.89306	288.91	m	8.286	0.982	B9 V	0.187
HD 203136	HIP 105208	319.66826	50.18244	288.93	m	7.834	0.53	K0	1.063
HD 214979	HR 8638|HIP 112032	340.38045	30.96586	288.96	m	6.551	-0.753	K5	1.919
HD 212927	HIP 110883	336.96549	-5.90589	288.97	m	8.003	0.699	G8/K0 III	1.199
HD 177781	HIP 93665	286.09907	38.10759	288.97	m	8.028	0.724	G5	0.927
HD 82913	HIP 46942	143.50296	-32.02278	288.97	m	7.561	0.257	K1 III	1.431
HD 172586	HIP 91539	280.02137	24.70344	288.99	m	8.094	0.79	K0	1.205
HD 174439	HIP 92498	282.76306	-13.44729	288.99	m	8.567	1.263	K5 III	1.954
HD 100145	HIP 56193	172.78986	-44.96777	288.99	m	7.246	-0.058	G6 III	1.084
HD 11861	HIP 9074	29.2031	13.60623	289	m	8.555	1.251	G5	1.129
HD 93671	HIP 52978	162.55514	60.60907	289.01	m	8.105	0.8	G5	1.182
HD 137728	HIP 75772	232.19188	-31.47567	289.02	e	7.199	-0.106	A3 V	0.295
HD 183097	HIP 95200	290.50646	70.61372	289.02	e	8.249	0.944	A0	0.137
HD 65736	HIP 39169	120.17184	18.24556	289.02	m	7.199	-0.106	G5	1.122
HD 126441	HIP 70504	216.33717	3.94806	289.02	m	8.466	1.161	F0 V	0.323
HD 90844	HIP 51335	157.28199	-12.43491	289.04	m	8.246	0.941	K0 II/III	1.217
HD 172210	HIP 91693	280.4689	-53.13969	289.05	m	8.164	0.859	K0 III	1.272
HD 76607	HIP 43877	134.07882	-29.45254	289.07	m	8.439	1.134	K0 III	1.234
HD 4996	HIP 4112	13.18178	52.27832	289.08	m	7.904	0.599	A0	0.108
HD 29019	HIP 21664	69.76762	67.20089	289.09	m	7.79	0.485	A0	0.077
HD 190424	HIP 98439	300.0166	68.43676	289.09	m	8.019	0.714	B9	0.017
HD 27118	HIP 19887	63.99206	-24.5058	289.11	m	8.666	1.361	G8/K0 V	1.113
HD 203427	HIP 105444	320.36479	21.31671	289.11	m	8.023	0.718	K2	1.49
HD 12845	HIP 9833	31.63218	26.83762	289.13	m	8.71	1.405	A0	0.091
HD 98285	HIP 55185	169.48321	-40.57005	289.14	m	8.519	1.213	K0 III	1.13
HD 163990	HR 6702|HIP 87850	269.2022	45.35085	289.14	m	6.506	-0.8	M6S	1.705
HD 12904	HIP 9735	31.31079	-42.71408	289.15	m	8.815	1.509	F3 III/IV	0.403
HD 107117	HIP 60062	184.75397	1.16597	289.15	m	7.719	0.413	G8 III	1.134
HD 134115	HIP 74154	227.27632	-30.68036	289.15	m	8.633	1.327	A1 IV	0.338
HD 79183	HIP 45110	137.85907	-35.7478	289.16	m	7.399	0.093	A5 III/IV	0.192
HD 8061	HIP 6227	19.95749	-17.03814	289.16	m	8.572	1.266	K3 III	1.551
HD 87623	HIP 49479	151.53282	2.42949	289.16	m	8.102	0.796	K0 III	1.132
HD 36195	HIP 25996	83.22864	52.12813	289.17	m	8.675	1.369	K0	1.277
HD 38016	HIP 27432	87.13825	68.68934	289.18	m	8.251	0.945	G5	1.161
HD 115753	HIP 64983	199.77792	3.72284	289.19	m	7.031	-0.275	K0 III	1.334
HD 98156	HIP 55158	169.39603	4.32296	289.2	m	8.174	0.868	G8 III/IV	1.05
HD 171914	HIP 91285	279.30078	2.97624	289.2	m	7.872	0.566	A0 V	0.12
HD 211464	HIP 110063	334.3862	-18.16186	289.21	m	8.525	1.219	K0 III	1.163
HD 20572	HIP 15378	49.58242	-9.73156	289.21	m	7.866	0.56	A0 V	0.012
HD 50180	HIP 32780	102.51394	-42.14538	289.21	m	8.469	1.163	K1 III	1.417
HIP 96584		294.51659	-4.6083	289.22	m	8.992	1.686	A5	0.485
HD 151588	HIP 81396	249.35473	79.18811	289.23	m	8.351	1.045	K0	1.402
HD 125789	HIP 70303	215.7648	-46.66536	289.24	m	8.348	1.042	B9/A0 V	0.039
HD 284138	HIP 19075	61.33262	22.05763	289.24	m	8.086	0.78	G5	1.801
HD 93906	HIP 52960	162.48049	-35.80447	289.24	m	7.339	0.033	A1/2 V	0.097
HD 207459	HIP 107735	327.36296	-13.5943	289.25	m	8.688	1.382	A5 III/IV	0.271
HD 43202	HIP 30632	96.55472	78.79538	289.26	m	8.217	0.911	G5	1.136
HD 221915	HIP 116471	354.0033	15.69399	289.26	m	8.183	0.877	K0	1.339
HD 144150	HIP 78713	241.0344	10.00631	289.27	m	8.025	0.718	F0	0.367
HD 152171	HIP 82066	251.44854	70.52184	289.27	m	8.272	0.965	G0	0.494
HD 194318	HIP 100638	306.09412	19.57497	289.28	m	7.876	0.569	A2	0.115
HD 163994	HIP 87955	269.51714	24.54368	289.28	m	8.956	1.649	A0	0.093
HD 77324	HIP 43958	134.28565	-71.0169	289.3	m	7.195	-0.112	K4 III	1.726
HD 6124	HIP 4835	15.54619	-21.60903	289.31	m	8.216	0.909	K0 III	1.284
HD 195788	HIP 101271	307.91411	45.17129	289.32	m	7.934	0.627	A0	-0.065
HD 86357	HIP 48933	149.74637	43.45188	289.32	m	8.547	1.24	G5	0.975
HD 181410	HIP 94969	289.8829	22.57074	289.34	m	7.252	-0.055	M4	1.793
HD 71782	HIP 41619	127.27439	-5.87606	289.35	m	7.463	0.156	G8 III	1.092
HD 69845	HIP 40852	125.03441	32.31578	289.35	m	8.719	1.412	F8	0.563
HD 91183	HIP 51535	157.89068	-2.86649	289.35	m	8.218	0.911	K0 III	1.269
HD 138198	HIP 75793	232.26497	41.56009	289.36	m	8.034	0.727	K0	1.402
HD 155270	HIP 84103	257.90319	-26.70261	289.37	m	8.048	0.741	A5/7 V + K0/1 III	1.141
HD 7179	HIP 5652	18.15446	35.18069	289.38	m	8.245	0.938	G5	1.153
HD 202391	HIP 104739	318.27212	58.05385	289.38	m	8.506	1.199	K0	1.453
HD 65872	HIP 39419	120.87309	52.75724	289.4	m	8.04	0.733	K5	1.372
HD 169243	HIP 90007	275.46695	41.21334	289.41	m	7.622	0.314	K0	1.533
HD 126270	HIP 70399	216.04692	16.27367	289.43	m	6.997	-0.311	A M	0.716
HD 63348	HIP 38354	117.83038	54.7323	289.44	m	7.255	-0.053	M0III	1.874
HD 120829	HIP 67582	207.72034	45.52294	289.44	m	8.955	1.647	G5	0.523
HD 35174	HIP 25185	80.81268	7.68503	289.44	m	8.916	1.608	F5	0.423
HD 72474	HIP 41899	128.1567	-14.41797	289.45	m	6.754	-0.554	K1/2 III	1.6
HD 208898	HIP 108550	329.84272	-1.38036	289.47	m	8.721	1.413	A3 V	0.296
HD 150743	HIP 81984	251.21874	-41.92438	289.47	m	8.756	1.448	B9 IV	0.214
HD 140043	HIP 77075	236.07116	-57.11249	289.48	m	8.255	0.947	B8/9 IV	0.11
HD 19623	HIP 14461	46.66248	-60.11036	289.48	m	8.354	1.046	K0 III	1.264
HD 159331	HIP 85891	263.2874	23.92071	289.48	m	8.09	0.782	K0	1.191
HD 190782	HIP 98867	301.15899	46.82925	289.48	m	8.064	0.756	K2	1.589
HD 171196	HIP 90947	278.28308	6.34392	289.48	m	8.306	0.998	K2	1.25
HD 154611	HIP 83675	256.53024	8.62318	289.49	m	7.135	-0.173	K2	1.84
HD 157294	HIP 84926	260.33697	25.97161	289.51	m	8.025	0.717	G8III	1.126
HD 140194	HIP 77010	235.85982	-30.53499	289.53	m	7.443	0.135	A2 V	0.117
HD 186327	HIP 97075	295.92671	0.01366	289.54	m	8.445	1.136	A0 V	0.247
HD 137806	HIP 75606	231.70854	37.29481	289.54	m	8.632	1.323	K0	1.144
HD 183258	HIP 95630	291.77026	37.57049	289.54	m	8.562	1.253	K0	1.167
HD 39814	HIP 28131	89.19436	38.57754	289.55	m	8.212	0.903	A0	0.103
HD 33708	HIP 24286	78.17966	13.37265	289.56	m	8.974	1.665	K0	1.39
HD 105313	HIP 59133	181.8864	-45.58116	289.6	m	7.304	-0.005	B9 V	0.022
HD 6346	HIP 5048	16.16024	9.58611	289.6	m	8.335	1.026	K0	1.337
HD 86099	HIP 48640	148.7717	-45.74078	289.6	m	7.851	0.542	B8/9 V	-0.069
HD 201793	HIP 104422	317.29437	60.89447	289.61	m	8.699	1.39	A3	0.281
HD 29074	HIP 21277	68.47764	-19.17809	289.61	m	8.721	1.412	K1 III	1.243
HD 33012	HIP 23738	76.5399	-26.48837	289.62	m	8.154	0.845	K1 III	1.225
HD 223268	HIP 117382	357.00118	49.79053	289.64	m	8.789	1.48	A0	0.065
HD 112983	HIP 63544	195.31604	-54.40734	289.66	m	8.622	1.313	K0 III	1.378
HD 9521	HIP 7282	23.44649	17.68527	289.66	m	7.809	0.5	K0	1.182
HD 95349	HIP 53757	164.9746	-46.25834	289.66	m	8.739	1.43	G6 III/IV	0.986
HD 159968	HIP 86153	264.08925	27.56664	289.68	m	6.582	-0.728	M1II	1.782
HD 23737	HIP 17659	56.73392	-14.4783	289.72	m	7.634	0.324	K3 III	1.727
HD 184212	HIP 96263	293.60363	-27.15246	289.74	m	8.421	1.111	K1 III	1.194
HD 163935	HIP 88095	269.8821	-21.04566	289.74	m	8.069	0.759	K1 III	1.748
HD 93898	HIP 52903	162.29737	-57.96953	289.75	m	7.998	0.688	B8/9 III	-0.028
HD 216401	HIP 112967	343.16684	-2.62587	289.76	m	7.86	0.55	G8 III	1.093
HD 75660	HIP 43281	132.25783	-53.10316	289.76	m	8.187	0.877	B9/9.5 V	-0.033
HD 151658	HIP 82351	252.39575	-21.85233	289.77	m	7.602	0.292	M2/3 III	2.281
HD 203627	HIP 105420	320.29394	59.05141	289.77	m	8.335	1.025	G5	1.165
HD 88059	HIP 49904	152.84133	64.54346	289.79	m	8.185	0.875	K0	1.248
HD 4562	HIP 3768	12.09696	60.9617	289.79	m	8.535	1.225	G 8 V	1.202
HD 188949	HIP 98181	299.28285	18.34201	289.82	m	8.428	1.117	K0	1.383
HD 102645	HIP 57638	177.28596	37.11611	289.83	m	8.365	1.054	K0III	1.352
HD 113256	HIP 63657	195.69744	-30.33875	289.83	m	8.133	0.822	K0 III	1.324
HD 49267	HIP 31991	100.26869	-71.12577	289.85	m	8.113	0.802	K0 III	1.254
HD 110193	HIP 61803	189.9987	42.77401	289.85	m	8.892	1.581	K2III	1.36
HD 51876	HIP 33556	104.60103	-16.0546	289.85	m	7.117	-0.194	B9 IIW	-0.094
HIP 23609		76.15043	49.73214	289.86	e	8.573	1.262	A2	0.73
HD 136567	HIP 75179	230.45411	-15.161	289.86	m	8.111	0.8	G8 III/IV	1.155
HD 102911	HIP 57775	177.71088	-15.38898	289.87	m	7.701	0.39	K0 IIICNIV	1.344
HD 107990	HIP 60533	186.13579	4.33117	289.88	m	8.058	0.747	G8 III/IV	1.141
HD 188550	HIP 98184	299.28606	-34.56207	289.89	m	8.347	1.036	K1 III	1.368
HD 95215	HIP 53746	164.95099	16.38729	289.89	m	8.305	0.994	K0	1.262
HD 47668	HIP 31811	99.76494	-18.18583	289.89	m	7.335	0.024	M1/2 III	1.977
HD 56266	HIP 34826	108.12039	-61.3817	289.94	m	7.895	0.583	K3 III	1.606
HD 200199	HIP 103880	315.73539	-29.11034	289.94	m	7.017	-0.295	A2 V(P)	0.106
HD 90515	HIP 51118	156.65654	-20.45373	289.95	m	8.343	1.031	K0 III	1.341
HD 73799	HIP 42560	130.13563	10.92414	289.96	m	6.916	-0.396	K0	1.65
HD 16042	HIP 12053	38.84274	30.68085	289.97	m	8.363	1.051	K 0 V	1.258
HD 55727	HIP 35041	108.71121	18.56192	289.97	m	7.847	0.535	K2	1.32
HD 88966	HIP 50200	153.72367	-42.38305	289.98	m	6.723	-0.589	B9 IV	-0.051
HD 146318	HIP 79857	244.51582	-49.76013	289.98	m	8.663	1.351	G8 IV/VCNIII	1.218
HD 218867	HIP 114454	347.69958	51.48066	289.98	m	8.768	1.456	A3	0.283
HD 33545	HIP 24159	77.8251	7.0052	289.98	m	8.275	0.963	K0	1.301
HD 158448	HIP 85525	262.17161	18.17414	289.99	m	8.994	1.682	A0	0.093
HD 156074	HIP 84266	258.38017	42.10632	290	m	7.719	0.407	C12	1.387
HD 90402	HIP 51134	156.69403	28.37434	290.01	m	8.851	1.539	F5	0.376
HD 219478	HIP 114846	348.94504	27.62958	290.02	m	8.269	0.957	A2	0.244
HD 215120	HIP 112205	340.87595	-40.12881	290.04	m	7.77	0.458	M4 III	1.614
HD 24909	HIP 18662	59.93616	48.15125	290.04	m	7.776	0.464	B9	0.041
HD 116617	HIP 65396	201.04869	34.68379	290.06	m	8.227	0.915	K 0 III	1.176
HD 14438	HIP 10895	35.05669	14.29775	290.07	m	8.137	0.824	K0	1.457
HD 177101	HIP 93800	286.54151	-53.54243	290.08	m	8.444	1.131	K2 III	1.453
HD 34381	HIP 24793	79.73078	41.09549	290.08	m	6.863	-0.45	K5	1.816
HD 209223	HIP 108700	330.29767	26.8302	290.09	m	7.303	-0.01	B9	-0.022
HD 202259	HR 8121|HIP 104872	318.65437	0.09225	290.09	m	6.558	-0.755	K5 III	1.951
HD 84044	HIP 47497	145.25569	-46.16608	290.1	m	7.985	0.672	K3 III	1.688
HD 18982	HIP 14336	46.21138	46.33738	290.1	m	8.872	1.559	G5	1.216
HD 19411	HIP 14494	46.80341	-1.80275	290.11	m	7.055	-0.258	G8/K0 III	1.126
HD 17981	HIP 13153	42.28989	-70.21858	290.12	m	8.467	1.154	A9 IV	0.343
HD 188236	HIP 97898	298.42525	14.32712	290.13	m	8.018	0.705	K5	1.496
HD 205705	HIP 106768	324.40697	-19.23102	290.13	m	7.427	0.114	B8 V	-0.084
HD 199456	HIP 103425	314.31224	2.33267	290.14	m	8.363	1.05	K0 III	1.275
HD 19091	HIP 14402	46.44324	43.70248	290.15	m	7.049	-0.264	F5	0.848
HD 2874	HIP 2564	8.14319	51.1037	290.17	m	8.304	0.991	A2	0.296
HD 8832	HIP 6721	21.62053	-30.2756	290.17	m	7.599	0.286	K1 III	1.433
HD 106127	HIP 59545	183.17538	-2.47273	290.18	m	7.459	0.146	K3 III	1.779
HD 29938	HIP 21927	70.72435	-4.11985	290.19	m	8.286	0.973	A3 III/IV	0.217
HD 206158	HIP 107009	325.09169	-6.81325	290.21	m	8.024	0.71	K0 III	1.164
HD 26210	HIP 19546	62.79028	49.62337	290.21	m	8.349	1.035	F0	0.408
HD 121366	HIP 67423	207.27889	79.9214	290.21	m	7.375	0.061	G5	1.126
HD 204566	HIP 106188	322.62814	-35.99764	290.22	m	8.406	1.092	K1 III	1.265
HD 19608	HIP 14718	47.53349	24.6634	290.23	m	8.856	1.542	K0	1.4
HIP 90984		278.37968	16.84741	290.23	m	8.828	1.514	K0	1.091
HD 57990	HIP 35763	110.64906	-27.13765	290.24	m	8.196	0.882	G6 III	1.014
HD 213803	HIP 111359	338.40647	29.59001	290.25	m	8.177	0.863	K0III	1.191
HD 195252	HIP 96821	295.199	87.92231	290.25	m	8.127	0.813	K0	1.473
HD 183400	HIP 95744	292.10912	24.99541	290.25	m	7.31	-0.004	K2	1.853
HD 72173	HIP 41757	127.72289	-15.83468	290.26	m	6.925	-0.389	K4 III	1.89
HD 113878	HIP 63926	196.50309	48.02814	290.27	m	8.286	0.972	A5	0.409
HD 46593	HIP 31403	98.73636	16.76382	290.28	m	7.205	-0.109	B9	-0.143
HD 5784	HIP 4527	14.49483	-68.19312	290.28	m	8.352	1.038	K1 III	1.244
HD 134028	HIP 74018	226.89293	6.26926	290.3	m	7.448	0.134	K0	1.449
HD 5984	HIP 4797	15.39487	35.99542	290.32	m	8.322	1.008	K0	1.294
HD 186033	HIP 96544	294.41204	65.62159	290.33	m	8.951	1.637	K0	1.316
HD 225136	HR 9099|HIP 302	0.96517	66.71219	290.33	m	6.52	-0.794	M0	1.94
HD 3252	HIP 2825	8.96819	29.09981	290.33	m	8.198	0.884	K1III	1.307
HD 194885	HIP 100834	306.68237	39.49592	290.34	m	7.06	-0.255	A0	-0.058
HD 23701	HIP 17726	56.93504	14.36016	290.34	m	8.882	1.567	K0	1.451
HD 138983	HIP 76283	233.71696	19.77978	290.35	m	8.715	1.4	K2	1.376
HD 102571	HIP 57600	177.14137	40.63724	290.36	m	8.913	1.598	F0	0.348
HD 182328	HIP 95535	291.48908	-41.88714	290.37	m	8.84	1.525	A0 V	0.03
HD 284142	HIP 19216	61.78531	21.26289	290.38	m	8.882	1.567	K2	1.307
HD 16718	HIP 12701	40.7886	58.88944	290.4	m	7.603	0.288	A 1 III	0.141
HD 136678	HIP 75270	230.68218	-22.89928	290.4	m	8.436	1.121	FM DELTA DEL	0.481
HD 193082	HIP 100092	304.58262	3.68063	290.41	m	7.505	0.19	G8 IV	1.405
HD 74612	HIP 42878	131.07682	-20.26682	290.42	m	7.514	0.199	K0 III	1.175
HD 73581	HIP 42409	129.71147	-8.5564	290.42	m	8.655	1.34	K0 III	1.26
HD 146501	HIP 79940	244.76105	-49.40636	290.42	m	7.292	-0.023	B5/7 (VN)	0.03
HD 79456	HIP 45249	138.33979	-29.66436	290.42	m	6.573	-0.742	K5 III	1.938
HD 61640	HIP 37227	114.69471	-35.8029	290.43	m	8.2	0.885	G8 III	1.171
HD 2392	HIP 2195	6.93105	4.60706	290.45	m	8.097	0.782	K2 III	1.468
HD 34536	HIP 24753	79.61612	6.74651	290.45	m	8.148	0.833	K0	1.161
HD 147508	HIP 80166	245.47717	13.45529	290.45	m	7.531	0.216	K2	1.58
HD 161620	HIP 86901	266.3399	30.54991	290.47	m	8.176	0.86	K0	1.342
HD 144549	HIP 79004	241.90085	-29.47174	290.48	m	8.907	1.591	K0 III	1.348
HD 45375	HIP 30816	97.11902	32.13323	290.5	m	8.488	1.172	K0	1.259
HD 41501	HIP 28882	91.46907	5.73792	290.5	m	7.838	0.522	B9	-0.067
HD 37543	HIP 26631	84.90052	6.88249	290.51	m	8.475	1.159	A5	0.279
HD 156695	HIP 85328	261.56077	-73.1513	290.53	m	8.748	1.432	A0 V	0.07
HD 61689	HIP 37187	114.6038	-45.54682	290.54	m	8.144	0.828	FM DELTA DEL	0.412
HD 2996	HIP 2608	8.28114	-9.98802	290.55	m	8.667	1.351	K0/1 III	1.298
HD 213208	HIP 110801	336.72463	73.57476	290.55	m	7.892	0.576	A0	-0.044
HD 84112	HIP 47656	145.75132	8.80914	290.55	m	8.582	1.266	A3	0.358
HD 50808	HIP 33023	103.20504	-40.6931	290.55	m	7.783	0.467	G8/K0 III	1.267
HD 150578	HIP 81451	249.54054	61.17232	290.56	m	7.076	-0.24	K5	1.866
HD 39854	HIP 27917	88.61775	-17.77066	290.56	m	8.412	1.096	K0/1 IV	1.315
HD 75428	HIP 42858	131.00398	-74.30239	290.57	m	7.912	0.596	B9.5 V	0.053
HD 72904	HIP 41453	126.82641	-77.72923	290.6	m	8.411	1.095	A3 V	0.236
HD 182565	HIP 95234	290.63854	53.04699	290.61	m	8.065	0.748	A0	0.072
HD 11383	HIP 8823	28.35918	57.22431	290.62	m	8.324	1.007	G 9 III-IV	1.304
HD 25532	HIP 18995	61.04587	23.40753	290.64	m	8.314	0.997	F6IV-V	0.697
HD 5773	HIP 4548	14.55169	-64.7616	290.64	m	8.532	1.215	F2 II/III	0.461
HD 167230	HIP 89486	273.91743	-33.09157	290.64	m	6.929	-0.388	B9 V	0.002
HD 50634	HIP 33239	103.73646	21.57137	290.66	m	6.968	-0.349	B9	-0.032
HD 31815	HIP 23769	76.63217	74.09207	290.67	m	8.123	0.806	K0	1.239
HD 174361	HIP 92552	282.9057	-35.3834	290.67	m	8.056	0.739	K0 III	1.323
HD 172434	HIP 90082	275.75698	82.706	290.69	m	8.365	1.048	K0	1.296
HD 88022	HIP 49747	152.33174	20.33236	290.7	e	6.765	-0.552	F5	0.583
HD 196988	HIP 101794	309.45043	60.756	290.7	m	7.342	0.025	G0	1.127
HD 80899	HIP 45819	140.13795	-49.90721	290.71	m	8.305	0.988	G8/K0 III	1.181
HD 198690	HIP 102885	312.6652	42.38199	290.71	m	7.294	-0.023	B8	-0.1
HD 198769	HIP 102958	312.89985	32.5621	290.71	m	8.946	1.629	A0	0.197
HD 1848	HIP 1818	5.76314	44.52524	290.72	m	7.306	-0.011	A2	0.102
HD 219833	HIP 115119	349.75895	-12.17043	290.72	m	7.229	-0.088	A0 V	-0.009
HD 5383	HIP 4345	13.92442	-3.99293	290.73	m	8.802	1.485	A1 V	0.101
HD 75700	HIP 43519	132.95565	11.89416	290.74	m	7.977	0.66	K0	1.308
HD 204347	HIP 106016	322.09019	-17.25786	290.74	m	8.857	1.539	A1 V	0.157
HD 95297	HIP 53770	165.03286	-13.3288	290.76	m	8.286	0.968	G8/K0 III	1.164
HD 100776	HIP 56574	173.98484	6.76821	290.78	m	8.278	0.96	K0	1.231
HD 203143	HIP 105417	320.2862	-26.4019	290.79	m	8.447	1.129	K0 III/IV	1.238
HD 68705	HIP 40308	123.46619	6.30329	290.79	m	7.631	0.313	A0	-0.009
HD 32600	HIP 23549	75.96486	-11.66185	290.81	m	8.548	1.23	G8/K0 III	1.094
HD 187650	HIP 97701	297.83512	-9.52579	290.81	m	8.566	1.248	K1 IIICNII	1.441
HD 44766	HR 2297|HIP 30518	96.2198	29.70706	290.81	m	6.687	-0.631	B 8 IIIN	-0.066
HD 61589	HIP 37289	114.85082	-16.84729	290.83	m	6.551	-0.767	K3 III	1.774
HD 218030	HIP 113871	345.90188	64.75722	290.83	m	8.977	1.659	A2	0.316
HD 41741	HIP 28856	91.36837	-33.50188	290.83	m	7.432	0.114	A0 IV	-0.003
HD 145619	HIP 79887	244.59801	-73.04341	290.85	m	6.565	-0.753	B9 V	-0.022
HD 49647	HIP 32672	102.21515	-14.3892	290.89	m	7.648	0.329	K3 III	1.585
HD 136579	HIP 75086	230.15597	46.9257	290.9	m	8.209	0.89	K0	1.242
HD 110540	HIP 62049	190.77032	-23.84197	290.9	m	8.465	1.146	K0 III	1.304
HIP 85191		261.14933	32.24965	290.9	m	8.653	1.334	K5	1.626
HD 181723	HIP 95030	290.03188	36.38645	290.92	m	8.784	1.465	A0	0.188
HD 61748	HIP 37472	115.37095	18.25597	290.92	m	8.699	1.38	A0	0.145
HD 109002	HIP 61068	187.74243	65.89785	290.93	m	6.963	-0.356	A3	0.204
HD 155484	HIP 84097	257.89052	8.62539	290.93	m	8.678	1.359	K0	1.367
HD 143631	HIP 78498	240.36928	2.06429	290.94	m	8.361	1.042	K1 III	1.334
HD 184388	HIP 96269	293.62599	-6.78645	290.97	m	8.843	1.524	K1 III	1.595
HD 39989	HIP 28057	88.98966	-2.79993	290.97	m	8.788	1.469	A2/3 IV	0.254
HD 195970	HIP 101487	308.49274	14.71273	290.99	m	7.854	0.535	K0	1.157
HD 170314	HIP 90483	276.94121	24.69743	291	m	7.137	-0.182	B9	0.005
HD 102585	HIP 57577	177.04693	-68.53562	291.02	m	8.28	0.96	F0 IV	0.528
HD 75669	HIP 43389	132.58201	-28.86098	291.02	m	7.725	0.405	A8 III/IV	0.289
HD 43835	HIP 30097	95.00941	37.18405	291.02	m	8.627	1.307	A0	0.15
HD 133487	HIP 73736	226.08364	13.64726	291.03	m	8.132	0.812	K2III	1.373
HD 121047	HIP 67686	207.98853	51.14861	291.03	m	8.765	1.445	F2	0.329
HD 59012	HIP 36508	112.6638	49.9391	291.04	m	7.855	0.535	G5	1.087
HD 54179	HR 2687|HIP 34177	106.31821	-50.36004	291.04	m	6.615	-0.705	K3 III	1.708
HD 43143	HIP 29383	92.89013	-54.13224	291.06	m	8.25	0.93	G6 III	1.062
HD 163148	HIP 87209	267.25853	68.34183	291.07	m	7.689	0.369	A2	0.14
HD 197216	HIP 102303	310.92491	-40.06034	291.07	m	8.125	0.805	K0 III	1.206
HD 71389	HIP 41548	127.08551	33.68529	291.07	m	7.261	-0.059	K2	1.332
HD 81904	HIP 46425	141.99227	-23.67934	291.08	m	8.119	0.799	G8/K0 III	1.14
HD 33117	HIP 23466	75.67429	-67.84312	291.09	m	8.365	1.045	G8/K0 III	1.063
HD 132028	HIP 73048	223.93437	37.97419	291.09	m	8.738	1.418	A0	0.342
HD 4127	HIP 3448	11.02129	40.43391	291.09	m	8.52	1.2	G5	1.335
HD 127325	HIP 71074	218.01802	-45.44435	291.13	m	8.45	1.13	K0 III	1.349
HD 15918	HIP 11701	37.73472	-62.59629	291.15	m	7.993	0.672	G6 III	1.108
HD 55802	HIP 35068	108.77751	16.67337	291.15	m	8.341	1.02	A 0 III	0.026
HD 21348	HIP 16002	51.51949	-18.44061	291.16	m	8.318	0.997	K0 III	1.24
HD 172651	HIP 91655	280.36117	0.56442	291.17	m	7.627	0.306	K3 III	1.7
HD 29793	HIP 21746	70.03293	-35.01883	291.18	m	8.182	0.861	K0 III	1.228
HD 157513	HIP 85009	260.62211	30.5282	291.18	m	8.428	1.107	A0	0.062
HD 156369	HIP 84673	259.65967	-36.08696	291.19	m	8.324	1.003	A2 V	0.613
HD 166747	HIP 89339	273.43027	-37.25134	291.19	m	8.184	0.863	K0 III	1.082
HD 171577	HIP 91327	279.41508	-42.95549	291.19	m	7.757	0.436	B9.5 V	0.032
HD 214627	HIP 111740	339.52277	60.62386	291.19	m	8.719	1.398	A0	0.364
HD 110534	HIP 62018	190.66522	33.81425	291.19	m	8.924	1.603	F 5 V	0.539
HD 2190	HIP 2055	6.5113	28.9405	291.2	m	7.814	0.493	M0III	1.816
HD 118656	HIP 66404	204.20645	59.70266	291.21	m	8.522	1.201	K2	1.484
HD 156796	HIP 84564	259.30332	46.8126	291.21	m	8.32	0.999	G5	1.05
HD 188018	HIP 97823	298.18172	12.17456	291.21	m	8.528	1.207	A0	0.035
HD 188012	HIP 98540	300.27083	-76.23221	291.22	m	7.571	0.25	K2/3 IIICNIV	1.633
HD 48190	HIP 30887	97.25305	-80.53873	291.23	m	8.932	1.611	F0/2 IV	0.511
HD 63933	HIP 38469	118.19245	33.57544	291.23	m	8.27	0.949	B9	-0.032
HD 89406	HIP 50549	154.87225	16.95396	291.24	m	8.184	0.863	G5	1.181
HD 112370	HIP 63268	194.46948	-73.87613	291.24	m	8.703	1.382	K2 III	1.639
HD 82331	HIP 46787	143.01672	26.82787	291.24	m	8.079	0.758	G5	1.221
HD 21221	HIP 15839	51.00858	-37.28329	291.28	m	8.935	1.613	K1/2 III	1.24
HD 126360	HIP 70804	217.20504	-71.59023	291.3	m	7.785	0.463	K3 III	1.805
HD 150891	HIP 81890	250.91173	6.61856	291.31	m	7.808	0.486	K0	1.298
HD 166641	HIP 89137	272.8786	2.16563	291.31	m	8.384	1.062	G8 III	1.097
HD 224364	HIP 118090	359.33128	61.0262	291.32	m	6.847	-0.475	M0	1.994
HD 205921	HIP 106839	324.59892	10.18453	291.34	m	8.066	0.744	A5	0.283
HD 95376	HIP 53739	164.94151	-53.68853	291.35	m	7.714	0.392	A2 IV/V	0.167
HD 209195	HIP 108735	330.39774	-6.213	291.37	m	8.173	0.851	K0 III	1.236
HD 20125	HIP 15077	48.59802	9.20169	291.38	m	8.459	1.137	G5	1.387
HD 34227	HIP 24492	78.82591	-12.72765	291.38	m	8.433	1.111	A0 V	0.041
HD 40165	HIP 28200	89.38851	9.58138	291.4	m	8.389	1.067	A0	-0.02
HD 87583	HIP 49534	151.71349	42.28858	291.41	m	8.377	1.054	K 1 III	1.331
HD 30990	HIP 22665	73.12433	9.86409	291.41	m	7.822	0.499	K0	1.535
HD 32729	HIP 23454	75.62025	-51.45506	291.44	m	8.354	1.031	G8 III	1.148
HD 6731	HIP 5343	17.07833	30.42949	291.44	m	8.541	1.218	K0	1.345
HD 148800	HIP 80623	246.93666	54.5277	291.44	m	8.596	1.273	K0	0.956
HD 121596	HIP 68151	209.28508	-34.90381	291.44	m	7.569	0.246	K3 III	1.81
HD 200594	HIP 103827	315.59964	52.57582	291.45	m	8.66	1.337	A0	0
HD 123410	HIP 68997	211.88931	-1.07727	291.47	m	8.304	0.981	K2 III	1.436
HD 27886	HIP 20664	66.41041	36.66551	291.48	m	8.43	1.107	A0	0.266
HD 73240	HIP 42217	129.10635	-28.79659	291.49	m	8.096	0.773	B8 V	-0.057
HD 334181	HIP 100277	305.09337	29.86551	291.5	m	8.9	1.577	G0	0.633
HD 24556	HIP 18245	58.53238	-6.52723	291.51	m	8.513	1.19	K0/1 III	1.279
HD 108559	HIP 60838	187.04893	15.25249	291.52	m	8.921	1.598	K0	1.351
HD 203889	HIP 105750	321.27961	-1.98865	291.53	m	7.967	0.644	A3 V	0.163
HD 28304	HIP 20897	67.17572	20.67744	291.54	m	7.76	0.437	B8	0.13
HD 121559	HIP 68026	208.95079	22.68047	291.54	m	7.801	0.477	K2	1.783
HD 12928	HIP 9980	32.12891	58.86529	291.55	e	7.88	0.556	B7II	0.177
HD 35405	HIP 25323	81.2495	11.12721	291.55	m	8.195	0.871	K0	1.282
HD 154035	HIP 83479	255.91622	-15.86606	291.56	m	8.352	1.028	A2 IV/V	0.267
HD 116586	HIP 65493	201.34489	-47.63327	291.56	m	8.666	1.342	K2 III	1.558
HD 99026	HIP 55572	170.74525	-62.40722	291.59	m	8.421	1.097	K3 III	1.703
HD 188303	HIP 98240	299.46094	-59.52582	291.59	m	8.03	0.706	G8/K0 III	1.117
HD 96592	HIP 54399	166.97507	22.97341	291.6	m	8.319	0.995	K2	1.35
HD 49370	HIP 32584	101.98693	-5.154	291.6	m	7.623	0.299	B8/9 V	-0.055
HD 184541	HIP 96282	293.66026	10.95271	291.6	m	7.156	-0.168	K0	1.137
HD 108877	HIP 61037	187.64341	3.50823	291.6	m	7.542	0.218	G8 IV	1.117
HD 202362	HIP 104758	318.34206	52.66724	291.65	m	8.645	1.321	F2	0.21
HD 11672	HIP 8937	28.77099	27.55418	291.67	m	8.239	0.915	A0	0.036
HD 142305	HIP 78111	239.24519	-59.41699	291.67	m	7.93	0.606	K0 III	1.436
HD 211089	HIP 109940	334.00177	-51.30394	291.68	m	8.78	1.455	A2MA5-F0	0.218
HD 117495	HIP 65797	202.31303	60.00191	291.68	m	8.726	1.401	F2	0.463
HD 24886	HIP 18542	59.49685	15.62823	291.69	m	8.465	1.14	G5	1.295
HD 173215	HIP 91882	280.96457	10.90114	291.7	m	6.789	-0.536	K5	2.035
HD 129544	HIP 72018	220.95678	-26.0126	291.7	m	8.296	0.971	A0 V	0.133
HD 203013	HIP 105153	319.51213	46.8573	291.71	m	7.01	-0.315	B9	-0.098
HD 86193	HIP 48723	149.06494	-31.09148	291.71	m	6.923	-0.402	A1 III/IV	0.006
HD 79318	HIP 45316	138.53788	25.29228	291.72	m	8.459	1.134	K0III	1.026
HD 36598	HIP 25452	81.66066	-70.06359	291.72	m	8.179	0.854	KP BA	1.533
HD 88894	HIP 50038	153.23896	-65.16649	291.73	m	7.026	-0.299	B5 V	-0.05
HD 15348	HIP 11583	37.32234	38.22522	291.73	m	7.296	-0.029	A3	0.225
HD 29367	HIP 21512	69.2922	-8.42622	291.73	m	8.161	0.836	G8/K0 III	1.127
HD 4409	HIP 3625	11.62339	13.15208	291.73	m	7.633	0.308	K0	1.605
HD 149132	HIP 80941	247.91676	29.60564	291.73	m	8.143	0.818	K2II	1.329
HD 197840	HIP 102411	311.29443	29.9115	291.74	m	8.546	1.221	A2	0.118
HD 172075	HIP 91504	279.9165	-35.29165	291.74	m	8.483	1.158	K2 III	1.531
HD 76842	HIP 43848	133.9672	-59.42463	291.75	m	8.689	1.364	G8 III	1.125
HD 26985	HIP 20108	64.66596	53.51534	291.75	m	7.778	0.453	G5	1.553
HD 200462	HIP 104150	316.50808	-57.59247	291.75	m	8.127	0.802	K0/1 III	1.332
HD 41630	HIP 28781	91.15361	-36.65322	291.75	m	8.315	0.99	A0 V	0.011
HD 108308	HIP 60741	186.73404	-47.59224	291.76	m	8.411	1.086	K0 III	1.268
HD 3564	HIP 3098	9.85819	66.8191	291.76	m	8.64	1.315	K0	1.112
HD 64793	HIP 38714	118.88869	-2.18999	291.78	m	8.004	0.679	B9.5 V	0.012
HD 73158	HIP 42429	129.7828	51.47801	291.78	m	8.524	1.199	G5	1.117
HD 145766	HIP 79751	244.16176	-64.16446	291.8	m	8.141	0.816	G8 III	1.076
HD 70530	HIP 40924	125.28063	-34.89406	291.8	m	7.874	0.549	B9 V	-0.011
HD 156651	HIP 84587	259.36038	31.51838	291.8	m	7.038	-0.287	B5	-0.125
HD 73783	HIP 42745	130.67704	56.38829	291.81	m	8.97	1.645	B9	0.136
HD 211530	HIP 110075	334.45712	-4.25064	291.81	m	8.902	1.576	A3 III/IV	0.303
HD 19365	HIP 14462	46.66489	-6.64248	291.82	m	8.221	0.895	K2 III	1.663
HD 190227	HIP 98701	300.70339	31.95883	291.82	m	6.514	-0.812	K 1 III	1.425
HD 23495	HIP 17376	55.80162	-52.24753	291.82	m	8.071	0.745	G8 III	1.126
HD 36923	HIP 26122	83.5659	-18.81202	291.84	m	6.897	-0.429	M0 III	1.897
HD 104881	HIP 58887	181.16389	54.09674	291.84	m	8.18	0.854	G5	1.072
HD 77677	HIP 44468	135.90137	-14.43739	291.86	m	7.799	0.473	K3 III	1.693
HD 160956	HIP 86636	265.52832	17.03353	291.86	m	8.284	0.958	A5	0.285
HD 224557	HIP 118223	359.7049	53.67217	291.87	m	8.3	0.974	A0	0.134
HD 144269	HIP 78634	240.79129	44.75274	291.88	m	8.899	1.573	F2	0.478
HD 147249	HIP 79976	244.86916	34.26287	291.89	m	8.089	0.763	G5	1.087
HD 191287	HIP 99333	302.42493	-18.34667	291.89	m	8.203	0.877	AP SI	0.083
HD 163354	HIP 87885	269.29164	-34.25087	291.9	m	8.826	1.5	A9 V	0.343
HD 94326	HIP 53162	163.13891	-46.21725	291.9	m	7.788	0.462	A3/5 II/III	0.201
HD 35661	HIP 25377	81.43589	-14.03165	291.9	m	8.236	0.91	K1 III	1.254
HD 20070	HIP 14939	48.1517	-30.15549	291.91	m	7.949	0.623	K0 III	1.158
HD 85186	HIP 48123	147.17366	-50.99865	291.91	m	8.995	1.669	A6 IV/V	0.251
HD 11051	HIP 8317	26.81329	-51.80107	291.92	m	8.286	0.96	K0 III	1.273
HD 125833	HIP 70462	216.19399	-65.4841	291.92	m	8.267	0.941	K0 III	1.316
HD 220823	HIP 115708	351.64712	41.43317	291.93	m	8.77	1.444	A3	0.305
HIP 80572		246.76407	34.15176	291.93	m	8.911	1.585	K2	1.449
HD 105796	HIP 59359	182.67175	-9.40191	291.94	m	8.176	0.85	K0 III	1.26
HD 24799	HIP 18202	58.39455	-56.41294	291.94	m	8.027	0.701	K0 III(CNIII/IV)	1.117
HD 194173	HIP 100822	306.65262	-53.82274	291.98	m	8.464	1.137	K0 III	1.274
HD 118844	HIP 66748	205.20955	-57.27298	291.99	m	8.642	1.315	K0 III + (F)	1.169
HD 11512	HIP 8707	28.00777	-46.6413	291.99	m	8.138	0.811	G8 III	1.111
HD 60355	HIP 36843	113.63343	12.30468	291.99	m	7.805	0.478	B8	-0.023
HD 106542	HIP 59753	183.80656	16.90744	292	m	6.959	-0.368	K2	1.42
HD 10222	HIP 7956	25.53913	66.79234	292	m	7.094	-0.233	K0	1.363
HD 25709	HIP 19022	61.12425	-6.17283	292.02	m	7.979	0.652	B9 V	-0.004
HD 157059	HIP 85015	260.64154	-35.38209	292.04	m	8.045	0.718	A3 II/III	0.276
HD 30885	HIP 22653	73.09406	23.75164	292.04	m	8.714	1.387	K 0 III	1.478
HD 118915	HIP 66653	204.9434	12.77786	292.04	m	8.406	1.079	F5	0.484
HD 66956	HIP 39595	121.37156	-10.12305	292.06	m	6.951	-0.376	B8/9 V	-0.004
HD 92550	HIP 52230	160.06218	-47.16025	292.06	m	6.972	-0.355	B9 V	-0.075
HD 66983	HIP 39609	121.41289	-8.45013	292.07	m	8.228	0.901	G8/K0 III	1.113
HD 59267	HIP 36484	112.60428	31.14512	292.07	m	8.271	0.944	G5	1.259
HD 189914	HIP 99043	301.62454	-64.83922	292.07	m	8.202	0.875	K0 III	1.127
HD 24762	HIP 18430	59.11708	7.57129	292.07	m	8.355	1.028	G5	1.199
HD 238613	HIP 82288	252.21343	59.5162	292.07	m	8.93	1.603	F8	0.492
HD 123627	HIP 69371	213.00535	-70.17522	292.09	m	8.174	0.846	AP SREUCR	0.257
HD 217544	HIP 113654	345.2746	26.78128	292.12	m	8.416	1.088	A5	0.355
HD 124333	HIP 69464	213.32251	-13.81905	292.13	m	8.295	0.967	K0 III	1.253
HD 61332	HIP 37060	114.24087	-40.19207	292.13	m	7.187	-0.141	KP BA	1.469
HD 212237	HIP 110183	334.77361	76.01318	292.14	m	7.539	0.211	A0	0.079
HD 102226	HIP 57389	176.49308	39.39523	292.15	m	8.149	0.821	K2III	1.453
HD 16178	HIP 12125	39.04984	15.1487	292.15	m	8.519	1.191	K0	1.211
HD 70029	HIP 40936	125.30672	38.87842	292.15	m	8.212	0.884	K0	1.219
HD 76681	HIP 43994	134.3809	-7.41063	292.16	m	7.97	0.642	A0 V	0.001
HD 7383	HIP 5908	18.98071	70.10828	292.17	m	8.91	1.582	A0	0.348
HD 157997	HIP 85346	261.60307	7.62082	292.17	m	8.52	1.192	A0	0.116
HD 26934	HIP 19741	63.48856	-37.03039	292.18	m	7.131	-0.197	K3 (III)	1.785
HD 159522	HIP 86027	263.71628	10.26003	292.18	m	8.166	0.838	A2	0.296
HD 89338	HIP 50438	154.47141	-27.55328	292.18	m	8.381	1.053	K0 III	1.237
HD 183992	HIP 96079	293.01769	5.49672	292.19	m	8.798	1.47	G8III	1.447
HD 204194	HIP 105777	321.34635	51.13267	292.2	m	7.831	0.503	A2	0.196
HD 135228	HIP 74591	228.61435	-16.00441	292.21	m	8.651	1.323	F0 V	0.381
HD 207977	HIP 107964	328.08962	34.38049	292.22	m	7.523	0.194	K0	1.153
HD 63691	HIP 38265	117.59469	5.76519	292.22	m	7.615	0.286	B9	0.025
HD 189864	HIP 98510	300.18671	36.58973	292.22	m	6.69	-0.639	B9	-0.096
HD 22358	HIP 16542	53.26521	-58.64166	292.23	m	8.561	1.232	A3 V	0.191
HD 4754	HIP 3900	12.50439	38.73897	292.24	m	8.103	0.774	K0	1.181
HD 77779	HIP 44532	136.1095	-4.0241	292.26	m	8.543	1.214	A7 III/IV	0.306
HD 221191	HIP 115974	352.45648	28.89532	292.27	m	8.689	1.36	K2	1.411
HD 101514	HIP 56988	175.23291	-0.67433	292.27	m	7.33	0.001	K0 III	1.543
HD 8761	HIP 6767	21.76023	34.63903	292.27	m	8.18	0.851	G5	1.085
90 Leo	HD 100600|HR 4456|HIP 56473	173.6766	16.79607	292.3	m	7.306	-0.023	B4V	-0.122
HD 155058	HIP 83622	256.35291	60.58449	292.3	m	8.065	0.736	G5	1.116
HD 10691	HIP 8097	25.987	-30.7273	292.3	m	8.632	1.303	A3 V	0.214
HD 18576	HIP 14248	45.94467	70.65719	292.3	m	8.708	1.379	A0	0.22
HD 69431	HIP 40310	123.47139	-57.76831	292.3	m	8.444	1.115	K1 III	1.445
HD 14145	HIP 10738	34.55006	35.31563	292.31	m	8.436	1.107	G5	1.04
HIP 115441		350.75153	38.99914	292.32	m	8.99	1.661	A2	0.15
HD 121303	HIP 67958	208.75723	-19.21727	292.32	m	7.093	-0.236	G6/8 III (+ F)	1.126
HD 58548	HIP 36301	112.08888	48.05998	292.34	m	8.155	0.826	G5	1.181
HD 221344	HIP 115753	351.77047	86.00813	292.35	m	7.672	0.342	G5	1.013
HD 98069	HIP 55090	169.18593	-3.94292	292.36	m	8.184	0.854	A1/2 III/IV	0.209
HD 39210	HIP 27664	87.86283	10.25246	292.36	m	8.828	1.498	A0	0.038
HD 54565	HIP 34591	107.47478	13.14758	292.36	m	7.183	-0.147	K0	1.52
HD 30749	HIP 22149	71.49391	-63.55773	292.36	m	8.216	0.886	K0 III	1.173
HD 22673	HIP 17005	54.67949	-0.51432	292.38	m	8.393	1.063	K0 III	1.28
HD 127206	HIP 70759	217.062	54.75047	292.38	m	8.584	1.254	K0	1.431
HD 139183	HIP 76480	234.30574	-18.33503	292.4	m	8.535	1.205	K1 III + (F)	0.846
HD 16256	HIP 12510	40.24526	72.78752	292.4	m	8.592	1.262	K0	1.417
HIP 24428		78.62187	-7.28282	292.41	m	8.528	1.198	A0	-0.016
HD 157258	HIP 84955	260.4605	9.73592	292.42	m	7.281	-0.049	K0	1.202
HD 30779	HIP 22630	73.03827	36.22034	292.42	m	8.732	1.402	A2	0.442
HD 183926	HIP 96181	293.3493	-37.62917	292.42	m	8.973	1.643	F3 V	0.615
HD 178065	HR 7245|HIP 93892	286.78763	0.64097	292.43	m	6.544	-0.786	B9 III	0.057
HD 49758	HIP 32538	101.84487	-48.56357	292.43	m	6.962	-0.368	G6/K0 III + F/G	0.876
HD 132304	HIP 73203	224.42326	24.67411	292.43	m	7.107	-0.223	K3III	1.648
HD 77377	HIP 44408	135.68816	21.51924	292.44	m	8.219	0.889	G5	1.142
HD 131678	HIP 73115	224.14337	-46.95045	292.44	m	7.155	-0.175	A1/3 V + K0 III	0.618
HD 212439	HIP 110399	335.42873	70.25818	292.44	m	8.04	0.71	A0	0.111
HD 18638	HIP 13745	44.23904	-61.81246	292.46	m	8.5	1.17	K2 III	1.325
HD 157178	HIP 85182	261.11397	-50.83925	292.46	m	8.621	1.291	G8 III	1.237
HD 217659	HIP 113717	345.4641	39.10797	292.47	m	8.15	0.82	A0	0.122
HD 73873	HIP 42531	130.06126	-13.56674	292.48	m	8.394	1.064	A1 V	0.1
HD 138398	HIP 76197	233.46636	-50.08997	292.48	m	8.384	1.054	G5/8 III + F	0.937
HD 17514	HIP 13095	42.09424	-4.92086	292.48	m	7.874	0.543	G8/K0 III	1.128
HD 19361	HIP 14497	46.82015	15.20309	292.49	m	8.196	0.865	K3III	1.793
HD 160606	HIP 86164	264.11542	63.3365	292.5	m	7.987	0.656	A3	0.184
HD 127030	HIP 70749	217.03986	37.55669	292.52	m	8.139	0.808	G 8 III	1.063
HD 107249	HIP 60138	184.99235	-41.35969	292.53	m	7.1	-0.231	G8 III	1.002
HD 134826	HIP 74251	227.62606	42.16588	292.53	m	8.279	0.948	K2	1.434
HD 3519	HIP 3058	9.7053	59.82615	292.54	m	6.712	-0.619	A0	-0.035
HD 178591	HIP 93907	286.82992	41.05411	292.54	m	7.12	-0.211	B5	-0.02
HD 41791	HIP 29027	91.86396	8.27055	292.55	m	7.974	0.643	B9	-0.045
HD 53472	HIP 34266	106.54833	24.86015	292.55	m	7.054	-0.277	K9III	1.773
HD 177789	HIP 93795	286.52011	3.73956	292.56	m	8.6	1.269	K0 III	1.221
HD 161617	HIP 86564	265.34729	67.152	292.56	m	6.815	-0.516	K5	1.766
HD 207188	HIP 107594	326.90178	-17.29474	292.57	m	7.657	0.326	B9 III(P SI)	-0.089
HD 212381	HIP 110563	335.96988	-2.75773	292.58	m	8.298	0.967	G8 III	1.145
HD 92699	HIP 52336	160.4305	-30.75042	292.59	m	8.164	0.833	A0 V	0.02
HD 111082	HIP 62369	191.73513	-19.93566	292.6	m	8.907	1.576	K0 III	1.127
HD 28943	HIP 21413	68.9365	45.21455	292.6	m	7.609	0.278	K5	2.084
HD 34021	HIP 24452	78.68763	12.52536	292.61	m	8.469	1.138	A0	0.111
HD 223642	HIP 117638	357.86238	-41.77258	292.61	m	8.135	0.804	K1 III	1.339
HD 193542	HIP 100347	305.25472	-10.98274	292.61	m	6.979	-0.352	K3 III	1.646
HD 113359	HIP 63744	195.96648	-53.82599	292.62	m	8.536	1.204	K0 III(CNIV)	1.215
HD 29336	HIP 21448	69.0916	-22.2559	292.65	m	8.459	1.127	K0 III	1.222
HD 175675	HIP 93262	284.96641	-57.97777	292.66	m	7.705	0.373	G8 III	1.205
HD 40773	HIP 28556	90.41553	16.93414	292.66	m	7.47	0.138	K0	1.44
HD 185781	HIP 96733	294.96389	24.53702	292.67	m	7.272	-0.06	K0	1.66
HD 128800	HIP 71608	219.67934	14.30419	292.68	m	8.896	1.564	F0	0.255
HD 127788	HIP 71099	218.09221	33.19377	292.68	m	8.693	1.361	A 3 V(III:)	0.057
HD 94781	HIP 53474	164.08236	-10.62496	292.69	m	7.555	0.223	K2 III	1.523
HD 44646	HIP 30946	97.43129	72.02128	292.71	m	8.266	0.934	B9	0.041
HD 178910	HIP 93977	287.02024	49.08185	292.72	m	8.342	1.01	K2	1.488
HD 121423	HIP 68007	208.90356	-16.14456	292.72	m	7.958	0.626	K5 III	1.806
HD 93870	HIP 52912	162.31561	-50.27098	292.72	m	8.065	0.733	G8 III/IVCNIV/VW	1.071
HD 196497	HIP 101908	309.76844	-36.35598	292.72	m	8.119	0.787	A0 V	0.03
HD 107246	HIP 60132	184.98031	-26.73693	292.72	m	6.788	-0.544	K2 III	1.938
HD 66311	HIP 39203	120.2883	-41.75854	292.73	m	7.863	0.531	B8/9 V	-0.095
HD 115520	HIP 64827	199.33938	30.61264	292.73	m	8.449	1.117	F0	0.248
HD 50484	HIP 33101	103.41068	3.39581	292.74	m	8.589	1.257	B9.5 III	-0.04
HD 32243	HIP 23174	74.7792	-50.14201	292.75	m	8.689	1.357	K0 III	1.245
HD 46694	HIP 31269	98.36398	-32.22638	292.75	m	7.118	-0.214	K3 III	1.762
HD 165260	HIP 89256	273.21864	-74.28661	292.76	m	8.13	0.797	A1 V	0.06
HD 131402	HIP 72949	223.63257	-38.25896	292.79	m	8.41	1.077	K1 III	1.339
HD 196479	HIP 102129	310.43837	-67.04927	292.79	m	8.456	1.123	A9 V	0.305
HD 164997	HIP 88585	271.3075	-32.25982	292.79	m	8.724	1.391	K2 III	1.542
HD 892	HIP 1056	3.28976	-27.81351	292.79	m	8.263	0.93	G8 III	1.029
HD 98449	HIP 55371	170.06643	56.6067	292.8	m	8.723	1.39	G5	1.222
HD 202241	HIP 104831	318.56421	9.62375	292.8	m	7.797	0.464	A2	0.176
HD 214723	HIP 111931	340.08696	-14.60411	292.8	m	8.237	0.904	K0 III	1.211
HD 118469	HIP 66513	204.5062	-46.83734	292.81	m	8.393	1.06	K1/2 III	1.334
HD 30172	HIP 22099	71.3324	2.63641	292.82	m	8.284	0.951	G8 III	1.063
HD 72075	HIP 41792	127.81734	11.63841	292.82	m	7.531	0.198	K0	1.57
HD 174591	HIP 92572	282.96161	-16.51048	292.84	m	8.691	1.358	G8/K0 III + A/F	1.24
HD 16084	HIP 12049	38.83688	13.14269	292.85	m	8.372	1.039	G5	1.453
HD 182638	HIP 95478	291.32069	7.6579	292.87	m	8.988	1.655	A0	0.254
HD 209558	HIP 108873	330.82807	41.03736	292.88	m	8.512	1.179	A0	0.117
HD 54542	HIP 34486	107.20385	-8.67684	292.9	m	8.516	1.182	K0/1 (III)	1.544
HD 176695	HIP 93305	285.0709	28.67609	292.9	m	8.039	0.705	G8III	1.042
HD 96348	HIP 54248	166.4677	-41.90705	292.93	m	7.842	0.508	A2 V	0.098
HD 74454	HIP 42720	130.59399	-46.57934	292.95	m	7.85	0.516	B9 V	-0.023
HD 73947	HIP 42495	129.95884	-34.00981	292.95	m	7.235	-0.099	K2 III	1.646
HD 187958	HIP 97753	297.99215	20.91773	292.95	m	7.823	0.489	A0	0.149
HD 210909	HIP 109716	333.35494	12.72137	292.96	m	8.417	1.083	K2	1.227
HD 209258	HR 8395|HIP 108420	329.46275	74.99672	292.96	m	6.515	-0.819	K5	1.875
HD 45955	HIP 30980	97.53116	-10.74794	292.98	m	8.134	0.8	K0 III	1.164
HD 160342	HR 6576|HIP 86628	265.51509	-50.5107	292.98	m	6.548	-0.786	M3 III	1.935
HD 195187	HIP 101267	307.89913	-44.74651	292.99	m	8.2	0.866	G8 III	1.076
HD 205370	HIP 106683	324.13095	-54.19112	292.99	m	8.677	1.343	FM DELTA DEL	0.391
HD 219872	HIP 115177	349.92709	-46.32223	293	m	8.193	0.859	G5 III	1.136
HD 102898	HIP 57769	177.70312	6.34517	293.01	m	8.179	0.845	K0	1.174
HD 119845	HIP 67163	206.45994	-12.96463	293.01	m	8.285	0.951	K2 III	1.431
HD 198457	HIP 102811	312.42156	24.86609	293.03	m	8.384	1.049	A0	0.37
HD 136010	HIP 74918	229.64724	-8.39726	293.04	m	7.662	0.327	K1/2 III	1.482
HD 151826	HIP 82857	254.00062	-71.29424	293.04	m	8.349	1.014	G6 III	1.007
HD 6581	HIP 5307	16.97606	62.33532	293.04	m	8.558	1.223	B8III	0.137
HD 110565	HIP 62094	190.88438	-52.71615	293.05	m	8.955	1.62	F0 IV	0.486
HD 195047	HIP 100861	306.76826	47.9231	293.05	m	7.944	0.609	G5	1.326
HD 214182	HIP 111593	339.11747	6.5122	293.06	m	7.264	-0.071	K0	1.378
HD 201842	HIP 104663	318.00492	8.77734	293.07	m	8.743	1.408	A0	0.274
HD 99331	HIP 55777	171.42653	-14.53732	293.08	m	7.306	-0.029	K4 III	1.773
HD 28827	HIP 20931	67.32335	-57.18777	293.08	m	8.109	0.774	K2/3 III	1.405
HD 169933	HIP 90438	276.7905	-1.47	293.08	m	8.831	1.496	F0 V	0.55
HD 46837	HIP 31211	98.20726	-50.47331	293.09	m	7.846	0.511	F5 V	0.618
HD 6147	HIP 4961	15.90436	58.90922	293.09	m	6.966	-0.369	K5	2.057
HD 2824	HIP 2526	8.0176	55.99415	293.1	m	7.668	0.333	K 2 III	1.444
HD 39290	HIP 27668	87.86652	-2.9171	293.1	m	8.272	0.937	G8/K0 III	1.175
HD 24229	HIP 18119	58.11555	28.13389	293.1	m	8.714	1.379	K0	1.505
HD 240326	HIP 116212	353.20052	58.07192	293.13	m	8.324	0.989	K0	1.415
HD 104207	HIP 58519	180.01957	19.41937	293.14	m	7.148	-0.187	M4	1.703
HD 92847	HIP 52378	160.59161	-47.22028	293.14	m	7.1	-0.235	K2 III	1.595
HD 232383	HIP 5436	17.38916	51.57716	293.15	m	8.56	1.225	K0	1.252
HD 148978	HIP 80689	247.12335	58.23841	293.15	m	8.208	0.873	K0	1.224
HD 223392	HIP 117467	357.27286	6.3824	293.15	m	8.622	1.287	R2	1.609
HD 86035	HIP 48603	148.67823	-45.77243	293.16	m	8.045	0.709	B9.5 V	-0.022
HD 182514	HIP 95425	291.17192	10.08645	293.18	m	7.977	0.641	A0	0.11
HD 3065	HIP 2953	9.37763	85.09271	293.19	m	8.033	0.697	K0	1.132
HD 66998	HIP 39485	121.0544	-42.31457	293.2	m	8.89	1.554	A7 V	0.325
HD 173978	HIP 92096	281.5509	44.13565	293.2	m	8.11	0.774	A5	0.223
HD 171183	HIP 90956	278.31182	1.84673	293.21	m	8.555	1.219	G8/K0 III	1.275
HD 45104	HIP 27050	86.04273	-86.90219	293.21	m	8.446	1.11	G8 III	1.221
HD 96843	HIP 54482	167.19511	-34.40472	293.23	m	8.432	1.096	G1 V	0.772
HD 46291	HIP 30582	96.41802	-72.04304	293.23	m	8.375	1.039	K2 III + F/G	1.313
HD 18865	HIP 13900	44.74397	-62.45816	293.24	m	8.565	1.229	A5 V	0.248
HD 82893	HIP 46943	143.50632	-29.73849	293.25	m	8.619	1.283	A3 IV	0.222
HD 11126	HIP 8629	27.83043	60.35358	293.26	e	8.057	0.721	B8III	0.123
HD 129106	HIP 71927	220.67123	-54.47199	293.26	e	8.914	1.578	F2 V	0.498
HD 203591	HIP 105415	320.27241	56.5417	293.26	e	7.601	0.265	A0	0.087
HD 101511	HIP 56943	175.11007	-62.19828	293.27	m	8.225	0.889	B9 V	0.044
HD 5708	HIP 4546	14.54959	-39.96533	293.27	m	8.498	1.162	K0 III	1.286
HD 31571	HIP 22944	74.05251	-17.73628	293.27	m	7.474	0.138	G1 IV	0.873
HD 54183	HIP 34464	107.15503	18.30137	293.3	m	7.554	0.217	K0	1.335
HD 99837	HIP 56025	172.24432	-24.76693	293.3	m	8.51	1.173	A0 V	0.125
HD 221536	HIP 116301	353.46729	-73.73697	293.3	m	8.176	0.839	G8/K0 III	1.251
HD 27926	HIP 20505	65.91731	-19.4731	293.32	m	8.111	0.774	A1 V	0.088
HD 182878	HIP 95695	291.9653	-29.4987	293.33	m	8.578	1.241	A5/7 + G/K III	1.182
HD 27113	HIP 19922	64.1213	-13.18441	293.34	m	8.509	1.172	K0 III	1.325
HD 114363	HIP 64279	197.60439	-22.37154	293.35	m	8.403	1.066	K0 III	1.223
HD 69893	HIP 40992	125.48281	56.62428	293.35	m	8.252	0.915	G5	0.954
HD 129064	HIP 71773	220.22527	-15.32031	293.35	m	8.65	1.313	K1 III	1.444
HD 231014	HIP 94665	288.95117	15.22236	293.35	m	8.237	0.9	G5	1.234
HD 111039	HIP 62426	191.90156	-71.68345	293.35	m	8.689	1.352	B9 V	0.105
HD 2345	HIP 2150	6.79965	-14.24849	293.35	m	8.587	1.25	K1 IV	1.374
HD 123888	HIP 69271	212.71605	-32.0757	293.37	m	6.756	-0.581	K1 III	1.414
HD 65801	HR 3130|HIP 39279	120.47992	35.41307	293.38	m	6.52	-0.817	K0	1.932
HD 180312	HIP 94536	288.60606	39.65227	293.39	m	8.22	0.883	K0	1.113
HD 200207	HIP 103706	315.22242	37.6531	293.39	m	8.22	0.883	G5	1.123
HD 112907	HIP 63485	195.12099	-43.0883	293.42	m	7.4	0.063	K3 III	1.654
HD 7979	HIP 6230	19.97089	43.21057	293.42	m	8.255	0.918	K0	1.153
HD 135088	HIP 74622	228.70695	-42.31975	293.43	m	7.473	0.136	B9.5 IV	0.013
HD 142286	HIP 77846	238.41793	0.29714	293.43	m	8.376	1.038	K1 III	1.348
HD 179551	HIP 94580	288.72601	-40.35558	293.43	m	7.686	0.348	K2/3 III	1.671
HD 65322	HIP 30678	96.69657	-88.74369	293.44	m	7.353	0.015	B8 IV	-0.028
HD 140535	HIP 77855	238.46962	-78.1587	293.44	m	8.003	0.665	B9 V	0.012
HD 199054	HIP 103084	313.30564	40.32836	293.45	m	8.686	1.348	A0	0.151
HD 195982	HIP 101625	308.95501	-39.68444	293.45	m	8.215	0.877	K1 III	1.395
HD 37293	HIP 26450	84.41013	2.32153	293.46	m	8.683	1.345	A0 V	0.226
HD 110784	HIP 62203	191.2309	-52.97339	293.46	m	8.967	1.629	A3/4 V	0.253
HD 28336	HIP 21044	67.67169	52.30622	293.47	m	8.44	1.102	B9	0.254
HD 147683	HIP 80405	246.18215	-34.89376	293.49	m	7.08	-0.258	B4 V	0.137
HD 56719	HIP 35343	109.51273	-3.11466	293.49	m	7.918	0.58	A0 V	0.107
HD 217896	HIP 113929	346.06677	-33.04203	293.5	m	8.042	0.704	K1 III	1.345
HD 84428	HIP 47798	146.16358	-23.57274	293.53	m	7.989	0.651	G8 III/IV	1.059
HD 123324	HIP 68952	211.72473	0.95292	293.53	m	8.091	0.753	K2 III	1.406
HD 139952	HIP 76761	235.0987	21.3787	293.55	m	8.503	1.165	K0	1.052
HD 82583	HIP 46961	143.57614	46.0388	293.57	m	8.198	0.859	K0	1.274
HD 119326	HIP 66962	205.86505	-42.68197	293.58	m	8.035	0.696	K0 III	1.268
HD 6978	HIP 5475	17.5287	-14.42049	293.59	m	8.165	0.826	K0 III/IV	1.158
HD 79362	HIP 45190	138.13058	-35.68426	293.59	m	8.15	0.811	K0 III	1.249
HD 5671	HIP 4497	14.40841	-52.26608	293.61	m	8.258	0.919	G8/K0 III	1.198
HD 20772	HIP 15583	50.18586	-0.1694	293.61	m	8.162	0.823	A2 IV(m)	0.269
HD 197395	HIP 102196	310.60844	30.26696	293.61	m	8.261	0.922	K2III	1.226
HD 112855	HIP 63514	195.22264	-66.48162	293.63	m	8.477	1.138	K0 III	1.253
HD 198951	HIP 103162	313.51291	-10.92427	293.63	m	7.187	-0.152	K3 III	1.767
HD 40813	HIP 28617	90.61436	26.43135	293.64	m	8.803	1.464	F 2 V	0.455
HD 890	HIP 1065	3.30693	-17.18468	293.65	m	7.685	0.346	K1/2 III	1.472
HD 167121	HIP 89429	273.77129	-29.823	293.67	m	6.977	-0.362	M1 III	2.018
HD 234105	HIP 68874	211.54989	49.6513	293.68	m	8.217	0.878	F0	1.39
HD 53602	HIP 34108	106.08539	-30.7749	293.71	m	7.895	0.555	B8/9 V	-0.068
HD 279276	HIP 18767	60.30153	37.12673	293.72	m	8.523	1.183	G5	1.27
HD 47672	HIP 31428	98.78044	-65.01155	293.73	m	8.435	1.095	G8/K0 III	1.253
HD 216885	HIP 113046	343.41032	78.90188	293.74	m	7.443	0.103	K5	1.586
HD 32595	HIP 23629	76.20453	13.30886	293.75	m	7.623	0.283	B8	0.028
HD 86963	HIP 48907	149.6475	-71.68942	293.76	m	8.66	1.32	K0 III	1.217
HD 208033	HIP 108123	328.57945	-36.06159	293.76	m	6.889	-0.451	K3 III	1.671
HD 183532	HIP 96520	294.33515	-74.22838	293.77	m	8.534	1.194	K0 III	1.315
HD 71795	HIP 41652	127.40161	8.41721	293.77	m	6.939	-0.401	K0	1.192
HD 114556	HIP 64313	197.72309	28.35637	293.77	m	8.807	1.467	AM	0.359
HD 175314	HIP 92843	283.77224	-8.81117	293.77	m	8.495	1.155	K2	1.722
HD 152225	HIP 82476	252.84014	19.31556	293.77	m	8.553	1.213	A0	0.032
HD 98267	HIP 55199	169.53425	-17.5764	293.78	m	8.706	1.366	K2/3 III	1.52
HD 115217	HIP 64718	198.97488	-12.35013	293.79	m	7.422	0.082	K1 III	1.483
HD 95396	HIP 53956	165.59423	70.39999	293.8	m	8.436	1.096	A2	0.057
HD 46173	HIP 30966	97.494	-39.75431	293.8	m	8.668	1.328	K2 III	1.436
HD 36104	HIP 25742	82.44792	12.27063	293.81	m	7.018	-0.322	B8	-0.101
HD 204031	HIP 105900	321.71927	-35.01909	293.81	m	8.498	1.158	K1 IV	1.289
HD 150902	HIP 81156	248.62582	77.65395	293.82	m	8.013	0.673	G5	1.275
HD 80824	HIP 45931	140.48028	-2.80656	293.82	m	8.285	0.945	K0 III	1.247
HD 129470	HIP 71915	220.64541	4.48674	293.84	m	7.988	0.647	K1 (III)	1.3
HD 32462	HIP 23574	76.0226	17.12488	293.86	m	8.903	1.562	K0	1.154
HD 196303	HIP 102071	310.27912	-69.52126	293.86	m	8.355	1.014	A0 V	0.066
HD 39245	HIP 27005	85.92856	-73.53916	293.87	m	8.218	0.877	G6 III	1.152
HD 10363	HIP 7944	25.51616	43.64	293.89	m	7.209	-0.132	A0	-0.002
HD 10966	HIP 8384	27.02127	21.65877	293.9	m	8.752	1.411	F0	0.369
HD 66110	HIP 38902	119.42325	-65.90872	293.91	m	6.865	-0.476	M0 III	1.917
HD 200274	HIP 103835	315.61001	5.56034	293.93	m	8.789	1.448	K2	1.616
HD 24624	HIP 18272	58.6326	-12.72198	293.94	m	8.397	1.056	A0 IV/V	0.104
HD 14180	HIP 10601	34.12207	-43.2615	293.94	m	7.716	0.375	K0 III	1.231
HD 25006	HIP 18384	58.94947	-52.24788	293.95	m	7.874	0.533	A0 V	0.085
HD 151483	HIP 82144	251.72379	17.94962	293.95	m	8.596	1.255	K0	1.195
HD 32863	HIP 23850	76.90465	32.76403	293.96	m	7.588	0.247	K0	1.648
HD 103080	HIP 57849	177.95887	-68.16108	293.97	m	8.496	1.154	K0 III	1.171
HD 4504	HIP 3670	11.74215	-11.16292	293.98	m	8.116	0.774	K0 III	1.197
HD 56761	HIP 35494	109.87823	26.82291	293.99	m	7.064	-0.278	G8III	1.134
HD 179891	HIP 94422	288.2765	30.04613	293.99	m	8.161	0.819	A0	-0.051
HD 122832	HIP 68104	209.14496	81.61412	294	m	8.612	1.27	A0	0.178
HD 160523	HIP 86524	265.22355	-14.25837	294.02	m	8.764	1.422	K0 IIICNII	1.406
HD 30073	HIP 21713	69.93085	-65.66622	294.02	m	8.327	0.985	K1 IIICNIB/II	1.333
HD 17284	HIP 12998	41.78398	22.60391	294.03	m	8.678	1.336	G5	1.321
HD 130200	HIP 72394	222.02293	-41.86311	294.03	m	8.666	1.324	K2 III	1.356
HD 90246	HIP 50881	155.84621	-61.71708	294.04	m	8.362	1.02	K0 III	1.214
HD 27259	HIP 20178	64.87728	30.88319	294.06	m	7.867	0.525	K5	2.027
HD 154002	HIP 83505	255.99617	-28.25631	294.07	m	7.758	0.416	B9/A0 III	0.043
HD 86574	HIP 49193	150.60818	69.04071	294.07	m	8.272	0.93	K0	1.21
HD 82764	HIP 46765	142.97347	-56.9889	294.07	m	7.126	-0.216	B8 III	-0.003
HD 212489	HIP 110613	336.13901	8.17489	294.08	m	8.438	1.096	K2	1.389
HD 66454	HIP 39352	120.65599	-27.54425	294.09	m	7.218	-0.124	(K1 III + F/G)	1.136
HD 19106	HIP 14319	46.1707	9.02837	294.1	m	8.575	1.233	K0	1.338
HD 52024	HIP 33475	104.38073	-43.78858	294.12	e	7.29	-0.053	B9 V	-0.048
HD 162795	HIP 87545	268.27588	-8.86087	294.12	e	8.955	1.612	A0/1 IV	0.572
HD 173928	HR 7072|HIP 92301	282.18923	-18.6012	294.12	m	6.627	-0.716	A1 V + K1 III	0.927
HD 205073	HIP 106262	322.84657	48.35649	294.12	e	7.845	0.502	AM	0.025
HD 58430	HIP 36099	111.54987	14.84036	294.12	m	8.868	1.525	A2	0.176
HD 18597	HIP 13937	44.88971	3.51757	294.12	m	8.785	1.442	A1 III	0.315
HD 176869	HIP 93329	285.1426	39.84493	294.13	m	7.861	0.518	B9	-0.037
HD 106208	HIP 59576	183.25776	59.72016	294.14	m	8.37	1.027	G5	1.114
HD 5869	HIP 4649	14.93509	-31.33618	294.17	m	7.67	0.327	K4 V	1.755
HD 194917	HIP 100992	307.13821	-11.79621	294.18	m	7.333	-0.01	K5 III	1.868
HD 122945	HIP 68767	211.1266	21.38816	294.18	m	8.544	1.201	A 0 V	0.205
HD 56237	HIP 35030	108.69268	-35.24767	294.2	m	8.676	1.333	A0 V	0.01
HD 188827	HIP 98219	299.39397	-15.45428	294.21	m	8.238	0.895	K0 III	1.251
HD 90184	HIP 50963	156.14735	-2.62031	294.21	m	8.966	1.623	K0 III	1.203
HD 16748	HIP 12553	40.37049	15.64153	294.22	m	8.958	1.615	A2	0.243
HD 22086	HIP 16937	54.49655	67.99456	294.23	m	8.273	0.93	G5	1.12
HD 109745	HIP 61587	189.29876	-24.8925	294.23	m	7.96	0.617	K1 III	1.489
HD 176875	HIP 93460	285.5146	7.24892	294.23	m	8.41	1.067	B9	0.228
HD 112278	HIP 63081	193.87633	11.49621	294.24	m	7.107	-0.236	M4III:	1.736
HD 163602	HIP 87993	269.60749	-35.06674	294.24	m	8.377	1.033	G8 III	1.327
HD 50036	HIP 33454	104.33411	70.08787	294.26	m	8.215	0.871	A0	0.063
HD 148425	HIP 80637	246.96808	2.30955	294.27	m	8.557	1.213	K2 III	1.522
HD 162157	HIP 87778	268.96372	-70.53124	294.28	m	8.622	1.278	G8 III	1.085
HD 142143	HIP 77619	237.69426	48.48302	294.29	m	7.903	0.559	M 6.5S VAR	1.592
HD 210729	HIP 109435	332.56436	64.95662	294.29	m	8.975	1.631	A0	0.177
HD 220159	HIP 115202	350.01091	76.90785	294.29	m	8.355	1.011	K0	1.288
HD 101698	HIP 57074	175.49887	-45.64907	294.3	m	7.98	0.636	A2 IV	0.166
HD 33919	HIP 24312	78.26168	-15.86281	294.3	m	8.551	1.207	G8 III	1.072
HD 157326	HIP 84850	260.12573	44.19213	294.31	m	6.955	-0.389	K0	1.244
HD 26077	HIP 19537	62.7725	60.17358	294.33	m	8.755	1.411	A0	0.129
HD 13652	HIP 10292	33.14362	-26.32249	294.33	m	8.039	0.695	K0 III	1.298
HD 118104	HIP 66299	203.81607	-31.40858	294.34	m	8.928	1.584	F3 V	0.51
HD 196241	HIP 101533	308.65002	41.09841	294.36	m	6.828	-0.516	K5	1.775
HD 30165	HIP 22383	72.27415	61.50739	294.38	m	7.388	0.043	M2	1.783
HD 223812	HIP 117766	358.24553	-46.51311	294.39	m	8.964	1.619	K2 III	1.384
HD 166606	HIP 89161	272.94606	-9.54683	294.43	m	8.463	1.118	A1/2 III/IV	0.766
HD 73427	HIP 42472	129.88275	32.51561	294.44	m	6.859	-0.486	K5	1.745
HD 21671	HIP 16836	54.17459	75.74343	294.44	m	8.356	1.011	K0	1.174
HD 186930	HIP 97276	296.55686	25.16699	294.45	m	8.139	0.794	K 0 II-III	1.172
HD 34423	HIP 24918	80.0981	55.05165	294.46	m	8.196	0.851	G5	1.174
HD 123279	HIP 68828	211.39848	44.34039	294.46	m	8.157	0.812	K0	1.096
HD 222520	HIP 116862	355.32292	5.21802	294.46	m	8.551	1.206	K3 III/IV	1.541
HD 88581	HIP 50046	153.26154	3.15682	294.46	m	8.247	0.902	G6 IV	1.049
HD 214455	HIP 111695	339.39039	44.52836	294.49	m	8.561	1.216	K0	1.306
HIP 14505		46.83172	40.20213	294.51	m	8.608	1.262	K0	1.448
HD 29443	HIP 21522	69.32112	-23.04857	294.51	m	7.641	0.295	B8 V	-0.082
HD 124759	HIP 69683	213.9593	-16.08136	294.53	m	8.147	0.801	K0 III	1.406
HD 13991	HIP 10493	33.81838	-32.46624	294.54	m	8.358	1.012	K0 III	1.136
HD 40359	HR 2098|HIP 28138	89.20419	-31.97625	294.54	m	6.541	-0.805	G8 III	1.282
HD 6948	HIP 5536	17.74462	56.7744	294.56	m	7.225	-0.121	B9	-0.023
HD 66925	HIP 39621	121.44878	2.1651	294.56	m	6.821	-0.525	A0 V	-0.006
HD 72115	HIP 41833	127.92207	18.98773	294.57	m	6.635	-0.711	K0	1.834
HD 126279	HIP 70498	216.30485	-28.13097	294.58	m	7.32	-0.026	K2 III	1.662
HD 12809	HIP 9580	30.77986	-64.2345	294.6	m	8.527	1.181	K1/2 IIICNIB/II	1.429
HD 197839	HIP 102415	311.30521	31.77404	294.61	m	7.816	0.47	K2	1.262
HD 141404	HIP 77521	237.41768	-20.77747	294.61	m	7.743	0.397	A0 III/IV	0.111
HD 179215	HIP 93439	285.4545	77.67578	294.62	m	7.734	0.388	K2	1.376
HD 172396	HIP 91423	279.67368	31.15821	294.63	m	8.442	1.096	A0	0.061
HD 44124	HIP 30303	95.6057	46.19462	294.68	m	7.388	0.041	A2	0.149
HD 37193	HIP 26053	83.36355	-56.57337	294.7	m	8.418	1.071	K0 III	1.25
HD 47586	HIP 32165	100.74603	58.29435	294.71	m	8.643	1.296	G 8 III-IV	1.057
HD 22704	HIP 16881	54.30874	-44.47202	294.71	m	8.596	1.249	F3/5 IV	0.507
HD 116232	HIP 65217	200.48672	25.99817	294.72	m	7.71	0.363	G8III	1.15
HD 36835	HIP 26307	84.04029	36.24728	294.73	m	8.686	1.339	K0	1.302
HD 42309	HIP 29448	93.07146	45.04774	294.74	m	8.443	1.096	K0	1.264
HD 103464	HIP 58088	178.69817	-31.6682	294.74	m	8.328	0.981	G8 III/IV	1.28
HD 173526	HIP 91988	281.23637	22.56218	294.74	m	7.612	0.265	G4II	1.149
HD 300791	HIP 51661	158.31307	-55.38689	294.75	m	6.792	-0.555	G5	1.08
HD 78554	HIP 44917	137.2589	5.60749	294.77	m	8.194	0.847	G5	0.822
HD 215473	HIP 112305	341.22076	39.20103	294.77	m	6.62	-0.727	K5	1.807
HD 113394	HIP 63700	195.8163	6.83652	294.78	m	8.883	1.536	G0	1.172
HD 179298	HIP 94492	288.48937	-42.56957	294.78	m	8.251	0.904	G8 II/III	1.24
HD 55460	HIP 34936	108.44149	17.93319	294.79	m	8.444	1.096	G5	0.982
HD 12082	HIP 9248	29.727	18.35809	294.81	m	6.929	-0.419	G5	1.426
HD 146589	HIP 79839	244.44599	-21.9004	294.82	m	8.567	1.219	K1 III	1.441
HD 10560	HIP 7940	25.51224	-41.11805	294.82	m	8.684	1.336	A1 V	0.177
HD 178712	HIP 95335	290.93232	-81.38224	294.82	m	8.907	1.559	G8/K0 III	1.429
HD 224854	HIP 105	0.32781	70.92894	294.82	m	7.789	0.441	F0	0.442
HD 184795	HIP 96488	294.22847	-21.90271	294.83	m	7.794	0.446	G8 III	1.209
HD 10403	HIP 8112	26.0645	70.90171	294.83	m	8.804	1.456	A0	0.127
HD 124353	HIP 69466	213.32774	-8.44463	294.84	m	7.272	-0.076	K0 III	1.264
HD 215921	HIP 112715	342.39608	-53.30937	294.85	m	8.399	1.051	K1 III	1.349
HD 178002	HIP 93748	286.35344	36.94085	294.86	m	8.325	0.977	A0	0.021
HD 173258	HIP 92106	281.57605	-41.91797	294.87	m	7.209	-0.139	G8 III	1.246
HD 193042	HIP 100229	304.9156	-40.64774	294.88	m	8.153	0.805	G8 III	1.141
HD 32867	HIP 23757	76.59546	2.67326	294.89	m	7.466	0.118	B8 II	-0.115
HD 6305	HIP 4977	15.94431	-11.67139	294.92	m	8.384	1.036	K2 III/IV	1.454
HD 85352	HIP 48291	147.68589	-20.77022	294.92	m	8.117	0.768	A1 V	0.22
HD 22559	HIP 16877	54.29084	-17.87653	294.93	m	8.329	0.98	G8/K0 III	1.213
HD 11028	HIP 8393	27.07105	0.45215	294.94	m	8.14	0.791	K0 III	1.219
HD 61658	HIP 37571	115.66281	48.52292	294.95	m	7.968	0.619	K2	1.359
HD 157559	HIP 85421	261.82928	-57.10431	294.96	m	8.344	0.995	F0 IV	0.398
HD 188791	HIP 97283	296.57379	79.46023	294.97	m	7.423	0.074	K2	1.501
HD 116991	HIP 65691	202.02394	-43.76863	294.98	m	7.461	0.112	K1 III	1.42
HD 110069	HIP 61763	189.87905	-6.10056	294.99	m	6.851	-0.498	K3 III	1.7
HD 61836	HIP 37522	115.52112	22.92881	294.99	m	7.578	0.229	K0	1.5
HD 2289	HIP 2095	6.62554	-28.41309	295	m	8.395	1.046	K0 III	1.244
HD 117238	HIP 65881	202.56721	-56.39578	295.03	m	8.991	1.642	K0 III	1.161
HD 65775	HIP 39233	120.36289	29.5973	295.03	m	8.906	1.557	A0	0.307
13 Cnc	HD 67690|HIP 40007	122.5546	25.84448	295.04	m	6.577	-0.772	K0	1.691
HD 17005	HIP 12675	40.71034	-28.15132	295.04	m	6.876	-0.473	G0 II	0.901
HD 128344	HIP 71538	219.47869	-48.02356	295.05	m	6.635	-0.714	B8 V	-0.023
HD 59475	HIP 36433	112.46623	-7.88171	295.05	m	8.846	1.496	A2 IV/V	0.13
HD 116960	HIP 65599	201.74558	11.90855	295.05	m	7.991	0.641	A 0 V	-0.012
HD 130993	HIP 72704	222.97447	-27.59539	295.06	m	8.392	1.042	K0 III	1.122
HD 205436	HIP 106554	323.69577	19.93639	295.07	m	7.009	-0.341	K0	1.15
HD 57331	HIP 35460	109.80296	-36.16695	295.07	m	8.142	0.792	B9 IV	-0.083
HD 199008	HIP 103121	313.41022	19.59164	295.08	m	8.179	0.829	A2	0.254
HD 14108	HIP 10669	34.32141	14.46592	295.08	m	8.641	1.291	A0	0.159
HD 149883	HIP 81487	249.6512	-26.98935	295.08	m	8.442	1.092	B9 IV	0.146
HD 143468	HIP 78281	239.74962	36.94199	295.09	m	7.885	0.535	K0	1.084
HD 96233	HIP 54314	166.67076	56.0916	295.09	m	7.443	0.093	K2	1.668
HD 97744	HIP 54864	168.50972	-56.63274	295.1	m	8.431	1.081	K0/1 III	1.332
HD 111771	HIP 62785	192.98663	-35.08241	295.1	m	7.118	-0.232	K1 III	1.58
HD 160424	HIP 86351	264.68079	26.52682	295.11	m	8.57	1.22	A2	0.212
HD 16423	HIP 12319	39.65556	19.72767	295.13	m	7.349	-0.001	K0	1.767
HD 190659	HIP 98966	301.3956	13.11399	295.13	m	8.346	0.996	K0	1.266
HD 233440	HIP 37550	115.60225	52.30923	295.14	m	8.449	1.099	G5	0.984
HD 165770	HIP 88914	272.24626	-31.16004	295.14	m	8.01	0.66	B9 V	0.016
HD 20994	HIP 15877	51.12433	34.28611	295.19	m	8.703	1.352	A2	0.28
HD 72132	HIP 41914	128.18216	42.14001	295.2	m	8.27	0.919	G5III	1.11
HD 26065	HIP 19267	61.94494	2.72563	295.21	m	8.937	1.586	K1/2 III	1.608
HD 34917	HIP 25328	81.25523	61.82563	295.21	m	7.96	0.609	B9	0.113
HD 8441	HIP 6560	21.07781	43.1421	295.22	m	6.679	-0.672	A2P	0.037
HD 103681	HIP 58225	179.12594	57.87157	295.22	m	7.842	0.491	M5III	1.452
HD 157823	HIP 85259	261.32818	8.92467	295.23	m	6.856	-0.495	K5	1.813
HD 93567	HIP 52838	162.05465	8.83227	295.24	m	8.388	1.037	K2	1.317
HD 95545	HIP 54070	165.95885	74.38462	295.27	m	8.783	1.432	A2	0.231
HD 178464	HIP 94110	287.35125	-16.88581	295.29	m	8.183	0.832	G5 III	1.017
HD 174872	HIP 92812	283.66669	-40.58009	295.29	m	7.951	0.6	G6/8 III/IV	1.026
HD 31814	HIP 23885	76.98303	76.63631	295.3	m	8.372	1.021	F0	0.381
HD 84581	HIP 47872	146.35094	-33.79738	295.32	m	8.291	0.94	A0 V	0.05
HD 17234	HIP 13098	42.10317	58.83192	295.32	m	7.662	0.311	K 0 II	1.242
HD 211048	HIP 109810	333.62164	7.97611	295.32	m	6.937	-0.414	A0	-0.037
HD 76186	HIP 43602	133.19899	-47.39432	295.32	m	6.794	-0.557	B9 IV/V	-0.037
HD 172309	HIP 91289	279.30883	45.67172	295.32	m	8.344	0.992	F0	0.247
HD 28503	HR 1424|HIP 21108	67.85042	40.01018	295.33	m	6.781	-0.571	B 8 V	0.001
HD 72059	HIP 41722	127.61859	-12.63369	295.34	m	7.788	0.436	A1 V	0.095
HD 199066	HIP 104098	316.34787	-81.39681	295.34	m	8.056	0.704	K0 III	1.244
HD 55672	HIP 35046	108.71815	23.11104	295.35	m	8.338	0.986	K0	1.424
HD 12561	HIP 9534	30.6469	-21.96577	295.35	m	6.931	-0.421	B6 V	-0.123
HD 78108	HIP 44830	137.02625	47.4237	295.36	m	7.197	-0.155	K0	1.381
HD 48010	HIP 32049	100.44776	14.41344	295.36	m	7.764	0.412	F0	0.29
HD 15417	HIP 11978	38.6279	76.71815	295.36	m	6.996	-0.356	M0	2.048
HD 100679	HIP 56523	173.84006	34.50968	295.4	m	8.998	1.646	A M	0.235
HD 63148	HIP 37927	116.58105	-28.9105	295.41	m	7.867	0.515	A8 V	0.308
HD 32481	HIP 23592	76.09194	21.64355	295.41	m	7.997	0.645	B 3 V	0.353
HD 24003	HIP 17882	57.37734	-0.35585	295.42	m	8.559	1.207	A0 V	0.094
HD 32233	HIP 23569	76.0126	47.66484	295.42	m	7.288	-0.064	K0	1.544
HD 69630	HIP 40669	124.53467	11.65685	295.43	m	8.125	0.773	A2	0.113
HD 94105	HIP 53046	162.7998	-36.95729	295.43	m	7.783	0.431	K0 III	1.3
HD 772	HIP 958	2.96087	-54.20995	295.43	m	8.29	0.938	K0 III	1.349
HD 83232	HIP 47108	144.01402	-31.2323	295.43	m	7.841	0.489	A3/5 V	0.82
HD 150870	HIP 81429	249.47899	70.43956	295.46	m	8.19	0.838	K0	1.087
HD 199128	HIP 103280	313.85183	-11.31429	295.46	m	8.313	0.96	G8 III/IV	1.16
HD 154644	HIP 83879	257.16071	-40.84987	295.47	m	8.628	1.275	G8 III/IV	1.295
HD 151186	HIP 81669	250.24981	66.95944	295.49	m	8.265	0.912	K2	1.202
HD 134559	HIP 74416	228.12386	-51.25709	295.49	m	8.729	1.376	F3 IV/V	0.499
HD 45389	HIP 30955	97.46658	51.37944	295.5	m	8.539	1.186	A0	0.079
HD 140297	HIP 76844	235.35929	38.55739	295.5	m	7.887	0.534	M4	1.518
HD 97052	HIP 54615	167.65903	25.13364	295.5	m	8.918	1.565	K0	1.407
HD 166657	HIP 89072	272.68456	22.89596	295.51	m	8.4	1.047	A0	0.074
HIP 667		2.05692	29.73227	295.54	m	8.429	1.076	K0	1.178
HD 13374	HIP 10171	32.70553	8.36868	295.54	m	8.276	0.923	G5	1.198
HD 18490	HIP 14160	45.64461	69.22872	295.55	m	8.496	1.143	K0	1.424
HD 210119	HIP 109171	331.72084	49.26731	295.55	m	8.319	0.966	A0	0.102
HD 167349	HIP 89296	273.31782	35.19698	295.58	m	7.856	0.503	A5	0.217
HD 100595	HIP 56394	173.41625	-71.41221	295.59	m	8.886	1.533	G8 III	1.256
HD 199784	HIP 103556	314.71911	17.86718	295.61	m	7.981	0.627	A5	0.298
HD 25318	HIP 19195	61.70551	70.46055	295.62	m	8.691	1.337	B9	0.203
HD 64678	HIP 37857	116.40713	-78.16701	295.62	m	8.924	1.57	A3MA5-A9	0.317
HD 113813	HIP 63939	196.55852	3.94662	295.64	m	8.447	1.093	G8 III/IV	1.203
HD 177778	HIP 93527	285.73539	56.61486	295.64	m	8.115	0.761	K0	1.152
HD 194281	HIP 100567	305.88949	34.37754	295.66	m	8.307	0.953	A2	-0.036
HD 102914	HIP 57770	177.70498	-22.14379	295.66	m	8.272	0.918	G8/K0 III	1.121
HD 214549	HIP 111818	339.73542	-3.02585	295.67	m	8.182	0.828	G8 III	1.166
HD 126410	HIP 70468	216.20216	21.3579	295.68	m	7.375	0.021	K2	1.43
HD 210979	HIP 109127	331.55898	82.66076	295.68	m	7.917	0.563	A0	0.118
33 Her	HD 149805|HIP 81354	249.21516	7.10719	295.68	m	7.281	-0.073	B9	0.016
HD 160965	HIP 86599	265.45738	23.75345	295.69	m	6.93	-0.424	B8	-0.123
HD 200144	HIP 103862	315.67331	-35.31454	295.73	m	8.804	1.45	K1 III	1.378
HD 110788	HIP 62158	191.08546	27.98201	295.73	m	8.13	0.776	G8III	1.142
HIP 84747		259.85193	79.37102	295.74	m	8.787	1.432	A0	0.216
HD 151027	HIP 81969	251.17214	4.91253	295.74	m	8.307	0.952	K0	1.21
HD 9635	HIP 7419	23.90383	52.1638	295.75	m	7.556	0.201	K2	1.82
HD 197622	HIP 102315	310.96455	33.10207	295.76	m	8.403	1.048	K2	1.408
HD 120816	HIP 67489	207.44571	62.80854	295.77	m	8.159	0.804	K2	1.355
HD 203160	HIP 105387	320.2048	-11.34958	295.77	m	8.178	0.823	K0 III	1.259
HD 212946	HIP 110891	336.99838	-5.9387	295.79	m	8.355	1	K0 III	1.257
HD 72843	HIP 41825	127.90951	-62.33903	295.8	m	7.392	0.037	B8 (IV)	-0.06
HD 58056	HIP 35837	110.85048	-13.3502	295.8	m	8.243	0.888	A0 V	0.137
HD 142258	HIP 78037	239.01375	-52.94895	295.81	m	8.87	1.515	B9 V	0.053
HD 157425	HIP 84727	259.78919	61.75735	295.81	m	7.841	0.486	K5	1.774
HD 173107	HIP 92077	281.49871	-47.0493	295.81	m	8.263	0.908	F0 V	0.387
HD 112334	HIP 63185	194.16896	-54.31929	295.81	m	8.476	1.121	K2 III	1.574
HD 74922	HIP 42849	130.97105	-59.58733	295.81	m	8.171	0.816	B9.5 III/IV	0.056
HD 71748	HIP 41805	127.85016	53.12216	295.82	m	8.096	0.741	G5	1.224
HD 129750	HIP 72377	221.98811	-68.51967	295.82	m	7.148	-0.207	B9 IV(P SI)	-0.04
HD 164750	HIP 88888	272.1915	-70.07967	295.84	m	8.116	0.761	K0 II/III	1.282
HD 110104	HIP 61741	189.81379	59.75019	295.85	m	8.361	1.006	G5	1.326
HD 235286	HIP 101633	308.99375	50.72053	295.86	m	8.477	1.122	K0	1.225
HD 283550	HIP 20091	64.61598	25.00391	295.87	m	8.581	1.225	A2	0.609
HD 39417	HR 2038|HIP 27829	88.32926	20.29911	295.88	m	6.684	-0.672	B 9 V	-0.062
HD 52121	HIP 32733	102.41822	-78.08997	295.89	m	8.481	1.125	G8 III/IV	1.119
HD 21555	HIP 16201	52.17931	4.35711	295.89	m	7.693	0.337	A0 V	0.197
HD 199397	HIP 103295	313.90309	38.90232	295.89	m	7.936	0.58	A0	0.144
HD 188500	HIP 97914	298.46814	41.22936	295.89	m	7.635	0.279	A2	0.183
HD 37492	HIP 26541	84.6655	-8.47102	295.9	m	7.076	-0.28	B9 II	-0.071
HD 26774	HIP 21319	68.65122	84.47238	295.91	m	7.471	0.115	K2	1.622
HD 338772	HIP 97102	296.01321	27.7208	295.94	m	8.732	1.376	G 8 III	1.384
HD 219468	HIP 114887	349.07483	-40.66228	295.95	m	8.621	1.265	K0 III	1.167
HD 176473	HIP 93405	285.34982	-23.22822	295.96	m	7.947	0.591	G8 III	1.25
HD 145183	HIP 79053	242.03758	35.59768	295.96	m	8.615	1.259	A2	0.148
HD 173184	HIP 92094	281.53744	-44.22312	295.97	m	6.937	-0.419	K4 III	1.856
HD 127521	HIP 71083	218.04978	-10.93529	295.98	m	8.495	1.139	K0 III + F5/7	0.998
HD 76976	HIP 44211	135.08627	28.6687	295.99	m	7.791	0.435	M0III	1.855
HD 219349	HIP 114795	348.80401	-6.12185	295.99	m	7.593	0.237	G8 III	1.06
HD 132992	HIP 73344	224.81956	61.09405	295.99	m	8.428	1.072	K0	1.225
HD 126001	HIP 70392	216.02945	-41.2372	296.01	m	7.845	0.488	A5 IV	0.265
HD 106615	HIP 59813	183.98621	-55.70872	296.01	m	8.287	0.93	K0 III	1.181
HD 153781	HIP 83277	255.29675	6.45745	296.02	m	8.938	1.581	F2	0.462
HD 98610	HIP 55380	170.10576	-37.56198	296.03	m	8.134	0.777	A2 III(M)	0.227
HD 63455	HIP 38482	118.21788	62.88521	296.05	m	8.23	0.873	G5	1.114
HD 202643	HIP 105020	319.0798	31.35758	296.05	m	8.156	0.799	A2	0.139
HD 88875	HIP 50128	153.50095	-46.732	296.06	m	8.277	0.92	F8 V + F(0)	0.575
HD 154517	HIP 83634	256.38344	10.54649	296.08	m	8.551	1.194	A5	0.441
HD 27223	HIP 20348	65.38083	60.79267	296.08	m	8.019	0.662	B9	-0.002
HD 168828	HIP 89870	275.08693	33.78518	296.08	m	8.385	1.028	A0	0.051
HD 53868	HIP 34015	105.87353	-55.94824	296.09	m	7.416	0.059	K1 III	1.457
HD 46640	HIP 31524	99.00556	34.19825	296.1	m	8.134	0.777	G5	1.156
HD 140267	HIP 76932	235.64012	3.49374	296.1	m	8.445	1.088	K0 III	1.377
HD 39448	HIP 28034	88.92187	52.97775	296.11	m	8.116	0.759	G5	1.313
HD 208330	HIP 108171	328.73706	29.34839	296.11	m	8.493	1.136	K 0 III	1.306
HD 86766	HIP 49012	149.98302	-32.56252	296.11	m	8.318	0.961	K1 III	1.368
HD 124069	HIP 69324	212.82722	1.57243	296.12	m	8.188	0.831	G8/K0 III	1.147
HD 171106	HIP 91454	279.78948	-70.80317	296.12	m	7.263	-0.094	K2 III	1.497
HD 156117	HIP 84542	259.24945	-30.34003	296.13	m	8.954	1.597	F2 V	0.529
HD 179120	HIP 94601	288.77381	-61.44053	296.14	m	8.583	1.226	K0 III	1.076
HD 84706	HIP 47980	146.69728	-11.93888	296.14	m	7.723	0.366	K2 III	1.564
HD 33155	HIP 23945	77.19232	11.75223	296.15	m	7.39	0.032	K0	1.642
HD 70590	HIP 41333	126.49643	59.7071	296.15	m	8.817	1.459	F0	0.226
HD 156010	HIP 84620	259.47919	-52.01647	296.16	m	8.611	1.253	K1 III	1.455
HD 172114	HIP 90615	277.35425	76.22581	296.16	m	7.547	0.189	K0	1.348
HD 36828	HIP 26073	83.41487	-17.78596	296.16	m	8.235	0.877	K0 III	1.205
HD 57854	HIP 35546	110.02744	-54.21078	296.2	m	8.035	0.677	G8 III	1.063
HD 188168	HIP 97723	297.88993	50.77341	296.2	m	8.099	0.741	K0	1.108
HD 99801	HIP 56013	172.1882	-27.75848	296.24	m	8.673	1.315	K2 III	1.455
HD 104282	HIP 58559	180.11738	-24.45806	296.24	m	8.792	1.434	A0/2 V + A7/F0	0.138
HD 27567	HIP 19935	64.14089	-65.91138	296.25	m	8.341	0.983	A1 V	0.159
HD 38350	HIP 27157	86.3561	6.29789	296.25	m	7.167	-0.191	A2	0.092
HD 6825	HIP 5384	17.22105	-4.72258	296.25	m	8.039	0.681	G8 III	1.157
HD 113897	HIP 64017	196.76599	-20.14054	296.26	m	8.215	0.857	G8/K0 III	1.149
HD 154616	HIP 83631	256.3764	28.08799	296.28	m	8.546	1.187	A2	0.214
HD 859	HIP 1017	3.16613	-61.31265	296.29	m	8.625	1.266	G6 III	1.002
HD 87855	HIP 49633	151.94013	-7.63077	296.29	m	6.84	-0.519	M1 III	1.913
HD 14292	HIP 10763	34.62723	-4.86955	296.3	m	8.159	0.8	G8 IV	0.946
HD 155708	HIP 84456	258.9958	-52.30785	296.3	m	7.608	0.249	K2 III	1.669
HD 43014	HIP 30764	96.9657	80.86743	296.3	m	8.127	0.768	G5	1.194
HD 112143	HIP 62990	193.60713	-12.93743	296.31	m	8.099	0.74	K0 III	1.215
HD 76128	HIP 43601	133.19905	-41.43036	296.31	m	8.253	0.894	K2 III	1.418
HD 71497	HIP 41509	126.98399	4.82144	296.31	m	8.032	0.673	G5	1.264
HD 36638	HIP 27230	86.56214	80.39542	296.32	m	8.054	0.695	G5	1.165
HD 1936	HIP 1873	5.91607	-3.05814	296.32	m	7.866	0.507	G5/6wA	0.862
HD 4231	HIP 3539	11.29338	37.38282	296.34	m	8.122	0.763	K0	1.404
HD 162317	HIP 87020	266.7153	58.6387	296.34	m	8.727	1.368	K2	1.427
HD 67708	HIP 40249	123.31224	64.03729	296.34	m	8.858	1.499	G5	1.049
HD 31943	HIP 23055	74.41922	-43.03265	296.35	m	8.267	0.908	A2 IV	0.147
HD 9327	HIP 7105	22.88958	-16.77091	296.36	m	8.207	0.848	K0 III	1.213
HD 218302	HIP 114117	346.66977	21.81861	296.37	m	8.712	1.353	K0	1.478
HD 224458	HIP 118161	359.52604	29.97664	296.39	m	8.369	1.01	G8III	1.167
HD 89742	HIP 50961	156.13553	73.48882	296.39	m	8.975	1.616	A2	0.171
HD 102840	HIP 57751	177.66279	61.35547	296.4	m	8.25	0.891	K0	1.276
HD 137015	HR 5722|HIP 75476	231.2768	-38.16924	296.43	m	7.062	-0.298	A1/2 V	0.105
HD 110808	HIP 62225	191.29386	-51.83831	296.43	m	8.554	1.194	K1 IIICNIB/II	1.398
HD 164095	HIP 88013	269.66368	25.01054	296.44	m	8.547	1.187	F8	0.531
HD 135323	HIP 74487	228.31046	38.66536	296.45	m	8.188	0.828	K0	1.28
HD 83375	HIP 47240	144.42537	-15.69997	296.45	m	7.801	0.441	K0 III	1.129
HD 168429	HIP 89722	274.66136	23.5691	296.48	m	8.51	1.15	A0	0.107
HD 53205	HR 2654|HIP 34107	106.08406	1.48849	296.49	m	6.54	-0.82	B9 IV/V	0.01
HD 155523	HIP 84004	257.5772	40.68995	296.5	m	8.117	0.757	M8	1.514
HD 103955	HIP 58383	179.5774	21.77566	296.5	m	8.319	0.959	K0	1.095
HD 94837	HIP 53511	164.20529	-14.89925	296.51	m	8.027	0.667	G8 III	1.036
HD 179711	HIP 94430	288.28946	12.02267	296.51	m	8.347	0.987	A0	0.038
HD 26608	HIP 19626	63.08478	-4.41027	296.53	m	6.882	-0.478	K5 III	1.885
HD 39479	HIP 27826	88.32502	9.55889	296.55	m	7.377	0.017	K2	1.682
HIP 21182		68.12077	44.61838	296.55	m	8.656	1.295	B8	0.304
HD 42708	HIP 29511	93.2544	19.81699	296.56	m	8.315	0.954	A9III	0.314
HD 223592	HIP 117578	357.6737	25.29991	296.56	m	8.483	1.122	G5	1.062
HD 152642	HIP 83040	254.53359	-58.99255	296.56	m	8.117	0.756	B8 IV/V	-0.01
HD 39455	HIP 27841	88.36191	18.16996	296.58	m	7.636	0.275	F2II	0.527
HD 103518	HIP 58124	178.82686	56.01038	296.6	m	8.295	0.934	K0	1.302
HIP 105374		320.15272	30.13137	296.6	m	8.341	0.98	K1III	1.348
HD 186776	HR 7523|HIP 97151	296.20433	40.71681	296.6	m	6.572	-0.789	M3III	1.879
HD 205482	HIP 106462	323.44086	54.31596	296.6	m	7.57	0.209	A0	0.163
HD 11454	HIP 8774	28.21278	14.17751	296.61	m	8.596	1.235	G5	1.192
HD 198933	HIP 103062	313.22324	24.91459	296.62	m	6.842	-0.519	K5	2.018
HD 11336	HIP 8747	28.13915	44.81247	296.63	m	7.716	0.355	B8	-0.065
HD 48049	HIP 32549	101.87003	69.62911	296.65	m	8.262	0.901	B 9 V	0.034
HD 163418	HIP 87631	268.5059	42.64709	296.66	m	7.45	0.089	G6III	1.177
HD 141021	HIP 77143	236.25304	45.68787	296.68	m	8.684	1.323	F5	0.463
HD 211984	HIP 110324	335.17857	23.06091	296.72	m	8.111	0.749	G 8 II-III	1.116
HD 201872	HIP 104652	317.98655	17.89505	296.73	m	8.262	0.9	A3	0.236
HD 150803	HIP 81931	251.02	-18.54122	296.74	m	7.664	0.302	K2 III	1.958
HD 184566	HIP 96268	293.61901	17.98124	296.74	m	8.682	1.32	A5	0.262
HD 40291	HIP 27995	88.81234	-49.63864	296.74	m	8.52	1.158	K0 III	1.188
HD 136884	HIP 75232	230.59977	20.92851	296.74	m	8.24	0.878	F0	0.484
HD 7639	HIP 5982	19.23786	38.46075	296.74	m	8.034	0.672	G5	1.132
HD 186532	HR 7509|HIP 96919	295.51728	55.46322	296.74	m	6.699	-0.663	M5	1.696
HD 48485	HIP 32096	100.57945	-31.66599	296.75	m	7.769	0.407	B8/9 V	-0.092
HD 106695	HIP 59842	184.06727	-4.4519	296.76	m	8.231	0.869	K0 III	1.173
HD 224101	HIP 117916	358.76534	38.06981	296.77	m	8.344	0.982	A0	0.135
HD 176212	HIP 93121	284.55242	24.70886	296.78	m	7.801	0.439	B9	0.093
HD 165340	HIP 88586	271.30997	6.75076	296.79	m	8.838	1.476	K 0 III	1.455
HD 162571	HIP 87355	267.74523	18.35012	296.8	m	8.15	0.788	K0	1.154
HD 16940	HIP 12338	39.72169	-70.67985	296.8	m	6.857	-0.505	K4 III	1.738
HD 214520	HIP 111855	339.865	-43.27256	296.81	m	8.478	1.116	K2 III	1.334
HD 105822	HIP 59389	182.75509	-68.26097	296.81	m	6.634	-0.728	K0/1 III	1.621
HD 143271	HIP 78234	239.62693	26.85311	296.82	m	8.619	1.257	G8III	0.951
HD 85244	HIP 48231	147.50191	-21.12946	296.84	m	8.717	1.354	A4 V + (G/K)	0.265
HD 20921	HIP 15789	50.87486	30.43907	296.84	m	8.419	1.056	A0	0.293
HD 107305	HIP 60154	185.03372	9.89247	296.84	m	7.755	0.392	K0	1.671
HD 90973	HIP 51373	157.39044	-32.9418	296.85	m	7.511	0.148	K2 III	1.519
HD 134649	HIP 74311	227.83608	-11.47147	296.86	m	7.456	0.093	K0 III	1.408
HD 201780	HIP 104657	317.99408	-5.8136	296.86	m	7.776	0.413	K0/1 III	1.358
HD 14144	HIP 10755	34.58792	39.08478	296.87	m	8.542	1.179	K2	1.293
HD 13195	HIP 10240	32.9293	66.51434	296.88	m	8.639	1.276	G5	1.165
HD 167160	HIP 89331	273.40915	10.82608	296.88	m	7.291	-0.072	K5	1.927
HD 161087	HIP 86889	266.30611	-37.34509	296.91	m	8.856	1.493	F0 V	0.39
HD 6027	HIP 4871	15.6548	59.28676	296.93	m	7.97	0.607	K2V	1.746
HD 14682	HIP 10897	35.06531	-56.09758	296.95	m	7.798	0.435	M0 III	1.784
HD 12412	HIP 9526	30.62808	37.49929	296.96	m	8.595	1.232	F 0 III	0.412
HD 117740	HIP 66136	203.36175	-56.33181	296.96	m	8.255	0.892	G8 III	1.132
HD 202617	HIP 104958	318.89811	44.95453	296.96	m	7.427	0.064	A0	-0.048
HD 204917	HIP 106170	322.5789	48.39085	296.96	m	7.343	-0.021	A0V	-0.022
HD 30936	HIP 22672	73.14672	20.10481	296.97	m	8.863	1.499	K0	1.613
HD 188489	HIP 98075	298.98387	-15.40478	296.98	m	8.658	1.294	A0 V	0.144
HD 40757	HIP 28522	90.31161	6.62602	296.99	m	8.776	1.412	A0	0.037
HD 20214	HIP 15123	48.74768	0.90303	296.99	m	8.672	1.308	K0 III	1.304
HD 124092	HIP 69395	213.09781	-39.90944	296.99	m	8.951	1.587	K2 II	1.563
HD 89687	HIP 50730	155.37262	28.53655	296.99	m	8.128	0.764	K 3 III	1.735
HIP 2958		9.3916	41.41852	296.99	m	8.801	1.437	K2	1.589
HD 81954	HIP 46527	142.34492	20.91477	296.99	m	8.438	1.074	G5	1.302
HD 22327	HIP 16856	54.22889	35.05207	297	m	7.487	0.123	B 9 III	0.154
HD 42955	HIP 29602	93.57643	14.4936	297	m	7.251	-0.113	A1V	0.032
HD 149010	HIP 80905	247.82596	19.2866	297	m	8.833	1.469	K0	1.284
HD 196099	HIP 101606	308.87315	-12.96114	297.02	m	8.548	1.184	K1 III	1.368
HD 77926	HIP 44461	135.87331	-49.74654	297.02	m	8.518	1.154	A1 V	0.07
HD 166677	HIP 89353	273.49799	-44.65122	297.03	m	7.593	0.229	K2 IIICNII	1.445
HD 158732	HIP 85462	261.9667	54.35243	297.03	m	8.673	1.309	A0	0.082
HD 25344	HIP 18746	60.22824	-20.71236	297.04	m	8.227	0.863	K0 III	1.191
84 Aqr	HD 218081|HIP 114006	346.32715	-7.75469	297.04	m	7.213	-0.151	K0 III	1.435
HD 146935	HIP 79972	244.85447	-15.54604	297.05	m	8.533	1.169	A1 V	0.304
HD 70778	HIP 41034	125.617	-37.64002	297.09	m	8.748	1.384	K3 III	1.538
HD 207059	HIP 107446	326.43613	28.87174	297.09	m	8.278	0.914	A0	0.145
HD 95150	HIP 53646	164.63021	-45.51941	297.09	m	8.971	1.607	A1 V	0.112
HD 199636	HIP 103566	314.75969	-18.91626	297.09	m	8.359	0.995	G8 III/IV	1.105
HIP 93094		284.47146	36.85937	297.09	m	8.937	1.573	K2	1.49
HD 92539	HIP 52355	160.49712	46.64993	297.09	m	8.609	1.245	A 5 V	0.143
HD 9342	HIP 7318	23.55513	68.68246	297.1	m	7.972	0.607	K0	1.156
HD 170978	HIP 90953	278.31003	-24.10954	297.11	m	6.807	-0.558	B3 III/IV	0.029
HD 149701	HIP 81360	249.23362	-8.88667	297.11	m	8.35	0.985	K3 III	1.859
HD 110194	HIP 61818	190.03587	34.1662	297.11	m	7.191	-0.174	K2V	1.687
HD 35034	HIP 25157	80.75072	29.729	297.12	m	8.042	0.677	B9	0.002
HD 85556	HIP 48548	148.52315	50.53111	297.12	m	8.123	0.758	F0	0.25
HD 204142	HIP 105964	321.88949	-32.87476	297.13	m	8.273	0.908	K2 III	1.298
HD 83671	HIP 47420	144.93675	-18.06808	297.13	m	8.157	0.792	G8 III/IV	1.094
HD 59621	HIP 36828	113.61078	59.83731	297.13	m	8.381	1.016	K 1 III-IV	1.267
HD 191691	HIP 99459	302.79483	0.56087	297.14	m	8.552	1.187	A0 V	0.152
HD 203470	HIP 105437	320.3483	35.73628	297.14	m	8.77	1.405	A 0 V	0.071
HD 18146	HIP 13529	43.56053	-22.95147	297.14	m	8.564	1.199	K1 IIICNII	1.45
HD 204652	HIP 106389	323.21594	-64.14996	297.15	m	7.372	0.007	K4 III	1.702
HD 37368	HIP 26513	84.56753	4.93396	297.15	m	7.932	0.567	A3 V	0.208
HD 179931	HIP 94753	289.20798	-48.63359	297.16	m	8.029	0.664	F0 IV	0.408
HD 74024	HIP 42555	130.11198	-27.25788	297.17	m	8.127	0.762	A0 V	0.107
HD 143064	HIP 78157	239.3906	16.07268	297.17	m	8.642	1.277	G5	1.552
HD 83266	HIP 47074	143.90916	-48.51357	297.17	m	8.675	1.31	AP SICR	0.016
HD 191293	HIP 99186	302.03877	27.81635	297.17	m	8.549	1.184	A0	-0.017
HD 6843	HIP 5468	17.50276	52.03328	297.19	m	8.004	0.639	F5	0.836
HD 34513	HIP 24649	79.34294	-17.77481	297.2	m	6.788	-0.577	F0 II	0.289
HD 192561	HIP 99788	303.69476	21.97542	297.21	m	7.315	-0.05	K5	1.681
HD 210113	HIP 109318	332.20693	-37.77941	297.21	m	8.078	0.713	K2 III	1.463
HD 224720	HIP 11	0.03734	46.94	297.22	m	7.351	-0.014	A2	0.101
HD 16654	HIP 12604	40.51987	52.15151	297.22	m	8.837	1.472	K2	1.494
HD 180154	HIP 94792	289.30847	-40.07447	297.22	m	8.551	1.186	G8 III	1.255
HD 16944	HIP 12730	40.90833	24.07295	297.22	m	7.755	0.39	K0	1.704
HD 200139	HIP 103769	315.41856	-4.1315	297.22	m	7.479	0.114	M2/3 III	1.7
HD 193559	HIP 100320	305.1805	1.38857	297.23	m	8.181	0.816	B9.5/A0 V	0.04
HD 173579	HIP 91450	279.76974	72.95947	297.24	m	7.471	0.105	K5	1.221
HD 66126	HIP 39245	120.39536	-15.25549	297.25	m	7.562	0.196	G8 III/IV	1.148
HIP 12417		39.96096	33.9492	297.25	m	7.784	0.418	K0III+F0V:	1.215
HD 86055	HIP 48430	148.10945	-71.94338	297.25	m	6.901	-0.465	B8 V	-0.042
HD 224462	HIP 118164	359.53481	-21.90154	297.26	m	8.785	1.419	A3 V	0.235
HD 219159	HIP 114731	348.62049	-57.2371	297.26	m	8.283	0.917	K4/5 III	1.723
HD 17682	HIP 13166	42.32509	-32.3779	297.27	m	8.344	0.978	G6 IV	0.964
HD 31132	HIP 21235	68.32461	-84.37627	297.27	m	8.867	1.501	G8 III	1.196
HD 57829	HIP 35627	110.27111	-41.19728	297.28	m	8.097	0.731	G8/K0 III	1.014
HD 209807	HIP 109227	331.9145	-56.85109	297.29	m	8.473	1.107	G8 III	1.074
48 Her	HD 151937|HIP 82324	252.31365	29.96472	297.31	m	6.728	-0.638	K1II-III	1.447
HD 214321	HIP 111691	339.38238	-16.37076	297.31	m	8.601	1.235	K1 III	1.409
HD 367	HIP 661	2.04902	-59.06307	297.33	m	8.491	1.125	K1 IIICNII	1.336
HD 202657	HIP 105077	319.30048	3.91208	297.33	m	7.891	0.525	G8 III/IV	1.229
HD 202966	HIP 105403	320.24488	-51.83992	297.34	m	8.497	1.131	G8/K0 III	1.817
HD 33288	HIP 23959	77.24139	-7.16644	297.34	m	8.793	1.427	A0 V	0.077
HD 97909	HIP 55001	168.9209	-16.35247	297.35	m	8.396	1.03	A6 III	0.269
HD 64492	HIP 38679	118.78588	27.07976	297.36	m	8.329	0.963	G5	1.147
HD 143453	HIP 78300	239.82603	30.37963	297.39	m	8.803	1.436	F0	0.405
HD 213016	HIP 110966	337.23604	-24.13233	297.39	m	8.245	0.878	K0 III	1.16
HD 158824	HIP 85671	262.61157	22.873	297.41	m	7.671	0.304	K0	1.092
HD 157902	HIP 85445	261.92244	-37.18561	297.41	m	6.818	-0.549	K0 III	1.438
HD 100764	HIP 56551	173.92811	-14.59352	297.42	m	8.826	1.459	CH	1.322
HD 131445	HIP 72686	222.91898	53.74843	297.42	m	8.595	1.228	K 3 III	1.504
HD 61645	HIP 37452	115.32255	25.88873	297.42	m	8.303	0.936	K2III	1.27
HD 3256	HIP 2800	8.91155	-14.73563	297.44	m	8.618	1.251	A1 V	0.125
HD 10558	HIP 7982	25.62901	-19.3529	297.46	m	8.186	0.819	G6 IV	0.947
HD 210920	HIP 109865	333.76936	-55.51444	297.47	m	8.61	1.243	K2 III	1.373
HIP 114817		348.87165	61.86589	297.48	m	8.521	1.154	K 2 V	1.391
HD 134129	HIP 73975	226.77623	33.96503	297.48	m	7.933	0.566	K0	1.417
HD 197957	HIP 102705	312.15071	-43.00755	297.48	m	7.241	-0.126	K3 III	1.537
HD 72066	HIP 41618	127.27328	-43.91885	297.5	m	6.921	-0.446	K3/4 (III)	1.697
HD 117616	HIP 66035	203.07601	-44.04463	297.51	m	8.658	1.291	A0 V	0.14
HD 107741	HIP 60367	185.67332	31.24888	297.51	m	8.369	1.001	K0III	1.282
HD 134605	HIP 74624	228.71348	-68.08881	297.51	m	8.359	0.991	G8 III/IV	1.142
HD 1007	HIP 1216	3.79652	78.0173	297.52	m	8.483	1.115	K0	1.354
HD 8290	HIP 6474	20.81552	52.73744	297.52	m	8.663	1.295	A0	0.24
HIP 28840		91.31506	-25.02613	297.53	m	8.463	1.095	A2IV/V	0.062
HD 202795	HIP 105405	320.25133	-62.34949	297.53	m	8.635	1.267	K0/1 III	1.242
HD 5283	HIP 4228	13.48671	-54.59226	297.53	m	7.731	0.363	K0 III	1.353
HD 155557	HIP 84959	260.46647	-77.19324	297.54	m	7.475	0.107	K3 III	2.031
HD 32935	HIP 24307	78.24193	70.97022	297.54	m	7.842	0.474	K0	1.2
HD 36157	HIP 25941	83.04196	47.19271	297.55	m	7.774	0.406	B9	0.074
HD 197894	HIP 102224	310.70192	66.32672	297.56	m	7.005	-0.363	B9	0.024
HD 99052	HIP 55669	171.09763	46.90338	297.56	m	8.879	1.511	A 7 III	0.233
HD 40355	HIP 28211	89.41491	-15.40612	297.57	m	7.168	-0.2	B8 IV	-0.11
HD 153166	HIP 82677	253.50784	60.36227	297.58	m	7.173	-0.195	K0	1.537
HD 11721	HIP 8970	28.8939	26.1139	297.58	m	8.324	0.956	G8III	1.151
HD 205375	HIP 106532	323.64959	5.38475	297.61	m	8.781	1.413	K0 III	1.388
HD 201436	HIP 104442	317.35042	4.16196	297.61	m	8.784	1.416	G8/K0 IV	1.285
HD 186848	HIP 97353	296.79296	-10.05718	297.62	m	8.723	1.355	K0 III	1.381
HD 22271	HIP 16728	53.8049	1.77954	297.62	m	8.877	1.509	K2 III	1.673
HD 214270	HIP 111661	339.30292	-13.6663	297.62	m	8.404	1.036	K0 III	1.27
HD 91971	HIP 52072	159.61248	57.1039	297.62	m	8.103	0.735	G 9 III	1.134
HD 48632	HIP 32054	100.45851	-49.38614	297.62	m	8.676	1.308	F3 II	0.419
HD 20589	HIP 15544	50.07203	41.89721	297.63	m	8.133	0.765	A2	0.322
HD 174400	HIP 92493	282.75337	-17.78903	297.63	m	8.492	1.124	A0 V	0.135
HD 9625	HIP 7320	23.5681	-6.27259	297.64	m	8.491	1.123	K0 III	1.137
HD 149824	HIP 81372	249.27975	2.05891	297.65	m	8.276	0.907	A3 III	0.286
HD 51613	HIP 33655	104.8743	33.55515	297.66	m	8.758	1.389	A0	0.13
HD 99807	HIP 56070	172.38223	54.80203	297.67	m	8.339	0.97	K 0 III-IV	1.11
HD 186713	HIP 97378	296.86742	-35.17673	297.68	m	7.834	0.465	K4 III	1.88
HD 31065	HIP 22448	72.4507	-54.45456	297.68	m	7.8	0.431	B9.5/A0 V	0.002
HD 54489	HIP 34518	107.28247	2.25309	297.68	m	7.364	-0.005	K1 III	1.582
HD 193808	HIP 100699	306.23503	-55.93962	297.68	m	8.146	0.777	G8 III	1.129
HD 6774	HIP 5362	17.14071	15.79021	297.69	m	8.659	1.29	K0	1.285
HD 209491	HIP 108936	331.0463	-17.81238	297.69	m	8.273	0.904	K0 III	1.248
HD 88484	HIP 49840	152.6445	-57.27829	297.69	m	8.145	0.776	K1 II/III	1.35
HD 185472	HIP 96935	295.58036	-57.14025	297.69	m	8.217	0.848	G8 III	1.173
HD 147099	HIP 80012	244.99501	-3.02493	297.69	m	8.75	1.381	G8/K0 III	1.247
HD 342	HIP 658	2.02411	4.92724	297.69	m	8.285	0.916	K0 III	1.274
HD 223390	HIP 117465	357.26287	21.11932	297.7	m	8.622	1.253	K0	1.165
HD 40924	HIP 28146	89.22315	-66.31053	297.7	m	8.376	1.007	K2 III(CNII/III)	1.369
HD 140177	HIP 77156	236.30205	-58.68316	297.71	m	8.088	0.719	A3/5 V	0.374
HD 140084	HIP 76239	233.59689	76.45075	297.71	m	7.649	0.28	A2	0.089
HD 221442	HIP 116144	352.98941	38.30656	297.72	m	7.556	0.187	K2	1.597
HD 91787	HIP 51869	158.96413	-8.53458	297.73	m	8.354	0.985	G8 IV	1.169
HIP 8750		28.14417	47.6709	297.75	m	8.739	1.37	K2	1.667
HD 216769	HIP 113242	343.97882	-20.53158	297.76	m	8.68	1.311	K0 III	1.201
HD 162035	HIP 86955	266.53477	52.47932	297.76	m	8.271	0.902	A0	0.012
HD 132846	HIP 73491	225.29863	1.85388	297.76	m	8.341	0.972	G8 III	1.171
HD 53352	HIP 34408	107.00736	55.41993	297.77	m	8.993	1.624	G5	1.139
HD 14118	HIP 10608	34.1424	-21.11903	297.78	m	8.125	0.756	G8 IV	1.442
HD 113583	HIP 63856	196.29999	-41.77396	297.79	m	8.595	1.225	K0 III	1.229
HD 216934	HIP 113348	344.32809	-23.83897	297.79	m	8.619	1.249	G8/K0 IV	1.151
HD 152046	HIP 82678	253.51053	-54.43832	297.81	m	6.936	-0.434	B7 II	-0.001
HD 37360	HIP 26416	84.33234	-16.70006	297.81	m	8.494	1.124	K1 III	1.418
HD 93574	HIP 52757	161.80802	-50.34064	297.82	m	8.931	1.561	A1 V	0.161
HD 119749	HIP 67091	206.26754	1.52629	297.82	m	8.593	1.223	G8 IV	1.164
HD 219914	HIP 115197	349.9989	-47.54015	297.82	m	6.966	-0.404	K1 III	1.482
HD 215757	HIP 112434	341.6233	54.87209	297.83	m	6.862	-0.508	A0	0.06
HD 217230	HIP 113481	344.72879	27.4996	297.83	m	8.099	0.729	G8III	1.006
HD 104798	HIP 58844	181.02857	9.69864	297.84	m	8.668	1.298	K2	1.365
HD 766	HIP 968	2.99707	-0.2297	297.86	m	8.701	1.331	F0 V	0.422
HD 165277	HIP 89338	273.42882	-75.55072	297.86	m	7.099	-0.271	B9 V	0.003
HD 38796	HIP 27486	87.30331	21.13603	297.87	m	7.283	-0.087	B9	-0.038
HD 135667	HIP 74847	229.42977	-39.81199	297.88	m	7.477	0.107	K1 III	1.478
HD 224419	HIP 118132	359.44137	-7.37519	297.88	m	8.645	1.275	K0 III	1.236
HD 109783	HIP 61606	189.37989	-9.65924	297.88	m	8.697	1.327	K2 III	1.468
HD 133410	HIP 73760	226.16673	-11.66494	297.89	m	8.433	1.063	A3/5 IV	0.306
HD 231370	HIP 95496	291.36643	13.7011	297.9	m	8.824	1.454	G5	1.079
HD 116891	HIP 65865	202.50259	-76.57324	297.9	m	8.163	0.793	B9.5 V	0.059
HD 117806	HIP 66129	203.35101	-38.87173	297.9	m	7.596	0.226	A4 II/III	0.229
HD 181178	HIP 93839	286.64937	80.72988	297.91	m	7.457	0.087	K2	1.063
HD 212627	HIP 110723	336.49941	-14.95172	297.91	m	8.14	0.77	K0 III	1.121
HD 160057	HIP 86217	264.27875	19.33054	297.92	m	8.747	1.376	A2	0.241
HD 42653	HIP 29534	93.3313	33.16085	297.92	m	8.748	1.377	A0	0.361
HD 37358	HIP 26446	84.4049	-8.20039	297.92	m	7.722	0.351	A4 V	0.22
HD 171972	HIP 91123	278.81455	47.43632	297.93	m	8.632	1.261	K0	1.328
HD 136419	HIP 74977	229.8287	37.78449	297.96	m	8.324	0.953	K0	1.341
HD 76308	HIP 43600	133.19708	-55.99204	297.96	m	8.321	0.95	K0 III	1.241
HD 91869	HIP 51806	158.76931	-57.67711	297.96	m	7.009	-0.362	G8/K0 III + A	1.027
HD 128097	HIP 71331	218.81505	-9.09555	297.97	m	7.922	0.551	K5 III	1.905
HD 171232	HIP 90906	278.14974	25.48947	297.97	m	7.529	0.158	G8III	1.032
HD 37999	HIP 26967	85.8417	21.41597	297.99	m	8.341	0.97	A0	0.113
HD 152025	HIP 82660	253.45839	-54.36344	297.99	m	7.597	0.226	K1 IIICNIB/II	1.525
HD 69901	HIP 40713	124.65558	-14.56641	298.01	m	6.965	-0.406	A1 V	0.068
HD 135480	HIP 75273	230.68849	-77.70532	298.01	m	8.94	1.569	AP SR(CREU)	0.213
HD 13589	HIP 10750	34.57554	77.74266	298.01	m	7.811	0.44	K0	1.534
HD 165866	HIP 88822	271.96946	6.80869	298.02	m	8.077	0.706	K0	1.644
HD 191918	HIP 99449	302.77113	32.28686	298.04	m	7.286	-0.085	A0	0.033
HD 196237	HIP 101833	309.54978	-50.62278	298.04	m	7.912	0.541	K4/5 III	1.785
HD 224840	HIP 91	0.28053	-5.87434	298.04	m	7.785	0.414	K3 III	1.526
HD 150011	HIP 81213	248.8301	55.50942	298.04	m	8.444	1.073	A2	0.272
HD 38579	HIP 27197	86.47787	-23.1403	298.04	m	7.184	-0.187	K1/2 III	1.509
HD 180682	HIP 94659	288.93206	40.35993	298.06	m	7.107	-0.265	K0	1.549
HD 36573	HIP 26118	83.55263	34.63344	298.08	m	8.383	1.011	A0	0.098
HD 53525	HIP 33902	105.54799	-55.44024	298.1	m	8.371	0.999	K0 III	1.344
HD 160401	HIP 86251	264.3697	45.21955	298.11	m	8.235	0.863	G5	1.178
HD 184826	HIP 96200	293.42616	52.12293	298.12	m	7.785	0.413	G5	1.053
HD 72881	HIP 41800	127.84007	-65.52278	298.12	m	7.416	0.044	AP SI	-0.03
HD 25725	HIP 19004	61.07834	-15.72515	298.13	m	8.745	1.373	M5/6 III/V	1.634
HD 179434	HIP 94593	288.75326	-48.96265	298.14	m	6.965	-0.407	K2/3 III	1.519
HD 147836	HIP 80310	245.94657	11.59096	298.14	m	7.902	0.53	K0	1.65
HD 204376	HIP 105921	321.7861	36.9256	298.14	m	7.807	0.435	K0	1.442
HD 40137	HIP 28092	89.07277	-17.23987	298.14	m	7.932	0.56	F0 V	0.352
HD 108400	HIP 60731	186.70763	51.20579	298.15	m	7.527	0.155	K2	1.689
HD 224371	HIP 118087	359.31018	15.60992	298.17	m	7.579	0.207	K0	1.644
HD 114534	HIP 64612	198.65014	-79.19353	298.2	m	8.263	0.89	K0/2 (III)	1.384
HD 51066	HIP 34101	106.06271	75.41128	298.21	m	7.101	-0.272	G5	1.078
HD 162688	HIP 87375	267.78741	27.06843	298.21	m	8.39	1.017	A3	0.124
HD 283549	HIP 20065	64.54255	24.91106	298.24	m	8.81	1.437	K0	1.522
HD 116818	HIP 65552	201.57999	-16.67605	298.25	m	8.672	1.299	K0/1 III	1.359
HD 20971	HIP 15871	51.11035	40.04385	298.25	m	7.51	0.137	K5	1.701
HD 74944	HIP 43136	131.7936	4.35799	298.25	m	7.365	-0.008	B9.5 V	0.034
HD 130914	HIP 72351	221.91917	65.2519	298.27	m	7.745	0.372	A5	0.292
HD 144652	HIP 78392	240.06491	73.93563	298.28	m	7.986	0.613	K0	1.175
HD 200394	HIP 103878	315.73337	12.95216	298.29	m	8.136	0.763	A0	0.019
HD 31654	HIP 23039	74.31864	-9.41881	298.29	m	8.373	1	K0 III	1.365
HD 76971	HIP 43900	134.14309	-60.32345	298.3	m	8.893	1.52	G8 IV	1.188
HD 207243	HIP 107540	326.7166	30.10147	298.31	m	8.317	0.944	K0III	1.195
HD 31177	HIP 23033	74.28981	59.12031	298.31	m	6.822	-0.551	M	1.948
HD 175442	HIP 92737	283.46855	35.77272	298.31	m	7.572	0.199	K5	1.869
HD 194368	HIP 100840	306.69329	-40.41308	298.31	m	8.357	0.984	K4 III	1.746
HD 218515	HIP 114266	347.14509	4.67801	298.32	m	7.636	0.263	B9 IV/V	0.036
HD 24064	HIP 18451	59.15123	74.08003	298.33	m	6.902	-0.471	K0	1.811
HD 206863	HIP 107367	326.20086	2.9921	298.33	m	7.189	-0.184	K4 III	1.836
HD 59760	HIP 36192	111.79904	-64.24047	298.33	m	8.264	0.891	K1 III	1.411
HD 22916	HIP 17234	55.35978	19.38858	298.33	m	8.131	0.758	A0	0.155
HD 169356	HIP 90040	275.5964	40.37537	298.34	m	7.864	0.49	A2	0.093
HD 95034	HIP 53652	164.65329	21.86936	298.38	m	8.265	0.891	G5	1.22
HD 48517	HIP 32197	100.81641	-13.86184	298.38	m	8.981	1.607	A1 V	0.188
HD 43456	HIP 30005	94.73368	49.66045	298.39	m	8.551	1.177	K0	1.341
HD 13732	HIP 10105	32.4979	-72.49515	298.4	m	8.513	1.139	G8 II/III	1.092
HD 48270	HIP 32315	101.19415	44.5055	298.4	m	6.782	-0.592	G5	1.46
HD 153180	HIP 83234	255.14784	-52.64436	298.4	m	8.919	1.545	K1 III	1.432
HD 207773	HIP 107878	327.86232	-2.24298	298.41	m	8.003	0.629	K0 III	1.331
HD 41590	HIP 29160	92.26795	52.42122	298.41	m	8.761	1.387	K2	1.494
HD 3128	HIP 2682	8.49976	-57.08514	298.42	m	8.09	0.716	K0/1 III	1.242
HD 38443	HIP 27211	86.51095	5.1007	298.45	m	8.695	1.321	K0	1.112
HD 8151	HIP 6327	20.31241	22.37469	298.46	m	7.202	-0.172	K5	1.901
HD 71417	HIP 41399	126.68288	-18.83672	298.48	m	8.106	0.731	B9 V	-0.01
HD 29051	HIP 21365	68.75987	17.20124	298.48	m	7.034	-0.341	K5	2.291
HD 18022	HIP 13396	43.10248	-41.15075	298.48	m	8.534	1.159	A1 V	0.137
HD 108380	HIP 60728	186.70251	48.66154	298.49	m	8.041	0.666	K0III	1.233
HD 7918	HIP 6154	19.7393	7.43042	298.49	m	8.123	0.748	G5	1.285
HD 9067	HIP 6861	22.07869	-49.00583	298.49	m	7.047	-0.328	G3 II/III	0.872
HD 174365	HIP 92744	283.49507	-60.96502	298.5	m	8.994	1.619	K2 III	1.372
HD 111798	HIP 62780	192.97662	-18.94395	298.5	m	8.745	1.37	K2 III	1.429
HD 5218	HIP 4177	13.3343	-45.50575	298.51	e	8.247	0.872	F3 III/IV	0.389
HIP 73186		224.36919	40.16429	298.51	m	8.884	1.509	A2	0.245
HD 163440	HIP 87737	268.83401	19.45752	298.52	m	8.162	0.787	K0	1.186
HD 126878	HIP 70664	216.80641	34.7222	298.54	m	8.686	1.311	F5	0.454
HD 82834	HIP 46786	143.01279	-61.23489	298.55	m	7.257	-0.118	B9.5 IV	0.039
HD 15962	HIP 12315	39.64593	73.58733	298.55	m	8.588	1.213	K2	1.362
HD 201267	HIP 104110	316.38507	62.15887	298.55	m	8.317	0.942	A0	0.097
HD 5413	HIP 4355	13.95795	-17.30888	298.56	m	8.426	1.051	K1 III	1.281
HD 184829	HIP 96360	293.88268	20.82201	298.56	m	8.307	0.932	B8V	-0.002
HD 91593	HIP 51662	158.31929	-55.38073	298.56	m	7.758	0.383	A1 V	0.118
HD 202811	HIP 105099	319.34477	34.42148	298.57	m	7.209	-0.166	K2	1.816
HD 27702	HIP 20301	65.24617	-32.87574	298.57	m	8.374	0.999	K0 III	1.285
HD 32675	HIP 23590	76.09073	-13.7073	298.58	m	8.205	0.83	G6 III	1.083
HD 216450	HIP 112937	343.10417	44.28701	298.58	m	8.337	0.962	A2	0.307
HD 210657	HIP 109673	333.25316	-49.05371	298.58	m	7.745	0.37	G8 III/IV	1
HD 207814	HIP 108323	329.17757	-76.63138	298.59	m	8.82	1.445	G8 IV	1.276
HD 6613	HIP 5248	16.77995	20.15108	298.59	m	7.101	-0.274	G5	1.131
HD 135570	HIP 75020	229.94178	-67.19079	298.6	m	8.505	1.13	B6/7 V	0.055
HD 188686	HIP 98047	298.85489	26.71322	298.6	m	8.246	0.871	A0	0.185
HD 116287	HIP 65245	200.56284	30.29193	298.61	m	6.951	-0.425	K 2 III	1.641
HD 129230	HIP 71817	220.36126	0.10349	298.61	m	8.235	0.859	K0 III	1.186
HD 54612	HIP 34194	106.3665	-61.40246	298.61	m	8.373	0.997	K0 III	1.199
HD 126596	HIP 71209	218.44338	-79.95524	298.62	m	6.78	-0.596	G8 IIICNII	1.308
HD 40687	HIP 28386	89.94106	-15.80465	298.62	m	7.755	0.379	A1 IV/V	0.11
HD 98036	HIP 55045	169.03182	-41.02164	298.62	m	7.014	-0.362	A2 V	0.123
HD 146538	HIP 79707	244.01554	20.49255	298.63	m	8.448	1.072	K0	1.329
HD 132153	HIP 73328	224.76384	-42.57205	298.63	m	8.255	0.879	K0 III	1.207
HD 49243	HIP 32595	102.00009	11.4829	298.63	m	7.987	0.611	A0	-0.007
HD 99696	HIP 55940	171.9726	-37.28865	298.65	m	8.495	1.119	K1 III	1.308
HD 42481	HIP 29329	92.76272	2.3305	298.66	m	7.343	-0.033	K3 III	1.643
HD 57603	HIP 35760	110.64786	13.93883	298.66	m	8.141	0.765	K 1 III	1.283
HD 182614	HIP 95295	290.81179	47.19578	298.68	m	7.9	0.524	A0	0.153
HD 57246	HIP 35687	110.45206	34.90202	298.7	m	8.587	1.211	F0	0.26
HD 39180	HIP 27865	88.43569	52.64009	298.7	m	8.443	1.067	G5	1.29
HD 56240	HIP 34686	107.74888	-67.96137	298.71	m	7.312	-0.064	K2 III	1.582
HD 160676	HIP 86350	264.68052	48.69207	298.74	m	8.426	1.05	K0	1.3
HD 13439	HIP 10290	33.12941	41.46702	298.74	m	8.126	0.75	A3	0.306
HD 71637	HIP 41669	127.43515	34.97303	298.76	m	8.279	0.902	A2	0.221
HD 223903	HIP 117804	358.38426	4.81297	298.78	m	8.392	1.015	K0 III/IV	1.298
HIP 22384		72.28249	5.20853	298.78	m	8.219	0.842	K	1.211
HD 311201	HIP 45202	138.16791	-65.72782	298.79	m	7.883	0.506	A0	0.093
HD 7351	HR 363|HIP 5772	18.52045	28.52957	298.8	m	6.555	-0.822	M2S	2.014
HD 26238	HIP 19310	62.08866	-21.12886	298.82	m	8.398	1.021	K0 III	1.033
HD 58924	HIP 36253	111.97373	5.91791	298.83	m	8.959	1.582	A0	0.081
HD 155878	HIP 84239	258.2895	27.93226	298.86	m	8.215	0.838	G8II	1.223
HD 40726	HIP 28485	90.20551	2.916	298.86	m	7.07	-0.307	G3 V	1.045
HD 19277	HIP 14724	47.54647	68.36292	298.87	m	8.971	1.594	A2	0.37
HD 40119	HIP 28119	89.14361	-10.64889	298.87	m	8.263	0.886	A0 V	0.039
HD 83003	HIP 47601	145.58541	78.82825	298.89	m	8.222	0.844	A5	0.285
HD 52098	HIP 33938	105.64207	50.65137	298.9	m	8.208	0.83	A2	0.155
HD 48006	HIP 32143	100.68762	32.55886	298.9	m	6.906	-0.472	G5	1.795
HD 173610	HIP 92052	281.43202	11.49703	298.91	m	7.117	-0.261	A0	0.034
HD 170625	HIP 90894	278.10339	-42.32057	298.91	m	8.733	1.355	A4/5 V	0.228
HD 219677	HIP 115025	349.44814	-7.54272	298.91	m	8.251	0.873	K1/2 IIICNIb	1.438
HD 36595	HIP 25894	82.91834	-28.10492	298.92	m	8.48	1.102	K1 III	1.12
HD 65078	HIP 39049	119.83819	50.34395	298.93	m	7.666	0.288	K2	1.486
HD 173435	HIP 91914	281.06002	26.231	298.93	m	8.32	0.942	G7III	1.202
HD 31	HIP 442	1.33341	-21.31534	298.94	m	8.368	0.99	B9 V	-0.057
HD 102769	HIP 57682	177.45338	-46.01501	298.94	m	7.734	0.356	K3 III	1.539
HD 178742	HIP 94133	287.42693	2.47229	298.94	m	8.389	1.011	K4 III	1.919
HD 31280	HIP 22872	73.79728	20.31381	298.95	m	8.552	1.174	A0	0.345
HD 64624	HIP 38387	117.95222	-55.70251	298.97	m	7.612	0.234	G8/K0 III + A/F	1.108
HD 128827	HIP 71940	220.70319	-68.93191	298.97	m	8.644	1.266	K0 III	1.425
HD 222314	HIP 116666	354.64015	77.45132	298.98	m	8.743	1.365	A3	0.302
HD 74911	HIP 43134	131.79233	9.38353	298.98	m	8.527	1.149	A5	0.148
HD 4809	HIP 3898	12.50125	-24.11951	298.98	m	8.205	0.827	K0 III/IV	1.194
HD 207445	HIP 107615	326.95237	44.97783	298.99	m	8.55	1.172	K2	1.208
HD 63536	HIP 38189	117.3741	3.221	298.99	m	7.808	0.43	K0 III	1.129
HD 173720	HIP 92089	281.51877	18.48783	299	m	6.964	-0.414	A0	0.049
HD 217118	HIP 113418	344.55233	14.72116	299.02	m	8.065	0.686	K5	1.421
HD 194828	HIP 100975	307.09946	-17.33374	299.02	m	8.422	1.043	K1 III	1.361
HD 229752	HIP 92516	282.81618	18.67267	299.03	m	8.878	1.499	K2	1.635
HD 99854	HIP 56024	172.23161	-43.47925	299.04	m	7.083	-0.296	K1 III	1.51
HD 214740	HIP 111878	339.92781	31.14573	299.05	m	7.997	0.618	K2	1.656
HD 187903	HIP 97820	298.16432	-5.55153	299.06	m	8.502	1.123	B9 V	0.131
HD 32186	HIP 23648	76.24083	60.1794	299.07	m	7.972	0.593	K0	1.189
HD 222527	HIP 116840	355.24443	71.84832	299.07	m	8.858	1.479	A2	0.365
HD 184803	HIP 96042	292.92591	65.94217	299.08	m	8.701	1.322	A5	0.219
HD 20954	HIP 15340	49.45541	-70.48072	299.08	m	8.681	1.302	K2 III	1.424
HD 3448	HIP 2952	9.3734	21.91986	299.08	m	8.957	1.578	F 3 V	0.409
HD 126051	HIP 70286	215.70554	17.45336	299.09	m	8.37	0.991	K0	1.234
HD 196934	HIP 102060	310.24315	-17.79569	299.09	m	8.487	1.108	A3 V	0.172
HD 221422	HIP 116127	352.95945	44.07288	299.1	m	6.935	-0.444	K2	1.769
HD 53267	HIP 34058	105.97283	-13.09698	299.11	m	7.194	-0.185	K2/3 III	1.674
HD 18432	HIP 13846	44.56406	15.99317	299.11	m	8.605	1.226	K2	1.33
HD 208105	HIP 107880	327.87224	64.7213	299.12	m	7.728	0.349	K0	1.061
HD 137258	HIP 75412	231.12347	16.68284	299.12	m	8.651	1.272	K0	1.097
HD 206581	HIP 107229	325.76489	-2.03301	299.13	m	8.609	1.23	G8 (III)	1.042
HD 198514	HIP 102840	312.51542	26.0708	299.14	m	7.978	0.599	A0	0.152
HD 136515	HIP 75126	230.27926	-0.23136	299.16	m	8.33	0.95	K0 III	1.229
HD 108291	HIP 60722	186.65883	-27.18386	299.17	m	8.337	0.957	K0 III	1.12
HD 26686	HIP 19843	63.80869	44.76783	299.18	m	7.251	-0.129	A0	0.242
HD 70541	HIP 40862	125.07698	-50.96757	299.19	m	8.606	1.226	A1 IV/V	0.196
HD 186584	HR 7513|HIP 97569	297.47257	-66.81306	299.2	m	6.597	-0.783	K4 III	1.774
HD 64303	HIP 38357	117.83916	-43.77422	299.21	m	8.343	0.963	B9.5 V	0.028
HD 220724	HIP 115665	351.4938	27.6901	299.22	m	8.497	1.117	A3	0.352
HD 28103	HIP 20666	66.41277	-10.58725	299.22	m	8.649	1.269	K0 III	1.168
HD 42531	HIP 29430	92.99465	17.76778	299.23	m	8.221	0.841	B9.5V	-0.037
HD 141625	HIP 77845	238.41792	-63.17511	299.23	m	8.957	1.577	K0 III	1.268
HD 202360	HIP 105110	319.37491	-57.55073	299.24	m	8.463	1.083	K0 III	1.275
HD 5538	HIP 4491	14.39106	37.40664	299.25	m	8.284	0.904	G5	1.107
HD 220485	HIP 115484	350.91008	54.03097	299.25	m	6.848	-0.532	A2	0.09
HD 67318	HIP 39935	122.33601	45.7675	299.26	m	7.981	0.601	G5	1.103
HD 169412	HIP 89982	275.38936	52.90217	299.27	m	7.779	0.399	A0	0.006
HD 224850	HIP 102	0.3205	-41.48744	299.27	m	7.229	-0.151	M1 III	1.86
HD 135166	HIP 74508	228.38312	5.0442	299.27	m	7.891	0.511	K2	1.765
HD 95155	HIP 53847	165.23051	69.58394	299.27	m	8.448	1.068	G5	1.29
Gl 654.4	HD 163545|HIP 80223	245.6539	88.60609	299.27	m	8.453	1.073	G8	1.007
HD 163242	HIP 87683	268.64032	16.30901	299.28	m	7.915	0.535	K0	1.197
HD 104407	HIP 58638	180.36528	6.50607	299.28	m	7.989	0.609	K2	1.45
HD 135072	HIP 74676	228.91378	-54.96417	299.29	m	8.224	0.844	A1/2 IV	0.175
HD 32002	HIP 23481	75.70247	50.60562	299.29	m	8.587	1.207	A0	0.123
HD 181046	HIP 94744	289.18987	44.76887	299.29	m	8.73	1.35	G5	1.165
HD 86699	HIP 48929	149.73109	-47.48937	299.29	m	7.691	0.311	K3 III	1.757
HD 202927	HIP 105216	319.68525	9.97168	299.29	m	8.816	1.436	K2	1.231
HD 138041	HIP 75835	232.3615	1.84364	299.29	m	8.822	1.442	F0 V	0.446
HD 164754	HIP 88211	270.20334	41.47986	299.3	m	8.235	0.854	K0	1.459
HD 90428	HIP 51120	156.66423	12.48864	299.32	m	8.227	0.846	G5	1.306
HD 175084	HIP 92641	283.15243	26.68893	299.35	m	7.975	0.594	B9	0.038
HD 176204	HIP 93303	285.06643	-26.18297	299.36	m	8.326	0.945	K2 III	1.553
HD 122456	HIP 68501	210.34299	31.5636	299.37	m	7.03	-0.351	K 3 III	1.712
HD 127	HIP 511	1.53355	0.12142	299.38	m	8.34	0.959	K1 III	1.264
HD 202173	HIP 104906	318.75923	-30.9832	299.39	m	7.534	0.153	K1 IIICNIV	1.401
HD 220562	HIP 115529	351.03303	57.53549	299.4	e	6.842	-0.539	B 2 V	0.229
HD 211600	HIP 110135	334.64234	-20.74001	299.4	m	7.336	-0.045	K4 III	1.812
HD 196808	HIP 101804	309.46308	47.94496	299.43	m	7.939	0.558	A0	-0.011
HD 168795	HIP 89898	275.16112	22.79742	299.45	m	6.834	-0.548	B 8 V	-0.074
HD 16644	HIP 12487	40.1665	21.22244	299.45	m	8.505	1.123	G 8 III-IV	1.238
HD 200559	HIP 103829	315.6014	49.63288	299.45	m	7.905	0.523	A0	0.049
HD 35261	HIP 25171	80.76763	-8.10553	299.48	m	7.589	0.207	B9 IV/V	-0.001
HD 54590	HIP 34777	107.98754	49.78984	299.5	m	6.87	-0.512	M0	1.89
HD 78490	HIP 44962	137.40007	33.40487	299.51	m	8.208	0.826	K0	1.161
HD 45516	HIP 30758	96.94841	-4.82472	299.52	m	7.77	0.388	B8 V	-0.062
HD 11442	HIP 8960	28.85979	70.48564	299.53	m	8.482	1.1	G5	1.19
HD 100675	HIP 56465	173.65834	-57.15254	299.53	m	7.55	0.168	K2 III	1.505
HD 10542	HIP 8142	26.17604	62.96618	299.53	m	8.681	1.299	G8V	1.19
HD 173702	HIP 92031	281.37821	28.25674	299.54	m	8.273	0.891	G 8 III-IV	1.211
HD 71967	HIP 41576	127.15402	-41.17426	299.55	m	7.506	0.124	A0 V	-0.006
HD 165435	HIP 88568	271.25771	22.91431	299.55	m	7.411	0.029	F 3 II	0.471
HD 36954	HIP 26213	83.80328	-0.73535	299.55	m	6.955	-0.427	B5 III	-0.138
HD 171992	HIP 90882	278.07831	67.77687	299.56	m	6.81	-0.572	K5	1.69
HD 127066	HIP 70775	217.12385	30.43168	299.56	m	8.06	0.678	G5	1.137
HD 206280	HIP 106970	324.97488	44.43215	299.56	m	6.743	-0.639	B9	-0.045
HD 140094	HIP 77068	236.04322	-52.97322	299.57	m	8.438	1.056	K0/1 III	1.339
HD 168267	HIP 89367	273.55108	64.75235	299.57	m	7.463	0.081	K2	1.419
HD 56915	HIP 35501	109.90479	13.94382	299.58	m	8.259	0.876	K 0 V	1.202
HD 162866	HIP 87493	268.15091	15.73336	299.58	m	8.611	1.228	A0	0.032
HD 247709	HIP 27373	86.96518	13.44584	299.58	m	8.828	1.445	K0	1.336
HD 207197	HIP 107859	327.78211	-72.13945	299.59	m	7.406	0.023	K3 III	1.692
HD 217818	HIP 113824	345.75194	34.62105	299.6	m	7.787	0.404	A0	0.209
HD 208893	HIP 108425	329.46642	51.03783	299.61	m	8.912	1.529	A0	0.059
HD 153673	HIP 83355	255.53459	-30.65186	299.62	m	8.545	1.162	G8 IV	1.294
HD 167106	HIP 89255	273.21682	22.82504	299.62	m	7.169	-0.214	M1	2.01
HD 153418	HIP 83203	255.06052	-18.21417	299.65	m	8.534	1.151	F0 V	0.582
HD 205489	HIP 106717	324.24846	-45.72595	299.65	m	8.241	0.858	K0 III	1.23
HD 107287	HIP 60139	184.9923	30.48655	299.66	m	8.122	0.739	K1III	1.485
HD 5684	HIP 4556	14.57069	-27.09242	299.66	m	8.537	1.154	K2 III	1.47
HD 29516	HIP 21846	70.45131	54.67131	299.67	m	8.163	0.78	A0	0.156
HD 45916	HIP 30942	97.40793	-17.01134	299.68	m	7.058	-0.325	B9 IV	0
HD 203819	HIP 105559	320.67934	54.23066	299.71	m	7.866	0.483	A0P	0.039
HD 92405	HIP 52130	159.75182	-55.11374	299.71	m	7.072	-0.311	B8/9 IV/V	0.082
HD 93982	HIP 53026	162.73761	3.59067	299.73	m	7.223	-0.161	A2/3 V	0.147
HD 51291	HIP 33214	103.68324	-42.74659	299.73	m	8.342	0.958	K0 III	1.335
HD 82702	HIP 47152	144.12348	64.37058	299.73	m	8.425	1.041	G5	1.178
HD 9277	HIP 7119	22.93531	22.74125	299.74	m	8.36	0.976	K 0 III-IV	1.202
HD 74856	HIP 43250	132.16474	52.92888	299.74	m	8.562	1.178	F5	0.531
HD 171039	HIP 91098	278.73538	-48.15119	299.78	m	7.997	0.613	K1 III	1.314
HD 214068	HIP 111690	339.38202	-65.56585	299.81	m	7.463	0.079	K1 III	1.39
HD 26458	HIP 20007	64.34719	72.43068	299.81	m	8.42	1.036	A0	0.206
HIP 107217		325.73575	39.58563	299.82	m	8.686	1.302	K2	1.472
HD 68518	HIP 39949	122.37726	-59.54158	299.85	m	6.58	-0.804	B5 V	-0.127
HD 160952	HIP 86579	265.40598	29.59898	299.85	m	7.922	0.537	G8III	1.089
HD 207487	HIP 107634	327.01866	44.34434	299.86	m	7.638	0.253	K0	1.164
HD 10865	HIP 8363	26.94226	49.86843	299.86	m	8.603	1.218	K0	1.108
HD 46050	HIP 31193	98.1676	35.29373	299.87	m	6.918	-0.467	K0	1.358
HD 67227	HIP 39788	121.96151	22.78266	299.88	m	8.86	1.475	A0	0.112
