Proxima Centauri	Gl 551|HIP 70890	217.43977	-62.67948	1.302	m	11.19	15.61	M5Ve	2.099
Toliman	α2 Cen|Gl 559B|HD 128621|HR 5460|HIP 71681	219.91413	-60.83947	1.3475	e	1.243	5.595	K1V	
Rigil Kentaurus	α1 Cen|Gl 559A|HD 128620|HR 5459|HIP 71683	219.92041	-60.83515	1.3475	e	0.137	4.489	G2V	
Barnard's Star	Gl 699|HIP 87937	269.45207	4.69328	1.8282	m	9.776	13.47	sdM4	1.907
Wolf 359	Gl 406	164.12226	7.01532	2.4086	m	13.45	16.54	M6	2
Lalande 21185	Gl 411|HD 95735|HIP 54035	165.83415	35.96989	2.5461	m	7.659	10.63	M2V	1.698
Sirius	α CMa|9 CMa|Gl 244A|HD 48915|HR 2491|HIP 32349	101.28854	-16.71314	2.6371	e	-1.088	1.806	A0m...	
Sirius B	Gl 244B	101.28838	-16.71524	2.6703	m	8.44	11.31	DA2	-0.03
Ross 154	Gl 729|HIP 92403	282.4557	-23.83624	2.976	m	10.79	13.42	M3.5Ve	1.804
Ross 248	Gl 905	355.47568	44.17492	3.1597	m	12.29	14.79	dM6  e	1.9
Ran	ε Eri|18 Eri|Gl 144|HD 22049|HR 1084|HIP 16537	53.23268	-9.45826	3.2198	m	3.814	6.275	K2 V	1.032
Lacaille 9352	Gl 887|HD 217987|HIP 114046	346.46296	-35.85307	3.288	m	7.56	9.975	M2/M3V	1.723
Ross 128	Gl 447|HIP 57548	176.93499	0.80456	3.3749	m	11.45	13.81	M4.5V	4.006
EZ Aqr	Gl 866A	339.63843	-15.30254	3.3979	m	12.66	15	M5  e	1.98
Procyon B	Gl 280B	114.82509	5.22682	3.5142	e	10.7	12.97	DA	
Procyon	α CMi|10 CMi|Gl 280A|HD 61421|HR 2943|HIP 37279	114.82724	5.22751	3.5142	e	0.461	2.732	F5IV-V	
Struve 2398 A	Gl 725A|HD 173739|HIP 91768	280.69768	59.6304	3.5231	m	9.109	11.37	K5	1.788
Struve 2398 B	Gl 725B|HD 173740|HIP 91772	280.69873	59.62685	3.5231	m	9.964	12.23	K5	1.845
Groombridge 34	Gl 15A|HD 1326|HIP 1475	4.59536	44.02295	3.5624	m	8.309	10.55	M1V	1.776
Groombridge 34 B	Gl 15B	4.5774	44.0235	3.5626	m	11.06	13.3	M6 Ve	1.79
Luyten's Star	Gl 273|HIP 36208	111.85209	5.2258	3.7861	m	10.03	12.14	M5	1.744
Kapteyn's Star	Gl 191|HD 33793|HIP 24186	77.9192	-45.01852	3.9339	m	9.033	11.06	M0V	1.759
Lacaille 8760	Gl 825|HD 202560|HIP 105090	319.31587	-38.86736	3.9696	m	6.845	8.851	M1/M2V	1.631
Kruger 60 B	Gl 860B	337.00313	57.69644	4.0005	m	11.41	13.39	M6 V	
Kruger 60	Gl 860A|HD 239960|HIP 110893	336.99963	57.69588	4.0097	m	9.934	11.92	M2V	1.886
Ross 614	Gl 234A|HIP 30920	97.34581	-2.81248	4.1158	m	10.98	12.91	M4.5Ve	
Ross 614 B	Gl 234B	97.34909	-2.81223	4.1158	m	14.6	16.53		
Wolf 1061	Gl 628|HIP 80824	247.57523	-12.6626	4.3078	m	10.34	12.16	M4	2.007
Van Maanen's Star	Gl 35|HIP 3829	12.28824	5.3952	4.3144	m	12.56	14.38	DG	
Keid B	Gl 166B|HD 26976	63.84282	-7.6575	5.0077	m	9.52	11.02	DA4	0.03
Keid	ο2 Eri|40 Eri|Gl 166A|HD 26965|HR 1325|HIP 19849	63.81806	-7.65287	5.0098	m	4.506	6.007	K1V	0.934
Keid C	Gl 166C	63.84282	-7.6575	5.0137	m	11.17	12.67	dM4.5e	1.67
Altair	α Aql|53 Aql|Gl 768|HD 187642|HR 7557|HIP 97649	297.69451	8.86738	5.1295	e	0.955	2.405	A1N	0.293
Alsafi	σ Dra|61 Dra|Gl 764|HD 185144|HR 7462|HIP 96100	293.08997	69.66118	5.7639	m	4.757	5.953	K0V	0.9
Achird	η Cas|24 Cas|Gl 34A|HD 4614|HR 219|HIP 3821	12.2739	57.81519	5.923	m	3.518	4.655	G0V SB	0.624
Achird B	Gl 34B	12.26649	57.81891	5.927	m	7.365	8.501	K7 V	
Guniibuu B	36 Oph|Gl 663B|HD 155885|HR 6402	258.83863	-26.60005	5.9478	m	5.12	6.248	K1 Ve	0.972
Guniibuu	36 Oph|Gl 663A|HD 155886|HR 6401|HIP 84405	258.83754	-26.60283	5.9523	m	5.119	6.246	K2:III:	0.978
82 G. Eri	Gl 139|HD 20794|HR 1008|HIP 15510	49.98188	-43.06978	6.0414	m	4.336	5.43	G8V	0.794
268 G. Cet B	Gl 105B	39.06465	6.87166	7.2235	m	11.66	12.37	dM4.5	1.6
268 G. Cet	Gl 105A|HD 16160|HR 753|HIP 12114	39.02036	6.88687	7.2286	m	5.928	6.633	K3V	1.135
96 G. Psc	Gl 33|HD 4628|HR 222|HIP 3765	12.09574	5.28063	7.4352	m	5.828	6.472	K2V	1.027
Vega	α Lyr|3 Lyr|Gl 721|HD 172167|HR 7001|HIP 91262	279.23411	38.78299	7.6787	e	0.087	0.661	A0V	
Fomalhaut	α PsA|24 PsA|Gl 881|HD 216956|HR 8728|HIP 113368	344.41177	-29.62184	7.7036	e	1.248	1.815	A3 V	0.159
Tabit	π3 Ori|1 Ori|Gl 178|HD 30652|HR 1543|HIP 22449	72.46004	6.96128	8.0244	m	3.222	3.7	F4V	0.501
Gar	Gl 486|HIP 62452	191.98842	9.75252	8.0791	m	11.38	11.84	M4	
Chara	β CVn|8 CVn|Gl 475|HD 109358|HR 4785|HIP 61317	188.4356	41.35748	8.4727	m	4.309	4.669	G0V	0.646
Alula Australis B	ξ UMa|53 UMa|Gl 423B|HD 98230|HR 4374	169.54548	31.52919	8.7346	m	4.804	5.098	G0 Ve	0.726
Rana	δ Eri|23 Eri|Gl 150|HD 23249|HR 1136|HIP 17378	55.81209	-9.76339	9.0888	m	3.622	3.829	K0 IV	1.072
Groombridge 1830 B	Gl 451B	178.23023	37.71962	9.1718	m	12	12.19		
Groombridge 1830	Gl 451A|HD 103095|HR 4550|HIP 57939	178.2423	37.71868	9.1718	m	6.509	6.697	G8Vp	0.844
Añañuca	Gl 367|HIP 47780	146.1243	-45.7765	9.4186	m	10.37	10.49	M1:	1.571
Noquisi	Gl 436|HIP 57087	175.54596	26.70657	9.775	m	10.76	10.81	M3	1.763
Hoerikwaggo	α Men|Gl 231|HD 43834|HR 2261|HIP 29271	92.56031	-74.75305	10.213	m	5.151	5.105	G6 V	0.817
Pollux	β Gem|78 Gem|Gl 286|HD 62509|HR 2990|HIP 37826	116.33068	28.02631	10.358	e	1.325	1.249	K0III	1.13
Alula Australis	ξ UMa|53 UMa|Gl 423A|HD 98231|HR 4375	169.54548	31.52919	10.417	m	4.327	4.238	G0V	0.593
Tianji	ζ Her|40 Her|Gl 635A|HD 150680|HR 6212|HIP 81693	250.3217	31.60273	10.716	e	2.952	2.802	F9IV	0.714
Tianji B	Gl 635B	250.32327	31.60203	10.716	e	5.4	5.25	K0 V	0.908
Deltoton	δ Tri|8 Tri|Gl 92|HD 13974|HR 660|HIP 10644	34.26347	34.22424	10.911	m	4.933	4.744	G0V	0.664
Denebola	β Leo|94 Leo|Gl 448|HD 102647|HR 4534|HIP 57632	177.26616	14.57234	11	e	2.143	1.936	A3V	0.157
Zavijava	β Vir|5 Vir|Gl 449|HD 102870|HR 4540|HIP 57757	177.67383	1.76472	11.002	m	3.649	3.442	F9 V	0.607
Arcturus	α Boo|16 Boo|Gl 541|HD 124897|HR 5340|HIP 69673	213.91812	19.18727	11.258	e	0.161	-0.096	K2IIIp	
Muphrid	η Boo|8 Boo|Gl 534|HD 121370|HR 5235|HIP 67927	208.67117	18.39772	11.396	e	2.719	2.435	G0IV	0.661
Deneb Algedi	δ Cap|49 Cap|Gl 837|HD 207098|HR 8322|HIP 107556	326.76016	-16.12729	11.636	m	2.885	2.556	A5mF2 (IV)	0.33
Porrima	γ Vir|29 Vir|Gl 482A|HD 110379|HR 4825|HIP 61941	190.41518	-1.44938	12.02	m	3.484	3.084	F0V+...	0.388
Copernicus B	Gl 324B	133.17021	28.31727	12.554	m	13.14	12.65	M3.5	1.64
Copernicus	ρ1 Cnc|55 Cnc|Gl 324A|HD 75732|HR 3522|HIP 43587	133.14922	28.33082	12.587	m	6.036	5.536	G 8 V	1.001
Porrima B	γ Vir|29 Vir|Gl 482B|HD 110380|HR 4826	190.41589	-1.44934	12.735	m	3.528	3.003	F0 V	0.388
Quadrans B	Gl 575B	225.94785	47.65443	12.806	m	6.095	5.558	dG2	0.92
Quadrans	44 Boo|Gl 575A|HD 133640|HR 5618|HIP 73695	225.94709	47.65404	12.946	m	5.203	4.642	F 9 VN	0.643
Capella B	Gl 194B	79.16889	46.00084	13.123	e	0.96	0.37	G0 III	
Capella	α Aur|13 Aur|Gl 194A|HD 34029|HR 1708|HIP 24608	79.17207	45.99903	13.123	e	0.238	-0.352	G0III	
Titawin	υ And|50 And|Gl 61|HD 9826|HR 458|HIP 7513	24.19948	41.40546	13.478	m	4.152	3.504	F8V	0.584
Alshain	β Aql|60 Aql|Gl 771A|HD 188512|HR 7602|HIP 98036	298.8283	6.40676	13.601	m	3.807	3.139	G8IV	0.982
Alshain B	Gl 771B	298.82631	6.40496	13.626	m	11.4	10.73	M3	
Errai	γ Cep|35 Cep|Gl 903|HD 222404|HR 8974|HIP 116727	354.83667	77.63231	13.79	m	3.322	2.624	K0IV	1.207
Chalawan	47 UMa|Gl 407|HD 95128|HR 4277|HIP 53721	164.86655	40.43026	13.887	m	5.102	4.389	G0V	0.678
Dalim	α For|Gl 127A|HD 20010|HR 963|HIP 14879	48.01873	-28.98762	13.999	m	3.976	3.246	F8V	0.534
Dalim B	Gl 127B	48.01659	-28.98852	14.083	m	7.192	6.449	G7 V	
Sharjah	HIP 79431	243.1741	-18.87547	14.575	m	11.46	10.64		4.306
Onkaria	Gl 1214	258.82791	4.96161	14.642	m	14.67	13.84	m	1.74
Talitha	ι UMa|9 UMa|Gl 331A|HD 76644|HR 3569|HIP 44127	134.80242	48.04183	14.706	m	3.128	2.291	A7IV	0.23
Talitha B	Gl 331B	134.80853	48.04358	14.706	m	10.8	9.963	dM1   J	
Talitha C	Gl 331C	134.80853	48.04358	14.706	m	11	10.16		
Rasalhague	α Oph|55 Oph|Gl 681|HD 159561|HR 6556|HIP 86032	263.73335	12.56058	14.896	e	2.106	1.241	A5III	0.209
Alchiba	α Crv|1 Crv|Gl 455.3|HD 105452|HR 4623|HIP 59199	182.10337	-24.72887	14.977	m	4.054	3.177	F0IV/V	0.337
Alderamin	α Cep|5 Cep|Gl 826|HD 203280|HR 8162|HIP 105199	319.64445	62.58557	15.038	e	2.458	1.572	A7IV-V	0.267
Castor C	Gl 278C	113.6566	31.86974	15.081	m	9.831	8.939	M 1 VE	
Helvetios	51 Peg|Gl 882|HD 217014|HR 8729|HIP 113357	344.36659	20.76883	15.527	m	5.526	4.571	G0	0.723
Castor	α Gem|66 Gem|Gl 278A|HD 60179|HR 2891|HIP 36850	113.65002	31.88864	15.596	e	1.934	0.969	A1V	
Castor B	α Gem|66 Gem|Gl 278B|HD 60178|HR 2890	113.65101	31.88885	15.596	e	2.972	2.007	A m	
Cervantes	μ Ara|Gl 691|HD 160691|HR 6585|HIP 86796	266.03627	-51.83406	15.604	m	5.197	4.231	G3 IV/V	0.767
Tepiamenit B	Gl 527B	206.81512	17.45578	15.614	m	11	10.03	M2	
Tepiamenit	τ Boo|4 Boo|Gl 527A|HD 120136|HR 5185|HIP 67275	206.8156	17.4569	15.614	m	4.536	3.568	F6IV	0.528
Genghe	σ Boo|28 Boo|Gl 557|HD 128167|HR 5447|HIP 71284	218.67007	29.74513	15.756	m	4.501	3.514	F2V	0.38
Xami	α Cir|Gl 560A|HD 128898|HR 5463|HIP 71908	220.62675	-64.97514	16.395	m	3.189	2.115	AP SREU(CR)	0.285
Xami B	Gl 560B	220.62242	-64.97608	16.441	m	8.47	7.39	K5 V	1.15
Caph	β Cas|11 Cas|Gl 8|HD 432|HR 21|HIP 746	2.29331	59.14978	16.784	e	2.299	1.175	F2III-IV	0.39
Diadem B	α Com|42 Com|Gl 501B|HD 114379|HR 4969	197.49583	17.52898	17.825	e	5.17	3.915	F5 V	
Diadem	α Com|42 Com|Gl 501A|HD 114378|HR 4968|HIP 64241	197.49703	17.52944	17.825	e	4.427	3.172	F5V	0.488
Kulou	ι Cen|Gl 508.1|HD 115892|HR 5028|HIP 65109	200.14924	-36.71229	17.839	m	2.732	1.475	A2 V	0.082
Zosma	δ Leo|68 Leo|Gl 419|HD 97603|HR 4357|HIP 54872	168.52707	20.52372	17.915	e	2.544	1.278	A4V	0.166
Sheratan	β Ari|6 Ari|Gl 80|HD 11636|HR 553|HIP 8903	28.66002	20.80804	17.986	e	2.651	1.376	A5V...	0.176
Menkent	θ Cen|5 Cen|Gl 539|HD 123139|HR 5288|HIP 68933	211.67062	-36.36996	18.034	e	2.158	0.878	K0 IIIB	1.201
Alzirr	ξ Gem|31 Gem|Gl 242|HD 48737|HR 2484|HIP 32362	101.32235	12.89559	18.454	m	3.377	2.047	F3IV	0.476
Wasat B	Gl 271B	110.02988	21.98459	18.535	m	8.2	6.86	K3 V	
Wasat	δ Gem|55 Gem|Gl 271A|HD 56986|HR 2777|HIP 35550	110.03074	21.98232	18.598	m	3.559	2.212	F0IV...	0.362
Maru	Gl 3483	121.70904	-66.29988	19.232	m	13.92	12.5	DQ5	0.05
Tureis	ρ Pup|15 Pup|HD 67523|HR 3185|HIP 39757	121.88606	-24.30432	19.455	m	2.842	1.397	F2mF5IIp	0.48
Mothallah	α Tri|2 Tri|Gl 78.1|HD 11443|HR 544|HIP 8796	28.27045	29.57883	19.481	m	3.457	2.009	F5III	0.527
Larawag	ε Sco|26 Sco|HD 151680|HR 6241|HIP 82396	252.54088	-34.29323	19.535	e	2.393	0.939	K2 IIIB	1.388
Hamal	α Ari|13 Ari|Gl 84.3|HD 12929|HR 617|HIP 9884	31.79333	23.46242	20.178	e	2.125	0.601	K2III	1.362
Aldebaran	α Tau|87 Tau|Gl 171.1A|HD 29139|HR 1457|HIP 21421	68.98	16.50976	20.433	e	1.16	-0.392	K5III	1.777
Aldebaran B	Gl 171.1B	68.97977	16.51047	21.163	m	13.5	11.87	dM2	
Syrma	ι Vir|99 Vir|Gl 9473|HD 124850|HR 5338|HIP 69701	214.00362	-6.00055	22.026	m	4.126	2.411	F7V	0.551
Ross 687	Gl 333.2B|HIP 44263	135.21031	5.24205	22.148	m	12.71	10.98	M4	
Ross 686	Gl 333.2A	135.21007	5.24202	22.151	m	12.68	10.95	dM4	1.47
Darlugal	ζ Lep|14 Lep|Gl 217.1|HD 38678|HR 1998|HIP 27288	86.73892	-14.82195	22.324	m	3.541	1.797	A2Vann	0.13
Dziban B	ψ1 Dra|31 Dra|Gl 694.1B|HD 162004|HR 6637|HIP 86620	265.49207	72.15691	22.702	m	5.586	3.806	G0V	0.555
Dziban	ψ1 Dra|31 Dra|Gl 694.1A|HD 162003|HR 6636|HIP 86614	265.48481	72.14885	22.753	m	4.6	2.815	F5IV-V	0.457
Unukalhai	α Ser|24 Ser|Gl 596.2|HD 140573|HR 5854|HIP 77070	236.06697	6.42563	22.756	m	2.739	0.954	K2III	1.403
Heze	ζ Vir|79 Vir|Gl 3792|HD 118098|HR 5107|HIP 66249	203.6733	-0.59582	22.859	m	3.38	1.585	A3V	0.142
Kaffaljidhma B	Gl 106.1B	40.82276	3.23739	22.938	m	6.3	4.497	dF3	
Kaffaljidhma	γ Cet|86 Cet|Gl 106.1A|HD 16970|HR 804|HIP 12706	40.82517	3.23582	22.938	m	3.551	1.748	A3V	0.093
Aljanah B	Gl 806.1B	311.52546	33.96721	23.16	m	13.4	11.58	M4	1.66
Aljanah	ε Cyg|53 Cyg|Gl 806.1A|HD 197989|HR 7949|HIP 102488	311.55285	33.97025	23.16	m	2.57	0.746	K0III	1.22
Zubenelgenubi	α2 Lib|9 Lib|Gl 564.1|HD 130841|HR 5531|HIP 72622	222.71964	-16.04178	23.24	e	2.742	0.911	A3 III/V	0.188
Kaus Borealis	λ Sgr|22 Sgr|Gl 713.1|HD 169916|HR 6913|HIP 90496	276.99267	-25.4217	23.299	m	2.924	1.087	K1 IIIB	1.229
Terebellum	ω Sgr|58 Sgr|HD 188376|HR 7597|HIP 98066	298.95983	-26.29949	23.41	m	4.773	2.926	G3/5 III	0.832
Koeia	HIP 12961	41.67869	-23.08661	23.423	m	10.46	8.608	M0	1.669
Sarin	δ Her|65 Her|Gl 3995A|HD 156164|HR 6410|HIP 84379	258.75796	24.8392	23.54	m	3.115	1.256	A3IV	0.104
Alphecca	α CrB|5 CrB|HD 139006|HR 5793|HIP 76267	233.67162	26.71491	23.674	m	2.217	0.346	A0V	0.035
Regulus	α Leo|32 Leo|HD 87901|HR 3982|HIP 49669	152.09358	11.9672	24.313	e	1.399	-0.53	B7V	-0.039
Tegmine	ζ2 Cnc|16 Cnc|HD 68257|HR 3210|HIP 40167	123.05319	17.64775	24.457	m	5.302	3.36	F8V	0.546
Kaffaljidhma C	Gl 106.1C	40.62322	3.37609	24.528	m	10.16	8.212	K5	1.36
Alsephina	δ Vel|Gl 321.3A|HD 74956|HR 3485|HIP 42913	131.17582	-54.70857	24.698	e	1.991	0.028	A0 V	
Alsephina B	Gl 321.3B	131.17585	-54.70836	24.698	e	5.57	3.607		
Alsephina C	Gl 321.3C	131.20351	-54.69818	24.698	e	11	9.037		
Megrez	δ UMa|69 UMa|Gl 459|HD 106591|HR 4660|HIP 59774	183.85629	57.03262	24.797	m	3.298	1.326	A3Vvar	0.112
Honores	7 And|Gl 891.1|HD 219080|HR 8830|HIP 114570	348.13752	49.40621	24.818	m	4.558	2.584	F0V	0.313
Mizar	ζ UMa|79 UMa|Gl 3783A|HD 116656|HR 5054|HIP 65378	200.98092	54.92542	24.867	m	2.227	0.249	A2V	0.063
Menkalinan	β Aur|34 Aur|Gl 3375|HD 40183|HR 2088|HIP 28360	89.88237	44.94743	24.869	e	1.904	-0.074	A2IV	0.085
Alcor	80 UMa|Gl 3785|HD 116842|HR 5062|HIP 65477	201.3064	54.98796	25.056	e	4.007	2.012	A5V	0.196
Danfeng	Gl 4332|HIP 115211	350.03132	-60.06514	25.182	m	11.19	9.185	M2	1.702
Alioth	ε UMa|77 UMa|HD 112185|HR 4905|HIP 62956	193.5068	55.95984	25.31	e	1.764	-0.252	A0P	0.049
Cebalrai	β Oph|60 Oph|HD 161096|HR 6603|HIP 86742	265.86814	4.5673	25.492	m	2.879	0.847	K2 III	1.401
Phecda	γ UMa|64 UMa|HD 103287|HR 4554|HIP 58001	178.45768	53.69476	25.504	e	2.399	0.366	A0V	0.057
Merak	β UMa|48 UMa|Gl 9343|HD 95418|HR 4295|HIP 53910	165.45996	56.38234	25.905	m	2.349	0.282	A0V	0.036
Udkadua	λ And|16 And|Gl 9832|HD 222107|HR 8961|HIP 116584	354.39101	46.45815	25.924	m	3.964	1.895	G8III	1.139
Ankaa	α Phe|HD 2261|HR 99|HIP 2081	6.57094	-42.30608	25.974	e	2.496	0.423	K0 IIIB	1.284
Okab	ζ Aql|17 Aql|Gl 4095A|HD 177724|HR 7235|HIP 93747	286.35253	13.86348	26.155	m	2.958	0.87	A0V	0.035
Algorab	δ Crv|7 Crv|HD 108767|HR 4757|HIP 60965	187.46608	-16.51543	26.274	m	2.926	0.828	B9.5V	-0.008
Seginus	γ Boo|27 Boo|HD 127762|HR 5435|HIP 71075	218.01954	38.30825	26.377	m	3.043	0.937	A7IIIvar	0.223
Ascella	ζ Sgr|38 Sgr|HD 176687|HR 7194|HIP 93506	285.65298	-29.88011	27.042	e	2.599	0.439	A3IV	0.118
Sabik B	Gl 656.1B	257.59175	-15.72692	27.093	e	3.4	1.236	A3 V	
Sabik	η Oph|35 Oph|Gl 656.1A|HD 155125|HR 6378|HIP 84012	257.59452	-15.72491	27.093	e	2.477	0.313	A2.5Va	0.12
Wazn	β Col|HD 39425|HR 2040|HIP 27628	87.73997	-35.76831	27.098	m	3.231	1.066	K1.5 III	1.38
Gacrux	γ Cru|HD 108903|HR 4763|HIP 61084	187.79137	-57.11257	27.152	e	1.832	-0.337	M4 III	1.821
Alrakis B	μ Dra|21 Dra|Gl 9584B|HD 154905|HR 6369|HIP 83608	256.33406	54.47032	27.181	m	5.693	3.522	F 6 V	0.531
Alrakis C	Gl 9584C	256.33071	54.46909	27.184	m	13.5	11.33	M3 :	
Biham	θ Peg|26 Peg|Gl 9771|HD 210418|HR 8450|HIP 109427	332.54994	6.19787	27.198	m	3.519	1.346	A2V	0.093
Alrakis	μ Dra|21 Dra|Gl 9584A|HD 154906|HR 6370	256.33406	54.47032	27.203	m	5.656	3.483	F7 V	0.515
Gumala	HD 179949|HR 7291|HIP 94645	288.88846	-24.17935	27.54	m	6.299	4.099	F8 V	0.584
Algol	β Per|26 Per|HD 19356|HR 936|HIP 14576	47.04221	40.95565	27.571	e	2.105	-0.097	B8V	-0.005
Cursa	β Eri|67 Eri|Gl 9175|HD 33111|HR 1666|HIP 23875	76.96243	-5.08645	27.59	m	2.779	0.575	A3IIIvar	0.17
Graffias C	Gl 9540C	241.09152	-11.37275	27.892	m	7.3	5.073	G8 V	0.75
Athebyne B	Gl 624.1B	245.99457	61.51369	27.917	m	8.8	6.571	K2	
Athebyne	η Dra|14 Dra|Gl 624.1A|HD 148387|HR 6132|HIP 80331	245.9979	61.51421	27.998	m	2.801	0.565	G8III	1.049
Graffias	ξ Sco|Gl 9540A|HD 144070|HR 5978	241.09161	-11.37461	28.044	m	4.84	2.601	F6 IV-V	0.45
Graffias B	ξ Sco|Gl 9540B|HD 144069|HR 5977	241.09223	-11.3731	28.044	m	4.363	2.124	F3/5 V	0.481
Macondo	Gl 1137|HD 93083|HIP 52521	161.08715	-33.57702	28.485	m	8.424	6.151	K3 V	1.099
Ebla	Gl 4313|HD 218566|HIP 114322	347.2947	-2.26074	28.822	m	8.74	6.441	K3 V	1.172
Flegetonte	HD 102195|HIP 57370	176.42621	2.82148	29.357	m	8.155	5.816	K0 V	0.947
Kaewkosin	Gl 3470	119.77623	15.39243	29.397	m	12.33	9.988	m	
Taiyi	8 Dra|HD 112429|HR 4916|HIP 63076	193.86895	65.43847	29.441	m	5.262	2.917	F 0 V	0.315
Diphda	β Cet|16 Cet|Gl 31|HD 4128|HR 188|HIP 3419	10.89735	-17.98661	29.533	e	2.139	-0.213	K0III	1.204
Alpheratz	α And|21 And|HD 358|HR 15|HIP 677	2.09653	29.09083	29.744	e	2.05	-0.317	B8P	-0.047
Bake-eo	γ Oph|62 Oph|HD 161868|HR 6629|HIP 87108	266.97317	2.70728	29.747	m	3.737	1.37	A0 Van	0.052
Citalá	HD 52265|HR 2622|HIP 33719	105.07515	-5.36716	29.918	m	6.347	3.967	G0 V	0.617
Altais	δ Dra|57 Dra|HD 180711|HR 7310|HIP 94376	288.13875	67.66154	29.985	m	3.165	0.78	G8III	1.157
Praecipua	46 LMi|HD 94264|HR 4247|HIP 53229	163.32793	34.21488	30.376	m	3.905	1.492	K0III-IV	1.235
Cor Caroli	α2 CVn|12 CVn|HD 112413|HR 4915|HIP 63125	194.0071	38.31838	30.56	m	2.845	0.419	A0spe...	-0.057
Xuange	λ Boo|19 Boo|Gl 3837|HD 125162|HR 5351|HIP 69732	214.09591	46.08831	30.686	m	4.181	1.746	A0P	0.093
Edasich	ι Dra|12 Dra|HD 137759|HR 5744|HIP 75458	231.23239	58.96606	30.747	m	3.421	0.982	K2III	1.384
Rotanev	β Del|6 Del|HD 196524|HR 7882|HIP 101769	309.38723	14.59511	30.931	e	3.677	1.225	F5III	0.475
Alnair	α Gru|Gl 848.2|HD 209952|HR 8425|HIP 109268	332.05782	-46.96062	30.969	e	1.757	-0.698	B7 IV	-0.082
Alnasl	γ2 Sgr|10 Sgr|HD 165135|HR 6746|HIP 88635	271.45203	-30.4241	30.989	m	3.066	0.61	K0 III	1.183
Kurhah	ξ Cep|17 Cep|HD 209790|HR 8417|HIP 108917	330.94772	64.62797	31.133	m	4.446	1.98	AM	0.367
Ruchbah	δ Cas|37 Cas|HD 8538|HR 403|HIP 6686	21.45324	60.23528	31.221	m	2.663	0.191	A5Vv SB	0.179
Stellio	α Lac|7 Lac|HD 213558|HR 8585|HIP 111169	337.82272	50.28249	31.752	m	3.758	1.249	A1V	0.026
Alkaid	η UMa|85 UMa|HD 120315|HR 5191|HIP 67301	206.88561	49.3133	31.867	e	1.842	-0.675	B3V	-0.115
Mönch	HD 130322|HIP 72339	221.88635	-0.28148	31.913	m	8.12	5.6	K0 V	0.899
Tapecue	HD 63765|HIP 38041	116.95716	-54.26415	32.517	m	8.188	5.627	G6 IV/V	0.834
Cor Caroli B	α1 CVn|12 CVn|HD 112412|HR 4914|HIP 63121	194.00252	38.3147	32.667	m	5.517	2.946	F 0 V	0.344
Yed Posterior	ε Oph|2 Oph|Gl 3949|HD 146791|HR 6075|HIP 79882	244.58037	-4.69251	32.772	m	3.321	0.743	G8III	1.129
Vindemiatrix	ε Vir|47 Vir|HD 113226|HR 4932|HIP 63608	195.54416	10.95915	33.101	m	2.917	0.318	G8III	1.079
Algedi	α2 Cap|6 Cap|HD 192947|HR 7754|HIP 100064	304.51356	-12.54485	33.429	m	3.665	1.044	G6/G8III	1.094
Tupi	HD 23079|HIP 17096	54.92957	-52.91585	33.486	m	7.172	4.548	F8/G0 V	0.636
Alhena	γ Gem|24 Gem|HD 47105|HR 2421|HIP 31681	99.42793	16.39941	33.512	e	2.024	-0.602	A0IV	
Natasha	HD 85390|HIP 48235	147.5104	-49.79026	33.526	m	8.62	5.993	K1 V	0.961
Cocibolca	Gl 9024|HD 4208|HIP 3479	11.11105	-26.51569	34.108	m	7.86	5.196	G5 V	0.754
Grumium	ξ Dra|32 Dra|HD 163588|HR 6688|HIP 87585	268.38221	56.87265	34.411	m	3.853	1.17	K2III	1.4
Felixvarela	HIP 2247	7.14294	-16.22634	34.516	m	9.696	7.006	K 5 V	1.368
Sadalbari	μ Peg|48 Peg|Gl 4298|HD 216131|HR 8684|HIP 112748	342.50081	24.60158	34.561	m	3.604	0.911	G8III	1.078
Sceptrum	53 Eri|Gl 9160A|HD 29503|HR 1481|HIP 21594	69.5451	-14.30398	34.63	m	4.023	1.326	K1 III	1.326
Sceptrum B	Gl 9160B	69.5451	-14.30398	34.63	m	6.952	4.255		0.825
Miaplacidus	β Car|HD 80007|HR 3685|HIP 45238	138.301	-69.71747	34.698	e	1.675	-1.027	A1 III	0.071
Misam	κ Per|27 Per|HD 19476|HR 941|HIP 14668	47.37406	44.85753	34.805	m	3.889	1.181	K0III	1.139
Lusitânia	HD 45652|HIP 30905	97.30496	10.9339	34.907	m	8.22	5.505	K5	0.948
Apdu	γ Tri|9 Tri|HD 14055|HR 664|HIP 10670	34.32861	33.84719	35.74	m	3.999	1.233	A0V	0.026
Nusakan	β CrB|3 CrB|HD 137909|HR 5747|HIP 75695	231.95721	29.1057	35.809	m	3.672	0.902	A8III	0.318
Emiw	HD 7199|HIP 5529	17.69676	-66.18815	36.11	m	8.123	5.335	K0 IV/V	0.985
Zibal	ζ Eri|13 Eri|HD 20320|HR 984|HIP 15197	48.95843	-8.81973	36.503	m	4.821	2.009	A2 III	0.246
Alkalurops B	μ2 Boo|51 Boo|Gl 3904B|HD 137392|HR 5734|HIP 75415	231.12862	37.34747	36.735	m	7.092	4.267	G1V	0.639
Meridiana	α CrA|HD 178253|HR 7254|HIP 94114	287.36809	-37.90448	36.916	m	4.095	1.259	A0/1 V	0.072
Qigong	δ Boo|49 Boo|HD 135722|HR 5681|HIP 74666	228.87568	33.31483	36.935	m	3.563	0.726	G0V	1.106
Elgafar B	Gl 550.2B	217.05226	-2.22844	37.059	m	10.02	7.176	G4 V	
Tusizuo	109 Her|HD 169414|HR 6895|HIP 90139	275.92455	21.76975	37.087	m	3.975	1.129	K1III	1.383
Elgafar	φ Vir|105 Vir|Gl 550.2A|HD 126868|HR 5409|HIP 70755	217.05057	-2.22795	37.203	m	4.918	2.065	G3 V	0.76
Alkalurops	μ1 Boo|51 Boo|Gl 3903A|HD 137391|HR 5733|HIP 75411	231.12262	37.37717	37.628	m	4.334	1.456	F0V	0.333
Ceibo	HD 63454|HIP 37284	114.84103	-78.27897	37.659	m	9.48	6.601	K4 V	1.233
Dofida	HD 117618|HIP 66047	203.10648	-47.27136	37.675	m	7.238	4.358	G2 V	0.66
Dubhe	α UMa|50 UMa|HD 95689|HR 4301|HIP 54061	165.93265	61.75112	37.679	e	2.023	-0.857	F7V comp	
Bubup	HD 38283|HIP 26380	84.2584	-73.69934	38.044	m	6.761	3.86	G0/1 V	0.618
Lembu	97 Tau|HD 30780|HR 1547|HIP 22565	72.84359	18.83986	38.282	m	5.115	2.2	A 7 IV-V	0.229
Beid	ο1 Eri|38 Eri|HD 26574|HR 1298|HIP 19587	62.96641	-6.83758	38.3	m	4.067	1.151	F1 IV	0.356
Rasalas	μ Leo|24 Leo|HD 85503|HR 3905|HIP 48455	148.19091	26.00695	38.318	m	4.013	1.096	K2III	1.476
Sadachbia	γ Aqr|48 Aqr|Gl 9779|HD 212061|HR 8518|HIP 110395	335.41407	-1.38733	38.677	m	3.827	0.89	A0V	-0.045
Tupã	HD 108147|HIP 60644	186.44336	-64.02209	38.822	m	7.057	4.112	F8/G0V	0.587
Alaybasan	β Tri|4 Tri|HD 13161|HR 622|HIP 10064	32.38594	34.98729	38.895	e	3.017	0.068	A5III	0.179
Naja	γ Hya|46 Hya|HD 115659|HR 5020|HIP 64962	199.73039	-23.17151	39.172	m	3.078	0.113	G8III	1.062
Uklun	HD 102117|HIP 57291	176.21026	-58.70371	39.443	m	7.532	4.552	G6 V	0.842
Ashlesha	ε Hya|11 Hya|HD 74874|HR 3482|HIP 43109	131.69387	6.41878	39.635	e	3.488	0.498	G0III-IV	0.762
Algieba	γ1 Leo|41 Leo|HD 89484|HR 4057|HIP 50583	154.99234	19.84186	39.888	e	2.366	-0.638	K0P	1.426
Pincoya	HD 164604|HIP 88414	270.77888	-28.56064	40.021	m	9.943	6.932	K1/3	1.22
Kochab	β UMi|7 UMi|HD 131873|HR 5563|HIP 72607	222.67658	74.15551	40.145	e	2.215	-0.803	K4IIIvar	1.783
Fuyue	HD 161892|HR 6630|HIP 87261	267.46452	-37.0433	40.43	m	3.315	0.281	K0/1 III	1.404
Revati B	ζ Psc|86 Psc|HD 7345|HR 362|HIP 5743	18.43857	7.57826	40.503	m	6.148	3.111	F 7 V	0.496
Karaka	HD 137388|HIP 76351	233.91633	-80.20459	40.624	m	8.795	5.751	K0/1 V	1.021
Alya B	θ2 Ser|63 Ser|HD 175639|HR 7142|HIP 92951	284.06099	4.2021	40.765	m	4.93	1.879	A5 V	0.223
Kalausi	HD 83443|HIP 47202	144.29928	-43.27221	40.851	m	8.315	5.259	K0/1 V + G (III)	0.942
Markab	α Peg|54 Peg|HD 218045|HR 8781|HIP 113963	346.19022	15.20526	40.883	e	2.452	-0.606	B9.5III	0.004
Revati	ζ Psc|86 Psc|HD 7344|HR 361|HIP 5737	18.43286	7.57536	40.884	m	5.221	2.163	F 0 VN	0.291
Elnath	β Tau|112 Tau|HD 35497|HR 1791|HIP 25428	81.57291	28.60787	41.051	e	1.67	-1.397	B7III	-0.065
Maenalus	109 Vir|HD 130109|HR 5511|HIP 72220	221.56218	1.89288	41.184	m	3.716	0.642	Ap (A0 IVnn SiII)	0.004
Alya	θ1 Ser|63 Ser|HD 175638|HR 7141|HIP 92946	284.05495	4.2036	41.204	m	4.592	1.517	A5 V	0.184
Azha	η Eri|3 Eri|HD 18322|HR 874|HIP 13701	44.10687	-8.89814	41.292	m	4.013	0.934	K1III-IV	1.28
Subra	ο Leo|14 Leo|HD 83809|HR 3852|HIP 47508	145.28764	9.89231	41.326	m	3.562	0.481	A2+F6II	0.537
Alasia	HD 168746|HIP 90004	275.45743	-11.92268	41.687	m	8.027	4.927	G5 V	0.803
Asellus Australis	δ Cnc|47 Cnc|HD 74442|HR 3461|HIP 42911	131.17125	18.15431	41.969	m	4.048	0.933	K0III	1.263
Nenque	Gl 9037|HD 6434|HIP 5054	16.1673	-39.48821	42.252	m	7.799	4.67	G2/3 V	0.661
Achernar	α Eri|HD 10144|HR 472|HIP 7588	24.42813	-57.23666	42.753	e	0.522	-2.633	B3 VP	-0.064
Arkab Posterior	β2 Sgr|HD 181623|HR 7343|HIP 95294	290.80474	-44.79979	42.806	m	4.311	1.153	F2/3 V	0.356
Nervia	HD 49674|HIP 32916	102.87715	40.86775	42.879	m	8.179	5.018	G0	0.817
Skat	δ Aqr|76 Aqr|HD 216627|HR 8709|HIP 113136	343.66255	-15.82082	43.206	m	3.258	0.08	A3V	0.09
Bagu	δ Aur|33 Aur|HD 40035|HR 2077|HIP 28358	89.8818	54.28467	43.373	m	3.832	0.646	K0III	1.177
Kaus Australis	ε Sgr|20 Sgr|HD 169022|HR 6879|HIP 90185	276.04311	-34.38431	43.937	e	1.81	-1.404	B9.5 III	0.023
Ain	ε Tau|74 Tau|HD 28305|HR 1409|HIP 20889	67.15416	19.18043	44.712	m	3.635	0.383	K0III	1.178
Baltesha	γ CrB|8 CrB|HD 140436|HR 5849|HIP 76952	235.68572	26.29562	44.783	e	3.851	0.595	A0III	0.015
Bélénos	HD 8574|HIP 6643	21.30215	28.5667	44.832	m	7.178	3.92	F8	0.629
Itonda	HD 208487|HIP 108375	329.3327	-37.76362	44.906	m	7.535	4.273	G1/3 (V)	0.604
Huagai	ι Cas|HD 15089|HR 707|HIP 11569	37.26643	67.4024	45.29	m	4.627	1.347	A5P	0.105
Kraz	β Crv|9 Crv|HD 109379|HR 4786|HIP 61359	188.59681	-23.39676	45.444	m	2.721	-0.566	G5II	1.045
Kornephoros	β Her|27 Her|HD 148856|HR 6148|HIP 80816	247.55502	21.48961	45.45	m	2.86	-0.428	G8III	1.083
Udang	θ Cap|23 Cap|HD 200761|HR 8075|HIP 104139	316.48677	-17.23286	45.652	m	4.07	0.773	A1V	0.005
Chamukuy	θ2 Tau|78 Tau|HD 28319|HR 1412|HIP 20894	67.16559	15.87088	45.845	m	3.407	0.101	A7III	0.216
Prima Hyadum	γ Tau|54 Tau|HD 27371|HR 1346|HIP 20205	64.94835	15.62764	46.158	m	3.75	0.429	G9III	1.135
Zhou	β Ser|28 Ser|HD 141003|HR 5867|HIP 77233	236.5469	15.42182	46.313	m	3.653	0.325	A2IV	0.094
Lucilinburhuc	HD 45350|HIP 30860	97.19047	38.96296	46.968	m	7.969	4.61	G5	0.836
Gienah	γ Crv|4 Crv|HD 106625|HR 4662|HIP 59803	183.95155	-17.54193	47.103	e	2.532	-0.833	B8III	-0.074
Fawaris	δ Cyg|18 Cyg|HD 186882|HR 7528|HIP 97165	296.24361	45.13081	47.287	m	2.893	-0.481	B9.5III	-0.027
Eltanin	γ Dra|33 Dra|HD 164058|HR 6705|HIP 87833	269.15155	51.48889	47.304	e	2.381	-0.993	K5III	1.865
Intan	HD 20868|HIP 15578	50.17789	-33.7301	47.719	m	10.05	6.662	K3/4 III/V	1.335
Nihal	β Lep|9 Lep|HD 36079|HR 1829|HIP 25606	82.06134	-20.75944	47.916	m	2.901	-0.501	G5II	0.936
Gang	50 Cas|HD 12216|HR 580|HIP 9598	30.85902	72.42129	47.987	m	3.94	0.534	A2V	0.022
Merga	38 Boo|HD 130945|HR 5533|HIP 72487	222.32779	46.11621	48.016	m	5.811	2.404	F 7 IVB W	0.501
Salm	τ Peg|62 Peg|HD 220061|HR 8880|HIP 115250	350.15935	23.74034	48.275	m	4.602	1.183	A5IV	0.186
Rapeto	HD 153950|HIP 83547	256.12863	-43.30977	48.407	m	7.454	4.029	F8 V	0.603
Yed Prior	δ Oph|1 Oph|HD 146051|HR 6056|HIP 79593	243.58641	-3.69432	48.992	m	2.896	-0.555	M1III	1.912
Alkes	α Crt|7 Crt|HD 95272|HR 4287|HIP 53740	164.9436	-18.29878	49.093	m	4.195	0.74	K1 III	1.288
Rhombus	α Ret|HD 27256|HR 1336|HIP 19780	63.60618	-62.47386	49.157	m	3.425	-0.033	G6 II/III	1.044
Marfik	λ Oph|10 Oph|HD 148857|HR 6149|HIP 80883	247.72848	1.98396	49.179	m	4.147	0.688	B9/A0 III	0.043
Chertan	θ Leo|70 Leo|HD 97633|HR 4359|HIP 54879	168.56002	15.42957	49.222	m	3.304	-0.157	A0V	0.018
Secunda Hyadum	δ1 Tau|61 Tau|HD 27697|HR 1373|HIP 20455	65.73372	17.54252	49.239	m	3.86	0.398	K0III	1.132
Solaris	HIP 104780	318.39996	14.68938	49.301	m	9.771	6.307	K5	1.152
Zubenelhakrabi	γ Lib|38 Lib|Gl 3912|HD 138905|HR 5787|HIP 76333	233.88157	-14.78954	49.36	m	4.015	0.548	K0III	1.16
Gomeisa	β CMi|3 CMi|HD 58715|HR 2845|HIP 36188	111.78768	8.28932	49.579	e	2.838	-0.638	B8Vvar	-0.077
Sagarmatha	HD 100777|HIP 56572	173.96469	-4.7557	49.605	m	8.505	5.027	G8 V	0.876
Acamar	θ1 Eri|HD 18622|HR 897|HIP 13847	44.56535	-40.30467	50.239	m	3.195	-0.31	A4III+...	0.175
Kalasungsang	ρ Boo|25 Boo|HD 127665|HR 5429|HIP 71053	217.95745	30.37144	50.365	m	3.71	0.199	K3III	1.557
Alrescha	α Psc|113 Psc|HD 12447|HR 595|HIP 9487	30.5117	2.76374	50.506	m	4.1	0.583	Ap (kA0hA7 SrII)	-0.052
Botein	δ Ari|57 Ari|HD 19787|HR 951|HIP 14838	47.90736	19.72668	50.574	m	4.452	0.932	K2III	1.206
Khepdenreret	ε Her|58 Her|HD 153808|HR 6324|HIP 83207	255.07239	30.92641	50.597	m	3.895	0.374	A0V	-0.012
Mahasim	θ Aur|37 Aur|HD 40312|HR 2095|HIP 28380	89.93027	37.21258	50.761	e	2.602	-0.926	A0p Si	-0.05
Bharani	41 Ari|HD 17573|HR 838|HIP 13209	42.49598	27.26051	50.787	e	3.579	0.05	B8V	-0.101
Shangcheng	HD 19275|HR 932|HIP 14862	47.98443	74.39366	50.914	m	4.84	1.306	A0V	0.054
Mesarthim	γ2 Ari|5 Ari|HD 11502|HR 546|HIP 8832	28.38255	19.29385	50.951	m	4.517	0.981	A1p Si	-0.026
Speedy Mic	HD 197890|HIP 102626	311.93754	-36.59467	51.025	m	9.552	6.013	K0 V	1.086
Matrchakre	δ CrB|10 CrB|HD 141714|HR 5889|HIP 77512	237.39853	26.06839	51.291	m	4.685	1.135	G5III-IV	0.883
Kaffalmusalsala	κ And|19 And|HD 222439|HR 8976|HIP 116805	355.10211	44.33394	51.529	m	4.126	0.566	A0IV	-0.075
Jishui	ο Gem|71 Gem|HD 61110|HR 2930|HIP 37265	114.79138	34.58435	51.723	m	4.928	1.36	F3III	0.442
Bade	μ Lep|5 Lep|HD 33904|HR 1702|HIP 24305	78.23292	-16.20547	52.144	m	3.247	-0.339	B9IV: HgMn	-0.101
Nashira	γ Cap|40 Cap|Gl 4209|HD 206088|HR 8278|HIP 106985	325.02272	-16.66231	52.346	m	3.704	0.11	A7III:mp...	0.36
Lilii Borea	39 Ari|HD 17361|HR 824|HIP 13061	41.97725	29.24712	52.524	m	4.639	1.037	K1III	1.3
Alkarab	υ Peg|68 Peg|HD 220657|HR 8905|HIP 115623	351.34493	23.4041	53.459	m	4.49	0.85	F8III	0.655
Asellus Borealis	γ Cnc|43 Cnc|HD 74198|HR 3449|HIP 42806	130.82144	21.4685	53.639	m	4.654	1.007	A1V	0.026
Nembus	51 And|HD 9927|HR 464|HIP 7607	24.49815	48.62821	53.911	m	3.719	0.061	K3III	1.528
Tiaki	β Gru|HD 214952|HR 8636|HIP 112122	340.66687	-46.88458	54.259	e	2.287	-1.385	M5 III(W)	1.844
Khambalia	λ Vir|100 Vir|HD 125337|HR 5359|HIP 69974	214.77747	-13.37109	54.275	m	4.532	0.859	A1 V	0.148
Shangwei	HD 42818|HR 2209|HIP 29997	94.71158	69.31978	54.504	m	4.758	1.076	A0V	0.02
Acubens	α Cnc|65 Cnc|HD 76756|HR 3572|HIP 44066	134.62174	11.85769	54.554	m	4.268	0.584	AM	0.159
Peacock	α Pav|HD 193924|HR 7790|HIP 100751	306.41187	-56.73488	54.825	e	1.898	-1.797	B2.5 V	-0.136
Bunda	ξ Aqr|23 Aqr|HD 205767|HR 8264|HIP 106786	324.43796	-7.8542	54.847	m	4.7	1.004	K0 III	0.188
Shama	HD 99109|HIP 55664	171.07232	-1.52906	55.011	m	9.16	5.458	G8/K0 IV	1.021
Rukbat	α Sgr|HD 181869|HR 7348|HIP 95347	290.97157	-40.61594	55.222	m	3.927	0.216	B8 V	-0.108
Alphard	α Hya|30 Hya|HD 81797|HR 3748|HIP 46390	141.89685	-8.6586	55.279	e	2.14	-1.573	K3 II-III	1.739
Shimu	ζ And|34 And|HD 4502|HR 215|HIP 3693	11.83472	24.26718	55.53	m	4.199	0.476	K1II	1.289
Inquill	HD 156411|HIP 84787	259.96416	-48.54932	55.662	m	6.742	3.014	G1 V(W)	0.661
Muscida	ο UMa|1 UMa|HD 71369|HR 3323|HIP 41704	127.56647	60.71817	55.762	m	3.436	-0.296	G4II-III	0.97
Yildun	δ UMi|23 UMi|HD 166205|HR 6789|HIP 85822	263.05412	86.58646	55.928	m	4.34	0.602	A1V	0.04
Poerava	HD 221287|HIP 116084	352.83476	-58.20973	55.952	m	7.866	4.127	F7 V	0.548
Aldhanab	γ Gru|HD 207971|HR 8353|HIP 108085	328.4822	-37.36487	56.154	m	2.971	-0.776	B8 III	-0.101
Tania Australis	μ UMa|34 UMa|HD 89758|HR 4069|HIP 50801	155.58225	41.49952	56.184	m	3.216	-0.532	M0III	1.91
Lang-Exster	α Tuc|HD 211416|HR 8502|HIP 110130	334.6254	-60.2596	56.394	m	2.998	-0.758	K3 III	1.681
Zubeneschamali	β Lib|27 Lib|HD 135742|HR 5685|HIP 74785	229.25173	-9.38292	56.754	e	2.568	-1.202	B8V	-0.071
Libertas	ξ Aql|59 Aql|HD 188310|HR 7595|HIP 97938	298.56201	8.46145	57.083	m	4.824	1.041	K0III	1.224
Minelauva	δ Vir|43 Vir|HD 112300|HR 4910|HIP 63090	193.90087	3.39747	57.45	m	3.577	-0.219	M2 III	1.805
Kitalpha	α Equ|8 Equ|HD 202448|HR 8131|HIP 104987	318.95595	5.24787	58.145	m	3.993	0.17	G5 III + A5 V	0.559
Ancha	θ Aqr|43 Aqr|HD 211391|HR 8499|HIP 110003	334.20849	-7.78329	58.516	m	4.268	0.432	K0 III	1.13
Tonglingxing	HD 49878|HR 2527|HIP 33694	105.01682	76.97741	58.564	m	4.699	0.861	K4III	1.64
Zaurak	γ Eri|34 Eri|HD 25025|HR 1231|HIP 18543	59.50736	-13.50852	58.818	m	3.129	-0.719	M1 IIIBCA-1,CR-1	1.921
Shakata	75 Tau|HD 28292|HR 1407|HIP 20877	67.10987	16.35968	59.513	m	5.095	1.222	K2III	1.331
Angetenar	τ2 Eri|2 Eri|HD 17824|HR 850|HIP 13288	42.75967	-21.00402	59.549	m	4.871	0.997	K0 III	1.049
Sika	HD 181720|HIP 95262	290.72078	-32.91905	59.964	m	7.916	4.027	G1 V	0.643
Buna	HD 16175|HIP 12191	39.25796	42.06264	59.999	m	7.355	3.464	G0	0.713
Castula	υ2 Cas|28 Cas|HD 5395|HR 265|HIP 4422	14.16628	59.18105	60.073	m	4.728	0.835	G8III-IV	1.101
Scheat	β Peg|53 Peg|HD 217906|HR 8775|HIP 113881	345.94357	28.08278	60.096	e	2.654	-1.24	M2II-III	1.956
Matar	η Peg|44 Peg|HD 215182|HR 8650|HIP 112158	340.75058	30.22125	60.129	m	3.016	-0.879	G2II-III	0.982
Násti	HD 68988|HIP 40687	124.59238	61.46072	60.387	m	8.262	4.357	G0	0.72
Mirach	β And|43 And|Gl 53.3|HD 6860|HR 337|HIP 5447	17.43301	35.62056	60.533	e	2.244	-1.666	M0III	1.911
Taiyangshou	χ UMa|63 UMa|HD 102224|HR 4518|HIP 57399	176.51256	47.77941	60.834	m	3.818	-0.103	K0III	1.409
Amadioha	HD 43197|HIP 29550	93.39858	-29.89726	62.433	m	9.046	5.069	G8/K0 IV/V	0.946
Homam	ζ Peg|42 Peg|HD 214923|HR 8634|HIP 112029	340.3655	10.83136	62.657	e	3.378	-0.607	B8.5V	-0.081
Ping	ε Lep|2 Lep|HD 32887|HR 1654|HIP 23685	76.36527	-22.37104	64.103	m	3.334	-0.7	K4 III	1.768
Theemin	υ2 Eri|52 Eri|HD 29291|HR 1464|HIP 21393	68.88766	-30.56234	64.725	m	3.908	-0.147	G8 III	1.114
Funi	HD 109246|HIP 61177	188.02994	74.48955	67.947	m	8.832	4.671	G0	0.736
Situla	κ Aqr|63 Aqr|HD 214376|HR 8610|HIP 111710	339.43908	-4.22806	67.958	m	5.157	0.996	K1 III	1.341
Adhil	ξ And|46 And|HD 8207|HR 390|HIP 6411	20.58508	45.52878	68.473	m	4.988	0.81	K0III-IV	1.264
Tania Borealis	λ UMa|33 UMa|HD 89021|HR 4033|HIP 50372	154.27428	42.91436	69.159	m	3.428	-0.771	A2IV	0.048
Ras Elased Australis	ε Leo|17 Leo|HD 84441|HR 3873|HIP 47908	146.46281	23.77425	69.738	m	3.042	-1.175	G0I-II	0.913
Nunki	σ Sgr|34 Sgr|HD 175191|HR 7121|HIP 92855	283.81632	-26.29659	69.832	e	2.044	-2.176	B2.5 V	-0.156
Antinous	θ Aql|65 Aql|HD 191692|HR 7710|HIP 99473	302.82619	-0.82146	70.084	m	3.208	-1.02	B9.5III	-0.052
Timir	HD 148427|HIP 80687	247.1173	-13.39964	70.393	m	7	2.762	K0 III/IV	1.094
Ginan	ε Cru|HD 107446|HR 4700|HIP 60260	185.34004	-60.40115	70.423	m	3.734	-0.505	K3/4 III	1.674
Schedar	α Cas|18 Cas|HD 3712|HR 168|HIP 3179	10.12674	56.53733	70.967	m	2.349	-1.906	K0II-IIIvar	1.38
Tejat	μ Gem|13 Gem|HD 44478|HR 2286|HIP 30343	95.74009	22.51359	71.023	e	3.064	-1.193	M3IIIvar	1.941
Adhafera	ζ Leo|36 Leo|HD 89025|HR 4031|HIP 50335	154.17257	23.41731	71.237	m	3.455	-0.809	F0III	0.34
Haedus	η Aur|10 Aur|HD 32630|HR 1641|HIP 23767	76.6287	41.23447	71.323	m	3.123	-1.143	B3V	-0.166
Nekkar	β Boo|42 Boo|HD 133208|HR 5602|HIP 73555	225.48651	40.39057	72.056	m	3.577	-0.711	G8II-III	1.095
Izar	ε Boo|36 Boo|HD 129989|HR 5505|HIP 72105	221.24676	27.07421	72.324	m	2.578	-1.718	K0II-III	1.359
Sualocin	α Del|9 Del|HD 196867|HR 7906|HIP 101958	309.90952	15.91207	72.834	m	3.753	-0.559	B9V	-0.05
Chechia	HD 192699|HIP 99894	304.02502	4.58079	72.852	m	6.543	2.231	G8 IV	0.988
Rosalíadecastro	HD 149143|HIP 81022	248.2127	2.08483	73.379	m	7.969	3.641	G3 V	0.742
Albali	ε Aqr|2 Aqr|HD 198001|HR 7950|HIP 102618	311.91897	-9.49578	74.84	m	3.758	-0.613	A1 III	0.011
Musica	18 Del|HD 199665|HR 8030|HIP 103527	314.60806	10.83928	75.176	m	5.609	1.229	K0	1.059
Zaniah	η Vir|15 Vir|HD 107259|HR 4689|HIP 60129	184.97648	-0.66679	75.935	m	3.874	-0.528	A2 IV	0.037
Veritate	14 And|HD 221345|HR 8930|HIP 116076	352.82256	39.2362	75.941	m	5.341	0.939	G8III	1.193
Zhang	υ1 Hya|39 Hya|HD 85444|HR 3903|HIP 48356	147.86956	-14.84661	76.183	m	4.21	-0.199	G6/8 III	1.07
Ogma	HD 149026|HIP 80838	247.62341	38.34731	76.218	m	8.208	3.798	G0	0.679
Cujam	ω Her|24 Her|HD 148112|HR 6117|HIP 80463	246.35398	14.03327	76.316	m	4.565	0.152	A0P	0.01
Menkar	α Cet|92 Cet|HD 18884|HR 911|HIP 14135	45.56988	4.08974	76.394	e	2.716	-1.699	M2 III	1.971
Spica	α Vir|67 Vir|HD 116658|HR 5056|HIP 65474	201.29835	-11.16124	76.57	e	1.031	-3.389	B1 V	-0.154
Bellatrix	γ Ori|24 Ori|HD 35468|HR 1790|HIP 25336	81.28278	6.34973	77.399	e	1.629	-2.815	B2III	-0.161
Nushagak	HD 17156|HIP 13192	42.43535	71.75323	77.434	m	8.233	3.788	G5	0.681
Ukdah	ι Hya|35 Hya|HD 83618|HR 3845|HIP 47431	144.96401	-1.14281	77.486	m	4.036	-0.41	K2 III	1.569
Baten Kaitos	ζ Cet|55 Cet|HD 11353|HR 539|HIP 8645	27.86514	-10.33504	77.658	m	3.851	-0.6	K0 III	1.336
Stribor	HD 75898|HIP 43674	133.46169	33.05681	78.058	m	8.105	3.643	G0	0.701
Safina	88 Aqr|HD 218594|HR 8812|HIP 114341	347.36165	-21.17241	78.92	m	3.807	-0.679	K1III	1.452
Stephanos	π CrB|9 CrB|HD 140716|HR 5855|HIP 77048	235.99709	32.51581	79.387	m	5.694	1.195	K0	1.251
Kui	η And|38 And|HD 5516|HR 271|HIP 4463	14.30167	23.41765	79.603	m	4.499	-0.006	G8III-IV	1.103
Brachium	σ Lib|20 Lib|HD 133216|HR 5603|HIP 73714	226.01756	-25.28196	79.753	m	3.459	-1.05	M3/4 III	1.941
Torcular	ο Psc|110 Psc|HD 10761|HR 510|HIP 8198	26.34846	9.15775	79.811	m	4.368	-0.142	G8III	1.109
Thuban	α Dra|11 Dra|HD 123299|HR 5291|HIP 68756	211.09748	64.37585	79.9	m	3.628	-0.885	A0III SB	-0.03
Uúba	HIP 117883	358.66754	-37.62793	81.05	m	9.847	5.303	G8	0.898
Alshat	ν Cap|8 Cap|HD 193432|HR 7773|HIP 100310	305.1659	-12.75908	82.144	m	4.741	0.168	B9 IV	-0.046
Gakyid	HD 73534|HIP 42446	129.81585	12.96037	83.629	m	8.345	3.733	G5	1.125
Intercrus	HD 81688|HR 3743|HIP 46471	142.16663	45.60148	84.629	m	5.503	0.865	K 0 III-IV	1.15
Mimosa	β Cru|HD 111123|HR 4853|HIP 62434	191.9305	-59.68873	85.397	e	1.281	-3.376	B0.5 III	-0.179
Kang	κ Vir|98 Vir|HD 124294|HR 5315|HIP 69427	213.22394	-10.2737	86.298	m	4.325	-0.355	K2/3 III	1.6
Aiolos	HD 95086|HIP 53524	164.26257	-68.66734	86.461	m	7.39	2.706	A8 III	0.259
Phact	α Col|HD 37795|HR 1956|HIP 26634	84.91226	-34.07411	87.713	m	2.608	-2.107	B7IV	-0.094
Triminus	6 Tri|HD 13480|HR 642|HIP 10280	33.09282	30.30307	88.487	m	5.259	0.525	G5III	0.987
Anser	α Vul|6 Vul|HD 183439|HR 7405|HIP 95771	292.17637	24.66491	89.096	m	4.61	-0.139	M0+III	1.772
Wurren	ζ Phe|HD 6882|HR 338|HIP 5348	17.0962	-55.24576	89.222	m	3.997	-0.755	B7 V	-0.112
Beemim	43 Eri|HD 28028|HR 1393|HIP 20535	66.00923	-34.01685	89.871	m	4.123	-0.645	K4 III	1.783
Polaris Australis	σ Oct|HD 177482|HR 7228|HIP 104382	317.19522	-88.9565	90.086	m	5.475	0.702	F0 IV	0.299
Fafnir	42 Dra|HD 170693|HR 6945|HIP 90344	276.49641	65.56348	90.449	m	4.955	0.173	K2III	1.39
Yunü	31 Leo|HD 87837|HR 3980|HIP 49637	151.97613	9.99751	90.737	m	4.532	-0.257	K4III	1.736
Nosaxa	HD 48265|HIP 31895	100.00719	-48.54196	90.856	m	8.116	3.324	G5 IV/V	0.842
Mira	ο Cet|68 Cet|HD 14386|HR 681|HIP 10826	34.83662	-2.97765	91.659	e	6.654	1.843	M5/6 IIIe	1.279
Liesma	HD 118203|HIP 66192	203.51059	53.72853	92.044	m	8.135	3.315	K0	0.768
Sargas	θ Sco|HD 159532|HR 6553|HIP 86228	264.32969	-42.99782	92.081	e	1.904	-2.917	F0 II	0.47
Tarandus	HD 5848|HR 285|HIP 5372	17.18697	86.25709	92.563	m	4.364	-0.468	K2III	1.457
Solitaire	58 Hya|HD 130694|HR 5526|HIP 72571	222.5722	-27.96037	92.572	m	4.573	-0.259	K3III	1.635
Sāmaya	HD 205739|HIP 106824	324.53502	-31.73748	92.929	m	8.607	3.766	F7 V	0.597
Axólotl	HD 224693|HIP 118319	359.9743	-22.42811	94.522	m	8.291	3.413	G2 V	0.727
Canopus	α Car|HD 45348|HR 2326|HIP 30438	95.98788	-52.69572	94.787	e	-0.608	-5.492	F0 II	0.191
Hydor	2 Cet|HD 225132|HR 9098|HIP 301	0.93495	-17.33599	95.17	m	4.527	-0.365	B9IVn	-0.055
Asuusiha	τ Her|22 Her|HD 147394|HR 6092|HIP 79992	244.93516	46.31337	98.4	m	3.854	-1.111	B5III	-0.153
Acrux	α1 Cru|HD 108248|HR 4730|HIP 60718	186.64976	-63.09906	98.717	e	1.245	-3.727	B0.5 IV	-0.192
Tarf	β Cnc|17 Cnc|HD 69267|HR 3249|HIP 40526	124.12884	9.18554	98.984	m	3.684	-1.294	K4III	1.791
Tonatiuh	HD 104985|HR 4609|HIP 58952	181.31299	76.90573	100.73	m	5.9	0.884	G9III	1.205
Bibhā	HD 86081|HIP 48711	149.02467	-3.80843	103.32	m	8.774	3.703	G1 V	0.709
Fang	π Sco|6 Sco|HD 143018|HR 5944|HIP 78265	239.71298	-26.1141	103.38	m	2.832	-2.24	B1V + B2V	-0.17
Taygeta	19 Tau|HD 23338|HR 1145|HIP 17531	56.30206	24.46727	104.77	m	4.272	-0.829	B6IV	-0.114
Nikawiy	HD 136418|HIP 74961	229.77575	41.73321	104.98	m	7.983	2.877	G5	1.076
Furud	ζ CMa|1 CMa|HD 44402|HR 2282|HIP 30122	95.07829	-30.06337	105.35	m	2.961	-2.152	B2.5V	-0.178
Yuyu	ι Cnc|48 Cnc|HD 74739|HR 3475|HIP 43103	131.67425	28.7599	106.24	m	4.126	-1.005	G 7.5IIIA	1.126
Alfarasalkamil	ο And|1 And|HD 217676|HR 8762|HIP 113726	345.48025	42.32598	107.47	m	3.611	-1.545	B6pv SB	-0.096
Matza	HD 116434|HIP 65426	201.15041	-51.50446	107.49	m	6.996	1.839	A2 V	0.115
Uruk	HD 231701|HIP 96078	293.01734	16.47429	108.47	m	9.03	3.853	F8V	0.563
Shengong	HD 153072|HR 6298|HIP 83100	254.71775	-37.62051	109.33	m	6.072	0.878	A3 III	0.205
Phyllon Kissinou	23 Com|HD 109485|HR 4789|HIP 61394	188.71283	22.62924	109.71	m	4.773	-0.428	A0III	0.005
Alkaphrah	κ UMa|12 UMa|HD 77327|HR 3594|HIP 44471	135.90641	47.15653	109.89	e	3.547	-1.658	A1Vn	0.008
Rasalgethi	α1 Her|64 Her|HD 156014|HR 6406|HIP 84345	258.66189	14.39037	110.25	e	3.48	-1.732	M5II	1.597
Albireo	β1 Cyg|6 Cyg|HD 183912|HR 7417|HIP 95947	292.68036	27.95968	111.34	m	3.186	-2.047	K0II+B9V	1.253
Lionrock	HD 212771|HIP 110813	336.7628	-17.26366	111.55	m	7.694	2.457	G8 IV	1.008
Shatabhisha	λ Aqr|73 Aqr|HD 216386|HR 8698|HIP 112961	343.15365	-7.5796	111.91	m	3.934	-1.31	M2IIIvar	1.939
Rastaban	β Dra|23 Dra|HD 159181|HR 6536|HIP 85670	262.6082	52.30139	112.11	m	2.874	-2.374	G2II	1.106
Aldulfin	ε Del|2 Del|HD 195810|HR 7852|HIP 101421	308.3032	11.30326	112.17	m	4.002	-1.247	B6III	-0.131
Nuchuang	π Her|67 Her|HD 156283|HR 6418|HIP 84380	258.76181	36.80916	112.37	m	3.292	-1.961	K3II	1.73
Alsciaukat	31 Lyn|HD 70272|HR 3275|HIP 41075	125.7088	43.18813	112.58	m	4.415	-0.842	K5III	1.875
Hunahpú	HD 98219|HIP 55174	169.44814	-23.97541	113.17	m	8.139	2.87	K0 III/IV	1.102
Pipit	ν Pup|HD 47670|HR 2451|HIP 31685	99.4403	-43.19593	113.39	m	3.138	-2.135	B8 III	-0.111
Aurwandilsta	ι CrB|14 CrB|HD 143807|HR 5971|HIP 78493	240.36069	29.85106	114.02	m	4.963	-0.322	A0P	-0.052
Alterf	λ Leo|4 Leo|HD 82308|HR 3773|HIP 46750	142.93011	22.96797	114.21	m	4.475	-0.814	K5III	1.848
Alpherg	η Psc|99 Psc|HD 9270|HR 437|HIP 7097	22.87088	15.34583	114.5	m	3.712	-1.582	G5II	1.13
Minchir	σ Hya|5 Hya|HD 73471|HR 3418|HIP 42402	129.68932	3.34144	115.09	m	4.577	-0.728	K2 III	1.434
Giausar	λ Dra|1 Dra|HD 100029|HR 4434|HIP 56211	172.85092	69.33108	115.66	m	3.987	-1.329	M0III	1.936
Leepwal	ζ Cen|HD 121263|HR 5231|HIP 68002	208.88515	-47.28827	117.1	e	2.497	-2.846	B2.5 IV	-0.202
Gudja	κ Ser|35 Ser|HD 141477|HR 5879|HIP 77450	237.1849	18.14156	117.33	m	4.273	-1.074	M 1- IIIAB	1.928
Shaowei	γ Cam|HD 23401|HR 1148|HIP 17959	57.58962	71.33226	118.42	m	4.611	-0.756	A3IV	0.063
Dabih	β Cap|9 Cap|HD 193496|HR 7776|HIP 100345	305.2528	-14.78141	119.1	m	3.151	-2.228	K0 :II: + A5:N	0.858
Arkab Prior	β1 Sgr|HD 181454|HR 7337|HIP 95241	290.65955	-44.45896	119.36	m	3.935	-1.449	B8 V	-0.107
Atria	α TrA|HD 150798|HR 6217|HIP 82273	252.16623	-69.02772	119.76	e	2.052	-3.34	K2 II	1.738
Electra	17 Tau|HD 23302|HR 1142|HIP 17499	56.2189	24.11334	119.82	m	3.674	-1.719	B6III	-0.116
Hadar	β Cen|HD 122451|HR 5267|HIP 68702	210.95602	-60.37298	120.19	e	0.584	-4.815	B1 III	
Almach	γ1 And|57 And|HD 12533|HR 603|HIP 9640	30.97476	42.32973	120.48	e	2.308	-3.097	B8V	1.676
Belel	HD 181342|HIP 95124	290.26763	-23.61958	120.52	m	7.663	2.258	K0 III	1.175
Maasym	λ Her|76 Her|HD 158899|HR 6526|HIP 85693	262.68462	26.11065	120.56	m	4.552	-0.854	K3III	1.696
Marsic	κ Her|7 Her|HD 145001|HR 6008|HIP 79043	242.01886	17.04698	120.76	m	5.097	-0.313	G8III	1.068
Acrab B	β2 Sco|8 Sco|HD 144218|HR 5985|HIP 78821	241.36065	-19.80186	121.41	m	4.517	-0.904	B2V	-0.001
Gaja	τ Tau|94 Tau|HD 29763|HR 1497|HIP 21881	70.56126	22.95694	121.49	m	4.239	-1.184	B3V	-0.129
Mago	HD 32518|HR 1636|HIP 24003	77.403	69.63941	121.67	m	6.544	1.118	K1III	1.296
Guansuo	θ CrB|4 CrB|HD 138749|HR 5778|HIP 76127	233.23242	31.35913	121.74	m	4.143	-1.284	(B5)V	-0.14
Albireo B	β2 Cyg|6 Cyg|HD 183914|HR 7418|HIP 95951	292.68914	27.96527	122.11	m	4.683	-0.751	B7V	0.18
Aniara	HD 102956|HIP 57820	177.84379	57.64073	122.41	m	7.959	2.52	K 0 III	1.121
Atlas	27 Tau|HD 23850|HR 1178|HIP 17847	57.29059	24.05341	123.18	m	3.601	-1.852	B8III	-0.084
Alcyone	η Tau|25 Tau|HD 23630|HR 1165|HIP 17702	56.87115	24.10514	123.61	e	2.834	-2.626	B7III	-0.064
Acrab	β1 Sco|8 Sco|HD 144217|HR 5984|HIP 78820	241.3593	-19.80545	123.92	e	2.592	-2.874	B0.5V	-0.073
Fumalsamakah	β Psc|4 Psc|HD 217891|HR 8773|HIP 113889	345.96923	3.82005	124.16	m	4.461	-1.009	B7 IV/V	-0.122
Adhara	ε CMa|21 CMa|HD 52089|HR 2618|HIP 33579	104.65644	-28.97209	124.22	e	1.5	-3.971	B2 II	-0.15
Heng	ν Cen|HD 120307|HR 5190|HIP 67464	207.37616	-41.68771	124.26	m	3.352	-2.12	B2 IV	-0.224
Bibing	λ Tau|35 Tau|HD 25204|HR 1239|HIP 18724	60.17006	12.49035	124.38	m	3.388	-2.086	B3V	-0.123
Nahn	ξ Cnc|77 Cnc|HD 78515|HR 3627|HIP 44946	137.33973	22.04546	124.94	m	5.257	-0.226	K0III	1.121
Alula Borealis	ν UMa|54 UMa|HD 98262|HR 4377|HIP 55219	169.61974	33.0943	125.28	m	3.635	-1.854	K3III	1.69
Pherkad Minor	11 UMi|HD 136726|HR 5714|HIP 74793	229.27456	71.8239	126.17	m	5.173	-0.332	K4III	1.631
Illyrian	HD 82886|HIP 47087	143.93825	34.78075	126.66	m	7.722	2.209	G0	0.988
Marsic B	κ Her|7 Her|HD 145000|HR 6009|HIP 79045	242.02065	17.05439	127.43	m	6.206	0.68	K2III	1.259
Kaus Media	δ Sgr|19 Sgr|HD 168454|HR 6859|HIP 89931	275.24851	-29.8281	127.44	m	2.83	-2.697	K3 III	1.672
Aldhibah	ζ Dra|22 Dra|HD 155763|HR 6396|HIP 83895	257.19672	65.71468	127.76	m	3.132	-2.4	B6III	-0.116
Hunor	HD 147506|HIP 80076	245.15148	41.04808	128.52	m	8.743	3.198	F8	0.498
Rangifer	49 Cas|HD 12339|HR 592|HIP 9763	31.38147	76.11506	128.6	m	5.322	-0.224	G8III	1.096
Maia	20 Tau|HD 23408|HR 1149|HIP 17573	56.4567	24.36775	130.36	m	3.849	-1.727	B7III	-0.074
Kaveh	Gl 736|HD 175541|HIP 92895	283.92035	4.26532	130.77	m	8.104	2.521	G6/8 IV	1.016
Sham	α Sge|5 Sge|HD 185758|HR 7479|HIP 96757	295.02413	18.01389	130.97	m	4.458	-1.128	G0IB	0.867
Mouhoun	HD 30856|HIP 22491	72.57442	-24.36884	131.64	m	8.017	2.42	K0 III	1.104
Muliphein	γ CMa|23 CMa|HD 53244|HR 2657|HIP 34045	105.93955	-15.63328	131.89	m	4.078	-1.523	B8 II	-0.129
Bodu	95 Her|HD 164669|HR 6729|HIP 88267	270.3767	21.59578	132.4	m	4.852	-0.758	A 5 IIIN	0.167
Arcalís	HD 131496|HIP 72845	223.34596	18.2354	132.5	m	7.913	2.302	K0	1.194
Polaris	α UMi|1 UMi|HD 8890|HR 424|HIP 11767	37.94625	89.26411	132.63	e	2.038	-3.575	F7:Ib-IIv SB	0.67
Xihe	HD 173416|HR 7043|HIP 91852	280.90045	36.5566	132.69	m	6.154	0.54	K0	1.229
Kamuy	HD 145457|HIP 79219	242.51631	26.74275	135.38	m	6.681	1.023	G9III	1.209
Celaeno	16 Tau|HD 23288|HR 1140|HIP 17489	56.20089	24.28947	135.41	m	5.441	-0.217	B7IV	-0.057
Tianguan	ζ Tau|123 Tau|HD 37202|HR 1910|HIP 26451	84.41119	21.14255	136.43	e	2.931	-2.743	B4IIIp	-0.172
Iklil	ρ Sco|5 Sco|HD 142669|HR 5928|HIP 78104	239.22115	-29.21407	136.58	m	3.833	-1.844	B2 IV/V	-0.216
Asterope	21 Tau|HD 23432|HR 1151|HIP 17579	56.47699	24.55451	136.89	m	5.745	0.063	B8V	-0.039
Hassaleh	ι Aur|3 Aur|HD 31398|HR 1577|HIP 23015	74.24841	33.16609	137.95	m	2.83	-2.869	K3II	1.836
Pleione	28 Tau|HD 23862|HR 1180|HIP 17851	57.29674	24.13671	138.1	m	5.028	-0.673	B7P	-0.089
Formosa	HD 100655|HR 4459|HIP 56508	173.76564	20.44155	138.23	m	6.552	0.849	G9III	1.195
Dingolay	HD 96063|HIP 54158	166.18523	-2.51321	139.3	m	8.347	2.627	G6 V	0.951
Imai	δ Cru|HD 106490|HR 4656|HIP 59747	183.78632	-58.74893	139.51	m	2.721	-3.002	B2 IV	-0.206
Merope	23 Tau|HD 23480|HR 1156|HIP 17608	56.58155	23.94835	141.5	m	4.152	-1.602	B6IV	-0.067
Jabbah	ν Sco|14 Sco|HD 145502|HR 6027|HIP 79374	242.99889	-19.46071	141.71	m	4.35	-1.407	B2IV	0.017
Alruba	HD 161693|HR 6618|HIP 86782	265.99657	53.80171	142.31	m	5.745	-0.021	B 9 IV	0.017
Uridim	α Lup|HD 129056|HR 5469|HIP 71860	220.48239	-47.38814	142.45	e	2.26	-3.508	B1.5 VN	-0.177
Segin	ε Cas|45 Cas|HD 11415|HR 542|HIP 8886	28.59876	63.6701	142.78	m	3.313	-2.46	B2pvar	-0.151
Apamvatsa	74 Vir|HD 117675|HR 5095|HIP 66006	202.99119	-6.25582	143.89	m	4.897	-0.893	M2 III	1.916
Algenib	γ Peg|88 Peg|HD 886|HR 39|HIP 1067	3.30897	15.1836	143.94	m	2.769	-3.022	B2IV	-0.204
Paikauhale	τ Sco|23 Sco|HD 149438|HR 6165|HIP 81266	248.97064	-28.21601	145.35	e	2.759	-3.053	B0 V	-0.223
Bosona	HD 206610|HIP 107251	325.85375	-7.40825	147.85	m	8.46	2.611	K0 III	1.197
Fulu	ζ Cas|17 Cas|HD 3360|HR 153|HIP 2920	9.24282	53.89691	150.02	m	3.628	-2.253	B2IV	-0.207
Dschubba	δ Sco|7 Sco|HD 143275|HR 5953|HIP 78401	240.08335	-22.62171	150.6	e	2.271	-3.618	B0.2IV	-0.088
Mirzam	β CMa|2 CMa|HD 44743|HR 2294|HIP 30324	95.67495	-17.95592	151.06	e	1.933	-3.963	B1 II/III	-0.186
Pherkad	γ UMi|13 UMi|HD 137422|HR 5735|HIP 75097	230.18224	71.83402	151.61	m	3.011	-2.893	A3II-III	0.079
Paradys	α Aps|HD 129078|HR 5470|HIP 72370	221.96545	-79.04475	152.65	m	3.968	-1.95	K3 III	1.733
Betelgeuse	α Ori|58 Ori|HD 39801|HR 2061|HIP 27989	88.79287	7.40704	152.67	e	0.769	-5.15	M2IA	2.08
Mirfak	α Per|33 Per|HD 20902|HR 1017|HIP 15863	51.08062	49.86124	155.28	e	1.866	-4.09	F5IB	0.552
Rasalnaqa	ι And|17 And|HD 222173|HR 8965|HIP 116631	354.53418	43.26807	155.49	m	4.266	-1.693	B8V	-0.097
Sarvvis	δ Per|39 Per|HD 22928|HR 1122|HIP 17358	55.73124	47.78755	160.17	m	2.963	-3.06	B5III SB	-0.114
Albaldah	π Sgr|41 Sgr|HD 178524|HR 7264|HIP 94141	287.44097	-21.02361	160.23	m	2.903	-3.121	F2II/III	0.393
Ayeyarwady	HD 18742|HIP 13993	45.0444	-20.8026	161.66	m	7.917	1.874	G8/K0 IV	1.059
Baekdu	8 UMi|HD 133086|HIP 73136	224.20147	74.90092	163.19	m	6.945	0.882	K0	1.155
Tianfu	τ Aql|63 Aql|HD 190327|HR 7669|HIP 98823	301.03465	7.27796	164.01	m	5.625	-0.449	K0	1.23
Mahsati	HD 152581|HIP 82651	253.4316	11.97375	164.47	m	8.447	2.367	K0	1.033
Suhail	λ Vel|HD 78647|HR 3634|HIP 44816	136.99899	-43.43259	166.94	e	2.379	-3.734	K4 III	2.033
Sadalsuud	β Aqr|22 Aqr|HD 204867|HR 8232|HIP 106278	322.88973	-5.57117	167.43	m	2.958	-3.161	G0Ib	0.957
Tiansi	γ Cas|27 Cas|HD 5394|HR 264|HIP 4427	14.17709	60.71675	168.35	e	2.168	-3.963	B0IV:E	-0.056
Antares	α Sco|21 Sco|HD 148479|HR 6134|HIP 80763	247.35195	-26.43195	169.78	e	1.287	-4.862	M1.5 IAB	2.207
Piautos	λ Cnc|19 Cnc|HD 70011|HR 3268|HIP 40881	125.1339	24.02231	174.33	m	5.904	-0.303	B9V	-0.052
Shaula	λ Sco|35 Sco|HD 158926|HR 6527|HIP 85927	263.40219	-37.10375	175.13	e	1.607	-4.61	B1.5 IV + B	-0.161
Markeb	κ Vel|HD 81188|HR 3734|HIP 45941	140.52846	-55.0107	175.44	e	2.449	-3.772	B2 IV/V	-0.162
Felis	HD 85951|HR 3923|HIP 48615	148.71753	-19.00936	176.09	m	5.107	-1.122	K5 III	1.872
Pipirima	μ2 Sco|HD 151985|HR 6252|HIP 82545	253.08394	-38.01753	176.58	m	3.508	-2.727	B2 IV	-0.225
Lesath	υ Sco|34 Sco|HD 158408|HR 6508|HIP 85696	262.69098	-37.29581	176.68	e	2.624	-3.612	B2 IV	-0.193
Tarazed	γ Aql|50 Aql|HD 186791|HR 7525|HIP 97278	296.56492	10.61326	178.89	m	2.861	-3.402	K3I-II	1.857
Alrumh	34 Boo|HD 129712|HR 5490|HIP 71995	220.85568	26.52785	181.41	m	5.003	-1.29	M 3- III	1.991
Dajiangjunbei	φ Per|HD 10516|HR 496|HIP 8068	25.91515	50.68873	185.02	m	4.011	-2.325	B1PE(III,V)	-0.113
Avior	ε Car|HD 71129|HR 3307|HIP 41037	125.6286	-59.50954	185.53	e	2.166	-4.176	K3: III + B2: V	
Meleph	ε Cnc|41 Cnc|HD 73731|HR 3429|HIP 42556	130.11255	19.54481	185.75	m	6.284	-0.061	A6III	0.203
Hoggar	HD 28678|HIP 21109	67.85605	4.57529	186.3	m	8.55	2.199	G8 IV	1.148
Aldu	ε Per|45 Per|HD 24760|HR 1220|HIP 18532	59.46345	40.01022	187.56	m	2.854	-3.512	B0.5V	-0.194
Citadelle	HD 1502|HIP 1547	4.8211	14.05475	192.24	m	8.447	2.028	K0	1.089
Saiph	κ Ori|53 Ori|HD 38771|HR 2004|HIP 27366	86.93912	-9.6696	198.41	e	2.037	-4.451	B0.5 Ia	-0.131
Sulafat	γ Lyr|14 Lyr|HD 176437|HR 7178|HIP 93194	284.73593	32.68956	201.38	m	3.217	-3.303	A0P	-0.036
Sadalmelik	α Aqr|34 Aqr|HD 209750|HR 8414|HIP 109074	331.44598	-0.31985	202.22	m	3.033	-3.496	G2 Ib	1.128
Alfirk	β Cep|8 Cep|HD 205021|HR 8238|HIP 106032	322.16493	70.56072	210.08	e	3.173	-3.439	B2IIIv SB	-0.236
Propus	η Gem|7 Gem|HD 42995|HR 2216|HIP 29655	93.71941	22.5068	211.36	m	3.519	-3.106	M3III	1.932
Enif	ε Peg|8 Peg|HD 206778|HR 8308|HIP 107315	326.0465	9.87501	211.42	e	2.533	-4.093	K2Ibvar	1.858
Mintaka	δ Ori|34 Ori|HD 36486|HR 1852|HIP 25930	83.00166	-0.29908	212.31	e	2.411	-4.224	O9.5 II	
Alniyat	σ Sco|20 Sco|HD 147165|HR 6084|HIP 80112	245.29714	-25.59281	213.68	e	2.911	-3.738	B1 III	0.113
Junnanmen	φ And|42 And|HD 6811|HR 335|HIP 5434	17.37554	47.24178	219.78	e	4.284	-2.426	(B8)III	-0.066
Kamelos	HD 45866|HR 2363|HIP 31940	100.12032	77.99578	222.46	m	5.898	-0.838	K0	1.797
Alnitak	ζ Ori|50 Ori|HD 37742|HR 1948|HIP 26727	85.18969	-1.94258	225.73	e	1.884	-4.884	O9.5 Ib	-0.117
Aspidiske	ι Car|HD 80404|HR 3699|HIP 45556	139.27257	-59.27523	234.74	e	2.238	-4.615	A8Ib	0.227
Tianyi	7 Dra|HD 111335|HR 4863|HIP 62423	191.8931	66.7903	236.73	m	5.614	-1.257	K5	1.898
Elkurud	θ Col|HD 42167|HR 2177|HIP 29034	91.8818	-37.25292	239.63	m	4.977	-1.921	B(8) IV	-0.112
Lumbung	HD 110335|HR 4823|HIP 61966	190.4857	-59.68582	258.78	m	4.904	-2.161	B5 III	-0.055
Rigel	β Ori|19 Ori|HD 34085|HR 1713|HIP 24436	78.63446	-8.20164	264.55	e	0.283	-6.83	B8 Ia	0.029
Mebsuta	ε Gem|27 Gem|HD 48329|HR 2473|HIP 32246	100.98302	25.13112	266.83	m	3.138	-3.993	G8IB	1.692
Sheliak	β Lyr|10 Lyr|HD 174639|HR 7106|HIP 92420	282.51998	33.36267	277.91	m	3.631	-3.589	B7V+A8P	0.051
Custos	HD 23475|HR 1155|HIP 17884	57.38035	65.52597	300.41	m	4.625	-2.764	M 1 III	2.251
Miram	η Per|15 Per|HD 17506|HR 834|HIP 13268	42.67421	55.89549	306.21	m	3.942	-3.488	K3IB	1.997
La Superba	HD 110914|HR 4846|HIP 62223	191.28262	45.44025	310.34	m	5.664	-1.795	N	4
Mekbuda	ζ Gem|43 Gem|HD 52973|HR 2650|HIP 34088	106.02721	20.57029	325.42	m	4.05	-3.512	F7-G3IB	1.049
Atik	ο Per|38 Per|HD 23180|HR 1131|HIP 17448	56.07973	32.28825	330.87	m	3.906	-3.692	B1II	0.006
Naos	ζ Pup|HD 66811|HR 3165|HIP 39429	120.89613	-40.00319	332.23	e	2.189	-5.418	O5 IAF	-0.232
Azmidi	ξ Pup|7 Pup|HD 63700|HR 3045|HIP 38170	117.32356	-24.85979	332.68	m	3.452	-4.158	G6 IA	1.445
Aladfar	η Lyr|20 Lyr|HD 180163|HR 7298|HIP 94481	288.43953	39.14597	343.56	m	4.373	-3.307	B2IV	-0.17
Ramus	102 Her|HD 166182|HR 6787|HIP 88886	272.18955	20.81456	356.69	m	4.319	-3.442	B2III	-0.189
Meissa	λ Ori|39 Ori|HD 36861|HR 1879|HIP 26207	83.78449	9.93415	385.56	m	3.509	-4.421	O7.5(II)	-0.203
Nganurganity	σ CMa|22 CMa|HD 52877|HR 2646|HIP 33856	105.42978	-27.93483	398.64	m	3.656	-4.347	K4 III	2.088
Menkib	ξ Per|46 Per|HD 24912|HR 1228|HIP 18614	59.74125	35.79103	408.88	m	4.026	-4.032	O7	-0.024
Deneb	α Cyg|50 Cyg|HD 197345|HR 7924|HIP 102098	310.35797	45.28033	432.9	e	1.343	-6.839	A2I	0.128
Azelfafage	π1 Cyg|80 Cyg|HD 206672|HR 8301|HIP 107136	325.5236	51.18962	440.02	m	4.648	-3.569	B3V	-0.136
Red Rectangle	HD 44179|HIP 30089	94.99257	-10.63742	440.53	e	9.082	0.862	B9 Ib/II	0.38
Babcock's star	HD 215441|HIP 112247	341.03128	55.58923	460.79	m	8.817	0.5	A0P	0.045
Wezen	δ CMa|25 CMa|HD 54605|HR 2693|HIP 34444	107.09785	-26.3932	492.61	e	1.905	-6.558	F8Ia	0.782
Hatysa	ι Ori|44 Ori|HD 37043|HR 1899|HIP 26241	83.85826	-5.9099	500.78	m	2.715	-5.783	O9III	-0.23
Xamidimura	μ1 Sco|HD 151890|HR 6247|HIP 82514	252.96764	-38.04738	533.85	m	2.971	-5.666	B1.5IV + B	-0.195
Ainalrami	ν1 Sgr|32 Sgr|HD 174974|HR 7116|HIP 92761	283.5424	-22.74484	543.86	m	5.008	-3.669	K1 II	1.678
Sadr	γ Cyg|37 Cyg|HD 194093|HR 7796|HIP 100453	305.55709	40.25668	561.8	e	2.273	-6.475	(F5IAB)	0.767
Arneb	α Lep|11 Lep|HD 36673|HR 1865|HIP 25985	83.18256	-17.82229	594.63	m	2.587	-6.284	F0Ib	0.26
Alnilam	ε Ori|46 Ori|HD 37128|HR 1903|HIP 26311	84.05339	-1.20192	606.06	e	1.692	-7.221	B0 Ia	-0.139
Aludra	η CMa|31 CMa|HD 58350|HR 2827|HIP 35904	111.02377	-29.30312	609.76	e	2.451	-6.475	B5 IA	-0.053
Shaomin	ρ Leo|47 Leo|HD 91316|HR 4133|HIP 51624	158.2028	9.30659	628.43	m	3.806	-5.185	B1I	-0.17
Saclateni	ζ Aur|8 Aur|HD 32069|HR 1612|HIP 23453	75.61953	41.07584	702.05	m	3.888	-5.344	K4IB-II	1.348
Tengshe	HD 216946|HR 8726|HIP 113288	344.10833	49.73355	713.36	m	5.178	-4.089	M 0- IB	2.126
Alsephina D	Gl 321.3D	131.20351	-54.69818	727.48	m	13.5	4.191		
ε Ind	Gl 845|HD 209100|HR 8387|HIP 108870	330.84023	-56.78597	3.6384	m	4.826	7.021	K5V	1.222
τ Cet	52 Cet|Gl 71|HD 10700|HR 509|HIP 8102	26.01719	-15.93748	3.6522	m	3.572	5.759	G8V	0.808
δ Pav	Gl 780|HD 190248|HR 7665|HIP 99240	302.1817	-66.18207	6.0993	m	3.616	4.69	G5IV-Vvar	0.86
ξ Boo	37 Boo|Gl 566A|HD 131156|HR 5544|HIP 72659	222.8474	19.10046	6.7536	m	4.757	5.609	G8V + K4V	0.818
β Hyi	Gl 19|HD 2151|HR 98|HIP 2021	6.43783	-77.25425	7.4783	m	2.855	3.486	G2IV	0.688
μ Cas	30 Cas|Gl 53A|HD 6582|HR 321|HIP 5336	17.06819	54.92029	7.6753	m	5.23	5.805	G5Vp	0.758
χ Dra	44 Dra|Gl 713A|HD 170153|HR 6927|HIP 89937	275.26104	72.73284	8.0574	e	3.614	4.083	F7Vvar	0.536
p Eri	Gl 66B|HD 10360|HR 486	24.94815	-56.19338	8.1894	m	5.781	6.215	K0V	0.984
p Eri	Gl 66A|HD 10361|HR 487|HIP 7751	24.94816	-56.19648	8.1965	m	5.897	6.329	K1	1.02
μ Her	86 Her|Gl 695A|HD 161797|HR 6623|HIP 86974	266.61464	27.72067	8.3386	m	3.49	3.885	G5IV	0.846
ζ Tuc	Gl 17|HD 1581|HR 77|HIP 1599	5.01776	-64.87479	8.6071	m	4.286	4.612	F9V	0.614
χ1 Ori	54 Ori|Gl 222A|HD 39587|HR 2047|HIP 27913	88.59573	20.27619	8.6633	e	4.462	4.774	G0V	0.641
γ Lep	13 Lep|Gl 216A|HD 38393|HR 1983|HIP 27072	86.11585	-22.44838	8.905	m	3.638	3.89	F7V	0.524
β Com	43 Com|Gl 502|HD 114710|HR 4983|HIP 64394	197.96831	27.87818	9.1975	m	4.304	4.486	G0V	0.642
γ Pav	Gl 827|HD 203608|HR 8181|HIP 105858	321.61058	-65.3662	9.2584	m	4.276	4.443	F6V	0.507
κ1 Cet	96 Cet|Gl 137|HD 20630|HR 996|HIP 15457	49.8404	3.3702	9.2762	m	4.919	5.082	G5 V	0.751
ι Per	Gl 124|HD 19373|HR 937|HIP 14632	47.26675	49.61328	10.577	m	4.107	3.985	G0V	0.652
θ Per	13 Per|Gl 107A|HD 16895|HR 799|HIP 12777	41.04951	49.22845	11.15	m	4.155	3.919	F7V	0.53
γ Ser	41 Ser|Gl 603|HD 142860|HR 5933|HIP 78072	239.11323	15.66162	11.165	m	3.882	3.643	F6V	0.518
ζ Dor	Gl 189|HD 33262|HR 1674|HIP 23693	76.37773	-57.4727	11.693	m	4.767	4.427	F6/7 V	0.553
ι Peg	24 Peg|Gl 848|HD 210027|HR 8430|HIP 109176	331.75278	25.34511	11.904	m	3.809	3.431	F4V	0.466
λ Ser	27 Ser|Gl 598|HD 141004|HR 5868|HIP 77257	236.61089	7.35307	11.916	m	4.482	4.101	G0V	0.656
ζ2 Ret	Gl 138|HD 20807|HR 1010|HIP 15371	49.54964	-62.50636	12.039	m	5.296	4.893	G1V	0.644
ζ1 Ret	Gl 136|HD 20766|HR 1006|HIP 15330	49.44234	-62.57532	12.045	m	5.573	5.169	G2V	0.708
ζ TrA	Gl 624|HD 147584|HR 6098|HIP 80686	247.11725	-70.0844	12.067	m	4.963	4.555	G0 V	0.598
β TrA	Gl 601A|HD 141891|HR 5897|HIP 77952	238.78625	-63.43073	12.425	m	2.851	2.38	F2III	0.329
λ Aur	15 Aur|Gl 197|HD 34411|HR 1729|HIP 24813	79.78493	40.09905	12.562	m	4.761	4.266	G0V	0.677
θ UMa	25 UMa|Gl 354A|HD 82328|HR 3775|HIP 46853	143.21572	51.6773	13.545	m	3.214	2.555	F6IV	0.507
ι Psc	17 Psc|Gl 904|HD 222368|HR 8969|HIP 116771	354.98767	5.62629	13.654	m	4.176	3.5	F7V	0.542
τ1 Eri	1 Eri|Gl 111|HD 17206|HR 818|HIP 12843	41.27577	-18.57257	14.276	m	4.521	3.748	F5/6 V	0.511
η Cep	3 Cep|Gl 807|HD 198149|HR 7957|HIP 102422	311.3224	61.83878	14.368	m	3.511	2.724	K0III-IV	1.058
π1 UMa	3 UMa|Gl 311|HD 72905|HR 3391|HIP 42438	129.79876	65.02091	14.439	m	5.702	4.904	G0V	0.674
θ Boo	23 Boo|Gl 549A|HD 126660|HR 5404|HIP 70497	216.29915	51.85074	14.478	m	4.1	3.296	F6IV	0.53
ψ Cap	16 Cap|Gl 805|HD 197692|HR 7936|HIP 102485	311.5239	-25.2709	14.633	m	4.172	3.345	F5V	0.445
ν2 Lup	Gl 582|HD 136352|HR 5699|HIP 75181	230.45063	-48.31763	14.739	m	5.721	4.879	G2V	0.7
ψ Ser	23 Ser|Gl 596.1A|HD 140538|HR 5853|HIP 77052	236.00758	2.51517	14.793	m	5.945	5.095	G3 V	0.753
η Lep	16 Lep|Gl 225|HD 40136|HR 2085|HIP 28103	89.10123	-14.1677	14.957	m	3.738	2.864	F1V	0.358
ν Phe	Gl 55|HD 7570|HR 370|HIP 5862	18.79634	-45.53167	15.261	m	5.023	4.105	G0 V	0.615
δ Aql	30 Aql|Gl 760|HD 182640|HR 7377|HIP 95501	291.37458	3.11479	15.525	e	3.39	2.435	F2 IV	0.348
χ Her	1 Her|Gl 602|HD 142373|HR 5914|HIP 77760	238.16893	42.45152	15.898	m	4.664	3.657	F8V	0.614
φ2 Cet	19 Cet|Gl 37|HD 4813|HR 235|HIP 3909	12.53163	-10.64433	15.923	m	5.224	4.214	F7 V	0.554
ξ Peg	46 Peg|Gl 872A|HD 215648|HR 8665|HIP 112447	341.67326	12.17289	16.416	m	4.251	3.175	B8V	0.528
ψ5 Aur	56 Aur|Gl 245|HD 48682|HR 2483|HIP 32480	101.68474	43.57743	16.611	m	5.31	4.208	G0V	0.604
γ CrA	Gl 743.1A|HD 177474|HR 7226|HIP 93825	286.60479	-37.06349	17.037	m	4.409	3.252	F8/G0 V	0.559
γ CrA	Gl 743.1B|HD 177475|HR 7227	286.6027	-37.06474	17.284	m	5	3.812	F8 V	
ι Hor	Gl 108|HD 17051|HR 810|HIP 12653	40.63944	-50.80029	17.357	m	5.455	4.258	G0 V	0.615
ρ CrB	15 CrB|Gl 606.2|HD 143761|HR 5968|HIP 78459	240.26108	33.30351	17.511	m	5.471	4.254	G0V	0.659
ξ Oph	40 Oph|Gl 670A|HD 156897|HR 6445|HIP 84893	260.25151	-21.11293	17.519	m	4.431	3.213	F2/F3V	0.391
χ Eri	Gl 81A|HD 11937|HR 566|HIP 9007	28.98945	-51.60887	17.59	m	3.798	2.572	G8 IIIBCNIV	0.966
τ6 Eri	27 Eri|Gl 155|HD 23754|HR 1173|HIP 17651	56.71203	-23.24973	17.785	m	4.266	3.016	F3/5 V	0.445
ι Pav	Gl 705.1|HD 165499|HR 6761|HIP 89042	272.60899	-62.00223	17.795	m	5.535	4.284	G1 V	0.648
η CrB	2 CrB|Gl 584B|HD 137108|HR 5728	230.80113	30.28846	17.863	e	5.953	4.693	G2 V	0.657
η CrB	2 CrB|Gl 584A|HD 137107|HR 5727|HIP 75312	230.80125	30.28781	17.863	e	5.641	4.381	G2V	0.596
ρ Gem	62 Gem|Gl 274A|HD 58946|HR 2852|HIP 36366	112.27799	31.78453	18.047	e	4.198	2.916	F0V	0.341
τ1 Hya	31 Hya|Gl 348A|HD 81997|HR 3759|HIP 46509	142.28707	-2.76896	18.209	m	4.64	3.339	F6V	0.478
χ Cnc	18 Cnc|Gl 303|HD 69897|HR 3262|HIP 40843	125.01609	27.21771	18.223	m	5.179	3.876	F6V	0.493
η Crv	8 Crv|Gl 471.2|HD 109085|HR 4775|HIP 61174	188.01761	-16.196	18.244	m	4.338	3.032	F2 V	0.39
π Men	Gl 9189|HD 39091|HR 2022|HIP 26394	84.2874	-80.46912	18.287	m	5.721	4.41	G3IV	0.66
ψ Vel	Gl 351A|HD 82434|HR 3786|HIP 46651	142.67487	-40.46674	18.313	m	3.66	2.346	F2 IV	0.372
θ Cyg	13 Cyg|Gl 765A|HD 185395|HR 7469|HIP 96441	294.11056	50.2211	18.426	m	4.534	3.207	F4V	0.408
ε Ret	Gl 167.3|HD 27442|HR 1355|HIP 19921	64.12095	-59.30215	18.44	m	4.554	3.225	K1/2 III	1.263
τ PsA	15 PsA|Gl 849.1|HD 210302|HR 8447|HIP 109422	332.53658	-32.54841	18.458	m	4.988	3.657	F6 V	0.503
δ Equ	7 Equ|Gl 822A|HD 202275|HR 8123|HIP 104858	318.62006	10.00698	18.488	e	4.544	3.21	F7V	0.543
η Ser	58 Ser|Gl 711|HD 168723|HR 6869|HIP 89962	275.3275	-2.89882	19.069	m	3.337	1.935	K0 III-IV	1.091
μ Vir	107 Vir|Gl 9491|HD 129502|HR 5487|HIP 71957	220.7651	-5.65821	19.164	m	3.907	2.495	F2III	0.416
α Hyi	Gl 83|HD 12311|HR 591|HIP 9236	29.69177	-61.56986	19.397	m	2.871	1.432	F0V	0.331
ν Oct	Gl 835.1|HD 205478|HR 8254|HIP 107089	325.36879	-77.39005	19.411	m	3.841	2.401	K0III	1.178
α Cha	Gl 305|HD 71243|HR 3318|HIP 40702	124.63147	-76.91972	19.487	m	4.095	2.646	F5 V	0.429
ο Aql	54 Aql|Gl 768.1A|HD 187691|HR 7560|HIP 97675	297.75685	10.41572	19.488	m	5.185	3.736	F8V	0.591
β Pic	Gl 219|HD 39060|HR 2020|HIP 27321	86.8212	-51.06651	19.634	m	3.87	2.405	A5 V	0.186
η Cru	Gl 455.2|HD 105211|HR 4616|HIP 59072	181.72042	-64.61373	19.688	m	4.177	2.706	F0 IV	0.359
τ Cyg	65 Cyg|Gl 822.1A|HD 202444|HR 8130|HIP 104887	318.69776	38.04538	20.342	e	3.776	2.234	F0IV	0.426
π1 Cnc	81 Cnc|Gl 337A|HD 79096|HR 3650|HIP 45170	138.07313	14.99604	20.346	m	6.565	5.023	K0V	0.838
α Cae	Gl 174.1A|HD 29875|HR 1502|HIP 21770	70.14047	-41.86375	20.382	m	4.479	2.933	F1 V	0.351
γ Dor	Gl 167.1|HD 27290|HR 1338|HIP 19893	64.00661	-51.48665	20.429	m	4.285	2.734	F0 V	0.328
ν2 CMa	7 CMa|Gl 239.1|HD 47205|HR 2429|HIP 31592	99.17099	-19.25588	20.471	m	4.068	2.512	K1 III (+ M)	1.236
σ2 UMa	13 UMa|Gl 335A|HD 78154|HR 3616|HIP 45038	137.59807	67.13401	20.517	m	4.869	3.308	F6IV	0.515
λ Ara	Gl 686.2|HD 160032|HR 6569|HIP 86486	265.09928	-49.41559	20.962	m	4.799	3.192	F2 V	0.428
κ Tuc	Gl 55.3A|HD 7788|HR 377|HIP 5896	18.93733	-68.87509	20.986	m	7.743	6.133	F6IV	
θ Dra	13 Dra|Gl 609.1|HD 144284|HR 5986|HIP 78527	240.47228	58.56525	21.521	m	4.055	2.391	F8IV	0.578
θ Scl	Gl 3013|HD 739|HR 35|HIP 950	2.93337	-35.13312	21.719	m	5.289	3.605	F3/5 V	0.453
κ Ret	Gl 143.2A|HD 22001|HR 1083|HIP 16245	52.34449	-62.93753	21.782	m	4.75	3.06	F3 IV/V	0.413
ε Ser	37 Ser|Gl 3921|HD 141795|HR 5892|HIP 77622	237.70403	4.47773	22.061	m	3.714	1.996	Am (kA2hA5mA7 V)	0.171
μ2 Cyg	78 Cyg|Gl 836.6B|HD 206827|HR 8310	326.03264	28.74308	22.145	m	6.09	4.364	G2 V	
μ1 Cyg	78 Cyg|Gl 836.6A|HD 206827|HR 8309|HIP 107310	326.03572	28.74265	22.145	m	4.745	3.019	F6V	0.478
η Sco	Gl 657|HD 155203|HR 6380|HIP 84143	258.0383	-43.23919	22.436	m	3.359	1.604	F2 V	0.448
σ CrB	17 CrB|Gl 615.2B|HD 146362|HR 6064	243.66831	33.85752	22.658	m	6.49	4.714	G1 V	0.687
γ Tuc	Gl 9818|HD 219571|HR 8848|HIP 114996	349.35743	-58.23574	22.686	m	4.033	2.254	F3 IV/V	0.426
σ CrB	17 CrB|Gl 615.2A|HD 146361|HR 6063|HIP 79607	243.67023	33.85862	22.698	m	5.62	3.84	F 8 V	0.642
ζ Ser	57 Ser|Gl 699.2|HD 164259|HR 6710|HIP 88175	270.12088	-3.69027	22.998	m	4.66	2.852	F2 IV	0.392
υ Aqr	59 Aqr|Gl 863.2|HD 213845|HR 8592|HIP 111449	338.67349	-20.70821	23.02	m	5.254	3.443	F7 V	0.466
σ Cet	76 Cet|HD 15798|HR 740|HIP 11783	38.02181	-15.24462	23.053	m	4.792	2.978	F5 V	0.467
κ For	Gl 97|HD 14802|HR 695|HIP 11072	35.63556	-23.81633	23.304	m	5.267	3.43	G2V	0.667
χ Cet	53 Cet|Gl 9061A|HD 11171|HR 531|HIP 8497	27.39626	-10.68641	23.483	m	4.694	2.84	F0 V	0.36
ε Cet	83 Cet|Gl 105.4A|HD 16620|HR 781|HIP 12390	39.89091	-11.87216	23.537	m	4.874	3.015	F5 V	0.458
ι Leo	78 Leo|HD 99028|HR 4399|HIP 55642	170.98109	10.52953	23.61	m	4.056	2.191	F2IV	0.428
ω Dra	28 Dra|Gl 4017|HD 160922|HR 6596|HIP 86201	264.23789	68.75797	23.756	m	4.821	2.942	F5V	0.458
μ2 Cnc	10 Cnc|HD 67228|HR 3176|HIP 39780	121.94106	21.58182	23.814	m	5.361	3.477	G2IV	0.705
α1 Lib	8 Lib|Gl 563.4|HD 130819|HR 5530|HIP 72603	222.67159	-15.99724	23.938	m	5.194	3.299	F3V	0.415
κ Phe	Gl 20|HD 2262|HR 100|HIP 2072	6.55084	-43.67983	23.968	m	3.953	2.055	A6 VN	0.198
η Ind	Gl 4158|HD 197157|HR 7920|HIP 102333	311.00972	-51.92097	24.192	m	4.53	2.612	A7 III/IV	0.297
φ2 Pav	Gl 794.2|HD 196378|HR 7875|HIP 101983	310.01099	-60.54889	24.65	m	5.181	3.222	F7 V	0.559
ζ UMa	79 UMa|Gl 3784B|HD 116657|HR 5055	200.98419	54.92188	24.826	m	3.878	1.903	AM	0.177
λ2 For	Gl 105.1|HD 16417|HR 772|HIP 12186	39.2442	-34.57798	25.449	m	5.845	3.817	G1 V	0.723
ρ Psc	93 Psc|HD 8723|HR 413|HIP 6706	21.5636	19.17234	25.747	m	5.389	3.335	F2V:	0.4
ε Cep	23 Cep|Gl 4266|HD 211336|HR 8494|HIP 109857	333.75816	57.04359	26.206	m	4.208	2.116	F0IV	0.307
η1 Pic	Gl 187|HD 32743|HR 1649|HIP 23482	75.70286	-49.15141	26.251	m	5.422	3.326	F3/5 V	0.455
γ Crt	15 Crt|HD 99211|HR 4405|HIP 55705	171.22053	-17.68401	26.521	m	4.091	1.973	A9V	0.211
μ Cet	87 Cet|Gl 9099|HD 17094|HR 813|HIP 12828	41.23559	10.11414	26.601	m	4.305	2.181	F0IV	0.33
ρ Ind	HD 216437|HR 8701|HIP 113137	343.6645	-70.07371	26.692	m	6.123	3.991	G2/3 IV	0.735
δ Mus	HD 112985|HR 4923|HIP 63613	195.56772	-71.54885	26.746	m	3.736	1.6	K2 III	1.399
ε2 Ara	Gl 3985|HD 153580|HR 6314|HIP 83431	255.78626	-53.23699	26.76	m	5.333	3.196	F5 V	0.509
μ Cap	51 Cap|Gl 838.5|HD 207958|HR 8351|HIP 108036	328.32405	-13.55177	26.783	m	5.12	2.981	F3 IV	0.396
ι Crt	24 Crt|Gl 3677A|HD 101198|HR 4488|HIP 56802	174.6667	-13.20197	26.849	m	5.54	3.395	F7 V	0.534
κ Oph	27 Oph|HD 153210|HR 6299|HIP 83000	254.41707	9.37503	26.945	m	3.31	1.158	K2III	1.359
τ3 Eri	11 Eri|Gl 121|HD 18978|HR 919|HIP 14146	45.59795	-23.62447	27.063	m	4.092	1.93	A4V	0.186
σ Peg	49 Peg|Gl 9801A|HD 216385|HR 8697|HIP 112935	343.10032	9.83567	27.354	m	5.213	3.028	F6V	0.509
ψ Tau	42 Tau|HD 25867|HR 1269|HIP 19205	61.7519	29.0013	27.83	m	5.245	3.022	F 1 V	0.364
ε Scl	HD 10830|HR 514|HIP 8209	26.41145	-25.05261	28.057	m	5.384	3.144	F2IV	0.389
φ1 Pav	HD 195627|HR 7848|HIP 101612	308.89521	-60.58175	28.073	m	4.782	2.541	F0 V	0.315
σ Ser	50 Ser|Gl 3952|HD 147449|HR 6093|HIP 80179	245.51812	1.02904	28.138	m	4.858	2.612	A9 Ib/II	0.363
ξ2 Cap	2 Cap|Gl 4139|HD 191862|HR 7715|HIP 99572	303.10779	-12.6175	28.234	m	5.888	3.634	F5 V	0.495
ν Ind	Gl 855.1A|HD 211998|HR 8515|HIP 110618	336.15371	-72.25541	28.467	m	5.351	3.079	A3V: + F9V	0.695
ω2 Tau	50 Tau|HD 27045|HR 1329|HIP 19990	64.31526	20.57859	28.506	m	4.947	2.672	AM	0.28
ω And	48 And|HD 8799|HR 417|HIP 6813	21.91409	45.40669	28.791	m	4.874	2.578	F4IV	0.456
ε Lib	31 Lib|HD 137052|HR 5723|HIP 75379	231.04953	-10.32226	28.883	m	4.972	2.669	F3 V	0.47
β Cae	Gl 176.1|HD 29992|HR 1503|HIP 21861	70.5145	-37.14429	28.894	m	5.081	2.777	F3 V	0.411
χ Leo	63 Leo|HD 96097|HR 4310|HIP 54182	166.25429	7.33601	28.901	m	4.66	2.355	F2III-IV	0.349
ζ1 Aqr	55 Aqr|HD 213052|HR 8558|HIP 110960	337.20797	-0.01997	28.98	m	4.338	2.028	F3III-IV	0.452
π PsA	Gl 886.2|HD 217792|HR 8767|HIP 113860	345.87423	-34.74942	29.081	m	5.159	2.841	A9 V	0.303
ι Hyi	HD 21024|HR 1025|HIP 15201	48.99026	-77.38845	29.185	m	5.558	3.232	F5 V	0.469
ι Boo	21 Boo|Gl 9474A|HD 125161|HR 5350|HIP 69713	214.04137	51.36723	29.511	m	4.763	2.413	A7V	0.239
β Cir	Gl 580.1|HD 135379|HR 5670|HIP 74824	229.37875	-58.80121	29.568	m	4.071	1.717	A3V	0.113
α Pic	Gl 248|HD 50241|HR 2550|HIP 32607	102.04773	-61.94132	29.603	e	3.262	0.905	A5/7 III/V	0.245
π CMa	19 CMa|HD 51199|HR 2590|HIP 33302	103.90596	-20.1365	29.786	m	4.708	2.338	F2 IV/V	0.389
η UMi	21 UMi|Gl 3950A|HD 148048|HR 6116|HIP 79822	244.37621	75.75533	29.923	m	4.991	2.611	F 3 V	0.387
ν2 Dra	25 Dra|HD 159560|HR 6555|HIP 85829	263.06651	55.17296	29.923	m	4.87	2.49	Am	0.315
κ CrB	11 CrB|HD 142091|HR 5901|HIP 77655	237.80805	35.65738	29.991	m	4.908	2.523	K0III-IV	1.167
η Ari	17 Ari|Gl 1043|HD 13555|HR 646|HIP 10306	33.20035	21.21099	29.995	m	5.278	2.893	F5V	0.469
κ Del	7 Del|HD 196755|HR 7896|HIP 101916	309.78243	10.0862	30.011	m	5.149	2.763	G5IV	0.769
ρ Cap	11 Cap|Gl 791.1A|HD 194943|HR 7822|HIP 101027	307.21508	-17.81373	30.094	m	4.967	2.575	F3 V	0.354
ν1 Dra	24 Dra|HD 159541|HR 6554|HIP 85819	263.04377	55.18424	30.112	m	4.899	2.505	Am...	0.272
θ Ind	Gl 9733A|HD 202730|HR 8140|HIP 105319	319.96644	-53.44943	30.253	m	4.504	2.1	A5V	0.179
α Ind	Gl 794.1|HD 196171|HR 7869|HIP 101772	309.39181	-47.2915	30.396	m	3.203	0.789	K0 IIICNIII/IV	1.165
ξ Ser	55 Ser|HD 159876|HR 6561|HIP 86263	264.39667	-15.39856	30.411	m	3.553	1.138	F0 IIIP	0.294
λ Gem	54 Gem|Gl 9231A|HD 56537|HR 2763|HIP 35350	109.52325	16.54038	30.668	m	3.575	1.142	A3V	0.134
ε CrA	HD 175813|HR 7152|HIP 93174	284.68074	-37.10735	31.438	m	4.903	2.416	F3 IV/V	0.405
δ And	31 And|HD 3627|HR 165|HIP 3092	9.832	30.86102	31.672	m	3.405	0.902	K3III	1.531
ο Gru	HD 220729|HR 8907|HIP 115713	351.6524	-52.72161	31.827	m	5.568	3.054	F3 V	0.405
ε For	Gl 9107|HD 18907|HR 914|HIP 14086	45.40681	-28.09155	31.936	m	5.963	3.442	G8/K0 V	0.914
ε Pav	HD 188228|HR 7590|HIP 98495	300.14812	-72.9105	31.991	m	3.938	1.413	A0 V	-0.01
λ Psc	18 Psc|HD 222603|HR 8984|HIP 116928	355.51169	1.78004	32.054	m	4.514	1.985	A8 III	0.227
δ Nor	Gl 3938|HD 144197|HR 5980|HIP 78914	241.6226	-45.17321	32.193	m	4.743	2.204	A1MA7-F(3)	0.262
π Hya	49 Hya|Gl 538.1|HD 123123|HR 5287|HIP 68895	211.59291	-26.68236	32.374	m	3.368	0.817	K2 III	1.317
ο Col	HD 34642|HR 1743|HIP 24659	79.37121	-34.89521	32.48	m	4.931	2.373	K0/1 III/IV	1.142
γ Men	HD 37763|HR 1953|HIP 25918	82.97062	-76.34097	32.684	m	5.307	2.735	K2 III	1.335
β Ret	Gl 154.2|HD 23817|HR 1175|HIP 17440	56.04992	-64.80689	32.851	m	3.959	1.376	K1/2 III	1.331
π Psc	102 Psc|HD 9919|HR 463|HIP 7535	24.27465	12.14153	32.95	m	5.577	2.988	F0V	0.37
ω Psc	28 Psc|HD 224617|HR 9072|HIP 118268	359.82787	6.86332	33.029	m	4.06	1.466	F41V	0.433
β Vol	Gl 3499|HD 71878|HR 3347|HIP 41312	126.43415	-66.13689	33.099	m	3.886	1.287	K1 III	1.332
τ1 Gru	Gl 9802|HD 216435|HR 8700|HIP 113044	343.40805	-48.59828	33.121	m	6.09	3.489	G0 V	0.678
ω Leo	2 Leo|HD 81858|HR 3754|HIP 46454	142.11423	9.05678	33.167	e	5.507	2.903	F 9 V	0.664
η Ant	HD 86629|HR 3947|HIP 48926	149.71782	-35.89097	33.278	m	5.258	2.647	A8 IV	0.311
λ Hya	41 Hya|HD 88284|HR 3994|HIP 49841	152.64698	-12.35405	33.308	m	3.707	1.094	K0 III	1.175
ζ For	HD 18692|HR 901|HIP 13942	44.90076	-25.27413	33.313	m	5.735	3.122	F3 V	0.437
μ Aql	38 Aql|Gl 9661|HD 184406|HR 7429|HIP 96229	293.5223	7.37894	34.003	m	4.576	1.918	K0III	1.384
η Her	44 Her|HD 150997|HR 6220|HIP 81833	250.72402	38.92226	34.177	m	3.577	0.908	G4III	1.055
κ Peg	10 Peg|HD 206901|HR 8315|HIP 107354	326.16136	25.64503	34.223	e	4.185	1.513	F5IV	0.447
φ Gru	Gl 4330|HD 219693|HR 8859|HIP 115054	349.54119	-40.82436	34.304	m	5.586	2.909	F3/5 V	0.445
μ Vel	HD 93497|HR 4216|HIP 52727	161.69249	-49.42024	34.423	m	2.815	0.131	G5 IIIA	1.092
θ Cet	45 Cet|HD 8512|HR 402|HIP 6537	21.00585	-8.18326	34.443	m	3.722	1.037	K0III	1.243
τ CrB	16 CrB|HD 145328|HR 6018|HIP 79119	242.24287	36.49092	34.457	m	4.845	2.159	K0III	1.184
ζ Lup	Gl 9512A|HD 134505|HR 5649|HIP 74395	228.07123	-52.09925	34.769	m	3.5	0.794	G8 III	1.056
φ2 Ori	40 Ori|HD 37160|HR 1907|HIP 26366	84.22662	9.29067	34.877	m	4.187	1.474	G6	1.1
ν1 Lup	Gl 3901|HD 136351|HR 5698|HIP 75206	230.53446	-47.92779	35.025	m	5.048	2.326	F7/8 IV	0.521
ι2 For	HD 16538|HR 777|HIP 12288	39.57775	-30.19406	35.104	m	5.883	3.156	F5 V	0.497
λ2 Phe	Gl 3041|HD 3302|HR 147|HIP 2802	8.92156	-48.00091	35.155	m	5.562	2.832	F7 V	0.469
δ Lep	15 Lep|HD 39364|HR 2035|HIP 27654	87.8304	-20.87909	35.182	m	3.879	1.147	G8 III/IV	1.137
υ UMa	29 UMa|HD 84999|HR 3888|HIP 48319	147.74801	59.03874	35.238	m	3.797	1.062	F0IV	0.322
ζ Mic	HD 200163|HR 8048|HIP 103882	315.74147	-38.63145	35.244	m	5.354	2.619	F3 V	0.439
τ Sgr	40 Sgr|Gl 9643|HD 177716|HR 7234|HIP 93864	286.73502	-27.67042	35.311	m	3.427	0.687	K1/2 III	1.389
γ Equ	5 Equ|HD 201601|HR 8097|HIP 104521	317.58542	10.13158	35.407	m	4.703	1.958	A7P	0.311
γ2 Del	12 Del|HD 197964|HR 7948|HIP 102532	311.66458	16.12429	35.542	m	4.356	1.602	K1IV	1.178
γ1 Del	12 Del|HD 197963|HR 7947|HIP 102531	311.66195	16.12413	35.857	m	5.028	2.255	F8IV-V	0.618
ζ Pic	HD 35072|HR 1767|HIP 24829	79.84223	-50.60597	35.882	m	5.495	2.721	F6 IV	0.543
α Hor	HD 26967|HR 1326|HIP 19747	63.50047	-42.29437	36.074	m	3.966	1.18	K2 III	1.281
μ Tel	HD 183028|HR 7393|HIP 95932	292.64422	-55.11005	36.137	m	6.336	3.546	F5 V	0.46
τ UMa	14 UMa|HD 78363|HR 3624|HIP 45075	137.72941	63.51363	36.168	m	4.684	1.892	AM	0.394
ξ Vir	2 Vir|HD 102124|HR 4515|HIP 57328	176.321	8.25812	36.343	m	4.864	2.062	A 4 V	0.181
ι Cep	32 Cep|HD 216228|HR 8694|HIP 112724	342.42007	66.20041	36.648	m	3.611	0.791	K0III	1.226
ρ3 Ari	46 Ari|HD 18256|HR 869|HIP 13702	44.10897	18.02313	36.69	m	5.635	2.812	F 6 V	0.479
σ Gem	75 Gem|HD 62044|HR 2973|HIP 37629	115.82803	28.88351	36.872	m	4.369	1.536	K1III	1.306
μ PsA	14 PsA|HD 210049|HR 8431|HIP 109285	332.09586	-32.98847	36.916	m	4.502	1.666	A2 V	0.07
θ Hya	22 Hya|HD 79469|HR 3665|HIP 45336	138.59111	2.31427	36.941	m	3.853	1.015	B9.5 V	-0.05
η Cet	31 Cet|Gl 3075|HD 6805|HR 334|HIP 5364	17.14747	-10.18226	36.955	m	3.573	0.735	K0/1 III	1.378
π1 Ori	7 Ori|HD 31295|HR 1570|HIP 22845	73.72387	10.15083	37.028	m	4.659	1.816	A0P	0.09
μ And	37 And|HD 5448|HR 269|HIP 4436	14.18827	38.49934	37.447	m	3.868	1.001	A5V	0.158
ζ Tel	HD 169767|HR 6905|HIP 90568	277.20775	-49.07059	37.455	m	4.22	1.352	G8/K0 III	1.172
ι Pic	HD 31204|HR 1564|HIP 22534	72.73541	-53.45971	37.488	m	6.244	3.375	F0 IV	0.441
ι2 Cyg	10 Cyg|HD 184006|HR 7420|HIP 95853	292.4265	51.72978	37.543	m	3.775	0.902	A5V	0.164
κ Cyg	1 Cyg|HD 181276|HR 7328|HIP 94779	289.2757	53.36846	37.757	m	3.884	0.999	G8III	1.094
ν Tau	38 Tau|HD 25490|HR 1251|HIP 18907	60.78908	5.9893	37.837	m	3.888	0.998	A1V	0.051
ι Cru	HD 110829|HR 4842|HIP 62268	191.40855	-60.98132	38.204	m	4.803	1.892	K0 III	1.224
ι Mic	Gl 808.1|HD 197937|HR 7943|HIP 102693	312.12144	-43.98853	38.209	m	5.138	2.227	F2 V	0.37
υ1 Eri	50 Eri|HD 29085|HR 1453|HIP 21248	68.3773	-29.76649	38.419	m	4.612	1.689	K0 III	1.127
α Vol	Gl 333.3|HD 78045|HR 3615|HIP 44382	135.61165	-66.39607	38.503	m	4.011	1.084	A2/3 IV/V(M)	0.174
ρ Cyg	73 Cyg|HD 205435|HR 8252|HIP 106481	323.49522	45.59184	38.557	m	4.082	1.152	G8III	1.002
ε Gru	Gl 9796|HD 215789|HR 8675|HIP 112623	342.13874	-51.31688	38.774	m	3.479	0.536	A3 V	0.107
ψ Oct	HD 210853|HR 8471|HIP 110078	334.46081	-77.51155	38.824	m	5.511	2.566	F3 III	0.337
ρ Vir	30 Vir|HD 110411|HR 4828|HIP 61960	190.47107	10.23563	38.922	m	4.877	1.926	A0V	0.081
λ Aql	16 Aql|HD 177756|HR 7236|HIP 93805	286.56225	-4.88255	39	m	3.395	0.44	B9Vn	-0.091
ι1 Nor	HD 143474|HR 5961|HIP 78662	240.88372	-57.77506	39.386	e	4.697	1.72	A5 IVS	0.241
π2 Gru	HD 212132|HR 8524|HIP 110506	335.78328	-45.92849	39.661	m	5.664	2.672	F0 V	0.386
θ Gru	HD 218227|HR 8787|HIP 114131	346.71975	-43.52036	39.669	m	4.452	1.46	F5(M DELTA DEL)	0.464
η Hor	HD 16555|HR 778|HIP 12225	39.35149	-52.54312	39.672	m	5.328	2.336	A6 V	0.301
υ Oph	3 Oph|HD 148367|HR 6129|HIP 80628	246.95075	-8.37167	39.853	m	4.653	1.651	A1 IV	0.201
ι TrA	HD 147787|HR 6109|HIP 80645	246.98894	-64.05794	39.855	m	5.326	2.324	F0 IV	0.353
γ Cen	HD 110304|HR 4819|HIP 61932	190.37927	-48.95976	39.904	e	2.817	-0.188	A0 IV	0.027
μ2 Oct	HD 196067|HR 7864|HIP 102125	310.43376	-75.35081	39.948	m	6.51	3.503	G5 III	0.683
ρ1 Sgr	44 Sgr|Gl 4107|HD 181577|HR 7340|HIP 95168	290.41816	-17.8472	39.998	m	3.935	0.925	F0 III/IV	0.25
ξ Hya	HD 100407|HR 4450|HIP 56343	173.25048	-31.85762	40.059	m	3.632	0.619	G8 III	1.085
ω1 Aqr	102 Aqr|HD 222345|HR 8968|HIP 116758	354.94612	-14.22217	40.159	m	5.008	1.989	A7 IV	0.268
ψ Cnc	14 Cnc|HD 67767|HR 3191|HIP 40023	122.61326	25.50733	40.246	m	5.806	2.782	G 8 IV	0.921
λ Ari	9 Ari|HD 11973|HR 569|HIP 9153	29.48215	23.59606	40.364	m	4.802	1.772	F0IV	0.312
θ1 Tau	77 Tau|HD 28307|HR 1411|HIP 20885	67.14374	15.96216	40.373	m	3.936	0.906	G8III	1.103
σ Hyi	HD 12363|HR 593|HIP 8991	28.96061	-78.34855	40.798	m	6.197	3.144	F5/6 IV/V	0.466
γ2 Vol	HD 55865|HR 2736|HIP 34481	107.18693	-70.49892	40.854	m	3.86	0.804	K0 III	1.193
π Ara	Gl 683|HD 159492|HR 6549|HIP 86305	264.52298	-54.50043	41.014	m	5.267	2.202	A5 IV/V	0.211
π Pav	HD 165040|HR 6745|HIP 88866	272.14505	-63.66854	41.048	m	4.359	1.293	A7P SR	0.266
τ Cen	HD 109787|HR 4802|HIP 61622	189.42569	-48.5413	41.16	m	3.848	0.776	A2 V	0.065
ζ2 Sco	HD 152334|HR 6271|HIP 82729	253.64586	-42.36131	41.262	m	3.764	0.686	K3 III	1.655
γ Psc	6 Psc|HD 219615|HR 8852|HIP 114971	349.29141	3.28229	41.33	m	3.798	0.717	G8 IV	1.047
ν2 Col	Gl 209.1|HD 37495|HR 1935|HIP 26460	84.43591	-28.68969	41.528	m	5.33	2.238	F5 V	0.504
ε Mon	8 Mon|HD 44769|HR 2298|HIP 30419	95.94203	4.59287	41.532	m	4.423	1.331	A6 IV	0.206
ι Gem	60 Gem|HD 58207|HR 2821|HIP 36046	111.43165	27.79808	41.632	m	3.888	0.791	G8III	1.198
η Sgr	HD 167618|HR 6832|HIP 89642	274.4068	-36.76169	41.866	m	3.298	0.189	M2 III	1.855
θ Cas	33 Cas|HD 6961|HR 343|HIP 5542	17.77526	55.1499	41.868	m	4.343	1.234	A7Vvar	0.193
ξ Her	92 Her|HD 163993|HR 6703|HIP 87933	269.4412	29.24788	41.921	m	3.794	0.682	G5III	1.065
ο Sgr	39 Sgr|Gl 9641|HD 177241|HR 7217|HIP 93683	286.17076	-21.74149	41.995	m	3.861	0.745	K0 III	1.194
β Pav	HD 197051|HR 7913|HIP 102395	311.23956	-66.20322	42.015	m	3.431	0.314	A7 III	0.189
ν Hya	HD 93813|HR 4232|HIP 52943	162.40618	-16.19365	42.027	m	3.234	0.116	K0/K1III	1.493
λ CrB	12 CrB|Gl 9531|HD 142908|HR 5936|HIP 78012	238.94828	37.94696	42.063	m	5.466	2.347	F 0 IV	0.372
λ Mus	HD 102249|HR 4520|HIP 57363	176.40176	-66.72876	42.143	m	3.638	0.514	A7 II/III	0.187
ρ Tuc	HD 4089|HR 187|HIP 3330	10.61822	-65.46803	42.244	m	5.439	2.31	F6 V	0.535
γ2 Nor	Gl 9554|HD 146686|HR 6072|HIP 80000	244.9601	-50.15551	42.427	m	4.122	0.984	K0 III	1.266
η Cyg	21 Cyg|HD 188947|HR 7615|HIP 98110	299.07655	35.08342	42.466	m	4.008	0.868	K0III	1.181
θ Cep	2 Cep|HD 195725|HR 7850|HIP 101093	307.39522	62.9941	42.588	m	4.228	1.082	A7III	0.222
δ Hyi	Gl 97.1|HD 15008|HR 705|HIP 11001	35.43727	-68.65942	42.956	m	4.075	0.91	A1/2 V	0.053
σ And	25 And|HD 1404|HR 68|HIP 1473	4.58191	36.78523	43.003	m	4.512	1.345	A2V	0.078
ψ UMa	52 UMa|HD 96833|HR 4335|HIP 54539	167.41587	44.49848	43.053	m	3.11	-0.06	K1III	1.357
δ2 CMi	8 CMi|HD 60111|HR 2887|HIP 36723	113.29861	3.29038	43.199	m	5.611	2.434	F0/2 IV/V	0.349
μ Hor	HD 19319|HR 934|HIP 14240	45.90342	-59.73778	43.276	m	5.163	1.982	F0 III/IV	0.357
ν1 Col	HD 37430|HR 1926|HIP 26412	84.31873	-27.87135	43.329	m	6.178	2.994	F0 IV	0.334
η Aps	HD 123998|HR 5303|HIP 69896	214.55789	-81.00776	43.624	m	4.92	1.721	A2MA7-F2	0.264
ν Oph	64 Oph|HD 163917|HR 6698|HIP 88048	269.75663	-9.77363	43.662	m	3.42	0.219	K1 III	1.162
η Lib	44 Lib|HD 140417|HR 5848|HIP 77060	236.01833	-15.67283	43.783	m	5.44	2.233	A5/7 IV	0.239
β1 Tuc	HD 2884|HR 126|HIP 2484	7.88612	-62.95823	43.786	m	4.282	1.075	B8/A0	-0.04
δ Phe	HD 9362|HR 440|HIP 7083	22.81294	-49.07271	43.872	m	4.044	0.833	K0 IIIB	1.132
γ1 Vol	HD 55864|HR 2735|HIP 34473	107.17658	-70.49711	43.956	m	5.429	2.214	F0/3	0.587
ι Pic	HD 31203|HR 1563|HIP 22531	72.73045	-53.46152	43.989	m	5.612	2.395	F0 (V)	0.311
δ Scl	HD 223352|HR 9016|HIP 117452	357.23144	-28.13027	43.995	m	4.572	1.355	A0 V	0.006
ρ3 Eri	10 Eri|HD 19107|HR 925|HIP 14293	46.06881	-7.60086	44.094	m	5.281	2.059	A4 IV/V	0.204
ψ Sco	15 Sco|HD 145570|HR 6031|HIP 79375	242.99998	-10.06422	44.174	m	4.942	1.716	A1 V	0.12
μ Aqr	6 Aqr|HD 198743|HR 7990|HIP 103045	313.16347	-8.98332	44.228	m	4.756	1.528	A3 II	0.342
ε Phe	Gl 9.1|HD 496|HR 25|HIP 765	2.35266	-45.74742	44.232	m	3.99	0.761	K0 III	1.181
π Cha	HD 101132|HR 4479|HIP 56675	174.31513	-75.89654	44.246	m	5.678	2.449	A9 IV	0.362
χ1 Hya	Gl 3642A|HD 96202|HR 4314|HIP 54204	166.33295	-27.29361	44.383	m	4.956	1.72	F3 IV/V	0.395
ζ Vol	HD 63295|HR 3024|HIP 37504	115.45526	-72.6061	44.568	m	4.059	0.814	K0 III	1.199
θ Sge	17 Sge|HD 191570|HR 7705|HIP 99352	302.48603	20.91502	44.667	m	6.561	3.311	F 5 IV	0.396
α Mon	26 Mon|HD 61935|HR 2970|HIP 37447	115.3118	-9.55113	44.675	m	4.039	0.789	K0 III	1.191
ι Eri	HD 16815|HR 794|HIP 12486	40.16681	-39.85538	44.873	m	4.226	0.966	K0 III	1.153
α Oct	HD 199532|HR 8021|HIP 104043	316.17943	-77.02377	45.091	m	5.182	1.912	F6(M) PEC	0.528
ψ1 Aqr	91 Aqr|Gl 893.2A|HD 219449|HR 8841|HIP 114855	348.9729	-9.08774	45.264	m	4.363	1.084	K0/1 III	1.297
κ Gem	77 Gem|HD 62345|HR 2985|HIP 37740	116.11188	24.398	45.268	m	3.662	0.383	G8III	1.079
β PsA	17 PsA|HD 213398|HR 8576|HIP 111188	337.87638	-32.34608	45.282	m	4.28	1	A1 V	0.032
λ Crt	13 Crt|HD 98991|HR 4395|HIP 55598	170.84116	-18.77998	45.373	m	5.121	1.837	F3 IV	0.457
κ2 Tau	67 Tau|HD 27946|HR 1388|HIP 20641	66.35423	22.2	45.418	m	5.294	2.008	A7V	0.266
δ Dor	HD 39014|HR 2015|HIP 27100	86.19324	-65.73552	45.721	m	4.353	1.052	A7 V	0.233
β Oct	HD 214846|HR 8630|HIP 112405	341.51455	-81.38162	45.767	e	4.155	0.852	A9 IV/V	0.227
ζ Cyg	64 Cyg|HD 202109|HR 8115|HIP 104732	318.23408	30.22694	45.844	m	3.3	-0.006	G8II	1.146
υ Tau	69 Tau|HD 28024|HR 1392|HIP 20711	66.57694	22.81358	45.98	m	4.303	0.99	F0III	0.296
φ Eri	HD 14228|HR 674|HIP 10602	34.12745	-51.51217	46.112	m	3.52	0.201	B8 V	-0.111
β3 Tuc	Gl 9015A|HD 3003|HR 136|HIP 2578	8.18294	-63.0315	46.127	m	5.069	1.749	A0 V	0.048
τ Dra	60 Dra|HD 181984|HR 7352|HIP 94648	288.88755	73.35547	46.139	m	4.593	1.273	K3III	1.494
ρ Tau	86 Tau|HD 28910|HR 1444|HIP 21273	68.46216	14.84442	46.221	m	4.67	1.346	F0V	0.263
δ2 Tau	64 Tau|HD 27819|HR 1380|HIP 20542	66.024	17.44413	46.255	m	4.81	1.484	A7V	0.187
θ Cha	HD 71701|HR 3340|HIP 40888	125.16058	-77.48448	46.847	m	4.467	1.114	K1 III	1.371
ε Hyi	HD 16978|HR 806|HIP 12394	39.89732	-68.26695	46.897	m	4.088	0.732	B9 V	-0.051
ε Dra	63 Dra|HD 188119|HR 7582|HIP 97433	297.04312	70.26793	46.9	m	4.01	0.654	G5III	1.06
ζ Hya	16 Hya|HD 76294|HR 3547|HIP 43813	133.8485	5.94551	46.919	m	3.21	-0.147	G8III	1.177
γ Aps	Gl 626.1|HD 147675|HR 6102|HIP 81065	248.36284	-78.89715	46.941	m	3.957	0.599	G8/K0 III	1.063
κ1 Boo	17 Boo|HD 124674|HR 5328|HIP 69481	213.36562	51.78788	47.174	m	6.621	3.252	F2V	0.412
β LMi	31 LMi|HD 90537|HR 4100|HIP 51233	156.97085	36.70722	47.192	e	4.304	0.935	G8III-IV	1.05
δ3 Tau	68 Tau|HD 27962|HR 1389|HIP 20648	66.37245	17.92791	47.424	m	4.262	0.882	A1V	0.056
μ Ori	61 Ori|HD 40932|HR 2124|HIP 28614	90.59582	9.6473	47.506	e	4.152	0.768	AM	0.181
ζ Oct	HD 79837|HR 3678|HIP 43908	134.17079	-85.66315	47.627	m	5.456	2.067	A8/9 IV	0.321
φ For	HD 15427|HR 724|HIP 11477	37.0071	-33.81104	47.696	m	5.135	1.743	A2/3 V	0.098
β Aps	HD 149324|HR 6163|HIP 81852	250.7694	-77.51744	47.725	m	4.346	0.952	K0 III	1.242
λ Hor	HD 15233|HR 714|HIP 11258	36.22463	-60.31195	47.748	m	5.4	2.005	F2 II/III	0.403
κ1 Tau	65 Tau|HD 27934|HR 1387|HIP 20635	66.34236	22.29387	47.82	m	4.215	0.817	A7V	0.165
ρ Aql	67 Aql|HD 192425|HR 7724|HIP 99742	303.56925	15.19761	47.835	m	4.954	1.555	A2V	0.074
ω2 Aqr	105 Aqr|Gl 9836A|HD 222661|HR 8988|HIP 116971	355.6806	-14.5449	47.859	m	4.478	1.078	B9 V	-0.036
η Sge	16 Sge|HD 190608|HR 7679|HIP 98920	301.28956	19.99107	47.922	m	5.209	1.806	K2III	1.216
ζ1 Lyr	6 Lyr|HD 173648|HR 7056|HIP 91971	281.19314	37.60511	48.395	m	4.342	0.918	AM	0.228
ζ2 Lyr	7 Lyr|HD 173649|HR 7057|HIP 91973	281.20086	37.59462	48.453	m	5.621	2.194	F0IV	0.311
η Tel	HD 181296|HR 7329|HIP 95261	290.71336	-54.42393	48.537	m	5.022	1.592	A0 V	0.022
θ2 Sgr	HD 189118|HR 7624|HIP 98421	299.96399	-34.69781	48.763	m	5.321	1.881	A4/5 IV	0.187
ο Ser	56 Ser|HD 160613|HR 6581|HIP 86565	265.35364	-12.87531	48.86	m	4.24	0.795	A2 VA	0.099
ε1 Lyr	4 Lyr|HD 173583|HR 7051|HIP 91919	281.08476	39.67012	48.882	m	6.1	2.654	F1V	0.326
ο2 Cnc	63 Cnc|HD 76582|HR 3565|HIP 44001	134.39667	15.58128	48.889	m	5.705	2.259	F 0 IV	0.237
η Tuc	HD 224392|HR 9062|HIP 118121	359.39615	-64.29822	48.97	m	4.997	1.547	A1 V	0.07
ε2 Lyr	5 Lyr|HD 173608|HR 7053|HIP 91926	281.09528	39.61275	49.166	m	5.246	1.788	A 8 VN	0.189
ο1 Cnc	62 Cnc|HD 76543|HR 3561|HIP 43970	134.31229	15.32276	49.19	m	5.241	1.782	A 4 IV	0.173
κ Psc	8 Psc|HD 220825|HR 8911|HIP 115738	351.73315	1.25561	49.224	m	4.923	1.462	A0 V	0.059
ω Aur	4 Aur|HD 31647|HR 1592|HIP 23179	74.81421	37.89024	49.407	m	5	1.531	A0V	0.018
ζ Hor	HD 16920|HR 802|HIP 12484	40.16505	-54.54991	49.416	m	5.257	1.788	F3 IV/V	0.434
θ1 Mic	HD 203006|HR 8151|HIP 105382	320.19015	-40.8095	49.582	m	4.806	1.329	AP CREUSR	0.046
κ2 Boo	17 Boo|HD 124675|HR 5329|HIP 69483	213.37086	51.78997	49.62	m	4.535	1.057	A7IV	0.219
μ Aur	11 Aur|HD 33641|HR 1689|HIP 24340	78.35716	38.48449	49.747	m	4.847	1.363	AM	0.218
ν Aqr	13 Aqr|HD 201381|HR 8093|HIP 104459	317.39854	-11.37169	49.79	m	4.601	1.115	K0 III	1.087
ρ And	27 And|HD 1671|HR 82|HIP 1686	5.28028	37.9686	50.122	m	5.208	1.708	F5III	0.461
ζ Gru	HD 217364|HR 8747|HIP 113638	345.22003	-52.75414	50.224	m	4.222	0.717	G8/K0 III	1.117
γ Com	15 Com|HD 108381|HR 4737|HIP 60742	186.73447	28.26842	50.342	m	4.466	0.956	K1III	1.322
β2 Tuc	HD 2885|HR 127|HIP 2487	7.88945	-62.96556	51.041	m	4.505	0.965	A2 V	0.143
θ Lep	18 Lep|HD 41695|HR 2155|HIP 28910	91.53885	-14.93525	51.284	m	4.669	1.119	A0 V	0.054
ο Vir	9 Vir|Gl 3703|HD 104979|HR 4608|HIP 58948	181.30225	8.73297	51.299	m	4.212	0.661	G8III	1.134
θ Lib	46 Lib|HD 142198|HR 5908|HIP 77853	238.45641	-16.72929	51.338	m	4.24	0.688	K0 III	1.191
ω Oph	9 Oph|HD 148898|HR 6153|HIP 80975	248.03417	-21.46639	51.412	m	4.449	0.894	Ap	0.149
κ1 Ind	HD 208496|HR 8369|HIP 108478	329.62532	-59.01214	51.436	m	6.195	2.639	F5 V	0.502
α Dor	HD 29305|HR 1465|HIP 21281	68.49897	-55.04498	51.706	e	3.243	-0.325	A0V:	-0.074
ν Tel	HD 186543|HR 7510|HIP 97421	297.00499	-56.36261	51.773	m	5.355	1.784	A7 III/IV	0.207
β Lac	3 Lac|HD 212496|HR 8538|HIP 110538	335.8901	52.22905	51.81	m	4.542	0.97	G5III	1.164
ε Mic	HD 202627|HR 8135|HIP 105140	319.48452	-32.17254	51.819	m	4.717	1.145	A0 V	0.077
τ5 Ser	18 Ser|HD 139225|HR 5804|HIP 76424	234.12184	16.11909	51.896	m	5.966	2.39	F 3 V	0.355
ν Hor	HD 17848|HR 852|HIP 13141	42.2562	-62.80653	51.918	m	5.267	1.69	A2 V	0.117
ε And	30 And|HD 3546|HR 163|HIP 3031	9.63894	29.31175	51.961	m	4.44	0.862	G5III+	0.988
θ Psc	10 Psc|HD 220954|HR 8916|HIP 115830	351.99207	6.37899	51.966	m	4.394	0.815	K1III	1.253
μ Ser	32 Ser|HD 141513|HR 5881|HIP 77516	237.40503	-3.43021	52.002	e	3.535	-0.045	A0V	-0.027
δ PsA	23 PsA|HD 216763|HR 8720|HIP 113246	343.98709	-32.53963	52.187	m	4.315	0.727	G8 III	1.108
τ Psc	83 Psc|HD 7106|HR 352|HIP 5586	17.91515	30.08964	52.728	m	4.633	1.023	K0III-IV	1.278
υ Aql	49 Aql|HD 186689|HR 7519|HIP 97229	296.41645	7.61316	52.955	m	5.908	2.288	A 3 IV	0.195
θ And	24 And|HD 1280|HR 63|HIP 1366	4.2729	38.68165	52.981	m	4.607	0.986	A2V	0.07
τ Cas	5 Cas|HD 223165|HR 9008|HIP 117301	356.7644	58.65199	53.251	m	4.998	1.366	K1III	1.311
τ Pup	HD 50310|HR 2553|HIP 32768	102.48404	-50.61455	53.311	m	3.05	-0.584	K1 III	1.429
τ7 Ser	22 Ser|HD 140232|HR 5845|HIP 76878	235.47797	18.46404	53.423	m	5.818	2.179	A 2 M	0.224
π Ser	44 Ser|HD 143894|HR 5972|HIP 78554	240.57372	22.80445	53.49	m	4.827	1.186	A3V	0.085
π Cas	20 Cas|HD 4058|HR 184|HIP 3414	10.86696	47.02455	53.679	m	4.972	1.323	A 5 V	0.192
τ Oph	69 Oph|Gl 700.1A|HD 164765|HR 6734	270.77033	-8.18035	53.802	m	5.864	2.21	dF3   J	0.407
φ Boo	54 Boo|HD 139641|HR 5823|HIP 76534	234.45666	40.35343	53.835	m	5.353	1.698	G8III-IV	1.01
ζ Boo	30 Boo|HD 129246|HR 5477|HIP 71795	220.28723	13.72835	53.879	e	4.464	0.807	A2N	0.082
ε Equ	1 Equ|HD 199766|HR 8034|HIP 103569	314.76858	4.29351	54.083	e	5.963	2.298	F5III...	0.519
ν Men	HD 29116|HR 1456|HIP 20297	65.24196	-81.57992	54.126	m	5.808	2.141	F0/2 III	0.387
λ1 Phe	HD 2834|HR 125|HIP 2472	7.85409	-48.80351	54.14	m	4.755	1.087	A0 V	0.03
β For	HD 17652|HR 841|HIP 13147	42.27258	-32.4059	54.172	m	4.565	0.896	G8 III	1.116
δ Hya	4 Hya|HD 73262|HR 3410|HIP 42313	129.41403	5.70378	54.259	m	4.132	0.46	A0V	0.02
υ4 Eri	41 Eri|HD 27376|HR 1347|HIP 20042	64.47356	-33.79835	54.347	m	3.516	-0.16	B9V	-0.107
ι Tau	102 Tau|HD 32301|HR 1620|HIP 23497	75.77394	21.58996	54.392	m	4.633	0.955	A7V	0.192
η Aqr	62 Aqr|HD 213998|HR 8597|HIP 111497	338.83908	-0.1175	54.434	m	4.012	0.333	B9IV-Vn	-0.089
υ Leo	91 Leo|HD 100920|HR 4471|HIP 56647	174.23721	-0.82375	54.508	m	4.414	0.732	K0 III	1.145
κ Aur	44 Aur|HD 43039|HR 2219|HIP 29696	93.84453	29.49808	54.734	m	4.434	0.743	G8III	1.179
σ2 Tau	92 Tau|HD 29488|HR 1479|HIP 21683	69.81876	15.91798	54.852	m	4.686	0.99	A3V	0.182
ν Pic	HD 45229|HR 2320|HIP 30342	95.73261	-56.36996	54.879	m	5.628	1.931	A1MA3-A9	0.26
ζ CrA	HD 176638|HR 7188|HIP 93542	285.77866	-42.0951	54.939	m	4.721	1.022	B9/A0 V	-0.022
τ Oph	69 Oph|Gl 700.1B|HD 164764|HR 6733|HIP 88404	270.77033	-8.18035	54.981	m	5.269	1.568	F5 V	0.426
ε Aql	13 Aql|HD 176411|HR 7176|HIP 93244	284.90566	15.0683	54.999	m	4.129	0.427	K2III	1.254
η Del	3 Del|HD 195943|HR 7858|HIP 101483	308.48767	13.02727	55.116	m	5.39	1.684	A2V	0.089
ο2 Ori	9 Ori|HD 31421|HR 1580|HIP 22957	74.09281	13.51447	55.278	m	4.2	0.487	K2III	1.377
φ Gem	83 Gem|HD 64145|HR 3067|HIP 38538	118.37423	26.76579	55.438	m	4.977	1.258	A3V	0.115
κ Ari	12 Ari|HD 12869|HR 613|HIP 9836	31.64135	22.64831	55.466	m	5.038	1.318	AM	0.155
ψ2 Psc	79 Psc|HD 6695|HR 328|HIP 5310	16.98816	20.73908	55.686	m	5.58	1.851	A3V	0.142
κ2 Lup	HD 134482|HR 5647|HIP 74380	227.99028	-48.7437	55.847	m	5.516	1.781	A3/5 V	0.146
ζ Sct	HD 169156|HR 6884|HIP 90135	275.91493	-8.93441	55.967	m	4.77	1.03	K0 III	1.096
ε Psc	71 Psc|HD 6186|HR 294|HIP 4906	15.73587	7.89014	56.157	m	4.364	0.617	K0III	1.115
β Scl	HD 221507|HR 8937|HIP 116231	353.24273	-37.81828	56.162	m	4.352	0.605	B9.5 IVP(HGMNEU)	-0.101
δ Hor	HD 26612|HR 1302|HIP 19515	62.71076	-41.99358	56.184	m	4.97	1.222	F2 IV/V	0.348
γ Hor	HD 17504|HR 833|HIP 12871	41.36449	-63.70455	56.378	m	5.846	2.09	G8 III/IV	1.063
α Sct	HD 171443|HR 6973|HIP 91117	278.80178	-8.24407	56.513	m	3.991	0.23	K3 III	1.582
ψ For	HD 18149|HR 863|HIP 13473	43.39333	-38.437	56.599	m	5.977	2.213	F5 V	0.465
δ CrA	HD 177873|HR 7242|HIP 94005	287.08738	-40.4967	56.631	m	4.693	0.928	K1 III	1.276
β Phe	HD 6595|HR 322|HIP 5165	16.52114	-46.71845	56.721	e	3.459	-0.31	G8 III	1.027
γ1 Cae	HD 32831|HR 1652|HIP 23595	76.10168	-35.48298	56.847	m	4.711	0.937	K2 III	1.437
κ1 Lup	HD 134481|HR 5646|HIP 74376	227.98364	-48.73782	56.854	m	3.833	0.059	B9.5 VN + A5 V	-0.045
γ Pic	HD 39523|HR 2042|HIP 27530	87.45693	-56.16667	56.895	m	4.616	0.841	K1 III	1.28
ο Lib	29 Lib|HD 136407|HR 5703|HIP 75118	230.25574	-15.54834	56.94	m	6.188	2.411	F2 V	0.396
κ Col	HD 43785|HR 2256|HIP 29807	94.13807	-35.14052	57.523	m	4.472	0.673	G8 II	1.153
δ Ind	HD 208450|HR 8368|HIP 108431	329.4795	-54.99257	57.67	e	4.43	0.625	F0 IV	0.308
ι Cha	HD 82554|HR 3795|HIP 46107	141.03843	-80.78688	57.759	m	5.39	1.582	F3/5 III/V	0.471
γ Scl	Gl 9821|HD 219784|HR 8863|HIP 115102	349.706	-32.53202	57.834	m	4.531	0.72	K1 III	1.314
φ Leo	74 Leo|HD 98058|HR 4368|HIP 55084	169.16542	-3.6516	57.861	m	4.477	0.665	A5 V	0.226
ξ CrB	19 CrB|HD 147677|HR 6103|HIP 80181	245.52426	30.89199	58.167	m	4.958	1.135	K0-III	1.134
γ TrA	HD 135382|HR 5671|HIP 74946	229.72743	-68.67954	58.204	m	2.849	-0.976	A0 IV	0.037
ν Cha	HD 85396|HR 3902|HIP 47956	146.58598	-76.77612	58.261	m	5.54	1.713	G8 III	1.019
ι Ser	21 Ser|HD 140159|HR 5842|HIP 76852	235.38773	19.6704	58.275	e	4.513	0.686	A1V	0.071
ρ Tel	HD 177171|HR 7213|HIP 93815	286.58315	-52.34091	58.317	m	5.235	1.406	F6 V	0.574
λ Pyx	HD 81169|HR 3733|HIP 46026	140.80106	-28.83388	58.573	m	4.814	0.976	G8 III	1.032
σ1 Tau	91 Tau|HD 29479|HR 1478|HIP 21673	69.78841	15.79986	58.688	m	5.093	1.25	AM	0.145
σ2 Cnc	59 Cnc|HD 76398|HR 3555|HIP 43932	134.23582	32.91043	58.693	m	5.457	1.614	A 7 IV	0.178
σ Pup	HD 59717|HR 2878|HIP 36377	112.30763	-43.30143	58.743	m	3.418	-0.427	K5 III	1.821
δ Crt	12 Crt|HD 98430|HR 4382|HIP 55282	169.83521	-14.77854	58.765	m	3.674	-0.172	K0III	1.313
τ Scl	HD 9906|HR 462|HIP 7463	24.03543	-29.90737	59.2	m	5.966	2.104	F2 V	0.336
θ Gem	34 Gem|HD 50019|HR 2540|HIP 33018	103.19724	33.96125	59.277	m	3.605	-0.259	A2I	0.126
γ Her	20 Her|HD 147547|HR 6095|HIP 80170	245.48007	19.15313	59.287	m	3.761	-0.104	A9III	0.303
φ Oct	HD 167468|HR 6829|HIP 90133	275.90187	-75.04428	59.432	m	5.461	1.591	A0 V	0.049
ψ Oph	4 Oph|HD 147700|HR 6104|HIP 80343	246.02576	-20.03732	59.452	m	4.591	0.72	K0 III	1.176
ξ Tau	2 Tau|HD 21364|HR 1038|HIP 16083	51.7923	9.73268	59.554	m	3.715	-0.16	B9Vn	-0.068
χ Cap	25 Cap|Gl 9720|HD 201184|HR 8087|HIP 104365	317.14009	-21.19367	59.719	m	5.316	1.435	A0V	0.01
ξ Psc	111 Psc|HD 11559|HR 549|HIP 8833	28.38896	3.18753	60.009	m	4.709	0.818	K0 III	1.087
ι Del	5 Del|HD 196544|HR 7883|HIP 101800	309.45466	11.37767	60.068	m	5.424	1.531	A2V	0.06
η Cap	22 Cap|Gl 816.2A|HD 200499|HR 8060|HIP 104019	316.10125	-19.85499	60.238	m	4.868	0.969	A5V	0.185
λ1 Tuc	HD 5190|HR 252|HIP 4084	13.10217	-69.50377	60.343	m	6.696	2.793	F7 IV/V	0.548
ξ2 Cet	73 Cet|HD 15318|HR 718|HIP 11484	37.03975	8.46007	60.357	m	4.261	0.357	B9III	-0.038
ο Cep	34 Cep|HD 219916|HR 8872|HIP 115088	349.65621	68.11147	61.255	m	4.971	1.035	K0III	1.031
κ Leo	1 Leo|HD 81146|HR 3731|HIP 46146	141.16358	26.18233	61.304	m	4.599	0.662	K2III	1.452
ρ1 Cep	28 Cep|HD 213403|HR 8578|HIP 110787	336.67665	78.78585	61.498	m	5.855	1.911	A 2 M	0.174
χ Cas	39 Cas|HD 9408|HR 442|HIP 7294	23.48282	59.23204	61.518	m	4.791	0.846	G8III	1.147
ψ Cas	36 Cas|HD 8491|HR 399|HIP 6692	21.48342	68.13002	61.575	m	4.844	0.897	K0III	1.225
ι Sgr	HD 188114|HR 7581|HIP 98032	298.8154	-41.86827	61.701	m	4.235	0.284	K0 II/III	1.264
ι Cap	32 Cap|HD 203387|HR 8167|HIP 105515	320.56165	-16.83454	61.71	m	4.377	0.425	G8 III	1.023
δ Sct	HD 172748|HR 7020|HIP 91726	280.56845	-9.05255	61.767	m	4.734	0.78	F2/3 IV	0.38
σ Scl	HD 6178|HR 293|HIP 4852	15.61014	-31.552	61.781	m	5.513	1.559	A1/2 IV	0.103
ν Aur	32 Aur|HD 39003|HR 2012|HIP 27673	87.87246	39.1485	61.953	m	4.087	0.127	K0III	1.328
ρ Pav	HD 195961|HR 7859|HIP 101773	309.39714	-61.52992	62.28	m	4.901	0.929	FM DELTA DEL	0.473
π Scl	HD 10537|HR 497|HIP 7955	25.53584	-32.32692	62.573	m	5.371	1.389	K1 II/III	1.196
ν Ser	53 Ser|HD 156928|HR 6446|HIP 84880	260.20692	-12.84688	62.58	m	4.329	0.347	A0/1 V	0.046
λ CrA	HD 172777|HR 7021|HIP 91875	280.9456	-38.32344	62.688	m	5.121	1.135	A0/1 V	0.083
ε Sex	22 Sex|HD 89254|HR 4042|HIP 50414	154.40751	-8.06891	62.698	m	5.279	1.293	F0 IV	0.344
χ Lup	5 Lup|HD 141556|HR 5883|HIP 77634	237.73974	-33.62717	62.878	m	3.94	-0.052	B9.5 III-IV	-0.038
ι Gru	HD 218670|HR 8820|HIP 114421	347.58974	-45.24672	63.065	m	3.988	-0.011	K1 III	1.155
σ Aqr	57 Aqr|HD 213320|HR 8573|HIP 111123	337.66173	-10.67796	63.192	m	4.815	0.812	A0 IVs	-0.05
τ2 Hyi	HD 11604|HR 550|HIP 8366	26.94353	-80.17631	63.223	m	6.081	2.077	F0 IV	0.362
ι Ant	HD 94890|HR 4273|HIP 53502	164.17938	-37.13777	63.641	m	4.707	0.688	K0 III	1.179
τ Aur	29 Aur|HD 38656|HR 1995|HIP 27483	87.29349	39.18107	64.315	m	4.623	0.581	G8III	1.097
υ Lib	39 Lib|HD 139063|HR 5794|HIP 76470	234.25604	-28.13508	64.405	m	3.75	-0.295	K3 III	1.658
ξ Eri	42 Eri|HD 27861|HR 1383|HIP 20507	65.92022	-3.74547	64.435	m	5.175	1.129	A1 V	0.086
γ Pyx	HD 75691|HR 3518|HIP 43409	132.63302	-27.70985	64.457	m	4.158	0.112	K3 III	1.52
ξ2 Lup	HD 142630|HR 5926|HIP 78106	239.22548	-33.96427	64.51	m	5.556	1.508	B9 V	0.077
ι Aqr	33 Aqr|HD 209819|HR 8418|HIP 109139	331.60929	-13.86968	64.541	m	4.261	0.212	B8 V	-0.075
θ Oct	HD 224889|HR 9084|HIP 122	0.39865	-77.06569	64.704	m	4.926	0.871	K3 III	1.5
η Sct	HD 175751|HR 7149|HIP 93026	284.26529	-5.84631	64.967	m	4.939	0.876	K0 III	1.267
ι PsA	9 PsA|HD 206742|HR 8305|HIP 107380	326.23671	-33.02578	65.212	m	4.323	0.251	B9.5 V	-0.045
ω Lup	HD 139127|HR 5797|HIP 76552	234.51335	-42.56735	65.429	m	4.497	0.418	K3 III	1.693
θ Pav	HD 173168|HR 7036|HIP 92294	282.15794	-65.07768	65.655	m	5.733	1.647	A8 V	0.279
ε Pyx	HD 78922|HR 3644|HIP 45001	137.48504	-30.3654	65.751	m	5.616	1.526	A4 IV	0.193
ε TrA	HD 138538|HR 5771|HIP 76440	234.18009	-66.31704	65.792	m	4.234	0.143	K1/2 III	1.369
γ Ind	HD 203760|HR 8188|HIP 105841	321.56433	-54.66046	65.829	m	6.125	2.033	F2/3 II	0.378
ρ Oct	HD 137333|HR 5729|HIP 76996	235.82057	-84.46527	65.967	m	5.583	1.486	A1/2 V	0.127
ζ Pav	HD 171759|HR 6982|HIP 91792	280.7589	-71.42811	66.009	m	4.129	0.031	K0 III	1.331
φ1 Cet	17 Cet|HD 4188|HR 194|HIP 3455	11.0475	-10.60955	66.109	m	4.878	0.777	K0 III	1.164
γ Hyi	HD 24512|HR 1208|HIP 17678	56.80975	-74.23896	66.316	m	3.436	-0.672	M1 III	1.92
ο Tau	1 Tau|HD 21120|HR 1030|HIP 15900	51.20333	9.02888	66.318	m	3.705	-0.403	G8III	1.016
δ Col	HD 44762|HR 2296|HIP 30277	95.52845	-33.4364	66.449	m	3.93	-0.182	G7 II	0.98
λ Hyi	HD 4815|HR 236|HIP 3781	12.14756	-74.92343	66.481	m	5.241	1.128	K4 III	1.632
ξ1 Lup	HD 142629|HR 5925|HIP 78105	239.22287	-33.96611	66.565	m	5.091	0.975	A3 V	0.128
ζ Del	4 Del|HD 196180|HR 7871|HIP 101589	308.82724	14.67421	66.916	m	4.66	0.532	A3V	0.108
ω Eri	61 Eri|HD 31109|HR 1560|HIP 22701	73.22362	-5.4527	66.955	m	4.395	0.266	A5/7 III	0.277
π2 Ori	2 Ori|HD 30739|HR 1544|HIP 22509	72.653	8.90018	67.088	m	4.343	0.21	A0V	0.026
ξ1 Cen	HD 113314|HR 4933|HIP 63724	195.88878	-49.52726	67.442	m	4.828	0.683	A0 V	0.026
κ Dor	HD 30478|HR 1530|HIP 22040	71.08814	-59.73273	67.473	m	5.307	1.161	A8/9 III/IV	0.206
δ Del	11 Del|HD 197461|HR 7928|HIP 102281	310.86473	15.07458	67.655	m	4.453	0.302	A5III	0.309
ξ Phe	HD 3980|HR 183|HIP 3277	10.44332	-56.50132	67.706	m	5.724	1.571	AP SREUCR	0.237
φ Aql	61 Aql|HD 188728|HR 7610|HIP 98103	299.05938	11.42372	67.809	m	5.278	1.122	A1V	0.012
η2 Hyi	HD 11977|HR 570|HIP 8928	28.73387	-67.6473	67.823	m	4.789	0.632	G8 III/IV	1.074
ψ1 Lup	3 Lup|HD 139521|HR 5820|HIP 76705	234.94157	-34.41192	67.881	m	4.769	0.61	G8/K0 III	1.129
σ1 Cnc	51 Cnc|HD 75698|HR 3519|HIP 43584	133.14426	32.47416	67.894	m	5.691	1.532	A 2 VM	0.233
χ Ser	20 Ser|HD 140160|HR 5843|HIP 76866	235.44757	12.84753	67.925	m	5.322	1.162	AP	0.036
α Lyn	40 Lyn|HD 80493|HR 3705|HIP 45860	140.26376	34.39257	68.008	m	3.291	-0.872	M0III	1.865
γ PsA	22 PsA|Gl 9800A|HD 216336|HR 8695|HIP 112948	343.13138	-32.87555	68.334	m	4.502	0.329	A0 III	-0.056
κ1 Sgr	HD 193571|HR 7779|HIP 100469	305.61461	-42.04955	68.351	m	5.572	1.398	A0 V	0.007
θ1 Cru	HD 104671|HR 4599|HIP 58758	180.75626	-63.31293	68.55	m	4.348	0.168	A3(M)A8-A8	0.277
κ1 Scl	HD 493|HR 24|HIP 761	2.33759	-27.98797	68.724	m	6.126	1.94	F3 V	0.46
μ2 Gru	HD 211202|HR 8488|HIP 109973	334.11064	-41.62722	68.927	m	5.219	1.027	G8 III	1.05
ι1 Mus	HD 116244|HR 5042|HIP 65468	201.27966	-74.88782	68.981	m	5.163	0.969	K0 III	1.295
λ2 Tuc	HD 5457|HR 270|HIP 4293	13.7513	-69.52708	69.096	m	5.574	1.377	K2 III	1.264
δ Ara	HD 158094|HR 6500|HIP 85727	262.77462	-60.68385	69.114	m	3.563	-0.635	B8 VN	-0.1
υ Phe	HD 6767|HR 331|HIP 5300	16.94938	-41.4869	69.333	m	5.228	1.023	A3 IV/V	0.175
τ Vir	93 Vir|HD 122408|HR 5264|HIP 68520	210.41164	1.54453	69.526	m	4.25	0.039	A2 IV/V	0.112
ζ Nor	HD 145361|HR 6019|HIP 79497	243.34457	-55.54095	69.587	m	5.816	1.603	F2 IV/V	0.385
φ Aqr	90 Aqr|HD 219215|HR 8834|HIP 114724	348.58064	-6.049	69.695	m	4.406	0.19	M1 III	1.857
σ1 Gru	HD 214085|HR 8600|HIP 111594	339.12212	-40.58269	69.999	m	6.292	2.067	A3 V	0.135
μ Phe	HD 3919|HR 180|HIP 3245	10.33148	-46.08501	70.005	m	4.706	0.48	G8 III	1.12
π Dra	58 Dra|HD 182564|HR 7371|HIP 95081	290.16704	65.71453	70.108	m	4.58	0.351	A2IV	0.049
ξ Leo	5 Leo|HD 82395|HR 3782|HIP 46771	142.9864	11.29983	70.125	m	5.08	0.851	K0III	1.223
κ Crt	16 Crt|HD 99564|HR 4416|HIP 55874	171.78965	-12.35675	70.176	m	5.978	1.747	F5/6 III	0.508
σ2 Gru	HD 214150|HR 8602|HIP 111643	339.24523	-40.59103	70.256	m	5.881	1.648	A1 V	0.064
ι Lep	3 Lep|HD 33802|HR 1696|HIP 24244	78.0746	-11.86921	70.552	m	4.436	0.193	B8 Vn	-0.105
γ Per	23 Per|HD 18926|HR 915|HIP 14328	46.19913	53.50644	70.796	m	2.992	-1.258	G8III+...	0.778
ψ3 Aqr	95 Aqr|HD 219832|HR 8865|HIP 115115	349.74033	-9.61074	70.856	m	4.999	0.747	B9 V	-0.025
δ Pyx	HD 76483|HR 3556|HIP 43825	133.88153	-27.68186	71.019	m	4.884	0.627	A3 IV	0.149
ο Cap	12 Cap|HD 195093|HR 7829|HIP 101120	307.46915	-18.58636	71.207	m	6.678	2.415	A7/8 V	0.195
ψ Hya	45 Hya|HD 114149|HR 4958|HIP 64166	197.26362	-23.11807	71.278	m	5.05	0.785	K0 III	1.216
ο Cap	12 Cap|HD 195094|HR 7830|HIP 101123	307.47462	-18.58318	71.33	m	5.907	1.641	A1 V	0.088
π Cen	HD 98718|HR 4390|HIP 55425	170.25171	-54.49103	71.634	m	3.873	-0.403	B5 VN	-0.154
η Nor	HD 143546|HR 5962|HIP 78639	240.80374	-49.2297	71.653	m	4.746	0.47	G8 III	1.058
ν2 Lyr	9 Lyr|HD 174602|HR 7102|HIP 92405	282.47049	32.55106	71.819	m	5.239	0.958	A3V	0.107
ζ Pyx	HD 73898|HR 3433|HIP 42483	129.92698	-29.56109	72.135	m	4.973	0.682	G5 III	1.032
φ Oph	8 Oph|HD 148786|HR 6147|HIP 80894	247.78486	-16.61273	73.411	m	4.378	0.049	G8/K0 III	1.064
υ1 Cnc	30 Cnc|HD 72041|HR 3355|HIP 41816	127.87716	24.08111	73.432	m	5.732	1.403	F 0 III	0.335
μ2 Pav	HD 188887|HR 7612|HIP 98624	300.46859	-66.94397	73.508	m	5.467	1.135	K2 IVCNII	1.434
ρ2 Cep	29 Cep|HD 213798|HR 8591|HIP 111056	337.47075	78.82428	73.509	m	5.466	1.134	A 3 V	0.093
μ1 Pav	HD 188584|HR 7603|HIP 98478	300.0962	-66.94937	73.619	m	5.87	1.535	K0 III	1.19
φ Her	11 Her|HD 145389|HR 6023|HIP 79101	242.1924	44.93492	73.664	m	4.216	-0.12	A0P	-0.061
σ Leo	77 Leo|HD 98664|HR 4386|HIP 55434	170.28414	6.02932	73.773	m	4.031	-0.308	B9V	-0.059
φ Ser	HD 142980|HR 5940|HIP 78132	239.31072	14.41448	73.975	m	5.658	1.313	K1IV	1.345
ε CrB	13 CrB|HD 143107|HR 5947|HIP 78159	239.39687	26.87787	74.117	m	4.274	-0.076	K3III	1.458
υ Boo	5 Boo|HD 120477|HR 5200|HIP 67459	207.36934	15.79791	74.5	m	4.21	-0.151	K5III	1.816
ρ Gru	HD 215104|HR 8644|HIP 112203	340.8749	-41.41435	74.539	m	4.948	0.586	K0 III	1.18
μ Hya	42 Hya|HD 90432|HR 4094|HIP 51069	156.52261	-16.83629	74.789	m	3.985	-0.384	K4 III	1.786
ξ Aur	30 Aur|HD 39283|HR 2029|HIP 27949	88.7116	55.70695	74.793	m	4.966	0.597	A2V	0.055
χ Boo	48 Boo|HD 135502|HR 5676|HIP 74596	228.62149	29.1643	74.812	m	5.279	0.909	A2V	0.066
γ Phe	HD 9053|HR 429|HIP 6867	22.09136	-43.31824	74.844	m	3.613	-0.758	K4/5 III	1.883
ρ Ori	17 Ori|HD 33856|HR 1698|HIP 24331	78.32284	2.86126	75.024	m	4.62	0.244	K0 III	1.456
ρ Phe	HD 4919|HR 242|HIP 3949	12.67161	-50.98681	75.086	m	5.269	0.891	F3 III	0.39
ω UMa	45 UMa|HD 94334|HR 4248|HIP 53295	163.49475	43.18996	75.239	m	4.659	0.277	A1V	-0.03
θ Vol	HD 74405|HR 3460|HIP 42425	129.77151	-70.38675	75.397	m	5.184	0.797	A0 V	0.008
η Pyx	HD 73495|HR 3420|HIP 42334	129.4673	-26.255	75.644	m	5.235	0.841	A0 V	-0.037
μ Lib	7 Lib|HD 130559|HR 5523|HIP 72489	222.32936	-14.14896	75.68	m	5.608	1.213	AP SREUCR	0.044
π2 UMa	4 UMa|HD 73108|HR 3403|HIP 42527	130.05343	64.32794	75.738	m	4.722	0.325	K2III	1.386
ψ Cen	HD 125473|HR 5367|HIP 70090	215.1393	-37.88529	75.743	m	4.029	-0.368	A0 IV	-0.026
ι Oph	25 Oph|HD 152614|HR 6281|HIP 82673	253.50197	10.16536	75.832	m	4.347	-0.052	B8IV	-0.11
υ Ser	31 Ser|HD 141187|HR 5870|HIP 77336	236.82216	14.11536	76.004	m	5.722	1.318	A2V	0.111
ω Ser	34 Ser|HD 141680|HR 5888|HIP 77578	237.57311	2.19651	76.321	m	5.33	0.917	K0 IV	1.181
λ Gru	HD 209688|HR 8411|HIP 109111	331.52869	-39.54335	76.408	m	4.618	0.202	K3 III	1.652
η Crt	30 Crt|HD 103632|HR 4567|HIP 58188	179.00398	-17.15083	76.879	m	5.156	0.727	A0 V	-0.019
ν Mic	HD 195569|HR 7846|HIP 101477	308.47946	-44.51605	77.303	m	5.228	0.787	K0 III	1.154
ρ2 Eri	9 Eri|HD 18953|HR 917|HIP 14168	45.67618	-7.68547	77.559	m	5.442	0.994	K0 III	1.102
υ Gem	69 Gem|HD 60522|HR 2905|HIP 36962	113.98063	26.89575	77.663	m	4.227	-0.224	K5III	1.839
γ Mic	HD 199951|HR 8039|HIP 103738	315.32275	-32.25776	77.959	m	4.752	0.293	G8 III	0.996
ζ Sge	8 Sge|HD 187362|HR 7546|HIP 97496	297.24442	19.14204	78.186	e	5.044	0.578	A3V	0.086
φ Cyg	12 Cyg|HD 185734|HR 7478|HIP 96683	294.84419	30.15332	78.256	m	4.78	0.312	G8III-IV	1.114
κ Lyr	1 Lyr|HD 168775|HR 6872|HIP 89826	274.96546	36.06455	78.341	m	4.446	-0.024	K2III	1.377
π2 Col	HD 42303|HR 2181|HIP 29064	91.97024	-42.15404	78.389	m	5.491	1.02	A0 V	0.004
χ Gem	HD 66216|HR 3149|HIP 39424	120.87952	27.79432	78.447	m	5.064	0.591	K2III	1.333
τ3 Gru	HD 216823|HR 8722|HIP 113307	344.19917	-47.96922	78.663	m	5.743	1.264	A4MA5-F2	0.246
ο Boo	35 Boo|Gl 9493|HD 129972|HR 5502|HIP 72125	221.31025	16.96428	78.856	m	4.71	0.226	K0III	1.108
ι2 Nor	HD 144480|HR 5994|HIP 79153	242.32728	-57.93432	79.173	m	5.565	1.072	B9.5 V	-0.028
ψ Boo	43 Boo|HD 133582|HR 5616|HIP 73745	226.11142	26.94765	79.275	m	4.653	0.157	K2III	1.498
ρ1 Ari	44 Ari|HD 18091|HIP 13579	43.72998	17.73476	79.832	m	7.031	2.52	A3	0.295
τ7 Eri	28 Eri|HD 23878|HR 1181|HIP 17717	56.91522	-23.87468	79.861	m	5.244	0.732	A1 V	0.078
χ Oct	HD 164461|HR 6721|HIP 92824	283.69636	-87.60584	79.927	m	5.426	0.913	K3 III	1.553
ρ Cen	HD 105937|HR 4638|HIP 59449	182.91298	-52.36845	80.198	m	3.918	-0.603	B3 V	-0.159
η Phe	HD 4150|HR 191|HIP 3405	10.8385	-57.46307	80.248	m	4.359	-0.163	A0 IV	-0.007
ν Peg	22 Peg|HD 209747|HR 8413|HIP 109068	331.4198	5.05853	80.399	m	5.018	0.492	K4 III	1.73
φ3 Hya	HD 92214|HR 4171|HIP 52085	159.64563	-16.87657	80.48	m	5.005	0.477	G8 III	1.053
τ Per	18 Per|HD 17879|HR 854|HIP 13531	43.56442	52.76248	80.824	m	4.013	-0.525	G4III...	0.837
χ And	52 And|HD 10072|HR 469|HIP 7719	24.8375	44.38616	80.911	m	5.106	0.566	G8III	1
γ3 Oct	HD 636|HR 30|HIP 814	2.50906	-82.22405	80.949	m	5.399	0.858	K1/2 III	1.216
φ1 Hya	43 Hya|HD 91369|HIP 51614	158.1715	-16.95872	81.095	m	7.684	3.139	G2 V	0.669
ι Phe	HD 221760|HR 8949|HIP 116389	353.76902	-42.61509	81.264	m	4.705	0.156	AP SRCREU	0.098
α Ara	HD 158427|HR 6510|HIP 85792	262.96038	-49.87614	81.967	e	2.793	-1.775	B2 VNE	-0.121
γ1 Oct	HD 223647|HR 9032|HIP 117689	358.02703	-82.01882	82.108	m	5.21	0.638	G6/8 III	1.073
φ Sgr	27 Sgr|HD 173300|HR 7039|HIP 92041	281.41411	-26.99078	82.269	m	3.126	-1.45	B8.5 III	-0.095
π Cep	33 Cep|HD 218658|HR 8819|HIP 114222	346.97434	75.38753	82.333	m	4.609	0.031	G0III	0.965
υ Vir	102 Vir|HD 125454|HR 5366|HIP 70012	214.88534	-2.26552	82.551	m	5.256	0.672	G8/K0 III/IV	1.195
π Phe	HD 224554|HR 9069|HIP 118234	359.73241	-52.74581	82.662	m	5.258	0.671	K0 III	1.314
ν Ari	32 Ari|HD 16432|HR 773|HIP 12332	39.70415	21.96141	82.69	m	5.472	0.885	A7V	0.178
κ Tel	HD 174295|HR 7087|HIP 92646	283.16518	-52.10737	82.855	m	5.28	0.688	G8/K0 III	1.109
θ CMa	14 CMa|HD 50778|HR 2574|HIP 33160	103.54749	-12.03863	82.867	m	4.23	-0.362	K3/4 III	1.71
τ Cnc	72 Cnc|HD 78235|HR 3621|HIP 44818	137.00021	29.65423	83.094	m	5.52	0.922	G8III	1.022
λ Cap	48 Cap|HD 207052|HR 8319|HIP 107517	326.63374	-11.36595	83.158	m	5.566	0.966	A0 V	-0.003
ο CrB	1 CrB|HD 136512|HR 5709|HIP 75049	230.03566	29.61621	83.954	m	5.615	0.995	K0III	1.179
ζ Ari	58 Ari|HD 20150|HR 972|HIP 15110	48.72541	21.04445	84.074	m	4.867	0.244	A0IV	-0.007
π2 Dor	HD 46116|HR 2377|HIP 30565	96.36928	-69.6903	85.061	m	5.478	0.829	G8 III	1.122
η Cir	HD 132905|HR 5593|HIP 73776	226.20077	-64.03135	85.062	m	5.272	0.623	G8 III	1.074
γ Sex	8 Sex|HD 85558|HR 3909|HIP 48437	148.12688	-8.105	85.106	e	5.112	0.462	A0/1 V	0.052
ν Gru	HD 212953|HR 8552|HIP 110936	337.16337	-39.13179	85.146	m	5.579	0.928	G8 III	1.104
ε Col	HD 36597|HR 1862|HIP 25859	82.80314	-35.47052	85.251	m	3.983	-0.671	K1 II/III	1.335
ι Cet	8 Cet|HD 1522|HR 74|HIP 1562	4.85698	-8.82392	85.473	m	3.674	-0.985	K1 II + (K)	1.433
ω2 Aql	29 Aql|HD 181383|HR 7332|HIP 95002	289.97111	11.53497	85.501	m	6.024	1.364	A3V	0.102
α Tel	HD 169467|HR 6897|HIP 90422	276.7434	-45.96847	85.693	m	3.436	-1.229	B3 IV	-0.182
φ1 Lup	HD 136422|HR 5705|HIP 75177	230.45154	-36.26138	85.752	m	3.729	-0.937	K5 III	1.836
ο Peg	43 Peg|HD 214994|HR 8641|HIP 112051	340.43919	29.30763	85.803	m	4.789	0.121	A1IV	-0.014
ο Oph	39 Oph|HD 156350|HR 6425|HIP 84625	259.50251	-24.28421	85.887	m	6.637	1.967	G8/K0 II	0.566
δ Tuc	HD 212581|HR 8540|HIP 110838	336.8332	-64.96636	86.224	m	4.494	-0.184	B9/A0 V	-0.018
ν1 CMa	6 CMa|HD 47138|HR 2423|HIP 31564	99.09521	-18.6599	86.313	m	5.789	1.109	G8/K0 III + F/G	0.957
ν Dor	HD 43107|HR 2221|HIP 29134	92.18443	-68.84341	86.405	m	5.028	0.345	B8 V	-0.066
ψ Cyg	24 Cyg|HD 189037|HR 7619|HIP 98055	298.90747	52.43897	86.546	m	5.032	0.346	A3IV-V	0.122
ρ For	HD 23940|HR 1184|HIP 17738	56.98351	-30.16788	86.71	m	5.624	0.934	G6 III	1.109
ν Tuc	HD 213442|HR 8582|HIP 111310	338.25027	-61.98212	86.75	m	5.127	0.436	M4 III	1.846
φ Tau	52 Tau|HD 27382|HR 1348|HIP 20250	65.0884	27.35075	87.365	m	5.079	0.372	K1III	1.345
κ Oct	HD 117374|HR 5084|HIP 66753	205.23119	-85.78605	87.41	m	5.579	0.871	A2MA5-A8	0.196
ν2 Sgr	35 Sgr|Gl 9637|HD 175190|HR 7120|HIP 92845	283.77974	-22.67131	87.639	m	5.149	0.436	K1 IB/II	1.619
ψ1 Psc	74 Psc|HD 6457|HR 311|HIP 5132	16.42379	21.46546	87.89	m	5.447	0.727	B9V	-0.052
μ Hyi	HD 16522|HR 776|HIP 11757	37.91879	-79.10939	87.973	m	5.383	0.661	G8 III	1.131
ο Oph	39 Oph|HD 156349|HR 6424|HIP 84626	259.50284	-24.2869	88.019	m	5.23	0.507	K:...	1.213
γ Sge	12 Sge|HD 189319|HR 7635|HIP 98337	299.68929	19.49215	88.203	m	3.668	-1.059	K5III	1.906
ω1 Tau	43 Tau|HD 26162|HR 1283|HIP 19388	62.29153	19.60922	88.567	m	5.624	0.888	K 2 III	1.256
π1 Peg	27 Peg|HD 210354|HR 8449|HIP 109352	332.30681	33.17234	88.612	m	5.69	0.953	K0	1.129
π For	HD 12438|HR 594|HIP 9440	30.31134	-30.00183	88.702	m	5.445	0.705	G8 III	0.989
μ Scl	HD 222433|HR 8975|HIP 116820	355.15896	-32.07313	88.702	m	5.41	0.67	K0 III	1.109
ι2 Lib	25 Lib|HD 134967|HR 5656|HIP 74493	228.32995	-19.64756	88.961	m	6.083	1.337	A2 V	0.144
υ Gru	HD 218242|HR 8790|HIP 114132	346.72343	-38.8923	89.088	m	5.697	0.948	A0 V	-0.018
χ Tau	59 Tau|HD 27638|HR 1369|HIP 20430	65.6456	25.62931	89.263	m	5.372	0.619	B9.5V	-0.033
π2 Peg	29 Peg|HD 210459|HR 8454|HIP 109410	332.49685	33.17822	89.294	m	4.325	-0.429	F5II-III	0.504
δ Mic	HD 200718|HR 8070|HIP 104148	316.50478	-30.12512	89.411	m	5.804	1.047	K0/1 III	1.224
θ Vir	51 Vir|HD 114330|HR 4963|HIP 64238	197.48747	-5.53901	89.418	m	4.395	-0.362	A1V	-0.009
ρ Peg	50 Peg|HD 216735|HR 8717|HIP 113186	343.80696	8.81615	89.554	m	4.902	0.142	A1V	0.002
ω2 Sco	10 Sco|HD 144608|HR 5997|HIP 78990	241.85136	-20.86876	89.655	m	4.404	-0.359	G6/8 III	0.952
ε Oct	HD 210967|HR 8481|HIP 110256	335.00697	-80.43975	89.912	m	5.319	0.55	M5 III	1.486
ζ Aps	HD 156277|HR 6417|HIP 84969	260.49782	-67.77067	89.948	m	4.895	0.125	K1 III	1.433
ζ Hyi	HD 17566|HR 837|HIP 12876	41.38598	-67.61662	90.485	m	4.829	0.046	A2 IV/V	0.081
θ Phe	HD 222287|HR 8966|HIP 116737	354.86651	-46.63781	90.716	m	6.525	1.737	A7 III + A/F	0.229
κ Men	HD 40953|HR 2125|HIP 27566	87.56993	-79.36136	90.761	m	5.439	0.65	B9 V	-0.08
δ Oct	HD 124882|HR 5339|HIP 70638	216.73013	-83.66789	91.991	m	4.453	-0.366	K2 III	1.557
δ Psc	63 Psc|HD 4656|HR 224|HIP 3786	12.1706	7.58508	92.101	m	4.594	-0.227	K5III	1.805
σ Her	35 Her|HD 149630|HR 6168|HIP 81126	248.52575	42.43703	92.115	m	4.193	-0.629	B9V	-0.016
θ Crt	21 Crt|HD 100889|HR 4468|HIP 56633	174.17047	-9.80224	92.163	m	4.662	-0.161	B9 V	-0.072
δ Ser	13 Ser|HD 138918|HR 5788|HIP 76276	233.70061	10.53889	92.545	m	4.171	-0.661	F0IV	0.276
κ Lib	43 Lib|HD 139997|HR 5838|HIP 76880	235.48665	-19.67883	92.829	m	4.924	0.086	K5 III	1.867
φ Dra	43 Dra|HD 170000|HR 6920|HIP 89908	275.18924	71.33781	92.85	e	4.21	-0.629	A0P	-0.08
σ3 Cnc	64 Cnc|HD 76813|HR 3575|HIP 44154	134.88606	32.41856	93.04	m	5.321	0.478	G 8 III	1.037
β Cha	HD 106911|HR 4674|HIP 60000	184.58677	-79.31224	93.357	m	4.209	-0.642	B4 V	-0.134
ψ1 Psc	74 Psc|HD 6456|HR 310|HIP 5131	16.42067	21.47317	93.382	m	5.271	0.42	B9.5IV	-0.005
η Ara	HD 151249|HR 6229|HIP 82363	252.44648	-59.04138	93.464	m	3.932	-0.921	K5 III	1.878
κ Cap	43 Cap|HD 206453|HR 8288|HIP 107188	325.66462	-18.86632	93.466	m	4.823	-0.03	G8 III	0.986
η Cen	HD 127973|HR 5440|HIP 71352	218.87688	-42.15775	93.721	e	2.306	-2.553	B1.5 VN	-0.182
ψ Sgr	42 Sgr|HD 179950|HR 7292|HIP 94643	288.88511	-25.25668	93.755	m	4.924	0.064	K0/1 III + A/F	0.608
ι Tuc	HD 6793|HR 332|HIP 5268	16.82776	-61.77529	93.758	m	5.439	0.579	G5 III	0.989
ρ2 Sgr	45 Sgr|HD 181645|HR 7344|HIP 95188	290.46207	-18.30839	94.161	m	5.963	1.094	K0 III	1.236
τ4 Eri	16 Eri|HD 20720|HR 1003|HIP 15474	49.87917	-21.75787	94.204	m	3.91	-0.96	M3/4 III	1.877
ρ Per	25 Per|HD 19058|HR 921|HIP 14354	46.29414	38.84027	94.34	e	3.539	-1.334	M3III	1.833
ε Crv	2 Crv|HD 105707|HR 4630|HIP 59316	182.53119	-22.61977	94.354	m	3.138	-1.736	K2III	1.594
ω Per	28 Per|HD 19656|HR 947|HIP 14817	47.82242	39.61159	94.822	m	4.732	-0.153	K0III	1.312
β Hya	HD 103192|HR 4552|HIP 57936	178.2272	-33.90809	94.967	e	4.345	-0.543	AP SI	-0.104
κ2 Sgr	HD 193807|HR 7787|HIP 100591	305.97156	-42.42285	95.511	e	5.668	0.768	A5 V	0.213
π Per	22 Per|HD 18411|HR 879|HIP 13879	44.6903	39.66273	95.751	m	4.69	-0.216	A0V	0.075
ρ Hya	13 Hya|HD 75137|HR 3492|HIP 43234	132.10821	5.83781	95.757	m	4.332	-0.574	A0V	-0.027
ρ1 Eri	8 Eri|HD 18784|HR 907|HIP 14060	45.29177	-7.663	95.954	m	5.867	0.957	K0 III	1.229
ξ1 Cet	65 Cet|HD 13611|HR 649|HIP 10324	33.24999	8.84673	95.984	m	4.453	-0.458	G8II	1.011
γ Sct	HD 170296|HR 6930|HIP 90595	277.29939	-14.56581	96.505	m	4.684	-0.239	A1 IV/V	0.078
χ Vir	26 Vir|HD 110014|HR 4813|HIP 61740	189.81153	-7.99556	96.594	m	4.783	-0.142	K2 III	1.469
α Mus	HD 109668|HR 4798|HIP 61585	189.29599	-69.13561	96.712	e	2.622	-2.305	B2 IV	-0.183
π1 Boo	29 Boo|HD 129174|HR 5475|HIP 71762	220.18153	16.41834	96.752	m	4.877	-0.051	B9P	-0.107
β Crt	11 Crt|Gl 416.1|HD 97277|HR 4343|HIP 54682	167.91453	-22.82585	97.047	m	4.452	-0.483	A1V	0.034
υ Cet	59 Cet|HD 12274|HR 585|HIP 9347	30.00129	-21.07783	97.347	m	4.167	-0.775	K5/M0 III	1.875
η Cnc	33 Cnc|HD 72292|HR 3366|HIP 41909	128.17707	20.44116	97.485	m	5.467	0.522	K3III	1.487
β Mus	HD 110879|HR 4844|HIP 62322	191.57019	-68.10812	97.647	m	3.518	-1.43	B2V	-0.19
τ2 Lup	HD 126354|HR 5396|HIP 70576	216.54505	-45.37927	97.847	e	4.401	-0.552	F7	0.442
η CMi	5 CMi|HD 58923|HR 2851|HIP 36265	112.00864	6.94197	97.875	m	5.255	0.302	F 0 III	0.245
μ For	Gl 89|HD 13709|HR 652|HIP 10320	33.22696	-30.72383	97.884	m	5.257	0.303	A0 V	-0.014
σ For	HD 23738|HR 1171|HIP 17618	56.61429	-29.33816	98.119	m	5.92	0.961	A2 V	0.13
τ5 Eri	19 Eri|HD 22203|HR 1088|HIP 16611	53.44698	-21.63288	98.123	m	4.233	-0.726	B9V	-0.106
φ Phe	HD 11753|HR 558|HIP 8882	28.59181	-42.49695	98.184	m	5.1	0.14	A3 V	-0.056
κ Cep	1 Cep|HD 192907|HR 7750|HIP 99255	302.22229	77.71142	98.244	m	4.391	-0.571	B9III	-0.055
γ2 Oct	HD 224362|HR 9061|HIP 118114	359.38695	-82.1698	98.26	m	5.842	0.88	K0 III	1.237
η Cha	HD 75416|HR 3502|HIP 42637	130.33131	-78.96336	98.349	m	5.437	0.473	B8 V	-0.108
ρ UMa	8 UMa|HD 76827|HR 3576|HIP 44390	135.63622	67.62962	98.369	m	4.942	-0.022	M 3 III-IIIB	1.818
β Equ	10 Equ|HD 203562|HR 8178|HIP 105570	320.72339	6.81114	98.378	m	5.156	0.192	A 3 V	0.074
θ PsA	10 PsA|HD 207155|HR 8326|HIP 107608	326.93395	-30.8983	98.425	e	5.022	0.056	A1 V	0.052
β Hor	HD 18866|HR 909|HIP 13884	44.69915	-64.07129	98.457	m	4.986	0.02	A3/5 III(M)	0.145
υ Psc	90 Psc|HD 7964|HR 383|HIP 6193	19.86664	27.26406	98.52	m	4.753	-0.215	A2V	0.051
ξ Col	HD 40176|HR 2087|HIP 28010	88.87465	-37.12066	98.593	m	5.083	0.114	K1 IIICNII	1.283
σ Pav	HD 197635|HR 7934|HIP 102773	312.32572	-68.77652	98.764	m	5.534	0.561	K0 III	1.333
ψ4 Aur	55 Aur|HD 47914|HR 2459|HIP 32173	100.77071	44.52445	98.926	m	5.207	0.23	K5III	1.784
π Tuc	HD 1685|HR 83|HIP 1647	5.16266	-69.62491	99.16	m	5.491	0.509	B9 V	-0.051
τ2 Aqr	71 Aqr|HD 216032|HR 8679|HIP 112716	342.39792	-13.59263	99.829	m	4.211	-0.785	K5 III	1.883
δ1 Gru	HD 213009|HR 8556|HIP 110997	337.31739	-43.49556	100.02	m	4.077	-0.923	G6/8 III	1.189
ε Mus	HD 106849|HR 4671|HIP 59929	184.39283	-67.96074	100.09	m	4.332	-0.67	M4 III	1.727
ζ2 Mus	HD 107566|HR 4703|HIP 60320	185.53061	-67.52211	100.1	m	5.17	0.168	A5 V	0.198
ι Ret	HD 25728|HR 1266|HIP 18772	60.32563	-61.07882	100.16	m	5.12	0.117	K4 III	1.688
τ9 Eri	36 Eri|HD 25267|HR 1240|HIP 18673	59.98118	-24.01621	100.26	m	4.602	-0.404	Ap Si	-0.128
τ8 Eri	33 Eri|HD 24587|HR 1213|HIP 18216	58.42793	-24.61222	100.42	m	4.603	-0.406	B5 V	-0.137
υ2 Hya	40 Hya|HD 87504|HR 3970|HIP 49402	151.28112	-13.06463	100.5	m	4.574	-0.437	B8 V	-0.093
ρ Her	75 Her|HD 157779|HR 6484|HIP 85112	260.92062	37.14595	100.51	m	4.504	-0.507	B9.5III	-0.033
ω Oct	HD 131596|HR 5557|HIP 74296	227.78674	-84.78782	100.6	m	5.861	0.848	B9.5 V	-0.029
π Vir	8 Vir|HD 104321|HR 4589|HIP 58590	180.21829	6.61433	100.88	m	4.658	-0.361	A3V	0.132
ξ1 Lib	13 Lib|HD 131530|HR 5554|HIP 72934	223.5953	-11.89835	101.35	m	5.896	0.867	K0 III	1.129
ε UMi	22 UMi|HD 153751|HR 6322|HIP 82080	251.4927	82.03725	101.38	m	4.312	-0.718	G5III	1.023
λ2 Scl	HD 4211|HR 195|HIP 3456	11.05041	-38.42169	101.49	m	6.032	1	K1 III	1.356
ν Vir	3 Vir|HD 102212|HR 4517|HIP 57380	176.46484	6.52938	101.58	m	4.209	-0.825	M0III	1.794
τ2 Ari	63 Ari|HD 20893|HR 1015|HIP 15737	50.68851	20.74207	102.42	m	5.217	0.165	K3III	1.472
φ4 Cet	23 Cet|HD 5722|HR 279|HIP 4587	14.68278	-11.37998	102.56	m	5.719	0.664	G8 III	1.093
ψ Phe	HD 11695|HR 555|HIP 8837	28.41143	-46.30267	102.57	m	4.598	-0.457	M4 III	1.822
μ1 Oct	HD 196051|HR 7863|HIP 102162	310.51244	-76.18059	102.67	m	6.03	0.973	F6 II/III	0.486
μ Lup	HD 135734|HR 5683|HIP 74911	229.63329	-47.8752	102.88	e	4.928	-0.134	B8 V	-0.115
ξ Men	HD 34172|HR 1716|HIP 23148	74.71236	-82.47051	103.02	m	5.932	0.867	G8/K0 III	1.076
γ2 Cae	HD 32846|HR 1653|HIP 23596	76.10898	-35.70511	103.07	m	6.351	1.285	F2 IV/V	0.318
ι Cnc	48 Cnc|HD 74738|HR 3474|HIP 43100	131.66657	28.76506	103.39	m	5.989	0.917	G8II	0.367
χ3 For	HD 21635|HR 1058|HIP 16156	52.04804	-35.85342	103.58	m	6.543	1.467	A1 V	0.122
χ1 Sgr	47 Sgr|HD 182369|HR 7362|HIP 95477	291.31868	-24.50858	103.65	m	5.038	-0.04	A3/5 IV/V	0.252
χ1 For	HD 21423|HR 1042|HIP 15987	51.48267	-35.92089	104	m	6.396	1.311	A1 IV	0.095
θ Ant	Gl 366.1A|HD 84367|HR 3871|HIP 47758	146.0504	-27.76947	104.06	e	4.848	-0.238	A7 V + G8 III	0.553
ψ7 Aur	58 Aur|HD 49520|HR 2516|HIP 32844	102.69143	41.78123	104.09	m	5.118	0.031	K3III	1.504
ζ1 Ant	HD 82384|HR 3780|HIP 46657	142.69206	-31.88922	104.46	m	6.15	1.055	A1 V	0.033
ι Scl	HD 1737|HR 84|HIP 1708	5.37999	-28.98147	104.47	m	5.278	0.183	K0 III	1.157
ο Dra	47 Dra|HD 175306|HR 7125|HIP 92512	282.80041	59.38835	104.48	m	4.765	-0.33	K0II-III	1.364
η1 Dor	HD 42525|HR 2194|HIP 28909	91.5391	-66.03962	104.75	m	5.688	0.587	A0 V	-0.007
ζ Crt	27 Crt|HD 102070|HR 4514|HIP 57283	176.19074	-18.35068	105.14	m	4.813	-0.296	G8 III	1.117
σ Per	35 Per|HD 21552|HR 1052|HIP 16335	52.64369	47.99521	105.2	m	4.492	-0.618	K1III	1.639
υ Oct	HD 211539|HR 8505|HIP 111196	337.9063	-85.96725	105.22	m	5.867	0.757	K0 III	1.201
π1 Col	HD 42078|HR 2171|HIP 28957	91.671	-42.2988	105.45	m	6.184	1.069	A2MA5-A9	0.259
λ Col	HD 39764|HR 2056|HIP 27810	88.27867	-33.80136	105.64	m	4.845	-0.274	B5 V	-0.158
ν Hyi	HD 18293|HR 872|HIP 13244	42.61858	-75.06695	105.74	m	4.895	-0.226	K3 III	1.593
φ2 Cnc	23 Cnc|HD 71151|HR 3310|HIP 41404	126.69612	26.93549	105.79	m	6.163	1.041	A3V+...	0.226
θ TrA	HD 148890|HR 6151|HIP 81252	248.93674	-65.4954	105.8	m	5.605	0.483	G8/K0 III	1.09
δ Sex	29 Sex|HD 90882|HR 4116|HIP 51362	157.36959	-2.73908	106.2	m	5.172	0.041	B9 V	-0.053
χ Peg	89 Peg|HD 1013|HR 45|HIP 1168	3.65068	20.2067	106.32	m	4.983	-0.15	M2III	1.857
ν For	HD 12767|HR 612|HIP 9677	31.12266	-29.29682	106.34	m	4.659	-0.475	B9.5P (SI)	-0.166
δ1 Cha	HD 93779|HR 4231|HIP 52595	161.31856	-80.46959	106.84	e	5.684	0.54	K0 III	1.115
λ Nor	HD 146667|HR 6071|HIP 79963	244.82353	-42.67397	106.95	e	5.453	0.307	A3 V	0.111
ο Her	103 Her|HD 166014|HR 6779|HIP 88794	271.88563	28.76249	106.97	m	3.823	-1.323	B9V	-0.024
ρ Lup	HD 128345|HR 5453|HIP 71536	219.47178	-49.42583	106.97	m	4.007	-1.139	B3/4 V	-0.158
μ1 Gru	HD 211088|HR 8486|HIP 109908	333.90383	-41.34669	107.14	m	4.887	-0.263	G8 III + G	0.901
ι Lup	HD 125238|HR 5354|HIP 69996	214.85091	-46.0581	107.2	m	3.5	-1.651	B2.5 IV	-0.194
μ Psc	98 Psc|HD 9138|HR 434|HIP 7007	22.54631	6.14382	107.31	m	4.995	-0.158	K4III	1.633
δ Lib	19 Lib|HD 132742|HR 5586|HIP 73473	225.24312	-8.51894	107.73	m	4.963	-0.199	A0 V	0.02
ρ2 Ari	45 Ari|HD 18191|HR 867|HIP 13654	43.95208	18.33164	107.76	e	5.951	0.789	M6III	1.465
ι Oct	HD 111482|HR 4870|HIP 63031	193.74456	-85.12339	107.87	e	5.631	0.466	K0 III	1.166
ζ Cru	HD 106983|HR 4679|HIP 60009	184.60935	-64.00307	108.22	m	4.011	-1.161	B2/3 V	-0.184
ν Lep	7 Lep|HD 34863|HR 1757|HIP 24873	79.99593	-12.3156	108.43	m	5.266	0.09	B7/8 V	-0.123
κ Hyi	HD 15248|HR 715|HIP 11095	35.71795	-73.64579	108.54	m	6.109	0.931	K1 III	1.282
λ Pic	HD 30185|HR 1516|HIP 21914	70.69343	-50.48133	108.57	m	5.406	0.227	K0/1 III	1.125
ε Tuc	HD 224686|HR 9076|HIP 118322	359.97908	-65.57713	108.87	m	4.473	-0.712	B8/9 V	-0.085
δ2 Gru	HD 213080|HR 8560|HIP 111043	337.43932	-43.74922	109.22	m	4.33	-0.862	M3 III	1.832
ν Cas	25 Cas|HD 4636|HR 223|HIP 3801	12.20838	50.96817	109.25	m	4.875	-0.317	B9III	-0.108
τ1 Aqr	69 Aqr|HD 215766|HR 8673|HIP 112542	341.92821	-14.05643	109.5	m	5.676	0.479	B9 V	-0.03
ζ1 Mus	HD 107567|HR 4704|HIP 60329	185.55013	-68.30732	109.61	m	5.839	0.64	K0 III	1.21
η Oct	HD 96124|HR 4312|HIP 53702	164.80736	-84.59389	109.73	m	6.199	0.997	A1 V	0.116
ε Tri	3 Tri|HD 12471|HR 599|HIP 9570	30.74148	33.28414	109.83	m	5.52	0.316	A2III	0.042
τ3 Ser	15 Ser|HD 139074|HR 5795|HIP 76337	233.88846	17.65556	109.87	m	6.221	1.017	K0	1.126
ζ UMi	16 UMi|HD 142105|HR 5903|HIP 77055	236.01449	77.79449	110.1	m	4.279	-0.93	A3Vn	0.053
υ1 Cas	26 Cas|HD 5234|HR 253|HIP 4292	13.75065	58.97269	110.35	m	4.957	-0.257	K2III	1.442
ε Ari	48 Ari|HD 18519|HR 887|HIP 13914	44.80296	21.34031	110.75	m	5.169	-0.053	A 2 VS	0.058
ε Cha	HD 104174|HR 4583|HIP 58484	179.90651	-78.22185	110.86	e	4.908	-0.316	B9 V(N)	-0.049
τ8 Ser	26 Ser|HD 140729|HR 5858|HIP 77111	236.17555	17.26423	111.55	m	6.136	0.899	A0V	0.01
ν Psc	106 Psc|HD 10380|HR 489|HIP 7884	25.35789	5.48761	112.01	m	4.587	-0.659	K2/3 III	1.625
γ1 For	HD 17713|HR 844|HIP 13197	42.46234	-24.56031	112.15	m	6.266	1.017	K0 III	1.26
α Ant	HD 90610|HR 4104|HIP 51172	156.78792	-31.06778	112.27	m	4.424	-0.827	K4 III	1.753
θ Nor	HD 145842|HR 6045|HIP 79653	243.81381	-47.37203	112.3	m	5.105	-0.147	B8 V	-0.125
η1 CrA	HD 173715|HR 7062|HIP 92308	282.21037	-43.68004	112.42	m	5.472	0.218	A3 V	0.132
τ Lib	40 Lib|HD 139365|HR 5812|HIP 76600	234.66405	-29.77775	112.49	e	3.616	-1.639	B2.5V	-0.178
β Sex	30 Sex|HD 90994|HR 4119|HIP 51437	157.57284	-0.63703	112.49	m	5.039	-0.217	B5 IV/V	-0.149
η Pav	HD 160635|HR 6582|HIP 86929	266.43328	-64.72388	112.8	m	3.714	-1.548	K2 II	1.397
ε1 Ara	HD 152980|HR 6295|HIP 83153	254.89603	-53.16044	112.97	m	4.218	-1.047	K3 III	1.721
κ2 Cet	97 Cet|HD 20791|HR 1007|HIP 15619	50.27835	3.67562	113.37	m	5.787	0.515	G8 III	1.115
ζ2 Ant	HD 82513|HR 3789|HIP 46734	142.884	-31.87183	113.51	m	5.933	0.658	A9 IV	0.288
ι1 Cyg	7 Cyg|HD 183534|HR 7408|HIP 95656	291.85816	52.32044	113.79	m	5.719	0.438	A 0 V	0.021
λ Cru	HD 112078|HR 4897|HIP 63007	193.66326	-59.1467	113.99	m	4.578	-0.706	B3/5 VNN	-0.165
δ2 Cha	HD 93845|HR 4234|HIP 52633	161.44585	-80.54019	114.58	m	4.404	-0.892	B3 V	-0.196
η Mus	HD 114911|HR 4993|HIP 64661	198.81226	-67.89459	114.68	m	4.765	-0.533	B7 V	-0.098
υ Her	6 Her|HD 144206|HR 5982|HIP 78592	240.69957	46.0367	114.69	m	4.694	-0.604	B9P	-0.098
τ1 Hyi	HD 10859|HR 516|HIP 7879	25.33953	-79.1482	115.47	m	6.456	1.144	G6/8 III	1.104
υ Dra	52 Dra|HD 176524|HR 7180|HIP 92782	283.59941	71.29719	115.47	m	4.942	-0.37	K0III	1.348
ι Tel	HD 184127|HR 7424|HIP 96341	293.80411	-48.0992	115.55	m	5.001	-0.313	K0 III	1.284
λ Cas	14 Cas|HD 2772|HR 123|HIP 2505	7.94308	54.52229	115.74	e	4.756	-0.561	B8Vn	-0.104
γ Mus	HD 109026|HR 4773|HIP 61199	188.11673	-72.13299	116.26	m	3.804	-1.523	B5 V	-0.163
λ Peg	47 Peg|Gl 4295|HD 215665|HR 8667|HIP 112440	341.63281	23.56565	116.3	m	4.068	-1.26	G8II-III	1.257
ι1 Lib	24 Lib|HD 134759|HR 5652|HIP 74392	228.05538	-19.79171	116.41	e	4.529	-0.801	Asp...	-0.09
χ Phe	HD 12524|HR 602|HIP 9459	30.42657	-44.71351	117.08	m	5.313	-0.029	K5 III	1.775
σ Ara	1 Ara|HD 159217|HR 6537|HIP 86092	263.91497	-46.50568	117.25	m	4.561	-0.785	A0 V	-0.032
ω Boo	41 Boo|HD 133124|HR 5600|HIP 73568	225.52712	25.00814	117.27	m	4.965	-0.381	K4III	1.824
β Lup	HD 132058|HR 5571|HIP 73273	224.63302	-43.13396	117.37	e	2.603	-2.745	B2 IV	-0.189
λ1 For	HD 15975|HR 744|HIP 11867	38.27928	-34.64997	117.48	m	6.009	0.659	K0/1 III	1.257
κ Cen	HD 132200|HR 5576|HIP 73334	224.79035	-42.1042	117.51	e	3.078	-2.272	B2 IV	-0.199
ζ Crv	5 Crv|HD 107348|HR 4696|HIP 60189	185.1402	-22.2159	117.94	m	5.173	-0.185	B8V	-0.097
θ Men	HD 54239|HR 2689|HIP 33384	104.14364	-79.42019	118.16	m	5.454	0.092	B9.5/A0 III/IV	0.047
β Pyx	HD 74006|HR 3438|HIP 42515	130.02559	-35.30835	118.21	m	4.057	-1.306	G5 II/III	1.065
μ CrA	HD 173540|HR 7050|HIP 92226	281.93591	-40.40616	118.28	m	5.303	-0.062	G5/6 III	0.864
σ Psc	69 Psc|HD 6118|HR 291|HIP 4889	15.70457	31.80426	118.29	m	5.486	0.121	B9V	-0.048
η Vol	HD 71576|HR 3334|HIP 41003	125.51858	-73.39999	118.61	m	5.279	-0.092	A0/1 IV/V	0.011
π1 Oct	HD 130650|HR 5525|HIP 73540	225.46168	-83.22765	118.78	m	5.748	0.374	G8/K0 III	1.114
ξ2 Sgr	37 Sgr|HD 175775|HR 7150|HIP 93085	284.4325	-21.10665	118.92	m	3.636	-1.74	G8/K0 II/III	1.406
π Cet	89 Cet|HD 17081|HR 811|HIP 12770	41.03062	-13.85871	119.02	m	4.216	-1.162	B7 IV	-0.133
θ Aps	HD 122250|HR 5261|HIP 68815	211.33283	-76.79676	119.32	m	5.791	0.407	M7 III	1.461
θ2 Mic	HD 203585|HR 8180|HIP 105696	321.1034	-41.00672	119.76	e	5.767	0.375	AP SI	-0.053
η Ret	HD 28093|HR 1395|HIP 20384	65.47219	-63.38639	119.94	m	5.341	-0.054	G8 III	1.099
τ Gem	46 Gem|HD 54719|HR 2697|HIP 34693	107.78487	30.24516	120.1	m	4.533	-0.865	K2III	1.514
ω Car	HD 89080|HR 4037|HIP 50099	153.43424	-70.0379	120.51	m	3.271	-2.134	B8 III	-0.075
λ1 Scl	HD 4065|HR 185|HIP 3356	10.67874	-38.46342	120.64	m	6.11	0.702	B9.5 V	-0.012
ζ Men	HD 50506|HR 2559|HIP 31897	100.01204	-80.81359	120.73	m	5.631	0.222	A3/5 III	0.215
λ Cen	HD 100841|HR 4467|HIP 56561	173.94534	-63.01984	120.82	m	3.092	-2.319	B9 III	-0.037
υ Lup	HD 136933|HR 5719|HIP 75439	231.18753	-39.71026	120.87	m	5.351	-0.061	AP SI LAM4200	-0.108
μ2 Cru	HD 112091|HR 4899|HIP 63005	193.65372	-57.16868	120.97	m	4.951	-0.462	B5 VNE	-0.115
ω1 Aql	25 Aql|HD 180868|HR 7315|HIP 94834	289.45416	11.59542	120.98	m	5.307	-0.107	F 0 IV	0.199
α Mic	HD 198232|HR 7965|HIP 102831	312.49203	-33.77972	121.2	m	4.999	-0.419	G8 III	1.141
ο Aur	27 Aur|HD 38104|HR 1971|HIP 27196	86.47517	49.82628	122.14	m	5.464	0.03	A0P	0.045
φ Psc	85 Psc|HD 7318|HR 360|HIP 5742	18.43728	24.58371	122.24	m	4.786	-0.65	K0II-III	1.216
ε Crt	14 Crt|HD 99167|HR 4402|HIP 55687	171.15246	-10.85932	122.28	m	4.986	-0.451	K5 III	1.844
ψ2 Aqr	93 Aqr|HD 219688|HR 8858|HIP 115033	349.4759	-9.18251	123.15	e	4.373	-1.079	B5Vn	-0.16
μ1 Cha	HD 87971|HR 3983|HIP 49065	150.18246	-82.21467	123.52	m	5.525	0.066	A0 IV	0.052
ψ2 Aur	50 Aur|HD 47174|HR 2427|HIP 31832	99.83262	42.48888	123.57	m	4.931	-0.529	K3II-III	1.456
ν Cet	78 Cet|HD 16161|HR 754|HIP 12093	38.96863	5.59324	123.6	m	4.968	-0.492	G5III	0.992
ρ Ser	38 Ser|HD 141992|HR 5899|HIP 77661	237.81629	20.97792	123.8	m	4.914	-0.55	K5III	1.824
ο Lup	HD 130807|HR 5528|HIP 72683	222.90959	-43.57536	123.92	e	4.289	-1.177	B5 IV	-0.163
χ Psc	84 Psc|HD 7087|HR 351|HIP 5571	17.86342	21.03465	124.1	m	4.771	-0.698	G8III	1.184
ε Tel	HD 166063|HR 6783|HIP 89112	272.80733	-45.95442	124.37	m	4.62	-0.854	K0 III	1.168
π Tau	73 Tau|HD 28100|HR 1396|HIP 20732	66.65155	14.71379	124.37	m	4.794	-0.68	G8III	1.123
ξ2 CMa	5 CMa|HD 46933|HR 2414|HIP 31416	98.76411	-22.96479	124.47	m	4.517	-0.958	A0III	-0.027
λ Oct	HD 206240|HR 8280|HIP 107843	327.72713	-82.71891	124.66	m	5.563	0.084	G8/K0 III	1.048
μ1 Cru	HD 112092|HR 4898|HIP 63003	193.64844	-57.17792	124.76	m	3.938	-1.542	B2 IV-V	-0.194
ψ6 Aur	57 Aur|HD 48781|HR 2487|HIP 32562	101.91491	48.78947	124.81	m	5.341	-0.14	K1III	1.316
ω Phe	HD 6192|HR 295|HIP 4829	15.50758	-57.00239	124.9	m	6.203	0.72	G8/K0 III	1.061
κ Gru	HD 217902|HR 8774|HIP 113957	346.16512	-53.96491	125.57	m	5.536	0.042	K5 III	1.762
ν Cyg	58 Cyg|HD 199629|HR 8028|HIP 103413	314.29342	41.16716	125.68	m	3.932	-1.564	A0V	0.018
ζ PsA	HD 213296|HR 8570|HIP 111138	337.72406	-26.07375	125.85	m	6.552	1.053	K1 III	1.277
σ Cen	HD 108483|HR 4743|HIP 60823	187.00992	-50.23064	126.18	m	3.864	-1.641	B2 V	-0.211
κ2 Vol	HD 71066|HR 3302|HIP 40834	125.00221	-71.50539	126.52	m	5.59	0.079	B9/A0 IV	-0.119
δ Mon	22 Mon|HD 55185|HR 2714|HIP 34769	107.96608	-0.49277	126.96	m	4.136	-1.382	A0 IV	-0.002
ψ3 Psc	81 Psc|HD 6903|HR 339|HIP 5454	17.455	19.6584	128.08	m	5.642	0.105	G 0 III	0.783
γ Lup	HD 138690|HR 5776|HIP 76297	233.78503	-41.16678	129.03	e	2.954	-2.599	B2 IV	-0.199
ψ2 Lup	4 Lup|HD 140008|HR 5839|HIP 76945	235.67092	-34.7104	129.05	m	4.698	-0.856	B5 V	-0.158
μ Ind	HD 200365|HR 8055|HIP 104085	316.30937	-54.72704	129.47	m	5.298	-0.263	K2 III	1.42
η2 For	HD 17793|HR 848|HIP 13225	42.5616	-35.84364	130.3	m	6.024	0.449	K0 III	1.045
α Sex	15 Sex|HD 87887|HR 3981|HIP 49641	151.98453	-0.37165	130.58	m	4.473	-1.106	A0 III	-0.03
θ Car	HD 93030|HR 4199|HIP 52419	160.73924	-64.39445	130.94	m	2.67	-2.915	B0Vp	-0.213
ε Cen	HD 118716|HR 5132|HIP 66657	204.97197	-53.46636	131.06	e	2.247	-3.34	B1 III	-0.196
υ1 Cen	HD 121790|HR 5249|HIP 68282	209.66978	-44.80359	131.06	e	3.811	-1.776	B2 IV/V	-0.221
ξ Gru	HD 204783|HR 8229|HIP 106327	323.02449	-41.17931	131.42	m	5.41	-0.183	K0 III	1.298
η Lup	HD 143118|HR 5948|HIP 78384	240.03053	-38.3967	131.68	m	3.367	-2.231	B2.5 IV	-0.233
κ Ara	HD 157457|HR 6468|HIP 85312	261.50018	-50.63351	131.82	m	5.309	-0.291	G8 III	1.212
ε Cir	HD 135291|HR 5666|HIP 74837	229.41205	-63.61047	131.91	m	4.99	-0.611	K2 III	1.482
μ Ari	34 Ari|HD 16811|HR 793|HIP 12640	40.59142	20.01146	132.1	m	5.729	0.125	A0IV-V	-0.019
μ Lyr	2 Lyr|HD 169702|HR 6903|HIP 90191	276.05744	39.50724	132.23	m	5.111	-0.496	A3III	0.05
θ Cnc	31 Cnc|HD 72094|HR 3357|HIP 41822	127.89887	18.09442	132.32	m	5.527	-0.081	K5III	1.888
φ1 Cnc	22 Cnc|HD 71093|HR 3304|HIP 41377	126.61543	27.89358	132.33	m	5.737	0.129	K5III	1.678
ω2 Cnc	4 Cnc|HD 65856|HR 3132|HIP 39263	120.43232	25.08947	132.57	m	6.301	0.689	A1V	0.04
λ Per	47 Per|HD 25642|HR 1261|HIP 19167	61.64598	50.35124	132.87	m	4.263	-1.354	B9V	-0.011
ρ Dra	67 Dra|HD 190940|HR 7685|HIP 98702	300.70446	67.87356	133.24	m	4.653	-0.97	K3III	1.594
θ Oph	42 Oph|HD 157056|HR 6453|HIP 84970	260.50241	-24.99955	133.69	e	3.212	-2.418	B2IV	-0.203
ι Ari	8 Ari|HD 11909|HR 563|HIP 9110	29.33773	17.81753	134.63	m	5.206	-0.44	K1P	1.043
δ Men	HD 28525|HR 1426|HIP 20049	64.49697	-80.21403	134.9	m	5.772	0.122	K2/3 III + A	0.943
ζ Oph	13 Oph|HD 149757|HR 6175|HIP 81377	249.28974	-10.56709	134.97	m	2.546	-3.105	O9.5V	0.029
λ CMa	HD 45813|HR 2361|HIP 30788	97.04253	-32.58007	134.99	m	4.436	-1.216	B4 V	-0.184
η Col	HD 40808|HR 2120|HIP 28328	89.78669	-42.81513	135.1	m	4.057	-1.596	G8/K1 II	1.349
κ1 Vol	HD 71046|HR 3301|HIP 40817	124.95401	-71.51491	135.17	m	5.306	-0.348	B9 III/IV	-0.076
ν2 Boo	53 Boo|HD 138629|HR 5774|HIP 76041	232.94574	40.89934	135.33	m	4.992	-0.665	A 3 V	0.113
λ Lib	45 Lib|HD 142096|HR 5902|HIP 77811	238.33357	-20.16704	135.35	m	5.022	-0.635	B3V	-0.029
β Sge	6 Sge|HD 185958|HR 7488|HIP 96837	295.26224	17.47604	135.57	m	4.488	-1.173	G8II	1.21
ζ Cap	34 Cap|HD 204075|HR 8204|HIP 105881	321.66678	-22.41133	135.66	m	3.841	-1.821	G4Ibp...	1.15
ν Pav	HD 169978|HR 6916|HIP 90797	277.84344	-62.27831	135.71	m	4.593	-1.07	B7/8 III	-0.115
θ Lup	HD 144294|HR 5987|HIP 78918	241.6481	-36.80228	135.71	m	4.172	-1.491	B2.5 VN	-0.193
γ Cha	HD 92305|HR 4174|HIP 51839	158.86711	-78.60779	136.03	m	4.277	-1.391	K5 III	1.909
η2 Pic	HD 33042|HR 1663|HIP 23649	76.24172	-49.57784	136.48	m	5.221	-0.454	K5 III	1.811
μ Cen	HD 120324|HR 5193|HIP 67472	207.40412	-42.47373	136.48	m	3.415	-2.26	B2 IV/VNE	-0.201
λ Cet	91 Cet|HD 18604|HR 896|HIP 13954	44.92875	8.90737	136.6	m	4.681	-0.996	B6III	-0.114
ν Cnc	69 Cnc|HD 77350|HR 3595|HIP 44405	135.68444	24.45291	137.09	m	5.44	-0.245	B9P	-0.044
χ Sco	17 Sco|HD 145897|HR 6048|HIP 79540	243.46211	-11.83775	137.22	m	5.398	-0.289	K3 III	1.639
γ Cir	HD 136415|HR 5704|HIP 75323	230.84438	-59.32079	137.55	e	4.937	-0.755	B5III + F8	-0.108
ρ Oph	5 Oph|HD 147933|HR 6112|HIP 80473	246.39643	-23.4472	137.72	m	5.067	-0.628	B2/3 V	0.191
ζ Ind	HD 198048|HR 7952|HIP 102790	312.37068	-46.22683	137.94	m	5.061	-0.637	K5 III	1.809
θ Ari	22 Ari|HD 14191|HR 669|HIP 10732	34.5314	19.90116	138.47	m	5.573	-0.134	A1V	0.014
η Gru	HD 215369|HR 8655|HIP 112374	341.40784	-53.50012	138.63	m	4.977	-0.732	K2 IIICNIV	1.378
ε Men	HD 60816|HR 2919|HIP 36039	111.40874	-79.09419	139.13	m	5.667	-0.05	K2/3 III	1.518
ω2 Cyg	46 Cyg|HD 195774|HR 7851|HIP 101243	307.8284	49.22029	139.21	m	5.62	-0.098	M1	1.872
υ PsA	HD 210066|HR 8433|HIP 109289	332.10805	-34.04384	139.4	m	5.149	-0.572	K4 III	1.805
θ Tuc	HD 3112|HR 139|HIP 2629	8.34733	-71.26625	140.01	m	6.141	0.41	A7 IV	0.274
τ6 Ser	19 Ser|HD 140027|HR 5840|HIP 76810	235.24625	16.02459	140.09	m	6.092	0.36	G5III	1.032
φ Cen	HD 121743|HR 5248|HIP 68245	209.56777	-42.10075	140.84	m	3.769	-1.975	B2 V	-0.218
ω1 Sco	9 Sco|HD 144470|HR 5993|HIP 78933	241.70178	-20.66919	140.93	m	3.929	-1.816	B1V	-0.058
κ2 Ind	HD 209529|HR 8409|HIP 109081	331.46257	-59.63607	141	m	5.78	0.034	K4 III	1.76
ο Hya	HD 101431|HR 4494|HIP 56922	175.05329	-34.74466	141.12	m	4.674	-1.074	B9 V	-0.08
ο Vel	HD 74195|HR 3447|HIP 42536	130.07327	-52.92191	141.2	m	3.545	-2.204	B3/5 (V)	-0.173
σ Ari	43 Ari|HD 17769|HR 847|HIP 13327	42.87327	15.08207	141.8	m	5.499	-0.259	B7V	-0.111
ν Leo	27 Leo|HD 86360|HR 3937|HIP 48883	149.55573	12.4448	142.04	m	5.252	-0.51	B9.5V	-0.05
γ Ret	HD 25705|HR 1264|HIP 18744	60.22419	-62.15928	142.36	m	4.7	-1.067	M4 III	1.875
η1 For	HD 17528|HR 835|HIP 13040	41.89063	-35.55062	142.43	m	6.615	0.847	K0/1 III	1.114
κ Dra	5 Dra|HD 109387|HR 4787|HIP 61281	188.37087	69.78824	142.67	m	3.849	-1.923	B6IIIp	-0.131
δ Ant	HD 90972|HR 4118|HIP 51376	157.3974	-30.60706	142.7	m	5.556	-0.216	B9/9.5 V	-0.056
ο Aqr	31 Aqr|HD 209409|HR 8402|HIP 108874	330.82851	-2.15536	142.89	m	4.765	-1.01	B7 IVe	-0.093
κ Hya	38 Hya|HD 83754|HR 3849|HIP 47452	145.07651	-14.33229	142.96	m	5.029	-0.747	B3/5 IV/V	-0.154
λ Men	HD 39810|HR 2062|HIP 27369	86.95056	-72.70225	143.08	m	6.649	0.871	K0 III	1.267
κ Lep	4 Lep|HD 33949|HR 1705|HIP 24327	78.30782	-12.94129	143.21	m	4.434	-1.346	B7 V	-0.107
μ Men	HD 30612|HR 1541|HIP 21949	70.76651	-70.93103	143.47	m	5.492	-0.292	B8 II/III(P SI)	-0.128
κ Nor	HD 145397|HR 6024|HIP 79509	243.3697	-54.63047	143.6	m	5.062	-0.724	G8 III	1.174
φ Peg	81 Peg|HD 223768|HR 9036|HIP 117718	358.12203	19.12029	143.62	m	5.258	-0.528	M0	1.895
θ Ret	HD 27657|HR 1372|HIP 20020	64.4178	-63.25547	143.85	m	6.037	0.248	B9 III/IV	-0.099
π Lup	HD 133242|HR 5605|HIP 73807	226.27983	-47.05118	145.77	m	4.561	-1.257	B5	-0.154
χ2 For	HD 21574|HR 1054|HIP 16112	51.88926	-35.68133	145.86	m	5.848	0.028	K2 III	1.526
μ Mus	HD 102584|HR 4530|HIP 57581	177.06056	-66.81491	145.93	m	4.915	-0.906	K4 III	1.867
π Leo	29 Leo|HD 86663|HR 3950|HIP 49029	150.05336	8.04422	145.96	m	4.859	-0.962	M2III	1.912
ζ Cae	HD 30608|HR 1539|HIP 22280	71.95657	-30.02037	146.03	m	6.467	0.645	K0 III	1.267
τ Oct	HD 219765|HR 8862|HIP 115836	352.01577	-87.48221	147.04	m	5.64	-0.197	K2 III	1.536
ξ2 Cen	HD 113791|HR 4942|HIP 64004	196.72766	-49.90625	147.14	m	4.228	-1.611	B3 V	-0.205
τ For	HD 22789|HR 1114|HIP 17007	54.69864	-27.94305	147.15	m	5.994	0.155	A0 V	-0.032
ν3 CMa	8 CMa|HD 47442|HR 2443|HIP 31700	99.47259	-18.23748	147.33	m	4.564	-1.277	K0 II/III	1.367
π Ind	HD 208149|HR 8362|HIP 108281	329.05856	-57.89959	147.4	m	6.196	0.354	A3MA6-A9	0.236
κ Sco	HD 160578|HR 6580|HIP 86670	265.622	-39.02992	148.15	e	2.357	-3.496	B1.5 III	-0.196
π Aql	52 Aql|HD 187259|HR 7544|HIP 97473	297.17552	11.8158	148.46	m	6.754	0.896	F2	0.06
δ Lup	HD 136298|HR 5695|HIP 75141	230.34302	-40.64751	148.6	m	3.157	-2.703	B1.5 IV	-0.22
ω For	HD 16046|HR 749|HIP 11918	38.46129	-28.23235	148.93	m	4.95	-0.915	B9 V	-0.057
τ Phe	HD 224834|HR 9081|HIP 88	0.26909	-48.80988	149.79	m	5.8	-0.077	G6/8 III	1.054
η3 For	HD 17829|HR 851|HIP 13265	42.66836	-35.67585	150.08	m	5.615	-0.267	K2 III	1.504
ι2 Mus	HD 116579|HR 5051|HIP 65628	201.82707	-74.69176	150.89	m	6.602	0.709	B9 V	-0.069
λ Tel	HD 175510|HR 7134|HIP 93148	284.61569	-52.93863	151.25	m	4.829	-1.069	B9.5 IV/V	-0.054
π2 Hyi	HD 14287|HR 678|HIP 10513	33.86928	-67.74637	151.58	m	5.809	-0.094	K2 III	1.571
ζ3 Lib	34 Lib|HD 138137|HR 5750|HIP 75944	232.66835	-16.60946	152.36	m	5.923	0.009	K0 III	1.224
ι Ind	HD 198308|HR 7968|HIP 102950	312.87521	-51.60818	152.8	m	5.168	-0.753	K1 II/III	1.297
χ Oph	7 Oph|HD 148184|HR 6118|HIP 80569	246.75599	-18.45625	152.9	m	4.281	-1.641	B2Vne	0.226
ι Her	85 Her|HD 160762|HR 6588|HIP 86414	264.86619	46.00633	153.47	m	3.763	-2.167	B3IV	-0.182
β Mic	HD 198529|HR 7979|HIP 102989	312.99484	-33.17797	153.79	m	6.057	0.122	A1 IV	0.026
ψ Crt	HD 97411|HR 4347|HIP 54742	168.12654	-18.49985	153.85	e	6.105	0.17	A0 V	0.005
θ Hyi	HD 19400|HR 939|HIP 14131	45.56436	-71.90246	153.85	m	5.478	-0.458	B8 III/IV	-0.145
κ Cha	HD 104902|HR 4605|HIP 58905	181.19363	-76.51906	154.04	m	5.201	-0.737	K4 III	1.789
χ Cen	HD 122980|HR 5285|HIP 68862	211.51153	-41.17963	154.13	m	4.311	-1.628	B2 V	-0.211
φ2 Lup	HD 136664|HR 5712|HIP 75304	230.78896	-36.85849	154.19	m	4.499	-1.441	B4 V	-0.159
μ Tau	49 Tau|HD 26912|HR 1320|HIP 19860	63.88357	8.89236	155.13	m	4.267	-1.686	B3V	-0.077
φ Aur	24 Aur|HD 35620|HR 1805|HIP 25541	81.91202	34.47589	155.38	m	5.222	-0.735	K2IIIP	1.681
ζ1 CrB	7 CrB|HD 139892|HR 5833|HIP 76669	234.84449	36.63581	155.62	m	4.962	-0.998	B7V+...	-0.115
ψ Peg	84 Peg|HD 224427|HR 9064|HIP 118131	359.43969	25.1414	155.65	m	4.832	-1.129	M3III	1.846
φ UMa	30 UMa|HD 85235|HR 3894|HIP 48402	148.02651	54.06434	156.01	e	4.563	-1.403	A 3 IV	0.055
σ1 UMa	11 UMa|HD 77800|HR 3609|HIP 44857	137.09792	66.87324	156.06	m	5.317	-0.649	K5III	1.824
π Eri	26 Eri|HD 23614|HR 1162|HIP 17593	56.53557	-12.10159	156.39	m	4.613	-1.358	M1 III	1.934
η Hya	7 Hya|HD 74280|HR 3454|HIP 42799	130.80615	3.39866	156.61	m	4.248	-1.726	B3 V	-0.211
χ3 Sgr	49 Sgr|HD 182416|HR 7363|HIP 95503	291.37358	-23.96246	156.79	m	5.599	-0.378	K3 III	1.73
ε Lup	HD 136504|HR 5708|HIP 75264	230.67031	-44.68963	156.99	e	3.337	-2.642	B2 IV/V	-0.195
θ Pic	HD 35860|HR 1818|HIP 25303	81.19286	-52.31625	157.23	e	6.242	0.259	A0 V	0.075
σ Aur	21 Aur|HD 35186|HR 1773|HIP 25292	81.16309	37.38535	157.37	m	5.164	-0.821	K4III	1.721
ξ Oct	HD 215573|HR 8663|HIP 112781	342.59505	-80.12385	157.48	m	5.29	-0.696	B5/7 V	-0.14
τ2 Ser	12 Ser|HD 138527|HR 5770|HIP 76069	233.04031	16.05617	157.64	m	6.211	0.223	B8V	-0.032
χ Cyg	HD 187796|HR 7564|HIP 97629	297.64134	32.91406	159.53	m	8.128	2.114	K0III	1.52
φ3 Cet	22 Cet|HD 5437|HR 267|HIP 4371	14.00621	-11.26652	160.27	m	5.508	-0.516	K5 III	1.832
κ Pyx	HD 78541|HR 3628|HIP 44824	137.01201	-25.85854	160.28	m	4.784	-1.24	K4/5 III	1.892
ξ Scl	HD 6055|HR 288|HIP 4770	15.32615	-38.91653	161.14	m	5.715	-0.321	K1 III	1.402
κ Eri	HD 15371|HR 721|HIP 11407	36.74633	-47.70384	161.15	m	4.208	-1.828	B5 IV	-0.142
π1 Gru	HD 212087|HR 8521|HIP 110478	335.6842	-45.94796	161.66	m	6.41	0.367	S	2.749
τ1 Ari	61 Ari|HD 20756|HR 1005|HIP 15627	50.30677	21.14707	161.85	m	5.34	-0.706	B5VP?	-0.1
θ CrA	HD 170845|HR 6951|HIP 90982	278.37577	-42.31251	162.14	m	4.725	-1.325	G8 III	1.16
χ Aqr	92 Aqr|HD 219576|HR 8850|HIP 114939	349.21225	-7.7265	162.31	m	5.169	-0.883	M2 III	1.834
ω Pav	HD 175329|HR 7127|HIP 93163	284.65187	-60.20055	162.5	m	5.279	-0.775	K2 IIICNIV	1.605
ο Ind	HD 207241|HR 8333|HIP 107835	327.69658	-69.6294	162.71	m	5.667	-0.39	K2/3 III	1.667
λ PsA	16 PsA|HD 210934|HR 8478|HIP 109789	333.57813	-27.76691	163.13	m	5.412	-0.651	B7 V	-0.12
τ Leo	84 Leo|HD 99648|HR 4418|HIP 55945	171.98433	2.85627	163.74	m	5.053	-1.018	G8 III	1.151
ε Aps	HD 124771|HR 5336|HIP 70248	215.59654	-80.10894	164.24	m	5.033	-1.044	B3 V	-0.125
δ Ret	HD 25422|HR 1247|HIP 18597	59.68646	-61.40018	165.61	m	4.74	-1.355	M0 III	1.922
θ Dor	HD 34649|HR 1744|HIP 24372	78.43939	-67.18525	166.15	m	4.948	-1.155	K2/3 IIICNIB/II	1.538
τ Ori	20 Ori|HD 34503|HR 1735|HIP 24674	79.40162	-6.8444	166.26	m	3.556	-2.548	B5 III	-0.118
ζ Cha	HD 83979|HR 3860|HIP 46928	143.47239	-80.94126	166.55	m	5.037	-1.071	B4 IV	-0.152
γ2 For	HD 17729|HR 845|HIP 13202	42.47576	-27.94198	167.29	m	5.378	-0.739	A1 V	0.013
δ Sge	7 Sge|HD 187077|HR 7536|HIP 97365	296.84695	18.53428	167.58	m	3.956	-2.165	M2IB-II+A	1.566
ψ Per	37 Per|HD 22192|HR 1087|HIP 16826	54.12241	48.19263	167.69	m	4.295	-1.827	B5E	-0.062
ε PsA	18 PsA|HD 214748|HR 8628|HIP 111954	340.16393	-27.04362	168.86	m	4.16	-1.978	B8 V	-0.112
λ Dor	HD 36189|HR 1836|HIP 25429	81.58028	-58.91252	168.89	m	5.237	-0.901	G6 III	1.126
η Scl	HD 2429|HR 105|HIP 2210	6.98207	-33.00717	169.54	m	5.062	-1.084	M2/3 III	1.913
ω Cap	18 Cap|HD 198542|HR 7980|HIP 102978	312.95538	-26.91913	169.56	m	4.289	-1.858	K4 III	1.987
β CrA	HD 178345|HR 7259|HIP 94160	287.50732	-39.34079	170.52	m	4.227	-1.932	K0 II/IIICNIB	1.395
μ Eri	57 Eri|HD 30211|HR 1520|HIP 22109	71.37562	-3.25466	172.04	m	3.981	-2.197	B5IV	-0.161
ο1 Ori	4 Ori|HD 30959|HR 1556|HIP 22667	73.13318	14.25064	172.04	m	4.941	-1.237	M3S	2.102
ρ Cet	72 Cet|HD 15130|HR 708|HIP 11345	36.48752	-12.29048	172.25	m	4.862	-1.319	A0 V	-0.023
μ2 Cha	HD 88351|HR 3997|HIP 49326	151.02988	-81.56549	172.44	m	6.713	0.53	G6/8 III	1.058
δ2 Aps	HD 145388|HR 6021|HIP 80057	245.1119	-78.6675	172.56	m	5.411	-0.774	K3 III	1.693
ν And	35 And|HD 4727|HR 226|HIP 3881	12.45353	41.07891	172.81	m	4.496	-1.692	B5V	-0.153
ο Ari	37 Ari|HD 17036|HR 809|HIP 12803	41.13739	15.31186	172.81	m	5.772	-0.416	B9V	-0.025
ζ Ara	Gl 9581|HD 152786|HR 6285|HIP 83081	254.65505	-55.99014	173.24	m	3.276	-2.917	K3 III	1.958
π Pup	HD 56855|HR 2773|HIP 35264	109.28565	-37.09748	173.55	m	2.866	-3.331	K3 IB	1.955
ε Sge	4 Sge|HD 185194|HR 7463|HIP 96516	294.32247	16.4628	174.3	m	5.77	-0.437	G8III	1.161
υ Aur	31 Aur|HD 38944|HR 2011|HIP 27639	87.76016	37.30557	174.34	m	4.917	-1.29	M1	1.941
δ Cen	HD 105435|HR 4621|HIP 59196	182.08963	-50.72243	174.89	m	2.515	-3.699	B2 IVNE	-0.105
ν2 CrB	21 CrB|HD 147767|HR 6108|HIP 80214	245.62174	33.70349	174.94	m	5.576	-0.638	K5III	1.845
κ2 Scl	HD 720|HR 34|HIP 930	2.89342	-27.79974	175.03	m	5.559	-0.657	K2 III	1.61
ε Sct	HD 173009|HR 7032|HIP 91845	280.88022	-8.27522	175.13	m	5.013	-1.204	G8 III	1.297
ο Sco	19 Sco|HD 147084|HR 6081|HIP 80079	245.15908	-24.16932	175.69	m	4.665	-1.559	A4 II/III	0.821
π2 Cnc	82 Cnc|HD 79554|HR 3669|HIP 45410	138.80772	14.94151	175.84	m	5.498	-0.728	K0	1.563
χ Car	HD 65575|HR 3117|HIP 38827	119.19464	-52.98235	175.88	m	3.404	-2.822	B3 IV	-0.182
ι Aql	41 Aql|HD 184930|HR 7447|HIP 96468	294.18033	-1.2866	176.45	m	4.323	-1.91	B5III	-0.099
π And	29 And|HD 3369|HR 154|HIP 2912	9.22019	33.71934	176.8	m	4.319	-1.918	B5V	-0.135
β Ind	HD 198700|HR 7986|HIP 103227	313.70251	-58.45415	177.22	m	3.778	-2.465	K1 II	1.487
ι Vol	HD 51557|HR 2602|HIP 32912	102.86244	-70.96341	178.31	m	5.378	-0.878	B7 III	-0.115
ρ2 Cnc	58 Cnc|HD 76219|HR 3540|HIP 43834	133.91533	27.92749	179.47	m	5.336	-0.934	G8II-III	1.161
ω Vir	1 Vir|HD 101153|HR 4483|HIP 56779	174.61503	8.1343	179.71	m	5.487	-0.786	M4	1.76
π Gem	80 Gem|HD 62898|HR 3013|HIP 38016	116.87635	33.4157	180.03	m	5.317	-0.96	K2	1.924
τ2 Hya	32 Hya|HD 82446|HR 3787|HIP 46776	142.99552	-1.18467	181.43	m	4.562	-1.731	A2 V	0.114
ε Dor	HD 39844|HR 2064|HIP 27534	87.473	-66.90118	181.92	m	5.071	-1.228	B6 V	-0.149
σ Phe	HD 223145|HR 9006|HIP 117315	356.81665	-50.22646	182.05	m	5.139	-1.162	B3 V	-0.184
ν Per	41 Per|HD 23230|HR 1135|HIP 17529	56.29846	42.57855	182.59	m	3.813	-2.494	F4II	0.464
μ1 Cnc	9 Cnc|HD 66875|HR 3169|HIP 39659	121.57665	22.63549	184.19	m	6.161	-0.165	M4	1.907
π Ari	42 Ari|HD 17543|HR 836|HIP 13165	42.32316	17.46431	184.69	m	5.321	-1.011	B6IV	-0.107
ν Ori	67 Ori|HD 41753|HR 2159|HIP 29038	91.89303	14.76847	185.07	m	4.371	-1.966	B3IV	-0.172
ω Hya	18 Hya|HD 77996|HR 3613|HIP 44659	136.49319	5.09232	186.53	m	5.12	-1.234	K2II-III	1.464
μ Pic	HD 46860|HR 2412|HIP 31137	97.99296	-58.75383	186.73	m	5.635	-0.721	B9 V	-0.078
κ Cnc	76 Cnc|HD 78316|HR 3623|HIP 44798	136.93672	10.66819	187.94	m	5.202	-1.168	B8P	-0.106
ξ1 Cap	1 Cap|HD 191753|HR 7712|HIP 99529	302.99124	-12.3924	188.1	m	6.484	0.112	K0 III	1.416
ω1 Cnc	2 Cnc|HD 65714|HR 3124|HIP 39191	120.23281	25.39284	188.41	m	5.967	-0.408	K0	1.193
ψ Leo	16 Leo|HD 84194|HR 3866|HIP 47723	145.93294	14.02169	188.51	m	5.539	-0.838	M0	1.922
υ CrB	18 CrB|HD 146738|HR 6074|HIP 79757	244.18662	29.15026	188.73	m	5.787	-0.592	A3III	0.07
υ2 Cnc	32 Cnc|HD 72324|HR 3369|HIP 41940	128.25043	24.08479	190.44	m	6.455	0.056	G9III	1.198
δ1 Aps	HD 145366|HR 6020|HIP 80047	245.08668	-78.69574	190.45	m	4.902	-1.497	M4 III	1.893
κ Pav	HD 174694|HR 7107|HIP 93015	284.23762	-67.2335	190.65	m	4.439	-1.962	G5 IAB/B	0.781
ε Nor	HD 147971|HR 6115|HIP 80582	246.79598	-47.55479	190.88	m	4.508	-1.896	B2 V	-0.086
ρ Aur	20 Aur|HD 34759|HR 1749|HIP 25048	80.45173	41.80458	192.2	m	5.185	-1.234	B5IV	-0.147
ν Lib	21 Lib|HD 133774|HR 5622|HIP 73945	226.65665	-16.25682	193.15	m	5.366	-1.064	K5 III	1.894
υ Cap	15 Cap|HD 196777|HR 7900|HIP 101984	310.01227	-18.13866	193.35	m	5.337	-1.095	M1 III	1.945
τ Pav	HD 179009|HR 7274|HIP 94724	289.11922	-69.19083	193.47	m	6.278	-0.155	A6 IV/V	0.194
δ Cet	82 Cet|HD 16582|HR 779|HIP 12387	39.87066	0.32851	194.89	m	4.029	-2.42	B2IV	-0.235
κ Pic	HD 35580|HR 1801|HIP 25098	80.59228	-56.1344	195.44	m	6.072	-0.383	B8/9 V	-0.094
γ Mon	5 Mon|HD 43232|HR 2227|HIP 29651	93.71389	-6.27477	195.86	m	4.117	-2.343	K1 III	1.577
θ Pyx	HD 80874|HR 3718|HIP 45902	140.3733	-25.96544	196.23	m	4.905	-1.559	M0 III	1.976
ι1 For	HD 16307|HR 767|HIP 12122	39.0386	-30.04498	197.17	m	5.843	-0.631	G8/K0 III	1.195
δ1 Tel	HD 170465|HR 6934|HIP 90830	277.93931	-45.91481	197.48	m	4.902	-1.576	B5/7	-0.124
ε Vol	HD 68520|HR 3223|HIP 39794	121.98251	-68.61707	197.64	m	4.378	-2.101	B5 III	-0.138
ζ1 Lib	32 Lib|HD 137744|HR 5743|HIP 75730	232.0642	-16.71648	197.92	m	5.81	-0.672	K4 III	1.842
σ Lup	HD 127381|HR 5425|HIP 71121	218.1544	-50.45716	198.74	m	4.392	-2.099	B2 III/IV	-0.204
ν1 CrB	20 CrB|HD 147749|HR 6107|HIP 80197	245.58927	33.79905	199.02	m	5.39	-1.105	M0	1.924
ψ Vir	40 Vir|HD 112142|HR 4902|HIP 62985	193.58817	-9.53899	199.18	m	4.975	-1.521	M2 III	1.867
υ Cyg	66 Cyg|HD 202904|HR 8146|HIP 105138	319.47948	34.8969	199.52	m	4.361	-2.139	B2Vne	-0.121
μ Oph	57 Oph|HD 159975|HR 6567|HIP 86284	264.46131	-8.11877	199.78	m	4.616	-1.887	B8 II-IIImnp...	0.108
π1 Dor	HD 45669|HR 2352|HIP 30321	95.65948	-69.98404	201.59	m	5.722	-0.8	K5 III	1.814
η Men	HD 32440|HR 1629|HIP 22871	73.79667	-74.93685	201.69	m	5.63	-0.893	K4 III	1.818
π Cap	10 Cap|HR 7814|HIP 100881	306.83056	-18.21249	201.91	m	8.527	2.001	B4V	-0.02
μ CrB	6 CrB|HD 139153|HR 5800|HIP 76307	233.81216	39.01007	203.35	m	5.322	-1.219	M1	1.959
υ2 Cen	HD 122223|HR 5260|HIP 68523	210.43126	-45.60342	203.85	m	4.405	-2.142	F7 II/III	0.661
ψ8 Aur	61 Aur|HD 50204|HR 2547|HIP 33133	103.48781	38.50502	204.51	m	6.437	-0.117	B9P?	-0.038
φ Cap	28 Cap|HD 202320|HR 8127|HIP 104963	318.90792	-20.6517	205.11	m	5.282	-1.278	K0 II/III	1.367
θ1 Sgr	HD 189103|HR 7623|HIP 98412	299.93408	-35.27631	205.67	m	4.325	-2.241	B2.5 IV	-0.168
β Sct	HD 173764|HR 7063|HIP 92175	281.79364	-4.74787	205.98	m	4.337	-2.232	G0 Ib/II	1.242
κ CMa	13 CMa|HD 50013|HR 2538|HIP 32759	102.46025	-32.50848	207.04	m	3.486	-3.094	B1.5IVne	-0.134
ζ Scl	HD 224990|HR 9091|HIP 183	0.58301	-29.72041	207.32	m	4.999	-1.584	B3/5 V	-0.154
ν Eri	48 Eri|HD 29248|HR 1463|HIP 21444	69.07976	-3.35246	208.5	m	3.896	-2.7	B2III SB	-0.215
β Men	HD 33285|HR 1677|HIP 23467	75.67915	-71.3143	208.84	m	5.405	-1.194	G8 III	1.161
δ Cae	HD 28873|HR 1443|HIP 21060	67.70875	-44.95375	209.09	m	5.026	-1.576	B2 IV/V	-0.22
τ And	53 And|HD 10205|HR 477|HIP 7818	25.14507	40.57705	209.19	m	4.942	-1.661	B8IV	-0.101
χ2 Hya	HD 96314|HR 4317|HIP 54255	166.48987	-27.28786	210.01	m	5.703	-0.908	B8 V	-0.065
δ Vol	HD 57623|HR 2803|HIP 35228	109.20761	-67.95715	210.43	m	4.051	-2.565	F8 IB/II	0.869
ν Her	94 Her|HD 164136|HR 6707|HIP 87998	269.62562	30.18928	210.63	m	4.454	-2.164	F2II	0.404
θ2 Cru	HD 104841|HR 4603|HIP 58867	181.08007	-63.16571	211.35	m	4.7	-1.925	B3 V	-0.109
β Mon	11 Mon|HD 45725|HR 2356|HIP 30867	97.20448	-7.03305	211.82	m	4.616	-2.014	B3 IVpe	-0.135
σ Vir	60 Vir|HD 115521|HR 5015|HIP 64852	199.40118	5.46987	214.16	m	4.976	-1.678	M0	1.982
ε Ant	HD 82150|HR 3765|HIP 46515	142.31133	-35.95134	215.76	m	4.658	-2.012	K3 III	1.712
α Scl	HD 5737|HR 280|HIP 4577	14.6515	-29.35745	216.34	m	4.274	-2.402	B7 IIIP	-0.164
κ1 CrA	HD 170867|HR 6952|HIP 90968	278.34639	-38.72599	216.85	m	5.578	-1.103	B8/A1	-0.079
δ3 CMi	9 CMi|HD 60357|HR 2901|HIP 36812	113.56622	3.37172	217.25	m	5.812	-0.873	B9 V	-0.027
δ TrA	HD 145544|HR 6030|HIP 79664	243.85946	-63.68568	218.5	m	3.962	-2.735	G5 IB	1.291
π1 Hyi	HD 14141|HR 667|HIP 10418	33.56059	-67.84144	218.97	m	5.743	-0.959	M1 III	1.841
τ4 Ser	17 Ser|HD 139216|HIP 76423	234.11744	15.10142	219.16	m	6.698	-0.006	M4	1.411
β Ara	HD 157244|HR 6461|HIP 85258	261.32496	-55.52989	219.3	m	2.968	-3.737	K0/1 IB	1.776
κ2 Aps	HD 138800|HR 5782|HIP 76750	235.08888	-73.44669	219.38	m	5.63	-1.076	B7 III/IV	-0.053
η2 Dor	HD 43455|HR 2245|HIP 29353	92.81243	-65.58942	220.69	m	5.207	-1.512	M2 III	1.914
ξ Ori	70 Ori|HD 42560|HR 2199|HIP 29426	92.98498	14.20877	221.07	m	4.413	-2.31	B3V	-0.182
π Aur	35 Aur|HD 40239|HR 2091|HIP 28404	89.98374	45.93673	221.46	m	4.516	-2.211	M3II	1.968
ξ2 Lib	15 Lib|HD 131918|HR 5564|HIP 73133	224.19213	-11.4097	222.63	m	5.627	-1.111	K4 III	1.794
κ2 CrA	HD 170868|HR 6953|HIP 90969	278.34617	-38.72007	223.05	m	6.163	-0.579	B8	-0.035
ω Cas	46 Cas|HD 11529|HR 548|HIP 9009	29.0001	68.68524	223.2	m	4.953	-1.79	B 8 III	-0.099
ν Gem	18 Gem|HD 45542|HR 2343|HIP 30883	97.24078	20.21213	224.85	m	4.102	-2.657	B5V	-0.127
ξ Pav	HD 168339|HR 6855|HIP 90098	275.80677	-61.4939	227.06	m	4.54	-2.241	K4 III	1.756
ξ Tel	HD 190421|HR 7673|HIP 99120	301.84648	-52.88079	229.47	m	5.1	-1.704	K5 III	1.923
η1 TrA	HD 149671|HR 6172|HIP 81710	250.34629	-68.29612	229.71	m	5.869	-0.937	B7 V	-0.097
ρ Aqr	46 Aqr|HD 211838|HR 8512|HIP 110273	335.04965	-7.8211	230.19	m	5.33	-1.48	B8 III	-0.055
ζ4 Lib	35 Lib|HD 138485|HR 5764|HIP 76126	233.23009	-16.85284	230.83	m	5.476	-1.341	B3 V	-0.157
η1 Hyi	HD 11733|HIP 8751	28.14489	-67.94451	231.37	m	6.749	-0.073	B9 V	-0.044
λ Cyg	54 Cyg|HD 198183|HR 7963|HIP 102589	311.85224	36.49072	234.45	m	4.734	-2.116	B6IV	-0.133
η2 CrA	HD 173861|HR 7068|HIP 92382	282.39581	-43.4341	235.29	m	5.575	-1.283	B9 IV	-0.077
ξ Ari	24 Ari|HD 14951|HR 702|HIP 11249	36.2044	10.61056	235.39	m	5.461	-1.398	B 7 IV	-0.117
δ2 Lyr	12 Lyr|HD 175588|HR 7139|HIP 92791	283.62618	36.89861	236.12	m	4.464	-2.402	M4II	1.838
π6 Ori	10 Ori|HD 31767|HR 1601|HIP 23123	74.63709	1.71401	237.57	m	4.62	-2.259	K0/1 III	1.663
θ Lyr	21 Lyr|HD 180809|HR 7314|HIP 94713	289.09206	38.13373	238.07	m	4.476	-2.407	K0II	1.486
θ Cir	HD 131492|HR 5551|HIP 73129	224.18328	-62.78101	238.25	m	5.028	-1.857	B2 IV/V	-0.025
σ Aql	44 Aql|HD 185507|HR 7474|HIP 96665	294.79851	5.39778	240.63	m	5.18	-1.727	B3V	-0.003
α Pyx	HD 74575|HR 3468|HIP 42828	130.89807	-33.18639	243.37	m	3.631	-3.3	B1.5 III	-0.193
υ Pav	HD 196519|HR 7881|HIP 102157	310.48781	-66.76068	243.79	m	5.123	-1.812	B9 III	-0.069
θ Her	91 Her|HD 163770|HR 6695|HIP 87808	269.06325	37.25054	243.89	m	3.985	-2.951	K1II	1.605
θ UMi	15 UMi|HD 139669|HR 5826|HIP 76008	232.85386	77.34936	245.11	m	5.169	-1.778	K5III	1.865
α1 Cap	5 Cap|HD 192876|HR 7747|HIP 100027	304.41196	-12.50821	249.02	m	4.342	-2.639	G3 IB	1.221
ζ CMi	13 CMi|HD 63975|HR 3059|HIP 38373	117.92495	1.76687	249.85	m	5.092	-1.896	B8 II	-0.128
ε CMi	2 CMi|HD 58367|HR 2828|HIP 36041	111.41207	9.2761	250.58	m	5.097	-1.898	G8III	1.16
δ1 CMi	7 CMi|HD 59881|HR 2880|HIP 36641	113.02478	1.91448	250.65	m	5.261	-1.734	F0 V	0.237
τ1 Lup	HD 126341|HR 5395|HIP 70574	216.53426	-45.22142	252.75	m	4.527	-2.486	B2 IV	-0.177
τ1 Ser	9 Ser|HD 137471|HR 5739|HIP 75530	231.44748	15.42804	253.74	m	5.34	-1.682	M1III	1.974
μ Per	51 Per|HD 26630|HR 1303|HIP 19812	63.72443	48.40933	253.84	m	4.238	-2.785	G01B	1.073
β Cam	10 Cam|HD 31910|HR 1603|HIP 23522	75.85455	60.44224	257.73	m	4.123	-2.933	G0IB	1.011
π4 Ori	3 Ori|HD 30836|HR 1552|HIP 22549	72.80152	5.6051	258.3	m	3.638	-3.423	B2III	-0.18
ζ Per	44 Per|HD 24398|HR 1203|HIP 18246	58.53301	31.88364	259.37	m	2.858	-4.212	B1I	0.097
δ For	HD 23227|HR 1134|HIP 17304	55.56209	-31.93836	259.55	m	4.947	-2.124	B5 III	-0.175
χ Aql	47 Aql|HD 186203|HR 7497|HIP 96957	295.64175	11.82659	261.78	e	5.366	-1.724	F5	0.619
η PsA	12 PsA|HD 209014|HR 8386|HIP 108661	330.20935	-28.45377	262.56	m	5.696	-1.4	B8/9 V + B8/9	-0.108
σ Oph	49 Oph|HD 157999|HR 6498|HIP 85355	261.62867	4.14036	266.11	m	4.496	-2.629	K2 III	1.797
υ Car	HD 85123|HR 3890|HIP 48002	146.77551	-65.07201	267.57	m	3.025	-4.112	A8 IB	0.282
ι Men	HD 38602|HR 1991|HIP 26264	83.90066	-78.82084	269.72	m	6.029	-1.126	B8 III	-0.02
ε Cap	39 Cap|HD 205637|HR 8260|HIP 106723	324.27012	-19.46601	271.91	m	4.486	-2.686	B3V:p	-0.207
η Aql	55 Aql|HD 187929|HR 7570|HIP 97804	298.1182	1.00566	272.37	m	4.058	-3.118	F6-G1 Ib	1.008
λ UMi	HD 183030|HR 7394|HIP 84535	259.23531	89.03771	272.96	m	6.52	-0.66	M1III	1.846
ψ3 Aur	52 Aur|HD 47100|HR 2420|HIP 31789	99.70492	39.90256	273.1	m	5.319	-1.863	B8III	-0.081
λ Eri	69 Eri|HD 33328|HR 1679|HIP 23972	77.2866	-8.75408	275.81	m	4.211	-2.992	B2 IVne	-0.209
ψ Eri	65 Eri|HD 32249|HR 1617|HIP 23364	75.35977	-7.17397	278.05	m	4.752	-2.469	B3 IV	-0.19
η Mic	HD 200702|HR 8069|HIP 104177	316.60633	-41.38596	278.7	m	5.66	-1.566	K3 III	1.612
ι Ara	HD 157042|HR 6451|HIP 85079	260.81698	-47.4682	280.8	m	5.229	-2.013	B2 (V)NNE	-0.125
ω CMa	28 CMa|HD 56139|HR 2749|HIP 35037	108.70273	-26.77267	280.82	m	4.004	-3.238	B2 IV/VE	-0.182
δ Cep	27 Cep|HD 213306|HR 8571|HIP 110991	337.29277	58.4152	281.29	m	4.207	-3.039	F5IB-G1IB	0.89
λ Lup	HD 133955|HR 5626|HIP 74117	227.21092	-45.27985	282.44	m	4.021	-3.234	B3 V	-0.182
ω Gem	42 Gem|HD 52497|HR 2630|HIP 33927	105.60325	24.21545	284.26	m	5.287	-1.982	G5II	1.096
ψ9 Aur	HD 50658|HR 2568|HIP 33377	104.13357	46.274	290.01	m	5.826	-1.486	(B8)IV	-0.093
σ Cap	7 Cap|HD 193150|HR 7761|HIP 100195	304.84835	-19.11853	290.29	m	5.427	-1.887	K2 III	1.671
ψ2 Dra	34 Dra|HD 164613|HR 6725|HIP 87728	268.79646	72.00513	290.38	m	5.453	-1.862	F 3 II-III	0.35
μ CMa	18 CMa|HD 51250|HR 2593|HIP 33345	104.02769	-14.04347	292.23	m	5.271	-2.058	K2/3 III	1.78
ι Lyr	18 Lyr|HD 178475|HR 7262|HIP 93903	286.82554	36.10016	294.71	m	5.235	-2.112	B7IV	-0.124
ν1 Boo	52 Boo|HD 138481|HR 5763|HIP 75973	232.73233	40.83305	298.58	m	5.219	-2.156	K5III	1.914
λ Lep	6 Lep|HD 34816|HR 1756|HIP 24845	79.89385	-13.17679	299.6	m	4.239	-3.144	B0.5 IV	-0.273
ζ Cep	21 Cep|HD 210745|HR 8465|HIP 109492	332.71365	58.20126	303.29	m	3.51	-3.899	K1IB	1.87
π5 Ori	8 Ori|HD 31237|HR 1567|HIP 22797	73.56289	2.44067	303.54	m	3.657	-3.754	B2III SB	-0.192
ζ Mon	29 Mon|HD 67594|HR 3188|HIP 39863	122.14854	-2.98379	308.17	m	4.456	-2.988	G2 Iab/b	1.114
ι Aps	HD 156190|HR 6411|HIP 84979	260.52448	-70.12321	313.01	m	5.377	-2.101	B8/9 V(N)	-0.055
γ CMi	4 CMi|HD 58972|HR 2854|HIP 36284	112.04081	8.92553	319.08	m	4.48	-3.04	K3III	1.698
γ Col	HD 40494|HR 2106|HIP 28199	89.38421	-35.28328	323.43	m	4.32	-3.229	B2.5 IV	-0.186
κ1 Aps	HD 137387|HR 5730|HIP 76013	232.87842	-73.38959	324.69	m	5.373	-2.184	B3 (IB/III)NE	-0.172
σ Ori	48 Ori|HD 37468|HR 1931|HIP 26549	84.68653	-2.60007	328.95	e	3.763	-3.823	O9.5V...	-0.242
ο Pup	HD 63462|HR 3034|HIP 38070	117.02154	-25.93717	332.12	m	4.468	-3.138	B1IV:nne	-0.104
ψ2 Ori	30 Ori|HD 35715|HR 1811|HIP 25473	81.70927	3.09565	333.97	m	4.574	-3.045	B2 IV	-0.242
π Aqr	52 Aqr|HD 212571|HR 8539|HIP 110672	336.31926	1.3774	336.01	m	4.76	-2.872	B1 Vnep	-0.192
θ2 Ori	43 Ori|HD 37041|HR 1897|HIP 26235	83.84542	-5.41605	336.38	m	5.027	-2.607	O9.5 Vp	-0.114
λ Pav	HD 173948|HR 7074|HIP 92609	283.05432	-62.18759	336.4	m	4.181	-3.453	B2II-III	-0.175
κ TrA	HD 141767|HR 5891|HIP 77982	238.87334	-68.603	339.04	m	5.22	-2.431	G3/5 IB	1.293
θ Ara	HD 165024|HR 6743|HIP 88714	271.6578	-50.09148	339.33	m	3.635	-4.018	B2 IB	-0.109
ψ1 Ori	25 Ori|HD 35439|HR 1789|HIP 25302	81.18678	1.84645	341.05	m	4.837	-2.827	B1 Vn	-0.201
β Dor	HD 37350|HR 1922|HIP 26069	83.40633	-62.48983	341.21	m	3.911	-3.754	F8/G0 IB	0.985
γ Ara	HD 157246|HR 6462|HIP 85267	261.34858	-56.37773	341.3	e	3.275	-4.391	B1Ib	-0.152
φ2 Hya	HD 91880|HR 4156|HIP 51905	159.06942	-16.34432	341.41	m	6.209	-1.457	M1 III	1.94
ψ Aql	48 Aql|HD 186547|HR 7511|HIP 97139	296.14247	13.30278	341.79	m	6.235	-1.434	B8IV	-0.047
γ2 Vel	HD 68273|HR 3207|HIP 39953	122.38315	-47.33661	342.47	e	1.793	-5.88	WC 8	-0.166
ξ Cas	19 Cas|HD 3901|HR 179|HIP 3300	10.51622	50.51252	344.57	m	4.775	-2.911	B2V	-0.13
δ2 Tel	HD 170523|HR 6938|HIP 90853	278.00811	-45.75738	346.49	m	5.048	-2.65	B3 IV/V	-0.148
τ Cap	14 Cap|HD 196662|HR 7889|HIP 101923	309.81802	-14.95478	348.43	e	5.231	-2.48	B7 III	-0.143
ξ Cyg	62 Cyg|HD 200905|HR 8079|HIP 104060	316.23276	43.92785	352.57	m	3.88	-3.856	K5IB	1.949
δ1 Lyr	11 Lyr|HD 175426|HR 7131|HIP 92728	283.4315	36.97172	355.45	m	5.549	-2.205	B 2.5V	-0.161
σ Cas	8 Cas|HD 224572|HR 9071|HIP 118243	359.75223	55.75493	364.71	m	4.991	-2.819	B1V...	-0.114
ν1 Lyr	8 Lyr|HD 174585|HR 7100|HIP 92398	282.44131	32.81282	372.03	m	5.889	-1.964	B 2 V	-0.168
φ1 Ori	37 Ori|HD 36822|HR 1876|HIP 26176	83.70516	9.48958	374.01	m	4.367	-3.497	B0III	-0.186
θ1 Ori	41 Ori|HD 37020|HR 1893|HIP 26220	83.81592	-5.38732	378.4	m	6.55	-1.34	O7	-0.049
λ Lyr	15 Lyr|HD 176670|HR 7192|HIP 93279	285.00344	32.14551	380.68	m	5.103	-2.8	K3II	1.762
ω1 Cyg	45 Cyg|HD 195556|HR 7844|HIP 101138	307.51475	48.95157	392.79	m	4.92	-3.051	B2V	-0.107
θ1 Ori	41 Ori|HD 37022|HR 1895|HIP 26221	83.8186	-5.38977	399.77	m	5.061	-2.948	O6pe	-0.044
ο Pav	HD 201371|HR 8092|HIP 104755	318.33546	-70.12627	402.01	m	5.256	-2.765	M1/2 III	1.851
υ Ori	36 Ori|HD 36512|HR 1855|HIP 25923	82.98275	-7.30154	407.05	m	4.565	-3.483	B0 V	-0.284
γ1 Sgr	HD 164975|HR 6742|HIP 88567	271.2551	-29.58009	422.83	m	4.781	-3.35	G0 IB/II	0.937
ζ Cir	HD 131058|HR 5539|HIP 72965	223.67742	-65.99109	429.34	m	6.059	-2.105	B2/3 VN	-0.081
σ Col	HD 40248|HR 2092|HIP 28098	89.08726	-31.38244	435.7	m	5.561	-2.635	F2 III	0.416
θ1 Ori	41 Ori|HD 37023|HR 1896|HIP 26224	83.82166	-5.38768	438.22	m	6.384	-1.824	B0.5Vp...	-0.014
π2 Cyg	81 Cyg|HD 207330|HR 8335|HIP 107533	326.69836	49.30957	438.59	m	4.208	-4.002	B3III	-0.143
χ2 Sgr	48 Sgr|HD 182391|HIP 95486	291.34309	-24.4121	458.61	m	7.278	-1.029	B7 IV	-0.007
ξ1 CMa	4 CMa|HD 46328|HR 2387|HIP 31125	97.96403	-23.41842	461.68	m	4.286	-4.036	B1III	-0.256
δ Pic	HD 42933|HR 2212|HIP 29276	92.57462	-54.96865	465.06	m	4.685	-3.653	B1/2 (III)N	-0.263
υ Sgr	46 Sgr|HD 181616|HR 7342|HIP 95176	290.43177	-15.95502	479.17	m	4.579	-3.823	BP SHELL	0.065
π2 Oct	HD 131246|HR 5545|HIP 73771	226.19551	-83.03831	482.13	m	5.789	-2.627	G8 IB	1.509
ω Ori	47 Ori|HD 37490|HR 1934|HIP 26594	84.79644	4.12146	506.05	m	4.503	-4.018	B3 IIIe	-0.128
κ Aql	39 Aql|HD 184915|HR 7446|HIP 96483	294.22271	-7.02748	506.12	m	4.942	-3.579	B1 Ib	-0.05
φ Vel	HD 86440|HR 3940|HIP 48774	149.21559	-54.56779	525.48	m	3.5	-5.103	B5 IB	-0.098
η Leo	30 Leo|HD 87737|HR 3975|HIP 49583	151.83313	16.76266	556.63	m	3.49	-5.238	A0Ib	-0.028
μ Col	HD 38666|HR 1996|HIP 27204	86.49956	-32.30644	587.39	m	5.114	-3.731	B1 IV/V	-0.3
θ Del	8 Del|HD 196725|HR 7892|HIP 101882	309.68328	13.31513	592.95	m	5.853	-3.012	K3IB	1.831
ψ And	20 And|HD 223047|HR 9003|HIP 117221	356.50854	46.42027	611.55	m	5.088	-3.844	G5IB	1.284
η Ori	28 Ori|HD 35411|HR 1788|HIP 25281	81.11924	-2.39715	633.59	m	3.564	-5.445	B1V + B2	-0.197
ξ1 Sgr	36 Sgr|HD 175687|HR 7145|HIP 93057	284.33532	-20.65635	680.96	m	5.066	-4.1	B9/A0 IB	0.104
δ Cir	HD 135240|HR 5664|HIP 74778	229.23706	-60.95726	697.13	m	5.072	-4.145	O8	-0.116
ι1 Sco	HD 161471|HR 6615|HIP 87073	266.89617	-40.127	705.34	m	3.05	-6.192	F2 IA	0.544
ο1 CMa	16 CMa|HD 50877|HR 2580|HIP 33152	103.53314	-24.18421	777.04	m	4.041	-5.411	K3 IAB	2.127
γ1 Nor	HD 146143|HR 6058|HIP 79790	244.25389	-50.06812	830.17	m	5.056	-4.54	F7 IB	0.872
λ Cep	22 Cep|HD 210839|HR 8469|HIP 109556	332.87742	59.41449	850.25	m	5.099	-4.549	O6e	0.194
σ Cyg	67 Cyg|HD 202850|HR 8143|HIP 105102	319.35397	39.39468	853.92	m	4.248	-5.409	O9IAB	0.095
61 Cyg	Gl 820B|HD 201092|HR 8086|HIP 104217	316.73029	38.74202	3.4964	m	6.097	8.379	K7V	1.539
61 Cyg	Gl 820A|HD 201091|HR 8085|HIP 104214	316.72191	38.74941	3.4966	m	5.349	7.631	K5V	1.362
Gl 702B		271.36318	2.50205	5.1058	m	6.17	7.63	K0 V	
70 Oph	Gl 702A|HD 165341|HR 6752|HIP 88601	271.36404	2.49979	5.1133	m	4.217	5.673	K0V SB	0.963
Gl 570A	HD 131977|HR 5568|HIP 73184	224.36667	-21.4155	5.8864	m	5.88	7.031	K4V	1.283
Gl 664	HD 156026|HIP 84478	259.05567	-26.54615	5.9537	m	6.461	7.587	K5V	1.356
Gl 783A	HD 191408|HR 7703|HIP 99461	302.79975	-36.1012	6.0122	m	5.413	6.518	K2V	0.978
Gl 892	HD 219134|HR 8832|HIP 114622	348.32073	57.16836	6.5418	m	5.674	6.596	K3Vvar	1.187
Gl 667A	HD 156384|HR 6426|HIP 84709	259.73763	-34.98979	6.8357	e	6.366	7.192	K4V	1.155
107 Psc	Gl 68|HD 10476|HR 493|HIP 7981	25.62401	20.26852	7.6439	m	5.337	5.92	K1V	0.963
61 Vir	Gl 506|HD 115617|HR 5019|HIP 64924	199.60145	-18.3112	8.5344	m	4.81	5.154	G5V	0.802
Gl 666A	HD 156274|HR 6416|HIP 84720	259.76604	-46.63615	8.7911	m	5.608	5.888	G8/K0 V	0.893
Gl 785	HD 192310|HR 7722|HIP 99825	303.82247	-27.03297	8.8116	m	5.824	6.099	K3V	1.036
Gl 183	HD 32147|HR 1614|HIP 23311	75.20417	-5.75368	8.844	m	6.346	6.613	K3V	1.267
Gl 216B	HD 38392|HR 1982	86.11057	-22.42184	8.8916	m	6.279	6.534	K2 V	1.107
Gl 442A	HD 102365|HR 4523|HIP 57443	176.62947	-40.50035	9.3194	m	4.962	5.115	G3/G5V	0.735
Gl 432A	HD 100623|HR 4458|HIP 56452	173.62287	-32.83134	9.559	m	6.049	6.147	K0 V	0.913
61 UMa	Gl 434|HD 101501|HR 4496|HIP 56997	175.26257	34.20164	9.5762	m	5.39	5.484	G8V	0.827
12 Oph	Gl 631|HD 149661|HR 6171|HIP 81300	249.08937	-2.32458	9.894	m	5.854	5.877	K1 V	0.961
Gl 75	HD 10780|HR 511|HIP 8362	26.93681	63.8525	10.041	m	5.71	5.701	K0V	0.902
Gl 117	HD 17925|HR 857|HIP 13402	43.13387	-12.76971	10.361	m	6.145	6.068	K1 V	1.017
Gl 86	HD 13445|HR 637|HIP 10138	32.60827	-50.82368	10.761	m	6.209	6.05	K0V	0.939
Gl 909A	HD 223778|HR 9038|HIP 117712	358.10535	75.5446	10.896	m	6.489	6.303	K3V	1.123
Gl 706	HD 166620|HR 6806|HIP 88972	272.40589	38.45778	11.096	m	6.483	6.257	K2V	1.025
54 Psc	Gl 27|HD 3651|HR 166|HIP 3093	9.84086	21.25047	11.108	m	5.973	5.745	K0V	0.988
11 LMi	Gl 356A|HD 82885|HR 3815|HIP 47080	143.91461	35.81017	11.235	m	5.478	5.225	G8IV	0.871
Gl 567	HD 131511|HR 5553|HIP 72848	223.34903	19.1528	11.629	m	6.09	5.762	K1V	0.962
Gl 309	HD 72673|HR 3384|HIP 41926	128.21457	-31.50085	12.164	m	6.462	6.037	K0V	0.894
Gl 211	HD 37394|HR 1925|HIP 26779	85.33474	53.48106	12.27	m	6.294	5.85	K 1 V	0.977
85 Peg	Gl 914A|HD 224930|HR 9088|HIP 171	0.54245	27.08209	12.319	m	5.834	5.381	G3V	0.721
Gl 302	HD 69830|HR 3259|HIP 40693	124.59978	-12.63217	12.579	m	6.03	5.532	K0 V	0.875
Gl 454	HD 104304|HR 4587|HIP 58576	180.1852	-10.44601	12.765	m	5.619	5.089	K0IV	0.864
Gl 95	HD 14412|HR 683|HIP 10798	34.74377	-25.94569	12.835	m	6.414	5.872	G8 V	0.827
Gl 620.1A	HD 147513|HR 6094|HIP 80337	246.00537	-39.19298	12.892	m	5.441	4.889	G3/5 V	0.697
36 UMa	Gl 395|HD 90839|HR 4112|HIP 51459	157.65658	55.98054	12.945	m	4.88	4.319	F8V	0.561
Gl 722	HD 172051|HR 6998|HIP 91438	279.72251	-21.05187	13.031	m	5.935	5.36	G5 V	0.731
58 Eri	Gl 177|HD 30495|HR 1532|HIP 22263	71.90121	-16.93445	13.24	m	5.558	4.949	G3 V	0.692
Gl 5	HD 166|HR 8|HIP 544	1.65327	29.0215	13.766	m	6.145	5.451	K0V	0.855
10 Tau	Gl 147|HD 22484|HR 1101|HIP 16852	54.21826	0.40166	13.92	m	4.353	3.635	F8 V	0.62
Gl 853A	HD 211415|HR 8501|HIP 110109	334.56505	-53.62707	14.066	m	5.459	4.718	G3 V	0.648
18 Sco	Gl 616|HD 146233|HR 6060|HIP 79672	243.90529	-8.36944	14.137	m	5.57	4.818	G5 V	0.722
Gl 770	HD 188088|HR 7578|HIP 97944	298.57394	-23.94107	14.144	m	6.33	5.577	K3/4 V	1.22
26 Dra	Gl 684A|HD 160269|HR 6573|HIP 86036	263.74825	61.87457	14.434	m	5.281	4.484	G0V	0.646
111 Tau	Gl 202|HD 35296|HR 1780|HIP 25278	81.1061	17.38353	14.579	m	5.06	4.241	F8V	0.57
72 Her	Gl 672|HD 157214|HR 6458|HIP 84862	260.16486	32.46775	14.586	m	5.453	4.633	G0V	0.673
Gl 796	HD 196761|HR 7898|HIP 101997	310.04898	-23.77387	14.672	m	6.438	5.606	G8/K0 V	0.818
Gl 67	HD 10307|HR 483|HIP 7918	25.44648	42.61344	14.701	m	5.027	4.19	G2V	0.676
Gl 738A	HD 176051|HR 7162|HIP 93017	284.25662	32.90127	14.894	m	5.342	4.477	G0V	0.607
31 Aql	Gl 759|HD 182572|HR 7373|HIP 95447	291.2425	11.94441	14.922	m	5.243	4.374	G8IV	0.857
20 LMi	Gl 376|HD 86728|HR 3951|HIP 49081	150.25274	31.92367	14.926	m	5.451	4.581	G2V	0.745
Gl 364	HD 84117|HR 3862|HIP 47592	145.56007	-23.91557	14.951	m	4.984	4.111	G0 V	0.559
Gl 1021	HD 4391|HR 209|HIP 3583	11.43997	-47.55199	15.049	m	5.865	4.978	G1 V	0.691
Gl 538	HD 122742|HR 5273|HIP 68682	210.88481	10.78677	15.118	m	6.353	5.456	G8V	0.853
Gl 1085	HD 38858|HR 2007|HIP 27435	87.14559	-4.09464	15.21	m	6.037	5.126	G3 V	0.687
Gl 599A	HD 140901|HR 5864|HIP 77358	236.87126	-37.91631	15.246	m	6.083	5.167	G6 IV	0.801
Gl 288A	HD 63077|HR 3018|HIP 37853	116.39577	-34.17245	15.278	m	5.426	4.506	G0V	0.598
19 Dra	Gl 648|HD 153597|HR 6315|HIP 82860	254.00704	65.1348	15.316	m	4.937	4.011	F6V	0.513
Gl 25B		9.33568	-24.76659	15.401	e	6.4	5.462	G8 V	
Gl 25A	HD 3443|HR 159|HIP 2941	9.33625	-24.76729	15.401	e	5.739	4.801	K1V+...	0.811
Gl 838	HD 207129|HR 8323|HIP 107649	327.06563	-47.30361	15.559	m	5.636	4.676	G0 V	0.653
Gl 758	HD 182488|HR 7368|HIP 95319	290.89171	33.22196	15.608	m	6.447	5.48	K0V	0.927
99 Her	Gl 704A|HD 165908|HR 6775|HIP 88745	271.75646	30.56214	15.774	m	5.125	4.135	F7V	0.547
104 Tau	Gl 188A|HD 32923|HR 1656|HIP 23835	76.86253	18.64505	15.917	m	4.986	3.977	G4V	0.713
Gl 188B		76.86341	18.64714	15.917	m	5.7	4.691	G4 V	
Gl 777A	HD 190360|HR 7670|HIP 98767	300.90586	29.89681	16.003	m	5.811	4.79	G6IV	0.85
Gl 294A	HD 65907|HR 3138|HIP 38908	119.44548	-60.30307	16.172	m	5.643	4.599	G0 V	0.609
Gl 391	HD 90589|HR 4102|HIP 50954	156.09878	-74.03161	16.278	m	4.02	2.962	F2/3 IV/V	0.381
Gl 678A	HD 158614|HR 6516|HIP 85667	262.59909	-1.06282	16.471	m	6.062	4.978	G6 V	0.798
Gl 291B		117.94122	-13.89605	16.504	e	6.17	5.082	G4 V	0.65
9 Pup	Gl 291A|HD 64096|HR 3064|HIP 38382	117.94291	-13.898	16.504	e	5.263	4.175	G2 V	0.659
Gl 3389	HD 43162|HR 2225|HIP 29568	93.43874	-23.86193	16.699	m	6.446	5.333	G5 V	0.784
39 Tau	Gl 160|HD 25680|HR 1262|HIP 19076	61.33441	22.00891	16.814	m	5.971	4.843	G 5 V	0.709
Gl 327	HD 76151|HR 3538|HIP 43726	133.57478	-5.43447	16.846	m	6.069	4.936	G3/5 V	0.744
Gl 1095	HD 55575|HR 2721|HIP 35136	108.95891	47.23996	16.852	m	5.608	4.475	G0V	0.625
Gl 744	HD 177565|HR 7232|HIP 93858	286.7186	-37.81065	16.953	m	6.226	5.08	G8 V	0.794
Gl 264.1A	HD 53705|HR 2667|HIP 34065	105.98882	-43.60803	17.059	m	5.607	4.447	G3 V	0.673
Gl 678B		262.59909	-1.06282	17.094	m	6.172	5.008	G8 IV-V	0.825
Gl 486.1	HD 111395|HR 4864|HIP 62523	192.19603	24.84023	17.098	m	6.368	5.203	G7V	0.798
Gl 702.1	HD 165185|HR 6748|HIP 88694	271.59883	-36.01979	17.115	m	6.004	4.837	G3 V	0.653
58 Oph	Gl 692|HD 160915|HR 6595|HIP 86736	265.85749	-21.68319	17.169	m	4.914	3.74	F6/F7V	0.485
Gl 3109	HD 10647|HR 506|HIP 7978	25.62217	-53.74083	17.349	m	5.581	4.385	F8 V	0.583
Gl 594	HD 139664|HR 5825|HIP 76829	235.29741	-44.66121	17.399	m	4.681	3.478	F3/5 V	0.432
37 Gem	Gl 252|HD 50692|HR 2569|HIP 33277	103.82778	25.3757	17.405	m	5.816	4.613	G 0 V	0.656
Gl 547	HD 126053|HR 5384|HIP 70319	215.81369	1.24157	17.461	m	6.323	5.113	G5 V	0.706
Gl 788	HD 193664|HR 7783|HIP 100017	304.38055	66.85369	17.481	m	5.986	4.773	G5V	0.644
10 CVn	Gl 484|HD 110897|HR 4845|HIP 62207	191.24752	39.27892	17.557	m	6.018	4.796	G0V	0.6
59 Vir	Gl 504|HD 115383|HR 5011|HIP 64792	199.19381	9.42416	17.588	m	5.249	4.023	F8V	0.645
15 Sge	Gl 779|HD 190406|HR 7672|HIP 98819	301.02594	17.07017	17.772	m	5.857	4.608	G1V	0.664
39 Ser	Gl 3924|HD 142267|HR 5911|HIP 77801	238.30041	13.19662	17.781	m	6.149	4.899	G2V	0.645
Gl 776	HD 189567|HR 7644|HIP 98959	301.38653	-67.3209	17.932	m	6.146	4.878	G3 V	0.7
Gl 542.1A	HD 125276|HR 5356|HIP 69965	214.75374	-25.81543	17.989	m	5.935	4.66	F7(W)F3 V	0.519
70 Vir	Gl 512.1|HD 117176|HR 5072|HIP 65721	202.10754	13.77879	18.099	m	5.045	3.757	G5IV-V	0.798
Gl 836.7	HD 206860|HR 8314|HIP 107350	326.13054	14.77194	18.133	m	6.017	4.725	G0V	0.641
Gl 564	HD 130948|HR 5534|HIP 72567	222.56588	23.91184	18.198	m	5.935	4.635	G 2 V	0.648
Gl 240.1	HD 46588|HR 2401|HIP 32439	101.55897	79.56481	18.202	m	5.493	4.192	F 8 V	0.557
Gl 503A	HD 114837|HR 4989|HIP 64583	198.56367	-59.10323	18.24	m	4.963	3.658	F7IV	0.492
Gl 351B		142.67646	-40.46562	18.414	m	4.65	3.324	F0 IV	
Gl 822B		318.62086	10.00609	18.488	e	5.4	4.066	F7 V	
Gl 230	HD 42807|HR 2208|HIP 29525	93.30209	10.62714	18.599	m	6.499	5.152	G6V	0.742
Gl 159	HD 25457|HR 1249|HIP 18859	60.6531	-0.26892	18.707	m	5.437	4.077	F7/8 V	0.548
Gl 332A	HD 76943|HR 3579|HIP 44248	135.16028	41.78291	18.74	m	4.026	2.662	F5V	0.467
Gl 332B		135.16331	41.78362	18.74	m	6.18	4.816	G5 V	0.65
Gl 368	HD 84737|HR 3881|HIP 48113	147.14738	46.02101	18.823	m	5.141	3.768	G1V	0.674
6 Cet	Gl 10|HD 693|HR 33|HIP 910	2.81608	-15.46798	18.886	m	4.95	3.569	F5 V	0.505
Gl 41	HD 5015|HR 244|HIP 4151	13.26767	61.12397	18.903	m	4.848	3.465	F8V	0.593
Gl 262	HD 52711|HR 2643|HIP 34017	105.87691	29.33708	18.95	m	6.006	4.618	G8IV	0.648
Gl 334.2	HD 78366|HR 3625|HIP 44897	137.21279	33.88221	18.95	m	6.001	4.613	F 9 V	0.64
Gl 1249	HD 190771|HR 7683|HIP 98921	301.29075	38.47847	19.035	m	6.255	4.857	G5IV	0.731
1 Cen	Gl 525.1|HD 119756|HR 5168|HIP 67153	206.42186	-33.04372	19.265	m	4.272	2.848	F3 V	0.4
110 Her	Gl 725.2|HD 173667|HR 7061|HIP 92043	281.41552	20.54631	19.352	m	4.243	2.809	F5IV	0.491
Gl 231.1A	HD 43587|HR 2251|HIP 29860	94.31722	5.1001	19.374	m	5.769	4.333	G 0.5VAB	0.656
53 Aqr	Gl 859B|HD 212698|HR 8544|HIP 110778	336.64286	-16.74193	19.415	m	6.293	4.852	G3 V	0.677
45 Boo	Gl 578|HD 134083|HR 5634|HIP 73996	226.82528	24.8692	19.536	m	4.974	3.52	F5VW	0.458
74 Ori	Gl 9207|HD 43386|HR 2241|HIP 29800	94.11091	12.27216	19.588	m	5.084	3.624	F5IV-V	0.45
HD 157347	HR 6465|HIP 85042	260.7137	-2.38818	19.62	m	6.356	4.893	G5 V	0.766
Gl 314A	HD 73752|HR 3430|HIP 42430	129.78295	-22.66183	19.621	m	5.372	3.908	G3/G5V	0.797
53 Aqr	Gl 859A|HD 212698|HR 8545	336.64458	-16.74242	20.08	m	6.21	4.696	G3 V	0.62
HD 217107	HR 8734|HIP 113421	344.56475	-2.39538	20.087	m	6.248	4.733	G8 IV/V	0.85
16 UMa	Gl 337.1|HD 79028|HR 3648|HIP 45333	138.58558	61.42332	20.237	m	5.255	3.724	F 9 V	0.647
Gl 857	HD 212330|HR 8531|HIP 110649	336.23483	-57.79744	20.34	m	5.387	3.845	G3 IV	0.742
Gl 822.1B		318.69831	38.04519	20.342	e	6.42	4.878	G0 V	0.6
22 Lyn	Gl 9234|HD 58855|HR 2849|HIP 36439	112.48315	49.67246	20.402	m	5.409	3.861	F6V	0.478
Gl 1282	HD 219482|HR 8843|HIP 114948	349.24039	-62.00118	20.443	m	5.705	4.152	F8 V	0.543
Gl 501.2	HD 114613|HR 4979|HIP 64408	198.01327	-37.80302	20.463	m	4.922	3.367	G3 V	0.775
Gl 654.1	HD 154417|HR 6349|HIP 83601	256.32008	0.70256	20.59	m	6.057	4.489	F8 V	0.625
Gl 4324	HD 219623|HR 8853|HIP 114924	349.17626	53.21347	20.61	m	5.642	4.072	F 8 V	0.584
Gl 196	HD 33564|HR 1686|HIP 25110	80.63972	79.23115	20.786	m	5.14	3.551	F6V	0.519
Gl 4.1A	HD 123|HR 5|HIP 518	1.56589	58.43681	20.789	m	6.422	4.833	G 5 V	0.701
Gl 540.3	HD 124580|HR 5325|HIP 69671	213.91119	-45.00075	20.902	m	6.373	4.772	G1 V	0.656
17 Cyg	Gl 767.1A|HD 187013|HR 7534|HIP 97295	296.60666	33.72759	20.986	m	5.056	3.446	F5	0.491
Gl 811	HD 199260|HR 8013|HIP 103389	314.19721	-26.29637	21.102	m	5.745	4.123	F7 V	0.528
Gl 765.1B	HD 186427|HR 7504|HIP 96901	295.46656	50.51752	21.128	m	6.231	4.607	G2V	0.732
Gl 746	HD 178428|HR 7260|HIP 93966	286.98884	16.85339	21.129	m	6.153	4.529	G 5 V	0.777
16 Cyg	Gl 765.1A|HD 186408|HR 7503|HIP 96895	295.45397	50.52506	21.131	m	5.997	4.372	G2V	0.722
50 Per	Gl 161.1|HD 25998|HR 1278|HIP 19335	62.15257	38.03973	21.192	m	5.572	3.941	F 7 V	0.557
40 Leo	Gl 388.1|HD 89449|HR 4054|HIP 50564	154.93404	19.47091	21.22	m	4.834	3.2	F6IV	0.498
Gl 23B		8.80989	-3.59307	21.254	e	6.4	4.763	G1 V	
13 Cet	Gl 23A|HD 3196|HR 142|HIP 2762	8.81202	-3.59282	21.254	e	5.265	3.628	F8 V	0.597
Gl 818.1B		317.33906	-73.17593	21.28	m	6.4	4.76		
Gl 818.1A	HD 200525|HR 8061|HIP 104440	317.34078	-73.17297	21.28	m	5.74	4.1	G3IV	0.63
Gl 773.3	HD 189340|HR 7637|HIP 98416	299.94717	-9.95826	21.307	m	5.941	4.298	G2 V	0.626
Gl 268.1	HD 55892|HR 2740|HIP 34834	108.14011	-46.75931	21.321	m	4.518	2.874	F0 IV	0.333
9 Cet	Gl 17.3|HD 1835|HR 88|HIP 1803	5.71578	-12.20944	21.334	m	6.455	4.81	G3 V	0.731
Gl 3523	HD 76932|HR 3578|HIP 44075	134.68306	-16.13273	21.419	m	5.871	4.217	F7/8 IV/V	0.559
71 Ori	Gl 3390|HD 43042|HR 2220|HIP 29650	93.71198	19.15645	21.776	m	5.245	3.555	F6V	0.463
Gl 3175	HD 16673|HR 784|HIP 12444	40.05176	-9.45287	21.779	m	5.849	4.159	F7 V	0.549
Gl 851.2	HD 210918|HR 8477|HIP 109821	333.66106	-41.38166	21.779	m	6.291	4.601	G5 V	0.719
Gl 3400A	HD 48189|HR 2468|HIP 31711	99.50161	-61.53339	21.879	m	6.323	4.623	G1/2 V	0.623
Gl 3394	HD 45184|HR 2318|HIP 30503	96.18284	-28.78011	21.892	m	6.444	4.743	G2 V	0.681
Gl 307.1	HD 71148|HR 3309|HIP 41484	126.90327	45.65299	21.938	m	6.39	4.684	G 5 V	0.69
Gl 397.2	HD 91324|HR 4134|HIP 51523	157.84092	-53.71548	22.062	m	4.946	3.228	F5 V	0.511
HD 26923	HR 1322|HIP 19859	63.87	6.18686	22.075	m	6.377	4.658	G0IV	0.632
Gl 773.4	HD 189245|HR 7631|HIP 98470	300.08438	-33.70345	22.147	m	5.704	3.977	F7 V	0.518
39 Leo	Gl 387A|HD 89125|HR 4039|HIP 50384	154.31058	23.10622	22.271	m	5.871	4.132	F 8 VB W	0.53
84 Cet	HD 16765|HR 790|HIP 12530	40.30834	-0.69566	22.287	m	5.823	4.083	F5 V	0.521
HD 108954	HR 4767|HIP 61053	187.7089	53.07661	22.309	m	6.268	4.526	F 8 V	0.61
HD 106516	HR 4657|HIP 59750	183.794	-10.31241	22.351	e	6.157	4.41	F6 V	0.48
HD 14214	HR 672|HIP 10723	34.506	1.7578	22.423	m	5.665	3.911	G0 V	0.633
Gl 385.1	HD 88742|HR 4013|HIP 50075	153.35304	-33.03172	22.432	m	6.429	4.675	G0 V	0.652
18 Pup	Gl 297.2A|HD 68146|HR 3202|HIP 40035	122.66594	-13.79921	22.553	m	5.582	3.816	F7 V	0.518
Gl 417	HD 97334|HR 4345|HIP 54745	168.1348	35.81408	22.697	m	6.476	4.696	G0V	0.681
94 Cet	Gl 128A|HD 19994|HR 962|HIP 14954	48.19348	-1.1961	22.882	m	5.135	3.338	G0 V	0.615
Gl 392.1	HD 90089|HR 4084|HIP 51502	157.76938	82.5586	23.022	m	5.297	3.486	F2V	0.395
Gl 570.1	HD 131923|HR 5566|HIP 73241	224.53667	-48.86299	23.153	m	6.427	4.604	G3/5 V	0.783
36 Dra	Gl 708.1|HD 168151|HR 6850|HIP 89348	273.4743	64.39729	23.157	m	5.037	3.214	F5V	0.45
Gl 708.4	HD 168009|HR 6847|HIP 89474	273.88527	45.20932	23.291	m	6.37	4.534	G 2 V	0.701
Gl 284	HD 62644|HR 2998|HIP 37606	115.7379	-45.17312	23.353	m	5.126	3.284	G6 IV	0.858
Gl 3852	HD 127334|HR 5423|HIP 70873	217.40337	41.79591	23.39	m	6.439	4.594	G 5 V	0.803
64 Psc	Gl 34.1|HD 4676|HR 225|HIP 3810	12.24462	16.94065	23.392	m	5.12	3.275	F8V	0.554
HD 212168	HR 8526|HIP 110712	336.46317	-75.01569	23.407	m	6.187	4.34	G3 V	0.652
88 Leo	Gl 3669A|HD 100180|HR 4437|HIP 56242	172.93727	14.3645	23.445	m	6.331	4.481	G 0 V	0.629
HD 167425	HR 6828|HIP 89805	274.9172	-63.88657	23.479	m	6.247	4.394	G0/1 V	0.637
Gl 105.4B		39.89194	-11.87107	23.537	m	5.6	3.741	F5 V	
Gl 162.1	HD 26491|HR 1294|HIP 19233	61.83982	-64.2223	23.595	m	6.447	4.583	G3 V	0.704
23 UMa	Gl 3559|HD 81937|HR 3757|HIP 46733	142.8818	63.06186	23.758	m	3.679	1.8	F0IV	0.367
Gl 871A	HD 214953|HR 8635|HIP 112117	340.65367	-47.2108	23.82	m	6.059	4.174	G0 V	0.614
12 Per	Gl 105.6|HD 16739|HR 788|HIP 12623	40.56214	40.19394	23.926	m	4.961	3.067	F8V	0.651
Gl 245.1	HD 49095|HR 2500|HIP 32366	101.34559	-31.79367	23.933	m	5.972	4.077	F7 V	0.518
27 Cyg	HD 191026|HR 7689|HIP 99031	301.59069	35.97247	23.992	m	5.48	3.58	K0IV	0.989
HD 134060	HR 5632|HIP 74273	227.68643	-61.42232	24.027	m	6.356	4.452	G2 V	0.687
37 Cet	Gl 54.2A|HD 7439|HR 366|HIP 5799	18.60017	-7.92282	24.053	m	5.188	3.282	F3 V	0.459
HD 190422	HR 7674|HIP 99137	301.89622	-55.01602	24.092	m	6.311	4.402	F8/G0 V	0.568
Gl 469.2A	HD 108799|HR 4758|HIP 60994	187.51993	-13.39317	24.296	m	6.488	4.56	G1/2 V	0.61
Gl 3519	HD 76653|HR 3570|HIP 43797	133.79909	-54.96577	24.342	m	5.753	3.821	F6 V	0.51
HD 121560	HR 5243|HIP 68030	208.95831	14.0565	24.51	m	6.227	4.28	F 6 V	0.54
Gl 198	HD 34721|HR 1747|HIP 24786	79.7103	-18.13005	24.704	m	6.017	4.053	G0 V	0.612
Gl 3701	HD 104731|HR 4600|HIP 58803	180.91488	-42.43406	24.731	m	5.196	3.23	F5 V	0.434
HD 195564	HR 7845|HIP 101345	308.09873	-9.85339	24.738	m	5.734	3.767	G6 V	0.773
Gl 398.1	HD 91889|HR 4158|HIP 51933	159.13493	-12.23012	24.754	m	5.765	3.797	G0 V	0.569
44 Oph	Gl 673.1|HD 157792|HR 6486|HIP 85340	261.59257	-24.17531	24.983	m	4.189	2.201	A3MF0 (IV)	0.309
Gl 754.2	HD 181655|HR 7345|HIP 94981	289.91249	37.33054	25.106	m	6.354	4.355	G8V	0.769
5 Ser	HD 136202|HR 5694|HIP 74975	229.82833	1.76541	25.128	m	5.118	3.117	F7/8 V	0.575
Gl 3880	HD 132254|HR 5581|HIP 73100	224.096	49.62845	25.159	m	5.689	3.686	F 8 V	0.559
HD 11262	HR 535|HIP 8514	27.45359	-38.4028	25.177	m	6.428	4.423	F6 V	0.545
Gl 249.1	HD 50223|HR 2548|HIP 32765	102.47756	-46.61456	25.21	m	5.187	3.179	F5 V	0.474
Gl 29	HD 3823|HR 176|HIP 3170	10.10695	-59.4546	25.258	m	5.96	3.948	F6/8 V	0.595
Gl 580.2	HD 136064|HR 5691|HIP 74605	228.65974	67.34672	25.285	m	5.21	3.196	F8V	0.586
78 UMa	HD 113139|HR 4931|HIP 63503	195.18187	56.36634	25.34	m	5.023	3.004	F2V	0.37
68 Eri	Gl 189.2|HD 33256|HR 1673|HIP 23941	77.18208	-4.45621	25.355	m	5.17	3.15	F5 V	0.457
94 Aqr	Gl 894.2A|HD 219834|HR 8866|HIP 115126	349.77777	-13.45855	25.38	m	5.27	3.248	G6/G8IV	0.865
Gl 4116	HD 184960|HR 7451|HIP 96258	293.58246	51.23662	25.431	m	5.768	3.741	F7V	0.518
Gl 862.1	HD 213429|HR 8581|HIP 111170	337.82631	-6.55515	25.518	m	6.223	4.189	F7 V	0.592
Gl 521.2A	HD 119124|HR 5148|HIP 66704	205.0968	50.51942	25.524	m	6.39	4.355	F 7 V	0.568
Gl 226.3	HD 41330|HR 2141|HIP 28908	91.53557	35.38774	25.652	m	6.186	4.14	G0V	0.643
Gl 22.2	HD 3158|HR 140|HIP 2711	8.61596	-52.37309	25.757	m	5.621	3.567	F6 V	0.494
Gl 9219	HD 50806|HR 2576|HIP 33094	103.39143	-28.53979	25.774	m	6.119	4.063	G3/5 V	0.784
Gl 310.1A	HD 72945|HR 3395|HIP 42172	128.96241	6.62023	26.027	m	5.983	3.906	F 8 V	0.556
HD 194012	HR 7793|HIP 100511	305.71821	14.5511	26.041	m	6.208	4.13	F8IB	0.523
HD 20367	HIP 15323	49.41686	31.12705	26.058	m	6.464	4.384	F0	0.617
18 Boo	Gl 3841|HD 125451|HR 5365|HIP 69989	214.81784	13.0043	26.105	m	5.443	3.359	F5IV	0.419
HD 30562	HR 1536|HIP 22336	72.15161	-5.67404	26.144	m	5.836	3.749	G5 V	0.698
HD 38382	HR 1980|HIP 27075	86.11831	-20.12657	26.161	m	6.406	4.318	F8/G0 V	0.609
Gl 4.2A	HD 142|HR 6|HIP 522	1.5799	-49.07519	26.182	m	5.76	3.67	F7 V	0.542
Gl 9417	HD 111456|HR 4867|HIP 62512	192.16444	60.31989	26.184	m	5.885	3.795	F5V	0.504
Gl 279	HD 60532|HR 2906|HIP 36795	113.51327	-22.29607	26.221	m	4.493	2.4	F6V	0.54
72 Oph	Gl 9615A|HD 165777|HR 6771|HIP 88771	271.83744	9.56385	26.229	m	3.722	1.628	A4IVs	0.159
Gl 333.1	HD 77370|HR 3598|HIP 44143	134.85076	-59.08371	26.262	m	5.212	3.115	F3 V	0.439
Gl 732.1	HD 175225|HR 7123|HIP 92549	282.89563	52.9752	26.534	m	5.612	3.493	G 8 IV	0.951
66 Vir	HD 116568|HR 5050|HIP 65420	201.13844	-5.164	26.679	m	5.799	3.668	K2 V	0.447
HD 203454	HR 8170|HIP 105406	320.25594	40.34502	26.689	m	6.45	4.318	F8V	0.587
Gl 81.3	HD 12042|HR 573|HIP 9085	29.24993	-51.76624	26.702	m	6.148	4.015	F6/7 V	0.508
HD 92140	HR 4167|HIP 51986	159.32576	-48.22562	26.714	m	3.872	1.738	A3m+...	0.324
Gl 3188	HD 17948|HR 860|HIP 13665	43.98716	61.52114	26.752	m	5.634	3.497	F 6 VA VW	0.446
37 UMa	HD 91480|HR 4141|HIP 51814	158.79026	57.08264	26.778	m	5.189	3.05	F1V	0.358
Gl 9578	HD 151613|HR 6237|HIP 82020	251.3242	56.78185	26.79	m	4.881	2.741	F2V	0.388
HD 35850	HR 1817|HIP 25486	81.76985	-11.90097	26.843	m	6.358	4.214	F7/8 V	0.586
HD 108309	HR 4734|HIP 60729	186.70059	-48.91319	26.866	m	6.326	4.18	G3/5 V	0.739
89 Leo	Gl 9367|HD 100563|HR 4455|HIP 56445	173.59146	3.06016	26.896	m	5.809	3.661	F6 V	0.497
HD 128429	HR 5455|HIP 71469	219.24906	-12.30534	26.896	m	6.247	4.099	F6/7 V	0.492
Gl 243	HD 48938|HR 2493|HIP 32322	101.21647	-27.34167	26.901	m	6.494	4.345	F7 V	0.564
15 Peg	Gl 4234|HD 207978|HR 8354|HIP 107975	328.12466	28.79354	26.984	m	5.572	3.416	F 5 V	0.449
9 Aur	Gl 187.2A|HD 32537|HR 1637|HIP 23783	76.66929	51.59772	26.987	m	5.014	2.858	F0V	0.342
Gl 9557A	HD 147365|HR 6091|HIP 80008	244.97975	39.70859	26.998	m	5.528	3.371	F 3 V	0.421
Gl 67.1	HD 10800|HR 512|HIP 7601	24.48148	-82.975	27.018	m	5.947	3.789	G1/2 V	0.666
Gl 4126	HD 187923|HR 7569|HIP 97767	298.01432	11.62833	27.025	m	6.23	4.071	G2V	0.706
11 Aqr	HD 199960|HR 8041|HIP 103682	315.141	-4.73026	27.029	m	6.264	4.105	G5/6 V	0.694
1 Hya	Gl 306|HD 70958|HR 3297|HIP 41211	126.14589	-3.75124	27.051	m	5.665	3.504	F5 V	0.483
Gl 9200	HD 41700|HR 2157|HIP 28764	91.1185	-45.0366	27.135	m	6.394	4.226	F8/G0 V	0.569
Gl 31.3	HD 4247|HR 197|HIP 3505	11.18498	-22.00614	27.154	m	5.26	3.091	F0 V	0.347
Gl 224.1	HD 40409|HR 2102|HIP 27890	88.52534	-63.08969	27.324	m	4.759	2.576	K1 III/IV	1.217
59 Dra	Gl 748.1|HD 180777|HR 7312|HIP 94083	287.29115	76.5605	27.37	m	5.144	2.958	F2V	0.318
HD 75332	HR 3499|HIP 43410	132.63426	33.28505	27.382	m	6.272	4.085	F 8 V	0.576
HD 199623	HR 8027|HIP 103673	315.08951	-51.26532	27.427	m	5.814	3.623	F5/6 V	0.49
51 Aql	HD 187532|HR 7553|HIP 97650	297.69493	-10.76351	27.459	m	5.425	3.232	F3 V	0.379
37 Cap	HD 205289|HR 8245|HIP 106559	323.71271	-20.08428	27.506	m	5.744	3.547	F5 V	0.428
16 Lib	Gl 9503|HD 132052|HR 5570|HIP 73165	224.29583	-4.34646	27.514	m	4.503	2.305	F2 V	0.332
21 LMi	Gl 378.3|HD 87696|HR 3974|HIP 49593	151.85734	35.24469	27.532	m	4.498	2.299	A7V	0.209
38 Cas	HD 9021|HR 427|HIP 7078	22.80731	70.2646	27.576	m	5.873	3.67	F 6 V	0.502
Gl 297.1	HD 68456|HR 3220|HIP 39903	122.25277	-61.30241	27.588	m	4.792	2.588	F5 V	0.451
13 Ori	Gl 3334|HD 33021|HR 1662|HIP 23852	76.90964	9.47178	27.589	m	6.246	4.042	G 1 IV	0.681
HD 144585	HR 5996|HIP 78955	241.76403	-14.0713	27.605	m	6.395	4.19	G5 V	0.73
Gl 3115	HD 11007|HR 523|HIP 8433	27.17321	32.6902	27.71	m	5.847	3.634	F 8 V	0.616
HD 88215	HR 3991|HIP 49809	152.52453	-12.81592	27.744	m	5.338	3.122	F2/3 IV/V	0.374
Gl 558.1	HD 128020|HR 5443|HIP 71530	219.44274	-67.93201	27.763	m	6.095	3.878	F7 V	0.541
Gl 3663	HD 99453|HR 4413|HIP 55779	171.42978	-63.97248	27.861	m	5.224	2.999	F7 V	0.524
HD 41742	HR 2158|HIP 28790	91.16711	-45.0789	27.949	m	6.019	3.787	F5 V	0.486
HD 100287	HR 4443|HIP 56280	173.06834	-29.26102	28.087	m	5.644	3.401	F8V	0.574
HD 31675	HR 1594|HIP 23484	75.71015	66.82297	28.111	m	6.251	4.007	F6V:	0.527
6 And	HD 218804|HR 8825|HIP 114430	347.61336	43.54427	28.128	m	5.954	3.708	F5IV	0.476
Gl 496B		195.94012	-20.58335	28.209	e	6.4	4.148		
Gl 496A	HD 113415|HR 4935|HIP 63738	195.94203	-20.58342	28.209	e	6.252	4	F7 V	0.608
Gl 431.1A	HD 100203|HR 4439|HIP 56290	173.08646	61.08252	28.268	m	5.553	3.297	F6V	0.538
HD 182807	HR 7386|HIP 95492	291.35733	24.91277	28.302	m	6.251	3.992	F6V	0.547
49 Lib	Gl 3931|HD 143333|HR 5954|HIP 78400	240.08165	-16.53334	28.355	m	5.512	3.249	F7 V	0.538
HD 224022	HR 9046|HIP 117880	358.66093	-40.30006	28.362	m	6.079	3.815	G0 V	0.632
Gl 9706	HD 198084|HR 7955|HIP 102431	311.33803	57.57973	28.382	m	4.571	2.306	F8IV	0.585
HD 109409	HR 4788|HIP 61379	188.67664	-44.67302	28.46	m	5.839	3.568	G0/2 V	0.753
Gl 855.1B		336.12182	-72.25698	28.467	m	6.1	3.828		
Gl 27.2	HD 3795|HR 173|HIP 3185	10.1367	-23.80486	28.53	m	6.221	3.944	G3/5 V	0.791
111 Her	HD 173880|HR 7069|HIP 92161	281.75528	18.18151	28.573	m	4.356	2.076	AM	0.145
15 UMa	Gl 3534|HD 78209|HR 3619|HIP 44901	137.21794	51.60465	28.628	m	4.479	2.195	Am	0.316
Gl 3449A	HD 59984|HR 2883|HIP 36640	113.02401	-8.88133	28.667	m	5.976	3.689	G5/8 V + (F)	0.561
HD 172555	HR 7012|HIP 92024	281.36209	-64.87126	28.789	m	4.793	2.497	A5 IV/V	0.222
5 Pup	HD 63336|HR 3029|HIP 38048	116.9863	-12.19271	28.8	m	5.731	3.434	F6 V	0.472
19 LMi	Gl 3574|HD 86146|HR 3928|HIP 48833	149.42106	41.05563	28.918	m	5.157	2.851	F5V	0.493
Gl 1109	HD 70060|HR 3270|HIP 40706	124.6388	-36.65929	28.949	m	4.46	2.152	A4(M)A5-A7	0.24
HD 75289	HR 3497|HIP 43177	131.91829	-41.73679	29.024	m	6.408	4.094	G0 V	0.634
37 Lib	HD 138716|HR 5777|HIP 76219	233.54459	-10.06453	29.103	m	4.722	2.402	K1 V	1.175
HD 80290	HR 3697|HIP 45836	140.18234	51.26606	29.196	m	6.186	3.859	F 4 V	0.446
HD 219077	HR 8829|HIP 114699	348.52745	-62.7	29.197	m	6.208	3.881	G8 V	0.879
29 Ari	Gl 3161|HD 15814|HR 741|HIP 11843	38.22558	15.03455	29.28	m	6.052	3.719	F 8 V	0.605
Gl 539.1	HD 122862|HR 5279|HIP 69090	212.11319	-74.85029	29.283	m	6.081	3.748	G2/3 IV	0.621
HD 218261	HR 8792|HIP 114096	346.63286	19.91085	29.345	m	6.497	4.159	F 7 V	0.586
Gl 9212A	HD 45588|HR 2349|HIP 30711	96.7974	-25.8565	29.39	m	6.114	3.773	F8/G0V	0.575
HD 174160	HR 7079|HIP 92270	282.06834	23.51475	29.41	m	6.238	3.896	F7IAB	0.533
HD 22468	HR 1099|HIP 16846	54.19706	0.58776	29.43	m	6	3.656	K1 V	1.005
Gl 4384A	HD 224636|HR 9074|HIP 118281	359.87208	33.72388	29.479	m	6.461	4.113	F8	0.555
38 Gem	Gl 9220A|HD 50635|HR 2564|HIP 33202	103.66098	13.17782	29.483	m	4.751	2.403	F0V	0.307
35 Leo	HD 89010|HR 4030|HIP 50319	154.13454	23.5031	29.61	m	6.031	3.674	G 2 IV	0.731
HD 145148	HR 6014|HIP 79137	242.2967	6.3787	29.643	m	6.054	3.694	K0IV	1.148
Gl 3443	HD 59380|HR 2866|HIP 36399	112.35685	-7.55116	29.732	m	5.908	3.542	F6 V	0.512
53 Her	HD 152598|HR 6279|HIP 82587	253.24191	31.70168	29.761	m	5.371	3.003	F 0 V	0.332
HD 9562	HR 448|HIP 7276	23.42849	-7.02534	29.777	m	5.822	3.453	G3 V	0.712
HD 49933	HR 2530|HIP 32851	102.70763	-0.54088	29.821	m	5.816	3.443	F2 V	0.402
Gl 404.1	HD 94510|HR 4257|HIP 53253	163.37356	-58.85317	29.831	m	3.882	1.509	K1 III	1.069
HD 14691	HR 692|HIP 11029	35.50639	-10.77753	29.843	m	5.465	3.091	F2 V	0.388
51 Eri	HD 29391|HR 1474|HIP 21547	69.40055	-2.47355	29.905	m	5.244	2.865	F0 V	0.302
HD 134044	HR 5630|HIP 73941	226.64644	36.45606	29.932	m	6.411	4.03	F 8 V	0.56
HD 63332	HR 3028|HIP 38325	117.77378	54.12924	30.003	m	6.075	3.689	F 7 IV-V	0.51
Gl 403.1	HD 94388|HR 4251|HIP 53252	163.37305	-20.13873	30.091	m	5.287	2.895	F6 V	0.513
HD 152311	HR 6269|HIP 82621	253.35512	-20.41556	30.288	m	5.936	3.53	G5 IV	0.774
15 Del	HD 198390|HR 7973|HIP 102805	312.40737	12.54513	30.3	m	6.042	3.635	F 6 V	0.461
HD 31746	HR 1597|HIP 22844	73.72098	-58.54765	30.402	m	6.157	3.742	F5 V	0.455
HD 139211	HR 5803|HIP 76716	234.9856	-59.90833	30.529	m	5.995	3.571	F6 V	0.525
HD 60584	HR 2909|HIP 36817	113.57759	-23.47366	30.538	m	5.821	3.397	F5/7 V	0.461
54 Hya	Gl 561.1A|HD 129926|HR 5497|HIP 72197	221.50033	-25.44318	30.632	m	5.125	2.694	F0 V + G/K	0.332
HD 139460	HR 5815|HIP 76602	234.66648	-8.79473	30.65	m	6.493	4.061	F5/8	0.543
HD 150453	HR 6202|HIP 81754	250.47371	-19.92437	30.852	m	5.608	3.162	F3 V	0.442
HD 167665	HR 6836|HIP 89620	274.34898	-28.28897	30.864	m	6.418	3.971	F8 V	0.552
HD 95456	HR 4298|HIP 53818	165.16993	-31.83936	30.867	m	6.112	3.665	F8 V	0.572
Gl 344A	HD 81809|HR 3750|HIP 46404	141.94495	-6.07123	30.96	m	5.483	3.029	G3 V	0.713
HD 162917	HR 6670|HIP 87558	268.3091	6.10142	31.002	m	5.81	3.353	F 5 V	0.467
Gl 4340	HD 221420|HR 8935|HIP 116250	353.33161	-77.38533	31.15	m	5.884	3.417	G2 V	0.759
Gl 9691	HD 193307|HR 7766|HIP 100412	305.42098	-49.99941	31.219	m	6.319	3.847	G0 V	0.591
75 Cnc	Gl 9286|HD 78418|HR 3626|HIP 44892	137.19721	26.62911	31.234	m	6.028	3.555	G 5 IV	0.745
HD 211976	HR 8514|HIP 110341	335.23249	8.18674	31.418	m	6.216	3.73	F 6 V	0.493
HD 155974	HR 6405|HIP 84489	259.09002	-35.7503	31.448	m	6.141	3.653	F6 V	0.508
HD 120066	HR 5183|HIP 67246	206.73801	6.35038	31.466	m	6.402	3.913	G 0 V	0.694
13 Tri	Gl 99.1|HD 15335|HR 720|HIP 11548	37.20206	29.93176	31.543	m	5.968	3.474	G0	0.634
HD 175317	HR 7126|HIP 92882	283.87919	-16.37664	31.56	m	5.598	3.102	F5/6 IV/V	0.471
HD 192886	HR 7749|HIP 100184	304.82438	-47.58029	31.589	m	6.185	3.687	F5 V	0.485
HD 88955	HR 4023|HIP 50191	153.68398	-42.12194	31.609	m	3.836	1.337	A1 V	0.071
HD 32820	HR 1651|HIP 23555	75.9748	-41.74495	31.625	m	6.364	3.864	F6 V	0.568
HD 103026	HR 4548|HIP 57841	177.92337	-30.83481	31.63	m	5.91	3.409	F8 V	0.588
35 Dra	HD 163989|HR 6701|HIP 87234	267.36263	76.96288	31.658	m	5.075	2.573	F6IV	0.539
Gl 764.2	HD 184985|HR 7454|HIP 96536	294.39339	-14.3018	31.669	m	5.508	3.005	F7 V	0.527
HD 127821	HR 5436|HIP 70952	217.69196	63.18579	31.688	m	6.143	3.639	F 5 IV	0.45
HD 29645	HR 1489|HIP 21847	70.4594	38.28018	31.694	m	6.034	3.529	G 0 V	0.645
HD 17926	HR 858|HIP 13363	42.98436	-30.81452	31.704	m	6.438	3.932	F6 V	0.518
Gl 379.1A	HD 88218|HR 3992|HIP 49769	152.38237	-35.85678	31.732	m	6.223	3.715	G1 V	0.667
Gl 9726	HD 201647|HR 8100|HIP 104680	318.05713	-40.26936	31.788	m	5.864	3.353	F6 V	0.469
112 Psc	HD 12235|HR 582|HIP 9353	30.03817	3.09702	31.797	m	5.94	3.428	G0 V	0.663
HD 149837	HR 6177|HIP 81657	250.21032	-60.44646	31.877	m	6.292	3.775	F6 V	0.495
HD 162396	HR 6649|HIP 87523	268.2191	-41.99652	31.92	m	6.254	3.734	F8 IV/V	0.563
13 Peg	HD 207652|HR 8344|HIP 107788	327.53623	17.28585	31.94	m	5.382	2.86	F2III-IV	0.407
HD 15064	HR 706|HIP 11231	36.14118	-40.84045	32.069	m	6.247	3.717	G2 V	0.711
24 UMa	Gl 355.1|HD 82210|HR 3771|HIP 46977	143.62025	69.83034	32.098	m	4.633	2.101	G4III-IV	0.874
30 Lyn	HD 69548|HR 3254|HIP 40875	125.10858	57.74328	32.12	m	5.924	3.39	F 4 V	0.423
HD 93372	HR 4213|HIP 52535	161.11233	-72.4435	32.131	m	6.318	3.783	F6 V	0.529
42 Aql	HD 185124|HR 7460|HIP 96556	294.44716	-4.64764	32.137	m	5.485	2.95	F3 IV/V	0.45
HD 157950	HR 6493|HIP 85365	261.65784	-5.0866	32.272	m	4.569	2.025	F3V	0.41
18 Cet	Gl 1020|HD 4307|HR 203|HIP 3559	11.36953	-12.88081	32.382	m	6.213	3.661	G2 V	0.668
HD 31975	HR 1606|HIP 22717	73.27353	-72.40768	32.445	m	6.342	3.786	F6 V	0.551
63 Gem	HD 58728|HR 2846|HIP 36238	111.93482	21.44526	32.46	m	5.283	2.726	F5IV-V	0.468
Gl 4039A	HD 163840|HR 6697|HIP 87895	269.30969	23.99588	32.464	m	6.396	3.839	G 2 V	0.712
HD 210884	HR 8474|HIP 109474	332.66162	70.13257	32.586	m	5.563	2.998	F2	0.382
16 Psc	HD 221950|HR 8954|HIP 116495	354.09702	2.10222	32.592	m	5.719	3.153	F5 V	0.474
Gl 6	HD 400|HR 17|HIP 699	2.17057	36.62713	32.607	m	6.26	3.693	F 7 V	0.537
HD 83446	HR 3836|HIP 47175	144.20641	-49.35504	32.646	m	4.358	1.789	A5 IV/V	0.194
47 Ari	HD 18404|HR 878|HIP 13834	44.52176	20.66873	32.663	m	5.836	3.266	F 4 V	0.448
HD 28454	HR 1418|HIP 20781	66.77489	-46.9475	32.675	m	6.154	3.583	F5/6 V	0.482
HD 147723	HR 6105|HIP 80399	246.16573	-29.70465	32.798	m	5.887	3.308	G0	0.648
HD 18894	HR 913|HIP 14124	45.53865	-6.49454	32.829	m	6.262	3.681	G0 V	0.647
HD 3440	HR 158|HIP 3132	9.94689	82.49376	32.86	m	6.453	3.87	F6V:	0.596
HD 45067	HR 2313|HIP 30545	96.31894	-0.94588	32.884	m	5.931	3.346	F8 V	0.597
HD 155826	HR 6398|HIP 84425	258.89978	-38.59395	32.891	m	6.021	3.436	G0 V	0.627
HD 125040	HR 5346|HIP 69751	214.13684	20.12186	33.101	m	6.467	3.868	F 8 V	0.496
47 Cas	HD 12230|HR 581|HIP 9727	31.28074	77.28131	33.157	e	5.308	2.705	A 7 V	0.347
109 Psc	HD 10697|HR 508|HIP 8159	26.23261	20.08315	33.164	m	6.359	3.756	G 5 IV	0.788
HD 197373	HR 7925|HIP 102011	310.07456	60.50526	33.271	m	6.057	3.447	F 5 V	0.471
67 UMa	HD 104513|HR 4594|HIP 58684	180.52834	43.04564	33.337	m	5.241	2.626	F 0 VAM	0.293
38 Vir	Gl 9421|HD 111998|HR 4891|HIP 62875	193.29649	-3.5531	33.436	m	6.152	3.531	F6 V	0.532
53 Vir	HD 114642|HR 4981|HIP 64407	198.01476	-16.1986	33.444	m	5.084	2.462	F6 V	0.501
33 Peg	HD 212395|HR 8532|HIP 110548	335.91485	20.84823	33.543	m	6.276	3.648	F 7 V	0.527
HD 99747	HR 4421|HIP 56035	172.26902	61.77836	33.606	m	5.867	3.235	F 5 VA VW	0.39
Gl 4147	HD 195838|HR 7855|HIP 101507	308.54874	-13.72109	33.611	m	6.178	3.546	G0 V	0.576
14 Boo	HD 124570|HR 5323|HIP 69536	213.52158	12.95945	33.657	m	5.596	2.961	F 7 IV	0.584
HD 102634	HR 4533|HIP 57629	177.25534	-0.31867	33.659	m	6.19	3.554	F8 V	0.559
HD 64185	HR 3070|HIP 38160	117.30366	-60.28365	33.75	m	5.819	3.178	F3 IV/V	0.434
HD 143466	HR 5960|HIP 78180	239.44767	54.74977	33.761	m	4.987	2.345	F0IV	0.293
HD 214850	HR 8631|HIP 111974	340.21955	14.54921	33.795	e	5.83	3.186	G 3 V	0.829
HD 106112	HR 4646|HIP 59504	183.04977	77.61624	33.807	m	5.178	2.533	AM	0.356
HD 171834	HR 6987|HIP 91237	279.16281	6.67181	33.886	m	5.469	2.819	F 3 IV	0.386
HD 50571	HR 2562|HIP 32775	102.50423	-60.24914	33.928	m	6.151	3.498	F5 V	0.483
Gl 340.1B		139.3272	-68.68945	33.943	m	6.13	3.476		
Gl 340.1A	HD 80671|HR 3712|HIP 45571	139.32182	-68.68965	33.943	m	5.437	2.783	F5 V	0.425
HD 128582	HR 5457|HIP 71639	219.7952	-46.58448	34.002	m	6.109	3.451	F6 V	0.542
HD 196885	HR 7907|HIP 101966	309.96617	11.24966	34.005	m	6.448	3.79	F 6 V	0.587
26 Oph	HD 153363|HR 6310|HIP 83196	255.03964	-24.98907	34.005	m	5.777	3.119	F3 V	0.414
HD 204153	HR 8208|HIP 105769	321.33145	46.71434	34.092	m	5.62	2.957	F 0 V	0.352
HD 192985	HR 7756|HIP 99889	304.00255	45.57953	34.148	m	5.914	3.247	F 4 V	0.446
HD 201772	HR 8104|HIP 104738	318.26278	-39.42492	34.15	m	5.296	2.629	F5 V	0.463
HD 109799	HR 4803|HIP 61621	189.42617	-27.13889	34.15	m	5.45	2.783	F0 V	0.351
HD 35681	HIP 25580	82.00391	33.76371	34.254	m	6.466	3.792	F5	0.519
HD 132375	HR 5583|HIP 73309	224.71993	-4.98925	34.307	m	6.144	3.467	F7 V	0.527
HD 91312	HR 4132|HIP 51658	158.30787	40.42556	34.311	m	4.742	2.065	A7IV	0.228
45 Oph	HD 157919|HR 6492|HIP 85423	261.83864	-29.86703	34.345	m	4.317	1.638	F3 III	0.432
5 And	HD 218470|HR 8805|HIP 114210	346.9391	49.29578	34.369	m	5.727	3.046	F5V	0.452
96 Aqr	HD 219877|HR 8868|HIP 115142	349.84991	-5.12435	34.383	m	5.615	2.933	F2 V	0.402
HD 71196	HR 3316|HIP 41282	126.32917	-21.04596	34.486	m	6.035	3.347	F2/3 V	0.43
HD 214810	HR 8629|HIP 111965	340.19985	-3.55427	34.538	m	6.394	3.703	F6 V	0.549
80 Psc	HD 6763|HR 330|HIP 5346	17.0925	5.64982	34.559	m	5.541	2.848	F0III-IV	0.353
HD 218630	HR 8814|HIP 114382	347.4891	-42.86124	34.58	m	5.884	3.19	F5 V	0.505
31 Ari	HD 16234|HR 763|HIP 12153	39.15799	12.44764	34.599	m	5.7	3.005	F 8 V	0.537
21 Eri	HD 22713|HR 1111|HIP 17027	54.75466	-5.62621	34.615	m	6.068	3.372	K0 IV	1.056
48 Cas	HD 12111|HR 575|HIP 9480	30.48929	70.90706	34.686	m	4.647	1.946	A4V	0.14
HD 21899	HR 1076|HIP 16310	52.55658	-41.36994	34.717	m	6.169	3.466	F5/6 V	0.529
HD 57852	HR 2813|HIP 35564	110.08916	-52.31162	34.923	m	6.003	3.287	F0/2 IV/V	0.45
HD 160910	HR 6594|HIP 86623	265.49433	15.95245	35.072	m	5.594	2.869	F 4 V W	0.4
HD 25621	HR 1257|HIP 18993	61.04114	2.82694	35.117	m	5.399	2.671	F6 V	0.537
HD 109536	HR 4794|HIP 61468	188.93971	-41.02194	35.154	m	5.143	2.413	A5 IV/V (+ F)	0.251
HD 25570	HR 1254|HIP 18975	60.98585	8.19727	35.187	m	5.48	2.748	F2V	0.383
HD 40292	HR 2094|HIP 27947	88.70872	-52.63548	35.298	m	5.316	2.577	A9/F0 IV/V	0.302
HD 31662	HR 1593|HIP 23380	75.40018	61.078	35.306	m	6.077	3.338	F 5 V	0.465
HD 139461	HR 5816|HIP 76603	234.66701	-8.7915	35.339	m	6.437	3.696	F5/8	0.519
Gl 3002	HD 225239|HR 9107|HIP 394	1.224	34.65978	35.357	m	6.172	3.43	G2V	0.683
47 Cet	HD 8829|HR 421|HIP 6748	21.71486	-13.05651	35.421	m	5.543	2.797	F0 V	0.328
Gl 4033	HD 162521|HIP 87822	269.10123	-65.72173	35.518	m	6.414	3.662	F5 V	0.463
HD 119288	HR 5156|HIP 66860	205.55317	8.3884	35.577	m	6.212	3.456	F 3 VP	0.425
HD 20631	HR 997|HIP 15411	49.67142	-18.55978	35.595	m	5.88	3.123	F3 V	0.355
HD 118261	HR 5113|HIP 66438	204.3017	-61.69186	35.727	e	5.724	2.959	F7 V	0.532
HD 154962	HR 6372|HIP 83906	257.22717	-3.883	35.742	m	6.435	3.669	G8 IV (+A)	0.778
HD 89569	HR 4061|HIP 50493	154.65795	-56.11039	35.782	m	5.85	3.082	F7 V	0.51
HD 165438	HR 6756|HIP 88684	271.56332	-4.75125	35.813	m	5.85	3.08	K0 IV	1.135
18 UMa	Gl 3541|HD 79439|HR 3662|HIP 45493	139.0472	54.02186	35.832	m	4.83	2.059	A5V	0.212
42 Cap	HD 206301|HR 8283|HIP 107095	325.38692	-14.04761	35.891	m	5.233	2.458	G2 V	0.745
HD 152303	HR 6267|HIP 81854	250.77622	77.51398	35.955	m	6.064	3.285	F 4 V	0.427
Gl 9209A	HD 44120|HR 2274|HIP 29788	94.07827	-59.2135	36.028	m	6.493	3.71	G0 V	0.638
HD 139798	HR 5830|HIP 76568	234.56758	46.7977	36.104	m	5.784	2.996	F2V	0.373
HD 47415	HR 2439|HIP 31850	99.88118	24.60017	36.111	m	6.479	3.691	F 8 IV	0.565
Gl 9666	HD 186185|HR 7496|HIP 97063	295.88975	-15.4701	36.165	m	5.535	2.744	F5 V	0.486
HD 73121	HR 3404|HIP 42123	128.80225	-39.97046	36.166	m	6.498	3.707	G1 V	0.633
HD 136442	HR 5706|HIP 75101	230.19592	-2.41333	36.188	m	6.452	3.659	K2 III	1.272
HD 113337	HR 4934|HIP 63584	195.44552	63.61023	36.199	m	6.057	3.264	F 5 V	0.445
HD 30743	HR 1545|HIP 22439	72.42602	-13.76967	36.253	m	6.317	3.52	F3/5 V	0.474
HD 182101	HR 7354|HIP 95253	290.70146	9.91315	36.32	m	6.398	3.597	F2II	0.476
HD 13201	HR 624|HIP 10050	32.3463	17.2242	36.321	m	6.471	3.67	F 5 V	0.448
HD 43318	HR 2233|HIP 29716	93.89277	-0.51219	36.336	m	5.67	2.868	F5 V	0.52
12 Boo	Gl 9470|HD 123999|HR 5304|HIP 69226	212.59972	25.09168	36.385	m	4.868	2.063	F8IV	0.583
HD 59438	HR 2868|HIP 36395	112.34112	-14.9986	36.485	m	6.39	3.579	F5 V	0.45
16 Cep	HD 209369|HR 8400|HIP 108535	329.81236	73.17989	36.73	m	5.088	2.263	F5V	0.472
32 Lyn	HD 72291|HR 3365|HIP 41975	128.34054	36.43643	36.792	m	6.231	3.402	F 5 VB VW	0.402
HD 169830	HR 6907|HIP 90485	276.95619	-29.81687	36.838	m	5.961	3.13	F8 V	0.548
22 Leo	HD 85376|HR 3900|HIP 48390	147.97097	24.39536	36.853	m	5.319	2.487	A5V	0.256
HD 177389	HR 7221|HIP 94150	287.47028	-68.42445	36.865	m	5.405	2.572	G8/K0 III/IV	1.027
HD 46569	HR 2400|HIP 31079	97.82632	-51.82595	36.871	m	5.635	2.802	F7/8 IV	0.577
HD 170773	HR 6948|HIP 90936	278.25381	-39.89202	36.934	m	6.266	3.429	F5 V	0.443
36 Per	HD 21770|HR 1069|HIP 16499	53.10941	46.05686	36.958	m	5.343	2.504	F4III	0.419
HD 191195	HR 7697|HIP 99026	301.55769	53.16569	36.96	m	5.86	3.021	F 4 V	0.447
HD 92787	HR 4191|HIP 52469	160.88704	46.20387	36.97	m	5.213	2.374	F 1 IV	0.339
HD 56963	HR 2776|HIP 35643	110.32291	45.2282	37.057	m	5.779	2.935	F 1 V	0.351
HD 33093	HR 1665|HIP 23831	76.85401	-12.49127	37.058	m	6.025	3.181	G2 V	0.666
23 And	HD 905|HR 41|HIP 1086	3.3785	41.03537	37.214	m	5.738	2.884	F 0 IV	0.343
HD 33608	HR 1687|HIP 24162	77.8299	-2.49078	37.224	m	5.945	3.091	F5 V	0.488
HD 28246	HR 1404|HIP 20630	66.32966	-44.16089	37.27	m	6.434	3.577	F5 IV/V	0.458
HD 58461	HR 2832|HIP 35998	111.28465	-13.75198	37.294	m	5.828	2.97	F3 V	0.432
HD 9895	HIP 7443	23.96069	-39.94712	37.305	m	6.48	3.621	F3/5 V	0.438
Gl 2030A	HD 21019|HR 1024|HIP 15776	50.82375	-7.7941	37.325	m	6.307	3.447	G5/6 V	0.777
HD 208801	HR 8382|HIP 108506	329.7291	-4.37311	37.379	m	6.342	3.479	G8/K0 III	1.175
HD 98560	HR 4384|HIP 55280	169.81848	-64.58249	37.435	m	6.042	3.176	F5 V	0.481
57 Vir	Gl 503.3|HD 115202|HR 5001|HIP 64725	198.99488	-19.9431	37.471	m	5.333	2.465	K1 III	1.187
45 Tau	HD 26462|HR 1292|HIP 19554	62.83451	5.52305	37.545	m	5.744	2.871	F4V	0.376
Gl 9423	HD 112164|HR 4903|HIP 63033	193.74384	-44.15196	37.551	m	5.951	3.078	G1 V	0.687
32 Psc	HD 225003|HR 9093|HIP 194	0.62376	8.48546	37.556	m	5.728	2.855	F 2 V A	0.331
55 Vir	HD 114946|HR 4995|HIP 64577	198.5454	-19.93095	37.628	m	5.418	2.54	G8 III/IV	0.985
60 Leo	HD 95608|HR 4300|HIP 53954	165.5824	20.17984	37.643	m	4.405	1.527	A1V	0.067
14 Eri	HD 20395|HR 988|HIP 15244	49.14901	-9.15464	37.644	m	6.191	3.312	F3/5 V	0.427
66 Cet	Gl 87.1A|HD 13612|HR 650|HIP 10305	33.19809	-2.39363	37.682	m	5.721	2.84	G0/2 V	0.609
33 Sex	HD 92588|HR 4182|HIP 52316	160.35078	-1.74149	37.72	m	6.35	3.467	K1 V	1.02
HD 210855	HR 8472|HIP 109572	332.9532	56.83936	37.739	m	5.305	2.421	F6V	0.552
HD 116457	HR 5048|HIP 65479	201.30803	-64.48515	38.077	m	5.359	2.456	F3 IV/V	0.419
HD 70110	HR 3271|HIP 40858	125.05416	-0.90931	38.078	m	6.245	3.342	G0 V	0.645
HD 2454	HR 107|HIP 2235	7.08356	10.18984	38.092	m	6.083	3.179	F 6 VA VW	0.456
HD 109141	HR 4776|HIP 61212	188.15	-13.85911	38.098	m	5.77	2.865	F3 IV/V	0.394
43 Per	HD 24546|HR 1210|HIP 18453	59.15217	50.69537	38.143	m	5.32	2.413	F5IV	0.444
HD 8673	HR 410|HIP 6702	21.53661	34.57969	38.163	m	6.397	3.489	F 6 V	0.512
46 Tau	HD 26690|HR 1309|HIP 19719	63.38794	7.71605	38.232	m	5.332	2.42	F3V	0.379
HD 2589	HR 112|HIP 2422	7.72951	77.0194	38.254	m	6.292	3.379	K0IV	1.003
HD 157373	HR 6467|HIP 84855	260.14073	48.18879	38.289	m	6.409	3.494	F 6 VA VW	0.431
HD 126141	HR 5387|HIP 70310	215.77842	25.33817	38.392	m	6.252	3.331	F 5 V	0.412
42 Lyn	HD 83287|HR 3829|HIP 47300	144.59073	40.23979	38.493	m	5.304	2.377	F 0 V	0.244
HD 131117	HR 5542|HIP 72772	223.13792	-30.57725	38.544	m	6.363	3.433	G0/1 V	0.651
Gl 9326	HD 89744|HR 4067|HIP 50786	155.54401	41.22953	38.56	m	5.782	2.851	F 8 V	0.577
16 Per	HD 17584|HR 840|HIP 13254	42.64609	38.31865	38.693	m	4.253	1.315	F2III	0.382
HD 64685	HR 3087|HIP 38712	118.88097	8.86284	38.748	m	5.903	2.962	F 2 V	0.371
HD 159332	HR 6541|HIP 85912	263.3451	19.25667	38.779	m	5.704	2.761	F 6 V	0.521
16 Lyr	HD 177196|HR 7215|HIP 93408	285.3599	46.93482	38.785	m	5.03	2.087	A 7 V	0.205
43 Cyg	HD 195069|HR 7828|HIP 100859	306.75944	49.38336	39.057	m	5.753	2.794	A0	0.334
HD 32715	HR 1647|HIP 24017	77.43545	64.91949	39.09	m	6.412	3.452	F 6 V	0.45
HD 100219	HR 4440|HIP 56245	172.94809	-20.77648	39.179	m	6.289	3.324	F7 V	0.573
HD 16647	HR 783|HIP 12447	40.06538	6.11195	39.242	m	6.291	3.322	F 5 IV-V	0.436
HD 112935	HR 4922|HIP 63490	195.13607	-33.50528	39.326	m	6.052	3.079	F3 V	0.401
84 Her	HD 161239|HR 6608|HIP 86731	265.83985	24.32782	39.372	m	5.805	2.829	G 2 IIIB	0.739
HD 157060	HR 6454|HIP 85019	260.65814	-35.91073	39.392	m	6.481	3.504	F8 V	0.584
HD 10453	HR 492|HIP 7916	25.43682	-11.32468	39.448	e	6.141	3.161	F5V+...	0.416
HD 71155	HR 3314|HIP 41307	126.41514	-3.90642	39.457	m	3.876	0.895	A0V	-0.008
38 Ari	HD 17093|HR 812|HIP 12832	41.23992	12.44576	39.6	m	5.205	2.216	A7IV	0.239
HD 47230	HR 2431|HIP 31509	98.97514	-36.08867	39.604	e	6.405	3.416	F6 V	0.517
HD 21722	HR 1064|HIP 15968	51.40106	-69.33643	39.606	m	5.995	3.006	F3/5 IV	0.445
HD 203	HR 9|HIP 560	1.70869	-23.10754	39.741	m	6.218	3.222	F2 IV	0.4
HD 171802	HR 6985|HIP 91217	279.11598	9.1225	39.854	m	5.419	2.417	F 3 V	0.401
HD 206043	HR 8276|HIP 106897	324.75496	20.26545	39.891	m	5.8	2.796	F 2 V	0.328
HD 107113	HR 4683|HIP 59879	184.21387	86.43582	39.974	m	6.378	3.369	F4V	0.446
HD 213135	HR 8563|HIP 111045	337.44173	-27.10727	39.978	m	5.988	2.979	F0 V	0.354
HD 49434	HR 2514|HIP 32617	102.07944	-1.31892	40.016	m	5.767	2.756	A8/9 IV	0.309
10 Ser	HD 137898|HR 5746|HIP 75761	232.15932	1.84208	40.083	m	5.178	2.163	A7 IV	0.252
HD 25102	HR 1233|HIP 18658	59.91874	10.33039	40.087	m	6.393	3.378	F5V	0.443
34 Peg	Gl 9782A|HD 212754|HR 8548|HIP 110785	336.65578	4.39376	40.156	m	5.814	2.795	F7 V	0.556
HD 43745	HR 2254|HIP 29843	94.26499	-22.71523	40.215	m	6.121	3.099	F8/G0 V	0.615
54 Cnc	HD 75528|HR 3510|HIP 43454	132.7561	15.35066	40.237	m	6.436	3.413	G 2 IV	0.728
HD 77084	HR 3584|HIP 44162	134.91631	-19.20804	40.239	m	6.243	3.22	F5 IV/V	0.477
HD 115149	HR 5000|HIP 64790	199.18713	-65.13826	40.288	m	6.098	3.072	F5 V	0.459
Gl 534.1A	HD 121384|HR 5236|HIP 68101	209.13726	-54.70467	40.312	m	6.084	3.057	G6 IV/V	0.869
HD 9896	HR 460|HIP 7387	23.81259	-58.13948	40.37	m	6.06	3.03	F3 V	0.401
HD 45947	HR 2365|HIP 31703	99.47976	73.69564	40.374	m	6.291	3.26	F2	0.407
HD 51733	HR 2607|HIP 33478	104.39134	-24.63082	40.463	m	5.511	2.476	F3 V	0.386
HD 185912	HR 7484|HIP 96620	294.6716	54.97379	40.471	m	5.938	2.902	F 6 VA VS	0.494
38 Lyn	HD 80081|HR 3690|HIP 45688	139.71104	36.8026	40.472	m	3.916	0.88	A1V	0.047
HD 113022	HR 4926|HIP 63497	195.1613	18.37301	40.512	m	6.253	3.215	F 5 V	0.486
HD 3268	HR 145|HIP 2832	8.97834	13.20707	40.639	m	6.363	3.318	F 7 V	0.545
29 Cyg	HD 192640|HR 7736|HIP 99770	303.63347	36.80631	40.74	m	4.962	1.912	A0V	0.159
HD 143928	HR 5975|HIP 78747	241.15341	-37.86295	40.775	m	5.947	2.895	F3 V	0.407
HD 218396	HR 8799|HIP 114189	346.86964	21.13425	40.88	m	5.985	2.927	A 5 V	0.278
HD 178233	HR 7253|HIP 93843	286.65723	28.62859	40.947	m	5.553	2.492	A 7 V	0.307
HD 73900	HR 3434|HIP 42455	129.84202	-36.60671	40.968	m	6.163	3.101	F3/5 V	0.441
20 Ari	HD 13871|HR 656|HIP 10540	33.94188	25.78294	41.064	m	5.84	2.773	F 6 IV-V	0.468
HD 124553	HR 5322|HIP 69564	213.58878	-5.94772	41.093	m	6.44	3.371	F8 V	0.629
HD 218269	HR 8793|HIP 114167	346.81155	-50.68669	41.107	m	6.291	3.221	F6/7 IV/V	0.473
HD 129798	HR 5492|HIP 71876	220.51354	61.26191	41.147	m	6.33	3.258	F2III	0.393
HD 185351	HR 7468|HIP 96459	294.15823	44.69494	41.218	m	5.273	2.198	K/III	1.077
56 Cyg	HD 198639|HR 7984|HIP 102843	312.52055	44.05931	41.274	m	5.074	1.996	DELTA DEL	0.216
HD 90132	HR 4086|HIP 50888	155.87206	-38.00984	41.316	m	5.359	2.278	A8 V	0.258
HD 4295	HR 200|HIP 3641	11.66045	69.32541	41.345	m	6.44	3.358	F3V	0.428
HD 130817	HR 5529|HIP 72469	222.2781	37.81118	41.358	m	6.181	3.098	F 3 V	0.403
HD 128093	HR 5445|HIP 71243	218.54878	32.53448	41.359	m	6.356	3.273	F 4 V	0.453
77 Aqr	HD 216640|HR 8711|HIP 113148	343.68946	-16.27195	41.43	m	5.658	2.571	K1 III	1.285
HD 198387	HR 7972|HIP 102642	311.97071	52.40718	41.525	m	6.381	3.289	K0V:	1.026
HD 60803	HR 2918|HIP 37031	114.14461	5.86217	41.528	m	5.956	2.864	G 0 V	0.651
HD 136359	HR 5700|HIP 75308	230.79377	-60.65717	41.531	m	5.705	2.613	F5 V	0.504
HD 149681	HR 6173|HIP 80480	246.42995	78.96385	41.551	m	5.585	2.492	F 0 V	0.254
HD 199684	HR 8031|HIP 103646	314.99872	-36.12964	41.569	m	6.141	3.047	F2 V	0.405
HD 11257	HR 534|HIP 8588	27.71655	11.04338	41.602	m	5.959	2.863	F0V	0.318
HD 218235	HR 8788|HIP 114081	346.57559	18.51776	41.639	m	6.2	3.103	F 6 V	0.498
HD 37594	HR 1940|HIP 26624	84.8798	-3.56471	41.668	m	6.01	2.911	A9 V	0.311
HD 155078	HR 6375|HIP 83962	257.4498	-10.5233	41.695	m	5.483	2.383	F5 IV/V	0.489
HD 211575	HR 8507|HIP 110091	334.5178	-0.23766	41.701	m	6.431	3.33	F3 V	0.469
59 Eri	HD 30606|HR 1538|HIP 22325	72.13556	-16.32948	41.719	m	5.816	2.714	F8 V	0.571
HD 184663	HR 7438|HIP 96351	293.85471	2.91361	41.885	m	6.416	3.306	F5 V	0.431
HD 22072	HR 1085|HIP 16641	53.53491	17.83283	41.912	m	6.26	3.148	K 1 IV	1.019
62 UMa	HD 101606|HR 4501|HIP 57029	175.39274	31.74606	41.965	m	5.79	2.676	F 4 V	0.463
HD 181096	HR 7322|HIP 94755	289.21412	46.9991	41.986	m	6.064	2.948	F 6 IV?	0.502
56 Per	HD 27786|HR 1379|HIP 20591	66.15607	33.95971	42.03	m	5.841	2.723	F5	0.414
64 Cet	HD 13421|HR 635|HIP 10212	32.83783	8.56981	42.034	m	5.689	2.571	G 0 IV	0.62
HD 8774	HR 415|HIP 6776	21.77637	34.37756	42.051	m	6.312	3.193	F 7 IVB VS	0.498
12 And	HD 220117|HR 8885|HIP 115280	350.22193	38.18233	42.051	m	5.817	2.698	F 5 IV-V	0.481
HD 64235	HR 3072|HIP 38474	118.19942	-5.42826	42.054	m	5.812	2.693	F5 IV	0.424
HD 22262	HR 1093|HIP 16628	53.48664	-31.08014	42.07	m	6.257	3.137	F5 V	0.493
HD 23281	HR 1139|HIP 17395	55.89098	-10.48566	42.08	m	5.624	2.504	A6 V	0.222
HD 10481	HR 494|HIP 7886	25.36384	-38.13283	42.085	m	6.231	3.11	F3/5 IV/V	0.431
HD 22701	HR 1107|HIP 19454	62.50682	86.62614	42.149	m	5.872	2.748	F5IV	0.411
HD 114371	HR 4966|HIP 64390	197.96433	-69.94202	42.209	m	5.955	2.828	F3 IV/V	0.442
60 Her	HD 154494|HR 6355|HIP 83613	256.34454	12.74082	42.222	m	4.889	1.761	A3IV	0.15
HD 17006	HR 807|HIP 12611	40.53518	-46.52445	42.232	m	6.193	3.065	K1 III	1.016
HD 165259	HR 6751|HIP 89234	273.14178	-73.67241	42.234	m	5.964	2.836	F5 V	0.487
HD 152781	HR 6284|HIP 82861	254.00769	-16.80627	42.308	m	6.442	3.31	K0/1 III/IV	1.097
HD 31925	HR 1604|HIP 23166	74.75564	-16.37598	42.421	m	5.746	2.608	F5 V	0.447
HD 38529	HR 1988|HIP 27253	86.64547	1.1682	42.424	m	6.011	2.873	G8 III/IV	0.872
HD 186219	HR 7498|HIP 97534	297.35544	-72.50338	42.427	m	5.422	2.284	A3MA3-A8	0.26
38 Cet	HD 7476|HR 368|HIP 5833	18.70488	-0.9738	42.482	m	5.745	2.604	F3 V	0.457
HD 146624	HR 6070|HIP 79881	244.57458	-28.61402	42.482	m	4.785	1.644	A0 (V)	0.03
HD 20121	HR 968|HIP 14913	48.10731	-44.41972	42.499	e	6.132	2.99	F5 V	0.442
HD 210334	HR 8448|HIP 109303	332.17008	45.74226	42.509	m	6.226	3.084	G5+GK0	0.835
33 Psc	HD 28|HR 3|HIP 443	1.33391	-5.70762	42.526	m	4.727	1.584	K0 III	1.208
HD 48767	HR 2486|HIP 32609	102.05343	55.70449	42.557	m	6.34	3.195	F5V:+...	0.499
HD 2630	HR 115|HIP 2337	7.46624	-14.86411	42.586	m	6.177	3.031	F2/3 V	0.409
HD 108570	HR 4749|HIP 60870	187.14	-56.40783	42.607	m	6.247	3.1	K0/1 III	1.054
HD 8671	HR 409|HIP 6711	21.57786	43.45774	42.666	m	6.035	2.885	F 7 V	0.526
HD 216756	HR 8718|HIP 113174	343.76103	37.07683	42.679	m	5.948	2.797	F 5 V	0.422
73 Her	HD 157728|HR 6480|HIP 85157	261.02744	22.96028	42.723	m	5.733	2.58	F 0 IV	0.232
HD 202582	HR 8133|HIP 104788	318.42702	64.40396	42.753	e	6.462	3.307	G 2 IV	0.665
HD 85380	HR 3901|HIP 48351	147.84007	-6.18193	42.796	m	6.482	3.325	G1 V	0.625
HD 89319	HR 4046|HIP 50546	154.86162	48.39676	42.852	m	6.11	2.95	K0	1.199
36 And	HD 5286|HR 258|HIP 4288	13.74203	23.6284	42.896	m	5.69	2.528	K 1 IV	1.207
78 Psc	HD 6680|HR 327|HIP 5319	17.0056	32.01212	42.903	m	6.269	3.107	F5IV	0.425
HD 91280	HR 4130|HIP 51551	157.95283	-28.2371	43.001	m	6.088	2.921	F6/7 V	0.535
HD 179422	HR 7280|HIP 94290	287.87909	26.73587	43.095	m	6.386	3.214	F 5 V	0.453
Gl 255A	HD 51825|HR 2612|HIP 33451	104.32328	-35.50715	43.103	e	6.276	3.103	F5 V	0.479
HD 114630	HR 4980|HIP 64478	198.23209	-59.8166	43.105	m	6.263	3.09	G0 V	0.62
HD 24357	HR 1201|HIP 18170	58.29186	17.32709	43.115	m	5.995	2.822	F4V	0.368
4 Cep	HD 197950|HR 7945|HIP 102253	310.79593	66.65745	43.136	m	5.611	2.437	A 8 V	0.23
39 Her	HD 150682|HR 6213|HIP 81729	250.40292	26.91688	43.142	m	5.963	2.789	F 2 III	0.418
HD 57167	HR 2788|HIP 35487	109.86743	-16.39525	43.171	m	5.755	2.579	F2 III/IV	0.358
HD 18262	HR 870|HIP 13679	44.05737	8.38157	43.199	m	6.017	2.84	F 5 IV	0.504
Gl 3680	HD 101563|HR 4498|HIP 57001	175.28495	-29.1963	43.263	m	6.492	3.311	G2 III/IV	0.714
HD 28736	HR 1436|HIP 21152	68.02003	5.41003	43.273	m	6.411	3.23	F 5 V	0.446
HD 6301	HR 303|HIP 5034	16.11511	29.65882	43.304	m	6.253	3.07	F 7 IV-V	0.464
HD 150177	HR 6189|HIP 81580	249.91304	-9.55459	43.337	m	6.386	3.202	F6 V	0.496
HD 89571	HR 4062|HIP 51384	157.42274	84.25201	43.386	m	5.55	2.363	F 0 IV	0.251
HD 171990	HR 6994|HIP 92233	281.95472	-77.86825	43.406	m	6.459	3.271	F8 V	0.641
HD 65301	HR 3106|HIP 39221	120.33653	59.0474	43.435	m	5.82	2.631	F 4 V	0.427
HD 137510	HR 5740|HIP 75535	231.47195	19.48071	43.441	m	6.313	3.124	G 0 V	0.699
HD 36553	HR 1856|HIP 25768	82.5395	-47.07765	43.446	m	5.523	2.333	F8/G2	0.676
HD 222451	HR 8977|HIP 116824	355.16932	36.72076	43.448	m	6.271	3.081	F 5 V	0.431
HD 25948	HR 1276|HIP 19400	62.34264	54.82887	43.486	m	6.296	3.104	F 5 V	0.461
HD 10009	HR 466|HIP 7580	24.40713	-9.40382	43.535	m	6.299	3.105	F8 V	0.56
49 Ori	Gl 9187|HD 37507|HR 1937|HIP 26563	84.72118	-7.21283	43.557	m	4.79	1.595	A2 V	0.157
HD 124115	HR 5307|HIP 69340	212.88001	1.3624	43.56	m	6.463	3.268	F6 V	0.511
HD 29169	HR 1459|HIP 21459	69.1214	23.34086	43.577	m	6.055	2.859	F 5 IV	0.419
Gl 3876	HD 133002|HR 5596|HIP 72573	222.58509	82.51194	43.662	m	5.708	2.507	F 9 V	0.747
HD 212728	HR 8547|HIP 110935	337.15696	-67.48906	43.673	m	5.589	2.388	A3/5 V	0.215
33 Vir	HD 111028|HR 4849|HIP 62325	191.59393	9.53969	43.714	m	5.766	2.563	K1III-IV	1.14
HD 161023	HR 6600|HIP 86769	265.9517	-13.5087	43.72	m	6.406	3.203	F0 V	0.382
17 Lyr	HD 178449|HR 7261|HIP 93917	286.85659	32.50173	43.753	m	5.264	2.059	F 0 V	0.375
HD 26015	HR 1279|HIP 19261	61.92494	15.1628	43.763	m	6.112	2.906	F 3 V	0.408
HD 156295	HR 6421|HIP 84183	258.13576	62.87433	43.769	m	5.566	2.36	F 0 V	0.219
7 CVn	HD 108845|HR 4761|HIP 60988	187.51179	51.53563	43.807	m	6.27	3.062	F 8 V	0.562
HD 20675	HR 1001|HIP 15669	50.46889	49.0709	43.911	m	5.982	2.769	F 6 V	0.476
HD 165190	HR 6749|HIP 88726	271.70796	-43.425	43.972	m	5.652	2.436	A3	0.241
HD 62781	HR 3007|HIP 37710	116.04036	-36.0625	43.987	m	5.823	2.606	F0 IV	0.338
HD 29399	HR 1475|HIP 21253	68.39146	-62.82367	44.006	m	5.896	2.678	K1 III	1.21
HD 103482	HIP 58085	178.686	-66.3762	44.031	m	6.409	3.19	F2 IV	0.4
HD 146836	HR 6077|HIP 79980	244.88641	-30.90671	44.036	m	5.554	2.335	F5 IV	0.48
HD 11151	HR 529|HIP 8598	27.73803	51.93342	44.049	m	6.002	2.782	F 5 V	0.466
26 Aql	HD 181391|HR 7333|HIP 95066	290.13711	-5.41577	44.076	m	5.094	1.873	G8/K0 IV	1.073
HD 205872	HR 8268|HIP 106907	324.77548	-33.67885	44.08	m	6.383	3.162	G8 IV	1.094
HD 46304	HR 2386|HIP 31167	98.09637	-5.86882	44.08	m	5.63	2.409	A7 II/III	0.272
HD 30869	HIP 22607	72.95824	13.65514	44.109	m	6.335	3.112	F 6 V	0.53
HD 157968	HR 6496|HIP 85397	261.75895	-12.51249	44.128	m	6.264	3.04	F7 V	0.539
Gl 9143	HD 25945|HR 1275|HIP 19095	61.40598	-27.65181	44.132	m	5.615	2.391	F0 IV/V	0.333
HD 178476	HR 7263|HIP 93975	287.01468	21.69893	44.146	m	6.26	3.036	F 3 V	0.441
HD 198802	HR 7994|HIP 103077	313.27332	-11.57366	44.177	m	6.463	3.237	G5 V	0.719
39 Aqr	HD 210705|HR 8462|HIP 109624	333.10733	-14.19396	44.195	m	6.088	2.861	F0 V	0.396
HD 34180	HR 1717|HIP 24493	78.82708	-1.40904	44.208	m	6.2	2.972	F0IV	0.415
32 Tau	HD 24740|HR 1218|HIP 18471	59.21698	22.47797	44.256	m	5.657	2.427	F 2 IV	0.354
HD 16754	HR 789|HIP 12413	39.95001	-42.89169	44.319	m	4.736	1.503	A2 V	0.085
77 Psc	HD 6479|HR 313|HIP 5141	16.45516	4.90837	44.376	m	6.389	3.153	F5 V	0.39
HD 30034	HR 1507|HIP 22044	71.10762	11.14614	44.495	m	5.41	2.168	F 0 V	0.279
HD 204485	HR 8220|HIP 106003	322.03438	32.22534	44.515	m	5.78	2.537	F 2 V S	0.341
40 Dra	HD 166865|HR 6809|HIP 88127	270.01472	80.00085	44.576	m	5.998	2.753	K2V	0.554
HD 102574	HR 4529|HIP 57587	177.09787	-10.31311	44.619	m	6.294	3.046	G0 V	0.644
HD 94132	HR 4243|HIP 53257	163.37795	69.85388	44.674	m	6.032	2.782	K 1 III:	1.179
HD 160933	HR 6598|HIP 86184	264.1665	69.57075	44.755	m	6.404	3.15	G 0 V	0.65
4 Equ	HD 200790|HR 8077|HIP 104101	316.3614	5.95817	44.848	m	6.012	2.753	F 8 V	0.559
HD 128917	HR 5465|HIP 71861	220.48325	-58.61583	44.851	m	6.256	2.997	F5 V	0.476
HD 124755	HR 5335|HIP 69569	213.59812	41.51875	44.854	m	6.346	3.087	K2	1.246
HD 10863	HR 517|HIP 8233	26.50441	-27.34883	44.892	m	6.427	3.166	F2 V	0.369
HD 54958	HR 2705|HIP 34617	107.539	-18.68559	44.911	m	6.276	3.014	F3 V	0.407
Gl 170.1	HD 28527|HR 1427|HIP 21029	67.64013	16.19402	45.071	m	4.785	1.516	A6V	0.197
49 Per	HD 25975|HR 1277|HIP 19302	62.06412	37.72749	45.294	m	6.17	2.89	K1III	1.099
HD 102990	HR 4547|HIP 57819	177.84124	-12.18781	45.313	m	6.381	3.1	F3 V	0.434
HD 42443	HR 2186|HIP 29234	92.44985	-22.77435	45.359	m	5.768	2.485	F5 V	0.464
90 Tau	HD 29388|HR 1473|HIP 21589	69.53943	12.51084	45.391	m	4.277	0.992	A3V	0.148
60 Tau	HD 27628|HR 1368|HIP 20400	65.51466	14.0772	45.399	m	5.747	2.462	AM	0.34
HD 31362	HR 1575|HIP 22949	74.06491	24.59222	45.466	m	6.366	3.078	F 2 V	0.365
HD 221148	HR 8924|HIP 115953	352.38367	-4.53275	45.49	m	6.382	3.092	K2 III	1.322
25 Cnc	HD 71030|HR 3299|HIP 41319	126.45782	17.04627	45.495	m	6.149	2.859	F 6 V	0.456
57 Tau	HD 27397|HR 1351|HIP 20219	64.99044	14.0352	45.501	m	5.607	2.317	F3V	0.299
HD 180134	HR 7297|HIP 94858	289.54075	-53.38709	45.503	m	6.418	3.128	F7 V	0.521
55 Leo	HD 94672|HR 4265|HIP 53423	163.92665	0.73693	45.523	m	5.984	2.693	F3/5 V	0.447
HD 164507	HR 6722|HIP 88217	270.23863	15.09355	45.545	m	6.363	3.071	G 5 IV	0.824
Gl 488.1	HD 111968|HR 4889|HIP 62896	193.35916	-40.17887	45.629	m	4.276	0.98	A4 IV	0.232
39 Gem	HD 51530|HR 2601|HIP 33595	104.69754	26.08108	45.63	m	6.259	2.963	F 8 VAB VW	0.551
81 Tau	HD 28546|HR 1428|HIP 21039	67.66204	15.69187	45.728	m	5.482	2.181	AM	0.28
Gl 765.3	HD 186760|HR 7522|HIP 97033	295.81007	58.01662	45.74	m	6.362	3.06	F 8 IV	0.633
HD 25202	HR 1238|HIP 18735	60.20319	18.194	45.753	m	5.905	2.603	F4V	0.341
HD 12894	HIP 9685	31.14638	-54.88169	45.806	m	6.49	3.185	F2 V	0.393
HD 27429	HR 1354|HIP 20255	65.10462	18.74263	45.884	m	6.133	2.825	F3:V	0.412
2 UMa	HD 72037|HR 3354|HIP 42080	128.65048	65.14513	45.909	m	5.479	2.17	AM	0.225
HD 166285	HR 6797|HIP 89000	272.47506	3.11983	46.095	m	5.721	2.403	F5 V	0.492
Gl 9015B		8.18466	-63.03121	46.127	m	6	2.68	A	
HD 204188	HR 8210|HIP 105860	321.61109	19.37564	46.128	m	6.093	2.773	A 8 M	0.254
HD 168387	HR 6857|HIP 89772	274.78973	7.25977	46.321	m	5.532	2.203	K0	1.261
35 LMi	HD 91752|HR 4150|HIP 51914	159.08925	36.32693	46.331	m	6.337	3.008	F 4 V	0.448
12 Aql	HD 176678|HR 7193|HIP 93429	285.42011	-5.73912	46.367	m	4.131	0.8	K1 III	1.288
64 Aql	HD 191067|HR 7690|HIP 99171	302.0076	-0.67818	46.435	m	6.083	2.749	K1 III/IV	1.201
HD 207964	HR 8352|HIP 108195	328.79748	-61.8866	46.468	e	5.959	2.623	F3 V	0.414
HD 222805	HR 8994|HIP 117105	356.10608	-70.49023	46.499	m	6.169	2.832	G8/K0 IV	1.047
83 Tau	HD 28556|HR 1430|HIP 21036	67.65568	13.7244	46.53	m	5.42	2.081	F 0 V	0.293
HD 155154	HR 6379|HIP 83317	255.41714	75.29749	46.545	m	6.204	2.865	F 0 IVN	0.31
HD 125442	HR 5364|HIP 70104	215.17742	-45.18706	46.598	m	4.807	1.465	F0 IV	0.313
59 Leo	HD 95382|HR 4294|HIP 53824	165.18668	6.10145	46.62	m	4.998	1.655	A5V	0.177
20 Oph	HD 151769|HR 6243|HIP 82369	252.45845	-10.78303	46.631	m	4.687	1.344	F7 IV/V	0.51
HD 8556	HR 404|HIP 6564	21.08542	-6.91467	46.642	e	5.966	2.622	F3 V	0.429
2 Hya	HD 71297|HR 3321|HIP 41375	126.61334	-3.98744	46.642	m	5.618	2.274	A3/4 IV	0.242
HD 187098	HR 7538|HIP 97515	297.29837	-28.78897	46.675	m	6.077	2.732	F3 V	0.414
HD 4304	HR 202|HIP 3527	11.24976	-53.7149	46.682	m	6.205	2.859	F7 V	0.563
HD 95241	HR 4285|HIP 53791	165.08616	42.91173	46.683	m	6.087	2.741	F 9 V	0.636
80 Tau	HD 28485|HR 1422|HIP 20995	67.53584	15.63785	46.685	m	5.703	2.357	F0V	0.32
71 Tau	HD 28052|HR 1394|HIP 20713	66.58641	15.61828	46.738	m	4.504	1.156	F0V	0.276
HD 25069	HR 1232|HIP 18606	59.71831	-5.46994	46.745	m	5.945	2.596	K0/1 III	1.175
HD 146514	HR 6067|HIP 79781	244.23042	-3.95335	46.76	m	6.202	2.853	F0 IV	0.324
81 Leo	HD 99285|HR 4408|HIP 55765	171.40155	16.45654	46.809	m	5.616	2.264	F 3 IV	0.393
HD 159170	HR 6534|HIP 85922	263.37436	-5.7448	46.809	m	5.631	2.279	A5 V	0.205
33 Cyg	HD 192696|HR 7740|HIP 99655	303.34944	56.56772	46.819	m	4.287	0.935	A3IV,V	0.132
HD 27901	HR 1385|HIP 20614	66.23803	19.04201	46.864	m	6.015	2.661	F4V	0.404
HD 118216	HR 5110|HIP 66257	203.6992	37.18241	46.888	m	4.978	1.623	F2IV	0.435
30 Cet	HD 6706|HR 329|HIP 5296	16.94254	-9.78555	46.899	m	5.756	2.4	F5 V	0.467
41 Dra	HD 166866|HR 6810|HIP 88136	270.03836	80.00409	46.926	m	5.699	2.342	K2V	0.532
48 Tau	HD 26911|HR 1319|HIP 19877	63.94285	15.4007	46.94	m	6.346	2.988	F5V	0.433
HD 16825	HR 796|HIP 12562	40.3922	-14.54929	46.941	m	6.025	2.667	F5 V	0.462
HD 141296	HR 5872|HIP 77574	237.56797	-45.40171	46.951	m	6.152	2.794	A9 III	0.305
HD 204121	HR 8205|HIP 105864	321.61688	1.10336	46.998	m	6.172	2.812	F5 V	0.482
HD 35736	HR 1812|HIP 25397	81.49926	-19.6954	47.008	m	5.867	2.506	F5 V	0.455
HD 61035	HR 2926|HIP 37165	114.55987	24.36044	47.013	m	6.411	3.05	F 2 V	0.354
40 LMi	HD 92769|HR 4189|HIP 52422	160.75784	26.32555	47.122	m	5.53	2.164	A5V	0.196
11 Vir	HD 105702|HR 4629|HIP 59309	182.51424	5.80701	47.184	m	5.745	2.376	AM	0.393
4 Ser	HD 135559|HR 5679|HIP 74689	228.95449	0.37214	47.211	m	5.647	2.277	A5 V	0.198
4 Sex	HD 85217|HR 3893|HIP 48273	147.62534	4.34365	47.214	m	6.293	2.923	F5 V	0.493
HD 103928	HR 4574|HIP 58369	179.52989	32.27391	47.225	m	6.461	3.09	A 9 V	0.338
HD 125158	HR 5349|HIP 70035	214.9646	-61.27297	47.262	m	5.242	1.869	A5/7MA7-F2	0.307
HD 173494	HR 7047|HIP 91958	281.1679	23.58988	47.308	m	6.352	2.977	F 6 V	0.448
70 Tau	HD 27991|HR 1391|HIP 20661	66.40549	15.94102	47.376	m	6.49	3.112	G 0 V	0.533
HD 27483	HR 1358|HIP 20284	65.21967	13.86442	47.408	m	6.207	2.828	F6V	0.482
58 Tau	HD 27459|HR 1356|HIP 20261	65.15129	15.09545	47.416	m	5.276	1.896	F0V	0.247
18 Aqr	HD 203705|HR 8187|HIP 105668	321.04789	-12.87811	47.444	m	5.512	2.131	F0 V	0.307
35 Peg	HD 212943|HR 8551|HIP 110882	336.96468	4.69566	47.456	m	4.906	1.525	G8 IV	1.221
19 Aql	HD 178596|HR 7266|HIP 94068	287.24963	6.07321	47.469	m	5.269	1.887	F 5 IV	0.365
HD 126248	HR 5392|HIP 70400	216.04727	5.82013	47.478	m	5.112	1.73	A 5 V	0.147
HD 55568	HR 2720|HIP 34782	108.01704	-30.82136	47.478	m	6.111	2.729	A8 III/IV	0.304
HD 109492	HR 4790|HIP 61443	188.87272	-61.84158	47.484	m	6.305	2.922	G3 III	0.807
1 Gem	HD 41116|HR 2134|HIP 28734	91.03007	23.26334	47.551	e	4.261	0.875	G7III	0.947
HD 29678	HR 1491|HIP 22361	72.20981	75.94122	47.587	m	5.987	2.6	A9IV	0.298
85 Tau	HD 28677|HR 1432|HIP 21137	67.96566	15.85156	47.608	m	6.035	2.647	F4V	0.362
32 Per	HD 20677|HR 1002|HIP 15648	50.36066	43.32965	47.728	m	4.954	1.56	A2V	0.073
11 Aql	HD 176303|HR 7172|HIP 93203	284.77391	13.62224	47.775	m	5.32	1.924	F8III-IV	0.578
68 Dra	HD 192455|HR 7727|HIP 99500	302.89542	62.07853	47.794	m	5.759	2.362	F 7 IV	0.55
HD 196385	HR 7877|HIP 101808	309.46762	-25.10922	47.823	m	6.415	3.017	A9 V	0.332
9 Com	HD 107213|HR 4688|HIP 60098	184.87303	28.15692	47.838	m	6.436	3.037	F 8 VA S	0.565
1 Peg	HD 203504|HR 8173|HIP 105502	320.52167	19.80451	47.966	m	4.2	0.795	K1III	1.293
Gl 668.1	HD 156826|HR 6439|HIP 84801	259.99814	-5.91751	48.009	m	6.411	3.004	K0 V	0.971
HD 107325	HR 4693|HIP 60170	185.08198	26.61948	48.07	m	5.643	2.234	K1III	1.282
63 Tau	HD 27749|HR 1376|HIP 20484	65.85443	16.77726	48.088	m	5.658	2.248	AM	0.338
HD 98221	HR 4373|HIP 55164	169.4119	-34.7373	48.197	m	6.475	3.06	F3 V	0.422
HD 24712	HR 1217|HIP 18339	58.81721	-12.09912	48.209	m	6.029	2.613	AP SREU(CR)	0.342
24 UMi	HD 166926|HR 6811|HIP 85699	262.69824	86.96805	48.272	m	5.785	2.367	AM	0.248
79 Tau	HD 28355|HR 1414|HIP 20901	67.20902	13.0476	48.272	m	5.034	1.616	A7V	0.242
HD 159433	HR 6546|HIP 86170	264.13684	-38.63535	48.327	m	4.388	0.967	G8/K0 III/IV	1.274
HD 14622	HR 687|HIP 11090	35.7096	41.39629	48.331	m	5.829	2.408	F 1 IVB	0.293
HD 107192	HR 4686|HIP 59767	183.83453	87.70012	48.383	m	6.3	2.877	F0	0.356
HD 11995	HR 571|HIP 8983	28.94367	-60.86098	48.431	m	6.1	2.674	F0 IV/V	0.368
HD 29499	HR 1480|HIP 21670	69.77566	7.87098	48.471	m	5.399	1.972	A 5 M:	0.283
HD 156098	HR 6409|HIP 84551	259.26519	-32.66284	48.474	m	5.584	2.156	F6 V	0.537
HD 126504	HR 5401|HIP 70663	216.80069	-46.13425	48.528	m	5.85	2.42	A1MA5/7-F2	0.342
59 UMa	HD 101107|HR 4477|HIP 56770	174.58571	43.62543	48.55	m	5.591	2.16	F 2 III	0.36
HD 40832	HR 2122|HIP 28644	90.72989	32.63569	48.61	m	6.265	2.831	F 4 V	0.472
4 Eri	HD 18454|HR 883|HIP 13782	44.34903	-23.86217	48.684	m	5.464	2.027	A5 IV/V	0.266
HD 108054	HR 4720|HIP 60601	186.32305	-65.76986	48.724	m	6.41	2.971	G8/K0 IV	1.099
HD 48501	HR 2481|HIP 32144	100.69185	-22.44859	48.764	m	6.271	2.83	F2 V	0.35
HD 143584	HR 5964|HIP 78286	239.76832	49.88105	48.774	m	6.067	2.626	F0IV	0.296
HD 10262	HIP 7819	25.14553	8.76078	48.777	m	6.391	2.95	F2	0.412
2 Lyn	HD 43378|HR 2238|HIP 30060	94.90578	59.01096	48.855	m	4.437	0.992	A2Vs	0.037
HD 129422	HR 5482|HIP 72131	221.32223	-62.87565	48.94	m	5.396	1.948	A9 III/IV	0.309
12 Tri	HD 15257|HR 717|HIP 11486	37.04159	29.66933	48.994	m	5.323	1.872	F 0 IV	0.318
HD 34538	HR 1737|HIP 24679	79.41767	-13.51983	49.005	m	5.593	2.142	G8 IV	1.087
HD 1343	HR 66|HIP 1402	4.38626	-19.05109	49.008	m	6.492	3.041	F3 V	0.409
HD 109272	HR 4779|HIP 61296	188.39275	-12.8302	49.023	m	5.677	2.225	G8 III/IV	0.972
HD 32115	HR 1613|HIP 23296	75.16587	-2.06603	49.078	m	6.341	2.887	F0 V	0.302
HD 17163	HR 816|HIP 12862	41.33711	4.71163	49.088	m	6.07	2.615	A9/F0 II/III	0.341
26 Gem	HD 48097|HR 2466|HIP 32104	100.60136	17.64531	49.137	m	5.225	1.768	A2V	0.074
39 Com	HD 113848|HR 4946|HIP 63948	196.5885	21.15341	49.286	m	6.103	2.639	F 4 V	0.414
HD 30985	HR 1557|HIP 22488	72.56742	-41.32085	49.336	m	6.099	2.633	F2/3 V	0.387
HD 117718	HR 5098|HIP 66060	203.14361	-29.56526	49.346	m	6.488	3.022	F5 IV	0.478
HD 33555	HR 1685|HIP 24130	77.74177	-2.25412	49.375	m	6.346	2.878	K0 IV	1.152
HD 80719	HR 3714|HIP 45854	140.23124	-15.61782	49.394	m	6.363	2.895	F6 V	0.508
HD 16220	HR 761|HIP 12200	39.27738	32.89109	49.484	m	6.282	2.81	F 7 V	0.524
Gl 339.3	HD 79940|HR 3684|HIP 45448	138.93784	-37.41315	49.489	m	4.668	1.195	F3/5 V	0.477
HD 95221	HR 4282|HIP 53699	164.80726	-33.73759	49.59	m	5.773	2.296	F2 V	0.376
HD 163318	HR 6680|HIP 87836	269.17434	-28.0654	49.601	m	5.789	2.312	A7 III/IV	0.223
22 UMa	HD 82189|HR 3768|HIP 47013	143.72303	72.20568	49.603	m	5.827	2.349	F 8 V	0.549
HD 28226	HR 1403|HIP 20842	67.00327	21.6199	49.606	m	5.745	2.267	AM	0.3
HD 20853	HR 1013|HIP 15585	50.18835	-26.60651	49.622	m	6.467	2.989	F7 V	0.588
HD 88824	HR 4017|HIP 50070	153.34518	-51.23297	49.651	m	5.297	1.817	F0 IV	0.278
HD 167042	HR 6817|HIP 89047	272.63183	54.28655	49.674	m	6.076	2.595	K1III	1.1
HD 145100	HR 6012|HIP 79203	242.4803	-18.34062	49.703	m	6.479	2.997	F3 V	0.437
HD 125111	HR 5347|HIP 69735	214.10115	39.74471	49.706	m	6.42	2.938	F 3 V	0.388
39 Aur	HD 41074|HR 2132|HIP 28823	91.26411	42.98164	49.772	m	5.931	2.446	F 3 V	0.357
HD 33167	HR 1668|HIP 24109	77.67883	46.96207	49.777	m	5.723	2.238	F 5 V	0.448
HD 38089	HR 1967|HIP 26926	85.72463	-6.79616	49.95	e	6.015	2.522	F3/5 V	0.451
HD 142703	HR 5930|HIP 78078	239.13906	-14.82944	50.042	m	6.146	2.649	A2 IB/II	0.251
HD 13456	HR 638|HIP 10215	32.84261	-10.05216	50.058	m	6.047	2.55	F3 V	0.427
HD 207223	HR 8330|HIP 107558	326.76983	17.19404	50.087	m	6.215	2.716	F 3 V	0.358
15 Leo	HD 84107|HR 3861|HIP 47701	145.88859	29.97447	50.13	m	5.637	2.137	A3V	0.133
HD 173417	HR 7044|HIP 91883	280.96496	31.92662	50.207	m	5.724	2.22	F 1 III-IV	0.369
HD 17240	HR 820|HIP 12990	41.76489	35.55467	50.209	m	6.42	2.916	F2	0.344
98 Aqr	HD 220321|HR 8892|HIP 115438	350.74263	-20.10058	50.363	m	4.072	0.561	K0III	1.277
8 Lyn	HD 46480|HR 2394|HIP 31676	99.42245	61.48123	50.367	m	6.04	2.529	G 8 IV-V	1.009
38 LMi	HD 92168|HR 4168|HIP 52139	159.7818	37.91	50.508	m	5.904	2.387	F 9 V	0.644
HD 201636	HR 8099|HIP 104171	316.59708	71.4318	50.618	m	5.922	2.4	F3IV	0.402
HD 186155	HR 7495|HIP 96825	295.2091	45.52494	50.628	m	5.105	1.583	F2III	0.442
HD 3326	HR 151|HIP 2852	9.02857	-22.84234	50.63	m	6.086	2.564	A5MA5-F0	0.308
HD 107773	HR 4710|HIP 60417	185.80791	-67.63156	50.687	m	6.46	2.936	G8/K0 IV	1.021
HD 142529	HR 5921|HIP 78117	239.26608	-48.16216	50.694	m	6.342	2.817	F2 V	0.397
HD 79066	HR 3649|HIP 45150	137.98181	5.46863	50.792	m	6.38	2.851	DEL DEL:	0.331
40 Boo	HD 132772|HR 5588|HIP 73369	224.90395	39.26534	50.827	m	5.674	2.144	F 2 III	0.346
HD 118646	HR 5128|HIP 66563	204.67531	-29.56086	50.986	m	5.859	2.322	F3 V	0.44
HD 149989	HIP 81650	250.185	-51.47826	51.05	m	6.331	2.791	A8/F0 V	0.314
21 Ari	HD 13872|HR 657|HIP 10535	33.92824	25.04304	51.072	e	5.637	2.096	F 6 V	0.541
HD 120759	HR 5212|HIP 67696	208.00404	-31.61922	51.11	m	6.196	2.653	F5/6 V	0.504
88 Tau	HD 29140|HR 1458|HIP 21402	68.9136	10.16079	51.266	m	4.272	0.723	AM	0.182
51 Tau	HD 27176|HR 1331|HIP 20087	64.59668	21.57929	51.268	m	5.662	2.113	A8V	0.311
HD 2726	HR 120|HIP 2383	7.60872	-48.2149	51.281	m	5.706	2.156	F2 V	0.366
HD 70313	HR 3277|HIP 41152	125.95209	53.21971	51.285	m	5.52	1.97	A 3 V	0.137
12 Vir	Gl 3716|HD 106251|HR 4650|HIP 59608	183.35808	10.26234	51.309	m	5.863	2.312	AM	0.29
HD 212211	HR 8527|HIP 110668	336.29418	-70.43162	51.319	m	5.814	2.263	F5 III	0.413
10 Ari	HD 12558|HR 605|HIP 9621	30.91394	25.93549	51.389	m	5.823	2.269	F 8 IV	0.54
HD 87141	HR 3954|HIP 49363	151.15135	53.89172	51.394	m	5.764	2.209	F 5 V	0.523
29 Ori	HD 35369|HR 1784|HIP 25247	80.98678	-7.80806	51.414	m	4.237	0.682	K0 III	1.114
HD 46273	HR 2384|HIP 30953	97.45429	-50.23908	51.44	e	5.424	1.867	F2 V	0.395
HD 199611	HR 8025|HIP 103359	314.10616	50.7286	51.476	m	5.861	2.303	F 3 V W	0.362
HD 103746	HR 4570|HIP 58242	179.18298	-47.07238	51.544	m	6.303	2.742	F5 V	0.427
122 Tau	HD 37147|HR 1905|HIP 26382	84.26557	17.04033	51.548	m	5.555	1.994	F 0 V	0.247
58 UMa	HD 99984|HR 4431|HIP 56148	172.62971	43.17324	51.6	m	6.001	2.438	F 7 III	0.554
54 Dra	HD 180610|HR 7309|HIP 94490	288.47978	57.70509	51.636	m	5.131	1.566	K2III	1.35
82 UMa	HD 119024|HR 5142|HIP 66634	204.87687	52.9212	51.683	m	5.472	1.905	A 1 V	0.13
HD 129153	HR 5473|HIP 71759	220.17664	13.53432	51.745	m	5.954	2.385	F 0 V	0.25
HD 135235	HR 5663|HIP 74696	228.97361	-48.07366	51.801	m	5.984	2.412	A2 IIIS	0.224
HD 30144	HR 1515|HIP 22300	72.02927	55.60261	51.819	m	6.346	2.774	F 1 V	0.327
HD 76143	HR 3537|HIP 43414	132.64507	-66.79298	51.824	m	5.378	1.805	F5 IV	0.442
6 Vir	HD 103484|HR 4559|HIP 58110	178.76305	8.44395	51.827	m	5.673	2.1	K0	1.08
HD 203803	HR 8190|HIP 105652	320.99511	24.27414	51.92	m	5.728	2.151	F 1 IV	0.347
HD 191096	HR 7692|HIP 98946	301.33959	56.34142	51.936	m	6.223	2.646	F 4 V	0.446
HD 120047	HR 5179|HIP 67194	206.55644	41.08874	52.034	m	5.904	2.323	A 5 V	0.23
HD 105920	HR 4637|HIP 59439	182.88119	-51.35933	52.07	m	6.315	2.732	G6 III (+ G)	0.912
HD 175986	HR 7161|HIP 93574	285.87357	-68.75555	52.077	m	5.926	2.343	G0 IV	0.615
HD 156971	HR 6449|HIP 84883	260.21929	-10.69641	52.105	m	6.495	2.911	A9/F0 IV	0.363
HD 150451	HR 6201|HIP 81687	250.29809	-1.0003	52.301	m	6.295	2.702	A5/7 III	0.307
HD 108063	HR 4721|HIP 60591	186.28549	-42.51431	52.429	m	6.169	2.571	G5 III + F/G	0.727
51 Hya	HD 125932|HR 5381|HIP 70306	215.77406	-27.75402	52.468	m	4.937	1.338	K3 III	1.554
4 Peg	HD 205924|HR 8270|HIP 106856	324.63309	5.77174	52.486	m	5.689	2.089	A 9 IV-V:N	0.283
HD 18928	HR 916|HIP 14232	45.87565	28.26992	52.541	m	6.402	2.8	F 0 V	0.323
HD 210464	HR 8457|HIP 109509	332.75992	-21.23279	52.545	m	6.155	2.552	F6/7 V	0.527
HD 120987	HR 5222|HIP 67819	208.38637	-35.66418	52.561	m	6.267	2.664	F3 V	0.443
HD 106887	HR 4673|HIP 59923	184.3774	28.93719	52.641	m	5.722	2.115	A4V	0.186
HD 153053	HR 6297|HIP 83187	255.02617	-54.59718	52.676	m	5.657	2.049	A5 IV/V	0.205
37 Peg	HD 213235|HR 8566|HIP 111062	337.4914	4.43169	52.693	m	5.586	1.977	F5/6	0.415
14 Ari	HD 13174|HR 623|HIP 10053	32.35556	25.93988	52.705	m	5.019	1.41	F2III	0.366
HD 37788	HR 1955|HIP 26762	85.27332	0.33775	52.709	m	5.949	2.34	F0 V	0.325
72 Psc	HD 6397|HR 308|HIP 5081	16.27232	14.94613	52.795	m	5.68	2.067	F 4 II-III	0.436
13 LMi	HD 83951|HR 3857|HIP 47631	145.67808	35.09338	52.811	m	6.156	2.542	F 3 V	0.389
27 Cap	HD 201352|HR 8091|HIP 104452	317.38749	-20.55666	52.897	m	6.287	2.67	F2 IV/V	0.401
HD 142542	HR 5923|HIP 78058	239.05846	-31.78589	52.943	m	6.335	2.716	F3/5 V	0.466
HD 37226	HR 1912|HIP 26079	83.43485	-54.90229	52.981	m	6.48	2.859	F8 V	0.576
HD 161420	HR 6614|HIP 87174	267.1586	-55.40175	52.998	m	6.12	2.499	F0 IV	0.304
HD 38385	HR 1981|HIP 26981	85.87577	-39.40691	53.028	m	6.286	2.663	F3 V	0.383
HD 95771	HR 4303|HIP 54027	165.81059	-0.75235	53.043	m	6.149	2.526	A8/9 IV	0.279
HD 131342	HR 5546|HIP 73036	223.894	-60.11416	53.045	m	5.31	1.687	K2 III	1.371
HD 19545	HR 943|HIP 14551	46.96187	-27.83115	53.052	m	6.193	2.569	A3 V	0.188
HD 23005	HR 1124|HIP 17585	56.50391	67.2016	53.144	m	5.824	2.197	F 0 IV	0.365
44 And	HD 6920|HR 340|HIP 5493	17.57809	42.08148	53.151	m	5.732	2.104	F8V	0.643
HD 24072	HR 1189|HIP 17797	57.1495	-37.62016	53.165	m	4.717	1.089	A+...	-0.022
HD 141378	HR 5875|HIP 77464	237.23666	-3.81851	53.2	m	5.541	1.911	A3 V	0.142
95 Tau	HD 29859|HR 1499|HIP 21961	70.80732	24.08892	53.219	m	6.212	2.582	F 7 IV-V	0.57
HD 36848	HR 1877|HIP 25993	83.21423	-38.51337	53.236	m	5.594	1.963	K2/3 III	1.454
14 Vul	HD 189410|HR 7641|HIP 98375	299.79391	23.10129	53.261	m	5.714	2.082	F 1 IV	0.35
16 Ori	HD 33254|HR 1672|HIP 23983	77.33184	9.82958	53.274	m	5.452	1.819	AM	0.274
HD 8801	HR 418|HIP 6794	21.86114	41.10116	53.298	m	6.461	2.827	A 7 M	0.311
52 Her	HD 152107|HR 6254|HIP 82321	252.30924	45.98331	53.309	m	4.838	1.204	AP	0.097
39 Peg	HD 213617|HR 8586|HIP 111278	338.14784	20.23002	53.39	m	6.464	2.827	F 1 V	0.357
9 Lac	HD 214454|HR 8613|HIP 111674	339.3434	51.54512	53.538	m	4.662	1.019	A7IV	0.271
69 Her	HD 156729|HR 6436|HIP 84606	259.41773	37.29149	53.606	m	4.623	0.977	A2V	0.034
HD 217831	HR 8769|HIP 113969	346.21758	-68.82023	53.632	m	5.56	1.913	F3 III	0.406
HD 151087	HR 6222|HIP 81911	250.96536	34.0388	53.642	m	6.049	2.401	F 3 III	0.341
8 Ser	HD 137006|HR 5721|HIP 75342	230.93213	-1.02239	53.749	m	6.137	2.485	A5 II/III	0.274
Gl 3589	HD 88737|HR 4012|HIP 50174	153.62395	21.16805	53.794	m	6.081	2.427	F 9 V	0.615
HD 85725	HR 3916|HIP 48468	148.24178	-27.33217	53.869	m	6.36	2.703	G1 V	0.68
HD 24141	HR 1192|HIP 18217	58.43036	57.97514	53.87	m	5.81	2.153	AM	0.202
HD 81799	HR 3749|HIP 46371	141.82672	-22.3438	53.902	m	4.849	1.191	K1 III	1.352
HD 208703	HR 8376|HIP 108453	329.55545	-5.42492	53.902	m	6.375	2.717	F2 V	0.392
HD 23319	HR 1143|HIP 17351	55.70856	-37.31352	53.944	m	4.717	1.057	K2 IIICNII	1.413
HD 2696	HR 118|HIP 2381	7.59439	-23.78768	53.952	m	5.18	1.52	A3V	0.139
55 Sgr	HD 186005|HR 7489|HIP 96950	295.62972	-16.12399	53.953	m	5.084	1.424	F3 IV/V	0.342
66 Dra	HD 191277|HR 7701|HIP 98962	301.38699	61.99542	54.021	m	5.541	1.878	K3III	1.403
64 Gem	HD 59037|HR 2857|HIP 36393	112.33517	28.11827	54.043	m	5.08	1.416	A6V	0.137
63 Eri	HD 32008|HR 1608|HIP 23221	74.96023	-10.26332	54.054	m	5.478	1.814	G6 V	0.893
HD 10874	HR 518|HIP 8370	26.95007	46.22975	54.056	m	6.369	2.705	F 6 V	0.477
HD 204018	HR 8202|HIP 105913	321.75675	-42.54792	54.086	m	5.626	1.961	A5MF0-F3	0.418
HD 57006	HR 2779|HIP 35509	109.94852	7.14295	54.089	m	5.971	2.305	F 8 IV	0.566
HD 39891	HR 2068|HIP 27901	88.55844	-29.14718	54.105	m	6.378	2.712	F3 V	0.393
HD 212487	HR 8536|HIP 110566	335.97605	38.57361	54.155	m	6.229	2.561	F 7 IV	0.5
HD 210702	HR 8461|HIP 109577	332.96388	16.04055	54.173	m	6.037	2.368	K1III	1.111
4 Cam	HD 30121|HR 1511|HIP 22287	72.00112	56.75718	54.211	m	5.306	1.636	AM	0.268
66 And	HD 15138|HR 709|HIP 11465	36.96574	50.56997	54.246	m	6.205	2.533	F 4 V	0.439
HD 183007	HR 7392|HIP 95823	292.34935	-43.44519	54.258	m	5.727	2.055	A0 III	0.22
HD 53349	HR 2661|HIP 33800	105.2713	-58.93994	54.264	m	6.04	2.367	A8 III	0.303
HD 20193	HR 975|HIP 15191	48.94642	32.85671	54.285	m	6.345	2.672	F 4 V VW	0.358
45 Cap	HD 206677|HR 8302|HIP 107302	326.00402	-14.74937	54.323	m	5.977	2.302	A7 IV/V	0.236
HD 17326	HR 823|HIP 12717	40.86088	-66.71424	54.348	e	6.324	2.648	F7 V	0.565
5 Aur	HD 31761|HR 1599|HIP 23261	75.07642	39.3947	54.453	m	6.023	2.343	F 5 V	0.465
HD 16176	HR 756|HIP 12181	39.23828	38.73358	54.496	m	5.962	2.28	F 5 V	0.525
HD 96819	HR 4334|HIP 54477	167.18333	-28.08067	54.603	m	5.43	1.744	A1 V	0.077
HD 29712	HR 1492|HIP 21479	69.18998	-62.07716	54.615	e	5.869	2.182	M8 (III)	1.446
HD 15524	HR 728|HIP 11670	37.63481	25.23503	54.638	m	5.928	2.241	F 6 IV	0.441
8 PsA	HD 205471|HR 8253|HIP 106654	324.04572	-26.17152	54.651	m	5.753	2.065	A7/8 IV	0.24
HD 97495	HR 4350|HIP 54746	168.13774	-49.10099	54.662	m	5.388	1.7	A3 IV/V	0.178
15 Lyn	HD 50522|HR 2560|HIP 33449	104.31916	58.42274	54.675	e	4.448	0.759	G5III-IV	0.969
19 Pup	HD 68290|HR 3211|HIP 40084	122.81795	-12.927	54.72	m	4.82	1.129	K0 III	1.088
73 Oph	HD 166233|HR 6795|HIP 88964	272.39119	3.99329	54.794	e	5.766	2.072	F3 V	0.388
29 Vul	HD 196724|HR 7891|HIP 101867	309.63057	21.20119	54.81	m	4.798	1.104	A0V	-0.024
HD 82458	HIP 46407	141.95435	-71.78111	54.852	m	6.359	2.663	F3/5 V	0.429
HD 123569	HR 5297|HIP 69191	212.47839	-53.43895	54.869	m	4.84	1.143	G8 III	1.076
52 Sgr	HD 184707|HR 7440|HIP 96465	294.17679	-24.88362	54.872	m	4.587	0.89	B8/B9V	-0.074
6 Lyn	HD 45410|HR 2331|HIP 31039	97.69629	58.16263	54.89	m	5.959	2.262	K0IV	1.081
HD 175824	HR 7154|HIP 92822	283.69633	48.85941	54.927	m	5.888	2.189	F 6 III-IV	0.47
HD 155103	HR 6377|HIP 83838	257.00861	35.93517	54.933	m	5.436	1.737	A 5 M:	0.328
HD 145689	HR 6037|HIP 79797	244.27255	-67.94129	54.988	m	5.964	2.263	A3 V	0.166
11 Cep	HD 206952|HR 8317|HIP 107119	325.48038	71.31142	55.003	m	4.659	0.957	K0III	1.306
57 Gem	HD 57727|HR 2808|HIP 35846	110.8688	25.05053	55.013	m	5.123	1.421	G8III	1.04
HD 154431	HR 6351|HIP 83494	255.97324	34.79022	55.02	m	6.101	2.398	A 5 V	0.227
HD 51266	HR 2594|HIP 33139	103.50941	-50.6116	55.064	m	6.35	2.646	K0/1 III	1.139
HD 216608	HR 8708|HIP 113048	343.4173	44.74915	55.1	m	5.972	2.266	A 3 VM	0.277
HD 4732	HR 228|HIP 3834	12.30813	-24.13666	55.114	m	5.997	2.291	K0 III	1.107
HD 50445	HR 2558|HIP 32938	102.92675	-36.23027	55.116	m	5.964	2.258	A3 V	0.201
HD 13530	HR 645|HIP 10366	33.40142	51.06582	55.12	m	5.401	1.694	G8III:	1.085
HD 138204	HR 5751|HIP 76063	233.01745	-38.62254	55.13	m	6.246	2.539	A3 III	0.227
HD 163929	HR 6699|HIP 87744	268.84856	55.9714	55.139	m	6.121	2.414	F 0 IV	0.348
HD 124425	HR 5317|HIP 69493	213.41996	-0.84546	55.166	m	5.951	2.243	F6 V	0.507
72 Vir	HD 117436|HR 5088|HIP 65892	202.60719	-6.47027	55.192	m	6.138	2.429	F0 IV	0.346
HD 10486	HR 495|HIP 8044	25.81876	45.32265	55.267	m	6.444	2.732	K2IV	1.209
82 Peg	HD 223781|HR 9039|HIP 117730	358.15459	10.94732	55.273	m	5.335	1.622	A 3 V	0.194
61 Cnc	HD 76572|HR 3563|HIP 44031	134.49445	30.23382	55.299	m	6.292	2.578	F 6 V	0.486
HD 41547	HR 2150|HIP 28854	91.36263	-10.24259	55.312	m	5.916	2.202	F3 V	0.37
14 Oph	HD 150557|HR 6205|HIP 81734	250.42701	1.18123	55.315	m	5.764	2.05	F2 V	0.345
HD 8375	HR 396|HIP 6512	20.90615	34.24589	55.379	m	6.373	2.656	G8IV	0.969
HD 176095	HR 7163|HIP 93138	284.59877	6.23993	55.382	m	6.261	2.544	F 8 IV-V	0.494
76 Tau	HD 28294|HR 1408|HIP 20873	67.0975	14.74098	55.458	m	5.933	2.213	F 0 IV	0.344
HD 102910	HR 4543|HIP 57779	177.73059	12.27904	55.547	m	6.401	2.678	A 5 M:	0.292
HD 90071	HR 4083|HIP 50868	155.80475	-30.16226	55.558	m	6.286	2.562	A9 IV	0.311
HD 142049	HR 5900|HIP 77990	238.88477	-60.17764	55.575	m	5.908	2.184	G5 II/III + A3	0.352
50 Cnc	HD 74873|HR 3481|HIP 43121	131.73341	12.10995	55.632	m	5.9	2.173	A1V	0.126
HD 99373	HR 4412|HIP 55821	171.6065	33.45061	55.788	m	6.376	2.643	F 5 V	0.473
108 Her	HD 168913|HR 6876|HIP 89925	275.23737	29.85892	55.806	m	5.635	1.902	A6V	0.255
HD 151900	HR 6248|HIP 82405	252.59272	-2.65436	55.849	m	6.358	2.623	F3 V	0.426
HD 210715	HR 8463|HIP 109521	332.79127	50.82339	55.913	m	5.396	1.658	A 5 V	0.16
HD 215664	HR 8666|HIP 112417	341.54259	44.54605	55.993	m	5.871	2.13	F 0 III-IV	0.367
HD 188981	HR 7617|HIP 98351	299.73511	-30.53839	56.018	m	6.398	2.656	K1 III	1.236
HD 137058	HR 5724|HIP 75501	231.33424	-38.73363	56.081	m	4.592	0.848	A0 V	0.008
89 Tau	HD 29375|HR 1472|HIP 21588	69.5393	16.03333	56.114	m	5.81	2.065	F 0 V	0.334
HD 93397	HR 4214|HIP 52737	161.7169	-17.29688	56.181	m	5.443	1.695	A3 V	0.133
51 Leo	HD 93257|HR 4208|HIP 52686	161.60228	18.89153	56.197	m	5.62	1.871	K0	1.346
HD 56096	HR 2748|HIP 34922	108.38467	-44.63974	56.209	m	4.767	1.018	M5E	1.549
HD 177178	HR 7214|HIP 93580	285.88438	1.81876	56.244	m	5.839	2.089	A4 IV/V	0.196
25 CVn	HD 118623|HR 5127|HIP 66458	204.36517	36.2949	56.42	m	4.98	1.223	A7III	0.235
HD 10308	HR 484|HIP 7874	25.32656	25.74571	56.447	m	6.254	2.496	F 2 III	0.475
HD 21912	HR 1078|HIP 16591	53.39598	39.89948	56.463	m	5.794	2.035	A3V	0.154
HD 23985	HR 1188|HIP 17954	57.57893	25.57939	56.465	e	5.262	1.503	A 5 V	0.239
Gl 4261	HD 210460|HR 8455|HIP 109439	332.57926	19.61634	56.511	m	6.258	2.497	G 0 V	0.771
HD 136751	HR 5716|HIP 75093	230.17367	44.43437	56.539	m	6.183	2.421	F 4 IVB S	0.381
41 Vir	HD 112097|HR 4900|HIP 62933	193.45713	12.41842	56.645	m	6.277	2.511	AM	0.306
67 Cnc	HD 77190|HR 3589|HIP 44342	135.45349	27.90259	56.671	m	6.076	2.309	A 8 VN	0.261
HD 101917	HR 4509|HIP 57137	175.72886	-79.30639	56.69	m	6.478	2.71	K0 III/IV	1.031
13 Sex	HD 87301|HR 3961|HIP 49329	151.03513	3.20105	56.716	m	6.479	2.71	F3 V	0.445
HD 181240	HR 7327|HIP 95077	290.15895	-22.40254	56.727	m	5.614	1.845	A6:m...	0.297
HD 95698	HR 4302|HIP 53963	165.60189	-26.83151	56.731	m	6.24	2.471	A9 III/IV	0.327
37 Tau	HD 25604|HR 1256|HIP 19038	61.17382	22.08193	56.756	m	4.463	0.693	K0III	1.245
24 CVn	HD 118232|HR 5112|HIP 66234	203.61359	49.01598	56.834	m	4.685	0.912	A4V	0.155
HD 182900	HR 7389|HIP 95572	291.60056	13.0238	56.864	m	5.807	2.033	F5IB	0.491
95 Vir	HD 123255|HR 5290|HIP 68940	211.67843	-9.31352	56.939	m	5.496	1.719	F2 III	0.38
HD 30422	HR 1525|HIP 22192	71.60729	-28.08744	57.128	m	6.196	2.412	A2 IV/V	0.195
20 Boo	HD 125560|HR 5370|HIP 70027	214.93848	16.30695	57.164	m	4.981	1.195	K3III	1.472
HD 143790	HR 5970|HIP 78665	240.89316	-32.00053	57.202	m	6.047	2.26	F5 IV/V	0.496
49 Cet	HD 9672|HR 451|HIP 7345	23.65741	-15.67636	57.233	m	5.615	1.827	A1 V	0.074
36 Cap	HD 204381|HR 8213|HIP 106039	322.18083	-21.80718	57.24	m	4.602	0.814	K0 III	1.014
26 Boo	HD 127739|HR 5434|HIP 71115	218.13559	22.26006	57.322	m	5.941	2.149	F 2 IV	0.392
14 Cet	HD 3229|HR 143|HIP 2787	8.8868	-0.50561	57.412	m	5.987	2.192	F5 V	0.463
HD 225045	HR 9095|HIP 238	0.73954	-20.04588	57.448	m	6.298	2.502	F6/7 V	0.562
27 Ori	HD 35410|HR 1787|HIP 25282	81.12044	-0.89134	57.516	m	5.178	1.379	K0 III	1.103
HD 56022	HR 2746|HIP 34899	108.30563	-45.18275	57.596	m	4.871	1.069	B9 V	-0.017
HD 65925	HR 3140|HIP 39061	119.86816	-39.29693	57.606	m	5.27	1.468	F3 V	0.407
47 Aqr	HD 212010|HR 8516|HIP 110391	335.3982	-21.59823	57.645	m	5.242	1.438	K0 III	1.243
31 Cep	HD 214470|HR 8615|HIP 111532	338.94223	73.64319	57.673	m	5.109	1.304	F4II-III	0.442
36 Ser	HD 141851|HR 5895|HIP 77660	237.81498	-3.09049	57.684	m	5.106	1.301	A1/2 V	0.144
HD 82074	HR 3762|HIP 46543	142.38506	-4.24664	57.783	m	6.351	2.542	G8 III/IV	0.959
HD 165373	HR 6754|HIP 88528	271.16753	23.942	57.83	m	6.372	2.561	F 0 IV-V	0.322
86 Aqr	HD 218240|HR 8789|HIP 114119	346.67017	-23.74311	57.84	m	4.584	0.773	G8III	1.027
3 And	HD 218031|HR 8780|HIP 113919	346.04577	50.05209	57.928	m	4.759	0.945	K0III	1.227
58 And	HD 13041|HR 620|HIP 9977	32.12191	37.85908	57.978	m	4.804	0.988	A4V	0.131
34 Lyn	HD 73593|HR 3422|HIP 42604	130.25446	45.83401	58.042	m	5.468	1.649	G0IV	1.135
HD 115331	HR 5008|HIP 64822	199.30801	-43.97947	58.093	m	5.83	2.009	A2MA4-A9/F0	0.231
HD 96220	HR 4315|HIP 54214	166.39164	-11.08891	58.156	m	6.121	2.298	F0 V	0.301
70 Peg	HD 221115|HR 8923|HIP 115919	352.28874	12.76055	58.159	m	4.638	0.815	G8III	1.087
HD 165645	HR 6767|HIP 88565	271.25334	41.94628	58.167	m	6.408	2.585	F 0 V	0.292
33 Boo	HD 129002|HR 5468|HIP 71618	219.70927	44.4045	58.192	m	5.39	1.566	A 1 V	0.033
HD 100825	HR 4466|HIP 56573	173.9816	-47.64164	58.198	m	5.283	1.458	F0 V	0.266
39 Dra	HD 170073|HR 6923|HIP 90156	275.9776	58.80074	58.27	m	5.058	1.231	A3V	0.073
HD 128617	HR 5458|HIP 71658	219.85196	-49.05532	58.346	m	6.426	2.596	F5 IV/V	0.45
HD 95429	HR 4296|HIP 53771	165.0345	-51.8178	58.424	m	6.168	2.335	A3 III/IV	0.209
HD 4145	HR 190|HIP 3436	10.95869	-12.0118	58.467	m	6.12	2.285	K1 III	1.303
HD 37286	HR 1915|HIP 26309	84.0429	-28.70802	58.488	m	6.277	2.442	A2 III/IV	0.173
10 LMi	HD 82635|HR 3800|HIP 46952	143.55576	36.39756	58.569	m	4.64	0.802	G8III	1.028
HD 587	HR 29|HIP 840	2.57863	-5.24859	58.578	m	5.953	2.114	K0 III	1.134
HD 5608	HR 275|HIP 4552	14.55925	33.95088	58.583	m	6.093	2.254	K0	1.176
HD 20606	HR 993|HIP 15357	49.51082	-28.79708	58.618	m	5.956	2.116	F3 V + A8/9	0.349
HD 75171	HR 3495|HIP 42895	131.12482	-65.82543	58.676	m	6.048	2.206	A4 V	0.234
47 Her	HD 151956|HR 6250|HIP 82402	252.58075	7.24768	58.716	m	5.484	1.64	K1II-III	0.129
HD 27710	HR 1374|HIP 20347	65.38049	-25.72853	58.754	e	6.145	2.3	F2 V	0.377
HD 157856	HR 6489|HIP 85307	261.49115	-1.65178	58.774	m	6.491	2.645	F5 V	0.464
HD 8272	HR 391|HIP 6486	20.83922	58.143	58.824	e	6.401	2.553	F4V	0.46
HD 32667	HR 1645|HIP 23554	75.97196	-24.38815	58.832	m	5.596	1.748	A2 IV	0.118
HD 5357	HR 261|HIP 4446	14.22986	68.77566	58.91	m	6.428	2.577	F 0 M	0.372
24 Cam	HD 37601|HR 1941|HIP 26942	85.75698	56.58152	59.043	m	6.152	2.296	K 0 III	1.115
35 Vul	HD 204414|HR 8217|HIP 105966	321.91691	27.60859	59.115	m	5.384	1.526	A1V	0.053
HD 38309	HR 1978|HIP 27118	86.2575	4.00815	59.138	m	6.129	2.27	F2 V	0.352
69 Aql	HD 195135|HR 7831|HIP 101101	307.4125	-2.88553	59.243	m	5.03	1.167	K1/2 III	1.368
HD 195772	HIP 101684	309.15975	-63.12097	59.313	m	6.388	2.522	F2 V	0.41
26 Cet	HD 6288|HR 301|HIP 4979	15.95428	1.36685	59.361	m	6.097	2.229	A8 IV	0.277
HD 110458	HR 4831|HIP 62012	190.64771	-48.81311	59.388	m	4.77	0.902	K0 III	1.267
26 Cam	HD 38091|HR 1969|HIP 27249	86.62663	56.11558	59.442	m	5.947	2.077	A 3 V	0.166
HD 186786	HR 7524|HIP 97674	297.75516	-65.60509	59.475	m	6.059	2.187	F0 II/III	0.321
20 Mon	HD 54810|HR 2701|HIP 34622	107.55701	-4.23711	59.485	m	5.026	1.154	K0 III	1.172
HD 215549	HIP 112368	341.39361	30.44256	59.486	m	6.493	2.621	K1III-IV	1.063
HD 71952	HR 3351|HIP 41894	128.13936	53.11485	59.495	m	6.34	2.468	K0	1.19
HD 173282	HR 7038|HIP 92016	281.32774	-21.00162	59.616	m	6.385	2.508	F5/6 V	0.5
48 Hya	HD 122066|HR 5257|HIP 68390	210.0005	-25.0104	59.626	m	5.819	1.942	F6 V	0.5
110 Vir	HD 133165|HR 5601|HIP 73620	225.72516	2.0913	59.711	m	4.513	0.633	K0 IV	1.212
HD 21447	HR 1046|HIP 16292	52.50086	55.45181	59.74	m	5.103	1.222	A1V	0.037
17 CVn	HD 114447|HR 4971|HIP 64246	197.5134	38.49898	59.778	m	5.947	2.064	A 9 III-IV	0.324
36 Cyg	HD 193369|HR 7769|HIP 100108	304.61939	36.9998	59.791	m	5.575	1.692	A1IV	0.055
HD 82428	HR 3785|HIP 46744	142.91242	-10.552	59.836	m	6.156	2.271	WN	0.284
HD 156331	HR 6423|HIP 84759	259.87714	-50.06377	59.87	m	6.314	2.428	F3 IV/V	0.418
HD 118889	HR 5138|HIP 66640	204.89423	10.74627	59.988	e	5.621	1.731	A6N	0.357
HD 89565	HR 4060|HIP 50584	154.99784	-9.05901	59.999	m	6.347	2.456	F0 V	0.336
HD 31423	HIP 22938	74.03738	7.9047	60.002	m	6.469	2.578	F 5 V	0.404
HD 23626	HR 1164|HIP 17732	56.95426	32.19542	60.021	m	6.306	2.414	F 7 IV-V	0.501
10 Hya	HD 74591|HR 3469|HIP 42931	131.25533	5.68059	60.043	m	6.152	2.26	A 6 V	0.206
HD 20888	HR 1014|HIP 15353	49.49615	-66.92686	60.05	m	6.041	2.148	A3 V	0.162
20 Per	HD 17904|HR 855|HIP 13490	43.42757	38.33748	60.225	m	5.391	1.492	F4V	0.427
HD 14221	HR 673|HIP 10830	34.84448	48.95546	60.24	m	6.462	2.563	F 4 V	0.446
18 Lyn	HD 55280|HR 2715|HIP 35146	108.97877	59.63747	60.256	m	5.322	1.422	K2III	1.272
HD 137785	HIP 75818	232.33031	-38.63502	60.276	m	6.471	2.57	F2 V	0.345
60 Aur	HD 50037|HR 2541|HIP 33064	103.30581	38.43802	60.318	m	6.389	2.487	F 6 IV-V	0.533
HD 100708	HR 4462|HIP 56497	173.73688	-49.1365	60.334	m	5.615	1.712	K1 III/IV	1.205
HD 32309	HR 1621|HIP 23362	75.35659	-20.05192	60.353	m	4.877	0.973	B9 V	-0.049
65 Leo	HD 96436|HR 4319|HIP 54336	166.72585	1.95552	60.363	m	5.647	1.743	K0 III	1.122
35 Aql	HD 183324|HR 7400|HIP 95793	292.25412	1.95045	60.367	m	5.795	1.891	B9.5 V	0.099
HD 153226	HR 6301|HIP 82989	254.3835	13.88412	60.466	m	6.467	2.559	K0IV	1.095
18 Com	HD 108722|HR 4753|HIP 60941	187.36268	24.10893	60.495	m	5.519	1.61	F5III	0.461
HD 99945	HR 4429|HIP 56253	172.96056	81.12726	60.542	m	6.153	2.243	AM	0.286
4 Aqr	HD 198571|HR 7982|HIP 102945	312.8573	-5.62661	60.563	m	6.402	2.491	F6 V	0.485
78 Vir	HD 118022|HR 5105|HIP 66200	203.53305	3.65897	60.627	m	4.916	1.003	Ap EuCrSr	0.059
HD 71935	HR 3350|HIP 41483	126.90243	-53.08848	60.639	m	5.105	1.191	A9/F0 III/IV	0.279
16 Del	HD 199254|HR 8012|HIP 103298	313.91072	12.56855	60.655	m	5.553	1.639	A4V	0.134
HD 75487	HR 3506|HIP 43624	133.27478	59.05614	60.716	m	6.382	2.465	F 4 IV	0.427
HD 126983	HR 5413|HIP 70931	217.58729	-49.51903	60.766	m	5.382	1.464	A0 V	0.059
4 Vir	HD 102510|HR 4528|HIP 57562	176.97875	8.24589	60.829	m	5.319	1.398	A 1 V	0.035
HD 190009	HR 7658|HIP 98785	300.93463	-22.59559	60.846	m	6.486	2.565	F7 V	0.545
41 And	HD 6658|HR 324|HIP 5317	17.00354	43.94209	60.857	m	5.046	1.124	A 3 M	0.144
HD 82165	HR 3766|HIP 46517	142.31739	-38.40354	60.89	m	6.172	2.249	A6 V	0.227
HD 169268	HR 6890|HIP 90174	276.01495	-3.58315	60.986	m	6.393	2.467	F0 V	0.357
HD 174481	HR 7096|HIP 92269	282.06698	48.76756	61.06	m	6.144	2.215	A 6 V	0.231
57 Per	HD 28704|HR 1434|HIP 21242	68.35377	43.06389	61.065	m	6.125	2.196	F 0 V	0.418
HD 107055	HR 4680|HIP 60018	184.63176	30.24905	61.082	m	6.263	2.333	A 9.5III	0.319
3 Crv	HD 105850|HR 4635|HIP 59394	182.766	-23.60242	61.211	m	5.452	1.518	A1 V	0.057
HD 40745	HR 2118|HIP 28434	90.07358	-12.90004	61.233	m	6.238	2.303	F2 IV	0.378
HD 87822	HR 3979|HIP 49658	152.06619	31.60407	61.237	e	6.282	2.347	F 4 V	0.478
21 Ori	HD 34658|HR 1746|HIP 24817	79.79674	2.59581	61.24	m	5.375	1.44	F3 III/IV	0.446
HD 199443	HR 8018|HIP 103460	314.41935	-16.03154	61.258	m	5.893	1.957	A2/3 III	0.199
HD 184010	HR 7421|HIP 96016	292.84008	26.61717	61.372	m	5.995	2.055	K 0 III-IV	1.049
HD 50277	HR 2551|HIP 33024	103.20612	8.38037	61.374	m	5.774	1.834	F 0 VN	0.279
HD 124915	HR 5341|HIP 69727	214.08909	-6.62154	61.4	m	6.47	2.529	A7 IV/V	0.306
45 Aur	HD 43905|HR 2264|HIP 30247	95.44221	53.45218	61.537	m	5.385	1.439	F5III	0.473
20 Cyg	HD 188056|HR 7576|HIP 97635	297.65718	52.988	61.599	m	5.161	1.213	K3III	1.543
HD 116160	HR 5037|HIP 65198	200.42352	2.08724	61.629	m	5.693	1.744	A0 V	0.055
26 Sgr	HD 172546|HR 7011|HIP 91689	280.46512	-23.83342	61.693	m	6.236	2.285	A3MA7-A9	0.263
HD 53811	HR 2672|HIP 34059	105.97335	-49.58392	61.701	m	4.942	0.991	A4 IV	0.139
HD 95370	HR 4293|HIP 53773	165.0386	-42.22585	61.724	m	4.383	0.431	A3 V	0.128
80 Leo	HD 99329|HR 4410|HIP 55791	171.45857	3.86011	61.748	m	6.395	2.442	F2 IV	0.358
HD 63660	HR 3043|HIP 38146	117.25699	-24.9122	61.77	m	5.397	1.443	G1/3	0.834
HD 14943	HR 701|HIP 11102	35.72781	-51.09213	61.817	m	5.924	1.968	A5 V	0.225
HD 153890	HR 6327|HIP 83491	255.96225	-38.15258	61.863	m	5.949	1.992	F3 V	0.415
HD 18778	HR 906|HIP 14844	47.9278	81.47071	61.908	m	5.929	1.97	AM	0.182
HD 65123	HR 3098|HIP 38870	119.3179	1.12703	61.958	e	6.42	2.46	F7 V	0.514
107 Aqr	HD 223024|HR 9002|HIP 117218	356.50383	-18.67834	61.966	m	5.649	1.688	F2:V+...	0.283
HD 102660	HR 4535|HIP 57646	177.31162	16.24288	62.015	m	6.071	2.109	AM	0.303
HD 150012	HR 6181|HIP 81425	249.45004	13.68703	62.024	m	6.348	2.385	F 5 III-IV	0.443
106 Tau	HD 32977|HR 1658|HIP 23871	76.95167	20.41837	62.032	m	5.304	1.341	A 5 V	0.124
HD 120672	HR 5208|HIP 67648	207.90207	-36.43328	62.105	m	6.402	2.436	F6 V	0.514
28 And	HD 2628|HR 114|HIP 2355	7.53069	29.75156	62.126	m	5.246	1.28	AM	0.277
HD 111786	HR 4881|HIP 62788	192.99124	-26.73828	62.14	m	6.169	2.202	A0 III	0.239
HD 43429	HR 2243|HIP 29692	93.82391	-18.47717	62.23	m	6.102	2.132	K1 III	1.232
HD 10939	HR 520|HIP 8241	26.5261	-53.52204	62.276	m	5.037	1.065	A1 V	0.04
55 UMa	HD 98353|HR 4380|HIP 55266	169.78296	38.18556	62.299	m	4.773	0.801	A2V	0.123
HD 224758	HR 9078|HIP 34	0.09959	26.91811	62.307	m	6.491	2.518	F 8 V	0.533
HD 186984	HR 7532|HIP 97423	297.01261	-13.70361	62.386	m	6.109	2.134	A5/7 III(M)	0.224
14 Ori	HD 33054|HR 1664|HIP 23879	76.97035	8.49847	62.411	m	5.475	1.499	AM	0.349
HD 166229	HR 6793|HIP 88836	272.00933	36.40127	62.517	m	5.614	1.634	K2III	1.371
HD 125489	HR 5368|HIP 70022	214.92063	0.38434	62.529	m	6.205	2.225	A5 V	0.22
HD 97244	HR 4341|HIP 54688	167.93232	14.40016	62.553	m	6.323	2.342	A 5 V	0.242
HD 31236	HR 1566|HIP 22850	73.74317	19.48539	62.582	m	6.39	2.408	F 0 IV	0.305
HD 43940	HR 2265|HIP 29852	94.28986	-37.2535	62.637	m	5.892	1.908	A2 V	0.164
HD 20210	HR 976|HIP 15204	49.00776	34.68851	62.691	m	6.264	2.278	AM	0.305
41 Oph	HD 156266|HR 6415|HIP 84514	259.15286	-0.4453	62.821	m	4.915	0.924	K2 III	1.404
12 Hya	HD 74918|HR 3484|HIP 43067	131.59391	-13.54773	62.956	m	4.402	0.407	G8 III	1.02
HD 102942	HR 4545|HIP 57805	177.78963	33.37501	63.021	m	6.266	2.269	AM	0.368
HD 115810	HR 5025|HIP 64979	199.76772	35.12798	63.021	m	6.038	2.041	A 9 III	0.286
HD 25346	HR 1245|HIP 18592	59.67876	-57.10236	63.071	m	6.095	2.096	F5 IV/V	0.473
2 Cen	HD 120323|HR 5192|HIP 67457	207.36133	-34.45077	63.104	m	4.416	0.416	M5 III	1.607
8 Cnc	HD 66664|HR 3163|HIP 39567	121.2687	13.11821	63.251	m	5.136	1.131	A0IV	0.012
HD 210074	HR 8435|HIP 109209	331.86914	19.47552	63.267	m	5.772	1.766	F 1 III	0.333
HD 98617	HR 4385|HIP 55225	169.64309	-79.66867	63.297	m	6.384	2.377	A8 III(M)	0.273
25 Mon	HD 61064|HR 2927|HIP 37088	114.31955	-4.11098	63.302	m	5.183	1.176	F3 IV	0.471
HD 72617	HR 3380|HIP 42049	128.55562	8.45233	63.338	m	6.068	2.06	F 1 III-IV	0.34
HD 72184	HR 3360|HIP 41935	128.22908	38.01637	63.384	m	5.999	1.989	K2III	1.33
HD 110385	HR 4827|HIP 61951	190.4558	-19.75909	63.386	m	6.059	2.049	F2 V	0.412
HD 82350	HR 3777|HIP 46358	141.77628	-71.60189	63.439	m	5.579	1.567	K0/1 III	1.252
47 And	HD 8374|HR 395|HIP 6514	20.91923	37.71494	63.444	m	5.622	1.61	AM	0.303
HD 92941	HR 4197|HIP 52513	161.06061	19.75883	63.45	m	6.29	2.278	A 7 V VW	0.203
HD 210739	HR 8464|HIP 109667	333.23952	-26.32779	63.519	m	6.205	2.19	A3 V	0.189
HD 89998	HR 4080|HIP 50799	155.5816	-41.64996	63.562	m	4.938	0.922	K1 III	1.312
HD 131111	HR 5541|HIP 72582	222.62353	37.27205	63.597	m	5.59	1.573	K0III-IV	1.195
HD 224355	HR 9059|HIP 118077	359.2853	55.7057	63.625	m	5.616	1.598	G 8 IB	0.509
9 Hya	HD 74137|HR 3441|HIP 42662	130.43057	-15.94339	63.663	m	4.983	0.964	K0 IIICNII	1.223
HD 142640	HR 5927|HIP 78059	239.06013	-14.3994	63.684	m	6.378	2.358	F6 V	0.505
HD 224361	HR 9060|HIP 118092	359.33287	-62.95658	63.744	m	5.957	1.935	A1 IV	0.117
HD 131562	HR 5556|HIP 73095	224.07189	-52.80955	63.754	m	5.403	1.38	A1 IV/V	0.139
HD 158352	HR 6507|HIP 85537	262.20689	0.33063	63.812	m	5.442	1.417	A8 V	0.255
100 Her	HD 166046|HR 6782|HIP 88817	271.95626	26.09733	63.863	m	5.811	1.785	A 3 V	0.146
100 Her	HD 166045|HR 6781|HIP 88818	271.95649	26.10129	63.887	m	5.839	1.812	A 3 V	0.168
HD 121156	HR 5228|HIP 67890	208.56933	-28.5696	63.898	m	6.172	2.145	K2 III	1.332
HD 91706	HR 4149|HIP 51795	158.74041	-23.17625	63.972	m	6.153	2.123	F6 V	0.509
HD 121056	HR 5224|HIP 67851	208.46693	-35.31436	63.996	m	6.293	2.262	K0 III	1.178
74 Dra	HD 196925|HR 7908|HIP 101082	307.36487	81.09127	64.002	m	6.07	2.039	K0III+F8V	1.076
HD 66011	HR 3144|HIP 39271	120.46137	8.91399	64.004	m	6.275	2.244	G 0 IV	0.623
HD 27536	HR 1362|HIP 20263	65.16101	-6.24599	64.015	m	6.252	2.221	K0 III	1.005
HD 155259	HR 6381|HIP 84150	258.06752	-39.50695	64.052	m	5.661	1.628	A0/1 V	0.059
HD 101615	HR 4502|HIP 57013	175.33246	-43.09566	64.055	m	5.536	1.503	A0 V	0.046
HD 44497	HR 2287|HIP 30318	95.65164	12.57024	64.179	m	6.024	1.987	F 0 III	0.336
HD 29613	HR 1487|HIP 21685	69.83213	-14.35919	64.233	m	5.579	1.54	K0 III	1.217
HD 18331	HR 875|HIP 13717	44.15593	-3.71232	64.276	m	5.172	1.132	A1 V	0.093
HD 119938	HR 5175|HIP 67292	206.86516	-50.24929	64.291	m	5.944	1.903	A3MA5-F0	0.294
HD 210271	HR 8444|HIP 109404	332.48209	-34.01497	64.354	m	5.399	1.356	A5 IV	0.243
HD 170680	HR 6944|HIP 90806	277.85957	-18.4027	64.404	m	5.118	1.073	B9/9.5 V	0.016
HD 107418	HR 4699|HIP 60221	185.23214	-13.56572	64.442	m	5.256	1.21	K0 III	1.221
HD 70937	HR 3295|HIP 41214	126.15182	-4.71699	64.475	m	6.075	2.028	F5 V	0.489
34 Leo	HD 88355|HR 3998|HIP 49929	152.90921	13.35512	64.6	e	6.481	2.43	F6V	0.499
HD 41214	HR 2138|HIP 28484	90.20488	-51.21632	64.604	m	5.673	1.622	A1MA3-A7	0.218
61 Sgr	HD 188899|HR 7614|HIP 98258	299.48763	-15.49151	64.62	m	5.006	0.954	A2 V	0.074
87 Her	HD 162211|HR 6644|HIP 87194	267.20478	25.62287	64.626	m	5.227	1.175	K2III	1.343
HD 208741	HR 8380|HIP 108849	330.76587	-76.11843	64.626	m	5.974	1.922	F3/5 III	0.431
59 Ari	HD 20618|HR 995|HIP 15514	49.98248	27.07113	64.672	m	6.013	1.959	G 8 IV	0.973
HD 111270	HR 4859|HIP 62402	191.82896	62.78116	64.709	m	5.905	1.85	A 9 V	0.223
HD 145191	HR 6015|HIP 79320	242.82377	-41.1198	64.723	m	5.891	1.836	F2 III (+ A)	0.291
HD 61859	HR 2962|HIP 37580	115.68145	34.00022	64.802	m	6.094	2.036	F 7 VA	0.493
HD 122797	HR 5275|HIP 68707	210.98232	4.90097	64.814	m	6.284	2.226	F 4 V	0.409
HD 222872	HR 8999|HIP 117107	356.12115	-26.24665	64.824	m	6.282	2.223	F3/5 V	0.509
HD 30210	HR 1519|HIP 22157	71.50725	11.70559	64.839	m	5.367	1.308	AM	0.223
44 Tau	HD 26322|HR 1287|HIP 19513	62.70775	26.48095	64.851	m	5.427	1.367	F 2 IV-V	0.353
HD 9780	HR 457|HIP 7447	23.97815	17.43384	64.886	m	5.979	1.918	F 0 IV	0.275
95 Cet	HD 20559|HR 992|HIP 15383	49.59341	-0.9303	64.934	m	5.597	1.535	K0 III	1.267
HD 46089	HR 2375|HIP 31119	97.95125	11.54441	64.942	m	5.234	1.171	A4V	0.197
HD 220974	HR 8918|HIP 115770	351.81927	70.35978	64.981	m	5.612	1.548	A 4 IV	0.185
HD 13747	HIP 10446	33.65825	28.69118	64.993	m	6.46	2.396	K0III	1.113
30 Dra	HD 162579|HR 6656|HIP 87212	267.26786	50.78105	64.995	m	5.022	0.958	A 2 V	0.042
52 Cyg	HD 197912|HR 7942|HIP 102453	311.41564	30.71972	65.008	m	4.334	0.269	K0III	1.222
HD 64491	HR 3083|HIP 38723	118.92012	35.41268	65.023	m	6.254	2.189	A 3 P	0.281
HD 204904	HR 8234|HIP 106881	324.7349	-79.44258	65.066	m	6.223	2.156	F6 IV	0.482
HD 222095	HR 8959|HIP 116602	354.46248	-45.49235	65.117	m	4.736	0.668	A1/2 V	0.09
HD 124713	HR 5333|HIP 69592	213.67068	21.87339	65.139	m	6.402	2.333	A8V	0.215
HD 120600	HR 5204|HIP 67483	207.43718	36.63282	65.149	m	6.463	2.393	A 7 IV-V	0.261
HD 33204	HR 1670|HIP 24019	77.43789	28.03047	65.177	m	6.036	1.966	A 9 VM VS	0.303
HD 116713	HR 5058|HIP 65535	201.53241	-39.75509	65.209	m	5.245	1.173	KP BA	1.43
HD 42278	HR 2179|HIP 29210	92.40106	-5.71143	65.214	m	6.19	2.118	F0 IV	0.371
6 Com	HD 106661|HR 4663|HIP 59819	184.00078	14.89907	65.228	m	5.092	1.02	A2V	0.078
HD 105776	HR 4631|HIP 59353	182.6409	-37.87035	65.294	m	6.088	2.014	A5 V	0.207
HD 17138	HR 815|HIP 13133	42.23129	69.63429	65.299	m	6.283	2.208	A2V	0.154
HD 188074	HR 7577|HIP 97700	297.83075	47.37724	65.316	m	6.26	2.185	F2V	0.403
97 Aqr	HD 220278|HR 8890|HIP 115404	350.66318	-15.03935	65.359	e	5.22	1.143	A3 V	0.215
HD 176723	HR 7197|HIP 93552	285.82374	-38.25315	65.38	m	5.756	1.679	F2 III/IV	0.353
HD 144415	HR 5991|HIP 78970	241.81754	-36.75567	65.399	m	5.739	1.661	F0/2 V	0.336
74 Cyg	HD 205835|HR 8266|HIP 106711	324.2374	40.41352	65.414	m	5.06	0.982	A 5 V	0.206
71 Cyg	HD 204771|HR 8228|HIP 106093	322.36229	46.54059	65.417	m	5.324	1.246	K0III	1.117
HD 121474	HR 5241|HIP 68191	209.41202	-63.68669	65.421	m	4.824	0.745	K0 III	1.287
HD 118156	HR 5108|HIP 66223	203.59111	38.78926	65.439	m	6.396	2.317	A 7 V	0.243
20 Aqr	HD 203843|HR 8192|HIP 105729	321.21531	-3.39836	65.485	m	6.416	2.335	F0 V	0.361
HD 201507	HR 8095|HIP 104481	317.49283	2.94365	65.561	m	6.475	2.392	F2 V	0.395
38 Aur	HD 40801|HR 2119|HIP 28677	90.82484	42.91154	65.584	m	6.192	2.108	K0III	1.151
HD 77093	HR 3586|HIP 44331	135.41985	39.71352	65.607	m	6.423	2.338	A 9 VN	0.32
HD 4440	HR 212|HIP 3750	12.03808	72.67449	65.624	m	5.968	1.883	K0IV	1.181
57 UMa	HD 99787|HR 4422|HIP 56034	172.26717	39.33697	65.63	m	5.353	1.267	A1V	0.021
HD 138525	HR 5769|HIP 76006	232.84294	36.61659	65.647	m	6.445	2.359	F 6 III	0.554
HD 97605	HR 4358|HIP 54863	168.50765	8.06069	65.735	m	5.919	1.83	K0	1.328
HD 133670	HR 5620|HIP 73927	226.61309	-22.03183	65.749	m	6.247	2.158	K0 III	1.179
HD 136729	HR 5715|HIP 75043	230.02146	51.95852	65.759	m	5.656	1.566	A 4 V	0.132
HD 86266	HR 3931|HIP 48763	149.19519	-26.54966	65.772	m	6.314	2.224	A4 V	0.212
HD 18970	HR 918|HIP 14382	46.38505	56.70572	65.834	m	4.88	0.788	G8III	1.193
56 Sgr	HD 186648|HR 7515|HIP 97290	296.59058	-19.76111	65.852	m	4.99	0.897	K0 III	1.231
Gl 460	HD 107326|HR 4694|HIP 60168	185.07397	26.00187	65.972	m	6.173	2.076	A 9 V	0.333
64 Vir	HD 116235|HR 5040|HIP 65241	200.54037	5.15476	65.983	m	5.889	1.792	A 2 M	0.135
HD 208108	HR 8358|HIP 108060	328.40574	19.66842	66.022	m	5.678	1.58	A0V	0.024
HD 77258	HR 3591|HIP 44191	135.02253	-41.25361	66.024	m	4.519	0.42	G8/K1 III + A	0.712
11 Lib	HD 130952|HR 5535|HIP 72631	222.75447	-2.29915	66.067	m	5.041	0.941	K0 III/IV	1.137
HD 121682	HR 5245|HIP 68065	209.04358	32.0326	66.089	m	6.347	2.246	F 4 IV-V	0.417
HD 195814	HR 7853|HIP 101558	308.73115	-38.08989	66.092	m	6.465	2.364	A5MA7-A9	0.284
6 Sex	HD 85364|HR 3899|HIP 48341	147.80847	-4.24335	66.207	m	6.038	1.933	A4 V	0.181
31 UMa	HD 85795|HR 3917|HIP 48682	148.92918	49.81985	66.22	m	5.278	1.173	A 3 III	0.075
2 Cam	HD 29316|HR 1466|HIP 21730	69.99189	53.47302	66.252	m	5.451	1.345	A8V	0.357
44 Cet	HD 8511|HR 401|HIP 6539	21.01058	-8.00742	66.281	m	6.239	2.132	A9 V	0.252
HD 12055	HR 574|HIP 9095	29.29201	-47.38528	66.529	m	4.93	0.815	G8 III	0.979
HD 109931	HR 4809|HIP 61688	189.68589	-18.2501	66.562	m	6.019	1.903	F0 V	0.324
64 Ari	HD 21017|HR 1022|HIP 15861	51.07698	24.72407	66.707	m	5.638	1.517	K0	1.424
HD 223011	HR 9001|HIP 117219	356.50524	-40.18256	66.736	m	6.328	2.206	A7 III/IV	0.223
59 Gem	HD 57927|HR 2816|HIP 35941	111.13939	27.63785	66.747	m	5.802	1.68	F 1 III	0.376
HD 24160	HR 1195|HIP 17874	57.36352	-36.20024	66.764	m	4.267	0.144	G8 III	1.074
HD 90470	HR 4096|HIP 51200	156.86683	41.60104	66.784	m	6.026	1.903	A 2 V	0.16
HD 143787	HR 5969|HIP 78650	240.83593	-25.86524	66.875	m	5.105	0.979	K3 III	1.461
HD 42341	HR 2183|HIP 29205	92.39385	-14.58462	66.948	m	5.683	1.554	K2 III	1.347
30 Sgr	HD 174309|HR 7088|HIP 92480	282.71038	-22.16219	66.986	m	6.324	2.194	F2 IV	0.402
HD 13305	HR 630|HIP 10069	32.39501	-24.34578	66.999	m	6.49	2.36	F0 IV/V	0.324
HD 82741	HR 3809|HIP 47029	143.76596	39.62149	67.054	m	4.909	0.777	K0III	1.139
HD 73389	HR 3414|HIP 42134	128.83212	-58.00923	67.073	m	4.957	0.824	K0 III	1.153
HD 109312	HR 4782|HIP 61328	188.49627	-49.90981	67.08	m	6.426	2.293	F3 III/IV	0.456
13 Lyn	HD 48432|HR 2477|HIP 32489	101.70628	57.16918	67.08	m	5.443	1.31	K0III	1.122
HD 21882	HR 1075|HIP 16285	52.47979	-42.63426	67.093	m	5.779	1.646	A5 V	0.225
HD 4293	HR 198|HIP 3521	11.23772	-42.67656	67.112	m	5.962	1.828	F0 V	0.306
HD 102328	HR 4521|HIP 57477	176.73176	55.62819	67.131	m	5.398	1.263	K3III	1.51
HD 24164	HR 1196|HIP 18438	59.12596	71.82161	67.198	m	6.339	2.202	A 5 M	0.338
HD 82232	HR 3772|HIP 46618	142.59368	-15.57736	67.268	m	5.985	1.846	K2 III	1.428
HD 110646	HR 4837|HIP 62103	190.90854	-1.57699	67.285	m	6.013	1.873	G8 III	0.969
HD 102928	HR 4544|HIP 57791	177.7593	-5.33333	67.303	m	5.739	1.599	K0 III	1.227
HD 102590	HR 4531|HIP 57606	177.16129	14.28422	67.414	m	5.97	1.826	A 9 V	0.281
HD 160054	HR 6570|HIP 86178	264.15311	30.78518	67.433	m	6.057	1.913	A7V	0.176
HD 62713	HR 3002|HIP 37664	115.9247	-40.93375	67.679	m	5.241	1.089	K1 III	1.291
HD 63744	HR 3046|HIP 38089	117.08401	-47.07772	67.689	m	4.803	0.65	K0 III	1.225
Gl 3679	HD 101259|HR 4489|HIP 56830	174.75184	-24.72109	67.724	m	6.488	2.334	G6/8 V	0.926
4 Pup	HD 62952|HR 3015|HIP 37891	116.48696	-14.5638	67.749	m	5.065	0.91	F2 V	0.341
HD 100953	HR 4473|HIP 56657	174.25507	-32.98819	67.802	m	6.368	2.212	F5 V	0.45
HD 117716	HR 5097|HIP 66065	203.14958	-28.69277	67.843	m	5.698	1.54	A0/1 V	0.047
16 Vul	HD 190004|HR 7657|HIP 98636	300.50605	24.93799	67.981	e	5.834	1.672	F2IB-F0P	0.419
31 Vul	Gl 4168|HD 198809|HR 7995|HIP 103004	313.03201	27.09698	67.998	m	4.66	0.498	G5III	0.943
HD 90874	HR 4115|HIP 51194	156.85535	-65.70466	68.024	m	6.004	1.841	A2 V	0.111
HD 23728	HR 1170|HIP 17846	57.28382	43.96308	68.046	m	5.994	1.83	A 9 IV	0.281
19 CVn	HD 115271|HR 5004|HIP 64692	198.88317	40.85522	68.084	m	5.802	1.637	A 7 V	0.206
HD 84121	HR 3863|HIP 47479	145.17737	-57.98355	68.111	m	5.332	1.166	A3 IV	0.206
39 Boo	HD 131041|HR 5538|HIP 72524	222.42236	48.721	68.149	m	6.306	2.139	F6V+...	0.543
HD 94363	HR 4249|HIP 53240	163.35402	-2.25521	68.153	m	6.22	2.053	G8 III	1.059
27 Dra	HD 159966|HR 6566|HIP 85805	262.99112	68.13502	68.188	m	5.192	1.023	K0III	1.236
HD 4818	HR 238|HIP 3965	12.73915	51.50804	68.2	m	6.398	2.229	F 2 IV	0.321
49 Ari	HD 18769|HR 905|HIP 14109	45.47559	26.46235	68.219	m	5.929	1.759	AM	0.165
50 Hya	Gl 540.1|HD 124206|HR 5312|HIP 69415	213.19177	-27.26118	68.254	m	5.202	1.031	K2 III	1.365
HD 21794	HR 1071|HIP 16602	53.42184	57.86872	68.273	m	6.435	2.264	F 7 V	0.531
HD 207235	HR 8332|HIP 107596	326.90933	-5.91679	68.28	m	6.196	2.025	A5 V	0.244
27 Hya	HD 80586|HR 3709|HIP 45811	140.12091	-9.5557	68.351	m	4.915	0.741	K0 III	1.075
104 Vir	HD 126722|HR 5406|HIP 70680	216.8516	-6.12034	68.362	m	6.176	2.002	A1 V	0.124
HD 82668	HR 3803|HIP 46701	142.80549	-57.03438	68.384	m	3.326	-0.849	K4/5 III	1.864
HD 16170	HR 755|HIP 11925	38.47754	-51.09355	68.4	m	6.301	2.126	F6 V	0.555
HD 115488	HR 5014|HIP 64838	199.37439	-0.67605	68.401	m	6.383	2.208	A9 V	0.274
HD 175529	HR 7136|HIP 93074	284.39331	-39.8232	68.458	m	6.31	2.133	A5 IV/V	0.218
HD 65810	HR 3131|HIP 39095	119.96689	-18.39923	68.501	m	4.618	0.44	A1 V	0.093
HD 189198	HR 7630|HIP 98512	300.20135	-45.11292	68.514	m	5.817	1.638	F0/2 IV	0.311
HD 87427	HR 3965|HIP 49339	151.08725	-24.28554	68.552	m	5.738	1.558	F0 V	0.321
HD 167096	HR 6818|HIP 89507	273.97271	-44.20646	68.612	m	5.557	1.375	G8/K0 III	1.1
HD 170642	HR 6942|HIP 90887	278.08888	-39.704	68.624	m	5.166	0.984	A3 V	0.094
HD 89455	HR 4055|HIP 50536	154.82029	-12.52814	68.627	m	6.058	1.876	A8 III	0.266
HD 7312	HR 359|HIP 5661	18.18931	-37.85648	68.686	m	5.97	1.786	A9 (IV) (+ F/G)	0.307
14 Psc	HD 221675|HR 8944|HIP 116323	353.53757	-1.24757	68.797	m	5.91	1.722	A2 II	0.348
9 CVn	HD 109980|HR 4811|HIP 61692	189.69282	40.87466	68.862	m	6.378	2.188	A5V	0.216
HD 118666	HR 5130|HIP 66681	205.04461	-64.57655	68.882	m	5.832	1.641	F2 III/IV	0.417
HD 81101	HR 3728|HIP 45856	140.23672	-62.40463	68.885	m	4.903	0.712	G6 III	1.068
83 Aqr	HD 218060|HR 8782|HIP 113996	346.29079	-7.6938	68.91	m	5.472	1.281	F0 V	0.322
HD 129456	HR 5485|HIP 72010	220.91433	-35.17366	68.927	m	4.201	0.009	K3 III	1.627
HD 199870	HR 8035|HIP 103519	314.5811	44.47171	68.989	m	5.655	1.461	G8III	1.131
HD 203925	HR 8198|HIP 105703	321.14169	26.17456	68.992	m	5.696	1.502	A 8 III	0.334
HD 102713	HR 4536|HIP 57670	177.42381	34.93176	69	m	5.777	1.583	F 5 IV	0.5
HD 148760	HR 6145|HIP 80910	247.84522	-26.53764	69.01	m	6.202	2.007	K1 III	1.271
HD 83944	HR 3856|HIP 47391	144.83748	-61.32806	69.065	m	4.487	0.291	B9 IV/V	-0.069
HD 70612	HR 3286|HIP 40947	125.35078	-39.62071	69.12	m	6.166	1.968	A4 V	0.189
HD 10543	HR 499|HIP 8115	26.07484	57.53662	69.244	m	6.287	2.085	A 2 V	0.098
20 Peg	HD 209166|HR 8392|HIP 108693	330.27229	13.11982	69.254	m	5.641	1.439	F 4 III	0.371
HD 71722	HR 3341|HIP 41373	126.60501	-52.8075	69.267	m	6.049	1.846	A0 V	0.068
HD 111199	HR 4856|HIP 62421	191.88926	-6.30175	69.279	m	6.323	2.12	F7 V	0.582
HD 188097	HR 7579|HIP 98332	299.67204	-69.16396	69.283	m	5.753	1.55	A1MA5-F2	0.253
HD 125283	HR 5357|HIP 69995	214.8495	-37.0029	69.366	m	5.936	1.73	A1 V	0.093
Gl 9800B		343.13016	-32.87569	69.366	m	5.026	0.82		0.035
HD 4088	HR 186|HIP 3352	10.67477	-60.26281	69.377	m	6.131	1.925	K3 III	1.582
16 Lyn	HD 50973|HR 2585|HIP 33485	104.40461	45.0941	69.419	m	4.896	0.689	A2V	0.034
HD 217096	HR 8732|HIP 113447	344.64586	-35.52323	69.422	m	6.211	2.004	F7 V	0.636
HD 99859	HR 4424|HIP 56083	172.43152	56.73757	69.436	m	6.299	2.091	A 4 M	0.178
HD 37306	HR 1919|HIP 26395	84.28655	-11.77552	69.556	m	6.096	1.884	A0 V	0.067
HD 142139	HR 5905|HIP 78045	239.02465	-60.48249	69.584	m	5.765	1.552	A1 IV/V	0.088
HD 216042	HR 8680|HIP 112746	342.49676	-32.80547	69.634	m	6.37	2.156	F0 V	0.331
HD 200073	HR 8046|HIP 103836	315.61319	-38.53097	69.647	m	6.057	1.842	K2 III	1.296
HD 21997	HR 1082|HIP 16449	52.97352	-25.61415	69.686	m	6.39	2.174	A3 IV/V	0.149
HD 141832	HR 5893|HIP 77729	238.05332	-29.88655	69.699	m	6.493	2.277	K0 III	1.16
HD 6668	HR 325|HIP 5259	16.80384	-23.99633	69.721	m	6.382	2.165	A3 III	0.254
HD 154556	HR 6357|HIP 84158	258.08306	-70.72108	69.742	m	6.333	2.116	K1 IVCNIII	1.25
HD 154153	HR 6338|HIP 83650	256.452	-44.10505	69.819	m	6.213	1.993	A4 III	0.296
HD 126129	HR 5385|HIP 70327	215.84456	8.44665	69.825	m	5.035	0.815	A 0 V	-0.005
16 Ser	HD 139195|HR 5802|HIP 76425	234.12325	10.01017	69.883	m	5.36	1.138	K0P	1.108
78 Peg	HD 222842|HR 8997|HIP 117073	355.99784	29.36146	69.973	m	5.067	0.842	K0III	1.119
HD 123492	HR 5295|HIP 69298	212.75783	-69.71931	69.995	m	6.089	1.864	A6 IV	0.196
HD 129685	HR 5489|HIP 72104	221.24668	-35.19183	70.036	m	4.924	0.697	A0 V	0.009
HD 22522	HR 1102|HIP 16924	54.4493	15.43056	70.039	m	6.421	2.194	A 6 V	0.199
HD 138105	HR 5749|HIP 75939	232.65105	-20.72855	70.066	m	6.218	1.99	A3 V	0.198
HD 207760	HR 8346|HIP 107901	327.92395	-18.62294	70.085	m	6.229	2.001	F0 V	0.369
HD 164712	HR 6731|HIP 89115	272.81584	-75.89151	70.086	m	5.996	1.768	K2 III	1.486
HD 213884	HR 8593|HIP 111548	338.97054	-57.88375	70.123	m	6.25	2.021	A5 V	0.223
HD 52619	HR 2637|HIP 33760	105.17714	-28.48958	70.208	m	6.331	2.099	F3/5 V	0.474
HD 100808	HR 4465|HIP 56601	174.07487	27.78127	70.208	m	5.901	1.669	A 8 V	0.261
HD 170384	HR 6931|HIP 90759	277.76229	-41.91383	70.231	m	6.037	1.804	A3 V	0.16
HD 12467	HR 597|HIP 10054	32.35547	81.29594	70.233	m	6.05	1.817	A 1 V	0.135
HD 29573	HR 1483|HIP 21644	69.72315	-12.12312	70.25	m	5.011	0.778	A0 V	0.076
HD 119476	HR 5162|HIP 66798	205.37455	64.82241	70.415	m	5.848	1.61	A 2 V	0.088
HD 28271	HR 1406|HIP 20904	67.21663	30.36149	70.418	m	6.443	2.205	F 8 IV	0.561
HD 35505	HR 1792|HIP 25280	81.1187	-16.97578	70.478	m	5.635	1.395	A0 V	0
HD 196078	HR 7865|HIP 101608	308.88441	-16.52588	70.536	m	6.203	1.961	A5 II/III	0.222
39 Eri	HD 26846|HR 1318|HIP 19777	63.5987	-10.25627	70.57	m	5.028	0.785	K2 III	1.383
66 Ari	HD 21467|HR 1048|HIP 16181	52.11071	22.80401	70.607	m	6.146	1.902	K 0 IV	1.129
32 Aqr	HD 209625|HR 8410|HIP 108991	331.19759	-0.90634	70.61	m	5.303	1.059	A5 IV	0.271
HD 108107	HR 4722|HIP 60595	186.29902	-11.61059	70.659	m	5.932	1.686	A1 V	0.055
HD 38206	HR 1975|HIP 26966	85.8403	-18.55748	70.687	m	5.724	1.477	A0 V	-0.012
HD 182681	HR 7380|HIP 95619	291.73535	-29.74323	70.693	m	5.642	1.395	B8/9 V	-0.004
HD 191603	HR 7707|HIP 99762	303.61211	-63.41579	70.703	m	6.123	1.876	F0 IV	0.318
HD 32436	HR 1628|HIP 23430	75.54092	-26.27503	70.723	m	5.12	0.872	K1 III	1.242
HD 79917	HR 3682|HIP 45439	138.90295	-38.56994	70.742	m	5.036	0.788	K1 III	1.288
HD 109573	HR 4796|HIP 61498	189.00431	-39.8695	70.772	m	5.775	1.526	A0 V	0.019
6 Ori	HD 31283|HR 1569|HIP 22833	73.6954	11.42602	70.783	m	5.199	0.949	A 3 V	0.126
89 Vir	HD 120452|HR 5196|HIP 67494	207.46785	-18.13417	70.787	m	5.077	0.827	K0 III	1.232
HD 110575	HR 4836|HIP 62081	190.85943	-40.17785	70.853	m	6.462	2.21	A7 III	0.277
HD 16399	HR 770|HIP 12272	39.50313	7.69528	70.896	m	6.436	2.183	F 5 IV	0.462
HD 149303	HR 6162|HIP 80953	247.94678	45.59827	70.91	m	5.686	1.432	A 4 VN	0.122
HD 7238	HR 357|HIP 5947	19.12866	79.91001	70.914	m	6.31	2.056	F 5 VS	0.442
HD 112131	HR 4901|HIP 62983	193.57775	-11.64857	70.946	m	5.986	1.731	A1 V	0.092
59 Per	HD 29722|HR 1494|HIP 21928	70.72638	43.36514	70.961	m	5.3	1.045	A 0 V	0.029
HD 114474	HR 4973|HIP 64348	197.84674	-43.36856	71.029	m	5.348	1.091	K1/2 III	1.229
25 Vir	HD 109704|HR 4799|HIP 61558	189.19731	-5.8319	71.081	m	5.875	1.616	A1 V	0.08
HD 216380	HR 8696|HIP 112864	342.84407	61.69677	71.089	m	6.028	1.769	G8III-IV	0.99
HD 168740	HR 6871|HIP 90304	276.38179	-63.02154	71.144	m	6.147	1.886	A2 III	0.213
HD 222377	HR 8970|HIP 116768	354.97933	9.67729	71.17	m	5.988	1.727	A 2 IVM	0.241
HD 93453	HIP 52709	161.65476	-43.19267	71.199	m	6.309	2.047	A4 IV	0.213
Gl 321.1	HD 74772|HR 3477|HIP 42884	131.09978	-42.64928	71.232	m	4.143	-0.12	G5 III	0.992
54 Per	HD 27348|HR 1343|HIP 20252	65.10266	34.56672	71.262	m	5.033	0.769	G8III	1.075
26 Ari	HD 15550|HR 729|HIP 11678	37.66008	19.8553	71.264	m	6.161	1.897	A 9 V	0.265
HD 105678	HR 4627|HIP 59291	182.44613	74.66137	71.282	m	6.4	2.135	F5	0.54
7 PsA	HD 205529|HR 8256|HIP 106703	324.20334	-33.0479	71.291	m	6.127	1.862	A5 V	0.236
38 UMa	HD 92424|HR 4178|HIP 52353	160.48562	65.71629	71.324	m	5.244	0.978	K2III	1.423
93 Leo	HD 102509|HR 4527|HIP 57565	176.9964	20.21893	71.327	e	4.585	0.319	A+G5III-IV	0.594
HD 211797	HR 8510|HIP 110171	334.7342	37.76929	71.355	m	6.213	1.946	A 9 IIIP:	0.29
109 Tau	HD 34559|HR 1739|HIP 24822	79.81917	22.0965	71.374	m	5.053	0.785	G8III	1.085
72 Cyg	HD 205512|HR 8255|HIP 106551	323.69403	38.53406	71.381	m	4.99	0.722	K0III	1.281
HD 83368	HR 3831|HIP 47145	144.10587	-48.75118	71.383	m	6.264	1.996	AP SREUCR	0.289
HD 219263	HR 8835|HIP 114775	348.74425	-41.1054	71.46	m	5.899	1.629	K2 III	1.38
HD 104755	HIP 58809	180.93518	5.55775	71.471	m	6.439	2.168	F5	0.475
HD 204041	HR 8203|HIP 105819	321.46493	0.53434	71.497	m	6.47	2.199	A0 V	0.163
HD 83520	HR 3840|HIP 47204	144.30273	-53.66842	71.531	e	5.537	1.265	A2/3 V	0.145
27 Vir	HD 110377|HR 4824|HIP 61937	190.3933	10.42627	71.652	m	6.24	1.964	A 5 V	0.215
HD 23523	HR 1158|HIP 17891	57.4025	63.29697	71.686	m	5.842	1.565	A 5 VN	0.21
HD 70574	HR 3285|HIP 41036	125.62568	-6.17915	71.689	m	6.168	1.891	A8 III	0.242
HD 30454	HR 1529|HIP 22393	72.30353	31.43737	71.706	m	5.705	1.427	K 2 III	1.336
HD 90170	HR 4087|HIP 50903	155.91927	-41.95318	71.741	m	6.343	2.064	G8 IV	1.038
HD 37297	HR 1917|HIP 26001	83.24823	-64.22753	71.772	m	5.455	1.175	G8/K0 III	1.187
HD 85859	HR 3919|HIP 48559	148.55133	-25.93235	71.826	m	5.009	0.728	K2 III	1.454
HD 76292	HR 3546|HIP 43894	134.12715	40.20147	71.837	m	5.927	1.645	F 2 III	0.396
HD 75654	HR 3517|HIP 43354	132.46813	-39.1416	71.871	m	6.398	2.115	A2/3 II/III	0.257
HD 139493	HR 5818|HIP 76376	233.98767	54.63055	71.903	m	5.769	1.485	A 2 V	0.047
HD 10148	HR 473|HIP 7679	24.71579	-21.27539	71.952	m	5.612	1.327	F0 V	0.348
48 Cet	HD 9132|HR 433|HIP 6960	22.40055	-21.62934	71.96	m	5.107	0.822	A0V	0.03
HD 113852	HR 4947|HIP 64003	196.72608	-35.86203	72.007	m	5.635	1.348	A0 V	0.053
HD 77140	HR 3588|HIP 44093	134.71814	-47.23469	72.108	m	5.178	0.888	A6/7(M)A7-F0	0.275
5 Vul	HD 182919|HR 7390|HIP 95560	291.55519	20.09774	72.134	m	5.59	1.299	A0V	-0.001
HD 71043	HR 3300|HIP 41081	125.72982	-52.12373	72.147	m	5.888	1.597	A0 V	0.02
HD 3303	HR 148|HIP 2789	8.8889	-54.82187	72.148	m	6.163	1.872	K0 IV	1.159
HD 8634	HR 407|HIP 6669	21.39865	23.51152	72.183	m	6.239	1.947	F 5 III	0.469
HD 179094	HR 7275|HIP 94013	287.10745	52.42573	72.221	m	6.014	1.721	K1III-IV	1.272
HD 204943	HR 8235|HIP 106363	323.13859	-24.59042	72.267	m	6.454	2.159	A7 V	0.219
HD 101021	HR 4475|HIP 56656	174.25219	-61.28344	72.272	m	5.251	0.956	K0 III	1.297
HD 117376	HR 5085|HIP 65728	202.11286	59.94579	72.317	m	5.458	1.162	A 1 VN	0.002
HD 157482	HR 6469|HIP 84949	260.43175	39.97466	72.383	m	5.636	1.338	G 0 VN:	0.735
HD 88399	HR 4001|HIP 49844	152.65716	-41.71525	72.386	m	6.107	1.809	K2/3 III	1.488
HD 63589	HR 3040|HIP 38319	117.75982	33.23365	72.387	m	6.063	1.765	AM	0.186
HD 121932	HR 5253|HIP 68455	210.21853	-66.26891	72.434	m	5.991	1.691	F2 III	0.377
HD 159517	HR 6552|HIP 88274	270.3924	-85.21483	72.475	m	6.497	2.196	F5 IV	0.472
8 Pup	HD 64077|HR 3063|HIP 38372	117.92037	-12.81941	72.546	m	6.406	2.103	F3 IV	0.397
HD 173093	HR 7034|HIP 91880	280.96347	-6.81812	72.564	m	6.352	2.048	F7 V	0.488
HD 43319	HR 2234|HIP 29711	93.87364	-4.91472	72.566	m	6.008	1.704	A2 III/IV	0.087
HD 220105	HR 8884|HIP 115261	350.18375	44.11617	72.578	m	6.259	1.955	A 5 VN	0.168
HD 72626	HR 3381|HIP 41949	128.27014	-24.60691	72.622	e	6.3	1.995	F2 IV/V	0.285
HD 208177	HR 8363|HIP 108144	328.64964	-3.30127	72.647	m	6.285	1.979	F6/7 V	0.501
HD 211006	HR 8482|HIP 109730	333.41125	28.60801	72.797	m	5.997	1.686	K 2 III	1.375
HD 645	HR 31|HIP 873	2.67848	-12.57989	72.838	m	5.961	1.649	K0 III	1.171
HD 205539	HR 8257|HIP 106595	323.82965	28.19761	72.902	m	6.289	1.975	F 0 IV	0.366
HD 198949	HR 7998|HIP 103154	313.49328	-6.88946	72.938	m	6.477	2.162	F2 III/IV	0.376
HD 141675	HR 5887|HIP 77370	236.90802	55.37664	73.01	m	5.909	1.592	AM	0.268
41 LMi	HD 92825|HR 4192|HIP 52457	160.85398	23.1884	73.016	m	5.075	0.758	A2V	0.047
34 Vir	HD 111164|HR 4855|HIP 62394	191.80684	11.95809	73.037	m	6.109	1.791	A 3 V	0.155
5 Psc	HD 218527|HR 8807|HIP 114273	347.17052	2.12788	73.055	m	5.526	1.208	G8 IV	1.035
HD 112171	HR 4904|HIP 62972	193.55452	33.53448	73.146	m	6.259	1.938	A5V	0.229
HD 64225	HR 3071|HIP 38267	117.59926	-50.50946	73.157	m	6.027	1.706	K2 III	1.264
92 Leo	HD 101484|HR 4495|HIP 56975	175.19611	21.35272	73.159	m	5.363	1.042	K0III	1.129
HD 82785	HR 3812|HIP 46874	143.282	-39.12908	73.178	m	6.453	2.131	F2 IV/V	0.379
HD 45506	HR 2340|HIP 30815	97.11689	16.23839	73.199	m	6.333	2.01	G5	1.026
HD 213198	HR 8565|HIP 111066	337.50618	-12.91512	73.285	m	6.441	2.116	F2/3 IV/V	0.362
60 Eri	HD 30814|HR 1549|HIP 22479	72.5484	-16.21715	73.3	m	5.139	0.813	K0 III	1.16
HD 27971	HR 1390|HIP 20704	66.52629	31.43892	73.372	m	5.393	1.065	K1III	1.137
58 Psc	HD 4482|HR 213|HIP 3675	11.75608	11.97385	73.378	m	5.613	1.285	G 8 II	1.135
HD 138413	HR 5762|HIP 76106	233.15293	-19.67046	73.394	m	5.516	1.188	A2 IV	0.201
HD 60863	HR 2922|HIP 36917	113.84541	-28.36932	73.43	m	4.617	0.288	B8 V	-0.122
HD 43358	HR 2236|HIP 29746	93.97488	1.16908	73.439	m	6.408	2.078	F3 V	0.467
100 Aqr	HD 221357|HR 8932|HIP 116118	352.92518	-21.36945	73.454	m	6.277	1.947	F0 V	0.326
HD 143553	HR 5963|HIP 78442	240.21306	4.42736	73.52	m	5.917	1.585	K0 III/IV	1.175
HD 217703	HR 8764|HIP 113801	345.68438	-20.87071	73.522	m	6.083	1.751	K0 III	1.116
HD 121164	HR 5229|HIP 67782	208.29284	28.64814	73.533	m	5.934	1.602	A 7 V	0.215
HD 198160	HR 7959|HIP 102962	312.91031	-62.42933	73.535	m	6.226	1.894	A2/3 IV/V	0.161
HD 45320	HR 2324|HIP 30666	96.66494	-1.50733	73.542	m	5.864	1.531	A1 V	0.089
35 Psc	HD 1061|HR 50|HIP 1196	3.74517	8.82096	73.582	m	6.055	1.721	F 0 IV	0.324
HD 171130	HR 6962|HIP 90991	278.41259	-14.85361	73.599	m	5.739	1.405	A0/1 V	0.042
HD 127726	HR 5433|HIP 71094	218.08428	26.67728	73.638	e	6.03	1.694	A7IV-V	0.236
46 UMa	HD 94600|HR 4258|HIP 53426	163.93493	33.50693	73.677	m	5.155	0.818	K1III	1.272
HD 196737	HR 7893|HIP 102014	310.08262	-33.43184	73.757	m	5.592	1.253	K1 III	1.328
HD 98161	HR 4372|HIP 55130	169.30003	-38.01436	73.764	m	6.249	1.91	A1 V	0.119
HD 45983	HR 2368|HIP 30849	97.17676	-41.07487	73.887	m	6.362	2.019	F2/3 V	0.41
HD 162517	HR 6653|HIP 87532	268.24002	-35.62431	73.992	m	6.053	1.707	F2 V	0.367
HD 11408	HR 540|HIP 8847	28.45214	55.59764	73.998	m	6.461	2.115	A 5 M	0.205
HD 8599	HR 406|HIP 6605	21.20284	-2.84859	74.123	m	6.271	1.921	K0 III	1.113
60 Ser	HD 170474|HR 6935|HIP 90642	277.42075	-1.98531	74.124	m	5.475	1.125	K0 III	1.105
41 Cap	HD 206356|HR 8285|HIP 107128	325.50291	-23.26286	74.155	m	5.349	0.998	K0 III	1.138
HD 125351	HR 5361|HIP 69879	214.49924	35.5095	74.191	m	4.913	0.561	K1III	1.23
HD 18991	HR 920|HIP 14392	46.41736	56.06897	74.216	m	6.221	1.869	G 9 III	1.216
30 LMi	HD 90277|HR 4090|HIP 51056	156.47839	33.79612	74.267	m	4.751	0.397	F0V	0.284
59 Peg	HD 218918|HR 8826|HIP 114520	347.93413	8.72011	74.295	m	5.17	0.815	A2V	0.135
HD 42301	HR 2180|HIP 29150	92.24112	-22.42739	74.305	m	5.478	1.123	A0 V	-0.007
47 Cam	HD 56820|HR 2772|HIP 35735	110.57154	59.90198	74.342	m	6.399	2.043	A 8 M	0.305
HD 222803	HR 8993|HIP 117075	356.00551	-45.08312	74.359	m	6.194	1.837	K1 III/IV	1.13
15 Vul	HD 189849|HR 7653|HIP 98543	300.2752	27.75357	74.39	m	4.675	0.317	AM	0.199
74 Oph	HD 168656|HR 6866|HIP 89918	275.21692	3.37717	74.395	m	4.957	0.599	G8 III	1.037
60 Peg	HD 218935|HR 8827|HIP 114526	347.95496	26.84731	74.403	m	6.292	1.934	K0IV	1.08
HD 219402	HR 8840|HIP 114822	348.89274	-3.49638	74.432	m	5.561	1.202	A1 V	0.065
HD 27604	HR 1365|HIP 20109	64.66678	-52.8601	74.447	m	6.159	1.8	F7 IV/V	0.513
HD 47946	HR 2460|HIP 31870	99.92775	-30.47049	74.487	m	5.829	1.469	K1 III	1.344
75 Peg	HD 222133|HR 8963|HIP 116611	354.48668	18.40067	74.52	m	5.481	1.12	A1V	0
58 Aqr	HD 213464|HR 8583|HIP 111200	337.92217	-10.90556	74.551	m	6.418	2.056	A9/F0 V	0.315
HD 71663	HR 3337|HIP 41564	127.12147	-2.51713	74.571	e	6.452	2.089	A3mA5/7-A9	0.37
HD 99015	HR 4397|HIP 55497	170.48707	-77.60838	74.631	m	6.449	2.084	A5 III/IV	0.223
HD 81830	HR 3752|HIP 46225	141.36351	-61.9505	74.647	m	5.792	1.427	A4 V	0.162
10 Aql	HD 176232|HR 7167|HIP 93179	284.69552	13.90665	74.673	m	5.927	1.561	AP	0.289
HD 173780	HR 7064|HIP 92088	281.51867	26.66213	74.705	m	4.958	0.591	K3III	1.408
10 Vir	HD 105639|HR 4626|HIP 59285	182.42212	1.89789	74.705	m	6.084	1.717	K0/1 III	1.324
HD 174474	HR 7095|HIP 92676	283.25978	-48.36092	74.754	m	6.183	1.815	A2 V	0.128
HD 76291	HR 3545|HIP 43923	134.20814	45.63165	74.805	m	5.837	1.467	K1IV	1.326
HD 162555	HR 6654|HIP 87308	267.59539	29.32214	74.808	m	5.636	1.266	K1III	1.248
HD 152830	HR 6290|HIP 82798	253.81663	13.61991	74.826	m	6.382	2.012	F 2 II	0.368
39 Cet	HD 7672|HR 373|HIP 5951	19.1512	-2.50037	74.838	m	5.526	1.155	G8/K0 IV	1.005
HD 211356	HR 8495|HIP 109984	334.14023	-1.59639	74.84	m	6.169	1.798	A3 II/III	0.216
HD 34557	HR 1738|HIP 24902	80.06112	41.08621	74.915	m	5.472	1.099	A 1 V	0.131
HD 40588	HR 2110|HIP 28517	90.29184	31.03452	74.953	m	6.188	1.814	A0V	0.112
HD 191220	HR 7698|HIP 100697	306.22881	-83.31062	75.013	m	6.169	1.793	A2/3MA8-F0	0.232
27 Lyn	HD 67006|HR 3173|HIP 39847	122.11436	51.50667	75.036	m	4.8	0.424	A2V	0.03
44 Vir	HD 112846|HR 4921|HIP 63414	194.91468	-3.81192	75.049	m	5.813	1.436	A3 III	0.184
HD 151676	HR 6240|HIP 82339	252.36529	-15.66797	75.08	m	6.225	1.847	A3 V	0.237
HD 77246	HIP 45097	137.80272	80.82891	75.085	m	6.403	2.025	F2	0.403
HD 141194	HR 5871|HIP 77541	237.48956	-48.91241	75.155	m	5.846	1.466	A1 V	0.082
HD 127167	HR 5418|HIP 70894	217.4605	0.82893	75.172	m	5.987	1.607	A5 IV/V	0.174
HD 69123	HR 3242|HIP 40344	123.55524	-35.49002	75.193	m	5.88	1.499	K1 III	1.204
HD 6245	HR 299|HIP 4890	15.70495	-46.39731	75.248	m	5.487	1.105	G8 III	1.026
HD 125406	HR 5363|HIP 69862	214.45501	48.002	75.343	m	6.369	1.984	F 5 IV	0.489
6 CVn	HD 108225|HR 4728|HIP 60646	186.46224	39.01862	75.38	m	5.117	0.731	G8III-IV	1.089
27 Psc	HD 224533|HR 9067|HIP 118209	359.66824	-3.55598	75.396	m	4.989	0.602	G8 III	1.061
HD 210848	HR 8470|HIP 109737	333.43514	-25.1809	75.416	m	5.641	1.254	F7 II	0.53
HD 109585	HR 4797|HIP 61496	188.99498	-20.52748	75.439	m	6.225	1.837	F0 V	0.359
43 Leo	HD 89962|HR 4077|HIP 50851	155.75186	6.54265	75.523	m	6.195	1.805	K0	1.323
HD 186307	HR 7499|HIP 96907	295.49007	40.25413	75.526	m	6.243	1.853	A 6 V	0.196
HD 22663	HR 1106|HIP 16870	54.27363	-40.27457	75.594	m	4.689	0.297	K1 III	1.177
HD 124224	HR 5313|HIP 69389	213.06585	2.40943	75.597	m	4.964	0.571	Ap Si	-0.123
HD 101695	HR 4506|HIP 57079	175.5147	-20.29417	75.606	m	6.307	1.914	G8 IV	1.108
64 Leo	HD 96528|HR 4322|HIP 54388	166.91544	23.32376	75.644	m	6.492	2.098	A5V	0.205
HD 220003	HR 8877|HIP 115272	350.20906	-50.30658	75.659	m	6.152	1.758	FM DELTA DEL	0.466
25 Aqr	HD 206067|HR 8277|HIP 106944	324.88861	2.24356	75.669	m	5.215	0.82	K0 III	1.203
HD 152569	HR 6277|HIP 82693	253.54419	-1.61231	75.674	m	6.279	1.884	A5/7 V	0.305
HD 134064	HR 5633|HIP 74000	226.83487	18.44182	75.703	m	6.039	1.643	A2V	0.083
27 LMi	HD 89904|HR 4075|HIP 50860	155.77636	33.90814	75.722	m	5.903	1.507	A 5 VA W	0.156
HD 74067	HR 3439|HIP 42540	130.07987	-40.26388	75.775	m	5.206	0.808	AP (SICR)	-0.022
25 Her	HD 148283|HR 6123|HIP 80460	246.35071	37.39406	75.813	m	5.554	1.155	A 5 V	0.195
HD 218108	HR 8786|HIP 114258	347.09933	-79.48069	75.819	m	6.127	1.728	A3/4 V	0.158
84 Vir	HR 5159|HIP 66936	205.76547	3.5379	75.902	m	5.554	1.153	K1III	1.382
HD 21819	HR 1073|HIP 16599	53.41275	54.97486	75.917	m	5.984	1.582	A 3 V	0.123
89 Psc	HD 7804|HR 378|HIP 6061	19.44982	3.61446	75.918	m	5.147	0.745	A1 V	0.089
HD 82068	HR 3761|HIP 46328	141.68373	-64.9297	75.96	m	6.06	1.657	A3 VN	0.172
HD 20063	HR 966|HIP 15118	48.7358	42.50363	75.991	m	6.181	1.777	K 2 III	1.276
HD 221970	HR 8955|HIP 116505	354.12713	32.90421	76.067	m	6.388	1.982	F 5 III	0.492
HD 207130	HR 8324|HIP 107230	325.76684	72.32008	76.068	m	5.291	0.885	K1III	1.236
HD 114971	HR 4996|HIP 64623	198.68027	-48.95703	76.123	m	5.95	1.542	K1 III	1.254
HD 27588	HR 1364|HIP 20161	64.81957	-44.26792	76.133	m	5.451	1.043	K2 III	1.25
HD 117710	HR 5096|HIP 65951	202.81569	42.10616	76.31	m	6.187	1.774	K 2 III	1.276
HD 88182	HR 3988|HIP 49802	152.48536	-12.09531	76.351	m	6.255	1.841	A5 III	0.208
HD 80950	HR 3721|HIP 45585	139.36487	-74.73458	76.394	m	5.855	1.44	A0 V	-0.01
7 Com	HD 106714|HR 4667|HIP 59847	184.08558	23.94541	76.417	m	5.033	0.617	K0III	1.102
6 Ser	HD 136514|HR 5710|HIP 75119	230.25832	0.71533	76.449	m	5.53	1.113	K1 III	1.436
HD 127486	HR 5426|HIP 71184	218.38491	-54.99862	76.457	m	5.913	1.496	F5 IV	0.511
101 Aqr	HD 221565|HR 8939|HIP 116247	353.31927	-20.9145	76.48	m	4.759	0.341	A0V	0.019
10 Lep	HD 36473|HR 1849|HIP 25853	82.78178	-20.86366	76.49	m	5.525	1.107	A0 V	0.01
HD 32890	HR 1655|HIP 23668	76.31748	-26.15239	76.519	m	5.827	1.408	K2 III	1.386
HD 104904	HR 4606|HIP 58874	181.11714	85.58713	76.555	m	6.329	1.909	F5	0.595
HD 135730	HR 5682|HIP 74875	229.53923	-41.06114	76.594	m	6.301	1.88	A2MA2-A7	0.196
HD 160928	HR 6597|HIP 86847	266.17504	-42.72929	76.61	m	5.892	1.471	A2/3 IV/V	0.177
HD 84607	HR 3879|HIP 47960	146.59838	1.78558	76.623	m	5.681	1.259	F0/2 IV	0.364
HD 146145	HR 6059|HIP 79812	244.33715	-53.0864	76.629	m	6.335	1.913	A7/9 IV	0.282
15 And	HD 221756|HR 8947|HIP 116354	353.6564	40.23644	76.654	m	5.576	1.153	A2III	0.106
HD 91190	HR 4126|HIP 51808	158.77288	75.71296	76.656	m	4.959	0.536	K0III	1.094
HD 72943	HR 3394|HIP 42187	129.03213	15.31363	76.704	m	6.353	1.929	F 0 IV	0.361
66 Psc	HD 5267|HR 254|HIP 4267	13.64677	19.18838	76.78	m	5.82	1.394	A1V	-0.024
90 Vir	HD 121299|HR 5232|HIP 67929	208.67561	-1.50312	76.917	m	5.281	0.851	K1/2 II/III	1.285
HD 71973	HR 3352|HIP 42249	129.2031	74.72369	76.925	m	6.348	1.918	A 2 M	0.319
17 Com	HD 108662|HR 4752|HIP 60904	187.22793	25.91285	76.928	m	5.231	0.801	A0P	-0.027
54 Sgr	HD 185644|HR 7476|HIP 96808	295.18077	-16.29327	76.97	m	5.421	0.989	K1 III	1.31
HD 127986	HR 5441|HIP 71168	218.33445	36.95902	77.066	m	6.441	2.007	F 8 IVB W	0.56
HD 181295	HIP 95239	290.65729	-51.23128	77.135	m	6.461	2.025	F0 V	0.347
Gl 9228	HD 56405|HR 2758|HIP 35180	109.06064	-15.58569	77.198	m	5.457	1.019	A1 V	0.088
10 Leo	HD 83240|HR 3827|HIP 47205	144.3028	6.83578	77.292	m	5.125	0.684	K1III	1.209
HD 51693	HR 2606|HIP 33584	104.66214	7.6223	77.325	m	6.255	1.813	A 3 V	0.12
HD 176903	HR 7205|HIP 93543	285.77916	-19.10302	77.331	m	6.412	1.97	F5 V	0.514
HD 131625	HR 5558|HIP 73049	223.93628	-33.85578	77.347	m	5.317	0.875	A0 V	0.052
32 UMa	HD 88983|HR 4026|HIP 50448	154.50845	65.10835	77.376	m	5.757	1.314	A 8 III	0.167
HD 172831	HR 7024|HIP 91751	280.65049	-7.07365	77.464	m	6.238	1.793	K1 III	1.185
HD 92063	HR 4164|HIP 51912	159.08549	-59.56439	77.519	m	5.217	0.77	K1 III	1.363
HD 211096	HR 8487|HIP 109745	333.45517	45.44062	77.521	m	5.523	1.076	A 0 III	0.014
HD 116243	HR 5041|HIP 65387	201.00201	-64.53567	77.568	m	4.619	0.171	G6 II	0.945
HD 23697	HR 1168|HIP 17464	56.14118	-54.27406	77.613	m	6.472	2.022	K1 III	1.246
HD 117361	HR 5083|HIP 65754	202.19098	50.71857	77.673	m	6.464	2.013	F 5 V SR	0.417
HD 213974	HR 8595|HIP 111314	338.26217	69.91353	77.7	e	6.058	1.606	A9III	0.352
HD 212710	HR 8546|HIP 109693	333.29424	86.10797	77.731	m	5.254	0.801	B 9.5VN	-0.024
HD 36496	HR 1853|HIP 26410	84.31675	66.69669	77.76	e	6.273	1.819	A 8 VN	0.242
23 Oph	HD 152601|HR 6280|HIP 82730	253.64872	-6.15398	77.862	m	5.352	0.895	K1 IICNIII	1.285
67 Psc	HD 5382|HR 262|HIP 4366	13.99379	27.20938	77.9	m	6.087	1.629	A3V	0.149
HD 4853	HR 240|HIP 4283	13.72124	83.70742	77.969	m	5.598	1.138	A 2 VM	0.107
70 Cet	HD 14690|HR 691|HIP 11046	35.55165	-0.88485	78.021	m	5.459	0.998	F0/2 V	0.329
HD 76512	HR 3559|HIP 43853	133.98293	-23.81831	78.034	m	6.397	1.936	A4 V	0.183
HD 11413	HR 541|HIP 8593	27.72681	-50.20614	78.051	m	5.95	1.488	A1 V	0.171
HD 24817	HR 1224|HIP 18481	59.25716	6.03997	78.118	m	6.081	1.617	A 1 V	0.08
HD 116831	HR 5059|HIP 65545	201.54756	-1.19247	78.122	m	5.99	1.526	A8 V	0.209
HD 40151	HR 2086|HIP 28085	89.05947	-22.83998	78.186	m	6.071	1.605	K0/1 III	1.322
35 Cas	HD 8003|HR 384|HIP 6312	20.27194	64.65813	78.219	m	6.337	1.87	A 2 V	0.121
33 Cap	HD 203638|HR 8183|HIP 105665	321.03997	-20.85187	78.219	m	5.496	1.029	K0 III	1.373
20 CVn	HD 115604|HR 5017|HIP 64844	199.38559	40.57261	78.258	m	4.737	0.269	F0II-III	0.337
HD 77660	HR 3606|HIP 44574	136.2295	32.37684	78.275	m	6.483	2.015	A 8 V	0.255
HD 126862	HR 5408|HIP 71002	217.81854	-67.71718	78.411	m	6.019	1.547	K1 III	1.211
4 Vul	HD 182762|HR 7385|HIP 95498	291.36917	19.79837	78.434	m	5.247	0.774	K0III	1.162
HD 163336	HR 6681|HIP 87813	269.07932	-15.81252	78.457	m	5.934	1.461	A0 V	0.047
HD 2421	HR 104|HIP 2225	7.0569	44.39446	78.507	m	5.177	0.702	A 2 VS	0.043
16 Sco	HD 145607|HR 6033|HIP 79387	243.03048	-8.54758	78.58	m	5.441	0.964	A2 IV	0.14
HD 138965	HR 5792|HIP 76736	235.04816	-70.22788	78.602	m	6.435	1.958	A1 V	0.09
HD 6210	HR 297|HIP 5021	16.08105	61.58018	78.606	m	5.897	1.42	F 8 IV	0.606
HD 69863	HR 3260|HIP 40429	123.81628	-62.91562	78.635	m	5.267	0.789	A2 V	0.072
HD 184705	HR 7439|HIP 96440	294.10865	-18.85292	78.65	m	6.156	1.678	F0 V	0.29
HD 210111	HR 8437|HIP 109306	332.17768	-33.12569	78.657	m	6.41	1.931	A2 III/IV	0.199
14 CMi	HD 65345|HR 3110|HIP 38962	119.58606	2.22476	78.668	m	5.407	0.928	K0 III	1.051
12 Cnc	HD 67483|HR 3184|HIP 39874	122.17686	13.64091	78.687	m	6.297	1.817	F 6 IV	0.506
24 Lyn	HD 61497|HR 2946|HIP 37609	115.75182	58.71036	78.76	m	4.958	0.476	A3IVn	0.093
6 Pup	HD 63697|HR 3044|HIP 38211	117.42167	-17.22841	78.776	m	5.309	0.827	K3 III	1.544
3 Per	HD 11949|HR 568|HIP 9222	29.63961	49.20436	78.778	m	5.813	1.331	K 0 IV	1.161
HD 170433	HR 6933|HIP 90687	277.54944	-18.72879	78.826	m	5.742	1.259	K0 III	1.232
HD 11946	HR 567|HIP 9312	29.9085	64.6216	78.832	m	5.277	0.793	A 0 VN	0
HD 52913	HR 2647|HIP 34002	105.82465	9.13836	78.856	m	5.971	1.487	A 3 V	0.148
HD 203949	HR 8200|HIP 105854	321.59531	-37.82943	78.86	m	5.755	1.271	K2 III	1.421
HD 188385	HR 7598|HIP 97970	298.6675	7.14035	78.957	m	6.132	1.645	A 2 V	0.048
HD 62902	HR 3014|HIP 37901	116.50913	-6.77251	79.074	m	5.657	1.167	K5 III	1.66
33 Ari	HD 16628|HR 782|HIP 12489	40.17115	27.06094	79.074	m	5.307	0.817	A3V	0.094
65 Aur	HD 57264|HR 2793|HIP 35710	110.51091	36.76058	79.082	m	5.241	0.751	G8III	1.268
HD 47979	HR 2463|HIP 32261	101.04796	53.29594	79.103	m	6.407	1.916	K0	1.27
HD 19978	HR 961|HIP 15547	50.08225	77.73475	79.104	m	5.471	0.98	A 6 V	0.227
HD 109000	HR 4771|HIP 61158	187.98379	-63.50585	79.252	m	5.981	1.486	A8 III	0.304
HD 150449	HR 6199|HIP 81437	249.50192	56.01555	79.253	m	5.397	0.902	K1III	1.231
HD 82610	HR 3798|HIP 46810	143.0766	-28.62777	79.292	m	6.485	1.989	F3 V	0.348
HD 194013	HR 7794|HIP 100541	305.79456	5.34298	79.322	m	5.409	0.912	G8III-IV	1.126
HD 15144	HR 710|HIP 11348	36.50145	-15.34125	79.347	m	5.883	1.385	AP SRCREU	0.163
71 Oph	HD 165760|HR 6770|HIP 88765	271.8265	8.73387	79.351	m	4.745	0.247	G8III-IV	1.093
HD 115310	HR 5006|HIP 64803	199.2214	-31.5062	79.381	m	5.216	0.717	K0 III	1.106
HD 27084	HR 1330|HIP 20156	64.80516	50.04869	79.401	m	5.483	0.984	A 7 V	0.25
HD 7925	HR 381|HIP 6378	20.49629	76.2388	79.453	m	6.399	1.898	F 0 IVN	0.301
HD 16327	HR 768|HIP 12287	39.5743	37.72671	79.523	m	6.245	1.743	F 6 IV	0.505
HD 35984	HR 1822|HIP 25730	82.41939	29.18646	79.613	m	6.243	1.738	F 6 III	0.491
HD 39586	HR 2046|HIP 27973	88.74579	31.7015	79.717	m	5.917	1.409	A 6 V W	0.152
HD 150331	HR 6192|HIP 81741	250.43939	-33.14576	79.767	m	5.912	1.403	G0/2 II	0.736
HD 169938	HR 6914|HIP 90510	277.02571	-26.75725	79.778	m	6.296	1.787	A3/4 V	0.163
HD 145454	HR 6025|HIP 78893	241.58199	67.81014	79.807	m	5.435	0.925	B 8.5V	-0.033
HD 197120	HR 7917|HIP 102033	310.15116	29.80556	79.816	m	6.053	1.543	A3V	0.171
HD 66141	HR 3145|HIP 39311	120.5664	2.33457	79.85	m	4.524	0.013	K2 III	1.495
HD 108506	HR 4746|HIP 60813	186.96478	-4.61528	79.886	m	6.261	1.749	F3 III/IV	0.457
40 Ser	HD 142500|HR 5919|HIP 77910	238.66781	8.58034	80.025	m	6.289	1.773	A 4 V	0.192
HD 176704	HR 7195|HIP 93498	285.61532	-24.84682	80.076	m	5.765	1.247	K2 III	1.441
47 Boo	HD 133962|HR 5627|HIP 73841	226.35764	48.15097	80.098	m	5.575	1.057	A 1 V	-0.004
63 Her	HD 155514|HR 6391|HIP 84054	257.76318	24.23769	80.151	m	6.22	1.7	A 9 IV W	0.243
HD 154660	HR 6361|HIP 83738	256.72066	-1.65618	80.245	m	6.378	1.856	A5 V	0.229
HD 20313	HR 981|HIP 14521	46.88389	-78.98924	80.271	m	5.703	1.18	F0 III	0.31
HD 27304	HR 1340|HIP 19805	63.70227	-62.19181	80.282	m	5.577	1.054	K0 III	1.305
32 Vir	HD 110951|HR 4847|HIP 62267	191.40441	7.67333	80.329	m	5.246	0.722	AM	0.343
HD 129893	HR 5495|HIP 72290	221.75539	-52.38352	80.373	m	5.331	0.805	G8 III	1.139
HD 150366	HR 6193|HIP 81728	250.40075	-24.46796	80.403	m	6.09	1.564	A7 III	0.237
HD 171391	HR 6970|HIP 91105	278.75997	-10.97721	80.404	m	5.22	0.694	G8 II/III	1.037
HD 59640	HIP 35946	111.1547	-71.47066	80.407	m	6.492	1.966	A3 V	0.133
HD 99322	HR 4409|HIP 55756	171.37272	-36.06306	80.41	m	5.328	0.801	K0 III	1.14
HD 8651	HR 408|HIP 6592	21.16995	-41.49254	80.429	m	5.531	1.004	K0 III	1.189
HD 94386	HR 4252|HIP 53259	163.3871	-15.44583	80.453	m	6.475	1.947	K2 III	1.421
HD 74706	HR 3473|HIP 42928	131.22979	-21.16783	80.51	m	6.129	1.6	A5 V	0.216
HD 44691	HR 2291|HIP 30651	96.60765	56.2851	80.54	m	5.585	1.055	AM	0.257
2 Dra	HD 100696|HR 4461|HIP 56583	174.01164	69.32296	80.66	m	5.296	0.763	K0III	1.123
26 UMa	HD 82621|HR 3799|HIP 47006	143.70598	52.05148	80.706	m	4.468	-0.067	A2V	0.047
HD 37904	HR 1959|HIP 26820	85.41808	-2.8965	80.71	e	6.487	1.952	F0 V	0.34
1 Aqr	HD 196758|HR 7897|HIP 101936	309.85371	0.48645	80.742	m	5.27	0.735	K0 III	1.222
HD 23258	HR 1137|HIP 17453	56.11752	20.92874	80.793	m	6.077	1.54	A0V	0.034
HD 166114	HR 6786|HIP 89099	272.77318	-41.35911	80.886	m	5.881	1.342	F2 V	0.313
14 Peg	HD 207650|HR 8343|HIP 107763	327.46123	30.17421	80.895	m	5.069	0.529	A0V	0.006
49 Aqr	HD 212271|HR 8529|HIP 110529	335.87853	-24.76266	80.896	m	5.634	1.094	K0 IIICNII	1.107
HD 175740	HR 7146|HIP 92831	283.71741	41.60273	81.05	m	5.571	1.027	K0	1.205
HD 217926	HR 8776|HIP 113904	346.00324	6.61633	81.091	m	6.465	1.92	F 6 III	0.427
HD 60652	HR 2914|HIP 37140	114.47437	48.77384	81.103	m	5.936	1.391	A 5 M	0.255
HD 9544	HR 447|HIP 7189	23.15153	-49.72772	81.147	m	6.312	1.766	F5 V	0.476
51 Sgr	HD 184552|HR 7431|HIP 96406	294.00689	-24.71908	81.172	m	5.663	1.116	A1MA2-F0	0.189
HD 38458	HR 1984|HIP 27001	85.92142	-45.83286	81.186	m	6.401	1.854	A9 V	0.316
HD 6798	HR 333|HIP 5626	18.07007	79.67396	81.332	m	5.59	1.039	A 3 V	0.036
HD 224750	HR 9077|HIP 25	0.07953	-44.29052	81.367	e	6.406	1.854	G3 IV	0.866
HD 223421	HR 9020|HIP 117472	357.29969	58.9632	81.436	m	6.403	1.849	F 4 IV	0.427
HD 110317	HR 4821|HIP 61910	190.31646	-13.0139	81.507	m	5.893	1.337	F3 IV	0.445
1 Sgr	HD 166464|HR 6801|HIP 89153	272.93056	-23.70123	81.574	m	5.081	0.523	K0 III	1.233
HD 26764	HR 1314|HIP 19949	64.17954	53.6118	81.671	m	5.193	0.633	B 9.5V	0.054
HD 89263	HR 4043|HIP 50287	154.01337	-59.90341	81.699	e	6.253	1.692	A5 V	0.211
35 Lyn	HD 75506|HR 3508|HIP 43531	132.9868	43.7266	81.724	m	5.255	0.693	K0III	1.117
39 Cyg	HD 194317|HR 7806|HIP 100587	305.9651	32.19018	81.727	m	4.574	0.012	K3III	1.593
HD 186815	HR 7526|HIP 97070	295.91456	57.04271	81.743	m	6.382	1.82	K 2 III	1.023
HD 154228	HR 6341|HIP 83478	255.91376	13.60535	81.793	m	5.908	1.344	A1V	0.011
31 Vir	HD 110423|HR 4829|HIP 61968	190.48799	6.80662	81.834	m	5.57	1.005	A 2 V	-0.011
HD 200753	HR 8074|HIP 103949	315.93112	46.86315	81.899	m	6.342	1.776	F0IVn	0.277
HD 169405	HR 6894|HIP 90414	276.72505	-48.11724	81.937	m	5.541	0.974	K0/1 III + F/G	0.967
HD 191174	HR 7695|HIP 98872	301.18551	63.8902	81.999	m	6.291	1.722	A 2 II-III	0.065
HD 139980	HR 5837|HIP 76939	235.65965	-37.42493	82.03	m	5.348	0.778	G8/K0 III	1.127
HD 87783	HR 3976|HIP 49485	151.54675	-47.36997	82.035	m	5.321	0.751	K1 III + (G)	1.159
HD 155410	HR 6388|HIP 83947	257.38854	40.77703	82.038	m	5.209	0.639	K3III	1.511
HD 199475	HR 8019|HIP 103752	315.36668	-68.20959	82.076	m	6.374	1.803	A2 V	0.118
HD 9525	HR 445|HIP 7213	23.23355	-36.86523	82.094	m	5.605	1.033	K1/2 III	1.17
HD 56160	HR 2750|HIP 35044	108.71318	-27.038	82.119	m	5.722	1.15	K3 III	1.466
HD 122365	HR 5262|HIP 68498	210.33513	8.8949	82.131	m	5.985	1.412	A 2 V	0.103
HD 81361	HR 3736|HIP 46232	141.38542	16.58559	82.152	m	6.402	1.829	K0	1.149
75 Cet	HD 15779|HR 739|HIP 11791	38.03926	-1.03489	82.158	m	5.47	0.897	K1 III	1.165
HD 31093	HR 1559|HIP 22573	72.86757	-34.90629	82.169	e	5.847	1.273	A2/3 V	0.117
HD 39640	HR 2049|HIP 27621	87.72175	-52.10887	82.171	m	5.274	0.7	G8 III	1.124
68 Aqr	HD 215721|HR 8670|HIP 112529	341.88802	-19.61338	82.182	m	5.345	0.771	G8 III	1.075
HD 211211	HR 8489|HIP 109831	333.68487	42.95391	82.205	m	5.715	1.141	B 9 V	0.011
HD 119834	HR 5172|HIP 67234	206.66408	-51.43276	82.38	m	4.738	0.159	G8/K0 III	1.094
HD 15920	HR 743|HIP 12273	39.50847	72.81825	82.414	m	5.266	0.686	G8III	1.023
HD 154783	HR 6366|HIP 83896	257.19808	-30.40373	82.456	m	5.947	1.366	FM DELTA DEL	0.312
HD 60646	HR 2913|HIP 36807	113.55344	-33.46343	82.47	m	6.133	1.552	A9 IV	0.328
HD 103266	HR 4553|HIP 57971	178.3617	-35.06664	82.48	m	6.178	1.596	A2 V	0.091
HD 15755	HR 738|HIP 11840	38.21926	34.54242	82.494	m	5.948	1.366	K 0 III	1.276
HD 162076	HR 6638|HIP 87158	267.1032	20.56544	82.515	m	5.793	1.21	K0	1.096
75 Ori	HD 43525|HR 2247|HIP 29850	94.27759	9.94239	82.531	m	5.4	0.817	A 2 V	0.114
HD 75605	HR 3512|HIP 43352	132.46459	-32.78052	82.571	m	5.29	0.706	G8 III	0.985
79 Her	HD 160181|HR 6571|HIP 86254	264.37955	24.30999	82.587	m	5.768	1.183	A2V	0.123
33 LMi	HD 91130|HR 4124|HIP 51556	157.96407	32.37955	82.637	m	5.919	1.333	A0IV	0.113
40 Cyg	HD 195050|HR 7826|HIP 100907	306.89274	38.44035	82.645	m	5.64	1.054	A3V	0.077
HD 153021	HR 6296|HIP 82979	254.35833	-10.96337	82.684	m	6.27	1.683	K0 III	1.158
HD 142357	HR 5913|HIP 77835	238.39529	16.07493	82.708	m	6.261	1.673	F 5 II-III	0.432
50 Boo	HD 136849|HR 5718|HIP 75178	230.4524	32.9337	82.737	m	5.362	0.774	B9V	-0.062
68 Oph	HD 164577|HR 6723|HIP 88290	270.43833	1.30507	82.782	m	4.432	-0.158	A0.5 Van	0.032
HD 170902	HR 6956|HIP 90884	278.08607	-14.64427	82.789	m	6.377	1.787	A4/5 IV/V	0.224
21 Com	HD 108945|HR 4766|HIP 61071	187.75234	24.56717	82.792	m	5.444	0.854	A2P	0.074
52 Cas	HD 12279|HR 586|HIP 9564	30.71865	64.90147	82.798	m	5.989	1.399	A 1 VN	0.034
35 Com	HD 112033|HR 4894|HIP 62886	193.32392	21.24491	82.882	m	5.148	0.556	G8III	1.18
20 Com	HD 108765|HR 4756|HIP 60957	187.43017	20.89611	82.91	m	5.689	1.096	A3V	0.088
8 Aql	HD 174589|HR 7101|HIP 92524	282.84232	-3.31786	82.954	m	6.092	1.498	F0 IV	0.31
HD 200052	HR 8045|HIP 103777	315.43867	-26.88099	82.973	m	6.046	1.451	A3 V	0.078
15 Boo	HD 124679|HR 5330|HIP 69612	213.71188	10.10061	82.981	m	5.439	0.844	K0III	1.223
4 Ari	HD 10982|HR 522|HIP 8387	27.04557	16.95555	83.006	m	5.836	1.24	B9.5V	-0.032
HD 145921	HR 6049|HIP 79661	243.84983	-42.89943	83.061	m	6.261	1.664	K2 III	1.32
73 Vir	HD 117661|HR 5094|HIP 66015	203.01169	-18.72887	83.064	m	6.025	1.428	A7 IV/V	0.231
HD 26755	HR 1313|HIP 19983	64.28375	57.86036	83.19	m	5.844	1.244	K 1 III	1.292
HD 189296	HR 7634|HIP 98111	299.07938	56.68702	83.19	m	6.167	1.567	A 4 VN	0.099
42 UMa	HD 93875|HR 4236|HIP 53064	162.84884	59.32012	83.195	m	5.692	1.092	K0	1.372
79 Peg	HD 223461|HR 9025|HIP 117500	357.41415	28.84239	83.203	m	5.975	1.374	A M	0.207
HD 172569	HR 7013|HIP 91196	279.05531	65.48872	83.234	m	6.084	1.482	A 8 V	0.311
69 Vir	Gl 511.2|HD 116976|HR 5068|HIP 65639	201.86318	-15.97358	83.245	m	4.873	0.271	K1 IIICNII	1.286
14 Aur	HD 33959|HR 1706|HIP 24504	78.85165	32.6876	83.246	m	5.028	0.426	A9V	0.239
HD 175938	HR 7160|HIP 92040	281.40883	79.94266	83.286	m	6.428	1.825	A 8 V	0.3
HD 134190	HR 5635|HIP 73909	226.56965	54.55632	83.319	m	5.355	0.751	G8III	1.099
HD 82406	HR 3783|HIP 46460	142.12728	-66.70187	83.382	m	5.888	1.283	A0 V	0.026
78 Her	HD 159139|HR 6533|HIP 85790	262.95659	28.4075	83.383	m	5.648	1.043	B9.5V	-0.003
HD 116061	HR 5033|HIP 65183	200.37404	-19.48929	83.487	m	6.224	1.616	A2/3 V	0.107
48 Leo	HD 91612|HR 4146|HIP 51775	158.70006	6.95375	83.496	m	5.174	0.566	G8II-III	1.074
HD 125658	HR 5374|HIP 70051	215.03611	30.42913	83.591	m	6.466	1.855	AM	0.173
11 Ser	HD 138562|HR 5772|HIP 76133	233.24141	-1.1864	83.612	m	5.619	1.008	K0 III	1.286
26 Com	HD 110024|HR 4815|HIP 61724	189.78045	21.06256	83.651	m	5.587	0.975	G 9 III	1.132
62 And	HD 14212|HR 670|HIP 10819	34.81998	47.37997	83.66	m	5.31	0.697	A 1 V	0.005
16 Com	HD 108382|HR 4738|HIP 60746	186.74707	26.8257	83.756	m	4.971	0.356	A2V	0.104
HD 80546	HR 3707|HIP 45896	140.36326	32.90215	83.786	m	6.279	1.663	K0	1.283
53 Tau	HD 27295|HR 1339|HIP 20171	64.85874	21.14231	83.823	m	5.471	0.854	B9VP?	-0.073
HD 34310	HR 1723|HIP 24505	78.85155	-26.94351	83.888	m	5.042	0.424	B9 V	-0.079
HD 47366	HR 2437|HIP 31674	99.41997	-12.98512	83.902	m	6.215	1.596	K1 (III)	1.142
HD 84850	HR 3887|HIP 47913	146.48211	-58.79383	83.91	m	6.264	1.645	F5 III/IV	0.484
37 Dra	HD 168653|HR 6865|HIP 89448	273.82116	68.75581	83.927	m	6.072	1.453	K0	1.246
HD 154895	HR 6367|HIP 83853	257.05687	-1.07947	83.943	m	6.095	1.475	A1 V	0.087
21 Lyn	HD 58142|HR 2818|HIP 36145	111.67855	49.21152	84.019	m	4.607	-0.015	A1IV	-0.013
HD 144362	HR 5989|HIP 78849	241.43566	-6.29113	84.052	m	6.463	1.84	F3 V	0.408
HD 218434	HR 8802|HIP 114254	347.08778	-28.82368	84.06	m	5.7	1.077	G8 III	1.01
HD 72922	HR 3393|HIP 41191	126.08271	-80.91419	84.117	m	5.793	1.169	G8 III	1.172
1 Sge	HD 180317|HR 7301|HIP 94620	288.82234	21.23212	84.137	m	5.658	1.033	A 4 V	0.133
HD 34045	HR 1710|HIP 24394	78.49978	-14.60687	84.17	m	6.255	1.629	A9 II/III	0.402
HD 45512	HR 2342|HIP 30804	97.07839	10.3039	84.178	m	6.286	1.66	K 2 III-IV	1.378
107 Her	HD 168914|HR 6877|HIP 89935	275.25425	28.86996	84.205	m	5.142	0.515	A 4 V	0.229
HD 65757	HR 3127|HIP 39194	120.25326	23.58311	84.226	m	6.477	1.85	K1III-IV	1.175
HD 188041	HR 7575|HIP 97871	298.32807	-3.11446	84.269	m	5.647	1.019	Ap EuCrSr	0.241
HD 82747	HR 3810|HIP 46897	143.35854	-22.86388	84.273	m	5.908	1.28	B9.5 V	0.044
30 Com	HD 111469|HR 4869|HIP 62576	192.32272	27.55238	84.306	m	5.757	1.128	A2V	0.057
31 Com	HD 111812|HR 4883|HIP 62763	192.92467	27.54072	84.412	m	4.999	0.367	G0III	0.725
HD 124683	HR 5332|HIP 69658	213.85037	-18.20069	84.423	m	5.531	0.899	A0V	-0.003
HD 98772	HR 4391|HIP 55564	170.71353	64.33051	84.439	m	6.032	1.399	A 3 V	0.096
HD 68312	HR 3212|HIP 40107	122.88752	-7.77254	84.445	m	5.455	0.822	G8/K0 III	1.033
8 Com	HD 107168|HR 4685|HIP 60087	184.82997	23.03467	84.57	m	6.246	1.61	AM	0.217
HD 25910	HR 1272|HIP 19121	61.48544	-8.8561	84.667	m	6.269	1.63	A1 V	0.071
19 Leo	HD 84722|HR 3880|HIP 48029	146.85819	11.56817	84.674	e	6.477	1.838	A 7 VN	0.275
Gl 9657A	HD 183275|HR 7398|HIP 95865	292.46744	-26.98561	84.706	m	5.614	0.974	K1/2 III	1.33
HD 165687	HR 6769|HIP 88816	271.95142	-17.15416	84.738	m	5.634	0.994	K0 III	1.328
74 UMa	HD 108844|HR 4760|HIP 60978	187.48888	58.40574	84.755	m	5.374	0.733	DELTA DEL	0.227
HD 89490	HR 4059|HIP 50552	154.88477	-5.10615	84.792	m	6.462	1.82	K0 IV	1.039
HD 91375	HR 4138|HIP 51438	157.58387	-71.99279	84.793	m	4.715	0.073	A1 V	0.051
HD 122703	HR 5272|HIP 68705	210.97121	-22.4216	84.828	m	6.352	1.709	F3 IV	0.486
HD 222386	HR 8971|HIP 116714	354.7924	75.29289	84.904	m	5.96	1.315	A 3 V	0.118
19 Aqr	HD 203875|HR 8195|HIP 105761	321.30428	-9.74855	84.976	m	5.738	1.092	A8 V	0.215
HD 175515	HR 7135|HIP 92872	283.86439	6.6153	84.978	m	5.681	1.034	K 0 III	1.206
HD 195693	HR 7849|HIP 101300	307.99256	25.80498	85.048	m	6.396	1.748	A 3 M	0.291
HD 198431	HR 7976|HIP 102891	312.67407	-12.54491	85.063	m	5.992	1.343	K1 III	1.255
HD 10204	HR 476|HIP 7825	25.1652	43.29767	85.064	m	5.657	1.008	A 5 III	0.238
HD 26591	HR 1300|HIP 19571	62.90084	-20.35616	85.131	m	5.823	1.173	A1 V + (F/G)	0.191
2 Psc	HD 217264|HR 8742|HIP 113521	344.8644	0.96292	85.133	m	5.536	0.886	K0 III	1.149
HD 120874	HR 5216|HIP 67548	207.6156	58.53946	85.141	m	6.456	1.805	A 3 V	0.102
52 Psc	HD 2910|HR 131|HIP 2568	8.14786	20.29432	85.152	m	5.489	0.838	K 0 III	1.252
HD 98673	HR 4388|HIP 55485	170.45537	57.07486	85.173	m	6.447	1.796	A 7 VN	0.178
HD 73017	HR 3400|HIP 42372	129.59244	53.40154	85.213	m	5.752	1.099	G 8 IV	1.107
HD 41843	HR 2164|HIP 28899	91.52308	-29.75862	85.282	m	5.788	1.134	A1 V	0.043
HD 60294	HR 2894|HIP 37046	114.19597	55.75506	85.326	m	6.056	1.401	K 2 III	1.318
2 Pup	HD 62864|HR 3010|HIP 37843	116.37141	-14.69053	85.336	m	6.003	1.347	A5/8	0.06
21 Hya	HD 79193|HR 3655|HIP 45184	138.10852	-7.10983	85.34	m	6.127	1.471	A0mA5/7-F0	0.254
5 UMa	HD 75486|HR 3505|HIP 43644	133.344	61.96227	85.345	m	5.745	1.089	F 0 III	0.321
22 Com	HD 109307|HR 4780|HIP 61295	188.39258	24.28298	85.35	m	6.26	1.604	AM	0.139
79 Cyg	HD 206774|HR 8307|HIP 107253	325.85689	38.28359	85.364	m	5.694	1.038	B9.5V	-0.003
44 LMi	HD 93765|HR 4230|HIP 52959	162.47386	27.97395	85.382	m	6.092	1.435	F 5 V	0.404
5 Her	HD 143666|HR 5966|HIP 78481	240.30965	17.8184	85.398	m	5.212	0.555	K0III	1.148
HD 210889	HR 8475|HIP 109654	333.19927	34.60459	85.422	m	5.47	0.812	K2III	1.335
21 CVn	HD 115735|HR 5023|HIP 64906	199.56046	49.68206	85.482	m	5.13	0.471	A 0 V	-0.062
23 LMi	HD 88960|HR 4024|HIP 50303	154.06013	29.3105	85.491	m	5.489	0.829	A0V	0.019
HD 15385	HR 723|HIP 11578	37.30701	23.46902	85.499	m	6.198	1.538	A 5 IV VS	0.187
HD 107131	HR 4684|HIP 60066	184.75844	26.00835	85.52	m	6.456	1.796	AM	0.193
HD 82514	HR 3790|HIP 46736	142.88769	-35.71475	85.543	m	5.999	1.338	K3 III	1.538
HD 319	HR 12|HIP 636	1.94542	-22.50856	85.546	m	5.941	1.28	A1 V	0.152
HD 41759	HR 2160|HIP 28855	91.36325	-35.51364	85.555	m	5.798	1.137	A0 V	0.031
21 Vir	HD 109309|HR 4781|HIP 61318	188.44479	-9.45208	85.569	m	5.469	0.807	B9 V	-0.037
HD 199942	HR 8038|HIP 103652	315.01658	7.51622	85.579	m	6.029	1.367	A 7 V	0.291
HD 130227	HR 5515|HIP 72471	222.2794	-56.66783	85.584	m	6.339	1.677	K1 III	1.327
HD 203344	HR 8165|HIP 105411	320.26831	23.85597	85.609	m	5.699	1.036	K0III-IV	1.246
HD 112486	HR 4917|HIP 63143	194.07325	54.09948	85.744	m	6.04	1.374	A 5 M	0.206
HD 16247	HR 766|HIP 12148	39.14612	7.73002	85.79	m	5.928	1.261	K0	1.219
HD 154319	HR 6345|HIP 83114	254.76073	69.18625	85.805	m	6.491	1.823	K0	0.788
52 Leo	HD 93291|HR 4209|HIP 52689	161.60532	14.19465	85.81	m	5.579	0.911	G4III:	1.036
HD 72462	HR 3374|HIP 41893	128.13901	-15.03013	85.819	m	6.413	1.745	A7 IV/V	0.285
76 Vir	HD 117818|HR 5100|HIP 66098	203.24197	-10.165	85.822	m	5.323	0.655	G8 III	1.121
11 Tri	HD 15176|HR 712|HIP 11432	36.86572	31.80128	86.029	m	5.676	1.003	K0	1.306
HD 19279	HR 933|HIP 14544	46.94726	47.30871	86.114	m	6.391	1.716	A 2 V	0.136
HD 122106	HR 5258|HIP 68380	209.95534	-3.54979	86.13	m	6.451	1.775	F6 V	0.532
HD 145997	HR 6053|HIP 79605	243.66352	-18.53565	86.14	m	6.448	1.772	K1 III	1.259
HD 94776	HR 4271|HIP 53394	163.82175	-60.51701	86.207	m	6.038	1.36	K0 III	1.234
134 Tau	HD 38899|HR 2010|HIP 27511	87.38721	12.65132	86.219	m	4.865	0.187	B9IV	-0.067
76 Leo	HD 98366|HR 4381|HIP 55249	169.729	1.6504	86.251	m	6.019	1.34	K0 III	1.199
HD 15633	HR 732|HIP 11687	37.68835	0.25575	86.254	m	6.014	1.335	A3 V	0.2
HD 105805	HR 4633|HIP 59364	182.69207	27.2815	86.321	m	6.004	1.323	A2	0.143
HD 119752	HR 5167|HIP 67143	206.40372	-26.11601	86.363	m	5.797	1.115	A0 V	0.027
3 Peg	HD 205811|HR 8265|HIP 106783	324.43186	6.61839	86.404	m	6.181	1.498	A 1 V	0.044
135 Tau	HD 39019|HR 2016|HIP 27581	87.62046	14.30561	86.405	m	5.654	0.971	K0	1.151
HD 36187	HR 1835|HIP 25608	82.06389	-37.23077	86.425	m	5.555	0.872	A0 V	0.031
HD 35242	HR 1777|HIP 25205	80.87944	5.32309	86.447	m	6.351	1.667	A 2 V	0.14
HD 89715	HR 4065|HIP 50520	154.77071	-64.67607	86.453	m	6.475	1.791	A1V	0.061
HD 25602	HR 1255|HIP 19172	61.65267	54.00864	86.461	m	6.412	1.728	K0III-IV	1.145
HD 193472	HR 7774|HIP 100256	305.0008	13.54808	86.472	m	5.977	1.293	A 5 M	0.338
HD 142889	HR 5935|HIP 78236	239.62832	-37.50389	86.523	m	6.42	1.734	K0 III	1.176
64 Eri	HD 32045|HR 1611|HIP 23231	74.98224	-12.53742	86.624	m	4.804	0.116	F0 V	0.29
HD 114435	HR 4970|HIP 64332	197.787	-42.23288	86.662	m	5.831	1.142	F5 IV	0.549
13 Lac	HD 215373|HR 8656|HIP 112242	341.02283	41.81923	86.754	m	5.213	0.522	K0III	1.11
HD 145250	HR 6017|HIP 79302	242.75863	-29.41622	86.863	m	5.227	0.533	K0 III	1.317
HD 36060	HR 1827|HIP 25488	81.77219	-40.94353	86.888	m	5.878	1.183	A5MA5-F2	0.267
HD 125248	HR 5355|HIP 69929	214.6594	-18.71597	86.979	m	5.85	1.153	Ap Si(Cr)	0.022
HD 69445	HR 3251|HIP 40476	123.96891	-30.92587	86.998	m	6.498	1.8	G5/8 III + (G)	0.967
12 Com	HD 107700|HR 4707|HIP 60351	185.6263	25.84616	87.03	m	4.859	0.161	F8:P	0.525
HD 17581	HR 839|HIP 13347	42.94116	58.31429	87.058	m	6.459	1.76	AM	0.13
HD 96113	HR 4311|HIP 54137	166.13001	-47.6791	87.059	m	5.699	1	A8 III/IV	0.264
HD 58552	HR 2836|HIP 36123	111.61577	10.60806	87.077	m	6.386	1.686	A2V	0.08
HD 136403	HR 5702|HIP 75000	229.8752	32.5149	87.129	m	6.341	1.64	AM	0.256
HD 43899	HR 2263|HIP 29842	94.25513	-37.73745	87.165	m	5.66	0.958	K2 III	1.326
HD 163151	HR 6676|HIP 87655	268.55906	11.13054	87.183	m	6.326	1.624	F 5 VN	0.482
HD 46568	HR 2399|HIP 31165	98.08911	-37.6967	87.19	m	5.361	0.659	G8 III	1.131
HD 175892	HR 7159|HIP 93140	284.60346	-22.5295	87.345	m	6.153	1.447	A1 V	0.1
HD 38765	HR 2003|HIP 27625	87.73489	51.51461	87.387	m	6.408	1.701	K1III	1.221
HD 83332	HR 3830|HIP 47187	144.25086	-25.29676	87.391	m	5.805	1.098	K0 III	1.311
HD 138268	HR 5756|HIP 76033	232.93088	-20.16492	87.432	m	6.311	1.603	A5 V	0.22
21 Mon	HD 55057|HR 2707|HIP 34724	107.8484	-0.30193	87.474	m	5.464	0.755	F2 IV	0.312
71 Aql	HD 196574|HR 7884|HIP 101847	309.58452	-1.10512	87.489	m	4.409	-0.301	G8 II/III	1.077
27 Ari	HD 15596|HR 731|HIP 11698	37.72666	17.70386	87.51	m	6.326	1.616	G5III-IV	1.039
HD 103462	HR 4558|HIP 58082	178.67725	-25.71389	87.57	m	5.37	0.658	G8 III	1.002
HD 210210	HR 8441|HIP 109276	332.07182	25.54352	87.572	m	6.109	1.397	F 1 IV	0.317
HD 148293	HR 6126|HIP 80161	245.45296	69.1094	87.597	m	5.388	0.676	K2III	1.302
50 Dra	HD 175286|HR 7124|HIP 92112	281.59263	75.43397	87.604	m	5.365	0.652	A 1 VN	0.062
HD 180782	HR 7313|HIP 94833	289.45077	2.03173	87.662	m	6.176	1.462	A0 V	0.029
56 Tau	HD 27309|HR 1341|HIP 20186	64.90294	21.77349	87.702	m	5.328	0.613	A0P	-0.123
HD 61749	HR 2958|HIP 37394	115.14801	-8.18542	87.809	m	6.032	1.314	A2 III	0.16
HD 143346	HR 5955|HIP 78868	241.48257	-72.4009	87.829	m	5.817	1.099	K1 IIICNII	1.387
HD 141653	HR 5886|HIP 77277	236.66669	62.59956	87.83	m	5.2	0.482	A 2 IV	0.057
50 LMi	HD 94747|HR 4270|HIP 53492	164.14345	25.50024	87.851	m	6.47	1.751	K0	1.214
11 And	HD 219945|HR 8874|HIP 115152	349.8742	48.62532	87.852	m	5.552	0.833	K0III	1.172
HD 166599	HR 6805|HIP 89487	273.91924	-63.05537	87.914	m	5.687	0.967	K0 III/IV	1.088
92 Vir	HD 121607|HR 5244|HIP 68092	209.11616	1.05058	87.921	m	5.926	1.206	A5 IV/V	0.242
46 Cet	HD 8705|HR 412|HIP 6670	21.40514	-14.59879	87.931	m	5.045	0.324	K2 III	1.455
29 Lyn	HD 68930|HR 3235|HIP 40646	124.46006	59.57113	87.989	m	5.647	0.925	A 7 IV	0.184
HD 46374	HR 2391|HIP 31277	98.40068	14.15517	87.993	m	5.677	0.955	K0	1.301
19 Cam	HD 36570|HR 1857|HIP 26408	84.31277	64.1547	88.051	m	6.177	1.453	B 8.5V	-0.01
HD 72337	HR 3370|HIP 41451	126.81981	-70.09348	88.133	m	5.503	0.777	A0 V	-0.022
HD 151078	HR 6221|HIP 82135	251.69982	-39.37696	88.222	m	5.589	0.861	K0 III	1.124
HD 59686	HR 2877|HIP 36616	112.95165	17.08604	88.263	m	5.568	0.839	K0	1.326
57 Sgr	HD 187739|HR 7561|HIP 97783	298.05002	-19.045	88.285	m	6.003	1.274	K0 III	1.11
HD 100030	HR 4435|HIP 56170	172.72063	47.92891	88.328	m	6.496	1.766	G8IV	1.019
48 Dra	HD 176408|HR 7175|HIP 92997	284.1877	57.81485	88.413	m	5.794	1.061	K 2 III	1.377
65 Psc	HD 4758|HR 230|HIP 3885	12.47032	27.71082	88.418	m	6.326	1.593	A9+F2III	0.445
HD 71377	HR 3324|HIP 41395	126.67481	-12.5346	88.427	m	5.65	0.917	K1/2 III	1.375
HD 195479	HR 7839|HIP 101213	307.74231	20.60614	88.438	m	6.221	1.488	AM	0.154
HD 79091	HIP 45002	137.48777	-52.08286	88.49	m	6.313	1.579	K1 III	1.209
2 Mon	HD 40536|HR 2108|HIP 28325	89.76797	-9.55825	88.497	m	5.053	0.318	A3 III	0.199
HD 90125	HR 4085|HIP 50939	156.0549	2.36802	88.54	m	6.419	1.683	K0/1 III	1.139
HD 105841	HR 4634|HIP 59396	182.77128	-61.27742	88.568	m	6.119	1.383	F2 III/IV	0.431
HD 52603	HR 2634|HIP 33588	104.6656	-55.72912	88.579	m	6.389	1.652	K2 III	1.36
HD 68375	HR 3216|HIP 40793	124.88455	75.75691	88.611	m	5.642	0.905	G 8 III	1.039
14 Com	HD 108283|HR 4733|HIP 60697	186.60027	27.26824	88.632	m	4.948	0.21	F0PSHELL	0.284
HD 118991	HR 5141|HIP 66821	205.43651	-54.55938	88.645	m	5.204	0.466	B9 VN	-0.086
HD 174262	HR 7086|HIP 92312	282.22245	19.32873	88.667	m	5.883	1.144	A2V	0.03
HD 96616	HR 4327|HIP 54360	166.81952	-42.63868	88.85	m	5.237	0.494	AP SRCREU	0.023
HD 15220	HR 713|HIP 11381	36.64674	-20.04262	88.86	m	6.023	1.279	K2 III	1.485
HD 116706	HR 5057|HIP 65466	201.27783	23.85442	88.915	m	5.757	1.012	A3V	0.101
HD 189388	HR 7639|HIP 98579	300.36159	-40.81433	88.943	m	6.321	1.575	A2/3 V	0.124
HD 65685	HR 3121|HIP 38917	119.4655	-45.57767	89.084	m	5.266	0.517	K2 III	1.5
HD 64152	HR 3068|HIP 38375	117.92927	-21.17366	89.087	m	5.713	0.964	K0 III	1.106
5 Peg	HD 205852|HR 8267|HIP 106787	324.43929	19.31861	89.15	m	5.486	0.735	F0IV	0.33
HD 216718	HR 8716|HIP 113184	343.79566	-4.98788	89.165	m	5.875	1.124	K1 III	1.04
71 Vir	HD 117304|HR 5081|HIP 65790	202.30417	10.81831	89.169	m	5.765	1.014	K 0 III	1.25
HD 36874	HR 1881|HIP 26019	83.28078	-35.13938	89.18	m	5.88	1.129	K0 III	1.278
HD 4294	HR 199|HIP 3489	11.13202	-62.49756	89.187	m	6.308	1.557	F5 III/IV	0.472
HD 175743	HR 7148|HIP 92937	284.0255	18.10541	89.201	m	5.807	1.055	K1III	1.3
HD 31623	HR 1591|HIP 23041	74.32163	-1.06726	89.221	m	6.29	1.538	F3/5 III	0.444
HD 208111	HR 8360|HIP 108102	328.54322	-4.27618	89.248	m	5.838	1.085	A2 IV	1.409
HD 117566	HR 5091|HIP 65595	201.73666	78.64388	89.306	m	5.827	1.073	G2.5IIIb	0.854
HD 175535	HR 7137|HIP 92689	283.30643	50.70823	89.31	m	5.011	0.256	G8III	1.013
HD 78935	HR 3645|HIP 45461	138.96908	72.94633	89.314	m	5.954	1.199	F 0 III	0.198
HD 76728	HR 3571|HIP 43783	133.7618	-60.64461	89.333	m	3.802	-0.953	B8/9 II	-0.104
HD 87363	HR 3964|HIP 49259	150.83576	-46.63619	89.339	m	6.106	1.351	A0 V	0.049
HD 199603	HR 8024|HIP 103545	314.67433	-14.48312	89.368	m	5.992	1.236	A9 V	0.252
HD 31444	HR 1581|HIP 22881	73.8277	-16.41775	89.372	m	5.811	1.055	G6/8 III	0.982
HD 10390	HR 490|HIP 7943	25.51454	35.24571	89.38	m	5.614	0.858	B9V	-0.06
HD 23838	HR 1176|HIP 17932	57.51841	44.96786	89.401	m	5.742	0.985	G 2 III&A	0.855
HD 84812	HR 3885|HIP 48266	147.59827	65.59322	89.453	m	6.298	1.54	A 9 VN	0.309
HD 23193	HR 1133|HIP 17460	56.13096	36.46011	89.557	m	5.598	0.838	A3III	0.083
HD 210056	HR 8432|HIP 109584	332.9791	-76.11602	89.561	m	6.239	1.478	K0 III	1.174
HD 152815	HR 6287|HIP 82764	253.72988	20.95849	89.571	m	5.494	0.733	G8III	1.107
HD 44333	HR 2280|HIP 30217	95.35737	2.26854	89.595	m	6.313	1.552	A4/5 IV	0.283
HD 47575	HR 2449|HIP 31876	99.94882	12.98277	89.613	m	5.986	1.224	A3V	0.074
HD 176664	HR 7190|HIP 93624	285.98982	-51.0186	89.657	m	6.068	1.305	K0/1 III	1.465
49 Vir	HD 114038|HR 4955|HIP 64078	196.97422	-10.7404	89.688	m	5.277	0.513	K1 III	1.324
HD 214995	HR 8642|HIP 112067	340.4894	14.51639	89.709	m	6.044	1.28	K0	1.294
HD 46052	HR 2372|HIP 31173	98.11327	32.4549	89.742	m	5.853	1.088	A7V	0.197
17 Cap	HD 197725|HR 7937|HIP 102487	311.54161	-21.51403	89.808	m	5.91	1.143	A1 V	0.068
13 Com	HD 107966|HR 4717|HIP 60514	186.07721	26.09858	89.833	m	5.157	0.39	A3V	0.092
HD 90745	HR 4108|HIP 51448	157.61077	64.25769	89.849	m	6.091	1.323	A 5 V	0.189
42 Cas	HD 10250|HR 480|HIP 8016	25.73275	70.62253	89.955	m	5.169	0.399	B 9 V	-0.03
HD 58954	HR 2853|HIP 36186	111.78331	-17.86484	89.987	m	5.662	0.891	F2 V	0.323
HD 109317	HR 4783|HIP 61309	188.41217	33.24758	90.205	m	5.521	0.745	K0III	1.171
HD 188162	HR 7587|HIP 98174	299.27629	-58.90135	90.323	m	5.242	0.463	B9.5 IV	0.013
HD 154948	HR 6371|HIP 84033	257.67634	-44.55771	90.325	m	5.157	0.378	G8/K0 III + G	0.99
HD 106485	HR 4655|HIP 59728	183.74827	-20.84422	90.4	m	5.924	1.143	K0 IIICNII	1.229
34 Psc	HD 560|HR 26|HIP 813	2.50918	11.14582	90.422	m	5.518	0.737	B8V	-0.078
15 Cyg	HD 186675|HR 7517|HIP 97118	296.06919	37.35436	90.503	m	4.991	0.208	G8III	1.081
HD 158261	HR 6506|HIP 85382	261.69228	34.6958	90.563	m	5.928	1.143	A1P?	0
HD 50644	HR 2565|HIP 33077	103.32838	-19.03277	90.586	m	5.681	0.896	A9/F0 III	0.287
63 Vir	HD 116292|HR 5044|HIP 65301	200.75464	-17.73528	90.594	m	5.464	0.679	K0 III	1.149
HD 187195	HR 7541|HIP 97499	297.25918	-10.87076	90.618	m	6.129	1.343	K2 III	1.491
HD 81157	HR 3732|HIP 45920	140.45851	-55.51469	90.624	m	5.633	0.847	A3 IV(S)	0.213
HD 150483	HR 6203|HIP 81659	250.21392	12.39504	90.721	m	6.068	1.279	A2V	0.061
HD 213986	HR 8596|HIP 111515	338.90156	-23.99109	90.806	m	6.076	1.285	K1 III	1.166
HD 222093	HR 8958|HIP 116591	354.41483	-13.06024	90.811	m	5.769	0.978	K0 III	1.196
HD 12296	HR 588|HIP 9313	29.91173	-42.03053	90.85	m	5.68	0.888	K1 III	1.231
HD 119213	HR 5153|HIP 66700	205.0891	57.20761	90.87	m	6.288	1.496	A P SR CR	0.126
HD 133388	HR 5608|HIP 73507	225.36288	60.20445	90.984	m	5.924	1.129	A 4 V	0.118
63 Sgr	HD 189741|HR 7649|HIP 98633	300.49417	-13.63721	90.997	m	5.699	0.904	A1 IV	0.076
HD 192787	HR 7743|HIP 99841	303.84904	33.72908	91.057	m	5.802	1.005	K 0 III	1.069
HD 27411	HR 1353|HIP 20106	64.65622	-22.96972	91.072	m	6.099	1.302	A3MA5-F2	0.337
HD 60341	HR 2899|HIP 36732	113.33152	-19.41252	91.074	m	5.756	0.959	K0 III	1.331
1 CMi	HD 58187|HR 2820|HIP 35987	111.24242	11.66952	91.078	m	5.375	0.578	A4III	0.118
HD 81980	HR 3758|HIP 46504	142.25957	-1.25692	91.125	m	6.31	1.512	A5/7 IV + F/G	0.299
HD 168838	HR 6874|HIP 90124	275.87011	-36.23799	91.216	m	5.63	0.83	K0 III	1.168
HD 120420	HR 5195|HIP 67384	207.1614	31.19021	91.234	m	5.716	0.915	K0	1.199
HD 52622	HR 2638|HIP 33577	104.65154	-56.39485	91.33	m	6.49	1.687	F2 II	0.418
HD 83104	HR 3822|HIP 47070	143.89084	-19.58339	91.38	m	6.339	1.535	A0 V	0.072
51 UMa	HD 95934|HR 4309|HIP 54136	166.13012	38.24136	91.42	m	6.039	1.234	A3V	0.178
HD 70514	HR 3280|HIP 40680	124.57836	-65.61319	91.472	m	5.184	0.378	K1 III	1.355
HD 30321	HR 1522|HIP 22189	71.60068	-2.95453	91.55	m	6.322	1.514	A0/1 V	0.055
HD 154732	HR 6363|HIP 83575	256.20738	48.80395	91.551	m	6.228	1.42	K0	1.278
HD 76360	HR 3551|HIP 43671	133.46081	-47.52076	91.558	m	5.336	0.528	A9 IV/V	0.288
HD 179366	HR 7278|HIP 94789	289.30094	-66.66101	91.575	e	5.558	0.749	A3/5 IV/V	0.203
HD 81780	HR 3746|HIP 46297	141.61858	-40.50171	91.609	m	6.213	1.403	A7 III	0.271
HD 105509	HR 4624|HIP 59229	182.22417	-44.32599	91.676	m	5.777	0.966	A2MA5-F2	0.269
HD 120164	HR 5186|HIP 67250	206.74906	38.5427	91.685	m	5.618	0.807	K0III+F8V	1.223
HD 28479	HR 1421|HIP 20892	67.16266	-19.45887	91.717	m	6.072	1.26	K2 III	1.458
HD 193592	HR 7781|HIP 100097	304.60315	55.39706	91.74	m	6.009	1.196	A 2 VS	0.059
5 Aql	HD 173654|HR 7059|HIP 92117	281.61915	-0.9617	91.761	m	5.882	1.069	A0 V	0.154
HD 26659	HR 1304|HIP 20982	67.50148	83.34038	91.769	m	5.566	0.753	G8III	0.958
HD 140728	HR 5857|HIP 76957	235.7115	52.3609	91.791	m	5.473	0.659	A0P	-0.054
HD 183492	HR 7407|HIP 95822	292.34231	14.59602	91.974	m	5.681	0.863	K0	1.226
HD 133631	HR 5617|HIP 74006	226.85813	-49.08861	91.986	m	5.87	1.051	G8 III	1.076
HD 139254	HR 5806|HIP 76532	234.45017	-23.14171	92.032	m	5.908	1.088	K0 III	1.239
7 Vir	HD 104181|HR 4585|HIP 58510	179.98714	3.6552	92.05	m	5.345	0.525	A0 V	0.006
20 Psc	HD 223252|HR 9012|HIP 117375	356.9856	-2.7616	92.128	m	5.594	0.772	K0 III	1.081
HD 174866	HR 7110|HIP 92674	283.25754	-9.57552	92.147	m	6.347	1.525	A4 V	0.225
HD 151862	HR 6246|HIP 82350	252.39442	13.26115	92.194	m	5.929	1.105	A1V	0.016
11 CMi	HD 62832|HR 3008|HIP 37921	116.5675	10.76825	92.307	m	5.238	0.412	A1V	0.017
81 UMa	HD 118214|HR 5109|HIP 66198	203.53047	55.34843	92.336	m	5.585	0.758	A0V	-0.017
94 Psc	HD 8763|HR 414|HIP 6732	21.67366	19.24042	92.338	m	5.62	0.793	K0	1.312
87 Peg	HD 448|HR 22|HIP 729	2.26011	18.21196	92.35	m	5.672	0.845	G9III	1.224
HD 78004	HR 3614|HIP 44511	136.03867	-47.09774	92.366	m	3.867	-0.961	K2 III	1.416
HD 186957	HR 7531|HIP 97646	297.68669	-59.19368	92.394	m	5.478	0.65	A0 IV	0.093
20 Gem	HD 46136|HIP 31158	98.07727	17.78434	92.407	m	6.305	1.476	F6V+F4V	0.587
27 Cet	HD 6482|HR 315|HIP 5121	16.40368	-9.97933	92.435	m	6.201	1.372	K0 III	1.181
HD 5128	HR 250|HIP 4212	13.44834	52.68929	92.603	m	6.331	1.498	A 5 M	0.209
HD 133392	HR 5609|HIP 73634	225.77523	35.20579	92.683	m	5.627	0.792	K0	1.19
HD 45557	HR 2345|HIP 30463	96.05767	-60.28133	92.686	m	5.766	0.931	A0 V	0.006
HD 119765	HR 5169|HIP 67005	205.97824	52.06441	92.693	m	6.019	1.184	A 1 V	0.015
HD 136334	HR 5696|HIP 75164	230.39709	-40.74948	92.695	m	6.194	1.359	A1 V	0.092
HD 182286	HR 7360|HIP 95456	291.26684	-29.30936	92.703	m	6.065	1.23	K3 III	1.512
HD 121416	HR 5239|HIP 68079	209.0824	-46.59295	92.708	m	5.942	1.106	K1 III	1.336
HD 45415	HR 2333|HIP 30728	96.83521	2.90829	92.896	m	5.658	0.818	G8 III	1.199
HD 129858	HR 5494|HIP 72250	221.62081	-47.44112	92.909	m	5.732	0.892	A1 V	0.089
30 Aqr	HD 209396|HR 8401|HIP 108868	330.81858	-6.52241	92.959	m	5.65	0.809	K1 IV	1.115
HD 120642	HR 5207|HIP 67703	208.02027	-52.81153	93.068	m	5.242	0.398	B8 V	-0.101
45 Gem	HD 54131|HR 2684|HIP 34440	107.09183	15.93068	93.081	m	5.591	0.747	K0	1.196
HD 152224	HR 6259|HIP 82426	252.67979	32.55367	93.085	m	6.272	1.428	K0III	1.186
54 Leo	HD 94601|HR 4259|HIP 53417	163.90334	24.74972	93.093	m	4.477	-0.368	A1V	0.007
84 UMa	HD 120198|HR 5187|HIP 67231	206.64858	54.43269	93.095	m	5.668	0.823	A2P	-0.045
HD 53704	HR 2666|HIP 34081	106.01165	-42.33728	93.128	m	5.218	0.373	A3MA3-F0	0.231
HD 158170	HR 6504|HIP 85474	262.00974	-8.20837	93.145	m	6.436	1.59	F7 V	0.606
60 Cet	HD 12573|HR 607|HIP 9589	30.79855	0.12851	93.183	m	5.444	0.597	A3 IV	0.177
HD 217131	HR 8735|HIP 113433	344.59859	-1.41021	93.188	m	6.415	1.568	F2 V	0.363
66 Eri	HD 32964|HR 1657|HIP 23794	76.69022	-4.65516	93.216	m	5.088	0.241	B9.5V	-0.062
HD 209993	HR 8429|HIP 109121	331.5511	45.24869	93.266	m	6.19	1.341	A 3 V	0.082
HD 37192	HR 1909|HIP 26219	83.81449	-33.07973	93.283	m	5.881	1.032	K0 III	1.327
16 Her	HD 146388|HR 6065|HIP 79666	243.86931	18.80809	93.357	m	5.831	0.98	K0	1.329
HD 136479	HR 5707|HIP 75127	230.28171	-5.82485	93.377	m	5.654	0.803	K1 III	1.223
6 UMa	HD 75958|HR 3531|HIP 43903	134.15602	64.60382	93.485	m	5.66	0.806	G 6 III	1.022
HD 15453	HR 725|HIP 11603	37.39732	9.56562	93.528	m	6.228	1.373	K0	1.225
27 Com	HD 111067|HR 4851|HIP 62356	191.66151	16.57769	93.528	m	5.265	0.41	K3III	1.596
HD 70523	HR 3281|HIP 40990	125.47753	-17.58633	93.558	m	5.828	0.973	K0 III	1.231
HD 158716	HR 6521|HIP 85666	262.5944	11.92401	93.593	m	6.467	1.611	A2V	0.058
31 Cas	HD 6829|HR 336|HIP 5518	17.66384	68.77861	93.634	m	5.304	0.447	A 0 VNN	-0.028
HD 215030	HR 8643|HIP 112041	340.40022	41.54912	93.647	m	6.043	1.186	G9III	1.159
66 UMa	HD 103605|HR 4566|HIP 58181	178.9934	56.59856	93.667	m	5.947	1.089	K 1 III	1.291
51 Ori	HD 37984|HR 1963|HIP 26885	85.6193	1.47463	93.682	m	5.03	0.172	K1 III	1.354
20 Cep	HD 209960|HR 8426|HIP 109005	331.25208	62.78567	93.691	m	5.432	0.574	K4III	1.714
HD 117558	HR 5090|HIP 65969	202.8882	-28.11274	93.691	m	6.489	1.631	A1 V	0.095
27 Vul	HD 196504|HR 7880|HIP 101716	309.26948	26.46195	93.728	m	5.574	0.715	B9V	-0.057
41 Aur	HD 42127|HR 2175|HIP 29388	92.90245	48.71099	93.783	m	6.156	1.295	A 3 V	0.073
HD 138338	HR 5759|HIP 75788	232.23676	55.19494	93.799	m	6.439	1.578	A 3 V S	0.104
1 Mon	HD 40535|HR 2107|HIP 28321	89.7545	-9.38223	93.816	m	6.174	1.313	F2/3 IV	0.34
HD 74794	HR 3478|HIP 43026	131.51031	-2.04865	93.825	m	5.808	0.946	K1 III	1.29
HD 32393	HR 1625|HIP 23475	75.68915	-4.21013	93.852	m	5.991	1.129	K1 III	1.453
HD 115478	HR 5013|HIP 64823	199.31512	13.67575	93.866	m	5.468	0.605	K3III	1.563
21 Cas	HD 4161|HR 192|HIP 3572	11.41282	74.98807	93.872	m	5.661	0.798	A 2 IV	0.079
HD 209240	HR 8394|HIP 108784	330.5494	-17.90347	93.886	m	6.396	1.533	K0 III	1.177
HD 155860	HR 6399|HIP 84108	257.9178	49.74635	93.887	m	6.181	1.318	A 5 III	0.168
HD 14263	HR 676|HIP 10795	34.74145	23.16782	93.91	m	6.484	1.62	A 7 V	0.378
30 Cep	HD 214734|HR 8627|HIP 111797	339.66271	63.58448	93.917	m	5.197	0.333	A 3 IV	0.08
HD 17943	HR 859|HIP 13421	43.21142	-9.44124	93.928	m	6.35	1.486	A4 V	0.208
HD 170479	HR 6936|HIP 90763	277.77018	-32.9891	93.94	m	5.41	0.546	A5 V	0.201
HD 176598	HR 7187|HIP 92969	284.10715	65.25809	93.957	m	5.726	0.861	K0	1.082
HD 21769	HR 1068|HIP 16587	53.38419	58.76524	93.96	m	6.429	1.564	A 4 III	0.163
HD 60345	HR 2900|HIP 36721	113.29073	-24.71074	93.964	m	5.857	0.992	A3 III	0.176
21 Psc	HD 223438|HR 9022|HIP 117491	357.36448	1.07613	93.999	m	5.783	0.917	A3 III	0.179
HD 162570	HR 6655|HIP 87341	267.7016	22.31633	94.13	m	6.169	1.3	A 9 V	0.254
HD 210763	HR 8467|HIP 109647	333.18278	-4.72068	94.153	m	6.455	1.586	F5 V	0.521
52 Peg	HD 217232|HR 8739|HIP 113503	344.79922	11.72886	94.34	e	5.822	0.949	F0V	0.303
HD 220572	HR 8901|HIP 115620	351.3311	-56.84898	94.346	m	5.715	0.841	K0 III	1.24
HD 37289	HR 1916|HIP 26882	85.6102	65.69765	94.385	m	5.751	0.876	K0	1.488
Gl 3422	HD 53501|HR 2662|HIP 33682	104.96056	-67.91644	94.397	m	5.326	0.451	K3 III	1.666
HD 222602	HR 8983|HIP 116918	355.48621	7.25055	94.406	m	5.904	1.029	A 3 VN	0.112
24 Boo	HD 127243|HR 5420|HIP 70791	217.15756	49.84485	94.433	m	5.681	0.805	G 3 IV	0.974
99 Aqr	HD 220704|HR 8906|HIP 115669	351.51161	-20.64202	94.452	m	4.538	-0.338	K4 III	1.781
HD 142531	HR 5922|HIP 77738	238.06899	55.82671	94.518	m	5.909	1.031	K0	1.138
HD 50931	HR 2584|HIP 33297	103.89424	8.32429	94.553	m	6.264	1.386	A 0 V	0.058
HD 125349	HR 5360|HIP 69818	214.3381	51.30738	94.587	m	6.202	1.323	A 0.5IV	0.061
HD 114570	HR 4977|HIP 64466	198.20335	-66.22675	94.603	m	5.903	1.023	A0 V(N)	0.057
HD 10538	HR 498|HIP 7941	25.51248	-36.8323	94.636	m	5.697	0.817	A0 V	0
34 Her	HD 149081|HR 6156|HIP 80809	247.52515	48.9611	94.641	m	6.431	1.551	A 1 V	0.038
HD 184586	HR 7435|HIP 96734	294.96742	-66.6855	94.688	m	6.373	1.492	A1 V	0.037
73 Peg	HD 221758|HR 8948|HIP 116355	353.65918	33.49733	94.715	m	5.738	0.856	K0	1.219
HD 73887	HR 3432|HIP 42286	129.32849	-62.85346	94.721	m	5.57	0.688	K0 III	1.187
HD 38527	HR 1987|HIP 27280	86.71723	9.52234	94.74	m	5.869	0.986	G8III	1.035
49 Cam	HD 62140|HR 2977|HIP 37934	116.61423	62.83052	94.766	m	6.495	1.612	F 0 P SR EU	0.317
HD 76346	HR 3549|HIP 43620	133.26575	-56.64949	94.779	m	5.995	1.111	A0 V	-0.013
HD 39421	HR 2039|HIP 27713	88.0322	-9.0419	94.794	m	5.972	1.088	A0 V	0.102
3 Boo	HD 120064|HR 5182|HIP 67239	206.68051	25.70224	94.856	m	6.024	1.139	F 6 IV-V	0.554
HD 18557	HR 895|HIP 13883	44.69709	-9.7765	94.903	m	6.167	1.281	A2 II/III	0.253
HD 115365	HR 5010|HIP 64779	199.13442	19.78528	95.019	m	6.459	1.57	A 7 V	0.306
21 PsA	HD 216210|HR 8693|HIP 112862	342.83724	-29.53631	95.063	m	6.088	1.198	G8/K0 III	1.043
64 Aur	HD 56221|HR 2753|HIP 35341	109.50922	40.88339	95.067	m	5.892	1.002	A 5 VN	0.187
41 Sex	HD 93903|HR 4237|HIP 52980	162.57523	-8.89776	95.093	m	5.812	0.921	A2/3 III	0.179
HD 19940	HR 959|HIP 14547	46.95392	-69.26492	95.133	m	6.235	1.343	K1 III	1.177
HD 9030	HR 428|HIP 7050	22.71716	66.09809	95.146	m	6.147	1.255	A 1 VM	0.085
HD 125632	HR 5372|HIP 69958	214.73296	54.86376	95.147	m	6.492	1.6	A 5 VN	0.178
81 Gem	HD 62721|HR 3003|HIP 37908	116.53103	18.51004	95.16	m	5.036	0.144	K5III	1.746
HD 217842	HR 8771|HIP 113902	345.9985	-41.4789	95.167	m	5.915	1.023	K0 III	1.254
HD 36484	HR 1850|HIP 26054	83.36418	32.80118	95.179	m	6.489	1.596	AM	0.122
HD 216646	HR 8712|HIP 113084	343.52911	40.37691	95.185	m	5.933	1.04	K0III	1.346
HD 30432	HR 1526|HIP 22144	71.48105	-39.35661	95.194	m	6.164	1.271	K1 III	1.25
HD 203644	HR 8185|HIP 105497	320.50174	49.38885	95.307	m	5.793	0.897	K0	1.283
HD 69142	HR 3243|HIP 40326	123.51217	-40.34789	95.338	m	4.55	-0.346	K1 II/III	1.364
HD 76990	HR 3581|HIP 45421	138.83928	84.18101	95.461	m	6.324	1.425	F0	0.347
85 Vir	HD 119786|HR 5170|HIP 67139	206.39611	-15.76747	95.475	m	6.184	1.285	A0 V	0.052
HD 39070	HR 2021|HIP 27517	87.40226	-14.48366	95.479	m	5.683	0.783	G8 III	1.048
HD 39910	HR 2070|HIP 28011	88.87571	-4.61654	95.497	m	5.989	1.089	K1 III	1.393
HD 154903	HR 6368|HIP 84248	258.32449	-67.19659	95.526	m	5.994	1.093	K0/1 III	1.267
HD 4398	HR 210|HIP 3607	11.54897	-22.5221	95.536	m	5.604	0.703	G8/K0 III	1.12
HD 12140	HR 578|HIP 9295	29.85786	12.29487	95.558	m	6.102	1.201	A6V	0.223
HD 223274	HR 9013|HIP 117371	356.97821	67.80681	95.576	m	5.043	0.141	A 1 VN	0.003
HD 217236	HR 8740|HIP 113532	344.89899	-29.46231	95.597	m	5.536	0.634	F0 V	0.281
HD 22231	HR 1090|HIP 16509	53.14501	-50.37865	95.608	m	5.782	0.88	K2 III	1.302
HD 30127	HR 1513|HIP 22028	71.03325	-18.66658	95.634	m	5.525	0.622	A1 V	0.033
HD 83380	HR 3833|HIP 47199	144.29121	-32.17865	95.65	m	5.729	0.826	K1 III	1.197
HD 104438	HR 4593|HIP 58654	180.41445	36.04208	95.692	m	5.703	0.799	K0III	1.207
13 Lyr	HD 175865|HR 7157|HIP 92862	283.83376	43.94609	95.782	m	4.355	-0.551	M5III	1.643
22 Boo	HD 126661|HR 5405|HIP 70602	216.61402	19.2269	95.809	m	5.425	0.518	F 0 M	0.267
HD 39720	HR 2053|HIP 27766	88.13827	-37.63106	95.817	m	5.732	0.825	K1 III	1.22
HD 171819	HR 6986|HIP 91461	279.80956	-47.90977	95.833	m	5.868	0.96	A7 IV/V	0.241
21 Vul	HD 192518|HR 7731|HIP 99738	303.56054	28.69482	95.876	m	5.213	0.304	A 7 IVN	0.196
HD 150026	HR 6182|HIP 81873	250.84224	-67.43239	95.88	m	6.018	1.109	A0 VN	0.035
HD 27322	HR 1342|HIP 20380	65.46585	56.50631	95.999	m	5.923	1.012	A 3 V	0.127
HD 154418	HR 6350|HIP 83684	256.54917	-21.56459	96.087	m	6.3	1.387	A1MA2-A5/7	0.151
HD 132953	HIP 73571	225.53572	-7.5753	96.189	m	6.397	1.481	A5 V	0.198
HD 210434	HR 8453|HIP 109466	332.64061	-4.26685	96.194	m	6.088	1.172	G8/K0 III	1.128
HD 65900	HR 3136|HIP 39213	120.30788	4.87982	96.223	m	5.641	0.725	A 1 V	0.013
HD 117597	HR 5092|HIP 66019	203.0226	-38.39884	96.26	m	6.263	1.346	K1 III	1.205
HD 175219	HR 7122|HIP 92953	284.07063	-42.71067	96.295	m	5.456	0.538	K0 III	1.148
HD 208321	HR 8366|HIP 108294	329.09487	-37.25365	96.301	m	5.454	0.536	A3 V	0.09
HD 17864	HR 853|HIP 13271	42.6992	-39.93222	96.309	m	6.367	1.449	A0 V	0.047
HD 101189	HR 4487|HIP 56754	174.53038	-61.82653	96.314	m	5.129	0.211	AP HGMN	-0.04
30 Gem	HD 48433|HR 2478|HIP 32249	100.99705	13.22801	96.324	m	4.618	-0.301	K1III	1.36
HD 111295	HR 4860|HIP 62500	192.10941	-27.59739	96.335	m	5.763	0.844	G8 III	1.092
HD 122866	HR 5280|HIP 68637	210.74899	50.97181	96.373	m	6.151	1.231	A 0 IV	0.029
15 Aql	HD 177463|HR 7225|HIP 93717	286.2403	-4.03142	96.41	m	5.52	0.599	K0/1 III	1.33
27 Mon	HD 65695|HR 3122|HIP 39079	119.93397	-3.67958	96.483	m	5.069	0.147	K1 III	1.416
HD 54118	HR 2683|HIP 34105	106.07636	-56.74972	96.495	m	5.135	0.212	AP SI	-0.035
HD 3750	HR 171|HIP 3137	9.96646	-44.79629	96.499	m	6.125	1.202	K1 IIICNII	1.34
HD 95808	HR 4305|HIP 54029	165.812	-11.30347	96.504	m	5.615	0.692	K0 III	1.075
HD 221525	HR 8938|HIP 115746	351.75358	87.3075	96.505	m	5.589	0.666	A 7 IV	0.254
13 And	HD 220885|HR 8913|HIP 115755	351.78084	42.91201	96.509	m	5.734	0.811	B 8 V	-0.005
HD 141168	HR 5869|HIP 77562	237.52952	-53.20977	96.534	m	5.759	0.836	B9 V(N)	-0.071
HD 225216	HR 9104|HIP 379	1.17492	67.16645	96.578	m	5.794	0.87	K0	1.241
HD 88981	HR 4025|HIP 50083	153.37764	-66.37281	96.602	m	5.17	0.245	A4MA6-F0	0.248
HD 149447	HR 6166|HIP 81304	249.09363	-35.25533	96.662	m	4.346	-0.58	K5 III	1.892
HD 187474	HR 7552|HIP 97749	297.96086	-39.87437	96.701	m	5.31	0.383	AP CR(SI)	-0.055
HD 83425	HR 3834|HIP 47310	144.6137	4.64929	96.751	m	4.818	-0.11	K3III	1.589
HD 111915	HR 4888|HIP 62867	193.27877	-48.94331	96.773	m	4.475	-0.454	K3/4 III	1.632
HD 90763	HR 4109|HIP 51302	157.18317	-3.74238	96.782	m	6.038	1.109	A0 V	0.059
HD 216446	HR 8702|HIP 112519	341.87108	83.15383	96.793	m	4.916	-0.013	K3III	1.498
1 Boo	HD 119055|HR 5144|HIP 66727	205.16861	19.95572	96.798	m	5.758	0.829	A1V	0.023
61 Oph	HD 161270|HR 6609|HIP 86831	266.14205	2.57945	96.831	m	6.129	1.199	A0 IV	0.09
HD 160365	HR 6577|HIP 86373	264.74106	13.32926	96.912	m	6.188	1.256	F 6 III	0.607
HD 21530	HR 1050|HIP 16142	52.00395	-11.2866	96.917	m	5.854	0.922	K2 II/III	1.302
33 Lyn	HD 72524|HR 3377|HIP 42090	128.68285	36.41962	96.951	m	5.755	0.822	A2III	0.044
HD 29646	HR 1490|HIP 21819	70.33234	28.61499	96.973	m	5.73	0.797	A2V	0.013
HD 223524	HR 9027|HIP 117541	357.56138	-9.97414	96.975	m	6.062	1.129	K1 III	1.328
HD 161193	HR 6607|HIP 86561	265.34075	51.81816	97.023	m	6.113	1.179	K0	1.244
HD 113902	HR 4951|HIP 64053	196.90951	-53.45976	97.087	m	5.687	0.751	B8/9 V	-0.073
23 Peg	HD 209833|HR 8419|HIP 109056	331.39448	28.96398	97.161	m	5.677	0.74	A0V	-0.064
HD 154084	HR 6333|HIP 83367	255.5779	25.50562	97.254	m	5.875	0.935	K0	1.181
HD 34790	HR 1752|HIP 25001	80.30287	29.56989	97.27	m	5.666	0.726	A2V	0.074
HD 220790	HR 8909|HIP 115769	351.81247	-58.47611	97.274	m	5.745	0.805	G8 III	1.132
HD 107301	HR 4692|HIP 60183	185.1176	-65.84266	97.291	m	6.18	1.24	B9 V	-0.037
HD 29737	HR 1495|HIP 21743	70.02834	-24.48237	97.348	m	5.666	0.724	G6/8 III	1.066
HD 344	HR 13|HIP 655	2.01453	-33.52933	97.365	m	5.787	0.845	K1 III	1.318
HD 94669	HR 4264|HIP 53465	164.06049	42.00816	97.571	m	6.16	1.213	K2III	1.319
HD 123247	HIP 69011	211.92004	-48.70402	97.603	m	6.417	1.47	B9.5 V	0.002
HD 46355	HR 2389|HIP 30932	97.36875	-56.85277	97.62	m	5.318	0.37	K0 III	1.268
HD 21427	HR 1043|HIP 16303	52.54559	59.36594	97.635	m	6.418	1.47	A 2 V	0.044
53 Cam	HD 65339|HR 3109|HIP 39261	120.4269	60.32436	97.651	m	6.031	1.083	AP	0.19
HD 28312	HR 1410|HIP 20765	66.73726	-24.08137	97.656	e	6.155	1.206	A3 V	0.16
HD 97583	HR 4355|HIP 54767	168.18836	-64.16977	97.658	m	5.206	0.257	B8 V	-0.087
HD 1185	HR 56|HIP 1302	4.08971	43.59506	97.705	m	6.155	1.205	A 2 V	0.047
HD 171994	HR 6995|HIP 91279	279.28775	16.1983	97.715	m	6.408	1.458	G8IV	1.033
HD 196857	HR 7905|HIP 102026	310.13549	-16.12418	97.784	m	5.907	0.956	K0 III	1.13
HD 74622	HR 3471|HIP 42717	130.58676	-55.77455	97.815	m	6.378	1.426	K2 III	1.42
HD 87500	HR 3969|HIP 49445	151.42048	15.75747	97.856	m	6.405	1.452	F 1 III	0.399
HD 215729	HR 8672|HIP 112694	342.32278	-70.34798	97.954	m	6.346	1.391	A2 V	0.107
HD 160042	HIP 86352	264.68689	-21.91265	98.042	m	6.295	1.338	G6 III/IV	0.948
HD 26464	HR 1293|HIP 19511	62.69902	-8.81982	98.091	m	5.807	0.849	K1 III	1.233
HD 219507	HR 8846|HIP 114921	349.1658	-44.48916	98.113	m	6.036	1.077	K1 III	1.239
HD 155970	HR 6404|HIP 84402	258.83453	-14.58415	98.128	m	6.128	1.169	K1 III	1.301
HD 28763	HR 1438|HIP 21110	67.85771	-13.64422	98.143	m	6.26	1.301	A2/3 V	0.086
HD 158460	HR 6511|HIP 85290	261.42231	60.0484	98.16	m	5.647	0.687	A 1 VN	0.029
HD 72660	HR 3383|HIP 42028	128.50674	-2.15156	98.165	m	5.792	0.832	A0 V	0.012
HD 97413	HIP 54718	168.04251	-46.26675	98.168	m	6.286	1.326	A1 V	0.167
HD 200887	HIP 104296	316.93554	-45.37946	98.168	m	6.467	1.507	A9 V	0.254
HD 89024	HR 4032|HIP 50336	154.17398	25.37071	98.196	m	5.972	1.012	K2III:	1.436
HD 206005	HR 8273|HIP 106938	324.86711	-10.57689	98.243	m	6.186	1.224	K0 III	1.206
56 Hya	HD 130259|HR 5516|HIP 72357	221.93669	-26.0875	98.3	m	5.333	0.37	G8/K0 III	1.071
HD 83886	HR 3855|HIP 47664	145.77901	54.3637	98.303	m	6.493	1.53	A 5 M:	0.131
HD 197508	HR 7930|HIP 101044	307.26227	83.62542	98.305	m	6.207	1.244	A 3 VM	0.181
HD 19270	HR 931|HIP 14439	46.5987	13.18725	98.317	m	5.757	0.794	K 3 III	1.276
HD 107193	HR 4687|HIP 60044	184.70827	75.16055	98.338	m	5.466	0.502	A 1 V	0.054
11 Com	HD 107383|HR 4697|HIP 60202	185.17928	17.79287	98.351	m	4.835	-0.129	G8III	1.158
HD 216489	HR 8703|HIP 112997	343.25944	16.8412	98.372	m	6.016	1.052	K1III	1.329
HD 49591	HR 2518|HIP 32537	101.83917	-37.9297	98.397	m	5.247	0.282	B8/9 V	-0.089
18 Sge	HD 192836|HR 7746|HIP 99913	304.08245	21.5987	98.454	m	6.228	1.262	K1III	1.232
51 Psc	HD 2913|HR 132|HIP 2548	8.09906	6.95547	98.467	m	5.676	0.71	B 9 V	-0.013
HD 45145	HR 2316|HIP 30444	96.00421	-36.70776	98.535	m	5.733	0.765	K1 II/III	1.19
32 Ori	HD 36267|HR 1839|HIP 25813	82.69608	5.94815	98.592	m	4.439	-0.53	B3V	-0.16
HD 164870	HR 6739|HIP 88550	271.20991	-35.90144	98.604	m	6.104	1.135	K2 III	1.386
98 Tau	HD 31592|HR 1590|HIP 23088	74.53914	25.05041	98.641	m	5.787	0.817	B9.5V?	0.026
HD 75747	HR 3524|HIP 42794	130.80091	-79.07008	98.649	m	6.112	1.142	A7 V	0.256
Gl 3881A	HD 132132|HR 5573|HIP 73193	224.38855	-0.16761	98.736	m	5.638	0.666	K1 III	1.326
HD 9414	HR 443|HIP 7115	22.91252	-45.57571	98.775	m	6.153	1.18	A1 V	0.08
HD 223170	HR 9009|HIP 117314	356.81631	-11.91113	98.788	m	5.85	0.876	K0 III	1.253
HD 31069	HR 1558|HIP 22842	73.7135	44.06086	98.809	m	6.052	1.078	A 0 V	-0.036
HD 159353	HR 6542|HIP 85930	263.41412	16.31757	98.932	m	5.784	0.807	K0	1.167
HD 16735	HR 787|HIP 12686	40.74801	53.5261	98.966	m	5.963	0.986	K 0 II-III	1.352
HD 129132	HR 5472|HIP 71729	220.09114	21.97587	99.024	m	6.174	1.195	G 0 V	0.447
HD 163245	HR 6679|HIP 87782	268.97904	-18.80215	99.037	m	6.477	1.498	A1 V	0.07
HD 110834	HR 4843|HIP 62172	191.11291	44.103	99.128	m	6.389	1.408	F 5 III	0.495
HD 199442	HR 8017|HIP 103414	314.29408	0.46378	99.157	m	6.186	1.204	K1/2 III	1.459
59 Her	HD 154029|HR 6332|HIP 83313	255.40151	33.56827	99.159	m	5.269	0.287	A3III	0.029
HD 49949	HR 2532|HIP 33056	103.28159	44.83994	99.174	m	6.264	1.282	A 8 VN	0.244
HD 86087	HR 3927|HIP 48613	148.71346	-50.24396	99.203	m	5.705	0.722	A0 V	0.006
HD 138564	HR 5773|HIP 76234	233.58689	-39.34921	99.27	m	6.345	1.361	B9 V	-0.018
HD 159463	HR 6547|HIP 86248	264.36381	-50.0597	99.284	m	6.003	1.019	K0 III	1.315
HD 28732	HR 1435|HIP 20825	66.94177	-62.52121	99.383	m	5.846	0.859	K0 III	1.161
HD 188164	HR 7588|HIP 98346	299.72077	-68.76259	99.396	m	6.395	1.408	A0 IIIS	0.176
HD 32515	HR 1635|HIP 23446	75.59502	-31.77133	99.425	m	6.037	1.05	K2 III	1.41
HD 222387	HR 8972|HIP 116728	354.83809	74.00261	99.478	m	6.073	1.084	G 8 III	1.019
45 Ser	HD 144874|HR 6004|HIP 79007	241.90641	9.89174	99.514	m	5.661	0.672	A 7 V	0.221
67 Cet	HD 14129|HR 666|HIP 10642	34.24602	-6.42211	99.539	m	5.606	0.616	K0 III	1.11
HD 139329	HR 5810|HIP 76569	234.56784	-21.01632	99.543	m	5.935	0.945	K0 III	1.254
HD 29526	HR 1482|HIP 21823	70.35053	48.30089	99.543	m	5.65	0.66	A 0 V	-0.006
HD 129116	HR 5471|HIP 71865	220.48996	-37.79349	99.662	m	3.958	-1.035	B2.5 V	-0.185
HD 117025	HR 5069|HIP 65783	202.28293	-64.67579	99.663	m	6.104	1.111	AP SREUCR	0.15
HD 77601	HR 3603|HIP 44613	136.35039	48.53032	99.759	m	5.523	0.528	F 6 II-III	0.499
HD 156891	HR 6444|HIP 84656	259.59695	38.81139	99.911	m	6.075	1.077	K0	1.176
HD 45450	HR 2336|HIP 30423	95.94553	-58.54387	99.928	m	6.482	1.484	A3 V	0.129
HD 35656	HR 1807|HIP 25453	81.66179	6.86865	99.937	m	6.397	1.398	A 0 VN	-0.009
HD 113537	HIP 63849	196.27772	-47.11691	99.964	m	6.476	1.477	F3 III	0.446
HD 37501	HR 1936|HIP 26190	83.73931	-61.17605	100.03	m	6.405	1.404	G6 III	0.962
HD 178187	HR 7250|HIP 93845	286.65999	24.2508	100.09	m	5.787	0.785	A 4 III	0.121
HD 952	HR 44|HIP 1123	3.5095	33.20604	100.13	m	6.206	1.203	A1V	0.01
HD 4730	HR 227|HIP 3849	12.35673	-13.56127	100.18	m	5.746	0.742	K3 III	1.584
108 Aqr	HD 223640|HR 9031|HIP 117629	357.83891	-18.90916	100.2	m	5.159	0.155	Ap Si	-0.143
HD 107610	HIP 60305	185.48437	47.1822	100.22	m	6.45	1.445	K1III	1.316
HD 136672	HR 5713|HIP 75565	231.56135	-68.30917	100.32	m	6.003	0.996	G8/K0 III	1.16
HD 147266	HR 6087|HIP 80021	245.01782	21.13261	100.35	m	6.142	1.134	G 8 II	1.079
23 Vul	HD 192806|HR 7744|HIP 99874	303.94222	27.81425	100.36	m	4.656	-0.352	K3III	1.482
HD 156874	HR 6443|HIP 84691	259.7022	28.82297	100.39	m	5.788	0.78	K 0 III	1.127
56 And	HD 11749|HR 557|HIP 9021	29.03901	37.25183	100.39	m	5.786	0.777	G8III+	1.256
70 Gem	HD 60986|HR 2924|HIP 37204	114.63693	35.04855	100.42	m	5.675	0.666	K 0 III	1.063
HD 53329	HR 2660|HIP 34267	106.5483	34.47397	100.51	m	5.652	0.641	G 8 IV	1.032
HD 182893	HR 7388|HIP 95866	292.46922	-55.44176	100.52	m	6.236	1.225	K0/1 III	1.135
12 Sco	HD 145483|HR 6029|HIP 79399	243.06683	-28.41731	100.52	m	5.797	0.786	B9 V	-0.043
HD 112570	HR 4919|HIP 63211	194.28248	46.17679	100.52	m	6.219	1.208	G9III	1.193
HD 94497	HR 4256|HIP 53377	163.74242	34.0348	100.59	m	5.84	0.827	K0	1.197
HD 197630	HR 7933|HIP 102497	311.58363	-39.19926	100.65	m	5.456	0.442	B8/9 V	-0.092
HD 39927	HR 2071|HIP 28019	88.89737	-4.78858	100.68	m	6.271	1.256	A0 V	0.063
75 Leo	HD 98118|HR 4371|HIP 55137	169.3225	2.01056	100.68	m	5.344	0.329	K5 III	1.804
HD 223386	HR 9019|HIP 117450	357.22486	59.97897	100.72	m	6.322	1.306	A 0 V	-0.01
Gl 3434	HD 55526|HR 2719|HIP 34670	107.69784	-48.9321	100.73	m	5.259	0.243	K2 III	1.472
HD 34904	HR 1760|HIP 25143	80.70964	41.02926	100.77	m	5.559	0.542	A 3 V	0.14
HD 19845	HR 956|HIP 15004	48.34947	48.17695	100.8	m	6.024	1.007	G8III	1.157
55 Peg	HD 218329|HR 8795|HIP 114144	346.75109	9.40949	100.81	m	4.715	-0.302	M2III	1.851
3 Cen	HD 120709|HR 5210|HIP 67669	207.95658	-32.99407	100.9	m	4.497	-0.523	B4 III	-0.155
HD 117242	HR 5076|HIP 65678	201.99846	52.74559	100.95	m	6.376	1.355	A 7 III	0.265
HD 179433	HR 7281|HIP 94556	288.66484	-45.19353	100.95	m	6.009	0.988	G8 III	1.031
HD 62412	HR 2988|HIP 37590	115.70064	-26.35133	100.99	m	5.737	0.716	K1 III	1.138
HD 130458	HR 5520|HIP 72833	223.30655	-73.19008	101.01	e	5.871	0.849	G5 III	1.057
HD 193452	HR 7775|HIP 100325	305.19396	-14.78489	101.03	m	6.077	1.055	B9/A0 III/IV	-0.032
HD 55730	HR 2728|HIP 35005	108.63592	12.11582	101.09	m	5.814	0.79	K0	1.175
HD 120934	HR 5220|HIP 67714	208.07669	12.16513	101.1	m	6.103	1.079	A2V	0.05
HD 100382	HR 4448|HIP 56287	173.08332	-66.96182	101.29	m	6.008	0.98	K1 IIICNIB/II	1.341
HD 22409	HR 1098|HIP 16780	53.99028	-11.19379	101.31	m	5.681	0.653	K0 III	1.042
HD 11522	HR 547|HIP 8778	28.21714	-16.92925	101.34	m	5.814	0.785	F0 V	0.272
37 Her	HD 150378|HR 6195|HIP 81641	250.1612	4.21979	101.34	m	5.759	0.73	B9 V	-0.008
HD 187753	HR 7562|HIP 97697	297.82389	9.62988	101.36	m	6.247	1.218	A 1 M	0.119
HD 220096	HR 8883|HIP 115312	350.31458	-26.98677	101.4	m	5.747	0.717	G5 IV	0.922
HD 28204	HR 1401|HIP 21247	68.37783	72.5286	101.42	m	5.964	0.933	A 8 M	0.31
HD 184102	HR 7423|HIP 95167	290.41796	79.60283	101.5	m	6.061	1.029	A 3 V	0.085
HD 132813	HR 5589|HIP 73199	224.39586	65.93246	101.51	m	4.865	-0.168	M3	1.727
HD 30453	HR 1528|HIP 22407	72.32949	32.58819	101.54	m	5.857	0.824	A 4 M	0.287
HD 86513	HR 3942|HIP 48982	149.90089	29.64523	101.55	m	5.861	0.828	K0	1.231
HD 154391	HR 6348|HIP 83289	255.32053	60.64875	101.58	m	6.256	1.222	K1III	1.184
15 Ori	HD 33276|HR 1676|HIP 24010	77.42484	15.59723	101.59	m	4.85	-0.184	F2IV	0.337
HD 60666	HR 2916|HIP 36848	113.64498	-27.01228	101.62	m	5.885	0.85	K1 III	1.204
HD 49976	HR 2534|HIP 32838	102.67626	-8.041	101.66	m	6.302	1.266	B9 V	0.03
14 CVn	HD 113797|HR 4943|HIP 63901	196.43517	35.7989	101.66	m	5.185	0.149	B9V	-0.066
HD 5914	HR 286|HIP 7283	23.46129	89.01564	101.67	m	6.471	1.435	A 3 V	0.104
HD 43023	HR 2218|HIP 29575	93.47597	-3.74137	101.69	m	5.935	0.899	K0 III	1.052
11 Boo	HD 122405|HR 5263|HIP 68478	210.29367	27.38659	101.69	m	6.246	1.21	A 6 V	0.21
HD 201057	HR 8083|HIP 104297	316.93623	-17.4559	101.7	m	6.162	1.125	B9.5 V	-0.024
45 Aqr	HD 211676|HR 8508|HIP 110179	334.75309	-13.30499	101.71	m	6.08	1.043	K0 III	1.268
HD 217186	HR 8738|HIP 113465	344.67761	7.34008	101.76	m	6.346	1.308	A 1 V	0.056
HD 43821	HR 2259|HIP 29982	94.66814	9.04718	101.8	m	6.322	1.283	K0	0.986
58 Gem	HD 57744|HR 2810|HIP 35842	110.86723	22.94535	101.87	m	6.159	1.119	A1V	0.017
HD 78702	HR 3638|HIP 44923	137.26754	-18.32855	101.94	m	5.722	0.68	A0/1 V	0.008
HD 118349	HR 5120|HIP 66400	204.20188	-26.4952	101.94	m	5.741	0.699	A7 V + A	0.257
HD 22676	HR 1109|HIP 16290	52.49539	-78.35185	101.97	m	5.773	0.731	G8 III	1.082
HD 85250	HR 3895|HIP 48119	147.16666	-56.41189	101.97	m	6.152	1.11	K0 III	1.084
HD 94724	HIP 53411	163.86338	-43.02053	101.99	m	6.407	1.364	A0 V	0.061
HD 169885	HR 6911|HIP 90146	275.94991	53.30084	102.02	m	6.374	1.331	A 3 M	0.18
HD 185139	HR 7461|HIP 96721	294.92408	-45.27855	102.02	m	6.28	1.237	F2 IV	0.306
49 And	HD 9057|HR 430|HIP 6999	22.52543	47.00728	102.1	m	5.372	0.327	G9III	1.155
HD 46730	HR 2408|HIP 30973	97.51254	-65.56824	102.11	m	6.303	1.258	F0 III	0.359
HD 114256	HR 4960|HIP 64179	197.30181	10.02247	102.13	m	5.897	0.851	K 0 III	1.2
HD 83962	HR 3859|HIP 47791	146.1523	64.98411	102.18	m	6.225	1.178	F 3 VN	0.43
59 Psc	HD 4490|HR 214|HIP 3685	11.80678	19.5787	102.18	m	6.134	1.087	F 0 VN	0.282
HD 191584	HR 7706|HIP 99570	303.09933	-42.78006	102.21	m	6.332	1.285	K1 III	1.478
HD 40657	HR 2113|HIP 28413	90.01396	-3.07426	102.23	m	4.669	-0.379	K1 IV	1.433
HD 208500	HR 8370|HIP 108759	330.46922	-77.66254	102.25	m	6.417	1.369	A5 IV/V	0.242
41 Lib	HD 139446|HR 5814|HIP 76628	234.72734	-19.3019	102.27	m	5.456	0.407	G8 III/IV	0.99
HD 138852	HR 5785|HIP 75974	232.73235	64.2087	102.3	m	5.847	0.798	K 0 III-IV	1.132
HD 17168	HR 817|HIP 12786	41.08557	-32.52472	102.41	m	6.208	1.156	A1 V	0.04
HD 62141	HR 2978|HIP 37636	115.84242	22.39947	102.42	m	6.333	1.281	K0III	1.074
HD 214122	HR 8601|HIP 111600	339.14767	-31.66379	102.45	m	5.93	0.877	K2 III	1.279
HD 73596	HR 3423|HIP 42538	130.07619	31.9419	102.46	m	6.247	1.194	F 4 III-IV	0.422
51 Cam	HD 62066|HR 2975|HIP 37949	116.66699	65.45568	102.53	m	6.059	1.005	K0	1.412
HD 10142	HR 471|HIP 7643	24.61452	-36.52825	102.57	m	6.056	1.001	K0 III	1.224
HD 202773	HR 8142|HIP 105228	319.72575	-28.76582	102.66	m	6.499	1.442	K0 IV	1.113
HD 110073	HR 4817|HIP 61789	189.96887	-39.9873	102.69	m	4.613	-0.445	B8 II/III	-0.092
HD 141544	HR 5882|HIP 77678	237.8809	-47.0608	102.7	m	6.133	1.075	K2 III	1.355
HD 130917	HR 5532|HIP 72552	222.49333	28.61583	102.73	m	5.791	0.733	A3III	0.075
HD 154099	HR 6335|HIP 82880	254.06971	73.12787	102.74	m	6.31	1.251	A 7 V	0.272
HD 110956	HR 4848|HIP 62327	191.59465	-56.48881	102.75	m	4.594	-0.465	B2/3 V	-0.174
HD 83441	HR 3835|HIP 47224	144.36834	-36.096	102.8	m	6.076	1.016	K2 III	1.328
80 Vir	HD 118219|HR 5111|HIP 66320	203.8804	-5.39619	102.84	m	5.812	0.751	K0 III	1.096
HD 223884	HR 9043|HIP 117797	358.33685	-24.22925	102.88	m	6.255	1.193	A5 V	0.2
HD 53629	HR 2664|HIP 34142	106.19605	-22.03169	102.89	m	6.211	1.149	K2 IIICNIAB/B	1.462
HD 256	HR 10|HIP 602	1.82611	-17.38699	102.9	m	6.218	1.156	A2 IV/V	0.127
HD 104555	HR 4595|HIP 58697	180.58431	-85.63176	102.94	m	6.166	1.103	K3 III	1.537
HD 88323	HR 3995|HIP 49698	152.17812	-65.81543	102.97	m	5.364	0.301	K0 III	1.106
HD 119727	HIP 67199	206.56044	-54.68337	102.99	m	6.439	1.375	A1 V	0.117
HD 157527	HR 6472|HIP 85207	261.17513	-21.44148	103.05	m	5.934	0.869	K0 III	1.081
HD 174980	HR 7117|HIP 92056	281.44486	74.08555	103.07	m	5.351	0.285	K0II-III	1.116
HD 154972	HR 6373|HIP 84510	259.14852	-74.53302	103.13	m	6.226	1.159	A0 V	0.003
HD 81309	HR 3735|HIP 46075	140.93693	-37.7569	103.14	m	6.494	1.427	A1MA5-F0	0.207
60 Ari	HD 20663|HR 1000|HIP 15557	50.10656	25.66274	103.16	m	6.268	1.2	K0	1.479
HD 2774	HR 124|HIP 2497	7.92149	52.83953	103.18	m	5.726	0.658	K1III	1.374
5 Tau	HD 21754|HR 1066|HIP 16369	52.71824	12.93668	103.19	m	4.246	-0.822	K0II-III	1.305
HD 79181	HR 3653|HIP 45158	137.99474	-19.74763	103.23	m	5.824	0.755	G8 III	1.116
65 Ari	HD 21050|HR 1027|HIP 15870	51.10882	20.80349	103.29	m	6.056	0.986	A0V	-0.027
7 Tau	HD 22091|HR 1086|HIP 16664	53.61095	24.4645	103.33	m	6.085	1.014	A3V	0.126
HD 94402	HR 4253|HIP 53273	163.43214	-2.12921	103.34	m	5.556	0.485	G8 III	1.113
HD 183552	HR 7411|HIP 96141	293.22425	-53.18562	103.34	m	5.782	0.711	FM DELTA DEL	0.332
55 Dra	HD 179933|HR 7290|HIP 94140	287.44086	65.97851	103.38	m	6.254	1.182	A 0 V	0.014
45 Aql	HD 185762|HR 7480|HIP 96807	295.18051	-0.62126	103.38	m	5.65	0.578	A2 V	0.11
HD 65273	HR 3105|HIP 38656	118.72217	-57.30281	103.39	m	5.762	0.69	K3/4 III	1.56
16 Vir	HD 107328|HR 4695|HIP 60172	185.08742	3.31257	103.41	m	5.093	0.02	K1 III	1.378
HD 113778	HR 4941|HIP 63972	196.64617	-41.58844	103.41	m	5.705	0.632	K0 II/III	1.225
HD 218639	HR 8816|HIP 114371	347.45646	-14.51055	103.42	m	6.424	1.351	A0 V	0.016
61 Cet	HD 12641|HR 610|HIP 9631	30.95071	-0.34025	103.54	m	6.038	0.962	K0 III + F/G	0.983
HD 117651	HR 5093|HIP 66152	203.39946	-65.63267	103.55	m	6.35	1.274	A0 V	-0.018
HD 151199	HR 6226|HIP 81840	250.74359	55.69012	103.58	m	6.183	1.107	A5P	0.093
46 Vir	HD 112992|HR 4925|HIP 63494	195.14978	-3.3685	103.66	m	6.176	1.098	K1 III	1.329
HD 71088	HR 3303|HIP 41676	127.44248	67.29744	103.69	m	5.992	0.913	G 8 III	1.125
HD 65066	HR 3097|HIP 38868	119.31616	8.64122	103.71	m	6.133	1.054	K0III	1.153
HD 162757	HR 6666|HIP 87540	268.26475	-10.89956	103.73	m	6.301	1.222	K1 V	1.317
HD 42083	HR 2172|HIP 29404	92.9413	52.64719	103.75	m	6.289	1.209	A 4 V	0.174
HD 104600	HR 4597|HIP 58720	180.65705	-69.19229	103.78	m	5.864	0.783	B9 V	-0.08
58 Leo	HD 95345|HR 4291|HIP 53807	165.1402	3.6175	103.79	m	4.968	-0.113	K1 III	1.374
13 Vul	HD 188260|HR 7592|HIP 97886	298.36538	24.0796	103.8	m	4.631	-0.45	A0III	-0.068
Gl 9327	HD 89822|HR 4072|HIP 50933	156.03269	65.56642	103.82	m	4.923	-0.158	A0P	-0.041
3 Hya	HD 72968|HR 3398|HIP 42146	128.8675	-7.98229	103.86	m	5.713	0.631	Ap SrEuCr	-0.014
86 Vir	HD 119853|HR 5173|HIP 67172	206.48464	-12.42652	103.86	m	5.661	0.579	G8 III	1.076
HD 120084	HR 5184|HIP 66903	205.66333	78.06444	103.87	m	6.012	0.93	K0	1.178
HD 18885	HR 912|HIP 14110	45.48383	-9.96141	103.87	m	5.96	0.877	K1 III	1.288
HD 160315	HR 6575|HIP 86391	264.78544	2.02805	103.87	m	6.366	1.283	K0 III	1.182
16 Aqr	HD 203222|HR 8160|HIP 105412	320.268	-4.56012	103.88	m	5.951	0.868	G8 III	1.063
HD 107655	HR 4705|HIP 60327	185.54511	24.77386	103.9	m	6.163	1.08	A0V	0.014
HD 90518	HR 4099|HIP 51077	156.54097	-42.73849	103.92	m	6.252	1.169	K1 III	1.33
HD 4778	HR 234|HIP 3919	12.57611	45.00225	103.97	m	6.124	1.04	A0P	0.048
HD 153956	HR 6330|HIP 83138	254.83964	56.6886	104.01	m	6.171	1.086	K0	1.368
HD 169570	HR 6899|HIP 90930	278.23058	-73.9656	104.01	m	5.999	0.914	K0 III	1.158
Gl 366.1B		146.04905	-27.76903	104.06	e	5.6	0.514	F8 V	
HD 107696	HR 4706|HIP 60379	185.70596	-57.67613	104.07	m	5.351	0.264	B7 VN	-0.103
HD 40020	HR 2076|HIP 28139	89.20604	11.52106	104.08	m	6.009	0.922	K 2 III	1.317
HD 30197	HR 1517|HIP 22176	71.57012	18.73469	104.08	m	6.118	1.031	K0	1.44
HD 219291	HR 8838|HIP 114725	348.59049	29.77183	104.08	m	6.448	1.361	F 5 IV	0.484
HD 36162	HR 1832|HIP 25790	82.60902	15.36046	104.09	m	5.948	0.861	A3V	0.119
HD 75649	HR 3516|HIP 43394	132.59015	-28.61762	104.11	m	6.157	1.07	B9 V	-0.071
131 Tau	HD 38545|HR 1989|HIP 27316	86.8048	14.48832	104.17	e	5.73	0.641	A3V	0.078
HD 19826	HR 953|HIP 14757	47.64744	-23.73856	104.17	m	6.481	1.392	K0 III	1.081
