HD 109159	HIP 61218	188.17178	-17.22068	101.95	m	8.063	3.021	G6 IV	0.977
HD 160415	HIP 86647	265.5612	-48.6423	101.95	m	8.162	3.12	F5 V	0.374
HD 60183	HIP 36771	113.44736	13.40803	101.95	m	7.994	2.952	G0	0.708
HD 59305	HIP 36085	111.52554	-56.95641	101.95	m	8.656	3.614	F6 V	0.555
HD 196645	HIP 101848	309.58718	13.33141	101.96	m	7.898	2.856	K0	1.037
HD 219585	HIP 115072	349.61236	-74.51621	101.96	m	8.033	2.991	F6 V	0.529
HD 46684	HIP 31122	97.95853	-53.26231	101.96	m	8.741	3.699	G0 V	0.674
HD 77301	HIP 44217	135.09739	-39.46984	101.96	m	8.963	3.921	G2/3 V	0.673
HD 22512	HIP 16847	54.19889	-14.09938	101.97	m	8.167	3.125	G8 IV	0.937
HD 215192	HIP 112187	340.82635	17.25131	101.97	m	7.961	2.919	F2	0.375
HD 47619	HIP 31690	99.45911	-36.11385	101.97	m	7.866	2.824	F5 V	0.553
HD 118258	HIP 66410	204.2285	-56.15683	101.98	m	8.148	3.105	G6 V	0.957
HD 209829	HIP 109274	332.06953	-63.50515	101.98	m	7.748	2.705	F3 V	0.444
HD 219553	HIP 114933	349.20711	-21.20309	101.99	m	7.369	2.326	K0 III	1.203
HD 49377	HIP 32307	101.17846	-57.44029	102	m	8.601	3.558	F5/6 V	0.509
HD 106867	HIP 59924	184.38002	-42.95688	102	m	8.912	3.869	G0 V	0.617
HD 163366	HIP 87799	269.03602	-6.67226	102	m	8.254	3.211	F3 V	0.474
HD 142704	HIP 78103	239.21332	-22.22005	102	m	8.718	3.675	F3 V	0.518
HD 3089	HIP 2688	8.53458	5.95789	102.01	m	7.687	2.644	F2	0.459
HD 88654	HIP 50061	153.31844	-8.44555	102.01	m	7.778	2.735	G8 IV	0.995
HD 30582	HIP 22624	73.01741	56.42328	102.03	m	8.129	3.085	F5	0.534
HD 178971	HIP 94071	287.2581	38.89985	102.04	m	8.409	3.365	F5	0.464
HD 17310	HIP 12953	41.64151	-6.70189	102.04	m	7.822	2.778	F0 V	0.387
HIP 66398		204.20138	-26.49798	102.04	m	6.596	1.552	A2	0.267
HD 91394	HIP 51763	158.63761	56.16403	102.05	m	8.035	2.991	F 6/7V	0.477
HD 62338	HIP 37358	115.02668	-59.22977	102.05	m	8.763	3.719	F8 V	0.586
HD 89943	HIP 50925	156.00841	51.91696	102.05	m	8.966	3.922	F8	0.589
HD 208125	HIP 108106	328.55005	-5.35296	102.05	m	7.478	2.434	F3 V	0.463
HD 95407	HIP 53784	165.06693	-43.25151	102.06	m	7.625	2.581	F5 V	0.499
HD 718	HIP 922	2.87221	-18.7069	102.07	m	8.515	3.47	F3 V	0.507
HD 98229	HIP 55242	169.69892	63.5212	102.07	m	8.227	3.182	F2	0.419
HD 211733	HIP 110166	334.71868	16.25796	102.08	m	6.916	1.871	A 3 III	0.127
HD 124370	HIP 69275	212.72104	62.52221	102.09	m	8.325	3.28	F2IV	0.399
HD 177104	HIP 93909	286.83172	-62.14721	102.09	m	8.082	3.037	F5 V	0.456
HD 206916	HIP 107424	326.3707	-2.95013	102.09	m	8.319	3.274	F2 V	0.435
HD 290	HIP 626	1.90799	40.14795	102.1	m	6.839	1.794	G5	1.102
HD 22497	HIP 16589	53.39376	-62.64047	102.12	m	7.444	2.398	F0 IV	0.37
HD 60734	HIP 36702	113.2455	-55.15937	102.13	m	8.152	3.106	F6/7 IV/V	0.534
HD 82314	HIP 46617	142.5913	-31.54996	102.16	m	7.214	2.168	F2 IV	0.377
HD 162056	HIP 87202	267.241	4.96755	102.16	m	7.562	2.516	F0 V	0.464
HD 102089	HIP 57247	176.08158	-73.30428	102.17	m	8.937	3.89	G0 V	0.726
HD 124085	HIP 69227	212.60752	39.52629	102.17	m	8.094	3.047	K0	1.133
HD 110680	HIP 62102	190.90789	25.68013	102.17	m	7.653	2.606	A 9 III	0.343
HD 132249	HIP 73458	225.1872	-59.81177	102.19	m	7.367	2.32	F5 V	0.514
HD 72793	HIP 42179	128.98123	31.81578	102.19	m	8.975	3.928	G0	0.663
HD 212141	HIP 110423	335.49757	9.69844	102.19	m	8.352	3.305	G5	0.724
HD 220841	HIP 115678	351.54928	70.68547	102.2	m	6.685	1.638	A2	0.31
HD 92860	HIP 52417	160.72654	-22.50878	102.21	m	7.987	2.94	F3 V	0.451
HD 145658	HIP 79496	243.34307	-32.13026	102.21	m	7.916	2.869	F3 V	0.423
HD 86966	HIP 49228	150.73364	37.89342	102.22	m	8.35	3.302	F5	0.558
HD 9313	HIP 7134	22.97858	16.04696	102.22	m	7.919	2.871	G5	1.133
HD 121389	HIP 67883	208.54513	41.54375	102.22	m	8.428	3.38	F8	0.456
HD 130904	HIP 72738	223.0646	-44.92716	102.24	m	7.261	2.213	F6 V	0.589
HD 13626	HIP 10277	33.07976	-26.63998	102.25	m	8.849	3.801	G1 V	0.658
HD 222440	HIP 116815	355.12968	24.69491	102.26	m	7.941	2.893	F5	0.458
HD 218243	HIP 114175	346.82893	-60.87634	102.26	m	8.563	3.515	F3 V	0.437
HD 49011	HIP 32568	101.94145	31.70272	102.26	m	8.088	3.039	F8	0.644
HD 8353	HIP 6256	20.05955	-72.74929	102.26	m	7.494	2.445	A9/F0 IV	0.327
HD 118006	HIP 66197	203.5286	0.49906	102.28	m	8.867	3.818	G1 V	0.652
HD 20484	HIP 15239	49.13636	-35.69118	102.29	m	7.046	1.997	A3 V	0.162
HD 219293	HIP 114749	348.66591	19.26345	102.3	m	8.82	3.771	F8	0.568
HD 116856	HIP 65526	201.48265	31.86128	102.3	m	8.31	3.261	G 0 III	0.598
HD 212804	HIP 110917	337.07418	-56.5119	102.3	m	8.876	3.827	G0 V	0.644
HD 80425	HIP 45758	139.96324	5.21604	102.31	m	6.649	1.599	A5	0.271
HD 218115	HIP 114021	346.36479	1.76263	102.31	m	8.631	3.581	F5 V	0.527
HD 136291	HIP 74944	229.71399	29.91748	102.32	m	7.868	2.818	F2	0.392
HD 94927	HIP 53577	164.40762	15.76124	102.32	m	7.942	2.892	F2	0.461
HD 19961	HIP 15111	48.7293	56.30479	102.33	m	8.674	3.624	G5	0.736
HD 23121	HIP 17288	55.51724	-17.14592	102.33	m	7.845	2.795	F5 V	0.508
HD 83890	HIP 47582	145.52863	28.69167	102.33	m	8.474	3.424	F0	0.435
HD 10828	HIP 8283	26.6833	33.16259	102.33	m	8.959	3.909	F8	0.498
HD 135385	HIP 74589	228.61023	10.80876	102.33	m	8.695	3.645	F8	0.539
HD 199407	HIP 103456	314.41623	-24.48921	102.34	m	8.288	3.238	F5 V	0.522
HD 83394	HIP 47437	144.99622	53.49696	102.35	m	7.542	2.492	K0	1.046
HD 130303	HIP 72187	221.47223	44.40865	102.35	m	8.892	3.841	F8	0.486
HD 114109	HIP 64092	197.01303	26.94694	102.35	e	8.396	3.345	F 9 V	0.595
HD 223442	HIP 117504	357.42292	-48.08028	102.35	e	8.646	3.595	F8 V	0.613
HD 138310	HIP 76020	232.90878	-11.24377	102.36	m	8.509	3.458	F8 V	0.557
HD 217488	HIP 113759	345.56679	-64.29797	102.37	m	7.684	2.633	F2/5 IV/V + A7/9	0.351
HD 172339	HIP 90461	276.88952	79.79489	102.38	m	8.346	3.295	G5	0.555
HD 106906	HIP 59960	184.47162	-55.97553	102.38	m	7.849	2.798	F5 V	0.474
HD 197104	HIP 102077	310.30081	12.65198	102.39	m	8.697	3.646	G5	0.673
HD 67150	HIP 39749	121.85863	19.81766	102.39	m	7.754	2.703	F8	0.642
HD 43138	HIP 29467	93.13077	-43.00633	102.39	m	7.821	2.77	F3 V	0.419
HD 198298	HIP 102941	312.84847	-50.64941	102.4	m	8.377	3.326	F3 V	0.467
HD 63585	HIP 37411	115.21193	-77.27101	102.4	m	8.861	3.809	F7 V	0.61
HD 209348	HIP 108827	330.70162	-2.47898	102.41	m	8.572	3.52	F8 V	0.61
HD 176250	HIP 93585	285.89241	-62.62806	102.42	m	8.339	3.287	F5 V	0.501
HD 175806	HIP 93028	284.26866	1.50045	102.44	m	7.651	2.599	F5 V	0.598
HD 175862	HIP 94304	287.9251	-81.41284	102.44	m	7.633	2.581	F0/2 V	0.411
HD 192949	HIP 100305	305.15944	-58.72951	102.45	m	7.234	2.182	A2MA5-F0	0.201
HIP 21789		70.20514	-62.80091	102.46	m	8.824	3.771	F6/7 V	0.564
HD 7230	HIP 5673	18.22363	22.83838	102.46	m	8.398	3.345	F5	0.442
HD 214634	HIP 111998	340.28602	-64.14764	102.46	m	8.555	3.502	F6 V	0.504
HD 126516	HIP 70566	216.51288	-0.69174	102.47	m	8.357	3.304	F2/3 V	0.466
HD 122882	HIP 67437	207.31479	85.7478	102.47	m	7.344	2.291	F0	0.446
HD 202565	HIP 105276	319.85441	-62.15284	102.48	m	8.924	3.871	G3/5 V	0.822
HD 7077	HIP 5538	17.75481	-11.38358	102.48	m	8.266	3.213	G2 V	0.638
HD 36823	HIP 26161	83.66009	6.12687	102.48	m	7.76	2.707	A2	0.272
HD 138076	HIP 75852	232.40464	1.75862	102.48	m	8.474	3.421	F6 V	0.565
HD 58431	HIP 36059	111.47086	6.71326	102.49	m	7.879	2.826	F0	0.328
HD 103253	HIP 57966	178.34565	-16.59275	102.49	m	7.638	2.585	F0 V	0.306
HD 23674	HIP 17901	57.43182	54.71549	102.5	m	8.279	3.225	F2III	0.47
HD 28880	HIP 21226	68.29115	4.97013	102.5	m	8.786	3.732	F6 V	0.521
HD 179939	HIP 94512	288.54185	7.76409	102.5	m	7.248	2.194	A3	0.178
HD 94262	HIP 53023	162.72584	-68.3624	102.51	m	8.301	3.247	F7 V	0.595
HD 221669	HIP 116363	353.6892	-70.06998	102.51	m	8.554	3.5	F8 V	0.582
HD 5110	HIP 4239	13.52545	66.43555	102.52	m	7.102	2.048	F0	0.393
HD 24163	HIP 18936	60.8796	81.57667	102.52	m	7.696	2.642	F5	0.458
HD 214825	HIP 111943	340.12779	20.04148	102.52	m	7.405	2.351	F 3 V	0.419
HD 22328	HIP 16813	54.10143	20.06761	102.53	m	7.542	2.488	F5	0.52
HIP 102173		310.54273	47.17906	102.53	m	8.552	3.498	F5II	0.527
HD 15533	HIP 11930	38.49361	71.29426	102.54	m	6.675	1.621	K0	1.496
HD 108991	HIP 61133	187.91051	-30.98189	102.55	m	6.847	1.792	K1 III	1.238
HD 6497	HR 316|HIP 5240	16.75073	56.93497	102.55	m	6.536	1.481	K2III+	1.418
HD 176794	HIP 94208	287.68563	-76.40468	102.55	m	7.064	2.009	K0 III/IV	1.169
HD 45738	HIP 30696	96.74662	-44.12276	102.56	m	8.009	2.954	F5 V	0.518
HD 176071	HIP 92962	284.09219	45.50705	102.56	m	8.386	3.331	F8	0.525
HD 119119	HIP 66876	205.58989	-47.25013	102.57	m	8.166	3.111	F7/8 V	0.635
HD 188594	HIP 97996	298.73382	26.05521	102.57	m	7.928	2.873	F8	0.448
HD 15118	HIP 11331	36.4575	-10.62692	102.58	m	8.009	2.954	F2/3 V	0.34
HD 2202	HIP 2028	6.43103	-50.8381	102.58	m	8.393	3.338	F0(P SR)	0.419
HD 107912	HIP 60498	186.0443	-28.55558	102.58	m	8.836	3.781	F3/5 V	0.48
HD 131399	HIP 72940	223.60545	-34.14278	102.59	m	7.086	2.031	A1 V	0.104
HD 109552	HIP 61442	188.86665	28.83747	102.59	m	8.146	3.091	F8IV	0.693
HD 119832	HIP 67191	206.54458	-35.17276	102.59	m	8.326	3.27	F2/3 V	0.458
HD 186812	HIP 97661	297.72327	-64.34922	102.59	m	8.36	3.304	F6 V	0.502
HD 109741	HIP 61560	189.20305	20.2378	102.6	m	7.603	2.547	F 6 IV	0.523
HD 106732	HIP 59928	184.38857	-84.29056	102.6	m	8.549	3.493	F5 V	0.466
HD 207896	HIP 108232	328.89263	-70.06832	102.6	m	6.651	1.595	A8/9 V	0.279
HIP 31560		99.09012	-18.66043	102.61	m	7.379	2.323	F3IV-V	0.477
HD 12439	HIP 9408	30.22041	-43.83108	102.61	m	8.226	3.17	F7 V	0.558
HD 80272	HIP 45739	139.87514	25.18251	102.62	m	8.315	3.259	F5	0.453
HD 21062	HIP 15902	51.20406	28.65254	102.62	m	7.139	2.083	A0	0.149
HD 104781	HIP 58823	180.96928	76.06677	102.62	m	7.724	2.668	A3	0.282
HD 18003	HIP 13315	42.84094	-55.07472	102.64	m	8.404	3.347	G3 VW	0.738
HD 102826	HIP 57730	177.5778	-7.37595	102.67	m	7.758	2.701	F5 V	0.507
HD 206032	HIP 106951	324.91361	-12.62219	102.67	m	8.531	3.474	G2 V	0.707
HD 152106	HIP 82312	252.27253	48.23548	102.68	m	7.508	2.451	A5	0.254
HD 209712	HIP 109053	331.38499	-7.69524	102.68	m	8.053	2.996	F3 V	0.493
HD 10682	HIP 8151	26.19859	25.79658	102.68	m	7.887	2.83	A3	0.402
HD 184106	HIP 96019	292.84247	36.70485	102.69	m	8.916	3.858	G0	0.541
HD 206149	HIP 107067	325.26646	-35.64497	102.7	m	8.607	3.549	F2 V	0.433
HD 90242	HIP 50966	156.15321	-19.09249	102.71	m	8.154	3.096	F5 V	0.487
HD 4520	HIP 3640	11.65973	-54.10148	102.71	m	7.849	2.791	F3 V	0.436
HD 23069	HIP 17194	55.23274	-31.87066	102.72	m	8.224	3.166	F0 V	0.396
HD 88935	HIP 50318	154.1301	45.04351	102.73	m	7.291	2.233	F5	0.565
HD 12591	HIP 9723	31.26605	55.62226	102.73	m	6.554	1.496	F 2 III	0.324
HD 187394	HIP 97900	298.43298	-63.57282	102.73	m	7.591	2.533	A9 III	0.304
HD 201477	HIP 104840	318.5741	-70.85805	102.73	m	7.95	2.891	F6 V	0.524
HD 213559	HIP 111203	337.93285	34.66482	102.75	m	8.018	2.959	F5	0.413
HD 40567	HIP 28808	91.22774	66.94286	102.76	m	7.891	2.832	F5IV	0.435
HD 173263	HR 7037|HIP 92157	281.74628	-50.09464	102.76	m	6.572	1.513	A9 IV	0.3
HD 166960	HR 6813|HIP 89288	273.29166	-4.01161	102.77	m	6.608	1.549	A2mA5/7-F2	0.289
HD 88868	HIP 50202	153.73621	-8.74056	102.77	m	8.757	3.698	F5 V	0.536
HD 138138	HIP 76001	232.82171	-33.81986	102.77	e	7.03	1.971	A2/3 V	0.158
HD 6819	HIP 5302	16.95287	-55.96989	102.78	m	8.398	3.339	G2 V	0.649
HD 39911	HIP 28002	88.85371	-4.82562	102.78	m	7.081	2.021	A0/1 IV/V	0.14
HD 152138	HIP 82872	254.04188	-65.31049	102.78	m	8.118	3.058	F7 IV/V	0.582
HD 63854	HIP 38068	117.0205	-54.41822	102.79	m	8.882	3.822	F8 V	0.603
HD 204268	HIP 105965	321.91046	-11.66694	102.8	m	7.075	2.015	F5 V	0.485
HD 147587	HIP 80128	245.33629	35.8977	102.8	m	8.642	3.582	F8	0.481
HD 2953	HIP 2597	8.24721	18.39516	102.81	m	7.621	2.561	F2	0.421
HD 15583	HIP 11691	37.69916	13.42967	102.81	m	8.986	3.926	F8	0.525
HD 224576	HIP 118230	359.72148	39.11106	102.81	m	7.295	2.235	F2	0.385
HD 204395	HIP 106083	322.33037	-38.82772	102.82	m	8.266	3.206	F3 V	0.457
HD 224996	HIP 188	0.6027	6.33301	102.82	m	8.685	3.625	F5	0.514
HD 137589	HIP 75449	231.20868	51.21024	102.83	m	8.923	3.862	F8	0.554
HD 174785	HIP 92899	283.93198	-58.24283	102.83	m	8.367	3.306	F3 IV/V	0.393
HD 121387	HIP 68246	209.57318	-72.32372	102.83	m	8.66	3.599	F5WA9 (V)	0.443
HD 92469	HIP 52244	160.11044	-13.28114	102.84	m	8.442	3.381	F5 V	0.494
HD 51804	HIP 34114	106.10493	68.89595	102.85	m	8.138	3.077	F8	0.574
HD 7867	HIP 6068	19.46899	-36.52949	102.86	m	8.661	3.6	F5 V	0.504
HD 152585	HR 6278|HIP 82737	253.66761	-11.79246	102.87	m	6.585	1.524	A1 IV	0.177
HD 121198	HIP 67838	208.43539	12.68012	102.87	m	8.636	3.575	F8	0.523
Gl 3177	HD 17169|HIP 12778	41.0541	-36.30743	102.87	m	7.205	2.144	G5 V	0.835
HD 105854	HIP 59393	182.76521	-50.00915	102.88	m	8.735	3.673	F6 V	0.559
HD 139724	HIP 76610	234.6771	31.55185	102.88	m	7.245	2.183	A3	0.263
HD 195536	HIP 101357	308.13169	-16.6096	102.88	e	7.187	2.125	F0/2 IV/V	0.342
HD 105283	HIP 59120	181.84548	-43.24651	102.88	m	7.251	2.189	F3 IV	0.44
HD 18819	HIP 14035	45.18135	-27.64183	102.89	m	7.684	2.622	F8 V	0.656
Gl 740.1	HD 176982|HIP 93518	285.68498	-0.71122	102.89	m	8.437	3.375	G5 V	0.838
HD 84123	HIP 47752	146.02864	42.05087	102.89	m	6.875	1.813	F0P	0.322
HD 205195	HIP 107949	328.04101	-85.83789	102.9	m	8.608	3.546	F7V	0.514
HD 14147	HIP 10701	34.43916	18.455	102.9	m	7.446	2.384	F0	0.334
HD 20895	HIP 15606	50.24249	-33.55638	102.9	m	8.478	3.416	F6/7 V	0.571
HD 9404	HIP 7099	22.87324	-44.65609	102.91	m	7.909	2.847	F3 V	0.427
HD 126990	HIP 70735	216.99226	35.5772	102.91	m	7.541	2.479	K0	1.081
HD 40403	HIP 28181	89.31692	-28.43913	102.91	m	8.983	3.921	G3 IV/V	0.77
HD 193402	HIP 100358	305.30048	-32.73943	102.92	m	7.715	2.653	F3 V	0.45
HD 223025	HIP 117223	356.51317	-26.8179	102.92	m	8.679	3.617	K0/1 V	1.097
HD 20079	HIP 15054	48.50198	10.45334	102.92	m	8.522	3.46	G0	0.61
HD 2222	HIP 2049	6.49291	-28.27349	102.92	m	8.956	3.894	G5 V	0.75
HD 118406	HIP 66350	203.99291	45.0152	102.92	m	8.151	3.088	F5	0.495
HD 8953	HIP 6768	21.75992	-55.08182	102.93	m	8.232	3.169	F6 V	0.473
HD 3611	HIP 3001	9.53482	-66.04282	102.94	m	7.44	2.377	G0 V	0.633
HD 181493	HIP 95025	290.02338	14.63671	102.94	m	8.511	3.448	F5	0.424
HD 199974	HIP 103688	315.16963	-5.35793	102.96	m	8.336	3.273	F0 V	0.387
HD 43771	HIP 30275	95.52007	60.77803	102.96	m	7.449	2.386	A2	0.242
HD 578	HIP 815	2.51076	-63.29677	102.96	m	8.192	3.129	F3 V	0.466
HD 117505	HIP 65942	202.78097	-25.65697	102.97	m	7.454	2.391	A4 IV	0.267
HD 62157	HIP 37785	116.22255	48.72823	102.97	m	8.157	3.093	F2	0.403
HD 85402	HIP 48334	147.78329	-18.65873	102.97	m	7.429	2.365	F6/7 V	0.528
HD 42169	HIP 28962	91.67978	-49.22213	102.97	m	7.234	2.17	F0 III/IV	0.363
HD 105234	HIP 59093	181.77302	-78.74111	102.97	m	7.498	2.434	A9 III/IV	0.298
HD 88223	HIP 49720	152.2737	-48.30652	102.97	m	6.781	1.717	F3/5 IV (+ A)	0.322
HD 204577	HR 8222|HIP 106143	322.49823	-19.14783	102.98	m	6.618	1.554	F3 V	0.428
HD 21743	HR 1065|HIP 16411	52.83648	27.57181	102.98	m	6.575	1.511	A 2 V	0.035
HD 216509	HIP 112957	343.14781	56.70979	102.99	m	7.458	2.394	G0	0.578
HD 121037	HIP 67870	208.52086	-43.93738	102.99	m	8.771	3.707	F5/6 V	0.549
HD 165240	HIP 88323	270.56978	51.63878	103	m	7.443	2.379	F0	0.336
HD 80914	HIP 46170	141.23457	59.99311	103.01	m	8.559	3.495	G0	0.582
HD 86203	HIP 48797	149.28332	3.33063	103.01	m	8.442	3.378	F6 V	0.607
HD 112747	HIP 63409	194.8868	-48.52622	103.01	m	8.851	3.787	F6/8 IV/V	0.49
HD 21913	HIP 16557	53.30075	33.35887	103.01	m	7.68	2.616	F2	0.469
HD 182239	HR 7357|HIP 95287	290.78426	14.92101	103.02	m	6.671	1.606	F 1 V	0.296
HD 44602	HIP 30328	95.6885	4.21034	103.03	m	6.884	1.819	A2 III	0.155
HD 220378	HIP 115469	350.86921	-28.67463	103.03	m	8.315	3.25	F3 V	0.487
HD 161502	HIP 86906	266.3636	11.1447	103.03	m	7.056	1.991	G 5 III	1.017
HD 4940	HIP 3990	12.82127	-13.11458	103.03	m	8.8	3.735	G2 V	0.624
HD 4035	HIP 3358	10.68498	-19.06981	103.03	m	8.794	3.729	F5 V	0.536
HD 180123	HIP 94468	288.40815	37.77539	103.03	m	8.573	3.508	G5	0.854
HD 107920	HIP 60513	186.07609	-58.97644	103.06	m	8.566	3.501	F3 V	0.433
HD 14083	HIP 10648	34.26543	17.31661	103.06	m	8.619	3.553	G0	0.523
HD 5143	HIP 4176	13.33121	4.08622	103.07	m	7.201	2.135	F0 V	0.385
HD 83906	HIP 47576	145.51054	23.32917	103.08	m	8.245	3.179	F8	0.595
HD 99662	HIP 55966	172.02968	23.19185	103.08	m	8.694	3.628	F5	0.484
HD 45595	HIP 31013	97.61766	43.9378	103.09	m	8.386	3.32	F5	0.534
HD 74793	HIP 43074	131.60204	10.59203	103.09	m	7.396	2.33	F8	0.55
HD 207363	HIP 107715	327.30305	-35.63874	103.09	e	8.262	3.196	F6/7 V	0.542
HD 82920	HIP 46825	143.13302	-60.52344	103.09	m	7.444	2.378	F8 III	0.622
HD 48954	HIP 32488	101.70557	16.77245	103.09	m	6.856	1.79	F5	0.48
HD 153720	HIP 82580	253.23015	75.39281	103.09	m	6.848	1.782	F0	0.351
HD 201941	HIP 104717	318.18885	2.64274	103.11	m	7.011	1.945	A2/3 V	0.17
HD 145424	HIP 79116	242.22819	45.35329	103.11	m	8.237	3.17	F5	0.38
HD 220807	HIP 115696	351.61384	40.38653	103.12	m	6.914	1.847	G 8 III-IV	1.127
HD 107821	HIP 60459	185.92583	-63.87007	103.12	m	7.434	2.367	A3 V	0.174
HD 165146	HIP 88516	271.13452	1.23763	103.12	m	7.627	2.56	A5 IV	0.449
HD 8786	HIP 6782	21.80973	39.65436	103.13	m	7.964	2.897	F0	0.472
HD 217155	HIP 113540	344.93449	-62.7721	103.13	m	7.242	2.175	F5 V	0.472
HD 141325	HIP 77473	237.27556	-18.70408	103.13	m	8.087	3.02	G3 V	0.837
HD 103354	HIP 58034	178.53217	18.16956	103.14	m	7.884	2.817	F8	0.546
HD 143707	HIP 78464	240.26628	26.17241	103.14	m	7.937	2.87	F2	0.465
HD 192706	HIP 100143	304.70792	-55.06694	103.15	m	8.89	3.823	F5 V	0.466
HD 131763	HIP 72945	223.62516	34.08743	103.15	m	8.692	3.625	G0	0.519
HD 36153	HIP 25651	82.19862	-24.26107	103.15	m	7.355	2.288	FM DELTA DEL	0.317
HD 128853	HIP 71697	219.99694	-27.13426	103.15	m	7.24	2.173	G8 III	1.119
HD 12011	HIP 9065	29.17617	-49.40793	103.15	m	8.617	3.55	F7/8 V	0.548
HD 216219	HIP 112821	342.71729	18.00212	103.16	m	7.523	2.456	G 0 IIP	0.717
HD 164394	HIP 87960	269.52242	52.21828	103.16	m	7.555	2.488	A2	0.272
HD 135517	HIP 74553	228.49675	43.04808	103.16	m	6.685	1.617	A5	0.207
HD 176225	HIP 93545	285.78848	-61.11448	103.16	m	8.624	3.556	F3 V	0.415
HD 104999	HIP 58963	181.35478	17.28931	103.17	m	7.672	2.604	F2	0.43
HD 166297	HIP 89127	272.84894	-33.32704	103.18	m	7.665	2.597	F5 V	0.518
HD 270	HIP 611	1.85587	-40.47957	103.18	m	8.605	3.537	K0 V	1.071
HD 202041	HIP 104851	318.5975	-32.5389	103.18	m	8.027	2.959	F8/G0 V	0.616
HD 92441	HIP 52210	160.00014	-23.62474	103.19	m	7.828	2.76	F2/3 IV/V	0.367
HD 219386	HIP 114800	348.82862	12.43771	103.2	m	7.692	2.624	F0	0.337
HD 104231	HIP 58528	180.03919	-57.11722	103.2	m	8.596	3.528	F5 V	0.528
HD 114098	HIP 64133	197.16399	-23.1065	103.21	m	6.812	1.743	K1 III	1.317
HIP 16410		52.83288	27.57179	103.23	m	6.93	1.861	A0	0.105
HD 214306	HIP 111705	339.42789	-29.04449	103.23	m	8.049	2.98	F6 V	0.492
HD 37513	HIP 25760	82.51327	-76.24871	103.24	m	8.308	3.239	F8 V	0.603
HD 154287	HIP 83687	256.54968	-38.62518	103.24	m	8.364	3.295	F3 V	0.432
HD 4910	HIP 3939	12.6461	-47.1431	103.25	m	8.503	3.434	F5 V	0.47
HD 219699	HIP 115018	349.42602	31.03002	103.25	m	7.053	1.984	F0	0.335
HD 203918	HIP 105617	320.87206	50.52356	103.25	m	8.189	3.119	F8II	0.614
HD 127741	HIP 71142	218.24194	6.93302	103.26	m	7.54	2.47	K0	1.034
HD 55694	HIP 34841	108.14754	-31.08121	103.27	m	8.982	3.912	F5/6 V	0.555
HD 116832	HIP 65553	201.59257	-13.05686	103.28	m	8.898	3.828	F7 V	0.648
HD 108857	HIP 61049	187.69281	-58.18799	103.28	m	8.657	3.587	F7 V	0.57
HIP 96667		294.80404	-16.90787	103.29	m	7.169	2.099	A7/9 V + A3/5	0.29
HD 27831	HIP 20633	66.33272	39.05251	103.29	m	8.306	3.236	G0	0.744
HD 109204	HIP 61240	188.24535	-0.27347	103.29	m	8.322	3.252	F0 V	0.441
HD 17695	HIP 13686	44.06967	75.65195	103.29	m	7.919	2.849	F2	0.392
HD 11875	HIP 9215	29.62404	58.11211	103.3	m	8.434	3.363	F5	0.429
HD 176523	HIP 92677	283.26869	74.08827	103.3	m	7.526	2.455	G5	1.159
HD 54182	HIP 34521	107.29351	30.38697	103.3	m	7.919	2.848	F8	0.656
HD 73510	HIP 42479	129.90468	24.62044	103.32	m	8.962	3.891	F8	0.699
HD 85415	HIP 48453	148.1881	44.03443	103.33	m	8.766	3.695	F 7 V	0.503
HD 69265	HIP 40565	124.23604	21.9198	103.33	m	8.527	3.456	F8	0.594
HD 126057	HIP 70375	215.98224	-29.6763	103.35	m	6.939	1.868	A4 V	0.21
HIP 86056		263.80515	23.18952	103.35	m	8.882	3.81	F8	0.538
HD 199897	HIP 103671	315.08501	-11.00838	103.35	m	7.97	2.898	A5 II	0.343
HD 48890	HIP 32319	101.2122	-18.57049	103.36	m	7.093	2.021	A2MA7-A9	0.267
HD 172411	HIP 91690	280.46669	-39.67517	103.36	m	8.354	3.282	G3 V	0.775
HD 70208	HIP 40903	125.20033	1.38797	103.37	m	8.484	3.412	F7 V	0.579
HD 74566	HIP 40514	124.07146	-86.55729	103.37	m	6.762	1.69	A1 IV/V	0.059
HD 71187	HIP 41454	126.82797	35.81727	103.38	m	8.211	3.139	G5	0.65
HD 14955	HIP 12410	39.94997	85.05932	103.38	m	8.651	3.579	G5	0.694
HD 7488	HIP 5798	18.59783	-37.00716	103.39	m	8.266	3.194	F5 V	0.515
HD 190172	HR 7661|HIP 98809	301.005	-7.46947	103.4	m	6.728	1.655	F3 II	0.375
HD 9023	HIP 6948	22.36524	30.89452	103.4	m	8.056	2.983	F5	0.546
HD 28203	HIP 20132	64.7527	-75.71806	103.4	m	8.551	3.478	G8 IV/V	0.948
HD 25895	HIP 19187	61.68447	17.66343	103.4	m	8.516	3.443	G0	0.529
HD 28819	HIP 21246	68.37035	24.27931	103.4	m	7.811	2.738	F0	0.344
HD 153620	HIP 83778	256.84096	-72.57562	103.41	m	8.169	3.096	F6 V	0.523
HD 204922	HIP 106233	322.76344	30.13415	103.41	m	8.208	3.135	F2	0.411
HD 155702	HIP 84299	258.52185	-22.57769	103.42	m	8.928	3.855	F3/5 V	0.493
HD 92823	HIP 52465	160.87585	28.68587	103.42	m	8.386	3.313	G 0 V	0.639
HD 12985	HIP 9806	31.54435	-37.81132	103.42	m	8.822	3.749	F7 V	0.577
HD 12468	HR 598|HIP 9690	31.16639	65.1035	103.43	m	6.513	1.44	A 0 V	-0.003
HD 212575	HIP 110717	336.4793	-35.66083	103.44	m	8.563	3.49	G0 V	0.557
HD 100081	HIP 56096	172.48435	-73.37537	103.44	m	8.45	3.377	F6 V	0.539
HD 160314	HIP 86379	264.76891	2.05418	103.44	m	7.779	2.706	F2 IV	0.421
HD 219242	HIP 114735	348.63061	-18.8766	103.45	m	8.548	3.474	F3 V	0.429
HD 166793	HIP 89373	273.58129	-43.15428	103.46	m	7.806	2.732	F2 V	0.439
HD 71926	HIP 41688	127.47989	0.01929	103.47	m	7.133	2.059	G6 IV/V	0.917
HD 173902	HR 7070|HIP 92350	282.32153	-34.74917	103.47	m	6.721	1.647	K2 IVCNIII	1.296
HD 11988	HIP 9050	29.14966	-44.81988	103.48	m	8.837	3.763	F6 V	0.519
HD 4195	HIP 3495	11.15637	26.76998	103.48	m	8.812	3.738	F8	0.436
HD 155546	HIP 84166	258.09396	-0.77389	103.48	m	7.84	2.766	F2 V	0.471
HD 110326	HIP 61902	190.28234	30.43713	103.48	m	6.976	1.902	AM	0.305
HD 141885	HIP 77772	238.21702	-37.39859	103.49	m	7.803	2.728	G3 V	0.708
HD 18754	HIP 13889	44.7131	-52.09598	103.5	m	8.513	3.438	F7/8 V	0.821
HD 93135	HIP 52632	161.44393	32.59732	103.51	m	7.476	2.401	F0	0.426
HD 191446	HIP 99281	302.30581	19.07315	103.51	m	7.052	1.977	K0	0.976
HD 87038	HIP 49146	150.46461	-28.67611	103.52	m	8.082	3.007	A3 (III)(M)	0.266
HD 14394	HIP 10892	35.04332	29.81176	103.52	e	8.425	3.35	F5	0.468
HD 218400	HIP 114204	346.92545	-9.66724	103.53	m	8.33	3.255	F0 V	0.349
HD 6244	HIP 4925	15.80093	-23.18074	103.54	m	8.757	3.681	F2 V	0.399
HD 106457	HIP 59717	183.71453	-51.7311	103.55	m	8.579	3.503	F8 V	0.663
HD 21852	HIP 16289	52.49143	-35.74863	103.57	m	7.253	2.177	A1MA3-A8	0.202
HD 67589	HIP 39904	122.25495	8.03949	103.57	m	7.777	2.701	F0	0.388
HD 75298	HIP 43525	132.97562	58.1267	103.58	m	8.425	3.349	F2	0.449
HD 185344	HIP 96666	294.80166	-16.90943	103.58	m	7.446	2.37	F2III	0.308
HD 81764	HIP 46389	141.88542	-3.79774	103.59	m	7.974	2.897	F5 V	0.509
HD 95595	HIP 53905	165.45018	-21.84189	103.59	m	8.373	3.296	F5 V	0.519
HD 82740	HIP 47084	143.92697	53.29455	103.61	m	8.439	3.362	F2	0.423
HD 1677	HIP 1688	5.28844	35.87883	103.61	m	7.389	2.312	A0	0.266
HD 82489	HIP 46837	143.16945	11.37866	103.61	m	8.829	3.752	F8	0.506
HD 101396	HIP 56921	175.0527	26.15348	103.62	m	8.275	3.198	K1V	1.134
HD 59831	HIP 36587	112.87682	-8.14364	103.62	m	8.243	3.166	F6 V	0.554
HD 116752	HIP 65434	201.16531	51.14445	103.62	m	8.865	3.788	G0	0.547
HD 10344	HIP 8145	26.18605	75.8722	103.62	m	7.284	2.207	F0	0.376
HD 176464	HIP 94191	287.63975	-78.05902	103.63	m	8.91	3.833	F8 V	0.537
HD 154135	HIP 83581	256.23449	-31.3727	103.63	m	8.566	3.489	G8 V	0.914
HD 34500	HIP 24730	79.54654	9.21646	103.63	m	7.421	2.344	A2	0.231
HD 114776	HIP 64347	197.84631	63.14616	103.65	m	7.557	2.479	F5	0.499
HD 204454	HIP 106116	322.41784	-38.34576	103.65	m	8.21	3.132	F2 V	0.448
HD 19104	HIP 14364	46.33361	29.54044	103.67	m	8.024	2.946	F5	0.474
HD 162752	HIP 87349	267.7296	37.70469	103.67	m	8.126	3.048	G0	0.482
HD 101857	HIP 57166	175.8651	18.25617	103.67	m	8.586	3.508	F5	0.464
HD 6758	HIP 5357	17.12069	17.65381	103.68	m	8.341	3.262	F0	0.432
HD 113726	HIP 63994	196.70731	-62.11117	103.68	m	8.754	3.675	F5 V	0.497
HD 221007	HIP 115967	352.4379	-76.32505	103.68	m	8.374	3.295	F3 V	0.443
HD 132122	HIP 73336	224.79422	-48.82621	103.69	m	7.274	2.195	F6/7 V	0.578
HD 72923	HIP 42324	129.43074	52.03083	103.69	m	7.883	2.804	K0	1.249
HD 178850	HIP 94085	287.29954	25.31761	103.69	m	8.107	3.028	F8	0.572
HD 3652	HIP 3090	9.8286	-1.96762	103.7	m	8.313	3.234	F0 V	0.389
HD 240236	HIP 114788	348.78452	56.29503	103.72	m	8.876	3.797	F8	0.538
HD 206553	HR 8294|HIP 112355	341.3759	-88.81829	103.72	m	6.585	1.506	F0 IV/V	0.314
HD 149145	HIP 81049	248.30469	-6.9495	103.72	m	8.781	3.702	F3 V	0.494
HD 33108	HIP 23938	77.16351	13.96637	103.72	m	8.978	3.899	G0	0.682
HD 42490	HIP 29039	91.89508	-55.70554	103.73	m	8.146	3.066	G6 V	0.82
HD 154256	HIP 83382	255.62459	41.19516	103.73	m	8.071	2.991	F2	0.457
HD 5651	HIP 4566	14.61016	24.52209	103.73	m	7.374	2.294	F8	0.527
HD 177294	HIP 93723	286.24984	-24.66697	103.75	m	8.188	3.108	F3 V	0.446
HIP 16927		54.46049	47.09404	103.75	m	8.966	3.886	G0	0.606
HD 99302	HIP 55781	171.44056	26.74722	103.75	m	7.339	2.259	A M	0.256
HD 197448	HIP 102299	310.91716	5.39021	103.75	m	6.701	1.621	A0	0.116
HD 6140	HIP 4826	15.50072	-40.21411	103.76	m	8.496	3.416	F0 V	0.323
HD 215082	HIP 112176	340.79595	-28.15125	103.77	m	8.173	3.093	F6 V	0.51
HD 124155	HIP 69610	213.69941	-68.7318	103.78	m	7.877	2.797	F0 IV	0.402
HD 112746	HIP 63403	194.89139	-48.52535	103.78	m	8.878	3.797	F5/7 IV/V	0.466
HD 100453	HIP 56354	173.27323	-54.32459	103.78	m	7.825	2.744	A9 V	0.325
HD 122196	HIP 68464	210.25884	-38.0509	103.78	m	8.76	3.679	F0 (V)W	0.415
HD 107823	HIP 60413	185.80593	42.89968	103.79	m	8.83	3.749	F5	0.483
HD 121746	HIP 68265	209.61653	-48.46488	103.8	m	7.203	2.122	F5 IV/V	0.511
HD 215249	HIP 112387	341.43637	-68.25391	103.81	m	8.361	3.28	F2 V	0.434
HD 180086	HIP 94627	288.84288	-6.04976	103.81	m	6.679	1.598	F0 V	0.341
HD 143108	HIP 78195	239.49183	14.52662	103.82	m	8.328	3.247	F2	0.432
HD 899	HIP 1072	3.32633	-20.6187	103.83	m	7.515	2.433	F5 IV/V	0.475
HD 219307	HIP 114727	348.59689	43.47604	103.84	m	8.197	3.115	F2	0.428
HD 176668	HR 7191|HIP 93053	284.32225	62.39677	103.85	m	6.591	1.509	G5IV+G8V	1.063
HD 116233	HIP 65224	200.49924	24.88232	103.85	m	7.104	2.022	A 9 III:	0.266
HD 182635	HR 7376|HIP 95370	291.02523	36.4521	103.85	m	6.564	1.482	K1III	1.252
HD 205497	HIP 106582	323.79996	21.40414	103.86	m	7.446	2.364	F8	0.542
HD 113457	HIP 63839	196.2585	-64.44158	103.88	m	6.628	1.545	A0 V	0.01
HD 199269	HIP 103327	314.00789	6.33248	103.89	m	8.277	3.194	F2	0.43
HD 59946	HIP 36138	111.66202	-69.57639	103.89	m	7.826	2.743	F6 V	0.562
HD 121579	HIP 68133	209.21961	-27.66182	103.89	m	7.951	2.868	F3 V	0.542
HD 134193	HIP 74127	227.23645	-11.79049	103.9	m	7.619	2.536	F0 V	0.396
HD 135861	HIP 75004	229.88534	-51.75963	103.9	m	8.352	3.269	F5 V	0.449
HD 212169	HIP 110304	335.12575	61.57754	103.91	m	8.178	3.095	F8	0.673
HD 63590	HIP 38287	117.66566	24.16102	103.91	m	7.092	2.009	F0	0.234
HD 49565	HIP 32710	102.36716	12.08821	103.91	m	7.772	2.689	F8	0.555
HD 43015	HIP 30033	94.79791	66.64974	103.91	m	8.78	3.697	G0	0.648
HD 15562	HIP 11710	37.78383	34.93055	103.92	m	7.99	2.906	F2	0.482
HD 171455	HIP 91324	279.40627	-50.14652	103.92	m	8.364	3.28	F3 V	0.463
HD 95757	HIP 54015	165.75219	-8.38986	103.92	m	8.477	3.393	F2 V	0.456
HD 92541	HIP 52314	160.33972	20.35397	103.93	m	8.858	3.774	G5	0.711
HD 133958	HIP 74157	227.28605	-50.86006	103.94	m	8.102	3.018	G6 III/IV	0.939
2 Com	HD 104827|HR 4602|HIP 58858	181.06814	21.45859	103.94	m	7.478	2.394	F0IV-V	0.312
HD 194684	HIP 100737	306.35978	41.9104	103.95	m	7.131	2.047	A2	0.257
HD 20655	HIP 15552	50.08853	23.68928	103.95	m	7.617	2.533	A5	0.254
HD 210988	HIP 109783	333.55935	-5.74628	103.96	m	7.912	2.828	F5 V	0.504
HD 106679	HIP 59829	184.02992	3.55996	103.97	m	8.091	3.007	F3/5 V	0.468
HD 46734	HIP 31535	99.02527	26.71456	103.97	m	8.803	3.718	F8	0.483
HD 42853	HIP 29285	92.61636	-48.95639	103.99	m	7.699	2.614	F5/6 IV/V	0.511
HD 152730	HIP 83135	254.83607	-63.62376	103.99	m	8.821	3.736	K0/2 (V)	1.198
HD 97321	HIP 54775	168.20651	56.40274	104	m	7.763	2.678	F2	0.428
HD 60290	HIP 36440	112.48665	-61.24954	104.01	m	7.724	2.639	F5 IV/V	0.538
HD 137834	HIP 75833	232.35874	-35.40229	104.01	m	8.619	3.534	F5 V	0.505
HD 130666	HIP 72360	221.94377	49.55969	104.01	m	8.776	3.691	G5	1.104
HD 62282	HIP 37164	114.55933	-67.44789	104.02	m	7.387	2.301	F3 V	0.439
HD 134885	HIP 74431	228.17446	-14.69393	104.02	m	8.137	3.051	F0 V	0.44
HD 155262	HIP 83532	256.07945	70.30389	104.04	m	8.285	3.199	F5	0.435
HD 206507	HIP 106888	324.74275	70.46288	104.04	m	8.088	3.002	F5V	0.569
HD 160861	HIP 86187	264.17545	68.38306	104.05	m	8.093	3.007	F5	0.466
HD 210404	HIP 109338	332.25593	48.51881	104.05	m	7.242	2.156	G5	0.908
HD 74590	HIP 42950	131.33204	15.04693	104.05	m	7.844	2.758	F8	0.596
HD 8838	HIP 6817	21.92666	35.40174	104.05	m	8.796	3.71	F5	0.521
HD 124423	HIP 69431	213.23386	30.11097	104.06	m	8.861	3.775	F 6 III	0.506
HIP 18395		58.99201	63.13977	104.06	e	8.749	3.663	G0	0.632
HD 39484	HIP 27698	87.97634	-25.21928	104.07	m	7.03	1.943	A1 V	0.113
HD 216293	HIP 112965	343.15895	-52.22533	104.08	m	8.229	3.142	F3/5 V	0.46
HD 5244	HIP 4318	13.81167	64.54578	104.08	m	7.604	2.517	A3	0.299
HD 143231	HIP 78386	240.04901	-26.17748	104.09	m	8.758	3.671	F5 V	0.524
HD 7967	HIP 6158	19.74205	-10.97428	104.09	m	8.282	3.195	G6 IV	0.797
HD 44775	HIP 30291	95.57781	-29.85956	104.09	m	8.325	3.238	F3 V	0.447
HD 112704	HIP 63216	194.28941	70.75529	104.09	m	7.753	2.666	F0	0.359
HD 211643	HIP 110021	334.2544	56.1766	104.1	m	7.147	2.06	A(M?)	0.132
HD 191598	HIP 99484	302.85406	-21.95059	104.1	m	8.386	3.299	F3 V	0.436
HD 172547	HIP 91686	280.45968	-24.35417	104.1	m	7.642	2.555	F2 IV	0.396
HD 237861	HIP 49389	151.24409	55.48561	104.11	m	8.917	3.83	K5	0.576
HD 91320	HIP 51581	158.03504	-31.84048	104.11	m	8.488	3.401	G1 V	0.629
HD 16338	HIP 12209	39.29731	-3.90798	104.11	m	8.485	3.398	F5 V	0.48
HD 287022	HIP 21954	70.77707	9.62043	104.12	m	8.68	3.592	F5	0.428
HD 9581	HIP 7107	22.89113	-69.99257	104.12	m	8.782	3.694	G0 V	0.617
HD 87095	HIP 49221	150.70517	-1.06784	104.12	m	6.827	1.739	K0 III	1.234
HD 93431	HIP 52763	161.82982	6.34623	104.12	m	7.153	2.065	A2	0.168
HD 22738	HIP 16898	54.35098	-46.97902	104.12	m	8.864	3.776	K2 III	1.275
HD 110500	HIP 61989	190.56197	45.87704	104.13	m	7.046	1.958	AM	0.294
HD 195289	HIP 101422	308.30529	-58.11235	104.14	m	7.929	2.841	G0 V	0.614
HD 206707	HIP 107351	326.13536	-24.91054	104.14	m	7.373	2.285	F6 V	0.505
HD 39642	HIP 28362	89.88315	68.14721	104.15	m	8.73	3.642	G5	0.555
HD 95422	HIP 53839	165.21153	-12.08153	104.15	m	8.134	3.046	F2 V	0.395
HD 208379	HIP 108221	328.86444	25.93279	104.17	m	8.603	3.514	G0V	0.631
HD 31517	HR 1583|HIP 22897	73.87575	-25.72776	104.17	m	6.724	1.635	A8 V + F(3)	0.294
HD 40440	HIP 28411	90.01029	28.74691	104.17	m	8.891	3.802	F 5 V	0.546
HD 196999	HIP 102134	310.44461	-28.76183	104.17	m	7.603	2.514	F3 V	0.422
HD 219610	HIP 115001	349.37291	-45.23224	104.18	m	7.829	2.74	G2/3 V	0.783
HD 120541	HIP 67495	207.46833	13.19195	104.19	m	6.679	1.59	A2	0.225
HD 169436	HIP 90240	276.18041	-1.87096	104.2	m	7.745	2.656	A9 V	0.35
HD 178686	HIP 93921	286.86073	45.92416	104.21	m	8.585	3.496	F8	0.571
HD 111815	HIP 62777	192.96722	17.91524	104.21	m	8.765	3.675	G5	0.469
HD 94745	HIP 53340	163.63787	-70.05499	104.21	m	8.631	3.541	F6 V	0.527
HD 108271	HIP 60678	186.5319	52.67662	104.21	m	8.35	3.26	F8	0.526
HD 176151	HIP 93415	285.37932	-51.64783	104.21	m	8.57	3.48	G5 V	0.773
HD 134586	HIP 74094	227.13838	53.26243	104.22	m	7.479	2.389	F0	0.346
HD 49930	HIP 32959	102.97241	26.40023	104.22	m	7.987	2.897	A3	0.282
HD 2730	HIP 2434	7.7567	43.37398	104.22	m	8.555	3.465	F7V	0.587
HD 182098	HIP 95529	291.47522	-54.09119	104.23	m	8.506	3.416	F5 V	0.44
HD 183081	HIP 95590	291.64174	31.33147	104.23	m	8.315	3.225	G0	0.397
HD 21400	HIP 16186	52.1258	40.17103	104.24	m	7.143	2.053	K0	1.286
HD 88828	HIP 50314	154.10229	56.76111	104.24	m	8.494	3.404	F 5 V	0.493
HD 78234	HR 3620|HIP 44825	137.01731	32.5404	104.25	m	6.505	1.415	F 3 V	0.387
HD 36360	HIP 25995	83.22198	36.31988	104.26	m	7.198	2.107	AM	0.318
HD 28630	HIP 21078	67.767	6.79132	104.27	m	7.232	2.141	G5	1.25
HD 132910	HIP 73366	224.89408	53.8602	104.27	m	6.858	1.767	F0	0.341
HD 125199	HIP 69931	214.66142	-29.33539	104.27	m	8.601	3.51	F5 V	0.549
HD 5043	HIP 4035	12.93548	-50.15245	104.28	e	8.787	3.696	F2 V	0.41
HD 168991	HIP 90128	275.88866	-26.17158	104.28	e	7.796	2.705	F8 V + F0/2	0.519
HD 67478	HIP 39442	120.94784	-66.34328	104.28	m	8.765	3.674	F5 V	0.472
HD 13354	HIP 10257	32.98084	49.59653	104.3	m	8.181	3.09	F5	0.421
HD 20707	HIP 15432	49.7206	-36.12709	104.3	m	8.223	3.132	F3 V	0.386
HD 118962	HIP 66782	205.30643	-46.0283	104.31	m	6.815	1.723	K0 III	1.198
HD 201980	HIP 104726	318.22167	7.6924	104.31	m	7.458	2.366	F2	0.448
HD 131787	HIP 73033	223.88799	0.73162	104.31	m	8.604	3.512	F3 V	0.452
HD 168092	HR 6849|HIP 89401	273.67083	56.58824	104.31	m	6.7	1.608	F 1 V	0.364
HD 136822	HIP 75335	230.8996	-27.26053	104.32	m	8.711	3.619	F6 V	0.601
HD 177345	HIP 94063	287.23813	-65.53351	104.32	m	7.582	2.49	F3 IV/V	0.419
HD 87745	HIP 49502	151.61177	-30.12021	104.33	m	8.882	3.79	G0 V	0.6
HD 116046	HIP 65175	200.34843	-22.79415	104.33	m	7.217	2.125	F3 IV	0.504
HD 159387	HIP 85759	262.86198	54.35578	104.33	m	7.22	2.128	A0	0.156
HD 146496	HIP 79833	244.43062	-29.79891	104.34	m	8.581	3.489	F5 V	0.47
HD 10020	HIP 7477	24.07207	-59.68443	104.34	m	8.319	3.227	F3 V	0.449
HD 116151	HIP 65317	200.80678	-62.87137	104.34	m	8.044	2.952	F5 V	0.517
HD 35987	HIP 25666	82.22581	9.44355	104.34	m	8.146	3.054	F8	0.739
HD 105785	HIP 59360	182.67529	-56.44231	104.34	m	6.964	1.872	A3 V	0.146
HD 182808	HIP 95522	291.45125	14.60863	104.34	m	8.241	3.149	F5	0.481
HD 208263	HIP 108418	329.45589	-67.12312	104.35	m	8.16	3.068	F0 IV	0.373
HD 92298	HIP 52109	159.70019	-40.67212	104.35	m	7.6	2.508	A5MA7-F0	0.316
HD 113416	HIP 63743	195.96326	-25.80189	104.35	m	7.795	2.702	F0/2 V	0.464
HD 12771	HIP 9852	31.68793	54.30667	104.35	m	8.108	3.015	F0	0.35
HD 165074	HIP 88455	270.89634	14.09259	104.36	m	7.686	2.593	F0	0.367
HD 181235	HIP 95020	290.01088	-9.41163	104.36	m	7.44	2.347	A9 V	0.359
HD 149237	HIP 81422	249.44255	-64.24933	104.36	m	7.715	2.622	K1 III	1.131
HD 24115	HIP 17488	56.1975	-71.70347	104.37	m	8.972	3.879	F6WF3 V	0.547
HD 41981	HIP 29238	92.46716	37.57108	104.37	m	8.012	2.919	F8	0.542
HD 126528	HIP 70758	217.06096	-60.12915	104.38	m	8.932	3.839	G3 IV	0.68
HD 86746	HIP 49150	150.46621	50.48077	104.38	m	7.986	2.893	F2	0.396
HD 24647	HIP 18269	58.62282	-18.07126	104.38	m	8.847	3.754	F6 V	0.537
HD 189769	HIP 98779	300.92415	-46.985	104.38	m	8.229	3.136	F5 V	0.505
HD 114356	HIP 64372	197.90432	-67.46612	104.38	m	8.689	3.596	F6 IV/V	0.51
HD 213213	HIP 111059	337.47293	-0.666	104.38	m	8.84	3.747	F5 V	0.504
HD 11100	HIP 8417	27.1497	-26.25365	104.38	m	7.135	2.042	F0 V	0.303
HD 94861	HIP 53624	164.56383	61.95048	104.4	m	8.509	3.416	G0	0.633
HD 141063	HIP 77394	236.98522	-25.98696	104.4	m	7.004	1.91	A1 IV	0.185
HD 9922	HIP 7518	24.20451	-7.45122	104.41	m	8.473	3.379	F3 V	0.457
HIP 43077		131.61225	49.12812	104.41	m	8.953	3.859	F8	0.542
HD 192405	HIP 99677	303.41618	27.53518	104.42	m	8.189	3.095	F7V	0.557
HD 127600	HIP 71118	218.14304	-9.75691	104.43	m	8.301	3.207	G0 V	0.709
HD 26212	HIP 19436	62.432	24.07294	104.43	m	7.401	2.307	A3	0.211
HD 73925	HIP 42586	130.19404	-4.22249	104.44	m	8.324	3.23	F2 V	0.443
HD 24014	HIP 17944	57.55507	16.00035	104.44	m	8.59	3.496	F5	0.453
HD 2348	HIP 2157	6.81104	-31.03722	104.45	m	8.733	3.638	F6 V	0.54
HD 85039	HIP 48271	147.62398	45.08368	104.45	m	7.463	2.368	F 3 III	0.427
HD 8929	HIP 6911	22.2532	51.68613	104.46	m	7.128	2.033	G5	1.183
HD 18173	HIP 13611	43.84665	10.45731	104.47	m	7.817	2.722	F0	0.322
HD 141628	HIP 77223	236.50575	65.58004	104.47	m	8.472	3.377	F8	0.515
HD 199938	HIP 103485	314.5017	56.11947	104.48	m	8	2.905	F0	0.453
HD 110285	HIP 61912	190.32498	-33.44436	104.48	m	8.601	3.506	F5 V	0.556
HD 66069	HIP 39517	121.14983	53.67852	104.49	m	7.066	1.971	A M	0.359
HD 192153	HIP 99710	303.49873	-17.67615	104.49	m	8.373	3.278	G8 V	0.97
HD 193248	HIP 100118	304.65007	21.52071	104.5	m	7.541	2.445	A M A5-F0	0.314
HD 91876	HIP 51949	159.19098	14.04544	104.5	m	8.279	3.183	F8	0.616
HIP 94195		287.65342	28.34801	104.5	m	8.779	3.683	F6V	0.516
HD 85964	HIP 48580	148.62058	-37.29011	104.51	m	7.57	2.474	F3 IV/V	0.433
HD 184384	HIP 96165	293.29619	27.38327	104.51	m	8.084	2.988	F 7 V WLS	0.534
HD 59923	HIP 36804	113.54043	42.08783	104.51	m	8.017	2.921	F2	0.463
HD 776	HIP 986	3.05808	39.90157	104.52	m	7.451	2.355	F0	0.333
HD 149138	HIP 81240	248.88421	-53.06549	104.52	m	8.964	3.868	G3 IV/V	0.664
HD 14189	HIP 10772	34.65106	40.27878	104.52	m	7.261	2.165	F2	0.443
HD 1715	HIP 1721	5.4068	36.21742	104.53	m	8.135	3.039	A5	0.49
HD 17324	HIP 12879	41.3873	-42.8387	104.54	m	6.971	1.875	K0 III	1.129
HD 137313	HIP 75638	231.80666	-49.45452	104.55	m	7.428	2.331	A6 V	0.217
HD 105568	HIP 59255	182.32067	11.29174	104.55	m	8.551	3.454	F5	0.461
HD 49038	HIP 32877	102.76652	64.33977	104.55	m	7.997	2.9	B9	0.257
HD 124102	HIP 69246	212.64055	37.49291	104.57	m	8.562	3.465	G 3 III	0.738
HD 123811	HIP 69228	212.60834	-26.88149	104.57	m	8.316	3.219	F5 V	0.56
HD 6120	HIP 4858	15.62344	8.82156	104.57	m	7.074	1.977	F0	0.302
HD 89721	HIP 50698	155.28931	-8.70966	104.58	m	7.705	2.608	A9 V	0.281
HD 17858	HIP 13500	43.469	49.36406	104.59	m	8.786	3.689	F8	0.682
HD 30939	HIP 22463	72.51723	-39.18089	104.59	m	8.955	3.857	F5/7 V + F	0.511
HD 778	HIP 976	3.023	-7.08872	104.59	m	8.705	3.607	F5 V	0.477
HD 57861	HIP 35792	110.74234	-3.89227	104.6	m	7.447	2.349	F5 V	0.554
HD 90619	HIP 51301	157.1827	45.9642	104.6	e	8.853	3.755	G0	0.523
HD 96712	HIP 54434	167.07256	-15.96164	104.6	m	8.006	2.908	F3/5 V	0.481
HD 104021	HIP 58416	179.66222	-52.76871	104.61	m	7.516	2.418	A7 V	0.237
HD 152228	HIP 82600	253.28552	-25.26859	104.61	m	8.496	3.398	F2 V	0.462
HD 224429	HIP 118133	359.44255	11.47438	104.61	m	6.648	1.55	B 9 V	0.039
HD 162231	HIP 87222	267.29905	20.19726	104.62	m	8.278	3.18	K0	1.083
HD 3365	HIP 2863	9.07318	-38.29414	104.62	m	8.57	3.472	G2/3 V	0.693
HD 155937	HIP 84293	258.49094	16.35016	104.62	m	8.573	3.475	F8V	0.576
HD 159441	HIP 86306	264.52312	-56.82147	104.62	m	7.403	2.305	A8 V	0.354
HD 205524	HIP 106607	323.87195	18.96722	104.62	m	7.996	2.898	F2	0.497
HD 223532	HIP 117540	357.55966	17.64619	104.62	m	7.836	2.738	F2	0.448
HD 19895	HIP 14929	48.13714	18.94357	104.63	m	8.48	3.382	G5	0.546
HD 139512	HIP 76538	234.47421	21.44071	104.63	m	8.126	3.028	F0	0.368
HD 11377	HIP 8647	27.86881	-16.74048	104.63	m	8.546	3.448	F7 V	0.584
HD 65497	HIP 39388	120.78958	65.13579	104.63	m	7.742	2.644	F2	0.434
HD 80299	HIP 45636	139.53612	-27.28412	104.64	m	8.523	3.425	F3 V	0.458
HD 130538	HIP 72414	222.10083	16.14274	104.64	m	8.716	3.617	G0	0.706
HD 168651	HIP 90105	275.82039	-48.36082	104.66	m	7.437	2.338	A9 III	0.32
HD 199016	HIP 103259	313.78322	-28.4922	104.67	m	8.941	3.842	G1 V	0.676
HD 139799	HIP 76699	234.91644	16.31401	104.68	m	7.012	1.913	A2	0.371
HD 144694	HIP 79128	242.27149	-45.49745	104.68	m	8.89	3.791	F6 V	0.553
HD 154300	HIP 83490	255.96139	19.8005	104.68	m	8.751	3.652	G5	0.627
HD 193255	HIP 100244	304.96681	-15.01787	104.68	m	8.295	3.196	F7 V	0.569
HD 154083	HIP 83337	255.47301	32.51665	104.68	m	8.54	3.441	F8	0.48
HD 110440	HIP 61977	190.5124	0.49524	104.69	m	8.181	3.081	F5 V	0.481
HD 141085	HIP 77344	236.84331	-5.11886	104.69	m	8.782	3.682	G5/6 IV/V	0.85
HD 142333	HIP 77943	238.75862	-27.90402	104.7	m	8.762	3.662	G1 IV/V	0.738
HD 205897	HIP 106804	324.48361	21.0414	104.71	m	8.24	3.14	G5	0.696
HD 11017	HIP 8392	27.0616	2.71135	104.71	m	8.478	3.378	F6 V	0.56
HD 125875	HIP 70216	215.48391	12.49032	104.71	m	8.86	3.76	F5	0.494
HD 52472	HIP 33921	105.58522	25.36443	104.71	m	7.397	2.297	A3	0.294
HD 112361	HIP 63182	194.16474	-47.6863	104.72	m	7.393	2.293	F5 IV/V	0.473
HD 100857	HIP 56552	173.9279	-70.20719	104.73	m	8.173	3.073	G3 IV/V	0.747
HD 89163	HIP 50181	153.65428	-67.14256	104.74	m	7.87	2.769	F3 IV	0.506
HD 81213	HIP 46130	141.10594	4.76488	104.74	m	7.573	2.472	A2	0.322
HD 58087	HIP 35734	110.5712	-38.88103	104.75	m	8.593	3.492	F8 V	0.694
HD 60041	HIP 37078	114.29126	65.33045	104.75	m	8.446	3.345	G5	0.873
HD 155634	HIP 84383	258.77377	-45.87868	104.76	m	7.609	2.508	F2 IV/V	0.408
HD 32208	HIP 23122	74.63526	-54.17185	104.76	m	7.803	2.702	F0/2 IV	0.375
HD 104036	HIP 58410	179.64684	-77.82541	104.77	m	6.762	1.661	A7 V	0.201
HD 59541	HIP 36456	112.5209	-8.51807	104.78	m	7.763	2.662	F3 V	0.451
HD 13344	HIP 10181	32.7268	23.79914	104.79	m	7.357	2.255	F0	0.405
HD 167253	HIP 89513	273.99613	-37.05398	104.79	m	8.344	3.242	F6 V	0.558
HD 12912	HIP 9798	31.4973	-22.1507	104.8	m	8.272	3.17	F5 V	0.504
HD 104788	HIP 58830	181.00143	-10.29613	104.82	e	6.627	1.525	A3mA6-F2	0.335
HD 132027	HIP 73053	223.944	39.64846	104.82	e	8.039	2.937	F0	0.446
HD 29532	HIP 21406	68.92196	-57.42603	104.82	m	8.08	2.978	F7 V	0.547
HD 213858	HIP 111413	338.5806	3.74254	104.83	m	8.539	3.437	F5 V	0.502
HD 3150	HIP 2732	8.7271	26.44444	104.83	m	8.831	3.729	F2	0.564
HD 135039	HIP 74658	228.8345	-55.48609	104.83	m	8.579	3.476	G2 IV(P)	0.709
HD 144449	HIP 78899	241.59446	-12.13972	104.84	m	8.825	3.722	G1 V	0.705
HIP 10769		34.64734	40.28003	104.85	m	8.025	2.922	F2	0.448
HD 97302	HR 4344|HIP 54765	168.18521	54.89429	104.85	m	6.631	1.528	A 4 V	0.107
HD 102235	HIP 57375	176.43663	-52.69051	104.86	m	8.124	3.021	F0/2 V	0.367
HIP 41251		126.23936	48.54693	104.86	m	8.968	3.865	F8	0.584
HD 185426	HIP 96726	294.94598	-19.23068	104.87	m	7.883	2.78	F3/5 V	0.445
HD 28698	HIP 21095	67.80566	-4.86003	104.88	m	7.86	2.757	K0 III	0.511
HD 41149	HIP 28594	90.53167	-26.66239	104.88	m	8.178	3.075	F5 V	0.433
HIP 92100		281.55576	64.19567	104.88	m	8.854	3.751	F8	0.573
HD 85108	HIP 48314	147.73985	45.54835	104.88	m	8.082	2.978	F 2 V	0.456
HD 5646	HIP 4493	14.39473	-41.25656	104.89	m	8.703	3.599	F8 V	0.6
HD 194570	HIP 100941	306.99943	-42.6196	104.89	m	8.223	3.119	F5/6 V	0.548
HD 15502	HIP 11616	37.45857	3.15577	104.89	m	8.94	3.836	G2/3 V	0.636
HD 5442	HIP 4380	14.03461	-8.02356	104.9	m	7.476	2.372	F6 V	0.583
HD 103436	HIP 58066	178.63214	-21.89835	104.9	m	8.286	3.182	F5 V	0.513
HD 124071	HIP 69338	212.8737	-10.6053	104.9	m	8.903	3.799	G1 V	0.601
HD 111661	HIP 62698	192.71243	3.51279	104.91	m	8.518	3.414	G5 V	0.751
HD 205075	HIP 106323	323.01923	34.20172	104.91	m	7.531	2.427	F0	0.348
HD 92674	HIP 52347	160.47389	-6.57482	104.92	m	7.478	2.374	F8 V	0.598
5 PsA	HD 204394|HR 8214|HIP 106067	322.26559	-31.23856	104.92	m	6.518	1.414	A1 V	0.039
HD 61544	HIP 36991	114.05484	-59.61542	104.92	m	8.823	3.719	F5 V	0.463
HD 217799	HIP 113796	345.68176	41.27824	104.93	m	7.688	2.584	G5	1.026
HD 182896	HIP 95480	291.32562	37.2452	104.93	m	6.927	1.822	K0	1.319
HD 129390	HIP 71653	219.84513	64.15394	104.94	m	7.592	2.487	F2	0.427
HD 154015	HIP 83388	255.63826	9.82019	104.95	m	7.046	1.941	A2	0.243
HD 20857	HIP 16233	52.29809	77.15623	104.96	m	8.594	3.489	F2	0.519
HD 26395	HIP 19628	63.08613	42.90771	104.96	m	8.168	3.063	F4V	0.447
HD 194679	HIP 101048	307.26545	-51.08485	104.96	m	7.935	2.83	F5 IV	0.406
HD 113740	HIP 63990	196.69797	-59.44401	104.96	m	7.942	2.837	A7/8(W)	0.302
HD 144888	HIP 79406	243.0815	-65.36518	104.97	m	8.279	3.174	K0 III	1.141
HD 9891	HIP 7480	24.08432	-16.01663	104.98	m	8.717	3.611	G3 V	0.647
HD 160617	HIP 86694	265.70552	-40.32098	104.99	m	8.81	3.704	FW	0.434
HD 73142	HIP 42298	129.3601	20.4871	104.99	m	8.087	2.981	F 8 V	0.572
HD 21618	HIP 15910	51.21965	-68.33455	104.99	m	8.524	3.418	F6 IV/V	0.519
HD 41674	HIP 29110	92.08206	37.73124	104.99	m	8.335	3.229	F2	0.435
HD 154145	HIP 83480	255.92268	-0.14595	104.99	m	6.718	1.612	A3 V	0.199
HD 196359	HIP 101581	308.8103	44.40907	104.99	m	7.335	2.229	F0	0.31
HD 149768	HIP 81565	249.87974	-53.36172	104.99	m	8.661	3.555	G8 III (+ G)	0.907
HD 61520	HIP 36612	112.94193	-75.52742	105	m	8.735	3.629	F5 IV/V	0.472
HIP 75911		232.58088	25.34681	105	m	8.976	3.87	A5	0.543
HD 131358	HIP 72307	221.79237	76.04226	105	m	7.402	2.296	A2	0.224
HD 71549	HIP 41285	126.34279	-55.74861	105.01	m	6.983	1.877	A2MA7-F0	0.361
HD 24672	HIP 18281	58.64836	-20.4611	105.01	m	8.65	3.544	F3 V	0.481
HD 23621	HIP 17929	57.51463	61.79799	105.01	m	7.46	2.354	K0	1.152
HD 48345	HIP 32238	100.94654	18.6559	105.02	m	7.58	2.474	G5	1.091
HD 86341	HIP 48839	149.43293	-1.94176	105.02	m	6.567	1.461	K0/1 III	1.175
HD 185928	HIP 97007	295.74719	-35.98193	105.02	m	8.055	2.949	G8 IV	1.078
HD 197737	HIP 102439	311.36694	5.88122	105.03	m	7.594	2.487	K2	1.17
HD 21765	HIP 16092	51.81985	-61.25915	105.04	m	7.947	2.84	F5 V	0.491
HD 219409	HIP 114842	348.93636	-29.84755	105.04	m	6.646	1.539	K0 III	1.25
HD 170003	HIP 90325	276.44707	35.34274	105.05	m	7.331	2.224	G5	0.973
HD 84162	HIP 47585	145.53689	-37.39863	105.06	m	8.243	3.136	F6 V	0.556
HD 79736	HIP 45322	138.54535	-45.06628	105.06	m	8.571	3.464	F6/7 V	0.52
HD 19521	HIP 14600	47.11621	7.64302	105.06	m	7.041	1.934	F0	0.301
HD 34524	HIP 24692	79.43794	-8.65182	105.06	m	8.591	3.484	G5 V	0.795
HD 24113	HIP 17795	57.14302	-45.17321	105.06	m	8.861	3.754	F8/G0 V	0.644
HD 109838	HIP 61612	189.3895	45.25376	105.06	m	8.067	2.96	F2V	0.346
HD 114558	HIP 64356	197.87045	-13.00004	105.07	m	8.917	3.81	G0 V	0.59
HD 89988	HIP 50777	155.53256	-46.56656	105.08	m	8.621	3.513	G2 V	0.769
HD 5022	HIP 4063	13.01362	-19.42302	105.08	m	8.89	3.782	G1 V	0.671
HD 26665	HIP 19528	62.76287	-46.9414	105.08	m	7.42	2.312	F6 V	0.55
HD 12729	HIP 9725	31.27797	19.18753	105.09	m	8.946	3.838	F8	0.589
HD 30420	HIP 22227	71.70956	-18.39934	105.09	m	7.94	2.832	F6 V	0.513
HD 180902	HIP 94951	289.82379	-23.55816	105.09	m	7.882	2.774	K0 III/IV	1.072
HD 96232	HIP 54312	166.6627	57.05135	105.09	m	8.444	3.336	F5	0.569
HD 15510	HIP 11719	37.81527	46.39495	105.09	m	7.133	2.025	A5	0.186
HD 194708	HIP 100736	306.35719	42.60505	105.09	m	6.931	1.823	F2II	0.502
HD 34435	HR 1730|HIP 24532	78.94605	-34.92668	105.09	m	6.669	1.561	A2 III/IV	0.171
HD 203254	HIP 105541	320.62857	-44.14541	105.1	m	8.695	3.587	G5 V	0.778
HD 88987	HR 4028|HIP 50305	154.06685	17.74018	105.1	m	7.252	2.144	F0	0.364
HD 194552	HIP 100937	306.98606	-42.62013	105.11	m	8.774	3.666	F5/6 V	0.542
HD 222448	HIP 116760	354.95311	75.75154	105.11	m	7.345	2.237	F2IV	0.409
HD 213785	HIP 111456	338.69896	-45.78456	105.11	m	7.812	2.704	F0 V	0.399
HD 74132	HIP 42851	130.97811	45.4537	105.12	m	8.28	3.172	F5	0.353
HD 186040	HIP 96994	295.71048	-18.199	105.12	m	8.887	3.778	F3/5 V	0.495
HD 128377	HIP 71552	219.51565	-48.81001	105.13	m	8.299	3.19	F3 V	0.476
HD 130253	HIP 72199	221.50986	36.89124	105.14	m	8.644	3.535	F2	0.634
HD 170940	HIP 90944	278.26985	-26.18899	105.14	m	8.779	3.67	F3 V	0.415
HD 222407	HIP 116765	354.97051	63.72544	105.14	m	6.888	1.779	A2	0.124
HD 27172	HIP 20896	67.17537	79.70193	105.14	m	7.856	2.747	F8	0.496
HD 208119	HIP 108276	329.04087	-60.22945	105.14	m	7.979	2.87	F3 IV/V	0.45
HD 19178	HIP 14330	46.20708	-12.1716	105.14	m	8.659	3.55	F5 V	0.478
HD 21125	HIP 15880	51.13592	-3.53503	105.14	m	8.323	3.214	F2 V	0.436
HD 117698	HIP 66002	202.97688	4.21348	105.15	m	8.682	3.573	F5 V	0.529
HD 111845	HIP 62782	192.97664	19.16807	105.15	m	7.777	2.668	F2	0.565
HD 30467	HIP 22382	72.27289	27.01151	105.15	m	8.147	3.038	F8IV	0.659
HD 25311	HIP 18806	60.44275	13.83733	105.17	m	8.33	3.221	F8	0.56
HD 18967	HIP 14148	45.6034	-22.8073	105.18	m	8.838	3.728	F7 V	0.573
HD 95884	HIP 54107	166.07581	38.86825	105.18	m	7.165	2.055	A 7 V	0.239
HD 55574	HIP 35235	109.2265	57.65122	105.18	m	8.353	3.243	F0	0.446
HD 39281	HIP 27434	87.14257	-53.67642	105.18	m	7.954	2.844	K1 III/IV	1.226
HD 187445	HIP 97267	296.5244	63.50859	105.18	m	8.236	3.126	F5	0.423
HD 164853	HIP 88359	270.65333	16.13456	105.18	m	8.558	3.448	G5	1.042
HD 111890	HIP 62802	193.03557	42.65364	105.19	m	8.687	3.577	F5	0.505
HD 153463	HIP 83330	255.46211	-44.51897	105.2	m	8.755	3.645	F5 V	0.499
HD 114991	HIP 64566	198.51508	9.77398	105.2	m	8.663	3.553	K0	0.948
HD 114298	HIP 64743	199.03747	-84.46293	105.2	m	8.632	3.522	F6 V	0.519
HD 163504	HIP 87618	268.47986	48.51854	105.2	m	8.479	3.369	G5	0.57
HD 131651	HIP 72978	223.71266	1.11447	105.2	m	8.285	3.175	G5 V	0.746
HD 196203	HIP 101622	308.94632	-0.0012	105.2	m	7.153	2.043	G3/5 V	0.541
HD 211878	HIP 110380	335.35229	-51.10135	105.2	m	8.002	2.892	F5 V	0.531
HD 133736	HIP 74053	227.00527	-51.50998	105.21	m	8.873	3.763	F3 V	0.479
HD 25669	HIP 19072	61.31408	23.79723	105.22	m	8.315	3.205	F8	0.529
HD 11790	HIP 9012	29.00484	18.44572	105.22	m	8.359	3.248	F2	0.485
HD 88663	HIP 49919	152.88505	-61.23965	105.23	m	8.196	3.085	F8 V	0.602
HD 105613	HIP 59282	182.41161	-58.34965	105.24	m	7.415	2.304	A3 V	0.176
HD 158311	HIP 85858	263.18379	-62.23641	105.24	m	7.607	2.496	G8 III/IV	1.024
HD 7926	HIP 6347	20.38035	74.58027	105.24	m	7.221	2.11	A2	0.315
HD 63931	HIP 38699	118.84883	63.33973	105.24	m	7.862	2.751	F8	0.642
HD 98629	HIP 55424	170.24633	20.85801	105.24	m	8.238	3.127	F2	0.343
HD 28566	HIP 20144	64.77634	-79.52094	105.24	m	6.984	1.873	A7 III/IV	0.214
HD 166580	HIP 89056	272.65239	18.28876	105.25	m	7.983	2.872	A3	0.404
HD 16416	HIP 12179	39.23592	-32.69012	105.25	m	8.669	3.558	F5 V	0.528
HD 153796	HIP 83271	255.28051	11.34094	105.27	m	7.767	2.655	F0	0.363
HD 94456	HIP 53360	163.68657	36.75879	105.28	m	7.442	2.33	F 2 III/IV	0.38
HD 36150	HIP 25732	82.42344	-0.80255	105.29	m	6.526	1.414	A5 III/IV	0.266
HD 194096	HIP 100475	305.63423	34.99073	105.29	m	6.867	1.755	A 1 V	0.058
HD 83329	HIP 47237	144.41899	1.69604	105.29	m	6.987	1.875	K0 IV	1.096
HD 203414	HIP 105698	321.11106	-60.67532	105.29	m	8.746	3.634	G0 V	0.602
HD 119686	HIP 67028	206.04392	27.5855	105.29	m	7.149	2.037	A 9 IV	0.293
HD 33844	HIP 24275	78.15042	-14.95111	105.29	m	7.402	2.29	K0 III	1.215
HD 209659	HIP 109059	331.39779	-30.70782	105.29	m	8.239	3.127	G0 V	0.689
HD 14474	HIP 10739	34.55366	-57.81936	105.3	m	8.882	3.77	G2 V	0.696
HD 37905	HIP 26747	85.24774	-21.54383	105.3	m	7.836	2.724	F3/5 IV	0.412
HD 30744	HIP 22432	72.4083	-15.80903	105.3	m	8.329	3.217	F7 V	0.538
HD 129865	HIP 71911	220.63162	60.23098	105.31	m	8.149	3.037	F0	0.376
HD 184327	HIP 96610	294.62168	-65.91422	105.32	m	6.788	1.675	A1/2 V	0.072
HD 147114	HIP 79991	244.93493	2.9012	105.32	m	8.627	3.514	F5 IV/V	0.568
HD 20408	HIP 15106	48.71775	-50.55211	105.33	m	7.63	2.517	F3 V	0.463
HD 184613	HIP 96376	293.91579	-9.27333	105.34	m	8.178	3.065	F3 V	0.461
HD 12063	HIP 9240	29.69788	17.02584	105.34	m	7.851	2.738	F5	0.537
HD 14963	HIP 11234	36.15038	-2.01067	105.36	m	8.768	3.655	F6 V	0.461
HD 207228	HIP 107697	327.24254	-51.36617	105.36	m	7.531	2.418	A8 V	0.256
HIP 11736		37.87203	1.09135	105.36	m	7.619	2.506	A2	0.237
HD 121605	HIP 68081	209.08544	5.28966	105.36	m	8.686	3.573	F5	0.491
HD 46026	HIP 30813	97.11193	-49.16764	105.37	m	8.715	3.601	F6/7 V	0.574
HD 751	HIP 941	2.90536	-72.2755	105.37	m	8.915	3.801	F6 V	0.529
HIP 24240		78.0685	-11.80294	105.39	m	8.209	3.095	G0	0.531
HD 218920	HIP 114532	347.97859	-9.02224	105.39	m	8.631	3.517	F6 V	0.551
HD 59750	HIP 36563	112.81443	-5.34491	105.39	m	8.274	3.16	F7 V	0.585
HD 216276	HIP 112837	342.77366	34.38369	105.39	m	7.398	2.284	F2	0.428
HD 206510	HIP 107069	325.27197	47.82841	105.41	m	8.553	3.439	K0	0.513
HD 46301	HIP 31197	98.17791	3.81452	105.41	m	7.335	2.221	F6 V	0.514
HD 220325	HIP 115448	350.78397	-39.91927	105.43	m	8.508	3.393	K0 IV	1.028
HD 139503	HIP 76711	234.96757	-36.43516	105.43	m	8.467	3.352	G1 V	0.689
HD 137646	HIP 75651	231.83441	-3.03881	105.43	m	8.841	3.726	K0 III	1.152
HD 12348	HIP 9365	30.08106	-32.08735	105.44	m	7.935	2.82	G5 IV	0.871
HD 196633	HIP 101897	309.73858	-8.39936	105.45	m	7.781	2.666	F3/5 V	0.384
HD 216128	HIP 112782	342.60067	-14.05935	105.45	m	7.805	2.69	F0 V	0.319
HD 56617	HIP 35258	109.27416	-14.84709	105.46	m	7.468	2.352	F3 V	0.467
HD 215449	HIP 112346	341.33666	-9.64453	105.47	m	7.441	2.325	A5 IV	0.241
HD 125957	HIP 71564	219.5406	-85.29371	105.47	m	8.689	3.573	F7/8 V	0.565
HD 88339	HIP 49808	152.51394	-46.47011	105.47	m	8.661	3.545	F7 V	0.619
HD 20327	HIP 15273	49.2564	25.58669	105.48	m	8.287	3.171	F5	0.482
HD 137055	HIP 75472	231.26359	-32.1562	105.49	m	7.439	2.323	F0 V	0.356
HD 120007	HIP 67212	206.58427	27.19281	105.49	m	8.035	2.919	F 5 V	0.507
HD 134629	HIP 74292	227.77094	-3.56732	105.5	m	8.614	3.498	F5 V	0.577
HD 170826	HIP 90557	277.17855	51.94509	105.51	m	7.755	2.639	A2	0.304
HD 165978	HR 6777|HIP 89010	272.49985	-32.71963	105.51	m	6.519	1.403	K0 III	1.195
HD 121930	HIP 68375	209.94171	-50.22813	105.52	m	7.727	2.61	K4 III	1.412
HD 15695	HIP 11737	37.87444	1.09423	105.52	m	7.519	2.402	A1 V + A2 V	0.189
HD 125150	HR 5348|HIP 69904	214.59898	-33.22055	105.52	m	6.572	1.455	A9 IV/V	0.307
HD 223561	HIP 117569	357.64263	-20.23324	105.53	m	7.233	2.116	A5/7 V	0.249
HD 14717	HIP 10538	33.93883	-79.02613	105.53	m	8.91	3.793	G0 V	0.64
HD 208295	HIP 108429	329.47292	-64.59944	105.54	m	8.783	3.666	F5 V	0.49
HD 109542	HIP 61435	188.82864	36.33827	105.55	m	8.235	3.118	F2	0.438
HD 89514	HIP 50477	154.59955	-54.57894	105.55	m	8.743	3.626	F5 V	0.458
HD 48548	HIP 32333	101.23478	22.83738	105.55	m	6.771	1.654	A2	0.212
HD 74182	HIP 42511	130.01262	-53.85178	105.56	m	7.361	2.244	A5 IV	0.303
HD 74328	HIP 42848	130.97055	13.62395	105.6	m	8.697	3.579	G5	0.648
HD 88118	HIP 49830	152.59421	34.13036	105.6	m	8.7	3.582	G5	0.44
HD 142865	HIP 78121	239.28113	-6.82822	105.61	m	7.992	2.873	A8/F0 IV/V	0.317
HD 35038	HIP 25073	80.5249	7.08963	105.63	m	7.774	2.655	F2	0.448
HD 28122	HIP 21034	67.64715	65.05113	105.63	m	7.751	2.632	F0	0.394
HD 3054	HIP 2678	8.4863	18.78806	105.63	m	8.645	3.526	F5	0.532
HD 190058	HIP 99007	301.49912	-55.89305	105.64	m	8.629	3.51	F8 V	0.611
HD 103140	HIP 57908	178.16171	40.1312	105.64	m	8.725	3.606	K0III	0.878
HD 22818	HIP 17142	55.06533	7.58528	105.65	m	7.471	2.352	A2	0.334
HD 152927	HIP 82781	253.75853	34.09779	105.66	m	8.352	3.232	G5	0.588
HD 116321	HIP 65312	200.79114	-24.73413	105.66	m	7.856	2.736	F8 IV/V	0.577
HD 83087	HIP 47056	143.85264	-22.68598	105.67	m	7.114	1.994	K0/1 III	1.176
HD 95426	HIP 53793	165.09257	-40.25226	105.67	m	8.713	3.593	G0 V	0.633
HD 116987	HIP 65662	201.93738	-30.78412	105.67	m	8.369	3.249	F3 V	0.508
HD 210237	HIP 109773	333.51467	-78.33112	105.68	m	8.279	3.159	F5 V	0.486
HD 122241	HIP 68452	210.21264	-5.21121	105.68	m	8.937	3.817	F5 V	0.437
HD 47955	HIP 32237	100.94466	50.14516	105.68	m	8.554	3.434	G5	1.076
HD 10435	HIP 7750	24.94609	-64.57133	105.69	m	8.579	3.459	F2/3 V	0.428
HD 139095	HIP 76485	234.32059	-32.05732	105.69	m	7.954	2.834	A9/F0 V	0.366
HD 225241	HIP 378	1.17194	14.96524	105.7	m	7.416	2.296	F 5 IV	0.441
HD 79331	HIP 45151	137.98191	-44.18919	105.7	m	8.96	3.84	F3 V	0.477
HD 133483	HIP 73628	225.7533	47.73131	105.7	m	8.599	3.479	G5	0.904
HD 17075	HIP 13041	41.8961	64.68532	105.71	m	8.698	3.578	G5	1.121
HD 218007	HIP 114039	346.41476	-60.07988	105.71	e	8.649	3.528	F8 V	0.662
HD 37630	HIP 26266	83.90647	-62.05213	105.71	m	8.395	3.274	G8/K0 V	1.045
HD 126391	HIP 70686	216.87317	-61.99674	105.71	m	7.598	2.477	F3 V	0.456
HD 214600	HIP 111882	339.94366	-28.34817	105.72	m	7.495	2.374	F5 V	0.547
HD 202385	HIP 104854	318.59893	34.77298	105.73	m	7.709	2.588	F0	0.349
HD 109218	HIP 61252	188.28502	1.044	105.73	m	8.193	3.072	G8 IV	0.931
HD 92193	HIP 52177	159.89636	47.77511	105.73	m	8.08	2.959	F2	0.387
HD 134155	HIP 74136	227.24432	-25.05358	105.73	m	8.43	3.309	F6 V	0.555
HD 43705	HIP 29930	94.52316	9.32093	105.74	m	8.131	3.01	F5	0.331
HD 335623	HIP 88651	271.49514	25.68332	105.74	m	8.494	3.373	F6V	0.537
HD 188859	HIP 98191	299.30514	0.35207	105.75	m	6.988	1.867	A0 V	0.075
HD 9850	HIP 7256	23.37674	-70.86784	105.75	m	7.871	2.75	F2 V	0.43
HD 114675	HIP 64368	197.89237	34.48702	105.75	m	8.354	3.233	F 5 V	0.494
HD 76782	HIP 44071	134.65365	9.4572	105.76	m	8.959	3.837	F5	0.551
HD 162883	HIP 87590	268.39531	-8.70836	105.76	m	8.142	3.02	F0 V	0.395
HD 81583	HIP 46258	141.48273	-20.76176	105.76	m	7.262	2.14	A9 IV/V	0.282
HD 139539	HIP 76620	234.70715	-2.82877	105.76	m	8.607	3.485	F2 V	0.438
HD 155221	HIP 84152	258.07384	-43.49476	105.77	m	8.631	3.509	G5 V	0.808
HD 167352	HIP 89412	273.68931	1.75852	105.77	m	8.717	3.595	F8 V	0.63
HD 113591	HIP 63163	194.1303	85.88449	105.77	m	7.855	2.733	F8	0.471
HD 103589	HIP 58146	178.87025	-62.19642	105.79	m	7.91	2.788	F2 IV/V	0.428
HD 21141	HIP 15954	51.35095	17.74381	105.79	m	8.755	3.633	K0	0.721
HD 154796	HIP 83767	256.79563	12.126	105.8	m	7.536	2.414	F5	0.477
HD 92637	HIP 52311	160.3299	-31.83951	105.81	m	8.617	3.494	G2 V	0.644
HD 10713	HIP 8194	26.33527	35.71247	105.81	m	7.538	2.415	A5	0.327
HD 175702	HIP 92936	284.02418	15.36566	105.81	m	7.741	2.618	G0	0.648
HD 116927	HIP 65556	201.60828	23.55863	105.82	m	8.501	3.378	K0	1.2
HD 208629	HIP 108151	328.67906	67.75381	105.82	m	7	1.877	F0	0.354
HD 92278	HIP 52216	160.03148	46.84077	105.82	m	7.289	2.166	A 3 IV	0.209
HD 74684	HIP 43052	131.56684	26.68427	105.83	m	8.67	3.547	F8	0.57
HD 156162	HIP 84236	258.2761	54.13931	105.84	m	6.949	1.826	F0	0.327
HD 145145	HIP 78958	241.78402	49.08309	105.84	m	7.636	2.513	A2	0.299
HD 202798	HIP 105129	319.43682	22.38842	105.84	m	8.109	2.986	F5	0.509
HD 160418	HIP 86878	266.25384	-67.12996	105.85	m	8.541	3.418	F5 V	0.486
HD 109221	HIP 61255	188.29503	-11.13425	105.86	m	8.319	3.195	F5 V	0.538
HD 182481	HIP 95516	291.4306	-22.45167	105.86	m	6.931	1.807	K3 III	1.559
HD 236427	HIP 2339	7.47523	59.25487	105.87	m	8.346	3.222	K0	1.029
HD 182380	HIP 95312	290.87345	23.9759	105.88	m	7.668	2.544	F5	0.484
HD 115502	HIP 64798	199.21512	46.31805	105.88	m	8.396	3.272	F2	0.452
HD 98331	HIP 55261	169.77779	49.97379	105.89	m	8.477	3.353	F5	0.439
HD 239706	HIP 106530	323.64532	59.10662	105.9	m	8.427	3.303	F8	0.534
HD 36289	HIP 26673	85.02541	76.76652	105.92	m	8.314	3.189	F2	0.4
HD 146213	HIP 79663	243.85363	-11.04694	105.92	m	7.74	2.615	F6 V	0.664
HD 116905	HIP 65673	201.98187	-57.02987	105.93	m	8.124	2.999	K1 III	1.219
HD 119215	HIP 66823	205.43804	4.77084	105.94	m	8.072	2.947	K0	1.005
HD 131992	HIP 73189	224.38315	-25.44179	105.94	m	6.977	1.852	A2/3 V	0.215
HD 71253	HIP 41336	126.50442	-10.51658	105.94	m	6.595	1.47	A5 IV	0.189
HD 45753	HIP 31141	98.00498	50.64609	105.95	m	8.368	3.243	F8	0.517
HD 94893	HIP 53484	164.1229	-48.33201	105.95	m	7.988	2.863	F0 V	0.303
HD 135631	HIP 74631	228.7357	38.30111	105.95	m	7.175	2.049	F0	0.364
HD 94877	HIP 53448	164.00449	-59.52198	105.95	m	8.628	3.502	G3 V	0.702
HD 12789	HIP 9652	31.02708	-46.37474	105.96	m	8.971	3.845	G8/K0 III + F	0.777
HD 5080	HIP 4046	12.96213	-56.57799	105.96	m	8.171	3.045	F3/5 V	0.481
HD 75103	HIP 43037	131.53665	-47.39532	105.96	m	8.232	3.106	F3 V	0.454
HD 41963	HIP 29377	92.88134	57.02546	105.97	m	8.506	3.38	F8	0.571
HD 140081	HIP 77189	236.42521	-65.48557	105.97	m	8.453	3.327	F7V	0.536
HIP 41378		126.61605	10.08038	105.98	m	8.98	3.854	F8	0.536
HD 205881	HIP 106745	324.35014	34.603	105.98	m	7.816	2.69	G0	0.572
HD 89020	HIP 50405	154.38394	52.27041	105.98	m	8.663	3.537	F8	0.47
HD 29158	HIP 21442	69.07333	21.68923	105.98	m	8.207	3.081	F5	0.5
HD 25938	HIP 18729	60.182	-71.1668	105.99	m	6.597	1.471	A1/2 V	0.106
HIP 117611		357.78895	-19.04953	105.99	m	8.555	3.429	F5 V	0.499
HD 14655	HIP 10990	35.41099	-15.76798	105.99	m	8.227	3.101	G3 V	0.751
HD 137368	HIP 75390	231.07707	38.1877	105.99	m	7.688	2.562	K0	1.115
Gl 9046	HD 7498|HIP 5802	18.60443	-41.89422	105.99	m	8.523	3.397	G0 V	0.612
HD 84184	HIP 47693	145.86357	2.62752	106	m	7.524	2.398	F5/6 V	0.556
HD 155497	HIP 84782	259.94695	-74.60575	106	m	7.563	2.436	F2 III/IV	0.363
HD 42065	HIP 29299	92.65737	40.57752	106	m	8.254	3.127	F8	0.618
HD 10491	HIP 7934	25.49802	-17.17904	106.02	m	8.988	3.861	G2/3 V	0.751
HD 122944	HIP 68615	210.69573	61.67907	106.02	m	7.522	2.395	A2	0.347
HD 5699	HIP 4537	14.52415	-44.1334	106.03	m	8.502	3.375	F5 V	0.509
HD 192905	HIP 100549	305.8258	-72.65196	106.03	m	8.298	3.171	G8 III	0.961
HD 138593	HIP 76495	234.35464	-68.49899	106.03	m	8.447	3.32	F5 V	0.503
HD 24683	HIP 18299	58.69264	-19.81143	106.03	m	8.837	3.71	F3/5 V	0.489
HD 120778	HIP 67712	208.07297	-38.62134	106.04	m	8.551	3.424	F5 V	0.491
HD 128718	HIP 71467	219.23418	48.22164	106.04	e	7.845	2.718	F2	0.49
HD 139749	HIP 76639	234.76093	25.74639	106.04	e	8.305	3.178	G0V	0.633
HD 209499	HIP 109060	331.4026	-58.96067	106.04	e	8.24	3.113	G0 V	0.642
HD 150734	HIP 81908	250.95892	-23.13133	106.05	m	8.307	3.179	F5 V	0.595
HD 223290	HIP 117396	357.05341	15.93728	106.05	m	8.949	3.821	G	0.517
HD 152814	HIP 82700	253.5749	35.12814	106.05	m	7.986	2.858	G0	0.39
HD 90406	HIP 51060	156.49337	-16.63942	106.07	m	8.41	3.282	F3/5 V	0.488
HD 148841	HIP 80959	247.97453	-26.01139	106.07	m	8.308	3.18	F6 V	0.578
HD 42902	HIP 29349	92.80835	-44.22453	106.08	m	8.965	3.837	G2/3 V	0.689
HD 13168	HIP 9955	32.0361	-27.57131	106.08	m	7.248	2.12	A8/9 IV	0.293
HD 221011	HIP 115856	352.09808	19.88558	106.09	m	6.703	1.575	F0	0.256
HD 2425	HIP 2207	6.97485	-24.84832	106.09	m	8.735	3.607	F8 V	0.539
HD 205738	HIP 106807	324.48977	-23.06837	106.09	m	8.67	3.542	F5 V	0.441
HD 71226	HIP 41549	127.08614	49.68732	106.11	m	7.438	2.309	F0	0.376
HD 42300	HIP 29262	92.54315	4.71819	106.12	m	8.513	3.384	F3 V	0.462
HD 216240	HIP 112810	342.68739	42.00729	106.12	m	8.419	3.29	F5	0.485
HD 196195	HIP 101433	308.34766	54.80203	106.13	m	7.046	1.917	F2	0.391
HD 29882	HIP 22054	71.14603	44.76655	106.14	m	7.769	2.64	A7V	0.295
HD 126145	HIP 70422	216.09768	-26.15096	106.14	m	8.672	3.543	F5 IV/V	0.431
HD 44016	HIP 30168	95.21392	31.63944	106.14	m	8.645	3.516	F5	0.474
HD 81029	HIP 46029	140.81567	3.50138	106.15	m	7.334	2.204	F0 V	0.364
HD 5132	HIP 4160	13.28239	-17.65178	106.16	m	7.671	2.541	A5/7MA5-F3	0.348
HD 62040	HIP 33601	104.71804	-87.30482	106.17	m	8.628	3.498	F6 IV	0.512
HD 200733	HIP 104195	316.65382	-41.38461	106.18	m	7.917	2.787	F6/7 V	0.535
HD 149178	HIP 80994	248.12276	16.84765	106.19	m	7.524	2.394	A5	0.269
HD 28748	HIP 21155	68.02958	5.62566	106.19	m	8.809	3.679	F8	0.48
HD 46122	HIP 31118	97.94191	6.78547	106.19	m	7.401	2.27	G3IV	0.908
HD 94084	HR 4242|HIP 53157	163.13358	52.50361	106.2	m	6.556	1.425	K2III	1.323
HD 6927	HIP 5442	17.40011	-11.67856	106.21	m	7.59	2.459	A3 V	0.203
HD 120792	HIP 67658	207.9335	-7.17281	106.21	m	7.8	2.669	G8/K0 IV/V	1.146
HD 213565	HIP 111289	338.17837	-24.61853	106.22	m	8.535	3.404	F6 V	0.565
HD 132563	HIP 73261	224.58972	44.04315	106.23	m	8.991	3.86	F8...	0.59
HD 155513	HIP 83847	257.0314	61.15962	106.23	m	6.78	1.649	F5	0.545
HD 122384	HIP 68433	210.14894	40.551	106.24	m	8.538	3.407	G0	0.525
HD 191358	HIP 99239	302.17145	24.65125	106.24	m	8.169	3.038	G5	0.459
HD 117330	HIP 65817	202.3922	8.37935	106.26	m	8.707	3.575	G0	0.58
HD 171515	HIP 91409	279.64295	-57.44794	106.27	m	8.956	3.824	G3 V	0.777
HD 63471	HIP 38289	117.66909	38.52657	106.27	m	8.84	3.708	F5	0.566
HD 110693	HIP 62144	191.05973	-37.23711	106.27	m	8.783	3.651	K0 V	1.053
HD 97642	HIP 54735	168.09977	-74.20942	106.28	m	8.004	2.872	F3 V	0.444
HD 91179	HIP 51319	157.23708	-71.79786	106.28	m	8.86	3.728	F5/6 V	0.474
HD 150764	HIP 81846	250.76199	3.45437	106.29	m	7.441	2.309	F0 V	0.331
15 Psc	HD 221833|HIP 116422	353.86908	1.31314	106.3	m	6.591	1.458	K0 III	1.352
HD 137502	HIP 75781	232.21295	-53.44675	106.31	m	8.873	3.74	F8 V	0.526
HD 176278	HIP 93486	285.58557	-53.50786	106.31	m	8.312	3.179	F7 V	0.602
HD 109032	HIP 61135	187.914	12.12785	106.32	m	8.108	2.975	F0	0.356
HD 110065	HIP 61725	189.78273	40.9835	106.32	m	8.325	3.192	K0III	1.081
HD 158360	HIP 85684	262.64972	-38.5197	106.32	m	8.558	3.425	F6 V	0.563
HD 46214	HIP 30803	97.07569	-59.61787	106.34	m	7.685	2.551	F5 IV	0.534
HD 32913	HIP 23741	76.54606	-10.42211	106.35	m	7.518	2.384	F3/5 V	0.441
HIP 90334		276.47275	65.32597	106.35	m	8.349	3.215	F8	0.631
HD 162113	HR 6639|HIP 87224	267.32934	1.96141	106.35	m	6.587	1.453	K0/1 III	1.444
HD 144724	HIP 78936	241.71022	16.35244	106.36	m	7.89	2.756	F0	0.406
41 Cet	HD 7812|HIP 6048	19.42652	-7.65951	106.36	m	6.833	1.699	A3 II	0.287
HD 27037	HIP 20279	65.19629	64.88626	106.36	m	8.605	3.471	F5	0.505
HD 92800	HIP 52403	160.66655	-17.72936	106.36	m	8.023	2.889	F2 V	0.39
HD 33498	HIP 23901	77.02922	-49.29714	106.37	m	7.455	2.321	A1MA5-F2	0.34
HD 238446	HIP 74916	229.64203	56.94676	106.38	m	8.724	3.59	F8	0.53
HD 121128	HIP 67467	207.38629	75.56702	106.39	m	7.651	2.517	F0	0.336
HD 90572	HIP 51204	156.8759	3.56353	106.4	m	7.342	2.207	K0 III	1.144
HD 117589	HIP 65933	202.75375	26.39021	106.4	m	7.401	2.266	A5	0.327
HD 26246	HIP 19196	61.71344	-49.6285	106.41	m	6.902	1.767	F3 IV/V	0.413
HD 109362	HIP 61346	188.54459	-4.44648	106.41	m	8.428	3.293	F3 V	0.469
HD 20504	HIP 15265	49.22945	-31.35219	106.42	m	7.168	2.033	A1MA5-F2	0.25
HD 211236	HIP 109952	334.03014	-23.00938	106.42	m	7.437	2.302	A8/9 IV/V	0.271
HD 25476	HIP 19012	61.09792	38.79653	106.42	m	7.519	2.384	A3	0.264
HIP 66388		204.1746	69.77673	106.43	m	8.773	3.638	F5	0.477
HD 30829	HIP 22425	72.38699	-33.09396	106.43	m	8.667	3.532	F5 V	0.517
HD 163976	HIP 88058	269.76974	-5.04844	106.43	m	7.46	2.325	F8 III	0.637
HD 154747	HIP 84421	258.89147	-75.48201	106.44	m	8.812	3.676	G8 IV	0.941
HD 46437	HIP 30916	97.32879	-61.0059	106.44	m	8.039	2.903	F5/6 V	0.535
HD 200392	HIP 103852	315.65044	21.69113	106.44	m	8.159	3.023	F0	0.654
HD 121648	HIP 68064	209.03966	25.91871	106.44	m	6.826	1.69	F 2 V	0.404
HD 70531	HIP 40906	125.20969	-41.07097	106.45	m	7.744	2.608	A4/5 II/III	0.269
HD 216854	HIP 113245	343.98652	41.33504	106.45	m	7.361	2.225	F5	0.519
HD 98133	HIP 55069	169.11867	-60.56786	106.45	m	8.636	3.5	G0 V	0.638
HD 291	HIP 630	1.91857	39.03477	106.46	m	8.06	2.924	F5	0.478
HD 104028	HIP 58423	179.68904	-17.75896	106.46	m	8.763	3.627	G0 V	0.55
HD 81410	HIP 46159	141.20422	-23.82631	106.46	m	7.473	2.337	K2 IV/VP	1.172
HD 96550	HIP 54386	166.91401	13.49886	106.46	m	8.019	2.883	F5V	0.489
HD 60130	HIP 36489	112.61916	-50.60897	106.46	m	6.536	1.4	A0 V	-0.01
HD 104367	HIP 58610	180.29193	3.63233	106.46	m	7.839	2.703	F5 V	0.512
HD 216027	HIP 112695	342.3221	15.27558	106.48	m	8.521	3.385	G5	0.7
HD 73614	HIP 42693	130.52594	59.02938	106.48	m	7.937	2.801	F0	0.349
HD 116572	HIP 65459	201.24819	-37.03599	106.49	m	7.757	2.621	F0 V	0.358
HD 104897	HIP 58899	181.18532	-52.35434	106.49	m	8.453	3.316	F3 V	0.422
HD 217696	HIP 113741	345.52647	37.47704	106.5	m	8.103	2.966	F8	0.448
HD 185374	HIP 96501	294.28693	40.21379	106.51	m	8.016	2.879	G5	0.756
HD 24798	HIP 18364	58.90118	-26.21509	106.51	m	7.644	2.507	K0 III	1.122
HD 46825	HIP 31531	99.01827	13.69404	106.51	m	7.265	2.128	AM	0.281
HD 22369	HIP 17119	54.99517	64.28542	106.51	m	7.447	2.31	F8	0.53
HD 157065	HIP 85970	263.55413	-80.54051	106.51	m	8.795	3.658	G2 IV	0.707
HD 15383	HIP 11658	37.58684	51.1491	106.52	m	8.744	3.607	F8	0.529
HD 224853	HIP 103	0.32208	-68.37113	106.52	m	8.347	3.21	F6 V	0.562
HD 225300	HIP 409	1.24611	-70.49249	106.53	m	8.45	3.313	F5 V	0.48
HD 131265	HIP 72725	223.03098	20.29068	106.54	m	6.958	1.82	A0	0.171
HD 100362	HIP 56338	173.23893	9.3816	106.55	m	8.467	3.329	F8	0.571
HD 148716	HIP 80896	247.79611	-29.99791	106.56	m	8.578	3.44	F3 V	0.434
HD 115074	HIP 64615	198.65626	15.28599	106.57	m	8.719	3.581	F5	0.508
HD 140130	HIP 77067	236.0432	-50.21571	106.57	m	6.863	1.725	F2 IV/V	0.375
HD 111547	HIP 62642	192.54561	-20.36573	106.57	m	8.236	3.098	G2/3 V	0.699
HD 138808	HIP 76249	233.62998	-2.9417	106.58	m	8.359	3.221	F5 V	0.554
HD 108986	HIP 61104	187.8433	5.0529	106.58	m	7.78	2.642	F2	0.375
HD 157086	HIP 84797	259.99166	28.46621	106.58	m	8.397	3.259	F8	0.458
HD 140254	HIP 76910	235.56613	9.65084	106.58	m	7.727	2.589	F5	0.464
HD 116461	HIP 65379	200.98493	-5.14863	106.58	m	8.368	3.23	G8 IV	0.989
HD 9163	HIP 6812	21.91238	-71.70411	106.58	m	7.364	2.226	G8/K0 III	1.113
HD 19101	HIP 14435	46.57624	49.25286	106.59	m	8.279	3.141	F2	0.405
HD 223543	HIP 117558	357.61534	-14.98371	106.59	m	7.5	2.362	A2MA3/5-F0	0.236
HD 215131	HIP 112281	341.14129	-63.95391	106.59	m	6.945	1.806	A1 V	0.116
HD 19313	HIP 14413	46.51673	-13.43487	106.59	m	8.2	3.061	F5 V	0.476
HD 146677	HIP 79852	244.4989	-13.44475	106.59	m	7.415	2.276	F0 V	0.334
HD 221763	HIP 116717	354.805	-86.39903	106.59	m	7.97	2.831	F0 IV	0.351
HD 104237	HIP 58520	180.02118	-78.19293	106.6	m	6.621	1.482	B/APE	0.241
HD 173745	HIP 92205	281.87862	-15.98375	106.61	m	8.044	2.905	A9 V	0.306
HD 80432	HIP 45667	139.63302	-39.04383	106.62	m	6.893	1.754	A1 V	0.062
HD 149807	HIP 81400	249.37466	-11.86986	106.63	m	8.435	3.296	F2 IV/V	0.596
HD 16520	HIP 12229	39.36366	-46.64622	106.63	m	7.83	2.691	A9 V	0.324
HIP 46028		140.81124	3.50532	106.63	m	8.26	3.121	F0	0.374
HD 203727	HIP 105838	321.55515	-57.95006	106.63	m	8.879	3.74	F5 V	0.492
HD 112208	HIP 63059	193.81061	-28.0302	106.64	m	8.805	3.665	G3/5 V	0.725
HD 156639	HIP 84806	260.00166	-30.42925	106.65	m	8.899	3.759	F5 V	0.491
HD 169530	HIP 90643	277.42785	-64.5933	106.65	m	8.568	3.428	K0 IV/V	1.031
HD 7972	HIP 6104	19.59408	-44.19705	106.65	m	8.662	3.522	F5 V	0.455
HD 220436	HIP 115495	350.93883	-8.46011	106.65	m	7.668	2.528	K0	0.854
HD 160295	HIP 86374	264.74114	2.65843	106.66	m	7.746	2.606	F2/3 V	0.452
HD 105748	HIP 59338	182.58651	-35.23533	106.67	m	8.278	3.138	F5 V	0.52
HD 110651	HIP 62114	190.95369	-28.70236	106.67	m	8.358	3.218	F8 V	0.6
HD 12153	HIP 9271	29.78644	-10.18569	106.68	m	8.787	3.647	F3 V	0.517
HD 195405	HIP 101087	307.36825	42.31667	106.68	m	8.07	2.93	G0P,G0I	0.74
HD 213755	HIP 111445	338.65713	-47.59686	106.69	m	8.833	3.692	F6/7 V	0.599
HD 140876	HIP 77322	236.79053	-33.28649	106.69	m	8.561	3.42	F7 V	0.582
HD 106292	HIP 59632	183.43981	36.73693	106.69	m	8.942	3.801	F 7 V	0.545
HD 12382	HIP 9448	30.36621	0.47565	106.69	m	8.536	3.395	G0 V	0.565
HD 150550	HIP 82147	251.73145	-68.10196	106.7	m	6.55	1.409	A1 III	0.19
HD 353300	HIP 103236	313.72254	17.69177	106.7	m	8.832	3.691	G0	0.618
HD 85888	HIP 48522	148.43404	-41.84685	106.71	m	7.4	2.259	F2 III/IV	0.346
HIP 61573		189.25954	14.25186	106.72	m	8.949	3.808	G0	0.586
HD 10523	HIP 8245	26.53976	74.82274	106.73	m	8.46	3.319	F5	0.451
HD 223754	HIP 117716	358.11849	-58.55016	106.73	m	7.228	2.087	F0 V	0.334
HD 20795	HIP 15325	49.42053	-63.07726	106.73	m	8.296	3.154	F7 V	0.571
HD 157540	HIP 84917	260.30602	50.84911	106.73	m	8.91	3.768	K0	0.522
HD 103599	HIP 58167	178.93145	-54.18069	106.74	m	8.349	3.207	F3 IV	0.428
HD 74496	HIP 42728	130.61793	-47.52132	106.75	m	6.756	1.614	A0MA3-F0/2	0.278
HD 59980	HIP 36659	113.11001	-0.51848	106.75	m	7.738	2.596	F6 V	0.526
HD 197047	HIP 102146	310.46907	-23.13648	106.75	m	8.111	2.969	F3 V	0.464
HD 105967	HIP 59451	182.91764	4.05591	106.77	m	6.945	1.803	A0/1 V	0.169
HD 92858	HIP 52454	160.84442	1.91907	106.77	m	8.272	3.13	F3 V	0.437
HD 37097	HIP 26419	84.34062	31.33125	106.77	m	8.296	3.154	F5	0.42
HD 110926	HIP 62342	191.62109	-66.81733	106.78	m	8.777	3.635	F7/8 V	0.647
HD 82089	HIP 46574	142.46843	2.19928	106.78	m	8.416	3.273	F5/6 V	0.508
HD 150116	HIP 81248	248.92195	57.78112	106.79	m	7.459	2.316	A3	0.216
HD 23875	HIP 17799	57.14923	2.42	106.79	m	8.315	3.172	F3 V	0.425
HD 202070	HIP 104727	318.22236	25.19777	106.8	m	8.548	3.405	F8	0.519
HD 15995	HIP 11927	38.48072	-12.33713	106.8	m	6.915	1.772	F3 IV/V	0.369
HD 111660	HIP 62697	192.70668	8.09911	106.81	m	8.453	3.31	G5	1.145
HD 181982	HIP 95773	292.19357	-71.59692	106.81	m	8.38	3.237	F6 V	0.514
HD 165136	HIP 88645	271.47834	-30.66048	106.84	m	8.344	3.2	K0 IV/V	1.074
HD 2286	HIP 2099	6.65371	-14.03001	106.85	m	8.603	3.459	F3 V	0.475
HD 107065	HIP 60068	184.76697	-66.6596	106.85	m	8.296	3.152	F3/5 IV/V	0.523
HD 48893	HIP 32725	102.39981	60.16291	106.85	m	8.44	3.296	G0	0.55
HD 133145	HIP 73617	225.72024	1.61789	106.87	m	8.949	3.805	F3 V	0.546
HD 163265	HIP 87636	268.52114	27.34252	106.87	m	8.191	3.047	F8	0.511
HD 38683	HIP 27054	86.05675	-55.69549	106.88	m	7.604	2.459	F7/8 V	0.609
HD 170313	HIP 90370	276.60173	46.80894	106.89	m	7.907	2.762	F2	0.421
HD 111153	HIP 62363	191.70187	43.15186	106.89	m	7.962	2.817	F8	0.525
HD 39954	HIP 28044	88.96006	-0.88647	106.9	m	8.355	3.21	G6 V	0.849
HD 60563	HIP 36922	113.85511	7.57995	106.91	m	6.646	1.501	A0	0.063
HD 63312	HIP 38266	117.59515	45.79188	106.93	m	7.085	1.94	A 3 V	0.215
HD 199740	HIP 103529	314.61739	23.24751	106.93	m	8.114	2.969	A5	0.349
HD 221366	HIP 116123	352.93761	-14.80672	106.94	m	8.171	3.025	K0 III	1.278
HD 3416	HIP 2916	9.23387	-6.56403	106.94	m	8.2	3.054	G1 V	0.638
HD 16700	HIP 12286	39.57167	-59.01571	106.94	m	8.969	3.823	G0 V	0.664
HD 153206	HIP 82836	253.92117	47.59142	106.94	m	8.595	3.449	F8	0.533
HD 3884	HIP 3262	10.38203	12.95923	106.95	m	7.748	2.602	G0	0.7
HD 150631	HIP 81332	249.16258	69.79307	106.95	e	8.042	2.896	F5	0.457
HD 113448	HIP 63746	195.97099	-3.21787	106.96	m	7.651	2.505	A9 III/IV	0.321
HD 124689	HIP 69779	214.23842	-57.85435	106.96	m	7.517	2.371	A9/F0 V	0.397
HD 102513	HIP 57559	176.97148	-15.46182	106.98	m	7.945	2.798	F5 V	0.495
HD 154945	HIP 83901	257.20628	-5.19167	106.98	m	8.477	3.33	F0 V	0.408
HD 168654	HIP 89764	274.7682	40.92743	107	m	8.225	3.078	G0	0.498
HD 29556	HIP 21618	69.62008	-19.64085	107	m	7.166	2.019	A9 IV	0.261
HD 143215	HIP 78416	240.13051	-36.08795	107	m	8.785	3.638	G1 V + (G)	0.596
HD 207842	HIP 107939	328.01976	-1.28504	107	m	8.695	3.548	F3 V	0.517
HD 117497	HIP 65882	202.57026	28.56792	107.01	m	8.805	3.658	G 0 III	0.526
HD 134920	HIP 74298	227.7922	38.9509	107.02	m	8.919	3.772	F8	0.655
HD 145127	HIP 79229	242.54116	-24.58241	107.02	m	6.638	1.491	A0 V	0.03
HD 103914	HIP 58359	179.50417	14.03793	107.02	m	8.491	3.344	G5	0.644
HD 192823	HIP 100014	304.36168	-15.82776	107.03	m	7.474	2.326	A5 III	0.228
HD 89349	HIP 50331	154.16698	-62.30584	107.05	m	8.319	3.171	F0/2 V	0.413
HD 31690	HIP 23332	75.28214	56.26969	107.05	m	8.7	3.552	G5	0.599
HD 27377	HIP 20036	64.46135	-34.18654	107.06	m	7.494	2.346	F0 V	0.374
HIP 114145		346.75103	31.99196	107.06	m	8.524	3.376	F 8 V	0.677
HD 176229	HIP 93064	284.35564	42.10346	107.07	m	7.296	2.148	F0	0.451
HD 50959	HIP 33232	103.72151	-14.86273	107.07	m	7.549	2.401	F7 V	0.629
HD 10387	HIP 8019	25.74059	58.11573	107.07	e	7.08	1.932	F2	0.459
HD 84951	HIP 48161	147.24987	12.0964	107.07	m	8.464	3.316	F2	0.497
HD 209920	HIP 109147	331.64133	12.44529	107.07	m	7.254	2.106	A2	0.294
HD 24336	HIP 18109	58.0713	-0.65561	107.07	m	6.842	1.694	A7 IV	0.235
HD 90807	HIP 51434	157.5636	50.56912	107.08	m	6.768	1.619	F2	0.4
HD 106506	HIP 59764	183.82732	-63.42509	107.09	m	8.529	3.38	F8/G0 (V)	0.668
HD 185474	HIP 97095	295.9889	-66.94744	107.09	m	8.309	3.16	F3 V	0.432
HD 216238	HIP 112976	343.20178	-66.72939	107.09	m	8.999	3.85	K2 III	1.166
HD 23380	HIP 17391	55.86617	-33.50226	107.1	m	8.429	3.28	F2 V	0.418
HD 193037	HIP 100129	304.6862	-17.85521	107.1	m	7.833	2.684	F6/7 V	0.496
HD 223480	HIP 117515	357.47773	-42.30072	107.1	m	7.444	2.295	A9 III	0.299
HD 54691	HIP 34650	107.64117	19.80304	107.11	m	7.817	2.668	F5	0.48
HD 162622	HIP 87274	267.49489	41.95516	107.11	m	8.081	2.932	F2	0.361
HD 149524	HIP 81116	248.50658	34.10325	107.11	m	8.759	3.61	G5	0.446
HD 60771	HIP 37133	114.45101	38.87879	107.13	m	7.237	2.088	A5	0.289
HD 108904	HIP 61087	187.80266	-61.90874	107.13	m	8.049	2.9	F6 V	0.525
HD 82951	HIP 47405	144.87254	72.74684	107.13	m	7.132	1.982	A3	0.172
HD 95088	HIP 53707	164.82476	43.87339	107.13	m	8.512	3.362	G5	1.083
HD 159830	HIP 86783	265.99783	-73.06502	107.13	m	8.753	3.603	G1 V	0.641
HD 199255	HIP 103309	313.94606	7.66625	107.14	m	7.454	2.304	G5	1.038
HD 109304	HIP 61277	188.36211	40.72758	107.15	m	8.54	3.39	G0	0.546
HD 10674	HIP 8116	26.08048	2.61551	107.15	m	8.538	3.388	F3 V	0.457
HD 102096	HIP 57306	176.25577	-0.51784	107.15	m	7.409	2.259	G8 III	1.081
HD 139677	HIP 76824	235.27884	-39.98284	107.16	m	6.836	1.686	F5 V	0.486
HD 66850	HIP 39693	121.6807	33.89686	107.17	m	8.673	3.523	F2	0.463
HD 2192	HIP 2046	6.48579	3.9253	107.17	m	8.696	3.546	F3 V	0.393
HD 136460	HIP 75172	230.41807	-27.63799	107.18	m	8.487	3.336	F6 V	0.54
HD 103703	HIP 58220	179.11069	-58.82135	107.18	m	8.548	3.397	F3 V	0.456
HD 127403	HIP 70912	217.53101	37.14431	107.19	m	7.993	2.842	F5	0.509
HD 23735	HIP 17746	57.0013	16.96251	107.2	m	8.035	2.884	F2	0.368
HD 27249	HIP 20136	64.75495	21.29934	107.21	m	8.252	3.101	F5	0.499
HD 184778	HIP 96494	294.25838	-25.08027	107.22	m	8.435	3.284	F6/7 V	0.595
HD 145408	HIP 79363	242.96122	-27.55277	107.23	m	8.073	2.922	A5/7 (III) + F(5)	0.326
HD 86245	HIP 48757	149.1723	-25.33746	107.23	m	8.338	3.186	F8 V	0.603
HD 219738	HIP 115053	349.53705	15.60355	107.23	m	8.289	3.137	F 8 V	0.634
HD 123473	HIP 69044	211.98993	-2.13818	107.24	m	8.509	3.357	F5 V	0.542
HD 105070	HIP 58996	181.44784	-51.00336	107.24	m	8.967	3.815	G1 V	0.668
HD 211180	HIP 109858	333.75709	21.27836	107.24	m	8.311	3.159	G0	0.531
HD 214226	HIP 111586	339.09016	27.12177	107.25	m	7.459	2.307	F0	0.374
HD 6072	HIP 4646	14.92105	-75.81384	107.26	m	8.867	3.715	G0/2 V	0.665
HIP 91054		278.61385	-34.8159	107.26	m	7.774	2.622	F0V	0.364
HD 156871	HIP 85131	260.97414	-60.94458	107.27	m	8.804	3.652	F7 V	0.573
HD 87261	HIP 49316	150.99947	7.17614	107.27	m	8.474	3.322	F8	0.621
HD 106680	HIP 59828	184.02857	-3.0167	107.28	m	8.866	3.713	G5 V	0.765
HD 602	HIP 847	2.59603	-11.78587	107.29	m	8.432	3.279	F7 V	0.554
HD 194738	HIP 100777	306.50395	35.81122	107.29	m	7.658	2.505	F5	0.459
HD 27692	HIP 20191	64.91131	-50.95662	107.29	m	8.7	3.547	F3 V	0.453
HD 153974	HIP 83414	255.7402	-6.35234	107.3	m	7.544	2.391	A6 IV	0.331
HD 109832	HIP 61684	189.67825	-68.76364	107.3	m	8.136	2.983	A9 V	0.361
HD 90719	HIP 51295	157.17703	13.28888	107.3	e	7.136	1.983	A2	0.149
HD 103351	HIP 58045	178.5676	65.2193	107.3	m	8.848	3.695	G0	0.553
HD 105237	HIP 59083	181.74815	47.14237	107.31	m	8.517	3.364	G0	0.519
HD 78609	HIP 44956	137.37928	13.35695	107.31	m	8.568	3.415	G0	0.664
HD 65431	HIP 39046	119.82374	16.81906	107.31	m	7.578	2.425	F8	0.573
HD 67009	HIP 39735	121.82572	33.24718	107.32	m	8.233	3.08	F5	0.447
HD 41311	HIP 28687	90.85396	-21.79035	107.32	m	7.367	2.214	F0 IV/V	0.419
HD 177412	HIP 93511	285.66421	43.11748	107.32	m	7.922	2.769	F5	0.56
HD 86791	HIP 49195	150.61486	57.28374	107.32	m	7.773	2.62	F5	0.533
HD 131438	HIP 73042	223.91435	-53.6533	107.34	m	8.473	3.319	F6 V	0.543
HD 224038	HIP 117875	358.6449	-2.97969	107.34	m	8.491	3.337	G0 V	0.634
HD 34432	HIP 24592	79.12725	-21.10004	107.34	m	7.822	2.668	A4 V	0.227
HD 117214	HIP 65875	202.53739	-58.48455	107.35	m	8.115	2.961	F6 V	0.535
HD 187615	HIP 97616	297.60414	14.51386	107.35	m	7.989	2.835	A3	0.336
HD 170123	HIP 90588	277.27099	-29.91459	107.36	m	8.504	3.35	G6 V	0.809
HD 127714	HIP 71106	218.12725	16.54827	107.36	m	8.339	3.185	F5	0.43
HD 12770	HIP 9646	30.99941	-44.00014	107.36	m	8.968	3.814	G3 IV	0.821
HD 216931	HIP 113331	344.27857	-3.24521	107.36	m	6.647	1.493	A1/2 III	0.237
HD 2842	HIP 2510	7.9573	4.84616	107.36	m	8.024	2.87	F0 V	0.347
HD 216749	HIP 113214	343.91565	-22.59814	107.37	m	8.913	3.759	F7 V	0.564
HD 28792	HIP 22011	70.9671	79.76318	107.37	m	8.495	3.34	F2	0.474
HD 137130	HIP 75480	231.28914	-26.57527	107.38	m	8.366	3.211	F0 V	0.418
HD 223793	HIP 117740	358.17869	8.7205	107.38	m	8.534	3.379	F5	0.523
HD 36146	HIP 25964	83.08583	49.39341	107.38	m	7.471	2.316	F5+...	0.526
HD 40852	HIP 28427	90.04646	-30.86424	107.38	m	8.26	3.105	F3 V	0.442
HD 177672	HIP 93556	285.82993	48.50998	107.39	m	8.955	3.8	F5	0.422
HD 70270	HIP 40386	123.67729	-73.80716	107.39	m	7.321	2.166	A8 III	0.269
HD 141506	HIP 77115	236.1904	68.68001	107.39	m	7.253	2.098	A2	0.187
HD 1634	HIP 1646	5.15923	12.31107	107.41	e	8.145	2.99	F5	0.476
HD 41420	HIP 28811	91.23819	-1.13423	107.44	m	8.189	3.033	F5 V	0.527
HD 160996	HIP 86921	266.4119	-50.78202	107.44	m	8.074	2.918	F7V	0.544
HD 191359	HIP 99243	302.17895	22.15336	107.44	m	7.16	2.004	K0	1.113
HD 2564	HIP 2314	7.37976	24.88099	107.44	m	7.838	2.682	F8	0.594
HD 127616	HIP 71032	217.91609	30.74328	107.45	m	8.862	3.706	G0	0.749
HD 13852	HIP 10308	33.20805	-59.28943	107.46	m	8.573	3.417	F6 V	0.53
HD 110105	HIP 61734	189.80302	56.00394	107.46	m	8.055	2.899	F 3/5IV/III	0.452
HD 107293	HIP 60155	185.04145	-14.12552	107.46	m	8.381	3.225	G1/2 V	0.647
HD 207315	HIP 107736	327.3642	-49.11848	107.48	m	8.387	3.23	F2/3 V	0.426
HD 40335	HIP 28255	89.55635	1.85639	107.48	m	6.941	1.784	A1 II	0.272
HD 89000	HIP 50321	154.14214	25.29661	107.49	m	8.378	3.221	F8	0.439
HD 123702	HIP 69200	212.51405	-36.99394	107.49	m	8.112	2.955	A7 III + (K)	0.297
HD 207921	HIP 108005	328.22795	-12.97823	107.49	m	8.84	3.683	G3 V	0.723
HD 193209	HIP 100202	304.85911	-12.8038	107.49	m	7.84	2.683	F0 V	0.412
HD 206404	HIP 107120	325.48527	0.34605	107.5	m	7.715	2.558	F3 V	0.525
HD 90422	HIP 51028	156.37288	-45.18271	107.51	m	8.304	3.147	G0 V	0.561
HD 129656	HIP 72020	220.96231	-6.68825	107.52	m	8.774	3.617	F5 V	0.507
HD 176796	HIP 93062	284.34802	64.83061	107.52	m	8.267	3.11	G0	0.564
HD 33275	HIP 24402	78.52047	66.05672	107.52	m	7.891	2.733	F2	0.45
HD 204837	HIP 106281	322.89565	-11.93809	107.53	m	8.615	3.457	F5 V	0.456
HD 117544	HIP 65949	202.80479	-13.44877	107.53	m	6.965	1.807	F0 IV/V	0.349
HD 117609	HIP 66109	203.27633	-63.66389	107.54	m	7.578	2.42	F8 V	0.617
HD 85198	HIP 48288	147.67631	17.73338	107.54	m	8.878	3.72	F6V	0.562
HD 125306	HIP 69698	213.99871	64.85318	107.54	m	7.365	2.207	A0	0.344
HD 34216	HIP 24418	78.58302	-33.34874	107.54	m	8.232	3.074	F6 V	0.505
HD 210878	HIP 109722	333.38851	-7.37225	107.55	m	8.763	3.605	F7 V	0.609
HD 6870	HIP 5321	17.01653	-61.87161	107.55	m	7.505	2.347	A2 IIWP	0.26
HD 87933	HIP 49538	151.72097	-53.91345	107.56	m	8.069	2.911	F5 V	0.466
HD 46716	HIP 31356	98.63336	-11.22967	107.56	m	7.522	2.364	F2 V	0.412
HD 16434	HIP 12260	39.46165	-13.12924	107.56	m	7.779	2.621	F7/8 V	0.631
HD 19343	HIP 14582	47.06637	44.2058	107.57	m	8.022	2.864	F5	0.574
HD 39945	HIP 27935	88.66317	-26.66028	107.58	m	6.87	1.711	A5 V	0.207
HD 181773	HIP 95517	291.43069	-62.18671	107.58	m	7.699	2.54	F5/6 V	0.492
HD 83158	HIP 47250	144.46523	45.90347	107.58	m	8.283	3.124	F 4 III	0.46
HIP 82610		253.32111	22.7211	107.58	m	8.468	3.309	G0	0.546
HD 2519	HIP 2115	6.71343	-83.13905	107.59	m	8.538	3.379	G8/K1 (III) + F	0.549
HD 139202	HIP 76508	234.38045	-22.11702	107.6	m	7.008	1.849	A1MA3-F0	0.3
HD 201154	HIP 104190	316.6432	38.03934	107.6	m	7.637	2.478	F5	0.541
HD 45600	HIP 30806	97.08482	-0.72937	107.61	m	7.791	2.632	F5 V	0.527
HD 199227	HIP 103397	314.21748	-33.99852	107.62	m	7.415	2.255	F5 IV	0.502
HD 186259	HIP 96929	295.55279	29.49762	107.63	m	7.622	2.462	F8V	0.526
HD 82490	HIP 46799	143.0493	-3.51502	107.63	m	8.089	2.929	G8 III	0.952
HD 98630	HIP 55427	170.26048	7.06445	107.64	m	8.144	2.984	G0	0.651
HD 12355	HIP 9454	30.4001	22.62819	107.64	m	8.505	3.345	F5	0.556
HD 223301	HIP 117411	357.11752	-11.50872	107.64	m	7.755	2.595	K1 III	1.271
HD 19666	HIP 14751	47.6156	15.99051	107.64	m	7.932	2.772	A5	0.373
HD 157935	HIP 85289	261.42038	16.38397	107.64	m	6.668	1.508	F 5 III	0.401
HD 121137	HIP 67859	208.48507	-19.16814	107.64	e	8.133	2.973	F3 V	0.43
HD 110338	HIP 61930	190.37802	-20.61677	107.64	m	7.928	2.768	F0 IV	0.351
HD 19768	HIP 14946	48.16962	46.2307	107.66	m	8.528	3.368	F5	0.426
HD 122928	HIP 68780	211.17329	6.9984	107.66	m	7.944	2.784	F0	0.313
HD 192510	HIP 100128	304.68182	-61.90671	107.67	m	6.597	1.437	A0 V	0.015
HD 25333	HIP 18703	60.10179	-29.23482	107.67	m	8.975	3.815	F2 V	0.46
HD 224965	HIP 166	0.52131	-56.51493	107.69	m	8.935	3.774	G3 V	0.732
HD 80747	HIP 45887	140.34505	-6.67208	107.7	m	8.723	3.562	G5 V	0.82
HD 112305	HIP 63123	194.00619	-31.48209	107.7	m	7.008	1.847	A0 V	0.11
HD 100267	HIP 56294	173.0981	12.20446	107.71	m	8.473	3.312	F5	0.464
HD 6058	HIP 4638	14.89128	-75.81465	107.72	m	8.119	2.958	G0 IV/V	0.641
HD 212598	HIP 110686	336.37192	4.74794	107.73	m	8.725	3.563	F7 V	0.605
HD 62039	HIP 36658	113.10517	-78.08593	107.73	m	8.195	3.033	F8 V	0.638
HD 115693	HIP 64971	199.74433	-12.64809	107.73	m	7.386	2.224	F2 III/IV	0.408
HD 118252	HIP 66376	204.10909	-42.41534	107.73	m	6.842	1.68	A3MA3-F2	0.285
HD 33562	HIP 23968	77.28138	-42.01887	107.74	m	7.597	2.435	F0 V	0.369
HD 39354	HIP 28243	89.52886	69.60433	107.74	m	7.036	1.874	F0	0.371
HD 49659	HIP 32789	102.5459	16.45374	107.76	m	7.139	1.977	G5	0.913
HD 61951	HIP 37979	116.77032	69.15455	107.76	m	7.156	1.994	F0	0.306
HD 53789	HIP 34610	107.53147	60.08239	107.77	m	8.448	3.286	F2	0.473
HD 106972	HIP 59980	184.51725	18.43505	107.77	m	7.642	2.48	F 6 III	0.531
HD 171309	HIP 91211	279.10496	-46.98593	107.77	m	8.567	3.404	G1 V	0.615
HIP 3059		9.70794	-25.60062	107.78	m	8.846	3.683	K	0.442
HD 79719	HIP 45155	137.98798	-67.72168	107.78	m	7.282	2.119	F2 IV	0.406
HD 153669	HIP 83180	255.00545	19.59337	107.78	m	8.406	3.243	G5	0.922
HD 41268	HIP 28872	91.43636	36.93435	107.8	m	8.816	3.653	G0	0.557
HD 220121	HIP 115309	350.31098	-7.0231	107.81	m	7.904	2.741	F0 V	0.412
HD 29473	HIP 21388	68.86765	-54.89128	107.82	m	7.97	2.807	F8 V	0.641
HD 69892	HIP 41170	126.00056	68.92457	107.82	m	7.148	1.984	F5	0.491
HD 433	HIP 727	2.24969	49.8581	107.82	m	8.055	2.891	A3	0.369
HD 161550	HIP 86861	266.21171	31.13182	107.82	m	8.15	2.986	F8...	0.499
HD 104318	HIP 58586	180.21197	32.96388	107.82	m	7.499	2.335	F2	0.446
HD 20703	HIP 15524	50.00909	-1.59215	107.84	m	7.771	2.607	F5 V	0.497
49 Psc	HD 2714|HIP 2415	7.69647	16.03761	107.85	m	6.837	1.673	A2	0.143
HD 213597	HIP 111271	338.13594	1.58246	107.87	m	7.828	2.663	F0 V	0.398
HD 46745	HIP 31562	99.09318	30.10546	107.87	m	8.426	3.261	F 8 III	0.543
HD 151746	HIP 81757	250.48826	73.88739	107.87	e	6.852	1.687	A2	0.222
HD 145207	HIP 79211	242.49946	-8.2516	107.88	m	8.788	3.623	F5 V	0.576
HD 149486	HIP 81658	250.21131	-69.88342	107.88	m	8.512	3.347	F3/5 IV/V	0.455
HD 141492	HIP 77485	237.32346	3.74909	107.89	m	8.335	3.17	F3 V	0.504
HD 123757	HIP 69106	212.19084	33.79976	107.9	m	8.61	3.445	K 2 III	1.167
HD 146087	HIP 79633	243.74639	-14.639	107.9	m	8.162	2.997	A8/9 IV/V	0.38
HD 165298	HIP 88393	270.74897	46.23585	107.9	m	8.22	3.055	F8	0.467
HD 142700	HIP 78596	240.70621	-74.56184	107.9	m	8.367	3.202	F2/3 V	0.385
HD 155286	HIP 83951	257.40734	23.57792	107.9	m	7.934	2.769	F5	0.494
HD 172711	HIP 91407	279.63345	55.24528	107.91	m	7.669	2.504	F8IV	0.506
HD 16695	HIP 12474	40.14257	-5.02587	107.91	m	8.481	3.316	K0 III/IV	1.154
HD 35270	HIP 25245	80.97451	11.08359	107.91	m	7.634	2.469	F5	0.557
HD 198759	HIP 102981	312.95778	21.86867	107.91	m	8.271	3.106	G0	0.508
HD 23678	HIP 17769	57.06421	34.60083	107.92	m	8.429	3.264	G5	1.022
HD 149058	HIP 80861	247.68256	37.5264	107.93	m	8.496	3.33	G0	0.543
HD 208866	HIP 108560	329.8577	-17.31068	107.94	m	8.583	3.417	G1 V	0.648
HD 56325	HIP 35382	109.62916	41.87167	107.94	m	8.44	3.274	F2	0.426
HD 76913	HIP 44045	134.55464	-30.96687	107.94	m	8.216	3.05	F2 V	0.384
HD 148321	HIP 80673	247.06286	-25.45399	107.94	m	6.993	1.827	A1MA4-A9	0.214
HD 122751	HIP 68727	211.02997	-21.31367	107.95	m	8.592	3.426	F3 V	0.511
HD 118942	HIP 66717	205.13545	-17.34373	107.96	m	8.555	3.389	F3 V	0.4
HD 155212	HIP 84026	257.65289	-10.87702	107.96	m	8.823	3.657	F5 V	0.546
HD 115244	HIP 64710	198.94341	14.96557	107.96	m	8.668	3.502	F2	0.419
HD 134016	HIP 74102	227.17284	-33.94932	107.97	m	8.999	3.833	F5 V	0.484
HD 21978	HIP 16485	53.06408	-7.09013	107.97	m	7.359	2.193	F5 IV/V	0.515
HD 25005	HIP 18416	59.05992	-47.28538	107.98	m	8.757	3.59	F6 V	0.545
HD 13608	HIP 10373	33.41669	32.98134	107.99	m	8.608	3.441	G5	0.797
HD 146902	HIP 80025	245.03669	-36.28786	107.99	m	8.981	3.814	F5/6	0.499
HD 11793	HIP 8943	28.79877	-24.15374	108	m	8.196	3.029	F2 V	0.436
HD 75926	HR 3530|HIP 43486	132.86588	-42.5045	108	m	6.53	1.363	A1 V	0.058
13 Her	HD 146279|HIP 79634	243.75533	11.49003	108.03	m	7.59	2.422	F0	0.345
HD 207827	HIP 107841	327.72058	39.60906	108.03	m	8.293	3.125	G0	0.432
HD 41786	HIP 29077	92.00996	21.29543	108.03	m	7.348	2.18	F0	0.386
HD 127404	HIP 70980	217.76629	7.26395	108.03	m	8.968	3.8	G	0.873
HD 104622	HIP 58743	180.72227	12.80739	108.04	m	7.499	2.331	F0	0.386
HD 209860	HIP 109141	331.62498	-1.29307	108.05	m	8.545	3.377	F3 V	0.488
HD 25031	HIP 18740	60.21154	48.24396	108.05	m	8.781	3.613	F8	0.468
HD 82709	HIP 46856	143.23048	-27.67615	108.05	m	8.074	2.906	A9 V	0.326
HD 209662	HIP 109106	331.51367	-44.53706	108.05	m	7.858	2.69	F0 V	0.375
HD 111520	HIP 62657	192.58216	-49.8636	108.05	m	8.931	3.763	F5/6 V	0.543
HD 155375	HR 6385|HIP 84036	257.69063	12.46698	108.05	m	6.59	1.422	AM	0.101
HD 142081	HIP 77944	238.75867	-53.13754	108.07	m	8.629	3.461	F6 V	0.557
HD 116543	HIP 65406	201.08753	-0.31585	108.07	m	8.183	3.014	F3 V	0.502
HD 213568	HIP 111357	338.40261	-58.21409	108.07	m	7.95	2.781	F0/2 V	0.389
HD 191704	HIP 99394	302.61686	25.04905	108.08	m	7.132	1.963	A0	0.135
HD 43450	HIP 29658	93.72761	-30.85335	108.08	m	7.655	2.486	A3MA7-F0	0.347
HD 139011	HIP 76469	234.25605	-37.24327	108.08	m	8.988	3.819	F8 V	0.581
HD 199695	HIP 103488	314.50955	29.39456	108.09	m	8.084	2.915	F5	0.471
HD 193980	HIP 100621	306.04504	-30.48967	108.1	m	8.126	2.957	F0 V	0.354
HD 155663	HIP 84269	258.40299	-15.56034	108.1	m	6.728	1.559	A3 V	0.185
HD 200157	HIP 103801	315.49931	-11.69627	108.11	m	7.063	1.894	F3/5 V	0.479
HD 47812	HIP 32050	100.44782	30.68408	108.11	e	8.503	3.334	F5	0.427
HD 80146	HIP 45671	139.65109	20.8137	108.11	e	8.691	3.522	F5	0.481
HD 213786	HIP 111335	338.34411	38.12673	108.11	m	8.014	2.845	K0	1.016
HD 148803	HIP 80864	247.68504	-3.67934	108.11	m	8.771	3.602	F6 V	0.606
HD 100546	HIP 56379	173.35601	-70.19479	108.12	m	6.704	1.535	B9 VNE	0.01
HD 125422	HIP 70137	215.27157	-55.52985	108.12	m	8.32	3.151	F3 V	0.441
HD 146789	HIP 79759	244.18665	36.51095	108.12	m	8.166	2.996	F5	0.491
HD 27523	HIP 20433	65.65578	43.44927	108.12	m	7.953	2.783	F5	0.358
HD 40847	HIP 29320	92.74139	76.76427	108.13	m	8.559	3.389	G5	1.146
HIP 69676		213.93558	64.60706	108.13	m	8.944	3.774	G0	0.705
HD 9060	HIP 6920	22.27704	-6.84793	108.13	m	8.254	3.084	F8/G0 V	0.596
HD 101470	HIP 56968	175.17314	8.6722	108.14	m	7.362	2.192	A2	0.232
HD 15014	HIP 11316	36.41568	19.55438	108.15	m	8.064	2.894	K0	1.177
HD 105921	HIP 59437	182.87798	-58.25739	108.15	m	8.971	3.801	F8/G0 V	0.653
HD 12295	HIP 9346	29.99946	-31.74998	108.15	m	8.457	3.287	G1/2 V	0.68
HD 217130	HIP 113427	344.58407	11.28743	108.16	m	7.943	2.773	F5	0.554
HD 156767	HIP 85050	260.7313	-57.88202	108.17	m	8.562	3.392	F8/G2	0.574
HD 101754	HIP 57122	175.66965	11.86404	108.18	m	8.715	3.544	F8	0.485
HD 156113	HIP 84436	258.94078	-1.29342	108.18	m	8.982	3.811	F8 V	0.596
HD 172426	HIP 91535	280.01681	1.29107	108.19	m	8.031	2.86	F3 V/IV	0.468
HD 119702	HIP 66728	205.17008	76.84379	108.19	m	6.707	1.536	A5	0.229
HD 27490	HR 1359|HIP 20138	64.76202	-33.90456	108.2	m	6.508	1.337	A2/3 V	0.111
HD 118009	HIP 66231	203.6091	-17.3512	108.2	m	8.994	3.823	F7 V	0.612
HD 139520	HIP 76706	234.94167	-30.93615	108.2	m	8.886	3.715	F8/G0 V	0.621
HD 218714	HIP 114369	347.45383	37.68717	108.2	m	7.951	2.78	F2	0.422
HD 3802	HIP 3240	10.30296	52.19766	108.2	m	6.742	1.571	A0	0.077
HD 80971	HIP 45968	140.6224	-17.89404	108.2	m	6.996	1.825	F3 III	0.415
HD 24666	HIP 18334	58.78895	-4.97495	108.21	m	7.77	2.599	F0 V	0.394
HD 212538	HIP 110720	336.48587	-45.11327	108.22	m	7.792	2.62	G8 IV	1.161
HD 27251	HIP 20073	64.56245	0.22721	108.24	m	8.59	3.418	G2 V	0.669
HD 203784	HR 8189|HIP 105607	320.84594	37.40655	108.24	m	6.608	1.436	F 6 III	0.531
HD 216685	HIP 113132	343.64854	29.35859	108.24	m	8.796	3.624	F8V	0.553
HD 83339	HIP 48154	147.2339	83.3296	108.24	m	7.922	2.75	F0	0.367
HIP 16359		52.68933	14.29616	108.25	m	8.723	3.551	F8	0.666
HD 122743	HIP 68686	210.90122	8.13049	108.25	m	8.356	3.184	F5	0.459
HD 72719	HIP 41478	126.89087	-75.35868	108.27	m	6.826	1.654	A2 V	0.123
HD 31088	HIP 22692	73.19222	-5.28644	108.27	m	8.451	3.279	G2 V	0.627
HD 58161	HIP 36053	111.45445	33.56718	108.27	m	8.708	3.536	G0	0.65
HD 139676	HIP 76797	235.19652	-35.42767	108.27	m	7.598	2.425	A9 V	0.324
HD 176798	HIP 93266	284.98869	43.25373	108.27	m	7.109	1.936	A3	0.312
HD 81039	HR 3727|HIP 46125	141.0937	36.58709	108.3	m	6.701	1.528	F 0 V	0.215
HD 220847	HIP 115745	351.74813	24.46584	108.31	m	8.913	3.74	F5	0.538
HD 182293	HIP 95291	290.8009	20.27795	108.31	m	7.236	2.063	K1IV	1.377
HD 38094	HIP 27077	86.12912	30.48826	108.31	m	7.469	2.296	G5	0.997
HD 80275	HIP 45607	139.44416	-35.68989	108.33	m	7.808	2.634	K2 III/IV	1.388
HD 156623	HIP 84881	260.2109	-45.42083	108.33	m	7.271	2.097	A0 V	0.103
HD 13376	HIP 10108	32.51695	-29.99619	108.34	m	8.955	3.781	F7 V	0.591
HD 113820	HIP 63981	196.65772	-31.61188	108.34	m	6.88	1.706	K1 III	1.186
HD 91410	HIP 51671	158.34592	7.08371	108.34	m	8.63	3.456	F2	0.473
HD 11042	HIP 8278	26.66389	-61.39099	108.34	m	7.73	2.556	F5 V	0.491
HD 161303	HIP 86852	266.18444	2.4473	108.34	m	8.47	3.296	F3 IV	0.503
HIP 17673		56.78718	87.89673	108.35	m	8.898	3.724	G0	0.488
HD 200811	HIP 104287	316.90698	-51.22511	108.35	m	8.906	3.732	F6 V	0.526
HD 116680	HIP 65478	201.30742	-2.2253	108.37	m	8.41	3.235	F3 V	0.474
HD 107649	HIP 60348	185.60357	-51.02621	108.37	m	8.834	3.659	F5 V	0.52
HD 10023	HIP 7664	24.66289	40.2818	108.37	m	8.423	3.248	F0	0.428
HD 221972	HIP 116502	354.11621	20.66526	108.38	m	7.669	2.494	F2	0.41
HD 213863	HIP 111452	338.67487	-19.85981	108.38	m	8.131	2.956	F0 V	0.396
HD 179889	HIP 96614	294.64177	-85.00466	108.38	m	8.333	3.158	G0/2 V	0.654
HD 78765	HIP 45246	138.3379	65.72037	108.39	m	7.633	2.458	F0	0.426
HD 77426	HIP 44683	136.59348	68.44513	108.4	m	7.109	1.934	A5	0.28
HD 223941	HIP 117826	358.45433	15.48016	108.4	m	8.119	2.944	G5	0.982
HD 164526	HIP 87984	269.59038	55.11362	108.4	m	8.585	3.41	G5	0.55
HD 129308	HIP 71723	220.06985	48.709	108.42	m	7.907	2.732	F0	0.399
HD 198199	HIP 102640	311.9687	27.59544	108.42	m	7.053	1.877	A5	0.278
HD 118281	HIP 66347	203.97498	-9.78516	108.43	m	8.452	3.276	F3/5 V	0.462
HD 234771	HIP 93333	285.14441	52.27261	108.43	m	8.923	3.747	G0	0.504
HD 27361	HIP 20174	64.86901	11.96617	108.43	m	7.657	2.481	F5	0.522
HD 151928	HIP 82492	252.88903	-29.40949	108.43	m	8.355	3.179	G2 V	0.659
HD 87862	HIP 49427	151.35756	-66.15231	108.44	m	8.405	3.229	F2 IV/V	0.394
HD 85693	HIP 48466	148.23486	-26.75561	108.45	m	7.76	2.584	F0 V	0.36
HD 220845	HIP 115734	351.70704	36.10382	108.45	m	8.489	3.313	G5	0.757
HD 119118	HIP 66867	205.56777	-45.44549	108.46	m	8.322	3.146	F2 V	0.454
HD 151012	HIP 82069	251.45193	-26.64941	108.46	m	7.026	1.85	B9.5 V	0.055
HD 67517	HIP 40062	122.75585	54.23423	108.46	m	8.221	3.045	F8V	0.613
HD 102435	HIP 57515	176.83299	-25.96147	108.47	m	7.358	2.181	A5 II/III(M)	0.273
HD 126034	HIP 70316	215.79874	-6.52313	108.47	m	8.754	3.577	F5 V	0.56
HD 179070	HIP 94112	287.36181	38.71402	108.48	m	8.31	3.133	F6IV	0.564
HD 54672	HIP 34457	107.14052	-28.61319	108.48	m	7.601	2.424	F7 V	0.624
HD 78126	HIP 44711	136.65939	2.81842	108.48	m	8.485	3.308	F5/6 V + F7/8 V	0.479
HD 215049	HIP 112136	340.71768	-27.88689	108.49	m	8.37	3.193	G8 IV	0.999
HD 218725	HIP 114373	347.4685	39.46921	108.49	m	6.679	1.502	A 2 VM	0.25
HD 68282	HIP 40200	123.16462	26.2242	108.49	m	8.333	3.156	F0	0.416
HD 208922	HIP 108582	329.93967	-10.31322	108.5	m	7.949	2.772	F3 IV/V	0.51
HD 143525	HIP 78698	240.97371	-58.1165	108.51	m	8.539	3.362	F5/6 V	0.507
HD 99310	HIP 55722	171.26721	-51.8939	108.51	m	8.814	3.637	F7 V	0.589
HD 219892	HIP 115137	349.83475	7.21495	108.52	m	7.496	2.318	K0	1.204
HD 18962	HIP 14476	46.70556	67.41051	108.53	m	7.989	2.811	G0	0.69
HD 120088	HIP 67289	206.85569	-6.70542	108.54	m	7.018	1.84	A9 V	0.276
HD 134187	HIP 74375	227.98326	-64.97224	108.55	m	8.625	3.447	G0 V	0.676
HD 216969	HIP 113367	344.41071	-25.44806	108.56	m	8.718	3.54	F5	0.553
HD 10188	HIP 7693	24.75815	-33.46813	108.56	m	8.979	3.801	G5 V(CNIV)	0.794
HD 122673	HIP 68482	210.30223	62.57704	108.57	m	8.558	3.38	G0	0.465
HD 85844	HIP 48590	148.64257	-0.40501	108.57	m	8.252	3.073	A5/7 II	0.292
HD 9626	HIP 7324	23.58086	-8.45775	108.58	e	8.103	2.924	F7 V	0.538
HD 5558	HIP 4485	14.37	9.51973	108.58	m	8.712	3.533	F8	0.558
HD 21176	HIP 15747	50.71961	-51.31227	108.58	m	7.974	2.795	F5 V	0.528
HD 80831	HIP 45890	140.35253	-24.81237	108.59	m	7.862	2.683	F2 IV/V	0.314
HD 211433	HIP 109992	334.16784	22.89608	108.59	m	6.937	1.758	A M:	0.163
HD 29249	HIP 21378	68.81293	-29.35743	108.6	m	8.82	3.641	G8/K0 V	1.097
HD 89101	HIP 50304	154.06307	-27.70973	108.6	m	8.308	3.129	F0 V	0.378
HD 149348	HIP 81115	248.50649	1.43196	108.6	m	7.739	2.56	A6/8 V	0.277
HD 143020	HIP 78308	239.83937	-37.53006	108.62	m	8.493	3.314	F5 V	0.417
HD 17762	HIP 13306	42.80624	4.44038	108.63	m	8.738	3.558	G2 V	0.659
HD 6114	HR 289|HIP 4911	15.75644	47.37613	108.63	m	6.759	1.579	A 9 V	0.226
HD 11697	HIP 9024	29.0553	53.6065	108.63	m	8.56	3.38	F5	0.464
HD 153182	HIP 83339	255.47589	-62.1406	108.64	m	7.647	2.467	A8/9 III	0.321
HD 67345	HIP 40127	122.94929	66.01705	108.64	m	8.569	3.389	F0	0.471
HD 214037	HIP 111442	338.65141	48.75619	108.65	m	7.789	2.609	F5	0.53
HD 164372	HIP 87199	267.21576	79.33269	108.65	m	7.53	2.35	F2	0.415
HD 28554	HIP 20645	66.36526	-65.81268	108.65	m	8.118	2.938	F2 V	0.424
HD 24779	HIP 18449	59.15042	6.71056	108.66	m	7.883	2.703	F0	0.385
HD 133585	HIP 73889	226.52801	-28.29102	108.68	m	8.818	3.637	G6 V	0.804
HD 8696	HIP 6634	21.28107	-39.37832	108.68	m	7.694	2.513	K1 III	1.19
HD 110611	HIP 61962	190.47162	75.35624	108.68	m	8.134	2.953	K0	1.112
HD 147435	HIP 80307	245.93847	-41.24717	108.69	m	8.104	2.923	F2/F3IV:	0.338
HD 33231	HIP 24404	78.53253	67.48176	108.69	m	7.145	1.964	A0	0.148
HD 193374	HIP 100265	305.05679	0.7408	108.69	m	8.057	2.876	F5 V	0.469
HD 215460	HIP 112336	341.30623	6.4026	108.69	m	8.4	3.219	F0	0.472
HD 214553	HIP 111885	339.9511	-46.68605	108.7	m	8.906	3.725	F5 V	0.533
HD 133500	HIP 73857	226.41776	-28.71476	108.7	m	8.848	3.667	F3/5 V	0.521
HD 16118	HIP 11979	38.63462	-29.94966	108.72	m	8.213	3.032	F6 V	0.573
HD 35567	HIP 25259	81.03411	-34.41539	108.72	m	7.475	2.293	A4 V	0.224
HD 213272	HR 8569|HIP 111041	337.43348	35.72563	108.72	m	6.564	1.382	A 2 V	0.052
HD 17242	HIP 12864	41.34496	-24.65211	108.72	m	8.28	3.098	F3 V	0.427
HD 104436	HIP 58650	180.40541	64.93934	108.73	m	7.266	2.084	A3	0.3
HD 1683	HIP 1667	5.22389	-39.23987	108.73	m	7.188	2.006	F6 V	0.543
HD 34531	HIP 25653	82.19994	78.30037	108.74	m	6.766	1.584	F0	0.395
HD 31131	HIP 22551	72.80417	-43.05169	108.76	m	8.152	2.97	F3 V	0.487
HD 5220	HIP 4149	13.25296	-61.07699	108.76	m	8.408	3.226	F7/8 V	0.658
HD 218631	HIP 114428	347.61288	-60.5644	108.77	m	6.74	1.557	A7 III	0.251
HD 206681	HIP 107356	326.16708	-35.6159	108.78	m	8.417	3.234	G2 V	0.799
HD 122967	HIP 68623	210.71109	62.26994	108.78	m	8.173	2.99	F3V	0.37
HD 94093	HIP 53048	162.8058	-32.43007	108.78	m	8.956	3.773	G2 V	0.674
HD 10190	HIP 7667	24.67773	-44.59421	108.79	m	8.715	3.532	F6 V	0.508
HD 189073	HIP 98301	299.59488	-2.23177	108.79	m	7.538	2.355	F3 V	0.504
HD 135004	HIP 74435	228.18781	3.54418	108.79	m	7.825	2.642	F3 V	0.536
HD 218859	HIP 114528	347.96348	-44.7256	108.81	m	8.365	3.182	F7 V	0.53
HD 198705	HIP 102997	313.01317	7.58243	108.82	m	8.056	2.872	F0	0.393
HD 151029	HIP 81971	251.17671	2.33285	108.82	m	7.487	2.303	A3/5 V	0.199
HD 225167	HIP 313	0.99118	-48.12518	108.83	m	8.249	3.065	F3/5 V	0.41
HD 4552	HIP 3712	11.92151	12.87928	108.83	m	8.969	3.785	F8	0.597
HD 14155	HIP 10731	34.52816	29.84729	108.87	m	7.459	2.275	A3	0.182
HD 161019	HIP 86627	265.50666	27.64519	108.88	m	6.745	1.56	A3	0.191
HD 169506	HIP 91271	279.26095	-79.6291	108.89	m	8.025	2.84	G0 V	0.669
HD 4262	HIP 3492	11.15183	-42.59857	108.89	m	8.332	3.147	F2 V	0.418
HD 113766	HIP 63975	196.64912	-46.03387	108.9	m	8.129	2.944	F3/5 V	0.408
HD 150761	HIP 82466	252.794	-75.63427	108.9	m	8.852	3.667	G0 V	0.604
HD 132422	HIP 73105	224.12333	59.37988	108.9	m	8.255	3.07	F8	0.42
HD 193709	HIP 100427	305.47601	-6.56681	108.91	m	8.076	2.891	A7 III	0.35
HD 120980	HIP 67547	207.61297	65.98011	108.92	m	8.156	2.971	F1III	0.373
HD 93864	HIP 52968	162.49379	-7.48242	108.92	m	8.101	2.916	G8 IV	1.006
HD 11874	HIP 9278	29.81212	67.04352	108.92	m	7.379	2.193	A3	0.205
HD 198928	HIP 103468	314.44478	-68.42474	108.92	m	7.04	1.854	A4 V	0.188
HD 171299	HIP 90186	276.04375	77.56138	108.93	m	7.131	1.945	K0	1.154
HD 369	HIP 648	2.00143	-78.59875	108.93	m	7.193	2.007	A3 V	0.172
HD 89932	HIP 50831	155.68755	1.15148	108.93	m	8.466	3.28	F2 V	0.437
HD 48458	HIP 32161	100.73786	-15.73418	108.93	m	7.848	2.662	F3 V	0.456
HD 26769	HIP 19687	63.25996	-26.43489	108.93	m	8.566	3.38	F7 V	0.606
HIP 79353		242.93025	35.12476	108.93	m	8.706	3.52	G0	0.637
HD 9063	HIP 6897	22.19958	-24.79792	108.93	m	7.066	1.88	A8 V	0.254
HD 19808	HIP 14907	48.09705	34.99218	108.94	m	8.802	3.616	F5IV	0.463
HD 76350	HIP 43858	134.01836	15.72386	108.95	m	8.031	2.845	F8	0.501
HD 167065	HIP 89301	273.3283	9.09703	108.95	m	8.087	2.901	F8	0.638
HD 195631	HIP 101305	308.00757	14.2742	108.95	m	8.481	3.295	G0	0.669
HD 221946	HIP 116461	353.9748	66.8597	108.96	m	8.54	3.354	G0	0.634
HD 84659	HIP 48111	147.14372	54.26491	108.96	m	7.544	2.358	F0	0.4
HD 38967	HIP 27440	87.15195	-20.63366	108.96	m	8.625	3.439	F3 V	0.439
HD 13929	HIP 10690	34.39122	58.01992	108.97	m	7.502	2.315	AM	0.286
HD 187565	HIP 97543	297.38184	29.37498	108.97	m	8.148	2.961	F8V	0.501
HD 130140	HIP 72585	222.62844	-70.53514	108.98	m	8.52	3.333	G5 V	0.724
HD 90457	HIP 50913	155.94774	-71.71557	108.98	m	8.456	3.269	F5 V	0.473
HD 61602	HIP 37434	115.26307	24.96514	108.98	m	7.309	2.122	F8	0.564
HD 210431	HIP 109191	331.79539	72.37285	108.99	m	6.857	1.67	A0	0.145
HD 104076	HIP 58454	179.80651	24.62801	108.99	m	8.474	3.287	G0V	0.691
HD 101506	HIP 56967	175.17113	-38.57586	109	m	8.363	3.176	F5 IV	0.509
HD 131113	HIP 72656	222.84271	13.69289	109	m	8.714	3.527	G5	0.514
HD 202578	HIP 105083	319.31489	-21.74148	109	m	8.014	2.827	F5 V	0.439
HD 108425	HIP 60766	186.84024	7.14844	109.01	m	8.472	3.285	F2	0.467
HD 36648	HIP 25856	82.79355	-42.29982	109.03	m	7.187	1.999	A7/F0V + F/G	0.321
HD 98126	HIP 55100	169.2213	-38.39874	109.03	m	7.004	1.816	K1/2 III	1.3
HD 61192	HIP 37004	114.07188	-40.53127	109.03	m	7.502	2.314	A3 V	0.214
HD 138916	HIP 75983	232.75988	66.67127	109.04	m	8.311	3.123	F0	0.364
HD 115600	HIP 64995	199.83143	-59.47234	109.04	m	8.261	3.073	F2 IV/V	0.401
HD 223694	HIP 117653	357.9105	57.20752	109.04	m	8.061	2.873	F0	0.468
HD 10694	HIP 8204	26.3746	44.80638	109.05	m	8.831	3.643	F 4 III	0.385
HD 140900	HIP 77330	236.81571	-32.61506	109.05	m	8.689	3.501	F3/5 V	0.483
HD 104379	HIP 58615	180.30475	30.6383	109.05	m	7.916	2.728	F8	0.573
HD 89862	HIP 50892	155.88447	56.52128	109.07	m	8.309	3.12	K0IV	1.087
HD 206261	HIP 106969	324.97401	39.51495	109.08	m	7.01	1.821	A2	0.283
HD 213241	HIP 111145	337.76796	-50.39634	109.08	m	8.375	3.186	F5 V	0.48
HD 210789	HIP 109621	333.09595	25.48349	109.08	m	8.209	3.02	K2III	1.216
HD 154519	HIP 83699	256.59216	-12.41108	109.09	m	7.997	2.808	F2/3 IV/V	0.465
HD 90546	HIP 51123	156.66632	-33.68318	109.09	m	8.396	3.207	F2 V	0.443
HD 109106	HIP 61197	188.10503	-22.17109	109.09	m	8.04	2.851	A9 V	0.348
HD 88972	HIP 50250	153.91009	-11.1884	109.09	m	8.005	2.816	F0 IV	0.394
HD 202690	HIP 105291	319.90202	-54.55895	109.1	m	8.097	2.908	F2 V	0.394
HD 147123	HIP 80160	245.44067	-42.00373	109.1	m	7.467	2.278	A5MF0-F3	0.368
HD 138790	HIP 76293	233.77597	-25.10562	109.11	m	8.088	2.899	F0/2 V	0.451
HD 64502	HIP 38459	118.17381	-37.97975	109.12	m	8.552	3.363	K1 III	1.17
HD 142816	HIP 78001	238.92325	28.41871	109.12	m	8.213	3.024	F5	0.533
HD 77232	HIP 44246	135.15842	-21.21586	109.13	m	7.147	1.957	F2 III	0.386
HD 146102	HIP 79595	243.59218	2.64719	109.13	m	6.987	1.797	F5 V	0.547
HD 15209	HIP 11520	37.14135	48.29421	109.14	m	7.87	2.68	F8	0.539
HD 85672	HIP 48541	148.49646	27.69545	109.15	m	7.607	2.417	A0	0.188
HD 137396	HIP 75554	231.52465	-11.69881	109.15	m	8.496	3.306	F2/3 IV/V	0.439
HD 220346	HIP 115422	350.7094	27.57443	109.15	m	8.82	3.63	G	0.526
HD 88110	HIP 49725	152.28265	-23.56663	109.15	m	8.184	2.994	G8 V	0.97
HD 201767	HIP 104654	317.98881	-11.51207	109.16	m	8.932	3.742	G1 V	0.633
HD 172181	HIP 91647	280.33759	-50.47266	109.16	m	6.642	1.452	G8 III	1.013
HD 134854	HIP 74359	227.94876	10.21658	109.17	m	6.881	1.691	A0	0.06
HD 70300	HIP 40896	125.18971	-14.36312	109.17	m	7.596	2.406	A8 III	0.311
HD 62351	HIP 37608	115.74565	-17.06159	109.17	e	6.665	1.474	G5/6 IV	0.91
HD 131597	HIP 72803	223.21495	48.46842	109.17	m	8.484	3.293	G0	0.836
HD 135562	HIP 74788	229.26604	-37.72482	109.18	m	8.387	3.196	G2 V	0.656
HD 16189	HIP 12113	39.01074	6.43242	109.18	m	7.039	1.848	A5	0.301
HD 119562	HIP 66945	205.81107	38.25203	109.18	m	8.309	3.118	F8	0.398
HD 199150	HIP 103363	314.1179	-37.33685	109.18	m	8.454	3.263	F5 V	0.486
HD 87865	HIP 49685	152.13762	30.59435	109.19	m	8.804	3.613	F8	0.496
HD 104724	HIP 58790	180.87756	-72.19438	109.19	m	8.099	2.908	G5 IV	0.846
HD 35365	HIP 25286	81.138	9.17089	109.2	m	8.569	3.378	F5	0.43
HD 34252	HIP 24609	79.17699	17.02	109.2	m	8.168	2.977	F0	0.35
HD 105823	HIP 59371	182.71247	50.54704	109.2	m	8.111	2.92	F5	0.56
HD 122253	HIP 68369	209.923	42.04981	109.2	m	7.896	2.705	K0	1.056
HD 201906	HR 8111|HIP 105169	319.56771	-75.34676	109.21	m	6.608	1.417	A1 V	0.03
HD 126653	HIP 70713	216.93858	-35.25393	109.22	m	8.272	3.081	F8 V	0.622
HD 9595	HIP 7312	23.53165	2.4463	109.22	m	8.987	3.795	G1 V	0.654
HD 19504	HIP 14591	47.10482	10.79588	109.23	m	7.351	2.159	F 4 V	0.447
HD 511	HIP 777	2.39673	-21.38186	109.23	m	8.953	3.761	F5 V	0.521
HD 168214	HIP 89881	275.11183	-40.27271	109.24	m	8.035	2.843	G6P BA	1.073
HD 36440	HIP 25997	83.2329	28.33599	109.24	m	8.771	3.579	F2	0.521
HD 214764	HIP 111829	339.77244	58.92749	109.24	m	7.056	1.864	F0	0.387
HD 198962	HIP 103164	313.52017	-4.54218	109.24	m	6.819	1.627	A5 IV	0.271
HD 63233	HIP 37968	116.73798	-25.37046	109.24	m	8.332	3.14	F5 V	0.529
HD 24443	HIP 18220	58.43891	13.50501	109.24	m	8.308	3.116	F5	0.494
HD 129417	HIP 71970	220.79176	-25.11017	109.25	m	8.195	3.003	F3 V	0.474
HD 25720	HIP 19093	61.40316	19.95501	109.25	m	8.328	3.136	F5	0.474
HD 184081	HIP 96250	293.57294	-37.53722	109.25	m	8.88	3.688	G6 V	0.807
HD 47002	HIP 31264	98.35265	-52.48409	109.25	m	8.958	3.766	G8 III/IV	1.127
HD 61233	HIP 37368	115.05825	42.10435	109.26	m	8.642	3.45	F5	0.524
HD 215233	HIP 112232	340.9616	-11.48315	109.27	m	8.966	3.774	F6 V	0.501
HD 25391	HIP 18864	60.66049	15.06203	109.27	m	8.817	3.624	G0V:	0.752
HD 103877	HIP 58327	179.42665	17.46784	109.28	m	6.826	1.633	A M	0.432
HD 130503	HIP 72421	222.12217	3.29574	109.29	m	8.48	3.287	F5 V	0.514
HD 101065	HIP 56709	174.40434	-46.70968	109.29	m	8.09	2.897	B5	0.857
HD 3398	HIP 2918	9.23793	5.4125	109.31	m	8.283	3.09	F3 V	0.456
HD 25568	HIP 19107	61.43151	47.22486	109.31	m	8.482	3.289	F5	0.507
HD 15546	HIP 11469	36.98889	-58.13961	109.31	m	8.044	2.851	F6 V	0.576
HD 195397	HIP 101181	307.6395	13.8173	109.31	m	8.078	2.885	F8	0.506
HD 130339	HIP 75386	231.06644	-87.71203	109.31	m	7.616	2.423	G6 III	1.038
HD 207365	HIP 107911	327.94763	-70.35169	109.32	m	7.849	2.656	F6 V	0.564
HD 109982	HIP 61705	189.72037	24.3987	109.32	m	8.801	3.607	F 5 V	0.475
HD 122259	HIP 68532	210.44043	-39.43862	109.33	m	7.566	2.372	A3 IV/V	0.179
HD 14285	HIP 10728	34.51574	-23.628	109.33	m	7.287	2.093	F2 V	0.403
HD 13388	HIP 10067	32.39075	-45.46682	109.34	m	7.416	2.222	F0/2 IV	0.408
HD 21963	HIP 16532	53.22351	15.54981	109.34	m	8.673	3.479	G0	0.446
HD 45750	HIP 30676	96.69046	-46.98871	109.35	m	8.425	3.231	F3 V	0.46
HD 110661	HIP 62113	190.95246	-9.76862	109.36	m	7.765	2.571	F0 IV/V	0.344
HD 212268	HIP 110422	335.49612	48.84954	109.37	m	7.931	2.737	A3	0.345
HD 111161	HIP 62482	192.06945	-67.13121	109.37	m	7.628	2.434	A3 III/IV	0.192
HD 221074	HIP 115874	352.13906	48.64435	109.37	m	8.036	2.841	F0	0.418
HD 62946	HIP 38149	117.27332	52.51514	109.37	m	8.356	3.161	F5	0.597
HD 150826	HIP 81612	250.03167	58.12018	109.38	m	8.291	3.096	F6IV	0.515
HD 213776	HIP 111303	338.22385	49.38734	109.39	m	7.759	2.564	F 4 V	0.487
HD 209775	HIP 109055	331.38536	17.51053	109.41	m	7.617	2.422	F0	0.322
HD 254374	HIP 29828	94.21998	17.43831	109.41	m	8.896	3.701	F8IV	0.626
HD 145551	HIP 79371	242.9872	-10.62233	109.41	m	8.95	3.755	F5/6 V	0.625
HD 10920	HIP 8296	26.74316	-13.88871	109.43	m	6.697	1.501	A1 V	0.104
HD 29405	HIP 21557	69.42843	-2.64651	109.44	m	7.263	2.067	K0 III	1.116
HD 10693	HIP 7560	24.34842	-82.28188	109.45	m	7.598	2.402	G5 (III) + K1/2	1.169
HD 70881	HIP 41190	126.08186	-2.42307	109.45	m	8.908	3.712	G3/5 V	0.726
HD 60629	HR 2912|HIP 36837	113.62018	-26.11685	109.45	m	6.636	1.44	A0V	-0.007
HD 1770	HIP 1760	5.57212	37.76121	109.46	m	7.617	2.421	G5	1.113
HD 216099	HIP 112848	342.79871	-59.09736	109.47	m	7.341	2.145	F0 V	0.328
HD 38823	HIP 27423	87.10627	-0.75961	109.48	m	7.363	2.166	Ap SrEuCr	0.433
HD 153150	HIP 83070	254.61777	-20.78563	109.48	m	8.894	3.697	F3 V	0.421
HD 106101	HIP 59541	183.14912	-52.77749	109.49	m	7.388	2.191	A1/2 V	0.134
HD 175297	HIP 92854	283.81367	-14.69106	109.49	m	7.319	2.122	A9/F0 V(W)	0.417
HD 206586	HIP 107125	325.49633	42.56912	109.49	m	8.012	2.815	G0	0.589
HD 22820	HIP 17101	54.9466	-6.77716	109.5	m	6.976	1.779	A2 III	0.156
HD 140612	HIP 76936	235.65801	45.76206	109.5	m	7.05	1.853	F0	0.39
Gl 9258	HD 68586|HIP 40221	123.21675	-7.20464	109.51	m	8.007	2.81	G8 IV	1.029
HD 126719	HIP 70564	216.50992	42.21808	109.51	m	8.96	3.763	G5	0.723
HD 148153	HIP 80586	246.80218	-27.18942	109.51	m	8.296	3.099	F5 V	0.439
HD 126390	HIP 70631	216.721	-53.93969	109.51	m	8.332	3.135	F3 V	0.479
HD 205580	HIP 106773	324.41851	-46.04153	109.52	m	8.999	3.802	F8 V	0.564
HD 114380	HIP 64243	197.50174	16.14793	109.52	m	7.887	2.689	F2	0.452
HD 133468	HIP 73835	226.34354	-26.85178	109.52	m	8.446	3.248	F6 V	0.539
HD 10128	HIP 7706	24.7984	12.44041	109.52	m	8.302	3.104	F0	0.461
HD 8248	HIP 6384	20.51034	15.78921	109.53	m	7.399	2.201	F 8 V	0.521
HD 129226	HIP 71623	219.72932	60.71716	109.54	m	8.456	3.258	F5	0.459
HD 19389	HIP 14554	46.96761	23.68793	109.54	m	8.014	2.816	A5	0.322
HD 95895	HIP 54437	167.07617	82.74305	109.54	m	8.327	3.129	F8	0.626
HD 197097	HIP 102293	310.9006	-51.80116	109.54	m	8.016	2.818	F0 (IV)	0.365
HD 120636	HIP 67540	207.58585	21.25562	109.54	m	7.371	2.173	G0	1.05
HD 178156	HIP 93571	285.86993	62.09449	109.55	m	7.119	1.921	G5	0.706
HD 149823	HIP 81350	249.20844	9.13338	109.55	m	8.868	3.67	G0	0.417
HD 36272	HIP 25765	82.52924	-11.44032	109.56	m	8.689	3.491	F3/5 V	0.448
HD 16621	HIP 12386	39.86528	-13.33502	109.56	m	8.24	3.042	F3 V	0.445
HD 12134	HIP 9272	29.79308	0.50692	109.57	m	8.308	3.11	F0 V	0.385
45 LMi	HD 94218|HIP 53195	163.20353	27.8652	109.58	m	7.522	2.323	F 5 IV	0.465
HD 16983	HIP 12742	40.95466	16.10395	109.59	m	8.699	3.5	G5	0.819
HD 161945	HIP 87227	267.33602	-23.36922	109.59	m	7.855	2.656	A9 V	0.309
HD 203694	HIP 105331	320.03159	69.56821	109.6	m	7.72	2.521	A5	0.309
HD 109324	HIP 61342	188.53685	-50.06026	109.6	m	7.25	2.051	A3 V	0.178
HD 132740	HIP 73437	225.09991	12.47593	109.61	m	8.835	3.636	G0	0.67
HD 109142	HIP 61214	188.15534	-24.20091	109.61	m	7.508	2.309	A3MA3-F0	0.281
HD 89417	HIP 50539	154.84181	9.21293	109.61	m	7.895	2.696	F5	0.584
HD 46094	HIP 30976	97.52198	-28.65809	109.62	m	8.356	3.157	F6 V	0.554
HD 172407	HIP 91621	280.27659	-26.74058	109.62	m	8.462	3.262	F5 V	0.558
HD 25657	HIP 19089	61.40023	34.23916	109.62	m	6.691	1.491	F2	0.473
HD 22056	HIP 15540	50.04892	-82.26513	109.63	m	8.344	3.144	F2 V	0.448
HD 102355	HIP 57498	176.78249	61.40186	109.64	m	6.617	1.417	F0	0.258
HD 77211	HIP 44313	135.37413	15.19276	109.65	m	8.416	3.216	F2V	0.472
HD 12280	HIP 9482	30.49788	52.65514	109.65	m	8.241	3.041	F5	0.495
HD 856	HIP 1028	3.20681	-31.8976	109.66	m	8.84	3.64	G3/5 V	0.865
HD 109421	HIP 61373	188.65415	-16.35439	109.66	m	7.812	2.612	F2 IV	0.356
HD 66747	HIP 39355	120.67055	-49.95047	109.66	m	6.635	1.435	F3 III	0.404
HD 74404	HIP 42622	130.29179	-57.47846	109.69	m	8.307	3.106	F6 V	0.551
HD 167260	HIP 89186	273.0213	46.73651	109.69	m	8.532	3.331	G5	0.603
HD 221193	HIP 115978	352.46698	11.67902	109.69	m	8.492	3.291	F2	0.445
HD 123980	HIP 69265	212.69897	0.79958	109.7	m	6.874	1.673	A3 V	0.165
HD 132582	HIP 73286	224.66768	38.51928	109.7	m	8.406	3.205	G5	0.579
HD 90789	HIP 51417	157.52272	52.25752	109.71	m	8.257	3.056	F5	0.513
HD 60556	HIP 36770	113.43981	-30.38955	109.71	m	8.049	2.848	F0 V	0.375
HD 117104	HIP 65726	202.111	-25.21283	109.72	m	7.398	2.197	F3/5 V	0.468
HD 141863	HIP 78079	239.14328	-70.91923	109.72	m	8.288	3.087	F5 V	0.468
HD 190401	HIP 98728	300.78789	41.47446	109.73	m	7.027	1.825	AM	0.375
HD 107659	HIP 60341	185.586	-2.77619	109.73	m	8.934	3.732	F7 V	0.515
HD 737	HIP 952	2.94076	27.51019	109.74	m	8.482	3.28	F5V	0.482
HD 81457	HIP 46468	142.16175	64.35265	109.74	m	8.761	3.559	F8	0.51
HD 27097	HIP 19838	63.79826	-38.29493	109.74	m	7.158	1.956	G8 IV	1.069
HD 129149	HIP 71393	218.98571	74.28335	109.75	m	8.791	3.589	F5	0.451
HD 142979	HIP 78110	239.24029	20.0383	109.75	m	8.313	3.111	F2	0.441
HD 1169	HIP 1286	4.02257	8.11555	109.75	m	7.632	2.43	A5	0.342
HD 102343	HIP 57470	176.71123	15.00194	109.75	m	7.923	2.721	A5	0.329
HD 81067	HIP 46068	140.91777	5.21956	109.75	m	6.877	1.675	A2	0.236
HD 158523	HIP 85630	262.48443	-1.30637	109.76	m	8.552	3.35	F3 V	0.526
HD 178277	HIP 93885	286.78341	22.58437	109.77	m	7.465	2.263	F0	0.225
HD 6586	HIP 5249	16.78826	38.65045	109.77	e	7.62	2.418	F 8 V	0.566
HD 104327	HIP 58580	180.20075	-37.47924	109.77	m	8.335	3.133	F3 V	0.471
HD 10798	HIP 8168	26.25761	-31.3859	109.77	m	7.687	2.485	A8 IV (+ F)	0.335
HD 126394	HIP 70390	216.02864	41.03945	109.78	m	7.803	2.6	F5	0.505
HD 223743	HIP 117704	358.07016	1.49856	109.78	m	8.177	2.974	F0 V	0.363
HD 81863	HIP 46413	141.97477	-14.86825	109.78	m	7.497	2.294	F7/8 III	0.55
HD 107935	HIP 60490	186.01442	25.85123	109.79	m	6.722	1.519	AM	0.246
HD 222843	HIP 117070	355.99598	17.51165	109.79	m	7.76	2.557	F5	0.448
HIP 62488		192.07895	-67.13174	109.79	m	8.737	3.534		0.386
HD 77915	HIP 44578	136.23894	-10.12189	109.79	m	7.289	2.086	F0 V	0.322
HD 11465	HIP 8802	28.28518	21.98637	109.8	m	8.273	3.07	F8	0.528
HIP 2715		8.62801	-4.54263	109.8	m	8.651	3.448	G0	0.723
HD 138311	HIP 76056	232.98643	-20.62875	109.8	m	8.891	3.688	F5 V	0.488
HD 154116	HIP 83514	256.01221	-16.19239	109.81	m	8.612	3.409	G8 V	0.937
HD 208015	HIP 108126	328.58686	-38.46679	109.81	m	8.677	3.474	F6 V	0.54
HD 54808	HIP 34629	107.59633	0.26205	109.81	m	8.8	3.597	F3 V	0.465
HD 155554	HIP 84359	258.7027	-48.70821	109.81	m	8.225	3.022	F2 V	0.363
HD 3622	HIP 3064	9.72106	-25.5958	109.82	m	7.783	2.58	A5 V	0.236
HD 127850	HIP 71437	219.12748	-64.14658	109.82	m	8.092	2.889	F5 V	0.486
HD 1736	HIP 1718	5.39773	-16.20755	109.83	m	8.66	3.456	F5 V	0.498
HD 122517	HIP 68513	210.39305	36.22421	109.84	m	7.625	2.421	K0	0.983
HD 99518	HIP 55873	171.78747	25.0278	109.85	m	7.745	2.541	F0	0.368
HD 17727	HIP 13236	42.59543	-11.53303	109.86	m	8.732	3.528	G0 V	0.63
HD 24314	HIP 18098	58.02706	-3.41662	109.86	m	8.605	3.401	F6 V	0.528
HD 141693	HIP 77570	237.54942	5.95478	109.87	m	7.126	1.922	A0	0.155
HD 197573	HIP 102331	311.00015	21.40066	109.87	m	7.171	1.967	A2	0.149
HD 41612	HIP 28745	91.06102	-41.15368	109.88	m	8.705	3.501	F5 V	0.488
HD 7988	HIP 5889	18.91712	-78.38149	109.88	m	8.893	3.688	G3 IV	0.712
HD 160215	HIP 86169	264.13206	44.72336	109.9	m	8.263	3.058	G5	1.147
HD 165397	HIP 88417	270.79212	50.06533	109.9	m	8.509	3.304	F8	0.622
HD 17527	HIP 13066	41.99043	-24.79968	109.91	m	8.122	2.917	K0 IV/V	1.179
HD 166116	HIP 89209	273.08774	-55.49254	109.91	m	8.768	3.563	K0 IV	1.016
HD 29280	HIP 22405	72.32299	80.65048	109.92	m	8.007	2.802	G5	1.238
HD 139691	HIP 76566	234.55898	36.24723	109.93	m	8.065	2.859	F5	0.389
HD 14552	HIP 11156	35.87891	61.77365	109.93	m	8.78	3.574	F5V	0.438
HD 20645	HIP 15519	49.99684	17.50097	109.93	m	7.79	2.584	F0	0.334
HD 205853	HIP 106788	324.4438	15.05783	109.94	m	8.334	3.128	F2	0.358
HD 140577	HIP 77155	236.29739	-22.89048	109.94	m	8.915	3.709	F5 V	0.588
HD 128117	HIP 71383	218.95985	-29.51483	109.95	m	8.9	3.694	F6 V	0.573
HD 186613	HIP 97294	296.60598	-24.87839	109.95	m	8.233	3.027	F5 V	0.417
HIP 76563		234.55381	36.24686	109.96	m	7.851	2.645	F5	0.458
HD 3213	HIP 2780	8.86894	11.84017	109.96	m	8.419	3.213	G0	0.611
HD 133909	HIP 73730	226.0734	59.53505	109.96	m	7.421	2.215	A2	0.208
HD 162383	HIP 87231	267.35183	33.18961	109.97	m	8.336	3.13	F5	0.424
HD 187727	HIP 97364	296.84571	64.69418	109.97	m	8.877	3.671	F5...	0.46
HD 139883	HIP 76875	235.47174	-34.88886	109.98	m	8.408	3.201	F2 V	0.417
HD 151766	HIP 82276	252.17803	18.31893	109.98	m	7.659	2.452	F8	0.586
HD 127663	HIP 71008	217.83516	43.38234	109.98	m	6.739	1.532	A2	0.1
HD 40957	HIP 28775	91.14026	45.58624	109.99	m	7.354	2.147	A2	0.256
HD 102059	HIP 57275	176.17316	-4.51079	110	m	7.813	2.606	F2 V	0.457
HD 345957	HIP 99423	302.70067	23.96514	110	m	8.94	3.733	G 0 V WLE	0.502
HD 218827	HIP 114640	348.35757	-78.34627	110	m	8.898	3.691	G0 IV	0.622
HD 106025	HIP 59478	182.98877	12.99997	110	m	8.711	3.504	F8	0.437
HD 166991	HIP 89277	273.26597	2.9806	110	m	6.843	1.636	A1 V	0.112
HD 160388	HIP 86444	264.947	-4.96802	110.01	m	7.83	2.623	F2 V	0.448
HD 23669	HIP 17551	56.3829	-37.88305	110.02	m	8.883	3.676	F7 V	0.565
HD 74603	HIP 42212	129.09244	-78.49564	110.02	m	8.472	3.265	F3 V	0.45
HD 132408	HIP 73248	224.55311	26.81693	110.03	m	7.599	2.392	F8	0.5
HD 11547	HIP 8857	28.48246	25.77623	110.03	m	7.564	2.356	F0	0.401
HD 25952	HIP 19193	61.69925	4.8883	110.03	m	8.926	3.718	F5 V	0.501
HD 19649	HIP 14696	47.46473	1.4843	110.03	m	7.682	2.474	F2 V	0.402
HD 2830	HIP 2496	7.91979	-1.79367	110.04	m	7.064	1.856	A1/2 V	0.106
HD 78156	HIP 44736	136.74555	8.32895	110.04	m	7.909	2.701	F0	0.476
HD 231582	HIP 95844	292.39925	17.58492	110.04	m	8.544	3.336	F8	0.537
HD 208718	HIP 108439	329.50605	5.94035	110.05	m	7.212	2.004	A M	0.197
HD 83288	HIP 47258	144.48451	24.06744	110.05	m	8.817	3.609	F5	0.44
HD 213722	HIP 111324	338.30521	17.78513	110.05	m	7.853	2.645	F8	0.604
HD 114193	HIP 64193	197.33762	-27.72795	110.06	m	8.446	3.238	F3 V	0.461
HD 75370	HIP 44402	135.67864	82.74487	110.07	m	7.034	1.826	F0	0.42
HD 152056	HIP 82524	253.00914	-22.90929	110.07	m	8.292	3.084	F0 V	0.398
HD 19732	HIP 14512	46.85367	-62.18395	110.09	m	8.54	3.331	F5 V	0.47
HD 86760	HIP 49167	150.50623	52.38161	110.09	m	8.733	3.524	K0	0.894
HD 206703	HIP 107324	326.07883	-15.97165	110.1	m	7.539	2.33	A2/3 V	0.227
HD 105016	HIP 58960	181.34544	-62.97575	110.1	m	6.722	1.513	A3MA7-F0	0.32
HD 42958	HIP 29552	93.40244	-1.82269	110.1	m	8.077	2.868	F3 V	0.492
HIP 76221		233.55515	23.63806	110.11	m	8.885	3.676	G0	0.561
HD 6259	HIP 5025	16.09785	52.46287	110.11	m	8.557	3.348	G0	0.598
HD 133803	HIP 73990	226.81223	-29.50448	110.11	m	8.166	2.957	A9 V	0.366
HD 179152	HIP 94268	287.81402	4.19109	110.12	m	7.559	2.35	G0 V	0.788
HD 190590	HR 7677|HIP 98897	301.24411	23.21038	110.12	m	6.551	1.342	A 5 VN	0.18
HD 131826	HIP 73028	223.86911	12.43076	110.12	m	6.784	1.575	A2	0.048
HD 74333	HIP 42790	130.78191	-12.42193	110.13	e	7.645	2.435	F3/5 IV	0.411
HD 209178	HIP 108519	329.76554	63.99865	110.13	e	8.904	3.694	B8	0.173
HD 30795	HIP 22639	73.0583	34.44341	110.13	m	7.65	2.44	A2	0.277
HD 147873	HIP 80486	246.43815	-33.56712	110.14	m	8.05	2.84	G1 V	0.629
7 Aql	HD 174532|HIP 92501	282.77254	-3.26113	110.14	m	6.918	1.708	A9 IV	0.292
HD 79994	HIP 45543	139.23771	-11.10311	110.14	m	6.58	1.37	K2/3 III	1.378
HD 163130	HIP 87593	268.40079	24.77722	110.14	m	7.619	2.409	F0	0.32
HD 100035	HIP 56116	172.54714	-49.64901	110.15	m	8.457	3.247	F3 V	0.477
HD 138115	HIP 76230	233.57549	-68.61389	110.15	m	7.785	2.575	F6 IV/V	0.555
HD 196022	HIP 101460	308.4388	27.87247	110.15	m	7.745	2.535	A M	0.316
HD 1934	HIP 1882	5.94102	36.9012	110.16	m	8.756	3.546	F0	0.484
HD 131762	HIP 72951	223.63941	34.41124	110.16	m	8.066	2.856	F5	0.535
HD 120651	HIP 67543	207.59794	21.27662	110.17	m	6.925	1.715	G0	1.093
HD 148531	HIP 80708	247.17632	0.05485	110.18	m	6.616	1.406	K3 V	1.676
HD 79317	HIP 45329	138.57941	33.4891	110.18	m	8.358	3.147	F2	0.433
HD 217020	HIP 113379	344.43186	-6.58585	110.19	m	8.531	3.32	F2 V	0.45
HD 137884	HIP 75756	232.13741	0.60705	110.2	m	7.139	1.928	A2mF0-F2	0.383
HD 110375	HIP 61920	190.35556	38.38903	110.21	m	8.367	3.156	F2IV	0.419
HD 202529	HIP 104850	318.59391	54.66666	110.22	m	7.555	2.344	F2	0.392
HD 18095	HIP 13520	43.52942	-10.44229	110.22	m	6.989	1.778	F3/5 IV	0.453
HD 77818	HIP 44766	136.85891	58.87504	110.22	m	7.74	2.529	K1IV	1.167
HD 9729	HIP 7373	23.75618	-12.08517	110.23	m	8.692	3.481	G2 V	0.748
HD 94206	HIP 53145	163.07247	-11.10997	110.23	m	7.592	2.38	F0 V	0.368
HD 122457	HIP 68517	210.40497	16.75768	110.24	m	7.441	2.229	F8	0.571
HD 197150	HIP 102076	310.30048	18.20382	110.25	m	8.753	3.541	G0	0.546
HD 164782	HIP 88129	270.01612	50.92156	110.25	m	7.813	2.601	F0	0.326
HD 173831	HIP 91298	279.34979	77.68682	110.25	e	6.985	1.773	F0	0.356
HD 97942	HIP 54988	168.89545	-35.51266	110.26	m	8.303	3.091	F5 V	0.51
HD 194912	HIP 100887	306.84356	23.66809	110.26	m	8.535	3.323	F8	0.528
HD 3577	HIP 3052	9.68923	21.74467	110.27	m	7.994	2.782	F0	0.433
HD 222723	HIP 117005	355.7942	-23.67559	110.27	m	7.716	2.504	F3 V	0.465
HD 68659	HIP 40411	123.74933	41.14119	110.27	m	8.036	2.824	F2	0.398
HD 4756	HIP 3897	12.49387	34.97418	110.28	m	7.328	2.116	F5	0.66
HD 33615	HIP 23863	76.93081	-59.48407	110.28	m	8.822	3.609	F7 V	0.619
HD 91961	HIP 51961	159.22232	-7.78344	110.28	m	8.637	3.424	F2 V	0.449
HD 96483	HIP 54329	166.71456	-23.55577	110.29	m	7.746	2.533	A9 V	0.327
HD 149830	HIP 81495	249.68216	-36.85478	110.29	m	8.741	3.528	F5 V	0.468
HD 12831	HIP 9815	31.56683	20.59228	110.3	m	7.637	2.424	F8	0.617
HD 344788	HIP 97003	295.7401	23.19293	110.3	m	8.903	3.69	G0	0.67
HD 98915	HIP 55570	170.7376	-20.62551	110.31	m	7.493	2.28	A7 V	0.229
HD 105811	HIP 59367	182.70111	-9.39722	110.32	m	7.592	2.379	G8 IV	1.15
HD 86945	HIP 49226	150.72328	39.26175	110.32	m	8.479	3.266	F2	0.442
HD 447	HIP 740	2.26796	19.92469	110.33	m	7.152	1.938	F5	0.497
HD 16130	HIP 12054	38.847	-2.46259	110.34	m	8.676	3.462	G8 V	0.93
HD 151982	HIP 82512	252.96565	-26.87384	110.34	m	7.571	2.357	F0 V	0.354
HD 5534	HIP 4704	15.12456	80.54541	110.34	m	6.705	1.491	F2	0.412
HD 185858	HIP 96786	295.099	23.48013	110.35	m	7.097	1.883	A2	0.237
HD 166533	HIP 89274	273.25759	-42.2883	110.35	m	8.078	2.864	F2/3 IV/V	0.389
HD 72795	HIP 42029	128.50717	-25.0994	110.35	m	7.007	1.793	A2/3 V	0.149
HD 38585	HIP 27347	86.8856	15.71441	110.36	m	8.409	3.195	K0	0.962
HD 136139	HIP 74951	229.7399	4.55062	110.36	m	8.755	3.541	F2 V	0.456
HD 125166	HIP 69882	214.52158	-14.91208	110.37	m	8.641	3.427	F3/5 V	0.485
HD 108320	HIP 60727	186.69886	-5.59216	110.38	e	7.584	2.37	F2 V	0.461
HD 17224	HIP 12858	41.32659	-20.40165	110.38	m	7.123	1.908	A0 V	0.084
HD 347082	HIP 101912	309.77561	24.41668	110.39	m	8.285	3.07	F8	0.593
HD 22017	HIP 16572	53.33831	13.78242	110.39	m	7.027	1.812	G5	1.222
HD 9389	HIP 7279	23.43774	56.81017	110.39	m	8.217	3.002	F8	0.429
HD 132800	HIP 73532	225.43926	-26.19748	110.4	m	8.805	3.59	F7 V	0.561
HD 77929	HIP 44744	136.77361	47.15333	110.41	m	8.265	3.05	G0	0.727
HD 103902	HIP 58366	179.52375	80.63202	110.41	m	8.251	3.036	F8	0.585
HD 143137	HIP 78419	240.14336	-45.92853	110.42	m	8.095	2.88	F6 V	0.565
HD 94848	HIP 53550	164.32353	21.14054	110.43	m	8.477	3.262	F5	0.447
HD 158654	HIP 85556	262.26388	33.75671	110.43	m	8.098	2.883	F2	0.469
HD 97864	HIP 54960	168.82328	-19.63754	110.43	m	6.89	1.675	A3 V	0.075
HD 169003	HIP 89966	275.34202	28.74885	110.44	m	8.565	3.349	F8	0.439
HD 117947	HIP 66296	203.81035	-60.15776	110.44	m	8.241	3.025	A8 IV	0.342
HD 26843	HIP 19821	63.75388	10.74813	110.44	m	7.715	2.499	A2	0.236
HD 76626	HIP 44144	134.8528	51.17351	110.45	m	8.686	3.47	F5	0.432
HD 86090	HIP 48777	149.23087	28.09632	110.45	m	7.769	2.553	F8	0.515
HD 142808	HIP 78221	239.59995	-44.08082	110.45	m	6.731	1.515	A3/4 IV/V	0.189
HD 170811	HR 6949|HIP 90476	276.9256	59.54911	110.45	m	6.534	1.318	K0IV	1.126
HIP 78389		240.05502	15.77876	110.48	m	8.973	3.757	F8	0.592
HD 43504	HIP 29561	93.424	-51.66754	110.48	m	6.851	1.634	A2/3 V	0.09
HD 193080	HIP 100034	304.43259	19.24791	110.49	m	8.258	3.041	F8	0.464
HD 75445	HIP 43257	132.17888	-39.23387	110.5	m	7.155	1.938	AP SREU(CR)	0.305
HD 62720	HIP 37909	116.53312	21.12198	110.5	e	7.478	2.261	F2	0.422
HD 153	HIP 530	1.60844	42.75276	110.51	m	8.433	3.216	G1V	0.674
HD 27128	HIP 20072	64.56102	32.39046	110.51	m	7.716	2.499	A5	0.318
HD 131914	HIP 73060	223.95564	20.52983	110.51	m	8.795	3.578	G0	0.617
HD 20007	HIP 14959	48.21015	-5.13154	110.52	m	8.5	3.283	F6/7 V	0.533
HD 113481	HIP 63783	196.10037	-28.40673	110.53	m	7.294	2.077	A2 V	0.127
HD 160387	HIP 86441	264.93967	-4.96841	110.53	m	8.467	3.25	F0/2 V	0.506
HD 145917	HIP 79580	243.55549	-18.83681	110.53	m	8.735	3.518	G3 V	0.761
HD 43888	HIP 30000	94.71664	4.55416	110.54	m	8.796	3.578	F5 V	0.435
HD 11940	HIP 9544	30.66501	78.91136	110.54	m	7.978	2.76	F0	0.38
HD 283511	HIP 19586	62.96389	24.4308	110.55	m	8.937	3.719	F5	0.49
HD 44850	HIP 30573	96.39143	33.24925	110.55	m	8.866	3.648	G0	0.504
HD 77902	HIP 44487	135.96369	-41.5554	110.56	m	7.898	2.68	G2 V	0.72
HD 2395	HIP 2184	6.90656	-20.13452	110.57	m	6.802	1.584	A9 V	0.285
HD 9462	HIP 7190	23.15815	-16.14836	110.57	m	8.401	3.183	K0/1 IV	1.152
HD 112149	HIP 63077	193.86875	-68.26571	110.57	m	8.15	2.932	F2 V	0.469
HD 138422	HIP 75953	232.69196	34.46566	110.58	m	6.811	1.593	A0	0.029
HD 185082	HIP 96321	293.76878	50.62763	110.58	m	8.388	3.17	F8	0.584
HD 88416	HIP 49993	153.0843	27.10362	110.58	m	8.722	3.504	K0IV	0.976
HD 135775	HIP 74749	229.14917	9.71299	110.58	m	6.77	1.552	A2	0.379
HD 161032	HIP 87043	266.78072	-59.99433	110.61	m	6.537	1.318	F2 V	0.32
HD 183009	HIP 95861	292.45206	-49.33975	110.61	m	8.97	3.751	F7 V	0.571
HD 40219	HIP 27992	88.80753	-44.56154	110.62	m	8.671	3.452	F7 V	0.573
HD 114576	HR 4978|HIP 64375	197.91332	-26.55173	110.62	e	6.518	1.299	A5 V	0.216
HD 4309	HIP 3451	11.0324	-74.26531	110.63	m	7.626	2.407	F6 IV/V	0.545
HD 67738	HIP 39704	121.73391	-51.81057	110.63	m	8.496	3.277	G3 IV	0.754
HD 175656	HIP 92520	282.83228	66.90317	110.63	m	8.718	3.499	F8	0.576
HD 16408	HIP 11892	38.34866	-72.67188	110.63	m	8.325	3.106	F6 IV/V	0.536
HD 149930	HIP 81303	249.0929	33.82178	110.64	m	7.072	1.852	K0	1.294
HD 124785	HIP 69780	214.23915	-50.28135	110.66	m	8.734	3.514	F8/G0WF5	0.595
HD 27346	HIP 19704	63.31261	-70.42045	110.66	m	7.017	1.797	A9 IV	0.336
HD 102570	HIP 57601	177.14494	46.1302	110.66	m	8.373	3.153	F3V	0.458
HD 82355	HIP 46732	142.88024	1.4653	110.66	m	7.377	2.157	F6 V	0.635
HD 184198	HIP 96110	293.10981	23.24535	110.67	m	8.222	3.002	F 7 V WLS	0.526
HD 219342	HIP 114814	348.8655	-43.60479	110.67	m	8.211	2.991	F8 V	0.604
HD 89070	HIP 50400	154.3761	45.01878	110.69	m	8.279	3.059	G5	0.981
HD 71688	HR 3339|HIP 41504	126.97367	-26.13298	110.69	m	6.616	1.395	A1/2 V	0.132
HD 119378	HIP 67001	205.96617	-45.43734	110.69	m	7.312	2.091	F3 IV	0.365
HD 53989	HIP 33766	105.18907	-71.39624	110.7	m	8.194	2.973	F6 V	0.509
HD 150415	HIP 81723	250.39261	-16.9334	110.71	m	8.287	3.066	F3 V	0.494
HD 100066	HIP 56197	172.79882	36.23161	110.71	m	8.038	2.817	F5	0.419
HD 53	HIP 445	1.34027	-56.95565	110.72	m	7.434	2.213	A1 VS	0.215
HD 133482	HIP 73412	225.04261	70.61413	110.72	m	7.726	2.505	F8	0.563
HD 52677	HIP 32460	101.62392	-82.1855	110.72	m	8.688	3.467	F6/7 V	0.549
HD 10971	HIP 8690	27.95012	75.5896	110.72	m	6.993	1.772	F5	0.516
HD 205972	HIP 106922	324.81335	-13.89486	110.73	m	7.36	2.139	K0 III	1.229
HD 104481	HIP 58674	180.46178	-73.29854	110.73	m	6.866	1.645	A1 V	0.055
HD 224989	HIP 178	0.56781	-27.13508	110.74	m	8.611	3.389	F7 V	0.549
HD 196815	HR 7902|HIP 102032	310.14957	-26.64515	110.74	m	6.568	1.346	G0/1 V	0.649
HD 17705	HIP 13683	44.06333	75.2024	110.75	m	7.947	2.725	F5	0.467
HD 220353	HIP 115459	350.82706	-41.6012	110.77	m	7.16	1.938	F0 V	0.312
HD 169913	HIP 90437	276.78694	-8.04041	110.78	m	6.635	1.413	K0 III	1.235
HD 12546	HIP 9636	30.96104	33.69814	110.78	m	7.792	2.57	F2	0.429
HD 126365	HIP 70510	216.34851	-14.08503	110.79	m	8.486	3.264	A(P SRCR)	0.429
HD 98521	HIP 55289	169.84601	-56.97125	110.79	m	8.487	3.265	F5/6 V	0.482
HD 162719	HIP 87589	268.39259	-27.28264	110.79	m	6.911	1.688	A3 III/IV	0.177
HD 8627	HIP 6624	21.25247	-5.94642	110.79	m	6.834	1.611	A3 IV/V	0.212
HD 153014	HIP 84219	258.22773	-82.38816	110.79	m	7.435	2.212	F2 IV/V	0.364
HIP 108441		329.50855	5.94202	110.8	m	7.73	2.507	F2V	0.412
HD 217496	HIP 113658	345.28275	-9.55391	110.8	m	7.957	2.734	K0 III	1.045
HD 222717	HIP 116983	355.73102	44.89344	110.8	m	8.357	3.134	F0	0.404
HD 15445	HIP 11533	37.17441	-19.79885	110.8	m	7.986	2.763	F2 V	0.404
HD 24942	HIP 18712	60.11963	52.94746	110.81	m	8.684	3.461	F5	0.427
HD 115319	HR 5007|HIP 64751	199.05952	19.05173	110.81	m	6.557	1.334	G 8 III	1.138
HD 104411	HIP 58633	180.35923	-8.15913	110.81	m	8.573	3.35	G8 IV	1.025
HD 189307	HIP 98577	300.35507	-47.39735	110.81	m	7.058	1.835	F2 IV	0.368
HD 99256	HIP 55740	171.313	-18.60712	110.82	m	7.049	1.826	A9 V	0.269
HD 125981	HIP 70282	215.69329	-0.63713	110.83	m	6.742	1.519	A0 IV	0.082
HD 24424	HIP 18164	58.24949	-4.37089	110.83	m	7.552	2.329	F0 V	0.43
HD 207290	HIP 107663	327.11613	-26.23538	110.84	m	8.626	3.403	F7/8 V	0.576
HD 90595	HIP 51210	156.89711	-3.51864	110.84	m	8.025	2.802	A9/F0 V	0.338
HD 35322	HIP 25091	80.57712	-35.29743	110.84	m	8.495	3.272	F3 V	0.417
HD 83888	HIP 47640	145.69714	45.51724	110.86	m	8.868	3.644	F8	0.46
HD 14699	HIP 11025	35.49656	-14.92298	110.86	m	8.98	3.756	F5 V	0.558
HD 175576	HR 7138|HIP 92771	283.55983	41.2258	110.86	m	7.384	2.16	F5	0.516
HIP 118283		359.87714	-26.5266	110.87	m	8.295	3.071	F0	0.443
HD 6302	HIP 5009	16.0321	15.22746	110.87	m	8.836	3.612	G8V	0.951
HD 174466	HIP 92515	282.81583	-16.1618	110.87	m	8.4	3.176	G2 V	0.678
HD 61576	HIP 37028	114.1384	-58.37731	110.88	m	8.126	2.902	F3 IV/V	0.407
HD 68790	HIP 40492	124.01034	47.55973	110.88	m	8.999	3.775	F2	0.474
HD 15783	HIP 11744	37.89011	-27.50455	110.88	m	7.674	2.45	A1(M)A7-F2	0.326
HD 23992	HIP 17856	57.32958	-1.45326	110.88	m	6.738	1.514	K0 III	1.244
HD 92668	HIP 52413	160.7176	50.79925	110.89	m	7.41	2.186	A3	0.262
HD 25627	HIP 19036	61.16497	17.51759	110.89	m	6.776	1.552	K 2 III	1.309
HD 3415	HIP 2919	9.23823	-6.11126	110.89	m	8.518	3.293	F3 V	0.605
HD 220881	HIP 115796	351.88873	-27.27813	110.91	m	7.474	2.249	A9 V	0.308
HD 146216	HIP 79690	243.9605	-20.07646	110.91	m	8.136	2.911	A8 III	0.337
HD 76648	HIP 43921	134.20766	-22.52516	110.92	m	8.92	3.695	F7 V	0.576
HD 208174	HIP 108084	328.47785	28.34193	110.92	m	6.8	1.575	A2	0.276
HD 34834	HIP 24933	80.13348	5.66379	110.92	m	8.779	3.554	G5	0.548
HIP 68444		210.18592	48.00978	110.93	m	8.696	3.471	F8	0.541
HD 148415	HIP 80584	246.80102	18.99414	110.93	m	8.432	3.207	F8	0.454
HD 73332	HIP 42309	129.39062	-12.5857	110.94	m	6.707	1.481	F2 III	0.321
HD 187057	HIP 97389	296.91399	7.64924	110.95	m	8.422	3.196	G0	0.636
HD 189478	HIP 98433	299.99845	6.94293	110.97	m	8.103	2.877	F0	0.422
HD 43299	HIP 29752	93.98537	10.28172	110.97	m	6.967	1.741	K 3 III-IV	1.475
HD 204554	HIP 106234	322.7637	-50.84692	110.98	m	8.411	3.185	F7 V	0.591
HD 117952	HIP 66107	203.26925	39.34948	110.98	m	8.664	3.438	F8	0.526
HD 8273	HIP 6465	20.79252	53.47275	110.98	m	8.842	3.616	F8	0.505
HD 93690	HIP 52848	162.09638	-41.94648	110.98	m	8.845	3.619	F5 V	0.478
HD 64021	HIP 38397	117.99501	5.34967	110.99	m	7.464	2.238	F5	0.389
HD 108548	HIP 60836	187.04487	15.61854	110.99	m	8.63	3.404	F8	0.477
HD 47412	HIP 31928	100.08863	40.96972	110.99	e	6.921	1.695	F2	0.474
HD 124967	HIP 69960	214.74015	-63.9492	110.99	m	8.19	2.964	F8 V	0.617
HD 122699	HIP 68668	210.85319	-0.62807	111	m	8.041	2.814	F0 V	0.365
HD 100518	HR 4454|HIP 56429	173.54145	11.02387	111	m	6.617	1.39	A5V	0.201
HD 166393	HR 6798|HIP 89114	272.81158	-19.8421	111	m	7.007	1.78	A2 V	0.159
HD 125713	HIP 70156	215.32161	-5.83162	111	m	8.773	3.546	F8/G0 V	0.552
HD 34905	HIP 25078	80.53853	31.37277	111	m	8.079	2.852	F5	0.53
HD 125054	HIP 69757	214.14568	22.67507	111	m	8.796	3.569	G0	0.538
HD 148529	HIP 80639	246.97481	21.65293	111.01	m	8.066	2.839	F2	0.432
HD 14666	HIP 11076	35.64209	21.31248	111.02	m	8.958	3.731	G0	0.501
HD 4980	HIP 4040	12.95412	-4.08657	111.02	m	8.401	3.174	F2 V	0.449
HD 171264	HIP 90993	278.41952	4.59238	111.03	m	8.193	2.966	G8 IV	0.971
HD 199329	HIP 102933	312.81572	72.94802	111.03	m	8.348	3.121	F8	0.538
HD 210414	HIP 109307	332.17889	56.03061	111.03	m	8.36	3.133	G0	0.558
HD 186268	HIP 97248	296.47754	-52.53121	111.04	m	7.578	2.351	F5 III/IV	0.488
HD 19889	HIP 14726	47.5505	-43.72098	111.04	m	8.685	3.458	F5 V	0.506
HD 142864	HIP 78124	239.28594	-6.29664	111.04	m	7.203	1.976	A2 V	0.173
HD 46790	HIP 31355	98.62955	-18.81217	111.04	m	7.818	2.591	A8 V	0.279
HD 37573	HIP 26340	84.13711	-51.77502	111.05	m	8.302	3.075	F3 V	0.419
HD 199631	HIP 103512	314.57258	8.51536	111.05	m	8.242	3.014	F2	0.39
HD 118297	HIP 66349	203.97849	2.68178	111.05	m	8.666	3.438	A9 V	0.356
HD 12379	HIP 9427	30.27308	-11.04913	111.06	m	7.883	2.655	F7 V	0.584
HD 34912	HIP 24860	79.94317	-25.92754	111.07	m	7.157	1.929	F2 V	0.41
HD 158101	HIP 85455	261.94986	-12.18671	111.07	m	8.264	3.036	A9 V	0.404
HD 90878	HIP 51406	157.49405	27.82564	111.07	m	7.857	2.629	F8	0.48
HD 24824	HIP 18357	58.87318	-36.3101	111.08	m	7.544	2.316	A4 V	0.217
HD 219999	HIP 115251	350.16032	-38.49652	111.09	m	8.118	2.89	F3/5 IV/V	0.465
HD 107280	HIP 60147	185.01651	-8.12598	111.1	m	8.877	3.648	F6 V	0.545
HD 157544	HIP 85136	260.98893	-0.83523	111.1	m	8.95	3.721	F5 V	0.582
HD 100139	HIP 56224	172.89042	11.12158	111.11	m	8.629	3.4	F8	0.446
HD 1324	HR 64|HIP 1342	4.20156	-78.78015	111.11	m	6.829	1.6	F5 V	0.488
HD 69526	HIP 40592	124.31539	-5.36909	111.11	e	7.819	2.59	F3 III/IV	0.416
HD 190269	HIP 99012	301.51238	-44.98018	111.12	m	8.113	2.884	F5 V	0.512
HD 49852	HIP 32579	101.96668	-49.06027	111.12	m	7.681	2.452	A9/F0 IV	0.32
HD 186784	HIP 97591	297.54028	-60.92374	111.12	m	8.051	2.822	F6 IV	0.57
HD 138483	HIP 76043	232.95201	16.23448	111.12	m	7.472	2.243	A0	0.226
HD 16731	HIP 12538	40.33295	16.04006	111.13	m	8.86	3.631	F5	0.448
HD 13127	HIP 10082	32.41128	44.67171	111.13	m	8.105	2.876	G0	0.556
HD 214045	HIP 111534	338.94686	-12.87576	111.17	m	8.57	3.34	F5/6 V	0.475
HD 122342	HIP 69055	212.01818	-80.76402	111.18	m	7.635	2.405	A7 V	0.287
HD 79668	HIP 45312	138.53359	-42.46753	111.18	m	8.056	2.826	F3 V	0.447
HD 126946	HIP 70764	217.07466	15.67097	111.18	m	8.909	3.679	F8	0.528
HD 9818	HIP 7448	23.98256	1.27513	111.19	m	8.31	3.08	F5 V	0.51
HD 9232	HIP 6875	22.12138	-70.12778	111.19	m	8.717	3.487	F3 V	0.446
HD 27922	HIP 20659	66.40184	32.15882	111.2	m	8.706	3.475	G5	0.727
HD 20014	HIP 14659	47.34759	-64.8546	111.2	m	8.097	2.866	F5/6 IV/V	0.509
HD 34907	HIP 24998	80.29986	11.10935	111.21	m	7.507	2.276	F0	0.394
HD 182163	HIP 95800	292.29244	-70.31522	111.22	m	8.816	3.585	F2 V	0.435
HD 138791	HIP 76318	233.83581	-29.05052	111.22	m	7.722	2.491	A2MA7-F0	0.331
HD 25505	HIP 18530	59.44532	-69.52559	111.23	m	8.456	3.225	F0 V	0.383
HD 205527	HIP 106673	324.09264	-18.39211	111.23	m	7.947	2.716	F2 V	0.445
HD 175432	HIP 92913	283.96075	-14.81549	111.23	m	8.251	3.02	F2 V	0.415
HD 36723	HIP 26206	83.77733	30.92901	111.23	e	8.272	3.041	F5	0.479
HD 123107	HIP 68891	211.57928	-26.5793	111.23	e	7.405	2.174	A8/9 V	0.329
HD 218239	HIP 114111	346.66175	-19.45995	111.25	m	8.44	3.209	F8 V	0.599
HD 145994	HIP 79562	243.51926	-2.33876	111.26	m	8.514	3.282	F2 V	0.467
HD 13301	HIP 9968	32.08853	-53.49112	111.27	m	8.563	3.331	F3 V	0.406
HD 90713	HIP 51788	158.72668	82.02532	111.28	m	7.962	2.73	A5	0.345
HD 91655	HIP 51840	158.86991	31.77851	111.28	m	7.915	2.683	F5	0.474
HD 213258	HIP 111032	337.40436	35.93765	111.28	m	7.733	2.501	A3	0.37
HD 105994	HIP 59481	182.99512	-50.77015	111.29	m	8.519	3.287	F3 V	0.435
HD 218375	HIP 114092	346.61902	61.44013	111.29	m	6.803	1.571	F2II	0.507
HD 197228	HIP 102144	310.46536	20.71403	111.31	m	7.464	2.231	A3	0.282
HD 1010	HIP 1184	3.69956	62.19627	111.31	m	8.526	3.293	F 6 V	0.546
HD 118429	HIP 66340	203.93211	52.72952	111.32	m	8.439	3.206	F5	0.424
HD 8594	HIP 6682	21.42318	44.78654	111.32	m	7.366	2.133	K0	1.179
HD 81398	HIP 46095	141.00151	-41.08545	111.33	m	8.66	3.427	F6/7 V	0.55
HD 182768	HIP 95588	291.63824	-8.16174	111.34	m	8.068	2.835	F0 V	0.4
HD 127207	HIP 70851	217.32899	31.01007	111.34	m	8.188	2.955	F5	0.492
HD 75615	HIP 43665	133.43876	58.88248	111.34	m	8.091	2.858	F8	0.695
HD 43926	HIP 30115	95.06082	30.36925	111.34	m	8.067	2.834	F0	0.384
HD 158140	HIP 85521	262.16157	-25.5107	111.35	m	7.146	1.913	F3 IV/V	0.41
HD 345464	HIP 98440	300.02559	22.70488	111.36	m	8.996	3.762	G0	0.629
HD 111152	HIP 62539	192.22324	-75.32268	111.36	m	8.532	3.298	F5 V	0.457
HD 133876	HIP 73943	226.65379	5.77508	111.37	m	8.339	3.105	F5	0.585
HD 34370	HIP 24599	79.15033	-7.20309	111.37	m	7.44	2.206	F0 V	0.315
HD 213522	HIP 111213	337.95472	13.10444	111.37	m	8.152	2.918	F2	0.436
HD 7355	HIP 5752	18.46502	5.14184	111.38	m	7.746	2.512	F7/8 V	0.629
HD 9278	HIP 7075	22.79459	-7.03282	111.39	m	7.928	2.694	K0 III	1.066
HD 96016	HIP 54178	166.23845	38.41052	111.39	m	8.247	3.013	F2	0.487
HD 126342	HIP 70597	216.59535	-49.7662	111.39	m	8.85	3.616	F6 V	0.533
HD 39932	HIP 27892	88.52796	-35.903	111.4	m	6.826	1.592	F5 IV	0.471
HD 23501	HIP 17610	56.58562	16.37413	111.4	m	8.122	2.888	F0	0.354
HD 5405	HIP 4273	13.66744	-65.46011	111.41	m	8.005	2.77	F3/5 V	0.532
HD 31841	HIP 22622	73.01389	-72.99537	111.41	m	7.983	2.748	G0 V	0.684
HD 2029	HIP 1912	6.04992	-54.56665	111.41	m	7.624	2.389	F2 V	0.42
HD 40381	HIP 28099	89.09299	-40.54565	111.43	m	8.152	2.917	F5 V	0.506
HD 154064	HIP 83399	255.67803	12.94228	111.43	m	8.397	3.162	G5	0.664
HD 137631	HIP 75663	231.87614	-10.96253	111.44	m	8.221	2.986	F8 V	0.611
HD 62513	HIP 37712	116.0455	-3.25137	111.44	m	8.326	3.091	F5 V	0.553
HD 114347	HIP 64276	197.59248	-25.02921	111.45	m	8.508	3.273	F3 V	0.475
HD 153929	HIP 83248	255.22895	35.47155	111.46	m	8.679	3.443	F8	0.51
HD 27814	HIP 20398	65.50976	-34.89729	111.47	m	8.512	3.276	G0 V	0.606
HD 199047	HIP 103240	313.73344	-15.28313	111.47	m	7.907	2.671	F0 III	0.302
HD 29514	HIP 21550	69.40999	-29.90405	111.48	m	8.16	2.924	F5 V	0.514
HD 143783	HIP 78600	240.7153	-13.81202	111.5	m	7.85	2.614	F0 V	0.368
HD 202769	HIP 105111	319.38561	22.54163	111.51	m	7.263	2.026	F 5 III	0.504
HD 112916	HIP 63453	195.03192	-1.18595	111.51	m	7.562	2.325	A8/9 V	0.279
HD 195608	HIP 101164	307.5833	49.78017	111.52	m	6.688	1.451	K0	1.208
HD 17960	HIP 13580	43.73128	47.66897	111.52	m	8.623	3.386	F8	0.582
HD 100068	HIP 56182	172.74129	11.52369	111.52	m	8.685	3.448	K0	0.565
HD 11407	HIP 8351	26.91704	-76.78021	111.52	m	8.677	3.44	F5 IV/V	0.461
HIP 15144		48.808	-64.44514	111.52	m	8.955	3.718	F5	0.625
HD 140176	HIP 77117	236.20003	-55.10092	111.53	m	7.548	2.311	F0 IV	0.378
HD 16087	HIP 11950	38.54388	-31.52384	111.53	m	7.63	2.393	A9 V	0.365
HD 153527	HIP 83064	254.59526	39.70994	111.53	m	8.154	2.917	G0	0.613
HD 139522	HIP 76720	234.99564	-36.17152	111.54	m	8.043	2.806	F2 V	0.453
HD 160508	HIP 86394	264.8029	26.75754	111.54	m	8.177	2.94	F8V	0.573
HD 110770	HIP 62196	191.21424	-52.75583	111.54	m	7.942	2.705	F0 V	0.411
HD 7528	HIP 5766	18.51419	-61.0094	111.54	m	8.205	2.968	F5 V	0.477
HD 217163	HIP 113444	344.63999	12.05123	111.55	m	8.284	3.047	F2	0.402
HD 2259	HIP 2076	6.55583	-39.64938	111.56	m	7.226	1.989	K0 III/IV	1.171
HD 197607	HIP 102383	311.18717	4.89318	111.56	m	8.734	3.496	F3 V	0.484
HD 201717	HIP 104616	317.88791	-1.30021	111.56	m	8.331	3.093	F3/5 V	0.529
HD 81548	HIP 46294	141.61449	2.50617	111.57	m	8.417	3.179	F5 V	0.557
HD 196406	HIP 101401	308.25637	67.30947	111.57	m	8.414	3.176	G0	0.653
HD 111102	HIP 62428	191.91334	-58.29757	111.58	m	6.974	1.736	F0 III	0.277
HD 164575	HIP 88103	269.90366	43.23538	111.59	m	6.842	1.604	K0	1.307
HD 221071	HIP 115810	351.92937	74.11942	111.59	m	7.635	2.397	F0	0.291
HD 30759	HIP 22088	71.28239	-68.02117	111.61	e	8.101	2.863	F6/7 V	0.498
HD 81387	HIP 46269	141.50953	28.65026	111.61	e	8.49	3.252	F8	0.517
HD 212048	HIP 110363	335.29639	17.96956	111.61	m	7.402	2.163	F2	0.397
HD 141569	HIP 77542	237.49062	-3.92121	111.61	m	7.129	1.89	B9.5 V	0.099
HD 93139	HIP 52598	161.32859	6.96066	111.62	m	8.26	3.021	F8	0.583
HD 18117	HIP 13425	43.21737	-48.1531	111.64	m	8.859	3.62	F7 V	0.525
HD 148044	HIP 80621	246.93141	-49.44059	111.64	m	8.228	2.989	F5 V	0.463
HD 217708	HIP 113833	345.78115	-47.89668	111.65	m	8.931	3.692	F6 (V)	0.526
HD 97286	HIP 54797	168.27679	68.76797	111.65	m	8.312	3.073	G0	0.628
HD 23503	HIP 17567	56.43556	0.61729	111.65	m	8.294	3.055	F2/3 V	0.476
HD 215037	HIP 112223	340.92775	-60.72419	111.65	m	7.651	2.412	F2 IV/V	0.358
HD 42032	HIP 29318	92.73295	47.50481	111.67	m	7.87	2.63	A3	0.337
HD 127785	HIP 71400	219.01307	-64.0155	111.67	m	7.075	1.835	A8 V	0.311
HD 98344	HIP 55244	169.70213	44.54514	111.67	m	8.077	2.837	F0	0.342
HD 117575	HIP 65838	202.44229	61.2516	111.68	m	8.846	3.606	G0	0.509
HD 134754	HIP 74328	227.87451	2.8284	111.69	m	7.607	2.367	A3 II	0.242
HD 148528	HIP 80568	246.75584	38.84317	111.69	m	8.14	2.9	F8	0.394
HD 174478	HIP 92774	283.56691	-59.09464	111.7	m	8.83	3.59	F6 V	0.511
HD 38753	HIP 27450	87.18639	18.24318	111.7	m	7.289	2.049	F2	0.406
HD 170017	HIP 90523	277.07123	-23.56883	111.71	m	8.795	3.555	G6 IV	0.897
HD 192074	HIP 100491	305.67184	-78.96091	111.71	m	6.635	1.395	A0 V	0.015
HD 22721	HIP 17189	55.20759	41.84172	111.71	m	8.218	2.977	F2	0.431
