HD 175622	HIP 92993	284.17292	-11.43379	229.29	m	9.073	2.271	A2 III/IV	0.263
HIP 35798		110.7616	-25.52139	229.29	m	9.256	2.454	B 2 V	0.26
HD 208432	HIP 108335	329.2291	-33.67969	229.3	m	10.09	3.289	G3 V	0.749
HIP 52181		159.90308	43.10257	229.3	m	11.1	4.3	DA:	-0.268
HIP 105306		319.93141	-50.72251	229.31	m	10.67	3.864	F5	0.757
HD 149746	HIP 82242	252.04122	-79.66535	229.32	m	9.114	2.312	A2/3 III(S)	0.209
HD 808	HIP 990	3.07189	-50.70036	229.34	m	9.08	2.278	K2 III	1.428
HD 139176	HIP 76439	234.17809	1.00554	229.35	m	9.996	3.193	F6 V	0.477
HD 232130	HIP 959	2.96178	50.98925	229.36	m	9.445	2.642	A0	0.35
HD 124940	HIP 69835	214.3849	-42.17209	229.36	m	9.687	2.884	A9 V	0.43
HD 123235	HIP 68906	211.61336	-2.81143	229.36	e	9.722	2.919	A9 V	0.492
HIP 56753		174.52856	32.77163	229.36	m	11.01	4.203	G0	0.454
HIP 114674		348.4574	-46.33825	229.36	m	10.65	3.852	F5	0.621
HD 209359	HIP 108835	330.71847	-3.47195	229.39	m	9.025	2.222	F5 V	0.581
HD 39481	HIP 27770	88.15261	-7.98149	229.4	m	9.286	2.483	A9/F0 V	0.307
HD 205389	HIP 106623	323.94445	-32.46147	229.42	m	9.665	2.862	G6 V	0.892
HD 207841	HIP 107897	327.91813	17.87522	229.44	m	9.133	2.33	A	0.286
HD 116671	HIP 65521	201.4579	-44.84733	229.48	m	9.847	3.043	G8 V	0.998
HIP 8237		26.5117	59.1021	229.52	m	10.34	3.54	F2V	0.413
HD 105260	HIP 59107	181.80895	17.6077	229.52	m	9.207	2.403	F 0 III-IV	0.286
HD 141145	HIP 77392	236.97971	-12.69616	229.52	m	9.976	3.172	F5 V	0.548
HD 194748	HIP 101009	307.18142	-36.36201	229.53	m	9.3	2.496	G0 V	0.664
HIP 47937		146.52804	40.69605	229.55	m	10.12	3.32	G0	0.607
HD 78169	HIP 44420	135.75173	-67.40513	229.55	m	9.113	2.309	F8 IV	0.593
HIP 24514		78.88019	-28.75059	229.57	m	9.742	2.937	G + G	0.653
HIP 109846		333.70636	21.94981	229.58	m	9.42	2.615	F2	0.391
HD 140681	HIP 77383	236.94957	-57.80829	229.61	m	9.078	2.273	F6 IV/V	0.692
HIP 85439		261.89967	-51.50332	229.61	m	9.862	3.057	F5	0.564
HIP 70793		217.16952	67.18769	229.62	m	9.559	2.754	F5	0.45
HD 233912	HIP 59595	183.3225	51.31226	229.62	m	9.322	2.517	F 1 V WLM	0.316
HD 45700	HIP 30590	96.43011	-55.16178	229.62	m	9.197	2.392	F6 V	0.587
HIP 43171		131.90011	23.09003	229.67	m	9.425	2.619	F2	0.333
HD 1504	HIP 1537	4.78803	-24.25276	229.67	m	9.18	2.374	G8 III	1.031
HIP 15480		49.89611	-5.97234	229.68	m	10.15	3.345	F5	0.468
HD 259916	HIP 31375	98.68101	12.01632	229.7	m	9.144	2.338	F0	0.39
HIP 8819		28.34462	-28.36636	229.74	m	10.48	3.676	F5	0.582
HD 201453	HIP 104702	318.12977	-61.96066	229.75	m	10.02	3.216	F2 V	0.41
HIP 64061		196.93199	-50.26885	229.75	m	9.968	3.162	F2	0.462
HIP 105579		320.77085	28.95509	229.76	m	9.194	2.388	A7...	0.443
HD 212435	HIP 110654	336.25837	-42.0286	229.77	m	9.375	2.569	A2/3 III(M)	0.286
HD 120137	HIP 67280	206.83203	15.10045	229.8	m	9.323	2.516	G0	0.493
HD 114610	HIP 64383	197.93705	-7.0505	229.84	m	9.002	2.195	F7 V	0.653
HIP 43247		132.15628	-59.56311	229.85	m	9.297	2.49	F5	0.48
HIP 70670		216.81924	-49.03769	229.87	m	10.79	3.983	G0	0.538
HD 30223	HIP 22111	71.3847	-5.55037	229.88	m	9.578	2.77	K0 III	0.367
HIP 64516		198.3494	27.49181	229.89	m	9.684	2.876	F8	0.663
HD 39338	HIP 26824	85.42842	-77.69703	229.9	m	9.608	2.8	F2 IV	0.48
HD 175005	HIP 92886	283.89046	-46.34348	229.9	m	10.04	3.228	F5 V	0.527
HD 241082	HIP 23960	77.24784	10.41583	229.9	m	9.386	2.578	F5	0.598
HIP 15598		50.21844	-7.48227	229.91	m	9.685	2.877	F5	0.516
HD 137281	HIP 75612	231.72972	-46.35782	229.92	m	9.179	2.371	F2 V	0.453
HIP 85003		260.61115	-29.14719	229.96	m	10.04	3.234	F5	0.57
HIP 105763		321.31308	42.16824	229.96	m	9.396	2.588	F8	0.667
HIP 41950		128.27018	26.28496	229.98	m	9.977	3.169	G0	0.65
HD 17231	HIP 12882	41.39878	-10.70421	229.99	m	9.062	2.253	F2/3 V	0.463
HD 79076	HIP 44819	137.00407	-68.52744	230	m	9.083	2.274	F0 V	0.377
HD 19156	HIP 14332	46.20896	-1.31668	230.04	m	9.604	2.795	F5/6 V	0.567
HD 193195	HIP 100293	305.12676	-39.95718	230.04	m	10.24	3.429	G2 V	0.584
HIP 70944		217.66797	37.76913	230.05	m	9.699	2.89	G0	0.646
HD 326915	HIP 83723	256.6705	-43.83798	230.07	m	10.34	3.528	F2	0.634
HD 24066	HIP 18103	58.03363	48.2527	230.08	m	9.249	2.44	F5	0.423
HD 34366	HIP 24637	79.29921	8.91321	230.09	m	9.112	2.302	G5	0.69
HD 125582	HIP 70172	215.35034	-43.30101	230.1	m	9.211	2.401	A(3/5)MA8-F0	0.285
HIP 78022		238.97231	23.47801	230.1	m	9.608	2.798	F5	0.566
HD 209509	HIP 108993	331.20157	-37.36266	230.11	m	9.704	2.894	F6 V	0.509
HIP 53053		162.81438	61.71592	230.12	m	10.23	3.421	F8	0.479
HIP 25865		82.82883	-15.01632	230.14	m	9.461	2.651	A0	0.215
HIP 7725		24.85515	-38.16574	230.15	m	10.24	3.427	G2	0.83
HIP 115560		351.11597	18.11688	230.15	m	10.32	3.507	F8	0.51
HIP 49954		152.98815	42.38574	230.22	m	10.2	3.387	F5	0.497
HD 218975	HIP 114592	348.21571	-46.04847	230.22	m	10.33	3.516	F7/8 V	0.532
HIP 96675		294.81449	-81.30271	230.23	m	10.4	3.593	G0	0.852
HD 31364	HIP 22874	73.80786	0.96737	230.25	m	9.953	3.142	F3/5	0.415
HIP 14876		48.01061	-5.70717	230.3	m	9.98	3.169	F5	0.455
HD 89997	HIP 50813	155.61255	-40.98099	230.32	m	9.239	2.427	F3 V	0.467
HIP 45847		140.20775	-72.81165	230.32	m	11.91	5.1	Gp	0.422
HD 11694	HIP 8854	28.47129	-37.77681	230.33	m	9.45	2.638	K0 IV/V	0.994
HD 38372	HIP 26760	85.2705	-61.85784	230.33	m	9.73	2.918	F0 V	0.46
HD 84527	HIP 47998	146.76065	42.38562	230.34	m	9.34	2.528	G5	1.131
HIP 66931		205.75145	40.62081	230.36	m	9.388	2.576	K0	1.041
HD 16185	HIP 12226	39.3523	46.35483	230.39	m	9.245	2.433	B8	0.356
HD 144637	HIP 78965	241.80543	-10.32463	230.4	m	9.808	2.996	F5 V	0.675
HD 16603	HIP 12290	39.58286	-41.1615	230.41	e	9.849	3.036	G5 IV	0.793
HD 190153	HIP 98744	300.84161	7.49894	230.46	m	9.352	2.539	G5	1.065
HIP 41751		127.70545	2.27404	230.49	m	9.453	2.64	G 4 V	0.817
HIP 7039		22.68772	78.63501	230.49	m	10.84	4.026		0.908
HIP 47632		145.67931	60.26734	230.5	m	10.28	3.468	G0	0.698
HIP 70364		215.95294	0.88866	230.53	m	10.56	3.749	F8	0.522
HIP 83118		254.77873	-23.36666	230.55	m	10.72	3.903	G0	0.502
HD 58449	HIP 35294	109.3674	-75.68067	230.55	m	9.2	2.386	K2 III	1.271
HD 16331	HIP 12162	39.18374	-19.2945	230.58	m	10.23	3.419	G2/3 V	0.682
HD 24803	HIP 18410	59.04023	-13.76481	230.59	m	9.068	2.254	A0MA8-F2	0.396
HIP 20941		67.34856	9.53587	230.59	m	10.72	3.91	K0	1.091
HIP 586		1.78344	-23.03624	230.62	m	10.55	3.734	G0	0.663
HD 164479	HIP 88854	272.09604	-72.34416	230.69	m	9.353	2.538	K0/1 III	1.2
HD 221657	HIP 116327	353.56089	-50.5534	230.71	m	9.421	2.606	G6/8 (III)	1.049
HIP 8083		25.95225	-24.08618	230.71	m	11.38	4.568	B	0.078
HIP 40369		123.62927	41.60946	230.72	m	9.732	2.917	F8	0.54
Gl 1054B	HIP 14559	46.99259	-28.22118	230.74	m	11.68	4.863		0.709
HD 35998	HIP 25736	82.43249	26.93722	230.75	m	9.016	2.2	A0	0.523
HD 96526	HIP 54419	167.0418	55.14503	230.76	m	9.374	2.558	G0	0.444
HIP 45586		139.36692	79.81053	230.76	m	10.8	3.984	F8	0.794
HIP 5535		17.74293	28.02023	230.76	m	10.18	3.368	G0	0.718
HIP 62501		192.11314	40.42744	230.79	m	10.94	4.128	G8III	1.03
HD 199482	HIP 103446	314.37073	0.60187	230.82	m	9.161	2.345	F0/2 V	0.387
HD 241849	HIP 24435	78.63471	18.62316	230.82	m	10.3	3.487	K0	1.069
HIP 17281		55.50685	14.92217	230.86	m	9.508	2.691	F2	0.704
HD 92414	HIP 52228	160.05949	-0.89503	230.86	m	9.339	2.522	G0	0.537
HD 136079	HIP 74903	229.61254	8.75653	230.87	m	9.422	2.605	G5	0.676
HIP 39250		120.40499	38.74955	230.89	m	9.11	2.293	F5	0.463
HD 121640	HIP 68225	209.50392	-53.20367	230.92	m	9.22	2.403	A9/F0 IV/V	0.41
HIP 68946		211.70145	14.7804	230.93	m	10.5	3.681	G0	0.496
HIP 29737		93.93759	66.1354	230.95	e	9.045	2.227	F2	0.444
HD 98185	HIP 55191	169.49888	36.89084	230.95	m	9.012	2.194	F8	0.465
HD 13664	HIP 10400	33.49551	34.51411	230.96	m	9.208	2.39	A2	0.287
HD 12023	HIP 9113	29.36001	-29.46291	230.97	m	9.894	3.076	F2 V	0.459
HD 211086	HIP 109892	333.86482	-36.56358	231	m	10.62	3.804	F3/5 V	0.559
HD 121482	HIP 68078	209.08071	-35.54594	231.05	m	9.227	2.408	F2 V	0.347
HD 245965	HIP 26573	84.73983	5.46386	231.07	m	9.825	3.006	F5	0.408
HD 96046	HIP 54183	166.25974	32.85235	231.08	m	9.583	2.764	F8	0.565
HD 50162	HIP 33171	103.56349	45.41461	231.08	m	9.631	2.812	F5	0.445
HD 32569	HIP 23476	75.69415	-30.83647	231.09	m	9.476	2.657	K1 III	1.139
HD 31498	HIP 22655	73.0977	-61.53998	231.1	m	9.095	2.276	F2/3 V	0.43
HIP 75516		231.40887	8.66624	231.11	m	10.21	3.395	F5	0.323
HIP 24068		77.57447	-6.72178	231.13	m	9.036	2.217	K0	1.113
HD 143005	HIP 78216	239.5857	-17.39865	231.14	m	9.254	2.435	F0 V	0.574
HD 20502	HIP 15303	49.35147	-18.39394	231.14	m	9.252	2.433	G8 IV	1.067
HD 150386	HIP 81818	250.67255	-42.11846	231.15	m	9.712	2.893	F0/2 IV/V	0.438
HD 146363	HIP 79639	243.78027	24.52679	231.17	m	9.189	2.369	G5	0.543
HIP 70840		217.29251	-50.18902	231.18	m	10.46	3.639	G0	0.57
HD 17055	HIP 12830	41.23812	23.36769	231.18	m	9.211	2.391	F6III	0.655
HIP 12597		40.49369	64.39525	231.18	m	9.582	2.762	A2	0.321
HD 114476	HIP 64377	197.91867	-55.13255	231.2	m	9.696	2.876	F3 IV/V	0.543
HIP 107172		325.62719	-37.93045	231.23	m	9.082	2.262		0.369
HD 163499	HIP 88021	269.67918	-46.30185	231.28	m	9.06	2.239	A8/9 IV	0.39
HIP 38630		118.65278	25.21343	231.3	m	10.36	3.537	G0	0.602
HIP 74937		229.69751	36.44846	231.3	m	9.884	3.063	F0	0.404
HIP 84153		258.07415	24.71621	231.31	m	9.229	2.408	F0	0.449
HIP 54485		167.20213	48.24654	231.32	m	9.635	2.814	G5	0.898
HD 179033	HIP 94446	288.32689	-47.8998	231.32	m	9.622	2.801	F2 V	0.403
HIP 42093		128.69424	41.44428	231.33	m	9.976	3.155	F8	0.528
HD 88199	HIP 49780	152.42199	-23.88798	231.35	m	9.179	2.358	A9 V	0.356
HIP 31304		98.46727	40.56878	231.36	m	9.858	3.037	F5	0.546
HD 54377	HIP 34512	107.27207	12.16675	231.39	m	9.166	2.344	A0	0.302
HIP 90921		278.20523	-29.29644	231.43	m	10.39	3.572	G0	0.65
HD 23370	HIP 16208	52.20627	-83.38478	231.43	m	9.848	3.026	F2/3 V	0.471
HD 116093	HIP 65150	200.26488	22.47378	231.44	m	9.243	2.421	G5	0.548
HD 98375	HIP 55299	169.87238	47.47016	231.51	m	9.897	3.074	F5	0.539
HIP 57244		176.07331	40.53833	231.51	m	12.02	5.192	A9	0.554
HD 209652	HIP 109208	331.86466	-66.9869	231.51	m	9.899	3.076	F2 V	0.422
HD 106243	HIP 59618	183.39561	-49.89924	231.51	m	9.366	2.543	F3 V	0.515
HD 152486	HIP 82736	253.66599	-25.22973	231.51	m	9.922	3.099	F3 V	0.567
HD 140142	HIP 76886	235.4976	1.90895	231.52	m	9.681	2.858	F5 V	0.503
HIP 68416		210.08739	47.40218	231.52	m	10.11	3.288	G5	1.004
HD 213437	HIP 111163	337.81069	4.25462	231.52	m	9.412	2.589	A1 IV	0.343
HD 202548	HIP 105220	319.68992	-57.02619	231.52	m	10.23	3.406	F7 V	0.587
HD 152616	HIP 82752	253.7031	-11.54971	231.61	m	10.09	3.267	G1/2 V	0.933
HIP 70978		217.76008	29.62278	231.65	m	9.94	3.116	F2	0.412
HD 9422	HIP 7159	23.06851	-20.70451	231.66	m	9.875	3.051	F7/8 V	0.584
HD 28601	HIP 20805	66.87703	-55.90508	231.68	m	10.02	3.198	F5/7 (V)	0.462
HIP 41787		127.80383	47.76513	231.71	m	9.215	2.39	F2	0.428
HIP 69255		212.67241	41.12621	231.74	m	9.927	3.102	F8	0.519
HIP 2680		8.49036	2.01502	231.74	m	11.17	4.343	G0	0.91
HIP 71484		219.27636	12.36492	231.75	m	9.706	2.881	F8	0.548
HIP 9632		30.95065	40.0556	231.78	m	9.735	2.91	F5	0.58
HD 92070	HIP 52010	159.3905	-19.35624	231.81	m	9.108	2.282	F3 IV/V	0.394
HIP 69251		212.65004	20.69881	231.82	m	9.897	3.071	F2	0.483
HD 55834	HIP 34941	108.45372	-20.43411	231.84	m	9.864	3.038	B9 V	0.354
HD 396	HIP 681	2.10558	-51.40074	231.87	m	9.518	2.692	F2 V	0.409
HIP 83092		254.68373	76.10917	231.87	m	9.433	2.607	F2	0.383
HD 185904	HIP 96921	295.52727	-17.98723	231.87	m	9.611	2.785	F6 V	0.62
HD 234213	HIP 74193	227.40875	52.44352	231.88	m	9.447	2.621	G0	0.56
HIP 21529		69.34254	5.47221	231.89	m	10.72	3.895	F0	0.506
HD 87188	HIP 49187	150.58794	-43.13851	231.91	m	9.009	2.182	F0 V	0.369
HIP 40068		122.77598	79.90822	231.92	m	10.04	3.212	G0	0.645
HD 12360	HIP 9344	29.99915	-44.54584	231.96	m	10.14	3.314	F2	0.381
HD 112601	HIP 63269	194.47556	-2.05285	231.97	m	9.566	2.739	F5 V	0.496
HD 27746	HIP 20333	65.3423	-33.92241	231.97	m	9.27	2.443	A9 IV/V	0.369
HIP 79393		243.04283	19.31815	232	m	9.341	2.514	F0	0.324
HD 5423	HIP 4361	13.9716	-20.8565	232.01	m	9.971	3.143	F5/6 V	0.532
HIP 95955		292.69828	63.61786	232.02	e	9.408	2.58	F	0.44
HD 64348	HIP 38780	119.06696	53.75071	232.05	m	9.067	2.239	F0	0.39
HD 224295	HIP 118046	359.16477	-22.89595	232.05	m	11.04	4.207	G2/3	0.623
HIP 70031		214.95086	-16.81939	232.05	m	10.05	3.22		0.536
HD 132884	HIP 73541	225.46256	-11.09436	232.09	m	9.693	2.865	F2 V	0.519
HIP 112493		341.80167	64.85823	232.13	m	9.204	2.375	F0	0.405
HIP 50464		154.55201	35.7357	232.14	m	10.22	3.387	F5	0.623
HIP 95495		291.36232	49.91262	232.18	m	9.23	2.401	A2	0.305
HIP 47540		145.39174	75.53514	232.18	m	9.328	2.499	G5	1.189
HD 201909	HIP 104558	317.7001	50.46854	232.22	m	9.107	2.278	A3	0.275
HD 31258	HIP 22741	73.38407	-17.82711	232.22	m	9.073	2.243	F2 V	0.362
HIP 14562		47.00479	50.55916	232.24	m	10.67	3.836	F 8 IV-V	0.618
HD 7842	HIP 6224	19.94857	67.20234	232.25	m	9.292	2.462	A0	0.2
HD 77828	HIP 44486	135.96119	-30.29457	232.3	m	9.322	2.492	G0 V	0.709
HD 223500	HIP 117545	357.56596	-55.876	232.31	m	10	3.174	F3 V	0.447
HIP 35416		109.6769	63.52392	232.32	m	10.17	3.339	G	0.492
HIP 24071		77.57834	-37.7916	232.34	m	10.15	3.315	G2	0.766
HD 164629	HIP 88646	271.47918	-60.30203	232.37	m	9.449	2.618	F2 V	0.405
HIP 84215		258.22163	23.14281	232.38	m	10.61	3.774	G0	0.721
HIP 63790		196.11578	35.00714	232.38	m	9.18	2.349	K 0 IV	1.107
HD 6981	HIP 5423	17.32059	-54.64883	232.38	m	10.32	3.485	F5 V	0.458
HD 17955	HIP 13361	42.97231	-38.73759	232.4	m	9.349	2.518	K1 III	1.195
HD 5270	HIP 4248	13.54532	-30.86247	232.41	m	10.09	3.259	G2/3 V	0.647
HD 131286	HIP 73421	225.07165	-78.84607	232.45	m	9.984	3.152	F6 V	0.429
HIP 41738		127.66581	-5.39907	232.51	m	9.749	2.917	G2	0.727
HD 20275	HIP 15350	49.48469	53.89429	232.54	m	9.032	2.2	F8	0.563
HD 163044	HIP 87776	268.96087	-37.15266	232.56	m	9.543	2.71	F0 V	0.493
HIP 55621		170.92948	64.08544	232.56	e	10.68	3.842	F8	0.591
HD 115926	HIP 64641	198.73437	82.09774	232.58	m	9.014	2.181	K2	1.278
HIP 114511		347.90902	32.08647	232.62	m	9.372	2.539	F8	0.581
HD 180805	HIP 95034	290.04726	-47.51382	232.62	m	9.789	2.956	G2 V	0.749
HD 220231	HIP 115382	350.59977	-35.6576	232.63	m	10.45	3.614	G2 V	0.608
HD 135422	HIP 74489	228.32133	45.83782	232.64	m	9.079	2.246	A5	0.374
HD 213157	HIP 111160	337.80523	-64.47612	232.65	m	9.37	2.537	F2 V	0.449
HD 105524	HIP 59245	182.29646	-76.63757	232.65	m	9.193	2.359	F3 III/IV	0.763
HIP 17237		55.36958	50.12039	232.66	m	10.72	3.89		0.791
HIP 110493		335.73704	16.32439	232.66	m	11.23	4.393	F8	0.57
HIP 67029		206.05113	12.07881	232.68	m	9.772	2.938	F5	0.394
HD 214535	HIP 111846	339.82561	-30.34519	232.69	m	9.732	2.898	F8 IV	0.589
HIP 51492		157.75287	41.66721	232.7	m	9.899	3.065	G0	0.641
HD 179118	HIP 94420	288.26909	-40.78408	232.74	m	9.424	2.59	A5/7 IV	0.373
HIP 4743		15.23245	-38.49117	232.75	m	9.785	2.951	K1	1.128
HD 201992	HIP 104842	318.57768	-38.99736	232.76	m	9.12	2.285	A7 III	0.272
HD 167261	HIP 89387	273.61285	-2.62559	232.77	m	9.67	2.835	F3 V	0.625
HIP 88904		272.22401	49.83403	232.78	m	9.066	2.231	F2	0.453
HIP 65586		201.69581	39.9253	232.82	m	10.67	3.831	F8	0.65
HIP 80969		248.00885	22.58216	232.82	m	9.227	2.392	M0	1.252
HIP 111165		337.81543	38.33253	232.85	m	9.795	2.96	F 8 V	0.747
HIP 85314		261.50358	-44.94431	232.87	m	11.46	4.619		0.751
HIP 6403		20.56053	-33.5858	232.88	m	10.42	3.588	G0	0.413
HD 87340	HIP 49424	151.32599	37.64496	232.88	m	9.019	2.183	A3	0.365
HD 204788	HIP 106434	323.36742	-61.73238	232.88	m	9.209	2.373	F3/5 V	0.459
HD 143804	HIP 78138	239.32674	69.63902	232.92	m	9.1	2.264	F2	0.477
HD 31667	HIP 23021	74.26063	-18.39375	232.96	m	9.325	2.489	F2 V	0.458
HIP 17306		55.57315	31.16792	232.96	m	9.742	2.906	F2	0.619
HIP 48546		148.52059	36.24378	232.98	m	10.1	3.258	G0	0.463
HD 186150	HIP 97137	296.13451	-41.11529	232.99	m	9.494	2.657	F7 V	0.628
HD 18547	HIP 13691	44.0823	-58.80781	232.99	m	9.296	2.459	F3 IV/V	0.427
HD 27745	HIP 20355	65.39032	-29.55475	233.03	m	10.1	3.265	F7/8 V	0.702
HD 90416	HIP 51182	156.80969	46.71477	233.04	m	9.023	2.186	F2	0.277
HD 115779	HIP 65118	200.16543	-61.33661	233.07	m	9.326	2.489	F0 V	0.551
HIP 86204		264.24283	26.75948	233.1	m	9.491	2.653	G5	1.069
HD 223659	HIP 117648	357.89709	-55.23315	233.11	m	9.629	2.791	F7 V	0.573
HD 174427	HIP 92596	283.01603	-37.15304	233.12	m	9.453	2.615	F5/6 IV/V	0.54
HIP 72007		220.91072	37.74957	233.13	m	10.24	3.404	F8	0.642
HIP 8177		26.28397	-20.05192	233.17	m	9.723	2.885	F5	0.53
HD 234082	HIP 67732	208.12522	50.01855	233.17	m	9.833	2.995	F8	0.508
HD 271190	HIP 25039	80.42784	-65.64148	233.18	m	10.22	3.379	G 5 III	0.896
HD 102315	HIP 57447	176.64786	-38.15014	233.19	m	9.136	2.297	F3 V	0.446
HD 156018	HIP 84360	258.70835	9.99367	233.2	m	9.108	2.269	F8	0.585
HIP 68911		211.62278	5.23282	233.2	m	10.37	3.531	F8	0.493
HD 235583	HIP 106979	325.00207	55.15206	233.21	m	9.157	2.318	A5	0.261
HD 17127	HIP 12938	41.59589	46.65809	233.21	m	9.065	2.226	F2	0.474
HD 16712	HIP 12455	40.0937	-14.42284	233.31	m	9.362	2.522	F3 V	0.439
HD 143858	HIP 78633	240.79031	-8.77908	233.31	m	9.642	2.802	F2 V	0.548
HD 234035	HIP 65424	201.14818	49.9888	233.34	m	9.774	2.934	K2	1.209
HD 241708	HIP 24385	78.47244	24.89134	233.35	m	9.313	2.473	F8	0.584
HIP 53025		162.73594	53.24756	233.35	m	10.48	3.641	G	0.447
HD 6547	HIP 5174	16.54477	-18.83871	233.4	m	9.107	2.267	A9 IV/V	0.328
HD 133855	HIP 73829	226.33389	39.95376	233.42	m	9.505	2.664	F5	0.376
HIP 71532		219.45794	14.90037	233.43	m	10.51	3.67	G5	0.498
HD 160428	HIP 86495	265.13258	-16.79344	233.45	m	10.09	3.248	G3/5 (V)	0.672
HIP 55393		170.13661	42.54072	233.46	m	10.1	3.258	F5	0.669
HD 121262	HIP 67992	208.85608	-43.83893	233.47	m	9.494	2.653	F0 V	0.321
HD 222321	HIP 116747	354.91503	-28.70726	233.47	m	9.81	2.969	F3 V	0.477
HD 198209	HIP 102937	312.83434	-57.46249	233.51	m	9.065	2.223	A2MA7-A8	0.305
HD 336089	HIP 90447	276.82682	27.20899	233.53	m	9.808	2.966	G0	0.513
HD 89978	HIP 50869	155.8099	2.60965	233.55	m	9.23	2.388	F2 V	0.464
HIP 73679		225.90864	-24.59617	233.62	m	10.28	3.433	G5	0.806
HIP 12210		39.30315	-64.50781	233.63	m	11.75	4.903		1.159
HD 93822	HIP 52870	162.18026	-56.577	233.65	m	9.359	2.516	G3/6 III/IV	0.757
HD 218953	HIP 114551	348.05401	-2.04694	233.66	m	9.12	2.277	A9/F0 V	0.294
HIP 59850		184.09858	31.18381	233.68	m	10.56	3.721	F5	0.578
HD 42915	HIP 29470	93.13453	-21.49827	233.68	m	9.049	2.206	A3 V	0.145
HD 174150	HIP 92448	282.59695	-30.2205	233.71	m	9.554	2.711	G0	0.623
HD 216792	HIP 113274	344.05709	-33.88052	233.72	m	9.059	2.216	F5 V	0.534
HIP 50920		155.97915	32.02594	233.73	m	9.646	2.802	G0	0.654
HIP 80044		245.08098	11.11066	233.77	m	9.192	2.348	F8	0.483
HIP 34883		108.27345	31.15256	233.8	m	9.812	2.968	F2	0.49
HD 131290	HIP 72701	222.96386	29.50485	233.8	m	9.514	2.67	F8	0.486
HD 15859	HIP 11084	35.68809	-82.47609	233.83	m	9.004	2.159	A1 V	0.186
HD 113969	HIP 63987	196.68996	38.98902	233.87	m	9.61	2.765	F 3 V	0.36
HD 171465	HIP 91133	278.84139	-9.05149	233.87	m	9.282	2.437	K0 III	1.484
HD 234168	HIP 71738	220.12007	50.97915	233.88	m	9.818	2.973	F8	0.613
HIP 44822		137.0106	-68.52867	233.9	m	11.58	4.738		0.574
HIP 17158		55.12295	5.12992	233.92	m	9.633	2.788	G5	0.623
HIP 74081		227.07879	-9.82343	233.93	m	10.53	3.685	G0	0.993
HD 266413	HIP 33356	104.06619	25.9598	233.95	m	9.293	2.447	G0	0.617
HD 89718	HIP 50771	155.51341	40.93004	233.96	m	9.447	2.601	F2	0.333
HD 91540	HIP 51545	157.91885	-71.53657	233.97	m	9.451	2.605	F7 V	0.693
HD 199248	HIP 103514	314.57557	-55.93486	233.97	m	9.513	2.667	F3 V	0.384
HIP 5931		19.06515	22.10414	233.98	m	10.01	3.165	F0	0.52
HIP 50123		153.48592	45.57564	233.99	m	9.474	2.628	F8	0.501
HD 15313	HIP 11375	36.62602	-46.48668	234	m	9.472	2.626	F5 V	0.489
HD 136756	HIP 75222	230.57797	2.00681	234.01	m	9.755	2.909	F6 V	0.589
HD 110775	HIP 62289	191.473	-75.18425	234.03	m	9.142	2.296	A5 (V)	0.348
HD 207493	HIP 107801	327.58191	-37.32863	234.03	m	9.662	2.816	K0 V	1.053
HD 11890	HIP 8992	28.96099	-43.04701	234.1	m	9.064	2.217	F6 IV	0.528
HD 156444	HIP 84766	259.89115	-41.93794	234.1	m	9.421	2.574	F3/6	0.6
HD 209555	HIP 109219	331.88267	-71.62278	234.12	m	9.001	2.154	K0 III	1.329
HIP 75792		232.2505	-50.03203	234.14	m	10.36	3.517	G5	0.511
HD 220323	HIP 115442	350.76358	-30.35551	234.16	m	9.455	2.607	F3 V	0.465
HIP 41560		127.10698	16.84319	234.16	m	10.59	3.737	G5	0.33
HIP 62106		190.92617	63.88124	234.19	m	9.115	2.267	K2	1.242
HIP 61770		189.90194	64.67428	234.23	m	9.489	2.641	F5	0.443
HIP 71514		219.38812	79.0342	234.25	m	9.86	3.012	F5	0.518
HD 88349	HIP 49815	152.53661	-45.78673	234.26	m	10.54	3.697	Fm delta Del	0.482
HIP 27824		88.31835	-10.69269	234.26	m	9.961	3.113	F2	0.4
HD 193978	HIP 100619	306.03885	-28.00509	234.27	m	9.438	2.589	F3 V	0.529
HIP 92775		283.57065	42.98344	234.28	m	10.04	3.186	G2	0.693
HD 81086	HIP 46073	140.92807	2.73931	234.29	m	9.417	2.568	F5/6 V	0.495
HD 216138	HIP 112865	342.84479	-57.55759	234.32	m	9.965	3.116	F3/7 V	0.427
HIP 66767		205.27243	25.96877	234.34	m	10.77	3.925	F8	0.526
HD 315883	HIP 85884	263.27111	-28.44055	234.35	m	10.26	3.408	G0	0.571
HD 242930	HIP 25089	80.57012	26.18513	234.38	m	11.2	4.345	F0	0.652
HIP 56881		174.90928	45.9421	234.4	m	10.87	4.024	G5	0.606
HD 172580	HIP 91830	280.84349	-47.12154	234.43	m	9.297	2.447	F5 V	0.518
HD 46862	HIP 31752	99.63416	52.29461	234.43	m	9.161	2.311	G5	1.12
HIP 62830		193.1309	7.20117	234.44	m	11.42	4.571		0.309
HD 200332	HIP 103959	315.96031	-32.51369	234.46	m	9.185	2.335	F6 V	0.554
HD 207281	HIP 107716	327.3045	-50.52733	234.47	m	10.03	3.177	F5 V	0.567
HD 125588	HIP 70301	215.76095	-64.81071	234.47	m	9.424	2.574	F3 V	0.586
HD 155216	HIP 84080	257.8429	-28.83333	234.47	m	10.02	3.165	F0 II/III	0.432
HIP 65430		201.16042	24.61981	234.48	m	9.635	2.784	F2	0.456
HD 130066	HIP 72144	221.34646	29.18163	234.49	m	9.862	3.011	G5	0.464
HIP 70505		216.33682	-51.06553	234.5	m	10.34	3.486	F5	0.487
HIP 59697		183.62912	4.2797	234.51	m	9.785	2.934	F0	0.376
HIP 40379		123.6642	-41.65392	234.52	m	13.57	6.724		
HD 199506	HIP 103507	314.55764	-21.33537	234.52	m	9.236	2.385	F3 V	0.485
HD 180754	HIP 94337	288.02128	69.70793	234.52	m	9.026	2.175	A2	0.308
HD 114744	HIP 64411	198.02016	36.90863	234.55	m	9.229	2.378	K0	0.662
HIP 7947		25.52358	-27.55685	234.57	m	10.23	3.382	F8	0.485
HD 213111	HIP 111070	337.5208	-47.23777	234.58	m	9.567	2.716	F6 V	0.586
HIP 85505		262.10881	4.62749	234.62	m	10.17	3.322		1.05
HIP 69478		213.35967	17.53421	234.63	m	10.93	4.081	F5	0.688
HD 138320	HIP 76433	234.16485	-71.98162	234.64	m	9.179	2.327	K0 III/IV	1.31
HIP 57824		177.8738	43.09921	234.64	m	10.16	3.309	F5	0.511
HD 125098	HIP 69915	214.62516	-45.24445	234.65	m	10.02	3.171	F0 V	0.347
HIP 75424		231.14171	-49.53101	234.65	m	10.3	3.448	F5	0.482
HD 258337	HIP 30930	97.36747	3.62382	234.66	m	9.771	2.919	F0	0.36
HD 79531	HIP 45423	138.8454	23.76998	234.66	m	9.455	2.603	G5	0.446
HD 26728	HIP 19638	63.12247	-29.09993	234.69	m	9.071	2.219	A8 V	0.341
HIP 16063		51.72658	-23.73198	234.7	m	10.96	4.108		0.455
HIP 1183		3.69688	-28.97508	234.71	m	10.3	3.452	G0	0.738
HD 5677	HIP 4533	14.51101	-36.20024	234.72	m	9.602	2.749	F0 V	0.409
HD 104621	HIP 58746	180.73197	27.00581	234.74	m	9.349	2.496	G 5 IV-V	0.851
HD 144336	HIP 78910	241.61703	-31.34257	234.74	e	9.486	2.633	F3 V	0.518
HD 48926	HIP 32189	100.80653	-50.65073	234.74	m	9.41	2.557	K0 III	1.262
HIP 74509		228.38554	38.56823	234.76	m	10.28	3.422	G5Ve + G8Ve	0.85
HIP 56204		172.8285	76.55133	234.76	m	9.969	3.116	F8	0.475
HD 221108	HIP 115932	352.32765	-29.80661	234.78	m	10.31	3.462	F6 (IV)	0.619
HD 265345	HIP 33047	103.26938	31.46235	234.78	m	9.509	2.656	F5	0.596
HD 54773	HIP 34461	107.1485	-36.21736	234.78	m	9.463	2.61	A8 V	0.34
HD 3715	HIP 3134	9.95994	-14.29921	234.83	m	9.554	2.7	F3 V	0.431
HIP 31582		99.1454	-20.23083	234.83	m	9.468	2.614	F2	0.428
HIP 13868		44.6501	-3.02631	234.84	m	9.563	2.709	G0	0.617
HD 207156	HIP 107635	327.0245	-38.642	234.85	m	9.438	2.584	F7 V	0.614
HD 170565	HIP 90680	277.53449	-2.59092	234.85	m	9.167	2.313	Ap SrEuCr	0.451
HD 243912	HIP 25554	81.93808	10.77843	234.86	m	10.41	3.554	F8	0.653
HD 93448	HIP 52812	161.95099	36.91229	234.87	m	9.726	2.872	G0	0.778
HIP 15593		50.20624	6.43323	234.89	m	9.674	2.82	F8	0.551
HD 208484	HIP 108343	329.25247	-27.01569	234.9	m	9.12	2.266	F2 V	0.403
HD 88925	HIP 50294	154.03946	33.79397	234.91	m	9.238	2.384	K2	1.014
HD 252349	HIP 29230	92.44441	33.0973	234.91	m	9.563	2.708	G0	0.583
HD 568	HIP 830	2.53285	-15.17711	234.94	m	9.413	2.558	F0 V	0.427
HIP 15558		50.10819	14.17465	234.94	m	9.145	2.29	F2	0.539
HD 215827	HIP 112576	342.01862	-6.551	234.96	m	9.696	2.841	F3/5 IV	0.519
HIP 71512		219.37787	18.15198	234.96	m	9.27	2.415	F8	0.583
HIP 11996		38.66864	-15.79207	234.96	m	10.45	3.59		0.721
HD 39402	HIP 27718	88.04381	-5.50074	235.04	m	9.884	3.028	F2/3 V	0.486
HD 219641	HIP 115010	349.40273	-32.44628	235.07	m	9.959	3.103	F5 V	0.567
HD 290976	HIP 27985	88.77795	-2.23167	235.09	m	9.624	2.768	F5	0.504
HIP 84722		259.76585	30.90527	235.09	m	9.723	2.867	F5	0.473
HD 190531	HIP 99073	301.70505	-37.91239	235.1	m	10.35	3.498	F5 V	0.56
HD 89924	HIP 50707	155.31292	-55.68254	235.1	m	9.154	2.298	F0/2 IV	0.487
HIP 23053		74.41738	-5.74859	235.11	m	9.261	2.405		0.354
HD 235631	HIP 107709	327.27947	53.46973	235.11	m	9.128	2.272	A3	0.211
HD 237943	HIP 53061	162.84329	56.12984	235.12	m	9.164	2.308	F2	0.511
HIP 18226		58.45255	-0.05049	235.18	m	10.85	3.996	G0	0.796
HD 45510	HIP 31176	98.12623	64.02698	235.19	m	9.678	2.821	F2	0.401
HIP 62044		190.766	16.23415	235.19	m	9.982	3.125	F8	0.616
HIP 68097		209.12874	37.82994	235.19	m	11.01	4.156	G 1 V	0.595
HD 161273	HIP 86924	266.41763	-26.65002	235.19	m	9.891	3.034	A5 IV/V	0.325
HIP 25266		81.05333	22.1379	235.19	m	10.56	3.706	F5	0.821
HD 11548	HIP 8793	28.26389	-20.97161	235.22	m	9.311	2.454	F5 V	0.509
HD 283964	HIP 22829	73.68731	24.09629	235.23	m	10.88	4.018	G0	0.729
HD 80147	HIP 45678	139.68008	19.42194	235.24	m	9.297	2.439	F8	0.413
HD 135047	HIP 74351	227.92259	40.74643	235.24	m	9.381	2.523	G0	0.714
HIP 54439		167.08353	42.66321	235.24	m	9.302	2.444	F2	0.451
HD 220217	HIP 115405	350.66661	-57.15952	235.25	m	9.121	2.263	K2 III + F/G	1.086
HIP 79510		243.3694	25.24138	235.26	m	9.914	3.056	G5	1.065
HD 225091	HIP 260	0.81723	-55.40507	235.26	m	9.62	2.762	F2 V	0.415
HD 198306	HIP 102898	312.69124	-39.10085	235.27	m	9.488	2.63	F5 V	0.6
HIP 37295		114.86344	19.78049	235.29	m	9.294	2.436	F5	0.488
HD 148183	HIP 80560	246.71096	-13.84855	235.29	m	9.266	2.408	A2/3 + G/K (III)	0.565
HD 217503	HIP 113708	345.43785	-43.57377	235.3	m	10.2	3.344	G0 V	0.668
HIP 87313		267.61318	41.19979	235.3	m	9.605	2.747	F5	0.528
HIP 113898		345.99291	32.50604	235.31	m	9.012	2.154	F0	0.331
HD 215334	HIP 112298	341.19107	-30.25042	235.32	m	9.657	2.799	F3 V	0.53
HIP 63941		196.55999	32.3438	235.35	m	10.87	4.007	F8	0.707
HD 83819	HIP 47581	145.52829	39.24725	235.36	m	9.026	2.167	F5	0.423
HIP 110192		334.81316	-10.79233	235.36	m	9.878	3.019		0.625
HD 212147	HIP 110480	335.6906	-31.98174	235.37	m	10.32	3.465	G8 V	0.947
HD 214791	HIP 112009	340.32779	-43.84127	235.38	m	9.012	2.153	F5 V	0.527
HD 199701	HIP 103561	314.74161	-0.42318	235.41	m	9.093	2.234	A9/F0 V	0.352
HIP 39783		121.94923	11.6717	235.41	m	9.725	2.866	F0	0.274
HD 223790	HIP 117731	358.15814	25.78153	235.41	m	9.086	2.227	A2	0.294
HIP 41082		125.73062	40.76712	235.42	m	10.32	3.46	K0	0.697
HD 86747	HIP 49097	150.31523	34.64005	235.44	m	9.231	2.372	F8	0.537
HIP 59972		184.49329	49.88959	235.44	m	10.71	3.855	G0	0.696
HD 191871	HIP 100105	304.61615	-73.54188	235.44	m	9.131	2.272	F7 V	0.642
HD 65478	HIP 38997	119.71791	-1.61565	235.44	m	9.025	2.166	K0 III	1.157
HD 232798	HIP 16351	52.66967	53.66661	235.45	m	9.525	2.666	A7	0.5
HD 344394	HIP 95602	291.6723	22.70778	235.45	m	9.779	2.919	G0	0.596
HIP 112216		340.91208	-64.64925	235.47	m	10.08	3.222	F0	0.352
HD 20561	HIP 15349	49.48428	-15.50872	235.48	m	9.594	2.734	F3 V	0.514
HD 23270	HIP 17399	55.91852	-4.84802	235.48	m	9.298	2.438	F7 V	0.541
HIP 14697		47.46703	48.47096	235.48	m	11.05	4.192	G3V	0.667
HD 99367	HIP 55768	171.41101	-48.31642	235.49	m	9.945	3.085	F0/2 IV/V	0.452
HD 211728	HIP 110334	335.20795	-61.67069	235.54	m	9.4	2.54	G8 III/IV	1.074
HD 243998	HIP 25629	82.12211	16.25327	235.55	m	9.629	2.769	F0	0.376
HD 137444	HIP 75345	230.94728	53.68564	235.56	m	9.063	2.203	F8	0.436
HIP 102919		312.76603	50.94947	235.57	m	9.411	2.55		0.779
HD 65120	HIP 39092	119.95995	53.37309	235.59	m	9.112	2.251	F5	0.378
HD 86934	HIP 49035	150.06477	-53.83372	235.61	m	9.117	2.256	F0 V	0.472
HD 204950	HIP 106324	323.02108	-0.71517	235.63	m	9.798	2.937	F3 V	0.503
HIP 48998		149.94491	40.26406	235.64	m	9.354	2.493	F8	0.565
HIP 111745		339.5404	17.82012	235.64	m	9.836	2.975	F5	0.548
HD 170734	HIP 91111	278.78067	-62.18397	235.65	m	9.132	2.271	K2 III	1.535
HD 233650	HIP 47049	143.82324	50.00241	235.65	m	9.661	2.8	A5	0.334
HD 284724	HIP 21875	70.54373	19.80521	235.67	m	10.88	4.013	F5	0.714
HIP 35354		109.53795	41.53551	235.68	m	9.727	2.865	F5	0.53
HD 233312	HIP 33809	105.28614	53.09226	235.68	m	9.024	2.162	F5	0.521
HD 287671	HIP 24699	79.4605	2.30654	235.68	m	10.18	3.318	F8	0.578
HD 75381	HIP 43269	132.22342	-22.87419	235.69	m	9.115	2.253	A1 V	0.305
HIP 6674		21.40939	-24.69198	235.69	m	10.23	3.367	F2	0.394
HIP 71144		218.24944	18.23095	235.7	m	10.06	3.195	G5	0.897
HD 223314	HIP 117425	357.1474	-14.85847	235.72	m	9.485	2.623	F5 V	0.46
HIP 54953		168.80571	-40.73277	235.72	m	10.34	3.473	G5	0.445
HIP 91097		278.73375	-23.42807	235.78	m	10.56	3.695	F0	0.675
HD 3316	HIP 2817	8.96291	-38.72237	235.79	m	9.337	2.474	G (III) + G	0.657
HIP 65169		200.33601	21.36074	235.8	m	11.02	4.158	G0	0.52
HIP 79100		242.18652	85.07023	235.81	m	10.39	3.524	G0	0.525
HD 108650	HIP 60879	187.15631	48.2913	235.85	m	9.505	2.642	F8	0.369
HD 222071	HIP 116588	354.40759	-37.66875	235.89	m	9.246	2.382	F3 V	0.473
HD 30804	HIP 22251	71.84235	-57.14925	235.96	m	9.355	2.491	F3 V	0.396
HD 324773	HIP 88300	270.48503	-40.98165	235.96	m	10.07	3.206	F2	0.459
HD 29128	HIP 21970	70.83563	75.80692	235.96	m	9.998	3.134	G5	0.551
HD 139363	HIP 76572	234.56858	-17.56007	235.97	m	10.09	3.229	F0 V	0.485
HIP 41553		127.09324	47.75393	235.97	m	9.19	2.326	F2	0.485
HIP 85304		261.47753	24.25613	235.97	m	9.525	2.661	A7	0.337
HD 222994	HIP 117185	356.39611	25.47193	235.99	m	9.095	2.231	F5	0.386
HD 107478	HIP 60262	185.34953	-48.69887	236.02	m	9.878	3.013	F2/3 V	0.38
HD 159135	HIP 86233	264.33679	-63.7688	236.03	m	9.437	2.572	F0 IV	0.366
HIP 86345		264.66338	35.36086	236.04	m	9.935	3.07	F8	0.656
HD 61173	HIP 37344	114.98083	43.32413	236.09	m	9.337	2.472	F8	0.564
HIP 63314		194.63098	64.23498	236.09	m	11.48	4.617		0.241
HD 136433	HIP 75452	231.21677	-68.28087	236.09	m	9.33	2.465	F2 V	0.455
HIP 46659		142.69494	48.27327	236.1	m	10.62	3.754	sdO:	-0.29
HIP 50622		155.10529	3.16435	236.1	m	10.24	3.38	F5	0.529
HD 221787	HIP 116382	353.74633	14.4444	236.14	m	9.146	2.28	G0	0.366
HIP 75299		230.77333	9.24299	236.18	m	9.639	2.773	F5	0.536
HD 3391	HIP 2891	9.16597	-33.26595	236.23	m	10.2	3.328	F5 V	0.429
HIP 72284		221.73698	-29.40324	236.23	m	10.55	3.681	F8	0.789
HD 210192	HIP 109383	332.39968	-40.9856	236.28	m	10.23	3.359	F7 V	0.604
HD 184440	HIP 96404	294.00411	-38.40466	236.3	m	10.48	3.616	F3 V	0.487
HIP 47568		145.48571	48.58633	236.32	m	9.781	2.914	F2	0.428
HIP 61708		189.72602	31.35333	236.41	m	10.45	3.579	F8	0.63
HD 235630	HIP 107695	327.23446	52.47898	236.43	m	9.051	2.183	A3	0.351
HIP 8572		27.63603	-9.35078	236.45	m	10.41	3.538	F3	0.487
HD 91	HIP 477	1.42899	-29.96063	236.47	m	9.908	3.039	A9/F0 V	0.416
HIP 92848		283.79433	64.5312	236.48	m	10.29	3.418	F5	0.595
HIP 15553		50.09216	-0.89411	236.49	m	10.26	3.395	F8	0.562
HIP 76024		232.91665	71.92939	236.51	m	9.349	2.48	G5	0.974
HD 233812	HIP 54586	167.56482	50.95822	236.53	m	10.55	3.686	G0	0.587
HIP 73455		225.16557	69.94106	236.54	m	9.887	3.017	F8	0.57
HIP 1680		5.25338	29.70765	236.54	m	10.03	3.161	G5	0.876
HD 1651	HIP 1663	5.20736	-0.8711	236.6	m	9.311	2.441	A8 V	0.412
HD 140120	HIP 76806	235.23722	28.51265	236.6	m	10.35	3.476	G0	0.776
HD 342924	HIP 91917	281.07763	22.39811	236.64	m	9.197	2.327	K0	1.307
HIP 74150		227.26977	4.74165	236.65	m	9.923	3.052	F2	0.566
HD 220880	HIP 115797	351.89085	-26.51872	236.65	m	10.18	3.308	F2/3 V	0.452
HD 11340	HIP 8589	27.71658	-32.24498	236.66	m	9.309	2.438	F0 V	0.364
HD 40303	HIP 28163	89.27004	-19.21963	236.67	m	9.011	2.14	F2 V	0.444
HD 25339	HIP 18791	60.39388	-0.99369	236.68	m	9.649	2.778	A9 V	0.426
HD 217450	HIP 113661	345.29358	-37.75733	236.69	m	9.87	2.999	G/K III + A/F	0.511
HIP 63910		196.44929	22.90063	236.7	m	10.45	3.58	F5	0.427
HD 207972	HIP 108107	328.55183	-43.8027	236.71	m	9.275	2.404	F7 V	0.592
HD 199491	HIP 103721	315.26534	-65.53387	236.73	m	9.919	3.048	F2 V	0.406
HD 18026	HIP 13289	42.76465	-60.89695	236.74	m	9.209	2.338	F6 IV/V	0.564
HD 125983	HIP 70343	215.87852	-29.81575	236.74	m	9.334	2.463	F5 V	0.527
HIP 82662		253.476	25.78461	236.75	m	9.671	2.8	F8	0.533
HD 127557	HIP 70812	217.22719	67.35668	236.79	m	9.007	2.135	A0	0.289
HD 30775	HIP 22318	72.10683	-45.01085	236.79	m	9.622	2.75	F0 V	0.362
HD 208852	HIP 108581	329.93939	-33.17706	236.88	m	10.09	3.212	F3/5 V	0.608
HIP 1015		3.16439	9.52781	236.91	m	10.7	3.831	F8	0.784
HIP 56693		174.36973	61.51004	236.92	m	9.611	2.738	K0	1.186
HIP 93879		286.77835	45.27771	236.93	m	9.955	3.082	F8	0.557
HD 112254	HIP 63177	194.15814	-67.62135	236.95	m	9.298	2.425	A4/6 IV/V	0.271
HD 188749	HIP 98832	301.05541	-75.43928	236.96	m	9.753	2.88	F2 V	0.434
HD 196012	HIP 101610	308.88835	-27.98201	236.97	m	9.319	2.446	F8 V	0.597
HD 192695	HIP 101333	308.07326	-83.43078	236.98	m	9.304	2.43	K1 III	1.577
HIP 10516		33.87373	31.43821	236.98	m	10.04	3.171	F2	0.567
HIP 36317		112.13508	42.75178	237.01	m	10.11	3.236		0.609
HIP 10377		33.41955	-10.16267	237.01	m	9.774	2.9	F2	0.362
HIP 71531		219.45444	14.90267	237.01	m	9.308	2.434	F5	0.472
HD 220800	HIP 115740	351.72875	-25.6775	237.02	m	9.586	2.712	G8 V(CNIII/IV)	1.039
HD 6867	HIP 5390	17.24788	-19.37351	237.03	m	9.9	3.026	F3 V	0.437
HD 102760	HIP 57695	177.48563	36.74822	237.06	m	9.176	2.302	G5	0.479
HIP 11158		35.88879	18.09818	237.07	m	11.84	4.968		0.439
Gl 3765	HIP 64088	197.00751	49.11191	237.07	m	10.94	4.061	F8	0.578
HD 19397	HIP 14304	46.11886	-58.4038	237.08	m	9.199	2.325	A4MA6-F0	0.256
HIP 97733		297.92222	31.1378	237.08	m	9.527	2.653	A5	0.469
HIP 69940		214.69081	20.51546	237.08	m	10.72	3.847	F8	0.722
HIP 62184		191.16671	41.52698	237.08	m	9.718	2.843	F5	0.527
HD 149288	HIP 81169	248.67432	-22.61655	237.09	m	9.676	2.801	K3 (III)	1.956
HIP 113626		345.18737	65.57611	237.11	m	9.305	2.43	F0	0.493
HD 258078	HIP 30864	97.19774	6.20036	237.15	m	9.154	2.279	A5	0.451
HIP 90937		278.25538	31.59526	237.21	m	9.206	2.33	F5	0.474
HD 145553	HIP 79395	243.04982	-16.6771	237.24	m	9.805	2.929	G2/3 V	0.825
HD 205595	HIP 106858	324.64006	-59.50853	237.26	m	10.34	3.459	F7 V	0.694
HD 138414	HIP 76104	233.1429	-20.00725	237.27	m	9.423	2.547	G8 IV	1.015
HD 51417	HIP 33790	105.24829	59.4829	237.3	m	9.197	2.32	A3	0.32
HD 136867	HIP 75374	231.03669	-34.03735	237.31	m	9.335	2.458	G2/3 V	0.999
HD 4524	HIP 3714	11.92094	37.6311	237.34	m	9.26	2.383	A5	0.239
HIP 51230		156.95852	48.71562	237.38	m	9.642	2.765	F0	0.278
HIP 14699		47.46974	-6.89268	237.4	m	11.04	4.162	F8	0.712
HD 126311	HIP 70511	216.35656	-29.07068	237.41	m	9.329	2.452	K0 IV/V	1.241
HD 242881	HIP 25013	80.34006	14.94338	237.42	m	9.631	2.753	F 0 V	0.377
HIP 49179		150.56331	49.65927	237.42	m	9.422	2.544	F8	0.54
HIP 77770		238.21249	20.38133	237.43	m	9.001	2.123	K0	1.263
HIP 102915		312.74634	85.86796	237.43	m	10.88	4.001		0.444
HD 148406	HIP 80573	246.76739	19.36814	237.46	m	9.51	2.632	G5	0.585
HIP 81496		249.68622	16.2197	237.46	m	10.88	4.004		0.591
HD 17789	HIP 13362	42.98026	23.14609	237.48	m	9.191	2.313	A0	0.324
HIP 12337		39.7182	-28.16248	237.51	m	11.2	4.321		0.839
HD 237828	HIP 47523	145.32247	56.66138	237.52	m	9.739	2.861	G0	0.515
HIP 15367		49.53157	-24.95127	237.55	m	9.809	2.93	G0	0.713
HD 9229	HIP 6992	22.50088	-42.84811	237.56	m	9.543	2.664	F8 V	0.643
HIP 10974		35.33916	68.08125	237.59	m	9.551	2.672	B2	0.551
HD 215422	HIP 112366	341.39171	-35.61655	237.59	m	10.21	3.336	F7/8 V	0.554
HIP 58695		180.57341	72.36462	237.64	m	10.13	3.251		1.084
HIP 68592		210.62536	-5.65145	237.65	m	11.37	4.489		0.281
HD 113562	HIP 63772	196.07531	28.10701	237.65	m	9.273	2.393	F0V	0.54
HIP 40939		125.32472	40.18512	237.66	m	9.05	2.17	F5	0.526
HD 124613	HIP 69656	213.84402	-33.23866	237.67	m	9.628	2.748	F0 V	0.463
HD 144408	HIP 78846	241.42341	5.18632	237.7	m	9.218	2.338	A0	0.201
HD 57535	HIP 40335	123.53454	87.69233	237.7	m	9.136	2.256	A2	0.378
HD 167467	HIP 90064	275.69309	-73.41443	237.71	m	9.304	2.424	G6 III/IV	1.042
HIP 2317		7.39099	-72.68228	237.72	m	11.05	4.166		0.754
HIP 17466		56.14314	17.74737	237.75	m	9.229	2.348	F2	0.439
HD 23865	HIP 17836	57.24193	14.97574	237.75	m	9.21	2.329	F8	0.763
HIP 5971		19.18652	-0.4522	237.75	m	10.64	3.76	F8	0.581
HD 170988	HIP 90911	278.16416	-7.99601	237.84	m	9.291	2.41	F0/2 V	0.661
HIP 110565		335.97503	13.72391	237.85	m	11.06	4.181	G5	0.736
HD 241	HIP 595	1.80322	-22.02773	237.87	m	10.32	3.443	F3 V	0.442
HD 151455	HIP 82300	252.24143	-34.86694	237.89	m	9.673	2.791	G8/K0 (III)	1.632
HD 196968	HIP 102372	311.14501	-66.49812	237.9	m	9.341	2.459	F2 V	0.417
HIP 92290		282.15099	77.77169	237.91	m	10.52	3.637	F8	0.756
HD 343	HIP 653	2.00791	-30.03168	237.91	m	9.745	2.863	A8/9 V	0.337
HD 115899	HIP 65037	199.96419	23.63647	237.92	m	9.252	2.37	F 0 V	0.401
HIP 41446		126.80745	-3.44116	237.92	m	9.132	2.25	F5	0.508
HD 165337	HIP 89462	273.86332	-77.531	237.93	m	9.312	2.43	G8 (V)	1.071
HIP 57104		175.59679	40.47925	237.94	m	10.27	3.391	F8	0.668
HIP 5905		18.97167	-73.51391	237.94	m	10.92	4.038	sdF5	0.403
HD 123028	HIP 69023	211.95372	-66.16288	237.94	m	9.645	2.763	F0 V	0.393
HIP 33479		104.39481	38.78297	237.96	m	10.18	3.299	F5	0.56
HD 175610	HIP 92652	283.17856	58.70333	237.98	m	9.242	2.359	A3	0.244
HD 220791	HIP 115840	352.023	-76.96543	238	m	9.269	2.386	G3 IV	0.869
HD 11794	HIP 8897	28.64662	-46.68067	238.01	m	10.06	3.178	F5/6 V	0.508
HIP 73413		225.0437	30.96694	238.01	m	10.35	3.467	F8	0.652
HIP 72549		222.48438	27.63923	238.01	m	10.54	3.652	F8	0.61
HD 173845	HIP 91969	281.18875	52.00911	238.01	m	9.157	2.274	F5	0.317
HD 5145	HIP 4154	13.27072	-24.95168	238.03	m	9.344	2.461	F2 V	0.474
HIP 72163		221.40307	12.48386	238.03	m	9.878	2.995	F8	0.595
HD 126686	HIP 70719	216.94759	-32.63602	238.04	m	9.457	2.574	F2 V	0.5
HIP 50008		153.13774	49.02305	238.1	e	9.81	2.926	F2	0.383
HIP 67477		207.41787	-36.1796	238.1	e	9.723	2.839	F0	0.4
HIP 13051		41.92962	-12.66098	238.14	m	10.19	3.302	G0	0.607
HD 36953	HIP 26252	83.8717	5.82421	238.16	m	9.043	2.159	F5	0.482
HIP 4408		14.12596	-27.22745	238.16	m	10.3	3.418	G0	0.749
HIP 62275		191.42778	-47.37827	238.22	m	10.58	3.693	G0	0.441
HIP 16885		54.32325	47.34825	238.23	m	9.162	2.277	F 3 IV	0.495
HD 170798	HIP 90872	278.05616	-22.05602	238.25	m	9.393	2.508	A2 III	0.28
HD 90141	HIP 51066	156.51546	62.10586	238.25	m	9.114	2.229	A5	0.342
HIP 42232		129.16181	44.93541	238.27	m	10.07	3.182	F2	0.487
HIP 58540		180.06691	-47.30262	238.33	m	10.22	3.335	G0	0.529
HD 211146	HIP 109929	333.97673	-36.90376	238.33	m	9.179	2.293	G8/K0 III	1.018
HD 137402	HIP 75701	231.9777	-50.35153	238.38	m	9.33	2.444	F3 IV	0.509
HD 134840	HIP 74503	228.37796	-42.16601	238.42	m	9.314	2.427	A8 (IV)M	0.369
HIP 20571		66.10568	-48.15186	238.44	m	10.1	3.21	G0 V	0.904
HD 19247	HIP 14397	46.43542	-2.92585	238.49	m	9.804	2.917	F3/5 V	0.564
HD 237951	HIP 53517	164.21917	55.86654	238.52	m	9.703	2.815	F0	0.355
HD 163154	HIP 87720	268.77875	-9.85505	238.52	m	9.853	2.965	A5/7 II	0.634
HD 109537	HIP 61475	188.95544	-44.01006	238.56	m	9.581	2.693	F5 V	0.584
HD 175827	HIP 93008	284.21369	10.83084	238.57	m	9.478	2.59	B9	0.23
HD 222666	HIP 116981	355.72417	-53.05674	238.62	m	9.648	2.759	G6/K0 (III)	1.097
HD 69055	HIP 40531	124.13751	37.28165	238.63	m	9.157	2.268	F5	0.322
HD 286885	HIP 21453	69.10322	13.12264	238.63	m	10.66	3.768	F2	0.63
HD 233953	HIP 61515	189.05309	49.36306	238.64	m	10.19	3.305	B	0.444
HIP 10529		33.92222	67.677	238.66	m	9.357	2.468	F2	0.63
HD 65192	HIP 38542	118.38846	-63.76986	238.66	e	9.061	2.172	F3 IV/V	0.456
HD 215701	HIP 112541	341.92357	-42.8866	238.67	m	9.977	3.088	F5 V	0.478
HD 24856	HIP 18558	59.58505	32.75645	238.67	m	9.046	2.157	A 2 IV	0.443
HD 3314	HIP 2840	9.00224	-28.26796	238.68	m	9.847	2.958	F6 V	0.533
HIP 46092		140.98237	55.4818	238.7	m	10.22	3.333	F5	0.498
HD 144581	HIP 78905	241.60784	6.19419	238.71	m	9.648	2.759	F0	0.388
HD 311568	HIP 47590	145.5539	-72.25454	238.74	m	9.457	2.567	G5	0.51
HIP 64097		197.03087	28.21911	238.81	m	10.52	3.625	F 6 IV	0.515
HIP 56408		173.47139	47.81985	238.81	m	9.406	2.516	K1III	1.344
HD 278497	HIP 15740	50.70034	37.01964	238.81	m	9.296	2.406	F8	0.601
HIP 9750		31.3483	-59.16154	238.84	m	10.61	3.717		0.458
HIP 53987		165.66064	60.66729	238.85	m	9.492	2.601	F5	0.49
HD 25554	HIP 19033	61.16028	30.88421	238.86	m	9.204	2.313	A0	0.489
HIP 14535		46.91654	2.36582	238.87	m	10.24	3.345	G0	0.476
HD 89502	HIP 50688	155.26728	55.01383	238.87	m	9.22	2.329	F 0/2V/IV	0.313
Gl 114.1A	HIP 13215	42.52327	-53.15555	238.9	m	11.43	4.54		0.46
HIP 35903		111.02151	31.9513	238.91	m	9.642	2.751	F0	0.342
HIP 116283		353.40433	-20.78208	238.91	m	12.12	5.23		1.026
HD 11369	HIP 8620	27.79778	-24.42837	238.92	m	9.054	2.163	F3 V	0.44
HD 246997	HIP 27098	86.19082	21.94373	238.92	m	9.118	2.227	F8	0.581
HIP 18312		58.72987	43.24589	238.93	m	10.66	3.766	F8	0.659
HD 19139	HIP 14299	46.10325	-9.85299	238.93	m	9.628	2.737	F5/6 V	0.623
HIP 54786		168.24	54.43289	238.94	m	9.637	2.746	F2	0.425
HD 3109	HIP 2687	8.53347	-34.76491	238.95	m	10.48	3.593	F3/5 V	0.405
HD 212875	HIP 110848	336.8594	-1.6409	238.99	m	9.509	2.617	A5/7 II/III	0.395
HIP 85351		261.61859	-46.20773	239.04	m	9.591	2.699	G5	1.092
HD 186252	HIP 97373	296.86397	-64.26799	239.04	m	10	3.109	F5 IV	0.448
HD 39238	HIP 27636	87.75851	-4.90998	239.06	m	9.273	2.38	A7 III	0.247
HIP 69088		212.11169	29.16156	239.08	m	9.508	2.615	F8	0.524
HIP 15107		48.71897	-30.73549	239.09	m	10.64	3.749	G0	0.35
HD 116694	HIP 65443	201.18536	35.26579	239.11	m	9.746	2.853	G5	0.441
HIP 100432		305.48901	47.1905	239.13	m	9.7	2.807	F8	0.507
HD 36121	HIP 25682	82.27453	-7.77743	239.13	m	9.014	2.121	A9 IV/V	0.307
HIP 3309		10.53677	34.46985	239.14	m	10.11	3.218	G0	1.005
HIP 67431		207.29819	20.19017	239.19	m	10.56	3.667	F 5 V	0.198
HIP 12187		39.24468	18.99405	239.19	m	10.23	3.332	F8	0.484
HD 233925	HIP 60270	185.37058	50.23091	239.23	m	10.65	3.753	F8	0.682
HD 145195	HIP 79577	243.54774	-66.67947	239.23	e	9.439	2.545	A2MA8-A9	0.285
HD 32866	HIP 23752	76.57873	2.95389	239.24	m	10.03	3.133	F0V	0.442
HD 224191	HIP 117989	358.99167	-20.4663	239.24	m	9.631	2.737	F2 V	0.442
HIP 26576		84.75275	-8.7954	239.25	m	9.981	3.087	F8	0.468
HD 213771	HIP 111419	338.60258	-38.34528	239.25	m	10.07	3.176	F3/5 V	0.454
HD 233500	HIP 40242	123.29489	50.11605	239.26	m	9.829	2.935	F5	0.538
HD 169328	HIP 90629	277.38969	-67.56458	239.29	m	9.596	2.701	F5 V	0.389
HD 120169	HIP 67323	206.98506	-5.59797	239.31	m	9.399	2.504	G8 IV	1.066
Gl 2020	HD 6088|HIP 4819	15.45542	-25.88686	239.35	m	9.77	2.875	F0 V	0.378
HD 105637	HIP 59286	182.42473	9.29136	239.36	m	10.32	3.422	G5	0.962
HD 135121	HIP 74340	227.90213	48.92391	239.36	m	9.128	2.233	F0	0.351
HIP 51221		156.93137	16.35155	239.39	m	9.999	3.103	F8	0.584
HD 97684	HIP 54860	168.49701	-42.98804	239.39	m	9.234	2.338	A(3)MA8-F2	0.38
HIP 82353		252.40051	44.84393	239.4	m	10.1	3.208	F5	0.444
HD 181651	HIP 95449	291.24728	-61.15383	239.42	m	9.567	2.671	F3 V	0.53
HIP 114972		349.29082	25.01693	239.43	m	9.755	2.859		0.364
HD 147679	HIP 80274	245.79036	4.08837	239.43	m	9.051	2.155	F2 V	0.371
HD 266479	HIP 33383	104.14343	28.96574	239.44	m	9.607	2.711	F5	0.453
HIP 56604		174.08254	41.81852	239.44	m	9.576	2.68	F5	0.435
HD 98429	HIP 55287	169.84286	-7.57356	239.44	m	9.03	2.134	A5 II/III	0.237
HIP 89166		272.95105	-42.69022	239.48	m	9.457	2.561	F0	0.525
HIP 57425		176.59301	9.07452	239.5	m	9.937	3.04	F8	0.593
HIP 1414		4.42289	73.6376	239.5	m	9.434	2.537	A5	0.286
HD 187136	HIP 97694	297.81366	-55.8526	239.53	m	9.09	2.193	K0 IIICNII	1.219
HD 221419	HIP 116173	353.08914	-49.2155	239.6	m	9.388	2.491	F0 IV(M)	0.368
HD 215136	HIP 112107	340.60805	45.5169	239.6	m	10.01	3.112	A2	0.367
HIP 61938		190.39835	19.45119	239.71	m	10.11	3.214	F8	0.532
HIP 42962		131.35518	33.65296	239.71	m	9.867	2.969	F2	0.442
HD 208447	HIP 108309	329.13205	-15.85506	239.74	m	9.524	2.625	F0 V	0.322
HD 213186	HIP 111091	337.5882	-35.49535	239.74	m	9.186	2.287	K1 IV	1.198
HIP 100355		305.29456	2.81822	239.76	m	10.37	3.469	G0	0.776
HD 4073	HIP 3379	10.73865	-26.62815	239.76	m	9.667	2.768	F2 V	0.43
HD 113584	HIP 63863	196.3219	-44.69605	239.77	m	9.53	2.631	A1MA7-F0	0.273
HD 105758	HIP 59345	182.60907	-2.35532	239.83	m	9.533	2.634	F0/2 V	0.458
HIP 63572		195.41463	21.43891	239.84	m	10.56	3.66	F5	0.365
HD 138356	HIP 76014	232.88628	1.86491	239.85	m	9.804	2.904	G2/3 V	0.573
HD 84541	HIP 47993	146.74467	35.36418	239.85	m	9.285	2.385	F5	0.47
HD 4347	HIP 3657	11.70601	63.35833	239.87	m	9.152	2.252	A0	0.358
HIP 16718		53.77518	27.94804	239.92	m	9.783	2.883	F0	0.504
HD 8630	HIP 6545	21.02756	-49.51665	239.94	m	9.094	2.193	F0 V	0.376
HD 236168	HIP 116316	353.51514	51.58439	240.06	m	9.242	2.34	A7	0.278
HD 195282	HIP 101253	307.86186	-32.61028	240.07	m	9.359	2.457	K0 IV/V	1.129
HIP 116841		355.24812	-11.47048	240.1	m	9.593	2.691	K0	1.009
HIP 45199		138.15899	9.25305	240.1	m	11.1	4.195	F8	0.649
HD 78124	HIP 44938	137.3074	60.54382	240.13	m	9.237	2.335	B9	0.408
HD 88149	HIP 49972	153.02756	65.06814	240.16	m	9.165	2.263	F5	0.484
HD 79720	HIP 45752	139.94853	70.41226	240.17	m	9.22	2.317	F8	0.554
HD 51097	HIP 33539	104.55088	43.4549	240.18	m	9.995	3.092	F0	0.227
HD 284316	HIP 20278	65.1962	22.23132	240.22	m	9.705	2.802	A 5 V	0.363
HD 107671	HIP 60319	185.52818	59.60666	240.23	m	9.356	2.453	F5	0.483
HIP 88882		272.18115	43.29477	240.25	m	10.18	3.274	F8	0.57
HD 112448	HIP 63183	194.16801	7.01994	240.25	m	9.875	2.972	G	0.626
HD 198912	HIP 103427	314.3169	-66.52858	240.26	m	9.99	3.087	F3 IV/V	0.418
HD 169874	HIP 90526	277.07955	-35.33966	240.26	m	9.097	2.194	A2MA7-A9	0.32
HD 1740	HIP 1697	5.33836	-54.57344	240.28	m	9.166	2.262	F0 III	0.35
HD 113272	HIP 63633	195.628	15.54671	240.28	m	10.9	3.992	G0V	0.726
HIP 71426		219.09154	15.85264	240.32	m	9.984	3.08	F5	0.546
HD 3327	HIP 2845	9.01213	-31.6336	240.33	m	9.125	2.221	G0 V	0.783
HD 135269	HIP 74562	228.52855	1.72451	240.34	m	9.083	2.179	A9 V	0.422
HD 9904	HIP 7478	24.07346	-22.43596	240.36	m	9.255	2.351	A9 V	0.35
HD 234730	HIP 92556	282.91345	51.26409	240.36	m	9.414	2.51	G5	0.449
HD 145168	HIP 79188	242.42586	-6.54976	240.38	e	9.94	3.035	F0/2 V	0.488
HD 240001	HIP 111467	338.75027	58.69164	240.39	m	9.752	2.847	A5	0.419
HD 83788	HIP 47503	145.27317	14.12595	240.39	m	9.106	2.201	A2	0.263
HD 7061	HIP 5570	17.86244	27.14175	240.4	m	9.13	2.225	A0	0.247
HIP 77719		238.00295	-28.21048	240.41	m	10.15	3.243	F8	0.703
HIP 54262		166.51488	4.06947	240.42	m	10.44	3.532	K0	0.967
HD 132587	HIP 73401	225.00917	-1.8723	240.43	m	9.133	2.228	K1 III	1.408
HD 129696	HIP 71976	220.81788	29.69872	240.43	m	9.199	2.294	K0	1.155
HD 138806	HIP 76241	233.6073	-0.09657	240.43	m	9.399	2.494	F6 V	0.678
HIP 41613		127.25615	10.28326	240.46	m	9.786	2.881	F5	0.57
HIP 84061		257.78294	28.70802	240.47	m	10.22	3.315	G0	0.461
HIP 52440		160.79687	71.83155	240.48	m	9.638	2.733	F2	0.436
HD 26761	HIP 19580	62.94335	-47.97614	240.51	m	9.22	2.314	F2/3 V	0.425
HIP 16122		51.91708	4.98932	240.53	m	10.64	3.736	F8	0.708
HD 4030	HIP 3377	10.73491	21.79463	240.53	m	9.046	2.14	F5	0.493
HD 196129	HIP 101831	309.54228	-58.33275	240.54	m	9.499	2.593	F0 V	0.407
HIP 10526		33.91149	67.46531	240.54	m	9.268	2.362	A5	0.357
HIP 68012		208.91513	42.98452	240.54	m	9.137	2.231	K2	1.406
HIP 16895		54.34398	3.27338	240.56	m	10.51	3.602	F8	0.512
HIP 70992		217.80286	70.79416	240.58	m	10.36	3.455	F5	0.523
HD 154553	HIP 83883	257.16812	-49.91147	240.59	m	9.48	2.574	A1 V	0.25
HIP 1947		6.15583	-36.49676	240.59	m	10.41	3.509	G0	0.854
HD 172463	HIP 91767	280.69416	-48.18477	240.61	m	10.2	3.289	G5 V	0.725
HD 177984	HIP 93842	286.65687	7.69093	240.63	m	9.322	2.415	A2	0.564
HIP 9530		30.64093	-20.31496	240.64	m	10.19	3.28	G0	0.765
HIP 24353		78.38652	-7.32987	240.71	m	9.663	2.756	F8	0.551
HIP 113007		343.29237	23.9588	240.72	m	10.55	3.646	S...	0.311
HD 23470	HIP 17463	56.13766	-25.16723	240.75	m	9.179	2.271	K1 III	1.42
HIP 11653		37.57623	0.3109	240.76	m	9.845	2.937	F8	0.423
HIP 4884		15.68589	11.48007	240.77	m	9.456	2.548	F5	0.491
HD 210052	HIP 109331	332.2457	-50.61911	240.77	m	10.31	3.405	F5/6 V	0.522
HD 195562	HIP 101343	308.09459	-7.45302	240.8	m	9.593	2.685	G0/1 V	0.679
HD 213883	HIP 111514	338.90142	-53.40684	240.83	m	9.46	2.551	G5/8 V	0.846
HD 198021	HIP 102816	312.44643	-53.62555	240.88	m	9.886	2.977	F6 V	0.599
HD 208027	HIP 108038	328.32951	6.4147	240.9	m	9.072	2.163	F8	0.597
HD 136767	HIP 75417	231.13062	-50.9348	240.94	m	9.042	2.132	F3 V	0.579
HD 234242	HIP 76110	233.16671	52.31661	240.94	m	9.68	2.77	F5	0.486
HD 3658	HIP 3041	9.66605	-56.93249	240.96	m	9.06	2.15	F2 IV	0.398
HIP 110279		335.06982	-33.89283	240.97	m	10.73	3.82	G2	0.572
HD 119822	HIP 67033	206.06373	53.65458	240.98	m	9.004	2.094	F8	0.496
HD 150279	HIP 81534	249.80289	20.61283	240.99	m	9.101	2.191	A2	0.338
HD 139214	HIP 76290	233.76498	46.67619	240.99	m	9.187	2.277	G5	0.468
HD 94768	HIP 53458	164.03566	-21.11039	241.01	m	9.032	2.122	F5 V	0.565
HD 112499	HIP 63114	193.98382	67.71078	241.02	m	9.176	2.266	A3	0.234
HD 195932	HIP 101635	309.00421	-45.27298	241.06	m	9.598	2.687	F3/5 V	0.514
HD 139722	HIP 77261	236.61391	-74.91386	241.09	m	9.875	2.964	F0 V	0.291
HD 5130	HIP 4173	13.32946	5.00512	241.11	m	9.298	2.387	F5/6 V	0.527
HIP 72391		222.01418	13.94478	241.11	m	9.425	2.514	F8	0.524
HD 174860	HIP 92802	283.64117	-42.11659	241.12	m	9.14	2.229	F2 IV/V	0.516
HIP 26851		85.51017	71.64381	241.12	m	9.937	3.026		0.414
HD 191596	HIP 99468	302.81923	-17.82237	241.15	m	9.631	2.72	K1 III	1.394
HD 86181	HIP 48619	148.72261	-58.69594	241.16	m	9.421	2.509	AP SR	0.344
HD 79527	HIP 45616	139.47004	65.46162	241.22	m	9.099	2.187	A2	0.227
HD 152126	HIP 82483	252.86363	3.18334	241.24	m	9.06	2.148	F0 V	0.477
HD 194414	HIP 100821	306.64508	-30.05619	241.24	m	9.976	3.064	F5/6 V	0.532
HD 4339	HIP 3580	11.43113	-21.21689	241.26	m	9.847	2.935	F2 V	0.439
HD 160437	HIP 86357	264.69441	28.94145	241.27	m	9.191	2.278	G5	0.458
HIP 73023		223.85766	43.90178	241.27	m	11.4	4.484	F8	0.284
HIP 82976		254.34357	-51.88808	241.29	m	9.943	3.03	F5	0.636
HIP 1136		3.55041	-26.09744	241.3	m	10.28	3.367	F5	0.545
HIP 106091		322.35886	29.36354	241.3	m	9.173	2.26	K0	1.163
HD 74892	HIP 43116	131.70691	1.08485	241.35	m	9.008	2.095	A3/5 III	0.247
HD 222055	HIP 116581	354.37821	-36.65987	241.36	m	9.703	2.79	F5 V	0.507
HD 159370	HIP 85990	263.62308	-1.15227	241.36	m	9.677	2.764	A9 V	0.536
HIP 117171		356.33679	-31.23467	241.37	m	10.36	3.446	G0	0.497
HIP 93941		286.9189	42.30612	241.39	m	10.57	3.654		-0.231
HIP 82993		254.39948	80.25648	241.39	m	9.786	2.872	F8	0.476
HIP 117759		358.21985	42.90269	241.45	m	9.751	2.837	F2	0.406
HD 125716	HIP 70197	215.43515	-21.5992	241.47	m	9.525	2.611	F0 V	0.371
HIP 17626		56.65113	43.50608	241.49	m	9.582	2.668	F5	0.723
HIP 5848		18.75561	3.90615	241.49	m	10.18	3.266	F5	0.528
HD 130537	HIP 72376	221.9866	27.54611	241.5	m	9.125	2.21	F2	0.412
HIP 117100		356.09172	-34.45011	241.5	m	10.95	4.034	B	-0.341
HD 211700	HIP 110235	334.94684	-41.65233	241.51	m	9.104	2.189	G3 V	0.771
HIP 61900		190.26863	68.51606	241.53	m	9.297	2.382	F0	0.458
HD 132822	HIP 73597	225.65273	-43.45288	241.53	m	9.352	2.437	F0 V	0.372
HIP 58784		180.85289	48.07627	241.55	m	9.433	2.518	F0	0.473
HD 15161	HIP 10594	34.09883	-82.5542	241.64	m	9.216	2.3	F5/8 III/IV	0.539
HD 83549	HIP 47216	144.33537	-54.83129	241.64	m	9.443	2.527	F0 III	0.369
HD 147178	HIP 80082	245.16534	-8.09554	241.65	m	10.18	3.265	F2/3 V	0.38
HD 161305	HIP 86864	266.21755	-2.96134	241.66	m	9.133	2.217	A6 IV/V	0.473
HIP 95856		292.43346	1.02505	241.68	m	11.88	4.962	B	0.636
HIP 8639		27.85623	0.82104	241.72	m	9.687	2.77	K0	1.26
HIP 52921		162.34894	34.63883	241.72	m	10.2	3.278	F8	0.486
HIP 48525		148.45409	45.95199	241.76	m	10.21	3.297	F8	0.717
HD 43266	HIP 29709	93.87077	2.13815	241.78	m	9.011	2.094	A5 IV/V	0.212
HD 106631	HIP 59815	183.991	-43.56172	241.78	m	9.319	2.402	A1MA5-F0	0.428
HD 137394	HIP 75524	231.43839	4.34686	241.82	m	9.886	2.969	G2/3 V	0.839
HD 111925	HIP 62812	193.06449	48.36189	241.83	m	9.097	2.179	F5	0.448
HD 112016	HIP 62888	193.32816	13.16549	241.88	m	9.784	2.866	G5	0.505
HD 213796	HIP 111465	338.74596	-48.55794	241.88	m	9.962	3.044	F8/G0 V	0.538
HIP 88472		270.97301	8.86348	241.89	m	10.34	3.424	G5	0.977
HD 44707	HIP 30829	97.14689	67.31529	241.89	m	9.165	2.247	F0	0.403
HIP 56273		173.04882	78.50873	241.9	m	9.999	3.081	F8	0.628
HIP 89411		273.68798	32.69374	241.92	m	9.305	2.387	A2	0.27
HD 130731	HIP 72630	222.75273	-36.38516	241.95	m	9.207	2.288	A9 IV/V	0.421
HD 81458	HIP 46375	141.84479	49.44511	241.98	m	9.562	2.643	F8	0.458
HD 8637	HIP 6608	21.20575	-26.26085	241.98	m	9.85	2.931	G6/8 V	0.954
HIP 28488		90.21335	-21.00783	241.99	m	9.313	2.394		0.356
HD 66741	HIP 39415	120.86247	-37.14195	242	m	9.399	2.48	F0 V	0.326
HIP 68253		209.59615	17.77037	242.04	m	10.05	3.127	F5	0.475
HIP 61102		187.83829	-25.60703	242.05	m	10.69	3.771		0.516
HIP 53144		163.07256	39.3474	242.08	m	10.25	3.326	F0	0.391
HIP 57278		176.18135	34.24141	242.08	m	9.293	2.373	G8III	1.028
HIP 35346		109.517	34.95371	242.09	m	9.965	3.045	F0	0.273
HIP 18234		58.49033	4.90021	242.1	m	10.04	3.123	F8	0.696
HIP 61655		189.58162	29.67533	242.1	m	10.81	3.891	F8	0.597
HD 26559	HIP 19474	62.56959	-40.34331	242.12	m	9.013	2.093	A2MA8-F3	0.375
HIP 116651		354.5925	8.6572	242.12	m	10.12	3.203	F0	0.565
HD 11630	HIP 8808	28.30094	-41.54105	242.13	m	10.19	3.27	F5 V	0.53
HIP 77054		236.01405	-42.2697	242.14	m	10.3	3.381	F2	0.662
HD 67662	HIP 39924	122.3035	3.7879	242.16	m	9.457	2.537	F0 V	0.32
HD 152557	HIP 82728	253.63988	-13.13029	242.17	m	9.517	2.596	K1 (III)	1.688
HD 344172	HIP 94840	289.46173	21.52134	242.19	m	9.68	2.759	G0	0.631
HD 243129	HIP 25237	80.96363	30.23665	242.19	m	9.48	2.559	F8	0.518
HD 24951	HIP 18479	59.2396	-26.74903	242.2	m	9.192	2.271	F5 V	0.517
HIP 105745		321.27012	44.07458	242.2	m	10.04	3.117	F8	0.491
HIP 9536		30.6484	-20.31221	242.22	m	11.7	4.778		1.46
HD 558	HIP 821	2.5199	33.53944	242.24	m	9.042	2.121	A0	0.322
HD 239948	HIP 110648	336.22958	56.71022	242.25	m	9.292	2.371	A2	0.213
HD 15932	HIP 11876	38.30508	-19.65752	242.26	m	9.552	2.631	G0/2 V	0.756
HD 204371	HIP 106257	322.8262	-66.98911	242.29	m	10.05	3.129	F6 V	0.606
HIP 109833		333.68823	49.35254	242.32	m	10.12	3.196		0.653
HD 237341	HIP 23507	75.81606	59.75903	242.32	m	9.579	2.657	A7	0.38
HIP 41556		127.09676	38.10017	242.37	m	9.366	2.444	F5	0.536
HD 126646	HIP 70601	216.61377	13.62207	242.4	m	9.251	2.328	F5	0.373
HD 24073	HIP 17652	56.71545	-59.0541	242.4	m	9.861	2.938	F5 V	0.492
HIP 21500		69.26594	85.86715	242.4	m	9.21	2.287	F2	0.386
HD 193569	HIP 100456	305.56592	-36.52287	242.49	m	9.787	2.864	F3/5 V	0.531
HD 192351	HIP 99810	303.76909	-19.9891	242.5	m	10.21	3.282	F0 V	0.221
HIP 89034		272.58117	28.44747	242.5	m	9.335	2.411	F5	0.556
HIP 50875		155.82465	48.71081	242.54	m	10.41	3.487	F8	0.718
HIP 44090		134.70792	18.98759	242.54	m	9.595	2.671	F2	0.352
HD 5024	HIP 4052	12.97736	-30.95853	242.54	m	9.232	2.308	A9 V	0.396
HD 116645	HIP 65501	201.37258	-36.26569	242.55	m	9.151	2.227	G3/5 V	0.85
HIP 14520		46.88057	75.78723	242.59	m	11.01	4.089		0.536
HIP 7300		23.50226	15.77038	242.61	m	9.384	2.459	F0	0.355
HIP 715		2.21608	-25.54774	242.61	m	10.32	3.393	F0	0.364
HIP 1833		5.80852	43.15251	242.63	m	9.519	2.594	F5	0.493
HIP 62559		192.27233	43.39091	242.64	m	9.859	2.934	F8	0.645
HIP 13809		44.4479	63.54693	242.65	m	11.11	4.184	G5	0.716
HIP 39334		120.61848	-65.22028	242.68	m	11.51	4.584		1.046
HD 117363	HIP 65849	202.47857	-11.49595	242.68	m	9.761	2.836	F5 IV	0.529
HD 44432	HIP 30646	96.60168	64.2073	242.69	m	9.349	2.424	F2	0.354
HD 182435	HIP 95553	291.5292	-34.06061	242.69	m	9.598	2.673	G2/3 V	0.698
HIP 114090		346.61455	-27.45754	242.72	e	10.29	3.362	G0	0.903
HD 153776	HIP 83149	254.88902	42.36957	242.73	m	9.283	2.357	K2	1.132
HD 159395	HIP 86082	263.8818	-23.62089	242.75	m	9.172	2.246	K1 III	1.67
HD 144424	HIP 78751	241.17203	32.15826	242.81	m	9.415	2.489	F8	0.544
HIP 9465		30.45548	-22.28672	242.81	m	9.952	3.026	F2	0.584
HD 154213	HIP 83560	256.15012	-14.5711	242.86	m	9.198	2.271	F0 IV/V	0.606
HD 157492	HIP 84892	260.2476	50.07765	242.87	m	9.173	2.246	G5	0.445
HD 120306	HIP 67451	207.34871	-34.79263	242.87	m	9.606	2.679	F6 V	0.611
HD 212057	HIP 110467	335.64326	-48.83167	242.92	m	9.609	2.682	F3/5 V	0.417
HIP 48987		149.91896	44.91025	242.93	m	9.933	3.006	F2	0.358
HD 86937	HIP 48948	149.78923	-67.39893	242.95	m	9.572	2.644	F0 V	0.489
HIP 82812		253.86232	-22.87978	242.96	m	10.59	3.661	F8	0.623
HD 298781	HIP 48999	149.94869	-52.0509	242.97	m	10.32	3.391	G5	0.73
HD 179812	HIP 94662	288.93842	-39.87363	242.97	m	9.724	2.796	F3 V	0.543
HD 2575	HIP 2272	7.24803	-54.28524	242.98	m	9.21	2.282	K1 III	1.221
HD 243047	HIP 25113	80.64654	14.09687	243	m	10.94	4.01	F 8 V	0.678
HIP 115481		350.89905	14.48011	243	m	10.41	3.484	F8	0.766
HD 105696	HIP 59311	182.5189	30.39578	243.05	m	9.179	2.251	F 2 V	0.398
HIP 45178		138.09817	26.87913	243.06	m	9.881	2.952	F8	0.816
HD 218832	HIP 114468	347.7367	16.80629	243.07	m	9.216	2.287	G0	0.54
HIP 49280		150.88918	-0.20427	243.08	m	10.12	3.188	G5	0.926
HD 205805	HIP 106917	324.79423	-46.09765	243.09	m	10.21	3.277	B7 III	-0.298
HD 138120	HIP 75912	232.58115	-9.55109	243.09	m	9.683	2.754	F7/8 V	0.65
HD 7445	HIP 5864	18.80095	38.81971	243.1	m	9.091	2.162	F0	0.473
HD 220710	HIP 115690	351.58665	-46.93316	243.12	m	10.3	3.373	F5/6 V	0.628
HD 173725	HIP 92155	281.74572	-3.78004	243.14	m	9.671	2.742	A1/2 IV	0.395
HIP 112295		341.1854	-60.11707	243.16	m	9.952	3.023	G0	0.653
HD 196267	HIP 102348	311.05801	-77.98787	243.16	m	10.09	3.159	G0/3 V	0.769
HD 38012	HIP 26922	85.71424	5.60325	243.17	m	9.057	2.127	A2	0.234
HD 115864	HIP 65188	200.38521	-65.16318	243.19	m	9.199	2.269	F2 V	0.451
HIP 37393		115.13343	71.67459	243.23	m	9.337	2.407	G0	0.596
HIP 62674		192.63844	-47.51536	243.26	m	10.34	3.405	F8	0.352
HIP 114539		348.00156	35.70353	243.27	m	9.209	2.279	A5	0.346
HIP 61168		188.01182	17.66343	243.27	m	9.036	2.106	F5	0.459
HD 215147	HIP 112251	341.03817	-52.40938	243.28	m	9.072	2.141	A1MA5-A9	0.278
HD 21569	HIP 16219	52.23791	5.14188	243.28	m	9.182	2.251	F5 V	0.553
HIP 5050		16.16381	-36.2324	243.32	m	9.917	2.986	F6 V	0.565
HD 86336	HIP 48974	149.85713	54.79807	243.37	m	9.042	2.111	F5	0.492
HD 31587	HIP 22832	73.69195	-46.3671	243.37	m	9.46	2.529	F2 V	0.41
HD 86752	HIP 49008	149.97301	-30.26598	243.39	m	9.397	2.465	F6/7 V	0.606
HIP 78732		241.09395	67.79227	243.43	m	9.288	2.356	F8	0.658
HD 8780	HIP 6662	21.37079	-53.54466	243.44	m	9.323	2.391	F2 V	0.433
HD 214195	HIP 111662	339.30749	-34.44143	243.46	m	10.12	3.187	G5 V	0.781
HD 264635	HIP 32857	102.72531	31.9199	243.47	m	9.873	2.941	F0	0.361
HIP 54334		166.72182	37.77034	243.48	m	11.02	4.091	G0	0.575
HD 85475	HIP 48404	148.03301	6.47122	243.5	m	9.32	2.387	F5	0.451
HD 93047	HIP 52511	161.05156	-34.25786	243.51	m	9.05	2.117	F2 V	0.445
HD 107329	HIP 60177	185.10055	-6.55703	243.53	m	9.167	2.234	A2 II/III	0.276
HD 101063	HIP 56713	174.41835	-28.85135	243.54	m	9.516	2.583	K5/M0 III	0.833
HD 176534	HIP 93387	285.30769	-13.32167	243.56	m	9.095	2.162	A2 IV	0.29
HD 221119	HIP 115946	352.36284	-39.51923	243.57	m	9.758	2.825	F2/3 V	0.486
HIP 103367		314.13136	5.40452	243.58	m	9.953	3.02	F5	0.421
HD 134518	HIP 74321	227.86153	-36.24923	243.59	m	9.399	2.466	A8 V	0.314
HD 57648	HIP 35878	110.95661	38.03116	243.59	m	9.091	2.158	F0	0.373
HD 20254	HIP 14905	48.09317	-59.85346	243.61	m	9.125	2.192	F5 V	0.512
HIP 67114		206.33654	-34.48522	243.63	m	9.726	2.792	F0	0.355
HIP 64382		197.933	25.20406	243.63	m	10.44	3.501	G0	0.688
HD 204369	HIP 106118	322.42278	-49.72421	243.68	m	10.34	3.408	G8 (V)	1.057
HD 31231	HIP 23234	74.99127	70.05445	243.69	m	9.091	2.157	F3III	0.416
HD 237733	HIP 42449	129.81877	56.81627	243.69	m	10.45	3.518	G0	0.718
HIP 62570		192.30515	28.46379	243.71	m	11	4.063	F5	0.394
HD 13781	HIP 10297	33.16702	-52.48603	243.72	m	9.172	2.238	F5 V	0.502
HIP 116104		352.87889	69.4178	243.72	m	9.858	2.924	F5	0.497
HD 12491	HIP 9290	29.8427	-70.05511	243.73	m	9.12	2.185	F5 IV/V	0.527
HD 22765	HIP 17172	55.16787	29.45465	243.74	m	9.309	2.374	A0	0.284
HD 193306	HIP 100414	305.42793	-49.81541	243.74	m	9.801	2.866	F5 V	0.663
HD 24901	HIP 18511	59.36851	-4.21909	243.75	m	9.26	2.325	F5 V	0.48
HIP 102554		311.73483	32.86409	243.77	m	9.585	2.65	A5	0.205
HD 32136	HIP 23193	74.87135	-33.5869	243.78	m	9.91	2.975	G5 V	0.702
HD 18481	HIP 14032	45.17479	56.99522	243.78	m	9.432	2.497	A5	0.438
HD 167138	HIP 89377	273.59482	-10.67863	243.8	m	9.626	2.691	G8/K1 (III)	1.806
HIP 8556		27.59403	-22.17703	243.8	m	10.51	3.576	F8	0.588
HD 115122	HIP 64672	198.8364	-17.47137	243.82	m	9.199	2.264	A8 IV/V	0.318
HD 214884	HIP 112007	340.32134	4.25836	243.83	m	9.169	2.234	F5 V	0.554
HD 27265	HIP 20327	65.32105	55.18797	243.85	m	9.421	2.485	A0	0.523
HIP 116567		354.34168	-36.47203	243.86	m	10.88	3.949	F8	0.7
HD 65366	HIP 39179	120.2	51.72573	243.86	m	9.164	2.228	G5	0.702
HD 36024	HIP 26086	83.45582	66.36723	243.89	m	9.074	2.138	A0	0.507
HD 52578	HIP 33613	104.75931	-51.69198	243.9	e	9.226	2.29	G0 V	0.651
HD 102129	HIP 57364	176.40442	53.78615	243.92	m	9.116	2.18	G5	0.537
HIP 20414		65.58459	3.34677	243.92	m	10.17	3.238	F5	0.507
HD 769	HIP 963	2.97801	-33.0374	243.92	m	9.45	2.514	G3 V	0.619
HIP 115097		349.68838	70.42181	243.96	m	9.112	2.175	K0	1.371
HD 220493	HIP 115564	351.13197	-47.55315	243.96	m	10.63	3.69	F6 V	0.597
HIP 117117		356.14479	15.92257	244	m	10.54	3.608	F8	0.583
HD 87657	HIP 49469	151.4873	-25.83722	244.02	m	9.481	2.544	F5/6 V	0.569
HIP 48451		148.18453	41.82275	244.04	m	10.29	3.351	F8	0.589
HD 95340	HIP 53888	165.37418	57.9495	244.05	m	9.156	2.219	F5	0.254
HD 232737	HIP 13894	44.72782	53.22695	244.05	m	10.27	3.329	F2	0.479
HD 94885	HIP 53529	164.27993	-6.49747	244.07	m	9.126	2.188	F3/5 IV	0.457
HIP 63341		194.69978	37.46809	244.09	m	10.3	3.361	F2	0.481
HD 26834	HIP 19570	62.89267	-56.9477	244.1	m	9.123	2.185	K0 III	1.141
HIP 56286		173.08022	77.31674	244.13	m	10.11	3.172	K0	0.916
HIP 71628		219.74801	-0.33237	244.15	m	9.808	2.87	G 2 V	0.598
HD 111738	HIP 62765	192.92878	-32.04518	244.18	m	9.008	2.069	F0 V	0.339
HD 232569	HIP 9089	29.27082	50.94946	244.19	m	9.327	2.388	K7	1.431
HD 3495	HIP 2933	9.30583	-63.82014	244.2	m	9.977	3.038	F0 V	0.404
HD 18214	HIP 13650	43.93829	7.28107	244.22	m	9.153	2.214	G0	0.479
HIP 67952		208.73913	9.18147	244.23	m	10.33	3.39	G0	0.706
HD 284421	HIP 20644	66.36262	23.73834	244.23	m	10.72	3.778	G0	0.792
HD 35019	HIP 25036	80.41627	-2.05129	244.24	m	9.092	2.153	A9 V	0.304
HIP 15710		50.59428	31.60914	244.25	m	9.152	2.213	A5	0.485
HD 38794	HIP 27653	87.82518	53.43657	244.25	m	9.036	2.097	F8	0.552
Gl 4327	HIP 114994	349.35662	38.21116	244.26	m	10.28	3.337		0.493
HIP 43588		133.15547	-45.29045	244.29	m	9.417	2.478	G5	0.803
HD 112940	HIP 63410	194.90566	46.45552	244.3	m	9.062	2.122	AM	0.346
HD 138249	HIP 75976	232.73898	3.75529	244.34	m	9.52	2.58	K0/1 (III)	1.154
HIP 114654		348.38623	-37.98713	244.36	m	9.872	2.932	F5	0.534
HD 5824	HIP 4631	14.86069	-31.96528	244.37	m	9.653	2.713	A9 V	0.389
HD 67914	HIP 39973	122.44466	-13.74504	244.38	m	9.668	2.728	F0/2 IV(W)	0.371
HD 147714	HIP 80740	247.26532	-70.50233	244.38	m	9.245	2.305	A2MA5-A7	0.263
HD 215432	HIP 112357	341.36751	-21.38936	244.39	m	10.45	3.505	G1/2 V	0.564
HD 4470	HIP 3646	11.67266	-19.95577	244.39	m	9.306	2.366	F2 V	0.455
HD 128085	HIP 71384	218.96145	-34.81657	244.4	m	9.467	2.526	G3 V	0.891
HD 194758	HIP 100615	306.03616	61.47958	244.43	m	9.224	2.283	F5	0.516
HIP 67586		207.7282	7.02114	244.48	m	10.34	3.4	F8	0.591
HD 132952	HIP 73529	225.43822	5.63174	244.49	m	9.97	3.029	F5	0.495
HIP 64388		197.95909	29.51513	244.5	e	10.91	3.97	G0V	0.679
HD 34908	HIP 24970	80.22047	1.01662	244.52	m	9.144	2.202	A1 IV	0.164
HIP 12476		40.15243	-0.67672	244.56	m	9.934	2.992	F0	0.304
HD 198673	HIP 103078	313.27923	-35.86885	244.58	m	9.158	2.216	G0 V	0.763
HIP 52618		161.39525	74.8675	244.59	m	9.796	2.854	K0	1.157
HD 126231	HIP 70438	216.14472	-11.09698	244.61	m	9.021	2.079	A3 III	0.237
HIP 47287		144.55481	35.81464	244.63	m	9.681	2.738	F2	0.391
HD 136459	HIP 75159	230.39157	-22.34339	244.63	m	9.149	2.206	F5 V	0.541
HIP 62079		190.85086	39.63915	244.66	m	9.139	2.196	F5	0.477
HD 106550	HIP 59773	183.85265	-35.01331	244.67	m	9.136	2.193	A3MA6-F2	0.37
HD 200151	HIP 103727	315.28202	20.6089	244.67	m	9.263	2.32	A2	0.182
HIP 40934		125.3033	24.7458	244.7	m	10.14	3.198	F5	0.442
HIP 61896		190.26082	68.50855	244.71	m	11.04	4.094		1.002
HD 286664	HIP 19974	64.25169	11.18985	244.73	m	11.06	4.116	F0	0.313
HD 218588	HIP 114325	347.3131	-3.93859	244.73	m	9.718	2.775	F6 V	0.455
HD 156288	HIP 84552	259.26832	-9.19182	244.74	m	9.304	2.36	G8 III/IV	1.397
HD 219234	HIP 114794	348.80382	-64.63275	244.75	m	9.483	2.539	F2 IV/V	0.37
HD 281458	HIP 18759	60.27571	33.47046	244.78	m	9.685	2.741	A 5 IV	0.509
HD 265698	HIP 33031	103.2288	5.89387	244.79	m	9.644	2.7	A0	0.149
HD 19432	HIP 14536	46.91852	7.24587	244.8	m	9.017	2.073	A2	0.395
HD 217886	HIP 113923	346.05124	-33.80174	244.81	m	9.583	2.639	A9 V	0.37
HD 126368	HIP 70526	216.40885	-23.98192	244.83	m	9.059	2.115	F0 V	0.447
HIP 44533		136.11127	46.24809	244.88	m	10.1	3.152	G0	0.653
HD 278575	HIP 15949	51.34206	36.01743	244.93	m	9.152	2.207	A2	0.505
HIP 61957		190.46263	26.82986	244.97	m	10.51	3.563	F8	0.626
HD 205282	HIP 106634	323.98332	-51.36899	244.98	m	10.26	3.311	F3 V	0.526
HD 25392	HIP 18796	60.40698	-13.8249	245.06	m	9.77	2.824	A8/9 IV(W)	0.197
HD 15811	HIP 11638	37.53402	-60.33152	245.14	m	9.332	2.385	A2MA6-F0	0.363
HIP 105365		320.12764	11.60014	245.19	m	9.248	2.3	A2	0.471
HD 458	HIP 713	2.20792	-60.26456	245.27	m	9.602	2.654	F5 V	0.499
HD 264088	HIP 32663	102.20183	26.29658	245.31	m	9.586	2.637	F8	0.459
HD 146947	HIP 79903	244.64493	8.62176	245.34	m	9.226	2.277	A2	0.242
HD 13788	HIP 10451	33.66954	19.05945	245.34	m	9.182	2.233	A	0.352
HD 11315	HIP 8611	27.76488	-5.4697	245.34	m	9.358	2.409	F0 V	0.388
HD 152187	HIP 82428	252.68401	30.40245	245.35	m	9.098	2.149	G0	0.354
HIP 69235		212.61913	4.99825	245.35	m	11.09	4.141	G0	0.722
HD 10191	HIP 7662	24.66072	-44.87895	245.36	m	9.711	2.762	F3 IV/V	0.36
HD 36286	HIP 25772	82.55165	-8.61918	245.36	m	9.467	2.518	F0 V	0.414
HD 206359	HIP 107203	325.70204	-44.95706	245.37	m	9.737	2.788	F2 V	0.424
HD 121681	HIP 67966	208.77474	60.54541	245.37	m	9.378	2.429	F8	0.472
HD 213965	HIP 111479	338.79793	-8.39916	245.38	m	9.243	2.294	F3 IV/V	0.491
HD 19990	HIP 14785	47.72	-48.33446	245.39	m	9.036	2.087	K0 III	1.158
HIP 41678		127.45078	44.17011	245.46	m	10.57	3.618	G0	0.605
HIP 38589		118.52158	84.47748	245.49	m	9.424	2.474	G5	1.134
HD 3315	HIP 2842	9.00479	-31.40332	245.49	m	10.21	3.262	F7/8 V (+ A/F)	0.479
HD 70561	HIP 40821	124.97448	-56.24996	245.5	m	9.124	2.174	A8 IV/V	0.289
HD 33528	HIP 23940	77.17665	-43.23571	245.53	m	10.11	3.16	F3 V	0.389
HIP 108828		330.70614	67.26424	245.55	m	9.976	3.025		0.377
HD 94113	HIP 53003	162.65018	-58.19385	245.57	m	9.6	2.649	F5 V	0.47
HIP 104874		318.65973	21.24902	245.59	m	9.702	2.751		0.622
HIP 360		1.14556	71.96852	245.6	m	9.542	2.591	K2	1.342
HD 191750	HIP 99508	302.91659	-4.59012	245.61	m	9.409	2.458	A3/5 IV	0.431
HD 24598	HIP 18447	59.14746	44.61145	245.62	m	9.984	3.033	F8	0.56
HIP 35410		109.66745	38.26125	245.62	m	10.52	3.572	F5	0.637
HIP 27411		87.06849	35.95852	245.65	m	9.907	2.955	F0	0.427
HD 103377	HIP 58042	178.55447	-4.37004	245.65	m	9.133	2.181	G1 V	0.661
HD 13776	HIP 10386	33.44166	-23.97354	245.66	m	9.522	2.57	A3/5 III	0.295
HIP 48880		149.54841	8.51737	245.7	m	9.399	2.447	F0	0.345
HD 115644	HIP 64978	199.76816	-36.10264	245.73	m	10.26	3.303	F3/5 V	0.581
HD 91005	HIP 51270	157.09256	-65.69422	245.76	m	9.019	2.066	A6 V	0.505
HD 104089	HIP 58461	179.82895	0.01979	245.77	m	9.287	2.334	F0/2 V	0.451
HD 1118	HIP 1232	3.82372	-42.49654	245.79	m	9.777	2.824	F6 V	0.595
HIP 12923		41.55613	2.36913	245.81	m	10.82	3.866	F8	0.64
HD 252521	HIP 29283	92.60754	31.42296	245.86	m	9.503	2.55	F2	0.554
HD 182548	HIP 95840	292.38599	-64.88455	245.86	m	9.154	2.201	G8 III	1.059
HIP 104273		316.86009	39.55958	245.88	m	9.109	2.155	F5	0.443
HIP 92704		283.34159	-45.73376	245.9	m	10.21	3.259	G0	0.539
HD 232711	HIP 13093	42.08235	51.53962	245.91	m	9.848	2.894	F0	0.455
HD 122864	HIP 68607	210.65185	58.01042	245.92	m	9.203	2.249	K0	1.145
HD 29561	HIP 21748	70.04007	20.54826	245.96	m	9.21	2.256	A2	0.353
HD 48175	HIP 32194	100.81162	26.9401	246.02	m	9	2.045	G0	0.551
HIP 70421		216.09657	63.34548	246.02	m	10.44	3.488	G0	0.445
HD 160913	HIP 86678	265.65105	-3.81693	246.03	m	9.591	2.636	A0 V	0.3
HD 233095	HIP 24639	79.30657	53.57869	246.08	m	9.505	2.55	G0	0.629
HIP 33528		104.52573	37.51912	246.09	m	10.06	3.104	F0	0.225
HD 13939	HIP 10469	33.74219	-29.65208	246.12	m	9.654	2.698	K2 III	1.127
HIP 82810		253.85992	9.59619	246.12	m	10.06	3.101	F5	0.581
HD 8579	HIP 6588	21.15989	-10.61452	246.13	m	9.276	2.32	F6 V	0.543
HIP 106998		325.04525	37.05576	246.13	m	11.42	4.463	M:	0.759
HD 215199	HIP 112233	340.9623	-26.95397	246.13	m	9.837	2.881	G8 V	0.948
HD 44752	HIP 29984	94.68783	-64.78953	246.14	m	9.213	2.257	F2 V	0.345
HD 242244	HIP 24570	79.06316	3.48967	246.15	m	9.839	2.883	A 7 V	0.331
HIP 86615		265.48857	-44.02145	246.18	m	10.79	3.831	G2	0.288
HD 37616	HIP 26804	85.38202	36.44759	246.25	m	9.284	2.327	A2	0.381
HD 206715	HIP 107417	326.35792	-50.59872	246.3	m	9.881	2.924	F3/5 V	0.484
HIP 101117		307.44688	64.00055	246.31	e	9.93	2.973	A5	0.398
HD 33390	HIP 23872	76.95569	-43.18795	246.32	m	9.516	2.558	F6 V	0.539
HD 327656	HIP 78126	239.29233	-46.37919	246.32	m	9.852	2.894	F2	0.596
HD 220001	HIP 115266	350.19979	-46.49927	246.33	m	9.158	2.2	K1/2 (III)	1.325
HIP 83240		255.18259	-49.57984	246.34	m	10.24	3.279	F2	0.848
HD 11712	HIP 8889	28.6061	-24.53072	246.35	m	9.656	2.698	F0 V	0.366
HD 246629	HIP 26916	85.70684	19.8475	246.37	m	9.559	2.601	G0	0.639
HIP 88307		270.50615	31.57757	246.4	m	9.864	2.906	F2	0.357
HIP 3577		11.42412	10.85343	246.41	m	10.79	3.835	G5	0.844
HD 223257	HIP 117008	355.80268	88.34203	246.42	m	9.022	2.064	A2	0.162
HD 10912	HIP 8492	27.36958	66.0069	246.44	m	9.245	2.286	G5	0.479
HD 254362	HIP 29866	94.33349	27.29067	246.45	m	9.421	2.462	F8	0.546
HD 1525	HIP 1452	4.52408	-83.06135	246.45	m	9.773	2.814	A8/F2 III/IV(M)	0.525
HIP 68206		209.44888	14.4398	246.48	m	10.88	3.925	F5	0.542
HD 190031	HIP 98736	300.81371	-5.78262	246.5	m	9.38	2.421	A2/3 IV	0.304
HIP 9565		30.72068	11.36625	246.51	m	10.16	3.201	F5	0.229
HD 123118	HIP 68861	211.50901	-11.59071	246.52	m	9.739	2.78	G8 IV	1.083
HIP 69474		213.3457	45.09716	246.55	m	9.569	2.609	K0	1.175
HIP 57788		177.75275	36.88919	246.58	m	9.391	2.431	K0III	1.333
HD 18061	HIP 13516	43.51962	-1.4792	246.6	m	9.348	2.388	F6/8wA/F	0.489
HD 81631	HIP 46257	141.46433	-32.18544	246.61	m	9.099	2.139	F2 V	0.39
HD 311500	HIP 44418	135.72752	-73.67035	246.63	m	9.174	2.214	F5	0.507
HIP 32258		101.04367	37.20771	246.63	m	9.421	2.461	F0	0.401
HD 125255	HIP 70039	214.97419	-53.40332	246.64	m	9.469	2.509	G8 V	1.342
HIP 58447		179.76892	17.35205	246.64	m	10.61	3.647	G	0.613
HIP 56401		173.44189	29.62563	246.65	m	10.04	3.078	F5	0.398
HD 336277	HIP 90699	277.57261	25.19087	246.67	m	9.716	2.755	K0	1.261
HD 132785	HIP 73605	225.68288	-48.53661	246.68	m	9.424	2.463	F0/2 V	0.379
HIP 211		0.66321	-37.94772	246.73	m	9.596	2.635	G8	0.996
HIP 85535		262.20617	45.4572	246.76	m	10.9	3.937	G0	0.894
HD 223519	HIP 117552	357.59259	-54.51682	246.77	m	9.77	2.809	F6 V	0.631
HD 212764	HIP 110837	336.82754	-34.30398	246.8	m	9.047	2.085	K1 III	1.293
HD 13085	HIP 9845	31.67175	-47.80258	246.81	m	10.05	3.084	F5 IV/V	0.345
HD 245762	HIP 26469	84.45869	3.32521	246.84	m	9.398	2.436	F8	0.379
HIP 54045		165.89318	-31.16333	246.85	m	10.11	3.143	F8	0.522
HIP 37748		116.13461	36.69568	246.88	m	9.53	2.568	F8	0.644
HIP 34131		106.15784	38.98205	246.9	m	9.565	2.602	F8	0.548
HD 6505	HIP 5109	16.37391	-43.47783	246.91	m	9.6	2.637	F6 V	0.587
HD 14005	HIP 10477	33.77695	-39.79203	246.91	e	9.211	2.248	F5 V	0.43
HIP 18197		58.38616	4.05084	246.91	e	11.06	4.095	F5	0.402
HIP 1371		4.28585	-36.67991	246.94	m	10.55	3.585	F5	0.556
HD 95896	HIP 54135	166.12925	45.15708	246.96	m	9.148	2.185	G5	0.607
HIP 64374		197.91266	74.11894	246.99	m	10.45	3.482	G0	0.615
HD 2431	HIP 2148	6.79661	-73.39732	247	m	10.55	3.584	F5/7	0.486
HIP 103780		315.45567	-33.98463	247.01	m	10.34	3.372	F2	0.47
HIP 74180		227.35379	10.53052	247.03	m	10.83	3.865	F8	0.395
HIP 55743		171.32188	28.99902	247.05	m	9.564	2.6	G0	0.538
HD 192353	HIP 99876	303.95579	-35.56035	247.06	m	10.1	3.14	F5 V	0.658
HD 211996	HIP 110429	335.51117	-44.03276	247.06	m	9.319	2.355	F6/7 V	0.566
HD 216464	HIP 113346	344.32326	-81.10947	247.07	m	9.084	2.12	F3 IV/V	0.59
HD 287601	HIP 24034	77.49898	1.01519	247.08	m	9.601	2.637	G 0 V	0.565
HD 339272	HIP 98390	299.85504	26.59228	247.09	m	9.686	2.722	F8	0.577
HD 113540	HIP 63853	196.29469	-54.27958	247.14	m	9.581	2.616	A9/F2 V	0.44
HIP 7659		24.65733	-4.97186	247.14	m	9.962	2.997	F8	0.489
HIP 60882		187.16243	-69.21156	247.15	m	9.483	2.518	F5	0.565
HD 52521	HIP 33625	104.78834	-47.45105	247.18	m	9.643	2.678	F2 V	0.457
HIP 7055		22.74002	4.54348	247.19	m	10.48	3.515	F5	0.418
HD 27356	HIP 19866	63.90708	-59.82439	247.22	m	10.03	3.066	F2 V	0.402
HIP 62311		191.52281	45.99321	247.25	m	10.38	3.418	F5	0.559
HD 328654	HIP 81684	250.28826	-46.08033	247.25	m	10.64	3.676	F2	0.719
HD 171375	HIP 91204	279.08328	-38.37979	247.27	m	9.949	2.983	G8/K0 V	1.007
HIP 48041		146.9002	50.95477	247.27	m	9.428	2.462	G5	0.738
HIP 84363		258.71536	9.98979	247.31	m	10.89	3.927	G5	0.537
HD 164418	HIP 88336	270.60483	-31.4898	247.33	m	9.388	2.422	F0 V	0.47
HD 155715	HIP 84247	258.32296	1.2498	247.33	m	9.343	2.377	A4 V	0.349
HD 200202	HIP 103912	315.81262	-37.4534	247.37	m	10.07	3.103	F2 V	0.375
HD 233750	HIP 51796	158.74414	50.10894	247.39	m	9.701	2.734	G0	0.648
HD 18776	HIP 13930	44.8734	-48.79062	247.47	m	9.763	2.795	F8/G0 V	0.678
HIP 55587		170.7972	40.19327	247.48	m	9.404	2.436	F0	0.398
HD 190981	HIP 99264	302.25453	-38.72356	247.5	m	9.426	2.458	F6 V	0.504
HIP 81917		250.98354	-15.30757	247.52	m	9.81	2.842	F8	0.77
HD 101004	HIP 56667	174.28694	-49.69684	247.54	m	9.473	2.505	F5 V	0.532
HD 151015	HIP 82083	251.50064	-31.79723	247.55	m	9.804	2.836	F3 V	0.51
HD 112799	HIP 63329	194.67005	44.80067	247.56	m	10.39	3.427	K0III	1.043
HIP 12977		41.73017	-5.9072	247.6	m	10.02	3.049	F2	0.466
HD 263803	HIP 32509	101.76333	10.01257	247.6	m	9.369	2.4	F 5 V	0.409
HD 329572	HIP 84221	258.23122	-44.58667	247.61	m	10.19	3.224	G0	0.731
HD 98404	HIP 55253	169.74014	-33.66933	247.61	m	9.315	2.346	G8 IV	1.165
HIP 81087		248.43359	61.7183	247.64	m	9.929	2.96	G5	1.008
HIP 106339		323.05655	74.84363	247.65	m	9.658	2.689	F5	0.594
HIP 108185		328.77372	-31.37792	247.67	m	10.38	3.409	G0	0.483
HIP 62281		191.45084	23.23316	247.7	m	9.396	2.426	F2	0.457
HIP 764		2.34952	14.41764	247.75	m	9.009	2.039	F0	0.461
HD 253615	HIP 29617	93.62275	30.7825	247.76	m	9.22	2.25	F8	0.565
HIP 9938		31.98975	-8.00542	247.8	m	9.94	2.969	F5	0.468
HD 96955	HIP 54563	167.47366	5.76474	247.82	m	9.277	2.306	F0	0.448
HIP 16919		54.43736	-20.46735	247.82	m	10.56	3.588		0.54
HD 56025	HIP 34717	107.8351	-61.82874	247.83	m	9.475	2.504	F0 V	0.434
HD 189338	HIP 98370	299.78527	9.29435	247.86	m	9.076	2.105	F0	0.381
HD 148099	HIP 80509	246.52394	-6.9456	247.86	m	9.614	2.643	A9/F0 V	0.498
HD 198008	HIP 102744	312.27974	-45.70338	247.88	m	9.293	2.322	G6/8 III	1.064
HD 20101	HIP 15014	48.38916	-11.51359	247.89	m	9.736	2.765	G0 V	0.634
HD 206872	HIP 107534	326.69974	-56.45523	247.9	m	9.528	2.557	F8 V	0.749
HIP 63529		195.27561	37.39607	247.93	m	9.594	2.622	F8	0.606
HIP 47714		145.91417	32.48008	247.94	m	11.21	4.237	G0	0.362
HD 100626	HIP 56455	173.63171	-42.65005	247.95	m	9.161	2.189	K0 III	1.279
HD 131518	HIP 73035	223.89445	-44.39226	247.96	m	9.194	2.222	A8/9 V	0.266
HD 111782	HIP 62752	192.86539	27.23377	247.97	m	9.721	2.749	F 5 V	0.358
HD 191404	HIP 99366	302.532	-11.35685	247.99	m	9.121	2.149	A1mA7-F2	0.382
HIP 110275		335.05223	56.42023	248.02	m	9.359	2.387	B8	0.248
HIP 61069		187.74281	46.96012	248.08	m	9.452	2.479	G8III	1.089
HD 64143	HIP 38875	119.32957	67.44337	248.09	m	9.302	2.329	K0	1.116
HD 285360	HIP 18849	60.61913	18.06155	248.12	m	10.04	3.062	F0	0.641
HIP 109093		331.48498	-49.60126	248.14	m	10.18	3.209	G0	0.749
HD 23708	HIP 17477	56.17561	-53.23313	248.14	e	9.754	2.781	F3 V	0.452
HIP 68256		209.60121	11.32866	248.14	e	10.12	3.144	G5	0.781
HIP 88827		271.98582	1.87575	248.17	m	11.1	4.129	sdF5:	0.502
HIP 115682		351.55212	-37.7161	248.17	m	9.893	2.919	F5	0.467
HIP 58194		179.02278	65.8498	248.19	m	10.27	3.292	G5	0.803
HIP 2827		8.97062	-21.61923	248.19	m	10.54	3.57	F5	0.963
HIP 10437		33.619	-17.44148	248.19	m	10.56	3.584	G0	0.83
HIP 47316		144.62366	57.92023	248.2	m	11.56	4.59	sdF:p	0.806
HIP 74048		226.98786	-11.65161	248.24	m	9.814	2.84	G0	0.636
HIP 57308		176.26015	33.57469	248.26	m	10.23	3.259	F2	0.36
HD 165093	HIP 89417	273.70697	-78.22827	248.26	m	9.299	2.324	FM DELTA DEL	0.405
HD 140832	HIP 77125	236.22446	28.83673	248.27	m	10.05	3.079	G0	0.676
HD 44778	HIP 29995	94.711	-65.11346	248.29	m	9.562	2.587	F5 IV/V	0.507
HD 182047	HIP 95356	290.99478	-28.70391	248.31	m	9.418	2.443	A9 IV	0.293
HD 173946	HIP 92441	282.58185	-45.14305	248.31	m	9.948	2.973	F0 V	0.281
HIP 15386		49.59745	-27.36341	248.31	m	10.48	3.51	F2	0.522
HD 199640	HIP 103661	315.04592	-45.62033	248.31	m	9.944	2.969	K1 III	1.149
HIP 73320		224.73942	0.9861	248.35	m	9.261	2.286	G0	0.834
HD 131481	HIP 72919	223.54222	-11.67196	248.35	m	9.207	2.232	A9 V	0.357
HIP 53139		163.04943	16.16721	248.38	m	9.633	2.657	F5	0.358
HIP 65523		201.46098	52.0738	248.39	m	10.34	3.365	F8	0.553
HD 111503	HIP 62649	192.5566	-46.17349	248.41	m	9.605	2.629	F5 V	0.52
HIP 52277		160.23686	-0.66903	248.42	m	9.793	2.817	F8	0.51
HD 223123	HIP 117296	356.74892	-43.45004	248.42	m	9.222	2.246	G6/8 IV	1.09
HIP 56115		172.54722	36.586	248.46	m	10.2	3.221	F8	0.556
HD 33259	HIP 23839	76.89022	-30.62841	248.47	m	9.779	2.803	F2 V	0.512
HIP 50207		153.74625	19.09818	248.47	m	9.387	2.411	K5	1.212
HIP 29597		93.55873	73.53003	248.5	m	10.11	3.133	F2	0.505
HD 235425	HIP 103717	315.2588	51.38496	248.56	m	9.897	2.92	A7	0.763
HIP 5855		18.77292	8.77047	248.58	m	9.976	2.999	G5	0.975
HD 160159	HIP 86341	264.65452	-4.64223	248.58	m	9.416	2.439	G8 IV	1.409
HD 22631	HIP 16916	54.43379	-20.46754	248.59	m	10.23	3.255	F3 V + F3/6	0.4
HIP 117837		358.48261	-35.56472	248.6	m	10.84	3.861	G2	0.64
HD 6366	HIP 5010	16.03725	-34.45052	248.63	m	9.385	2.407	F5 V	0.626
HIP 68611		210.68447	14.49757	248.65	m	10.23	3.248	G0	0.596
HD 83772	HIP 47459	145.12728	-8.78153	248.66	m	9.617	2.639	F3 V	0.432
HD 109392	HIP 61360	188.60278	-9.60111	248.66	m	9.044	2.066	F0 V	0.4
HIP 50580		154.97945	-1.73752	248.67	m	9.497	2.519	G0	0.61
HD 213387	HIP 110993	337.30206	64.52754	248.68	m	9.24	2.262	A0	0.244
HD 95640	HIP 53955	165.58683	8.60789	248.69	m	9.147	2.169	F8	0.479
HD 240447	HIP 117947	358.86042	58.07916	248.7	m	9.262	2.284	A3	0.337
HIP 90957		278.32021	13.15707	248.7	m	10.59	3.61	F5	0.842
HD 83526	HIP 47319	144.63146	-20.92795	248.73	m	9.018	2.039	A3 V	0.247
HIP 112706		342.3649	-48.42963	248.74	m	10.15	3.167	G0	0.602
HD 30262	HIP 22250	71.84178	29.33323	248.74	m	9.365	2.386	A0	0.324
HD 158008	HIP 85604	262.39979	-52.8588	248.76	m	9.357	2.378	K0 III	1.469
HIP 53170		163.15955	10.15362	248.77	m	9.698	2.719	G5	0.391
HD 145974	HIP 79736	244.09629	-53.31286	248.79	m	10.23	3.248	F3 V	0.42
HIP 15592		50.20404	-4.32439	248.8	m	9.628	2.649	G2	0.467
HD 18553	HIP 13862	44.61514	-15.78902	248.84	m	9.756	2.776	G1 V	0.698
HIP 107741		327.38586	-34.90765	248.84	m	10.32	3.342	F5	0.682
HD 286993	HIP 21866	70.52238	11.85602	248.84	m	10.57	3.595	F0	0.657
HD 235560	HIP 106706	324.21903	55.5744	248.9	m	9.158	2.178	K7	1.536
HIP 12739		40.9396	-27.89951	248.91	m	9.19	2.21	G5III	0.56
HD 112146	HIP 63022	193.72412	-51.04721	248.96	m	9.779	2.798	F0 V	0.424
HIP 104180		316.61249	32.45781	248.99	m	10.06	3.079	G	0.517
HD 225262	HIP 388	1.21023	6.41665	248.99	m	9.195	2.214	A3	0.364
HD 99282	HIP 55810	171.55439	62.48062	249	m	9.057	2.076	A0	0.253
HD 204944	HIP 106421	323.33568	-45.98572	249.02	m	9.169	2.188	G0 V	0.657
HIP 116775		355.00064	-42.61822	249.07	m	10.73	3.752	F5	0.596
HD 84663	HIP 47982	146.70456	-1.29527	249.1	m	9.778	2.796	F0/2 + (G)	0.516
HIP 64938		199.66847	34.61494	249.12	m	10.17	3.184	F5	0.48
HIP 16710		53.75136	2.66183	249.12	m	10.72	3.741	F8	0.451
HD 183437	HIP 96157	293.2739	-59.63534	249.12	m	9.196	2.214	F3 IV/V	0.492
HD 147957	HIP 80518	246.55541	-34.9457	249.19	m	9.154	2.171	G8/K0 III	1.67
HD 3812	HIP 3177	10.12232	-32.26782	249.25	m	9.667	2.684	F0 V(W)	0.366
HD 2360	HIP 2172	6.85784	1.39871	249.25	m	9.54	2.557	K0 (III)	1.22
HD 256902	HIP 30618	96.52054	27.99902	249.26	m	10.31	3.324	F8	0.665
HD 10234	HIP 7769	25.00007	-2.94219	249.35	m	9.441	2.457	F0/2 V	0.421
HD 40867	HIP 28382	89.93228	-40.95734	249.36	m	9.615	2.631	F0 V	0.352
HD 238103	HIP 60255	185.33259	56.97886	249.36	m	9.413	2.429	K0	0.993
HIP 94425		288.27963	-28.77344	249.39	m	10.05	3.068	F8	0.487
HIP 53033		162.764	44.19871	249.48	m	10.07	3.084	F8	0.606
HIP 45558		139.28205	46.93008	249.51	m	10.66	3.678	F8	0.55
HD 98688	HIP 55431	170.27922	-28.73885	249.54	m	9.463	2.477	F0 V	0.382
HD 110271	HIP 61919	190.35491	-53.553	249.54	m	10.02	3.03	F0 IV/V	0.429
HIP 12324		39.67925	0.27831	249.59	m	10.34	3.355	F8	0.574
HIP 64630		198.70876	28.17862	249.6	m	10.57	3.589		0.471
HIP 104954		318.89547	-44.40441	249.6	m	10.31	3.322	G0	1.083
HD 211852	HIP 110515	335.81869	-73.66707	249.6	m	10.04	3.051	F6/7 V	0.537
HIP 75547		231.5094	-30.10411	249.6	m	9.797	2.811	G0	0.816
HIP 73842		226.36146	-23.6831	249.62	m	10.27	3.282	F8	0.832
HD 102265	HIP 57415	176.56726	-0.1719	249.62	m	9.306	2.32	F3/5 V	0.517
HD 240049	HIP 112370	341.40137	58.62566	249.72	m	9.729	2.742	A7	0.352
HD 23204	HIP 17467	56.14625	35.8556	249.72	m	9.083	2.096	A 2 IV	0.176
HD 142074	HIP 77793	238.28001	-16.56617	249.74	m	10.35	3.366	F6/7 V	0.586
HIP 73802		226.25811	7.23967	249.74	m	10.75	3.767	G0	0.439
HD 62259	HIP 37665	115.92725	13.66894	249.76	m	9.256	2.268	F5	0.37
HIP 87226		267.33193	46.68334	249.76	m	9.389	2.401	A2	0.361
HIP 84136		258.02415	75.18844	249.83	m	9.094	2.106	F5	0.407
HD 77299	HIP 44267	135.21704	-28.27339	249.83	m	9.327	2.339	F6 V	0.55
HD 14533	HIP 10837	34.86157	-45.66513	249.84	m	9.05	2.062	K0 III	1.167
HD 145915	HIP 79532	243.44298	-7.64568	249.86	m	9.286	2.297	A1 III/IV	0.224
HD 144894	HIP 79142	242.30685	-29.30434	249.87	m	9.161	2.172	F3 V	0.469
HD 15540	HIP 11594	37.35891	-22.30293	249.87	m	9.449	2.46	F6 V	0.565
HD 71660	HIP 41725	127.62246	45.11495	249.87	m	9.219	2.23	F5	0.543
HIP 40488		123.99784	40.56115	249.88	m	9.501	2.512	F8	0.577
HD 347983	HIP 88881	272.17947	17.62319	249.89	m	9.131	2.142	A2	0.267
HD 214423	HIP 111724	339.47037	5.90716	249.91	m	9.657	2.668	F5	0.549
HD 106746	HIP 59855	184.11814	16.02847	249.91	m	9.823	2.834	F5	0.466
HD 117273	HIP 65869	202.51273	-47.38908	249.94	m	9.102	2.113	G0 V	0.621
HIP 117752		358.20643	38.68782	249.95	m	9.53	2.541	F0	0.43
HD 246361	HIP 26863	85.55219	31.87325	249.97	m	9.104	2.115	F8	0.544
HIP 52782		161.87187	15.47206	249.98	m	9.476	2.486	G5	1.02
HD 83442	HIP 47206	144.304	-42.0207	250.05	m	9.216	2.226	K2 IIIP	1.384
HD 191054	HIP 99329	302.41637	-42.50087	250.07	m	9.53	2.54	F0 V	0.446
HD 274681	HIP 26242	83.85898	-45.11031	250.09	m	10.41	3.419	F5	0.462
HIP 36762		113.40922	-50.12362	250.11	m	10.6	3.612		0.6
HD 180721	HIP 94806	289.36673	4.25612	250.13	m	9.631	2.64	A7 III	0.365
HD 118102	HIP 66281	203.77141	-25.30423	250.15	m	9.051	2.06	F7 V	0.571
HIP 28396		89.96914	-30.85786	250.18	m	10.33	3.338	G0	0.434
HD 152762	HIP 82721	253.62764	19.09986	250.24	m	9.288	2.296	G5	0.549
HD 107541	HIP 60292	185.45032	-34.78002	250.26	m	9.52	2.528	KP BA	1.248
HD 124863	HIP 69519	213.46586	59.87609	250.27	m	9.12	2.128	G5	0.559
HD 475	HIP 749	2.29796	-31.47728	250.3	m	9.397	2.405	K2 III	1.121
HD 217289	HIP 113545	344.95203	-10.88486	250.31	m	9.131	2.139	F7 V	0.59
HIP 77411		237.05397	21.68795	250.32	m	9.446	2.454	A7	0.324
HIP 34240		106.47008	38.60056	250.33	m	9.085	2.092	F0	0.422
HD 206272	HIP 107082	325.33396	-13.93541	250.37	m	9.589	2.596	A8 IV	0.253
HIP 87103		266.96137	-65.84475	250.4	m	9.215	2.222	K0	1.116
HIP 54510		167.29163	-25.01394	250.42	m	10.5	3.505	K0	0.988
HD 54161	HIP 34500	107.22598	26.76806	250.48	m	9.039	2.045	A2	0.166
HIP 62284		191.46485	33.38724	250.49	m	10.71	3.711	G0	0.673
HIP 112404		341.51205	62.61812	250.5	m	9.637	2.643	A	0.363
HD 21712	HIP 16311	52.55784	1.07442	250.51	m	9.463	2.469	F7 V	0.626
HIP 15766		50.79708	21.56802	250.53	m	9.312	2.318	F2	0.66
HIP 76342		233.89843	56.93012	250.58	m	11.21	4.213		0.881
HD 106137	HIP 59563	183.21999	-24.8282	250.59	m	9.406	2.411	A5 III/IV	0.239
HIP 55484		170.45215	61.8155	250.63	e	9.911	2.916	G0	0.715
HD 131181	HIP 72745	223.08028	-9.95313	250.63	e	9.121	2.126	G2 V	0.616
HD 171359	HIP 91433	279.70669	-63.3808	250.63	e	9.125	2.13	F7 IV/V	0.555
HD 3912	HIP 3194	10.17822	-69.09823	250.63	m	9.082	2.087	F5 V	0.525
HIP 47016		143.73545	33.67869	250.63	m	9.734	2.739	F8	0.537
HD 97530	HIP 54787	168.2459	-47.18252	250.68	m	9.204	2.208	F2 V	0.493
HIP 49109		150.34234	29.58459	250.69	m	10.31	3.31	G0	0.98
HD 127188	HIP 70934	217.61064	-14.60513	250.7	m	9.833	2.837	F5/6 V	0.565
HD 108340	HIP 60755	186.76502	-34.97296	250.73	m	9.024	2.028	K2 III	1.44
HD 223631	HIP 117625	357.83077	-29.96846	250.78	m	9.112	2.116	K1 IV	1.106
HIP 152		0.48443	-28.13095	250.8	m	10.06	3.065	F5	0.401
HIP 94411		288.23088	-27.71074	250.81	m	9.924	2.927	G0	0.673
HD 216012	HIP 112794	342.62202	-61.05563	250.86	m	9.083	2.086	F3 IV/V	0.472
HIP 60657		186.48156	19.73072	250.87	m	9.93	2.933	K2	1.023
HD 125691	HIP 70084	215.12998	24.74506	250.88	m	9.158	2.161	F8	0.442
HIP 78522		240.46339	21.22594	250.89	m	11.46	4.463	F8	0.43
HIP 67180		206.51304	8.6776	250.91	m	10.15	3.157	F8	0.728
HD 199656	HIP 103631	314.95075	-37.03179	250.94	m	9.773	2.775	F2 V	0.326
HD 224864	HIP 101	0.31972	-47.79383	250.94	m	9.943	2.945	F5 IV/V	0.464
HIP 47377		144.78859	20.45978	250.95	m	9.076	2.078	K7	1.117
HD 110056	HIP 61777	189.91904	-42.37443	250.96	m	9.529	2.531	A3MA8-F0	0.38
HD 9835	HIP 7380	23.7758	-43.54416	250.98	m	10.04	3.044	F6/7 V	0.54
HD 90055	HIP 50902	155.91467	0.3432	250.99	m	9.547	2.549	F3 V	0.475
HD 29345	HIP 21528	69.3353	0.28981	251	m	9.087	2.089	F0/2 IV	0.372
HIP 82085		251.50615	-35.63918	251	m	9.372	2.374	K0	2.215
HIP 67450		207.34762	47.1836	251.02	m	10.5	3.504	F5	0.403
HIP 82198		251.89296	14.39041	251.03	m	9.096	2.097	F5	0.432
HIP 19595		62.99189	0.42859	251.04	m	9.913	2.914	F5	0.435
HD 117220	HIP 65819	202.39821	-37.55995	251.05	m	9.121	2.122	G5W	0.986
HD 134367	HIP 74089	227.12212	30.97065	251.07	m	9.007	2.008	K0	1.116
HIP 62238		191.33803	0.12606	251.07	m	10.81	3.81	G0	0.735
HD 64836	HIP 38710	118.87956	-8.28505	251.12	m	9.163	2.164	A1 IV	0.2
HD 2094	HIP 1997	6.32813	32.50351	251.16	m	9.443	2.443	F8	0.62
HD 86946	HIP 49188	150.59011	25.29211	251.19	m	9.125	2.125	K0	1.013
HIP 48045		146.91122	39.8357	251.21	m	9.879	2.879	F8	0.67
HD 294176	HIP 25669	82.24317	-4.70053	251.21	m	10.09	3.093	M	0.75
HIP 13689		44.07702	32.00257	251.21	m	9.422	2.422	F5	0.635
HD 199964	HIP 103911	315.81079	-60.37939	251.24	m	9.87	2.87	F2 V	0.436
HIP 63306		194.60416	-49.39968	251.25	m	10.13	3.131	F2	0.404
HIP 63829		196.23029	17.85235	251.25	m	10.44	3.443	G5	0.7
HD 1136	HIP 1248	3.89266	-24.3465	251.26	e	9.408	2.407	G1 V	0.662
HIP 72574		222.58332	-2.24538	251.27	m	9.825	2.824	F0	0.33
HD 336534	HIP 91101	278.74297	24.90516	251.28	m	9.705	2.704	F5	0.5
HD 75685	HIP 43482	132.85386	-1.60619	251.28	m	9.171	2.17	F5/6 V	0.532
HIP 8644		27.86288	41.29113	251.37	m	10.73	3.728	F 0 V	0.579
HD 131323	HIP 72918	223.53946	-39.27839	251.41	m	9.664	2.662	F3 V	0.475
HD 122632	HIP 68725	211.02483	-43.40281	251.43	m	10.02	3.022	F0 V	0.359
HIP 114529		347.96607	-47.21872	251.46	m	10.59	3.592	G0	0.71
HIP 82581		253.23087	-16.19839	251.48	m	9.787	2.785	F0	0.802
HD 71760	HIP 41237	126.2202	-66.78796	251.51	m	9.273	2.27	K0WG5	1.106
HD 157223	HIP 84664	259.62549	58.35862	251.51	m	9.221	2.218	F0	0.216
HD 7448	HIP 5821	18.67185	3.78662	251.54	m	9.344	2.341	G8 IV	0.915
HD 190517	HIP 98907	301.26728	8.46907	251.56	m	9.389	2.386	A2	0.272
HD 14904	HIP 11208	36.07262	-1.91298	251.56	m	9.128	2.125	G5 V	0.809
HIP 114596		348.22789	21.97732	251.59	m	10.2	3.2	F2	0.362
HD 19657	HIP 14670	47.3865	-10.21589	251.6	m	9.95	2.946	G2/3 (V)	0.972
HD 125911	HIP 70345	215.8834	-42.83098	251.62	m	9.51	2.506	G8 V	1.052
HIP 8482		27.33326	53.87666	251.63	m	11.76	4.755		
HIP 99507		302.91525	-4.59332	251.63	m	10.36	3.36		0.56
HD 16976	HIP 12583	40.44911	-45.60276	251.66	m	9	1.996	F0 IV/V	0.33
HIP 47093		143.95881	38.26687	251.68	m	10.01	3.009	F8	0.444
HD 80674	HIP 45985	140.67186	46.27853	251.69	m	9.417	2.413	G5	1.362
HD 48943	HIP 32274	101.06959	-39.96529	251.7	m	9.094	2.09	A5/7 + (G)	0.285
HIP 37255		114.76416	-66.72198	251.71	m	9.471	2.466	G2	0.58
HD 102802	HIP 57702	177.50823	-40.97573	251.72	m	9.257	2.252	F2 IV/V	0.455
HIP 83563		256.16539	49.7407	251.73	m	9.936	2.931	K0	1.309
HD 9745	HIP 6916	22.26457	-82.03917	251.73	m	9.694	2.689	F6/7 V	0.726
HD 16044	HIP 11955	38.55038	-13.52368	251.74	m	9.898	2.893	G3 V	0.604
HD 224961	HIP 170	0.5376	-20.87166	251.75	m	9.667	2.662	F5 V	0.513
HD 163891	HIP 88073	269.8159	-19.54072	251.79	m	9.165	2.16	F7 V	0.889
HIP 25537		81.90538	59.60515	251.79	m	10.77	3.768	F8	0.505
HD 233976	HIP 62121	190.97072	53.80835	251.8	m	9.199	2.194	K0	0.806
HIP 110556		335.94129	10.55884	251.81	m	10.61	3.603	F8	0.52
HD 142126	HIP 77651	237.79093	40.62594	251.81	m	9.184	2.179	K0	1.084
HD 112554	HIP 63298	194.57976	-56.62688	251.83	m	9.439	2.433	A3/5 III/IV	0.348
HD 162059	HIP 87236	267.3638	-7.7849	251.85	m	9.112	2.106	G6 III/IV	1.61
HD 190350	HIP 98948	301.34282	-22.63208	251.85	m	9.17	2.164	A6 III	0.352
HIP 79531		243.44249	-7.64027	251.85	m	10.99	3.989		0.365
HIP 75780		232.21067	30.63057	251.85	m	9.455	2.449	F8	0.526
HD 125511	HIP 70113	215.20584	-38.58031	251.88	m	9.407	2.401	F5 V	0.545
HIP 80776		247.39154	-16.15653	251.89	m	10.45	3.442	F0	0.945
HIP 30897		97.28691	39.46766	251.89	m	9.865	2.859	F0	0.494
HD 171683	HIP 91161	278.97648	8.08815	251.89	m	9.129	2.123	B8	0.265
HIP 54500		167.25029	44.91626	251.89	m	9.658	2.652	F0	0.387
HD 130617	HIP 72426	222.13425	24.75104	251.89	m	9.122	2.116	G5	0.557
HD 2794	HIP 2471	7.84981	-2.01736	251.91	m	9.84	2.834	F5 V	0.626
HD 128667	HIP 71642	219.81479	-34.79625	251.92	m	9.918	2.912	G8 IV/V	0.946
HD 208540	HIP 108379	329.35523	-22.68832	251.93	m	9.012	2.006	G6 V	0.857
HIP 61566		189.22833	-50.95044	251.94	m	10.59	3.578	F8	0.363
HD 138217	HIP 75936	232.64688	4.56449	251.95	m	9.666	2.659	G2 V	0.682
HIP 75199		230.50195	0.98801	251.98	m	10.01	3.007	F5	0.513
HD 115618	HIP 64988	199.80633	-52.758	251.99	m	9.569	2.562	F2 IV/V	0.357
HD 200345	HIP 104012	316.08561	-42.55124	252.1	m	9.456	2.448	G8/K0 IV/V	1.029
HD 36064	HIP 24276	78.15057	-82.3682	252.1	m	9.556	2.548	F5 V	0.547
HD 101616	HIP 57010	175.32709	-50.20343	252.13	m	9.72	2.712	F3 V	0.527
HD 168832	HIP 89997	275.44643	1.11482	252.14	m	9.063	2.055	F0 V	0.458
HD 85898	HIP 48533	148.48231	-41.52222	252.19	m	9.347	2.338	F0 V	0.407
HIP 19081		61.35507	-15.70938	252.2	m	9.404	2.395	F0	0.436
HIP 88005		269.65658	76.54305	252.21	m	10.63	3.618	F8	0.477
HIP 91628		280.30324	2.02966	252.24	m	9.699	2.69	F5	0.562
HD 93722	HIP 52852	162.10888	-47.03796	252.26	m	9.071	2.062	A1 IV/V	0.154
HD 94816	HIP 53602	164.49178	61.76618	252.26	m	9.431	2.422	A2	0.276
HD 23494	HIP 17397	55.90858	-47.16895	252.26	m	9.743	2.734	F2/3 V	0.402
HIP 36513		112.67193	24.08619	252.29	m	10.68	3.671	F	0.508
HIP 40432		123.83851	28.83471	252.31	m	10.94	3.933	F8	0.511
HD 33683	HIP 23973	77.28744	-51.93599	252.34	m	9.157	2.147	F3 V	0.504
HD 203409	HIP 105590	320.80358	-41.25154	252.36	m	10.17	3.161	G0 V	0.674
HD 135203	HIP 74523	228.43014	7.68852	252.38	m	9.441	2.431	F0	0.393
HD 131066	HIP 72661	222.85341	4.62663	252.39	m	10.17	3.161	F2	0.315
HD 524	HIP 778	2.40128	-51.73707	252.44	m	9.901	2.89	F0 V	0.357
HIP 40332		123.52459	44.72364	252.46	m	9.698	2.687	F5	0.548
HD 21318	HIP 15991	51.49991	-9.44127	252.48	m	9.596	2.585	F3 V	0.565
HIP 61170		188.01528	14.33562	252.5	m	10.62	3.607	F5	0.456
HD 129761	HIP 72128	221.3188	-29.93867	252.52	m	9.856	2.845	F3 V	0.532
HD 212879	HIP 111017	337.36827	-66.22327	252.52	m	9.423	2.412	F6 V	0.579
HD 130962	HIP 72700	222.96231	-31.82538	252.55	m	9.68	2.668	F6 V	0.614
HD 6827	HIP 5242	16.76186	-71.80752	252.55	m	10.42	3.408	G5	1.019
HIP 37813		116.29231	47.24096	252.56	m	9.942	2.93	F0	0.407
HIP 3564		11.38934	16.97162	252.6	m	10.64	3.624	G0	0.683
HD 162811	HIP 87511	268.19698	3.79411	252.62	m	9.555	2.543	F2/3 V	0.666
HIP 101478		308.48287	-35.56488	252.63	m	10.8	3.791	F5	0.484
HD 216738	HIP 113199	343.86037	-10.11314	252.64	m	9.108	2.095	K0 III	1.171
HD 191729	HIP 99612	303.23052	-39.54796	252.64	m	9.144	2.131	F6 V	0.51
HD 8024	HIP 6141	19.71217	-46.152	252.7	m	9.129	2.116	F3 V	0.449
HD 158542	HIP 85689	262.66875	-17.87942	252.7	m	9.14	2.127	F3 V	0.574
HIP 16096		51.8378	9.25614	252.74	m	9.847	2.834	F5	0.577
HD 3596	HIP 3051	9.68884	-21.04011	252.75	m	9.019	2.006	F5 V	0.525
HD 191803	HIP 100187	304.82985	-76.12654	252.78	m	9.176	2.162	A9 IV	0.375
HD 98872	HIP 55515	170.55713	-51.26937	252.79	m	9.239	2.225	F2 IV/V	0.423
HD 201629	HIP 104591	317.81034	-16.39337	252.82	m	9.666	2.652	F5 V	0.424
HIP 115138		349.83825	46.15774	252.84	m	9.371	2.357	F5	0.556
HIP 58789		180.86891	41.40426	252.85	m	10.09	3.074	F5	0.6
HIP 90890		278.09936	32.83911	252.86	m	9.853	2.839	F5	0.583
HD 170743	HIP 90859	278.02964	-24.90038	252.89	m	9.143	2.128	F3/5 IV/V	0.745
HIP 36430		112.46186	32.8662	252.9	m	10.5	3.481	sdF8:	0.474
HIP 34224		106.43175	74.37684	252.92	m	9.882	2.867	F0	0.274
HIP 56919		175.03136	45.55877	252.96	m	9.75	2.735	K2III	1.33
HD 221554	HIP 116276	353.39134	-63.55914	252.99	m	9.195	2.18	G8 IV/V	1.051
HIP 16393		52.77618	15.73609	253	m	10.46	3.445	F8	0.684
HD 66570	HIP 39764	121.91178	60.68944	253.02	m	9.164	2.148	F0	0.36
HD 98885	HIP 55551	170.67792	-17.31405	253.08	m	9.641	2.625	F3 V	0.535
HD 221265	HIP 116041	352.68985	-13.30398	253.11	m	9.34	2.323	F2 V	0.371
HIP 109917		333.93039	14.1509	253.13	m	9.653	2.636	F 3 V	0.436
HIP 76946		235.67311	-25.99047	253.15	m	10.84	3.82	G0	0.628
HD 2314	HIP 2133	6.76659	29.06249	253.15	m	9.127	2.11	A5	0.325
HIP 89343		273.45026	72.52144	253.2	m	9.718	2.701	F5	0.516
HD 145733	HIP 79447	243.19935	-6.84045	253.21	m	10.47	3.452	F0/2 V	0.577
HD 7051	HIP 5491	17.57359	-35.04346	253.22	m	9.187	2.17	G6 V	0.774
HD 122088	HIP 68419	210.09907	-35.28094	253.24	m	9.136	2.118	A4 IV/V	0.188
HD 149825	HIP 81381	249.30806	-0.04498	253.26	m	9.145	2.127	G8/K0 V	1.116
HIP 72660		222.8491	-48.81903	253.27	m	9.953	2.935	F5	0.58
HD 212355	HIP 110546	335.91362	0.98231	253.29	m	9.428	2.41	F0 V	0.39
HD 10685	HIP 8084	25.95579	-29.81137	253.31	m	9.216	2.198	K1 III	1.084
HD 63566	HIP 37523	115.5212	-74.94815	253.34	m	9.073	2.054	K0 III	1.209
HD 236117	HIP 115602	351.26162	50.99676	253.35	m	9.404	2.385	K0	1.133
HIP 62047		190.76785	38.85582	253.36	m	9.606	2.587	F2	0.375
HIP 48569		148.59131	53.58786	253.38	m	9.914	2.895	F5	0.485
HD 83505	HIP 47742	145.98493	75.89609	253.38	m	9.055	2.036	K0	1.288
HIP 112193		340.8489	-47.96965	253.38	m	10.26	3.243	F8	0.656
HD 30894	HIP 22414	72.35612	-43.35369	253.4	m	9.824	2.805	F0 V	0.343
HD 129173	HIP 71744	220.13134	19.89685	253.42	m	9.596	2.577	G0	0.458
HIP 8500		27.40365	78.27033	253.47	m	9.426	2.406	F2	0.414
HD 154893	HIP 83808	256.91493	13.52768	253.48	m	9.968	2.948	F8	0.622
HIP 89794		274.87548	35.73586	253.48	m	9.003	1.983	F5	0.482
HD 47210	HIP 31543	99.04196	-29.39789	253.53	m	9.69	2.67	G5 V	0.742
HD 83141	HIP 47443	145.03641	70.29795	253.53	m	9.1	2.08	G0	0.701
HD 28023	HIP 20833	66.96864	49.44556	253.54	m	9.05	2.03	A0	0.583
HD 212802	HIP 110859	336.90525	-33.18701	253.56	m	9.437	2.417	K1/2 III/IV	1.383
HIP 111631		339.21688	-36.03165	253.59	m	10.92	3.898	G2	0.613
HD 81388	HIP 46249	141.43821	20.38069	253.59	m	9.019	1.998	G5	0.85
HD 143556	HIP 78503	240.40073	-15.22201	253.6	m	9.706	2.685	F7 V	0.781
HD 190264	HIP 98866	301.15856	-14.61036	253.7	m	9.128	2.106	A1 V	0.255
HD 316418	HIP 87250	267.42413	-29.28253	253.72	m	9.562	2.54	F0	0.469
HD 130877	HIP 72714	222.99678	-41.36887	253.72	m	9.7	2.678	F3 V	0.445
HIP 46121		141.08395	12.52001	253.72	m	9.266	2.244	K0	1.072
HD 145914	HIP 79528	243.43307	-6.22937	253.79	m	9.383	2.361	A1 V	0.271
HD 129714	HIP 72080	221.17916	-20.48208	253.81	e	9.384	2.361	F5 V	0.476
HD 152055	HIP 82519	252.98502	-21.33062	253.81	m	9.588	2.565	A9 IV/V	0.574
HIP 84249		258.32414	20.06621	253.82	m	9.461	2.438	G5	1.181
HD 11330	HIP 8636	27.83902	-8.07627	253.82	m	9.121	2.098	F5 V	0.559
HD 233519	HIP 41069	125.69796	52.62714	253.83	m	9.71	2.687	F0	0.503
HD 207403	HIP 107853	327.76629	-63.38864	253.83	m	9.626	2.603	G8 V	0.991
HD 88067	HIP 49665	152.08404	-37.568	253.86	m	9.02	1.997	K1 III	1.192
HD 17474	HIP 13048	41.91105	-18.31737	253.88	m	9.526	2.503	G0 V	0.582
HD 6068	HIP 4799	15.39852	-30.93741	253.91	m	9.774	2.751	F2 V	0.423
HIP 53827		165.19534	27.0982	253.93	m	9.36	2.336	F8	0.383
HIP 75076		230.13016	-8.07827	253.95	m	9.948	2.924	F8	0.548
HIP 59565		183.22463	-49.10093	253.97	m	10.44	3.417	F5	0.751
HD 204648	HIP 106225	322.74618	-33.40279	254	m	9.494	2.47	K0 III	1.155
HD 210637	HIP 109636	333.1423	-38.29709	254.02	m	9.22	2.196	F5 V	0.457
HD 284865	HIP 22691	73.19122	22.66193	254.02	m	10.12	3.1	F0	0.653
HD 18798	HIP 13811	44.45134	-66.85889	254.04	m	9.247	2.222	A9 III	0.373
HD 297649	HIP 48481	148.31593	-50.1411	254.05	m	9.828	2.803	F0	0.567
HIP 60254		185.32934	46.65832	254.05	m	10.22	3.194	G9III	1.184
HD 121879	HIP 68089	209.11205	58.49836	254.05	m	9.163	2.138	K0	1.12
HIP 17084		54.9069	12.65472	254.08	m	10.11	3.084	F0	0.514
HIP 63892		196.42027	64.61259	254.1	m	9.252	2.227	A5	0.369
HIP 72546		222.47659	2.04929	254.1	m	10.24	3.216	F5	0.309
HIP 117667		357.95267	46.02836	254.12	m	10.03	3.001	F8	0.652
HIP 54667		167.86024	68.47383	254.15	m	9.594	2.569	F8	0.649
HIP 60774		186.85886	-47.84843	254.15	m	10.18	3.156	F8	0.806
HD 111411	HIP 62567	192.29237	-3.69938	254.16	m	9.487	2.461	F2/3 V	0.458
HD 200789	HIP 104087	316.3158	15.03032	254.16	m	9.576	2.55	A2	0.29
HD 100130	HIP 56206	172.83504	-5.25931	254.16	m	9.108	2.082	F3 V	0.46
HD 144962	HIP 79110	242.20643	-8.58866	254.18	m	9.504	2.478	F0 V	0.473
HD 185303	HIP 96812	295.18746	-49.34343	254.2	m	9.843	2.817	F5 V	0.423
HIP 65948		202.79785	11.59694	254.2	m	10.31	3.281	F8	0.65
HIP 74652		228.81196	-10.56919	254.21	m	9.899	2.873	F5	0.589
HD 212	HIP 571	1.73233	-30.60307	254.24	m	10.31	3.286	F2/3 V	0.327
HD 126091	HIP 70407	216.06213	-33.9282	254.25	m	9.228	2.202	A1(M)A3/5-A9	0.208
HD 290086	HIP 24341	78.36049	-0.80886	254.25	m	9.565	2.539	F 2 V	0.55
HD 112197	HIP 63006	193.65795	21.58496	254.27	m	9.027	2.001	A 2 V	0.133
HD 201514	HIP 104583	317.78583	-35.91125	254.28	m	9.097	2.07	G8/K0 IV/V	0.897
HIP 4158		13.28239	-21.6072	254.28	m	10.36	3.33	G0	0.591
HIP 3766		12.09366	-14.12033	254.29	m	10.64	3.613		0.721
HD 63971	HIP 38507	118.28898	37.72484	254.3	m	9.457	2.43	F5	0.423
HD 132491	HIP 73400	225.00536	-20.14766	254.31	m	9.456	2.429	F2 V	0.442
HD 15808	HIP 11778	37.9941	-23.92901	254.32	m	9.404	2.377	K1 III	1.147
HD 100300	HIP 56334	173.22994	51.752	254.36	m	9.088	2.061	A2	0.306
HD 167687	HIP 89690	274.5528	-39.03251	254.36	m	10.21	3.183	G3/5 IV/V	0.7
HD 61197	HIP 36610	112.93211	-72.00459	254.4	m	9.176	2.148	A5 IV	0.23
HD 204273	HIP 106105	322.39799	-57.35237	254.42	m	10.03	3.006	F3/5 V	0.417
HD 15586	HIP 11634	37.52898	-12.24661	254.43	m	9.752	2.724	F5 V	0.43
HD 220163	HIP 115358	350.49129	-40.17434	254.45	e	10.05	3.027	F7 V	0.616
HD 103363	HIP 58022	178.50988	-27.13015	254.49	m	9.564	2.536	G3 V	0.669
HD 327627	HIP 77945	238.76243	-45.58515	254.53	m	9.81	2.781	F0	0.681
HD 237349	HIP 23658	76.26671	58.31987	254.56	m	9.939	2.91	F8	0.445
HD 64979	HIP 38411	118.04167	-65.29144	254.56	m	9.366	2.337	F0 IV/V	0.456
HIP 55853		171.70465	79.09932	254.57	m	9.665	2.636	F0	0.42
HIP 98888		301.2201	69.42682	254.58	m	10.11	3.078	F8	0.502
HIP 81276		248.99408	45.86646	254.58	m	11.12	4.091	sdF3:	0.574
HIP 17068		54.87365	14.48242	254.59	m	10.08	3.049	K0	1.312
HD 150080	HIP 81582	249.92073	-25.00849	254.63	m	9.356	2.326	A2 IV	0.415
HD 218124	HIP 114064	346.50919	-50.97328	254.66	m	9.851	2.821	F6 V	0.506
HIP 59696		183.62393	-29.5988	254.7	m	10.38	3.347		0.893
HD 152421	HIP 82705	253.57948	-26.29884	254.71	m	9.872	2.842	G8 V	0.965
HD 220317	HIP 115410	350.67322	24.93891	254.79	m	9.068	2.037	A0	0.212
HD 132664	HIP 73489	225.28826	-29.62932	254.8	m	9.385	2.354	G0 V	0.721
HD 155831	HIP 84378	258.75258	-24.72771	254.83	m	9.346	2.315	F5 V	0.565
HIP 78280		239.74717	35.97223	254.85	m	10.24	3.208	F8	0.81
HD 199932	HIP 103811	315.53956	-50.59579	254.87	m	9.858	2.826	F5 V	0.463
HD 135103	HIP 74459	228.24191	14.80389	254.92	m	9.194	2.162	K0	1.193
HD 96452	HIP 54389	166.91845	53.05219	254.97	m	9.106	2.074	A3	0.346
HD 143315	HIP 78272	239.73748	21.79958	254.97	m	9.291	2.259	A2	0.311
HD 17010	HIP 12745	40.96475	6.25873	255.01	m	9.376	2.343	G0	0.51
HD 14765	HIP 11103	35.72955	2.35109	255.01	m	9.658	2.625	F6/7 V	0.537
HD 17186	HIP 12833	41.24316	-17.78114	255.02	m	9.244	2.211	F3 V	0.527
HIP 58612		180.2974	20.29888	255.02	m	9.664	2.631	F5	0.498
HD 122105	HIP 68370	209.92583	-0.16753	255.03	m	9.166	2.133	F6 V	0.545
HD 199797	HIP 103909	315.80676	-67.39159	255.04	m	9.452	2.419	F3 IV	0.366
HIP 15663		50.43173	-9.36089	255.07	m	9.836	2.803	G0	0.667
HD 343341	HIP 92699	283.3231	21.22576	255.08	m	9.835	2.802	A7	0.448
HIP 62161		191.09465	40.13663	255.11	m	10.04	3.008	F5	0.467
HIP 26232		83.83904	-37.54469	255.11	m	9.193	2.159	F5	0.505
HD 6090	HIP 4693	15.07894	-72.74329	255.13	m	10.73	3.695	G5	0.896
HIP 4943		15.85565	-22.29057	255.13	m	10.61	3.572	G0	0.559
HD 8864	HIP 6800	21.87277	4.46195	255.14	m	9.043	2.009	A7 III	0.288
HD 107236	HIP 60107	184.9106	54.24071	255.14	m	9.127	2.093	F8	0.397
HD 123440	HIP 69015	211.92432	5.57498	255.17	m	9.094	2.06	A0	0.192
HIP 7897		25.39374	-14.62119	255.2	m	10.33	3.294	F5	0.607
HIP 112683		342.27503	5.34301	255.22	m	10.91	3.871	G0	0.518
HD 109515	HIP 61454	188.90211	-54.58686	255.23	m	9.5	2.465	F5/6 V	0.589
HD 180310	HIP 94892	289.66038	-50.61161	255.23	m	10.16	3.121	G6 V	0.878
HIP 64493		198.29253	21.00129	255.23	m	9.473	2.438	G2	0.804
HD 212276	HIP 110553	335.93278	-38.70686	255.3	m	10.06	3.03	F0/3 (V)	0.486
HIP 62895		193.34801	65.77819	255.35	m	9.425	2.389	G5	1.068
HD 29954	HIP 21806	70.26485	-45.70487	255.38	m	9.243	2.207	F2 IV	0.294
HD 219071	HIP 114650	348.37988	-45.06946	255.4	m	10.04	3.008	F8 V	0.555
HD 213689	HIP 111336	338.34606	0.26969	255.4	m	9.509	2.473	A9 V	0.264
HD 214387	HIP 111757	339.58961	-37.66019	255.4	m	10.15	3.112	F7 V	0.512
HIP 71983		220.83368	9.49126	255.4	m	10.38	3.346	F5	0.445
HD 56323	HIP 35744	110.58904	70.03298	255.45	m	9.081	2.044	F5	0.351
HD 85747	HIP 48560	148.56916	17.16926	255.46	m	9.097	2.06	G5	0.992
HD 158988	HIP 86002	263.6596	-47.32718	255.55	m	9.402	2.365	A9/F0 V	0.403
HD 129546	HIP 72038	221.03706	-34.15474	255.56	m	10.19	3.15	F2 V	0.529
HD 112414	HIP 63138	194.06227	29.62783	255.57	m	9.357	2.319	A 7 V	0.291
HD 204206	HIP 106019	322.09912	-43.7162	255.64	m	10.34	3.299	F6 V	0.528
HD 151630	HIP 82274	252.16813	-1.86942	255.66	m	9.376	2.338	A5 III	0.392
HIP 85156		261.02292	-43.27291	255.68	m	10.18	3.141	F2	0.509
HD 108101	HIP 60587	186.26962	34.7648	255.68	m	9.139	2.1	A M	0.252
HIP 66429		204.28168	17.21	255.69	m	9.731	2.692	G0	0.9
HIP 39653		121.56316	2.01313	255.71	m	11.06	4.018		0.602
HIP 106667		324.07102	16.45638	255.71	m	9.161	2.122	K	1.19
HIP 1515		4.72998	-23.1643	255.74	m	10.21	3.175	G5	1.041
HIP 72547		222.47896	-29.3438	255.74	m	10.42	3.382	F5	0.463
HD 236505	HIP 3374	10.72343	57.69971	255.75	e	9.415	2.376	F0	0.505
HD 138834	HIP 76250	233.63151	3.12468	255.75	e	10.08	3.042	F8/G0 V	0.426
HIP 109448		332.59426	28.14933	255.76	m	9.053	2.014	K0	1.286
HIP 19676		63.22626	-1.90262	255.78	m	10.6	3.565	F8	0.521
HD 126845	HIP 70721	216.94806	10.85099	255.79	m	9.558	2.519	F5	0.379
HD 19679	HIP 14624	47.21917	-36.04331	255.82	m	9.339	2.299	F8 V	0.641
HD 6765	HIP 5329	17.045	-16.55845	255.88	m	10.19	3.153	F3 V	0.463
HD 279010	HIP 17841	57.26179	36.38724	255.9	m	9.659	2.619	A 1 V	0.241
HIP 85893		263.29213	-45.92792	255.9	m	9.971	2.931	G0	0.627
HIP 4180		13.34552	-0.7758	255.93	m	9.515	2.474	K0	1.021
HIP 71634		219.77017	0.82753	255.93	m	10.63	3.589	G0	0.807
HD 107173	HIP 60092	184.84829	9.46469	255.93	m	9.061	2.02	F5	0.517
HD 122366	HIP 68509	210.36605	5.92092	255.94	m	9.398	2.357	F5	0.548
HD 117769	HIP 66120	203.31569	-46.38665	255.99	m	9.265	2.224	K0 IV	1.148
HD 146043	HIP 79171	242.37998	67.36499	256.01	m	9.172	2.131	F8	0.565
HD 94586	HIP 53445	163.99975	46.89926	256.01	m	9.355	2.314	G5	0.5
HIP 86584		265.41618	23.08891	256.03	m	10.79	3.752	G0	0.641
HD 20719	HIP 15533	50.02839	-3.0185	256.04	m	9.417	2.375	F0 IV/V	0.48
HIP 2501		7.92901	61.13054	256.05	m	9.682	2.64	A5	0.433
HIP 44885		137.18065	43.61956	256.06	m	10.96	3.918	F5	0.348
HD 142417	HIP 77714	238.00144	52.56516	256.09	m	9.46	2.418	F2	0.354
HIP 68907		211.61619	38.4212	256.1	m	10.35	3.306		0.553
HD 10999	HIP 8340	26.88996	-22.8232	256.1	m	9.835	2.793	F3 V	0.454
HIP 105632		320.92296	-35.68559	256.1	m	10.44	3.399	F8	0.616
HD 159576	HIP 86236	264.34426	-41.70031	256.13	m	9.388	2.346	F5 V	0.635
HIP 20831		66.96473	10.01434	256.14	m	10.02	2.978		0.606
HD 77142	HIP 44076	134.68555	-50.00138	256.16	m	9.244	2.201	K0 III/IV	1.035
HD 8393	HIP 6387	20.51792	-55.24058	256.21	m	9.545	2.502	F7WF3	0.582
HIP 9878		31.78465	-12.80006	256.22	m	9.59	2.547	F8	0.522
HD 289949	HIP 23809	76.75879	-0.79241	256.22	m	10.35	3.305	F8	0.662
HIP 113075		343.50773	40.59194	256.26	m	9.935	2.892	A5	0.346
HD 236028	HIP 113819	345.73063	52.19824	256.27	m	9.603	2.559	A2	0.347
HD 108182	HIP 60647	186.463	-46.48516	256.28	m	9.085	2.041	F2 V	0.429
HD 98773	HIP 55525	170.58746	38.50942	256.3	m	9.278	2.234	G5	0.567
HIP 64132		197.16292	51.06647	256.32	m	10.25	3.204	sdF6:	0.357
HD 285263	HIP 18425	59.09721	16.25546	256.32	m	9.938	2.894	F2	0.694
HD 133996	HIP 74020	226.89741	-4.56673	256.33	m	9.861	2.817	F3 V	0.59
HIP 15827		50.97511	0.55027	256.34	m	10.48	3.434	F8	0.481
HIP 59571		183.23876	18.97462	256.39	m	9.603	2.559	F2	0.478
HD 78420	HIP 44862	137.1106	13.22045	256.43	m	9.271	2.226	M8	1.258
HIP 66134		203.35969	12.62611	256.43	m	10.06	3.016	G0	0.562
HIP 50753		155.45322	33.84312	256.44	m	9.409	2.364	F8	0.454
HD 213400	HIP 111246	338.07748	-55.93546	256.48	m	9.326	2.281	F5 IV	0.528
HIP 32853		102.71737	-32.97159	256.5	m	9.028	1.983	F5	0.482
HIP 45229		138.26087	38.05286	256.52	m	10.15	3.1	F8	0.63
HIP 56529		173.86438	42.89572	256.52	m	10.07	3.024	F5	0.421
HIP 86430		264.90338	32.94633	256.54	m	10.09	3.045	F 0 V	0.38
HIP 83734		256.70026	-24.12155	256.56	m	10.43	3.381	G	0.352
HD 32639	HIP 23760	76.60073	37.20371	256.58	m	9.016	1.97	G5	1.258
HD 92377	HIP 52125	159.74728	-51.27711	256.59	m	9.562	2.516	F6 V	0.653
HIP 117102		356.09467	4.35471	256.6	m	10.96	3.913		0.399
HIP 8101		26.01309	21.27282	256.6	m	9.86	2.814	G0	0.642
HD 330798	HIP 80728	247.22348	-48.02323	256.62	m	10.44	3.393	G0	0.671
HD 8342	HIP 6345	20.37701	-56.1352	256.62	m	10.19	3.144	F3/5 IV/V	0.418
HIP 12672		40.70239	-50.51176	256.66	m	9.841	2.794		1.069
HD 220643	HIP 115624	351.35121	-0.21524	256.72	m	9.417	2.37	A5 IV/V	0.334
HD 11009	HIP 8348	26.91454	-22.39277	256.72	m	9.797	2.75	F3 V	0.54
HIP 63582		195.44002	22.8129	256.73	m	10.37	3.324	F5	0.487
HD 279021	HIP 17911	57.45382	35.60018	256.75	m	9.566	2.518	A P (SI,SR)	0.44
HIP 9485		30.50707	9.10004	256.77	m	10.5	3.45	G0	0.645
HIP 78484		240.32818	-12.14507	256.79	m	10.33	3.281	F5	0.554
HIP 21027		67.63032	8.32179	256.82	m	9.152	2.104	F0	0.385
HIP 62710		192.77031	37.38711	256.83	m	9.323	2.275	F0V	0.413
HD 75511	HIP 43356	132.47379	-19.21573	256.84	m	9.133	2.085	F6 V	0.589
HIP 70929		217.58229	-1.99107	256.88	m	9.324	2.275	F0	0.409
HIP 68544		210.48333	-52.30149	256.88	m	10.45	3.399	G0	0.498
HD 113976	HIP 64073	196.9679	-42.78223	256.89	m	9.664	2.615	F5 V	0.488
HIP 12370		39.80561	65.48016	256.94	m	9.009	1.96	F8	0.699
HD 343945	HIP 94197	287.65651	22.49784	256.95	m	12.04	4.996	G5	0.656
HD 117729	HIP 65985	202.93549	29.79873	256.98	m	9.534	2.485	K0	0.346
HD 178890	HIP 94118	287.39139	20.25713	256.99	m	9.299	2.249	G5	0.507
HD 132297	HIP 73243	224.53934	5.8787	257.05	m	9.921	2.871	F0	0.482
HIP 14201		45.78487	19.80141	257.05	m	9.063	2.013	F2	0.428
HIP 14208		45.80086	74.59351	257.07	e	10.06	3.006	F8	0.53
HD 209526	HIP 109006	331.26088	-40.88361	257.08	m	9.619	2.569	K1 III	1.203
HIP 17065		54.86834	12.81519	257.08	m	9.692	2.642	F0	0.546
HIP 47689		145.85316	-35.26782	257.09	m	9.761	2.711	F2	0.481
HIP 77802		238.30116	-24.90713	257.1	m	9.95	2.899	G0	0.616
HIP 85862		263.18608	38.35773	257.14	m	10.19	3.137	F8	0.678
HD 161681	HIP 87096	266.93588	-18.93066	257.14	m	9.405	2.354	G8/K0 IV	1.653
HD 134790	HIP 74233	227.55102	44.86961	257.17	m	9.133	2.082	F8	0.499
HIP 718		2.22048	-42.91825	257.17	m	10.54	3.493	F5	0.534
HD 126600	HIP 70600	216.61043	3.07936	257.2	m	9.782	2.731	F0 V	0.369
HD 221928	HIP 116504	354.12175	-40.73909	257.33	m	9.965	2.913	F3 V	0.437
HIP 72384		222.004	11.44237	257.34	m	10.27	3.216	F8	0.655
HD 135184	HIP 74560	228.51781	-8.76678	257.35	m	9.435	2.382	F0 V	0.38
HIP 73591		225.63357	21.07941	257.37	m	10.57	3.522	G0	0.674
HIP 62824		193.10872	-51.51632	257.4	m	10.19	3.137	F0	0.435
HD 58597	HIP 36221	111.88649	29.31344	257.41	m	9.02	1.967	F8	0.505
HIP 39022		119.77361	24.31444	257.43	m	9.48	2.427	K0	1.198
HD 21602	HIP 16229	52.26975	-5.66525	257.45	m	9.713	2.66	G2/3 V	0.691
HD 109039	HIP 61160	187.98827	-35.65033	257.46	m	9.417	2.363	A5 IV	0.21
HD 111222	HIP 62361	191.69936	62.48284	257.48	m	9.135	2.081	B8	0.341
HD 345112	HIP 97716	297.8781	22.98555	257.49	m	11.05	4	F9V	0.983
HIP 70921		217.54467	32.40717	257.53	m	10.18	3.123	F8	0.498
HIP 90829		277.93554	71.33936	257.54	m	9.828	2.774	F8	0.483
HD 217746	HIP 113848	345.83005	-42.03344	257.54	m	10.45	3.392	F5/6 V	0.421
HIP 87359		267.75815	-49.33054	257.54	m	10.48	3.431	F2	0.482
HD 29855	HIP 21660	69.76055	-56.16617	257.59	m	9.395	2.34	F5/6 IV/V	0.58
HIP 7044		22.70518	51.54358	257.61	m	9.07	2.015	K0	1.104
HIP 26142		83.6073	43.41598	257.64	m	9.024	1.969	G0	0.819
HD 123346	HIP 69059	212.03508	-42.99294	257.65	m	9.735	2.68	F5 V	0.537
HD 215570	HIP 112455	341.69083	-39.32351	257.71	m	10.27	3.211	F3 V	0.5
HIP 106835		324.57411	23.5985	257.73	e	9.336	2.28	F8	0.349
HD 120951	HIP 67706	208.04148	23.32315	257.74	m	9.248	2.192	F8	0.651
HIP 75827		232.34995	11.38876	257.74	m	10.09	3.034	F5	0.522
HD 27338	HIP 20141	64.76965	2.67105	257.75	m	9.484	2.428	F0 IV	0.476
HD 20940	HIP 15728	50.65798	-0.52845	257.8	m	9.75	2.694	F6/7 V	0.619
HD 28856	HIP 21168	68.07397	-13.58651	257.84	m	9.295	2.238	A1 V	0.209
HD 7246	HIP 5619	18.03691	-41.52257	257.87	m	10	2.944	F7 V	0.646
HD 13851	HIP 10368	33.40171	-48.41686	257.9	m	9.856	2.799	F6 V	0.499
HD 202650	HIP 105206	319.66577	-44.32414	257.9	m	9.507	2.45	A1 V	0.203
HD 348635	HIP 90312	276.41136	18.2945	257.91	m	9.784	2.727	G2IV+SGK0	0.934
HD 222204	HIP 116704	354.75473	-67.91174	257.91	m	9.696	2.639	F0 IV	0.43
HIP 116921		355.49068	34.52964	257.92	m	9.14	2.083	K2	1.497
HD 105909	HIP 59424	182.84388	43.32621	257.93	m	10.21	3.155	F8	0.434
HD 234129	HIP 70101	215.16999	49.83838	257.96	m	9.13	2.072	A7	0.38
HD 7531	HIP 5838	18.71462	-38.84173	258.02	m	9.382	2.324	K1 III	1.203
HD 75058	HIP 43066	131.59163	-38.30543	258.1	m	9.045	1.986	K0 III	1.231
HD 288112	HIP 26467	84.45094	2.74638	258.12	m	9.198	2.139	F0	0.319
HD 176597	HIP 93988	287.04935	-73.31072	258.21	m	9.229	2.169	A3 V	0.208
HIP 53973		165.62625	46.21424	258.22	m	9.523	2.463	F5	0.379
HD 219558	HIP 115005	349.3855	-63.53421	258.26	m	9.098	2.038	F3 IV	0.473
HD 141326	HIP 77513	237.40076	-30.24695	258.26	m	9.331	2.271	F3 V	0.437
HIP 111940		340.11547	48.54749	258.28	m	9.292	2.232	A2	0.289
HIP 37744		116.12342	35.17381	258.28	m	10.35	3.292	F8	0.415
HD 42363	HIP 28912	91.54754	-61.43857	258.29	m	9.802	2.741	G8 (IV/V)	1.151
HIP 69986		214.81152	14.0478	258.29	m	9.89	2.829	F0	0.439
HIP 72810		223.22612	-29.39563	258.29	m	10.73	3.665	G0	0.608
HD 158350	HIP 85514	262.13437	7.26907	258.36	m	9.004	1.943	A0	0.19
HD 234006	HIP 63710	195.8473	50.31202	258.38	m	9.765	2.704	F8	0.391
HD 24034	HIP 17724	56.92948	-47.01412	258.43	m	9.62	2.558	F7 V	0.62
HIP 91672		280.41867	10.61672	258.44	m	9.5	2.438	F2	0.549
HIP 68053		209.01784	29.14934	258.44	m	9.929	2.867	F0	0.37
HD 29374	HIP 21690	69.84918	40.51967	258.44	m	9.196	2.134	A3	0.253
HIP 22426		72.38719	7.63735	258.46	m	10.09	3.031	G0	0.687
HD 67887	HIP 39902	122.24704	-29.24176	258.47	m	9.447	2.385	F3 V	0.542
HD 122660	HIP 68699	210.93689	-24.14779	258.5	m	9.614	2.552	F3 V	0.398
HIP 20166		64.82903	-3.29698	258.5	m	9.792	2.73	A0	0.249
HIP 42367		129.58186	43.38437	258.53	m	9.952	2.889	F8	0.612
HIP 95003		289.97896	-29.84578	258.54	m	10.21	3.149	F0	0.175
HD 131696	HIP 73032	223.88696	-15.34029	258.56	m	9.009	1.946	A2 IV	0.16
HIP 1523		4.74335	-26.2937	258.56	m	10.34	3.276	F8	0.363
HD 210812	HIP 109658	333.21773	11.39135	258.6	m	9.309	2.246	A0	0.211
HD 224241	HIP 118017	359.08587	-46.56982	258.6	m	9.242	2.179	A9/F0 V	0.386
HIP 6340		20.36608	30.63404	258.65	m	9.846	2.782	G5	1.022
HD 149791	HIP 81466	249.58638	-32.33389	258.65	m	9.079	2.015	F3 V	0.593
HD 219370	HIP 114876	349.02873	-62.8239	258.67	m	9.392	2.328	F0 IV/V	0.412
HD 9073	HIP 6926	22.30385	-11.61711	258.69	m	9.626	2.562	F3 IV	0.539
HD 187200	HIP 97666	297.73065	-46.69273	258.72	m	10.52	3.46	F3 V	0.575
HD 115643	HIP 64975	199.75243	-35.27987	258.74	m	10.03	2.965	F0 V	0.454
HD 348731	HIP 90420	276.7374	17.73402	258.74	m	9.028	1.964	K2	1.505
HIP 54699		167.97546	40.75241	258.75	m	9.33	2.266	F0	0.549
HD 155924	HIP 84289	258.47363	15.95089	258.78	m	9.147	2.082	A2	0.234
HD 45845	HIP 30554	96.35154	-63.31409	258.81	m	9.245	2.18	K0 III	1.065
HD 188492	HIP 98215	299.37734	-46.55695	258.81	m	9.708	2.643	F3 V	0.475
HD 42733	HIP 28461	90.14161	-79.22074	258.83	m	9.142	2.077	K3 III	1.537
HD 109946	HIP 61717	189.75643	-43.42368	258.83	m	9.415	2.35	A0MA7-F3	0.396
HIP 63735		195.91771	23.64312	258.83	m	10.31	3.246	F8	0.702
HD 1518	HIP 1584	4.9581	69.88702	258.84	m	9.138	2.073	A5	0.297
HIP 66658		204.97279	62.0153	258.85	m	9.051	1.986	F0	0.37
HD 142989	HIP 78233	239.6221	-21.4011	258.85	m	9.15	2.085	F2/3 IV/V	0.487
HIP 43828		133.89852	39.43501	258.85	m	10.93	3.867	G0	0.813
HD 85671	HIP 48149	147.22816	-74.83682	258.86	m	10.37	3.306	F7/G0 IV/V	0.696
HD 282422	HIP 22117	71.3967	30.95802	258.89	m	10.77	3.704	F5	0.744
HD 17452	HIP 12854	41.31633	-61.08966	258.9	m	9.508	2.442	F2 V	0.461
HD 220342	HIP 115456	350.81877	-31.12763	258.91	m	9.959	2.893	G1 V	0.727
HIP 85593		262.36244	32.71306	258.91	m	10.64	3.575		0.655
HD 113702	HIP 63930	196.53657	-44.42052	258.95	m	9.408	2.342	A2 IV	0.156
HD 214356	HIP 111788	339.63904	-49.29443	258.95	m	9.545	2.479	F3 V	0.43
HD 109555	HIP 61456	188.91173	-8.63122	258.97	m	9.091	2.025	K0/1 III	1.279
HD 72896	HIP 42027	128.50322	-35.34258	258.97	m	9.153	2.087	A9 V	0.38
HIP 44964		137.40163	19.90365	258.97	m	9.599	2.533	A7	0.363
HD 65302	HIP 39154	120.12128	50.66596	259.01	m	9.113	2.046	F8	0.492
HIP 13669		44.00922	12.38714	259.02	m	10.59	3.526	G5	0.99
HIP 117803		358.36265	52.44888	259.02	m	9.958	2.891	G5	0.685
HD 157046	HIP 84715	259.74448	44.13185	259.05	m	9.048	1.981	A2	0.436
HD 122350	HIP 68550	210.49382	-28.25809	259.06	m	9.634	2.567	G8/K0 V	1.07
HD 155925	HIP 84312	258.55907	6.3663	259.07	e	9.619	2.552	A2	0.319
HIP 57248		176.08214	36.20699	259.08	m	10.72	3.654	G0	0.673
HIP 47718		145.92724	50.01771	259.12	m	10.54	3.468	F8	0.536
HIP 59509		183.07333	37.47499	259.12	m	10.62	3.556	F8	0.505
HD 114240	HIP 64652	198.79149	-83.84351	259.15	m	9.846	2.778	F7/8 IV/V	0.653
HD 235994	HIP 113166	343.74803	51.52553	259.17	m	9.348	2.28	F2	0.591
HD 80746	HIP 45889	140.35104	-4.24697	259.19	m	9.705	2.637	F6 V	0.476
HD 8788	HIP 6622	21.2492	-63.96117	259.19	m	9.498	2.43	F0 IV	0.384
HIP 45381		138.72302	-8.75082	259.22	m	10.6	3.527		0.474
HIP 7445		23.96982	-23.2727	259.23	m	10.66	3.59	G0	0.557
HD 103626	HIP 58195	179.02633	45.54579	259.23	m	9.796	2.728	F8	0.546
HD 140352	HIP 77148	236.27275	-48.16077	259.24	m	9.103	2.035	F3 V	0.529
HD 125907	HIP 70288	215.70859	-18.05805	259.26	m	9.334	2.265	F6/7 V	0.507
HIP 58262		179.22922	24.20266	259.27	m	10.39	3.319	F2	0.369
HD 14366	HIP 10699	34.43132	-50.24508	259.32	m	9.325	2.256	G3 V	0.851
HD 156666	HIP 84571	259.32746	36.36091	259.4	m	9.025	1.955	A2	0.321
HD 4015	HIP 3364	10.70397	8.71481	259.41	m	9.695	2.625	F5	0.589
HD 234024	HIP 64686	198.86585	53.53658	259.42	m	9.271	2.201	A5	0.363
HD 51093	HIP 33161	103.54939	-39.59459	259.43	m	9.104	2.034	A1 V	0.14
HD 201264	HIP 104473	317.45127	-44.4613	259.43	m	10.17	3.099	F0 V	0.436
HIP 78992		241.85602	48.69882	259.47	m	10.88	3.809		0.585
HIP 71361		218.90256	75.87463	259.52	m	10.17	3.099	F0	0.395
HD 104727	HIP 58800	180.90645	-0.86297	259.56	m	9.724	2.653	F5 V	0.562
HIP 108074		328.4545	-12.90459	259.58	m	10.19	3.118	G0	0.534
HD 84989	HIP 48096	147.09553	-22.82796	259.62	m	9.254	2.182	A5/7 (IV)	0.283
HIP 262		0.82595	32.84585	259.62	m	9.122	2.05	F 0 V	0.439
HD 118838	HIP 66456	204.35489	65.64737	259.63	m	9.031	1.959	A2	0.25
HIP 83084		254.65982	62.51774	259.65	m	9.365	2.293	F5	0.412
HD 351362	HIP 98934	301.32592	17.92185	259.68	m	9.918	2.846	F8	0.579
HD 1099	HIP 1239	3.86071	24.06971	259.7	m	9.537	2.465	G5	0.46
HD 5687	HIP 4460	14.29841	-67.49627	259.7	m	10.11	3.038	F5/7 IV	0.467
HD 7425	HIP 5731	18.42232	-42.22325	259.71	m	9.116	2.044	K0 III	1.047
HIP 71119		218.1502	30.46175	259.71	m	9.932	2.86	F 3 IV	0.44
HD 85836	HIP 48487	148.32269	-48.26902	259.72	m	9.658	2.585	F2 V	0.414
HD 112708	HIP 63349	194.71247	-11.50458	259.75	m	10.08	3.005	G6/8 (IV)	1.033
HD 34960	HIP 25016	80.34438	1.5392	259.76	m	9.163	2.09	F3 V	0.393
HIP 29021		91.85557	2.13944	259.78	m	10.81	3.733		
HD 200130	HIP 103885	315.74366	-41.11845	259.8	m	9.772	2.699	F6 V	0.474
HIP 66117		203.30489	32.54623	259.84	m	10.62	3.543	F8	0.466
HIP 48860		149.48458	42.85818	259.89	m	10.72	3.643	F8	0.732
HIP 45244		138.33566	42.32673	259.9	m	10.5	3.428		0.601
HD 238877	HIP 90495	276.9912	55.7883	259.93	m	9.177	2.103	F0	0.359
HIP 75315		230.80869	10.43282	259.95	m	10.16	3.089	F8	0.645
HD 139479	HIP 76402	234.06106	49.24905	259.98	m	9.25	2.175	K2	1.16
HIP 15532		50.0281	12.71856	259.98	m	10.62	3.541	F8	0.847
HD 164297	HIP 88314	270.5415	-38.47956	260	m	9.074	1.999	F2 V	0.421
HD 22075	HIP 16578	53.35277	-1.50709	260.04	m	10.15	3.071	K0/1 (III)	0.567
HD 328333	HIP 80921	247.86865	-44.92886	260.05	m	10.32	3.241	F8	0.588
HD 172418	HIP 91757	280.66118	-49.93917	260.05	m	9.572	2.497	F3 V	0.409
HD 15700	HIP 11639	37.54	-43.24493	260.06	m	9.213	2.138	F3 IV/V	0.41
HD 107840	HIP 60487	186.01127	-73.12691	260.09	m	9.298	2.222	K0 III	1.65
HD 222147	HIP 116638	354.54399	-3.75922	260.14	m	9.298	2.222	F3 V	0.489
HIP 21116		67.88859	77.78689	260.16	m	9.287	2.211	F2	0.341
HD 11047	HIP 8468	27.29507	34.05995	260.16	m	9.591	2.515	F8	0.513
HD 224452	HIP 118155	359.51021	-28.00021	260.17	m	9.087	2.011	F5 V	0.483
HD 67766	HIP 40048	122.71167	34.70998	260.17	m	9.05	1.974	F0	0.337
HD 23921	HIP 17654	56.71845	-45.83566	260.17	m	9.213	2.137	F3 V	0.445
HIP 75455		231.22833	0.67068	260.2	m	10.26	3.181	F8	0.776
HD 193886	HIP 100772	306.47971	-60.77021	260.2	m	9.414	2.337	A9 V	0.305
HD 71908	HIP 41699	127.52362	5.21788	260.24	m	9.052	1.975	A5	0.261
HIP 8319		26.81885	6.97779	260.24	m	9.898	2.821	F8	0.702
HD 116608	HIP 65380	200.98758	43.59873	260.27	m	9.436	2.359	A 1 V	0.181
HD 193156	HIP 100317	305.17659	-47.01974	260.27	m	9.782	2.705	F2 V	0.397
HD 202742	HIP 105239	319.75423	-36.23086	260.31	m	9.559	2.482	F2 V	0.467
HIP 112334		341.29926	38.55987	260.31	m	12.06	4.985	A 2 V	1.022
HD 203496	HIP 105647	320.98286	-44.27955	260.32	m	10.1	3.017	F3/5 V	0.484
HIP 73339		224.80458	-26.13523	260.35	m	10.46	3.381	F8	0.556
HD 24079	HIP 17913	57.46164	-7.52317	260.35	m	9.073	1.995	G2 V	0.713
HD 41271	HIP 28801	91.20646	16.33855	260.39	m	9.041	1.963	A0	0.043
HIP 79425		243.14537	79.35627	260.4	m	9.704	2.626	F2	0.483
HIP 57222		176.00224	-43.53373	260.4	m	10.21	3.131	K0	0.5
HD 24732	HIP 18247	58.53325	-41.87261	260.42	e	9.492	2.414	F6/8 V	0.549
HD 204107	HIP 105940	321.83406	-32.29698	260.42	e	9.083	2.005	F0 V	0.279
HIP 17215		55.31038	10.65727	260.42	m	10.37	3.295	F0	0.465
HIP 110312		335.15667	-30.7742	260.58	m	10.31	3.226	G0	0.573
HIP 44898		137.2139	34.83521	260.6	m	9.47	2.39	F8	0.568
HD 29889	HIP 21784	70.2021	-39.8439	260.61	m	9.013	1.933	A2/3	0.228
HD 218008	HIP 114038	346.41199	-62.37679	260.63	m	9.33	2.25	F0 IV	0.475
HIP 63536		195.30236	35.86551	260.64	m	10.31	3.226	F2	0.415
HIP 102262		310.81154	0.76189	260.64	m	10.23	3.148	F8	0.467
HIP 81978		251.19626	17.64986	260.69	m	10.3	3.217	F8	0.742
HIP 109335		332.25005	67.72312	260.7	m	9.916	2.835	A0	0.415
HD 115003	HIP 64528	198.389	47.79774	260.71	m	9.389	2.308	A 8 V	0.198
HIP 82261		252.12028	16.98762	260.72	m	9.232	2.151	A5	0.356
HIP 61361		188.6047	15.28031	260.73	m	12.04	4.961	sdA6:	0.352
HD 5421	HIP 4359	13.9688	-17.52582	260.73	m	10.44	3.359	G0/2 V	0.596
HIP 92273		282.08545	1.53247	260.76	m	10.38	3.295	F8	0.588
HD 162480	HIP 87554	268.30163	-42.24518	260.78	m	9.207	2.126	F0/2 IV	0.424
HD 44187	HIP 29092	92.05369	-79.72581	260.8	m	9.029	1.947	A0/1 V	0.149
HIP 93897		286.7974	-47.51334	260.82	m	9.713	2.631	F0	0.377
HIP 74427		228.16874	8.9347	260.82	m	10.98	3.902	G0	0.42
HIP 105618		320.8768	73.95418	260.85	m	9.444	2.362	F5	0.584
HIP 6350		20.3873	-29.13129	260.86	m	10.46	3.379	F8	0.662
HD 184839	HIP 96554	294.44226	-34.19964	260.88	m	9.427	2.345	F7 V	0.701
HD 248530	HIP 27742	88.09297	25.79565	260.91	m	10.02	2.935	F5	0.448
HIP 56203		172.82924	20.45385	260.92	m	10.61	3.528	F8	0.636
HIP 10551		33.9728	-2.5116	260.93	m	9.901	2.818	F6	0.512
HD 635	HIP 853	2.61462	-73.64944	260.93	m	9.977	2.894	F2 V	0.475
HD 223172	HIP 117327	356.84968	-49.60675	260.99	m	9.839	2.756	F0 V	0.369
HIP 67872		208.52403	63.87492	260.99	m	10.26	3.18	G5	0.856
HD 183831	HIP 95933	292.64524	22.98735	261.01	m	9.423	2.34	A5	0.315
HIP 49640		151.97856	35.57718	261.08	m	11.1	4.014	G5	0.776
HIP 64024		196.79991	70.10666	261.12	m	9.227	2.143	F2	0.526
HD 115118	HIP 66780	205.30199	-88.48368	261.14	m	9.103	2.019	A0 III/IV	0.119
HIP 95538		291.49404	64.0736	261.14	m	9.892	2.808	G5	0.879
HIP 93353		285.21915	16.93586	261.17	m	11.54	4.456		0.804
HIP 79176		242.39495	88.51175	261.2	m	9.3	2.215	F5	0.515
HD 225006	HIP 193	0.62172	-39.2126	261.23	m	9.539	2.454	G8/K0 III	1.115
HIP 87081		266.91034	2.37578	261.26	m	9.042	1.957	K2	1.898
HIP 5851		18.76177	67.2367	261.27	m	10.21	3.123	F0	0.46
HD 243781	HIP 25510	81.8232	19.99598	261.28	m	9.473	2.388	F0	0.486
HD 234469	HIP 86354	264.68825	54.10218	261.29	m	10.02	2.929	F8	0.635
HIP 53044		162.79751	-37.47348	261.3	m	10.27	3.188	G5	1.028
HIP 87357		267.74967	27.75723	261.32	m	9.643	2.557	F8	0.506
HD 83524	HIP 46373	141.84306	-83.52003	261.33	m	9.073	1.987	F2 IV	0.492
HD 84965	HIP 48221	147.47272	41.54573	261.34	m	9.586	2.5	A0	1.114
HIP 75406		231.1142	-46.74428	261.36	m	10.48	3.396	G0	0.54
HIP 45195		138.15376	36.60039	261.37	m	10.37	3.281	F5	0.425
HD 213455	HIP 111224	338.01362	-36.52065	261.38	m	9.776	2.69	G5 V	0.74
HD 258087	HIP 30969	97.50855	32.30879	261.4	m	9.825	2.738	F8	0.574
HD 38043	HIP 26489	84.50906	-64.90935	261.43	m	9.497	2.41	A/FW PEC	0.229
HIP 84783		259.94851	24.81123	261.43	m	9.151	2.064	F8	0.447
HD 238371	HIP 71283	218.66868	57.9394	261.44	m	9.344	2.257	F8	0.531
HIP 70061		215.06387	31.71058	261.44	m	9.375	2.288	K 3 III	1.262
HIP 25771		82.54839	38.31127	261.45	m	9.7	2.613	A0	0.244
HD 144236	HIP 78584	240.68818	47.90168	261.48	m	9.373	2.286	F8	0.276
HIP 80155		245.41539	39.60472	261.49	m	10.76	3.677	F2	0.384
HD 92994	HIP 52528	161.10184	8.90318	261.54	m	9.356	2.268	K2	1.307
HD 213541	HIP 111299	338.20106	-34.98745	261.55	m	10.17	3.083	F8	0.501
HIP 54165		166.20066	35.6074	261.57	m	10.45	3.365	F8	0.583
HIP 76893		235.50618	53.72865	261.58	m	10.49	3.4	K0	0.83
HIP 59183		182.05744	52.32348	261.6	m	10.33	3.241	K2	0.955
HD 122050	HIP 68827	211.38415	-80.07969	261.61	m	9.486	2.398	F0 IV/V	0.58
HD 138411	HIP 76085	233.0847	-14.57315	261.61	m	9.844	2.756	F5 V	0.583
HIP 31050		97.72254	36.53079	261.69	m	9.872	2.783	F5	0.573
HIP 63264		194.45807	24.51369	261.71	m	10.97	3.882	G0	0.5
HD 125085	HIP 69897	214.57653	-43.24254	261.73	m	9.302	2.213	F5 V	0.494
HD 67997	HIP 39983	122.48507	-18.31483	261.77	m	9.106	2.016	A8 V	0.285
HIP 41830		127.91869	39.35843	261.78	e	11	3.91	G8	0.656
HIP 86277		264.43652	30.27768	261.78	e	9.932	2.842	F2	0.542
HD 163950	HIP 88032	269.72129	-3.51482	261.78	e	9.26	2.17	A8 V	0.373
HD 112151	HIP 62960	193.52986	36.98723	261.79	m	9.164	2.074	G5	0.502
HIP 70658		216.77963	24.95946	261.8	m	11.36	4.268	G	0.982
HIP 56582		174.00872	45.61293	261.81	m	10.1	3.008	F8	0.632
HIP 62398		191.81804	33.94393	261.81	m	10.53	3.436	F8	0.517
HIP 117464		357.25846	-30.57	261.85	m	10.23	3.145	G0	0.684
HD 86079	HIP 48759	149.18666	25.05391	261.86	m	9.332	2.242	G0	0.55
HD 206344	HIP 107208	325.7111	-48.43291	261.87	m	9.231	2.141	G0/2 V	0.615
HIP 26472		84.46023	2.73932	261.87	m	10.16	3.073	F5	0.479
HD 139804	HIP 76774	235.13328	-10.88405	261.97	m	9.168	2.077	A3 IV	0.314
HD 41067	HIP 28571	90.44655	-25.83834	261.98	m	9.235	2.144	K0 III	1.013
HD 169912	HIP 90392	276.65812	6.54131	262	m	9.035	1.943	A2	0.268
HD 212085	HIP 110460	335.6178	-39.72987	262.01	m	10.42	3.325	F3 V	0.555
HD 191270	HIP 99363	302.52202	-27.69663	262.02	m	9.013	1.921	A5/7 II	0.34
HD 158314	HIP 86074	263.86807	-72.34261	262.03	m	9.13	2.038	K0 IV	1.078
HD 19604	HIP 14525	46.89398	-45.99169	262.06	m	9.823	2.731	F6 V	0.571
HD 85659	HIP 48544	148.51048	29.21279	262.07	m	9.15	2.058	F5	0.342
HIP 7405		23.85958	16.3374	262.08	m	9.476	2.384	F2	0.451
HD 83236	HIP 46556	142.40709	-79.67204	262.09	m	10.38	3.292	F3/5 IV/V	0.571
HD 225051	HIP 231	0.72376	-58.78139	262.14	m	9.638	2.545	F6/7 IV	0.57
HD 17276	HIP 12846	41.28662	-40.66466	262.16	m	9.45	2.357	G8 IV	0.982
HIP 49056		150.15188	35.81131	262.17	m	10.13	3.041	G5	0.946
HIP 8401		27.10129	-5.35405	262.17	m	10.13	3.037	F8	0.472
HIP 9023		29.04138	34.99906	262.18	m	9.27	2.177	F2	0.519
HIP 114495		347.83754	35.06487	262.27	m	9.363	2.269	F2	0.473
HD 191695	HIP 99535	303.01043	-21.30079	262.29	m	9.906	2.812	AP SREU(CR)	0.404
HIP 70085		215.13058	20.17935	262.3	m	10.9	3.803	G0	0.455
HD 102970	HIP 57823	177.86878	54.53918	262.31	m	9.117	2.023	G5	0.813
HD 14235	HIP 10706	34.45227	-16.86187	262.34	m	9.623	2.529	A8/9 V	0.388
HD 33032	HIP 23285	75.1407	-72.45602	262.37	m	9.038	1.943	F5 IV/V	0.531
HIP 114741		348.65094	-33.52767	262.42	m	10.66	3.561	F8	0.494
HD 51264	HIP 33155	103.53937	-48.21857	262.43	m	9.798	2.703	G8 (IV)	1.087
HD 131928	HIP 72826	223.28582	65.56823	262.47	e	9.142	2.047	G5	0.662
HIP 50603		155.05698	49.26495	262.53	m	9.742	2.646	F8	0.562
HIP 48229		147.49635	44.79714	262.54	m	9.992	2.896	F5	0.399
HD 202717	HIP 105281	319.86859	-49.19766	262.54	m	9.762	2.666	F5/6 V	0.487
HD 22535	HIP 17179	55.19096	60.1182	262.55	m	9.246	2.15	K2	1.285
HD 138579	HIP 76260	233.65665	-42.79204	262.6	m	9.946	2.85	G8/K0 V	1.307
HD 219778	HIP 115180	349.94116	-72.39474	262.64	m	9.378	2.281	F7 V	0.57
HIP 30960		97.48214	49.7637	262.69	m	9.393	2.296	K	1.352
HD 24989	HIP 18429	59.11537	-42.62585	262.69	m	10.17	3.069	G2/3 V	0.732
HIP 58941		181.28239	41.56751	262.72	m	10.36	3.261	F8	0.405
HIP 72265		221.67603	-2.93577	262.79	m	9.432	2.334	K 0 III	1.138
HIP 69016		211.92798	4.03066	262.8	m	11.02	3.92	G0	0.549
HD 91409	HIP 51710	158.48274	34.79119	262.84	m	9.964	2.866	F5	0.384
HIP 94364		288.09862	-4.45804	262.86	m	11.91	4.809		
HIP 84468		259.03168	23.26029	262.87	m	9.52	2.421	K0	0.82
HD 19183	HIP 14220	45.84491	-48.69935	262.92	m	9.282	2.183	G6 III/IV	0.931
HIP 62075		190.83507	24.75568	262.93	m	10.54	3.441	F8	0.498
HD 154894	HIP 83836	257.00557	2.85956	262.94	m	9.078	1.979	K1 (III)	1.56
HD 124604	HIP 69435	213.24354	55.55626	262.96	m	9.688	2.589	F8	0.358
HD 16305	HIP 12171	39.2122	-3.56994	262.98	m	9.14	2.04	A3mA7-F0	0.26
HD 16930	HIP 12558	40.3792	-41.67924	262.98	m	9.404	2.304	F3 V	0.483
HD 172792	HIP 91748	280.64098	-11.9014	262.99	m	9.85	2.75	A0 V	0.474
HIP 80747		247.29407	30.08617	263	m	11.25	4.154	F8	0.618
HD 147353	HIP 80138	245.3516	5.08401	263.11	m	9.865	2.764	K0	1.034
HD 167272	HIP 89697	274.5854	-59.88893	263.15	m	9.558	2.457	F2 V	0.513
HD 147179	HIP 80087	245.19309	-12.69796	263.15	m	9.349	2.248	A4 V	0.381
HD 130105	HIP 72050	221.06598	54.32548	263.16	m	9.142	2.041	G5	0.971
HD 132111	HIP 73134	224.19824	19.70047	263.19	m	9.664	2.563	A7	0.426
HD 144648	HIP 79148	242.31615	-50.70143	263.19	m	9.247	2.146	K1 III	1.595
HD 86077	HIP 48308	147.72712	-77.32377	263.21	m	9.056	1.954	K0 III	1.652
HIP 9676		31.11718	14.92775	263.23	m	10.48	3.383	F5	0.449
HD 109523	HIP 61439	188.83957	-10.61298	263.26	m	9.766	2.664	F6 V	0.556
HD 80254	HIP 45446	138.92116	-63.97482	263.29	m	9.04	1.938	G6 V	1.109
HD 16308	HIP 12071	38.91094	-45.0701	263.29	m	9.327	2.225	F7 V	0.696
HIP 16659		53.58419	23.15011	263.31	m	9.794	2.692	K0	1.358
HD 104113	HIP 58478	179.88879	18.14428	263.32	m	9.919	2.817	G	0.501
HD 70117	HIP 40768	124.81556	-27.84929	263.37	m	9.701	2.598	G8 IV/V	1.016
HD 148333	HIP 80599	246.84991	-3.54157	263.38	m	9.287	2.184	K2 (III)	1.555
HD 198827	HIP 103215	313.67157	-45.73071	263.42	m	9.617	2.514	F5/6 V	0.504
HIP 9366		30.08341	76.60764	263.44	m	9.198	2.095	A5	0.845
HD 206883	HIP 107467	326.50864	-36.76269	263.45	m	9.965	2.861	F3/5 V	0.477
HIP 64869		199.44517	32.60462	263.46	m	10.28	3.171	F8	0.638
HIP 58479		179.89042	18.1353	263.49	m	9.302	2.198	G	0.557
HIP 88490		271.03586	71.13084	263.51	m	9.378	2.274	F2	0.372
HIP 62856		193.25602	69.57885	263.52	m	9.703	2.599	F2	0.467
HIP 85817		263.03027	65.44212	263.53	m	10.2	3.098	G5	0.784
HIP 9772		31.41582	36.9573	263.53	m	9.821	2.717	F0	0.405
HD 112312	HIP 63051	193.7881	49.43949	263.53	m	9.373	2.269	F8	0.488
HD 28135	HIP 20817	66.90846	32.84827	263.54	m	9.295	2.191	A0	0.301
HD 219807	HIP 115136	349.82463	-49.98158	263.55	m	9.469	2.365	F0 V	0.303
HD 247206	HIP 27234	86.57084	32.87337	263.61	m	10.51	3.407	G0	0.499
HIP 32092		100.56925	42.84859	263.61	m	10.04	2.938	F8	0.548
HIP 80899		247.81472	1.46908	263.62	m	10.09	2.986	F8	0.544
HD 144416	HIP 79006	241.9016	-42.4761	263.63	m	9.171	2.066	B9.5 V	0.181
HD 108860	HIP 60963	187.45764	69.7053	263.72	m	9.061	1.955	G0	0.618
HD 114825	HIP 64505	198.31666	-7.93335	263.73	m	9.142	2.036	F3 V	0.563
HD 223041	HIP 117240	356.58995	-53.27524	263.75	m	10.55	3.447	F5/7 IV/V	0.474
HD 9283	HIP 7024	22.62854	-42.7069	263.77	m	10.12	3.011	F3/5 V	0.457
HD 21973	HIP 16657	53.58054	45.3241	263.79	m	9.109	2.003	A0	0.168
HD 113370	HIP 63727	195.89489	-33.69165	263.8	m	9.51	2.404	G3 V	0.805
HIP 75909		232.57808	10.36621	263.85	m	10.97	3.861	F8	0.645
HD 9406	HIP 6879	22.14885	-77.29672	263.88	m	9.787	2.68	F3 IV/V	0.498
HD 220597	HIP 115586	351.19405	44.29241	263.89	m	9.063	1.956	A0	0.2
HD 180121	HIP 95338	290.94112	-76.14863	263.91	m	9.516	2.409	F2 IV	0.509
HIP 38663		118.74182	30.85836	263.93	m	10.19	3.078	F2	0.451
HIP 60171		185.08421	33.73184	263.99	m	10.03	2.923	F8	0.532
HD 70533	HIP 41165	125.98164	38.46246	264.03	m	9.08	1.972	F5	0.378
HIP 58365		179.52021	39.69249	264.05	m	10.13	3.021	F8	0.424
HIP 79264		242.65713	-55.05862	264.09	m	9.177	2.068	F 5 IV	0.642
HD 206046	HIP 106961	324.95382	-16.00584	264.14	m	9.887	2.778	K0 IV/V	1.048
HD 173918	HIP 92314	282.22486	-26.04719	264.15	m	9.902	2.793	F3V	0.813
HIP 81806		250.63071	-49.40546	264.17	m	10.59	3.483	G0	0.452
HIP 59745		183.78216	27.44207	264.18	m	10.33	3.224	F	0.425
HD 216477	HIP 112893	342.92826	66.00951	264.23	m	9.231	2.121	A2	0.214
HIP 69629		213.75891	24.67213	264.23	m	10.81	3.699	F8	0.592
HD 100445	HIP 56316	173.18947	-65.62182	264.23	m	9.145	2.035	G8 III/IV	1.304
HD 194382	HIP 100690	306.20229	14.86818	264.25	m	9.197	2.087	A0	0.187
HD 80623	HIP 45741	139.88325	-40.56159	264.31	m	9.367	2.256	F5 V	0.582
HIP 61553		189.18492	65.2332	264.32	m	9.254	2.143	F2	0.493
HD 224246	HIP 118021	359.10005	-71.29413	264.34	m	10.23	3.119	F0 V	0.423
HIP 87842		269.18325	29.48729	264.34	m	10.29	3.181		0.475
HD 189400	HIP 98518	300.22072	-27.1814	264.34	m	9.016	1.905	F3/5 (V) + A7/9	0.555
HD 328736	HIP 81960	251.15022	-44.96306	264.35	m	10.23	3.123	F8	0.704
HIP 94549		288.6543	-35.86841	264.42	m	9.713	2.602	F5	0.494
HD 143253	HIP 77949	238.77182	66.56543	264.42	m	9.66	2.549	A5	0.272
HD 140988	HIP 77328	236.80972	-18.02747	264.47	m	10.3	3.187	F3 V	0.508
HD 3978	HIP 3315	10.55041	-22.99173	264.49	m	10.38	3.269	F2 V	0.504
HD 211505	HIP 110104	334.55395	-36.261	264.51	m	9.066	1.954	K1 III	0.993
HIP 20968		67.43713	-29.02637	264.52	m	10.9	3.786		0.701
HD 171848	HIP 90972	278.35149	58.70649	264.53	m	9.042	1.93	F8	0.32
HD 35204	HIP 25132	80.68436	-10.48066	264.55	m	9.267	2.154	F5/6 V	0.501
HIP 51124		156.66804	46.71072	264.55	e	9.808	2.695	F2	0.555
HIP 88052		269.76141	12.6271	264.58	m	9.19	2.077	F0	0.408
HIP 115651		351.42531	-37.14148	264.59	m	10.34	3.228	F8	0.558
HIP 91841		280.86793	47.70363	264.61	m	9.563	2.45	K0	1.146
HD 103421	HIP 58065	178.62991	6.50623	264.61	m	9.771	2.658	G5	1.012
HD 213713	HIP 111393	338.50717	-35.15979	264.64	m	9.579	2.466	G8 IV/V	0.895
HD 23042	HIP 17318	55.60724	15.81532	264.67	m	9.297	2.183	A0	0.27
HIP 17331		55.64571	2.80071	264.68	m	10.68	3.57	F2	0.532
HD 59225	HIP 36476	112.57965	32.70753	264.68	m	9.204	2.09	F8	0.355
HD 6938	HIP 5411	17.30123	-47.1308	264.71	m	9.042	1.928	K3 III	1.393
HD 251611	HIP 28887	91.48974	7.31755	264.73	m	10.44	3.329	F8	0.586
HIP 88091		269.86899	-47.56851	264.8	m	10.02	2.909	F8	0.596
HIP 8952		28.82656	0.60871	264.87	m	9.511	2.396	G 8 IV	0.892
HD 19405	HIP 14432	46.57109	-31.31435	264.87	m	9.586	2.471	F3 V	0.447
HD 31159	HIP 22671	73.14546	-21.57373	264.89	m	9.197	2.082	A7 V	0.266
HIP 40616		124.38108	36.38345	264.91	m	10.35	3.234	G0	0.475
HD 128204	HIP 71414	219.06437	-25.12119	264.93	m	10.02	2.903	F3 V	0.469
HD 355759	HIP 97056	295.87035	11.55904	264.93	m	10.73	3.614	F5	0.605
HIP 15503		49.94266	5.20263	264.93	m	10.06	2.947	F5	0.572
HIP 22696		73.19586	50.04861	264.95	m	9.931	2.815	A5	0.387
HD 205571	HIP 106504	323.57695	55.17584	264.96	m	9.008	1.892	A3	0.266
HIP 15164		48.86794	-30.41116	264.98	m	9.947	2.831	F2	0.416
HIP 59826		184.02559	-40.96272	264.98	m	9.745	2.629	F5 V	0.668
HIP 62003		190.61834	41.99644	264.99	m	11.76	4.642	F8	0.548
HD 17867	HIP 12822	41.20935	-78.37346	265	m	9.128	2.012	K1 IIICNII	1.271
HD 145771	HIP 79389	243.03724	17.80776	265.01	m	9.112	1.996	F8	0.436
HD 17448	HIP 13030	41.86688	-17.36935	265.03	m	9.795	2.678	G2 V	0.604
HIP 70413		216.07475	14.70515	265.05	m	10.6	3.484	F5	0.511
HIP 85110		260.91001	21.56538	265.06	m	9.524	2.407	F2	0.469
HD 215794	HIP 112550	341.93591	-2.82558	265.08	m	9.241	2.124	A3 II	0.437
HD 163284	HIP 87644	268.53343	29.81238	265.15	m	9.014	1.897	F2	0.373
HIP 73691		225.93553	11.68604	265.17	m	10.34	3.223	F8	0.651
HD 157807	HIP 85133	260.97727	36.45778	265.19	m	9.389	2.271	A2	0.209
HIP 49116		150.36006	43.09696	265.2	m	9.283	2.165	G5	0.973
HIP 47426		144.94721	41.58193	265.25	e	10.21	3.094	F8	0.786
HD 23291	HIP 17416	55.97789	-4.27954	265.26	m	9.044	1.926	A1 V	0.073
HIP 87838		269.1774	29.49153	265.27	m	9.891	2.773	F0	0.369
HIP 43488		132.87006	-0.7848	265.28	m	10.56	3.445	F8	0.685
HD 35562	HIP 25360	81.35871	-4.72009	265.3	m	9.053	1.934	F0 V	0.441
HIP 73432		225.09445	-23.96248	265.35	m	10.39	3.276	A7	0.481
HIP 109321		332.21697	-31.75798	265.36	m	10.36	3.236	G2	1.057
HD 179770	HIP 94550	288.65552	-21.23556	265.36	m	9.219	2.1	A1 V	0.217
HD 233977	HIP 62244	191.3497	53.09582	265.36	m	10.08	2.957	G0	0.357
HD 49321	HIP 31779	99.67392	-76.51414	265.38	m	9.983	2.864	F3 V	0.564
HIP 51841		158.87326	46.16436	265.4	m	9.89	2.771	F8	0.441
HD 33903	HIP 24330	78.32117	-5.08355	265.43	m	9.224	2.104	A1mA8-F3	0.378
HD 24749	HIP 18408	59.03497	0.7111	265.44	m	9.616	2.496	F0 V	0.48
HIP 1975		6.25469	15.29064	265.48	m	10.58	3.464	F2	0.326
HIP 7587		24.4231	33.03009	265.49	m	11.02	3.899		0.726
HD 199185	HIP 103369	314.14181	-32.03677	265.49	m	9.705	2.585	F2 V	0.438
HIP 41857		128.01248	49.81066	265.51	m	10.5	3.384	F2	0.575
HD 148087	HIP 80534	246.62383	-21.79454	265.55	m	10.06	2.938	F3/5 V	0.781
HD 210246	HIP 109409	332.49169	-41.77674	265.56	m	10.11	2.987	F3/5 V	0.532
HD 92221	HIP 52173	159.88595	41.99013	265.59	m	9.552	2.431	F5	0.313
HIP 71156		218.30021	17.14482	265.59	m	9.173	2.052	F2	0.479
HD 13434	HIP 10170	32.70292	-24.51017	265.59	m	10.2	3.075	F6/8 V	0.491
HIP 46990		143.65916	48.30328	265.62	m	10.63	3.507	F8	0.589
HD 57483	HIP 35528	109.98786	-35.073	265.62	m	9.09	1.969	K0 III	1.127
HD 47039	HIP 31518	98.99204	-16.80433	265.64	m	9.012	1.891	A2 V	0.254
HIP 22808		73.60967	-0.19673	265.66	m	10.07	2.946	F2	0.444
HD 243241	HIP 25248	80.98734	17.63619	265.66	m	10.06	2.938	F2	0.629
HIP 112249		341.03726	37.52396	265.68	m	9.774	2.652	A 7 V	0.312
HIP 56236		172.92051	-49.43198	265.76	m	10.66	3.542		0.642
HIP 40347		123.56805	68.92206	265.76	m	11.12	4.001	G0	0.528
HIP 48995		149.93524	45.19696	265.78	m	9.437	2.314	F5	0.503
HD 24937	HIP 18374	58.91463	-49.13851	265.78	m	9.601	2.478	F5 V	0.433
HD 13119	HIP 9903	31.87007	-35.26847	265.79	m	9.544	2.421	G8 V	1.03
HD 213779	HIP 111318	338.27985	44.69759	265.79	m	9.863	2.74	A5	0.387
HIP 42120		128.78957	17.26284	265.82	m	9.195	2.072	B8	0.274
HD 209954	HIP 109287	332.10273	-53.35631	265.82	m	9.388	2.265	F3 V	0.495
HIP 13194		42.43862	-30.91964	265.83	m	10.27	3.151	F2	0.427
HIP 62955		193.5029	-48.5818	265.85	m	10.02	2.896	G0	0.544
HD 121459	HIP 67987	208.84016	4.95289	265.92	m	9.22	2.096	F5	0.366
HD 173187	HIP 92201	281.86922	-57.9565	265.93	m	9.273	2.149	G6/8 IV	1.04
HD 22784	HIP 17093	54.92188	-3.78497	265.94	m	9.631	2.507	F3 V	0.513
HD 199564	HIP 103582	314.81463	-38.33247	266	m	9.636	2.512	F5 V	0.513
HIP 80453		246.33577	65.55933	266.02	m	9.543	2.418	F2	0.426
HD 219155	HIP 114712	348.54294	-41.71432	266.02	m	9.378	2.253	G8 III	1.14
HD 181974	HIP 95348	290.97721	-33.35138	266.02	m	9.621	2.496	G0/2 V	0.858
HD 218391	HIP 114248	347.07536	-51.74423	266.04	m	9.436	2.311	A1MA8-A9	0.397
HD 101845	HIP 57152	175.8192	0.76114	266.04	m	10.36	3.236	A7/9 V + (G)	0.581
HD 181897	HIP 95411	291.13247	-47.87908	266.08	m	9.957	2.832	F6 V	0.577
HD 20828	HIP 15488	49.90808	-44.24513	266.14	m	9.454	2.328	K2 III	1.352
HD 237389	HIP 25444	81.63063	56.63172	266.21	m	9.395	2.269	G0	0.56
HIP 55555		170.69572	56.50832	266.22	m	9.996	2.87	F 8 WLM	0.392
HD 12320	HIP 9336	29.97054	-38.12606	266.27	m	9.505	2.378	K2 III	1.42
HD 31748	HIP 23098	74.54917	-5.25168	266.29	m	9.489	2.362	A1 IV	0.145
HD 16661	HIP 12637	40.58752	54.17823	266.29	m	9.198	2.071	A0	0.317
HD 218571	HIP 114364	347.43272	-54.65112	266.32	m	9.315	2.188	F8 IV/V	0.681
HIP 1528		4.76163	15.03573	266.34	m	9.35	2.223	F2	0.541
HIP 32457		101.60978	-28.50769	266.36	m	11.71	4.579	Gp	0.541
HD 284713	HIP 22026	71.02786	20.31184	266.41	m	10.85	3.717	F8	0.952
HD 161673	HIP 86687	265.68152	62.17608	266.46	m	9.234	2.106	A2	0.179
HIP 61642		189.54548	15.62308	266.51	m	10.29	3.16	G5	0.986
HIP 49507		151.62542	28.53974	266.52	m	10.84	3.709	F8	0.426
HIP 67074		206.20828	25.53815	266.54	m	10.11	2.985		1.254
HD 186770	HIP 97430	297.03489	-40.45845	266.54	m	9.481	2.352	F0 V	0.363
HIP 64161		197.25307	24.49361	266.55	m	10.16	3.031	F 5 V	0.593
HD 167445	HIP 89616	274.3195	-42.91893	266.58	m	9.934	2.805	F5/6 IV/V	0.702
HD 145390	HIP 79335	242.87244	-21.58711	266.6	m	10.04	2.915	F6/7 V	0.916
HD 130338	HIP 73041	223.91033	-79.80573	266.61	m	9.229	2.1	F5 IV/V	0.721
HD 139815	HIP 76658	234.81346	29.62211	266.65	m	10.27	3.141	A8V	0.482
HD 239826	HIP 108625	330.09107	60.45666	266.67	m	9.028	1.898	A5	0.37
HIP 81058		248.33037	20.48403	266.68	m	9.837	2.707	G5	0.545
HD 250448	HIP 28584	90.51499	27.20673	266.69	m	9.103	1.973	G0	0.683
HD 32492	HIP 23325	75.26055	-48.2113	266.7	m	9.06	1.93	F3/5 V	0.505
HD 282408	HIP 22133	71.44542	32.46054	266.7	m	9.125	1.995	K5	2.534
HIP 51957		159.21023	30.25287	266.7	m	10.85	3.721	F8	0.503
HD 13205	HIP 9783	31.4478	-70.63138	266.7	m	9.291	2.161	G1 IV	0.672
HD 136439	HIP 75047	230.03353	17.24542	266.72	m	9.217	2.087	G5	0.267
HD 279869	HIP 20788	66.8208	37.24578	266.74	m	9.379	2.249	K0	1.302
HIP 4098		13.15436	-34.79846	266.76	m	10.48	3.354	F2	0.433
HIP 51817		158.79406	38.53764	266.77	m	10.18	3.047	F2	0.406
HIP 105700		321.12808	30.25499	266.8	m	10.26	3.132	F5	0.525
HD 15260	HIP 11416	36.78133	-14.57434	266.8	m	10.03	2.899	G3 V	0.714
HIP 88988		272.44889	45.61686	266.83	m	9.397	2.266	F0	0.39
HIP 49174		150.53375	47.37144	266.84	m	9.83	2.699	F5	0.484
HD 223219	HIP 117358	356.93672	-26.18604	266.86	m	9.771	2.64	G8/K0 V	0.953
HD 48386	HIP 31390	98.70995	-75.21883	266.87	m	9.022	1.891	A1MA3-F0	0.193
HIP 63233		194.35586	18.5898	266.88	m	9.706	2.574	F8	0.66
HIP 4009		12.86026	-10.88815	266.89	m	10.86	3.73		0.43
HIP 61026		187.60874	36.12403	266.91	m	10.35	3.218	F2	0.556
HD 167738	HIP 89287	273.28881	57.81774	266.97	m	9.346	2.214	G5	0.304
HIP 111949		340.15055	53.06098	266.97	m	9.53	2.398	G0	0.653
HD 240114	HIP 113158	343.72059	58.36534	266.97	m	9.057	1.925	A0	0.279
HD 8461	HIP 6491	20.85118	-20.31995	266.97	m	9.903	2.771	F0 V	0.395
HD 206065	HIP 107689	327.22436	-82.12391	266.99	m	9.782	2.649	F2 V	0.541
HIP 41923		128.21186	43.17974	267.02	m	11.44	4.308	F8	0.615
HIP 61504		189.02349	25.50999	267.03	m	10.44	3.307	G0	0.71
HIP 78021		238.96265	48.41643	267.03	m	10.83	3.698	F8	0.539
HIP 53235		163.34425	-36.64137	267.06	m	10.14	3.005		0.541
HD 193505	HIP 100467	305.60949	-46.44949	267.09	m	9.442	2.309	F0 V	0.292
HIP 46525		142.34342	14.50949	267.09	m	10.84	3.708	F2	0.561
HIP 89091		272.74306	8.42248	267.11	m	9.682	2.549	K2	1.318
HIP 9770		31.41031	36.95509	267.14	m	11.96	4.831		
HIP 65649		201.89154	26.31809	267.17	m	10.21	3.074	F5	0.397
HD 143439	HIP 78472	240.28383	-22.16821	267.22	m	9.067	1.933	FM DELTA DEL	0.599
HIP 8779		28.23355	-22.84231	267.23	m	10.91	3.773	F5	0.63
HIP 16571		53.33815	15.19799	267.25	m	9.869	2.734	F0	0.536
HIP 55433		170.28228	44.02964	267.27	m	10.66	3.521	F8	0.459
HD 154230	HIP 83577	256.21172	-15.93311	267.35	m	9.695	2.56	G0 V	0.926
HD 147096	HIP 79959	244.81857	16.42667	267.37	m	9.014	1.878	G	0.569
HIP 45294		138.4561	44.72355	267.38	e	10.17	3.032	F8	0.706
HD 7358	HIP 5686	18.288	-40.61176	267.38	m	9.212	2.076	G6 IV/V	0.87
HD 233990	HIP 62846	193.19915	51.20237	267.39	m	9.596	2.46	G0	0.582
HD 163637	HIP 88251	270.31085	-61.36616	267.39	m	9.198	2.062	F8/G0 V(S)	0.591
HD 3850	HIP 3205	10.20556	-41.20661	267.41	m	9.991	2.855	K4	0.506
HIP 15030		48.4225	24.98707	267.44	m	10.01	2.872	F8	0.73
HD 243504	HIP 25418	81.54958	30.24456	267.46	m	9.714	2.578	F2	0.526
HIP 114597		348.23019	-36.89452	267.5	m	10.98	3.844	G0	0.692
HD 133510	HIP 74262	227.65063	-74.4256	267.51	m	9.72	2.583	F6/8 (V)	0.669
HD 233376	HIP 35680	110.43314	53.30515	267.53	m	9.737	2.6	F8	0.488
HD 253343	HIP 29492	93.2212	21.26009	267.55	m	9.842	2.705	F5	0.516
HIP 74012		226.87967	9.62523	267.62	m	10.64	3.498	F8	0.562
HD 86462	HIP 48879	149.53767	-23.84652	267.63	m	9.271	2.133	G8 IV	1.051
HD 144310	HIP 78838	241.4077	-12.7122	267.65	m	9.658	2.52	F3/5 V	0.67
HD 129083	HIP 71769	220.20877	-7.89851	267.65	m	9.198	2.06	F0 V	0.465
HD 104148	HIP 58496	179.95292	53.3978	267.67	m	9.077	1.939	F8	0.646
HIP 39382		120.77679	32.86418	267.67	m	10.25	3.108	F8	0.502
HD 135870	HIP 74813	229.33542	4.97108	267.69	m	9.228	2.09	G5	1.012
HIP 42362		129.56352	-22.52279	267.69	m	10.31	3.171	G	0.359
HIP 89787		274.85016	86.40866	267.72	m	10.43	3.288	F2	0.518
HIP 9566		30.72629	-1.87398	267.73	m	9.962	2.824	G0	0.512
HD 158051	HIP 85441	261.90575	-15.96727	267.75	m	10.19	3.048	A9 V	0.482
HD 180831	HIP 94963	289.86551	-35.64465	267.75	m	9.391	2.252	F5 V	0.414
HD 137111	HIP 75375	231.03766	2.34559	267.76	m	9.825	2.686	F2 V	0.36
HD 10797	HIP 8167	26.25671	-26.59444	267.83	m	9.989	2.85	F5 V	0.511
HD 7904	HIP 6163	19.76667	24.60618	267.87	m	9.299	2.159	A2	0.233
HIP 47499		145.26117	66.14801	267.92	m	9.396	2.256	F8	0.653
HIP 68173		209.34545	-45.32136	267.94	m	10.17	3.03	F8	0.431
HIP 74327		227.87429	-2.05434	267.95	m	10.54	3.404	F8	0.54
HD 279195	HIP 18399	59.00748	33.73949	267.97	m	10.46	3.322	A 9 V	0.358
HD 15518	HIP 11561	37.23539	-35.68604	268	m	9.473	2.332	F5/6 V	0.57
HIP 82978		254.35561	53.88251	268	m	9.677	2.536	F8	0.512
HIP 22553		72.80552	61.52668	268.01	m	9.366	2.225	K2	1.01
HD 178170	HIP 93942	286.9214	-4.34752	268.06	m	10.05	2.907	B9/9.5 V	0.704
HIP 73856		226.41409	-6.5906	268.09	m	10.44	3.294	G2	0.397
HD 223577	HIP 117584	357.69085	-50.61356	268.09	m	9.089	1.948	A6 V	0.253
HIP 89267		273.24011	17.044	268.1	m	9.098	1.957	F0	0.387
HD 7503	HIP 5736	18.43154	-62.43137	268.1	e	10.26	3.123	F0/2 V	0.404
HIP 64084		196.98834	19.68129	268.11	m	9.96	2.818	G0	0.571
HIP 51717		158.50041	40.56102	268.12	m	10.06	2.922	F8	0.603
HIP 67462		207.37349	1.34452	268.13	m	10.6	3.459	F8	0.539
HD 208061	HIP 108168	328.72793	-47.77215	268.13	m	9.769	2.627	F3 V	0.46
HIP 4575		14.64273	32.53904	268.14	m	11.83	4.688		0.72
HD 179005	HIP 94296	287.89687	-18.21199	268.15	m	9.64	2.498	F2 V	0.418
HD 214409	HIP 111782	339.62703	-42.85743	268.19	m	9.865	2.723	F0 V	0.392
HD 4661	HIP 3762	12.08106	-35.27721	268.2	m	9.714	2.572	G8/K0 V	1.05
HIP 102574		311.80286	13.71683	268.2	m	9.26	2.118	G5	1.004
HD 245318	HIP 26374	84.24056	31.3168	268.21	m	10.21	3.064	F4	0.52
HD 181247	HIP 95258	290.71119	-56.38854	268.25	m	9.107	1.964	A3 IV	0.186
HD 38453	HIP 27210	86.50947	2.20111	268.29	m	9.461	2.318	A1mA8-F0	0.384
HIP 107493		326.58049	-34.01064	268.31	m	10.28	3.134	G0	0.64
HIP 54132		166.1222	28.5442	268.4	m	9.272	2.128	K0	1.082
HIP 74606		228.65981	-59.8194	268.4	m	9.158	2.014		1.62
HIP 9263		29.76659	24.04356	268.41	m	9.484	2.34	G0	0.79
HD 101895	HIP 57180	175.89062	-9.17665	268.44	m	9.349	2.205	F5 V	0.536
HD 177738	HIP 93911	286.83337	-32.39954	268.46	m	9.884	2.74	F2 V	0.381
HD 237888	HIP 50597	155.04894	57.89782	268.46	m	9.74	2.596	F8	0.471
HIP 73861		226.4271	-6.84322	268.49	m	9.66	2.515	F2	0.507
HD 172853	HIP 91806	280.79002	-18.15966	268.5	m	9.101	1.956	K0 III	1.675
HIP 26360		84.20541	37.81479	268.52	m	9.06	1.915	G0	0.784
HIP 11985		38.64841	10.76485	268.54	m	10.71	3.561	F2	0.42
HD 34224	HIP 24561	79.04428	10.19133	268.57	m	9.322	2.177	G5	0.458
HD 135824	HIP 74796	229.28892	0.25213	268.6	m	9.719	2.573	F3/5 V	0.494
HIP 83831		256.99747	10.56514	268.61	m	10.27	3.121	F2	0.455
HD 1857	HIP 1793	5.69524	-40.28869	268.61	m	9.529	2.383	F7/G0	0.525
HIP 58161		178.92342	21.31494	268.68	m	10.93	3.779	F8	0.843
HD 147396	HIP 80139	245.35265	9.34501	268.68	m	9.443	2.297	F0	0.395
HIP 118182		359.59471	51.39526	268.69	m	11.08	3.933		0.681
HIP 13963		44.95346	-1.54246	268.71	m	10.3	3.151	G0	0.837
HD 85248	HIP 48186	147.34443	-42.80508	268.73	m	9.423	2.276	A0MF0-F2	0.341
HD 202154	HIP 104896	318.72543	-29.35776	268.76	m	9.756	2.609	G2/3 V	0.643
HIP 37100		114.3555	-30.80206	268.79	m	9.422	2.275	A0	0.382
HD 108484	HIP 60824	187.01032	-56.48945	268.81	m	9.214	2.067	F0 IV/V	0.355
HD 143327	HIP 78199	239.52538	42.90673	268.81	m	9.884	2.737	F8	0.459
HD 194858	HIP 101259	307.87523	-63.33101	268.87	m	9.389	2.241	F2 IV	0.446
HD 116079	HIP 65213	200.46829	-37.11762	268.88	m	9.639	2.491	G8 V	1.071
HIP 46174		141.23687	32.12145	268.9	m	9.49	2.342	F5	0.448
HIP 107582		326.84122	18.10324	268.91	m	10.37	3.218	F8	0.468
HD 96457	HIP 54369	166.85817	34.84299	268.93	m	9.326	2.178	F8	0.426
HIP 15428		49.71677	47.22432	268.97	m	9.66	2.511	F5	0.504
HD 233577	HIP 43632	133.28647	50.37845	268.98	m	9.299	2.15	G0	0.744
HD 11959	HIP 9321	29.93112	63.31414	269	m	9.028	1.879	A2V	0.266
HD 238005	HIP 56047	172.30615	58.73594	269.11	m	9.772	2.622	G0	0.537
HD 138059	HIP 75844	232.38854	4.64785	269.15	m	9.934	2.784	F2/3 V	0.464
HIP 10663		34.30608	-24.39883	269.2	m	10.78	3.63	F5	0.486
HD 91244	HIP 51649	158.28452	49.16889	269.2	m	9.26	2.11	A 7 V	0.229
HIP 40815		124.95023	33.21502	269.22	m	9.876	2.725	F8	0.607
HD 29611	HIP 21714	69.93235	-3.38164	269.23	m	9.174	2.023	A5 III/IV	0.284
HD 141866	HIP 77647	237.78315	6.80396	269.25	m	9.631	2.48	F8	0.667
HD 19287	HIP 14714	47.52629	67.08851	269.28	m	9.429	2.278	A3	0.345
HD 161688	HIP 87195	267.21367	-40.30042	269.28	m	9.17	2.019	F2 V	0.463
HD 202601	HIP 105039	319.13787	15.07883	269.28	m	9.389	2.238	F5	0.373
HIP 5667		18.20007	20.50147	269.28	m	9.574	2.423	F2	0.442
HD 162340	HIP 87318	267.6312	2.07983	269.29	m	9.536	2.385	A1 V	0.346
HIP 73276		224.64254	-0.85622	269.3	m	10.2	3.044	F2	0.554
HD 136978	HIP 75814	232.30715	-73.17318	269.31	m	10.13	2.978	F5 IV	0.524
HIP 117748		358.20119	38.6863	269.33	m	9.971	2.82	F0	0.491
HIP 28688		90.85861	-51.11855	269.33	m	9.955	2.804	G5	0.597
HD 280146	HIP 22423	72.38687	38.31817	269.33	m	11.09	3.934	F8	1.162
HIP 5610		17.98691	-24.25539	269.35	m	10.47	3.32	F5	0.496
HIP 70872		217.40024	-70.7919	269.37	m	9.641	2.489	F5	0.506
HD 241430	HIP 24181	77.88665	12.66997	269.44	m	10.51	3.354	F8	0.534
HIP 15467		49.86343	2.73257	269.44	m	10.06	2.913	F0	0.493
HIP 47332		144.67998	45.30007	269.46	m	9.239	2.087	G0	1.033
HD 29947	HIP 21331	68.67346	-76.11193	269.48	m	9.638	2.485	F7 V	0.638
HD 123321	HIP 69155	212.3492	-65.8199	269.51	m	9.5	2.347	F3/5 V	0.567
HIP 64413		198.02234	-51.87968	269.52	m	10.27	3.12	F8	0.533
Gl 3062	HIP 3922	12.58675	-27.43688	269.56	m	9.672	2.519	G0	0.999
HD 286368	HIP 18443	59.13856	11.99818	269.56	m	10.3	3.143	F5	0.615
HIP 81135		248.54312	49.22466	269.61	m	9.452	2.298	K0	0.949
HIP 54695		167.96267	37.1235	269.61	m	10.53	3.371	F8	0.566
HD 94498	HIP 53370	163.70709	23.75574	269.65	m	9.195	2.041	A5	0.264
HIP 54414		167.02165	33.2443	269.65	m	11.38	4.224	F8	0.428
HD 25276	HIP 18681	60.00909	-27.26568	269.66	m	9.287	2.133	G6 V	0.943
HD 232380	HIP 5214	16.66626	54.36922	269.66	m	9.197	2.043	A2	0.211
HIP 56889		174.94003	31.0041	269.68	m	11.1	3.941	G0	0.557
HD 216751	HIP 113256	344.01892	-43.61787	269.72	m	10.5	3.346	F5 V	0.423
HIP 37105		114.37505	40.05621	269.72	m	9.491	2.336	F5	0.416
HD 7195	HIP 5616	18.02157	-13.62644	269.75	m	9.152	1.997	A8 V	0.299
HIP 86045		263.76913	20.11655	269.76	m	10.58	3.425	G0	0.557
HD 14315	HIP 10759	34.6115	-18.20751	269.76	m	9.449	2.294	F3 V	0.467
HD 12507	HIP 9506	30.57743	-18.89818	269.76	m	10.06	2.904	F3 V	0.446
HIP 109986		334.14225	46.72836	269.77	m	9.251	2.096	A2	0.179
HD 118188	HIP 66331	203.90837	-26.91935	269.78	m	9.702	2.547	K2 V	1.166
HD 21499	HIP 16111	51.88852	-15.21044	269.79	m	9.234	2.079	A0 V	0.162
HIP 43453		132.75497	0.4917	269.83	m	10.43	3.275	F	0.388
HIP 86094		263.92238	63.22192	269.85	m	9.481	2.325	F0	0.423
HIP 65068		200.06393	62.57372	269.9	m	9.941	2.785	F5	0.529
HD 171964	HIP 91432	279.70345	-31.22163	269.92	m	9.112	1.956	F0 V	0.431
HD 66975	HIP 39287	120.50208	-63.50962	269.98	m	9.276	2.119	F8 IV	0.667
HD 212273	HIP 110535	335.88586	-29.69428	269.99	m	9.181	2.024	K0 III	1.149
HD 85220	HIP 48268	147.60235	-2.03877	269.99	m	9.35	2.193	F2 V	0.409
HIP 106503		323.57704	75.43496	270	m	10.12	2.964	F8	0.701
HD 196540	HIP 102058	310.24022	-59.19066	270	m	9.371	2.214	F2 V	0.468
HIP 37448		115.31369	47.25607	270.02	m	10.52	3.367	F8	0.529
HIP 82313		252.27288	25.29708	270.02	m	10.34	3.179	F5	0.439
HD 135553	HIP 74963	229.78268	-63.95875	270.02	m	9.823	2.666	A9 V	0.343
HIP 73144		224.22658	34.48008	270.08	m	10.06	2.902	F8	0.505
HIP 11440		36.8771	-0.95112	270.1	m	10.7	3.54	G0	0.22
HD 29319	HIP 21554	69.42424	15.34609	270.11	m	9.075	1.917	K2	1.594
HD 199272	HIP 103411	314.27631	-30.17846	270.13	m	9.802	2.644	G6 V	1.035
HD 135757	HIP 74777	229.23296	-5.84338	270.14	m	9.657	2.499	A9 V	0.446
HIP 54037		165.8545	40.30624	270.16	m	9.267	2.109	F8	0.508
HD 201426	HIP 104578	317.76318	-47.33973	270.16	m	9.455	2.297	F5 V	0.48
HIP 75499		231.33409	83.84153	270.18	m	10.41	3.253	G0	0.697
HIP 110123		334.61105	-39.74525	270.19	m	11.03	3.875	F5	0.585
HD 100104	HIP 56261	172.98761	72.55056	270.19	m	9.421	2.263	G5	0.776
HD 66865	HIP 39368	120.7242	-53.32076	270.24	m	9.871	2.712	F2/3 IV/V	0.393
HIP 5604		17.96834	47.79845	270.27	m	9.38	2.221	A2	0.223
HIP 57266		176.15135	42.6155	270.3	m	9.958	2.799	F5	0.502
HD 120149	HIP 67315	206.97043	-10.18329	270.33	m	9.091	1.932	A6 IV	0.266
HD 203333	HIP 105553	320.66423	-38.20553	270.34	m	9.955	2.795	F3 V	0.477
HD 216594	HIP 113178	343.77504	-55.67894	270.37	m	9.166	2.006	F0 IV/V	0.303
HIP 108359		329.28024	-35.66387	270.53	m	10.9	3.736	F5	0.773
HD 134300	HIP 74495	228.34164	-69.45049	270.53	m	9.043	1.882	A1/2 V	0.19
HD 8501	HIP 6475	20.81949	-44.67159	270.55	m	9.97	2.809	G8 IV/V	0.828
HIP 50654		155.17015	31.42837	270.57	m	9.63	2.469	F2	0.476
HIP 50457		154.53508	56.10838	270.63	m	10.2	3.042		0.557
HIP 71836		220.42753	24.20291	270.69	m	9.57	2.408	G0	0.69
HIP 60618		186.36017	-50.92252	270.73	m	10.54	3.375	F5	0.436
HIP 37247		114.75649	88.46381	270.74	m	10.09	2.931	G0	0.526
HD 162765	HIP 87723	268.78356	-48.15829	270.79	m	9.003	1.84	F3 II/III	0.492
HD 25062	HIP 18333	58.78654	-63.27429	270.8	m	10.49	3.331	F3/5 V	0.623
HIP 61673		189.63665	50.84177	270.82	m	10.32	3.154	F0	0.495
HD 222883	HIP 117123	356.16593	-39.50907	270.84	m	9.028	1.864	F6 V	0.558
HIP 115195		349.99332	-5.16563	270.85	m	11.49	4.328	DA:	-0.052
HIP 75176		230.44454	-15.16098	270.87	m	10.51	3.343		0.533
HIP 71578		219.5773	-50.82655	270.88	m	10.51	3.342	F8	0.72
HD 815	HIP 1284	4.02254	88.40119	270.92	m	9.14	1.976	A2	0.227
HIP 6103		19.59301	-23.15761	270.92	m	10.33	3.163	G0	0.703
HD 195678	HIP 101437	308.35848	-20.89692	270.92	m	9.109	1.945	A9 V	0.34
HD 278535	HIP 15693	50.54024	34.5022	270.92	m	9.115	1.951	K0	1.353
HD 74502	HIP 43096	131.65497	53.04788	270.99	m	9.123	1.958	A M	0.279
HIP 18540		59.49081	9.62494	271	m	11.23	4.066		0.325
HIP 80634		246.96533	31.87686	271.01	m	10.3	3.134	G0	0.691
HD 169891	HIP 90436	276.78631	-8.87863	271.01	m	9.363	2.198	K2 (III)	2.444
HD 206119	HIP 107074	325.28782	-42.42548	271.08	m	10.58	3.413	F6/7 V	0.514
HIP 106780		324.42881	33.98772	271.13	m	9.787	2.621	F5	0.515
HD 4887	HIP 3968	12.75426	8.33633	271.16	m	9.096	1.93	K5	1.364
HIP 86749		265.89555	34.77905	271.16	m	9.936	2.77	G5	1.1
HIP 12668		40.69167	-0.0232	271.18	m	10.83	3.66	G0	0.732
HD 130359	HIP 72405	222.07546	-20.51265	271.19	m	10.8	3.631	F5/7 V	0.498
HIP 28401		89.97549	-29.95441	271.2	m	11.65	4.488		0.943
HD 183502	HIP 96004	292.80914	-31.74016	271.2	m	9.192	2.026	K1/2 III	1.251
HIP 26042		83.3278	-11.43488	271.25	m	9.791	2.624	A0	0.378
HD 234384	HIP 83616	256.34638	52.3533	271.32	m	9.13	1.963	F0	0.425
HD 139728	HIP 76743	235.0721	-14.52784	271.34	m	10.37	3.199	F8/G0 V	0.629
HIP 63461		195.068	20.72428	271.36	m	10.06	2.89	K0	1.197
HD 2145	HIP 2005	6.35061	-46.92419	271.37	m	10.47	3.307	F3/5 V	0.621
HD 125535	HIP 70244	215.58245	-62.24544	271.41	m	9.501	2.333	A2 IV/V	0.305
HIP 28365		89.88904	-26.27608	271.41	m	11.1	3.928		0.762
HIP 74170		227.32359	0.94439	271.43	m	10.25	3.081	F2	0.404
HD 202817	HIP 105174	319.59207	5.3035	271.44	m	9.267	2.099	F2 V	0.44
HD 202853	HIP 105304	319.92922	-38.34552	271.47	m	9.686	2.517	A9 V	0.43
HD 223794	HIP 117739	358.17846	-0.80826	271.49	m	10.26	3.09	F0/2 V	0.453
HD 23972	HIP 16910	54.40019	-80.86047	271.51	m	9.126	1.957	A7/9 V	0.429
HIP 66301		203.8231	8.95888	271.51	m	9.983	2.814	F0	0.321
HIP 62815		193.07289	32.55588	271.51	m	10.78	3.611	G 0 V	0.75
HD 19506	HIP 14508	46.83762	-25.55396	271.51	m	9.055	1.886	F2 V	0.399
HIP 67196		206.55912	56.88979	271.54	m	10.23	3.058	F8	0.481
HD 9793	HIP 7407	23.86456	-16.79295	271.55	m	9.741	2.572	G1 V	0.634
HD 209756	HIP 109159	331.67238	-41.53336	271.58	m	9.633	2.464	F7/8 V	0.533
HD 38376	HIP 27300	86.76285	38.08463	271.58	m	9.266	2.096	A0	0.185
HD 117308	HIP 65847	202.47072	-28.94475	271.65	m	9.118	1.948	A3 V	0.156
HIP 61657		189.58744	41.8413	271.66	m	10.64	3.472	F5	0.531
HIP 116067		352.77389	18.29915	271.67	m	9.139	1.969	A0	0.15
HD 7197	HIP 5583	17.89845	-45.46503	271.68	m	9.812	2.642	F5 IV/V	0.447
HIP 62020		190.66906	-28.14147	271.68	m	10.47	3.303		0.47
HD 242688	HIP 24870	79.9752	13.22328	271.68	m	10.17	3	F2	0.442
HD 123032	HIP 68724	211.02296	46.55432	271.7	m	9.171	2.001	F5	0.382
HIP 7608		24.50036	16.36178	271.7	m	9.269	2.099	K0	1.308
HIP 105987		321.97927	-36.23859	271.72	m	9.735	2.564	F2	0.462
HD 156771	HIP 84493	259.11338	54.54425	271.73	m	9.314	2.143	F5	0.431
HD 15146	HIP 11323	36.43618	-21.30915	271.76	m	9.236	2.065	F5	0.462
HD 20414	HIP 15133	48.7784	-48.52206	271.82	m	9.421	2.25	G5/6 V	1.029
HD 18351	HIP 13606	43.83434	-46.20529	271.84	m	9.064	1.892	G8 III	1.104
HIP 36241		111.94817	-61.99912	271.84	m	11.15	3.976		0.608
HIP 55850		171.70091	-50.71018	271.87	m	9.287	2.115		0.469
HD 245089	HIP 26214	83.80423	18.57105	271.9	m	9.375	2.203	F5	0.501
HD 55582	HIP 34960	108.50408	11.86804	271.93	m	9.339	2.167	A2	0.236
HD 79820	HIP 45358	138.64838	-47.81389	271.94	m	9.15	1.978	F6 V	0.552
HD 167880	HIP 89627	274.3646	-5.51235	271.94	m	9.039	1.867	B9 IV	0.392
HD 47792	HIP 31612	99.24674	-56.25807	271.95	m	9.566	2.394	F3 V	0.431
HIP 17581		56.48959	6.36414	271.96	m	10.03	2.852	F8	0.651
HD 302073	HIP 44600	136.30194	-55.89184	271.97	m	9.656	2.483	F0	0.442
HIP 11026		35.49739	-4.51072	271.97	m	9.722	2.549	G0	0.624
HIP 51751		158.59682	21.59345	271.98	m	9.548	2.375	F8	0.424
HD 138992	HIP 76393	234.03666	-20.43799	272.01	m	9.693	2.52	F0 V	0.415
HIP 97457		297.13592	-37.63894	272.08	m	11.15	3.978	F8	0.476
HIP 71324		218.782	18.83274	272.11	m	9.74	2.566	K0	1.128
HD 158840	HIP 85809	263.0016	-12.52358	272.12	m	9.298	2.124	A1 V	0.361
HIP 69616		213.7281	47.59462	272.12	m	10.53	3.355	K0	0.993
HD 217815	HIP 113865	345.89132	-21.68631	272.14	m	9.884	2.71	K1 (III)	1.201
HD 146899	HIP 79987	244.9077	-26.87527	272.2	m	10.33	3.157	A5 II	0.667
HIP 45608		139.44892	8.85664	272.21	m	9.563	2.389	F2	0.295
HD 106019	HIP 59466	182.96144	64.20979	272.21	m	9.076	1.901	G0	0.53
HD 1523	HIP 1556	4.84357	-14.83285	272.21	m	9.164	1.989	G5 IV	0.9
HD 222137	HIP 116641	354.55878	-46.2138	272.22	m	10.19	3.014	F5 V	0.672
HD 158021	HIP 85488	262.06309	-34.61097	272.26	m	9.18	2.005	K1 (III)	1.641
HIP 58589		180.21752	25.382	272.28	m	10	2.828	F5	0.519
HIP 115387		350.608	13.44268	272.29	m	10.11	2.936	F5	0.565
HIP 81777		250.54477	25.42714	272.31	m	9.338	2.163	F7IV-V	0.557
HD 286352	HIP 18467	59.20816	13.36706	272.37	m	9.828	2.652	F2	0.589
HD 184957	HIP 96731	294.95935	-55.61873	272.38	m	9.858	2.682	F5 V	0.511
HIP 51095		156.58914	-55.47738	272.38	m	9.41	2.234		1.104
HIP 68155		209.29882	11.85057	272.45	m	10.64	3.469	G	0.541
HD 170202	HIP 90560	277.18826	-14.18934	272.46	m	9.211	2.035	F0 V	0.577
HD 105369	HIP 59162	181.99706	42.69933	272.48	e	9.62	2.443	F8	0.458
HIP 85555		262.26001	38.74576	272.48	e	9.632	2.455	F5	0.519
HIP 46636		142.6475	35.33043	272.48	m	9.772	2.595	F5	0.42
HIP 19556		62.83821	2.36057	272.5	m	10.16	2.979	F0	0.699
HD 37087	HIP 26491	84.51653	44.58195	272.51	m	9.127	1.95	A 7 V	0.291
HD 212629	HIP 110731	336.51549	-22.92586	272.53	m	9.297	2.12	F7/8 V	0.582
HD 163446	HIP 87830	269.11791	-6.55171	272.54	m	9.036	1.859	K0 III	1.467
HD 77766	HIP 44447	135.82921	-37.35147	272.54	m	9.052	1.875	G8 IV	1.025
HD 207986	HIP 108059	328.4005	-21.71824	272.6	m	9.327	2.149	F0 V	0.318
HIP 91333		279.43045	85.60869	272.6	m	9.094	1.916	A0	0.284
HD 74907	HIP 43213	132.04673	38.60609	272.63	m	9.336	2.158	F0	0.283
HD 32168	HIP 23188	74.84736	-39.8742	272.66	m	9.918	2.74	G5 V	0.653
HD 99020	HIP 55586	170.79309	-51.20217	272.67	m	9.54	2.362	F3 V	0.452
HD 14156	HIP 10646	34.26331	-14.21429	272.72	m	9.55	2.371	G0 V	0.715
HIP 51616		158.18106	36.39575	272.76	m	9.899	2.72	F2	0.474
HD 22204	HIP 16608	53.4399	-21.92752	272.77	m	10.14	2.958	A7/8 II/III	0.4
HD 24333	HIP 17823	57.20651	-61.34212	272.83	m	10.44	3.264	F3/5 IV/V	0.535
HD 136904	HIP 75298	230.77053	3.6134	272.83	m	9.101	1.922	A9 V	0.31
HIP 52110		159.70307	47.73152	272.84	m	9.457	2.277	G0	0.717
HD 338847	HIP 96951	295.62991	24.81646	272.84	m	9.396	2.216	F0	0.265
HIP 19520		62.73052	-2.48875	272.85	m	9.151	1.971	A2	0.302
HD 94398	HIP 53351	163.66879	52.37687	272.9	m	9.161	1.981	A2	0.397
HIP 48825		149.40017	13.61781	272.94	m	9.573	2.393	K2	1.141
HD 161755	HIP 87129	267.02755	-18.29124	272.95	m	9.71	2.53	AP SR(EUCR)	0.516
HIP 116167		353.06112	14.9691	272.97	m	9.569	2.388	F5	0.525
HD 128828	HIP 71586	219.60654	28.92966	273	m	9.793	2.612	F5	0.573
HIP 45971		140.63361	47.39821	273	m	10.57	3.393	F2	0.446
HD 79095	HIP 45247	138.33832	42.32941	273.03	m	9.499	2.318	G5	0.601
HIP 105605		320.84059	66.95404	273.08	m	9.979	2.798	A2	0.407
HIP 60300		185.4676	28.14989	273.09	m	10.01	2.828	G8III	1.01
HIP 46516		142.31484	8.63346	273.09	m	11.16	3.982	A0	0.506
HD 9534	HIP 7292	23.48235	25.21832	273.09	m	9.108	1.926	A2	0.202
HD 124957	HIP 69774	214.20531	-13.5061	273.09	m	9.602	2.42	F6 V	0.535
HD 210141	HIP 109329	332.23983	-35.9448	273.13	m	10.76	3.581	F8	0.651
HD 22745	HIP 17051	54.8268	-4.30525	273.17	m	9.936	2.754	F7 V	0.509
HIP 56276		173.05579	16.39518	273.17	m	9.78	2.598	F8	0.715
HIP 109020		331.29407	44.06462	273.18	m	10.07	2.884	A2	0.299
HD 243257	HIP 25239	80.96371	14.75092	273.19	m	10.82	3.636	F 5 V	0.315
HD 136208	HIP 75111	230.23205	-43.48182	273.26	m	9.213	2.03	F5 IV	0.765
HD 161172	HIP 86922	266.41392	-36.70464	273.37	m	9.627	2.443	F0 V	0.36
HIP 41748		127.6942	61.97261	273.46	m	9.902	2.718	F2	0.319
HD 173508	HIP 92333	282.27903	-57.33552	273.48	m	9.129	1.944	K1 III	1.275
HIP 57063		175.47332	15.80018	273.49	m	9.146	1.961	K2	1.52
HD 232156	HIP 1548	4.82324	53.02058	273.54	m	9.467	2.282	A7	0.415
HD 185708	HIP 96877	295.39553	-30.12765	273.54	m	9.744	2.559	F2 V	0.555
HIP 84375		258.74273	15.66947	273.55	m	10.36	3.171	K	1.064
HD 32940	HIP 23758	76.59668	-7.7324	273.59	m	9.015	1.829	A0 V	0.077
HD 195174	HIP 101394	308.23256	-60.57891	273.62	m	9.475	2.289	F0 V	0.412
HIP 18539		59.48611	9.62526	273.65	m	9.525	2.339	F8	0.603
HD 236108	HIP 115421	350.70669	54.00659	273.65	m	9.152	1.966	A2	0.269
HD 330719	HIP 80663	247.03459	-46.90121	273.66	m	10.2	3.016	F2	0.588
HIP 86595		265.44815	15.77876	273.7	m	9.685	2.499	F2	0.4
HD 170336	HIP 90787	277.82946	-48.35725	273.7	m	10.36	3.171	F3V	0.333
HD 219016	HIP 114554	348.0627	38.78306	273.71	m	9.156	1.97	A5	0.264
HIP 64745		199.04024	16.05696	273.73	m	10.25	3.065	F5	0.554
HD 220144	HIP 115325	350.38101	-16.87572	273.76	m	9.088	1.901	A1/2 III	0.326
HD 101044	HIP 56705	174.39506	-16.93072	273.76	m	9.228	2.041	A1 IV/V + A/F	0.201
HD 38724	HIP 27385	86.99776	3.9685	273.85	m	9.156	1.968	A0 IV	0.27
HIP 8633		27.83722	36.77478	273.88	m	9.538	2.35	F5	0.454
HIP 63982		196.66417	28.87698	273.95	m	11.54	4.354	G0V	0.347
HD 200217	HIP 103937	315.89721	-41.76775	273.95	m	11.02	3.833	F3/5 V	0.482
HIP 638		1.95051	21.74558	273.96	m	9.907	2.719	A2	0.231
HIP 85072		260.79927	-51.02444	273.97	e	10.68	3.492	G0	0.986
HD 206873	HIP 107670	327.1504	-71.2077	274.02	m	9.547	2.358	A2MF0-F2	0.375
HD 223508	HIP 117533	357.54288	-9.56025	274.02	m	9.576	2.387	F0 V	0.559
HIP 66673		205.0104	-0.03855	274.02	m	11.99	4.803	sdF0::	-0.246
HD 234558	HIP 88626	271.4294	53.95578	274.02	m	9.743	2.554	F8	0.507
HIP 71562		219.53655	14.70143	274.1	m	10.02	2.833	F8	0.686
HD 10010	HIP 7578	24.40253	-10.81586	274.13	m	10.04	2.848	A9 V	0.315
HD 60608	HIP 36759	113.39571	-40.91163	274.13	m	10.29	3.097	G3/5 V	0.38
HD 37363	HIP 26056	83.36532	-64.41833	274.16	m	9.151	1.961	A2 V	0.142
HD 187314	HIP 97721	297.88836	-48.5383	274.19	m	10.27	3.079	G3/5 V	0.696
HD 82739	HIP 47095	143.96563	54.6995	274.2	m	9	1.81	K0	1.265
HD 158514	HIP 85712	262.72715	-29.04553	274.27	m	9.526	2.335	F3 V	0.638
HD 123663	HIP 69188	212.44933	-33.20866	274.3	m	9.244	2.053	G3 V	0.882
HIP 82895		254.10107	42.65391	274.33	m	9.685	2.494	F5	0.487
HD 187172	HIP 97522	297.31304	-20.72472	274.35	m	9.749	2.557	A9 IV	0.353
HIP 78054		239.04373	-28.20545	274.37	m	9.929	2.737	F5	0.542
HD 340643	HIP 101837	309.56465	27.65549	274.38	m	9.966	2.774	F8	0.656
HIP 34001		105.81878	46.12016	274.39	m	9.13	1.938	K5	1.469
HD 88988	HIP 50297	154.04264	11.66798	274.4	m	9.742	2.55	G	0.48
HD 114012	HIP 64138	197.16923	-63.21155	274.41	m	9.17	1.978	A0 V	0.507
HD 31336	HIP 22338	72.16038	-71.01968	274.45	m	9.841	2.649	F2/3 V	0.52
HD 35144	HIP 25487	81.76974	62.96007	274.45	m	9.045	1.853	A3	0.347
HD 58742	HIP 35971	111.20753	-45.15759	274.48	m	9.368	2.175	G8 III	0.955
HD 217612	HIP 113778	345.63257	-42.79243	274.5	m	10.4	3.207	F0 V	0.464
HIP 63949		196.58902	46.51974	274.51	m	9.412	2.219	K0	1.214
HD 24837	HIP 18288	58.66676	-50.03467	274.51	m	9.521	2.328	F3 V	0.373
HD 195389	HIP 101429	308.33217	-53.86956	274.52	m	9.694	2.501	F3 V	0.482
HD 245506	HIP 26411	84.31811	19.0105	274.54	m	9.406	2.213	F0	0.407
HIP 82446		252.73719	27.10674	274.56	m	9.054	1.861	A5	0.215
HIP 20986		67.51261	8.19228	274.63	m	9.779	2.585	F8	0.846
HIP 47101		143.99576	42.1808	274.64	m	10.96	3.769	G0	0.54
HD 113765	HIP 63961	196.6127	-42.0622	274.64	m	9.507	2.313	K1/2 III	1.384
HIP 16880		54.3082	49.55756	274.66	m	10.2	3.008	F 6 IV-V	0.535
HD 199370	HIP 103479	314.47692	-36.45311	274.68	m	9.936	2.742	F3 V	0.521
HIP 84235		258.27523	36.60694	274.69	m	9.951	2.757	F5	0.526
HD 281305	HIP 18258	58.58622	30.99857	274.73	m	9.609	2.415	A0	0.534
HD 198699	HIP 103174	313.55784	-51.62111	274.76	m	9.699	2.504	G8 V	0.863
HD 7826	HIP 6052	19.42853	-18.74619	274.78	m	9.759	2.564	F0 V	0.323
HIP 4562		14.58579	49.99797	274.78	m	9.166	1.971	A2	0.288
HD 120267	HIP 67370	207.13184	-5.43261	274.81	m	9.75	2.555	F2 V	0.426
HIP 69690		213.98109	47.16406	274.81	m	9.332	2.137	K0	1.218
HD 203477	HIP 105592	320.80814	-29.55434	274.85	m	10.09	2.895	G6 V	0.689
HIP 9595		30.85672	-76.19875	274.86	m	10.12	2.922		0.646
HD 216902	HIP 113313	344.22246	6.10142	274.9	m	9.062	1.866	G0	0.493
HD 1845	HIP 1834	5.80944	55.79257	274.9	m	9.256	2.06	M8	1.427
HD 100748	HIP 56539	173.89427	-24.76553	274.9	m	9.796	2.6	A7/8 V	0.4
HIP 2425		7.72884	35.01242	274.92	m	9.611	2.415	F2	0.518
HD 286130	HIP 22799	73.56777	18.23212	274.93	m	11.01	3.817	F2	0.709
HD 6214	HIP 4947	15.86345	21.80516	274.93	m	9.11	1.914	A3	0.351
HIP 53013		162.6879	47.01625	274.94	m	10.88	3.685	F8	0.82
HD 31117	HIP 22537	72.76259	-44.92558	274.95	m	9.485	2.289	F0/2 IV/V	0.435
HD 92526	HIP 52313	160.33692	23.96045	274.96	m	9.429	2.233	G0	0.606
HIP 40290		123.41915	-63.42175	274.96	m	11.66	4.46	Fp	0.63
HD 123875	HIP 69117	212.22746	46.13427	274.98	m	9.417	2.221	F5	0.548
HD 98452	HIP 55321	169.92868	5.11406	274.98	m	9.219	2.023	A2	0.304
HIP 66661		204.9853	7.35824	274.98	m	10.47	3.278	G5	0.474
HIP 81714		250.36251	44.60338	275	m	10.38	3.184	F2	0.523
HD 61146	HIP 37431	115.25357	56.47369	275.07	m	9.352	2.155	A5	0.316
HIP 85		0.25614	-24.71405	275.07	m	10.68	3.478	A2	0.324
HD 130041	HIP 72437	222.18376	-62.26223	275.07	m	9.178	1.981	K2	1.447
HD 8238	HIP 6319	20.28837	-36.89965	275.09	m	9.869	2.672	F3 V	0.479
HIP 103504		314.55558	-39.05466	275.1	m	9.731	2.534	F5	0.501
HD 180140	HIP 94546	288.647	22.24507	275.22	m	9.211	2.013	A2	0.33
HD 238711	HIP 85709	262.71792	58.35347	275.23	m	9.766	2.567	A3	0.313
HD 78014	HIP 44632	136.42151	-8.26105	275.28	m	9.592	2.393	A5 III	0.241
HD 34480	HIP 24689	79.43245	-0.3701	275.31	m	9.037	1.838	A0 V	0.147
HD 214855	HIP 112035	340.38727	-31.53279	275.34	m	9.969	2.77	G8 (IV)	1.042
HD 39876	HIP 27677	87.8955	-58.72689	275.42	m	9.669	2.469	F0 (IV)	0.36
HD 338272	HIP 95427	291.17313	26.95054	275.42	m	9.044	1.844	G0	0.583
HD 32528	HIP 23535	75.9095	-5.1453	275.45	m	9.001	1.801	A3 III	0.202
HD 136147	HIP 75072	230.11786	-42.43733	275.45	m	9.3	2.1	F0 V	0.386
HD 219773	HIP 115081	349.63583	-18.3909	275.47	m	9.264	2.064	F6 V	0.582
HD 95529	HIP 53899	165.42538	5.10206	275.5	m	9.409	2.208	G5	0.715
HD 20342	HIP 14942	48.1581	-65.35859	275.55	m	9.611	2.41	A1MA6-F2	0.331
HIP 61718		189.75813	17.43719	275.56	m	9.452	2.251	F0	0.318
HIP 71318		218.75681	5.01221	275.56	m	10.15	2.953	G0	0.729
HIP 30371		95.80352	-42.32604	275.57	m	9.819	2.618	G8	0.596
HIP 61422		188.78692	32.81322	275.6	m	10.6	3.401	F8	0.626
HD 152159	HIP 82597	253.27864	-33.38278	275.62	m	9.111	1.909	K0/1 (III)	1.364
HIP 38456		118.16152	31.36782	275.63	m	10.45	3.252	F5	0.66
HD 82190	HIP 46707	142.82859	31.74189	275.63	m	9.336	2.134	G0	0.425
HD 10562	HIP 7920	25.44865	-50.96581	275.64	m	10.01	2.812	F3/5 V	0.548
HIP 25101		80.60646	-29.72106	275.65	m	11.45	4.252		0.446
HIP 73045		223.92505	-25.27193	275.65	m	10.22	3.02	F8	0.547
HD 192229	HIP 99706	303.48993	-4.32211	275.72	m	9.354	2.152	A3 V	0.472
Gl 3491	HIP 40665	124.5148	31.27794	275.73	m	10.12	2.919	F5	0.454
HD 125001	HIP 69801	214.28077	-14.01672	275.74	m	9.427	2.224	F3 V	0.518
HD 19409	HIP 14550	46.96135	16.07323	275.75	m	9.531	2.328	K0	1.405
HD 84645	HIP 47821	146.22141	-55.09141	275.76	m	9.066	1.863	F2 V	0.379
HIP 57586		177.09558	42.4151	275.76	m	9.251	2.048	G8III	1.061
HIP 75566		231.56132	6.70001	275.77	m	10.38	3.175	F2	0.386
HD 194969	HIP 101185	307.64401	-49.8552	275.78	m	10.32	3.116	F3/5 V	0.4
HIP 92443		282.58952	-38.64654	275.8	m	12.13	4.929		0.658
HIP 1678		5.25226	-24.2527	275.84	m	10.99	3.792	F8	0.399
HIP 15245		49.15194	-7.32754	275.84	m	9.747	2.544	F5	0.537
HD 23346	HIP 16821	54.11169	-77.11618	275.85	m	9.044	1.841	F3 V	0.512
HD 12673	HIP 9483	30.50396	-60.7074	275.85	m	9.581	2.378	F3/5 V	0.513
HD 151842	HIP 82382	252.51315	-2.03503	275.86	m	9.067	1.864	F0 IV	0.589
HD 50744	HIP 33467	104.35768	52.84539	275.91	m	9.073	1.869	F5	0.432
HIP 68157		209.3022	13.88921	275.92	m	10.73	3.527	F8	0.882
HD 59665	HIP 36697	113.23549	43.05454	275.95	m	9.135	1.931	K5	1.421
HD 14311	HIP 10936	35.21813	58.88863	275.95	m	9.447	2.243	K0	1.398
HD 210209	HIP 109242	331.96438	41.61261	275.95	m	9.077	1.873	A0	0.163
HD 176759	HIP 93112	284.52413	60.3224	275.97	m	9.269	2.065	A2	0.132
HIP 66387		204.16853	28.77699	275.99	m	9.771	2.567	G0	0.596
HD 152679	HIP 82788	253.78002	-9.40269	275.99	m	9.873	2.669	A1/2 III/IV	0.539
HIP 84279		258.43311	40.99531	276	m	10.13	2.923	F5	0.478
HD 152177	HIP 82564	253.1464	-19.70616	276.01	m	9.956	2.751	F3 V	0.69
HIP 38332		117.77847	18.66998	276.01	m	9.053	1.848	K5	1.629
HIP 51720		158.51413	10.40547	276.02	m	10.43	3.229	F0	0.437
HD 89660	HIP 50592	155.02881	-34.513	276.03	m	9.145	1.94	F8/G0 V	0.738
HIP 59877		184.19317	29.58664	276.04	m	10.16	2.96	K0	0.347
HD 192779	HIP 100175	304.79195	-53.33587	276.05	m	10.09	2.884	F5 V	0.466
HD 133925	HIP 73951	226.67928	12.88807	276.05	m	10.69	3.483	F5	0.487
HD 50519	HIP 32604	102.03727	-68.42384	276.06	m	9.13	1.925	F5 V	0.505
HD 178112	HIP 94074	287.25987	-39.01893	276.08	m	9.353	2.148	F2 V	0.455
HIP 113337		344.28687	47.18549	276.09	m	9.18	1.975	F0(P)	0.446
HD 200654	HIP 104191	316.64478	-49.96397	276.15	m	9.155	1.949	(G)W	0.642
HIP 92809		283.65897	30.32936	276.16	m	9.158	1.952	A2	0.162
HD 100668	HIP 56513	173.78614	2.84951	276.17	m	9.67	2.464	F2/3 V	0.487
HD 210235	HIP 109419	332.53083	-48.36703	276.21	m	9.328	2.122	F5/6 V	0.491
HD 160969	HIP 86699	265.71693	0.64562	276.21	m	9.038	1.832	G8 IV	1.542
HD 61495	HIP 36705	113.25664	-72.58799	276.22	m	9.034	1.828	A3 V	0.165
HD 34093	HIP 24605	79.1668	39.04578	276.22	m	9.024	1.818	A2	0.157
HD 121843	HIP 68159	209.30533	37.76756	276.23	m	9.105	1.899	G5	0.427
HD 115493	HIP 64893	199.52238	-38.48221	276.24	e	9.486	2.28	G0 V	0.696
HIP 7093		22.85068	-31.89148	276.29	m	10.34	3.134	F8	0.672
HIP 26878		85.59927	79.32918	276.3	m	9.684	2.477		0.632
HIP 43053		131.57043	23.86005	276.38	m	9.9	2.692	K0	0.978
HIP 108315		329.14657	30.8773	276.47	m	9.479	2.271	A5	0.283
HIP 105714		321.17054	-47.66297	276.51	m	10.2	2.995	F2	0.606
HD 151800	HIP 82425	252.6767	-26.08907	276.57	m	9.232	2.023	G8/K0 III	1.277
HIP 72201		221.51302	33.8794	276.58	m	10.02	2.806	G0	0.405
HD 218047	HIP 113986	346.25781	-9.58329	276.59	m	9.022	1.813	F0 V	0.416
HIP 96433		294.0935	-29.99123	276.62	m	10.73	3.525	F5	0.321
HD 70012	HIP 40820	124.96879	4.74292	276.66	m	9.209	1.999	A2	0.179
HD 205003	HIP 106382	323.2038	-18.57875	276.7	m	9.124	1.914	A0 V	0.05
HIP 72928		223.58174	40.39628	276.71	m	9.929	2.719	F5	0.447
HIP 62230		191.31183	18.2867	276.72	m	9.746	2.536	F2	0.447
HD 11796	HIP 8813	28.31264	-66.21661	276.73	m	9.759	2.549	F3 IV/V	0.489
HD 186649	HIP 97325	296.68335	-29.60197	276.76	m	9.746	2.535	A8 V	0.314
HIP 68859		211.5079	8.50198	276.76	m	10.25	3.042	F8	0.415
HIP 34237		106.46147	17.42852	276.77	m	9.101	1.89	A2	0.253
HIP 111912		340.03378	34.10808	276.78	m	10.67	3.463	F2	0.494
HD 122090	HIP 68432	210.13952	-40.3345	276.8	m	9.002	1.791	G0 V	0.695
HIP 14034		45.1763	46.82685	276.8	m	9.008	1.797	F8	0.617
HD 286150	HIP 22740	73.3829	16.82197	276.83	m	10.46	3.254	F0	0.847
HD 141146	HIP 77400	237.01816	-17.77509	276.84	m	9.88	2.669	F2 V	0.586
HIP 54512		167.30075	44.90043	276.84	m	10.33	3.12	F2	0.571
HD 242273	HIP 24685	79.42495	30.98427	276.87	m	10.33	3.115	F2	0.404
HD 237536	HIP 32305	101.17579	59.64055	276.91	m	9.727	2.515	F0	0.446
HD 10255	HIP 7752	24.94912	-28.27519	276.93	m	10.29	3.076	F2 V	0.399
HIP 59991		184.55324	34.57992	276.93	m	10.26	3.051	F5	0.446
HIP 46230		141.38333	41.39116	276.96	m	10.63	3.423	F8	0.601
HIP 64669		198.83105	21.90657	276.96	m	10.05	2.835	F8	0.389
HIP 41701		127.56164	48.32587	276.97	m	9.17	1.958	F0	0.488
HIP 6644		21.30315	-16.91091	277.01	m	9.752	2.54	F8	0.507
HD 178227	HIP 94153	287.47574	-44.9324	277.04	m	10.45	3.236	F3 V	0.525
HIP 72974		223.69848	-29.69281	277.06	m	10.15	2.939	G0	0.612
HD 182131	HIP 95283	290.77338	3.65017	277.08	m	9.526	2.313	B9 IV/V	-0.084
HD 341794	HIP 89493	273.94647	23.99239	277.14	m	9.776	2.562	A7	0.411
HIP 62693		192.69783	-5.04719	277.17	m	10.2	2.989	G0	0.664
Gl 1180	HIP 67692	207.99816	26.63636	277.18	m	10.96	3.75		0.793
HIP 60258		185.33831	46.59006	277.2	m	10.56	3.348	F5	0.441
HIP 58449		179.78667	42.46638	277.21	m	10.81	3.593	G0	0.543
HIP 108175		328.75125	27.64831	277.22	m	10.34	3.13	F8	0.438
HD 114658	HIP 64358	197.8715	32.29379	277.22	m	9.075	1.861	K0	1.332
HD 31115	HIP 22619	73.00383	-28.05705	277.23	m	9.91	2.696	F3/5 V	0.509
HD 286935	HIP 21650	69.73365	11.99731	277.24	m	9.109	1.895	A0	0.237
HIP 8495		27.37864	28.69889	277.24	m	10.51	3.297		0.607
HD 93568	HIP 52837	162.05365	6.79026	277.32	m	9.251	2.036	F0	0.331
HD 90275	HIP 51160	156.75113	60.84549	277.32	m	9.628	2.413	K0	0.811
HIP 4503		14.42229	8.21036	277.36	m	9.553	2.338	K0	1.169
HD 36258	HIP 26877	85.59395	79.33186	277.38	m	9.018	1.803	G5	1.185
HD 111554	HIP 62679	192.65874	-53.43566	277.4	m	9.5	2.284	F0 V	0.54
HIP 80856		247.67184	23.7568	277.4	m	10.19	2.977	K0	1.03
HIP 115303		350.29765	-45.00977	277.46	m	10.07	2.858	F5	0.69
HD 58504	HIP 36016	111.32939	-16.45903	277.46	m	9.375	2.159	A9 IV/V	0.505
HIP 64760		199.0779	66.11074	277.52	m	9.335	2.119	F8	0.596
HIP 19464		62.52068	24.11492	277.53	m	11.87	4.655	G0	0.224
HIP 82920		254.17534	26.06795	277.53	m	9.221	2.004	K0	1.165
HIP 103176		313.56682	-37.92711	277.54	m	10.47	3.258	G0	0.664
HD 2571	HIP 2287	7.30193	-17.8254	277.55	m	10.44	3.218	G0/2 V	0.661
HIP 87677		268.61998	-64.86707	277.57	m	9.575	2.358	F8	0.363
HIP 38053		116.98947	35.53798	277.57	m	10.69	3.474	F8	0.622
HIP 53116		162.99767	18.7137	277.58	m	11.01	3.792	F5	0.454
HD 29379	HIP 21422	68.98691	-38.17363	277.62	m	9.066	1.849	A2MA8-A9	0.231
HIP 50178		153.6396	6.96692	277.66	m	9.801	2.583	K2	1.163
HD 222127	HIP 116625	354.51426	-28.76029	277.71	m	9.125	1.907	K2 III	1.44
HIP 78898		241.59421	18.50177	277.75	m	10.33	3.109	F8	0.727
HIP 55021		168.97423	26.77023	277.77	m	9.919	2.701	F0	0.368
HD 191868	HIP 99735	303.55064	-48.53975	277.78	m	10.17	2.953	F3/5 (V)	0.558
HIP 116227		353.23367	-5.66761	277.79	m	10.36	3.14	F8	0.629
HD 222507	HIP 116868	355.32747	-20.46471	277.8	m	9.488	2.269	F0 V	0.512
HIP 114675		348.46035	48.06348	277.8	m	9.847	2.628	A5	0.311
HD 148966	HIP 80909	247.84381	7.65053	277.82	m	9.297	2.078	A2	0.199
HD 166436	HIP 88957	272.37598	26.95672	277.83	m	9.287	2.068	A3	0.227
HIP 110153		334.6888	76.34595	277.85	m	9.17	1.951	A5	0.326
HD 214114	HIP 111555	338.99939	5.59863	277.86	m	9.304	2.085	G0	0.541
HIP 72031		221.01564	12.5614	277.86	m	10.13	2.907	F5	0.371
HD 234047	HIP 65883	202.57571	51.56294	277.86	m	9.551	2.332	F8	0.521
HIP 75600		231.69172	21.62298	277.89	m	11.29	4.076	F8	0.66
HIP 118274		359.86137	-28.85386	277.92	m	10.16	2.941		0.487
HD 23471	HIP 17411	55.94931	-41.37031	277.93	m	9.683	2.463	G3 V	0.6
HIP 26825		85.43233	-28.06845	277.99	m	9.515	2.295	A0	0.17
HIP 52142		159.7869	45.4833	277.99	m	10.19	2.966	F8	0.779
HD 186403	HIP 97214	296.36113	-32.63417	277.99	m	10.27	3.052	F5/6 V	0.618
HIP 72780		223.15737	14.0793	278.01	m	9.532	2.312	F2	0.533
HD 21785	HIP 16461	53.00788	37.51477	278.09	m	9.215	1.994	A0	0.239
HD 160083	HIP 86338	264.63617	-12.36709	278.14	m	9.101	1.88	K0 III	1.465
HD 51160	HIP 32941	102.93049	-64.03009	278.14	m	9.65	2.429	F2 IV	0.468
HD 43124	HIP 29950	94.57139	58.29943	278.16	m	9.081	1.86	A2	0.248
HIP 70456		216.1905	25.67447	278.19	m	9.339	2.117	A3	0.243
HIP 16119		51.91418	22.89781	278.21	m	10.94	3.72		0.67
HD 259869	HIP 31467	98.87	33.00692	278.22	m	10.2	2.979	F8	0.436
HD 72887	HIP 42140	128.84932	3.2926	278.23	m	9.402	2.18	A3 III	0.234
HIP 43990		134.37274	37.20161	278.24	m	9.761	2.539	F2	0.501
HIP 85847		263.1427	60.78275	278.27	m	9.905	2.683	F0	0.362
HD 286381	HIP 18341	58.82603	10.77175	278.27	m	9.378	2.156	F5	0.583
HD 111677	HIP 62702	192.73361	6.26582	278.36	m	9.686	2.463	A5	0.204
HIP 68568		210.55684	4.64381	278.36	m	10.56	3.334	F5	0.474
HIP 12969		41.6996	-39.05704	278.37	m	11.46	4.234		0.488
HD 44687	HIP 30192	95.27772	-41.55363	278.42	m	9.443	2.219	F6/7 V	0.569
HD 221885	HIP 116477	354.02173	-50.53635	278.5	m	10.5	3.273	F0 V	0.494
HIP 7804		25.09841	34.34832	278.51	m	9.968	2.744		0.523
HD 130631	HIP 72638	222.76425	-50.54274	278.51	m	9.696	2.472	F7 V	0.694
HD 118065	HIP 66133	203.35807	51.12711	278.57	m	9.146	1.921	F5	0.324
HD 70563	HIP 41235	126.2186	49.71317	278.6	m	9.4	2.175	F0	0.339
HD 75080	HIP 43097	131.65861	-35.58856	278.61	m	9.011	1.786	A8 V	0.267
HD 88160	HIP 49884	152.79399	46.24161	278.62	m	9.573	2.348	G5	0.599
HD 119620	HIP 67047	206.11251	-10.15399	278.77	m	9.143	1.917	F7 V	0.525
HD 68421	HIP 39993	122.5078	-49.85427	278.81	m	9.047	1.82	A5 V	0.24
HD 139894	HIP 76718	234.99073	21.16891	278.82	m	9.223	1.996	K2	1.207
HD 238987	HIP 93727	286.2641	57.12566	278.82	m	9.313	2.086	A3	0.309
HIP 3446		11.01487	-13.92398	278.83	m	12.21	4.987		0.592
HIP 41083		125.73561	20.56943	278.83	m	9.652	2.425	K0	0.951
HIP 15625		50.30203	13.784	278.87	m	10.32	3.09	F5	0.701
HIP 68826		211.38186	-36.54891	278.9	m	10.01	2.782		0.23
HD 118238	HIP 66358	204.03466	-33.47912	278.94	m	9.194	1.966	K2 IIIP	1.478
HIP 3694		11.83597	16.36994	278.95	m	10.9	3.668	F8	0.646
HD 101505	HIP 56971	175.17822	-34.25755	279	m	9.268	2.04	K0 IV/V	1.32
HIP 53191		163.19733	48.84219	279	m	9.729	2.501	F2	0.501
HD 15245	HIP 11404	36.73929	-14.48507	279.01	m	9.051	1.823	F2 V	0.405
HD 33124	HIP 23903	77.03101	-0.60837	279.1	m	9.107	1.878	A3 II/III	0.327
HD 219865	HIP 115118	349.75896	23.06994	279.12	m	9.107	1.878	K0	1.195
HIP 65364		200.94239	21.58142	279.14	m	10.17	2.939	G5	0.889
HIP 96696		294.87288	47.44688	279.15	m	9.081	1.852	K0	1.317
HD 165086	HIP 88679	271.55167	-42.17885	279.19	m	9.883	2.654	F0/2 V	0.454
HD 206710	HIP 107389	326.25747	-38.7691	279.21	m	9.769	2.539	F5/6 V	0.543
HD 37413	HIP 26497	84.5319	-7.75381	279.26	m	9.632	2.402	A1/2 IV/V	0.201
HD 281159	HIP 17468	56.14731	32.16796	279.27	m	10.29	3.065	A2	
HD 42601	HIP 29392	92.91877	1.76543	279.28	m	9.048	1.818	A3 III	0.183
HD 174861	HIP 92816	283.68367	-43.71539	279.3	m	9.063	1.833	K0 III	1.099
HD 32541	HIP 23571	76.01709	2.95604	279.3	m	9.593	2.363	A3 V	0.267
HIP 62666		192.61412	-49.54636	279.32	m	10.02	2.786	F5	0.488
HIP 63817		196.19393	37.09952	279.33	m	10.6	3.372	G0	0.709
HD 198375	HIP 102934	312.82789	-42.07041	279.33	m	9.852	2.621	F0 V	0.361
HD 8999	HIP 6870	22.10259	-15.90756	279.35	m	9.257	2.026	G2 V	0.698
HD 21982	HIP 16284	52.47963	-55.90032	279.37	m	9.139	1.908	F2 IV/V	0.422
HIP 76643		234.76675	36.75431	279.38	m	9.267	2.036	F0	0.316
HD 174827	HIP 97658	297.71928	-87.84532	279.38	m	9.88	2.649	F5 V	0.573
HIP 38919		119.46587	39.35875	279.4	m	10.47	3.235	F2	0.485
HD 46204	HIP 31138	97.99386	-0.95543	279.44	m	9.241	2.01	A1 V	0.053
HD 22571	HIP 16929	54.46657	0.97356	279.48	m	9.523	2.291	A8/9 III/IV	0.421
HIP 7738		24.91323	40.58372	279.49	m	9.222	1.99	K 3 V	1.359
HD 84715	HIP 47861	146.31935	-53.2502	279.5	m	9.664	2.432	F7/G0 (V)	0.645
HIP 41462		126.85921	23.1455	279.51	m	9.692	2.46	A0	0.179
HD 207453	HIP 107831	327.68257	-53.34114	279.55	m	10.25	3.014	G5/6 V	1.019
HD 164113	HIP 88678	271.54773	-71.13759	279.55	m	9.365	2.133	F2 IV	0.426
HIP 62873		193.29122	43.26278	279.56	m	10.22	2.99	G9III	1.255
HIP 80617		246.92057	-8.26314	279.56	m	9.969	2.737	F2	0.554
HIP 68197		209.43329	-40.80041	279.57	m	10.28	3.045	F8	0.496
HD 82574	HIP 46797	143.04044	-25.59024	279.59	m	9.504	2.271	A9 IV/V	0.33
HIP 55307		169.90114	44.67867	279.61	m	10.15	2.913	F5	0.301
HIP 61813		190.02453	24.6486	279.68	m	9.467	2.234	F8	0.527
HD 192157	HIP 99946	304.17072	-59.68089	279.7	m	10.54	3.312	F0 V	0.556
HIP 57311		176.26729	57.80176	279.76	m	9.882	2.648		0.545
HIP 51410		157.51227	69.27154	279.77	m	10.63	3.393	F8	0.501
HIP 2924		9.27408	-26.14497	279.79	m	10.3	3.064	G0	0.621
HD 57002	HIP 34084	106.01592	-82.11238	279.79	m	9.548	2.314	F0 IV/V	0.473
HIP 73046		223.92789	27.13307	279.8	m	10.93	3.692	G0	0.577
HD 59394	HIP 36193	111.80158	-50.54528	279.9	m	9.132	1.897	K2 III	1.421
HD 133346	HIP 74046	226.98645	-68.95865	279.9	m	10.17	2.931	F2/3 (IV)	0.505
HIP 102102		310.37044	-48.21073	279.91	m	10.37	3.136	F5	0.359
HD 202228	HIP 104951	318.88991	-37.36202	279.96	m	9.916	2.681	F3 V	0.543
HD 122028	HIP 68411	210.06084	-43.36402	280	m	10.11	2.871	F5 V	0.508
HD 284588	HIP 21656	69.74547	22.32515	280.05	m	9.969	2.733	F2	0.537
HIP 71339		218.83823	21.15243	280.06	m	11.15	3.912	F8	0.441
HIP 8256		26.57518	11.96192	280.08	m	10.47	3.236	F5	0.475
HIP 85995		263.63678	39.5899	280.11	e	9.408	2.171	K0	0.375
HD 189966	HIP 98765	300.89761	-24.578	280.14	m	9.781	2.544	A7 IV (+ F/G)	0.382
HD 157763	HIP 85375	261.67598	-33.8139	280.17	m	9.867	2.63	A9/F0 V	0.595
HIP 86888		266.29076	-74.98013	280.17	m	9.329	2.092	K0/1 III	1.375
HIP 39200		120.27842	30.25677	280.17	m	10.27	3.031	F8	0.444
HD 233389	HIP 36245	111.95407	53.50456	280.17	m	9.311	2.074	K2	1.401
HD 8239	HIP 6317	20.28484	-40.23263	280.18	m	9.639	2.402	F7/8 V	0.585
HD 222213	HIP 116693	354.71705	-43.6237	280.19	m	9.682	2.445	F2 IV/V	0.356
HIP 10066		32.3905	-18.34468	280.21	m	10.47	3.229	F8	0.39
HIP 8736		28.10382	-25.7154	280.24	m	10.17	2.932	F5	0.776
HIP 32943		102.93447	38.58424	280.29	m	9.841	2.603	F2	0.426
HD 199339	HIP 103434	314.33884	-27.45115	280.29	m	9.945	2.707	A9 V	0.411
HIP 110015		334.23658	-50.12688	280.3	m	9.848	2.61	F2	0.391
HIP 67636		207.87854	4.18661	280.31	m	10.24	3.004	G0	0.942
HIP 116346		353.62766	-27.69129	280.34	m	10.57	3.33	F8	0.453
HIP 2139		6.77336	-25.70049	280.39	m	10.23	2.989	G0	0.572
HD 154880	HIP 83790	256.87158	14.08792	280.42	m	9.826	2.587	F2	0.409
HD 140780	HIP 77232	236.54516	-19.11958	280.43	m	10.27	3.026	F3/5 V	0.454
HIP 54456		167.12597	28.2782	280.56	m	9.669	2.429	F8	0.684
HD 297543	HIP 47474	145.1673	-49.83776	280.56	m	9.977	2.737	F0	0.313
HD 285513	HIP 19499	62.67053	15.23704	280.61	m	9.12	1.879	G5	1.235
HD 103445	HIP 58032	178.53025	-81.19071	280.64	m	9.38	2.139	F0 IV/V	0.471
HIP 104679		318.05436	19.05706	280.66	m	9.95	2.709	F0	0.308
HD 219058	HIP 114621	348.3065	-34.56742	280.66	m	10.32	3.075	G6 V	0.854
HD 147954	HIP 80449	246.3292	-13.1794	280.66	m	9.152	1.911	K1 III	1.586
HD 172089	HIP 91428	279.68012	-12.61295	280.67	m	9.79	2.549	A0 IV	0.304
HIP 111245		338.07674	23.31091	280.67	m	9.417	2.176	F2	0.438
HD 168215	HIP 89907	275.18883	-43.4846	280.67	m	9.089	1.848	F0 V	0.371
HD 7261	HIP 5621	18.03735	-44.49701	280.68	m	9.538	2.297	F7 V	0.623
HIP 1010		3.14649	-36.48601	280.68	m	10.13	2.892	G2	0.845
HIP 81907		250.95699	16.47072	280.7	m	9.327	2.086	K0	1.25
HD 12937	HIP 9687	31.15368	-61.52008	280.73	m	9.375	2.134	F5 IV	0.518
HIP 65088		200.11199	31.30869	280.77	m	10.35	3.104	K 0 III	1.069
HIP 69609		213.69315	-50.98401	280.78	m	10.5	3.254	F8	0.597
HD 78218	HIP 44692	136.61385	-22.37811	280.8	m	9.303	2.061	A0 V	0.184
HIP 65292		200.72404	11.29135	280.81	m	10.24	2.995	F2	0.477
HD 130635	HIP 72832	223.30076	-69.53819	280.82	m	9.236	1.994	A1 V	0.14
HD 61541	HIP 37085	114.30694	-51.6758	280.85	m	9.065	1.823	G8 III	1.23
HIP 13837		44.53439	-0.71841	280.87	m	10.52	3.278	F5	0.594
HD 138407	HIP 75947	232.6756	35.16883	280.88	m	9.018	1.775	F8	0.55
HIP 50679		155.23571	42.18802	280.89	m	10.4	3.159	F2	0.365
HIP 81234		248.87092	12.54623	280.9	m	9.135	1.892	K0	1.163
HD 234295	HIP 79810	244.3266	50.00993	280.9	e	9.86	2.617	F5	0.445
HIP 34003		105.82621	-5.73765	280.9	m	9.636	2.393	K0IV + G2	0.784
HD 61478	HIP 37463	115.34369	41.87626	280.92	m	9.479	2.236	A3	0.272
HD 187520	HIP 97843	298.24558	-52.31531	280.93	m	9.488	2.245	F3 V	0.454
HD 121150	HIP 67827	208.41231	8.53058	280.94	m	9.042	1.799	F8	0.518
HD 150053	HIP 81500	249.70367	-10.43896	280.96	m	9.236	1.993	K1 (III)	1.695
HD 194142	HIP 100675	306.17906	-24.25554	281	m	9.037	1.793	A1MA7-A9	0.331
HD 330193	HIP 78086	239.16745	-50.06086	281	m	10.63	3.383	F8	0.624
HD 130156	HIP 72292	221.75974	-16.47334	281.03	m	9.398	2.154	A3MA7-F3	0.426
HD 183	HIP 532	1.61222	-74.4011	281.04	m	9.938	2.694	F6 V	0.506
HIP 72736		223.06034	3.93861	281.04	m	9.981	2.737	F5	0.782
HIP 72651		222.81084	11.61153	281.05	m	10.25	3.006	F2	0.583
HD 1270	HIP 1332	4.17677	-41.74983	281.09	m	9.738	2.494	F5 V	0.503
HIP 77608		237.66291	22.47643	281.18	m	9.581	2.336	F8	0.547
HD 129854	HIP 72185	221.46991	-33.508	281.2	m	9.225	1.98	F0 IV/V	0.418
HIP 53946		165.56917	38.41867	281.22	m	9.976	2.731	F2	0.609
HIP 63382		194.823	14.45057	281.23	m	11.33	4.082	F8	0.399
HIP 45082		137.75329	71.34594	281.29	m	10	2.756	K0	0.405
HD 267826	HIP 33831	105.34958	26.29471	281.34	m	9.332	2.086	F5	0.411
HIP 60271		185.37219	36.78026	281.37	m	10.44	3.189	F2	0.489
HD 1043	HIP 1159	3.61552	-55.69676	281.43	m	10.24	2.994	F3 IV/V	0.418
HIP 87111		266.97919	64.09838	281.5	m	9.345	2.098	A5	0.264
HIP 3929		12.61194	4.5591	281.5	m	10.71	3.468	F5	0.363
HIP 111418		338.60227	18.38487	281.53	m	9.678	2.43	F8	0.549
HD 285985	HIP 22004	70.95479	15.83132	281.54	m	10.72	3.474	G	0.922
HIP 2439		7.76404	34.65068	281.54	m	9.443	2.195	F5	0.594
HIP 75204		230.52678	5.04571	281.54	m	10.36	3.116	F5	0.456
HD 238106	HIP 60301	185.47093	55.41235	281.58	m	9.673	2.425	G0	0.48
HD 242126	HIP 24548	78.99043	12.04488	281.59	m	10.47	3.225	N	0.641
HIP 212		0.66349	-29.07525	281.6	m	10.29	3.045		0.365
HIP 91753		280.65516	-30.20659	281.61	m	9.78	2.532	F5	0.446
HD 49613	HIP 32485	101.69432	-47.74603	281.64	m	9.68	2.432	F6/8	0.569
HD 150538	HIP 81715	250.37124	6.27594	281.66	m	9.699	2.45	F5	0.44
HIP 77834		238.39265	62.93326	281.69	e	10.46	3.206	G0	0.651
HD 148151	HIP 80537	246.63183	-12.6047	281.69	m	10.23	2.985	A8/9 V	0.401
HIP 95094		290.19459	-49.53288	281.7	m	11.57	4.324	F0	0.605
HD 148901	HIP 81034	248.25273	-38.95358	281.71	m	9.515	2.266	F7/8 V	1.425
HD 104833	HIP 58865	181.0774	-9.35833	281.71	m	9.115	1.866	A7 II	0.29
HIP 78759		241.2018	25.23685	281.74	m	9.469	2.22	G	0.466
HIP 90060		275.67958	47.05399	281.74	m	9.013	1.764	F5	0.494
HIP 13123		42.19864	49.18628	281.77	m	10.72	3.474		0.354
HIP 68526		210.43345	30.09502	281.8	m	9.201	1.951	K0	1.158
HD 180907	HIP 95097	290.19816	-49.531	281.83	m	10.01	2.764	F2 V	0.415
HIP 83842		257.02173	35.81233	281.84	m	10.22	2.969	F8	0.419
HD 92599	HIP 52211	160.00643	-60.80379	281.89	m	9.471	2.221	F0 III	0.408
HD 128886	HIP 71663	219.86641	1.34962	281.89	m	9.746	2.496	F6/7 V	0.584
HIP 49017		150.00054	14.26312	281.92	m	9.307	2.056	K0	1.177
HD 173971	HIP 92421	282.51987	-39.81054	281.92	m	9.378	2.127	F3/5 V	0.558
HD 13750	HIP 10393	33.46773	-8.53265	282.04	m	9.489	2.237	F2 V	0.501
HD 30333	HIP 22158	71.51215	-16.51576	282.07	m	9.036	1.784	B9.5 V	0.072
HIP 70192		215.41175	71.46036	282.08	m	10.06	2.81	F0	0.357
HD 82519	HIP 46584	142.48835	-61.86726	282.1	m	9.086	1.834	G8 III	1.195
HD 239763	HIP 107435	326.39779	60.51267	282.15	m	9.073	1.821	K0	1.482
HD 237985	HIP 55131	169.30508	55.1102	282.16	m	9.337	2.085	F8	0.556
HIP 43133		131.79023	-57.37545	282.19	m	9.752	2.499	F0	0.458
HIP 117485		357.33946	-30.65817	282.19	m	10.5	3.248	G2	0.943
HIP 107094		325.38701	-48.12996	282.22	m	11.94	4.686		
HD 278813	HIP 16621	53.47132	34.28508	282.22	m	9.421	2.168	A 4 V	0.308
HD 152933	HIP 82980	254.36339	-27.40628	282.24	m	9.562	2.309	F2/3 V	0.609
HIP 58467		179.85139	19.5574	282.24	m	9.479	2.226	F0	0.437
HD 13533	HIP 10236	32.90495	-21.41669	282.26	m	9.863	2.61	F5 V	0.558
HIP 50674		155.21352	60.25038	282.28	m	9.957	2.704	A5	0.316
HIP 56045		172.29942	-14.79732	282.28	m	11.25	3.994		0.65
HD 4886	HIP 3969	12.75868	9.22877	282.3	m	9.105	1.851	K2	1.332
HD 146163	HIP 80116	245.30462	-72.65354	282.33	m	9.604	2.35	F0 V	0.386
HD 67538	HIP 38991	119.70737	-78.81376	282.36	m	9.414	2.16	F3W	0.423
HD 168929	HIP 90308	276.3907	-56.1729	282.55	m	9.057	1.802	K2 III	1.405
HIP 66336		203.92617	24.04254	282.55	m	10.33	3.073	F8	0.632
HD 236102	HIP 115291	350.24393	52.56452	282.58	m	9.37	2.114	A2	0.227
HIP 1847		5.83415	5.92531	282.59	m	10.12	2.866	K0	0.526
HD 917	HIP 1087	3.38509	0.84696	282.6	m	9.704	2.448	K0/2 (III)	1.137
HD 168358	HIP 89945	275.28703	-39.59271	282.61	m	9.756	2.5	F0 V	0.445
HD 213716	HIP 111404	338.53994	-42.27276	282.66	m	9.809	2.553	F2 V	0.5
HIP 11656		37.58411	70.41319	282.66	m	9.314	2.058	A5	0.32
HD 116904	HIP 65668	201.96948	-53.72312	282.68	m	9.242	1.985	F8 V	0.675
HD 24943	HIP 18669	59.96888	44.89979	282.69	m	9.028	1.771	A0	0.287
HD 334116	HIP 100021	304.39865	28.51755	282.69	m	9.156	1.899	A5	0.288
HD 183582	HIP 96681	294.83094	-77.19265	282.74	m	9.731	2.474	A8/9 IV/V	0.577
HD 7818	HIP 6009	19.31886	-37.27689	282.83	m	9.676	2.418	F3 V	0.58
HIP 58218		179.10317	39.24774	282.83	m	10.05	2.797	F5	0.561
HIP 83396		255.6728	-22.63844	282.84	m	10.42	3.16	F5	1.044
HD 13393	HIP 10282	33.0975	50.2528	282.85	m	9.192	1.934	A0	0.265
HIP 24778		79.68282	20.83945	282.88	m	10.89	3.633	F8	0.818
HIP 528		1.59086	-24.60261	282.94	m	10.25	2.989	F8	0.536
HD 88829	HIP 50223	153.78582	19.12424	282.95	m	9.244	1.985	F2	0.581
HD 219269	HIP 114789	348.78753	-50.85521	282.98	m	10.3	3.045	F5/6 V	0.455
Gl 3276		65.56048	15.51623	283.08	m	17	9.74	m	
HD 26138	HIP 19620	63.05748	61.2416	283.09	m	9.26	2	A5	0.32
HD 2672	HIP 2359	7.53854	-22.50569	283.14	m	9.626	2.366	K1 IV	1.245
HIP 16625		53.47652	50.29665	283.16	m	9.55	2.29	A 6 MF2	0.445
HIP 1741		5.50865	42.06047	283.19	m	9.469	2.209	F0	0.553
HIP 36383		112.32425	31.22866	283.2	m	10.54	3.282	F0	0.389
HD 221949	HIP 116490	354.0772	28.89885	283.23	m	9.423	2.162	F2	0.473
HD 153610	HIP 83297	255.35309	-22.82495	283.23	m	9.115	1.854	K0 III	1.486
HIP 73373		224.91554	3.89126	283.23	m	10.29	3.031	F8	0.383
HD 121273	HIP 67982	208.82016	-36.70732	283.28	m	9.563	2.302	F0 V	0.365
HD 141263	HIP 75726	232.05461	84.6964	283.3	m	9.133	1.872	K	0.841
HD 19179	HIP 14320	46.17396	-14.93676	283.31	m	10.34	3.082	F2 V	0.357
HIP 109784		333.56468	37.74589	283.36	m	9.601	2.339	F8	0.54
HD 234689	HIP 91585	280.15165	50.81395	283.37	m	9.389	2.127	F8	0.466
HD 218389	HIP 114232	347.02174	-41.6491	283.37	m	10.67	3.405	F6/8 IV/V	0.605
HD 236246	HIP 117934	358.84038	50.87712	283.37	m	9.425	2.163	F5	0.464
HIP 13434		43.24328	42.74854	283.42	m	9.011	1.749	F5	0.538
HIP 62007		190.63022	-76.28341	283.43	m	9.42	2.158	K5	1.524
HD 19393	HIP 14465	46.67339	-14.87619	283.43	m	10.56	3.297	F6/7 V	0.518
HD 186696	HIP 97346	296.77544	-31.42932	283.43	m	9.773	2.511	F2 V	0.547
HD 33687	HIP 24376	78.44605	39.02094	283.44	m	9.08	1.818	F0	0.345
HD 108384	HIP 60754	186.76266	8.96909	283.45	m	9.591	2.329	F8	0.476
HIP 3133		9.95883	87.79675	283.46	m	9.049	1.787	F5	0.42
HIP 40234		123.26851	25.31451	283.47	m	9.305	2.042	K5	1.2
HD 103031	HIP 57839	177.92095	-43.56809	283.49	m	9.409	2.146	A2 V	0.33
HD 219797	HIP 115164	349.91721	-68.67968	283.51	m	9.605	2.342	F5 V	0.497
HIP 16191		52.14819	87.39469	283.53	m	9.161	1.898	F8	0.527
HIP 93040		284.28941	-23.86878	283.61	m	10.62	3.357		0.583
HIP 39328		120.61044	-55.04362	283.64	m	10.31	3.047		0.766
HD 327507	HIP 77865	238.49918	-45.22682	283.64	m	10.25	2.983	F0	0.505
HIP 85794		262.96394	56.916	283.68	m	11.14	3.881		0.268
HIP 24994		80.28958	24.22172	283.69	m	11.09	3.821	G0	0.957
HD 219231	HIP 114776	348.74417	-50.98429	283.7	m	10.32	3.053	F0 V	0.317
HD 132680	HIP 73399	225.00348	14.35059	283.7	m	10.14	2.873	F8	0.605
HD 104987	HIP 58953	181.32607	55.98028	283.71	m	9.31	2.046	F2	0.397
HD 316271	HIP 87128	267.02723	-27.44626	283.75	m	9.774	2.509	F0	0.548
HD 60456	HIP 36974	113.99914	34.32809	283.76	m	9.346	2.081	F0	0.276
HIP 32066		100.49538	38.02659	283.77	m	10.14	2.873	F5	0.547
HD 154017	HIP 83440	255.80647	-9.01765	283.77	m	9.514	2.249	G8 (III)	1.602
HD 220354	HIP 115466	350.84892	-46.94693	283.77	m	10.32	3.055	F5 V	0.473
HD 209527	HIP 109048	331.3627	-52.12364	283.78	m	9.226	1.961	K1 III/IV	1.248
HD 234104	HIP 68777	211.16044	51.35197	283.78	m	9.681	2.416	F8	0.439
HIP 59810		183.97951	47.12705	283.8	m	9.096	1.831	G8III	1.061
HIP 29395		92.92183	1.76609	283.82	m	10.31	3.041	F8	0.621
HIP 113979		346.24936	35.06725	283.88	m	9.621	2.355	F0	0.289
HD 6808	HIP 5334	17.04895	-38.27986	283.89	m	9.256	1.99	K0 III	1.057
HD 212578	HIP 110762	336.59383	-46.13829	283.94	m	10.4	3.135	F0 V	0.338
HD 48927	HIP 32099	100.58764	-58.18309	283.99	m	9.841	2.574	F5 (IV)	0.552
HIP 74907		229.6304	1.76976	284	m	10.45	3.184	F8	0.568
HIP 67725		208.11261	25.74086	284.02	m	10.15	2.887	F5	0.387
HIP 100179		304.79673	-53.34274	284.03	m	11.66	4.393		0.584
HD 311358	HIP 40436	123.8529	-71.83853	284.07	m	9.633	2.366	F5	0.491
HIP 100297		305.12889	-2.37595	284.1	m	9.873	2.606	F6	0.475
HD 79322	HIP 45239	138.31417	-8.30277	284.12	m	9.244	1.976	K0 III	1.217
HD 141877	HIP 78071	239.11152	-69.86557	284.12	m	9.974	2.706	F0 IV	0.47
HD 209451	HIP 108648	330.1598	69.10176	284.13	m	9.003	1.735	A0	0.151
HD 283545	HIP 19902	64.04235	25.51794	284.14	m	9.504	2.236	A3	0.741
HD 122477	HIP 68613	210.695	-29.3994	284.18	m	9.303	2.035	F0 V	0.317
HIP 77389		236.96356	4.95267	284.18	m	10.56	3.288	F8	0.857
HIP 32826		102.64919	-43.49589	284.25	m	9.27	2.001	K2	1.387
HD 176449	HIP 93323	285.11712	-4.32511	284.26	m	9.051	1.782	A2/3 V	0.371
HD 238386	HIP 71993	220.85126	58.60119	284.26	m	9.683	2.414	A3	0.323
HIP 10102		32.47851	-29.4092	284.26	m	10.18	2.915	F8	0.517
HIP 90279		276.31165	4.67398	284.27	m	9.24	1.971	A0	0.183
HD 7605	HIP 5920	19.03646	11.46721	284.27	m	9.47	2.201	G0	0.567
HD 94550	HIP 53404	163.84437	34.04363	284.27	m	10.15	2.879	G0	0.475
HIP 2449		7.79377	-64.29362	284.27	m	10.46	3.192	F8 IV/V	0.877
HD 289953	HIP 23953	77.21812	-0.88813	284.29	m	10.17	2.902	A 9 III	0.489
HD 155522	HIP 86937	266.46688	-86.29844	284.32	m	9.737	2.468	F0 (IIW)	0.531
HIP 114577		348.16175	43.54712	284.34	m	9.622	2.353	A2	0.323
HIP 52236		160.0767	11.16704	284.35	m	11.27	4	G5	0.443
HD 234004	HIP 63637	195.64332	52.24719	284.49	m	9.665	2.395	F2	0.383
HD 32218	HIP 23385	75.40817	2.907	284.5	m	9.062	1.792	G3/5 V	0.906
HIP 52738		161.72571	46.47951	284.52	m	9.536	2.265	A 7 II	0.402
HD 20641	HIP 15290	49.32047	-49.9685	284.53	m	9.044	1.773	G8/K0 III/IV	1.093
HD 12732	HIP 9650	31.00607	-31.56439	284.53	m	9.998	2.727	G8 (V)	0.913
HD 101393	HIP 56940	175.09852	48.23671	284.54	m	9.046	1.775	A M	0.311
HD 298739	HIP 48726	149.08322	-51.76166	284.54	m	10.32	3.048	F5	0.457
HD 247638	HIP 27381	86.98476	24.47037	284.55	m	9.34	2.069	G0	0.681
HD 142068	HIP 77671	237.86121	29.35666	284.65	m	9.532	2.26	F8	0.406
HD 138267	HIP 75989	232.78003	-4.36257	284.67	m	9.012	1.74	K0 III	1.351
HIP 76887		235.49821	-11.30494	284.72	m	9.758	2.486	F0	0.589
HD 115541	HIP 64878	199.48475	-14.07183	284.74	m	9.464	2.192	G3 V	0.897
HIP 5057		16.1785	-35.34509	284.75	m	10.94	3.671	G0	0.549
HIP 74364		227.95748	2.23377	284.76	m	10.65	3.383	F8	0.692
HIP 75574		231.57389	35.31525	284.82	m	10.25	2.973	F8	0.667
HIP 73004		223.79757	6.01518	284.87	m	11.28	4.004	G0	0.223
HD 93878	HIP 52985	162.58011	4.31483	284.88	m	9.199	1.926	K1/2 III	1.205
HD 126249	HIP 70433	216.12777	-6.72539	284.89	m	9.404	2.131	K1 III	1.176
HIP 84753		259.86314	-51.33454	284.95	m	10.2	2.924	G0	0.781
HD 6607	HIP 5126	16.41252	-61.35743	284.99	m	9.279	2.005	F3 V	0.496
HD 77319	HIP 44239	135.14012	-40.51881	285.01	m	9.329	2.055	A2 V	0.169
HD 204556	HIP 106392	323.23445	-69.44958	285.01	m	9.166	1.892	G8 IV/V	1.014
HD 120768	HIP 67781	208.29214	-60.02047	285.01	m	9.809	2.535	F	0.569
HIP 66395		204.19458	22.74617	285.05	m	10.58	3.301	F5	0.805
HD 99135	HIP 55701	171.20122	43.14898	285.06	m	9.862	2.587	F8	0.427
HIP 85417		261.81978	70.88742	285.1	m	9.501	2.226	F2	0.396
HD 9050	HIP 6907	22.23282	-14.03264	285.1	m	9.002	1.727	AP EUSR	0.256
HD 185080	HIP 96215	293.48733	60.27143	285.17	m	9.623	2.347	A2	0.264
HD 237782	HIP 44877	137.15467	57.11284	285.18	m	9.636	2.36	F0	0.389
HIP 21996		70.92101	6.66221	285.18	m	10.5	3.228	F2	0.479
HD 21236	HIP 16550	53.28036	76.83629	285.26	m	9.015	1.739	A0	0.21
HD 251521	HIP 28974	91.71821	32.6431	285.27	m	9.818	2.542	K5	1.304
HIP 101798		309.45383	29.73682	285.32	m	10.36	3.08		0.368
HD 214394	HIP 111595	339.12685	58.60453	285.4	m	9.009	1.732	A0	0.184
HD 127922	HIP 71342	218.8419	-45.30667	285.41	m	9.152	1.875	K0/1 III	1.117
HD 222280	HIP 116724	354.83196	-17.79132	285.45	m	9.086	1.808	F2 V	0.462
HIP 80011		244.99365	-77.12336	285.48	m	9.407	2.129	F0	0.347
HD 85549	HIP 48419	148.06473	-10.56063	285.52	m	9.402	2.124	F5 V	0.502
HIP 80601		246.85491	25.2213	285.56	m	9.651	2.373	F2	0.499
HD 234296	HIP 79805	244.31487	50.61255	285.57	m	9.789	2.51	G0	0.521
HD 21249	HIP 15993	51.50568	8.26997	285.58	m	9.526	2.247	F5	0.555
HD 211851	HIP 110490	335.7164	-71.47443	285.6	m	9.229	1.95	F5 IV	0.437
HD 233658	HIP 47232	144.40728	50.70984	285.61	m	9.326	2.047	K0	1.006
HD 219696	HIP 115080	349.63344	-58.96076	285.61	m	10.6	3.316	F3/5 V	0.47
HD 38592	HIP 27254	86.65771	-8.82872	285.62	m	9.135	1.856	A1 V	0.176
HD 18589	HIP 13826	44.48296	-42.82496	285.62	m	9.082	1.803	A9 V	0.329
HD 234392	HIP 83715	256.64789	51.55772	285.63	m	9.392	2.113	G0	0.592
HD 28658	HIP 20905	67.21685	-46.85291	285.64	m	9.553	2.274	K2 III	1.406
HD 59307	HIP 36695	113.2215	58.52516	285.68	m	9.228	1.949	F2	0.35
HD 7877	HIP 6026	19.3572	-51.96493	285.68	m	9.902	2.623	F3 IV	0.411
HD 212907	HIP 111057	337.47195	-68.14283	285.69	m	9.967	2.688	F3 V	0.51
HIP 73890		226.53204	29.43239	285.72	m	9.223	1.943	F2	0.483
HIP 75403		231.10889	-24.87398	285.77	m	10.03	2.753	F0	0.357
HIP 52476		160.92818	33.41359	285.83	m	10.98	3.704	F8	0.745
HIP 91828		280.8407	35.54562	285.84	m	9.883	2.602	A	0.293
HD 238320	HIP 68746	211.07881	58.01534	285.88	m	9.792	2.511	G0	0.549
HD 159662	HIP 86181	264.15354	-16.62305	285.91	m	10.28	2.994	G2/3 (V)	0.552
HD 286327	HIP 23504	75.80643	17.29017	285.94	m	9.827	2.546	F0	0.527
HD 224335	HIP 118070	359.26404	-6.25722	285.96	m	9.117	1.835	G8/K0 IV	1.101
HD 185081	HIP 96216	293.48997	60.27643	286	m	9.069	1.787	A2	0.168
HIP 49		0.13957	16.66905	286.05	m	9.506	2.224	F5	0.559
HD 34019	HR 1707|HIP 24645	79.3237	53.58611	286.06	m	10.13	2.846	M E	0.869
HIP 77202		236.45755	14.03897	286.14	m	9.593	2.31	A0	0.421
HD 233874	HIP 57854	177.98095	50.24122	286.15	m	9.365	2.082	G5	1.233
HIP 42816		130.86446	23.99345	286.17	m	9.132	1.849	G5	1.051
HD 120586	HIP 67570	207.7002	-23.44085	286.17	m	10.29	3.006	A8/9 (III)	0.398
HD 197749	HIP 102628	311.94628	-51.29632	286.19	m	10.46	3.175	F8/G2 V	0.68
HIP 52163		159.85731	67.97369	286.19	m	10.38	3.098	G5	0.955
HIP 61287		188.38269	52.35227	286.21	m	10.51	3.23		0.562
HIP 59633		183.44759	46.7107	286.22	m	9.539	2.255	F5	0.443
HIP 86339		264.64003	15.1455	286.22	m	10.67	3.383	G0	0.763
HD 191795	HIP 99656	303.35077	-41.73682	286.23	m	9.351	2.067	A1MA7/8-F0	0.293
HD 74608	HIP 42903	131.15292	-9.44202	286.25	m	9.251	1.967	A2 IV	0.136
HD 111466	HIP 62677	192.64936	-68.09132	286.28	m	9.442	2.158	F0/2 (V)	0.545
HIP 94791		289.30618	-29.91984	286.31	m	10.29	3.008	G2	0.432
HR 2063	HIP 28041	88.95487	20.17522	286.33	m	10.42	3.138	M6e-M9.5e	1.322
HD 39839	HIP 27845	88.37447	-35.82528	286.34	m	9.287	2.003	K2 III	1.449
HIP 46079		140.95636	38.42053	286.35	m	10.25	2.966	F2	0.508
HD 91404	HIP 51563	157.99199	-54.76143	286.36	m	10.05	2.762	F0	0.383
HIP 85458		261.95498	16.94973	286.36	m	9.078	1.793	A5	0.353
HIP 8632		27.83406	64.86266	286.39	m	9.133	1.848	B5	0.26
HD 64662	HIP 38431	118.09024	-51.81458	286.39	m	9.554	2.269	F5 V	0.437
HD 175601	HIP 93039	284.28845	-23.86622	286.44	m	10.42	3.133	A1 V + A(3) V	0.313
HIP 65578		201.67432	10.93583	286.44	m	10.56	3.278	F2	0.612
HD 54630	HIP 34604	107.51808	12.54809	286.44	m	9.173	1.888	A	0.311
HD 32930	HIP 23637	76.21236	-40.11435	286.47	m	9.421	2.136	K2 III	1.416
HD 197190	HIP 102282	310.86485	-37.74466	286.47	m	9.308	2.023	K3 (III)	1.575
HD 40220	HIP 27953	88.71543	-49.00102	286.48	m	9.456	2.171	F2/3 V	0.388
HD 121787	HIP 68242	209.55876	-27.56681	286.48	m	10.09	2.808	G8 V	0.789
HD 33489	HIP 24143	77.77519	12.37934	286.53	m	9.022	1.736	A0	0.088
HD 14111	HIP 10564	33.99783	-38.46132	286.53	m	9.82	2.534	A0MA9-F2	0.347
HD 81429	HIP 46124	141.09155	-39.09941	286.54	m	9.072	1.786	A0 V	0.068
HD 91648	HIP 51702	158.46124	-51.09701	286.54	m	9.628	2.342	K0/2 (III)	0.598
HIP 32850		102.70688	74.54794	286.55	m	10.32	3.038	F0	0.388
HIP 41925		128.21652	79.17902	286.56	m	10.46	3.174	F2	0.493
HIP 54084		166.0033	34.88113	286.59	m	10.34	3.055	G0	1.098
HD 70956	HIP 41291	126.36901	22.48452	286.6	m	9.324	2.038	A2	0.254
HD 142986	HIP 78219	239.59495	-18.47595	286.63	m	10.09	2.807	A1 III	0.475
HIP 56546		173.91474	25.34817	286.63	m	10.97	3.68	G0	0.537
HD 19966	HIP 14793	47.75917	-43.11295	286.64	m	9.233	1.946	F0 V	0.427
HIP 84624		259.49859	25.40534	286.65	m	9.596	2.309	G5	0.542
HD 5159	HIP 4122	13.20855	-52.29681	286.68	m	10.33	3.047	F2 V	0.429
HD 25815	HIP 19015	61.10416	-29.51534	286.68	m	9.388	2.101	F0 V	0.419
HIP 47583		145.53223	42.08467	286.71	m	10.91	3.627	F8	0.424
HIP 1525		4.74606	-15.99731	286.72	m	9.501	2.214	G0	0.541
HIP 3695		11.83601	-28.30243	286.77	m	10.13	2.843	F2	0.455
HIP 101712		309.25623	-50.31884	286.8	m	10.47	3.186	F8	0.482
HIP 72698		222.94886	24.75598	286.83	m	9.181	1.893	M0	1.356
HD 91845	HIP 51875	158.98054	-21.44877	286.84	m	9.09	1.802	A7/8 V + (F)	0.327
HD 57045	HIP 35729	110.5585	51.27866	286.85	m	9.134	1.846	G5	0.46
HD 99927	HIP 55876	171.79873	-82.51726	286.86	m	9.111	1.823	K0 III	1.522
HD 115429	HIP 64831	199.36106	-22.7489	286.87	m	9.019	1.731	K1/2 III	1.524
HD 72860	HIP 42476	129.89464	68.47786	286.88	m	9.262	1.974	F0	0.332
HD 237380	HIP 25102	80.61718	56.55826	286.88	m	9.632	2.343	A0	0.292
HIP 106514		323.60402	26.98212	286.9	m	11	3.715	F0	0.517
HIP 82990		254.38381	5.27474	286.94	m	11.18	3.887		0.325
HD 197066	HIP 102247	310.77208	-46.77379	286.94	m	10.24	2.953	F5 V	0.661
HD 35336	HIP 25208	80.89237	-11.97796	286.95	m	9.386	2.097	A2 V	0.146
HD 2010	HIP 1911	6.04506	-40.9931	286.96	m	10.05	2.765	G5 V	0.794
HD 155596	HIP 84205	258.19488	-4.18915	286.97	m	9.5	2.211	A2	0.572
HD 25243	HIP 18644	59.86276	-28.77388	286.99	m	9.124	1.835	F2 V + (F)	0.481
HIP 5720		18.3898	-24.49702	287.01	m	10.4	3.115	F8	0.493
HD 237373	HIP 24894	80.03844	57.32474	287.02	m	9.49	2.2	F0	0.511
HD 76133	HIP 43743	133.63895	10.80639	287.04	m	9.302	2.012	A2	0.174
HIP 66558		204.66537	29.24426	287.04	m	11.2	3.909	G0	0.417
HIP 105314		319.9468	-33.68416	287.12	m	10.12	2.833	F8	0.679
HIP 34630		107.59912	24.34449	287.12	m	11.85	4.564	A:	0.316
HD 81541	HIP 46318	141.66869	15.11609	287.15	m	9.247	1.956	G	0.477
HD 7247	HIP 5611	17.99321	-46.42805	287.16	m	9.381	2.09	F6 IV/V	0.567
HD 247157	HIP 27159	86.35767	24.07924	287.17	m	10.09	2.801	F0	0.41
HD 96358	HIP 54194	166.31087	-65.05404	287.23	m	9.311	2.02	G8 III	1.576
HD 220900	HIP 115783	351.85037	19.99741	287.24	m	9.576	2.285	A	0.394
HD 144940	HIP 79146	242.3123	-21.94102	287.26	m	9.451	2.16	F2 IV	0.529
HD 128336	HIP 71441	219.1551	-12.4937	287.32	m	9.124	1.832	A2 II	0.382
HD 9471	HIP 7268	23.40295	36.86872	287.32	m	9.03	1.738	B9	0.137
HIP 16243		52.33239	31.41584	287.34	m	10.64	3.353	B8-B9P	0.481
HD 351710	HIP 99645	303.33422	19.9433	287.35	m	9.8	2.508	F8	0.511
HD 134900	HIP 74257	227.63565	48.00089	287.36	e	9.144	1.852	F8	0.339
HIP 48753		149.15835	13.83359	287.39	m	9.345	2.053	F5	0.465
HD 237467	HIP 29252	92.52067	58.19573	287.4	m	10.44	3.143	F8	0.763
HIP 57793		177.76288	38.67702	287.46	m	9.91	2.617	F8	0.545
HD 329137	HIP 82550	253.10307	-46.06686	287.49	m	10.31	3.021	F2	0.487
HIP 54524		167.34223	-61.8623	287.51	m	10.97	3.676	B 6 III	
HD 26747	HIP 19819	63.74939	30.8368	287.52	m	9.062	1.769	A0	0.183
HIP 20169		64.8414	7.1615	287.54	m	10.88	3.587	G0	
HD 136599	HIP 75180	230.4539	-7.18205	287.55	m	9.731	2.437	A5 III	0.432
HD 182670	HIP 95841	292.38637	-61.57333	287.58	m	9.839	2.545	F0 V	0.429
HIP 47512		145.29429	37.14923	287.59	m	10.32	3.023	F8	0.58
HD 266245	HIP 33325	103.97235	29.05803	287.6	m	9.142	1.848	F2	0.412
HD 62356	HIP 37573	115.66492	-22.94865	287.6	m	9.872	2.578	F0/2 V	0.536
HD 210454	HIP 109542	332.84038	-39.34662	287.65	m	10.3	3.003	F5 V	0.417
HIP 46391		141.89669	34.88628	287.69	m	9.769	2.474	F8	0.524
HIP 50706		155.31211	42.8417	287.7	m	9.624	2.329	K0	1.217
HD 239974	HIP 111037	337.4278	60.38099	287.75	m	9.362	2.067	F2	0.474
HIP 78760		241.20295	25.24444	287.76	m	9.608	2.313	G	0.381
HD 32346	HIP 23496	75.76296	14.7657	287.81	m	9.257	1.962	F8	0.693
HD 184987	HIP 96611	294.62555	-35.87682	287.85	m	9.287	1.991	F0 IV	0.567
HIP 16565		53.30721	62.42941	287.85	m	9.421	2.125	A5	0.342
HIP 1253		3.92767	11.60965	287.9	m	9.569	2.273	K0	1.484
HD 50034	HIP 32795	102.55416	-27.59363	287.91	m	10.23	2.935	G5 V	0.721
HD 212644	HIP 110747	336.54652	-24.44067	287.91	m	9.121	1.825	A8 V	0.215
HIP 18321		58.74987	44.28114	287.93	m	10.13	2.836	F0	0.574
HD 32593	HIP 23651	76.24472	15.97116	287.94	m	9.341	2.045	F0V	0.487
HIP 67567		207.68521	25.23821	287.95	m	10.1	2.807	F8	0.683
HIP 16076		51.76284	2.99941	287.97	m	11	3.706	F5	0.536
HIP 70527		216.4107	9.73522	287.99	m	10.08	2.783	G0	0.826
HD 91484	HIP 51698	158.43517	-6.37965	288.04	m	9.052	1.755	K0/1 III	1.277
HIP 75867		232.45353	-2.8256	288.04	m	9.999	2.702	F2	0.595
HIP 85921		263.37242	30.49373	288.04	m	10.76	3.461	G0	0.741
HIP 8334		26.87259	4.71612	288.06	m	9.655	2.358	K0	1.2
HD 221795	HIP 116415	353.85555	-47.72417	288.07	m	9.445	2.147	K3 (III)	1.49
HIP 37615		115.77681	48.6861	288.07	m	9.909	2.611	F2	0.311
HIP 65008		199.87241	-50.37664	288.08	m	10.91	3.611	F5	0.387
HIP 45922		140.46169	51.01004	288.11	m	11.27	3.97	F8	0.385
HD 220614	HIP 115637	351.38636	-46.08909	288.12	m	10.18	2.883	F5 V	0.645
HIP 5049		16.1604	-12.33144	288.17	m	9.46	2.162	F8	0.517
HD 92188	HIP 52024	159.43489	-47.30831	288.18	m	9.081	1.783	F2 V	0.424
HD 104864	HIP 58888	181.16445	0.7596	288.18	e	9.391	2.093	F7 V	0.556
HIP 70660		216.79618	0.56071	288.19	m	10.42	3.12	F5	0.294
HD 91908	HIP 51740	158.57306	-71.16485	288.2	m	9.359	2.061	F2/5	0.661
HD 142823	HIP 78266	239.71723	-49.11201	288.23	m	9.003	1.704	AP CRSI	0.098
HIP 63641		195.65636	34.85911	288.26	m	9.698	2.399	F8	0.63
HIP 19104		61.42555	7.71344	288.27	m	9.351	2.052	F0	0.526
HD 6340	HIP 4993	15.99941	-34.67674	288.34	m	9.01	1.711	A2 V	0.15
HD 24601	HIP 18392	58.97857	32.15492	288.34	m	9.065	1.765	B 8 V	0.203
HD 207645	HIP 107879	327.87087	-40.04476	288.34	m	9.402	2.102	A4/5 III/IV	0.214
HIP 112191		340.84182	26.09748	288.37	m	10.85	3.551	F8	0.541
HIP 58198		179.03663	60.67536	288.41	m	10.01	2.707	G0	0.61
HIP 18684		60.01557	21.37031	288.42	m	10.01	2.707	F2	0.427
HD 326941	HIP 83848	257.03195	-41.01256	288.42	m	9.578	2.278	F0	0.346
HD 141158	HIP 77265	236.62482	31.27823	288.43	m	9.423	2.123	F8	0.573
HD 152631	HIP 82800	253.82695	-19.44089	288.44	m	9.311	2.011	A7 II	0.454
HD 38106	HIP 27022	85.97032	14.69385	288.47	m	9.21	1.909	A2	0.136
HIP 110368		335.32024	18.81292	288.51	m	9.88	2.579	F5	0.444
HIP 71065		217.99979	80.34762	288.53	m	9.413	2.112	F0	0.407
HD 28777	HIP 20927	67.30559	-54.4069	288.54	m	9.133	1.832	K0 III	1.317
HD 199242	HIP 103415	314.29403	-36.56606	288.58	m	9.327	2.026	K1 III	1.358
HD 101922	HIP 57196	175.93308	-25.66389	288.58	m	9.156	1.855	A9 V	0.303
HD 20517	HIP 15319	49.41214	-9.94891	288.61	m	9.901	2.599	F3 V	0.468
HD 24242	HIP 18152	58.20682	34.47527	288.61	m	9.485	2.183	A 2 V	0.239
HD 68849	HIP 40421	123.78741	23.74701	288.63	m	9.226	1.924	A2	0.225
HIP 49737		152.30391	32.36666	288.64	m	10.7	3.393		0.689
HD 3751	HIP 3110	9.90204	-59.51357	288.66	m	9.516	2.214	A6 V	0.268
HD 58189	HIP 35950	111.16667	1.9242	288.7	m	9.198	1.896	F0 V	0.426
HD 2031	HIP 1806	5.73161	-82.68349	288.74	m	9.444	2.141	F0/2 IV/V	0.506
HIP 10674		34.33424	52.46924	288.74	m	9.395	2.092	A2	0.211
HD 51122	HIP 33063	103.30387	-52.41016	288.75	m	9.042	1.739	G6/8 III	1.224
HIP 56843		174.80782	26.66075	288.75	m	10.93	3.624	G0	0.524
HIP 81535		249.80399	27.76711	288.77	m	9.501	2.198	F0	0.44
HD 93699	HIP 52936	162.38483	29.9707	288.79	m	9.359	2.056	G5	0.382
HD 12864	HIP 9682	31.13084	-53.653	288.79	m	9.249	1.946	K0 III	1.199
HIP 74530		228.44531	29.98286	288.84	m	9.373	2.07	K0	1.247
HD 28918	HIP 21859	70.51046	76.48419	288.86	m	9.638	2.335	A2	0.274
HIP 93598		285.91939	57.45879	288.87	m	9.251	1.947	A0	0.201
HD 106481	HIP 59725	183.73729	-8.62245	288.9	m	9.189	1.885	F3 V	0.441
HIP 820		2.51989	86.02306	288.9	m	9.486	2.182	F8	0.596
HD 169838	HIP 91114	278.78685	-75.65361	288.9	m	9.642	2.338	A9 IV/V	0.345
HD 211722	HIP 110244	334.96847	-36.57605	288.92	m	10.3	2.995	F3 V	0.709
HIP 56356		173.28448	32.82645	288.93	m	10.35	3.048	F8	0.665
HIP 87031		266.73933	-43.93114	288.94	m	9.747	2.443	A7	0.313
HIP 17983		57.6567	17.77663	288.96	m	9.195	1.891	F2	0.486
HD 203304	HIP 105416	320.28277	14.00671	288.97	m	9.706	2.402	F8	0.54
HD 446	HIP 735	2.26321	22.66427	288.99	m	9.277	1.973	F5	0.411
HD 58322	HIP 35911	111.04465	-25.35894	289	m	9.111	1.807	A7 IV/V	0.211
HD 218994	HIP 114629	348.317	-60.5841	289.02	m	9.096	1.791	AP SR	0.288
HIP 18852		60.62686	7.2463	289.03	m	10.21	2.904	F0	0.536
HD 34993	HIP 24995	80.2913	-8.28488	289.06	m	9.235	1.93	A0 V	-0.017
HD 179255	HIP 94723	289.11612	-65.47082	289.07	m	9.738	2.433	F5/6 V	0.521
HD 21394	HIP 16054	51.68517	-9.51906	289.1	m	9.288	1.983	A3 III	0.235
HD 353446	HIP 96959	295.64253	16.44362	289.15	m	9.047	1.741	A5	0.384
HIP 49229		150.73371	63.54846	289.15	m	9.274	1.968	K0	1.256
HD 55399	HIP 34658	107.66485	-43.40088	289.17	m	9.962	2.656	F5 V	0.72
HD 19918	HIP 14026	45.15453	-81.90203	289.18	m	9.383	2.077	AP SREUCR	0.317
HD 241914	HIP 24446	78.66395	15.20816	289.18	m	9.286	1.98	K 5 III	1.877
HIP 116385		353.75257	-50.99668	289.19	m	9.751	2.445	G0 V	0.978
HIP 11290		36.3562	0.60035	289.22	m	10.37	3.062	F8	0.858
HD 221877	HIP 116462	353.97728	-6.00818	289.22	m	9.842	2.536	F6 V	0.603
HD 18264	HIP 13561	43.67093	-39.27724	289.24	m	9.442	2.136	F6/7 V	0.572
HIP 60939		187.35304	19.31533	289.27	m	9.892	2.585	F 0 III	0.307
HD 126240	HIP 70537	216.44282	-47.2297	289.3	m	9.127	1.82	F6 V	0.658
HD 6809	HIP 5318	17.00293	-47.55694	289.31	m	9.287	1.98	F6/7 V	0.525
HIP 60964		187.45993	64.71775	289.34	m	10.59	3.287	F5	0.501
HIP 3223		10.24161	41.73084	289.36	m	9.374	2.067	F2	0.48
HD 165491	HIP 88845	272.04076	-40.06103	289.36	m	9.025	1.718	F2 IV/V	0.491
HD 139541	HIP 76694	234.90872	-27.52453	289.37	m	9.47	2.163	F0 V	0.717
HIP 23521		75.85025	67.17401	289.38	m	9.763	2.456	A5	0.301
HIP 90765		277.77448	-32.21206	289.38	m	11.2	3.895	Gp	0.924
HD 139142	HIP 76541	234.48328	-38.21852	289.4	m	9.927	2.619	K1 (IV)	1.358
HIP 911		2.82351	-20.72518	289.42	m	12.26	4.952	F4	0.072
HD 53873	HIP 34372	106.87418	18.33227	289.43	m	9.055	1.747	A2	0.18
HIP 41702		127.5633	40.37044	289.45	m	10.18	2.873	F8	0.635
HD 2598	HIP 2279	7.28368	-55.63927	289.46	m	9.063	1.755	K1 III	1.181
HD 238028	HIP 56844	174.81124	58.16434	289.47	m	9.485	2.177	F5	0.495
HIP 50949		156.07761	40.47295	289.5	m	9.705	2.397	F2	0.473
Gl 409	HIP 53917	165.48813	-17.95647	289.51	m	12.03	4.724		
HD 7893	HIP 6152	19.73702	22.40944	289.54	m	9.009	1.7	K0	1.386
HIP 4169		13.31158	4.7545	289.54	m	10.03	2.723	G5	0.841
HD 96098	HIP 54126	166.11346	-47.57763	289.57	m	9.453	2.144	F5 V	0.558
HIP 57035		175.41003	28.85513	289.67	m	9.881	2.572	F0	0.331
HD 109651	HIP 61523	189.07146	-22.96914	289.68	m	9.387	2.077	K0/1 III	1.24
HD 2705	HIP 2399	7.64487	-13.71525	289.69	m	9.032	1.722	K1 III	1.335
HD 190216	HIP 98938	301.32821	-36.96679	289.82	m	9.671	2.36	F5 V	0.5
HD 112070	HIP 62899	193.36512	33.90664	289.85	m	9.06	1.749	G9III	1.217
HIP 55880		171.80413	48.32412	289.85	m	9.654	2.343	F2	0.414
HIP 35850		110.87252	66.77896	289.88	m	11.03	3.722		0.76
HD 196029	HIP 101582	308.81127	-18.26868	289.88	m	9.629	2.318	F2/3 V	0.577
HIP 71438		219.13361	5.88656	289.91	m	10.62	3.313	G0	0.546
HIP 81184		248.73268	-27.32484	289.93	m	10.53	3.215	F0	0.701
HD 213924	HIP 111476	338.77943	-22.07994	289.94	m	9.878	2.566	A0MA8-F2	0.256
HIP 8679		27.92337	45.80622	289.97	m	9.727	2.415	A0	0.142
HD 158956	HIP 85740	262.82265	19.01738	289.97	m	9.002	1.69	A5	0.383
HIP 107433		326.39469	-43.94071	289.98	m	10.53	3.218	F8	0.496
HD 29831	HIP 22561	72.83487	77.22518	289.99	m	9.306	1.994	A0	0.195
HIP 45778		140.0142	14.06378	290.02	m	9.839	2.527	F2	0.46
HD 25822	HIP 19214	61.77834	36.34332	290.04	m	9.287	1.975	A0	0.191
HD 65909	HIP 38756	119.01246	-68.9547	290.05	m	9.006	1.694	K1 III	1.391
HD 164697	HIP 88303	270.49256	12.24867	290.06	m	9.13	1.818	A0	0.115
HIP 80069		245.13979	-1.76265	290.13	m	11.54	4.232	G0	0.464
HIP 15671		50.47498	-5.10134	290.19	m	9.716	2.403	G0	0.7
HD 84346	HIP 47886	146.39287	34.51189	290.2	m	10.1	2.786	M6.5-M9.0e	1.117
HIP 2830		8.97507	-30.61771	290.21	m	11.02	3.703	G0	0.755
HIP 68214		209.48602	-45.21225	290.21	m	10.49	3.175	F5	0.26
HD 285750	HIP 20389	65.49522	15.78494	290.23	m	9.133	1.819	K2	1.937
HD 22336	HIP 12931	41.58654	-87.91214	290.25	m	9.3	1.986	A4 IV(P)	0.379
HD 23307	HIP 17311	55.58595	-44.56885	290.25	m	9.568	2.254	K1 III/IV	1.18
HIP 16170		52.08708	29.79925	290.26	m	9.21	1.896	F 0 V	0.588
HIP 79457		243.22371	3.64706	290.3	m	10.76	3.444	G0	0.754
HIP 31423		98.77527	70.67839	290.31	m	9.71	2.396	F5	0.5
HD 45233	HIP 30814	97.11464	43.06827	290.31	m	9.938	2.624	G5	0.755
HIP 61141		187.93816	37.76341	290.32	m	9.964	2.65	G8III	1.09
HD 233788	HIP 53504	164.18484	53.69562	290.32	m	9.305	1.991	K2	1.334
HD 85787	HIP 48495	148.34884	-34.11967	290.37	m	9.022	1.707	A0 V	0.106
HD 17292	HIP 13057	41.94961	39.50411	290.39	m	9.117	1.802	F5	0.47
HIP 15395		49.6166	6.22762	290.4	m	10.15	2.84	F0	0.345
HD 208828	HIP 108573	329.90771	-33.77705	290.41	m	10.34	3.022	F3 V	0.561
HD 216176	HIP 112752	342.51197	43.51382	290.42	m	9.685	2.37	A0	0.494
HIP 45342		138.59944	68.64559	290.43	m	9.451	2.136	K0	1.15
HD 80296	HIP 45689	139.71159	-3.14575	290.44	m	9.251	1.936	F5 V	0.517
HIP 3853		12.37316	40.29958	290.47	m	9.156	1.84	A5	0.36
HD 114148	HIP 64151	197.21526	-6.44181	290.5	m	9.332	2.016	F6 V	0.53
HIP 92366		282.36225	29.33475	290.52	m	9.015	1.699	A0	0.085
HD 34129	HIP 24788	79.71795	59.76305	290.55	m	9.274	1.958	A2	0.195
HIP 44351		135.48417	26.20717	290.56	m	10.32	3.007	F8	0.431
HD 138555	HIP 75932	232.63422	53.81459	290.68	m	9.451	2.134	F5	0.43
HIP 14994		48.31304	-43.91644	290.69	m	10.73	3.417		0.139
HIP 114852		348.95852	-0.04076	290.7	m	10.06	2.74	G0	0.751
HD 239570	HIP 104113	316.39368	60.49265	290.7	e	9.455	2.138	A5	0.289
HIP 109859		333.75911	29.38078	290.71	m	9.125	1.808	G 8 III	1.033
HD 214981	HIP 112060	340.46123	9.12804	290.72	m	9.28	1.963	A0	0.365
HD 218122	HIP 114047	346.4456	-33.04791	290.74	m	9.047	1.729	G8 IV	0.974
HIP 19328		62.13359	8.44486	290.75	m	9.39	2.072	F5	0.655
HD 209496	HIP 108967	331.13733	-35.07298	290.77	m	10.05	2.728	F5 V	0.664
HD 132927	HIP 73828	226.33319	-66.24506	290.77	m	9.601	2.283	A9 IV(M)	0.42
HD 103547	HIP 58136	178.85925	2.28465	290.79	m	9.426	2.108	F0 V	0.391
HD 213114	HIP 110855	336.89702	62.33755	290.8	m	9.552	2.234	A0	0.188
HIP 49044		150.10527	33.96764	290.82	m	10.39	3.068	G5	0.906
HD 147412	HIP 80176	245.49711	-3.48832	290.83	m	9.404	2.086	F2/3 V	0.725
HD 12625	HIP 9654	31.03551	19.89588	290.83	m	9.388	2.07	A	0.319
HD 207542	HIP 108077	328.46026	-73.64612	290.84	m	9.056	1.738	K1 III	1.337
HD 190183	HIP 99237	302.16695	-68.96783	290.84	m	9.723	2.405	F0 V	0.37
HD 99835	HIP 56048	172.30665	6.09823	290.85	m	9.943	2.625	G5	0.866
HD 33944	HIP 24416	78.58024	11.48818	290.86	m	9.019	1.701	A0	0.089
HD 51491	HIP 33117	103.45859	-60.0564	290.86	m	9.219	1.901	F3 II/III	0.408
HD 107736	HIP 60397	185.7505	-53.38201	290.87	m	9.17	1.852	F0(M DELTA DEL)	0.379
HD 125670	HIP 70311	215.78009	-60.42999	290.89	m	9.83	2.511	A5 V	0.213
HD 33315	HIP 23997	77.3812	3.86071	290.98	m	9.188	1.869	A8/9 V	0.313
HD 221894	HIP 116467	353.9872	-21.64224	290.98	m	9.328	2.009	F3/5 IV	0.556
HIP 31722		99.53924	59.44207	291.01	m	11.47	4.154		
HIP 53565		164.36656	37.64845	291.03	m	9.155	1.835	F8	0.587
HD 81428	HIP 46129	141.10551	-38.82399	291.04	m	9.019	1.699	K0 III	1.3
HIP 77259		236.61308	17.53315	291.05	m	9.653	2.333	F0	0.458
HD 202663	HIP 105271	319.84786	-54.21216	291.09	m	9.969	2.649	F2 V	0.457
HD 141267	HIP 77304	236.73888	34.61335	291.13	m	9.395	2.075	G5	0.505
HD 172177	HIP 91486	279.8716	-18.67252	291.17	m	9.266	1.945	G8/K0 IV	1.393
HD 239439	HIP 101287	307.95023	55.56442	291.18	m	9.618	2.297	A2	0.243
HIP 756		2.32612	-37.38307	291.26	m	11.36	4.037		0.347
HD 221998	HIP 116557	354.31892	-59.49037	291.36	m	9.452	2.13	G6/8 IVW	0.943
HD 164482	HIP 88241	270.28197	7.63476	291.36	m	9.479	2.157	G 8 III	1.163
HD 177393	HIP 93604	285.92715	20.26205	291.37	m	9.001	1.679	A0	0.284
HD 109013	HIP 61139	187.92351	-3.71309	291.43	m	9.306	1.983	F5 V	0.49
HD 77625	HIP 44470	135.90356	-2.40877	291.44	m	9.188	1.865	F3 IV/V	0.508
HIP 86631		265.51717	36.52992	291.49	m	10.71	3.391	F8	0.454
HD 171681	HIP 91127	278.82347	21.74354	291.49	m	9.051	1.728	A2	0.239
HD 107436	HIP 60250	185.31196	-45.38693	291.52	m	9.241	1.918	F0 V	0.391
HD 105301	HIP 59128	181.87069	62.69587	291.54	m	9.78	2.457	F5	0.449
HIP 107256		325.86369	44.80905	291.56	m	9.957	2.633		0.51
HD 146491	HIP 79791	244.25424	-9.35649	291.63	m	9.382	2.058	F2 V	0.599
HIP 112685		342.28385	73.60762	291.64	m	10	2.676	F0	0.393
HD 16216	HIP 11963	38.59174	-51.79537	291.65	m	9.069	1.745	K2 III	1.458
HD 217308	HIP 113595	345.10523	-46.43383	291.66	m	10.14	2.815	F2 V	0.332
HD 173337	HIP 92108	281.58028	-35.86055	291.72	m	9.156	1.831	F5 V	0.596
HD 36964	HIP 26127	83.57059	-24.33882	291.74	m	9.627	2.302	A(P SR)	0.266
HIP 72818		223.2598	81.61586	291.76	m	9.767	2.442	F2	0.434
HD 169761	HIP 90455	276.8654	-28.75523	291.77	m	10.01	2.686	F0/2 V	0.696
HD 139494	HIP 76493	234.34958	31.61713	291.79	m	9.744	2.419	G5	0.389
HD 2929	HIP 2606	8.27567	52.69332	291.82	m	9.086	1.76	A2	0.166
HD 219405	HIP 114832	348.91675	-16.87607	291.84	m	9.773	2.447	F5 V	0.54
HIP 49547		151.7519	33.58808	291.89	m	9.648	2.322	F8	0.555
HD 6701	HIP 5282	16.89112	-16.19469	291.89	m	10.34	3.014	F0 V	0.224
HIP 18663		59.93726	48.14042	291.92	m	9.222	1.896		0.097
HIP 70298		215.75497	17.10927	292	m	9.396	2.069	F5	0.466
HD 109554	HIP 61458	188.91207	3.41512	292.02	m	9.128	1.801	F6 V	0.506
HIP 35138		108.96282	43.12638	292.02	m	9.354	2.027	F8	0.575
HIP 8129		26.12139	7.81879	292.03	m	11.03	3.706	F5	0.379
HD 38748	HIP 27632	87.74858	53.22105	292.05	m	9.25	1.923	K5	0.805
HD 134587	HIP 74167	227.31268	42.84442	292.08	m	9.054	1.726	F5	0.428
HD 142400	HIP 77906	238.6557	-7.47729	292.11	m	9.538	2.21	F0 IV/V	0.539
HD 117174	HIP 65663	201.939	47.76298	292.12	m	10.22	2.894	F	0.307
HD 284564	HIP 21240	68.34638	19.8137	292.13	m	9.172	1.844	G5	1.309
HIP 57736		177.59243	35.7284	292.13	m	10.29	2.958	F5	0.482
HD 257713	HIP 30839	97.15998	26.07146	292.14	m	10.55	3.22	F8	0.366
HIP 54526		167.35869	60.17722	292.15	m	10.13	2.803	G5	1.018
HD 173553	HIP 92091	281.52432	-2.03652	292.19	m	9.583	2.255	A0 V	0.228
HIP 36337		112.18558	38.34183	292.34	m	10.34	3.006	F8	0.592
HD 234358	HIP 82607	253.31594	51.13998	292.35	m	9.551	2.221	G0	0.604
HIP 19964		64.21037	69.14994	292.36	m	10.16	2.832	F2	0.473
HIP 1433		4.46845	-17.56706	292.38	m	9.505	2.175	G0	0.45
HIP 88306		270.50327	-64.92304	292.4	e	9.433	2.103	G5	0.974
HIP 70397		216.04478	-1.01511	292.45	m	9.693	2.363	F8	0.452
HIP 2171		6.85147	16.00977	292.48	m	10.19	2.86	F8	0.593
HIP 49703		152.19174	39.93883	292.52	m	9.854	2.523	F8	0.619
HD 146316	HIP 79831	244.42379	-45.44778	292.52	m	9.067	1.736	F7 V	0.998
HD 210019	HIP 109259	332.03333	-30.80152	292.54	m	10.21	2.88	F3/5 V	0.47
HD 3132	HIP 2709	8.61093	-19.33227	292.55	m	9.431	2.1	F5 V	0.534
HD 35427	HIP 25285	81.13749	-3.50815	292.57	m	9.459	2.128	A2/3 III	0.29
HIP 107427		326.37359	-21.55794	292.62	m	11.04	3.711		0.333
HD 34353	HIP 24600	79.15204	-6.58916	292.63	m	9.596	2.264	A2 IV/V	0.192
HD 192864	HIP 100302	305.14526	-62.17819	292.65	m	10.14	2.812	F0 III/IV	0.307
HIP 78311		239.85172	0.67468	292.67	m	9.803	2.471	F2	0.592
HD 246435	HIP 26906	85.68092	33.73882	292.68	m	10.24	2.911	F8	0.513
HIP 89388		273.61512	4.71176	292.71	m	10.78	3.45	G0	0.584
HD 209508	HIP 108984	331.18301	-37.03903	292.74	m	10.08	2.748	F3/5 V	0.535
HIP 59365		182.69396	79.98598	292.76	m	9.937	2.604	F8	0.556
HIP 63379		194.80133	32.58839	292.79	m	10.79	3.457	F8	0.602
HIP 81204		248.79013	38.0776	292.81	m	9.714	2.381	K2	1.269
HIP 2387		7.61436	5.99751	292.84	m	11.35	4.019		0.45
HD 81617	HIP 46331	141.69047	-0.35553	292.86	m	9.393	2.06	F3 V	0.538
HIP 59512		183.07744	-24.0731	292.91	m	10.76	3.424	G0	0.678
HIP 89889		275.12071	15.13594	292.93	m	9.067	1.733	F0	0.54
HIP 78077		239.13285	37.36103	292.94	m	9.064	1.73	K0	1.248
HIP 30098		95.016	38.34559	292.98	m	10.76	3.423	G5	0.884
HD 232908	HIP 19660	63.18845	53.77202	293	m	10.13	2.797	A0	0.709
HD 204128	HIP 106013	322.08284	-52.82072	293	m	9.233	1.899	K1 IIICNIVP	1.218
HIP 70983		217.77864	0.63267	293.03	m	11.65	4.317	G0	0.844
HIP 86329		264.58835	29.14647	293.04	m	10.39	3.055		0.171
HD 89617	HIP 50733	155.39223	46.15211	293.05	m	9.894	2.559	F5...	0.409
HIP 108988		331.19118	21.80927	293.06	m	9.171	1.836	A3	0.314
HIP 66650		204.93896	44.05542	293.07	m	9.873	2.538	F2	0.445
HD 144166	HIP 79108	242.20604	-66.35253	293.08	m	9.801	2.466	F3/5 V	0.511
HIP 77334		236.82171	-16.17472	293.08	m	9.909	2.574	G5	1.158
HD 327420	HIP 77500	237.3791	-46.32723	293.11	m	10.32	2.984	F2	0.515
HIP 61525		189.0731	13.02519	293.11	m	10.27	2.935	F5	0.488
HIP 62334		191.6108	21.57347	293.11	m	10.37	3.031	G0	0.854
HD 3492	HIP 2991	9.50537	5.84762	293.13	m	9.068	1.733	K2	1.384
HIP 113120		343.61773	30.33115	293.14	m	9.223	1.888	F2	0.47
HIP 51978		159.3073	30.58098	293.25	m	9.903	2.567	F5	0.533
HIP 62379		191.76488	81.70351	293.25	m	9.084	1.748	F2	0.435
HIP 78953		241.76025	69.60592	293.26	m	10.45	3.109	G5	0.511
HD 232687	HIP 12371	39.80991	50.78382	293.27	m	9.259	1.923	A0	0.297
HD 119462	HIP 66991	205.93684	-21.21285	293.28	m	9.282	1.946	F5 V	0.459
HIP 31682		99.42818	-19.30942	293.28	m	9.05	1.714	K0	1.262
HD 213305	HIP 111353	338.39328	-74.66526	293.28	m	9.356	2.02	K3 (III)	1.483
HIP 16166		52.07775	-37.4473	293.29	m	9.426	2.089	K0	1.107
HIP 26554		84.69609	36.15102	293.33	m	12.25	4.915		
HD 155722	HIP 84319	258.56957	-24.37696	293.33	m	9.668	2.331	F2 V	0.519
HIP 73630		225.75796	-50.76985	293.35	m	10.27	2.933	F2	0.363
HIP 109570		332.93704	4.04566	293.35	m	10.04	2.699	K0	1.336
HIP 85855		263.17344	23.73657	293.35	m	9.011	1.674	G0	0.662
HIP 81161		248.64619	26.00907	293.37	m	10.05	2.717	F0	0.311
HD 114603	HIP 64455	198.16846	-61.46481	293.38	m	9.04	1.703	B9.5 V	0.142
HIP 73509		225.36724	2.70828	293.4	m	10.16	2.823	F8	0.527
HIP 26445		84.40463	2.31789	293.43	m	9.98	2.642	F0	0.274
HIP 81038		248.26102	45.12778	293.44	m	9.375	2.037	K0	1.111
HD 232168	HIP 1786	5.67575	53.60551	293.6	m	9.099	1.76	A0	0.07
HD 217323	HIP 113570	345.04265	-25.05678	293.61	m	9.079	1.74	K0 IV	1.171
HIP 57463		176.6868	6.17801	293.61	m	10.76	3.417	G 6 III	1.042
HD 224265	HIP 118028	359.1157	-0.93232	293.68	m	9.176	1.837	K1/2 III	1.478
HIP 37783		116.20262	21.83468	293.76	m	9.405	2.065	G5	0.941
HD 110250	HIP 61856	190.16253	10.93108	293.83	m	9.17	1.83	K2	1.331
HD 16986	HIP 12689	40.75764	-16.62366	293.83	m	10.43	3.093	F2/3 V	0.506
HIP 44547		136.14562	49.31651	293.88	m	10.57	3.226	F2	0.596
HD 53285	HIP 34265	106.54611	37.33519	293.91	m	9.296	1.955	F0	0.36
HD 285631	HIP 19988	64.31028	18.94928	293.95	m	11.08	3.735	F5	0.695
HD 77162	HIP 44201	135.05958	-20.73813	293.95	m	9.322	1.981	A1 V	0.278
HD 183807	HIP 96190	293.37821	-47.91556	293.98	m	9.529	2.187	F5 V	0.458
HD 9808	HIP 7417	23.89963	-11.94185	294.03	m	9.32	1.978	F0 V	0.305
HIP 32582		101.97607	38.95734	294.03	m	10.23	2.884	F5	0.634
HIP 106757		324.37906	67.18428	294.05	m	9.833	2.491	F2	0.426
HIP 1856		5.86324	-34.91914	294.07	m	10.66	3.318	G0	0.873
HD 146139	HIP 79648	243.80197	-12.74945	294.12	m	9.178	1.835	K2 III	1.564
HIP 77953		238.79591	-26.73383	294.15	m	10.13	2.792	F2	0.481
HD 114670	HIP 64506	198.31903	-63.30023	294.17	m	9.284	1.941	A9 V	0.445
HD 155567	HIP 84224	258.23675	-14.33681	294.2	m	9.929	2.586	F3 V	0.679
HD 189620	HIP 98529	300.24976	-3.79619	294.24	m	9.076	1.732	B9 V	0.316
HD 29289	HIP 21430	69.0157	-18.7261	294.25	m	9.57	2.226	F2/3 V	0.506
HD 69658	HIP 40360	123.60553	-61.6596	294.25	m	9.685	2.341	F5 IV	0.591
HD 198266	HIP 102683	312.1049	26.82032	294.25	m	9.138	1.794	A0	0.16
HIP 15984		51.45874	30.93171	294.3	m	9.225	1.881	B 8 V	0.366
HD 25327	HIP 18356	58.86252	-72.34159	294.31	m	9.363	2.019	A0 V	0.131
HIP 45880		140.32981	81.72434	294.34	m	11.89	4.546	B2	-0.408
HD 101017	HIP 56684	174.33998	-21.46333	294.34	m	9.275	1.931	G8 IV	1.146
HIP 85233		261.24406	44.6252	294.45	m	10.95	3.601	F5	0.667
HD 27999	HIP 20496	65.89581	-38.8652	294.46	m	9.6	2.255	G8 III	1.011
HIP 45234		138.28061	8.23689	294.46	m	9.876	2.531	F5	0.487
HD 144129	HIP 78565	240.64404	42.50569	294.54	m	9.497	2.151	F5	0.443
HD 54796	HIP 34245	106.49046	-63.11573	294.56	m	9.63	2.284	A5 IV	0.39
HD 145881	HIP 79635	243.76575	-42.03308	294.62	m	10.55	3.203	B8/9 V	0.644
HIP 68102		209.13997	-41.52154	294.64	m	10.32	2.974	G0	0.559
HD 76779	HIP 43423	132.67096	-78.04466	294.64	m	9.405	2.059	F0 IV	0.496
HD 116199	HIP 65316	200.80358	-58.98711	294.66	m	9.448	2.101	A8 IV/V	0.33
HIP 102318		310.9664	1.69001	294.66	m	9.641	2.294	F5	0.53
HD 188408	HIP 98180	299.28128	-46.7348	294.7	m	9.114	1.767	K2 III	1.375
HIP 64992		199.82254	76.794	294.72	m	10.46	3.116	F5	0.461
HD 5769	HIP 4603	14.75495	-29.40171	294.75	m	9.339	1.992	A4 V	0.188
HD 72259	HIP 41814	127.87614	-9.32735	294.76	m	9.248	1.901	K0 III	1.222
HD 203723	HIP 105731	321.22514	-31.91322	294.76	m	9.612	2.265	F0 V	0.383
HD 235635	HIP 107740	327.38521	54.37469	294.81	m	9.18	1.832	A0	0.212
HD 218363	HIP 114082	346.57664	64.86888	294.81	m	9.07	1.722	A0	0.152
HIP 113733		345.49832	-55.26517	294.84	m	9.757	2.409	F5 V	0.474
HD 9567	HIP 7187	23.14979	-54.74234	294.86	m	9.147	1.799	K2 III/IVCNII	1.327
HIP 103841		315.62092	63.16963	294.87	m	9.171	1.823	A2	0.19
HD 204550	HIP 106126	322.45901	-18.34961	294.92	m	9.494	2.145	A8 V	0.263
HIP 37686		115.97445	36.04108	294.93	m	10.36	3.015	F8	0.829
HD 114080	HIP 64153	197.22305	-52.58234	294.95	m	9.32	1.971	G8 III/IV	0.968
HIP 45828		140.16302	48.90808	294.97	m	9.735	2.386	G0	0.749
HD 287412	HIP 23406	75.45309	11.38318	294.97	m	10.13	2.777	G5	0.264
HD 179447	HIP 94435	288.31361	-17.1058	294.98	m	9.392	2.043	A0	1.241
HIP 41362		126.57406	33.16002	294.99	e	10.8	3.451	G0	0.502
HD 158735	HIP 85705	262.71169	3.81637	294.99	e	9.442	2.093	G0 V	0.62
HIP 63873		196.3626	-10.32494	295.01	m	10.56	3.211		0.505
HIP 117140		356.2157	13.45108	295.04	m	9.653	2.304	A5	0.353
HD 64322	HIP 38688	118.80925	43.46996	295.07	m	9.259	1.909	K0	1.195
HD 167650	HIP 89701	274.60485	-44.94952	295.12	m	9.034	1.684	B9.5 V	0.026
HD 244671	HIP 25975	83.14874	15.95816	295.12	m	10.57	3.219	F0	0.321
HD 119044	HIP 66879	205.59561	-56.86058	295.12	m	9.016	1.666	A0 V	0.155
HIP 5981		19.2349	38.46371	295.23	m	9.834	2.483		0.785
HIP 14906		48.09459	10.3264	295.23	m	10.03	2.683	F5	0.848
HD 201996	HIP 105006	319.01289	-62.71781	295.27	m	9.958	2.607	F2 V	0.381
HD 115250	HIP 64753	199.06206	-23.54868	295.29	m	9.296	1.945	K1 III	1.465
HIP 94856		289.52653	-5.41506	295.29	m	9.805	2.454		1.195
HIP 83811		256.92602	35.94699	295.32	m	10.54	3.194	F8	0.609
HIP 84921		260.32559	14.31116	295.36	m	10.19	2.839	F5	0.45
HD 260222	HIP 31561	99.09214	27.93433	295.4	m	12.65	5.295	F2V	
HIP 69911		214.6121	-0.11545	295.48	m	10.61	3.257	G0	0.807
HIP 106447		323.40179	0.3956	295.52	m	12.3	4.948	sdF5:	
HD 2500	HIP 2257	7.18995	0.76715	295.53	m	9.982	2.629	A9/F2 V	0.43
HIP 111602		339.15168	38.1674	295.54	m	9.579	2.226	A M	0.403
HD 124676	HIP 69533	213.51798	37.34418	295.6	m	9.034	1.681	G 8 III	1.062
HD 11806	HIP 8963	28.86309	-22.04683	295.66	m	9.426	2.072	F2/3 V	0.483
HD 122412	HIP 68610	210.67665	-41.83235	295.67	m	9.99	2.636	F3 V	0.379
HD 199274	HIP 103538	314.63696	-55.79782	295.68	m	9.719	2.365	F6 V	0.508
HD 120428	HIP 67530	207.53485	-39.25938	295.68	m	9.27	1.916	F5/6 IV	0.554
HD 182185	HIP 95454	291.25877	-37.54794	295.7	m	9.018	1.664	K1 (III)	1.739
HIP 86095		263.91982	-62.9536	295.71	m	10.29	2.934	F2 III/IV	0.354
HD 168134	HIP 89712	274.63745	-6.10782	295.73	m	9.394	2.04	A7 III	0.65
HIP 55000		168.9161	-16.34978	295.74	m	9.539	2.184		0.384
HIP 77456		237.21229	-24.30685	295.77	m	12.55	5.2	Fp	
HIP 40052		122.72123	42.78337	295.79	m	10.42	3.067	F5	0.531
HD 23197	HIP 17377	55.81115	-0.07792	295.83	m	9.376	2.021	G8 IV	1.124
HIP 85183		261.11713	18.00659	295.83	m	10.39	3.037	G	0.723
HIP 64442		198.1248	22.91723	295.86	e	9.828	2.473	G0	0.65
HIP 79590		243.57	52.80342	295.86	m	10.1	2.743	K2	1.088
HD 238294	HIP 67697	208.0074	58.26734	295.88	m	10.13	2.778	G5	1.041
HIP 12019		38.75933	-0.1775	295.91	m	10.51	3.155	F5	0.63
HD 21652	HIP 16352	52.67421	29.23884	295.92	m	9.085	1.729	A2	0.306
HD 56	HIP 483	1.43939	81.07147	295.96	m	9.191	1.835	A0	0.145
HIP 72451		222.23612	31.23691	295.98	m	10.35	2.991	F5	0.5
HD 54561	HIP 34668	107.69365	33.34659	296.04	m	9.031	1.674	F8	0.418
HD 92808	HIP 52337	160.4321	-56.34406	296.05	m	9.078	1.721	F6/8 III/IV	0.574
HD 207462	HIP 107748	327.41458	-20.50791	296.06	m	9.22	1.863	K0 III	1.157
HD 157033	HIP 84960	260.47127	-23.81575	296.1	m	10.12	2.762	A9/F0 V	0.549
HD 22668	HIP 17293	55.53443	62.2854	296.11	m	9.223	1.866	A0	0.234
HIP 16068		51.74136	-63.5047	296.12	m	9.52	2.163	F8	0.727
HD 161504	HIP 87005	266.67515	-19.99839	296.12	m	10.04	2.686	F3/5 V	0.849
HD 77749	HIP 44479	135.93904	-23.51651	296.16	m	9.887	2.529	A1 IV	0.301
HIP 59664		183.5334	-14.34376	296.17	m	11.43	4.069		1.093
HD 148444	HIP 80832	247.61247	-48.15654	296.2	m	9.443	2.085	A9 V	0.411
HD 180726	HIP 94848	289.49197	-8.2235	296.22	m	10.15	2.792	F2/3 (V)	0.565
HIP 4632		14.8618	-16.23666	296.23	m	10.5	3.14	F5	0.524
HIP 32450		101.5872	73.67906	296.27	m	10.15	2.794	G0	0.969
HD 25409	HIP 19031	61.15524	50.10106	296.28	m	9.161	1.803	F5	0.447
HIP 90860		278.03195	64.4324	296.3	m	10.29	2.93	K0	1.152
HIP 54055		165.91941	11.48502	296.31	m	9.671	2.312	F8	0.607
HIP 15841		51.01487	13.05498	296.37	m	11.03	3.674	G	1.245
HD 225121	HIP 295	0.91871	-41.09589	296.37	m	9.689	2.33	F0 V	0.406
HD 282912	HIP 17775	57.07902	28.78597	296.39	m	10.13	2.773	A2	0.497
HIP 108186		328.77898	-36.49427	296.41	m	10.75	3.388	F5	0.509
HD 158835	HIP 85713	262.7275	15.19264	296.42	m	9.122	1.762	A3	0.233
HIP 72101		221.23969	74.89184	296.43	m	10.57	3.212	F8	0.563
HD 114162	HIP 64176	197.29138	-29.04265	296.44	m	9.092	1.732	K1 III	1.294
HD 85109	HIP 48304	147.71952	42.27219	296.49	m	9.016	1.656	K0	1.114
HD 205384	HIP 106584	323.80496	-14.59868	296.58	m	9.883	2.522	A2 III	0.231
HIP 10501		33.84048	36.506	296.63	m	9.339	1.978	K0	1.202
HIP 56223		172.88997	29.00342	296.64	m	9.287	1.926	F2III	0.449
HIP 66883		205.59989	17.14263	296.64	m	10.2	2.834	F8	0.425
HIP 59153		181.96427	37.05407	296.69	m	9.993	2.632	K0III	1.275
HIP 12995		41.774	-0.5998	296.8	m	10.45	3.088	F5	0.512
HD 131884	HIP 73062	223.96201	13.66698	296.83	m	9.586	2.223	F5	0.37
HD 64344	HIP 38338	117.7949	-48.6143	296.88	m	9.547	2.184	K1/2 (III)	1.383
HD 32438	HIP 23293	75.15806	-51.05027	296.88	m	9.203	1.84	F2 IV/V	0.344
HD 349495	HIP 92752	283.51646	20.47597	296.88	m	9.056	1.693	F0	0.418
HD 186372	HIP 97218	296.37189	-38.47612	296.92	m	9.802	2.439	F5 V	0.488
HIP 7214		23.23407	47.59486	296.92	m	9.471	2.108	A 5 V	0.371
HIP 8560		27.60581	-16.11218	296.93	m	10.34	2.981	F2	0.383
HD 16697	HIP 12449	40.07216	-12.16523	296.99	m	9.686	2.322	F5 V	0.544
HIP 66612		204.81041	-49.7263	297.01	m	10.6	3.236	G0	0.377
HD 23172	HIP 17380	55.82776	8.50823	297.02	m	9.75	2.386	F2	0.553
HIP 102621		311.92294	9.42178	297.02	m	9.135	1.771	K0	1.203
HD 170589	HIP 90856	278.01814	-40.76588	297.04	m	9.826	2.462	G0 V	0.574
HD 119731	HIP 67062	206.14156	23.66833	297.12	m	9.264	1.899	F 1 III-IV	0.342
HD 67008	HIP 39771	121.92321	41.80048	297.13	m	9.676	2.311	F 2 V:	0.237
HIP 61204		188.12948	21.10093	297.17	m	10.12	2.756	F8	0.505
HIP 82763		253.72229	87.73427	297.23	m	9.074	1.709	K0	1.327
HIP 106776		324.42485	22.7117	297.25	m	10.38	3.01	F8	0.462
HD 176467	HIP 93290	285.01931	8.09176	297.3	m	9.243	1.877	B9	0.294
HD 135424	HIP 74669	228.89141	-16.93466	297.3	m	9.643	2.277	F6 V	0.574
HD 11030	HIP 8343	26.90262	-35.88796	297.31	m	9.821	2.455	F2 V	0.369
HD 163330	HIP 87645	268.53336	34.16413	297.32	m	9.019	1.653	A2	0.124
HD 22961	HIP 17323	55.62256	35.63914	297.35	m	9.53	2.164	A 1 P (SR)	0.223
HD 183117	HIP 95897	292.54115	-48.13531	297.38	m	9.953	2.586	F3 V	0.424
HIP 53887		165.37249	24.45741	297.38	m	9.5	2.133	K0	1.139
HIP 35931		111.10497	30.68273	297.41	m	9.693	2.326	F5	0.586
HD 13569	HIP 10241	32.93001	-31.39846	297.51	m	9.261	1.893	K1 III	1.263
HD 11199	HIP 8430	27.16984	-52.45494	297.55	m	9.849	2.481	F7 IV	0.589
HIP 104895		318.7233	8.99366	297.58	m	9.27	1.902	K0	1.276
HIP 74616		228.68386	-27.65634	297.64	m	10.13	2.761	F8	0.879
HD 330194	HIP 77957	238.80462	-50.13706	297.65	m	10.14	2.772	A7	0.435
HD 111428	HIP 62579	192.33985	-11.93237	297.7	m	9.217	1.848	F2/3 IV/V	0.501
HD 96960	HIP 54520	167.32166	-47.52756	297.7	m	10.19	2.824	F0 V	0.41
HD 16279	HIP 12106	38.99971	-26.69894	297.73	m	9.913	2.544	G3 V	0.741
HIP 1361		4.26266	28.31431	297.74	m	9.25	1.881	F5	0.451
HD 239691	HIP 106228	322.75241	56.94553	297.77	m	9.185	1.816	A0	0.243
HIP 44092		134.71665	33.86291	297.79	m	10.73	3.365	F5	0.573
HD 102920	HIP 57766	177.68976	-53.64904	297.84	m	9.032	1.662	K1 III	1.268
HIP 27724		88.06545	87.22073	297.89	m	10.23	2.862	G2	0.595
HIP 82146		251.72635	0.48646	297.89	m	11.28	3.905	G0	0.492
HD 186134	HIP 97147	296.17991	-46.37887	297.89	m	10.18	2.813	F5 V	0.489
HD 145571	HIP 79442	243.19008	-26.36552	297.91	m	9.51	2.14	F0 V	0.67
HD 214677	HIP 111831	339.77753	42.98819	297.93	m	9.369	1.998	A2	0.254
HIP 51642		158.26926	-15.81808	297.97	m	9.381	2.01	A2	0.251
HD 171331	HIP 91057	278.62269	-4.7093	298.05	m	9.632	2.261	K1 (III)	1.378
HD 93067	HIP 52499	161.00638	-47.35844	298.13	m	9.53	2.158	A2 IV	0.203
HIP 37714		116.04718	49.55994	298.13	m	9.866	2.494	G0	0.8
HIP 83157		254.91088	18.66779	298.14	m	11.41	4.042	K0	0.886
HIP 56807		174.68569	14.65201	298.24	m	9.351	1.978	F5	0.485
HD 156460	HIP 84640	259.55542	-14.79887	298.24	m	9.107	1.734	K0 (III)	1.592
HD 98690	HIP 55411	170.22202	-52.2252	298.27	m	9.123	1.75	K2 III	1.304
HD 7038	HIP 5487	17.56424	-34.5029	298.28	m	9.421	2.048	F2 V	0.48
HD 17684	HIP 13100	42.10942	-51.04099	298.3	m	9.195	1.822	F0 V	0.348
HD 11853	HIP 9010	29.00081	-16.95897	298.32	m	9.29	1.917	K0/1 III	0.995
HD 232902	HIP 19465	62.52539	52.49612	298.37	m	9.725	2.351	A0	0.333
HIP 81664		250.23895	82.36143	298.38	m	10.53	3.156		1.046
HIP 55054		169.05951	30.20754	298.4	m	10.34	2.968	F8	0.511
HD 214819	HIP 111904	340.01596	46.11153	298.4	m	10.03	2.653	A2	0.309
HD 96736	HIP 54488	167.21216	29.49172	298.43	m	9.315	1.941	F0	0.373
HD 54759	HIP 34625	107.58401	5.30185	298.45	m	9.424	2.05	F8	0.546
HD 223411	HIP 117487	357.35719	-58.14451	298.46	m	10.15	2.778	F2/3 IV/V	0.464
HD 68253	HIP 40209	123.18519	29.54192	298.47	m	9.013	1.638	A2	0.085
HD 334958	HIP 102004	310.05717	29.33942	298.48	m	9.262	1.887	K0	1.29
HD 106567	HIP 59779	183.86232	-23.78541	298.51	m	9.633	2.258	A7 III/IV	0.302
HD 42366	HIP 29428	92.99329	35.51558	298.53	m	9.064	1.689	A0	0.181
HD 68352	HIP 40216	123.20523	22.37982	298.53	m	9.35	1.975	A2	0.207
HIP 114130		346.71925	7.51389	298.54	m	10.26	2.88	G0	0.705
HD 2590	HIP 2385	7.60963	72.53101	298.57	m	9.186	1.811	A0	0.292
HD 10394	HIP 7870	25.31314	-12.91769	298.61	m	9.592	2.216	F3 V	0.425
HD 188738	HIP 98277	299.53058	-36.29169	298.61	m	10.07	2.695	F2 V	0.481
HD 161887	HIP 87216	267.27709	-23.44774	298.65	m	9.408	2.032	K1 (III)	1.518
HD 30590	HIP 22385	72.28547	5.21849	298.67	m	9.235	1.859	F	0.24
Gl 385	HIP 120071	151.90825	-85.11979	298.72	m	10.32	2.943		0.313
HD 115508	HIP 64916	199.59303	-43.95525	298.75	m	9.403	2.026	G6/8 (III)	1.073
HD 311476	HIP 45651	139.57853	-71.16401	298.75	m	9.259	1.882	G0	0.603
HD 145799	HIP 79281	242.71856	46.9708	298.76	m	9.208	1.831	F2	0.435
HIP 43599		133.19734	-41.43455	298.81	m	10.34	2.963		0.827
HD 349043	HIP 91547	280.04123	21.098	298.84	m	10.42	3.047	A5	0.424
HIP 14937		48.15151	3.96107	298.84	m	9.455	2.078	F8	0.671
HD 84290	HIP 47641	145.69793	-48.91743	298.87	m	9.233	1.856	K0 III	1.178
HD 68500	HIP 40395	123.70959	48.82116	298.88	m	9.133	1.756	F0	0.295
HIP 18869		60.67417	60.34888	298.9	m	10.72	3.344	A0	0.42
HD 199645	HIP 103318	313.98316	59.09339	298.92	m	9.298	1.92	A0	0.129
HD 10771	HIP 8027	25.77356	-66.67533	298.95	m	9.476	2.098	G5/6 V	1.044
HD 189010	HIP 98631	300.492	-64.07663	298.98	m	9.303	1.925	F3 V	0.489
HD 194366	HIP 100815	306.61227	-34.54072	299.08	m	9.635	2.256	F7 V	0.565
HD 125665	HIP 70180	215.38165	-22.83243	299.08	m	9.207	1.828	K2 III	1.439
HIP 46969		143.59538	14.59077	299.11	m	9.117	1.738	F2	0.492
HIP 106639		324.00052	-46.68272	299.14	m	12.76	5.384		
HD 158948	HIP 86188	264.17501	-64.53051	299.14	m	9.297	1.918	G2 IV/V	0.799
HIP 80863		247.68414	59.06077	299.15	m	10.43	3.048	K0	0.894
HIP 62328		191.59558	34.85181	299.23	m	9.6	2.22	G9III	1.284
HD 169371	HIP 90244	276.20082	-11.36411	299.25	m	9.112	1.732	A8/9 V	0.622
HD 150753	HIP 81869	250.82131	-9.89045	299.3	m	10.36	2.974	G6 (V)	1.045
HD 15170	HIP 11353	36.54169	-11.86708	299.3	m	10.35	2.968	F3/5 IV/V	0.538
HD 232778	HIP 15610	50.25057	50.9931	299.3	m	9.466	2.085	F8	0.589
HIP 18591		59.67467	-2.65179	299.31	m	10.6	3.216		0.492
HIP 2110		6.6987	-22.94915	299.32	m	10.74	3.364	G0	0.295
HD 222408	HIP 116779	355.00546	49.71763	299.32	m	9.735	2.354	F8	0.346
HIP 106542		323.66771	-35.88119	299.35	m	10.11	2.725	F5	0.545
HD 215045	HIP 112104	340.59982	-0.79163	299.4	e	9.469	2.088	F5 V	0.519
HD 25194	HIP 18846	60.61469	48.3953	299.42	m	9.438	2.057	F2...	0.383
HD 238812	HIP 88529	271.17143	59.66112	299.43	m	9.692	2.31	A3	0.282
HIP 38148		117.25887	32.91253	299.52	m	10.7	3.32	F5	0.633
HIP 6111		19.61336	-25.18062	299.52	m	10.89	3.507	G0	0.668
HD 22783	HIP 17072	54.88272	-2.86298	299.57	m	10.25	2.865	A9/F0 V	0.356
HD 223652	HIP 117636	357.85895	7.51867	299.57	m	9.701	2.319	A3	0.321
HD 97856	HIP 55032	168.98701	44.01144	299.57	m	9.193	1.81	G0	0.466
HIP 37977		116.76112	0.02314	299.6	m	9.366	1.983	A	0.07
HD 61517	HIP 37157	114.53842	-36.50357	299.6	m	9.194	1.811	K1 III	1.212
HIP 44704		136.63478	6.25998	299.61	m	9.801	2.418	F8	0.661
HIP 92749		283.50504	36.12638	299.62	m	9.474	2.091	F2V	0.519
HD 344738	HIP 96798	295.14964	21.54041	299.63	m	9.438	2.055	A2	0.244
HD 146497	HIP 79855	244.50999	-34.62484	299.63	m	9.06	1.677	G8/K0 III	1.448
HIP 61388		188.69906	-47.58189	299.66	m	10.03	2.646	F2	0.481
HD 26173	HIP 19355	62.19634	6.78153	299.68	m	9.032	1.649	A0	0.342
HD 234567	HIP 88807	271.93685	52.91126	299.68	m	9.455	2.072	A2	0.227
HIP 12203		39.2852	-1.01937	299.7	m	9.881	2.498	F0	0.506
HD 134156	HIP 74185	227.37944	-37.55938	299.78	m	10.4	3.018	G3 V	0.903
HD 208289	HIP 108187	328.77937	9.44275	299.79	m	9.34	1.956	A5	0.326
HD 224224	HIP 118006	359.03308	-18.00681	299.8	m	9.197	1.813	A7/8 V	0.236
HIP 73696		225.9513	-29.22762	299.84	m	10.43	3.047	F8	0.598
HD 202640	HIP 105297	319.91788	-60.50202	299.9	m	9.799	2.414	F0 V	0.33
HIP 72770		223.13367	10.43863	299.91	m	10.68	3.294	F0	0.523
HIP 36996		114.06267	-12.17529	299.91	m	9.239	1.854	A5	0.519
HD 205344	HIP 106640	324.00211	-46.6857	299.93	m	10.3	2.911	F2 V	0.449
HIP 7141		23.00693	57.19464	299.94	m	10.3	2.92	F0	0.825
HD 230855	HIP 94301	287.91638	19.43173	300	m	9.325	1.939	A0	0.252
HD 94080	HIP 52952	162.4517	-69.07745	300.03	m	9.818	2.432	A7 III/IV	0.338
HD 157183	HIP 85002	260.61114	-14.02011	300.05	m	9.245	1.859	K0 III	1.371
HD 11400	HIP 8546	27.55778	-61.01396	300.05	m	9.955	2.569	F5 V	0.481
HD 189774	HIP 99047	301.63923	-68.42747	300.06	m	9.331	1.945	F6 V	0.591
HIP 31769		99.6622	-17.96919	300.08	m	9.456	2.07	A3	0.256
HD 242632	HIP 24875	80.00186	24.42397	300.11	m	9.785	2.399	F0	0.571
HD 191640	HIP 99491	302.86211	-15.86517	300.13	m	10.61	3.227	F2/3 V	0.434
HD 129783	HIP 72079	221.17081	-7.1936	300.13	m	10.05	2.662	F5 V	0.528
HIP 108066		328.42471	-16.74884	300.14	m	9.443	2.056		0.43
HIP 3613		11.56811	32.35068	300.15	m	9.55	2.163	F8	0.647
HD 11582	HIP 8786	28.25101	-34.29345	300.18	m	9.646	2.259	G5/6 (V)W	0.727
HD 255441	HIP 30124	95.08357	9.11974	300.25	m	9.771	2.384	A5	0.259
HIP 68883		211.56204	7.3739	300.25	m	11.26	3.875	G0	0.607
HD 124255	HIP 69501	213.42934	-47.51219	300.28	m	9.154	1.766	A0/1 V	0.148
HD 149832	HIP 81549	249.83219	-45.88913	300.28	m	9.388	2	F6 V	0.764
HD 21595	HIP 16093	51.82426	-46.96717	300.31	m	9.282	1.894	K0 III	1.137
HD 241931	HIP 24487	78.81267	23.8305	300.33	m	9.085	1.697	K0	1.385
HD 196414	HIP 101797	309.45234	-18.77606	300.35	m	9.297	1.909	FM DELTA DEL	0.389
HD 3361	HIP 2906	9.20538	39.61747	300.36	m	9.217	1.829	A5	0.212
HIP 56155		172.66646	35.16398	300.41	m	10.46	3.073	F2	0.544
HD 80664	HIP 45724	139.82544	-48.97783	300.45	m	9.508	2.119	F6/8 IV/V	0.562
HD 5765	HIP 4629	14.85631	14.12154	300.46	m	9.908	2.519	F8	0.531
HIP 61228		188.19605	-49.39591	300.5	m	10.59	3.196	F5	0.542
HIP 82119		251.63707	12.34493	300.53	m	9.69	2.301	K0	1.13
HIP 25046		80.44485	64.90556	300.55	m	10.43	3.044	F2...	0.49
HIP 99791		303.70458	67.76686	300.56	m	9.52	2.13	F0	0.407
HD 99096	HIP 55631	170.95088	-47.37862	300.59	m	9.924	2.534	F0 V	0.329
HIP 7348		23.67347	43.26151	300.63	m	9.382	1.992	K 0 III	1.478
HIP 83718		256.65609	30.41399	300.63	m	9.084	1.694	A5	0.34
HD 46879	HIP 31983	100.25202	67.07314	300.66	m	9.081	1.691	A0	0.12
HD 242038	HIP 24511	78.8631	13.37835	300.67	m	10.75	3.359	F5	0.505
HD 223422	HIP 117477	357.31579	51.00774	300.68	m	9.345	1.954	A0	0.166
HD 131141	HIP 72806	223.2219	-35.38089	300.68	m	9.519	2.128	A(P SREU)	0.366
HIP 14585		47.0722	-71.71942	300.71	m	9.031	1.64	K5	1.682
HD 71091	HIP 41494	126.93637	51.08943	300.73	m	9.222	1.831	F2	0.397
HIP 73232		224.50922	-30.17076	300.77	m	9.994	2.603	F5	0.571
HD 38109	HIP 26949	85.7718	-5.80765	300.77	m	9.499	2.108	A5/7 II	0.338
HIP 63745		195.96714	47.3402	300.77	m	10.76	3.37	F8	0.548
HIP 66716		205.13304	32.87519	300.81	m	9.151	1.76	F2	0.37
HIP 64154		197.22583	-52.58003	300.85	m	11.03	3.637		0.293
HIP 109173		331.73241	40.6643	300.85	m	9.785	2.393	F5	0.53
HD 198397	HIP 103100	313.34393	-63.3167	300.86	m	9.458	2.066	K1 III	1.246
HIP 39677		121.63157	46.1513	300.95	m	9.526	2.134	F8	0.561
HIP 81614		250.03811	28.33918	300.97	m	10.26	2.867	F0	0.382
HD 86026	HIP 48765	149.19773	36.77798	301.01	m	9.189	1.796	K0	1.384
HD 219545	HIP 114918	349.1596	-19.96182	301.01	m	9.089	1.696	A0 V	0.145
HIP 25821		82.70677	49.78689	301.04	m	10.13	2.74	F8	0.461
HD 186738	HIP 97444	297.08826	-46.01986	301.05	m	9.004	1.611	F2 IV/V	0.453
HIP 2424		7.72811	-38.7501	301.11	m	10.07	2.678	F2	0.491
HD 99729	HIP 55964	172.02494	-35.19892	301.15	m	9.03	1.636	FM DELTA DEL	0.458
HIP 18039		57.83979	0.89927	301.15	m	9.991	2.597	F5	0.624
HD 26472	HIP 19540	62.78307	-1.24907	301.16	m	9.899	2.505	F8 V	0.501
HD 156057	HIP 84451	258.98455	-13.49417	301.16	m	9.629	2.235	B9.5 V	0.384
HIP 14848		47.93812	-7.30746	301.18	m	9.842	2.448	G0	0.628
HD 179567	HIP 94433	288.30631	-3.45746	301.23	m	9.032	1.638	B9/9.5 V	0.163
HD 48022	HIP 31891	99.99687	-29.75931	301.23	m	9.669	2.274	F0 V	0.339
HD 224134	HIP 117949	358.87644	-14.84516	301.24	m	9.564	2.169	F7/8 V	0.571
HIP 46256		141.45737	41.2067	301.25	m	9.526	2.131	F2	0.509
HIP 58063		178.62178	-50.42607	301.25	m	10.09	2.69	F2	0.315
HIP 65903		202.64027	38.20191	301.28	m	10.45	3.058	F8	0.579
HD 297870	HIP 49958	152.99914	-51.39937	301.31	m	10.51	3.117	F2	0.43
HD 219280	HIP 114754	348.67722	-14.44636	301.33	m	9.023	1.628	G8/K0 IV	1.29
HIP 7761		24.97839	24.79064	301.34	m	10.25	2.858	F8	0.595
HD 140631	HIP 77154	236.29596	-14.28647	301.37	m	10.21	2.81	F2 V	0.496
HD 149618	HIP 81315	249.11661	-16.12069	301.37	m	10.3	2.91	F3 V	0.717
HD 142359	HIP 77926	238.71534	-18.39524	301.39	m	10.95	3.553	F2/3 V	0.745
HD 147529	HIP 80183	245.54524	11.32977	301.41	m	9.192	1.796	F8	0.37
HD 513	HIP 774	2.38435	-40.64945	301.42	m	9.267	1.871	K1 III	1.192
HIP 112923		343.03871	-0.51158	301.43	m	10.15	2.757	F5	0.559
HIP 28095		89.08095	74.54578	301.43	m	10.11	2.714	F0	0.473
HD 238494	HIP 76721	235.00586	59.43236	301.46	m	9.663	2.267	F5	0.496
HIP 52842		162.06412	86.58769	301.46	m	11.5	4.101	K5	0.577
HD 89812	HIP 50793	155.566	17.11974	301.47	m	9.077	1.681	A2	0.234
HD 20886	HIP 15658	50.40812	-10.85092	301.48	m	10.15	2.757	F0 V	0.379
HIP 62272		191.42021	42.71799	301.5	m	10.38	2.983	G8III	1.117
HD 153005	HIP 83067	254.60079	-34.58971	301.52	m	9.101	1.704	B9.5 V	0.306
HD 92610	HIP 52359	160.51857	33.14992	301.53	m	9.426	2.029	F0	0.378
HIP 54587		167.57312	43.5033	301.56	m	9.461	2.064	G0	0.73
HIP 14362		46.32683	3.76672	301.59	m	9.892	2.495	F5	0.423
HD 39188	HIP 27586	87.62418	-8.9848	301.61	m	9.272	1.875	A2 IV	0.184
HIP 97415		296.99224	62.78005	301.61	m	9.498	2.101	F5	0.341
HD 12833	HIP 9751	31.34994	-17.43715	301.61	m	9.968	2.571	G0 V	0.495
HIP 27401		87.04327	-8.38942	301.62	m	9.487	2.09		0.356
HD 34271	HIP 24556	79.02746	-4.46406	301.62	m	9.547	2.15	A2 IV	0.242
HIP 58349		179.49305	81.26405	301.66	m	9.418	2.02	G5	0.986
HD 120618	HIP 67517	207.51848	29.28039	301.67	m	9.081	1.683	K0	1.196
HIP 76101		233.14118	-23.42792	301.69	m	10.18	2.783	F5	0.495
HD 233826	HIP 55489	170.4607	52.5581	301.7	m	9.528	2.13	G5	1.084
HIP 5330		17.04651	67.3018	301.7	m	10.5	3.098	F0	0.469
HD 185135	HIP 96664	294.79554	-37.61546	301.7	m	9.491	2.093	F3/5 V	0.683
HIP 70771		217.11734	73.05186	301.7	m	10.12	2.72		0.293
HIP 87418		267.96942	61.41903	301.7	m	9.17	1.772	F0	0.394
HIP 37214		114.66453	21.66595	301.75	m	9.71	2.312	F2	0.314
HD 127669	HIP 71170	218.33825	-29.05254	301.79	m	9.742	2.343	F0 V	0.489
HIP 113909		346.01267	-1.07423	301.8	m	9.941	2.542	F0	0.382
HD 233010	HIP 22297	72.02512	52.60631	301.8	m	9.05	1.651	A3	0.479
HD 105840	HIP 59383	182.74963	-57.74243	301.81	m	9.341	1.942	A0 V	0.138
HD 6400	HIP 5056	16.17803	-20.98787	301.82	m	9.511	2.112	G2 V	0.692
HD 19818	HIP 14595	47.10869	-59.37372	301.86	m	9.076	1.677	B9/A0 VN(E)	0.124
HIP 104823		318.54437	50.0816	301.86	m	9.443	2.044	A2	0.248
HD 40743	HIP 28476	90.18038	-2.05871	301.9	m	9.757	2.358	A1/2 V	0.209
HIP 2675		8.47216	81.77097	301.96	m	10.44	3.037	F0	0.476
HD 26247	HIP 19151	61.57359	-55.24417	302.03	m	9.09	1.69	G8 III/IV	1.054
HIP 19326		62.12823	0.26131	302.05	m	11	3.601	F8	0.602
HD 161882	HIP 87547	268.2833	-66.74335	302.05	m	9.07	1.67	A0 V	0.037
HD 223462	HIP 117506	357.42892	11.17424	302.08	m	9.554	2.153	A2	0.189
HIP 65577		201.67291	27.58903	302.08	m	11.53	4.129	G0	0.409
HD 110564	HIP 62085	190.87262	-49.65597	302.09	m	9.036	1.635	A1 V	0.197
HD 88159	HIP 49480	151.53606	-74.11669	302.09	m	9.39	1.989	A1 V	0.213
HIP 11016		35.4653	-20.35218	302.12	m	10.07	2.671	F0	0.414
HIP 53359		163.68268	-24.1913	302.14	m	10.32	2.92	F5	0.473
HIP 114123		346.67761	41.18575	302.16	m	9.564	2.163	A5	0.289
HIP 48965		149.83418	37.49888	302.19	m	10.41	3.011	F8	0.618
HD 105135	HIP 59038	181.56147	-46.86113	302.21	m	9.595	2.193	F0 V	0.358
HD 125496	HIP 70112	215.198	-42.75024	302.21	m	9.215	1.813	G0 V	0.676
HIP 53572		164.40086	77.80212	302.24	m	9.701	2.299	K2	1.066
HIP 55260		169.77612	1.70181	302.24	m	9.393	1.991	K0	1.083
HD 284307	HIP 20270	65.17661	22.94971	302.27	m	9.606	2.204	F2	0.533
HD 26134	HIP 19211	61.76837	-28.81129	302.29	m	9.048	1.646	F0 V	0.452
HD 196966	HIP 102269	310.83146	-57.71642	302.29	m	9.566	2.164	K1 III	1.153
HD 158433	HIP 86194	264.21201	-73.74655	302.3	m	9.007	1.605	G8 III	1.127
HIP 8919		28.70882	-29.11965	302.3	m	9.701	2.299	G5	1.216
HIP 46135		141.12481	30.73034	302.31	m	9.827	2.425	F2	0.493
HD 26296	HIP 19381	62.27895	-13.28791	302.35	m	9.243	1.84	K1 III	1.384
HIP 76206		233.50275	-43.15166	302.39	m	10.87	3.464	F8	0.515
HIP 10894		35.05595	4.8132	302.39	m	9.704	2.301	K0	0.954
HIP 114619		348.30516	42.28411	302.42	m	9.559	2.156	A5	0.294
HD 10189	HIP 7675	24.70618	-40.48653	302.47	m	9.209	1.806	A5 III	0.243
HIP 42987		131.42315	34.41193	302.49	m	10.72	3.316	F5	0.413
HD 98859	HIP 55502	170.50521	-56.02385	302.5	m	10.13	2.731	F3 IV/V	0.459
HIP 36502		112.65031	62.34943	302.55	m	9.079	1.675	F0	0.502
HD 53558	HIP 34434	107.08493	52.68578	302.58	m	9.203	1.799	F5	0.428
HD 239589	HIP 104515	317.56163	59.58281	302.6	m	9.416	2.012	A2	0.175
HD 232528	HIP 8295	26.73661	51.12387	302.62	m	10.23	2.826	F5	0.569
HIP 54320		166.6837	-43.61408	302.62	m	9.339	1.934	G5	1.225
HIP 114013		346.34849	-35.61328	302.67	m	10.4	2.997	F5	0.586
HD 34586	HIP 24613	79.19462	-40.00884	302.68	m	9.766	2.361	F6 IV	0.608
HD 1410	HIP 1451	4.51313	-45.76279	302.69	m	9.422	2.017	K2/3 (III)	1.44
HIP 66449		204.3377	13.3569	302.7	m	9.63	2.225	F2	0.63
HIP 87702		268.71376	-47.55869	302.73	m	9.995	2.59	G0	0.823
HIP 50281		153.99004	79.46946	302.79	m	9.653	2.247	F0	0.312
HIP 116239		353.29273	6.85465	302.8	m	10.32	2.91	F8	0.659
HIP 111850		339.85226	65.9447	302.81	m	9.395	1.989	A5	0.494
HD 284676	HIP 21856	70.49855	21.50896	302.83	m	9.142	1.736	K0	1.544
HIP 48456		148.19262	63.90643	302.84	m	10.41	3.007	A5	0.271
HD 98575	HIP 55390	170.13349	-2.89817	302.86	m	9.156	1.75	A1mF0-F2	0.35
HIP 21028		67.63348	-15.0889	302.9	m	9.906	2.499	G0	0.507
HD 127794	HIP 71231	218.50191	-29.67105	302.93	m	9.012	1.605	F6 V	0.571
HD 217794	HIP 113882	345.95163	-50.4495	302.94	m	9.088	1.681	K2 III	1.347
HIP 13885		44.70058	-39.89326	302.97	m	9.425	2.018		1.397
HD 150065	HIP 83487	255.94922	-85.28705	302.97	m	9.244	1.837	A2/3 IV	0.176
HIP 27154		86.34619	38.97388	302.98	m	9.684	2.277	F2	0.4
HD 69574	HIP 40405	123.73193	-55.51644	302.98	m	9.164	1.757	F7 IV	0.636
HD 83133	HIP 47067	143.87793	-30.76581	302.99	m	9.358	1.951	G5/6 V	0.945
HD 181143	HIP 94809	289.37808	42.26732	303.02	m	9.358	1.951	F2	0.332
HIP 61124		187.89889	32.0229	303.03	e	9.665	2.258	F8	0.482
HD 111302	HIP 62560	192.27436	-58.44849	303.08	m	9.394	1.986	F3 IV/V	0.716
HD 95217	HIP 53728	164.89043	-4.19202	303.11	m	9.001	1.593	A1 III	0.198
HD 216860	HIP 113352	344.34178	-54.93987	303.11	m	9.293	1.885	G8 III	0.967
HIP 55889		171.82028	42.11043	303.14	m	10.32	2.912	F8	0.408
HD 213378	HIP 111158	337.79888	-19.48568	303.15	m	9.994	2.586	G8/K0 (III)	1.155
HIP 42200		129.07218	43.61742	303.18	m	10.84	3.433		0.502
HD 103081	HIP 57905	178.15888	74.96511	303.24	m	9.596	2.187	A2	0.184
HIP 39305		120.54587	62.97185	303.28	m	9.219	1.81	F5	0.565
HIP 80690		247.13358	56.73553	303.3	m	10.19	2.783	G5	0.537
HIP 64977		199.76291	29.53982	303.31	m	10.9	3.492	G 8 III	0.95
HD 80886	HIP 45499	139.07088	-76.27776	303.31	m	9.285	1.876	A3MA6-A7	0.523
HIP 110144		334.66303	41.14147	303.34	m	9.431	2.021	A2	0.337
HD 333567	HIP 98992	301.45224	28.94305	303.37	m	9.173	1.763	F7V	0.536
HIP 9069		29.18792	-22.87166	303.41	m	10.43	3.023	F8	0.532
HIP 35486		109.86571	27.9684	303.43	m	10.06	2.646	G0	0.631
HD 145677	HIP 79331	242.86356	23.81992	303.43	m	9.275	1.865	K0	0.387
HIP 76105		233.14939	7.46189	303.44	m	9.693	2.283	F5	0.489
HD 128872	HIP 71702	220.00988	-24.10327	303.45	m	9.137	1.727	K1 III	1.372
HD 22613	HIP 17037	54.78088	25.15679	303.48	m	9.119	1.708	A3	0.216
HD 196118	HIP 101348	308.10321	58.81323	303.52	m	9.092	1.681	A0	0.25
HD 315783	HIP 85456	261.95283	-28.17122	303.55	m	9.123	1.712	K0	1.273
HD 128259	HIP 71443	219.16504	-26.57896	303.59	m	9.487	2.076	F2 III	0.474
HIP 15738		50.6957	6.79955	303.62	m	10.74	3.325	G0	0.935
HD 154932	HIP 83890	257.18665	-6.39202	303.63	m	9.211	1.799	G8 IV	1.447
HD 31116	HIP 22541	72.77205	-43.87607	303.65	m	9.362	1.95	A2/3MF0-F2	0.396
HD 94250	HIP 53202	163.22028	14.74015	303.66	m	9.245	1.833	F5	0.366
HD 27543	HIP 20112	64.6779	-46.64869	303.68	m	10.28	2.865	F0 V	0.299
HIP 68175		209.35662	21.92692	303.7	m	10.29	2.874	F8	0.429
HIP 57904		178.15344	44.69554	303.71	m	10.29	2.875	F5	0.431
HD 203452	HIP 106057	322.22542	-77.96111	303.71	m	9.925	2.513	A3MA5-A8	0.303
HD 68381	HIP 40145	122.97481	-8.11356	303.73	m	9.143	1.731	K0 III	1.105
HIP 62513		192.16505	68.35618	303.75	m	11.46	4.05	G	0.514
HD 96343	HIP 54316	166.67392	30.93172	303.78	m	9.266	1.853	F0	0.327
HIP 5815		18.66592	-35.00386	303.79	m	10.71	3.301	G0	0.686
HIP 54503		167.25653	-44.72552	303.88	m	9.068	1.655	K5	1.446
HD 182374	HIP 95578	291.61542	-45.75742	303.9	m	10.08	2.669	F5 V	0.528
HIP 18792		60.39403	20.60612	303.91	m	10.79	3.375	F2	0.61
HIP 103001		313.01825	63.64569	303.94	m	10.14	2.725	F0	0.389
HD 129043	HIP 71988	220.84157	-65.28084	304.03	m	10.15	2.736	A7 V	0.269
HD 103450	HIP 58078	178.65768	-32.12785	304.06	m	9.009	1.594	G2 V	0.804
HD 95036	HIP 53650	164.64742	18.59279	304.08	m	9.063	1.648	A2	0.232
HD 24938	HIP 18303	58.69975	-57.72503	304.08	m	9.194	1.779	G0 IV	0.644
HIP 41624		127.2897	30.21057	304.09	m	9.453	2.038	F0	0.433
HIP 17685		56.82214	47.38598	304.13	m	10.32	2.906	F2	0.438
HD 8867	HIP 6766	21.75959	-23.30581	304.17	m	9.595	2.179	F5/6 V	0.647
HD 223908	HIP 117808	358.39617	-40.72022	304.19	m	9.795	2.379	F5 V	0.482
HIP 108153		328.68075	14.55775	304.24	m	9.209	1.793	F5	0.58
HD 24332	HIP 17885	57.38508	-55.34881	304.28	m	10.42	3.008	F3 V	0.426
HD 55002	HIP 34427	107.05235	-54.62945	304.3	m	9.493	2.077	G8 V	1.049
HIP 56491		173.71539	10.04142	304.35	m	10.19	2.768	F2	0.375
HD 223877	HIP 117790	358.30752	66.40325	304.38	m	9.027	1.61	K2	1.335
HIP 65465		201.2758	56.06536	304.38	m	11.2	3.782		0.799
HD 143906	HIP 78805	241.32233	-50.84484	304.38	m	9.18	1.763	F3 II/III	0.643
HIP 68311		209.75146	28.90925	304.39	m	10.14	2.725	K0	1.078
HD 7549	HIP 5911	19.01482	32.33414	304.45	m	9.283	1.865	A5	0.293
HD 184647	HIP 96455	294.15403	-31.25931	304.47	m	10.41	2.994	F2/3 V	0.23
HD 174355	HIP 92503	282.77541	-23.05151	304.52	m	9.187	1.769	K0 III	1.551
HD 7007	HIP 5461	17.47515	-39.16818	304.55	m	10.14	2.723	F0 V	0.421
HD 340497	HIP 101126	307.4809	25.24879	304.56	m	9.123	1.705	A5	0.262
HD 179716	HIP 94488	288.47336	-5.89605	304.6	m	9.675	2.256	A7 II	0.579
HD 103896	HIP 58335	179.44559	-24.78914	304.62	m	9.541	2.122	A3 IV/V	0.181
HIP 64902		199.54467	47.74035	304.66	m	10.79	3.368	F5	0.427
HD 15336	HIP 11451	36.93719	-11.97904	304.66	m	9.008	1.589	G5 IV	0.867
HD 75356	HIP 43349	132.45295	7.53826	304.69	m	9.155	1.736	A0	0.193
HIP 100687		306.19783	14.86957	304.7	m	9.476	2.057	F0	0.467
HIP 83936		257.34936	19.01621	304.73	m	9.987	2.567	F5	0.532
HIP 50545		154.86069	0.26434	304.74	m	10.48	3.062	F8	0.725
HIP 15722		50.63045	70.6282	304.75	m	10.22	2.805	G5	0.876
HD 199465	HIP 103431	314.32871	5.81455	304.76	m	9.392	1.972	A0	0.269
HD 67742	HIP 40050	122.71632	35.91203	304.78	m	9.443	2.023	F5	0.283
HD 15461	HIP 11730	37.85872	55.98592	304.78	m	9.422	2.002	A3	0.308
HD 151345	HIP 82179	251.84243	-13.81914	304.8	m	10.35	2.925	A1/2 (V)	0.449
HD 281331	HIP 18130	58.14886	29.51784	304.81	m	10.4	2.976	A2	0.287
HD 167909	HIP 89716	274.64147	-30.0543	304.82	m	9.549	2.129	F3 IV/V	0.494
HIP 84088		257.86283	70.33499	304.82	m	10.36	2.935	F2	0.361
HIP 68340		209.83623	16.59568	304.87	m	10.18	2.754	F0	0.434
HD 223711	HIP 117687	358.00986	-45.54616	304.87	m	9.666	2.245	F2 V	0.312
HD 105602	HIP 59270	182.36523	28.20501	304.88	m	9.514	2.093	F5	0.467
HD 31064	HIP 22459	72.49625	-51.71038	304.89	m	9.043	1.622	F3 V	0.515
HD 174450	HIP 92621	283.08444	-41.17714	304.9	m	9.169	1.748	F0 IV/V	0.378
HD 209429	HIP 108951	331.09901	-42.46983	304.93	m	10.19	2.772	F2 V	0.288
HD 334260	HIP 100620	306.04479	29.96687	304.94	m	9.457	2.036	F2	0.398
HD 169636	HIP 90396	276.66547	-25.91655	304.97	m	9.053	1.632	G6/8 V	1.179
HD 353408	HIP 96847	295.29398	14.0847	305.01	m	9.101	1.679	A2	0.06
HD 257423	HIP 30686	96.72765	8.65917	305.04	m	9.783	2.361	A2	0.052
HIP 20936		67.33614	5.79461	305.09	m	10.35	2.924	F0	0.611
HD 221486	HIP 116211	353.19998	-39.11565	305.11	m	9.593	2.171	F0 V	0.367
HD 158260	HIP 85277	261.37263	51.49307	305.13	m	9.165	1.743	A3	0.198
HIP 80292		245.85033	23.95593	305.14	m	9.677	2.254	F0	0.445
HIP 88007		269.65862	13.88369	305.15	m	9.204	1.781	A2	0.352
HIP 51043		156.42518	31.14989	305.19	m	9.64	2.217	G5	0.449
HIP 95278		290.76497	-28.54568	305.2	m	10.76	3.336	F0	0.508
HD 222510	HIP 116875	355.35193	-52.13717	305.26	m	9.96	2.537	F6 V	0.542
HD 91209	HIP 51518	157.83496	-27.6507	305.26	m	9.541	2.118	A3 IV	0.233
HD 243252	HIP 25264	81.05139	22.1403	305.29	m	10.13	2.706	F2	0.756
HD 82996	HIP 47052	143.82827	-2.15034	305.3	m	9.268	1.844	K0 III	0.998
HIP 114353		347.39499	47.57889	305.32	m	10.12	2.7	A2	0.346
HD 101163	HIP 56805	174.68304	38.64952	305.34	m	9.041	1.617	K2	1.489
HD 102853	HIP 57728	177.57644	-54.84671	305.35	m	9.851	2.427	F2/3 V	0.414
HD 85304	HIP 48313	147.73962	0.80643	305.36	m	9.132	1.708	A3 V	0.219
HD 84641	HIP 47877	146.36428	-43.72644	305.39	m	9.433	2.009	A1/2 V	0.121
HD 193506	HIP 100479	305.64327	-47.47938	305.43	m	9.875	2.45	F3/5 V	0.47
HD 130490	HIP 72539	222.4623	-41.43142	305.43	m	9.578	2.153	F0 V	0.336
HIP 79025		241.94157	29.17832	305.45	m	9.549	2.124	F5	0.545
HD 209084	HIP 108751	330.4509	-41.39116	305.45	m	9.102	1.677	F2 IV	0.438
HD 221361	HIP 116234	353.25109	-78.93548	305.52	m	9.306	1.881	A3 V	0.263
HD 143491	HIP 78631	240.78511	-52.73875	305.57	m	9.909	2.483	K1 (III)	1.402
HIP 52655		161.50941	32.33234	305.57	m	10.09	2.661	G 0 V	0.64
HD 216254	HIP 112910	342.98086	-37.19204	305.62	m	9.76	2.334	F6 V (+ A/F)	0.512
HD 83768	HIP 47504	145.2748	17.93812	305.62	m	9.116	1.69	F5	0.478
HD 155761	HIP 84547	259.25433	-58.4342	305.66	m	9.192	1.766	G3 IV	0.737
HD 35880	HIP 25609	82.06684	12.25213	305.68	m	9.114	1.688	A0	0.136
HIP 104270		316.85341	45.72925	305.71	m	9.804	2.377	A6III	0.275
HD 30978	HIP 22634	73.04555	0.75223	305.71	m	9.373	1.946	A2 II/III	0.315
HD 215454	HIP 112393	341.45869	-41.80467	305.73	m	9.63	2.203	G8 IV	1.036
HD 27623	HIP 20928	67.31069	75.33372	305.73	m	9.48	2.053	A0	0.273
HIP 59730		183.74899	-50.16791	305.74	m	10.16	2.738	F8	0.72
HIP 117285		356.72388	28.42811	305.75	m	9.394	1.967		0.994
HD 193242	HIP 100248	304.97622	-19.91294	305.77	m	9.282	1.855	G6WF2/3	0.853
HD 101225	HIP 56879	174.9082	72.54999	305.78	m	9.191	1.764	A0	0.111
HIP 86492		265.12748	39.08627	305.81	m	9.893	2.466	F5	0.51
HIP 77769		238.1915	67.66693	305.81	m	10.25	2.825	F8	0.675
HD 101761	HIP 57110	175.61798	-42.57665	305.81	m	9.005	1.578	K0 III	1.26
HIP 72040		221.03991	5.78472	305.81	m	9.916	2.489	F8	0.586
HD 138596	HIP 76129	233.23811	5.50898	305.82	m	9.653	2.226	F2	0.406
HD 19953	HIP 15336	49.44132	72.89928	305.83	m	9.21	1.783	A0	0.269
HIP 47735		145.97118	-1.17118	305.83	m	10.24	2.811	F5	0.423
HD 75840	HIP 43738	133.62637	51.24454	305.86	m	9.251	1.823	F0	0.475
HD 15639	HIP 11413	36.77079	-69.90777	305.89	m	9.189	1.761	K1 II/III	1.373
HIP 90033		275.55948	11.43344	305.94	m	9.648	2.22	K0	1.216
HD 78940	HIP 45093	137.78204	8.72624	305.95	m	9.233	1.805	F2	0.399
HD 1822	HIP 1798	5.70716	34.70959	305.95	m	9.422	1.994	A0	0.218
HIP 41123		125.86799	45.03806	305.98	m	10.2	2.767	F0	0.2
HD 164761	HIP 88377	270.705	-1.48873	305.98	m	9.569	2.141	A2	0.532
HIP 28798		91.1999	-7.71703	306.02	m	9.927	2.498	F0	0.479
HIP 63927		196.50789	12.79161	306.05	m	11.12	3.692	F8	0.592
HIP 75502		231.33547	52.66129	306.07	m	10.97	3.542	G5	0.687
HD 164272	HIP 88320	270.56466	-41.41417	306.09	m	9.161	1.732	G8 III	1.342
HIP 81667		250.23905	82.36476	306.09	m	9.001	1.572	K0	1.041
HIP 72374		221.97966	13.81691	306.15	m	9.223	1.793	K0	1.084
HIP 78342		239.94565	-9.95566	306.17	m	10.05	2.619	K0	1.311
HD 14045	HIP 10571	34.02073	-14.71411	306.23	m	9.129	1.699	K0 III	1.262
HIP 17864		57.34716	15.07496	306.26	m	9.127	1.697	G5	1.257
HD 132361	HIP 73312	224.72588	-7.3066	306.27	m	9.81	2.379	A9/F0 V	0.348
HD 284661	HIP 22056	71.15075	22.45686	306.29	m	10.17	2.741	F5	0.636
HIP 16		0.05252	-54.91436	306.32	m	12.07	4.636		-0.027
HD 169453	HIP 90251	276.22092	-2.03113	306.33	m	9.079	1.648	A0 V	0.317
HD 157987	HIP 85440	261.90525	-24.66788	306.36	m	9.007	1.576	A2 IV	0.457
HIP 80669		247.05126	59.7809	306.39	m	9.991	2.56	F8	0.503
HD 194133	HIP 100440	305.5378	44.19115	306.48	m	9.064	1.632	A	0.126
HD 146455	HIP 79766	244.20046	-11.84114	306.49	m	10.2	2.763	F2 V	0.785
HD 10767	HIP 8174	26.27737	-10.77213	306.5	m	9.737	2.305	G1 V	0.624
HD 144075	HIP 78819	241.35505	-35.65552	306.53	m	9.023	1.591	K0 III	1.515
HIP 36566		112.8226	-64.6428	306.54	m	11.39	3.959	Gp...	0.637
HIP 9111		29.34442	26.80459	306.56	m	9.589	2.156	F5	0.589
HIP 71881		220.53929	67.28878	306.57	m	9.804	2.371	K0	1.388
HIP 16007		51.53675	14.29027	306.59	m	10.19	2.756	G0	0.755
HD 165437	HIP 88667	271.5226	-0.35862	306.59	m	9.343	1.91	A1 V	0.282
HD 203763	HIP 105508	320.53932	56.68031	306.64	m	9.14	1.707	A0	0.173
HIP 52096		159.67973	79.87042	306.67	m	9.209	1.776	K0	1.2
HIP 65699		202.0535	-50.46951	306.69	m	10.4	2.97	G0	0.504
HIP 105421		320.29953	44.81275	306.7	m	9.66	2.226	A5	0.263
HIP 47845		146.28544	36.43591	306.72	m	11.17	3.733	F8	0.457
HD 205206	HIP 106602	323.85154	-51.06991	306.74	m	10.23	2.8	G0/2 (V)	0.994
HIP 24051		77.53127	-8.4817	306.75	e	9.342	1.908	F2	0.462
HIP 51371		157.3836	47.37184	306.77	m	9.627	2.193	F2	0.425
HD 176516	HIP 93472	285.54018	-35.32858	306.8	m	9.064	1.63	A9 V	0.287
HD 20432	HIP 15243	49.14898	-20.23475	306.83	m	9.584	2.149	A5 III	0.271
HIP 55914		171.91002	34.68024	306.85	m	10.57	3.136	G0	0.433
HIP 41807		127.85272	68.7612	306.86	m	10.08	2.643	K0	1.128
HIP 105730		321.21745	-61.95884	306.88	m	11.26	3.821		0.455
HD 66212	HIP 39505	121.12297	44.99045	306.89	m	9.341	1.906	F2	0.533
HIP 88061		269.77771	47.48333	306.91	m	9.932	2.497	F2	0.381
HD 329837	HIP 84635	259.52546	-46.23698	306.95	m	10.18	2.743	F8	0.584
HD 72906	HIP 42230	129.15609	34.82384	307.05	m	9.008	1.572	K0	1.392
HIP 68931		211.67182	-30.26684	307.05	m	10.58	3.147	F5	0.601
HD 236195	HIP 116784	355.01706	51.55737	307.07	m	9.456	2.02	K0	1.078
HD 258733	HIP 31117	97.9407	28.98697	307.08	m	9.78	2.344	F 0 V	0.319
HD 205263	HIP 106522	323.63551	-17.81331	307.08	m	9.878	2.442	A2 V	0.136
HD 16449	HIP 12477	40.1539	56.8439	307.14	m	9.031	1.594	B 9 V	0.15
HD 150226	HIP 81699	250.33177	-38.72436	307.14	m	9.311	1.874	G8 III	1.21
HIP 118150		359.49646	35.32937	307.16	m	10.65	3.214	F2	0.347
HD 200923	HIP 104464	317.4233	-65.08886	307.18	m	9.609	2.172	F8/G0 V	0.638
HD 26331	HIP 19602	63.00424	46.41832	307.19	m	9.14	1.703	A2	0.15
HD 31325	HIP 23089	74.5419	57.30755	307.2	m	9.41	1.973	A2	0.26
HIP 112872		342.86096	-31.84479	307.22	m	10.27	2.83	F2	0.388
HD 148118	HIP 80565	246.73801	-27.13884	307.23	m	9.542	2.105	A5 IV	0.467
HD 70933	HIP 40728	124.69124	-72.79148	307.26	m	9.176	1.738	A2 V(N)	0.17
HIP 32986		103.08332	-35.29072	307.27	m	9.105	1.667	A2 IV/V	0.262
HIP 24083		77.60284	49.9937	307.33	m	9.685	2.247	F0	0.339
HD 14032	HIP 10573	34.02782	-8.90474	307.34	m	9.658	2.22	G3 V	0.786
HD 139864	HIP 76816	235.25802	-14.82324	307.34	m	9.577	2.139	F8/G0 V + K0/2	0.524
HD 4238	HIP 3475	11.09812	-44.98269	307.39	m	9.814	2.376	F3 V	0.498
HD 16686	HIP 12497	40.1973	10.3507	307.42	m	9.119	1.68	A0	0.068
HIP 52055		159.55912	3.41354	307.43	m	10.05	2.609	F8	0.73
HIP 6885		22.16876	-17.0324	307.47	m	11.21	3.774	A7	0.45
HIP 104912		318.7683	62.47086	307.47	m	9.411	1.972	A0	0.09
HD 155307	HIP 84046	257.73623	-5.52906	307.57	m	9.023	1.583	A0 V	0.508
HIP 53552		164.33129	73.15638	307.62	m	9.523	2.083	F2	0.412
HIP 1280		4.01105	-43.11894	307.63	m	10.52	3.08	F2	0.348
HD 27607	HIP 19962	64.20596	-65.6298	307.66	m	9.101	1.661	G8 III	1.025
HIP 543		1.65087	-25.29571	307.67	m	10.28	2.837	F5	0.59
HIP 84000		257.56532	21.4549	307.7	m	10.76	3.319	K2	1.211
HIP 30809		97.09402	-47.77809	307.72	m	10.99	3.545		0.651
HIP 15298		49.34333	9.10596	307.75	m	9.353	1.912	K0	1.216
HD 34901	HIP 24262	78.11377	-75.14479	307.76	m	9.386	1.945	K3 III	1.541
HIP 9096		29.29213	5.46354	307.79	m	10.7	3.257	F5	0.471
HD 118374	HIP 66565	204.67872	-67.86571	307.79	m	9.024	1.583	G8/K0 III	1.405
HIP 89990		275.41682	9.03028	307.84	m	9.509	2.067	F2	0.589
HIP 76321		233.84167	39.70218	307.96	m	10.12	2.682	F0	0.476
HD 35885	HIP 25522	81.87179	-6.92818	308.06	m	9.624	2.181	A0 V	0.14
HD 119904	HIP 67228	206.64359	-24.3525	308.07	m	9.894	2.451	G3 IV/V	0.836
HD 237307	HIP 21943	70.75109	57.63085	308.09	m	9.31	1.867	K2	1.355
HD 174814	HIP 92634	283.11757	-2.66431	308.11	m	9.218	1.774	G5 V	1.261
HD 40814	HIP 28540	90.37649	4.91287	308.14	m	9.047	1.603	A0 V	0.087
HIP 105523		320.58559	-65.82165	308.15	m	10.53	3.084	F0	0.43
HD 219775	HIP 115111	349.72398	-46.16262	308.18	m	9.004	1.56	K0 III	1.272
