HIP 88756		271.78688	-65.96956	308.26	m	9.668	2.223	F5	0.413
HD 171138	HIP 91076	278.6578	-36.74132	308.26	m	9.998	2.553	F5 V	0.48
HD 234227	HIP 75531	231.45227	49.80459	308.29	m	9.863	2.418	K2	0.344
HIP 50610		155.07034	-46.44496	308.29	m	11.74	4.297	Gp	0.659
HD 290924	HIP 27681	87.90321	-0.42857	308.31	m	9.503	2.058	A2	0.396
HIP 21987		70.89555	8.27441	308.34	m	10.57	3.126	F0	0.36
HD 84126	HIP 47649	145.71894	-2.24066	308.36	m	9.152	1.707	G8/K0 IV	1.144
HIP 8412		27.12866	20.30558	308.47	m	9.375	1.929	K0	1.389
HD 239540	HIP 103549	314.68363	60.49903	308.47	m	9.47	2.024	A5	0.451
HD 244429	HIP 25867	82.83481	19.02356	308.47	m	9	1.554	K2	1.287
HD 185822	HIP 96824	295.20612	6.10952	308.48	m	9.182	1.736	K5	1.576
HIP 8735		28.09606	-14.39671	308.49	m	9.982	2.536	G0	0.62
HD 151216	HIP 81977	251.19135	33.31632	308.5	m	9.292	1.846	K2	1.158
HD 2459	HIP 2209	6.98135	-57.24471	308.54	m	9.374	1.927	K2 III	1.342
HIP 8749		28.14649	-26.57138	308.55	m	9.898	2.451	F2	0.536
HD 68407	HIP 40129	122.95071	-12.6788	308.56	m	9.113	1.666	A2 IV	0.116
HIP 115208		350.02393	40.76163	308.56	m	9.161	1.714	A2	0.209
HD 34282	HIP 24552	79.00198	-9.80983	308.61	m	9.879	2.432	B9.5 V	0.347
HIP 51564		157.99281	58.91728	308.63	m	10.21	2.759	F0	0.385
HIP 69257		212.67341	-44.63563	308.69	m	10.65	3.203	G5	0.585
HD 254015	HIP 29776	94.04119	31.35308	308.7	m	9.649	2.201	G0	0.538
HD 27602	HIP 20167	64.8328	-44.77995	308.71	m	9.756	2.308	F6 V	0.554
HD 232596	HIP 9792	31.48388	53.50593	308.75	m	9.003	1.555	K0	1.245
HIP 66541		204.60318	29.36556	308.77	m	9.998	2.55	B 4 V	-0.13
HIP 63896		196.42384	-10.50188	308.77	m	9.241	1.793	K0	1.202
HD 224401	HIP 118120	359.39399	-58.82553	308.77	m	9.39	1.942	A4MA7-F2	0.42
HD 34035	HIP 24442	78.65417	2.56372	308.78	m	9.166	1.718	A0 V	0.109
HIP 73499		225.33717	29.50547	308.92	m	9.448	1.999	K2	1.25
HD 6724	HIP 5284	16.89329	-29.2867	308.94	m	9.353	1.904	F0 V	0.417
HD 34521	HIP 24784	79.697	17.10487	308.98	m	9.313	1.863	F0	0.374
HD 284889	HIP 22827	73.68528	21.09974	309	m	9.019	1.569	K0	1.42
HD 112693	HIP 63293	194.55988	31.00167	309.03	m	9.407	1.957	F 2 V	0.396
HD 267319	HIP 33662	104.89542	28.27228	309.04	m	10.31	2.856	F5	0.401
HD 135594	HIP 74306	227.81617	71.01211	309.05	m	9.01	1.56	K2	1.324
HD 74406	HIP 42888	131.10354	15.915	309.12	m	9.185	1.734	A2	0.264
HIP 59212		182.15603	40.64612	309.13	m	9.575	2.124	G8III	0.979
HIP 18899		60.76673	-15.15038	309.15	m	10.23	2.779		0.929
HD 327154	HIP 84466	259.0225	-42.52396	309.19	m	9.555	2.104	F0	0.661
HD 105170	HIP 59054	181.65433	35.33966	309.21	m	9.648	2.197	F 7 V	0.373
HIP 11064		35.59924	1.83214	309.22	m	10.59	3.141	F8	0.466
HD 144547	HIP 78932	241.69418	-9.51559	309.23	m	9.686	2.235	F0 V	0.561
HD 35959	HIP 25520	81.8616	-22.90267	309.27	m	9.932	2.48	A9 V	0.372
HD 106166	HIP 59579	183.26268	-53.58579	309.29	m	9.337	1.885	F3 IV	0.533
HD 173178	HIP 91993	281.25181	-23.6383	309.34	m	9.082	1.63	G8 III	1.328
HD 32998	HIP 23722	76.49846	-27.57568	309.43	m	9.201	1.748	A1 V	0.194
HD 165317	HIP 88623	271.41789	-5.61332	309.49	m	9.654	2.201	A0/1 V	0.63
HD 8041	HIP 6179	19.81734	-40.00174	309.5	m	9.058	1.605	G8 III	1.158
HD 189269	HIP 98506	300.18358	-39.88915	309.52	m	10.03	2.579	F0 V	0.427
HD 234045	HIP 65792	202.30829	49.43215	309.53	m	9.769	2.316	A0	1.088
HIP 79485		243.30918	53.71508	309.53	m	10.21	2.759	F5	0.584
HIP 10877		34.99309	63.11664	309.67	m	9.279	1.825	K2V	1.42
HD 122375	HIP 68618	210.6975	-50.13865	309.74	m	9.107	1.652	A1 V	0.189
HIP 17566		56.43368	66.53869	309.74	m	10.33	2.872	F8	0.6
HIP 108204		328.82749	12.94004	309.77	m	10.61	3.155	G5	0.519
HIP 52819		161.98621	-12.63253	309.84	m	9.62	2.164	F0	0.328
HIP 73583		225.61365	34.04092	309.85	m	10.76	3.305	A2	0.776
HIP 1438		4.4831	4.69894	309.92	m	12.37	4.914	K7	
HD 10102	HIP 7434	23.93715	-72.73945	309.94	m	9.044	1.588	K0 III	1.374
HIP 12157		39.16687	-0.78929	309.95	m	10.38	2.924	F8	0.392
HD 199241	HIP 103407	314.26015	-34.10416	309.98	m	9.645	2.188	K0/1 (III) + (F)	0.614
HD 62828	HIP 37114	114.39034	-76.29403	309.99	m	10.49	3.033	F3/5 (V)	0.562
HD 182533	HIP 95451	291.24974	1.8326	309.99	m	9.025	1.568	G8 III/IV	1.39
HD 17312	HIP 12905	41.47401	-28.66725	310.01	m	9.002	1.545	K1 III	1.338
HD 203053	HIP 105329	320.02467	-10.47304	310.01	m	9.036	1.579	K1 III	1.391
HD 100762	HIP 56569	173.95561	3.94322	310.03	m	9.377	1.92	F3/5 IV/V	0.477
HD 184688	HIP 96529	294.37191	-42.94538	310.06	m	9.474	2.017	G8 IV/VCNIII	1.069
HD 174978	HIP 92857	283.82676	-43.88589	310.06	m	9.323	1.866	F5 III/IV	0.447
HD 33041	HIP 23690	76.37342	-42.12444	310.16	m	9.054	1.596	K1 III	1.188
HIP 64015		196.75397	8.30385	310.16	m	9.823	2.365	K5	1.496
HD 109957	HIP 61695	189.69852	-3.30908	310.21	m	9.268	1.81	Fm delta DEL	0.372
HD 206757	HIP 107415	326.34825	-41.98394	310.22	m	9.213	1.755	K1 III	1.274
HIP 50514		154.74926	44.29943	310.23	m	9.134	1.676	K0	1.245
HD 196439	HIP 101642	309.04843	34.22451	310.23	m	9.052	1.594	A0	0.086
HIP 59611		183.37583	30.1022	310.24	m	10.73	3.272	F5	0.43
HIP 71812		220.33915	28.02556	310.32	m	10.52	3.062	F0	0.301
HD 13639	HIP 10271	33.06107	-32.85234	310.35	m	9.658	2.199	K1 III	1.178
HD 94112	HIP 53004	162.65083	-57.8502	310.39	m	9.356	1.896	F2 II	0.505
HD 194297	HIP 100314	305.17634	66.69373	310.41	m	9.306	1.846	B1.5IA	0.139
HD 50762	HIP 33439	104.29419	49.92666	310.43	m	9.498	2.038	F0	0.316
HIP 53251		163.36932	40.64451	310.43	m	10.78	3.319	F8	0.614
HIP 50488		154.64083	36.20147	310.49	m	10.97	3.511	F5	0.455
HD 146027	HIP 79583	243.56237	-3.08217	310.5	m	9.17	1.71	F0 IV/V	0.573
HIP 31377		98.6838	38.85502	310.51	m	10.01	2.545	F5	0.422
HD 11945	HIP 9446	30.34972	75.22186	310.53	m	9.078	1.617	A0	0.448
HIP 1059		3.29874	11.72633	310.56	e	10.11	2.652	G0	0.988
HD 273604	HIP 24395	78.50358	-45.56497	310.56	m	9.986	2.525	F2	0.479
HIP 32152		100.71794	41.61152	310.59	m	9.803	2.342	F5	0.445
HIP 105209		319.6691	21.29641	310.63	m	9.143	1.682	F2	0.498
HIP 9301		29.88567	15.27348	310.71	m	9.563	2.101	A2	0.345
HD 95637	HIP 53825	165.18654	-69.18628	310.71	m	9.133	1.671	F0 III	0.478
HD 165628	HIP 88729	271.71197	4.01774	310.72	m	9.261	1.799	K0 (III)	1.46
HD 38883	HIP 27379	86.98443	-22.70534	310.81	m	9.012	1.55	K1 III	1.252
HD 10321	HIP 7927	25.47301	46.759	310.91	m	9.061	1.598	A 0 V	0.206
HD 12892	HIP 9728	31.27931	-42.98161	310.92	m	9.88	2.417	F6 V	0.528
HIP 56184		172.74991	34.53571	310.92	m	10.17	2.704	K0	1.253
HD 66793	HIP 39441	120.94335	-34.59221	310.93	m	9.365	1.902	A2 V	0.197
HIP 66444		204.31506	3.02055	310.98	m	10.06	2.595	A5	0.354
HD 224909	HIP 134	0.42521	-1.13995	311.01	m	9.921	2.457	A1/2 III	0.26
HD 14549	HIP 10880	35.00725	-39.52382	311.02	m	9.67	2.206	A2MA6-F0	0.318
HD 82306	HIP 46895	143.35505	58.63339	311.03	m	9.711	2.247	G0	0.426
HD 215851	HIP 112579	342.02612	1.3405	311.08	m	9.283	1.819	K0 III	1.228
HD 207254	HIP 107706	327.27271	-49.98376	311.15	m	10.14	2.679	F0 V	0.418
HD 104624	HIP 58744	180.72235	4.14609	311.17	m	9.15	1.685	A2 IV	0.165
HD 327254	HIP 84440	258.95376	-41.09914	311.18	m	9.356	1.891	K7	1.714
HIP 112338		341.31538	63.52425	311.23	m	9.481	2.016	A0	0.329
HD 154623	HIP 83782	256.84878	-19.24005	311.25	m	9.9	2.434	F3 V	0.511
HIP 105154		319.51316	63.14312	311.25	m	9.566	2.1	A5	0.241
HD 25037	HIP 18582	59.65796	-1.20674	311.27	m	9.669	2.203	F5 V	0.631
HD 131180	HIP 72720	223.02163	-4.75059	311.36	m	9.297	1.831	F0 IV	0.425
HIP 7278		23.4371	7.16777	311.39	m	9.81	2.343	F5	0.464
HD 181657	HIP 95000	289.96752	35.54007	311.4	m	9.456	1.989	K3III+GA	0.233
HD 142842	HIP 78451	240.24009	-65.89595	311.4	m	9.42	1.953	K1III+...	0.489
HD 259488	HIP 31319	98.52061	27.55484	311.45	m	10.18	2.716	F0	0.43
HIP 84462		259.01198	-68.32178	311.48	m	9.145	1.678	A8 IV	0.323
HD 197201	HIP 102349	311.0605	-49.08624	311.49	m	10.12	2.649	F6 V	0.564
HD 43310	HIP 29586	93.51594	-33.19398	311.51	m	9.277	1.81	A1 III(M)	0.234
HIP 114894		349.08672	47.62343	311.52	m	9.89	2.423	A5	0.431
HD 64230	HIP 38640	118.68273	42.62241	311.58	m	9.102	1.634	K2	1.444
HIP 100920		306.92136	82.95737	311.63	m	9.608	2.14	F5	0.614
HIP 46109		141.05165	11.87406	311.64	m	10.9	3.433	G	0.491
HD 30052	HIP 21887	70.57668	-41.30887	311.65	m	9.283	1.815	G8 III	1.04
HIP 51707		158.47585	61.16314	311.7	m	10.84	3.373	F8	0.456
HD 87681	HIP 49570	151.79074	23.60514	311.72	m	9.102	1.633	K0	1.319
HD 19848	HIP 14823	47.8452	-3.03039	311.73	m	9.643	2.174	F3 V	0.498
HIP 3073		9.74779	3.86722	311.75	m	10.68	3.211	G5	0.913
HD 16123	HIP 11880	38.31417	-56.3167	311.8	m	9.322	1.853	F5 V	0.521
HD 290839	HIP 27073	86.11713	-0.61866	311.81	m	9.918	2.449	F0	0.288
HIP 97631		297.64645	-32.7292	311.83	m	10.21	2.736	G0	0.547
HD 164545	HIP 88457	270.9121	-42.87616	311.84	m	9.983	2.513	F6/8	0.658
HD 77209	HIP 43998	134.39052	-65.28209	311.88	m	9.526	2.056	A3 III/IV	0.355
HIP 74879		229.54685	20.55307	311.95	m	11.02	3.552	F8	0.515
HD 122082	HIP 68353	209.87383	8.9384	311.98	m	9.204	1.733	K0	1.028
HIP 66344		203.9657	44.36052	312.06	m	9.808	2.337	G 8 III	1.158
HIP 4330		13.85941	-35.78697	312.07	m	10.02	2.552	F8	0.593
HIP 66102		203.25612	-52.44637	312.07	m	9.918	2.447	G0	0.694
HD 70250	HIP 40762	124.8059	-43.97585	312.07	m	9.009	1.538	A1 V	0.115
HD 234682	HIP 91208	279.08814	50.78643	312.09	m	9.995	2.524	F2	0.324
HIP 57348		176.37169	72.24955	312.09	m	10.72	3.25	A5+GK2	0.479
HD 69681	HIP 39529	121.1785	-81.99386	312.11	m	9.411	1.939	A4 V	0.367
HD 9566	HIP 7207	23.21289	-47.26367	312.13	m	9.625	2.153	A8 IV/V	0.372
HD 172300	HIP 91607	280.23599	-35.11152	312.14	m	9.195	1.723	A0 IV	0.192
HIP 35365		109.57803	39.61444	312.16	m	11.28	3.806	F5	0.439
HIP 49744		152.32573	10.68301	312.23	m	10.11	2.637	G5	0.517
HD 25871	HIP 19069	61.30814	-22.11163	312.25	m	9.201	1.729	F3 IV/V	0.401
HIP 50051		153.28378	38.41916	312.3	m	9.303	1.83	G5	1.015
HD 106905	HIP 59948	184.4448	-53.25426	312.31	m	10	2.527	A4 V	0.278
HIP 5394		17.25845	-55.59124	312.31	m	9.81	2.337	K0	1.221
HIP 67213		206.59846	15.30939	312.31	m	10.81	3.341	G0	0.718
HD 100698	HIP 56533	173.87792	34.86783	312.34	m	9.742	2.269	M...	1.662
HD 45710	HIP 30856	97.18724	-9.05658	312.36	m	9.064	1.591	A1 V	0.107
HD 111860	HIP 62791	193.00547	31.77446	312.47	m	9.102	1.628	K0III	1.277
HD 181671	HIP 95305	290.84801	-45.03284	312.49	m	9.549	2.075	A3 V	0.21
HD 94545	HIP 53285	163.46753	-55.47873	312.5	e	9.241	1.767	F0 V	0.39
HIP 54686		167.93058	72.65781	312.56	m	9.741	2.266	F5	0.529
HIP 88514		271.11557	73.27273	312.61	m	9.351	1.876	F8	0.53
HD 113695	HIP 63763	196.03541	65.87492	312.64	m	9.317	1.842	F8	0.51
HD 220069	HIP 115300	350.28588	-30.71107	312.64	m	10.21	2.735	F8/G0 V	0.747
HIP 109286		332.09754	-48.33023	312.64	m	10.1	2.621	F2	0.451
HD 134766	HIP 74580	228.57845	-58.52007	312.65	m	9.017	1.542	K1/2 (III)	1.456
HIP 3699		11.86056	-23.11338	312.68	m	10.5	3.027	F5	0.499
HD 13419	HIP 11164	35.9179	84.57085	312.69	m	9.253	1.777	A2	0.273
HIP 82675		253.50704	4.88616	312.69	m	10.13	2.655	F8	0.58
HIP 46684		142.75684	63.60435	312.73	m	10.49	3.019	K2	1.06
HIP 80165		245.46801	-18.56775	312.75	m	9.551	2.075	K2	1.659
HD 131665	HIP 72824	223.28222	50.64295	312.77	m	9.249	1.773	A0	0.194
HD 226401	HIP 97917	298.47373	32.94719	312.77	m	9.341	1.865	G0	0.594
HD 132099	HIP 73342	224.80876	-50.56132	312.89	m	9.636	2.159	F5 IV/V	0.695
HIP 110803		336.73417	-40.37701	312.91	m	11.35	3.868	F5	0.669
HIP 83051		254.56118	31.79099	312.94	m	9.683	2.206	G5	0.765
HIP 17614		56.60632	17.91769	312.95	m	9.878	2.401	F2	0.655
HD 109968	HIP 61694	189.6961	26.7519	312.97	m	9.418	1.94	G0	0.525
HD 16577	HIP 12536	40.32473	52.7006	313.06	m	9.363	1.885	A2	0.178
HIP 51088		156.56897	-28.23624	313.11	m	10.07	2.59	F5	0.579
HIP 69304		212.78145	36.46317	313.15	m	10.49	3.011	G 0 V	0.535
HIP 98366		299.77797	10.00119	313.18	m	9.125	1.646	A2	0.277
HIP 55187		169.49066	21.46868	313.19	m	9.335	1.856	K5	1.347
HIP 79911		244.66354	20.5766	313.21	m	10.27	2.793	F5	0.518
HIP 104802		318.47796	63.7461	313.26	m	9.128	1.648	A5	0.348
HD 15487	HIP 11721	37.82536	51.32072	313.27	m	9.053	1.573	A0	0.12
HIP 88446		270.86129	-75.00242	313.27	m	12.47	4.992	Gp	
HIP 109035		331.32594	-1.42026	313.29	m	10.26	2.776	G	0.713
HD 9226	HIP 7054	22.72686	2.22125	313.31	m	9.542	2.062	A2/3 III	0.259
HD 184919	HIP 96510	294.30136	-16.36869	313.32	m	9.66	2.18	FM DELTA DEL	0.38
HD 69071	HIP 40573	124.25308	41.9388	313.33	m	9.362	1.882	F8	0.589
HIP 30996		97.58589	42.26683	313.33	m	9.872	2.392	G0	0.997
HD 181793	HIP 95502	291.37365	-60.94101	313.39	m	9.728	2.248	A2MA8-F0	0.331
HD 244459	HIP 25831	82.72226	5.69282	313.41	m	10.19	2.71	A3	0.339
HD 232486	HIP 7666	24.67363	52.5188	313.43	m	9.688	2.207	A5	0.458
HIP 8851		28.46267	67.74712	313.43	m	9.394	1.913	B8	0.212
HIP 33466		104.35751	84.6706	313.48	e	9.9	2.419	A0	0.123
HD 380	HIP 678	2.09634	-19.22415	313.51	m	9.208	1.727	K1 IV	1.384
HD 113133	HIP 63611	195.55557	-51.42565	313.54	m	9.436	1.955	F5 IV	0.667
HD 40823	HIP 28422	90.03441	-27.04624	313.57	m	9.094	1.612	A5/7 IV	0.287
HIP 43112		131.7043	58.4345	313.59	m	10.39	2.905	F8	0.688
HIP 43416		132.64929	8.63089	313.59	m	10.77	3.289	F8	0.636
HIP 52525		161.08994	11.33561	313.6	m	9.901	2.419	F8	0.66
HD 130023	HIP 72113	221.26993	30.53433	313.62	m	9.283	1.801	A2	0.194
HIP 53446		164.00188	45.16359	313.63	m	9.981	2.499	F2	0.327
HD 119351	HIP 66929	205.74578	-9.61596	313.63	m	9.644	2.162	F3 V	0.519
HD 211669	HIP 110197	334.83084	-31.70632	313.67	m	9.289	1.807	K1 III	1.274
HIP 64627		198.70099	39.88965	313.7	m	9.155	1.672	K 1 III	1.445
HIP 72179		221.45385	3.75075	313.7	m	10.99	3.505	F8	0.539
HD 76431	HIP 43866	134.04656	1.67712	313.72	m	9.156	1.673	B7 Ib/II	-0.305
HD 120208	HIP 67441	207.32539	-52.89643	313.73	m	9.223	1.74	F0/2 IV	0.589
HD 126874	HIP 70903	217.48178	-53.59465	313.8	m	9.078	1.595	G8/K0 III	1.413
HD 2980	HIP 2588	8.2198	-34.17009	313.87	m	9.002	1.518	F0 V	0.326
HD 286823	HIP 20832	66.9651	10.29148	313.88	m	10.5	3.016	F0	0.515
HD 174543	HIP 92688	283.30222	-46.77162	313.97	m	9.102	1.618	A0 V	0.05
HD 50298	HIP 33145	103.52229	33.6944	313.99	m	9.293	1.808	F0	0.259
HD 187357	HIP 97688	297.80034	-40.20496	314.04	m	10.09	2.607	F3/5 V	0.439
HIP 83805		256.90782	-12.34606	314.05	m	10.51	3.026	F2	0.603
HIP 111135		337.70853	36.0127	314.08	m	9.375	1.89	A2	0.248
HIP 68167		209.33006	28.78991	314.1	m	10.12	2.631	K0	1.364
HD 39257	HIP 27575	87.60741	-23.23557	314.11	m	9.219	1.734	A6 IV	0.245
HD 201620	HIP 104649	317.97861	-37.63347	314.12	m	10.14	2.658	F0 V	0.4
HIP 88509		271.10745	-65.78428	314.12	m	9.789	2.303	F0	0.342
HD 164843	HIP 88477	270.98394	-18.53458	314.13	m	9.111	1.625	G6/8 (III)	1.263
HD 121574	HIP 68320	209.78806	-69.577	314.17	m	9.165	1.679	K0 III	1.293
HD 194039	HIP 100552	305.83149	5.57054	314.19	m	9.055	1.569	F0	0.532
HD 209988	HIP 109559	332.88223	-76.04604	314.2	m	9.124	1.638	G8 III	1.224
HIP 16583		53.37403	-2.54994	314.21	m	10.63	3.143		0.532
HD 221059	HIP 115889	352.19168	11.51229	314.22	m	9.045	1.559	G5	1.331
HD 202843	HIP 105293	319.90789	-34.54969	314.23	m	9.162	1.676	K0	1.354
HIP 78987		241.84483	-51.39556	314.25	m	10.4	2.918	F5	0.647
HD 34859	HIP 24922	80.10286	-3.50986	314.33	m	9.205	1.718	Ap Si	0.186
HD 115750	HIP 64926	199.60843	48.36075	314.38	m	9.237	1.75	A2	0.192
HD 239819	HIP 108541	329.82368	57.53512	314.41	m	9.401	1.913	A7	0.31
HIP 74520		228.41537	23.85786	314.43	m	10.16	2.673	F0	0.419
HD 262389	HIP 32209	100.84803	27.25228	314.43	m	10.86	3.373	F8	0.611
HD 19359	HIP 14552	46.96255	33.05502	314.46	m	9.004	1.516	B9	0.108
HD 99776	HIP 56006	172.16203	-3.37733	314.49	m	9.192	1.704	A1/2 V	0.129
HIP 47624		145.66563	72.50797	314.49	m	9.741	2.253	F2	0.374
HD 153077	HIP 83307	255.38228	-63.26501	314.49	m	9.001	1.513	K1/2 III	1.471
HD 144837	HIP 78887	241.55907	39.74366	314.51	m	9.421	1.933	K2	1.111
HIP 88467		270.96603	44.96182	314.52	m	9.434	1.946	A5	0.318
HD 208221	HIP 108075	328.45658	40.67734	314.54	m	9.303	1.815	A2	0.18
HIP 16669		53.62992	29.56529	314.57	m	10.31	2.825	A2	0.489
HD 58157	HIP 35757	110.63572	-39.11734	314.57	m	9.025	1.536	K0 III	1.345
HD 21566	HIP 16317	52.57781	41.5237	314.59	m	9.041	1.552	A0	0.286
HIP 62573		192.31259	38.29268	314.61	m	10.66	3.175	F8	0.535
HD 4292	HIP 3524	11.24563	-41.25569	314.64	m	9.909	2.42	F3/5 V	0.509
HD 64534	HIP 38735	118.95219	35.97288	314.66	m	9.204	1.715	F0	0.247
HD 112255	HIP 63226	194.32999	-75.64038	314.66	m	9.035	1.546	K0 III	1.452
HD 24826	HIP 15307	49.37366	-87.21602	314.67	m	9.049	1.56	A3/5MF0-F0	0.419
HD 203845	HIP 105754	321.29364	-16.40215	314.68	m	9.361	1.872	A2MA5-A6	0.24
HIP 12620		40.55577	-49.10148	314.71	m	9.837	2.347		0.464
HD 158685	HIP 85848	263.14787	-41.45453	314.73	m	9.584	2.094	F5 V	0.701
HIP 65664		201.94054	47.75895	314.84	m	9.307	1.817	K	1.455
HD 260547	HIP 31659	99.38979	29.90962	314.89	m	9.134	1.643	A 1 V	0.087
HD 102926	HIP 57795	177.76747	22.74324	314.9	m	9.099	1.608	K0	1.234
HD 17106	HIP 12825	41.21903	7.21684	314.92	m	9.496	2.005	K0	1.251
HIP 67132		206.37984	19.70486	314.99	m	11.24	3.752	G5	0.658
HD 239616	HIP 104879	318.67419	56.27248	315.03	m	10.41	2.918	A7	0.35
HIP 73818		226.3112	9.97874	315.05	m	9.93	2.438	F0	0.552
HIP 14028		45.15794	28.33502	315.09	m	9.728	2.236	A2	0.27
HIP 48736		149.11606	14.01448	315.11	m	10.46	2.969	K0	1.173
HIP 84369		258.7292	-79.06657	315.13	m	12.69	5.195	Fp	
HD 104804	HIP 58845	181.03198	-35.34333	315.18	m	9.112	1.619	F3 V	0.46
HD 40041	HIP 28148	89.22562	12.37232	315.21	m	9.041	1.548	F5	0.41
HIP 1643		5.14211	15.32405	315.21	m	9.807	2.314	F0	0.492
HD 242630	HIP 24896	80.0439	27.64617	315.23	m	10.41	2.916	F0	0.527
HIP 107629		327.01133	69.32811	315.23	m	9.033	1.54	F2	0.392
HD 38193	HIP 27041	86.02504	3.33559	315.27	m	9.863	2.37	A5 III	0.269
HIP 45618		139.47292	37.49289	315.32	m	10.31	2.814	F5	0.421
HD 179989	HIP 94555	288.66248	4.25598	315.33	m	9.046	1.552	K1 III	1.468
HD 110282	HIP 61894	190.25461	-4.75645	315.34	m	9.941	2.447	G6/8 V	0.921
HIP 734		2.26185	-24.335	315.37	m	10.41	2.914	F2	0.414
HD 221152	HIP 115960	352.40565	-16.74576	315.37	m	10.01	2.512	K0 III	1.153
HD 33658	HIP 24285	78.1796	21.83006	315.38	m	9.531	2.037	F2	0.391
HD 95498	HIP 54033	165.82727	73.11222	315.4	m	9.056	1.562	A2	0.135
HD 110119	HIP 61877	190.2055	-71.02253	315.42	m	9.031	1.537	K1 III	1.552
HIP 44362		135.51141	-29.19077	315.49	m	9.864	2.369	A0	0.574
HD 225184	HIP 327	1.04623	-4.92611	315.5	m	9.642	2.147	Fm delta DEL	0.362
HD 10921	HIP 8259	26.58256	-44.85393	315.51	m	9.863	2.368	F7/8 IV	0.591
HD 189950	HIP 98824	301.03582	-38.886	315.52	m	9.999	2.504	F3 V	0.383
HD 21255	HIP 15758	50.76721	-56.88074	315.54	m	9.107	1.612	K1 III	1.357
HIP 41150		125.94777	8.42922	315.59	m	9.948	2.452	A2	0.232
HD 194901	HIP 101113	307.43652	-42.51976	315.66	m	10.56	3.06	F0 V	0.299
HIP 49818		152.55105	-3.08511	315.67	m	9.906	2.41	G0	0.787
HIP 100053		304.48008	-22.6018	315.72	m	10.38	2.885	G5	1.034
HD 172939	HIP 92099	281.55464	-57.08164	315.75	m	9.027	1.53	K0 III	1.248
HD 146220	HIP 79784	244.24048	-43.03311	315.8	m	9.436	1.939	K2 (III)	1.664
HD 118864	HIP 66626	204.85522	14.73042	315.81	m	9.238	1.741	F0	0.419
HD 199340	HIP 103501	314.54188	-44.91574	315.84	m	9.549	2.052	A0MA3-A7	0.241
HD 100599	HIP 56468	173.66099	23.34937	315.84	m	9.083	1.586	K0	1.377
HD 5863	HIP 4669	14.99102	-18.06171	315.86	m	9.026	1.529	G8/K0 IV	1.001
HIP 69439		213.2468	36.5573	315.89	m	9.735	2.237	A2	0.325
HD 171498	HIP 91188	279.03884	-26.56967	315.92	m	9.22	1.722	G8 III	1.377
HIP 41127		125.87385	45.02723	315.97	m	10.14	2.647	G0	0.569
HD 180002	HIP 94762	289.2342	-45.89547	316.04	m	9.848	2.349	F3/5 V	0.454
HD 132762	HIP 73538	225.45572	-32.31622	316.04	m	9.559	2.06	F0 V	0.49
HIP 104178		316.60691	10.77955	316.09	m	9.419	1.92	F2	0.399
HD 282683	HIP 23378	75.39416	32.90659	316.11	m	10.35	2.851	F0	0.528
HIP 111156		337.79684	44.19079	316.12	m	10.97	3.473	K0	0.819
HD 91926	HIP 51867	158.95777	-50.14289	316.13	m	9.849	2.35	A8 V	0.304
HD 263584	HIP 32445	101.57217	7.32829	316.14	m	9.793	2.294		0.842
HD 20803	HIP 15590	50.19557	-10.34412	316.16	m	9.757	2.257	F0/2 V	0.424
HIP 4790		15.38305	5.13448	316.17	m	9.023	1.523	K2	1.371
HD 149691	HIP 81449	249.53151	-39.49803	316.18	m	9.351	1.851	K0 (III)	1.67
HIP 101545		308.68708	-72.61533	316.2	m	10.84	3.341		0.426
HD 181084	HIP 95027	290.02989	-26.45005	316.2	m	9.18	1.68	F0 V	0.535
HIP 52263		160.18	40.92269	316.23	m	10.62	3.115	G0	0.705
HD 159084	HIP 85914	263.35239	-16.54228	316.23	m	9.915	2.415	A9 V	0.419
HIP 76662		234.82386	-25.14606	316.24	m	10.66	3.163	F2	0.593
HIP 3764		12.08872	4.14326	316.25	m	9.875	2.375	F0	0.35
HD 185891	HIP 96136	293.21686	76.66081	316.3	m	9.057	1.557	K0	1.107
HD 117128	HIP 65724	202.10942	-12.62873	316.31	m	9.133	1.632	A9 V	0.343
HD 114481	HIP 64319	197.74295	-8.92395	316.34	m	9.963	2.462	F5/6 V	0.395
HD 106621	HIP 59804	183.95328	9.03476	316.35	m	9.121	1.62	A2	0.274
HIP 8265		26.61544	-16.30372	316.36	m	10.34	2.836	F8	0.482
HD 212968	HIP 110899	337.02998	2.75535	316.41	m	9.095	1.594	K0 III/IV	1.249
HIP 19021		61.12232	55.74061	316.44	m	9.327	1.826	K0III	1.537
HD 210714	HIP 109506	332.75272	52.41011	316.45	m	9.107	1.605	A2	0.333
HD 236281	HIP 189	0.60524	54.13514	316.46	m	9.611	2.109	A3	0.226
HIP 66775		205.29611	23.50003	316.46	m	9.822	2.32	F8	0.522
HIP 74640		228.75943	-5.42188	316.46	m	10.42	2.918	F5	0.735
HD 94626	HIP 53323	163.60402	-57.11521	316.46	m	10.06	2.556	F0/3 IV/V	0.481
HD 28166	HIP 20504	65.91609	-53.85091	316.48	m	10.66	3.159	G2/3 V	0.901
HIP 75804		232.28878	12.87126	316.48	m	10.39	2.885	G5	1.265
HIP 68836		211.4246	-49.1627	316.49	m	10.7	3.201	G0	0.668
HD 201452	HIP 104662	318.00103	-57.62403	316.5	m	9.876	2.374	F0V	0.429
HIP 7571		24.38336	18.67532	316.52	m	9.238	1.736	K0	1.373
HD 43430	HIP 29642	93.70153	-30.17025	316.58	m	9.056	1.554	G8 V	1.125
HD 169313	HIP 90234	276.16668	-12.6751	316.6	m	9.071	1.568	A1 IV	0.295
HIP 106877		324.71199	37.22124	316.65	m	10.29	2.786	F0	0.312
HIP 83191		255.03315	12.16195	316.68	m	9.588	2.085	K0	1.18
HD 99120	HIP 55681	171.13897	21.77932	316.7	m	9.539	2.036	A 1 V	0.141
HD 122857	HIP 68823	211.35688	-43.38628	316.71	m	9.06	1.557	A7/8 III/IV	0.312
HIP 75731		232.06689	38.0106	316.73	m	9.214	1.711	K0	1.221
HD 30630	HIP 22072	71.21422	-64.97621	316.74	m	9.05	1.546	K0 IIICNIV/V	1.245
HD 51497	HIP 33674	104.93874	44.97938	316.75	m	9.027	1.523	G5	1.566
HIP 52206		159.994	51.12793	316.78	m	9.787	2.283	F5	0.538
HIP 57951		178.28465	21.00954	316.81	m	10.22	2.715	F0	0.309
HD 27867	HIP 20015	64.39801	-71.97755	316.84	m	9.235	1.731	G6 V	1.102
HIP 41512		126.988	63.1207	316.88	m	10.11	2.608	F5	0.924
HD 158980	HIP 85899	263.30177	-24.14295	316.9	m	9.734	2.229	F2 V	0.762
HIP 94967		289.8809	45.74762	316.91	m	10.02	2.519		0.915
HD 111454	HIP 62629	192.49663	-55.54015	316.97	m	9.808	2.303	A2 V	0.317
HIP 37481		115.41374	40.70624	316.98	m	9.689	2.184	F5	0.432
HD 15877	HIP 11774	37.98606	-40.32079	316.98	m	9.867	2.362	F6 V	0.537
HIP 38304		117.71366	42.78724	317	m	10.36	2.853	F2	0.487
HIP 3848		12.35608	11.06617	317	m	10.05	2.545	F5	0.627
HIP 83019		254.47152	41.64081	317.01	m	9.905	2.4	F8	0.546
HIP 85150		261.01125	25.57312	317.08	m	10.88	3.371	F8	0.294
HIP 90475		276.91971	-57.7296	317.1	m	10.64	3.133	K7	0.491
HIP 55012		168.95458	28.44073	317.15	m	9.26	1.754	G5	1.152
HIP 114240		347.06122	22.11604	317.18	m	10.74	3.237	G	0.797
HD 181481	HIP 95182	290.44543	-28.74261	317.21	m	9.833	2.326	F0 V	0.462
HD 22060	HIP 16643	53.53647	21.72897	317.22	m	9.227	1.72	A2	0.343
HD 142550	HIP 78337	239.93588	-67.97133	317.23	m	9.704	2.197	G5/6 V	0.9
HD 167897	HIP 89624	274.35364	-1.22021	317.25	m	9.251	1.744	G8/K0 IV	1.508
HD 189961	HIP 98683	300.65182	1.97417	317.31	m	9.082	1.575	A2 III	0.233
HD 105868	HIP 59401	182.78344	6.67867	317.36	m	9.314	1.806	K0	1.028
HD 2186	HIP 2093	6.6016	66.76085	317.4	m	9.089	1.581	A0	0.125
HD 91677	HIP 51724	158.52658	-52.1818	317.43	m	9.326	1.818	G8/K0 III	1.155
HIP 76785		235.16158	-32.23868	317.44	m	9.492	1.984	F0	0.521
HD 261309	HIP 31913	100.04048	33.70748	317.48	m	10.37	2.856	G0	0.326
HIP 84446		258.96984	73.01173	317.48	m	9.625	2.116	F8	0.486
HD 49690	HIP 32401	101.46804	-60.26202	317.49	m	9.001	1.492	K1 III	1.283
HD 115480	HIP 64870	199.44536	-30.875	317.52	m	9.307	1.798	K2 III	1.418
HIP 66766		205.26788	-49.33641	317.53	m	10.69	3.178	F5	0.453
HD 28190	HIP 20778	66.76463	4.28096	317.54	m	9.052	1.543	B9 V	0.095
HD 329545	HIP 83893	257.19398	-47.36796	317.56	m	10.16	2.648	F2	0.59
HIP 1370		4.28122	48.56455	317.56	m	9.031	1.522	K0	1.325
HIP 80823		247.57261	-11.84497	317.57	m	10.07	2.563	F8	0.751
HIP 18244		58.5313	21.13506	317.61	m	11.22	3.708	F5	0.535
HD 70071	HIP 40979	125.43446	43.334	317.62	m	9.115	1.605	A5	0.155
HD 82837	HIP 46534	142.36384	-75.14305	317.63	m	9.74	2.23	A0/1 V	0.138
HIP 14281		46.02235	-8.81564	317.64	m	9.539	2.029	G0	1.101
HIP 58215		179.09059	68.24652	317.66	m	10.4	2.893	G0	0.664
HD 34164	HIP 24466	78.77147	-5.25257	317.69	m	9.468	1.958	B9 V	0.157
HD 141762	HIP 77742	238.08615	-41.32623	317.71	m	9.23	1.72	F0 V	0.472
HD 133071	HIP 73552	225.48175	22.01896	317.72	m	9.485	1.975	A3	0.404
HD 78105	HIP 44970	137.4144	63.35098	317.75	m	9.206	1.696	B8	0.258
HD 27529	HIP 20208	64.9566	-22.81167	317.75	m	9.007	1.497	K0 III	1.263
HIP 40887		125.15186	38.95169	317.79	m	10.17	2.66	G0	0.623
HD 119789	HIP 67176	206.4998	-33.39652	317.83	m	9.324	1.813	F3/5 V	0.544
HD 100510	HIP 56421	173.52249	5.9269	317.86	m	9.91	2.399	F8	0.386
HD 117983	HIP 66159	203.42176	18.55269	317.92	m	9.751	2.239	F5	0.254
HD 24866	HIP 18733	60.19479	61.68335	317.93	m	9.363	1.851	B8	0.248
HIP 1109		3.45574	17.91819	317.93	m	9.205	1.693	K0	1.296
HIP 1568		4.87735	31.98062	317.96	m	10.38	2.866	F0	0.332
HD 11378	HIP 8649	27.87016	-19.27386	317.97	m	9.052	1.54	A4 III	0.187
HIP 57810		177.80547	47.05756	318	m	9.219	1.707	F0	0.338
HD 160310	HIP 86364	264.71473	8.73732	318.04	m	9.128	1.616	A0	0.122
HD 218052	HIP 113949	346.1434	46.33005	318.04	m	9.312	1.8	A0	0.084
HIP 2728		8.71251	18.89296	318.09	m	9.011	1.498	F5	1.172
HIP 45668		139.63506	49.12169	318.1	m	10.95	3.434	F8	0.445
HIP 45137		137.95099	19.56886	318.1	m	11.13	3.621	G0	0.43
HD 300084	HIP 46308	141.65332	-56.0541	318.14	m	9.023	1.51	F0	0.499
HD 334394	HIP 100726	306.31396	28.91482	318.16	m	9.539	2.026	F0	0.325
HD 85462	HIP 48360	147.88836	-15.38404	318.16	m	9.039	1.526	K0 III	1.108
HIP 66180		203.46144	19.63921	318.17	m	11.14	3.623	F8	0.563
HIP 38193		117.37806	3.22554	318.18	m	9.19	1.677	A5	0.421
HIP 1578		4.94064	24.01606	318.23	m	9.546	2.032	K0	1.172
HIP 40961		125.39302	-2.83133	318.25	m	9.644	2.13	F5	0.443
HIP 47325		144.64919	9.62623	318.26	m	9.091	1.577	G5	1.093
HIP 75428		231.15179	43.31101	318.26	m	9.105	1.591	A2	0.224
HD 123328	HIP 69003	211.90145	-32.07829	318.3	m	10.37	2.855	G2/3 V	0.566
HD 57974	HIP 36237	111.93262	62.99781	318.34	m	10.57	3.056	K0	0.478
HD 50397	HIP 32832	102.66677	-46.80314	318.35	m	9.298	1.784	K1 III	1.258
HIP 79868		244.54426	-2.27051	318.36	m	9.122	1.607		0.372
HIP 50737		155.39847	11.77671	318.39	m	9.669	2.154	K0	1.37
HIP 7834		25.20056	17.46184	318.49	m	9.28	1.765	K0	1.32
HIP 55908		171.89219	42.28717	318.52	m	10.95	3.432	F5	0.535
HIP 55447		170.33712	39.62204	318.52	m	10.71	3.197	F8	0.617
HD 81391	HIP 46209	141.32068	-2.66044	318.54	m	9.76	2.244	G8 IV	1.357
HD 189404	HIP 98605	300.42471	-44.46954	318.55	m	9.53	2.014	G8 V	0.946
HD 175650	HIP 93184	284.71011	-48.98088	318.57	m	9.745	2.229	G5 V	0.806
HD 76064	HIP 43497	132.89389	-54.68474	318.58	m	9.018	1.502	A0 V	0.059
HIP 68299		209.71813	0.96661	318.61	m	10.51	2.996	G5	0.818
HIP 48497		148.35136	33.03395	318.61	m	9.964	2.448	F8	0.539
HD 32262	HIP 23417	75.4933	2.06431	318.67	m	9.382	1.865	A2/3mA8-F2/3	0.421
HIP 42877		131.0745	45.17008	318.7	m	10.35	2.835	F8	0.696
HD 237114	HIP 15377	49.57765	55.79943	318.72	m	9.098	1.581	A5	0.564
HD 135986	HIP 74991	229.85998	-38.83721	318.73	m	9.497	1.98	F0 V	0.444
HIP 61184		188.05134	53.3824	318.77	m	10.66	3.139	G0	0.675
HD 107360	HIP 60127	184.96855	74.16681	318.79	m	10.02	2.499	K0	1.371
HD 267806	HIP 33785	105.23142	17.94105	318.9	m	9.41	1.892	K0	1.346
HD 9924	HIP 7438	23.94974	-52.61403	318.94	m	10.27	2.747	F8/G0 V	0.549
HD 192447	HIP 99771	303.6413	9.8624	318.97	m	9.032	1.513	F5	0.514
HD 237899	HIP 51181	156.80861	58.20793	319	m	10.73	3.209	F8	0.541
HD 185865	HIP 96945	295.61961	-31.36749	319.01	m	9.756	2.237	F0 V	0.315
HIP 15268		49.23862	22.83351	319.02	m	9.16	1.641	K0	1.528
HD 46852	HIP 31395	98.71973	-18.02735	319.05	m	9.213	1.694	B9 V	0.128
HD 222217	HIP 116648	354.58451	64.33408	319.06	m	9.219	1.7	A 7 V	0.316
HIP 4300		13.77435	76.25155	319.09	m	10.24	2.717	F0	0.545
HD 21942	HIP 16652	53.56619	47.27594	319.09	m	9.309	1.789	A0V	0.203
HIP 42351		129.51621	45.88356	319.09	m	9.223	1.703	F2	0.421
HD 22708	HIP 16746	53.85388	-63.66546	319.1	m	9.433	1.913	A4MA9-F0	0.436
HIP 48263		147.59021	22.13106	319.12	m	9.571	2.051	K0	1.114
HD 199675	HIP 103676	315.11537	-47.02102	319.19	m	9.383	1.863	K0 III	1.145
HD 164324	HIP 88375	270.69308	-46.02228	319.2	m	9.592	2.072	F3 IV/V	0.492
HD 278987	HIP 17622	56.63193	33.86555	319.21	m	10.55	3.03	A 4 V	0.336
HD 155238	HIP 84207	258.20704	-49.05507	319.36	m	9.298	1.777	G8/K0 (III)	1.383
HD 8809	HIP 6666	21.38594	-57.14081	319.37	m	9.3	1.779	K1 III	1.342
HD 194642	HIP 100994	307.14519	-46.91279	319.38	m	9.521	1.999	F3 V	0.43
HD 37583	HIP 26317	84.07146	-55.41071	319.38	m	9.56	2.038	F5 V	0.567
HD 205474	HIP 106680	324.11838	-37.91426	319.42	m	9.819	2.297	F2 V	0.471
HIP 73795		226.23842	-23.16853	319.43	m	10.09	2.568	F0	0.594
HD 96136	HIP 54118	166.10104	-55.7765	319.44	m	9.98	2.458	F5 V	0.579
HD 97720	HIP 54890	168.58515	-30.16201	319.46	m	9.184	1.662	A0 V	0.152
HD 157401	HIP 85192	261.15145	-36.03132	319.49	e	9.888	2.366	F0/2 V	0.832
HD 131933	HIP 73083	224.05213	9.82305	319.53	m	9.077	1.554	F8	0.582
HD 124208	HIP 69460	213.30883	-44.01281	319.55	m	9.191	1.668	G8/K0 III	1.273
HD 75109	HIP 43211	132.03836	4.34031	319.56	m	9.032	1.509	A3 III	0.188
HIP 56682		174.33362	2.56267	319.57	m	10.96	3.441	F8	0.412
HIP 61956		190.45916	29.71984	319.64	m	10.26	2.741	F0	0.424
HIP 34751		107.91221	35.17821	319.66	m	10.41	2.887	F2	0.594
HIP 87562		268.32412	-47.21706	319.68	m	10.28	2.754	F5	0.433
HD 43030	HIP 29505	93.2445	-24.8977	319.68	m	9.439	1.915	A1 V	0.192
HD 17422	HIP 13068	41.99561	8.89919	319.7	m	9.229	1.705	A2	0.414
HD 312386	HIP 87967	269.53303	-18.25789	319.84	m	10.07	2.546	G0	0.739
HIP 110759		336.57847	21.09072	319.89	m	9.269	1.744	G5	1.139
HD 210850	HIP 109760	333.47358	-31.50212	319.9	m	9.102	1.577	F3 V	0.527
HD 98224	HIP 55150	169.36736	-46.7372	319.9	m	9.525	2	F5 V	0.628
HD 221401	HIP 116152	353.00217	-27.13968	319.91	m	9.304	1.779	G8 IV/V	1.117
HIP 85674		262.6214	-15.43239	319.92	m	10.11	2.58	F2	0.621
HIP 77121		236.21152	30.15496	319.93	m	9.697	2.172	F2	0.497
HD 171796	HIP 92045	281.41983	-76.15419	319.96	m	9.493	1.968	A2MA4-A8	0.321
HD 239889	HIP 109644	333.17092	59.14094	319.96	m	9.885	2.359	A2	0.394
HD 71924	HIP 41743	127.68623	23.4857	320.01	m	9.128	1.602	G5	0.437
HIP 20435		65.65707	66.46122	320.05	m	9.848	2.322	A5	0.351
HIP 47860		146.31921	35.73579	320.07	m	9.568	2.042	F8	0.583
HD 34862	HIP 24900	80.053	-7.21691	320.07	m	9.554	2.028	A0	0.145
HD 80981	HIP 45419	138.82428	-79.33243	320.09	m	9.091	1.565	K3 III	1.573
HD 284827	HIP 22357	72.19113	19.72395	320.11	m	9.659	2.132	F2	0.642
HD 39563	HIP 27656	87.83902	-41.96171	320.12	m	9.073	1.546	K0 IV	1.28
HD 6005	HIP 4622	14.84214	-73.7489	320.13	m	9.422	1.895	F6 V	0.558
HD 239679	HIP 106008	322.05914	58.05785	320.13	m	9.608	2.081	A7	0.34
HIP 86839		266.15532	45.19467	320.17	m	9.821	2.294	A M A2-F2	0.417
HIP 55929		171.93123	45.4289	320.21	m	10.92	3.389	F8	0.565
HD 49421	HIP 32437	101.55664	-44.60843	320.23	m	9.085	1.558	F2 IV/V	0.352
HD 207565	HIP 107754	327.43821	8.26608	320.26	m	9.317	1.79	A0	0.255
HD 148335	HIP 80699	247.14851	-32.64765	320.28	m	9.601	2.073	A9 V	0.713
HD 183154	HIP 95896	292.54062	-44.52616	320.3	m	10.35	2.817	F3/5 V	0.498
HIP 111408		338.55494	37.10466	320.32	m	9.742	2.214	A M	0.325
HIP 33746		105.15346	44.16673	320.32	m	10.06	2.533	F8	0.673
HD 287780	HIP 25047	80.44902	1.56671	320.35	m	9.483	1.955	F5	0.487
HIP 16262		52.39964	0.26387	320.36	m	11.47	3.938	F5	0.209
HIP 19623		63.07203	9.12745	320.38	m	9.549	2.021	F2	0.792
HD 134110	HIP 73936	226.63613	44.65505	320.39	m	9.405	1.877	F5	0.362
HIP 25731		82.42323	-7.56588	320.4	m	9.998	2.47	F8	0.59
HD 95773	HIP 54004	165.718	-28.72524	320.44	m	9.074	1.545	K1 III	1.373
HD 92667	HIP 52434	160.78606	53.92978	320.48	m	9.124	1.595	K0	1.24
HIP 56962		175.15967	22.37145	320.53	m	9.56	2.031	A5	0.263
HD 18388	HIP 13688	44.07622	-31.27158	320.54	m	9.787	2.258	F3 V	0.53
HIP 112314		341.24478	-43.09436	320.55	m	10.64	3.113	F5	0.567
HIP 56661		174.26712	55.80607	320.58	m	9.731	2.201	B8	0.389
HIP 35703		110.50072	21.13842	320.63	m	9.498	1.968	F5	0.47
HIP 42652		130.3938	69.40495	320.63	m	11.43	3.904	G	0.68
HD 112340	HIP 63118	193.98798	16.22773	320.63	m	9.361	1.831	A2	0.208
HD 164052	HIP 88280	270.40567	-46.30898	320.64	m	9.472	1.942	G8 V	1.184
HD 215421	HIP 112353	341.36343	-29.15815	320.66	m	10.08	2.546	F6 V	0.516
HIP 116514		354.1687	48.24074	320.66	m	9.284	1.754	F2	0.349
HD 123941	HIP 69430	213.22939	-64.15999	320.67	m	9	1.47	G8 III/IV	1.228
HD 145048	HIP 78894	241.58271	52.31836	320.69	m	9.027	1.497	A0	0.273
HIP 102647		311.99778	-32.29299	320.7	m	9.963	2.433	G2	0.722
HD 239659	HIP 105732	321.22914	57.56288	320.71	m	9.471	1.94	A5	0.427
HD 220732	HIP 115656	351.44155	53.57204	320.71	m	9.009	1.478	A0	0.148
HIP 50878		155.83191	26.92981	320.71	m	9.349	1.818	K 0 III	1.312
HIP 47030		143.77486	36.9615	320.72	m	9.689	2.158	F0	0.323
HIP 77368		236.89764	45.07463	320.76	m	9.036	1.505	K0	1.126
HD 37063	HIP 26226	83.82294	-8.2812	320.76	m	9.156	1.625	A1 V	0.212
HIP 55970		172.0447	-31.23824	320.77	m	9.72	2.189		0.34
HD 155609	HIP 84170	258.09668	7.24234	320.77	m	9.169	1.638	K0	1.362
HD 184274	HIP 95968	292.73063	54.02664	320.85	m	9.165	1.633	A0	0.137
HD 80810	HIP 46055	140.87816	46.77226	320.88	m	9.43	1.898	A2	0.252
HD 1913	HIP 1817	5.75458	-60.28406	320.9	m	10.17	2.636	A3MA7-A8	0.225
HD 32435	HIP 23456	75.62752	-18.47395	320.92	m	9.585	2.053	K1/2 (III)	1.369
HIP 40891		125.1713	32.3956	320.93	m	9.456	1.924	F2	0.355
HD 115115	HIP 64770	199.10941	-63.97377	320.95	m	9.854	2.322	F2 V	0.47
HD 18416	HIP 13699	44.10051	-36.01588	320.97	m	9.035	1.503	K0 III	1.141
HIP 59418		182.82829	17.97916	321.01	m	10.71	3.174	F5	0.631
HD 224344	HIP 118065	359.25606	39.36975	321.05	m	9.354	1.821	A0	0.246
HD 25809	HIP 18739	60.2113	-67.14847	321.06	m	9.773	2.24	F8 V	0.685
HD 119401	HIP 67000	205.9657	-42.24621	321.07	m	9.209	1.676	F0 V	0.384
HIP 113235		343.96791	70.89901	321.09	m	9.585	2.052	F0	0.627
HD 211413	HIP 110061	334.38234	-36.30921	321.09	m	10	2.467	G8 IV/V	0.999
HD 24639	HIP 18584	59.6587	61.83268	321.11	m	9.018	1.485	A0	0.221
HD 146773	HIP 79869	244.54454	-2.27349	321.17	m	9.171	1.637	A3/5 V	0.405
HD 234831	HIP 94359	288.08925	53.94775	321.19	m	9.456	1.922	K2	1.284
HIP 53994		165.69126	1.24634	321.21	m	9.347	1.813	A5	0.288
HD 250430	HIP 28555	90.41467	21.13691	321.21	m	10.01	2.471	F8	0.602
HIP 42467		129.87109	47.80027	321.23	m	10.54	3.008	F8	0.54
HD 113952	HIP 64085	196.9933	-53.59347	321.25	m	9.16	1.626	G5 III	0.885
HD 29880	HIP 21423	68.99147	-71.94519	321.25	m	9.189	1.655	G5 III/IV	0.992
HD 223587	HIP 117583	357.68877	-21.33489	321.26	m	9.908	2.374	A7/8 III/IV	0.357
HD 34523	HIP 24701	79.47851	-4.48991	321.31	m	9.517	1.982	B9/9.5 V	0.138
HD 355455	HIP 100329	305.2035	16.90967	321.39	m	9.726	2.191	F0	0.406
HIP 83647		256.44769	19.00882	321.4	m	10.43	2.898	K0	1.247
HD 47546	HIP 31331	98.54448	-66.09865	321.42	m	9.3	1.765	A1MA5-A9	0.33
HIP 14490		46.76709	51.29454	321.45	m	10.1	2.566	F 2 V	0.686
HD 201887	HIP 104865	318.64133	-55.85976	321.45	m	9.783	2.247	F0 V	0.339
HIP 2550		8.10509	-24.87625	321.47	m	10.15	2.614	F2	0.402
HD 200322	HIP 104072	316.27425	-56.12092	321.48	m	9.08	1.544	K0 III	1.377
HD 128036	HIP 71421	219.08379	-51.92392	321.51	m	9.521	1.985	A0/1 V	0.191
HD 6698	HIP 5297	16.94336	4.41436	321.54	e	9.335	1.799	F5/6 V	0.542
HD 58344	HIP 35944	111.14573	-18.0801	321.54	e	9.154	1.618	A5 IV	0.277
HIP 13466		43.35896	76.96108	321.56	m	9.295	1.759	K0	1.418
HIP 58165		178.9304	6.86277	321.59	m	9.608	2.071	K2	1.342
HIP 112499		341.82839	-54.41274	321.6	m	9.312	1.775	K0	1.089
HD 208286	HIP 108262	328.99508	-33.19809	321.62	m	9.193	1.656	K1 III/IV	1.289
HIP 12568		40.40795	16.73601	321.64	m	9.126	1.589	G0	1.031
HIP 88495		271.0609	-64.50014	321.65	m	9.891	2.354	F5	0.369
HD 40788	HIP 28597	90.53922	23.9298	321.65	m	9.088	1.551	A2	0.278
HD 187592	HIP 97718	297.87906	-22.38425	321.65	m	9.891	2.354	A5/7 III	0.277
HD 55256	HIP 34972	108.54207	42.04722	321.66	m	9.742	2.205	F8	0.299
HIP 62705		192.74338	23.74727	321.68	m	11.11	3.571	F8	0.519
HIP 91869		280.93253	30.40755	321.7	m	9.31	1.773	A2	0.101
HD 13107	HIP 9863	31.72527	-48.03643	321.71	m	9.334	1.797	A2MA3-F2	0.261
HIP 76253		233.64162	-24.97213	321.74	m	9.522	1.984	G5	1.284
HD 209825	HIP 109168	331.70037	-33.58477	321.74	m	9.978	2.44	F3/5 V	0.463
HIP 52941		162.40103	29.51628	321.75	m	9.868	2.33	F8	0.425
HD 87224	HIP 49748	152.33285	79.04618	321.75	m	9.248	1.71	G0	0.48
HIP 69278		212.72779	-48.73856	321.76	m	10.12	2.582	F2	0.386
HIP 70122		215.22085	18.01733	321.77	m	10.49	2.955	F0	0.305
HIP 65199		200.42409	48.06958	321.78	m	10.29	2.754	F8	0.551
HIP 51304		157.19112	10.88145	321.81	m	9.902	2.364	F2	0.465
HD 219583	HIP 114974	349.30227	-38.64946	321.83	m	9.068	1.53	A3 V	0.206
HIP 51691		158.38861	-46.98344	321.84	m	9.812	2.274	Ap	0.22
HD 174107	HIP 92316	282.22765	0.58413	321.91	m	11.75	4.214	Nova	-0.107
HIP 770		2.3675	-12.0352	321.93	m	9.634	2.095	G0	0.522
HD 213024	HIP 110897	337.02383	29.70214	321.96	m	9.542	2.003	A2	0.255
HIP 72436		222.17763	-38.07072	322.01	m	11.84	4.301		
HIP 53298		163.51804	46.70403	322.02	m	11.21	3.667	F8	0.646
HIP 42159		128.91408	9.49908	322.03	m	9.674	2.135	A2	0.264
HD 695	HIP 912	2.82297	-29.64052	322.06	m	9.018	1.478	K2 III	1.347
HD 180193	HIP 94681	288.9904	-7.01744	322.21	m	9.324	1.783	K0 III	1.579
HD 217404	HIP 113706	345.43667	-66.87794	322.22	m	9.292	1.751	A5 IV	0.249
HD 202344	HIP 105196	319.64069	-66.79839	322.27	m	9.016	1.475	K0 III	1.217
HD 233411	HIP 36696	113.22913	53.743	322.28	m	9.453	1.912	F5	0.481
HD 238047	HIP 57773	177.71042	57.65485	322.28	m	9.509	1.968	F8	0.439
HD 165512	HIP 88698	271.6126	-1.15266	322.33	m	9.147	1.606	A3	0.498
HIP 81032		248.24773	18.72964	322.47	m	9.207	1.665	A5	0.303
HD 131860	HIP 72907	223.52085	52.29595	322.49	m	10.16	2.621	F8	0.423
HIP 27467		87.25294	-3.30687	322.5	m	12.45	4.91		
HD 25694	HIP 19097	61.41324	28.39537	322.52	m	9.266	1.723	A0	0.274
HD 293782	HIP 23602	76.12493	-3.7873	322.53	m	10.58	3.039	A2e	0.422
HD 243331	HIP 25306	81.20005	24.10635	322.59	m	9.247	1.704	K5	1.837
HIP 4666		14.98612	15.73714	322.61	m	12.28	4.732		-0.358
HIP 48454		148.19015	33.79972	322.67	m	10.9	3.358	G0	0.774
HD 94851	HIP 53503	164.1844	-20.66462	322.73	m	9.312	1.768	A5 V	0.204
HD 57286	HIP 35129	108.93703	-66.19707	322.74	m	9.962	2.418	F0/3 (V)	0.483
HIP 8040		25.80906	50.05912	322.75	m	9.626	2.082	A2	0.287
HD 62884	HIP 37849	116.38814	-15.44289	322.84	m	9.043	1.498	A2/3 III	0.206
HD 127128	HIP 70854	217.33613	13.29393	322.84	m	9.216	1.671	G5	0.878
HD 163931	HIP 87989	269.60185	7.50351	322.84	m	10.27	2.729	G0	0.673
HIP 43437		132.70438	37.59985	322.88	m	9.981	2.436	F2	0.435
HIP 108261		328.9849	-36.42961	322.88	m	10.98	3.433	F5	0.449
HD 121318	HIP 67792	208.31561	57.91356	322.89	m	9.068	1.523	K0	1.212
HIP 48952		149.79577	32.43894	322.9	m	9.516	1.971	F5	0.381
HIP 60506		186.06169	41.68082	322.99	m	9.916	2.37	K1III	1.428
HD 36799	HIP 26074	83.41547	-13.532	323	m	9.197	1.651	A7 V	0.187
HD 236748	HIP 6863	22.08046	56.69839	323.03	m	9.416	1.87	A5	0.358
HIP 71533		219.4629	-2.88729	323.07	m	10.29	2.743	F5	0.553
HD 146011	HIP 79536	243.45476	6.68228	323.07	m	9.73	2.183	K0	1.19
HIP 5194		16.61059	-29.02885	323.09	m	10.87	3.319	F 6 VI	0.464
HD 23532	HIP 17454	56.11831	-37.6267	323.1	m	9.47	1.923	K0 V	1.352
HD 110138	HIP 61815	190.02514	-7.06123	323.14	m	9.478	1.931	K1 III	1.276
HD 39399	HIP 27759	88.1232	3.71824	323.14	m	9.034	1.487	A2 III/IV	0.313
HD 42777	HIP 29410	92.95453	-20.49983	323.19	m	9.146	1.599	AP EUSRCR	0.111
HD 70971	HIP 41205	126.12996	-10.02866	323.2	m	9.098	1.551	A0 V	0.064
HD 75583	HIP 43331	132.41944	-34.84997	323.21	m	9.015	1.468	K3 III	1.499
HIP 16605		53.43467	52.24915	323.23	m	10.25	2.703	A5	0.39
HIP 62832		193.14007	36.01732	323.28	m	10.27	2.726	F2	0.484
HD 29292	HIP 21366	68.76684	-40.01542	323.31	m	9.124	1.576	F0 V	0.322
HD 112813	HIP 63343	194.70119	48.59552	323.32	m	9.486	1.938	K0III	1.089
HIP 4498		14.40968	36.43837	323.33	m	10.42	2.873	F2	0.402
HD 66041	HIP 38996	119.71475	-56.01378	323.36	m	9.103	1.555	FM DELTA DEL	0.455
HIP 85041		260.71202	-10.67171	323.37	m	9.693	2.145	K0	1.467
HIP 17701		56.87063	-0.35645	323.38	m	10.6	3.046	F5	0.76
HIP 71173		218.34855	-3.76088	323.39	m	9.222	1.673	G 5 V:	1.111
HIP 97747		297.9567	5.61276	323.44	m	11.06	3.515	G5	0.466
HIP 106556		323.71395	89.22295	323.47	m	9.859	2.31	A5	0.262
Gl 4171		314.21617	42.92933	323.47	m	9.134	1.585	A2	0.124
HD 5503	HIP 4447	14.22972	7.54864	323.54	m	9.209	1.659	K5	1.31
HD 186990	HIP 97583	297.51444	-51.77952	323.58	m	9.302	1.752	A2/3 V	0.258
HIP 61086		187.80259	-51.69713	323.59	m	10.71	3.161	F5	0.367
HD 125429	HIP 70055	215.0464	-35.91087	323.63	m	9.615	2.065	F0 V	0.417
HIP 93978		287.02067	-53.35115	323.65	m	13.04	5.487		
HD 65136	HIP 39345	120.64798	69.84158	323.68	m	9.414	1.863	B8	0.17
HIP 47771		146.09375	12.40861	323.71	m	10.89	3.335	F5	0.369
HIP 15263		49.2188	-1.47423	323.74	m	10.62	3.065	F8	0.559
HD 147502	HIP 79990	244.92373	53.7717	323.75	m	9.263	1.712	K5	1.309
HD 38932	HIP 27424	87.10624	-18.7039	323.75	m	9.231	1.68	A0V	0.018
HD 83729	HIP 47510	145.29104	27.10325	323.76	m	9.291	1.74	F8	0.497
HD 234705	HIP 92074	281.49204	50.00072	323.78	m	9.235	1.684	A5	0.339
HD 200230	HIP 103846	315.63831	-12.5121	323.8	m	9.472	1.921	F3 V	0.368
HD 60233	HIP 36920	113.8514	41.46609	323.81	m	9.09	1.539	K0	1.277
HD 16106	HIP 12578	40.43425	77.6387	323.82	m	9.116	1.564	A0	0.293
HIP 61117		187.88746	62.4833	323.82	m	10.44	2.888	F2	0.445
HD 86450	HIP 48846	149.45127	-34.2156	323.86	m	9.064	1.512	A0 V	0.102
HD 47340	HIP 31705	99.48431	-5.53348	323.86	m	9.159	1.607	A0 V	0.003
HIP 93192		284.72739	36.88441	323.89	m	9.341	1.789	K0V:	1.051
HIP 79223		242.52436	42.42093	323.89	m	10.82	3.266	G0	0.664
HD 108494	HIP 60822	187.01004	-35.43241	323.9	m	9.016	1.464	F5 V	0.504
HIP 41614		127.26084	34.32068	323.91	m	10.45	2.894	F8	0.491
HIP 57590		177.10436	25.77768	323.93	m	11.29	3.734	F5	0.473
HIP 71878		220.52956	49.12678	323.94	m	10.17	2.616	G0	0.595
HD 217138	HIP 113489	344.75526	-43.9355	323.96	m	9.489	1.937	F3 V	0.457
HIP 13033		41.87049	65.09676	324	m	10.54	2.985	G0	0.759
HIP 52851		162.1035	37.93502	324.04	m	10.25	2.694	F8	0.497
HD 3999	HIP 3320	10.58353	-31.91662	324.07	m	9.342	1.789	A2 V	0.11
HD 32803	HIP 23636	76.21183	-21.90461	324.09	m	10.7	3.144	M6E-M9E	1.187
HIP 45774		139.99982	64.20464	324.09	m	9.504	1.951	F2	1.005
HD 23309	HIP 17985	57.66115	73.90843	324.16	m	9.193	1.639	G0	0.762
HD 77843	HIP 44505	136.00187	-31.91115	324.22	m	9.099	1.545	G6/8 IV	0.942
HD 285280	HIP 18784	60.36888	19.59651	324.23	m	9.411	1.857	F0	0.447
HD 69015	HIP 40329	123.51948	-25.71176	324.23	m	9.066	1.512	F2 III/IV	0.343
HD 235643	HIP 107910	327.94751	55.56209	324.26	m	10.59	3.032	A3	0.545
HD 142901	HIP 78148	239.36526	-9.5448	324.27	m	9.75	2.195	K0 IV	1.272
HD 72999	HIP 41580	127.16849	-76.29568	324.35	m	9.511	1.956	F2/5 (IV)	0.525
HD 132538	HIP 73584	225.62023	-61.62753	324.35	m	9.357	1.802	A7 III	0.269
HD 152548	HIP 83328	255.45865	-74.94129	324.37	m	9.044	1.489	A0 V	0.059
HD 146437	HIP 79806	244.31606	-24.22323	324.37	m	9.026	1.471	A1 III	0.281
HD 81489	HIP 46270	141.51002	4.26655	324.38	m	9.152	1.597	K1 III	1.329
HIP 69250		212.64728	56.94323	324.39	m	10.44	2.883	F5	0.469
HIP 78009		238.94014	55.53833	324.4	m	10.71	3.157	G0	0.414
HD 163702	HIP 87975	269.56647	-18.17338	324.41	m	9.388	1.833	K0 III	1.689
HIP 50618		155.09479	68.13407	324.43	m	11.04	3.481		0.672
HIP 110905		337.04265	19.44725	324.48	m	9.008	1.452	A5	0.219
HD 249135	HIP 27930	88.65174	5.35105	324.53	m	9.819	2.263		0.773
HIP 77229		236.52894	43.70945	324.54	m	10.09	2.53	F8	0.586
HD 91099	HIP 51416	157.52099	-47.35427	324.55	m	9.071	1.515	A1 V	0.058
HD 136699	HIP 75254	230.65302	-14.87875	324.55	m	9.575	2.019	K0 III	1.278
HD 206462	HIP 107080	325.32851	39.47299	324.59	m	9.943	2.386	K0	0.946
HD 1097	HIP 1210	3.78321	-29.00639	324.6	m	9.101	1.544	A3/5MF0-F5	0.467
HIP 65412		201.10477	-10.097	324.61	m	10.1	2.544	G0	1.242
HIP 18968		60.9685	2.57781	324.62	m	11	3.447	F2	0.489
HD 149528	HIP 81327	249.15413	-30.58371	324.66	m	9.076	1.519	A3 III/IV	0.378
HD 131175	HIP 72598	222.65453	43.43841	324.68	e	10.07	2.516	F8	0.548
HIP 109377		332.37391	78.86253	324.68	e	9.048	1.491	A5	0.371
HD 216896	HIP 113339	344.29161	-27.75982	324.68	m	9.724	2.167	G0 V	0.733
HD 82192	HIP 46702	142.80819	25.99512	324.7	m	9.7	2.143	F0	0.425
HD 39170	HIP 27604	87.6644	-1.42978	324.72	m	9.151	1.593	A8/9 V	0.45
HD 24234	HIP 17902	57.43182	-43.08258	324.74	m	9.191	1.633	K2 (III)	1.343
HD 13617	HIP 10238	32.91826	-43.57756	324.76	m	9.038	1.48	K1/2 III	1.343
HD 114090	HIP 64148	197.20989	-43.38903	324.82	m	9.682	2.124	F7 V	0.579
HD 193616	HIP 100460	305.58106	-32.70854	324.83	m	9.285	1.727	F3 IV/V	0.466
HIP 94909		289.69835	-35.40678	324.85	m	9.934	2.376	F8	0.456
HIP 14629		47.23586	47.34637	324.86	m	10.83	3.275	G0V	0.954
HD 215411	HIP 112262	341.07873	46.36357	324.87	m	9.689	2.13	F0	0.493
HD 132156	HIP 73361	224.88077	-50.05344	324.87	m	9.117	1.558	K2 III	1.595
HIP 73550		225.47812	-47.24621	324.88	m	11.76	4.196		
HD 281157	HIP 17561	56.41317	32.44005	324.94	m	9.22	1.661	B5	0.774
HD 223761	HIP 117714	358.11163	-28.37279	324.96	m	9.774	2.215	F7 V	0.657
HD 102339	HIP 57448	176.64838	-48.23861	324.97	m	9.91	2.351	F3 IV/V	0.475
HD 184016	HIP 96134	293.20687	-15.32315	325.03	m	9.687	2.127	A7 III/IV	0.356
HIP 56412		173.48756	56.30877	325.06	m	10.07	2.51	F2	0.424
HD 240255	HIP 115104	349.70941	59.1729	325.08	m	9.689	2.129	B9.5V	0.178
HD 3614	HIP 2925	9.27557	-79.08228	325.1	m	10.18	2.623	F0 V	0.347
HIP 51348		157.32972	37.93976	325.12	m	10.16	2.602	F5	0.463
HD 214778	HIP 112145	340.73178	-72.13898	325.18	m	9.687	2.126	G2 V	0.647
HD 89545	HIP 50762	155.48899	63.85638	325.18	m	9.251	1.69	A0	0.229
HD 6579	HIP 5153	16.48989	-48.94111	325.19	m	9.422	1.861	F3/5 V	0.505
HD 144689	HIP 79030	241.95929	-19.98948	325.21	m	9.062	1.501	G8/K0 III	1.413
HD 116108	HIP 65062	200.04788	61.22816	325.22	m	9.495	1.934	F3IV	0.447
HD 51806	HIP 33709	105.05596	33.38983	325.23	m	9.634	2.073	F2	0.372
HD 239522	HIP 103146	313.47702	58.89543	325.24	m	10.09	2.527	A5	0.304
Gl 914B	HIP 162	0.51336	27.1186	325.24	m	9.881	2.32	G0	0.758
HIP 67793		208.32145	21.74995	325.27	m	10.87	3.309	F5	0.519
HD 162994	HIP 87622	268.49177	-0.88285	325.27	m	9.118	1.557	G8/K0 III	1.355
HD 74465	HIP 42927	131.22827	21.85639	325.3	m	9.041	1.48	K0	1.472
HD 11483	HIP 8610	27.76476	-59.96761	325.36	m	9.868	2.306	F0 IV	0.372
HIP 50727		155.3641	46.83143	325.36	m	10.12	2.562	F2	0.373
HD 6864	HIP 5413	17.30235	2.55169	325.4	m	9.396	1.834	F0/2 V	0.379
HIP 76707		234.94653	12.73371	325.43	m	10.23	2.666	F2	0.462
HD 129757	HIP 72084	221.19274	-13.84287	325.45	m	9.411	1.849	F7 V	0.605
HD 42206	HIP 29156	92.25715	-8.3956	325.47	m	9.198	1.635	A8/9 V	0.211
HIP 17009		54.70443	20.39244	325.51	m	9.394	1.831	F2	0.481
HD 47172	HIP 31847	99.8771	44.67799	325.55	m	9.837	2.274	F0	0.344
HIP 65305		200.76362	-50.49357	325.59	m	10.27	2.709	G0	1.144
HD 7039	HIP 5481	17.53377	-44.07681	325.66	m	9.445	1.881	K0/1 (III)	1.218
HD 16239	HIP 12029	38.77909	-39.99502	325.67	m	9.362	1.798	K2 III	1.399
HIP 74772		229.22243	-49.57154	325.69	m	9.884	2.32	F2	0.431
HD 165254	HIP 88787	271.86768	-47.8035	325.7	m	9.071	1.507	G6 III	1.117
HIP 110068		334.41862	42.53132	325.73	m	9.598	2.034	A5	0.232
HIP 2826		8.96813	75.81837	325.73	e	9.734	2.17	B8	0.242
HD 24270	HIP 17870	57.3555	-50.41302	325.78	m	9.204	1.639	K1/2 III	1.343
HIP 72849		223.35239	16.81019	325.8	m	10.33	2.764	F5	0.492
HD 119016	HIP 66851	205.50823	-54.58201	325.83	m	9.251	1.686	G0 V	0.597
HD 157855	HIP 85298	261.44998	1.28744	325.86	m	9.46	1.895	K2 III	1.57
HD 114977	HIP 64571	198.5248	-0.25653	325.87	m	9.485	1.92	F3 V	0.449
HD 55238	HIP 34774	107.97813	-6.45066	325.93	m	9.45	1.884	B8/9 (II)	0.378
HD 245897	HIP 26522	84.60954	4.24534	325.95	m	9.938	2.372	A5	0.367
HD 103207	HIP 57937	178.22776	-46.56604	325.98	m	9.046	1.48	K1 III/IV	1.298
HD 68250	HIP 39803	122.00835	-61.55328	326.08	m	9.408	1.841	A3/4 VN	0.192
HD 48657	HIP 32652	102.16623	62.0934	326.09	m	9.146	1.579	A 1 III	0.599
HD 29902	HIP 21883	70.56507	-12.16006	326.15	m	9.167	1.6	K1 III	1.281
HIP 114843		348.93687	64.39132	326.17	m	9.123	1.556	A0	0.087
HIP 155		0.49121	46.26916	326.17	m	9.921	2.354	A2	0.279
HD 3554	HIP 3089	9.82853	65.50399	326.19	m	9.075	1.508	A0	0.122
HD 39664	HIP 27862	88.42714	-6.56122	326.23	m	9.494	1.926	A5 II/III	0.199
HIP 90378		276.62171	-71.78442	326.23	m	9.468	1.9		0.428
HIP 50620		155.0993	68.13896	326.24	m	9.947	2.379	F8	0.669
HD 94948	HIP 53599	164.4863	26.15996	326.24	m	9.122	1.554	F0	0.211
HD 217070	HIP 113442	344.63314	-42.28801	326.26	m	10.32	2.754	F3/5 V	0.437
HD 160204	HIP 86491	265.12496	-40.50828	326.27	m	9.322	1.754	F3 V	0.544
HD 94037	HIP 52967	162.4921	-61.30195	326.33	m	9.401	1.833	B9.5 V	0.136
HD 35485	HIP 25314	81.22187	-4.5648	326.34	m	9.316	1.748	F6 V	0.644
HIP 9079		29.22506	6.35039	326.35	m	10.05	2.481	K2	1.219
HD 233844	HIP 56464	173.65602	51.73616	326.37	m	9.032	1.463	K5	1.348
HD 190249	HIP 99204	302.09576	-66.65025	326.45	m	9.426	1.857	F0 V	0.413
HD 26154	HIP 19199	61.72642	-35.52768	326.47	m	9.155	1.586	K0 III	1.242
HIP 21462		69.13875	6.15812	326.48	m	10.67	3.102	F0	0.616
HD 223224	HIP 117369	356.96906	-55.2813	326.49	m	9.657	2.088	G6WF5 IV/V	0.764
HD 2554	HIP 2274	7.26692	-17.2169	326.56	m	9.907	2.337	F2 V	0.368
HIP 55811		171.55647	10.27796	326.6	m	9.578	2.008	F5	0.444
HIP 38050		116.98702	32.32059	326.61	m	9.353	1.783	F0	0.418
HD 185519	HIP 96822	295.20042	-35.87632	326.62	m	9.764	2.194	F2 V	0.767
HD 35222	HIP 25170	80.76681	-5.31948	326.67	m	9.688	2.117	A0 V	0.219
HIP 81432		249.49867	-14.62877	326.69	m	10.33	2.755	F0	0.524
HD 29113	HIP 21199	68.1788	-47.20981	326.74	m	9.842	2.271	F0 V	0.244
HIP 79445		243.19447	28.53151	326.76	m	9.326	1.755	G5	1.205
HIP 8072		25.92973	37.08184	326.8	e	9.436	1.865	G0	0.736
HD 21550	HIP 16361	52.69168	51.02992	326.88	m	9.007	1.435	A0	0.223
HD 141305	HIP 77299	236.72	39.20977	326.89	m	9.12	1.548	M1	1.53
HIP 100451		305.55555	16.373	326.91	m	9.194	1.622	A5	0.247
HIP 98928		301.30681	78.0454	326.92	m	10.48	2.904		0.77
HD 119233	HIP 66884	205.60351	-24.37601	326.94	m	9.418	1.846	A9/F0 V	0.343
HD 158807	HIP 85731	262.79704	3.59187	326.95	m	9.244	1.672	A2/3 III	0.264
HD 232784	HIP 15798	50.89633	50.66456	326.98	m	9.124	1.551	K0III	1.394
HD 234817	HIP 94106	287.34915	52.29919	327	m	9.63	2.057	A5	0.206
HD 213205	HIP 111093	337.59417	-36.00733	327.09	m	9.745	2.172	K0 IV/V	1.118
HD 153160	HIP 83220	255.11777	-52.27402	327.1	m	9.053	1.48	K0 III	1.4
HD 237640	HIP 38136	117.23289	57.70975	327.12	m	9.894	2.32	A7	0.324
HD 138218	HIP 75960	232.70686	-5.80559	327.13	m	9.826	2.252	A3/5 II	0.244
HD 30279	HIP 22450	72.46684	60.45881	327.14	m	9.378	1.804	A3	0.411
HIP 74844		229.42519	-49.91148	327.16	m	10.49	2.917	F0	0.486
HIP 74790		229.26771	5.49357	327.18	m	10.76	3.182	F5	0.461
HD 54209	HIP 34190	106.34622	-50.05806	327.18	m	9.127	1.553	K0 III	1.28
HIP 19433		62.42952	-79.34374	327.19	m	9.099	1.525	G5	1.153
HD 87140	HIP 49371	151.17991	54.34539	327.21	m	9.061	1.487	K0	0.734
HIP 15938		51.30578	4.87361	327.23	m	10.86	3.282	F5	0.56
HIP 67329		206.99567	9.10266	327.26	m	10.7	3.125	G5	0.774
HD 34120	HIP 24458	78.71999	-4.62664	327.29	m	9.428	1.853	B9 V	0.167
HD 274680	HIP 26260	83.88926	-45.04627	327.3	m	10.13	2.557	G0	0.647
HIP 97428		297.02418	-0.78309	327.32	m	10.5	2.924	F0	0.452
HD 209654	HIP 108887	330.85352	55.79757	327.34	m	9.521	1.946	A0	0.194
HD 70840	HIP 40837	125.00664	-66.49718	327.43	m	9.125	1.549	F3 IV/V	0.579
HD 232302	HIP 4183	13.36687	54.46833	327.43	m	9.222	1.646	A2	0.214
HIP 60849		187.0767	12.37709	327.44	m	12.68	5.106		
HD 10114	HIP 7686	24.73837	8.11929	327.46	m	9.559	1.983	F8	0.574
HIP 28048		88.97291	34.35718	327.48	m	9.555	1.979	F5	0.613
HD 39747	HIP 27915	88.59994	-4.7294	327.55	m	9.514	1.938	F2/3 V	0.497
HD 104377	HIP 58617	180.30937	52.80499	327.56	m	9.396	1.82	G5	1.216
HIP 24194		77.91707	75.35942	327.58	m	9.626	2.049	F0	0.372
HD 10397	HIP 7847	25.22218	-31.50472	327.58	m	9.751	2.174	F3 V	0.501
HIP 452		1.35576	21.56941	327.59	m	9.978	2.401	F8	0.627
HD 114189	HIP 64110	197.08927	46.38517	327.61	m	9.604	2.027	K0	0.527
HIP 39083		119.93951	-47.29564	327.64	m	9.382	1.805		0.022
HD 134281	HIP 74015	226.88616	40.81591	327.67	m	9.1	1.523	A0	0.168
HD 64380	HIP 38418	118.05849	-36.06227	327.68	m	9.203	1.626	A5 IV	0.234
HD 211119	HIP 109914	333.91642	-37.21145	327.74	m	10.47	2.892	F2 V	0.381
HIP 48284		147.66542	5.85841	327.85	m	10.51	2.927	G5	0.878
HD 136019	HIP 75036	229.99523	-44.87687	327.85	m	9.453	1.875	F3 V	0.49
HD 85937	HIP 48564	148.57353	-35.79166	327.87	m	9.036	1.458	K0 III	1.177
HIP 84006		257.58077	20.24252	327.88	m	9.422	1.843	K5	1.413
HIP 103303		313.92358	35.67051	327.9	m	10.87	3.288	G0	0.51
HD 6208	HIP 4861	15.62589	-48.2011	327.92	m	9.385	1.806	A0 V	0.102
HD 34313	HIP 24381	78.45795	-50.63571	327.97	m	9.334	1.755	K1/2 (III)	1.464
HD 50710	HIP 33084	103.35395	-22.96975	327.97	m	9.148	1.569	F3 IV/V	0.447
HD 234220	HIP 74563	228.52971	52.5885	327.98	m	10.06	2.483	A5	0.375
HIP 94137		287.43644	37.04405	328.03	m	9.887	2.307	A5	0.291
HD 166195	HIP 89063	272.66571	-26.92094	328.04	m	10.13	2.546	F5/6 V	0.597
HIP 71026		217.89788	14.59614	328.05	m	10.29	2.707	F5	0.515
HD 315939	HIP 85770	262.8878	-29.96734	328.07	m	9.641	2.061	F5	0.635
HD 195552	HIP 101599	308.86673	-62.22555	328.07	m	9.254	1.674	K2 III	1.32
HD 212026	HIP 110456	335.60752	-49.58777	328.08	m	9.693	2.113	F5 V	0.533
HD 132235	HIP 73296	224.68944	-23.85061	328.11	m	9.078	1.498	K1/2 III	1.56
HD 220674	HIP 115660	351.46069	-36.54876	328.15	m	9.224	1.644	K0 III/IV	1.246
HD 191160	HIP 99195	302.07772	5.88381	328.17	m	9.253	1.672	F0	0.419
HIP 62650		192.55703	20.27837	328.19	m	10.29	2.704	F5	0.467
HD 87579	HIP 49372	151.18071	-44.84473	328.19	m	9.929	2.348	F0 V	0.422
HIP 82071		251.45581	21.62557	328.2	m	9.287	1.706	F5	0.431
HIP 76510		234.38849	-51.61238	328.2	m	10.69	3.105		0.622
HIP 38080		117.0596	32.68857	328.31	m	10.69	3.113	F5	0.445
HD 26589	HIP 19598	62.99571	-8.1555	328.34	m	9.1	1.518	A5 V	0.156
HD 216484	HIP 113061	343.45108	-45.11736	328.35	m	10.38	2.797	F3/5 V	0.491
HD 38600	HIP 26841	85.48822	-66.09203	328.35	m	9.265	1.683	A2MA5/7-F0	0.315
HD 211959	HIP 110281	335.07363	30.23905	328.38	m	9.068	1.486	A0	0.206
HIP 105429		320.33348	60.69939	328.4	m	9.306	1.724	A5	0.307
HD 142838	HIP 78287	239.77193	-51.57246	328.41	m	9.636	2.054	F0 IV/V	0.501
HIP 35133		108.94758	-66.1905	328.44	m	10.65	3.07	G	0.557
HD 98371	HIP 55205	169.56394	-58.17981	328.46	m	9.51	1.928	F0 IV/V	0.451
HD 20180	HIP 15183	48.93084	34.20619	328.47	m	9.013	1.431	A0	0.19
HD 6443	HIP 5087	16.29326	-14.90567	328.66	m	9.297	1.713	G6 IV	1.038
HD 129786	HIP 72090	221.21444	-14.35962	328.7	m	9.202	1.618	F0 III/IV	0.397
HIP 26009		83.26231	-30.57251	328.72	m	11.61	4.025	Gp	0.725
HD 3438	HIP 2898	9.18358	-59.44655	328.76	m	9.806	2.222	G8/K0 IV/V	1.071
HIP 7488		24.10299	66.87017	328.78	m	10.08	2.492	A5	0.382
HD 62881	HIP 38002	116.83428	29.59157	328.81	m	9.621	2.036	F2	0.212
HIP 48137		147.20497	22.04402	328.85	m	9.227	1.642	G5	1.184
HD 193360	HIP 100324	305.19197	-27.33688	328.85	m	9.195	1.61	F3 III	0.445
HIP 97582		297.51396	43.73442	328.89	m	9.233	1.648	F0	0.308
HIP 50185		153.6705	30.57727	328.91	m	10.79	3.206	G0	0.615
HD 102295	HIP 57465	176.69165	59.83093	328.92	m	9.922	2.337	G5	0.528
HD 47612	HIP 31823	99.80706	-7.09856	328.92	m	9.548	1.963	Ap CrEuSr	0.255
HD 237320	HIP 22434	72.42171	59.56626	329.01	m	9.309	1.723	K5	2.072
HD 35549	HIP 25338	81.29382	-9.94091	329.01	m	9.605	2.019	A2 IV	0.083
HD 221314	HIP 116100	352.87123	-53.3675	329.06	m	10.41	2.825	F2/3 V	0.397
HD 214349	HIP 111650	339.27182	28.37696	329.08	m	9.167	1.58	A3	0.199
HD 106462	HIP 59704	183.66789	45.6281	329.08	m	10.04	2.45	F2	0.327
HD 16131	HIP 12035	38.79517	-10.90606	329.09	m	9.832	2.245	F5/6 V	0.512
HIP 103778		315.44038	11.55785	329.09	m	9.476	1.889	A2	0.267
HD 18396	HIP 13657	43.96501	-43.25303	329.13	m	9.191	1.604	K2 III	1.404
HIP 4682		15.04214	-33.01273	329.13	m	10.23	2.639	G0	0.458
HD 107319	HIP 60182	185.11582	-42.97312	329.15	m	9.091	1.504	K1 III	1.299
HD 21372	HIP 15917	51.24365	-46.46762	329.17	m	9.788	2.201	F3 V	0.494
HD 283677	HIP 21159	68.04558	29.01558	329.18	m	9.242	1.655	B 5 V	0.456
HD 217305	HIP 113573	345.05983	-34.65261	329.18	m	9.748	2.161	F0 V(W)	0.372
HIP 52249		160.13826	13.5669	329.21	m	9.796	2.209	F2	0.409
HIP 17480		56.18275	13.98947	329.27	m	9.841	2.253	F0	0.601
HIP 14226		45.85897	55.38905	329.27	m	9.955	2.367	A2	0.709
HD 158411	HIP 85748	262.83742	-45.01068	329.31	m	9.806	2.218	G3 V	0.743
HD 35318	HIP 25244	80.97204	-3.08297	329.31	m	9.478	1.89	A0/1 V	0.2
HD 278818	HIP 16787	54.00325	34.14374	329.32	m	10.23	2.643	A 5 V	0.517
HD 13214	HIP 9998	32.18987	-17.55361	329.34	m	9.73	2.142	G0	0.572
HIP 113587		345.09245	67.04211	329.35	m	9.733	2.145	A2	0.222
HD 148071	HIP 80494	246.46135	-6.09499	329.37	m	9.373	1.785	K0 III	1.307
HIP 31803		99.73607	-30.05759	329.37	m	9.978	2.39	B8	0.366
HD 332639	HIP 97452	297.11898	30.83017	329.39	m	9.605	2.016	A5	0.351
HD 3864	HIP 3226	10.26652	-23.14844	329.39	m	9.641	2.052	F2 IV/V	0.476
HD 60031	HIP 36568	112.83027	-31.39169	329.43	m	9.609	2.02	A2/3 V	0.168
HD 170840	HIP 90909	278.15976	-27.18964	329.45	m	9.369	1.78	A5 III/IV	0.502
HIP 58200		179.04671	52.83033	329.45	m	9.944	2.355	K0	1.16
HIP 61480		188.96312	42.3777	329.47	m	12.03	4.436	A0p	-0.362
HD 286771	HIP 20481	65.84431	10.82017	329.48	m	10.84	3.248	F0	0.643
HD 34561	HIP 24757	79.62468	2.09138	329.55	m	9.617	2.027	A0 V	0.081
HIP 115283		350.23213	68.73882	329.55	m	10.17	2.58	F0	0.498
HIP 89498		273.95696	41.11051	329.61	m	11.19	3.6	F 5 V	0.29
HIP 91578		280.12123	-45.74775	329.63	m	9.727	2.137	F8	0.521
HD 168695	HIP 89847	275.0285	25.53138	329.68	m	9.312	1.722	A2	0.249
HIP 12235		39.38127	71.30452	329.78	m	10.32	2.73	A3 + K	0.328
HD 9121	HIP 6883	22.16517	-53.36508	329.78	m	9.89	2.299	A1MA7-F2	0.336
HIP 40022		122.61254	7.03392	329.79	m	9.868	2.277	F0	0.358
HD 59030	HIP 36076	111.50404	-46.01396	329.79	m	9.044	1.453	A2/3 V	0.212
HIP 4391		14.06351	-9.80791	329.8	m	9.6	2.009	G0	0.607
HD 221281	HIP 116048	352.71431	-10.15578	329.84	m	9.266	1.674	F0 V	0.335
HIP 46997		143.67808	-23.02772	329.89	m	9.59	1.998	F8	0.363
HD 309769	HIP 47686	145.84891	-65.25517	329.9	m	9.263	1.671	K5	1.691
HD 191913	HIP 99744	303.57731	-47.46331	329.9	m	9.71	2.118	F2 IV/V	0.358
HIP 22485		72.55636	17.7017	329.95	m	12.65	5.056		
HD 82138	HIP 46884	143.31604	65.81215	329.95	m	9.008	1.416	G5	1.384
HD 169670	HIP 90327	276.45088	1.35439	329.98	m	9.351	1.759	G8 IV	1.466
HIP 67161		206.45438	67.28399	330.01	m	9.143	1.55	K2	1.293
HIP 49257		150.83111	60.86811	330.05	m	10.34	2.749		1.03
HD 6014	HIP 4701	15.11575	-60.26708	330.06	m	9.229	1.636	A4 VS	0.186
HD 365	HIP 666	2.0568	-49.72183	330.09	m	10.21	2.618	F5 V	0.456
HD 111608	HIP 62692	192.69572	-35.63439	330.11	m	9.225	1.632	A1 IV	0.144
HIP 76827		235.28827	42.41998	330.13	m	10.98	3.39	G0	0.702
HIP 88575		271.28513	9.38363	330.13	m	9.385	1.792	K5	1.591
HD 217775	HIP 113828	345.77065	-9.57087	330.14	m	9.448	1.855	F0 V	0.348
HIP 61219		188.17728	-49.38957	330.15	m	10.36	2.763	F8	0.62
HD 16471	HIP 12275	39.52874	-17.5301	330.16	m	9.376	1.782	F6 V	0.598
HD 32720	HIP 23659	76.26733	-1.31135	330.21	m	9.104	1.51	B9 V	0.031
HD 9830	HIP 7440	23.96031	-10.69426	330.22	m	9.751	2.157	F3 V	0.443
HD 93168	HIP 52657	161.515	35.69272	330.26	m	9.729	2.135	G5	1.054
HD 127259	HIP 71082	218.04721	-54.51012	330.32	m	9.313	1.718	G8/K0 III	1.408
HD 126799	HIP 70803	217.20181	-41.23518	330.33	m	9.956	2.361	F0 V	0.415
HD 8101	HIP 6277	20.13517	9.13845	330.36	m	9.126	1.531	F0	0.351
HIP 35423		109.7045	2.85785	330.43	m	10.15	2.557	F2	0.294
HD 94790	HIP 53819	165.17246	81.25999	330.45	m	9.114	1.518	A5	0.254
HD 18781	HIP 14178	45.70655	43.57282	330.45	m	9.35	1.754	A3	0.199
HD 6465	HIP 5123	16.40947	1.20101	330.49	m	9.017	1.421	G8/K0 III	1.199
HD 206736	HIP 107301	326.00267	3.58183	330.49	m	9.206	1.61	A0 V	0.178
HIP 84074		257.82909	37.26867	330.52	m	9.668	2.072	F2	0.433
HIP 76360		233.93268	-5.22876	330.53	m	10.15	2.552	F2	0.543
HD 35414	HIP 25261	81.0347	-9.83261	330.53	m	9.141	1.545	Fm delta DEL	0.431
HD 224411	HIP 118128	359.41494	-52.19574	330.56	m	9.601	2.005	A2 III/IV(M)	0.236
HD 71990	HIP 41731	127.64517	2.10026	330.58	m	9.098	1.502	A5 IV	0.289
HD 32626	HIP 23450	75.61131	-43.50688	330.6	m	9.679	2.082	A1 V	0.204
HIP 66654		204.94399	32.42964	330.63	m	9.715	2.118	G 5 III	0.583
HD 251807	HIP 29042	91.91504	28.47206	330.64	m	9.59	1.993	F2	0.502
HD 136698	HIP 75229	230.59245	-8.04103	330.67	m	10.21	2.616	F5 V	0.44
HD 275960	HIP 18444	59.1398	37.15785	330.68	m	9.259	1.662	K0	1.189
HIP 51238		156.98363	-35.38997	330.68	m	9.538	1.941	A3	0.234
HD 98099	HIP 55143	169.33345	34.84397	330.71	m	9.136	1.539	K0	1.287
HD 149415	HIP 81280	249.021	-35.09836	330.72	m	9.454	1.857	G6 V	1.289
HD 260160	HIP 31544	99.04608	29.0319	330.75	m	10.59	2.989	F 2 V	0.226
HD 38915	HIP 27466	87.25097	-3.31138	330.77	m	9.908	2.31	A5 Ib	0.292
HD 179585	HIP 94369	288.11182	19.20854	330.79	m	9.006	1.408	A0	0.109
HD 244437	HIP 25823	82.71426	7.09112	330.79	m	10.09	2.488	F2	0.359
HIP 11999		38.66908	1.95795	330.81	m	9.733	2.135	K0	1.096
HD 24774	HIP 18328	58.77694	-32.09877	330.82	m	9.21	1.612	A8 V	0.315
HD 224774	HIP 51	0.14341	1.06622	330.85	m	9.032	1.434	G8 IV	1.085
HIP 79238		242.56958	4.41951	330.9	m	11.33	3.733	K	0.506
HD 129313	HIP 71869	220.49744	-0.65163	330.97	m	9.337	1.738	F2 III	0.421
HIP 4616		14.79888	5.34701	330.97	m	10.87	3.273	F5	0.511
HIP 107207		325.6918	66.08717	330.99	m	11.03	3.426	B2nne	0.399
HD 176056	HIP 93135	284.5927	-0.01265	331	m	9.238	1.639	K0 IVCNII/III	1.593
HD 20912	HIP 15635	50.33006	-29.98743	331.02	m	9.113	1.514	G8 IV/V	1.139
HD 199757	HIP 103684	315.14665	-42.65564	331.03	m	9.467	1.868	A5/7 IV	0.231
HD 166493	HIP 91202	279.07638	-85.00756	331.03	m	9.412	1.813	A3MA5-F0	0.283
HD 72168	HIP 42063	128.60791	58.80365	331.05	m	9.179	1.58	A2	0.195
HIP 77756		238.1525	-0.5938	331.13	e	10.78	3.181	G0	0.511
HD 213513	HIP 111265	338.12622	-31.24422	331.15	m	10.41	2.815	F3 V	0.561
HIP 91537		280.01967	3.36268	331.23	m	10.01	2.409		1.059
HD 101788	HIP 57127	175.68447	-41.11341	331.24	m	9.048	1.447	K1 III	1.398
HIP 47851		146.30441	41.15509	331.24	m	9.896	2.295	F0	0.464
HD 138103	HIP 75864	232.43767	4.64708	331.26	m	9.784	2.183	F2 IV/V	0.537
HIP 70030		214.94951	50.25805	331.35	m	10.63	3.029	F2	0.499
HIP 13161		42.31033	-7.16915	331.36	m	9.752	2.15	F8	0.45
HIP 94303		287.92396	-33.70872	331.4	m	10.73	3.129	Gp	0.565
HD 97949	HIP 54944	168.76965	-60.68468	331.49	m	9.528	1.926	A7 V	0.36
HIP 80697		247.14608	49.41558	331.54	m	9.22	1.617	K0	1.139
HIP 57579		177.05939	31.90908	331.57	m	10.12	2.522	F2	0.353
HD 222344	HIP 116753	354.93279	-4.66614	331.58	m	9.529	1.926	K0 III	1.179
HD 8840	HIP 6763	21.75541	-6.34902	331.62	m	9.149	1.546	G8 IV	1.183
HD 132568	HIP 73416	225.05563	-14.72853	331.66	m	9.078	1.475	A9 V	0.367
HIP 1784		5.67108	-21.92729	331.69	m	10.67	3.065	F5	0.307
HIP 85619		262.43463	42.85908	331.72	m	10.44	2.832	F2	0.557
HD 98288	HIP 55177	169.45434	-51.94309	331.72	m	9.24	1.636	G8 IV	1.116
HD 128420	HIP 71789	220.27281	-72.31941	331.75	m	9.292	1.688	K0/1 III	1.479
HD 222648	HIP 116952	355.60184	39.05814	331.76	m	9.001	1.397	G5	0.501
HD 2288	HIP 2098	6.64034	-19.99353	331.78	m	10.09	2.483	F2 V	0.486
HD 239937	HIP 110438	335.54605	59.98481	331.78	m	9.928	2.324	F5	0.452
HIP 54917		168.69253	19.34386	331.82	m	10.01	2.401	K0	1.08
HD 211742	HIP 110252	334.98385	-36.694	331.85	m	10.66	3.056	F6/F7V	0.45
HIP 18600		59.69473	3.52721	331.94	m	11.12	3.518	F5	0.733
HD 147450	HIP 80191	245.57135	-5.67877	331.98	m	9.245	1.639	F3 V	1.495
HIP 54344		166.76142	46.09603	332.03	m	11.2	3.597	F8	0.466
HIP 73876		226.48754	7.81322	332.05	m	11.47	3.867	F8	0.281
HIP 43986		134.36222	42.3992	332.09	m	9.312	1.706	K 0 III	1.371
HD 214624	HIP 111906	340.02054	-42.69132	332.09	m	9.909	2.303	F2 V	0.43
HIP 10902		35.09106	-20.55236	332.15	m	10.85	3.247		0.93
HIP 9731		31.29724	-26.40342	332.22	m	10.32	2.712	G0	0.49
HD 215767	HIP 112560	341.96128	-24.1216	332.23	m	9.445	1.838	K1 III	1.337
HIP 14381		46.38501	-37.63107	332.26	m	9.436	1.829	K1	1.549
HIP 75263		230.66691	1.26485	332.26	m	10.05	2.446	G0	0.668
HD 92068	HIP 52062	159.57655	29.49921	332.29	m	9.05	1.442	K 0 III	1.532
HD 54241	HIP 34556	107.37962	34.08981	332.33	m	9.109	1.501	F5	0.374
HIP 79356		242.94625	-0.68824	332.36	m	11.59	3.983	G0	0.73
HIP 66092		203.21595	9.90858	332.36	m	10.88	3.271	F8	0.809
HD 199691	HIP 103750	315.35949	-57.61325	332.41	m	10.06	2.451	F5 V	0.46
HIP 68476		210.28959	11.02491	332.41	m	10.02	2.416	F2	0.512
HD 190206	HIP 99127	301.86682	-62.72096	332.42	m	9.053	1.445	B9 V	0.063
HD 161155	HIP 86837	266.15449	-17.47291	332.42	m	9.774	2.166	F2 V	0.624
HIP 90778		277.80514	13.17753	332.43	m	9.686	2.077	G5	0.427
HIP 109010		331.27132	33.44286	332.44	m	11.97	4.365		0.322
HD 337707	HIP 94105	287.34717	26.35466	332.46	m	9.003	1.394	A0	0.12
HD 108098	HIP 60651	186.46905	-74.18561	332.53	m	9.785	2.176	A1MA4-F0	0.456
HD 24885	HIP 18578	59.64772	31.40843	332.54	m	9.197	1.588	A0	0.179
HD 143056	HIP 78415	240.13071	-52.26469	332.54	m	9.035	1.426	G8/K0 III	1.359
HD 66609	HIP 39858	122.14199	64.33382	332.55	m	9.343	1.734	A5	0.404
HD 193502	HIP 100433	305.50816	-38.07936	332.59	m	9.827	2.217	G5 V	0.842
HD 233968	HIP 61918	190.3548	50.24456	332.59	m	9.154	1.544	K0	1.348
HD 35733	HIP 25460	81.67557	-4.19218	332.6	m	9.675	2.065	A0/1 V + B9/A1 V	0.084
HD 121915	HIP 68354	209.8763	-44.28561	332.63	m	9.625	2.015	F0 IV/V	0.403
HD 190343	HIP 98840	301.08035	6.73263	332.64	m	9.074	1.464	F2	0.466
HD 31831	HIP 23149	74.71637	-3.80047	332.65	m	9.519	1.909	A0/1 V	0.072
HD 127699	HIP 71447	219.17229	-71.08305	332.66	m	9.085	1.475	K0 II	1.397
HIP 51132		156.68813	22.44405	332.67	m	10.93	3.315	G0	0.457
HD 214293	HIP 111752	339.56591	-53.95154	332.7	m	9.063	1.453	G8 III	1.207
HD 194268	HIP 100740	306.36567	-21.15733	332.72	m	9.148	1.538	K1/2 III	1.463
HD 190663	HIP 99006	301.49822	1.78161	332.74	m	9.05	1.44	A2 III	0.239
HIP 102918		312.75704	46.04014	332.74	m	9.23	1.619	A0IB	0.106
HD 178440	HIP 94180	287.60074	-39.18664	332.84	m	9.184	1.573	K2 III	1.614
HIP 50295		154.03961	49.87006	332.91	m	10.58	2.965	G0	0.66
HIP 47246		144.45611	-31.81393	332.91	m	9.481	1.869	G5	0.989
HD 245983	HIP 26583	84.76408	5.26405	332.92	m	10.48	2.868	F2	0.504
HIP 110756		336.57332	43.13461	332.93	m	9.919	2.307	A5	0.41
HD 174075	HIP 92531	282.85068	-50.42014	332.93	m	10.07	2.462	G8 IV/V	1.013
HD 238839	HIP 89464	273.86603	59.90909	332.94	m	9.275	1.663	F0	0.408
HIP 52322		160.36389	74.51688	333.02	m	9.729	2.117	F0	0.44
HD 119496	HIP 66935	205.76556	29.67875	333.03	m	9.061	1.449	A 2 V	0.1
HIP 113278		344.0763	-59.52486	333.13	m	10.82	3.203	G2	0.663
HD 16402	HIP 12223	39.34463	-16.53889	333.17	m	9.926	2.313	F2 V	0.393
HIP 53185		163.18548	1.7432	333.24	m	9.124	1.51	K0	1.098
HIP 81943		251.07549	-0.5602	333.25	m	10.22	2.609		0.683
HIP 45665		139.62447	25.20903	333.27	m	10.07	2.452	A3	0.334
HD 96027	HIP 54224	166.41822	62.6186	333.28	m	10.55	2.939	G5	0.504
HD 222117	HIP 116619	354.50297	-30.55834	333.29	m	9.099	1.485	G8 IV	1.086
HIP 62617		192.45838	-38.51326	333.3	m	12.81	5.197	Gp...	
HD 164915	HIP 88603	271.36508	-42.63784	333.33	e	9.198	1.584	F3 V	0.426
HIP 67660		207.94303	9.15136	333.36	m	10.39	2.772	G5	0.968
HD 166336	HIP 89079	272.69827	-12.99126	333.36	m	10.05	2.438	K5	1.605
HD 341037	HIP 102534	311.67383	26.36203	333.41	m	9.474	1.859	F0	0.249
HD 42323	HIP 29192	92.36544	-15.11443	333.46	m	9.171	1.556	B(9) (V)	0.094
HIP 6062		19.45009	-32.03164	333.47	m	10.59	2.971	F0	0.437
HD 22548	HIP 16911	54.39833	-0.31503	333.52	m	9.937	2.321	F0 V	0.452
HD 185985	HIP 96890	295.43178	4.72856	333.53	m	9.109	1.493	K1 III	1.492
HIP 48601		148.67511	47.99222	333.56	m	9.863	2.247	F5	0.606
HD 13478	HIP 10302	33.18608	39.644	333.57	m	9.005	1.389	K0	1.346
HD 256847	HIP 30571	96.39108	22.51638	333.57	m	9.547	1.931	G0	0.484
HD 38560	HIP 27306	86.77991	9.53524	333.6	m	9.033	1.417	A3	0.17
HD 140539	HIP 77080	236.0866	-3.01231	333.61	m	9.039	1.423	G8 IV	1.324
HD 40695	HIP 28548	90.39564	25.4882	333.64	m	9.006	1.39	G0	0.578
HD 183447	HIP 95892	292.53544	-15.30802	333.64	m	9.569	1.953	FM DELTA DEL	0.671
HD 69710	HIP 40515	124.07675	-44.34348	333.68	m	9.09	1.473	B8/9 V	0.012
HIP 74779		229.24158	-30.36739	333.71	m	9.497	1.88	K0	1.607
HD 37928	HIP 26837	85.4792	-4.46481	333.72	m	9.796	2.179	A8/9 (IV)	0.425
HIP 14625		47.22248	-52.50261	333.72	m	9.481	1.864	G8	1.201
HIP 35389		109.63692	17.89488	333.73	m	9.687	2.07	A	0.221
HD 179441	HIP 94357	288.08111	9.32291	333.76	m	9.543	1.926	A0	0.371
HD 181303	HIP 94983	289.91382	8.18986	333.76	m	9.286	1.669	A0	0.185
HD 94175	HIP 53280	163.45009	66.82133	333.79	m	9.326	1.709	F2	0.326
HD 159228	HIP 85946	263.48753	-11.03536	333.8	m	9.615	1.998	G8/K0	1.618
HD 214346	HIP 111624	339.19747	44.23248	333.85	m	10.15	2.534	A0	0.398
HD 106403	HIP 59688	183.60859	-13.0137	333.86	m	9.074	1.456	F5 V	0.531
HIP 57742		177.61526	-51.26434	333.88	m	10.62	3.004	F5	0.408
HD 144508	HIP 79155	242.33435	-58.50424	333.91	m	9.137	1.519	K1/2 (III)	1.46
HD 55705	HIP 35066	108.76455	26.00463	333.95	m	9.401	1.783	A	0.252
HIP 49930		152.90901	40.20676	333.95	m	9.622	2.004	F2	0.411
HIP 56549		173.92461	36.51739	333.97	m	10.45	2.827	F2	0.446
HD 35911	HIP 25595	82.04443	2.37647	333.98	m	9.145	1.526	A4/5 (V) + (G/K)	0.39
HD 34128	HIP 24794	79.73144	60.24864	333.99	m	9.158	1.539	A2	0.381
HD 46672	HIP 31839	99.84781	64.62474	334.01	m	9.25	1.631	A0	0.139
HIP 28995		91.77244	79.19694	334.01	m	9.167	1.548	K0	1.289
HIP 100842		306.69764	-31.34905	334.03	m	10.16	2.537	G2	0.488
HD 191971	HIP 99636	303.32191	-22.05962	334.05	m	9.189	1.57	A5/7MF0-F3	0.596
HD 122528	HIP 68954	211.72746	-76.0721	334.1	m	9.088	1.469	A5 IV	0.326
HD 206961	HIP 108469	329.6036	-84.43547	334.11	m	9.083	1.464	K1 III	1.513
HD 239887	HIP 109626	333.1098	60.46619	334.12	m	9.23	1.61	A5	0.301
HD 222457	HIP 116839	355.23675	-44.77087	334.15	m	10.18	2.556	F5 V	0.486
HD 78219	HIP 44690	136.60699	-22.92486	334.16	m	9.402	1.782	A3 V	0.278
HD 95293	HIP 53670	164.71077	-63.40996	334.17	m	9.849	2.229	F3/6 IV/V	0.674
HD 187198	HIP 97577	297.49697	-32.01883	334.18	m	9.14	1.52	G8/K0 III	1.25
HD 34022	HIP 24391	78.49598	-10.37798	334.19	m	9.32	1.7	K1/2 III	1.501
HIP 109215		331.8774	14.1353	334.2	m	10.54	2.924	G5	0.646
HIP 51040		156.40851	67.62871	334.24	m	10.73	3.11	F8	0.684
HD 158771	HIP 85708	262.71754	6.99158	334.25	m	9.517	1.897	A3	0.361
HIP 27738		88.08614	35.06217	334.27	m	9.73	2.11	F8	0.562
HIP 20055		64.50496	80.23673	334.3	m	10.24	2.615	K0	1.222
HD 224653	HIP 118300	359.92501	-51.62085	334.31	m	9.545	1.924	A3/5 IV/V(N)	0.281
HD 98213	HIP 55070	169.1197	-72.24127	334.31	m	9.598	1.977	F0/2 IV	0.615
HD 118002	HIP 66184	203.47526	15.53624	334.32	m	9.352	1.731	K2	1.264
HD 186718	HIP 97249	296.4778	5.84604	334.34	m	9.034	1.413	G5	1.364
HIP 72234		221.58386	14.76451	334.35	m	10.72	3.103	F5	0.237
HD 68331	HIP 40187	123.13279	18.51686	334.36	m	9.076	1.455	K2	1.143
HD 207999	HIP 108125	328.58136	-39.93726	334.37	m	9.248	1.627	K1/2 IIICNII	0.977
HIP 71088		218.06751	14.83384	334.42	m	10.85	3.23	F8	0.657
HIP 28704		90.94162	72.45422	334.42	m	9.063	1.442	G5	1.134
HD 166484	HIP 89199	273.05607	-32.28177	334.44	m	9.002	1.38	K1 III + A/F	1.177
HIP 29621		93.62991	64.96895	334.45	e	9.814	2.192	A5	0.349
HD 213365	HIP 111267	338.13167	-62.7371	334.45	m	9.217	1.595	G8 III	1.253
HD 232828	HIP 17410	55.94769	53.52761	334.48	m	9.352	1.73	A0	0.63
HD 207011	HIP 107565	326.78907	-40.97681	334.49	m	10.25	2.626	F0 V	0.522
HIP 40946		125.34603	39.38922	334.52	m	10.5	2.88	F5	0.545
HD 161679	HIP 87050	266.79973	-8.55719	334.53	m	9.863	2.241	B9 V	0.424
HD 100349	HIP 56312	173.17453	-27.91847	334.56	m	9.255	1.633	K2 III	1.491
HIP 88921		272.26178	35.17507	334.64	m	9.696	2.073	F2	0.404
HD 87079	HIP 49217	150.69984	1.09454	334.64	m	10	2.38	F3/5 V	0.455
HD 206922	HIP 107192	325.68025	64.66563	334.7	m	9.071	1.448	A0	0.173
HIP 58958		181.34415	6.23128	334.71	m	10.27	2.644	G0	0.65
HD 349287	HIP 91878	280.95693	19.81726	334.73	m	9.507	1.884	A5	0.355
HD 352826	HIP 102000	310.05398	17.5181	334.79	m	9.165	1.541	A0	0.054
HIP 35351		109.53326	45.64315	334.85	m	10.37	2.75	F8	0.571
HIP 1505		4.68699	68.78094	334.86	m	9.855	2.231	B8	0.374
HD 243837	HIP 25534	81.90409	19.30375	334.88	m	10.01	2.381	F0	0.424
HD 131694	HIP 73014	223.82304	-4.37227	334.91	m	9.664	2.039	F3/5 V	0.536
HIP 68974		211.81682	25.09147	334.93	m	10.82	3.191	F8	0.611
HIP 19936		64.14354	56.57053	334.98	m	10.33	2.707	A0	0.325
HD 142272	HIP 77863	238.48868	-12.11021	334.99	m	9.791	2.166	K1 III/IV	1.537
HIP 95688		291.94587	65.27413	335.02	m	10.29	2.663	F8	0.484
HIP 65978		202.91055	-50.79069	335.09	m	10.36	2.737	F8	0.497
HD 249218	HIP 28072	89.02375	29.01933	335.1	m	9.483	1.857	B8	0.268
HIP 51398		157.46763	15.17446	335.11	m	10.31	2.681	F8	0.562
HD 62258	HIP 37662	115.91447	16.27791	335.16	m	9.408	1.782	A0	0.025
HIP 39097		119.97457	49.51004	335.17	m	11.43	3.806	F8	
HIP 582		1.77286	62.39273	335.23	m	9.505	1.878	A 0 V	0.212
HIP 52808		161.9422	48.88745	335.25	m	10.46	2.834	F8	0.495
HD 155693	HIP 84575	259.3356	-63.17443	335.28	m	9.136	1.509	K1/2 III	1.398
HIP 42473		129.88579	-0.53692	335.33	m	9.865	2.238	K0	1.141
HD 279484	HIP 19566	62.86819	37.80313	335.37	m	9.155	1.527	K0	1.262
HIP 114068		346.5306	-44.64633	335.37	m	10.93	3.302	F8	0.466
HD 173801	HIP 92182	281.82087	-1.76434	335.39	m	10.43	2.799	A9/F0 (III)	0.436
HD 195795	HIP 101468	308.45348	-12.71823	335.4	m	9.756	2.128	F5 V	0.523
HD 232761	HIP 14854	47.96023	54.62389	335.41	m	10.74	3.108	A3	0.532
HIP 42347		129.50302	70.82661	335.42	m	11.06	3.436		0.577
HIP 78737		241.10606	36.4154	335.45	m	9.881	2.253	F5	0.461
HD 69298	HIP 40389	123.69004	-39.76139	335.45	m	9.147	1.519	A3 IV/V	0.185
HIP 53402		163.83499	-35.50647	335.51	m	9.503	1.874		0.271
HD 88142	HIP 49676	152.11418	-53.09433	335.52	m	9.158	1.529	F0/2 III	0.421
HIP 6829		21.96872	48.61134	335.55	m	9.599	1.97	A0	0.14
HD 144396	HIP 78919	241.6625	-26.41712	335.56	m	9.331	1.702	A1MA7-F0	0.46
HIP 74679		228.93552	-6.39871	335.58	m	9.646	2.017	F2	0.469
HD 93700	HIP 52930	162.37351	21.69439	335.59	m	9.093	1.464	A0	0.243
HD 151191	HIP 82063	251.44452	2.88767	335.67	m	9.879	2.249	A0 III	0.337
HD 298679	HIP 48409	148.04593	-51.83468	335.68	m	10.03	2.402	F8	0.547
HD 72837	HIP 41942	128.25867	-48.4156	335.68	m	9.088	1.458	A0 V	0.128
HD 168011	HIP 89563	274.13722	30.18617	335.72	m	9.204	1.574	A0	0.046
HD 217967	HIP 113892	345.97995	40.8749	335.75	m	9.211	1.581	A5	0.222
HD 128039	HIP 71172	218.34775	44.33163	335.77	m	9.284	1.654	A 0 V	0.22
HIP 3772		12.10809	-27.53697	335.82	m	10.58	2.951	F8	0.568
HD 33819	HIP 24297	78.20839	-1.56371	335.85	m	9.457	1.826	A0 V	0.053
HD 127440	HIP 71126	218.17512	-43.25094	335.86	m	9.661	2.03	G8 IV/V	0.951
HD 163509	HIP 87806	269.05686	6.7731	335.87	m	9.03	1.399	K0	1.307
HD 145255	HIP 79424	243.14304	-52.90449	335.99	m	9.217	1.585	K2 III	1.541
HD 43658	HIP 29784	94.06486	-26.58265	336.03	m	9.256	1.624	A7 V	0.28
HIP 15226		49.07291	31.92583	336.06	m	9.053	1.421	K0	1.877
HIP 25159		80.75327	27.04901	336.07	m	11.68	4.047	F0	1.176
HIP 72512		222.39547	-44.29226	336.07	m	9.876	2.244	G5	1.235
HIP 4634		14.86705	61.70728	336.09	m	9.234	1.602	G 8 III	1.352
HD 69821	HIP 40574	124.25306	-43.09329	336.1	m	9.086	1.454	A1 V	0.127
HD 354833	HIP 99020	301.53471	15.2057	336.15	m	9.466	1.833	F0	0.49
HD 172290	HIP 91447	279.75982	9.86354	336.19	m	9.278	1.645	A5	0.281
HD 72287	HIP 41591	127.18591	-61.09258	336.19	m	9.054	1.421	F3 V	0.482
HD 84683	HIP 47986	146.70965	-3.99842	336.24	m	9.616	1.983	A5 IV/V	0.265
HD 157794	HIP 85411	261.8035	-39.48606	336.36	m	9.49	1.856	F0 V	0.478
HD 219574	HIP 114890	349.07908	50.02794	336.39	m	9.199	1.565	A0	0.267
HD 132372	HIP 73272	224.63233	12.96918	336.4	m	10.14	2.509	G0	0.535
HIP 54484		167.20217	28.09727	336.5	m	10.75	3.117	F5	0.359
HD 27301	HIP 19967	64.22276	-40.07694	336.51	m	9.817	2.182	G8/K1 III/V	1.197
HIP 3916		12.56756	-9.90629	336.53	m	9.648	2.013	K2	1.192
HD 170611	HIP 90933	278.24184	-50.8799	336.53	m	9.545	1.91	A9 V	0.446
HD 180837	HIP 95041	290.07445	-48.02927	336.53	m	9.586	1.951	F2 V	0.435
HIP 15810		50.91567	8.83889	336.55	m	10.72	3.084	F8	0.598
HIP 27616		87.70933	-10.19992	336.57	m	9.615	1.98	F2	0.475
HIP 2077		6.55697	25.87237	336.59	m	9.323	1.688	A2	0.408
HIP 82696		253.56032	6.675	336.6	m	11.17	3.53	G5	0.783
HD 99163	HIP 55729	171.27688	43.21597	336.64	m	9.041	1.405	G5	1.274
HIP 5377		17.19551	47.04334	336.67	m	9.067	1.431	K2	1.405
HIP 1423		4.45113	-6.18827	336.71	m	10.1	2.459		0.316
HD 197747	HIP 102522	311.64752	-28.81797	336.74	m	9.563	1.927	A2/3 II	0.282
HIP 109326		332.23205	-32.60057	336.78	m	10.6	2.967	G2	0.812
HD 65668	HIP 39093	119.96131	0.47986	336.79	m	9.147	1.51	A0/1 V	0.091
HD 144706	HIP 78972	241.82123	-1.62526	336.79	m	9.092	1.455	K0/1 III	1.431
HD 211026	HIP 109885	333.83018	-46.77832	336.8	m	9.22	1.583	K1 III	1.292
HIP 12395		39.89763	80.10849	336.81	m	9.074	1.437	A0	0.21
HD 3006	HIP 2669	8.45452	52.86573	336.83	m	9.108	1.471	A0	0.005
HD 43978	HIP 30635	96.58118	72.58116	336.86	m	9.182	1.545	A0	0.123
HIP 41384		126.64152	-39.27306	336.87	m	9.608	1.971	K0	0.98
HD 5630	HIP 4505	14.4325	-26.2229	336.88	m	10.03	2.389	F2 V	0.339
HD 2869	HIP 2523	7.99437	-13.30943	336.92	m	9.2	1.562	K1/2 III	1.541
HD 213970	HIP 111530	338.93908	-37.44024	336.93	m	9.508	1.87	K2 III	1.399
HIP 116130		352.96437	32.8218	336.93	m	9.671	2.033	F2	0.474
HIP 42554		130.10954	44.90509	336.95	m	9.591	1.953	F2	0.48
HIP 69600		213.68054	24.78499	336.97	m	9.694	2.056	F8	0.286
HD 50120	HIP 32833	102.66702	-25.42185	336.98	m	9.234	1.596	F3 IV/V	0.458
HIP 56751		174.52471	40.77618	336.99	m	10.42	2.78	F8	0.521
HIP 11101		35.72809	69.05518	337.02	m	9.668	2.03	B8	0.322
HD 234200	HIP 73463	225.21435	52.40188	337.12	m	9.295	1.656	F0	0.355
HIP 45442		138.90775	-10.4882	337.14	m	10.05	2.412	G5	0.575
HD 131215	HIP 72904	223.50359	-49.47795	337.15	m	9.357	1.718	F0 IV/V	0.464
HD 1984	HIP 1883	5.94152	-49.93907	337.16	m	9.901	2.262	F6 V	0.525
HIP 62192		191.20236	25.49781	337.2	m	11.01	3.366	G0	0.426
HIP 41838		127.93916	64.75855	337.23	m	9.788	2.148	A0	0.238
HD 285238	HIP 18506	59.35607	18.69199	337.25	m	10.53	2.892	G0	0.642
HD 196686	HIP 103235	313.71473	-83.85403	337.26	m	9.999	2.359	F0 V	0.524
HD 239775	HIP 107725	327.33744	56.55915	337.27	m	9.456	1.816	K5	1.355
HIP 73471		225.23971	31.3718	337.28	m	10.55	2.908	G5	0.872
HIP 37497		115.44216	-13.39384	337.29	m	9.594	1.954	F2	0.445
HD 35790	HIP 25511	81.83578	2.21586	337.33	m	9.175	1.535	A0 V	0.055
HD 331491	HIP 98063	298.93701	32.48745	337.34	m	9.845	2.205	F8	0.586
HD 133211	HIP 73621	225.73635	13.97892	337.42	m	10.88	3.238	F8	0.415
HIP 90471		276.91102	-75.24544	337.42	m	12.29	4.645	Gp	0.397
HD 208144	HIP 108112	328.55944	4.31157	337.45	m	9.078	1.437	F2 V	0.503
HD 175725	HIP 92967	284.09938	9.16268	337.46	m	9.253	1.612	A0	0.108
HD 13820	HIP 10429	33.59088	-10.67021	337.56	m	9.012	1.37	F5 V	0.552
HD 41797	HIP 28953	91.66554	-13.42568	337.58	m	9.03	1.388	A1 IV	0.219
HIP 101956		309.90573	-10.57168	337.58	m	10.78	3.138		0.709
HD 17816	HIP 13548	43.62149	62.87582	337.58	m	9.034	1.392	A0	0.161
HD 11279	HIP 8510	27.43628	-44.80314	337.59	m	9.339	1.697	G8 III/IV	1.032
HD 134046	HIP 73997	226.82977	19.86073	337.59	m	9.088	1.446	K5	1.656
HD 239457	HIP 101652	309.08794	56.08834	337.61	m	9.848	2.206	K2	1.362
HD 121548	HIP 68063	209.03971	-6.49488	337.76	m	9.456	1.813	K1 III	1.246
HIP 25104		80.6319	-29.7214	337.84	m	10.04	2.398	G	0.557
HIP 92735		283.45828	-30.42133	337.86	m	12.6	4.951	Gp	
HD 238148	HIP 61857	190.16415	56.79766	337.89	m	10.62	2.973	F8	0.494
HIP 43216		132.06278	49.59563	337.93	m	10.58	2.939	F5	0.476
HD 128514	HIP 71547	219.50291	-27.66812	337.95	m	10.31	2.67	F3 V	0.494
HD 216962	HIP 113308	344.20157	40.23794	337.96	m	9.351	1.707	A3	0.253
HD 233397	HIP 36438	112.47766	51.63827	337.97	m	9.026	1.382	G5	1.106
HIP 109847		333.71174	16.65434	338.05	m	9.545	1.9	K 0 V	1.146
HD 114480	HIP 64299	197.68222	13.02116	338.12	m	10.13	2.485	F5	0.227
HD 140779	HIP 77225	236.51528	-18.17128	338.13	m	9.676	2.031	F7 V	0.627
HD 130951	HIP 72619	222.71638	4.3725	338.14	m	9.901	2.256	F5/6 V	0.488
HD 220654	HIP 115608	351.29015	47.19448	338.18	m	9.25	1.604	A0	0.107
HIP 91495		279.89686	-7.28566	338.18	m	9.823	2.177	G5	1.466
HD 168033	HIP 89890	275.12548	-49.91125	338.19	m	9.102	1.456	A8 V	0.34
HD 119870	HIP 67224	206.62843	-32.7361	338.21	m	9.048	1.402	K0 III	1.212
HIP 70641		216.74267	30.16516	338.25	m	9.575	1.929	A2	0.318
HD 106560	HIP 59771	183.84573	1.49213	338.25	m	9.651	2.005	A1/2mA5-F0	0.297
HD 15724	HIP 11674	37.65165	-38.21419	338.27	m	9.452	1.806	K0 III	1.204
HD 189121	HIP 98472	300.08629	-44.68059	338.31	m	9.201	1.554	F3/5 V	0.462
HD 57639	HIP 35580	110.13589	-36.91726	338.35	m	9.541	1.894	G5 V	0.934
HD 165064	HIP 88643	271.46779	-37.82046	338.4	m	10.01	2.367	F2/3 IV/V	0.567
HD 179646	HIP 94710	289.08047	-54.67258	338.46	m	10.33	2.682	A2MF0-F0	0.318
HD 145438	HIP 79324	242.84017	-11.76807	338.5	m	9.403	1.755	A0 V	0.252
HD 40611	HIP 28266	89.58745	-35.66459	338.53	m	9.666	2.018	A8/9 V	0.371
HIP 56438		173.56135	-72.92711	338.53	m	11.58	3.929	Fp	0.813
HIP 54246		166.46504	0.60753	338.58	m	9.391	1.743	A2	0.302
HD 196525	HIP 101783	309.42716	12.43871	338.58	m	9.487	1.839	A0	0.186
HD 55325	HIP 34638	107.61824	-42.78327	338.62	m	9.712	2.063	A1 V	0.141
HD 20223	HIP 15007	48.35708	-43.36543	338.67	m	9.344	1.695	A9 V	0.356
HIP 74997		229.86881	6.10829	338.67	m	10.13	2.483	F5	0.547
HD 270119	HIP 27186	86.42984	-67.86442	338.71	m	9.228	1.579	K 0 III	1.289
HIP 76266		233.66727	34.12222	338.72	m	9.609	1.96	A5	0.364
HD 235264	HIP 101231	307.79586	55.3208	338.72	m	9.298	1.649	B9	0.118
HD 13718	HIP 10457	33.69465	41.90576	338.78	m	9.042	1.392	K0	1.037
HIP 23817		76.79043	-18.30218	338.79	m	10.03	2.378	F6	0.402
HIP 26133		83.5895	-11.76547	338.8	m	9.316	1.666	A2	0.246
HIP 85232		261.24396	-15.35273	338.82	m	9.642	1.992	K5	1.773
HD 22244	HIP 16679	53.65755	-10.79492	338.89	m	9.041	1.391	K2/3 III	1.511
HIP 6131		19.67388	-22.27335	338.95	m	10.61	2.956	G0	0.392
HIP 10293		33.14358	-24.02595	339	m	10.46	2.81	G0	0.616
HD 34814	HIP 24868	79.96618	-7.13261	339.02	m	9.101	1.45	A0	-0.009
HD 212459	HIP 110612	336.138	-8.10656	339.05	m	9.769	2.118	F5/6 V	0.575
HD 135366	HIP 74619	228.69475	-4.65205	339.07	m	9.472	1.821	F6 V	0.658
HIP 79423		243.14098	56.47662	339.08	m	10.71	3.058	F5	0.35
HD 7494	HIP 5835	18.70767	-13.74777	339.09	m	9.702	2.05	F0 V	0.389
HD 34080	HIP 24508	78.85744	15.63012	339.13	m	9.108	1.456	A 0 V	0.176
HIP 38763		119.03206	-1.87623	339.15	m	9.722	2.07	F 6 V	0.62
HD 287841	HIP 25299	81.17834	1.73006	339.21	m	10.21	2.557	A5III:	0.304
HIP 65482		201.31717	26.07263	339.24	m	10.38	2.728	F8	0.532
HIP 52897		162.2814	14.70161	339.24	m	9.628	1.975	F2	0.459
HD 144240	HIP 78922	241.66694	-43.17066	339.25	m	9.216	1.563	K0/1 III	1.47
HIP 40198		123.16431	7.30597	339.25	m	9.282	1.629	K0	1.307
HD 74352	HIP 42733	130.6276	-32.34225	339.26	m	10.12	2.47	F2 V	0.387
HD 4651	HIP 3679	11.77053	-72.8255	339.28	m	9.842	2.189	F3 V(P)	0.506
HD 234277	HIP 78427	240.15882	51.9474	339.3	m	9.608	1.955	K2	1.193
HD 160155	HIP 86058	263.81786	55.0034	339.3	m	9.048	1.395	A0	0.383
HD 36203	HIP 25744	82.4541	-7.64314	339.34	m	9.202	1.549	A1 IV	0.162
HD 338872	HIP 97313	296.65077	27.15818	339.35	m	9.028	1.375	F0	0.263
HIP 105270		319.84533	15.02517	339.35	m	10.62	2.964	F5	0.492
HD 29981	HIP 21925	70.7167	-17.82686	339.38	m	9.23	1.577	F0 V	0.358
HIP 89667		274.47105	32.03326	339.41	m	9.703	2.049	K2	1.368
HD 7124	HIP 5519	17.66871	-49.626	339.43	m	9.539	1.885	A4 V	0.241
HD 135979	HIP 74872	229.52324	0.80866	339.45	m	9.043	1.389	K2/3 IIICNII	1.505
HIP 117317		356.82643	-8.0867	339.49	m	10.47	2.816	F0	0.548
HIP 17109		54.9732	47.38385	339.51	m	10.85	3.197		0.691
HIP 87605		268.4376	28.95443	339.52	m	9.466	1.812	F0	0.352
HD 18903	HIP 14183	45.72318	17.56556	339.56	m	9.02	1.365	F5	0.492
HD 152991	HIP 83060	254.58409	-35.68896	339.63	m	9.192	1.537	K2/3	2.169
HD 140105	HIP 76980	235.77344	-31.09118	339.65	m	9.586	1.931	A2 IV/V	0.538
HD 32097	HIP 23300	75.17316	0.43624	339.68	m	9.395	1.74	A3 V	0.203
HD 101347	HIP 56880	174.90871	-32.59901	339.69	m	9.124	1.469	K0 III	1.092
HD 43592	HIP 29799	94.10914	-15.03694	339.69	m	10.08	2.421	F3 V	0.496
HD 26892	HIP 19530	62.76575	-63.16058	339.69	m	9.26	1.605	FM DELTA DEL	0.445
HIP 2443		7.76986	-23.48757	339.7	m	10.77	3.117	G0	0.43
HD 115220	HIP 64757	199.07322	-38.36764	339.71	m	9.673	2.017	G2 IV/V	0.695
HIP 111999		340.28628	63.11518	339.74	m	9.646	1.99	A0	0.253
HD 141023	HIP 77205	236.46353	26.60197	339.78	m	9.711	2.055	A3	0.358
HIP 17615		56.60666	3.75458	339.79	m	10.23	2.573	G5	1.064
HD 88194	HIP 49824	152.56418	4.62598	339.79	m	9.37	1.714	A3	0.35
HIP 105175		319.59439	-34.93648	339.81	m	10.54	2.889	F2	0.4
HD 71040	HIP 41126	125.87061	-43.46417	339.82	m	9.12	1.464	G6 III	1.18
HD 232725	HIP 13574	43.71448	54.537	339.83	m	9.611	1.955	A7	0.431
HD 11029	HIP 8390	27.05794	-9.2404	339.86	m	9.042	1.386	G8 IV	1.022
HD 297490	HIP 46369	141.8236	-50.35673	339.87	m	10.69	3.03	F8	0.88
HIP 42660		130.42188	12.1757	339.93	m	9.779	2.122	K	1.048
HD 34775	HIP 24854	79.92083	-6.1154	339.99	m	9.932	2.275	A1 IV	0.199
HD 88501	HIP 50009	153.14202	10.29749	340.01	m	9.451	1.794	A3	0.346
HD 172198	HIP 91573	280.1018	-36.09656	340.02	m	9.126	1.468	F3 V	0.551
HD 216765	HIP 113093	343.54991	65.37979	340.06	m	9.084	1.426	A0	0.209
HIP 87133		267.04603	-46.50392	340.14	e	10.4	2.746	F8	0.672
HD 33010	HIP 23791	76.68363	-14.44457	340.21	m	9.286	1.627	A0 V	0.115
HIP 113013		343.30346	49.34896	340.22	m	9.244	1.585	A0	0.177
HD 167353	HIP 89427	273.76782	-6.78099	340.24	m	9.158	1.499	K5	2.694
HIP 102473		311.48603	60.60211	340.25	m	9.704	2.045	A0	0.152
HIP 44928		137.27671	2.20706	340.3	m	9.385	1.726	A2	0.33
HD 150668	HIP 81868	250.81815	-18.45831	340.3	m	9.165	1.506	K0/1 III	1.661
HD 12406	HIP 9425	30.26902	-25.14897	340.43	m	9.746	2.086	F3/6 (V)	0.439
HD 7381	HIP 5706	18.35069	-32.82087	340.46	m	9.224	1.564	G5/8 (III)	1.279
HIP 52406		160.6758	29.39803	340.47	m	11.08	3.422	G	0.615
HIP 98833		301.0565	-1.67908	340.48	m	10.51	2.848	K0	0.795
HD 33455	HIP 23763	76.61382	-60.85379	340.49	m	9.285	1.625	A1 V	0.07
HD 219946	HIP 115188	349.96042	26.2788	340.49	m	9.756	2.095	M6e-M8e	1.222
HD 155309	HIP 84101	257.89805	-22.32152	340.5	m	9.158	1.497	G5 III	1.324
HD 284053	HIP 23591	76.09208	28.65989	340.52	m	9.455	1.794	K0	1.548
HD 29703	HIP 21722	69.95443	-20.06681	340.55	m	10.41	2.75	A5/8	0.219
HD 281433	HIP 18472	59.217	29.53262	340.55	m	9.669	2.008	A2	0.62
HD 218132	HIP 114020	346.36369	16.19825	340.6	m	9.279	1.618	K0III	1.275
HIP 53431		163.95635	10.12139	340.65	m	9.325	1.663	G5	0.977
HIP 35097		108.87224	78.5091	340.68	m	10.2	2.535	F2	0.357
HD 234005	HIP 63690	195.78654	51.70766	340.69	m	9.147	1.485	K0	1.119
HD 40610	HIP 28282	89.6395	-32.78121	340.7	m	9.416	1.754	F5 IV/V	0.466
HIP 48464		148.22707	32.7647	340.72	m	9.867	2.205	F0	0.357
HIP 107090		325.37078	16.4625	340.73	m	9.334	1.672	K0	1.327
HIP 34098		106.05304	42.62054	340.75	m	10.89	3.233	F5	0.462
HIP 5023		16.09032	4.22693	340.78	m	12.44	4.774	B	-0.508
HD 204289	HIP 106179	322.59366	-63.83191	340.79	m	9.132	1.47	K2 III	1.578
HIP 44595		136.27612	2.94254	340.81	m	9.037	1.374	K0	1.223
HIP 90142		275.94222	16.89971	340.82	m	9.518	1.855	A0	0.222
HD 111055	HIP 62400	191.82724	-63.54958	340.83	m	10.08	2.416	A5/7(M)	0.566
HD 216682	HIP 113098	343.56377	46.93536	340.87	m	10.19	2.53	A0	0.163
HD 248018	HIP 27474	87.2733	9.89331	340.88	m	9.047	1.384	K2	1.382
HIP 43982		134.34437	37.80631	340.9	m	10.84	3.173	F5	0.183
HIP 55354		170.02537	-10.51271	340.92	m	11.82	4.154		
HD 35195	HIP 25152	80.74084	-2.14969	340.93	m	9.125	1.462	B9.5 V	0.102
HD 223680	HIP 117660	357.93042	-44.74727	341	m	10.32	2.654	F2 V	0.501
HD 173975	HIP 92719	283.39506	-67.6724	341.01	m	9.033	1.369	B9.5 V	0.022
HD 160407	HIP 86467	265.0042	-8.67491	341.02	m	9.924	2.26	K0	1.775
HD 180740	HIP 94805	289.36016	7.81999	341.02	m	9.012	1.348	A0	0.222
HD 35658	HIP 25427	81.5679	-3.07608	341.05	m	9.033	1.369	B9.5/A0 V	0.121
HIP 63528		195.26965	44.3419	341.11	m	10.88	3.216	F8	0.48
HD 125570	HIP 70194	215.42986	-49.06151	341.11	m	9.083	1.419	A4 V	0.25
HD 215300	HIP 112272	341.12046	-26.29263	341.26	m	9.079	1.414	K0 II/III	1.124
HIP 16525		53.18972	11.4531	341.34	m	10.69	3.019	F0	0.41
HIP 77882		238.56759	-34.40082	341.35	m	9.594	1.928	G5	1.615
HIP 240		0.74371	9.79522	341.36	m	10.87	3.208	F8	0.603
HD 294145	HIP 25457	81.67133	-5.15672	341.41	m	10.03	2.363	F 1 VN	0.424
HD 153788	HIP 83418	255.75899	-37.40642	341.43	m	9.056	1.389	G8/K0 III	1.221
HD 235722	HIP 109131	331.58953	51.86897	341.52	m	9.172	1.505	K7	1.34
HD 2531	HIP 2251	7.16989	-55.73941	341.52	m	9.822	2.155	F0 V	0.335
HD 130984	HIP 72320	221.83907	68.23026	341.56	m	9.703	2.036	K0	0.372
HD 34534	HIP 24950	80.1629	46.95735	341.58	m	9.207	1.54	A	0.163
HIP 93641		286.03165	-41.42833	341.59	m	10.28	2.61	F0	0.422
HD 80252	HIP 45500	139.07107	-58.30232	341.59	m	9.8	2.132	A1 V	0.143
HIP 32556		101.89566	37.03053	341.64	m	10.43	2.759	F5	0.617
HD 78478	HIP 44941	137.30968	23.50491	341.65	m	9.202	1.534	A0	0.051
HD 232768	HIP 15167	48.87673	51.51782	341.66	m	9.803	2.135	K5	0.602
HIP 75807		232.29249	-6.97345	341.66	m	11.75	4.084		
HIP 19164		61.64146	72.03499	341.71	m	9.358	1.69	G0	0.466
HD 213671	HIP 111453	338.67483	-61.12496	341.73	m	9.238	1.57	K0 III	1.259
HD 221535	HIP 116304	353.4721	-72.09545	341.75	m	9.264	1.595	A9/F0 IV/V	0.377
HIP 101075		307.34802	60.96775	341.76	m	9.458	1.789	A0	0.174
HD 21786	HIP 16429	52.882	25.72158	341.76	m	9.112	1.443	A2	0.26
HIP 48578		148.61609	70.68933	341.77	m	11.34	3.666	G5	0.731
HD 138888	HIP 76335	233.88346	-17.57387	341.79	m	9.134	1.465	G8/K0 (IV)	1.214
HD 16885	HIP 12644	40.61231	-1.32145	341.82	m	10.07	2.397	F2/3 (IV)	0.428
HD 161200	HIP 86772	265.96435	7.83481	341.86	m	9.03	1.361	A0	0.276
HIP 10932		35.19885	-23.71144	341.89	m	10.71	3.038	F8	0.581
HD 33472	HIP 23979	77.30686	-28.04683	341.9	m	9.327	1.657	K2/3 III	1.558
HD 344956	HIP 97193	296.31006	20.85636	341.91	m	9.14	1.47	A0	0.026
HD 32925	HIP 23759	76.60044	-6.31398	341.93	m	9.249	1.579	A0 III	0.353
HD 208069	HIP 108132	328.60836	-30.25702	341.93	m	9.311	1.641	G(5/8)WF0	0.807
HD 244042	HIP 25591	82.0402	3.62316	341.96	m	9.492	1.822	A3	0.135
HD 117008	HIP 65605	201.77388	21.57137	341.97	m	9.28	1.61	A3	0.178
HD 147296	HIP 80169	245.47947	-21.47824	341.98	m	10.15	2.482	F2 IV/V	0.556
HD 238062	HIP 58673	180.45754	54.87096	341.99	m	9.204	1.534	K0	1.177
HD 2028	HIP 1920	6.06356	-48.58882	342.05	m	10.38	2.71	F5/6 V	0.542
HIP 61105		187.84723	-49.49249	342.05	m	9.992	2.322	G5	0.577
HD 205840	HIP 106817	324.5094	-0.75882	342.06	m	9.43	1.759	A1 V	0.146
HD 151400	HIP 82338	252.36369	-48.45239	342.08	m	9.086	1.415	B9 V	0.089
HD 127659	HIP 71364	218.91671	-66.70547	342.12	m	9.357	1.686	F0W(A5)	0.371
HIP 69197		212.49376	23.85287	342.13	m	9.005	1.334	K0	1.184
HD 101155	HIP 56764	174.56586	-18.92627	342.15	m	9.31	1.639	K2 III	1.33
HD 156263	HIP 84333	258.62163	43.51182	342.2	m	9.519	1.848	A3	0.348
HD 112233	HIP 63025	193.73684	27.99288	342.22	m	9.58	1.908	F 0 V	0.3
HIP 60196		185.16962	29.53358	342.24	m	10.29	2.613	F8	0.721
HD 170834	HIP 90849	277.99988	-11.6493	342.24	m	9.428	1.756	B9 IV	0.336
HD 153865	HIP 83310	255.39022	12.57655	342.3	m	9.015	1.343	K0	1.061
HD 222802	HIP 117061	355.97545	-43.60069	342.3	m	9.442	1.77	A2/3 V	0.157
HD 114016	HIP 64046	196.89315	12.27345	342.32	m	9.252	1.58	G5	1.062
HD 285527	HIP 19362	62.21945	14.54674	342.33	m	10.25	2.577	F5	0.858
HD 283585	HIP 20427	65.64478	26.33132	342.33	m	10.5	2.828	K 2 III	1.335
HIP 112543		341.92962	66.87333	342.38	m	9.015	1.342	A5	0.397
HD 2979	HIP 2589	8.22167	-22.69343	342.42	m	10.77	3.095	F7/8 (V)	0.527
HD 170001	HIP 89989	275.40955	68.91489	342.43	m	9.442	1.769	K0	0.438
HIP 63542		195.31617	17.79469	342.47	e	9.907	2.234	F8	0.583
HD 146467	HIP 80520	246.56968	-78.56529	342.51	m	9.219	1.546	K0 III	1.35
HD 146623	HIP 79821	244.3754	-6.68791	342.59	m	9.712	2.038	F0 V	0.59
HD 288080	HIP 26305	84.02679	1.82925	342.59	m	9.082	1.408	A2	0.253
HD 171466	HIP 91134	278.84749	-10.15213	342.61	m	9.322	1.648	B8/9 III	0.886
HIP 116633		354.53864	34.09094	342.61	m	9.958	2.284	K0	1.085
HIP 13102		42.1106	62.82837	342.65	m	9.122	1.448	A5	0.42
HD 316300	HIP 87109	266.97574	-28.62667	342.66	m	10.21	2.538	F2	0.693
HD 201814	HIP 104799	318.46166	-50.13655	342.71	m	9.555	1.88	F2 V	0.312
HD 35221	HIP 25167	80.76432	-4.26411	342.73	m	10.27	2.593	A1/2 IV	0.22
HD 108138	HIP 60625	186.37565	-2.1434	342.74	m	9.887	2.212	F2 V	0.423
HIP 7052		22.7221	24.53591	342.75	m	10.47	2.8	G0	1.168
HD 87083	HIP 49107	150.32815	-51.28917	342.79	m	9.141	1.466	F7/8 IV	0.592
HIP 55122		169.2887	7.74553	342.8	m	10.03	2.355	B8	0.443
HIP 104876		318.66673	1.74702	342.83	m	9.105	1.43	K5	1.578
HD 121997	HIP 68306	209.73676	7.29922	342.83	m	9.105	1.43	K2	1.287
HD 7823	HIP 6149	19.73462	53.77442	342.84	m	9.146	1.471	A0	0.106
HIP 91176		279.01131	12.14264	342.84	m	9.21	1.535	K0	1.449
HD 324487	HIP 87307	267.59268	-41.51306	342.93	m	9.682	2.006	F0	0.457
HD 118587	HIP 66554	204.64279	-37.05401	342.94	m	9.447	1.771	F2 V	0.467
HD 196210	HIP 101737	309.31386	-40.61656	342.97	m	10.33	2.651	F0 V	0.364
HD 211701	HIP 110403	335.4337	-70.67583	343.01	m	9.485	1.808	G8/K0 III/IV	1.244
HIP 61958		190.4658	17.52215	343.07	m	11.64	3.965	Op	0.084
HD 177803	HIP 93944	286.9231	-35.95611	343.11	m	9.656	1.979	F3/5 V	0.422
HD 190241	HIP 98875	301.19148	-20.53414	343.14	m	9.257	1.58	A8 IV/V	0.422
HIP 54756		168.16435	56.16029	343.14	m	10.32	2.641	K0	0.96
HIP 44614		136.35962	6.82305	343.15	m	9.117	1.44	K2	1.429
HD 24335	HIP 18145	58.19637	13.94682	343.25	m	9.092	1.414	K0	1.482
HIP 100960		307.04269	-33.29852	343.25	m	10.55	2.876	F5	0.585
HD 132050	HIP 73141	224.2044	13.29487	343.36	m	10.63	2.949	G0	0.501
HD 35734	HIP 25426	81.56673	-12.87387	343.45	m	9.02	1.341	B9.5 V	0.079
HIP 49847		152.66685	62.25071	343.46	m	10.05	2.368	K2	0.328
HIP 41721		127.61798	-26.30771	343.57	m	11.43	3.745	Fp	0.706
HD 57668	HIP 35949	111.1607	46.9654	343.59	m	9.197	1.517	G5	0.486
HD 279082	HIP 18073	57.94636	35.70927	343.62	m	9.035	1.355	G0	1.118
HIP 71297		218.7153	16.42203	343.64	m	9.414	1.733	F5	0.484
HD 208525	HIP 108217	328.85311	51.00371	343.7	m	9.092	1.411	A P SR	0.079
HIP 4286		13.73112	2.59481	343.73	m	10.88	3.198	F8	0.541
HD 141552	HIP 77546	237.5016	-11.06103	343.75	m	9.194	1.513	G6 IV	1.238
HIP 14545		46.94837	-8.94607	343.79	m	9.423	1.742	G0	0.945
HIP 115219		350.06233	12.56396	343.84	m	9.845	2.163	G5	1.012
HD 276575	HIP 21671	69.78387	43.92215	343.88	m	10.35	2.663	K7	1.402
HD 36352	HIP 25833	82.73306	-2.6989	343.98	m	9.207	1.524	B9.5 V	0.033
HD 233965	HIP 61781	189.94197	50.99929	344.03	m	10.07	2.388	F2	0.261
HIP 73190		224.38404	-49.26773	344.04	m	10.18	2.499	F8	0.691
HD 237018	HIP 13457	43.32056	60.44727	344.06	m	9.032	1.349	B 9.5V	0.16
HD 69578	HIP 40208	123.18167	-68.35776	344.08	m	9.765	2.082	F6 III	0.567
HD 204312	HIP 105997	322.01579	-14.83315	344.16	m	9.579	1.895	G8 III/IV	1.194
HIP 40779		124.84868	28.22763	344.17	m	9.033	1.349	K2	1.462
HD 97709	HIP 54409	167.00074	-85.91768	344.17	m	9.001	1.317	G8 III	1.093
HD 37323	HIP 26406	84.31223	-11.40045	344.24	m	9.154	1.47	A0 V	0.096
HIP 57281		176.18661	-11.47133	344.24	m	9.866	2.182	G0	0.687
HD 145698	HIP 79450	243.21033	-16.01738	344.25	m	9.229	1.545	K1 III	1.429
HD 68196	HIP 40236	123.27602	41.56125	344.31	m	9.228	1.543	F5	0.469
HIP 15908		51.21532	22.27819	344.31	m	9.032	1.347	K0	1.473
HD 235531	HIP 106245	322.79129	53.91735	344.39	m	9.313	1.628	A0	0.077
HD 149775	HIP 81406	249.39387	-18.37102	344.4	m	9.122	1.437	A0 V	0.385
HD 108515	HIP 60837	187.04798	-54.28561	344.43	m	9.47	1.784	F2 IV	0.353
HIP 61798		189.98501	48.82888	344.47	m	9.686	2	A(M?)	0.315
HD 35370	HIP 25242	80.96865	-9.99169	344.49	m	9.049	1.363	A0 V	0.083
HIP 108857		330.78875	31.86593	344.61	m	9.396	1.709	F0	0.378
HIP 85776		262.91156	11.38017	344.65	m	10.61	2.925	F5	0.609
HD 56291	HIP 35388	109.63532	43.04122	344.66	m	9.209	1.522	A2	0.181
HD 198210	HIP 103129	313.42189	-71.51793	344.73	m	9.109	1.422	G8 III	1.159
HIP 44869		137.14204	7.44418	344.75	m	9.332	1.644	F0	0.286
HD 44322	HIP 30140	95.14499	-16.13787	344.75	m	9.453	1.765	A0 V(N)	0.108
HD 208238	HIP 108139	328.63959	14.5348	344.76	m	9.243	1.555	A3	0.269
HIP 57954		178.29865	42.48841	344.77	m	9.848	2.16	A2	0.263
HIP 74024		226.91721	49.081	344.78	m	9.781	2.093	K0	1.232
HD 231142	HIP 94935	289.76702	18.76834	344.78	m	9.019	1.331	K0	1.428
HD 128505	HIP 71638	219.79636	-55.70302	344.81	m	9.256	1.568	B9 V	0.136
HD 109626	HIP 61492	188.9893	29.92685	344.83	m	9.041	1.353	K1III	1.443
HD 81984	HIP 46440	142.07307	-31.12046	344.84	m	9.185	1.497	K0 III	1.15
HD 216726	HIP 113194	343.84734	-13.74066	344.89	m	9.24	1.552	G8 IV	1.139
HIP 48474		148.27773	-42.28082	344.91	m	11.9	4.212	Gp	0.489
HIP 55127		169.29578	-31.1642	344.96	m	11.5	3.813	Fp	0.486
HD 212608	HIP 110839	336.83538	-63.68795	345.04	m	9.167	1.478	G6/8 III/IV	1.05
HIP 25509		81.82009	-6.07615	345.06	m	9.867	2.178	F0	0.438
HIP 71554		219.51989	40.021	345.12	m	9.1	1.41	K0	1.257
HD 198325	HIP 102925	312.79077	-44.85222	345.14	m	9.81	2.12	F2 V	0.464
HIP 48361		147.88905	12.654	345.18	m	9.161	1.471	K0	1.255
HD 248297	HIP 27626	87.73526	20.36035	345.18	m	9.327	1.637	A3	0.123
HD 147641	HIP 80252	245.7565	4.59026	345.22	m	9.075	1.384	G8 IV	1.071
HIP 28059		88.99479	39.81439	345.25	m	9.93	2.239	F2	0.368
HD 62545	HIP 37936	116.61896	45.91485	345.28	m	9.295	1.604	F0...	0.376
HIP 52155		159.82782	66.73703	345.28	m	10.57	2.877	F8	0.521
HD 14657	HIP 10949	35.25557	-33.8869	345.3	m	9.325	1.634	G8 IV	1.071
HD 107959	HIP 60540	186.1616	-52.19684	345.31	m	9.166	1.475	A7 V	0.32
HD 97987	HIP 54912	168.6733	-72.97108	345.32	m	9.822	2.131	AP SREU	0.811
HD 74399	HIP 42721	130.59456	-40.5642	345.34	m	9.199	1.508	A3 IV/V	0.192
HD 196167	HIP 101685	309.16272	-30.8127	345.38	m	9.806	2.115	G8 V	1.033
HD 22228	HIP 16647	53.552	-16.16406	345.4	m	10.28	2.59	(M)(E)	1.193
HIP 78404		240.09002	58.44512	345.42	m	11.13	3.434	F8	0.525
HD 121926	HIP 68291	209.69049	-14.39201	345.45	m	9.1	1.408	K0 III	1.483
HIP 89564		274.13856	15.80595	345.47	m	9.575	1.883	A0	0.161
HD 110218	HIP 62065	190.80691	-82.04246	345.47	m	9.079	1.387	G8 III	1.405
HD 82174	HIP 46694	142.7863	29.28867	345.47	m	9.024	1.332	K 0 III	1.319
HIP 14483		46.73887	67.73683	345.53	m	9.765	2.073	B8	0.304
HD 164890	HIP 88577	271.28929	-40.44795	345.53	m	9.391	1.699	F2 V	0.478
HD 65692	HIP 38641	118.68992	-69.14052	345.53	m	9.043	1.351	K2 III	1.412
HD 237801	HIP 45877	140.32306	59.05334	345.58	m	9.34	1.647	K0	1.261
HD 275054	HIP 15437	49.73817	41.18634	345.61	m	9.213	1.52	K0	1.217
HIP 48370		147.91078	8.39576	345.65	m	9.686	1.993	G5	1.039
HD 216669	HIP 113344	344.31947	-75.73999	345.66	m	9.366	1.673	K3/5	1.567
HD 139969	HIP 77106	236.16453	-62.51369	345.67	m	9.902	2.209	A3 V	0.182
HD 25423	HIP 18362	58.89741	-73.94944	345.7	m	9.257	1.563	A3MA7-F0	0.457
HD 181345	HIP 95196	290.48176	-40.5477	345.74	m	9.925	2.231	F3 V	0.55
HD 103536	HIP 58095	178.72093	-81.00697	345.78	m	9.036	1.342	B9.5 V	0.116
HIP 40579		124.27928	-68.68555	345.79	m	11.32	3.623	Gp	0.666
HD 125727	HIP 70082	215.12158	33.5804	345.81	m	9.194	1.5	K 2 III	1.337
HD 118069	HIP 66227	203.6006	5.5821	345.89	m	9.233	1.538	A0	0.1
HIP 92767		283.55509	38.85664	345.89	m	9.291	1.596	A2	0.128
HD 28233	HIP 20665	66.41136	-38.05947	345.9	m	9.992	2.297	F2 V	0.528
HD 263660	HIP 32527	101.81357	24.8365	345.91	m	9.613	1.918	B9	-0.01
HIP 42661		130.42373	12.17936	345.96	m	10.42	2.725	K	0.675
HD 23006	HIP 17427	56.00228	52.46879	346.02	e	9.405	1.709	A5	0.438
HD 270305	HIP 27868	88.45717	-68.31317	346.02	e	11.79	4.093	B5	-0.042
HIP 47805		146.18212	43.31897	346.02	m	9.627	1.931	F8	0.677
HIP 7489		24.10375	79.14831	346.04	m	9.962	2.266		0.41
HIP 114497		347.84394	-35.25843	346.05	m	10.92	3.222	G0	0.54
HD 102277	HIP 57398	176.51283	-56.33771	346.06	m	9.194	1.498	A1/2 V	0.111
HIP 39614		121.43324	29.27803	346.08	m	10.27	2.577	F2	0.394
HIP 47603		145.59525	38.41461	346.08	m	9.855	2.159	F2	0.496
HD 141219	HIP 77300	236.72211	30.847	346.14	m	9.284	1.588	A5	0.296
HIP 52323		160.37248	60.08594	346.15	m	10.11	2.411	B8	0.31
HD 36049	HIP 25631	82.12461	-11.06902	346.16	m	9.492	1.796	A0 V	0.089
HD 253458	HIP 29570	93.451	28.42848	346.18	m	10.46	2.764	F5	0.474
HD 287823	HIP 25258	81.03353	2.46302	346.24	m	9.762	2.065	A0	0.19
HD 341481	HIP 88249	270.30335	21.69507	346.25	m	9.082	1.385	G5	1.106
HD 179601	HIP 94463	288.39785	-11.22916	346.25	m	9.472	1.775	A0 V	0.259
HIP 36116		111.59307	80.23095	346.3	m	10.36	2.667	K0	0.936
HIP 117291		356.73999	31.18025	346.33	m	9.531	1.834	A5	0.342
HIP 72776		223.14995	-0.62458	346.36	m	10.59	2.891	G0	0.882
HD 136624	HIP 75276	230.69314	-30.40379	346.43	m	9.305	1.607	G8 III	1.202
HD 94	HIP 491	1.46999	12.52736	346.45	m	9.043	1.345	K0	1.367
HD 159028	HIP 85813	263.01683	7.51626	346.48	m	9.226	1.528	A0	0.206
HIP 87510		268.1923	-55.38242	346.5	m	11.93	4.234	Fp	0.645
HIP 87499		268.16972	19.65968	346.51	m	10.36	2.658	F2	0.538
HIP 90097		275.8019	72.89456	346.59	m	9.296	1.597	F5	0.417
HIP 110754		336.56912	35.69092	346.68	m	9.419	1.719	F2	0.476
HD 187987	HIP 97860	298.29692	-7.08747	346.74	m	10.07	2.369	A5 II	0.316
HIP 67747		208.18169	-45.08764	346.75	m	10.62	2.923	F5	0.433
HIP 87736		268.82173	68.50234	346.79	m	9.108	1.408	K0	1.274
HIP 79062		242.08103	76.98571	346.8	m	9.755	2.055	F2	0.397
HIP 64019		196.77065	-47.63167	346.83	m	10.26	2.555	F5	0.392
HD 233594	HIP 44444	135.82443	51.41242	346.83	m	10.29	2.585	G0	0.393
HD 310147	HIP 52217	160.03358	-66.13906	346.9	m	9.471	1.77	K0	1.465
HD 50092	HIP 32836	102.67506	-22.99394	346.91	m	9.248	1.547	A0 V	0.126
HD 146311	HIP 79662	243.85384	10.72228	346.92	m	9.322	1.621	A3	0.301
HD 173347	HIP 91944	281.13323	7.48772	346.96	m	9.024	1.323	K0	1.425
HD 189600	HIP 98487	300.12225	8.72563	346.98	m	9.333	1.632	A3	0.308
HD 160347	HIP 86409	264.84462	0.62569	346.98	m	9.428	1.726	A1 V	0.263
HIP 92489		282.74728	69.88263	346.99	m	9.827	2.125	F8	0.627
HD 169496	HIP 90348	276.5218	-27.79753	347	m	9.449	1.747	G5 V	1.343
HD 259661	HIP 31389	98.70464	30.26058	347	m	9.431	1.729	A 3 V	0.214
HD 36654	HIP 26055	83.36431	2.65158	347.02	m	9.029	1.327	A0 V	0.025
HD 176788	HIP 93531	285.75117	-27.35348	347.03	m	9.157	1.455	A1 V	0.226
HD 83817	HIP 47188	144.25843	-71.68919	347.06	m	9.175	1.473	AP SR	0.541
HD 95114	HIP 53658	164.66841	-26.11162	347.15	m	9.265	1.562	G8 (III) (+ F/G)	1.005
HIP 116685		354.70304	44.41259	347.16	m	9.327	1.624	A2	0.449
HD 203243	HIP 105505	320.53383	-38.29741	347.22	e	10.21	2.502	F3 V	0.535
HD 143645	HIP 78488	240.34348	9.27603	347.24	m	9.002	1.299	K5	1.536
HIP 69115		212.21834	-49.32069	347.29	m	10.79	3.088	F5	0.601
HD 121254	HIP 68163	209.32253	-70.11834	347.32	m	9.493	1.789	F5 II	0.641
HD 94635	HIP 53420	163.91239	6.96214	347.33	m	9.173	1.469	F2	0.399
HIP 109398		332.44475	-37.44871	347.36	m	10.16	2.46	F5	0.658
HIP 14580		47.05537	-43.15707	347.41	m	9.648	1.944	K0	1.31
HD 55034	HIP 34726	107.85695	2.34029	347.46	m	9.152	1.447	K4 (III)	1.644
HIP 109231		331.93537	37.14984	347.51	m	9.749	2.044	F0	0.37
HIP 17648		56.70978	48.53774	347.55	m	12.42	4.711		
HD 32220	HIP 23338	75.29999	-9.86629	347.62	m	9.231	1.525	G8 III	1.208
HIP 57624		177.23225	33.70146	347.63	m	10.29	2.584	A(M?)	0.222
HD 187069	HIP 97632	297.64916	-53.66516	347.63	m	9.209	1.503	A7 III	0.252
HD 239843	HIP 108977	331.16115	56.81672	347.67	m	9.509	1.803	A2...	0.4
HIP 115877		352.14971	27.21974	347.7	m	9.761	2.055	A2	0.356
HD 63650	HIP 38260	117.57389	6.73044	347.72	m	9.191	1.485	A2	0.228
HD 27531	HIP 19980	64.27703	-60.87563	347.78	m	9.172	1.465	K0/2 III	1.462
HD 233981	HIP 62475	192.05458	49.92512	347.81	m	10.09	2.381	G9III	1.121
HD 5272	HIP 4230	13.49077	-41.34498	347.81	m	9.693	1.986	K1/2 (III)	1.433
HD 12633	HIP 9456	30.4058	-60.87718	347.91	m	9.002	1.295	K3 II/III	1.445
HIP 29452		93.09021	38.7828	347.92	m	9.799	2.092	F0	0.386
HD 56512	HIP 35632	110.29448	62.0957	347.93	m	9.232	1.525	A0	0.151
HIP 49655		152.05962	12.83297	347.94	m	9.916	2.208		0.474
HD 232762	HIP 14830	47.87617	51.08637	347.97	m	9.343	1.635	K5	1.69
HD 41385	HIP 28717	90.98935	-20.86847	348.06	m	9.432	1.724	AP SREUCR	0.435
HIP 53755		164.97158	50.26021	348.1	m	11.03	3.321	F	0.649
HIP 63380		194.81806	42.74107	348.15	m	12.4	4.695		0.54
HD 26499	HIP 19659	63.18822	31.79474	348.17	m	9.106	1.397	B9	0.16
HD 20690	HIP 15679	50.50074	51.10313	348.18	m	9.117	1.408	A0	0.234
HD 128171	HIP 71380	218.95175	-18.03654	348.35	m	9.293	1.583	G6/8 IV	1.269
HIP 34456		107.13955	31.46609	348.36	m	9.988	2.278	F5	0.366
HD 194754	HIP 101132	307.49873	-56.08505	348.38	m	10.07	2.36	F5/6 V	0.611
HD 290888	HIP 27507	87.37302	0.04773	348.39	m	9.884	2.174	F8	0.533
HD 142436	HIP 78256	239.66822	-65.57577	348.41	m	9.993	2.283	F0 IV	0.361
HIP 8037		25.80103	-16.82598	348.41	m	10.29	2.585	F5	0.641
HIP 90138		275.92177	-48.59804	348.46	m	10.08	2.365	F2	0.545
HIP 73251		224.56281	36.01126	348.46	m	11.14	3.432	F8	0.494
HD 237405	HIP 26461	84.43608	58.3687	348.59	m	9.101	1.389	K0	1.298
HD 123933	HIP 69273	212.71754	-15.1944	348.62	m	9.919	2.207	K2 III	1.473
HD 216286	HIP 112875	342.86722	21.28616	348.62	m	9.373	1.661	K5	1.393
HIP 10036		32.29269	-22.0028	348.63	m	10.03	2.314	F5	0.559
HD 39128	HIP 27367	86.94174	-50.04375	348.64	m	9.138	1.426	G8 IV	1.063
HD 14976	HIP 11204	36.06516	-25.09458	348.68	m	9.664	1.952	G8 (IV)	0.989
HD 26404	HIP 19309	62.08855	-48.21088	348.72	m	9.316	1.604	K0 III	1.358
HD 15470	HIP 11549	37.20368	-24.98181	348.73	m	9.108	1.396	F8 V	0.603
HD 15423	HIP 11535	37.18097	-8.75309	348.77	m	9.161	1.448	G3 IV/V	0.869
HIP 15455		49.82713	45.95131	348.77	m	10.19	2.478	F0	0.465
HIP 15260		49.20702	-29.58541	348.79	m	10.6	2.89	A	0.364
HIP 64316		197.73451	-51.78509	348.79	m	10.16	2.444	F5	0.558
HD 235389	HIP 103030	313.10089	52.65947	348.84	m	9.658	1.945	A5	0.376
HIP 30329		95.69397	68.99849	348.85	m	9.955	2.242	A2	0.331
HD 151556	HIP 82225	251.9623	6.60366	348.9	m	9.149	1.436	A0	0.108
HD 64529	HIP 38314	117.74664	-59.18065	348.91	m	9.189	1.475	K1 III	1.28
HD 34476	HIP 24359	78.39941	-61.07828	348.91	m	10.19	2.476	A3/4 V	0.177
HD 81698	HIP 46141	141.1448	-62.36077	348.93	m	9.111	1.397	K0/1 III	1.401
HD 77620	HIP 44543	136.13304	28.4285	348.94	m	9.286	1.572	A5	0.308
HIP 61185		188.05376	61.46506	348.97	m	10.25	2.538	F2	0.403
HD 199752	HIP 103651	315.01632	-29.47703	348.97	m	9.165	1.451	K3 III	1.573
HIP 37326		114.93909	32.36461	348.99	m	10.59	2.88	F5	0.633
HD 129278	HIP 71935	220.69027	-36.76636	349.02	m	9.372	1.658	F7 V	0.66
HD 288247	HIP 27242	86.60896	1.62927	349.02	m	10.48	2.765	F8	0.705
HD 162248	HIP 87265	267.47522	6.20646	349.04	m	9.065	1.351	K2	1.56
HD 106495	HIP 59736	183.75712	14.26496	349.05	m	9.525	1.811	K0	1.147
HIP 40101		122.87689	38.12379	349.07	m	9.555	1.84	F5	0.527
HD 298884	HIP 49431	151.36447	-53.87806	349.09	m	10.21	2.494	F 2 V	0.419
HD 8927	HIP 6532	20.992	-78.06792	349.09	m	9.738	2.023	F6/7 IV	0.552
HD 85019	HIP 48147	147.22264	-10.56557	349.1	m	9.083	1.368	A1 V	0.115
HD 142592	HIP 77823	238.37026	44.95854	349.12	m	9.279	1.564	A 4 V	0.16
HD 124272	HIP 69409	213.17307	-1.97453	349.18	m	9.378	1.663	K1 IV/VCNIII	1.247
HD 118217	HIP 66260	203.70804	31.28168	349.24	m	9.552	1.836	K	1.187
HD 96237	HIP 54215	166.39185	-25.01924	349.31	m	9.497	1.781	AP SREUCR	0.469
Gl 4286		339.28537	-0.62761	349.32	m	10.5	2.784		
HD 29223	HIP 21631	69.67594	52.01355	349.32	m	9.242	1.526	A0	0.406
HD 18861	HIP 14090	45.42281	-13.58584	349.33	m	9.988	2.272	F2 V	0.511
HIP 96600		294.55627	52.95537	349.33	m	11.19	3.475		0.593
HIP 44138		134.84289	34.43913	349.37	m	10.85	3.132	F0	0.379
HIP 55651		171.02782	38.09117	349.37	m	9.86	2.144	F2	0.547
HD 106014	HIP 59498	183.0262	-55.35734	349.38	m	9.406	1.69	F0 V	0.346
HIP 64591		198.58456	48.86981	349.41	m	10.03	2.313	F0	0.355
HD 126615	HIP 70634	216.72513	-12.90092	349.42	m	9.423	1.706	K3 (III)	1.773
HIP 35672		110.41113	76.96714	349.42	m	10.68	2.963	G5	0.434
HD 218192	HIP 114109	346.65886	-47.91031	349.43	m	9.144	1.427	A5 IV/V	0.181
HIP 20337		65.35194	72.07594	349.47	m	9.327	1.61	K0	1.187
HD 88283	HIP 49857	152.71723	1.0052	349.48	m	9.178	1.461	K1 III	1.392
HD 115556	HIP 64841	199.37976	23.64492	349.51	m	9.514	1.797	A 5 III	0.228
HIP 110317		335.16515	74.20289	349.56	m	9.399	1.681	B8	0.267
HD 94996	HIP 53555	164.33256	-48.05802	349.65	e	9.802	2.084	F7/8 V	0.635
HIP 59508		183.07011	-50.67199	349.65	e	10.23	2.512	F5	0.381
HD 42369	HIP 29267	92.55175	-4.68313	349.69	m	9.105	1.387	B9 V	-0.014
HD 12368	HIP 9424	30.268	-4.27206	349.71	m	9.001	1.282	K0/1 III	1.389
HIP 37859		116.4131	-64.75862	349.72	m	11.36	3.638	Gp	0.843
HD 116289	HIP 65263	200.62208	8.88299	349.72	m	9.027	1.308	A3	0.215
HD 139921	HIP 76649	234.78067	45.86761	349.77	m	9.157	1.438	K2	1.311
HD 186655	HIP 97175	296.26491	19.16444	349.79	m	9.108	1.389	A	0.162
HIP 84109		257.91993	23.85366	349.79	m	9.773	2.054	A5	0.39
HIP 513		1.54655	87.88943	349.87	m	9.079	1.359	K0	1.199
HD 141188	HIP 77422	237.09031	-18.43891	349.9	m	9.034	1.314	G8 IV	1.34
HD 183983	HIP 96484	294.22311	-67.19487	349.95	m	9.174	1.454	G8 III	1.218
HD 40707	HIP 28134	89.19999	-59.42255	349.98	m	9.54	1.82	M4/5 III	1.488
HIP 105087		319.32331	63.82956	350.01	m	10.47	2.749	A5	0.255
HD 257674	HIP 30835	97.15225	29.27009	350.04	m	9.954	2.233	F 2 V	0.4
HIP 48275		147.62797	44.43991	350.13	m	10.85	3.125	G0	0.583
HIP 64958		199.72535	4.58427	350.15	m	10.74	3.016	G0	0.491
HD 57019	HIP 35240	109.23647	-50.30228	350.16	m	9.043	1.322	G8 III	1.115
HD 4481	HIP 3687	11.81617	37.2754	350.18	m	9.424	1.703	A2	0.121
HD 21206	HIP 15915	51.23513	-13.56158	350.23	m	9.298	1.576	G8 IV	1.102
HIP 113112		343.58897	66.86441	350.34	m	9.022	1.3	A0	0.13
HIP 102359		311.0936	43.95937	350.38	m	9.01	1.287	B9V	-0.002
HD 185959	HIP 96859	295.31965	11.94885	350.39	m	9.369	1.646	A0	0.046
HD 152016	HIP 82481	252.85487	-12.6996	350.4	m	9.054	1.331	K1 III	1.879
HIP 105937		321.82346	12.21466	350.44	m	9.012	1.289	K0	1.245
HIP 10534		33.92873	72.29605	350.44	m	9.703	1.98	F2	0.767
HD 34700	HIP 24855	79.92252	5.64521	350.48	m	9.224	1.501	G0	0.705
HD 53936	HIP 34205	106.39005	-33.36744	350.52	m	9.058	1.334	A8 V	0.272
HD 218857	HIP 114502	347.85247	-16.25111	350.52	m	9.01	1.286	G5/8W(A)	0.786
HD 299800	HIP 43639	133.32883	-55.35915	350.54	m	9.667	1.943	F0	0.486
HD 236292	HIP 393	1.21837	51.98258	350.58	m	9.298	1.574	K0	1.186
HD 46907	HIP 31460	98.85421	-13.29563	350.61	m	9.118	1.394	A0 V	0.174
HIP 65418		201.12754	20.45613	350.61	m	12.48	4.761	sdF:	-0.039
HIP 74819		229.35537	7.66366	350.62	m	10.53	2.806	F5	0.456
HD 136885	HIP 75279	230.70859	9.89962	350.63	m	9.032	1.308	K0	1.398
HD 137875	HIP 75816	232.31736	-22.69997	350.68	m	9.302	1.577	F3 IV	0.535
HD 109047	HIP 61187	188.06113	-62.49929	350.68	m	9.459	1.734	A1 IV	0.296
HIP 21800		70.25231	48.66821	350.69	m	9.294	1.569	K0	1.589
HD 155055	HIP 84336	258.62678	-67.83769	350.7	m	9.262	1.537	A0 V	0.036
HIP 14487		46.75302	-7.24691	350.76	m	9.154	1.429	G0	1.084
HD 91995	HIP 51891	159.02696	-56.73308	350.77	m	9.055	1.33	K0 III	1.18
HD 26447	HIP 19640	63.13015	37.06658	350.78	m	9.149	1.424	A0	0.319
HD 142273	HIP 77874	238.54264	-15.66463	350.79	m	9.205	1.48	K0 III	1.442
HD 183555	HIP 96354	293.86682	-69.09491	350.79	m	9.403	1.678	A0 V	0.087
HD 171357	HIP 91243	279.17115	-45.1192	350.83	m	9.068	1.343	B9 VN	-0.01
HD 184342	HIP 96291	293.68101	-18.10124	350.88	m	9.395	1.669	A0 V	0.084
HD 234516	HIP 87662	268.57656	53.9553	350.88	e	9.994	2.268	G0	0.574
HD 238385	HIP 71959	220.76819	59.04206	350.92	m	9.156	1.43	A2	0.256
HD 35123	HIP 25088	80.56227	-9.08782	351	m	9.387	1.66	A0 V	0.076
HIP 1744		5.51696	34.81912	351.21	m	9.552	1.824	F2	0.472
HD 201360	HIP 104339	317.0447	32.12425	351.26	m	9.161	1.433	A0	0.133
HD 88274	HIP 49792	152.45723	-38.83497	351.35	m	9.364	1.635	K3 III	1.464
HD 18410	HIP 13958	44.93865	54.32916	351.36	m	9.165	1.436	A2	0.243
HD 149229	HIP 81163	248.65788	-31.30141	351.47	m	9.563	1.834	A9 V	0.533
HD 96093	HIP 54254	166.48514	59.83567	351.47	m	9.274	1.545	F 5 III	0.506
HD 290956	HIP 27994	88.81029	-0.99876	351.5	m	10.21	2.484	F 8 V	0.654
HD 57866	HIP 35722	110.54428	-24.19868	351.5	m	9.362	1.632	A0/1 V	0.319
HD 57626	HIP 35758	110.6379	11.83766	351.51	m	9.087	1.357	A0	0.072
HD 61691	HIP 37568	115.66016	44.36308	351.52	m	9.408	1.678	F5	0.482
HIP 26275		83.9319	36.90608	351.52	m	10.21	2.477	F0	0.347
HD 143197	HIP 78398	240.07719	-33.60242	351.54	m	9.057	1.327	G8 III	1.337
HIP 12633		40.58242	5.1719	351.54	m	10.87	3.141	F8	0.681
HD 128040	HIP 71200	218.42141	36.05196	351.56	m	9.173	1.443	K0	1.301
HIP 52517		161.07076	37.64249	351.56	m	10.9	3.174	F5	0.556
HD 31394	HIP 22698	73.19821	-52.23127	351.57	m	9.032	1.302	K3 III	1.625
HD 295354	HIP 32214	100.88433	-3.40265	351.6	m	9.511	1.781	A5-F0(M?)	0.313
HD 207531	HIP 107703	327.26333	26.50676	351.65	m	9.297	1.566	A3	0.152
HD 168955	HIP 89947	275.28782	28.33432	351.7	m	9.275	1.544	A0	0.04
HIP 31045		97.70938	-9.65141	351.77	m	10.01	2.282		0.326
HD 6363	HIP 5030	16.10533	-22.48326	351.77	m	9.995	2.264	F0 V	0.343
HD 34595	HIP 24758	79.62489	-1.13824	351.77	m	9.317	1.586	A0 V	0.079
HD 11990	HIP 8965	28.8679	-63.07715	351.79	m	9.046	1.315	A6 V	0.258
HIP 109930		333.97777	-57.31809	351.79	m	13.62	5.884	M2	
HD 138543	HIP 76120	233.20366	-0.47044	351.82	m	10.36	2.628	F2 V	0.38
HD 21782	HIP 16700	53.7276	67.28022	351.9	m	9.001	1.269	A0	0.237
HIP 102243		310.76468	86.88956	351.95	m	9.149	1.417	K0	1.334
HIP 71315		218.75156	59.69108	352.03	m	9.853	2.12	F8	0.651
HIP 93588		285.89571	37.08331	352.11	e	9.773	2.04	F0	0.63
HD 9148	HIP 7011	22.56885	12.64937	352.2	m	9.705	1.971	F5	0.565
HD 139223	HIP 76273	233.69554	51.52097	352.21	m	9.544	1.81	A5	0.274
HIP 60725		186.6822	81.47396	352.26	m	9.216	1.482	F0	0.388
HIP 26432		84.3775	-9.23933	352.27	m	10.12	2.391	A0	0.157
HD 6197	HIP 4867	15.64589	-34.36998	352.31	m	9.112	1.377	G8 IV	1.082
HD 9255	HIP 6980	22.46584	-54.15633	352.32	m	9.238	1.503	FM DELTA DEL	0.455
HD 70398	HIP 40540	124.16707	-70.2394	352.34	m	9.319	1.584	F2 II	0.504
HD 255819	HIP 30289	95.57531	25.08286	352.37	m	9.277	1.542	F8	0.559
HIP 83974		257.48559	22.15352	352.38	m	10.37	2.636	F8	0.562
HD 19749	HIP 14869	47.99019	38.53817	352.44	m	9.142	1.407	A0	0.08
HIP 67733		208.12952	25.02749	352.52	m	9.804	2.068	F 1 IV	0.397
HIP 79267		242.66255	19.36771	352.61	m	9.855	2.119	F2	0.452
HD 129031	HIP 71804	220.32094	-34.61297	352.69	m	9.024	1.287	K1 III	1.448
HIP 58832		181.0075	34.38946	352.71	m	12.01	4.27	G0	0.6
HD 183883	HIP 96385	293.94835	-63.47984	352.73	m	10.59	2.849	A8/F0 III/IV	0.317
HIP 85823		263.05493	10.06318	352.74	m	10.77	3.037	F0	0.672
HD 213281	HIP 111122	337.6617	-17.76029	352.75	m	9.041	1.304	K1 III	1.51
HD 123709	HIP 69387	213.05684	-68.79818	352.78	m	9.017	1.279	K0/1 III	1.283
HIP 90071		275.70968	4.75267	352.79	m	10.95	3.209	B8	0.531
HIP 106992		325.03324	26.99131	352.79	m	9.79	2.052	B9	0.21
HIP 107332		326.09075	39.24541	352.83	m	9.032	1.294	K0	1.234
HIP 90652		277.46216	-7.2874	352.88	m	9.495	1.757	K2	2.111
HIP 2681		8.49425	42.08841	352.89	m	9.473	1.735	A0	0.156
HIP 53		0.14745	-29.26342	352.91	m	11.03	3.289		0.399
HD 157200	HIP 84990	260.5684	-9.71632	352.97	m	9.53	1.791	A0 V	0.599
HD 129402	HIP 72039	221.03873	-51.9934	353	m	9.096	1.357	K2	1.453
HD 9357	HIP 7144	23.02265	-2.72374	353.06	m	9.313	1.574	F0 V	0.417
HIP 96061		292.98493	52.98433	353.07	m	9.605	1.866		0.151
HD 8795	HIP 6716	21.60863	-16.52819	353.17	m	9.777	2.037	F2/3 IV	0.402
HD 139615	HIP 76823	235.2756	-47.86222	353.23	m	9.003	1.263	G8/K0 III	1.226
HD 88285	HIP 49837	152.63065	-15.62491	353.29	m	9.298	1.557	A1 V	0.141
HD 233365	HIP 35078	108.81518	53.66821	353.3	m	9.296	1.555	F5	0.483
HIP 59752		183.80337	25.20114	353.31	m	11.38	3.635	G0	0.871
HD 78832	HIP 44910	137.23167	-40.71067	353.32	m	10.58	2.84	F2 V	0.339
HD 189585	HIP 98678	300.64345	-44.22202	353.33	m	9.027	1.286	G8 III	1.067
HIP 112328		341.27026	48.04882	353.34	m	9.04	1.299	A2	0.389
HIP 53254		163.37526	43.02432	353.34	m	10.25	2.508	G0	0.678
HIP 6463		20.78269	-24.99808	353.35	m	10.66	2.924	F8	0.76
HIP 17282		55.50784	18.20571	353.37	m	10.27	2.524	F5	0.552
HD 108936	HIP 61098	187.82525	-52.05221	353.42	m	9.529	1.788	F3 IV/V	0.487
HIP 35076		108.80112	49.08899	353.45	m	10.02	2.275	G0	0.762
HD 230207	HIP 93060	284.34565	17.67418	353.45	m	9.656	1.914	F0	0.326
HIP 65712		202.08471	-7.6657	353.5	m	10.43	2.687	F5	0.478
HIP 58204		179.05764	32.90303	353.56	m	10.69	2.946	A2	0.2
HIP 88295		270.45871	70.23803	353.69	m	9.25	1.507	K0	1.273
HIP 60276		185.39263	62.97471	353.69	m	10.37	2.628	G5	0.969
HD 201907	HIP 105316	319.95329	-78.40687	353.7	m	9.24	1.497	K2 III	1.572
HD 78888	HIP 45066	137.68861	6.35296	353.72	m	9.021	1.278	A0	0.01
HD 124326	HIP 69557	213.57151	-47.84015	353.73	m	9.147	1.404	K1 III/IV	1.194
HD 193789	HIP 100578	305.94847	-41.54873	353.74	m	10.44	2.694	F3/5 V	0.62
HD 146904	HIP 80033	245.056	-38.90811	353.75	m	9.413	1.669	G6/8	1.818
HIP 99879		303.96744	52.49892	353.76	m	9.799	2.055		0.637
HD 21371	HIP 16006	51.53186	-22.16085	353.85	m	9.234	1.49	K2 III	1.4
HIP 83444		255.81625	42.00138	353.87	m	9.833	2.089	A2	0.344
HD 159555	HIP 86280	264.44765	-48.04588	353.88	m	9.045	1.301	G8/K0 III	1.159
HD 2620	HIP 2367	7.55082	52.51602	353.9	m	9.078	1.334	A0	0.13
HIP 45054		137.6438	43.93255	353.94	m	9.909	2.164	F2	0.37
HIP 90149		275.95575	10.7082	353.95	m	9.944	2.199		0.33
HD 162497	HIP 87649	268.54958	-52.55214	353.96	m	9.1	1.355	K1 III	1.436
HIP 14448		46.61608	46.89797	353.97	m	9.234	1.489	K0	1.243
HD 188770	HIP 98618	300.46243	-69.02304	354	m	10.09	2.342	F0 V	0.364
HD 185280	HIP 96766	295.04709	-40.87556	354.01	m	9.451	1.706	A1 V	0.11
HIP 43687		133.48519	-24.30065	354.03	m	10.57	2.828	F5	0.615
HD 202895	HIP 105353	320.09096	-47.2982	354.07	m	9.003	1.258	F5 II	0.449
HD 145743	HIP 79384	243.02676	14.54706	354.11	m	9.134	1.388	K2	1.096
HIP 62226		191.29461	-47.28	354.14	m	10.46	2.718	F2	0.526
HIP 87267		267.48051	17.9517	354.19	m	9.706	1.96	G5	0.995
HIP 84817		260.01996	0.27459	354.23	m	10.73	2.98	G0	1.021
HIP 108047		328.34491	65.63495	354.24	m	9.515	1.769	A0	0.221
HIP 11771		37.97614	75.74051	354.26	m	9.275	1.528	G5	1.425
HD 105508	HIP 59225	182.20522	-30.23456	354.27	m	9.506	1.759	F5 V	0.513
HD 119900	HIP 67478	207.41807	-74.90987	354.32	m	9.07	1.323	G8 III	1.34
HD 238251	HIP 66082	203.19768	56.48628	354.34	m	9.032	1.285	K0	1.145
HD 113923	HIP 64008	196.74027	5.95523	354.4	m	9.232	1.485	G5	1.285
HD 226453	HIP 97954	298.61392	33.83809	354.41	m	9.67	1.922	F5	0.526
HD 232743	HIP 14309	46.14582	51.36583	354.45	m	9.124	1.376	G5	1.33
HIP 90066		275.69846	-48.29187	354.46	m	9.767	2.019	G	1.232
HD 22161	HIP 16654	53.56699	0.15258	354.47	m	10.02	2.269	G5/6 V	0.84
HIP 117295		356.74823	25.87887	354.55	m	9.347	1.599	K0	1.196
HIP 35002		108.62786	-25.80322	354.56	m	10.1	2.35		1.19
HD 38239	HIP 27035	86.01055	-6.73337	354.58	m	9.193	1.444	A0 V	0.118
HD 22665	HIP 16756	53.89061	-59.26461	354.68	m	9.897	2.148	F3 IV/V	0.59
HIP 44848		137.06586	-37.21901	354.69	m	12.22	4.473	Gp	
HD 138777	HIP 76245	233.61564	-6.8879	354.71	m	9.782	2.033	F2 IV	0.511
HD 36740	HIP 26151	83.62969	14.00421	354.71	m	10.52	2.77	A0	0.121
HD 13241	HIP 9941	31.99425	-49.11522	354.73	m	9.004	1.255	K2/3 VCNIII	1.463
HD 213507	HIP 111185	337.86209	27.99576	354.74	m	9.168	1.418	K2	1.309
HD 38413	HIP 27136	86.30892	-9.97407	354.76	m	9.061	1.311	A1 V	0.148
HD 153531	HIP 83188	255.0311	0.92073	354.76	m	9.117	1.367	K1 III	1.552
HIP 17040		54.79524	11.08997	354.77	m	10.62	2.865	F8	0.921
HD 39977	HIP 27762	88.12657	-57.8896	354.77	m	9.812	2.062	A1/2 V	0.075
HD 281486	HIP 18886	60.73602	31.93178	354.77	m	9.823	2.073	A 0 V	0.267
HIP 75285		230.72552	37.87559	354.82	m	9.109	1.359	K0	1.054
HD 142391	HIP 78329	239.90808	-70.24136	354.82	m	10.53	2.783	F5/7 V	0.506
HD 163738	HIP 88029	269.70852	-26.82827	354.84	m	9.238	1.488	K1 (III)	1.428
HD 15589	HIP 11595	37.36063	-36.14966	354.86	m	9.064	1.314	G8 II	1.43
HD 219722	HIP 115086	349.64815	-48.96863	354.89	m	10.47	2.718	F0 V	0.392
HD 101842	HIP 57163	175.85165	10.98515	354.94	m	9.179	1.428	K0	1.152
HD 127933	HIP 71211	218.44612	13.31701	354.94	m	9.081	1.33	K0	1.227
HIP 117982		358.96843	27.17411	355.07	m	10.09	2.337	A2	0.339
HD 80505	HIP 45655	139.59065	-49.92119	355.08	m	9.248	1.496	A1/2 IV/V	0.166
HD 124084	HIP 69456	213.30405	-59.3725	355.1	m	9.008	1.256	K1 III	1.458
HD 159940	HIP 86397	264.81319	-41.73406	355.1	m	9.297	1.545	K1 (III)	1.257
HD 139220	HIP 76505	234.37438	-18.16874	355.13	m	10.18	2.432	F5/6 V	0.655
HIP 12946		41.62574	3.31065	355.14	m	10.88	3.125	G0	0.661
HD 198854	HIP 103173	313.54923	-32.85089	355.17	m	9.312	1.56	K1 III	1.353
HD 21369	HIP 16031	51.6034	-14.14284	355.19	m	9.773	2.021	G8/K0 III	1.253
HD 210887	HIP 109630	333.12092	45.57188	355.2	m	9.273	1.521	A0	0.136
HD 119360	HIP 66967	205.87875	-37.65584	355.21	m	9.663	1.911	A3/5 V + A	0.096
HD 327547	HIP 77625	237.72119	-46.4169	355.21	m	10.32	2.573	G0	0.419
HD 181026	HIP 94870	289.59423	12.16157	355.25	m	9.144	1.391	K0	1.339
HD 20968	HIP 16046	51.6551	64.24913	355.26	m	9.469	1.716	A0	0.243
HIP 82109		251.57478	41.19136	355.28	m	9.802	2.049	A2	0.147
HIP 28544		90.38471	3.17812	355.29	m	9.763	2.01		0.357
HD 204094	HIP 105827	321.50974	12.84009	355.32	m	9.092	1.339	A3	0.258
HD 205307	HIP 106576	323.76987	-27.61222	355.32	m	9.032	1.279	A0 V	0.074
HIP 115254		350.16528	4.49683	355.33	m	10.06	2.303	F5	0.575
HIP 56969		175.17451	31.33807	355.36	m	9.264	1.511	A5	0.296
HIP 49154		150.4856	73.56864	355.36	m	10.41	2.654	F8	0.644
HD 44929	HIP 30506	96.1908	6.84153	355.39	m	9.21	1.457	A2	0.234
HD 47409	HIP 31468	98.87044	-53.7108	355.39	m	9.21	1.456	G8 III/IV	1.152
HD 208831	HIP 108620	330.06757	-48.84154	355.42	m	9.724	1.97	A2MF0/2-F3	0.38
HIP 112842		342.78019	37.6873	355.47	m	9.734	1.98	K2	1.395
HD 10290	HIP 7770	25.0005	-29.67384	355.62	m	10.12	2.365	G0 V	0.629
HD 290471	HIP 25603	82.05613	-1.94698	355.66	m	9.353	1.598	A0	0.021
HD 223161	HIP 117316	356.81923	-46.71256	355.71	m	9.881	2.126	A0 V	0.153
HD 144977	HIP 78818	241.35445	57.89095	355.73	m	9.041	1.285	K2	1.454
HIP 52996		162.61671	82.41671	355.75	m	10.66	2.9	F8	0.475
HIP 112934		343.09241	-19.70141	355.78	m	10.91	3.15		0.755
HD 165711	HIP 88919	272.25746	-37.66587	355.8	m	9.701	1.945	F0/2 V	0.43
HD 125321	HIP 69921	214.63525	9.29083	355.81	m	9.284	1.528	G0	0.556
HIP 67190		206.54086	29.49102	355.82	m	11.07	3.314	G5	0.731
HD 86468	HIP 48793	149.27125	-56.33514	355.84	m	9.476	1.72	A9 V	0.343
HD 180654	HIP 94953	289.83021	-43.10552	355.87	e	10.56	2.808	F2 V	0.472
HIP 35111		108.89993	-63.17467	355.94	m	10.54	2.78	F	0.774
HIP 25118		80.65228	-20.04077	355.95	m	9.765	2.008	A0	0.124
HD 1964	HIP 1790	5.69124	-79.31285	355.97	m	9.786	2.029	F0 V	0.447
HIP 88438		270.83989	-57.3767	355.99	m	12.87	5.114	Gp	
HIP 63463		195.07002	-47.27609	356	m	10.24	2.479	F8	0.459
HD 147610	HIP 80256	245.76837	-4.51751	356.04	m	9.501	1.743	F2 V	0.571
HD 184986	HIP 96552	294.43725	-20.8158	356.08	m	9.25	1.492	K3 III	1.837
HD 14166	HIP 10574	34.02793	-46.88459	356.09	m	9.619	1.861	G8/K0 III/IV	1.244
HD 352495	HIP 101254	307.86392	17.60268	356.1	m	9.211	1.453	K0	1.257
HIP 13427		43.22374	9.15958	356.15	m	9.955	2.197	F5	0.558
HD 132721	HIP 73459	225.18997	-2.95749	356.2	m	9.269	1.511	F6 V	0.699
HD 76410	HIP 43697	133.49994	-49.81659	356.23	m	9.22	1.461	A0 V	0.099
HIP 105649		320.98611	63.88323	356.24	m	9.742	1.983	B8	0.262
HD 7454	HIP 5761	18.48418	-46.44156	356.25	m	9.49	1.731	A5 IV	0.262
HD 55891	HIP 34889	108.28087	-39.51405	356.29	m	9.194	1.435	G8 III	1.356
HIP 19131		61.51415	67.78316	356.29	m	10.23	2.474	B8	0.382
HIP 13436		43.24394	54.53637	356.33	m	11.22	3.46	F5	0.426
HIP 56974		175.19314	51.99817	356.33	m	10.29	2.528	G 0 V	0.598
HD 214648	HIP 111969	340.20811	-57.1031	356.42	m	9.032	1.272	K1 III	1.345
HD 40617	HIP 28394	89.96145	-5.15175	356.45	m	9.234	1.474	A8/9 V	0.345
HIP 45674		139.66614	39.5813	356.5	m	10.96	3.204	G0	0.896
HIP 94891		289.65895	-35.19597	356.53	m	9.431	1.67	G0	1.274
HD 96250	HIP 54140	166.13747	-67.73652	356.66	m	9.035	1.274	FM DELTA DEL	0.528
HD 19692	HIP 14628	47.23558	-39.61573	356.74	m	9.385	1.623	K0/1 III	1.25
HIP 76224		233.56483	6.44049	356.76	m	11	3.236	F8	0.526
HIP 77837		238.40059	-37.99129	356.77	m	9.799	2.037	F3 V	0.552
HD 119561	HIP 67405	207.21345	-79.06462	356.85	m	9.813	2.051	A0/1 V	0.212
HIP 76970		235.75105	43.26537	356.86	m	10.19	2.428	A5	0.409
HD 26564	HIP 19353	62.19106	-58.48731	356.9	m	9.452	1.689	A1 V	0.094
HD 138011	HIP 75977	232.74192	-43.43492	356.92	m	9.517	1.754	K1 III	1.213
HD 135306	HIP 74697	228.98216	-42.84392	356.92	m	9.261	1.498	FM DELTA DEL	0.465
HIP 62298		191.48424	24.72468	357.01	m	10.15	2.392	F5	0.574
HIP 22631		73.03896	-19.39643	357.03	m	9.321	1.557	K0	1.35
HD 130008	HIP 72195	221.49407	-6.30852	357.06	m	9.898	2.134	A8/9 V	0.425
HIP 70263		215.652	14.24721	357.11	m	9.796	2.032	F2	0.434
HD 213562	HIP 111258	338.10886	-8.28149	357.2	m	9.447	1.682	A3 II/III	0.295
HD 136281	HIP 75169	230.41397	-46.81502	357.21	m	9.227	1.462	K2 (III)	1.615
HIP 17740		56.98765	18.66335	357.24	m	9.44	1.675	F5	0.559
HIP 57703		177.50859	-0.2558	357.26	m	10.92	3.159	G0	0.88
HD 7719	HIP 5917	19.03081	-46.83598	357.27	m	9.182	1.417	K3 III	1.508
HD 211864	HIP 110331	335.20219	-35.90465	357.29	m	9.443	1.678	F2 IV	0.405
HIP 108743		330.42688	25.05862	357.3	m	9.062	1.297	K2	1.429
HD 25182	HIP 18827	60.51974	44.7422	357.35	m	9.076	1.311	K0	1.461
HIP 72828		223.29473	-0.74345	357.37	m	10.56	2.791	F8	0.905
HD 224196	HIP 117992	359.00183	-47.94361	357.42	m	9.159	1.393	K1 III	1.212
HD 6621	HIP 5187	16.59721	-44.25714	357.42	m	10.38	2.61	F7/G0 V	0.547
HD 105735	HIP 59329	182.56564	-43.42665	357.49	m	9.06	1.294	K2/3 (III)	1.73
HIP 1060		3.29987	-30.34986	357.49	m	10.6	2.83	G2	0.598
HD 11310	HIP 8617	27.78539	6.72512	357.51	m	9.05	1.284	K0	1.047
HIP 69567		213.59466	-0.60117	357.52	m	9.363	1.597	K0	1.132
HD 346569	HIP 100848	306.70933	24.60701	357.53	m	10.57	2.804	G5	1.101
HIP 49204		150.64248	17.04644	357.55	m	10.42	2.651	A5	0.457
HIP 100837		306.68808	4.95493	357.57	m	10.25	2.48	K0	1.123
HIP 37834		116.34656	33.73613	357.59	m	10.25	2.485	F0	0.397
HD 58682	HIP 36343	112.19805	43.97836	357.66	m	9.232	1.465	F5	0.518
HD 197999	HIP 102596	311.87526	-0.4286	357.76	m	9.13	1.362	A3/5 III	0.215
HIP 90619		277.36401	-18.67164	357.76	m	9.327	1.559		1.182
HIP 70232		215.54686	5.50745	357.83	m	11.24	3.477	F8	0.405
HIP 11334		36.45966	-1.02737	357.85	m	10.79	3.021	F8	0.465
HIP 21745		70.03264	3.32273	357.91	m	10.16	2.391		0.646
HIP 83125		254.81834	-19.42917	357.93	m	9.512	1.743	G5	1.366
HIP 61572		189.2472	-21.34396	357.93	m	10.86	3.093		0.479
HD 92707	HIP 52361	160.52187	-15.37081	357.93	m	9.156	1.387	K3/4 III	1.773
HIP 74588		228.6091	33.01062	357.99	m	10.7	2.934	G3	0.894
HD 36550	HIP 25955	83.06693	-6.39637	358.05	m	9.337	1.567	B9/9.5 IV/V	0.007
HIP 62950		193.49376	24.76731	358.1	m	10.05	2.279	F5	0.385
HD 47700	HIP 32230	100.92479	59.10799	358.1	m	9.067	1.297	K2	1.467
HIP 76518		234.40939	23.4969	358.13	m	9.404	1.634	K0	1.266
HD 14822	HIP 11034	35.52758	-42.97676	358.23	m	9.565	1.794	F3 V	0.434
HD 125718	HIP 70241	215.57459	-42.02381	358.26	m	9.264	1.493	A4 V	0.196
HIP 112863		342.84301	36.92583	358.29	m	9.39	1.619	F2	0.455
HD 10460	HIP 7913	25.4265	-17.01782	358.29	m	9.812	2.041	F2 V	0.404
HD 290935	HIP 27689	87.93617	-1.89886	358.39	m	9.74	1.968	F5	0.494
HD 130416	HIP 72516	222.39805	-44.53226	358.39	m	9.528	1.756	F3 IV/V	0.423
HD 250810	HIP 28715	90.97355	31.32811	358.41	m	9.09	1.318	G0	0.99
HIP 63669		195.73663	46.7187	358.44	m	9.761	1.989	F5	0.545
HD 220985	HIP 115890	352.19271	-55.85028	358.44	m	9.598	1.826	G5 III/IV	0.931
HD 186915	HIP 97480	297.19586	-39.66773	358.5	m	9.155	1.383	F3 V	0.474
HD 111944	HIP 62851	193.24086	-7.12574	358.51	m	9.193	1.421	G6 V	0.888
HD 37663	HIP 26659	84.98664	-6.77528	358.52	m	9.158	1.385	A0 V	0.036
HD 182569	HIP 95399	291.09371	26.35138	358.53	m	9.051	1.278	A0	0.153
HIP 72774		223.14929	61.67097	358.57	m	10.11	2.336	F8	0.535
HD 80439	HIP 45881	140.33121	44.80598	358.6	m	9.811	2.038	F8	0.539
HD 28650	HIP 21085	67.78711	2.9144	358.6	m	9.025	1.252	K0 III	1.323
HD 183121	HIP 96040	292.92281	-60.99471	358.61	m	9.797	2.024	F5 IV	0.566
HD 94027	HIP 53069	162.86593	23.39992	358.63	m	9.047	1.274	G5	1.217
HD 186264	HIP 97065	295.89213	-9.06718	358.64	m	9.282	1.509	A0 III	0.4
HD 25239	HIP 18807	60.4432	32.21534	358.65	m	9.301	1.528	B 9.5V	0.191
HD 135322	HIP 74462	228.24726	41.21261	358.7	m	9.12	1.346	A5	0.283
HIP 82818		253.87856	-24.44541	358.7	m	9.831	2.057	G0	1.104
HIP 117233		356.55779	84.05349	358.72	m	9.192	1.418	A0	0.27
HD 92899	HIP 52305	160.31538	-71.63739	358.77	m	9.061	1.287	G8/K0 III	1.282
HD 41522	HIP 29059	91.95093	43.78654	358.84	m	9.134	1.36	A0	0.087
HIP 17379		55.82543	12.79394	358.84	m	9.393	1.618	M8	1.82
HD 184233	HIP 96322	293.76888	-38.46264	358.87	m	9.131	1.356	K1 III/IV	1.475
HD 284578	HIP 21840	70.43393	22.73512	358.9	m	10.45	2.673	K7	1.369
HIP 89548		274.08409	17.5281	358.91	m	9.369	1.594	A0	0.145
HIP 35895		111.00139	-3.97782	358.91	m	10	2.228		
HD 46508	HIP 30614	96.50556	-74.24087	358.91	m	9.156	1.381	K0 III	1.513
HIP 87541		268.26696	77.38397	358.91	m	9.305	1.53	F2	0.324
HIP 12806		41.14737	82.60711	358.94	m	11.76	3.982	G5	0.614
HIP 63971		196.6396	33.50406	358.96	m	10.79	3.017	F5	0.61
HD 188450	HIP 98084	299.00497	-20.4919	359.07	m	9.318	1.542	A3 III	0.333
HIP 8284		26.68674	38.92625	359.14	m	10.06	2.286	F8	0.428
HIP 61771		189.90537	30.81454	359.16	m	10.14	2.361	F5	0.41
HD 80559	HIP 45641	139.54587	-57.96632	359.18	m	9.479	1.702	A5	0.358
HD 171181	HIP 91219	279.11776	-56.00473	359.25	m	9.011	1.234	K0 III	1.37
HIP 72678		222.89759	5.64036	359.25	m	10.86	3.082	F8	0.846
HD 76919	HIP 43864	134.03468	-62.22089	359.26	m	9.204	1.427	K0 III/IV	1.4
HD 62581	HIP 37548	115.59649	-48.69861	359.27	m	9.223	1.446	K0 IIICNII	1.428
HD 11868	HIP 9181	29.545	54.34245	359.27	m	9.055	1.278	A0	0.161
HD 69859	HIP 40538	124.15766	-51.45871	359.36	m	9.148	1.37	K1 III	1.297
HD 222677	HIP 116977	355.70198	-26.48436	359.39	m	10.09	2.312	F2/3 V	0.461
HD 261488	HIP 31873	99.93336	11.50564	359.61	m	9.367	1.588	A2	0.075
HIP 107548		326.73569	30.72143	359.64	m	9.193	1.414	K2	1.474
HD 334201	HIP 100430	305.48527	29.08461	359.65	m	9.198	1.419	K5	1.576
HIP 101869		309.64248	61.00594	359.7	m	9.468	1.688	A0	0.089
HD 99388	HIP 55773	171.42229	-55.38563	359.71	m	9.358	1.578	A2 V	0.197
HIP 48856		149.48084	-21.47988	359.81	m	10.14	2.356	G0	0.286
HIP 115352		350.46807	43.35418	359.89	m	10.24	2.455	B8	0.119
HD 7502	HIP 5810	18.63531	-40.54928	359.94	m	9.141	1.36	G8 IV	1.109
HIP 89983		275.39142	78.05854	359.95	m	10.82	3.035	F8	0.35
HD 103175	HIP 57925	178.19642	-46.07608	359.98	m	9.005	1.224	K1 III	1.341
HIP 111306		338.23663	5.61453	360.13	m	10.53	2.748	F8	0.623
HD 215075	HIP 112118	340.65537	5.70252	360.16	m	9.092	1.31	K2	1.418
HIP 50876		155.82578	47.06017	360.16	m	10.58	2.802	G0	0.637
HD 1372	HIP 1387	4.33964	-71.9158	360.18	m	10.1	2.314	F3/5 (+ A)	0.396
HD 65988	HIP 39608	121.40861	64.88474	360.19	m	9.19	1.407	K0	1.322
HD 108044	HIP 60565	186.22608	-19.87062	360.21	m	9.128	1.345	K0 III	1.188
HIP 45431		138.88825	33.10175	360.23	m	9.497	1.714	G0	0.557
HD 210897	HIP 109751	333.46502	-14.86963	360.23	m	10.06	2.281	A8/9 V	0.351
HD 5727	HIP 4543	14.54319	-50.01712	360.3	m	9.829	2.046	A8/9 V	0.283
HIP 10158		32.65944	73.24444	360.36	m	9.024	1.24	G5	1.389
HIP 17721		56.92842	62.88445	360.38	m	9.456	1.672	A2	0.469
HD 108060	HIP 60572	186.2395	-2.33781	360.41	m	9.774	1.99	A7 III/IV	0.348
HIP 76667		234.83955	33.51793	360.46	m	10.95	3.167	F8	0.482
HIP 13260		42.65347	-0.68808	360.48	m	10.1	2.315	F8	0.667
HD 131649	HIP 72576	222.58889	71.83334	360.49	m	9.007	1.223	K0	1.146
HIP 92331		282.26923	5.50435	360.52	m	9.345	1.56	K0	1.622
HIP 52254		160.14806	-78.49252	360.52	m	9.116	1.331	K5	1.831
HIP 93779		286.47528	77.18253	360.56	m	9.116	1.331	K0	1.473
HD 6492	HIP 5096	16.33416	-38.81721	360.59	m	9.183	1.398	A9 V	0.334
HD 19531	HIP 14453	46.63828	-50.5373	360.63	m	9.329	1.544	A2/3 V	0.205
HIP 59075		181.72531	-79.7211	360.72	m	9.544	1.758	K0	1.411
HIP 3433		10.95419	84.24527	360.73	m	10.58	2.795	F0	0.549
HD 144337	HIP 78974	241.82229	-44.27742	360.76	m	9.284	1.498	F0/2 V	0.448
HD 123926	HIP 69382	213.04274	-56.27389	360.79	m	9.163	1.377	K0/1 III	1.45
HD 34526	HIP 24687	79.43143	-10.97935	360.8	m	9.726	1.94	A2/3 III	0.368
HD 115944	HIP 65107	200.14518	-7.48323	360.8	m	9.295	1.509	K0/1 (III)	1.189
HD 141710	HIP 78073	239.11247	-72.80095	360.83	m	9.029	1.243	G0/2 IV/V	0.778
HD 136483	HIP 75234	230.60576	-40.92674	360.84	m	9.105	1.318	F5 IV	0.537
HIP 1512		4.71334	1.06299	360.85	m	10.41	2.625		1.274
HD 217391	HIP 113616	345.16961	-29.06415	360.94	m	10.17	2.387	F3/5 V	0.447
HIP 109429		332.55123	67.75918	360.95	m	9.729	1.942	F8	1.287
HD 220193	HIP 115391	350.62049	-59.97475	361.01	m	9.027	1.239	K1 III	1.389
HIP 789		2.44291	36.47376	361.02	m	10.06	2.274	F8	0.507
HD 140104	HIP 76960	235.71561	-28.19389	361.1	m	9.295	1.507	G3 V (+ F/G)	0.868
HIP 61892		190.24769	-10.44204	361.11	m	11.21	3.422		0.168
HD 150885	HIP 82177	251.84077	-58.98056	361.12	m	9.138	1.35	G8/K0 III	1.185
HD 3269	HIP 2831	8.97624	6.36263	361.14	m	9.322	1.534	K0	1.29
HD 149993	HIP 81762	250.50387	-61.86416	361.17	m	9.09	1.301	K0/1 III	1.39
HD 32604	HIP 23376	75.39341	-52.05261	361.24	m	9.256	1.467	A5 IV/V	0.18
HD 41050	HIP 28115	89.13739	-70.28952	361.26	m	9.051	1.262	G5/8 III	1.049
HD 146401	HIP 79902	244.64336	-51.55187	361.26	m	9.023	1.234	G8/K0 III	1.254
HIP 82953		254.27159	39.10491	361.34	m	10.61	2.82	G0	0.556
HIP 40467		123.94227	62.13233	361.4	m	9.906	2.116	G0	0.593
HD 17494	HIP 13013	41.81909	-34.78747	361.47	m	9.154	1.364	K2 III	1.39
HD 13282	HIP 9853	31.68963	-68.86106	361.53	m	10.62	2.827	A9 V	0.318
HD 214257	HIP 111791	339.64871	-63.5726	361.54	m	9.091	1.3	G8/K1 III/VP	1.093
HD 2172	HIP 2053	6.51069	41.53392	361.6	m	9.143	1.352	A0	0.079
HD 195351	HIP 100605	306.01481	75.25376	361.63	m	9.468	1.677	M8	1.504
HIP 75242		230.62186	-24.30371	361.73	m	10.21	2.42	F0	0.639
HD 11254	HIP 8678	27.92238	45.8106	361.77	m	9.368	1.576	A0	0.216
HD 92032	HIP 52033	159.47362	15.00861	361.78	m	9.419	1.627	A2	0.201
HIP 101885		309.70076	-38.44381	361.8	m	10.28	2.483	F8	0.627
HD 24318	HIP 15974	51.41704	-85.94622	361.8	m	9.23	1.438	F0 V	0.336
HIP 112273		341.12078	40.77205	361.8	m	10.32	2.533	A 7 IV-V	0.405
HD 36363	HIP 25849	82.7696	-3.93345	361.82	m	9.5	1.708	F3/5 V	0.541
HD 58868	HIP 36061	111.47659	-35.59305	361.84	m	9.614	1.821	AP (SICR)	0.198
HD 168830	HIP 89930	275.24664	22.01292	361.84	m	9.1	1.307	A	0.309
HIP 65837		202.43548	37.60133	361.85	m	9.329	1.536	K 0 III	1.334
HD 235637	HIP 107784	327.5275	52.77148	361.92	m	9.479	1.686	A2	0.131
HD 145021	HIP 78856	241.45844	56.68368	361.92	m	9.321	1.528	A0	0.176
HD 47627	HIP 32048	100.43793	44.02537	361.96	m	9.951	2.158	F5	0.513
HIP 15950		51.3444	50.79427	362	m	10.35	2.552	A7	0.494
HIP 70910		217.51372	47.62423	362	m	9.846	2.052	F5	0.475
HIP 21693		69.86341	-4.93246	362.03	m	9.378	1.584	A0	0.141
HIP 54153		166.1703	-70.78856	362.11	m	9.143	1.349	G5	1.139
HD 47009	HIP 31497	98.95239	-13.74711	362.21	m	9.081	1.286	AP EUCR(SR)	0.213
HD 218598	HIP 114391	347.51286	-58.04209	362.23	m	9.737	1.942	G6 IV/V	1.087
HD 121659	HIP 68259	209.60468	-58.73841	362.25	m	9.871	2.076	A0/1 IV/V	0.256
HD 200592	HIP 104231	316.77972	-60.95294	362.26	m	9.146	1.351	K0 III	1.256
HIP 50273		153.97326	44.23808	362.32	m	10.57	2.777	G0	0.432
HIP 2466		7.84176	63.33072	362.34	m	9.926	2.13		0.244
HIP 17228		55.34753	46.50205	362.42	m	10.75	2.955	F8	0.624
HIP 81314		249.11465	-60.90705	362.42	m	9.178	1.382	G5	1.352
HD 106258	HIP 59626	183.40987	-38.79906	362.46	m	9.209	1.413	K1/2 III	1.383
HD 87817	HIP 49453	151.4514	-57.65783	362.49	m	9.031	1.235	A1 V	0.07
HIP 200		0.63548	-33.99263	362.49	m	10.29	2.497	F2	0.407
HD 4497	HIP 3615	11.58541	-58.26745	362.49	m	9.278	1.482	K3 III	1.445
HD 132030	HIP 73077	224.03183	29.88147	362.5	m	9.436	1.639	A5	0.319
HIP 64945		199.69139	11.65156	362.5	m	9.227	1.43	A2	0.207
HD 251838	HIP 29060	91.95235	30.10631	362.51	m	10.1	2.304	G0	0.603
HD 14472	HIP 10966	35.31218	37.42311	362.54	m	9.219	1.422	A3	0.172
HD 214818	HIP 112011	340.33528	-40.47656	362.57	m	10.51	2.71	F2/3 V	0.364
HIP 80540		246.65745	-52.08189	362.63	m	10.94	3.14	G0+...	0.74
HIP 71695		219.99369	10.82859	362.64	m	10.18	2.384	G5	0.867
HIP 95654		291.85218	38.15544	362.73	m	9.384	1.586	F5	0.489
HD 107993	HIP 60532	186.13248	-12.28223	362.8	m	9.399	1.601	K0/1 III/IV	1.363
HIP 59561		183.21849	27.56008	362.86	m	9.296	1.497	K1III	1.449
HD 37480	HIP 26558	84.70916	-4.27178	362.88	m	9.164	1.365	A0 V	0.041
HD 233828	HIP 55498	170.48914	50.68816	362.9	m	9.484	1.685	F8	0.488
HD 74971	HIP 43188	131.97783	21.44256	362.94	m	9.775	1.976	A5	0.295
HD 38615	HIP 26945	85.75836	-60.86827	362.97	m	9.243	1.444	A0 V	0.102
HD 72190	HIP 41789	127.80648	-9.44038	362.97	m	9.116	1.317	A0/1 V	0.109
HD 44324	HIP 30012	94.74619	-45.89217	362.97	m	9.074	1.275	G6 III	1.086
HD 237334	HIP 23008	74.23488	56.68984	363.01	m	9.437	1.637	K2	1.329
HD 239620	HIP 105004	319.00755	57.41577	363.03	m	9.66	1.86	A0	0.299
HIP 36077		111.50924	14.1	363.06	m	9.371	1.571	G5	0.059
HIP 39016		119.76026	61.35114	363.07	m	9.036	1.236	K0	1.351
HD 198830	HIP 103290	313.89027	-56.74199	363.07	m	9.888	2.088	A9 V	0.28
HD 94125	HIP 53088	162.91523	-15.84702	363.09	m	9.202	1.402	A4 V	0.225
HIP 31120		97.9566	40.18673	363.1	m	10.43	2.633	F8	0.518
HIP 54620		167.68557	20.29695	363.11	m	10.55	2.747	B8	0.432
HIP 69024		211.95828	28.5453	363.15	m	11.4	3.6		0.625
HD 287271	HIP 23163	74.74943	12.96067	363.16	m	9.472	1.671	F2	0.473
HD 185852	HIP 97258	296.49848	-67.28631	363.23	m	9.284	1.483	G5 V	1.074
HIP 100625		306.06199	-39.74284	363.23	m	12.39	4.591		
HD 11895	HIP 9129	29.42345	39.28845	363.23	m	9.293	1.492	A2	0.149
HD 330929	HIP 81123	248.52397	-48.56769	363.25	m	10.42	2.623	F8	0.457
HIP 68315		209.76574	28.29151	363.3	m	10.11	2.313	G0	0.481
HD 214125	HIP 111693	339.38506	-58.76535	363.31	m	9.274	1.473	K0 III	1.257
HD 3456	HIP 2963	9.40766	9.64144	363.32	m	9.114	1.313	K2	1.446
HD 221086	HIP 115973	352.45642	-71.6632	363.35	m	9.117	1.315	G8/K0 III	1.216
HIP 59234		182.23155	18.30408	363.38	m	10.57	2.769	F5	0.529
HD 166048	HIP 88863	272.14063	9.01365	363.39	m	9.266	1.464	A2	0.36
HD 38419	HIP 27460	87.22605	55.58614	363.4	m	9.081	1.279	A0	0.115
HD 156403	HIP 84396	258.81795	43.74515	363.45	m	9.441	1.639	K0	1.353
HIP 72836		223.31567	63.387	363.45	m	10.09	2.289	K0	1.218
HD 236646	HIP 5582	17.89694	56.80214	363.45	m	9.074	1.272	A0	0.087
HD 35161	HIP 25087	80.56107	-16.01398	363.46	m	9.127	1.325	B9.5 V	0.017
HD 84829	HIP 48183	147.31776	46.6218	363.48	m	9.052	1.25	A2	0.164
HD 201170	HIP 104497	317.51836	-54.74732	363.52	m	9.073	1.27	K1 III	1.432
HIP 25019		80.35469	-77.69551	363.6	m	9.551	1.748		1.415
HIP 68655		210.80148	-48.40781	363.63	m	10.34	2.54	F5	0.399
HD 16129	HIP 12076	38.9259	10.12248	363.7	m	9.136	1.332	K5	1.423
HD 21380	HIP 16056	51.69742	-2.38656	363.76	m	9.694	1.89	F2 V	0.548
HD 91753	HIP 51893	159.03208	27.28643	363.78	m	9.505	1.701	A2	0.167
HIP 78750		241.16502	37.32398	363.79	m	10.7	2.894	F8	0.631
HD 8769	HIP 6841	22.00503	61.32499	363.84	m	9.319	1.514	B9V	0.082
HD 134699	HIP 74361	227.95125	-15.23145	363.84	m	9.23	1.425	K0 III	1.462
HIP 64533		198.41176	38.21322	363.86	m	9.01	1.205	K 0 III	1.34
HD 1869	HIP 1808	5.7373	-20.65657	363.89	m	10.37	2.562	A8/9 V	0.406
HD 38352	HIP 27117	86.25547	-2.50172	363.94	m	9.168	1.363	A0 V	0.087
HD 170278	HIP 90648	277.43766	-29.82721	363.96	m	9.043	1.238	G8 V	1.141
HIP 38684		118.80224	54.16268	363.98	m	9.81	2.005	A5	0.305
HD 223106	HIP 117272	356.6992	-28.78629	364.01	m	9.213	1.407	K1/2 III	1.456
HD 16124	HIP 11882	38.31536	-57.02586	364.07	m	9.492	1.686	A3MA3-A8	0.166
HD 136310	HIP 75064	230.09176	-12.19021	364.11	m	9.582	1.776	G6 IV	1.155
HIP 16569		53.33333	3.44026	364.11	m	10.6	2.793	F2	0.379
HD 183082	HIP 95658	291.86174	11.08618	364.14	m	9.74	1.934	A0	0.333
HD 124682	HIP 69621	213.74675	1.89659	364.19	m	9.211	1.404	F3/5 III	0.474
HIP 2594		8.22528	8.27982	364.19	m	10.16	2.354	K0	0.743
HD 223658	HIP 117649	357.90274	-54.08122	364.21	m	9.542	1.735	F5 V	0.528
HIP 113613		345.16494	44.55484	364.22	m	9.694	1.887	A2	0.324
HD 232120	HIP 837	2.56801	50.8849	364.22	m	9.048	1.241	K0	1.339
HIP 116915		355.48212	-1.09817	364.24	m	9.656	1.849	K0	1.35
HIP 78438		240.20368	-29.90004	364.24	m	10.13	2.326	F5	0.684
HD 79069	HIP 45048	137.63406	-42.15341	364.24	m	9.013	1.206	K1 III	1.335
HD 41755	HIP 28990	91.76262	0.81765	364.27	m	9.009	1.202	B9 V	0.077
HD 156885	HIP 85011	260.62733	-48.65946	364.28	m	9.46	1.653	F3 IV	0.511
HD 15236	HIP 11214	36.08631	-64.90454	364.29	m	9.697	1.89	F5 IV	0.583
HD 217424	HIP 113582	345.08271	24.66577	364.31	m	9.745	1.938	B8	0.236
HD 202256	HIP 104803	318.48411	24.54054	364.33	m	9.179	1.372	F0	0.301
HD 138322	HIP 75958	232.70308	17.43995	364.34	m	9.057	1.249	A	0.163
HD 110274	HIP 61931	190.37901	-58.92345	364.4	m	9.505	1.697	AP EUCR	0.301
HD 41540	HIP 28577	90.46732	-60.22606	364.42	m	9.4	1.592	G8WG(2)	1.042
HIP 16863		54.2511	50.94028	364.42	m	11.67	3.866		0.438
HD 171210	HIP 91207	279.08758	-52.8834	364.46	m	9.266	1.458	G8 III	1.094
HIP 77822		238.36753	1.24176	364.51	m	10.69	2.881	G0	0.448
HIP 10665		34.31091	16.8899	364.58	m	9.269	1.46	K2	1.431
HD 126879	HIP 70766	217.08545	-7.81567	364.59	m	9.554	1.745	A1/2 III	0.219
HD 15168	HIP 11365	36.6006	-3.87755	364.63	m	9.141	1.332	F3 IV/V	0.544
HD 19965	HIP 14883	48.02446	-14.23976	364.68	m	9.079	1.269	K1 III	1.208
HD 240338	HIP 116483	354.04226	58.7818	364.68	m	9.432	1.622	B8V	0.437
HD 105859	HIP 59388	182.75201	56.10772	364.7	m	9.086	1.276	F5	0.312
HD 13316	HIP 10087	32.42421	-19.60696	364.71	m	9.007	1.197	K1 III	1.315
HIP 65880		202.56346	-30.42512	364.82	m	12.03	4.219	Fp	0.642
HIP 17502		56.22012	9.3074	364.88	m	10.63	2.818	F0	0.544
HIP 9139		29.45208	12.94317	364.89	m	9.203	1.392	K2	1.474
HD 28238	HIP 20816	66.89981	6.61198	364.9	m	9.191	1.38	A0	0.268
HD 25280	HIP 18751	60.248	-4.71567	364.91	m	9.319	1.508	G3 III/IV	0.876
HIP 105339		320.05197	61.12705	364.93	m	9.541	1.73	A2	0.225
HD 62401	HIP 37340	114.97574	-61.69047	364.95	m	9.082	1.271	K0 III	1.296
HD 103345	HIP 58015	178.49052	-56.86026	364.96	e	9.001	1.19	B9.5 IV	0.001
HIP 63198		194.21625	50.80069	364.97	m	10.37	2.554	K2	1.174
HD 96861	HIP 54472	167.17248	-49.66205	365.09	m	9.069	1.257	A1 V	0.112
HD 208834	HIP 108355	329.27237	58.38643	365.13	m	9.056	1.244	A0	0.138
HIP 22182		71.58736	44.89037	365.14	m	12.28	4.466		
HD 102084	HIP 57295	176.21737	-2.03838	365.26	m	9.508	1.695	F3 V	0.44
HIP 88253		270.32335	12.10534	365.28	m	9.433	1.62	K0	1.306
HIP 74648		228.79716	-2.88687	365.28	m	10.82	3.004	F8	0.487
HD 31967	HIP 23219	74.94974	-3.60446	365.37	m	9.405	1.591	A9/F0 IV	0.386
HD 64317	HIP 38346	117.80919	-45.70765	365.51	m	9.482	1.667	G6 IV	1.274
HD 32158	HIP 23438	75.57359	29.99501	365.57	m	9.408	1.593	F5	0.39
HIP 81568		249.88404	-78.57556	365.6	m	9.316	1.501		1.498
HIP 81973		251.18512	35.00724	365.61	m	9.514	1.699	K2	1.37
HD 111303	HIP 62564	192.2799	-61.06674	365.62	m	9.127	1.312	F0 IV	0.545
HIP 19954		64.18921	-14.85972	365.64	m	9.238	1.423	K2	1.269
HD 126337	HIP 70544	216.46658	-38.04602	365.69	m	9.358	1.542	F5 IV	0.505
HIP 55747		171.33157	24.39957	365.7	m	9.834	2.018	F5	0.389
HD 8499	HIP 6505	20.88733	-35.31931	365.71	m	10.11	2.294	A0 V	0.062
HIP 46539		142.37833	43.83736	365.72	m	10.6	2.783	G0	0.785
HD 236648	HIP 5602	17.96261	58.6689	365.77	m	9.213	1.397	K2	1.502
HIP 73315		224.73302	-0.94807	365.78	m	9.823	2.007	A5	0.324
HD 135884	HIP 74993	229.86369	-48.50826	365.78	m	9.379	1.563	K1 III	1.431
HD 6483	HIP 5128	16.41616	-16.60172	365.79	m	10.45	2.629	F3/5	0.52
HIP 43124		131.7514	-61.19873	365.82	m	9.555	1.739	G8	1.635
HIP 27526		87.43151	-28.32044	365.84	m	10.76	2.94	Gp	0.423
HD 135368	HIP 74646	228.78192	-15.15329	365.84	m	9.116	1.3	K0 IIICNII	1.412
HD 214676	HIP 111787	339.63692	60.76946	365.87	m	9.136	1.319	A0	0.267
HIP 40686		124.59062	12.56198	365.88	m	9.425	1.608	F5	0.378
HD 290240	HIP 24851	79.9171	-1.3562	365.88	m	9.174	1.357	B 9 V	0.031
HIP 114957		349.25933	39.62684	365.9	m	9.6	1.783	A5	0.378
HD 311475	HIP 45825	140.15504	-71.08305	365.91	m	9.072	1.255	K2	1.446
HD 144656	HIP 78745	241.14724	51.4641	365.92	m	9.793	1.976	K0	0.493
HIP 62928		193.44194	20.65085	365.94	m	9.531	1.714	F5	0.388
HD 319539	HIP 84124	257.9736	-36.04743	365.95	m	10.09	2.269	F0	0.58
HIP 69142		212.30277	43.8013	366.01	m	9.569	1.752	G5	1.241
HD 290915	HIP 27794	88.23079	0.16401	366.01	m	10.12	2.3	A 3 V	0.17
HD 151295	HIP 82151	251.74433	-11.60425	366.06	m	9.489	1.671	G8/K0 III	1.521
HD 185259	HIP 96835	295.22921	-53.27565	366.07	m	9.027	1.209	K2 III	1.463
HD 127934	HIP 71241	218.53618	-1.48248	366.11	m	9.286	1.468	K3 III	1.48
HD 201061	HIP 104409	317.2702	-50.6699	366.13	m	9.01	1.192	K1 III	1.325
HD 178569	HIP 94032	287.16411	13.18899	366.15	m	9.358	1.54	A0	0.13
HD 110954	HIP 62301	191.50143	-40.04074	366.21	m	9.28	1.461	K2 III	1.351
HIP 114766		348.71649	43.3313	366.27	m	10.17	2.353	A5	0.497
HD 36174	HIP 25845	82.76238	26.5842	366.3	e	9.069	1.25	F5	0.916
HD 113689	HIP 63979	196.65638	-64.56023	366.3	e	9.137	1.318	A9 V	0.445
HIP 38476		118.20711	-39.35409	366.38	m	9.318	1.498	K0	1.166
HIP 100339		305.23473	-31.16408	366.43	m	10.2	2.381	G0	0.689
HIP 76145		233.29053	-50.732	366.47	m	10.93	3.107	F8	0.258
HD 125872	HIP 70594	216.59414	-73.36791	366.5	m	9.286	1.466	A2 V	0.229
HD 85548	HIP 48434	148.12036	-2.99897	366.5	m	9.063	1.243	K0 III	1.344
HIP 2211		6.9866	68.92583	366.51	m	9.332	1.512	B8	0.313
HD 93258	HIP 52662	161.52723	0.09769	366.57	m	9.135	1.314	A1 V	0.161
HD 241402	HIP 24170	77.84653	14.69832	366.57	m	10.71	2.893	F5	0.662
HD 173050	HIP 92213	281.89573	-62.52567	366.69	m	9.184	1.362	K1 III	1.444
HIP 55643		170.98163	41.94574	366.7	m	10.57	2.747	F0	0.305
HD 134151	HIP 74042	226.98081	14.95764	366.71	m	9.382	1.56	K0	1.536
HIP 106385		323.20621	-0.88315	366.71	m	10.06	2.242	F8	0.546
HIP 65428		201.15912	5.66556	366.72	m	9.355	1.533	K0	1.073
HIP 12400		39.91482	-15.03935	366.73	m	10.38	2.557	F8	0.623
HIP 82784		253.77183	-49.702	366.74	m	9.78	1.958	G5	1.309
HD 878	HIP 1047	3.26713	-23.93908	366.76	m	10.03	2.209	G0 V	0.673
HIP 87348		267.72845	-44.11419	366.76	m	10.34	2.521	F8	0.591
HIP 11761		37.93903	-21.16961	366.78	m	11.67	3.849		
HD 4072	HIP 3387	10.76209	-19.18146	366.8	m	10.31	2.491	F0 V	0.39
HD 17957	HIP 13222	42.55349	-62.20627	366.82	m	9.728	1.906	F0 IV	0.352
HD 36513	HIP 25915	82.96346	-7.71616	366.84	m	9.456	1.634	B9 V	0.072
HIP 109718		333.35785	21.12771	366.86	m	9.73	1.908	G5	1.136
HD 206776	HIP 107290	325.97861	19.91956	366.86	m	9.249	1.426	F2	0.404
HD 89537	HIP 50541	154.8514	-25.28755	366.91	m	9.13	1.307	K3 III	1.556
HD 192196	HIP 99906	304.05822	-53.75662	366.91	m	9.403	1.58	G8/K0III:	1.268
HIP 3836		12.31067	61.16813	366.94	m	9.152	1.329	K 0 V	1.322
HIP 76347		233.90984	35.0835	366.95	m	9.069	1.246	K0	1.304
HIP 61988		190.56186	46.03707	366.98	m	9.708	1.885	G8III	1.124
HD 11807	HIP 8955	28.82925	-24.55823	367.01	m	9.14	1.317	F2 V	0.442
HD 124362	HIP 69550	213.55266	-42.18438	367.03	m	9.095	1.271	F0 V	0.382
HIP 64839		199.37632	52.20746	367.07	m	10.08	2.256	F8	0.636
HIP 88593		271.34013	11.96217	367.13	m	9.755	1.931	K5	1.535
HD 28520	HIP 20969	67.43941	-0.91989	367.13	m	9.647	1.823	Ap SrEuCr	0.18
HD 238511	HIP 77557	237.52428	59.01302	367.15	m	9.105	1.281	K5	1.266
HD 16282	HIP 12334	39.70891	54.4273	367.19	m	9.726	1.902	A0	0.231
HIP 113284		344.09956	-37.76086	367.22	m	10.24	2.416	F2	0.512
HD 82323	HIP 46550	142.39924	-50.32238	367.22	m	9.192	1.367	A2 V	0.11
HIP 47740		145.97919	22.06734	367.25	m	9.079	1.254	K0	1.221
HIP 24443		78.6562	61.34326	367.25	m	9.159	1.334	G5	1.385
HIP 60289		185.43691	45.46419	367.26	m	9.401	1.576	K0III	1.232
HD 78306	HIP 44631	136.41746	-47.53966	367.28	m	9.094	1.269	A0 V	0.03
HD 182529	HIP 95706	292.00778	-55.08159	367.28	m	9.02	1.195	K0 III	1.012
HIP 40175		123.07036	39.69978	367.33	m	10.98	3.153	F8	0.725
HIP 57786		177.74384	-41.73937	367.39	m	9.537	1.711	K5	1.32
HD 139484	HIP 76622	234.71395	-13.00774	367.42	m	9.896	2.07	K0 III/IV	1.306
HD 206076	HIP 107117	325.45588	-58.83262	367.48	m	9.018	1.192	K0 III	1.341
HIP 86984		266.63116	16.41192	367.5	m	10.58	2.75	F5	0.435
HD 179008	HIP 94392	288.18376	-42.0813	367.53	m	10.55	2.724	F3/5 V	0.574
HD 179290	HIP 94358	288.08223	-8.93598	367.58	m	9.18	1.353	B9 IV/V	0.174
HD 77856	HIP 44677	136.5806	41.70607	367.64	m	9.32	1.493	F2	0.359
HD 174578	HIP 92610	283.05524	-25.34959	367.72	m	9.658	1.83	K0W(F)	1.439
HD 181910	HIP 95240	290.65781	-8.75536	367.73	m	9.288	1.46	A0 V	0.312
HD 120304	HIP 67427	207.28715	-27.25485	367.73	m	9.193	1.365	K0 III	1.323
HD 17162	HIP 12877	41.38579	10.80888	367.76	m	9.242	1.414	A5	0.466
HD 335871	HIP 89613	274.31262	25.01625	367.8	m	10.08	2.251	A0	0.239
HIP 16655		53.5757	44.2699	367.81	m	9.428	1.6	F0	0.497
HD 49648	HIP 32670	102.21069	-15.43653	367.82	m	9.36	1.532	B9.5 V	0.1
HIP 31818		99.78584	67.88183	367.82	m	10.86	3.031	F0	0.47
HD 112587	HIP 63266	194.46371	-5.3101	367.86	m	9.988	2.16	A1 V	0.21
HIP 62139		191.03551	30.1516	367.88	m	9.932	2.103	G9III	1.298
HD 175446	HIP 92878	283.87115	-2.82357	367.91	m	9.525	1.696	K1 III	1.723
HD 146878	HIP 79928	244.70658	-10.7861	367.95	m	9.573	1.744	A9 V	0.446
HD 7135	HIP 5567	17.8569	-19.58276	367.98	m	9.837	2.008	F2 V	0.409
HD 193894	HIP 100496	305.684	0.23942	368.02	m	9.035	1.206	A0 V	0.096
HD 81392	HIP 46184	141.25318	-12.07976	368.03	m	9.398	1.569	A1 V + (G/K)	0.312
HD 47685	HIP 31867	99.92467	-5.38512	368.08	m	10.08	2.247	F3 V	0.555
HD 60568	HIP 36865	113.68506	-11.12663	368.09	m	9.12	1.29	A3 II	0.33
HD 87577	HIP 49386	151.23506	-39.11802	368.1	m	9.091	1.261	K1/2 III	1.437
HD 74237	HIP 42458	129.84842	-63.55143	368.11	m	9.564	1.734	A8 V	0.378
HD 118907	HIP 66737	205.18418	-42.35495	368.13	m	9.343	1.513	K1 III	1.131
HIP 62444		191.96442	1.18223	368.21	m	9.749	1.918	K0	1.071
HD 188517	HIP 98167	299.24529	-37.46767	368.29	m	9.733	1.902	F2 V	0.445
HIP 78257		239.67297	30.7916	368.3	m	11.72	3.891	G	0.3
HD 34607	HIP 24731	79.54929	-12.48315	368.32	m	9.891	2.06	A0 V	-0.016
HD 196949	HIP 102107	310.38714	-31.64312	368.34	m	9.018	1.187	K1 III	1.472
HIP 63478		195.10609	60.9049	368.36	m	10.02	2.185	F8	0.528
HD 143241	HIP 78205	239.53534	33.02879	368.4	m	9.609	1.777	F8	0.574
HD 20042	HIP 15094	48.68334	39.91014	368.41	m	9.194	1.362	A0	0.104
HD 98557	HIP 55335	169.97723	-50.8619	368.44	m	9.225	1.393	K2 III	1.491
HD 213703	HIP 111249	338.08431	51.92707	368.48	m	9.294	1.462	A2	0.152
HD 14370	HIP 11077	35.64617	68.42331	368.49	m	9.358	1.526	B8	0.346
HIP 75422		231.13885	43.23429	368.52	m	9.041	1.209	K0	1.449
HD 173238	HIP 91660	280.37654	52.59507	368.55	m	9.084	1.252	A2	0.112
HIP 43916		134.19425	42.47292	368.56	m	10.89	3.056	F8	0.5
HD 121036	HIP 67843	208.45131	-32.69792	368.58	m	9.543	1.71	F2 V	0.421
HD 124029	HIP 69372	213.01014	-40.5905	368.59	m	9.522	1.689	A2/3 V	0.245
HD 26685	HIP 19965	64.21772	60.33218	368.66	m	9.006	1.173	A2	0.391
HIP 81388		249.32091	43.89012	368.67	m	9.349	1.516	K0	1.493
HIP 91141		278.8838	33.68312	368.69	m	11.11	3.274	G0	0.45
HD 248291	HIP 27649	87.7992	23.87283	368.71	m	9.606	1.773	G0	0.494
HIP 12616		40.54667	14.60199	368.72	m	9.078	1.244	K0	1.383
HD 208005	HIP 107980	328.13144	35.18008	368.74	m	9.018	1.184	A0	0.094
HD 268006	HIP 33915	105.57392	27.75151	368.74	m	10.84	3.003	F5	0.333
HD 37322	HIP 26448	84.40895	-3.65493	368.77	m	9.816	1.982	A0 IV	0.043
HD 200904	HIP 104335	317.0299	-48.60453	368.78	m	10.66	2.827	F0 (V)	0.436
HD 281610	HIP 19364	62.22595	33.97907	368.81	m	9.305	1.471	B8	0.097
HD 92795	HIP 52362	160.52701	-42.87797	368.84	m	9.102	1.268	F2 V	0.393
HIP 117304		356.77674	-31.9094	368.85	m	10.12	2.283	F5	0.53
HD 85771	HIP 48605	148.68261	27.35311	368.87	m	9.088	1.254	K0	1.31
HD 101829	HIP 57194	175.91118	66.85665	368.91	m	9.001	1.166	K0	1.387
HD 50708	HIP 33095	103.40092	-20.49378	368.91	m	9.894	2.059	A3/5 V	0.176
HIP 108351		329.26775	37.91045	368.92	m	9.576	1.741	F8	0.546
HD 208374	HIP 108591	329.96819	-73.89204	368.94	m	9.144	1.309	G8 III	1.344
HIP 81035		248.25639	16.54395	369.07	m	10.07	2.237	K0	1.267
HD 46665	HIP 31286	98.42136	-22.69595	369.1	m	9.453	1.617	AP EUSRCR	0.152
HD 156687	HIP 84863	260.16791	-36.68274	369.13	m	9.363	1.527	G8/K0 III	1.651
HIP 106282		322.89894	12.90746	369.14	m	9.008	1.172	K0	1.411
HD 201497	HIP 104582	317.783	-37.28351	369.15	m	9.495	1.659	F2 V	0.391
HD 75314	HIP 41796	127.83318	-84.68503	369.17	m	9.052	1.216	K1 III	1.342
HIP 66770		205.28364	28.71057	369.18	m	10.29	2.45	K0	0.872
HD 180180	HIP 94750	289.19936	-31.42859	369.24	m	9.804	1.967	A8 IV	0.284
HD 1847	HIP 1826	5.78418	48.21018	369.25	m	9.32	1.483	A0	0.064
HD 97564	HIP 54808	168.30436	-46.48177	369.27	m	9.403	1.566	K0 III	1.223
HIP 30251		95.45226	-15.10869	369.27	m	9.481	1.644	A 1 V	0.311
HD 155976	HIP 84662	259.61571	-59.21952	369.27	m	9.206	1.369	K1 III	1.25
HD 29633	HIP 21744	70.03121	3.31992	369.27	m	9.676	1.839	A0 V + (A)	0.255
HIP 66373		204.09577	79.40614	369.28	m	10.05	2.215	G0	0.488
HIP 10752		34.57706	10.74893	369.28	m	11.23	3.389	G5	0.37
HD 33637	HIP 24183	77.88955	-1.16135	369.28	m	9.755	1.918	A1 V	0.151
HD 187188	HIP 97926	298.51736	-69.54135	369.35	m	10.18	2.344	F2/3 V	0.46
HD 158524	HIP 85658	262.58184	-11.62153	369.37	m	9.282	1.445	M3 (III)	2.282
HIP 64107		197.06671	32.04653	369.37	m	10.09	2.252	F0	0.318
HD 88250	HIP 49803	152.48576	-29.2857	369.37	m	9.176	1.339	K2 III	1.487
HIP 13703		44.11029	44.09133	369.45	m	9.172	1.334	K0	1.144
HD 209169	HIP 108739	330.41372	-19.02783	369.51	m	10.48	2.646	K2 III	1.241
HIP 51481		157.72676	0.801	369.53	m	9.943	2.105	A2	0.348
HD 187658	HIP 97672	297.74983	5.0949	369.57	m	9.308	1.47	A0	0.136
HD 46937	HIP 31175	98.12562	-57.88157	369.59	m	9.967	2.128	A2 V	0.119
HD 226221	HIP 97724	297.89016	39.71384	369.6	m	9.065	1.226	A0	0.061
HIP 1235		3.84146	62.69623	369.61	m	9.206	1.367	F 2 III	0.658
HD 87787	HIP 50675	155.22207	85.43383	369.64	m	9.229	1.39	A0	0.125
HD 224227	HIP 118001	359.02953	-25.90798	369.65	m	9.009	1.17	G8 III	1.031
HD 16570	HIP 12343	39.73567	-18.19247	369.7	m	9.95	2.111	F3 V	0.457
HD 76816	HIP 44063	134.60934	-5.81363	369.74	m	9.047	1.208	A0 V	0.137
HD 110137	HIP 61805	190.00045	-0.52935	369.78	m	9.422	1.582	A2 II	0.358
HD 74819	HIP 42955	131.34053	-25.97602	369.8	m	9.263	1.423	A7 IV	0.27
HD 43145	HIP 31429	98.78685	83.76356	369.8	m	9.163	1.323	F0	0.438
HIP 105989		321.9975	63.3672	369.81	m	9.723	1.883	A5	0.447
HD 89875	HIP 50630	155.12385	-60.22755	369.87	m	9.335	1.495	F0 IV	0.491
HD 42387	HIP 29203	92.3922	-18.99797	369.89	m	9.132	1.292	A2 IV/V	0.13
HD 151496	HIP 82271	252.15102	-21.94112	369.93	m	9.032	1.191	B9 V	0.213
HD 139626	HIP 76682	234.88222	-9.58537	369.94	m	9.22	1.379	G3 V	0.807
HD 182511	HIP 95194	290.47694	55.8792	369.95	m	9.028	1.187	A0	0.173
HIP 93166		284.66029	31.53279	369.96	m	9.095	1.254	A0	0.069
HD 251803	HIP 29050	91.92998	30.68631	370	m	9.398	1.557	F0	0.428
HIP 1443		4.49199	-7.84563	370.06	m	11.23	3.39		0.454
HD 59352	HIP 36247	111.95704	-40.51906	370.07	m	9.291	1.45	A3MA3-F0	0.29
HD 206447	HIP 107158	325.58641	-5.6397	370.08	m	9.125	1.284	K2 III	1.391
HD 117270	HIP 65801	202.32406	-10.37756	370.09	m	9.196	1.354	A2 III/IV	0.145
HD 234623	HIP 89857	275.06421	54.46975	370.11	m	9.135	1.293	F2	0.399
HD 316485	HIP 87684	268.64277	-28.135	370.14	m	10.35	2.505	A7	0.298
HIP 67867		208.50962	30.88624	370.16	m	10.92	3.075	K 0 IV	1.069
HD 190032	HIP 98759	300.88508	-14.39923	370.17	m	9.81	1.968	A1 IV/V	0.244
HIP 57564		176.99642	-0.87798	370.19	m	10.98	3.141	F2	0.591
HD 1339	HIP 1416	4.43657	26.56949	370.32	m	9.178	1.335	A2	0.068
HD 288607	HIP 30147	95.15944	1.50387	370.33	m	9.723	1.88	K2	1.44
HIP 111198		337.91391	-51.22866	370.36	m	11.27	3.422	K	0.457
HD 218635	HIP 114357	347.41207	3.78842	370.37	m	9.27	1.427	G8 IV	1.194
HIP 49820		152.55373	14.06783	370.42	m	10.49	2.646	A5	0.199
HD 73343	HIP 42432	129.78557	31.79568	370.43	m	9.152	1.308	K1III+K4III	1.34
HD 37745	HIP 26716	85.16916	-3.9198	370.44	m	9.167	1.323	A0 IV/V	0.024
HIP 52582		161.28583	62.71728	370.46	m	9.525	1.681	K0	1.356
HIP 14206		45.79675	63.78142	370.47	m	10.17	2.327	A0	0.311
HD 153444	HIP 83284	255.30672	-36.70971	370.54	m	9.488	1.644	G3/5	1.076
HIP 17112		54.98153	45.39154	370.56	m	9.395	1.551	F2	0.518
HD 179242	HIP 94284	287.85622	11.5233	370.61	m	9.304	1.459	G5	1.26
HIP 16332		52.63401	71.19207	370.61	m	10.61	2.76	G	0.798
HIP 107077		325.31921	62.91916	370.62	m	9.204	1.359	A0	0.139
HIP 61121		187.89486	-51.75739	370.64	m	10.49	2.643	G5	0.582
HD 204174	HIP 105890	321.68371	3.58636	370.65	m	9.068	1.223	K2 (III)	1.336
HD 117880	HIP 66141	203.37419	-18.51508	370.68	m	9.09	1.245	B9 IV/V	0.054
HD 161452	HIP 87009	266.67939	-25.7549	370.71	m	9.132	1.287	B9.5 V	0.235
HD 39035	HIP 27506	87.36468	-12.5593	370.72	m	9.521	1.676	A1 V	0.037
HD 142518	HIP 77806	238.31377	43.38652	370.8	m	9.608	1.762	K2	1.151
HD 219441	HIP 114901	349.10891	-59.01879	370.84	m	10.43	2.58	F2 V	0.415
HIP 84023		257.63646	-13.71597	370.84	m	9.773	1.927	K0	2.006
HD 251452	HIP 28848	91.345	9.2796	370.91	m	9.009	1.163	F0	0.418
HD 136826	HIP 75512	231.40183	-59.22157	370.95	m	9.032	1.185	G8 III	1.339
HD 339667	HIP 99382	302.57168	26.5697	370.98	m	9.439	1.592	F0	0.365
HD 103129	HIP 57902	178.14702	3.152	370.99	m	9.524	1.677	G8 (IV)	1.075
HIP 69412		213.17656	22.54683	370.99	m	10.56	2.718	F8	0.807
HIP 80826		247.59285	28.94112	371.01	m	9.772	1.925	K0	1.107
HIP 40983		125.45774	11.04223	371.02	m	9.538	1.691	A5	0.253
HD 258361	HIP 30947	97.43209	8.98786	371.06	m	10.43	2.579	A	0.472
HD 18802	HIP 14173	45.68953	37.93285	371.06	m	9.14	1.293	A2	0.196
HIP 108246		328.93079	17.10898	371.07	m	9.101	1.254	A2	0.241
HD 4956	HIP 3980	12.79587	-35.39624	371.07	m	9.026	1.179	F6 V	0.62
HD 230093	HIP 92898	283.93198	12.90837	371.09	m	9.229	1.382	A2	0.199
HD 66367	HIP 39114	120.04141	-56.93069	371.11	m	9.115	1.268	K1 III	1.425
HIP 7122		22.94405	36.09389	371.14	m	9.088	1.24	A2	0.278
HD 219380	HIP 114847	348.94617	-42.58769	371.16	m	9.356	1.508	K1 III	1.18
HIP 49874		152.75666	75.16234	371.18	m	11.71	3.862	G	0.264
HD 119701	HIP 67361	207.0977	-75.79502	371.2	m	9.189	1.341	G8/K0 (III)	1.225
HD 63367	HIP 38123	117.18509	1.93916	371.22	m	9.047	1.199	B9 V	0.016
HIP 103445		314.36912	-35.52997	371.23	m	10.48	2.636	G5	0.722
HIP 93223		284.83986	-47.32984	371.25	m	9.85	2.002	F0	0.422
HIP 61533		189.09929	-15.41477	371.25	m	9.427	1.579	K0	1.41
HD 142820	HIP 78185	239.45883	-32.47171	371.26	m	9.531	1.683	G8/K0 III	1.303
HIP 14570		47.0317	0.29864	371.27	m	9.788	1.94	K2	1.388
HD 112656	HIP 63321	194.64431	-23.30394	371.28	m	9.067	1.218	K0 IV	1.266
HIP 55783		171.44759	65.29461	371.29	m	9.486	1.637	F5	0.412
HIP 84889		260.2293	-53.57227	371.39	m	9.18	1.331	G3	1.195
HIP 40075		122.79358	27.8373	371.5	m	11.53	3.679	K	0.789
HD 122721	HIP 68740	211.06072	-33.10555	371.51	m	9.256	1.406	K0 III	1.271
HD 103180	HIP 57914	178.17744	-60.54059	371.52	m	9.122	1.272	F0 III/IV	0.526
HD 133914	HIP 74010	226.87452	-16.40545	371.53	m	9.304	1.454	K1 III	1.498
HD 162459	HIP 87509	268.18998	-36.25298	371.55	m	10.14	2.288	F0 V	0.536
HD 155677	HIP 84189	258.14312	15.39195	371.61	m	9.133	1.283	A2	0.258
HD 31086	HIP 22767	73.46581	22.77101	371.62	m	9.943	2.093	A0	0.39
HD 275490	HIP 16562	53.30606	38.16147	371.64	m	10.66	2.806	A 5 V	0.543
HD 20722	HIP 15421	49.68675	-41.16006	371.65	m	9.142	1.291	K3/4 (III)	1.581
HD 19841	HIP 14688	47.43485	-46.86874	371.71	m	9.692	1.841	F3/5 III	0.52
HD 18541	HIP 13983	45.02377	39.19025	371.76	m	9.628	1.777	A3V+G-KIV	0.262
HD 215972	HIP 112597	342.07162	43.98067	371.77	m	9.9	2.049	A3	0.391
HD 204683	HIP 105950	321.86345	64.60326	371.79	m	9.356	1.505	A3	0.175
HIP 67573		207.70255	59.73662	371.81	m	11.14	3.287	G	0.746
HD 29075	HIP 21228	68.31144	-32.05824	371.81	m	9.007	1.155	F0 V	0.349
HD 178321	HIP 94108	287.35129	-30.6449	371.86	m	9.084	1.232	K0 III	1.411
HD 237425	HIP 27593	87.64464	59.71009	371.88	m	9.229	1.377	K5	1.467
HD 207113	HIP 107440	326.41999	41.4108	371.89	m	9.12	1.268	A0	0.083
HD 2213	HIP 2043	6.481	-13.25523	371.89	m	9.351	1.499	F0 V	0.37
HIP 107223		325.75477	72.6086	371.89	m	9.524	1.672	K2	1.658
HD 78636	HIP 44978	137.43417	9.76389	371.91	m	9.175	1.323	A2	0.205
HD 119945	HIP 67216	206.61521	0.44614	371.91	m	9.235	1.383	G8 IV	1.095
HIP 16009		51.54478	-48.7427	371.91	m	9.907	2.055	K0	1.179
HIP 111038		337.42786	40.92197	371.94	m	9.679	1.827	A5	0.218
HD 139492	HIP 75847	232.39407	78.63342	371.95	m	10.23	2.383	M9	0.857
HIP 13658		43.96738	33.66582	372.04	m	9.745	1.892	A0	0.227
HIP 7652		24.63489	-24.44739	372.06	m	10.77	2.919	G0	0.505
HD 37562	HIP 26639	84.93408	7.31585	372.06	m	9.494	1.641	A0	0.202
HD 182232	HIP 95514	291.42767	-44.36955	372.08	m	9.162	1.309	F0 IV	0.352
HD 160766	HIP 86556	265.32532	11.24238	372.11	m	9.116	1.263	A0	0.08
HD 9144	HIP 6931	22.32675	-41.83238	372.14	m	9.1	1.246	K1 III	1.303
HD 194542	HIP 100722	306.30843	29.75893	372.14	m	9.161	1.307	A2	0.053
HD 135330	HIP 74762	229.19493	-53.22379	372.16	m	9.429	1.575	A1 V	0.172
HD 16492	HIP 12251	39.43569	-34.53824	372.2	m	9.134	1.28	K2 III	1.422
HD 196624	HIP 102192	310.58585	-65.42965	372.23	m	9.824	1.97	FM DELTA DEL	0.579
HIP 116701		354.73975	22.55234	372.26	m	9.052	1.198	K2	1.538
HIP 34740		107.88205	30.41509	372.27	m	9.467	1.613	F0	0.278
HD 188275	HIP 98005	298.7531	-18.76763	372.28	m	9.094	1.24	G8 V	1.202
HIP 17431		56.01284	64.61412	372.32	m	9.022	1.167	A2	0.595
HIP 72188		221.47959	-4.40228	372.35	m	9.686	1.831	G8	0.992
HD 191362	HIP 99282	302.30695	7.25766	372.38	m	9.065	1.21	A0	0.058
HD 232362	HIP 4992	15.99922	52.86667	372.39	m	9.04	1.185	K0	1.264
HIP 35234		109.22445	12.10904	372.4	m	9.4	1.545	F2	0.364
HD 238628	HIP 82939	254.23413	57.14229	372.49	m	9.345	1.489	F0	0.322
HIP 16164		52.07248	29.86864	372.52	m	9.635	1.779	A0	0.325
HD 104740	HIP 58805	180.9224	45.81588	372.57	m	10.48	2.625	F8	0.607
HD 21048	HIP 15935	51.3042	39.05143	372.57	m	9.335	1.479	A0	0.12
HD 111947	HIP 62866	193.27744	-23.16621	372.61	m	9.188	1.332	G8 IV	1.268
HD 102148	HIP 57332	176.32696	-34.81011	372.62	m	9.035	1.179	K1/2 (III)	1.307
HD 21518	HIP 16139	51.99188	-8.53851	372.7	m	9.646	1.789	F7 V	0.75
HD 4543	HIP 3676	11.75918	-41.84595	372.76	m	9.565	1.708	K1/2 III	1.206
HIP 90214		276.11173	15.68	372.77	m	9.577	1.72	A0	0.065
HD 196225	HIP 101901	309.75514	-60.82649	372.78	m	9.065	1.208	K0 III	1.245
HD 188378	HIP 98077	298.98514	-29.19003	372.79	m	9.567	1.71	M5E	1.033
HD 59636	HIP 36263	112.00755	-53.2368	372.8	m	9.412	1.555	K1 III	1.382
HD 91899	HIP 51990	159.33144	35.57235	372.82	m	9.175	1.318	K0	1.292
HIP 39967		122.41586	-38.17462	372.86	m	9.852	1.994	M7	1.04
HD 182881	HIP 95750	292.11845	-40.30034	372.88	m	9.012	1.154	G8 II/III	1.122
HD 220127	HIP 115340	350.4316	-49.48753	372.98	m	10.21	2.357	G3/5	0.806
HD 297667	HIP 48867	149.50372	-49.2852	372.98	m	10.64	2.782	G0	0.552
HD 37057	HIP 26265	83.9061	-3.57842	372.98	m	9.257	1.399	B9 V	0.045
HIP 67637		207.87965	-47.37154	373.06	m	10.3	2.439	F8	0.497
HD 146474	HIP 79886	244.59494	-41.98	373.07	m	10.4	2.541	F6 (V)	1.268
HIP 90695		277.56353	16.83279	373.07	m	9.438	1.579	A0	0.074
HIP 8864		28.508	-18.08458	373.09	m	10.23	2.369	F5	0.437
HIP 22079		71.23414	56.30014	373.1	m	9.985	2.126	A2	0.41
HD 155645	HIP 84199	258.17156	8.85346	373.1	m	9.813	1.954	A3	0.343
HIP 32575		101.95823	-33.86561	373.12	m	9.349	1.49	K2	1.511
HIP 54154		166.17254	24.33665	373.2	m	11.1	3.236	B8	0.638
HD 119674	HIP 67123	206.35208	-36.38348	373.22	m	9.03	1.17	A5MA5/7-F2/3	0.406
HIP 60038		184.68441	20.54342	373.25	m	9.015	1.155	K2	1.453
HIP 87556		268.30307	43.77311	373.26	m	10.23	2.373	F 0 V	0.294
HIP 110872		336.9362	39.04252	373.28	m	9.48	1.62	K0	1.317
HIP 87060		266.85501	-21.19894	373.28	m	10.18	2.318	G0	1.112
HD 4417	HIP 3602	11.53377	-33.28428	373.29	m	10.36	2.5	F6/7 V	0.496
HD 124001	HIP 69267	212.70679	3.07754	373.31	m	9.884	2.024	A5 IV	0.315
HD 107063	HIP 60040	184.69595	-43.0237	373.31	m	9.12	1.26	G8 III	1.274
HIP 18765		60.30031	-6.2346	373.34	m	9.067	1.206	K2	1.794
HD 281451	HIP 18971	60.9732	33.9491	373.36	m	10.34	2.479	A 3 V	0.315
HIP 83758		256.77328	37.06348	373.37	m	9.676	1.815	K0	1.191
HD 89313	HIP 50420	154.42474	-28.82167	373.37	m	9.132	1.271	K1 IV/V	1.409
HD 118891	HIP 66659	204.97424	-9.28486	373.38	m	9.011	1.15	G8 IV	1.058
HIP 55067		169.10595	27.42179	373.39	m	9.199	1.338	K0	1.187
HD 71535	HIP 41675	127.44051	44.94703	373.43	m	9.388	1.527	F0	0.364
HIP 17808		57.16713	-77.33679	373.43	m	9.063	1.202	K0	1.314
HD 110832	HIP 62362	191.70043	-78.57665	373.56	m	9.568	1.706	B9 II	0.231
HD 37866	HIP 27375	86.97248	70.5289	373.56	m	9.054	1.192	A0	0.116
HD 160311	HIP 86369	264.72955	7.25129	373.58	m	9.686	1.824	A0	0.291
HD 59414	HIP 36316	112.13287	-33.4782	373.59	m	9.18	1.318	K2 III	1.426
HD 194594	HIP 102575	311.80826	-85.08236	373.61	m	9.059	1.197	G8 III	1.251
HIP 12295		39.58988	28.68221	373.61	m	9.414	1.552	K2	1.485
HD 99548	HIP 55895	171.85775	23.32147	373.68	m	9.129	1.267	K0	1.192
HD 117123	HIP 65659	201.93594	33.62654	373.68	m	9.296	1.434	K 3 V	1.337
HD 28035	HIP 20668	66.41716	2.91396	373.68	m	9.032	1.169	G8/K0 III/IV	1.315
HD 89838	HIP 50690	155.27568	-43.86542	373.69	m	9.085	1.222	F3 IV/V	0.465
HD 244551	HIP 25936	83.02508	21.05731	373.77	m	9.882	2.019	F0	0.414
HD 87505	HIP 49388	151.23978	-21.6354	373.79	m	9.111	1.248	A0 V	0.074
HD 140292	HIP 77491	237.336	-74.2676	373.81	m	9.991	2.128	A2 IV/V	0.116
HIP 36764		113.42496	70.07258	373.83	m	10.1	2.235	B8	0.267
HIP 84024		257.64104	-50.65759	373.87	m	9.933	2.069	G5	1.275
HD 209356	HIP 108954	331.10679	-55.89088	373.89	m	9.05	1.186	K2 III	1.404
HD 111639	HIP 62730	192.81908	-52.73319	373.91	m	9.583	1.719	A7 IV	0.409
HD 196543	HIP 101766	309.38287	20.33769	373.92	m	9.278	1.414	A0	0.144
HD 137571	HIP 75615	231.74682	-7.05767	373.93	m	9.921	2.057	K1 III	1.309
HD 185764	HIP 96841	295.27432	-11.08966	373.93	m	9.404	1.54	K0/1 III	1.512
HD 190354	HIP 99065	301.68075	-49.70692	373.95	m	9.107	1.243	K0 III/IV	1.324
HIP 899		2.76875	-10.87788	373.96	m	9.169	1.305	G5	1.301
HD 65640	HIP 38860	119.28992	-51.08481	373.98	m	9.277	1.413	G8/K0 IV	1.436
HIP 39413		120.85503	-30.7299	373.98	m	10.01	2.145		0.64
HD 177108	HIP 93440	285.45469	34.80831	373.98	m	9.042	1.178	B8	0.064
HD 58389	HIP 35973	111.20958	-14.12292	373.99	m	9.02	1.156	G8 IV/VCNIII	1.271
HD 128109	HIP 71250	218.56279	29.36859	374.03	m	9.043	1.178	K 2 I-II	1.439
HIP 58428		179.70649	31.13216	374.03	m	9.131	1.266	K2III	1.533
HIP 10081		32.40985	14.40634	374.04	m	9	1.135	K0	1.424
HD 199226	HIP 103362	314.11679	-20.58399	374.11	m	9.907	2.042	F3 IV	0.587
HD 205327	HIP 106766	324.40428	-66.46218	374.11	m	9.027	1.162	K2 IIICNII	1.423
HIP 40033		122.66415	63.15401	374.15	m	9.276	1.411	K0	1.255
HD 40353	HIP 28234	89.48362	-6.47306	374.18	m	9.237	1.372	A1/2 Ib/II	0.288
HD 149841	HIP 81883	250.88732	-71.84312	374.19	m	9.228	1.363	K0 III	1.181
HD 71635	HIP 41245	126.23126	-63.11228	374.24	m	9.106	1.24	G5/8 (III)	1.19
HD 212264	HIP 110895	337.01343	-79.65934	374.28	m	9.089	1.223	K1/2 (III)	1.388
HD 165564	HIP 89284	273.28094	-71.57151	374.31	m	9.191	1.325	G8/K0 III	1.349
HD 197949	HIP 102649	312.02224	-34.74965	374.33	m	9.123	1.257	G8/K0 V	0.997
HD 145137	HIP 79323	242.83919	-46.87251	374.33	m	9.121	1.255	K1 (III)	1.908
HD 19780	HIP 14588	47.09971	-57.00995	374.35	m	9.107	1.241	K2 III	1.522
HIP 109136		331.60027	-46.15303	374.35	m	10.48	2.614	F0	0.314
HD 118326	HIP 66572	204.68753	-70.18662	374.36	m	9.258	1.392	A8/F0 (IV)	0.51
HD 218492	HIP 114287	347.20861	-40.26367	374.4	m	9.115	1.248	G8/K0 III	1.258
HD 91096	HIP 51116	156.65191	-78.73594	374.43	m	9.01	1.143	B8/9 V	0.126
HD 125169	HIP 69900	214.59241	-26.2104	374.45	m	9.124	1.257	K2 III	1.632
HD 11436	HIP 8660	27.90149	-38.35593	374.52	m	9.3	1.433	K2 III	1.41
HD 32423	HIP 23458	75.63175	-15.7077	374.63	m	9.065	1.197	F3 IV	0.435
HD 191658	HIP 99458	302.79279	-4.56147	374.64	m	9.457	1.589	G6 V	1.265
HD 180103	HIP 94597	288.75819	5.9967	374.67	m	9.296	1.428	K0	1.33
HD 116600	HIP 65497	201.35756	-46.65533	374.69	m	9.83	1.962	F2 V	0.376
HD 164376	HIP 88223	270.24483	-2.03476	374.74	m	9.513	1.644	A7/8 II	0.674
HD 395	HIP 684	2.11036	-44.27364	374.74	m	9.88	2.011	A2 IV/V	0.195
HD 194556	HIP 100527	305.75697	61.5803	374.76	m	9.297	1.428	A2	0.236
HD 148150	HIP 80519	246.5677	-4.67585	374.77	m	9.44	1.571	G8/K0 IV	1.349
HD 94494	HIP 53192	163.20083	-67.52144	374.81	m	9.193	1.324	K0 II/III	1.432
HIP 115206		350.01523	78.57208	374.84	m	9.052	1.183	G5	1.248
HIP 114356		347.40678	64.89499	374.85	m	9.158	1.289	A0	0.178
HD 152630	HIP 82744	253.67881	-5.71036	374.86	m	9.407	1.538	G8 IV	1.385
HD 113384	HIP 63709	195.84369	-12.98112	374.93	m	9.032	1.162	K1 IIICNII	1.44
HD 130637	HIP 72898	223.47827	-72.64819	374.95	m	9.217	1.347	K1 III	1.292
HD 117920	HIP 66245	203.66082	-51.47002	374.97	m	9.003	1.133	K0 III	1.375
HD 125882	HIP 70233	215.55348	5.2248	375.01	m	9.291	1.421	G5	0.698
HD 182014	HIP 95257	290.70759	-2.88291	375.02	m	9.351	1.481	A0 V	0.283
HD 257416	HIP 30734	96.85097	19.4589	375.05	m	9.303	1.433	K0	1.187
HIP 16150		52.03514	17.16272	375.07	m	11.9	4.026		
HD 281640	HIP 19444	62.46051	33.0564	375.09	m	10.26	2.386	A2	0.332
HD 217793	HIP 113866	345.89157	-36.7417	375.12	m	9.121	1.25	K2/3 III	1.625
HD 17337	HIP 12970	41.70312	-4.57538	375.12	m	9.79	1.919	F0 V	0.405
HD 148634	HIP 80875	247.7068	-33.33558	375.15	m	9.12	1.249	K3/4	2.031
HD 119376	HIP 66961	205.86276	-31.44427	375.15	m	9.003	1.132	F0 IV/V	0.385
HD 53636	HIP 34359	106.84407	35.53296	375.18	m	9.419	1.548	A5	0.447
HD 157583	HIP 85153	261.01402	3.06758	375.19	m	9.039	1.168	A2/3 V	0.305
HIP 72147		221.35349	31.32797	375.21	m	11.08	3.207	F5	0.437
HIP 72112		221.26332	-46.97398	375.23	m	10.16	2.286	F2	0.403
HD 211551	HIP 110257	335.00546	-66.19737	375.23	m	9.156	1.284	K1/2 III	1.51
HIP 61583		189.29291	-38.08257	375.26	m	10.97	3.099	F8	0.682
HD 149683	HIP 80802	247.49121	72.28032	375.26	m	9.582	1.71	G5	1.478
HD 220946	HIP 115878	352.16052	-66.08568	375.32	m	9.172	1.3	K0 III	1.403
HD 199921	HIP 103448	314.37296	59.77984	375.32	m	9.365	1.493	A2	0.216
HIP 116866		355.32644	3.63011	375.34	m	10.09	2.217	F0	0.437
HIP 1558		4.84761	75.23692	375.4	m	9.218	1.346	K5	1.828
HIP 75988		232.7717	24.45138	375.43	m	10.18	2.308	F8	0.609
HIP 44069		134.64641	76.5303	375.47	m	10.24	2.368	F0	0.35
HD 32114	HIP 23313	75.20336	-0.50088	375.52	m	9.497	1.624	A0 V	0.043
HD 132863	HIP 73431	225.09386	32.52269	375.54	m	9.01	1.137	G5	1.141
HD 202298	HIP 105061	319.24668	-56.30721	375.56	m	9.447	1.574	A6 V	0.232
HIP 92801		283.63804	11.47509	375.59	m	9.64	1.766	G5	1.5
HIP 35119		108.91098	5.04462	375.65	m	10.96	3.082	N	0.506
HD 159946	HIP 86600	265.45827	-63.7627	375.69	m	9.187	1.313	G8/K0 III	1.234
HIP 55367		170.05561	24.57775	375.73	m	11.05	3.177	G0	0.588
HIP 60675		186.5217	29.22521	375.74	m	9.758	1.884	K0III	1.182
HD 298457	HIP 46970	143.59785	-51.6184	375.76	m	10.16	2.289	F0	0.412
HD 230853	HIP 94314	287.94685	12.87116	375.78	m	9.425	1.55	K0	1.419
HIP 111706		339.42898	62.17707	375.79	m	9.489	1.614	A2	0.382
HD 223122	HIP 117289	356.73266	-40.71363	375.8	m	9.968	2.093	F5 V	0.573
HIP 41026		125.59447	-55.22161	375.89	m	9.47	1.595	G3 III	1.138
HIP 53268		163.42064	-10.19047	375.89	m	9.468	1.593	K0	0.927
HD 243692	HIP 25512	81.83927	30.84324	375.89	m	9.82	1.945	G0	1.083
HD 57759	HIP 35641	110.31593	-32.02667	375.89	m	9.33	1.455	A0 V	0.009
HIP 98492		300.14049	9.35352	375.91	m	11.58	3.709	G:	1.236
HD 112611	HIP 63259	194.43744	25.93623	375.91	m	9.025	1.15	K2	1.313
HD 127446	HIP 71145	218.24973	-48.87199	375.93	m	9.259	1.383	G6 V	1.13
HD 155540	HIP 84472	259.03979	-61.18553	375.98	m	9.071	1.195	G8/K0 III	1.172
HIP 84272		258.40729	-23.50079	376.06	m	9.469	1.593	G5	1.214
HD 13575	HIP 10264	33.02082	-21.55748	376.08	m	9.145	1.269	G8/K0 V	1.147
HD 3417	HIP 2911	9.21772	-34.28066	376.09	m	11	3.128	A8 V	0.227
HD 178565	HIP 93924	286.87819	37.12079	376.09	m	9.052	1.176	A0	0.032
HD 93616	HIP 52811	161.9501	-43.46729	376.11	m	9.004	1.127	K2 III	1.437
HD 213461	HIP 111069	337.51506	59.98212	376.12	m	9.053	1.176	F5	0.576
HD 84446	HIP 47782	146.12948	-32.37689	376.13	m	9.102	1.225	K1 III	1.297
HD 206522	HIP 106964	324.95715	65.73353	376.14	m	9.121	1.244	A2	0.233
HD 128945	HIP 71730	220.10143	-20.84803	376.15	m	9.972	2.095	A2MF0-F2	0.489
HD 186058	HIP 97097	295.99488	-40.43661	376.17	m	9.603	1.726	K1 III	1.166
HD 110079	HIP 61838	190.08858	-65.86213	376.19	m	9.19	1.313	B9 V	0.148
HD 22390	HIP 16955	54.5256	46.27634	376.19	m	9.107	1.23	A0	0.146
HD 183660	HIP 95966	292.72514	-9.16897	376.23	m	9.571	1.694	K1 (III)	1.575
HIP 37902		116.50975	60.49446	376.26	m	9.23	1.353	K5	1.543
HIP 63726		195.89252	-43.71473	376.28	m	12.18	4.299	Fp	
HIP 65375		200.97178	45.10659	376.28	m	10.71	2.832	K 1 III	1.211
HD 112536	HIP 63299	194.5802	-61.0173	376.41	m	10.02	2.139	B7/8 V	0.181
HD 5113	HIP 4070	13.05061	-59.00256	376.45	m	9.099	1.22	G8/K0 III	1.22
HD 33917	HIP 24342	78.36183	-2.62702	376.46	m	9.259	1.38	A0 V	0.176
HD 42103	HIP 28068	89.00976	-80.11056	376.46	m	9.101	1.222	G8/K0 III	1.068
HD 243191	HIP 25249	80.9877	26.49609	376.51	m	11.47	3.592	F	1.598
HD 106304	HIP 59644	183.47317	-40.87352	376.52	m	9.049	1.17	B9 V	0.038
HD 337839	HIP 94448	288.33155	26.40525	376.6	m	9.238	1.359	A5	0.267
HD 209878	HIP 109170	331.70365	-12.51216	376.6	m	9.073	1.194	K2/3 III	1.364
HD 188600	HIP 98140	299.1779	-20.47726	376.64	m	9.672	1.792	F2 V	0.629
HD 117085	HIP 65738	202.13409	-35.71544	376.69	m	9.056	1.176	K1 III	1.461
HD 220585	HIP 115589	351.20497	7.88092	376.71	m	9.067	1.187	G5	1.321
HD 113598	HIP 63866	196.33219	-39.22206	376.72	m	9.72	1.84	G3 V	0.905
HD 103560	HIP 58104	178.75189	-81.34876	376.73	m	9.072	1.192	K2/3 III	1.597
HIP 33648		104.85543	-15.97928	376.86	m	9.743	1.862	F8	0.453
HD 350204	HIP 96692	294.85998	20.0347	376.9	m	9.729	1.848	F2	0.433
HD 77188	HIP 43941	134.25109	-67.28207	376.91	m	9.065	1.184	G8 III	1.132
HD 171337	HIP 91183	279.03156	-38.4615	376.92	m	9.063	1.182	G8 III	1.21
HD 353271	HIP 103378	314.16332	19.00666	376.95	m	10.12	2.243	F8	0.646
HD 58396	HIP 35905	111.02958	-31.89154	377.06	m	9.27	1.388	A0	0.051
HIP 15228		49.08334	76.57521	377.12	m	9.071	1.189	K0	1.359
HD 26302	HIP 19303	62.06782	-33.25816	377.14	m	9.431	1.548	F3 IV	0.389
HD 125099	HIP 69947	214.70857	-50.09764	377.15	m	9.036	1.153	G3 V	0.971
HD 131118	HIP 72788	223.16763	-31.47879	377.19	m	9.664	1.781	F0 V	0.42
HD 211787	HIP 110224	334.91052	-0.59785	377.23	m	9.157	1.274	K1 III	1.333
HD 20410	HIP 15250	49.18163	-8.93601	377.29	m	9.699	1.816	A7/8 V + (F/G)	0.39
HIP 114687		348.49754	10.97611	377.43	m	9.156	1.272	K0	1.405
HIP 6970		22.4278	24.22837	377.43	m	9.132	1.248	K2	1.356
HIP 39320		120.59247	-34.42503	377.44	m	9.756	1.872	A1	0.191
HD 113632	HIP 63914	196.46135	-55.34823	377.49	m	9.045	1.16	G5 III	1.135
HD 159706	HIP 86296	264.49635	-40.11457	377.55	m	9.265	1.38	B9 V	0.144
HIP 89707		274.62579	-3.46235	377.58	m	10.03	2.147	K0	1.576
HD 14460	HIP 10869	34.97023	-10.3858	377.68	m	9.1	1.214	G8 III	1.216
HIP 70373		215.97268	19.0591	377.69	m	11.08	3.197	F2	0.386
HD 217647	HIP 113870	345.89815	-69.04888	377.7	m	9.845	1.959	A2 V	0.151
HIP 103816		315.56177	23.0894	377.7	m	9.476	1.59	A0	0.274
HD 145499	HIP 79342	242.88726	-5.58101	377.7	m	9.786	1.9	G8/K0 IV	1.303
HIP 102557		311.75397	49.02227	377.77	m	9.426	1.54	K0	1.297
HD 265025	HIP 32942	102.93135	25.0481	377.77	m	9.004	1.118	F8	0.556
HD 120562	HIP 67684	207.98407	-59.68228	377.78	m	9.284	1.398	F2 IV	0.441
HIP 93674		286.14168	34.76549	377.81	m	9.128	1.242	A0	0.024
HIP 65592		201.73225	23.48895	377.89	m	9.177	1.29	K7	1.625
HD 10932	HIP 8289	26.69866	-30.19375	377.94	m	9.716	1.829	G1 V	0.731
HD 2270	HIP 2061	6.5251	-61.53854	377.96	m	9.122	1.235	K2 III	1.462
HD 39125	HIP 27445	87.16577	-39.27816	377.97	m	9.077	1.19	K3 III/V	1.683
HD 167064	HIP 89244	273.17082	23.49284	377.97	m	9.078	1.191	G5	1.377
HD 51907	HIP 32828	102.6554	-75.72046	377.99	m	9.771	1.884	K0 III	1.24
HD 62760	HIP 37384	115.1084	-68.26839	377.99	m	9.098	1.211	F8/G2	0.98
HIP 57988		178.41025	-50.31904	378.01	m	10.51	2.622	F5	0.502
HD 9968	HIP 7530	24.24866	-25.63499	378.03	m	9.428	1.54	K1/2 III	1.36
HIP 61222		188.18703	39.9223	378.04	m	10.95	3.064	F5	0.426
HD 60484	HIP 36033	111.37912	-77.18642	378.04	m	9.042	1.154	K1 III	1.346
HD 170192	HIP 90731	277.68028	-49.65991	378.06	m	9.044	1.156	K2/3 (III)	1.502
HD 260919	HIP 31767	99.66009	28.673	378.13	m	9.589	1.701	F5	0.509
HD 1967	HR 90|HIP 1901	6.00809	38.57709	378.16	m	12.04	4.153	S6.6E	0.499
HD 25363	HIP 18989	61.03485	49.81459	378.19	m	9.459	1.57	A0	0.19
HD 215983	HIP 112709	342.36973	-32.55968	378.2	m	9.679	1.79	AP SREUCR	0.187
HIP 57970		178.36093	41.58995	378.25	m	9.543	1.654	K2III	1.346
HIP 68849		211.48013	13.23573	378.31	m	11.2	3.306	F	0.438
HD 61253	HIP 37254	114.76387	16.1757	378.33	m	9.461	1.572	A	0.225
HD 30611	HIP 22071	71.21277	-63.77949	378.38	m	9.139	1.249	G8/K0 III	1.196
HD 63188	HIP 38006	116.84474	-8.04491	378.43	m	9.189	1.299	A0 V	0.054
HIP 26327		84.10598	-6.71602	378.43	m	10.94	3.048	B8-A2eq(T)	0.738
HIP 102938		312.83634	16.91243	378.45	m	9.203	1.313	F5	0.357
HD 224290	HIP 118043	359.15383	-59.53273	378.46	m	9.033	1.143	K0 III	1.312
HD 207348	HIP 108260	328.98368	-80.97242	378.47	m	9.559	1.669	F0 V	0.374
HD 89064	HIP 50227	153.79481	-53.23431	378.6	m	9	1.109	A0 V	0.052
HD 111709	HIP 62774	192.96145	-52.12869	378.66	m	9.276	1.385	A(3)MA5-A7	0.393
HIP 91351		279.48438	31.57374	378.77	m	9.002	1.11	A5	0.332
HD 125093	HIP 69806	214.2948	4.78361	378.78	m	9.116	1.224	G5	1.004
HD 139325	HIP 76426	234.13915	27.17478	378.8	m	9.832	1.94	A0	0.174
HIP 106957		324.93918	29.1859	378.82	m	9.141	1.249	K0	1.397
HD 234731	HIP 92577	282.96836	50.96777	378.83	m	9.155	1.263	A5	0.189
HD 105541	HIP 59251	182.30887	-60.49401	378.85	m	9.239	1.347	F0 V	0.5
HD 155512	HIP 84406	258.84005	-57.08436	378.85	m	9.032	1.14	K0 III	1.298
HD 147441	HIP 80020	245.01699	45.21666	378.86	m	9.189	1.297	F2	0.406
HD 233967	HIP 61909	190.31411	49.72402	378.91	m	10.72	2.828	A0	0.85
HD 45922	HIP 30763	96.96299	-48.05674	378.93	m	9.171	1.278	G8/K0 III	1.079
HIP 56850		174.839	26.21024	378.96	m	10.59	2.697	G0	0.456
HD 69309	HIP 41467	126.87679	80.49964	378.98	m	9.582	1.689	A5	0.347
HD 148732	HIP 80938	247.90812	-36.103	378.99	m	9.566	1.673	G8/K0 (III)	1.814
HD 167299	HIP 89618	274.32992	-51.49791	379	m	9.023	1.13	K0 III	1.324
HD 166843	HIP 89193	273.03663	10.06184	379.01	m	9.359	1.466	F0	0.423
HIP 92905		283.94452	0.34498	379.03	m	9.287	1.394	G	1.161
HD 222470	HIP 116887	355.39089	-73.78054	379.07	m	9.041	1.147	K2 III	1.29
HIP 107854		327.76826	-64.97849	379.07	m	9.654	1.76	K0	1.444
HD 40296	HIP 27430	87.12658	-76.54338	379.11	m	9.288	1.394	K1/2 III	1.407
HIP 114524		347.94606	27.95902	379.11	m	9.137	1.243	K0	1.428
HIP 5555		17.81315	-22.7231	379.12	m	10.67	2.779	F8	0.773
HD 148752	HIP 81148	248.60347	-64.06575	379.12	m	9.746	1.852	F2 V	0.368
HD 234789	HIP 93577	285.8789	50.87719	379.16	m	9.035	1.141	F0	0.37
HD 179169	HIP 94233	287.73888	13.56108	379.2	m	9.236	1.342	A0	0.178
HIP 74406		228.09899	-6.66005	379.2	m	9.573	1.679	F8	0.563
HIP 36266		112.01096	39.12885	379.22	m	9.988	2.094	F2	0.329
HD 250530	HIP 28558	90.41591	10.91101	379.22	m	10.29	2.4	M0	1.17
HD 34036	HIP 24324	78.29915	-29.26034	379.23	m	9.291	1.396	A1 V	0.075
HD 36116	HIP 25719	82.3723	2.86908	379.23	m	9.308	1.413	A0 V	0.058
HD 111693	HIP 62727	192.8102	-6.94498	379.24	m	9.277	1.382	K0 III	1.12
HIP 117321		356.84206	44.94945	379.25	m	9.559	1.664	A5	0.384
HIP 112942		343.114	39.03767	379.34	m	9.718	1.823	A 7 V	0.258
HD 152967	HIP 83133	254.83326	-51.16378	379.35	m	9.284	1.389	K1 III + F/G	1.117
HD 129803	HIP 72141	221.33927	-27.20757	379.39	m	9.028	1.133	K0 III	1.276
HIP 18486		59.27238	-21.15845	379.43	m	10.05	2.158	K5	1.346
HIP 1676		5.24771	47.61687	379.54	m	9.767	1.871	A2	0.214
HIP 3432		10.95005	42.28216	379.67	m	9.389	1.492	F1III	0.372
HD 53710	HIP 33418	104.2467	-76.64318	379.67	m	9.021	1.124	G8 III	1.239
HIP 90935		278.25338	-28.68981	379.68	m	11.55	3.651	Gp	0.729
HD 85240	HIP 48342	147.81149	28.95111	379.73	m	9.628	1.731	F8	0.334
HD 181742	HIP 95310	290.85589	-40.31653	379.74	m	9.199	1.302	K0/1 III	1.303
HD 93088	HIP 52715	161.6679	66.36589	379.77	m	9.629	1.731	A2	0.22
HD 80617	HIP 45798	140.07238	-18.94658	379.82	m	9.235	1.337	A7 III/IV	0.247
HD 145054	HIP 79129	242.27383	-5.70359	379.84	m	9.376	1.478	A0 V	0.194
HD 111088	HIP 62415	191.86925	-54.9424	379.89	m	9.721	1.823	A1 V	0.322
HIP 3688		11.81946	58.49258	379.91	m	9.003	1.105	G 8 III	1.167
HIP 16965		54.56421	51.58959	379.92	m	10.46	2.56	F 4 IV	0.678
HIP 59034		181.55342	21.94542	379.99	m	10.96	3.064	F8	0.64
HD 59437	HIP 36391	112.33116	-14.30839	380.02	m	9.235	1.336	AP CREU	0.116
HIP 74996		229.86574	63.98873	380.09	m	9.605	1.706	K0	1.401
HIP 76192		233.45319	-46.88636	380.13	m	10.34	2.444	F8	0.457
HIP 74414		228.12213	-30.82659	380.17	m	9.096	1.196		1.537
HD 188519	HIP 98224	299.41188	-47.29693	380.17	m	10.09	2.185	F5 IV/V	0.498
HD 60812	HIP 36857	113.66602	-38.82409	380.21	m	9.187	1.287	G8/K0 III	1.435
HD 233371	HIP 35371	109.5946	53.31864	380.21	m	9.131	1.231	K2	1.351
HD 343290	HIP 92655	283.21226	22.67589	380.22	m	10.04	2.14	F0	0.633
HD 111277	HIP 62480	192.0648	-10.97661	380.22	m	9.049	1.149	F0 IV	0.4
HD 239617	HIP 104881	318.68663	56.1558	380.24	m	9.107	1.207	G5	1.206
HIP 74830		229.39553	-24.47724	380.26	m	10.3	2.402	F0	0.45
HD 225653	HIP 97208	296.34976	33.76762	380.31	m	9.924	2.023	F8	0.487
HD 71536	HIP 41655	127.40305	42.4852	380.31	m	9.07	1.169	K 0 III	1.463
HD 110929	HIP 62214	191.26509	52.36929	380.32	m	9.443	1.542	A2	0.219
HD 10090	HIP 7619	24.53593	-33.00318	380.33	m	10.58	2.681	F3 V	0.535
HD 13947	HIP 10455	33.68691	-40.70001	380.4	m	9.091	1.19	G8 III	1.256
HD 218292	HIP 114114	346.66316	10.54336	380.43	m	10.35	2.45	M7	1.111
HD 138509	HIP 76344	233.90543	-60.74346	380.44	m	9.061	1.16	G5 III/IV	1.155
HIP 59554		183.2086	17.35521	380.44	m	9.85	1.949	F0	0.419
HD 279187	HIP 18394	58.98775	34.30102	380.52	m	10.03	2.127	A 0 V	0.101
HIP 65507		201.41113	14.0993	380.53	m	10.44	2.541	F5	0.696
HD 138643	HIP 76151	233.30601	5.52013	380.54	m	9.842	1.94	F2	0.44
HIP 50136		153.52705	31.56289	380.62	m	9.246	1.344	K 0 III	1.404
HD 185971	HIP 97062	295.88239	-41.10032	380.63	m	9.286	1.383	F0 V	0.401
HD 114822	HIP 64483	198.25956	5.13634	380.69	m	9.122	1.219	F8	0.532
HIP 22077		71.23282	-63.30963	380.73	m	9	1.097	K	1.457
HIP 36714		113.27143	38.17145	380.76	m	10.31	2.41	A5	0.571
HIP 92005		281.2916	39.2258	380.78	m	9.246	1.343	A2	0.139
HIP 40425		123.81516	5.55428	380.79	m	11.31	3.405		-0.101
HD 190758	HIP 99155	301.94304	-32.85218	380.83	m	9.336	1.432	K0 III	1.194
HD 107526	HIP 60296	185.45864	-54.40026	380.87	m	9.142	1.238	A5/7 V(M)	0.268
HD 205680	HIP 106864	324.65726	-51.46024	380.92	m	9.426	1.522	F2 V	0.436
HD 142173	HIP 78201	239.53109	-69.79551	380.95	m	10.54	2.635	F0 IV/V	0.308
HIP 1436		4.47633	18.04519	380.97	m	9.499	1.595	K0	1.263
HD 105513	HIP 59231	182.22607	-55.72821	380.97	m	9.284	1.38	A8 (II/IIIW)	0.382
HIP 56420		173.51715	-48.27091	381.03	m	11.54	3.638	Gp	0.802
HIP 85341		261.59291	23.12408	381.05	m	9.707	1.802	A2	0.213
HIP 72476		222.28957	-42.24335	381.08	m	12.79	4.884		
HD 16470	HIP 12274	39.51437	-17.15608	381.09	m	9.216	1.311	K0 III	1.19
HIP 100478		305.63902	-20.40283	381.09	m	11	3.091		0.601
HD 90447	HIP 51098	156.5976	-12.077	381.11	m	9.186	1.281	G8 IV	1.089
HD 36411	HIP 25872	82.84588	-3.92567	381.12	m	9.698	1.793	A0 IV/V	0.09
HIP 54575		167.52022	-38.10506	381.14	m	9.212	1.307	K0	1.405
HIP 56222		172.88797	78.14027	381.15	m	9.386	1.481	K2	1.383
HD 147261	HIP 80285	245.83875	-51.50248	381.16	m	9.12	1.214	G5 (III)	1.103
HD 186997	HIP 97254	296.48418	39.66549	381.17	m	9.081	1.175	A2	0.138
HD 209385	HIP 108893	330.86626	-21.70168	381.19	m	9.862	1.956	A2MA6-F3	0.344
HIP 12795		41.10896	31.03972	381.21	m	9.866	1.96	F	0.564
HD 194531	HIP 100945	307.0021	-46.91783	381.24	m	9.004	1.098	K1 III	1.357
HD 7787	HIP 5978	19.21655	-44.03577	381.28	m	9.588	1.682	G8/K0 (III)	1.319
HIP 74692		228.97052	41.15236	381.3	m	9.621	1.715	K2	1.354
HD 238648	HIP 83476	255.90427	56.03486	381.31	m	9.693	1.787	K5	1.279
HD 16228	HIP 12434	40.00863	69.05927	381.34	m	9.227	1.32	A0	0.226
HIP 72621		222.71892	25.42696	381.38	m	10.57	2.668	K0	1.465
HIP 73300		224.70176	22.9774	381.49	m	11.53	3.622	F8	0.778
HD 117393	HIP 65885	202.58571	-24.43458	381.54	m	9.061	1.153	K1 III	1.406
HD 85718	HIP 48604	148.67999	39.11917	381.58	m	9.014	1.106	K0	1.466
HIP 38831		119.19702	85.2203	381.59	m	9.094	1.186	K0	1.375
HD 341554	HIP 88588	271.31315	23.94937	381.65	m	9.002	1.094	K0	1.089
HD 136730	HIP 75074	230.12639	46.26367	381.66	m	9.302	1.394	K0	1.261
HD 224764	HIP 37	0.10533	-47.17957	381.68	e	10.44	2.534	F0 V	0.431
HD 279111	HIP 18077	57.96313	34.48107	381.69	m	9.237	1.328	B 9 V	0.133
HIP 89520		274.01176	-63.28726	381.73	m	9.059	1.15	K0	1.328
HIP 21160		68.04585	-60.52533	381.83	m	9.41	1.501	G5	1.181
HIP 85464		261.96937	20.83022	381.84	m	9.095	1.186	F8	0.484
HD 83100	HIP 47136	144.07745	8.796	381.85	m	9.204	1.295	A	0.244
HD 190872	HIP 99087	301.7374	0.88211	381.86	m	9.08	1.17	G8/K0 IV	1.277
HD 224560	HIP 118231	359.72751	26.62803	381.91	m	9.046	1.136	K0	1.36
HD 239393	HIP 100564	305.8766	58.49249	381.92	m	9.197	1.287	K0	1.295
HD 279019	HIP 17813	57.1769	35.63758	381.92	m	10.6	2.688	A 1 V	0.373
HIP 18953		60.92994	5.71663	381.98	m	9.276	1.366	A5	0.352
HIP 26403		84.30525	-6.58348	382.07	m	10.17	2.256	A5EII-III	0.261
HD 149027	HIP 80923	247.87118	17.20734	382.11	m	9.597	1.686	A3	0.252
HD 67151	HIP 39737	121.82907	17.17874	382.13	m	9.796	1.885	F	0.148
HIP 95117		290.2547	59.43319	382.18	m	10.78	2.869	F8	0.656
HD 16787	HIP 12534	40.31091	-9.76359	382.2	m	9.409	1.498	F5 V	0.535
HIP 50144		153.54622	28.70119	382.21	m	9.33	1.419	G 8 III:	1.248
HIP 108788		330.56586	32.13261	382.23	m	10.1	2.189	A2	0.219
HD 92605	HIP 52255	160.15184	-50.99046	382.25	m	9.179	1.267	K0/1 III	1.326
HD 316648	HIP 87719	268.77751	-27.54203	382.3	m	9.22	1.308	K2	1.416
HIP 81015		248.17006	39.98725	382.32	m	9.163	1.251	F2	0.451
HD 93945	HIP 53368	163.69773	80.35419	382.32	m	9.033	1.121	G5	1.369
HD 15615	HIP 11447	36.92626	-64.77815	382.33	m	9.496	1.584	K2 III	1.475
HD 117639	HIP 66016	203.01396	-20.95089	382.36	m	9.565	1.653	F2 IV	0.422
HIP 1540		4.80146	70.04948	382.38	m	9.602	1.69	B8	0.3
HD 1473	HIP 1506	4.68832	-19.35999	382.39	m	9.681	1.768	F0/2 V	0.462
HD 14107	HIP 10666	34.31189	17.78596	382.43	m	9.281	1.368	A	0.306
HD 36867	HIP 26139	83.60247	-7.38944	382.43	m	9.335	1.422	B9/9.5 V	-0.036
HIP 116032		352.66684	12.6668	382.44	m	9.195	1.282	K2	1.502
HD 38506	HIP 27226	86.55181	-1.5235	382.45	m	9.45	1.537	A0 V	0.057
HD 157155	HIP 85033	260.69236	-27.67611	382.46	m	9.187	1.274	K0/1 (III) + (A)	1.445
HD 215225	HIP 112150	340.74066	47.13575	382.54	m	9.902	1.989	A2	0.304
HIP 85310		261.49724	29.65351	382.58	m	9.234	1.32	A0	0.148
HIP 72648		222.79972	0.1456	382.59	m	10.42	2.503	F5	0.596
HIP 77008		235.85588	-3.93909	382.62	m	9.813	1.899	G 8 III	1.403
HIP 59876		184.19282	18.61964	382.62	m	10.84	2.926	F8	0.575
HD 9092	HIP 6924	22.30134	-17.23327	382.63	m	9.996	2.082	F3 V	0.386
HD 146364	HIP 79693	243.96587	3.06826	382.72	m	9.061	1.147	K1 III	1.375
HIP 18441		59.13305	8.51175	382.73	m	9.046	1.132	K0	1.453
HD 150746	HIP 82164	251.79664	-64.36418	382.77	m	9.058	1.143	K1/2 III	1.433
HD 343238	HIP 92624	283.09192	24.33777	382.77	m	9.553	1.638	A2	0.153
HIP 67680		207.97703	35.7154	382.77	m	9.014	1.099	G 8 III	1.308
HD 278942	HIP 17113	54.98201	31.92588	382.8	m	9.277	1.362	B5	1.286
HD 118236	HIP 66346	203.97392	-26.97408	382.85	m	9.133	1.218	K1 III	1.283
HD 163502	HIP 88146	270.06055	-59.80564	382.85	m	9.198	1.283	K1 III	1.413
HIP 65254		200.60459	10.50057	382.87	m	11.09	3.176	F8	0.686
HD 22137	HIP 16750	53.87339	39.16376	382.92	m	9.368	1.452	A2	0.154
HD 40476	HIP 28286	89.65562	-11.04372	382.93	m	9.004	1.088	A0/1 V	0.111
HIP 59574		183.24184	24.15851	382.94	m	10.09	2.178		0.31
HIP 86606		265.4653	-9.73553	382.95	m	9.492	1.576	K2	2.444
HD 98641	HIP 55445	170.32344	38.53246	382.96	m	9.094	1.178	G5	0.394
HIP 77709		237.99346	-78.71186	382.98	m	10.8	2.888		1.129
HIP 48445		148.16125	61.70905	382.98	m	9.218	1.302	K2	1.323
HD 161940	HIP 87132	267.04265	6.27152	382.99	m	9.254	1.338	A 1 V	0.192
HD 102879	HIP 57715	177.54461	-75.63871	383.04	m	9.448	1.532	G8/K0 III	1.341
HIP 89721		274.65698	-70.73264	383.04	m	9.33	1.414	K5	1.483
HD 171789	HIP 91367	279.51403	-31.35996	383.06	m	9.983	2.067	F5 V	0.679
HD 11064	HIP 8367	26.94476	-41.23647	383.08	m	9.145	1.229	G8 III	1.093
HD 95918	HIP 54119	166.10227	34.35327	383.11	m	9.502	1.585	K2	1.444
HD 221870	HIP 116447	353.93921	-21.72993	383.14	e	9.637	1.72	F3 V	0.534
HD 174255	HIP 92987	284.1608	-72.84519	383.19	m	9.332	1.415	A2MA5-A9	0.346
HIP 90092		275.77253	58.90355	383.19	m	10.34	2.426	A2	0.262
HD 21516	HIP 15893	51.17851	-63.0383	383.23	m	9.019	1.102	K2 III	1.342
HD 182582	HIP 95613	291.70496	-34.11307	383.3	m	9.044	1.126	G8 III	1.299
HD 28076	HIP 20599	66.17521	-28.8369	383.34	m	9.699	1.781	G8 V	0.903
HD 141139	HIP 77646	237.77923	-63.55168	383.34	m	9.455	1.537	K1/2 IV/VCNII	1.573
HD 192331	HIP 99817	303.79502	-24.44709	383.35	m	9.277	1.359	G8 III	1.146
HD 335238	HIP 102896	312.68194	29.80335	383.38	m	9.264	1.346	A0P	0.056
HIP 47236		144.4156	60.03369	383.4	m	10.03	2.111	K0	1.253
HD 26070	HIP 19133	61.51555	-37.49811	383.43	m	9.134	1.216	G8/K0 III	1.291
HIP 67633		207.86484	-46.4521	383.44	m	11.02	3.098	F5	0.658
HIP 90752		277.74767	38.111	383.49	m	9.439	1.52	A2	0.15
HD 150351	HIP 81760	250.50302	-35.62625	383.5	m	9.305	1.386	K5	2.373
HD 290931	HIP 27797	88.23618	-1.84443	383.5	m	9.603	1.684	F0	0.367
HIP 76789		235.18233	-13.85362	383.51	m	9.236	1.317	F5	1.299
HD 187907	HIP 97858	298.29544	-19.26502	383.6	m	9.308	1.389	K1/2 IIICNII/III	1.581
HD 243119	HIP 25155	80.74837	11.41751	383.61	m	9.145	1.226	K5	1.739
HIP 7470		24.04891	34.136	383.62	m	9.22	1.3	G5	1.125
HIP 80121		245.31781	48.88277	383.66	m	9.499	1.579	K0	1.291
HIP 20943		67.35331	-33.57621	383.66	m	10.33	2.408	F0	0.449
HIP 43804		133.82017	61.58789	383.66	m	10.16	2.239	F5	0.576
HIP 87595		268.40229	23.11681	383.68	m	11.76	3.844		0.867
HD 15043	HIP 11314	36.40735	8.72162	383.69	m	9.081	1.161	A3	0.426
HIP 23441		75.57933	-1.19871	383.71	m	11.13	3.215	F5	0.093
HD 50046	HIP 32816	102.61611	-23.07363	383.75	m	10.07	2.148	A0 V	0.183
HD 125030	HIP 69843	214.41241	-29.46735	383.76	m	9.624	1.704	F2 V	0.442
HD 58996	HIP 36229	111.90758	-11.19876	383.8	m	9.08	1.159	K0 III/IV	1.348
HIP 72641		222.78008	-45.89294	383.85	m	10.2	2.277	F2	0.276
HIP 111923		340.07314	41.46238	383.85	m	9.64	1.719	A2	0.214
HIP 65451		201.21328	24.8888	383.85	m	10	2.082	F5	0.541
HD 326535	HIP 82934	254.22261	-42.79164	383.88	m	9.788	1.867	F0	0.503
HD 222163	HIP 116656	354.60817	-39.00246	383.91	m	9.218	1.297	K2 III	1.516
HD 99253	HIP 55739	171.31225	-5.86896	383.91	m	9.101	1.18	K1 III	1.343
HD 132929	HIP 73954	226.70544	-73.06585	383.92	m	9.175	1.254	K0 III	1.194
HD 140294	HIP 77712	237.99771	-78.71528	383.93	m	9.148	1.227	A0 V	0.073
HIP 63854		196.29603	16.88552	383.94	m	10.61	2.69	F8	0.612
HD 141847	HIP 77497	237.36711	42.84532	383.94	m	9.002	1.081	K0	1.495
HD 72731	HIP 41919	128.19885	-41.87919	383.97	m	9.301	1.38	B9.5 V	0.026
HIP 77919		238.68877	18.03918	383.99	m	9.524	1.602	F2	0.52
HD 101050	HIP 56695	174.37603	-42.41162	384.01	m	9.263	1.341	F3 IV	0.439
HIP 45988		140.68261	27.63222	384.06	m	10.66	2.735	G0	0.545
HD 34430	HIP 24635	79.29096	-2.5799	384.1	m	9.079	1.157	B9 IV	0.138
HIP 108719		330.3537	24.8465	384.12	m	9.762	1.84	K2	1.401
HIP 42684		130.50048	24.35677	384.15	m	9.152	1.23	K2	1.454
HIP 42761		130.71442	48.15305	384.15	m	9.326	1.403	G 5 III	1.164
HD 235541	HIP 106405	323.27079	54.11339	384.19	m	9.552	1.629	A0	0.22
HD 352627	HIP 101767	309.38295	20.24732	384.19	m	9.369	1.446	K	1.14
HD 171048	HIP 90863	278.03942	12.35899	384.23	m	9.069	1.146	A0	0.331
HD 293764	HIP 23533	75.89408	-2.97945	384.23	m	9.566	1.643	A2	0.07
HD 31723	HIP 23111	74.59576	2.07506	384.26	m	9.095	1.172	A5 III	0.234
HIP 56471		173.67507	33.82708	384.3	m	9.576	1.653	K2	1.547
HD 102432	HIP 57519	176.83764	-3.08519	384.35	m	9.222	1.298	G6/8 V	0.86
HD 117864	HIP 66148	203.38861	-29.56775	384.35	m	9.41	1.486	K1/2 III	1.373
HD 96014	HIP 54256	166.49126	69.52974	384.35	m	9.016	1.092	K0	1.433
HD 115063	HIP 64642	198.74036	-19.03477	384.36	m	9.095	1.171	K3 III	1.756
HD 120038	HIP 67350	207.05966	-48.92936	384.41	m	9.371	1.447	G5 V	0.963
HD 2697	HIP 2380	7.59113	-32.72315	384.44	m	9.872	1.948	G6 V	0.978
HD 38120	HIP 26955	85.79956	-4.99719	384.51	m	9.093	1.168	B9 Vnne	0.039
HIP 104828		318.55458	50.11743	384.58	m	9.132	1.207	A2	0.327
HIP 68887		211.5686	21.999	384.59	m	9.865	1.94	G0	0.541
HIP 2784		8.88045	10.14513	384.64	m	10.89	2.97	K	1.006
HIP 56453		173.62675	27.76805	384.72	m	9.176	1.25	F 2 V	0.43
HIP 13172		42.35145	81.4293	384.72	m	9.624	1.698	A P SR EU	0.444
HD 779	HIP 977	3.02539	-7.70202	384.75	m	9.051	1.125	K2 III	1.561
HIP 13616		43.85673	-6.82724	384.76	m	9.973	2.047	F5	0.5
HD 77567	HIP 44309	135.35286	-50.29877	384.81	m	9.042	1.116	K1 III	1.387
HIP 60354		185.63404	20.61787	384.83	m	10.77	2.847	F8	0.664
HD 195109	HIP 101177	307.62033	-33.15552	384.85	m	9.134	1.208	K2 III	1.423
HD 153881	HIP 83171	254.96752	46.02018	384.85	m	9.442	1.516	F0	0.398
HD 102257	HIP 57392	176.49554	-43.58372	384.85	m	9.063	1.137	K0 III	1.309
HIP 15901		51.20412	75.7756	384.89	m	9.361	1.434	K0	1.373
HD 158281	HIP 86042	263.75906	-71.76696	384.93	m	9.095	1.168	G8/K0 III	1.077
HD 17778	HIP 13324	42.87116	13.4933	384.93	m	9.023	1.096	K0	1.257
HD 208080	HIP 108089	328.48923	-6.51509	384.98	m	9.088	1.161	K0/1 III	1.389
HD 285220	HIP 23579	76.04002	19.09463	385.01	m	10.75	2.824	F8	0.553
HD 96337	HIP 54236	166.45254	-39.55156	385.02	m	9.114	1.187	A0 V	0.083
HD 152172	HIP 82344	252.38018	47.108	385.04	m	9.535	1.607	A5	0.323
HD 240284	HIP 115508	350.97456	59.17515	385.05	m	9.012	1.084	B9.5V	0.416
HD 77823	HIP 44604	136.31605	14.24523	385.07	m	9.066	1.138	K2III	1.261
HIP 47626		145.67192	-39.60567	385.07	m	12.73	4.803	Fp	
HIP 82919		254.17107	-22.67421	385.15	m	9.967	2.039	G5	1.303
HD 6425	HIP 5089	16.29903	7.8746	385.21	m	9.113	1.185	K0	1.111
HD 117188	HIP 65720	202.10044	17.84644	385.25	m	9.083	1.154	K2	1.393
HD 136753	HIP 75143	230.34981	31.36737	385.28	m	9.308	1.379	M9	0.973
HIP 21371		68.78675	7.7737	385.28	m	10.86	2.933	F0	0.318
HD 137644	HIP 75505	231.35527	45.58005	385.28	m	9.05	1.121	A0	0.135
HIP 54865		168.51392	-51.54887	385.33	m	12.41	4.484	Fp	0.59
HD 102091	HIP 57318	176.28627	21.54603	385.42	m	9.776	1.846	K0	1.403
HIP 71519		219.39952	29.03056	385.42	m	10.27	2.344	F5	0.545
HIP 15564		50.13571	16.33299	385.42	m	9.28	1.35	A5	0.465
HIP 38116		117.16376	-63.69167	385.44	m	9.1	1.17	A0	0.071
HD 147285	HIP 80207	245.60991	-34.34466	385.55	m	9.298	1.368	K5	2.078
HD 219147	HIP 114728	348.60159	-58.52115	385.57	m	9.189	1.258	K1 IIICNII	1.419
HD 188433	HIP 98128	299.15009	-35.50199	385.65	m	9.158	1.227	A1 IV/V	0.126
HD 79457	HIP 45236	138.2965	-35.87851	385.67	m	9.48	1.549	A7 III/IV	0.341
HIP 65211		200.46027	1.39537	385.68	m	9.071	1.14	K2	1.371
HD 2658	HIP 2357	7.53538	-9.23529	385.68	m	9.116	1.185	A8 V	0.252
HIP 21546		69.39747	44.60792	385.71	m	9.538	1.607	K0	1.367
HIP 43150		131.83709	45.05888	385.73	m	9.125	1.194	K 0 III	1.357
HIP 3192		10.16998	-15.32583	385.74	m	9.381	1.45	K5	1.409
HD 197701	HIP 102347	311.05418	35.53677	385.76	m	9.005	1.073	A2	0.109
HD 13005	HIP 9835	31.64122	-34.20538	385.83	m	9.64	1.708	K0/1 III	1.386
HIP 73932		226.62453	-24.82724	385.88	m	10.09	2.156	F8	0.467
HD 100042	HIP 56173	172.7228	9.816	385.9	m	9.117	1.185	K0	1.191
HIP 33702		105.0328	-52.71108	385.9	m	11.37	3.442	Gp...	0.576
HIP 117621		357.8252	14.11517	385.91	m	10.5	2.57	G0	0.685
HIP 6580		21.13429	53.1932	385.92	m	9.268	1.336	K2	1.536
HIP 54394		166.94737	72.95376	385.94	m	9.319	1.386	F8	0.612
HD 25482	HIP 18659	59.91933	-58.67491	386	m	9.585	1.652	K0 III	1.314
HD 106186	HIP 59581	183.27484	13.06133	386	m	9.372	1.439	K0	1.22
HD 192454	HIP 99930	304.11804	-39.53261	386.04	m	9.248	1.315	F3 IV/V	0.384
HIP 95798		292.28316	7.35384	386.05	m	9.5	1.567	K0III	1.527
HD 148888	HIP 81199	248.78297	-62.71982	386.07	m	9.059	1.126	G8 III	1.139
HIP 87597		268.40671	23.12116	386.07	m	9.031	1.098	K2	1.419
HIP 28104		89.1031	-27.85901	386.11	m	12.37	4.438		-0.074
HD 221823	HIP 116426	353.87932	-7.15175	386.13	m	9.016	1.082	K0 III	1.198
HD 47117	HIP 31489	98.92328	-30.44893	386.14	m	9.231	1.297	A3 V	0.227
HIP 118317		359.9618	-36.4195	386.17	m	10.05	2.121	F8	0.567
HIP 21463		69.14117	-14.64943	386.21	m	9.161	1.227	K5	1.805
HD 16158	HIP 11936	38.50598	-48.80946	386.22	m	9.007	1.073	A0/1 V	0.073
HD 177057	HIP 93692	286.19176	-38.83738	386.25	m	9.256	1.322	K0 III	1.154
HIP 15997		51.51612	42.88087	386.26	m	9.019	1.085	K0	1.223
HIP 11740		37.87941	26.91574	386.27	m	9.536	1.602	G5	1.249
HD 17966	HIP 13415	43.18593	-18.44669	386.28	m	9.153	1.218	K1/2 III	1.557
HIP 6750		21.72146	1.29765	386.3	m	10.31	2.373	K0	1.382
HIP 5355		17.11156	-32.71994	386.31	m	12.3	4.362	DA:	-0.457
HD 46528	HIP 31548	99.05439	44.73364	386.39	m	9.452	1.517	F5	0.48
HIP 114004		346.32197	65.13065	386.39	m	9.515	1.58	A0	0.234
HD 30207	HIP 21811	70.27825	-64.44283	386.42	m	9.501	1.566	A1MA4-F2	0.274
HD 213750	HIP 111373	338.44674	-4.46556	386.42	m	9.058	1.123	F2 V	0.414
HD 117812	HIP 66210	203.5565	-59.51097	386.55	m	9.037	1.101	G8 II/III	1.343
HD 42856	HIP 30087	94.98166	71.99239	386.61	m	9.105	1.169	A0	0.152
HIP 77767		238.1858	36.71572	386.61	m	9.272	1.336	A2	0.222
HIP 106574		323.76114	34.59594	386.62	m	10.61	2.674	A 8 V	0.451
HD 5836	HIP 4625	14.8482	-40.99894	386.63	m	9.637	1.701	F5/6 V	0.515
HIP 52619		161.41025	12.46725	386.65	m	9.255	1.318	K0	1.332
HD 150978	HIP 82224	251.96189	-58.23103	386.66	m	9.011	1.074	K0 III	1.343
HD 267429	HIP 33606	104.74295	6.92983	386.67	m	9.2	1.263	K0	1.137
HIP 52764		161.82996	28.3204	386.7	m	9.112	1.175	K5	1.384
HD 63869	HIP 38137	117.23604	-46.62195	386.74	m	9.05	1.113	B9.5/A0 IV/V	0
HD 186370	HIP 97180	296.27555	-30.23063	386.77	m	9.194	1.257	K0 III	1.252
HIP 91509		279.93438	65.93841	386.82	m	9.392	1.454	K	1.089
HIP 62537		192.2208	29.1516	386.86	m	10.58	2.639	F8	0.547
HD 100990	HIP 56634	174.17132	-69.2509	386.95	m	9.329	1.391	B9/A0 V	0.166
HD 314428	HIP 90211	276.10835	-20.87228	386.95	m	9.747	1.809		1.632
HIP 88868		272.14921	17.00265	386.98	m	9.19	1.252	A2	0.128
HIP 103270		313.82245	12.83338	387	m	9.292	1.353	A5	0.245
HD 8596	HIP 6642	21.30101	20.01597	387.01	m	9.154	1.215	F0	0.315
HD 79296	HIP 45128	137.92294	-46.23431	387.06	m	9.449	1.51	FM DELTA DEL	0.412
HD 88626	HIP 49705	152.20615	-76.67058	387.06	m	9.269	1.33	K2/3 (III)	2.004
HD 190705	HIP 99098	301.77837	-24.77386	387.07	m	9.517	1.578	F0 V	0.57
HD 222477	HIP 116846	355.26847	-17.52732	387.08	m	9.555	1.616	K0 III	1.206
HIP 73377		224.92465	35.10523	387.09	m	11.56	3.626		1.274
HD 139167	HIP 76741	235.06844	-63.37812	387.1	m	9.286	1.347	G8 III	1.247
HD 117213	HIP 65843	202.4573	-50.2616	387.16	m	9.135	1.196	G6 III	1.086
HD 12307	HIP 9394	30.18486	0.3629	387.23	m	9.464	1.524	A2 V	0.165
HD 346589	HIP 100955	307.03262	24.12793	387.25	m	9.299	1.359	G5	1.188
HD 233885	HIP 58355	179.49952	49.9116	387.25	m	9.346	1.406	K0III	1.323
HD 191146	HIP 99217	302.12202	-3.66144	387.27	m	9.738	1.798	A4 IV/V	0.358
HIP 57663		177.3963	16.59737	387.41	m	9.306	1.365	K2	1.653
HD 143165	HIP 78371	239.99904	-31.42811	387.42	m	9.018	1.077	K0 III	1.207
HIP 42087		128.68094	50.14205	387.44	m	10.09	2.146	F2	0.471
HD 1938	HIP 1857	5.8634	-40.40653	387.51	m	10.05	2.11	F6/7 V	0.526
HD 2440	HIP 2188	6.91356	-60.28038	387.57	m	9.043	1.101	K1/2 III	1.402
HIP 115064		349.59589	-24.99848	387.58	m	11.13	3.191		
HD 18869	HIP 14267	45.99186	49.39274	387.6	m	9.347	1.405	A0	0.178
HIP 78175		239.43156	3.37719	387.61	m	9.192	1.25	K0	1.549
HD 191308	HIP 99692	303.45425	-67.45842	387.76	m	9.562	1.619	F0 IV/V	0.481
HD 214138	HIP 111628	339.20464	-35.49078	387.78	m	9.047	1.104	K0/1 (IV)	1.203
HIP 109798		333.59032	65.78283	387.79	m	9.98	2.037	A2	0.171
HD 27890	HIP 20453	65.72537	-29.7551	387.94	m	9.003	1.059	K1 III	1.277
HD 76973	HIP 44769	136.86676	78.87033	387.98	m	9.041	1.097	K0	1.416
HD 177415	HIP 93628	286.00134	14.67127	388.02	m	9.193	1.249	K5	1.183
HD 93178	HIP 52625	161.43011	10.02147	388.02	m	9.019	1.075	K5	1.32
HD 46952	HIP 31496	98.94318	-10.46078	388.05	m	9.042	1.098	A0 V	0.145
HD 43492	HIP 29547	93.39045	-51.96894	388.05	m	9.004	1.06	K0 III	1.342
HD 177394	HIP 93617	285.96981	17.01162	388.1	m	9.064	1.119	A0	0.187
HIP 65769		202.25861	29.20924	388.12	m	11.59	3.64	F8	0.307
HIP 57983		178.4055	-2.0102	388.18	m	9.681	1.736	F0	0.77
HD 169062	HIP 90042	275.60095	9.94961	388.2	m	9.344	1.399	A0	0.124
HD 69375	HIP 40464	123.92709	-29.15691	388.21	m	9.337	1.392	A0 V	0.072
HD 28537	HIP 20853	67.02674	-42.12922	388.21	m	9.117	1.172	K2/3 (III)	1.421
HD 97666	HIP 54855	168.46355	-42.25614	388.27	m	9.094	1.148	F5 V	0.613
HIP 25040		80.4308	-65.64753	388.32	m	12.38	4.433		
HD 76972	HIP 43893	134.12218	-61.64628	388.34	m	9.016	1.07	F0 III/IV	0.449
HIP 5376		17.19456	37.18038	388.35	m	9.159	1.213	K5	1.708
HD 335489	HIP 88244	270.29283	27.82489	388.36	m	9.744	1.798	A3	0.298
HIP 55093		169.19943	-41.16734	388.42	m	9.039	1.092	K5	1.449
HD 100064	HIP 56152	172.64287	-36.7693	388.42	m	9.185	1.238	K1/2 III	1.159
HD 16704	HIP 12622	40.56189	45.65671	388.47	m	9.02	1.073	B9	0.191
HD 35153	HIP 25121	80.66173	-1.04276	388.47	m	9.001	1.054	A0 V	0.117
HD 17442	HIP 13390	43.08622	71.58289	388.51	m	9.237	1.29	A0	0.142
HD 33871	HIP 24214	77.99357	-30.46835	388.58	m	9.075	1.128	G8/K0 III/IV	1.29
HIP 116359		353.66615	-1.50582	388.6	m	10.29	2.342	F2	0.474
HIP 66396		204.19872	22.75941	388.61	m	10.47	2.519	F5	0.506
HIP 46048		140.86063	-74.40294	388.62	m	12.64	4.69	Fp	
HD 238065	HIP 58812	180.93868	55.52032	388.63	m	10.55	2.605	F5	0.501
HD 218813	HIP 114518	347.92553	-56.27847	388.66	m	10.76	2.81	F3/5 IV/V	0.246
HIP 20718		66.59903	8.28741	388.68	m	10.75	2.803	F0	0.371
HIP 38820		119.17922	-64.10021	388.68	m	11.39	3.443		0.965
HIP 45289		138.44979	-20.30283	388.72	m	9.271	1.323	K2	1.355
HIP 41038		125.63211	-1.9262	388.72	m	9.701	1.753	F2	0.458
HD 349931	HIP 94838	289.46031	20.23853	388.73	m	9.466	1.518	A5	0.252
HD 142032	HIP 78119	239.27196	-68.65085	388.74	m	9.808	1.86	F3/5 V	0.509
HD 129830	HIP 72148	221.35591	-20.31579	388.77	m	10.15	2.205	F3 V	0.63
HIP 58611		180.29271	-27.25018	388.79	m	11.04	3.087		0.476
HD 238292	HIP 67701	208.0116	54.53878	388.87	m	9.908	1.959	K2	1.307
HIP 18367		58.90602	44.53116	388.91	m	10.57	2.624	F2	0.5
HD 169855	HIP 90545	277.13519	-40.99247	388.91	m	9.057	1.108	B9 V	-0.013
HD 238306	HIP 68284	209.67667	55.09894	389	m	9.937	1.987	K2	1.348
HD 137254	HIP 75968	232.71754	-73.78677	389.04	m	9.457	1.507	G8 III	1.078
HIP 36048		111.43828	11.49909	389.06	m	9.368	1.418	K0	1.272
HD 194872	HIP 101004	307.16201	-19.69033	389.08	m	9.293	1.343	G3 V	0.843
HD 229631	HIP 92374	282.37548	18.1871	389.09	m	9.002	1.052	A0	0.175
HIP 43901		134.14444	43.05893	389.09	m	11.2	3.25	F2	0.537
HD 239765	HIP 107466	326.50765	59.52638	389.11	m	9.444	1.494	A0	0.137
HD 131003	HIP 72966	223.68298	-67.88392	389.12	m	9.626	1.676	A0 V	0.099
HD 215288	HIP 112195	340.85447	44.23237	389.12	m	10.06	2.113	A0	0.191
HIP 76698		234.91565	53.02184	389.16	m	10.51	2.558	F8	0.696
HD 37953	HIP 26483	84.49128	-61.49299	389.18	m	9.133	1.182	K1 III	1.261
HD 184616	HIP 96389	293.95604	-15.55961	389.23	m	9.82	1.869	G8 IV	1.348
HD 182058	HIP 95227	290.6191	11.52694	389.25	m	9.884	1.933	A0	0.21
HD 90996	HIP 51380	157.4101	-39.03877	389.29	m	9.052	1.101	K1 III	1.356
HD 147386	HIP 80245	245.73084	-31.07408	389.3	m	9.659	1.708	F7 + (A/F)	0.716
HD 28722	HIP 20662	66.40919	-71.28759	389.3	m	9.964	2.013	A1 V(S)	0.226
HIP 109263		332.04473	64.0703	389.31	m	9.857	1.906	A2	0.295
HD 36527	HIP 25956	83.06942	-3.56413	389.32	m	9.415	1.463	A0 IV	0.243
HD 145413	HIP 79474	243.29274	-50.75261	389.34	m	9.352	1.4	G8/K0 IV/V	1.388
HIP 17611		56.59344	42.11378	389.34	m	10.15	2.194	F2	0.55
HIP 104055		316.21712	61.18896	389.35	m	9.752	1.8	A5	0.347
HD 121705	HIP 68286	209.68413	-57.89609	389.41	m	9.412	1.46	A0 V	0.135
HD 297017	HIP 48162	147.25274	-45.44048	389.43	m	9.079	1.127	K0	1.335
HD 83587	HIP 47214	144.3281	-60.15206	389.45	m	9.275	1.323	F0 III	0.397
HD 328900	HIP 82507	252.95063	-44.64057	389.49	m	10.32	2.367	F2	0.558
HIP 3130		9.94804	42.38356	389.52	m	9.243	1.29	K0	1.297
HIP 109346		332.27967	46.39099	389.59	m	9.979	2.026	A0	0.396
HIP 114909		349.12976	36.8369	389.67	m	9.637	1.684	F0	0.398
HD 54710	HIP 34415	107.02565	-39.28671	389.76	m	9.028	1.074	G6/8 III	1.143
HD 55798	HIP 34790	108.03207	-47.40382	389.81	m	9.795	1.841	A0 V	0.062
HD 88246	HIP 49523	151.6734	-74.62361	389.82	m	9.505	1.551	K0 III	1.547
HD 41855	HIP 29043	91.91615	4.40379	389.83	m	9.13	1.176	A0 V	0.123
HD 93676	HIP 52825	162.01677	-50.36951	389.85	m	9.104	1.149	K1 III	1.293
HD 182210	HIP 95412	291.13625	-27.01271	389.94	m	9.292	1.337	B9 IV	-0.043
HD 79814	HIP 45457	138.96252	-11.64004	389.95	m	9.035	1.08	A3 III	0.204
HIP 32377		101.36266	-17.84195	389.96	m	9.665	1.71	K0	1.375
HD 104807	HIP 58842	181.02302	-47.36703	390.03	m	9.042	1.087	K0 III	1.264
HIP 101713		309.26172	79.52956	390.05	m	9.799	1.843	A2	0.193
HD 195317	HIP 101377	308.20159	-51.94747	390.05	m	9.765	1.809	G8 IV/V	1.064
HD 122338	HIP 68648	210.78005	-58.94844	390.07	m	9.057	1.101	A9 V	0.63
HIP 23113		74.59909	51.82622	390.09	m	11.84	3.882	M0	0.869
HD 197132	HIP 102260	310.80843	-43.31018	390.11	m	10.32	2.361	F0 V	0.272
HD 171661	HIP 91199	279.06021	-1.33657	390.12	m	9.203	1.247	A2 IV	0.38
HD 137794	HIP 75705	232.00044	-0.10782	390.16	m	9.093	1.137	K0 III	1.318
HIP 78841		241.4113	6.77478	390.19	m	9.896	1.94	F8	0.632
HIP 61677		189.6498	20.72088	390.25	m	9.219	1.262	K2	1.163
HD 182492	HIP 95419	291.14813	10.49178	390.26	m	9.22	1.263	A0	0.086
HD 24618	HIP 18006	57.7436	-63.78335	390.26	m	9.122	1.165	K0 III	1.184
HD 39297	HIP 27522	87.41408	-41.04284	390.28	m	9.234	1.277	K1/2 III	1.447
HIP 95255		290.70496	74.35757	390.33	m	11.73	3.775		0.356
HIP 39793		121.97059	15.48063	390.39	m	9.191	1.234	K0	1.212
HD 281537	HIP 19240	61.8521	33.08796	390.4	m	9.193	1.235	A0	0.094
HD 119334	HIP 66868	205.56987	24.209	390.41	m	9.052	1.094	G5	1.178
HIP 111039		337.42793	42.24191	390.42	m	9.316	1.358	A2	0.149
HD 234324	HIP 81239	248.88242	49.98543	390.44	m	9.849	1.891	K5	1.161
HIP 42115		128.77349	-8.84587	390.46	m	12.62	4.666		
HD 202289	HIP 105191	319.63157	-68.60062	390.54	m	9.255	1.297	K2/3 III	1.521
HD 213466	HIP 111218	337.99199	-28.13212	390.54	m	9.868	1.91	G8 (III)	1.201
HIP 63301		194.58776	-47.35944	390.65	m	10.49	2.536	F8	0.319
HD 71274	HIP 39319	120.58617	-85.69089	390.71	m	9.241	1.282	K2 (III)	1.537
HIP 101276		307.92724	-31.37499	390.79	m	10.51	2.545	G2	0.588
HIP 7495		24.12466	50.82393	390.81	m	9.93	1.97	K0	0.257
HD 184713	HIP 96591	294.54566	-50.45931	390.87	m	9.031	1.071	K0 III	1.314
HD 99613	HIP 55901	171.87851	-28.96676	390.88	m	9.011	1.051	A0/1 V	0.11
HIP 2867		9.09224	26.15931	390.89	m	9.088	1.128	G5	1.093
HIP 113519		344.86181	20.1696	390.96	m	11.15	3.193	G	0.433
HD 93666	HIP 52860	162.16165	-8.29503	390.97	m	9.107	1.146	K0/1 III	1.262
HD 17870	HIP 13418	43.19538	20.125	391	m	9.003	1.042	G5	1.238
HD 39034	HIP 27536	87.47366	-0.1836	391	m	9.31	1.349	B9.5 V	0.042
HD 189912	HIP 98973	301.40865	-59.23092	391.01	m	9.175	1.214	K0 III	1.256
HIP 4936		15.83177	-3.81236	391.1	m	10.11	2.153		0.405
HD 77376	HIP 44465	135.88485	42.76973	391.14	m	9.396	1.434	F8	0.44
HD 196583	HIP 101977	309.98883	-43.60639	391.15	m	10.16	2.198	F3 V	0.466
HD 13288	HIP 10040	32.30493	-27.56903	391.16	m	9.567	1.605	G6 IV/V	1.022
HD 36110	HIP 25545	81.91542	-35.98516	391.16	m	9.154	1.192	F3 IV	0.508
HIP 83523		256.04085	-25.03785	391.21	m	10.45	2.484	F5	0.497
HD 118085	HIP 66295	203.80798	-35.64867	391.24	m	9.201	1.239	FM DELTA DEL + F	0.499
HD 22004	HIP 16640	53.53103	36.08498	391.36	m	9.358	1.395	B 9.5V	0.161
HIP 10313		33.21164	75.86501	391.39	m	10.01	2.045	A2	0.495
HD 170325	HIP 91372	279.52718	-76.78296	391.44	m	9.14	1.177	K0/1 III	1.326
HD 113746	HIP 63934	196.54371	-26.00572	391.49	m	9.384	1.42	K2 III	1.438
HD 108670	HIP 60932	187.33286	-54.19786	391.49	m	9.093	1.129	A3 IV	0.215
HD 1413	HIP 1454	4.53075	-51.67022	391.5	m	9.43	1.466	G8 IV	1.159
HD 9918	HIP 7460	24.03455	-37.29666	391.51	m	9.232	1.268		1.158
HD 29762	HIP 22080	71.24098	59.87724	391.52	m	9.115	1.151	A P SR	0.19
HIP 14872		48.00238	43.43293	391.53	m	9.105	1.141	A2	0.237
HIP 51946		159.17952	37.347	391.56	m	9.683	1.719	F5	0.458
HD 141020	HIP 77037	235.94848	58.02424	391.59	m	9.358	1.394	A2	0.087
HD 219198	HIP 114696	348.51723	3.31002	391.6	m	9.168	1.204	K0 (IV)	1.239
HD 186952	HIP 97427	297.01927	-21.13103	391.62	m	9.197	1.233	K0 III	1.325
HD 89731	HIP 50729	155.37232	11.07807	391.68	m	9.052	1.087	G5	1.105
HD 8339	HIP 6409	20.58037	-19.57869	391.7	m	9.21	1.245	K0 III	1.06
HIP 25990		83.20265	-10.43084	391.77	m	9.743	1.778	A7	0.29
HIP 66421		204.25991	19.84707	391.82	m	9.738	1.773	G5	1.072
HIP 111470		338.75254	16.68004	391.82	m	9.127	1.162	K0	1.293
HD 158152	HIP 85502	262.09918	-20.36387	391.82	m	9.041	1.076	G8 III/IV	1.432
HD 31277	HIP 23220	74.9518	68.56691	391.86	m	9.42	1.454	F5	0.435
HD 63039	HIP 37997	116.81122	8.36074	391.88	m	9.132	1.166	A0	0.029
HIP 61604		189.36033	43.05422	391.9	m	10.18	2.214	K0III	1.293
HD 202262	HIP 104915	318.78658	-18.10395	391.91	m	9.111	1.145	K1 III	1.4
HD 104208	HIP 58521	180.02377	17.92018	392.06	m	9.002	1.035	K	1.327
HIP 11089		35.70635	65.80404	392.08	m	9.614	1.647	B5	0.502
HIP 11215		36.08702	31.84593	392.09	m	10.96	2.993	F2	0.557
HD 119841	HIP 67299	206.88102	-64.16048	392.1	m	9.024	1.057	G6/8 (III)	1.205
HD 75051	HIP 42820	130.87937	-67.85226	392.11	m	9.147	1.18	G8 IV	1.26
HIP 116423		353.86981	-41.69506	392.18	m	10.32	2.349	F0	0.443
HD 133372	HIP 73688	225.93423	12.49436	392.21	m	9.266	1.298	G5	1.075
HD 34461	HIP 24245	78.07511	-67.09488	392.21	m	9.542	1.574	K0 III	1.204
HIP 24904		80.06844	70.84555	392.22	m	9.516	1.548	A5	0.317
HD 194603	HIP 100879	306.8135	-21.97989	392.24	m	9.152	1.184	A4 IV/V	0.217
HIP 117872		358.64018	27.86562	392.29	m	9.122	1.154	K2	1.538
HD 2103	HIP 1998	6.32959	9.06802	392.29	m	9.1	1.132	K0	1.253
HD 69262	HIP 40203	123.17229	-61.8491	392.3	m	9.033	1.065	F5 IV	0.536
HD 78261	HIP 44641	136.44628	-42.64332	392.31	m	10.14	2.176	G5 V	0.836
HD 198078	HIP 102671	312.07692	-13.48866	392.34	m	9.689	1.721	A3 V	0.246
HD 5140	HIP 4199	13.40443	27.90997	392.36	m	9.097	1.129	K2	1.338
HIP 53679		164.74935	2.19507	392.36	m	9.101	1.133	K0	1.266
HD 45705	HIP 30984	97.53982	26.94963	392.4	m	9.085	1.116	F0	0.342
HIP 36036		111.3987	-63.06041	392.41	m	9.133	1.164	G5	1.115
HD 77618	HIP 43839	133.93368	-78.73616	392.42	m	9.027	1.058	A0 VN	0.156
HIP 65873		202.53142	-76.56694	392.43	m	9.237	1.268	K0	1.169
HIP 93070		284.37995	38.93929	392.47	m	9.386	1.417	A2	0.162
HD 244378	HIP 25812	82.6943	13.81518	392.48	m	9.234	1.265	A0	0.303
HIP 106410		323.29266	-67.66268	392.52	m	9.114	1.145		1.528
HD 21839	HIP 16371	52.72232	-8.82077	392.57	m	9.811	1.841	F3 IV/V	0.481
HD 193134	HIP 100368	305.32371	-55.76766	392.62	m	9.187	1.217	F2 IV/V	0.407
HIP 117935		358.84112	47.17957	392.64	m	9.542	1.572	A0	0.1
HD 225254	HIP 367	1.15563	-81.34532	392.66	m	9.152	1.182	A2/3 IV	0.251
HIP 58506		179.97888	-46.45599	392.66	m	10.25	2.279	F2	0.354
HIP 87863		269.2278	16.09831	392.66	m	9.6	1.63	A2	0.323
HD 158836	HIP 85735	262.804	6.35443	392.79	m	9.139	1.168	A0	0.06
HIP 4216		13.45228	25.11657	392.79	m	9.838	1.867	A5	0.357
HD 121989	HIP 68410	210.05811	-50.22231	392.84	m	9.009	1.038	G8 III	1.272
HIP 92890		283.89397	61.45172	392.92	m	9.142	1.17	K0	1.129
HD 233454	HIP 38157	117.29893	51.72533	392.93	m	9.156	1.184	K2	1.414
HD 199037	HIP 103253	313.76798	-22.85244	392.93	m	9.151	1.179	K0 III	1.216
HIP 59103		181.79896	30.03575	392.94	m	10.98	3.005	F5	0.415
HD 60842	HIP 36415	112.38322	-73.3787	392.96	m	9.673	1.701	A2/3 V	0.256
HD 140251	HIP 76766	235.11199	49.83573	393	m	9.181	1.209	K0	1.529
HD 89362	HIP 50522	154.79181	22.04389	393.04	m	9.103	1.131	K0	1.451
HD 298677	HIP 48290	147.68277	-51.52795	393.07	m	11.03	3.057	F8	0.353
HD 211118	HIP 109906	333.9007	-33.62187	393.1	m	9.787	1.814	G8 IV/V	1.164
HD 127286	HIP 70848	217.32771	43.65676	393.18	m	9.363	1.39	F2	0.328
HIP 46561		142.42745	16.34597	393.18	m	9.3	1.327	K5	1.632
HD 191147	HIP 99225	302.14099	-5.10048	393.19	m	9.091	1.118	G8 IV/V	1.197
HD 32974	HIP 24033	77.49852	54.53796	393.21	m	9.185	1.212	B8	0.357
HIP 4664		14.98338	28.67828	393.22	m	9.275	1.302	K2	1.496
HD 171970	HIP 91683	280.452	-62.7745	393.26	m	9.096	1.123	G6 III	1.162
HD 22642	HIP 16956	54.53298	-12.24314	393.3	m	9.221	1.247	A1 V	0.103
HD 117980	HIP 66145	203.38222	34.06347	393.33	m	9.19	1.216	K 4 III	1.577
HD 89216	HIP 50328	154.16423	-41.50574	393.33	m	9.522	1.548	A0 V	0.079
HD 141408	HIP 77658	237.81179	-51.78869	393.37	m	9	1.026	K0 II	1.174
HD 103196	HIP 57933	178.22341	-48.26885	393.43	m	9.086	1.112	K1 III	1.273
HIP 81192		248.75944	0.30787	393.45	m	9.741	1.767	F2	0.493
HIP 53246		163.35928	18.06508	393.45	m	9.509	1.535	G5	1.064
HIP 75872		232.46242	34.73636	393.52	m	9.182	1.207	F0	0.347
HD 143048	HIP 78261	239.6906	-19.54364	393.53	m	9.221	1.246	K0 III	1.269
HIP 35545		110.02592	22.41046	393.56	m	9.037	1.062	K0	1.268
HIP 112653		342.22789	63.14922	393.57	m	9.314	1.339	A0	0.356
HD 110203	HIP 61862	190.17489	-44.00579	393.62	m	9.165	1.19	G8 III	1.297
HD 139121	HIP 76479	234.29962	-23.65148	393.63	m	9.437	1.462	G2 V	1.074
HIP 67693		207.99857	-58.42981	393.63	m	10.08	2.105		0.032
HIP 24677		79.41465	-26.638	393.63	m	9.979	2.004	A2	0.376
HIP 83364		255.57127	18.6113	393.63	m	9.136	1.161	K0	1.34
HD 93230	HIP 52590	161.30463	-42.83986	393.66	m	9.073	1.097	K0 III	1.235
HIP 73916		226.57776	9.14222	393.75	m	10.69	2.716	F8	0.566
HIP 41469		126.88074	26.84619	393.76	m	9.05	1.074	K0	1.331
HIP 83530		256.078	-51.86167	393.9	m	10.07	2.095	F5	0.402
HIP 37792		116.24339	-2.36038	393.97	m	9.832	1.855	K2	1.53
HIP 62332		191.60495	48.85937	394.04	m	10.42	2.442	F8	0.727
HIP 99191		302.0519	21.10312	394.16	m	10.09	2.112	F2	0.369
HD 174618	HIP 91769	280.70156	75.88033	394.2	m	9.209	1.23	G5	0.495
HD 207142	HIP 107609	326.93637	-33.68184	394.24	m	9.427	1.448	F0 V	0.402
HD 95076	HIP 53645	164.62461	-7.05519	394.25	m	9.312	1.333	K1 III	1.248
HD 83659	HIP 47241	144.42725	-61.22138	394.27	m	9.083	1.104	G8/K0 III	1.305
HD 34637	HIP 24803	79.76456	0.43851	394.29	m	9.39	1.411	B9 V	0.041
HD 191990	HIP 99718	303.51883	-36.61512	394.29	m	9.174	1.195	K2 IIICNII	1.391
HIP 21293		68.52933	-15.91831	394.32	m	9.773	1.794	K2	1.322
HIP 74603		228.65032	27.13268	394.35	m	10.23	2.249	K0	1.179
HD 258730	HIP 31129	97.97848	30.86704	394.36	m	10.31	2.333	F 6 V	0.477
HIP 80967		247.99912	24.65495	394.44	m	9.175	1.195	K0	1.14
HD 152122	HIP 82813	253.8624	-62.31697	394.5	m	9.11	1.13	K3/4 III	1.734
HD 30049	HIP 22010	70.96634	-7.03895	394.52	m	9.312	1.332	A1 V	0.076
HIP 84861		260.16259	-24.70476	394.53	m	9.778	1.798	G5	1.396
HIP 70617		216.67591	45.45635	394.56	m	10.24	2.259	K0	1.391
HD 180320	HIP 94664	288.94996	7.48811	394.63	m	9.905	1.924	B8	1.629
HD 85194	HIP 47992	146.72748	-69.50334	394.66	m	9.138	1.157	M7 III	1.409
HIP 51413		157.5144	35.03466	394.68	m	10.53	2.547	G0	0.472
HD 66773	HIP 39760	121.89278	52.27026	394.69	m	9.16	1.179	K0	1.229
HD 199349	HIP 103475	314.46442	-37.71971	394.7	m	9.638	1.657	A2/3 III/IV	0.259
HD 168220	HIP 89987	275.40497	-54.18949	394.74	m	9.022	1.04	K0 III	1.205
HD 20452	HIP 15735	50.6836	72.06567	394.78	m	9.146	1.164	A0	0.285
HIP 43225		132.0792	0.55697	394.78	m	10.47	2.485	K2	0.802
HIP 114084		346.58886	51.44083	394.92	m	10.1	2.114	A0	0.286
HIP 44849		137.06679	61.8349	394.96	m	9.168	1.185	G5	1.141
HD 37225	HIP 26193	83.7474	-40.60244	394.96	m	9.264	1.281	G6/8 III	1.153
HD 125905	HIP 70258	215.63255	-3.72705	394.98	m	9.319	1.336	A1/2 IV	0.119
HIP 8203		26.36705	34.86295	394.98	m	9.002	1.019	G5	1.284
HD 3259	HIP 2755	8.79524	-62.08144	395.05	m	9.361	1.378	K3/4 III	1.658
HD 83048	HIP 47066	143.87614	-14.69126	395.06	m	11.45	3.462	Md	1.281
HD 5455	HIP 4379	14.02679	-26.34702	395.09	m	9.106	1.123	K1 III	1.447
HD 17839	HIP 13256	42.64638	-38.74568	395.11	m	9.202	1.218	G8/K0 III	1.152
HIP 49183		150.56722	77.79041	395.11	m	9.773	1.789	F2	0.451
HD 161492	HIP 87067	266.88024	-37.84638	395.14	m	9.154	1.17	G8 IIIP	1.364
HD 22194	HIP 16764	53.9321	35.5108	395.17	m	9.226	1.242	A2	0.429
HD 279171	HIP 18345	58.83084	35.13127	395.17	m	9.969	1.985	A 1 V	0.204
HD 31686	HIP 22969	74.13769	-31.70682	395.2	m	9.017	1.033	K0 IIICNII	1.299
HD 240339	HIP 116538	354.26605	57.98117	395.25	m	9.288	1.304	B8	0.354
HIP 3599		11.5267	22.61558	395.28	m	9.22	1.235	K2	1.407
HD 170324	HIP 90824	277.92412	-54.17862	395.29	m	9.198	1.213	K0 III	1.274
HD 195791	HIP 101410	308.27094	12.74837	395.31	m	9.183	1.198	A0	0.023
HD 262936	HIP 32260	101.04577	8.41794	395.38	m	9.313	1.328	A2	0.123
HD 100075	HIP 56151	172.64201	-50.50126	395.4	m	9.248	1.263	A1 V	0.085
HIP 42005		128.42372	17.64585	395.48	m	9.186	1.2	K0	1.226
HD 76808	HIP 43733	133.60258	-68.53877	395.51	m	9.259	1.273	K2/3 (III)	1.33
HIP 70770		217.11096	18.17872	395.54	m	10.57	2.589	F5	0.583
HIP 67944		208.71163	21.1877	395.54	m	10.98	2.998	F8	0.44
HD 29946	HIP 21527	69.33328	-70.07106	395.54	m	9.481	1.495	A3 V	0.327
HD 116900	HIP 65610	201.79025	-29.0624	395.59	m	9.021	1.035	A5/7 IV	0.327
HD 65808	HIP 39166	120.1635	1.97394	395.63	m	9.39	1.404	F2 IV	0.369
HD 62179	HIP 37650	115.89531	23.78941	395.63	m	9.238	1.252	B8	0.102
HD 20702	HIP 15542	50.06404	6.22152	395.66	m	9.535	1.548	A0	0.164
HD 174929	HIP 93475	285.54434	-76.59478	395.77	m	9.113	1.126	G8 III/IV	1.088
HIP 80506		246.51721	35.40264	395.86	m	10.7	2.714	F8	0.619
HD 28739	HIP 21026	67.62676	-32.33173	395.91	m	9.007	1.019	G8 III	1.148
HD 81465	HIP 46219	141.34878	-14.63306	395.96	m	9.658	1.67	A9 V	0.346
HD 200920	HIP 104359	317.11984	-53.26674	396	m	9.007	1.019	K0 III	1.362
HIP 19050		61.2223	23.23629	396.02	m	10.86	2.867	R...	1.618
HIP 55376		170.08509	59.80354	396.08	m	10.63	2.643		0.864
HIP 52951		162.44798	62.76498	396.15	m	10.49	2.5	G5	0.666
HD 77905	HIP 44449	135.83599	-50.133	396.16	m	9.094	1.105	A0 V	0.085
HD 196649	HIP 101990	310.03535	-39.33101	396.18	m	9.058	1.069	K3 III	1.609
HD 218575	HIP 114308	347.25318	7.93141	396.19	m	9.128	1.139	K5	1.356
HD 85165	HIP 48210	147.43254	-17.0319	396.19	m	9.07	1.08	G8 III	1.18
HD 17683	HIP 13127	42.21161	-43.89142	396.23	m	9.351	1.361	A0 V	0.102
HD 188921	HIP 98326	299.66046	-30.92764	396.28	m	9.288	1.298	G5 IV	0.905
HD 209497	HIP 108983	331.18245	-38.64312	396.28	m	9.973	1.983	G1 V	0.687
HD 232532	HIP 8324	26.83154	51.13201	396.31	m	9.001	1.011	K0	1.368
HD 78147	HIP 44621	136.39028	-34.7998	396.35	m	9.043	1.053	K3/4 III	1.64
HD 170605	HIP 90825	277.92637	-30.90865	396.35	m	9.346	1.356	K1 III	1.494
HD 101707	HIP 57081	175.51654	-46.32891	396.36	m	10.16	2.174	A2/3 (IIIM)	0.324
HIP 2739		8.74948	-21.45121	396.36	m	10.49	2.502	F2	0.484
HD 88752	HIP 50094	153.42708	-27.96147	396.4	m	9.017	1.026	K1 III	1.301
HIP 112759		342.54026	61.94801	396.41	m	9.315	1.324	A 2 IV	0.504
HD 20082	HIP 14839	47.91312	-50.27221	396.42	m	9.124	1.133	K1 (III)	1.456
HD 21721	HIP 16105	51.86339	-57.13834	396.46	m	9.135	1.144	K0/1 III	1.319
HIP 60977		187.48412	-36.4985	396.5	m	12.67	4.675	Gp	
HIP 89608		274.29393	1.88467	396.54	m	10.36	2.372	B8	0.621
HIP 59912		184.33856	42.79502	396.54	m	9.863	1.872	G9III	1.192
HIP 63779		196.08957	38.43334	396.58	m	9.256	1.264	G 8 III	1.242
HD 333313	HIP 98434	300.00142	28.73504	396.6	m	9.821	1.829	A2	0.106
HD 88636	HIP 50431	154.45684	77.46573	396.68	m	9.04	1.048	G5	1.167
HD 212747	HIP 110860	336.90765	-51.14772	396.74	m	9.203	1.21	K1/2 (III)	1.321
HIP 23304		75.17965	84.57483	396.79	m	10.88	2.882		0.375
HD 216483	HIP 113058	343.44013	-35.98686	396.81	m	9.393	1.4	G8 IV	1.178
HIP 77987		238.87886	10.10462	396.85	m	9.849	1.856	F0	0.3
HIP 16566		53.31102	-25.87165	396.87	m	11.12	3.132		-0.246
HD 283817	HIP 21768	70.13604	24.44202	396.88	m	10.71	2.712	G0	1.005
HIP 52719		161.67361	4.451	396.89	m	9.577	1.584	K2	1.283
HIP 45728		139.83466	24.40231	396.92	m	9.384	1.391	K0	1.246
HD 123971	HIP 69354	212.93235	-41.08332	396.93	m	9.312	1.318	A9 III	0.392
HD 163656	HIP 88186	270.14665	-56.35177	396.98	m	9.176	1.182	K0 III	1.375
HD 183092	HIP 95804	292.30381	-32.70683	397	m	9.97	1.976	A9 V	0.349
HD 7395	HIP 5783	18.54373	1.49792	397.04	m	9.262	1.268	G8 IV	0.947
HD 198242	HIP 102822	312.4543	-24.82163	397.05	m	9.261	1.267	F2 V	0.389
HIP 29686		93.80812	-38.47398	397.08	m	9.119	1.125	K1	1.284
HIP 84484		259.07632	-3.61087	397.22	m	10.19	2.19	K2	1.79
HD 116158	HIP 65170	200.33764	33.29326	397.24	m	9.061	1.066	K0	1.402
HIP 30182		95.2547	30.25271	397.25	m	10.76	2.761	F8	0.69
HIP 62615		192.45608	-21.9452	397.26	m	9.917	1.922	F5	0.481
HIP 81241		248.88415	34.07655	397.28	m	9.057	1.062	K0	1.325
HD 79840	HIP 45504	139.08693	-1.23369	397.28	m	9.074	1.079	K1 V	1.53
HD 73810	HIP 42398	129.67981	-41.57972	397.34	m	9.017	1.021	B8/9 V	-0.047
HIP 47178		144.21587	26.23268	397.35	m	10.09	2.094	A3V	0.296
HD 181768	HIP 95292	290.80126	-35.38422	397.36	m	9.467	1.471	F3 V	0.503
HD 37888	HIP 26797	85.36478	-6.76875	397.42	m	9.228	1.232	B9 V	0.068
HD 76062	HIP 43500	132.90646	-53.22789	397.42	m	9.234	1.238	G8 IV	1.072
HIP 17263		55.45886	-17.05161	397.44	m	9.44	1.444	G0	0.646
HIP 68185		209.38433	32.80866	397.45	m	9.251	1.255	K 2 IV	1.395
HIP 68912		211.62293	40.86228	397.46	m	10.31	2.311	K0	0.99
HD 224354	HIP 118119	359.39385	-84.33218	397.5	m	9.208	1.211	K0 III	1.342
HD 17783	HIP 12667	40.68612	-80.01209	397.51	m	9.068	1.071	K0 III	1.287
HIP 63848		196.27519	36.21764	397.54	m	9.814	1.817	F2	0.325
HD 338313	HIP 95526	291.46308	25.18946	397.56	m	9.001	1.004	A0	0.101
HD 85315	HIP 48117	147.14876	-62.85535	397.58	m	9.118	1.121	A9 IV	0.403
HD 76959	HIP 44174	134.96239	15.1533	397.62	m	9.053	1.056	K0	1.26
HD 100478	HIP 56365	173.31389	-57.52781	397.62	m	9.075	1.078	G0/3 II	0.989
HD 127692	HIP 71203	218.4273	-36.26942	397.65	m	9.294	1.296	K1 III	1.358
HD 66971	HIP 39431	120.90693	-48.98806	397.75	m	9.024	1.026	B8/9 V	0.01
HD 21023	HIP 15618	50.277	-54.39045	397.79	m	9.016	1.018	K0 III	1.36
HD 344457	HIP 95917	292.59825	23.78553	397.83	m	9.491	1.493	A2	0.166
HD 27571	HIP 20321	65.30202	4.4654	397.86	m	9.038	1.039	G0/1 III	1.284
HD 10855	HIP 8267	26.62721	5.95351	397.87	m	9.051	1.052	K2	1.251
HD 59681	HIP 35938	111.12712	-72.30995	397.88	m	9.031	1.032	G8 IV (+ A/F)	1.216
HD 213449	HIP 111194	337.89955	-13.81242	397.9	m	9.081	1.082	K0 III	1.386
HD 356994	HIP 99554	303.05429	12.431	397.94	m	9.052	1.053	K2	1.309
HIP 6219		19.93219	21.2736	397.94	m	9.155	1.156	K0	1.248
HIP 103993		316.04722	22.52456	397.96	m	9.27	1.271	K2	1.292
HD 242548	HIP 24762	79.6328	4.17604	397.97	m	9.52	1.521	F2	0.512
HIP 26102		83.50699	-11.00233	397.97	m	9.991	1.992	A3	0.333
HD 338337	HIP 95355	290.99294	24.55255	397.97	m	9.379	1.38	B8	0.12
HD 237406	HIP 26498	84.53689	59.82556	397.99	m	9.305	1.306	K0	1.389
HD 4250	HIP 3491	11.15103	-36.6745	398.02	m	9.153	1.153	G8/K0 IV	1.29
HIP 82365		252.44917	-53.72269	398.02	m	11.73	3.729		0.768
HD 214075	HIP 111526	338.92601	4.27139	398.08	m	9.147	1.147	K1 IV	1.406
HD 34232	HIP 23435	75.56597	-80.81137	398.1	m	9.081	1.081	G8 III	1.27
HD 221927	HIP 116501	354.11439	-40.16316	398.11	m	9.347	1.347	K2 III	1.653
HIP 64946		199.69411	26.31727	398.13	m	9.036	1.036	K2	1.379
HD 22284	HIP 16687	53.67665	-16.23621	398.13	m	9.041	1.041	G8 III	1.115
HIP 85249		261.3061	20.59492	398.15	m	10.71	2.711	F5	0.537
HD 232351	HIP 4792	15.38588	53.82325	398.18	m	9.006	1.006	K0	1.258
HD 211154	HIP 109863	333.7652	11.02888	398.18	m	9.078	1.078	A0	0.22
HD 17546	HIP 13039	41.88894	-40.45639	398.19	m	9.686	1.686	F8 V	0.615
HD 218997	HIP 114515	347.91965	59.69971	398.2	m	9.636	1.635	M8	0.956
HD 18843	HIP 14243	45.91864	48.68351	398.2	m	9.432	1.431	A0	0.243
HD 216975	HIP 113429	344.5876	-59.4083	398.22	m	9.078	1.077	K0 III	1.361
HD 89550	HIP 50544	154.86054	-32.54832	398.25	m	9.779	1.778	G8 V	1.085
HIP 29870		94.34023	43.01381	398.27	m	10.16	2.155	F2	0.415
HIP 82710		253.5957	16.83698	398.3	m	9.718	1.717	A2V	0.313
HD 139366	HIP 76671	234.8464	-43.49697	398.31	m	9.245	1.244	F0 V	0.407
HIP 30658		96.64004	-33.82511	398.33	m	9.002	1.001	K2	1.497
HD 235077	HIP 98511	300.19941	54.21064	398.34	m	9.098	1.097	K2	1.361
HIP 39018		119.76873	24.22923	398.36	m	9.822	1.821	A2	0.186
HIP 72708		222.98828	-29.97287	398.41	e	10.43	2.432	F0	0.564
HD 140369	HIP 77026	235.90269	-9.87945	398.42	m	10.15	2.145	F0 V	0.58
HIP 106387		323.21013	-51.05039	398.42	m	11.01	3.009	F5/6 V	0.644
HD 192488	HIP 99939	304.15908	-39.63481	398.43	m	9.023	1.021	K2 IIICNII	1.401
HIP 51482		157.72696	74.88001	398.43	m	10.69	2.687	F5	0.474
HD 169444	HIP 90383	276.64158	-40.03962	398.44	m	9.408	1.406	G6/8 IV	0.989
HD 237980	HIP 54972	168.84532	58.40169	398.49	m	10.11	2.104	F0	0.589
HIP 49422		151.32235	16.46536	398.49	m	9.233	1.231	K0	1.412
HD 79535	HIP 45318	138.53937	-21.7787	398.49	m	9.066	1.064	G8 IV	1.084
HD 12961	HIP 9787	31.45533	-41.92832	398.52	m	9.793	1.791	A5/8(M)F0-F3	0.318
HD 39103	HIP 27574	87.60055	1.77867	398.53	m	9.134	1.132	B9 IV	0.013
HD 5489	HIP 4241	13.53815	-77.85836	398.54	m	9.236	1.234	K2 III	1.427
HIP 75713		232.01375	-47.72584	398.58	m	10.19	2.187	F2	0.454
HD 28220	HIP 20757	66.71496	-7.59301	398.6	m	9.368	1.365	A1 V	0.082
HD 232247	HIP 3233	10.28534	53.77608	398.62	m	9.38	1.377	A0	0.122
HIP 106197		322.66442	58.64129	398.64	m	10.39	2.391	A5	0.426
HD 113531	HIP 63808	196.1838	-33.07273	398.66	m	9.17	1.167	G2/3 V	0.88
HD 56173	HIP 35297	109.37391	33.20045	398.68	m	9.04	1.037	K0	1.138
HIP 87180		267.17579	23.20984	398.72	m	9.168	1.165	K0	1.12
HIP 53066		162.85818	28.98427	398.78	m	10.77	2.762	F8	0.548
HD 84556	HIP 47699	145.87841	-63.88603	398.86	m	9.096	1.092	B9 V	0.092
HD 140931	HIP 77746	238.11123	-73.60218	398.87	m	9.052	1.048	K2/3 IIICNII	1.503
HD 116170	HIP 65131	200.20451	53.85946	398.88	m	9.215	1.211	K0	1.068
HD 79574	HIP 45113	137.87055	-66.71936	398.95	m	9.406	1.401	A5/7 III	0.386
HIP 110268		335.03202	41.4679	398.97	m	9.624	1.619	A2	0.214
HD 278990	HIP 17571	56.4514	33.63221	399	m	10.32	2.312	A 7 III	0.696
HD 106785	HIP 59880	184.20403	12.53916	399.01	m	9.132	1.127	K0	1.405
HIP 42891		131.11313	26.02819	399.03	m	9.712	1.707	K0	1.247
HD 204902	HIP 106509	323.58769	-63.64362	399.03	m	9.026	1.021	K1 III	1.264
HD 78823	HIP 45065	137.67754	14.2589	399.07	m	9.021	1.016	G5	1.121
HIP 118085		359.30575	43.74345	399.14	m	10.76	2.753	F5	0.61
HIP 24321		78.29528	-17.9628	399.15	m	9.08	1.074	K0	1.289
HD 178817	HIP 94334	288.02033	-43.92424	399.15	m	10.27	2.264	F2/3 IV/V	0.467
HD 62213	HIP 38251	117.54193	74.49858	399.17	m	9.099	1.093	K0	1.313
HD 7211	HIP 5597	17.9411	-45.91081	399.17	m	9.226	1.22	K0 III	1.168
HD 254838	HIP 30036	94.80882	29.92558	399.19	m	9.018	1.012	G5	1.277
HIP 25540		81.90972	11.42749	399.22	m	10.73	2.729	G5Vpe	1.369
HD 60149	HIP 36421	112.41775	-59.59546	399.25	m	9.465	1.459	B9.5 V	0.115
HIP 108019		328.25416	-1.1579	399.31	m	9.505	1.498	K2	1.404
HIP 98775		300.91631	-31.50347	399.37	m	10.75	2.742	G0	0.733
HD 195954	HIP 101577	308.79397	-25.48086	399.46	m	9.031	1.024	K0 III/IV	1.208
HD 12829	HIP 9661	31.07447	-51.1537	399.49	m	9.259	1.251	K0/1 IV	1.198
HIP 47273		144.51797	-6.8013	399.51	m	10.69	2.679	G0	0.486
HD 206769	HIP 107441	326.42252	-46.42284	399.58	m	10.07	2.065	F2 V	0.338
HD 38969	HIP 27425	87.10899	-22.49511	399.59	m	9.099	1.091	A0 V	0.027
HD 348963	HIP 91350	279.4815	20.16191	399.61	m	9.219	1.211	K0	1.377
HD 30150	HIP 21930	70.72993	-45.31553	399.62	m	9.473	1.465	G8 III/IV	1.135
HD 108214	HIP 60660	186.49367	-11.88986	399.65	m	9.005	0.997	K0/1 III	1.363
HD 179772	HIP 94654	288.90861	-39.99166	399.74	m	10.39	2.377	F0 V	0.565
HD 201148	HIP 104358	317.11787	-26.49989	399.77	m	9.227	1.218	K0	1.064
HIP 117483		357.33894	-12.62659	399.78	m	10.61	2.605	A3	0.317
HD 9700	HIP 7432	23.93387	39.83657	399.83	m	9.008	0.999	A0	0.161
HIP 47207		144.30468	68.25602	399.87	m	10.79	2.775	F8	0.778
HD 202689	HIP 105286	319.88857	-53.61202	399.89	m	9.067	1.057	F7/8 V	1.224
HIP 552		1.68871	-6.26131	399.89	m	10.49	2.478		0.772
HIP 114124		346.69017	-27.7417	399.9	m	10.73	2.724	F5	0.429
HIP 69057		212.02757	-47.29696	399.93	m	10.7	2.691	F2	0.316
HIP 64479		198.23411	-29.65025	399.96	m	9.925	1.915	G	1.165
HIP 111012		337.35023	14.9105	399.96	m	9.012	1.002	K0	1.255
HD 44608	HIP 30279	95.53577	-14.58805	400.03	m	9.082	1.072	A0 IV/V	0.019
HD 17158	HIP 12994	41.77277	52.14864	400.11	m	9.035	1.024	A0	0.109
HD 21827	HIP 16099	51.84973	-64.33093	400.12	m	9.152	1.141	K0 III	1.281
HD 50448	HIP 32846	102.69226	-49.98041	400.15	m	9.122	1.111	G6/8 III	1.262
HIP 55660		171.0621	23.59858	400.16	m	10.19	2.182	A2	0.167
HD 279307	HIP 18895	60.75955	34.62552	400.18	m	10.08	2.065	A 2 V	0.253
HIP 11801		38.05631	28.19185	400.23	m	9.109	1.097	G5	1.166
HIP 8743		28.12197	22.95343	400.34	m	9.491	1.479	K0	1.282
HD 233922	HIP 60109	184.91636	51.58251	400.41	m	10.87	2.853	K0	0.527
HIP 15749		50.72793	-71.68245	400.46	m	9.645	1.632	M	1.394
HIP 64165		197.25884	68.13111	400.47	m	10.04	2.029	F5	0.565
HIP 52938		162.39214	16.50692	400.51	m	9.95	1.937	G5	1.38
HD 115045	HIP 64581	198.55112	31.06787	400.53	m	9.545	1.532	A 3 V	0.134
HD 44882	HIP 30654	96.61454	43.90614	400.62	m	9.39	1.376	A0	0.12
HIP 33919		105.58105	38.96575	400.68	m	11.46	3.45	G0	0.249
HIP 94408		288.22166	60.65062	400.69	m	9.26	1.246	A0	0.177
HIP 74314		227.84013	4.00873	400.71	m	11	2.987	G0	0.649
HIP 25951		83.06003	42.96997	400.72	m	9.132	1.118	K0	1.166
HD 202506	HIP 104584	317.78829	74.0585	400.73	m	9.085	1.071	A0	0.753
HD 202824	HIP 105289	319.89987	-39.47664	400.74	m	9.044	1.03	K1 III	1.212
HIP 5279		16.87911	27.28547	400.74	m	9.081	1.067	K0	1.384
HIP 106001		322.0305	62.39182	400.78	m	9.901	1.886	A0	0.248
HD 217724	HIP 113817	345.72515	-29.85263	400.78	m	9.175	1.16	K1 III	1.372
HD 33766	HIP 24261	78.11337	-3.03728	400.83	m	9.241	1.226	A0 V	0.069
HD 132262	HIP 73331	224.77715	-32.53945	400.83	m	9.138	1.123	F2 V	0.53
HD 105302	HIP 59123	181.86048	33.71149	400.85	m	9.022	1.007	K0III	1.283
HIP 73902		226.55791	73.82113	400.89	m	10.19	2.177	F2	0.515
HIP 87650		268.55308	-52.50376	400.9	m	10.65	2.631	Gp	0.75
HD 133858	HIP 73907	226.56448	14.38243	400.92	m	10.5	2.482	F5	0.37
HIP 87632		268.51328	32.51693	400.93	m	11.21	3.195	F8	0.546
HIP 74480		228.28465	65.77936	401.01	m	9.037	1.021	K2	1.359
HD 237709	HIP 41481	126.89984	58.7068	401.06	m	10.72	2.701	A7	0.432
HIP 63753		196.00891	22.29062	401.09	m	9.13	1.114	K5	1.451
HD 179500	HIP 94506	288.52218	-31.01689	401.12	m	9.568	1.552	F2 V	0.575
HD 151009	HIP 82010	251.29623	-12.49697	401.12	m	9.119	1.103	G8 IV	1.565
HD 278830	HIP 16676	53.65148	33.00099	401.12	m	9.271	1.255	K2	1.816
HD 70373	HIP 41015	125.55633	15.46098	401.17	m	9.016	0.999	A2	0.152
HIP 110006		334.21493	-50.10181	401.18	m	10.58	2.559	F8	0.562
HIP 56268		173.01885	48.82176	401.24	m	9.204	1.187	K0III	1.279
HIP 78137		239.32584	-51.15232	401.26	m	10.49	2.477	F5	0.548
HD 2798	HIP 2461	7.81865	-20.94809	401.27	m	10.46	2.444	F6/G0 V	0.699
HD 160656	HIP 86827	266.12856	-56.8228	401.28	m	9.183	1.166	K0 III	1.402
HD 208091	HIP 108135	328.61862	-26.63544	401.29	m	9.291	1.274	K1 III	1.408
HD 113074	HIP 63722	195.87885	-77.03161	401.31	m	9.419	1.402	B9 V	0.174
HD 267516	HIP 33739	105.14208	34.4031	401.33	m	10.24	2.219	F2	0.54
HD 81237	HIP 45986	140.67828	-49.27398	401.35	m	9.154	1.136	A0 V	0.099
HD 93951	HIP 52983	162.57763	-30.53844	401.37	m	9.287	1.269	K2/3 III	1.426
HD 71933	HIP 41543	127.07198	-44.52381	401.42	m	9.722	1.704	G5/6 V	0.817
HD 12784	HIP 9732	31.29748	-3.50478	401.43	m	9.418	1.4	G8/K0 III	1.166
HD 25083	HIP 18553	59.56266	-23.94004	401.44	m	9.243	1.225	K1/2 III	1.361
HIP 81108		248.48293	65.04515	401.46	m	9.976	1.958	K0	1.257
HD 136656	HIP 75135	230.30849	21.90774	401.54	m	9.036	1.017	K0	1.018
HD 65383	HIP 38816	119.16207	-43.27834	401.56	m	9.27	1.251	A0 V	0.074
HD 100364	HIP 56320	173.20224	-12.56836	401.63	m	9.462	1.443	A7 IV	0.289
HD 173257	HIP 92092	281.53221	-38.71576	401.64	m	9.13	1.111	K1 III	1.478
Gl 4006		261.54384	1.80492	401.67	m	10.9	2.881		0.67
HD 316849	HIP 88075	269.81954	-29.00322	401.69	m	9.809	1.79		1.439
HIP 5261		16.8076	-68.56549	401.7	m	9.416	1.397	M0	1.631
HD 33952	HIP 24218	78.00751	-40.34816	401.75	m	9.106	1.086	K0 III	1.291
HIP 116214		353.20396	-39.11381	401.78	m	11.24	3.218	F0V	0.691
HD 80574	HIP 45694	139.72609	-49.84354	401.81	m	9.086	1.066	B5/7	0.192
HD 50426	HIP 32972	103.01947	-27.97926	401.88	m	9.082	1.062	K0 IV	1.157
HD 31562	HIP 22567	72.85885	-68.43991	401.89	m	9.112	1.091	K1 III	1.284
HD 72185	HIP 41912	128.18055	34.047	401.91	m	9.582	1.561	G0	0.451
HD 311528	HIP 46573	142.4662	-72.28109	401.92	m	9.015	0.994	G5	1.143
HIP 7466		24.04295	-37.29235	401.94	m	9.879	1.858	A2(M)A7-F0	0.261
HD 3328	HIP 2810	8.94491	-50.2884	401.97	m	9.22	1.199	G8 IV	1.178
HIP 75667		231.89069	31.19536	401.98	m	11.52	3.495	K0	0.87
HD 28431	HIP 20786	66.78383	-42.6453	402.02	m	9.059	1.038	K1 III	1.233
HD 220515	HIP 115553	351.10128	-17.31909	402.04	m	9.425	1.404	M4/5 III	1.497
HIP 110093		334.52438	64.81382	402.08	m	9.689	1.667	A2	0.516
HIP 87964		269.529	-46.19889	402.08	m	9.967	1.945	F5	0.561
HD 223619	HIP 117612	357.78939	-1.93622	402.09	m	9.805	1.783	K0/1	1.28
HD 22800	HIP 17025	54.74959	-24.08785	402.16	m	9.184	1.162	K0 III	1.328
HIP 83300		255.36419	27.04452	402.17	m	10.58	2.558	F8	0.611
HD 234934	HIP 96244	293.55653	51.82705	402.21	m	9.053	1.031	K0	1.26
HD 233546	HIP 42020	128.48094	51.87341	402.21	m	9.805	1.783	F2	0.371
HD 162380	HIP 87648	268.54585	-56.80946	402.22	m	9.043	1.021	G8 III	1.161
HIP 112583		342.03075	-55.79113	402.22	m	9.227	1.205	K0	1.425
HD 169842	HIP 90367	276.59285	6.85713	402.23	m	9.142	1.12	A0	0.238
HD 119631	HIP 67128	206.37314	-49.05758	402.31	m	9.085	1.062	G8/K1 III	1.241
HIP 16254		52.3648	-39.13222	402.34	m	9.653	1.63	K0	0.945
HIP 85607		262.40615	24.65683	402.45	m	9.495	1.471	K0	1.255
HD 210357	HIP 109430	332.55341	-15.0012	402.49	m	9.28	1.256	K1 III	1.383
HD 17637	HIP 13877	44.68533	80.4135	402.5	m	9.117	1.093	K5	1.296
HD 237909	HIP 51833	158.85058	56.05326	402.51	m	9.189	1.165	K0	1.18
HD 118408	HIP 66399	204.2015	1.8852	402.54	m	9.255	1.231	K1 (III)	1.515
HIP 8077		25.93555	1.44846	402.58	m	11.12	3.094	K0	0.668
HIP 9662		31.07459	-33.1569	402.6	m	10.45	2.427	G3 V	0.959
HIP 97764		298.0058	29.39726	402.6	m	11.65	3.63	F8V	0.363
HD 128110	HIP 71317	218.75549	4.26919	402.65	m	9.058	1.033	G8/K0 IV	1.216
HD 39636	HIP 27771	88.15332	-28.19195	402.67	m	9.331	1.306	G8 IV/V	1.021
HD 28716	HIP 21128	67.92943	3.31776	402.68	m	9.218	1.193	G8 IV	1.259
HD 179254	HIP 94579	288.72109	-55.35686	402.69	m	9.655	1.63	A2 V	0.07
HD 64951	HIP 38665	118.74687	-35.32535	402.75	m	9.097	1.072	A9 V	0.389
HD 46800	HIP 31455	98.84961	-0.15064	402.79	m	9.033	1.008	B9 V	0.016
HD 249536	HIP 28167	89.2816	17.01076	402.79	m	9.05	1.025	F2	0.59
HIP 12857		41.32523	-58.43293	402.81	m	9.166	1.141	K0	1.265
HD 10799	HIP 8029	25.77342	-69.57254	402.88	m	9.038	1.012	K1/2 III	1.28
HD 26741	HIP 19674	63.21731	-21.36927	402.89	m	9	0.974	K0 III	1.37
HD 158182	HIP 85443	261.90713	5.01254	402.89	m	9.09	1.064	K2	1.346
HD 100005	HIP 56090	172.45584	-52.69984	402.93	m	9.164	1.138	G5 III	1.136
HIP 112897		342.93975	8.99585	402.96	m	10.23	2.201	K7	1.615
HD 219450	HIP 114858	348.97897	-10.36782	403.04	m	9.422	1.395	K2/3 III	1.475
HIP 86161		264.10539	1.77754	403.05	m	9.644	1.617	K0	1.484
HD 9691	HIP 7350	23.69099	-7.37501	403.08	m	9.317	1.29	A7 III/IV	0.325
HIP 34787		108.02299	40.77899	403.11	m	10.56	2.536	F2	0.418
HIP 104162		316.56294	25.72009	403.13	m	9.741	1.714	F5	0.628
HD 62649	HIP 37839	116.36576	7.76447	403.18	m	9.366	1.339	A0	0.107
HIP 11716		37.80726	58.5315	403.26	m	9.996	1.968		1.571
HD 235394	HIP 103132	313.42806	54.84247	403.28	m	9.271	1.243	B9	0.223
HD 36138	HIP 25423	81.56182	-56.64496	403.31	m	9.48	1.452	A1MA3-A7	0.187
HIP 10770		34.64936	29.11303	403.33	m	10.86	2.83		1.313
HD 234700	HIP 91942	281.12956	51.54869	403.33	m	9.398	1.37	K2	1.18
HD 80808	HIP 46190	141.26874	65.55006	403.48	m	9.132	1.103	K0	1.317
HD 114777	HIP 64376	197.91723	55.92658	403.49	m	9.219	1.19	K2	1.163
HD 334608	HIP 101257	307.8727	28.84203	403.51	m	10.37	2.341	F2	0.422
HD 145075	HIP 79329	242.85627	-51.39344	403.56	m	10.05	2.019	K2/3 (V)	1.761
HIP 37825		116.32907	-0.44392	403.61	m	10.64	2.612		0.217
HD 153644	HIP 83502	255.98945	-57.56308	403.65	m	9.064	1.034	K0 III	1.223
HD 116407	HIP 65306	200.76386	29.07462	403.66	m	9.07	1.04	K 5 III	1.519
HD 205710	HIP 106894	324.75096	-54.86458	403.67	m	9.043	1.013	K2 IIICNIB/II	1.354
HD 148715	HIP 80877	247.71744	-20.82279	403.68	m	9.644	1.614	K5 (III)	2.131
HD 183606	HIP 96091	293.0501	-42.27894	403.71	m	9.768	1.738	A0 V	0.088
HD 4904	HIP 3994	12.8309	27.35775	403.73	m	9.229	1.199	G5	1.058
HD 33516	HIP 23775	76.64348	-62.38551	403.74	m	9.029	0.998	K1 III	1.471
HIP 108404		329.41557	37.03736	403.81	m	9.217	1.186	F5	0.644
HIP 132		0.42202	-34.65355	403.88	m	10.67	2.642	F0	0.355
HD 47091	HIP 31591	99.17012	-6.3635	403.91	m	9.717	1.686	A2 IV/V	0.15
HD 58384	HIP 36023	111.35497	0.47359	403.98	m	9.56	1.528	B9.5 V	0.109
HD 15217	HIP 11511	37.10118	42.80248	404.05	m	9.11	1.078	A2	0.062
HD 9485	HIP 7202	23.20334	-16.38821	404.07	m	9.124	1.092	A0 V	0.09
HIP 72252		221.62527	-27.8851	404.08	m	10.82	2.786	F8	0.658
HD 67380	HIP 39678	121.63303	-30.8104	404.17	m	9.047	1.014	K1 III	1.316
HD 57601	HIP 35945	111.14977	49.89706	404.21	m	9.471	1.438	A0	0.122
HIP 46560		142.42685	39.86565	404.23	m	9.953	1.92	F2	0.364
HD 234337	HIP 81788	250.57306	53.62198	404.24	m	9.161	1.128	K0	1.065
HD 154465	HIP 83596	256.28585	11.30173	404.25	m	9.029	0.996	K2	1.17
HIP 105783		321.35989	17.76913	404.28	m	9.326	1.293	K0	1.127
HD 210528	HIP 109622	333.10241	-55.52416	404.35	m	9.13	1.096	K2 III	1.361
HIP 9758		31.37266	15.92964	404.36	m	9.716	1.682	A5	0.366
HD 287150	HIP 22348	72.17246	10.86731	404.39	m	9.312	1.278	A2	0.336
HIP 80103		245.27586	23.63515	404.4	m	9.114	1.08	K0	1.305
HD 346685	HIP 100917	306.91877	21.47119	404.48	m	9.031	0.997	K0	1.32
HIP 67965		208.7736	77.25446	404.49	m	9.711	1.676	K0	1.282
HIP 6720		21.6201	9.5311	404.52	m	9.883	1.848	K0	1.228
HD 22570	HIP 16983	54.60741	17.59922	404.53	m	9.325	1.29	A5	0.342
HD 56437	HIP 35047	108.71853	-43.72446	404.54	m	9.194	1.159	A0 VS	0.118
HD 189887	HIP 98626	300.47889	12.14657	404.55	m	9.011	0.976	K2	1.328
HIP 75757		232.14327	33.33513	404.55	m	9.05	1.015	K0	1.33
HD 139841	HIP 76771	235.12033	-2.00669	404.56	m	9.238	1.203	G8 II/III	1.327
HIP 61007		187.54938	-47.34161	404.56	m	10.63	2.593	F5	0.41
HD 19049	HIP 14190	45.73744	-30.94993	404.59	m	9.896	1.861	A0MF0-F2	0.348
HIP 14812		47.81091	-8.87179	404.72	m	9.372	1.336	G5	1.186
HD 149180	HIP 81051	248.30762	-1.61927	404.77	m	9.258	1.222	K0 III	1.437
HD 66691	HIP 39472	121.01841	-19.36727	404.77	m	9.187	1.151	A1 V	0.112
HD 120166	HIP 67313	206.96916	-0.59464	404.78	m	10.17	2.131	A1 IV	0.203
HIP 5779		18.53473	-9.80249	404.8	m	9.551	1.515	K0	0.994
HD 135206	HIP 74554	228.4979	-2.41685	404.81	m	9.408	1.372	K1 III	1.501
HIP 113589		345.09563	26.80999	404.81	m	9.677	1.641	F5	0.457
HD 16929	HIP 12615	40.54054	-25.30756	404.81	m	9.032	0.996	K0 III	1.3
HIP 16178		52.10177	5.98586	404.83	m	9.716	1.68	F5	0.587
HD 100525	HIP 56407	173.46867	-41.58185	404.88	m	9.177	1.14	K0 III	1.362
HD 107116	HIP 60065	184.75793	12.91886	404.89	m	10.32	2.286	A3	0.299
HIP 37059		114.24081	46.78855	404.89	m	10.28	2.239	F2	0.438
HD 234799	HIP 93802	286.54913	53.79842	404.96	m	9.13	1.093	A5	0.293
HD 12919	HIP 10049	32.34489	68.27823	405.02	m	9.004	0.967	A0	0.225
HIP 112213		340.90288	40.38509	405.02	m	9.887	1.85	A 1 V	0.162
HD 87915	HIP 49667	152.0883	7.57331	405.03	m	9.182	1.145	F0	0.383
HIP 83712		256.62631	41.85127	405.05	m	9.455	1.417	K2	1.535
HIP 112563		341.97421	-32.78577	405.08	m	10.16	2.125	F8	0.604
HIP 450		1.34995	28.54372	405.11	m	9.107	1.069	K7	1.404
HIP 42205		129.08496	3.95752	405.12	m	9.563	1.525	K2	1.372
HD 212957	HIP 110728	336.51002	65.50336	405.14	m	9.173	1.135	A3	1.26
HIP 82452		252.74985	18.75335	405.24	m	9.742	1.703	F0	0.389
HD 232624	HIP 10498	33.83826	50.73407	405.25	m	9.497	1.458	G0	1.041
HD 2096	HIP 1999	6.33969	19.9049	405.27	m	9	0.961	G5	1.133
HIP 93835		286.64538	-1.34267	405.28	m	9.622	1.583	A0V	0.247
HD 173966	HIP 92356	282.34441	-28.28638	405.33	m	9.278	1.239	K1 III	1.473
HD 53328	HIP 33448	104.31461	-73.70906	405.35	m	9.596	1.557	K0 III	1.196
HD 130590	HIP 72593	222.64384	-45.13963	405.37	m	9.084	1.045	K0 III	1.073
HIP 110877		336.95728	-30.615	405.37	m	10.27	2.228		1.191
HD 19892	HIP 15044	48.47342	49.84181	405.38	m	9.128	1.089	A0	0.165
HD 44106	HIP 29708	93.86681	-63.43476	405.39	m	9.494	1.455	F2 IV	0.395
HIP 69148		212.33321	-51.50065	405.4	m	10.76	2.723	F0	0.396
HD 58045	HIP 35308	109.40192	-71.33433	405.42	m	9.087	1.047	K1/2 III	1.342
HD 176393	HIP 93230	284.85919	17.09685	405.44	m	9.013	0.973	B9	0.076
HIP 84523		259.17682	-17.15319	405.55	m	9.572	1.532	F5	1.312
HD 136970	HIP 75546	231.50421	-55.44561	405.59	m	9.082	1.042	G6/8 III	1.197
HD 201788	HIP 104761	318.3441	-45.6437	405.63	m	9.171	1.13	G8/K0 III	1.2
HIP 108046		328.34203	6.78552	405.66	m	9.651	1.61	K0	1.256
HD 243662	HIP 25494	81.78883	31.76586	405.68	m	9.649	1.608	F0	0.532
HIP 101817		309.4945	41.15549	405.72	m	9.052	1.011	G5	1.011
HD 29594	HIP 21641	69.72223	-18.98672	405.72	m	9.98	1.939	A3 (III)	0.144
HD 191853	HIP 99828	303.82625	-60.59256	405.76	m	9.168	1.127	K1 III	1.337
HD 191800	HIP 99784	303.68684	-57.64764	405.77	m	9.06	1.019	G8 III	1.113
HD 52097	HIP 33398	104.19869	-54.79563	405.79	m	9.206	1.165	G8/K1 II/III	1.299
HIP 34148		106.2124	75.66647	405.87	m	9.267	1.225	K2	1.254
HD 24319	HIP 18568	59.63011	73.36955	405.91	m	9.186	1.144	G5	1.307
HIP 69705		214.01354	0.27294	405.96	m	10.27	2.23	F8	0.732
HIP 36454		112.51879	29.58388	405.97	m	10.12	2.077	F2	0.385
HIP 118229		359.71879	15.83698	405.97	m	9.086	1.044	K0	1.138
HD 28633	HIP 20688	66.47052	-67.57219	406.04	m	9.062	1.019	K1 III	1.287
HD 210758	HIP 109684	333.27802	-29.53813	406.07	m	9.077	1.034	K1 III	1.391
HD 5262	HIP 4247	13.5444	-16.43489	406.09	m	9.119	1.076	K1 III	1.271
HD 275199	HIP 15716	50.60823	39.59824	406.09	m	9.586	1.543	A0	0.186
HIP 8006		25.69834	69.75863	406.1	m	9.777	1.734	B8	0.172
HD 139588	HIP 76551	234.51263	29.4872	406.12	m	10.3	2.26	G0	0.842
HIP 82856		253.99909	16.3717	406.13	m	9.043	1	K0	1.347
HD 101074	HIP 56800	174.6614	70.73786	406.14	m	9.265	1.222	K0	1.096
HD 198645	HIP 102991	312.99942	-9.3999	406.17	m	9.064	1.02	K0 III	1.109
HD 188735	HIP 98176	299.27684	-12.56514	406.2	m	9.199	1.155	K0 III	1.27
HIP 71238		218.53129	78.26487	406.2	m	9.771	1.727	K0	1.262
HD 152116	HIP 82487	252.88168	-1.94596	406.2	m	9.082	1.038	K1 III	1.661
HD 6043	HIP 4731	15.19461	-57.71911	406.21	m	9.102	1.058	K1 III	1.361
HD 93437	HIP 52696	161.61621	-47.63267	406.24	m	9.231	1.187	K0/2 III + (G)	0.979
HIP 93469		285.53346	38.57015	406.26	m	10.37	2.321	G0	0.536
HIP 25217		80.90804	-51.53594	406.28	m	9.447	1.403	K5	1.244
HD 198955	HIP 103310	313.94824	-50.82151	406.28	m	9.385	1.341	K0/1 III	1.317
HD 104450	HIP 58667	180.43876	30.89922	406.29	m	9.31	1.266	F2	0.459
HD 2647	HIP 2356	7.53075	6.46763	406.33	m	9.579	1.535	G5	0.551
HIP 15170		48.88098	-38.69787	406.38	m	9.066	1.021	K1	1.383
HD 236181	HIP 116530	354.24992	52.28588	406.4	m	9.529	1.484	A0	0.182
HIP 47776		146.10499	40.78456	406.41	m	9.4	1.355	G0	1.082
HIP 87046		266.78461	-43.0119	406.41	m	9.422	1.377	K2	1.474
HD 198247	HIP 102887	312.66816	-44.88864	406.41	m	9.05	1.005	K1 III	1.355
HIP 1616		5.05511	-25.93661	406.43	m	10.52	2.475	F5	0.589
HD 131048	HIP 72755	223.0981	-32.87653	406.46	m	9.022	0.977	G8/K0 III	1.162
HD 2955	HIP 2590	8.22187	11.77304	406.5	m	9.198	1.153	K0	1.225
HD 6993	HIP 5467	17.49839	-25.43301	406.5	e	9.993	1.948	F5 V	0.437
HD 200035	HIP 103751	315.36016	-18.91745	406.52	m	9.048	1.003	K0 III	1.1
HD 37780	HIP 26595	84.79745	-40.15304	406.55	m	9.576	1.53	G3/5 IV	0.9
HD 65981	HIP 39078	119.93351	-39.98402	406.56	m	9.112	1.066	G8/K0 III	1.253
HIP 115947		352.36416	49.23357	406.56	m	9.044	0.998	K0III	1.407
HIP 83655		256.46829	-11.3077	406.57	m	9.991	1.945	A2	0.464
HD 79582	HIP 45331	138.58495	-26.20158	406.57	m	9.719	1.673	A2 V	0.155
HIP 12166		39.19899	0.48467	406.58	m	10.23	2.187	F8	0.495
HD 7793	HIP 6019	19.33465	-19.02741	406.58	m	9.031	0.985	K1/2 III	1.278
HD 219582	HIP 114966	349.2806	-34.72621	406.58	m	10.85	2.801	F3 V	0.401
HD 183022	HIP 95810	292.31637	-39.46811	406.61	m	9.293	1.247	K1 III	1.272
HIP 114827		348.90063	-46.59097	406.62	m	10.14	2.091	G0	1.139
HIP 37583		115.69068	-61.89998	406.64	m	9.044	0.998	K5	1.184
HIP 108889		330.8583	55.78743	406.69	m	9.744	1.698	A0	1.701
HD 218549	HIP 114290	347.21326	17.21554	406.71	m	10.38	2.329	A6.7	0.239
HD 66060	HIP 39080	119.93718	-46.90295	406.72	m	9.291	1.245	K1 III	1.328
HD 87371	HIP 49399	151.27345	21.82415	406.76	m	9.092	1.045	G5	1.206
HD 111422	HIP 62529	192.20834	44.15417	406.76	m	9.807	1.76	A5V	0.217
HD 236989	HIP 12729	40.90507	60.6084	406.77	m	9.108	1.061	F 7 III	0.967
HIP 78748		241.15813	78.67753	406.78	m	9.026	0.979	K0	1.408
HIP 57784		177.73693	29.81306	406.81	m	10.17	2.124		0.454
HIP 102879		312.65473	61.6095	406.86	m	10.47	2.422	A2	0.319
HIP 28418		90.02754	-0.50751	406.9	m	11.35	3.298		
HD 22588	HIP 16949	54.51945	-4.33178	406.94	m	9.392	1.344	K1/2 III	1.486
HD 92751	HIP 52388	160.62211	-5.81289	406.95	m	9.132	1.084	Fm delta DEL	0.498
HD 124443	HIP 69497	213.42455	0.71136	407.03	m	9.167	1.119	K0 III/IV	1.246
HD 135062	HIP 74481	228.28886	1.87997	407.04	m	9.27	1.222	K1 III	1.247
HD 77022	HIP 43971	134.31261	-56.75878	407.05	m	9.013	0.965	A0 V	0.055
HD 185656	HIP 98708	300.73084	-84.91975	407.08	m	9.357	1.309	G8 III	1.302
HD 83392	HIP 46957	143.57038	-70.93205	407.15	m	9.007	0.958	A2MA4-A7	0.285
HD 183089	HIP 95746	292.11432	-17.72427	407.17	m	9.141	1.092	K1 III	1.327
HIP 117192		356.43089	-29.82116	407.2	m	10.2	2.153	G0	0.587
HD 63374	HIP 37998	116.81235	-35.38062	407.21	m	9.008	0.959	A1 V	0.12
HD 132494	HIP 73448	225.13587	-36.11855	407.22	m	9.149	1.1	K1 III	1.363
HD 9569	HIP 7027	22.63927	-75.23207	407.27	m	9.075	1.026	G8/K0 III	1.234
HD 50195	HIP 32847	102.69447	-30.57738	407.28	m	9.09	1.041	K3 III	1.792
HD 159957	HIP 86417	264.86847	-42.23683	407.31	m	9.276	1.226	G6/8 (III)	1.208
HIP 78407		240.09557	15.54693	407.34	m	9.165	1.115	K	1.252
HD 77389	HIP 44025	134.482	-69.15852	407.39	m	9.677	1.627	F0 IV	0.316
HIP 69844		214.41333	-20.75596	407.43	m	10.11	2.062		0.418
HD 178804	HIP 94164	287.52136	-0.97743	407.52	m	9.953	1.902	B9 V	0.22
HD 132608	HIP 73616	225.71588	-61.81231	407.53	m	9.958	1.907	A1 IV/V	0.163
HD 239768	HIP 107545	326.73154	55.89848	407.54	m	9.575	1.524	A2	0.414
HD 74514	HIP 42772	130.73227	-41.15858	407.61	m	9.091	1.04	K0 III	1.343
HIP 70023		214.92862	14.22381	407.69	m	11.04	2.991	G0	0.53
HIP 57686		177.46095	7.76769	407.74	m	9.534	1.482	K0	1.337
HIP 85695		262.68734	48.64848	407.76	m	10.02	1.97	K0	1.087
HIP 33462		104.34692	81.7011	407.78	m	9.991	1.939	F5	0.559
HD 155347	HIP 84052	257.74858	3.03886	407.89	m	9.134	1.081	K1/2 (III)	1.646
HIP 41050		125.65072	49.42178	407.9	m	10.18	2.129	F8	0.569
HIP 15397		49.6272	5.81387	407.9	m	9.181	1.128	K0	1.324
HIP 42303		129.37554	23.56156	407.93	m	10.27	2.216	F8	0.657
HD 120284	HIP 67403	207.21143	-16.9801	407.95	m	9.323	1.27	K0 III	1.304
HD 244138	HIP 25689	82.28495	11.8702	408	m	9.976	1.923	K0	1.103
HD 221229	HIP 116019	352.61908	-47.57046	408	m	9	0.947	K0 III	1.202
HD 5176	HIP 4081	13.08658	-68.16727	408.03	m	9.078	1.025	K0 III	1.206
HD 839	HIP 997	3.1243	-56.41334	408.11	m	9.906	1.852	F6 V	0.566
HIP 35364		109.57679	35.1977	408.11	m	10.05	1.997	F2	0.281
HD 169427	HIP 90371	276.60271	-41.06456	408.13	m	9.219	1.165	G5 III	1.066
HD 220064	HIP 115287	350.23667	-17.58581	408.18	m	9.372	1.318	K1 III	1.279
HD 958	HIP 1097	3.42673	-49.1984	408.23	m	9.102	1.047	K0 III	1.382
HD 186553	HIP 97197	296.31564	-4.52288	408.25	m	9.064	1.009	G8 IV	1.294
HD 29654	HIP 21562	69.43536	-48.29425	408.25	m	9.022	0.967	G6 III/IV	1.044
HIP 26041		83.32628	-26.75056	408.26	m	9.336	1.281	K0	1.135
HD 204398	HIP 106217	322.71149	-62.23921	408.31	m	9.189	1.134	K5	1.454
HIP 115670		351.51765	43.08114	408.31	m	9.127	1.072	A5	0.532
HD 234668	HIP 90754	277.75104	53.16447	408.38	m	9.592	1.537	K5	1.593
HIP 52873		162.19208	35.14825	408.39	m	10.14	2.087	F5	0.4
HIP 94223		287.71924	-48.07776	408.4	m	11.01	2.957		0.668
HIP 95436		291.19526	66.2284	408.4	m	10.84	2.787	F0	0.411
HD 210410	HIP 109476	332.66676	-24.02598	408.44	m	9.529	1.473	A0 V	0.247
HD 286496	HIP 19180	61.66857	13.15721	408.45	m	9.669	1.613	K0	1.491
HD 80090	HIP 45466	138.97758	-51.34329	408.46	m	9.043	0.987	K0 III	1.273
HD 214937	HIP 112074	340.50851	-23.14547	408.51	m	10.03	1.972	K0 III	1.076
HIP 116273		353.37945	5.35651	408.53	m	9.29	1.234	K2	1.356
HD 233205	HIP 28911	91.54254	49.94694	408.55	m	9.07	1.014	G5	1.185
HD 61232	HIP 37626	115.8145	67.60857	408.55	m	9.036	0.98	A0	0.14
HD 786	HIP 987	3.05807	-15.16462	408.65	m	9.005	0.948	K0 III/IV	1.222
HD 51317	HIP 33201	103.65248	-45.89251	408.65	m	9.091	1.034	A9 IV	0.319
HIP 100436		305.51498	66.21069	408.65	m	9.627	1.57	A0	1.138
HD 117428	HIP 65966	202.88115	-57.29792	408.72	m	9.076	1.019	G8 III	1.252
HD 11175	HIP 8464	27.2891	-34.29482	408.81	m	9.674	1.616	A9 V	0.408
HIP 44583		136.24627	77.03195	408.96	m	10.55	2.491	F5	0.616
HD 20038	HIP 14747	47.61162	-58.82794	408.96	m	9.027	0.969	F7WG6 III	0.928
HIP 87080		266.9104	23.89864	408.96	m	9.792	1.734	K0	1.187
HIP 34120		106.12505	41.61704	408.98	m	10.22	2.16	F2	0.492
HD 130908	HIP 72785	223.16274	-52.27677	409.01	m	9.195	1.136	G8 III	1.359
HIP 94686		289.00283	83.7997	409.05	m	9.581	1.522	A5	0.416
HD 175586	HIP 93098	284.49141	-42.3396	409.09	m	9.206	1.147	G0/2 V	1.048
HD 327540	HIP 77891	238.60367	-46.19844	409.14	m	10.01	1.952	F5	0.713
HIP 108105		328.5485	46.60103	409.15	m	9.21	1.151	K2	1.241
HD 38088	HIP 26934	85.74506	-4.83278	409.15	m	9.625	1.566	A0 V	0.222
HIP 37226		114.69003	-83.63626	409.16	m	9.21	1.151	G0	0.832
HD 67771	HIP 39895	122.23296	-15.97783	409.18	m	9.14	1.08	A1 IV/V	0.045
HD 193791	HIP 100656	306.14603	-53.31869	409.18	m	9.008	0.948	K1 III	1.396
HD 103259	HIP 57956	178.30415	-69.6634	409.2	m	9.019	0.959	K1 III + F/G	1.193
HIP 94159		287.50414	-40.5314	409.23	m	10.59	2.526	F8	0.505
HIP 76796		235.19548	16.5951	409.24	m	9.308	1.248	K0	1.497
HIP 89682		274.53082	43.56972	409.27	m	9.316	1.256	K0	1.282
HIP 87311		267.6047	70.7601	409.29	m	9.783	1.723		1.205
HIP 76078		233.07048	13.92133	409.33	m	10.4	2.339	F5	0.787
HIP 25515		81.84759	-27.90806	409.36	m	9.547	1.486	K2	1.196
HD 214280	HIP 111582	339.07891	46.0453	409.36	m	10.63	2.568	A5	0.396
HD 132834	HIP 73516	225.3889	-13.33231	409.37	m	9.684	1.623	A3 II/III(M)	0.371
HD 176356	HIP 93156	284.63047	32.98731	409.41	m	9.013	0.952	A2	0.157
HIP 12917		41.52095	76.04903	409.42	m	10.7	2.634	F0	0.266
HD 48322	HIP 31611	99.24466	-69.44422	409.45	m	9.022	0.961	K0/1 III	1.335
HD 190373	HIP 99071	301.69471	-47.89349	409.45	m	10.24	2.18	F2/3 V	0.435
HD 237692	HIP 40712	124.65073	58.07177	409.46	m	10.21	2.146	A0	0.303
HD 163097	HIP 87654	268.55855	6.0082	409.47	m	9.569	1.508	A2	0.42
HD 210954	HIP 109665	333.23244	44.32136	409.5	m	9.159	1.098	A0	0.061
HD 217509	HIP 113599	345.12693	52.88376	409.5	m	9.098	1.037	A2	0.238
HIP 108082		328.47411	26.63044	409.5	m	9.127	1.066	K0	1.251
HIP 43560		133.07067	38.24778	409.52	m	9.693	1.632	G0	1.023
HIP 79916		244.68232	30.98966	409.56	m	10.91	2.846	F8	0.454
HIP 57650		177.31979	47.80171	409.62	m	9.097	1.035	G8III	1.187
HD 181638	HIP 95141	290.3497	-5.59776	409.63	m	9.169	1.107	K2 III	1.764
HD 108897	HIP 61070	187.75208	-42.89486	409.63	m	9.047	0.985	G8 III	1.22
HD 21445	HIP 16035	51.63477	-26.98599	409.67	m	9.061	0.999	K1 III	1.311
HD 53438	HIP 34051	105.95874	-29.38749	409.71	m	9.16	1.098	B9 IV	-0.01
HD 93312	HIP 52798	161.91379	60.88721	409.77	m	9.584	1.521	A2	0.371
HD 95770	HIP 54034	165.831	13.16528	409.8	m	9.009	0.946	A0	0.073
HD 178577	HIP 94119	287.39114	-10.88959	409.82	m	10.07	2.01	G8/K0 (III)	1.553
HD 65449	HIP 39285	120.49967	58.04949	409.92	m	9.03	0.966	G5	1.157
HD 118848	HIP 66816	205.4325	-68.09218	409.97	m	9.139	1.075	M4 III	1.753
HD 30598	HIP 22416	72.3611	10.9884	410	m	9.177	1.113	A0	0.301
HD 108952	HIP 61112	187.8736	-47.69253	410.03	m	9.145	1.081	K0 III	1.357
HD 36727	HIP 26052	83.36216	-9.39289	410.04	m	9.085	1.021	A9 V	0.269
HIP 40609		124.36884	60.55176	410.06	m	9.398	1.334	K2	1.603
HD 119010	HIP 66759	205.24967	-20.74857	410.08	m	9.522	1.458	K1/2 III	1.376
HIP 70596		216.59476	7.64807	410.14	m	9.207	1.142	K0	1.37
HIP 101012		307.18203	34.38808	410.14	m	9.037	0.972	K0	1.262
HD 159992	HIP 86597	265.44974	-62.34735	410.15	m	9.345	1.28	AP EUSRCR	0.069
HIP 112966		343.16305	47.73427	410.17	m	9.204	1.139	A2	0.188
HD 211421	HIP 110008	334.21723	1.96311	410.17	m	9.144	1.079	G8 (IV)	1.19
HD 140589	HIP 77717	238.00111	-76.49345	410.21	m	9.784	1.719	A2MF0-F2	0.374
HIP 87076		266.90565	-64.06897	410.3	m	9.034	0.968	G3	1.205
HD 141754	HIP 77633	237.73865	-6.32831	410.34	m	9.071	1.005	G8 IV	1.171
HD 4317	HIP 3508	11.19577	-63.96044	410.36	m	9.133	1.067	K0 III	1.306
HD 224561	HIP 118232	359.72828	26.11424	410.38	m	9.022	0.956	K0	1.192
HD 181999	HIP 95366	291.01808	-35.58115	410.38	m	10.22	2.153	F0 V	0.432
HD 101827	HIP 57120	175.65625	-66.21441	410.42	m	9.545	1.479	A7/9	0.514
HD 173082	HIP 92230	281.94485	-62.97053	410.43	m	9.023	0.957	K2 III	1.685
HD 36412	HIP 25863	82.82669	-5.70376	410.44	m	9.59	1.524	A8/9 V	0.803
HD 188251	HIP 97328	296.70676	75.30386	410.44	m	9.824	1.758	F2	0.472
HIP 61556		189.19408	33.61353	410.45	m	10.93	2.862	F8	0.349
HIP 110514		335.81639	-15.3323	410.48	m	10.39	2.32	F7	0.681
HD 97464	HIP 54771	168.19792	-23.82048	410.49	m	9.15	1.083	G8 IV	1.056
HD 135260	HIP 74852	229.44463	-65.77652	410.49	m	9.387	1.32	K0	1.28
HIP 104503		317.53406	85.66953	410.54	m	9.442	1.375	A2	0.268
HIP 106038		322.17953	49.8685	410.59	m	9.497	1.43	A5...	0.321
HIP 96116		293.13842	-4.8763	410.63	m	9.652	1.585	A0	0.605
HD 103011	HIP 57846	177.9406	51.9915	410.67	m	9.014	0.947	K0	1.275
HD 97936	HIP 55055	169.06236	31.60501	410.72	m	9.187	1.119	K0	1.109
HD 101970	HIP 57229	176.0151	-10.77273	410.73	m	9.017	0.949	K0 III	1.155
HD 238434	HIP 74504	228.38113	58.2675	410.76	m	9.523	1.455	K0	1.179
HD 84157	HIP 47666	145.79728	0.50924	410.81	m	10.13	2.059	A5/7 III	0.218
HD 221209	HIP 116008	352.56387	-35.3372	410.84	m	9.177	1.109	K0/1 III	1.337
HIP 8410		27.12334	62.68061	410.89	m	9.377	1.308	K0	1.372
HIP 94906		289.68949	-44.2969	410.92	m	9.049	0.98	K1/2 (III)	1.144
HIP 45851		140.22074	8.27186	410.93	m	9.099	1.03	K0	1.215
HD 72320	HIP 41724	127.62129	-42.90946	410.94	m	9.084	1.015	K0 III	1.124
HIP 90460		276.88031	67.8202	411.01	m	9.083	1.014	K0	1.156
HD 39605	HIP 27650	87.80925	-46.34534	411.01	m	9.057	0.988	K0 III	1.331
HD 201214	HIP 104275	316.87235	24.47485	411.03	m	9.294	1.225	A2...	0.142
HD 192920	HIP 100031	304.42729	-8.86119	411.05	m	9.022	0.953	G8 IV	1.272
HIP 4352		13.95113	4.51143	411.1	m	9.084	1.014	K2	1.294
HIP 112868		342.84663	18.11883	411.15	m	9.596	1.526	M5II-III	1.327
HD 233042	HIP 23064	74.44672	50.98129	411.19	m	9.289	1.219	K2	1.449
HD 121257	HIP 67938	208.70055	-17.73403	411.19	m	9.018	0.948	K4 III	1.773
HD 171732	HIP 91226	279.13792	-3.07768	411.23	m	9.177	1.107	B9 IV	0.281
HD 31341	HIP 22761	73.457	-26.42919	411.25	m	9.062	0.991	K0 II	1.266
HIP 35216		109.17388	76.81678	411.25	m	9.57	1.499	A5	0.354
HIP 12625		40.56839	46.41515	411.26	m	10.41	2.343	F8	0.672
HIP 45600		139.41619	63.40283	411.27	m	10.64	2.57	F8	0.788
Gl 3838	HIP 69820	214.33968	10.58196	411.28	m	10.32	2.25	F5	0.472
HD 103124	HIP 57883	178.07288	-51.02465	411.31	m	9.169	1.098	K0 III	1.274
HD 258113	HIP 30982	97.53685	33.93053	411.32	m	10.54	2.467	F2	0.557
HD 71140	HIP 41259	126.26063	-21.47147	411.34	m	9.021	0.95	A0 V	0.099
HIP 70139		215.27806	47.58484	411.34	m	9.656	1.585	G5	1.129
HIP 90828		277.93576	61.44999	411.37	m	9.169	1.098	K0	1.183
HD 22034	HIP 16543	53.26538	-1.29545	411.38	m	9.151	1.08	G8 III	1.162
HD 130653	HIP 72472	222.2853	10.54054	411.38	m	9.125	1.054	K2	1.402
HIP 102867		312.61171	5.06121	411.38	m	9.11	1.039	G5	1.023
HIP 35392		109.63988	17.87708	411.41	m	9.05	0.979	A2	0.047
HD 39751	HIP 27780	88.17859	-37.67119	411.43	m	9.255	1.184	K1 III	1.237
HD 76485	HIP 43801	133.81435	-36.43674	411.48	m	9.077	1.005	G8 III	1.115
HD 146007	HIP 80067	245.13794	-73.348	411.5	m	9.234	1.162	K1 IIIP	1.254
HIP 51367		157.37561	28.74415	411.53	m	11.03	2.962	G0	0.687
HIP 23289		75.14334	0.00544	411.54	m	10.29	2.216	F0	0.37
HD 2249	HIP 2065	6.53354	-47.9744	411.55	m	10.56	2.49	F5/6 IV/V	0.57
HD 17446	HIP 13092	42.08225	17.50938	411.58	m	9.093	1.021	M8	1.612
HIP 73562		225.5071	-30.1202	411.62	m	10.71	2.639	F8	0.551
HD 65896	HIP 120401	119.38225	-60.63092	411.67	m	9.01	0.937	A0 V	0.216
HD 40068	HIP 28089	89.06645	-9.90538	411.7	m	9.437	1.364	B9 V	0.243
HIP 64438		198.10631	-10.10091	411.71	m	12.11	4.037	K7V	
HIP 61668		189.62464	-47.2835	411.71	m	10.4	2.328	F2	0.496
HIP 111351		338.39113	37.09881	411.74	m	10.15	2.076	A M	0.388
HD 12310	HIP 9273	29.79569	-53.84221	411.78	m	9.62	1.547	K0 III	1.352
HD 78539	HIP 44859	137.10552	-14.14292	411.8	m	9.043	0.97	G8 III/IV	1.078
HD 99214	HIP 55696	171.18028	-39.0068	411.82	m	9.133	1.059	K1 III	1.264
HD 246803	HIP 26954	85.79697	8.16283	411.85	m	9.812	1.738	A2	0.215
HIP 112885		342.89988	-43.83254	411.85	m	10.61	2.538	F5	0.579
HD 297717	HIP 48903	149.63989	-51.18936	411.87	m	10.68	2.61	F5	0.527
HIP 66900		205.64679	27.27128	411.9	m	9.795	1.721	K2	1.225
HD 184253	HIP 96236	293.53784	-17.31855	411.94	m	9.299	1.225	K0 IV	1.246
HD 36808	HIP 26163	83.66604	7.56351	411.97	m	9.812	1.738	A5	0.401
HIP 117449		357.21216	-11.45839	412.01	m	9.32	1.245	K0	1.359
HD 86563	HIP 48971	149.84502	2.964	412.12	m	9.103	1.028	A1 V	0.1
HIP 87037		266.76374	33.63787	412.13	m	9.165	1.09	K0	1.095
HD 96398	HIP 54330	166.71566	8.10798	412.13	m	9.125	1.05	A2	0.321
HD 221101	HIP 115882	352.17484	50.98679	412.15	m	9.383	1.308	F0	0.459
HD 19482	HIP 14730	47.56443	56.23022	412.17	m	9.212	1.137	A2	0.274
HIP 33017		103.19612	-41.18597	412.17	m	9.713	1.638	M	1.376
HD 152721	HIP 82888	254.08311	-31.38155	412.18	m	9.229	1.154	K1/2 (III)	1.277
HD 120785	HIP 67833	208.42337	-65.21206	412.18	m	10.09	2.016	F0 V	0.479
HD 297369	HIP 52372	160.56496	-46.41552	412.21	m	9.813	1.737	A0	0.173
HIP 114193		346.8793	41.92036	412.21	m	10.03	1.957	A5	0.459
HD 109985	HIP 61721	189.76826	-7.91752	412.22	m	9.025	0.949	K0 III	1.264
HD 135652	HIP 74986	229.84416	-62.79019	412.26	m	9.133	1.057	K1 III + (G)	1.16
HD 17803	HIP 13382	43.05202	25.19832	412.28	m	9.115	1.039	G0	1.162
HD 34159	HIP 24719	79.52439	52.39129	412.28	m	9.261	1.185	A0	0.241
HD 22602	HIP 17162	55.13821	52.33412	412.38	m	9.568	1.491	A5	0.372
HD 126275	HIP 70482	216.24996	-20.55771	412.46	m	9.221	1.144	K2 IIICNII	1.525
HD 127827	HIP 71220	218.46551	-15.69692	412.5	m	9.501	1.424	F3 IV/V	0.617
HD 224329	HIP 118063	359.25439	7.46061	412.52	m	9.313	1.236	K2	1.376
HIP 8630		27.83089	67.63148	412.54	m	9.769	1.692	B8	0.618
HD 83744	HIP 47069	143.88299	-75.64009	412.56	m	9.655	1.578	AP SI	0.135
HIP 27477		87.27798	-11.08278	412.57	m	9.846	1.769	A0	0.22
HIP 31534		99.02354	-32.22193	412.57	m	9.215	1.138	G5	1.123
HD 105048	HIP 58993	181.4323	-16.52057	412.61	m	9.273	1.195	K1 III	1.411
HIP 76112		233.17578	28.6865	412.61	m	9.219	1.141	K0	1.211
HD 145962	HIP 79584	243.56605	-14.16074	412.62	m	9.219	1.141	K2/3 III	1.693
HD 214060	HIP 111531	338.94051	-6.75233	412.64	m	9.164	1.086	K0 III	1.345
HD 199192	HIP 103249	313.76307	19.25906	412.65	m	9.128	1.05	A0	0.119
HD 219579	HIP 114964	349.27589	-23.97729	412.67	m	9.125	1.047	K1 III	1.446
HIP 65588		201.69889	-74.18527	412.69	m	10.45	2.376		-0.121
HD 123020	HIP 68854	211.48741	-33.98731	412.71	m	9.417	1.339	F7 V	0.593
HIP 85890		263.28679	-49.19189	412.77	m	10.01	1.933	G0	0.648
HD 48819	HIP 31627	99.27202	-74.79612	412.83	m	9.052	0.973	K1/2 III	1.292
HD 133396	HIP 73813	226.29981	-32.11163	412.86	m	10.38	2.296	G8 IV/V	1.284
HD 40903	HIP 28564	90.43278	-3.90481	412.86	m	9.45	1.371	B9 V	0.008
HD 28956	HIP 21268	68.44702	1.81028	412.86	m	9.052	0.973	G8/K0 III	1.172
HD 128135	HIP 71493	219.30069	-55.60364	412.9	m	9.152	1.073	B9 V	0.163
HD 25055	HIP 18836	60.56932	60.69334	412.91	m	9.277	1.198	A0	0.324
HD 6766	HIP 5323	17.01882	-21.61623	412.93	m	9.196	1.117	K1 III	1.356
HIP 10808		34.78423	59.74785	412.94	m	9.373	1.294	K5	1.758
HD 329305	HIP 82992	254.39793	-47.27246	412.97	m	10.27	2.186	F5	0.774
HD 164757	HIP 88337	270.60777	7.30297	413	m	9.026	0.946	K 0 III	1.233
HD 25547	HIP 18773	60.32721	-47.83711	413.01	m	9.276	1.196	K2/3 III	1.488
HD 224577	HIP 118242	359.74768	6.4135	413.01	m	9.109	1.029	K2	1.147
HD 198053	HIP 102967	312.92978	-66.99754	413.03	m	9.178	1.098	K2 III	1.388
HIP 68031		208.95953	-72.2048	413.11	m	9.242	1.162	K5	1.835
HIP 3107		9.8916	13.97546	413.12	m	9.573	1.493	K0	1.387
HIP 10726		34.51006	32.8734	413.13	m	10.74	2.664	F8	0.737
HD 102087	HIP 57273	176.16802	-52.52893	413.16	m	9.394	1.313	F0 IV/V	0.394
HD 233911	HIP 59524	183.10245	52.79413	413.18	m	9.09	1.009	K0	1.277
HD 49072	HIP 32372	101.35245	-28.43777	413.21	m	9.658	1.577	K0 III	1.171
HIP 41302		126.40581	52.28222	413.27	m	9.26	1.179	M8	1.416
HD 218437	HIP 114272	347.16613	-48.99503	413.27	m	9.389	1.308	K1 (III)	1.495
HD 197792	HIP 102828	312.48317	-67.69759	413.31	m	9.098	1.017	G6 III	1.126
HD 29136	HIP 21195	68.16975	-50.47172	413.32	m	9.246	1.165	G6 III	1.017
HD 151065	HIP 82290	252.21648	-61.12946	413.35	m	9.581	1.499	A0/1 IV/V	0.054
HIP 40120		122.92073	24.20767	413.38	m	10.27	2.185	A2	0.265
HIP 112593		342.0564	-56.98902	413.38	m	9.289	1.207	G6	1.268
HIP 43924		134.21007	-4.72499	413.41	m	9.734	1.652	F5	0.465
HD 35679	HIP 24895	80.03924	-70.73903	413.41	m	9.329	1.247	A2MA6-A7	0.312
HIP 12848		41.29747	3.88966	413.42	m	10.99	2.913	G0	0.558
HIP 86120		264.00485	38.28848	413.42	m	10.25	2.171	K0	1.157
HIP 85649		262.55536	-69.89565	413.45	m	9.037	0.955	K0	1.261
HD 11656	HIP 8419	27.15287	-79.6895	413.61	m	9.301	1.218	K5	1.589
HD 27005	HIP 20013	64.38258	34.94563	413.63	m	9.405	1.322	A0	0.204
HD 282169	HIP 20674	66.42487	29.90747	413.64	m	9.474	1.391	A 2 V	0.451
HD 275972	HIP 18674	59.98164	40.9055	413.66	m	9.386	1.303	K0	1.166
HD 217905	HIP 113862	345.88033	41.38124	413.78	m	9.25	1.166	A2	0.147
HD 18806	HIP 14087	45.40819	2.16828	413.81	m	9.033	0.949	A0 IV/V	0.166
HD 10301	HIP 7760	24.97704	-40.7109	413.82	m	9.952	1.868	K2 (III)	1.494
HIP 50063		153.32183	76.16507	413.86	m	10.6	2.514	F2	0.573
HIP 65675		201.99308	41.11485	413.89	m	9.101	1.017	K 0 III	1.149
HIP 5568		17.85673	-29.10805	413.9	m	10.82	2.736	F5	0.615
HD 25244	HIP 18615	59.74227	-38.29714	413.92	m	9.409	1.324	K1/2 III	1.494
HD 87449	HIP 49349	151.11066	-27.72882	413.92	m	9.029	0.944	K0 III	1.326
HIP 44739		136.76125	18.26952	413.93	m	9.779	1.694	F5	0.554
HD 17318	HIP 12945	41.62454	-9.80901	413.99	m	9.221	1.136	K1 III	1.483
HD 223657	HIP 117654	357.91279	-53.89304	413.99	m	9.055	0.97	K1 III	1.296
HIP 44774		136.87945	-28.65615	414.02	m	9.248	1.163	K0	1.437
HIP 77169		236.35941	47.55228	414.05	m	9.99	1.905	K2	1.405
HD 105479	HIP 59214	182.16167	-37.73946	414.05	m	9.06	0.975	K0 III	1.28
HIP 75006		229.90503	9.34655	414.17	m	9.771	1.685	A2	0.35
HIP 51522		157.84253	6.59962	414.21	m	10.61	2.519	K0	0.978
HD 9538	HIP 7270	23.40669	2.35924	414.22	m	9.254	1.168	A0 V	0.116
HIP 94292		287.88557	45.52294	414.23	m	10.15	2.064		1.026
HIP 59756		183.80913	22.24541	414.24	m	9.403	1.317	F0	0.345
HD 224051	HIP 117901	358.72018	-62.13447	414.25	m	9.162	1.076	K2 III	1.399
HIP 94091		287.31332	63.3167	414.26	m	9.451	1.365	F8	0.45
HIP 62909		193.39572	37.97624	414.27	m	11.06	2.977		0.697
HD 40937	HIP 28550	90.40613	-11.03848	414.27	m	9.148	1.062	K0/1 III	1.181
HIP 35569		110.11903	-47.28073	414.29	m	9.518	1.431	K7	1.385
HD 141537	HIP 77639	237.76582	-37.76111	414.37	m	9.168	1.081	K2/3 (III)	1.7
HD 201451	HIP 104621	317.89996	-52.16291	414.4	m	9.188	1.101	K1 III	1.415
HD 95399	HIP 53848	165.23539	7.61771	414.41	m	9.124	1.037	K2	1.306
HIP 61000		187.53602	19.34181	414.42	m	9.182	1.095	K5	1.404
HD 238428	HIP 74153	227.27394	59.3605	414.46	m	10.06	1.972	G5	0.484
HD 211922	HIP 110261	335.01407	31.1484	414.48	m	9.416	1.328	K0	0.342
HIP 114473		347.74639	62.85004	414.49	m	9.531	1.443	A2	0.345
HIP 42632		130.32511	14.66659	414.54	m	9.003	0.915	K0	1.053
HD 32075	HIP 23256	75.06773	-11.29972	414.61	m	9.02	0.932	K0 III	1.267
HIP 12618		40.54979	-6.11205	414.7	m	9.685	1.596	F2	0.418
HD 96392	HIP 54415	167.02211	69.64494	414.77	m	9.512	1.423	K0	1.293
HD 217583	HIP 113732	345.49694	-29.25124	414.81	m	9.239	1.15	K2 II	1.378
HD 216619	HIP 113170	343.74957	-47.48489	414.81	m	9.174	1.085	A9 V	0.312
HD 17782	HIP 12757	40.99114	-78.36716	414.88	m	9.705	1.615	A(3)MA6-A9	0.379
HD 175117	HIP 92724	283.42283	5.4649	414.9	m	9.197	1.107	K5	1.516
HIP 55317		169.9233	65.39317	414.92	m	9.275	1.185	K0	1.141
HD 233898	HIP 59073	181.72021	51.73528	414.94	m	9.159	1.069	M0	1.665
HD 341011	HIP 102559	311.75453	27.31582	415.01	m	9.995	1.905	F2	0.443
HD 184648	HIP 96460	294.16142	-31.61125	415.01	m	9.174	1.084	G8 III	1.109
HD 49027	HIP 32371	101.35201	-26.15583	415.03	m	9.212	1.122	G8/K0 V	1.074
HD 167187	HIP 89657	274.46027	-59.723	415.07	m	9.358	1.267	G8 (III)	1.38
HD 337777	HIP 94444	288.32114	27.66867	415.07	m	9.016	0.925	G5	1.09
HIP 51509		157.78564	22.22402	415.07	m	9.046	0.955	K0	1.163
HIP 83087		254.66401	5.05043	415.1	m	11.08	2.987		0.445
HD 13407	HIP 10151	32.64586	-20.19544	415.16	m	9.134	1.043	F7 V	0.702
HIP 115855		352.09068	14.36294	415.17	m	9.26	1.169	K2	1.443
HD 31607	HIP 23525	75.85918	70.82496	415.18	m	9.061	0.97	A0	0.077
HD 144348	HIP 78852	241.44213	-10.80152	415.2	m	9.698	1.607	G5/6 IV	1.141
HD 27590	HIP 20059	64.5254	-56.99711	415.29	m	9.205	1.113	K1 IV/V	1.396
HIP 85172		261.0867	18.20558	415.3	m	9.136	1.044	K0	1.396
HIP 114496		347.8375	62.51965	415.32	m	9.602	1.51	A0	0.251
HD 205002	HIP 106374	323.16783	-14.46771	415.51	m	9.294	1.201	F0 V	0.31
HD 10103	HIP 7737	24.91196	42.73865	415.54	m	9.156	1.063	G 8 III	1.114
HIP 57651		177.34918	16.88047	415.59	m	10.31	2.221	A5	0.306
HD 40575	HIP 28367	89.89841	-4.33752	415.6	m	9.462	1.369	B9 V	0.06
HIP 91498		279.90161	83.65102	415.61	m	9.136	1.043	G0	1.165
HD 23214	HIP 17295	55.53815	-34.42109	415.65	m	9.092	0.998	K2/3 III	1.369
HD 196176	HIP 102695	312.12526	-82.26867	415.66	m	9.13	1.036	G8 III	1.243
HIP 53554		164.33265	52.90341	415.66	m	12.03	3.931		0.161
HD 80619	HIP 45780	140.01977	-26.72164	415.67	m	9.184	1.09	G6/8 III	1.124
HD 3160	HIP 2615	8.30041	-78.66514	415.69	m	9.257	1.163	K3 III	1.702
HD 148336	HIP 80716	247.20128	-34.56813	415.69	m	9.313	1.219	G8 IV	1.126
HD 262819	HIP 32306	101.17891	26.13014	415.71	m	9.261	1.167	K0	1.205
HD 4703	HIP 3841	12.32006	22.12815	415.8	m	9.056	0.962	K0	1.334
HD 222747	HIP 116989	355.76609	53.33881	415.83	m	9.174	1.079	A0	0.097
HIP 58005		178.4622	31.2259	415.85	m	9.088	0.993	K2III	1.443
Gl 3163	HD 15833	38.24544	7.88823	415.85	m	9.024	0.929	G5	1.33
HD 102681	HIP 57642	177.29913	-41.75758	415.86	m	10.94	2.847	Md	0.588
HIP 5850		18.75876	30.23738	415.91	m	9.38	1.285	G5	1.005
HIP 16257		52.38322	-38.41665	415.92	m	9.421	1.326	M	1.434
HD 111198	HIP 62419	191.88305	-5.89069	415.93	m	9.041	0.946	K0 III	1.238
HD 220646	HIP 115644	351.40716	-29.55024	416.01	m	9.128	1.032	K0 IV/V	1.139
HIP 40968		125.40948	36.25821	416.01	m	10.1	1.999	F2	0.396
HD 241111	HIP 24000	77.39776	17.90745	416.02	m	9.845	1.749	A0	0.237
HIP 112531		341.89281	31.96759	416.04	m	9.417	1.321	A5	0.354
HD 222999	HIP 117206	356.47964	-58.36986	416.11	m	9.141	1.045	K2 II/III	1.484
HIP 4214		13.45172	34.69054	416.13	m	9.718	1.622	B8	0.324
HD 207798	HIP 107988	328.16209	-40.56305	416.14	m	10.71	2.612	F3/5 V	0.547
HIP 4325		13.84347	5.36865	416.17	m	9.594	1.498	K0	1.245
HD 107043	HIP 60027	184.65654	-24.13149	416.2	m	9.203	1.106	K0 IV	1.399
HD 174553	HIP 92517	282.82032	-6.35309	416.22	m	9.45	1.353	F3/5 II/III	0.454
HD 60037	HIP 36341	112.19797	-61.60522	416.33	m	9.438	1.341	K2 II/III	1.333
