HD 94266	HIP 53201	163.21107	7.2177	393.5	m	8.771	0.796	A2	0.313
HD 27912	HIP 20523	65.97176	-12.56374	393.5	m	8.534	0.559	K0 IV/V	1.421
HD 58185	HIP 36091	111.53784	37.8231	393.53	m	8.477	0.502	K0	1.061
HD 9527	HIP 7185	23.13873	-48.64542	393.54	m	8.793	0.818	G8 III	1.066
HIP 106107		322.40186	30.72878	393.55	m	8.982	1.007	A2	0.182
HD 117557	HIP 65943	202.79301	-2.26218	393.56	m	8.727	0.752	K0/1 III	1.342
HD 63331	HIP 39069	119.90305	79.86148	393.58	m	6.993	-0.982	K2	1.616
HD 73041	HIP 42095	128.69683	-36.98242	393.59	m	8.09	0.115	K3 III	1.574
HD 235743	HIP 109432	332.55819	50.99572	393.62	m	8.717	0.742	K2	1.214
HD 163150	HIP 87620	268.48684	18.59007	393.64	m	8.137	0.162	A0	0.095
HD 288089	HIP 26280	83.93965	1.32307	393.64	m	8.594	0.619	G5	1.138
HD 16981	HIP 12738	40.93727	13.29016	393.64	m	8.249	0.273	K0	1.499
HD 109482	HIP 61390	188.70079	29.08743	393.65	m	8.149	0.173	G8II	1.032
HD 67334	HIP 39640	121.51347	-34.75504	393.65	m	8.056	0.08	B6 V	-0.048
HD 189515	HIP 98654	300.56802	-43.48862	393.65	m	8.993	1.017	K2 III	1.316
HD 110985	HIP 62163	191.10091	74.99785	393.67	m	8.551	0.575	A3	0.217
HD 127932	HIP 71138	218.23336	40.83987	393.69	m	8.609	0.633	K5	1.857
HD 4595	HIP 3715	11.922	-31.35296	393.69	m	7.244	-0.732	K2 III	1.668
HD 33647	HR 1690|HIP 24196	77.92229	0.51457	393.7	e	6.656	-1.32	B8 II/III	-0.069
HD 177857	HIP 93592	285.90749	53.11634	393.7	e	8.912	0.936	A0	0.239
HD 151011	HIP 82038	251.37574	-19.13693	393.72	m	6.886	-1.09	K5 II	2.286
HD 70201	HIP 40547	124.19665	-64.40316	393.74	m	7.782	-0.194	B8 V	-0.019
HD 156478	HIP 84989	260.56454	-64.07174	393.75	m	8.739	0.763	A1 VN	0.121
HD 133031	HIP 73543	225.4678	15.78839	393.75	m	8.99	1.014	G5	1.04
HD 220779	HIP 115754	351.77263	-57.31272	393.76	m	8.197	0.221	K1 III	1.343
HD 170135	HIP 90472	276.91296	6.53216	393.76	m	8.482	0.506	A3	0.275
HD 16734	HIP 12357	39.76977	-53.14892	393.76	m	8.289	0.313	K1 IV	1.374
HIP 43033		131.52701	-8.96767	393.77	m	8.941	0.965	G5	1.235
HD 191589	HIP 99312	302.38744	33.68162	393.78	m	7.427	-0.549	K5III	1.834
HD 132520	HIP 73697	225.95252	-70.03714	393.81	m	8.813	0.837	K2 II	1.434
HD 203774	HIP 105832	321.53078	-51.09915	393.82	m	8.907	0.931	G8 III	1.179
HD 72346	HIP 41811	127.86678	-25.68213	393.84	m	7.957	-0.02	A0/1 IV	0.085
HD 50630	HIP 33587	104.66377	64.59249	393.84	m	8.088	0.111	G5	1.032
HD 112256	HIP 63010	193.66749	54.96112	393.85	m	8.829	0.852	K0	1.225
HD 37035	HIP 26294	83.99272	9.53172	393.86	m	8.625	0.648	B9	-0.03
HD 73088	HIP 42151	128.87356	-29.52358	393.86	m	7.563	-0.414	A1 IV	0.034
HD 42612	HIP 29144	92.2164	-50.67502	393.89	m	8.725	0.748	G3 V	0.827
HD 176126	HIP 93242	284.90009	-21.82825	393.93	m	8.124	0.147	K2 III	1.697
HD 59844	HIP 36930	113.87852	60.64169	393.94	m	8.66	0.683	G5	1.469
HD 119712	HIP 67130	206.37727	-38.51089	393.96	m	7.687	-0.29	K1 III	1.475
HD 191060	HIP 98985	301.42852	51.03041	394	m	8.859	0.882	A0	0.052
HD 97876	HIP 54974	168.84834	-11.58818	394.04	m	7.11	-0.868	M3/4 III	1.873
HD 86446	HIP 48902	149.63497	-7.18574	394.05	m	8.929	0.951	K0 III	1.194
HD 105988	HIP 59467	182.96304	-18.78828	394.05	m	8.277	0.299	K0 III	1.343
HD 74579	HIP 42771	130.72569	-45.46362	394.08	m	8.31	0.332	K1 III	1.398
HD 117444	HIP 66050	203.12636	-69.16385	394.08	m	8.174	0.196	B8 V	0.2
HD 131336	HIP 72865	223.40198	-19.14738	394.1	m	8.354	0.376	K0 III	1.386
HD 35479	HIP 25422	81.56088	29.98666	394.1	m	8.121	0.143	B9P	0.078
HD 35718	HIP 25442	81.6203	-5.64569	394.13	m	8.722	0.744	A0 V	0.064
HD 10379	HIP 7883	25.35522	9.07298	394.15	m	7.478	-0.5	K2	1.633
HD 139733	HIP 76803	235.22998	-33.14588	394.17	m	8.417	0.439	K0 III/IV	1.578
HD 32137	HIP 23152	74.72037	-44.67702	394.17	m	8.878	0.9	G8/K0 III	1.144
HD 200353	HIP 103837	315.61519	17.95368	394.18	m	8.369	0.391	K0	1.351
HD 130568	HIP 72558	222.52089	-38.53365	394.19	m	8.5	0.521	G8/K0 III	1.134
HD 93355	HIP 52653	161.50578	-44.70477	394.2	m	8.789	0.81	K0 III	1.231
HD 184677	HIP 96015	292.83595	64.28695	394.2	m	8.111	0.132	K2	1.439
HD 140086	HIP 76764	235.1083	37.51709	394.24	m	7.085	-0.894	K5	1.84
HD 56840	HIP 36405	112.3673	78.88079	394.26	m	8.848	0.869	A0	0.277
HD 88695	HIP 49945	152.95771	-61.54193	394.26	m	7.158	-0.821	B5 VN	-0.103
HD 192143	HIP 99515	302.94744	40.33	394.26	m	7.083	-0.896	B9	-0.089
HD 220031	HIP 115174	349.92467	66.41607	394.28	m	8.341	0.362	B9	0.227
HD 65795	HIP 39034	119.79971	-31.07654	394.3	m	8.185	0.206	B9/9.5 IV/V	0.015
HD 124928	HIP 69714	214.04332	15.56373	394.32	m	8.948	0.969	G5	0.687
HD 136796	HIP 75192	230.48461	21.48063	394.33	m	8.435	0.456	K0	1.201
HD 200196	HIP 103806	315.52285	-0.01764	394.34	m	8.819	0.84	G8 IV	1.123
HIP 83236		255.16096	61.02393	394.37	m	8.086	0.106	K2	1.705
HD 179460	HIP 94298	287.90712	26.27856	394.4	m	7.765	-0.215	A0	-0.031
HD 57293	HIP 35583	110.14822	-1.59602	394.42	m	7.994	0.014	B9 III	-0.047
HD 134874	HIP 74519	228.41368	-41.49384	394.42	m	7.645	-0.335	AP SI	-0.029
HD 198197	HIP 102623	311.93224	31.91281	394.48	m	8.144	0.164	A0	0.121
HD 58140	HIP 35464	109.81103	-67.18756	394.49	m	8.174	0.194	M4 III	1.716
HD 124000	HIP 69248	212.6429	15.47468	394.5	m	8.831	0.851	G5	1.111
HD 195103	HIP 101034	307.24086	10.33121	394.55	m	7.794	-0.187	M0	1.978
HD 196072	HIP 101484	308.49064	29.68655	394.56	m	8.461	0.48	A0	-0.059
HD 114108	HIP 64083	196.98651	36.97551	394.56	m	8.815	0.834	K 1 III	1.261
HD 84947	HIP 47951	146.57079	-61.96331	394.58	m	8.462	0.481	K0 III	1.437
HIP 87582		268.37611	21.05944	394.59	m	8.762	0.781	G5	1.189
HD 23399	HIP 17202	55.27722	-63.88705	394.59	m	8.939	0.958	K0 III	1.304
HIP 66228		203.60366	46.40774	394.61	m	8.603	0.622	K0	1.358
HD 207991	HIP 107923	327.98077	48.43711	394.62	m	7.051	-0.93	K5IB	1.961
HD 220831	HIP 115809	351.92667	-65.56482	394.62	m	8.907	0.926	K0 II	1.28
HD 34543	HIP 24337	78.35474	-65.23611	394.65	m	8.365	0.384	B8 V	-0.049
HD 77527	HIP 44110	134.75931	-68.28317	394.66	m	8.972	0.991	G5	1.148
HD 101178	HIP 56818	174.70801	39.17258	394.66	m	7.514	-0.467	M1III	1.925
HD 33135	HIP 24081	77.59651	45.4685	394.66	m	8.997	1.016	A0	0.111
HD 40522	HIP 28235	89.48553	-31.92125	394.7	m	7.592	-0.389	K4 III	1.701
HD 109953	HIP 61661	189.60411	44.10388	394.7	m	8.959	0.978	G9III	1.163
HD 42449	HIP 29103	92.0742	-46.84955	394.71	m	8.369	0.388	K1/2 III(P)	1.386
HD 87734	HIP 49724	152.28194	63.95242	394.71	m	6.736	-1.245	K5	1.984
HD 89611	HIP 50550	154.87232	-45.64688	394.71	m	7.965	-0.016	A0 IV	0.028
HD 35194	HIP 25164	80.75816	0.43907	394.73	m	8.304	0.322	B9 III	-0.074
HD 9049	HIP 6912	22.256	-5.70092	394.73	m	8.281	0.299	K2 III	1.569
HD 202276	HIP 104860	318.62908	4.68971	394.78	m	7.694	-0.288	K2 V	1.895
HD 6678	HIP 5325	17.02483	42.84794	394.81	m	7.69	-0.292	A0	0.073
HD 167192	HIP 89280	273.27416	25.28947	394.82	m	8.289	0.307	G5	1.555
HD 4545	HIP 3653	11.69418	-52.00379	394.82	m	8.767	0.785	G8 III	1.209
HD 199658	HIP 103733	315.30279	-58.23858	394.83	m	8.829	0.847	K0 III	1.236
HD 60930	HIP 36799	113.52475	-53.26486	394.83	m	8.038	0.056	B9 II	-0.045
HD 200455	HIP 103964	315.96908	-9.90366	394.83	m	8.297	0.315	K0 III	1.469
HD 188964	HIP 104602	317.848	-88.45293	394.83	m	8.79	0.808	K4 (III)	1.888
HD 59527	HIP 36355	112.23618	-34.91838	394.84	m	6.892	-1.09	B5 V	-0.129
HD 93550	HIP 52642	161.46774	-70.42907	394.84	m	8.962	0.98	G8 III	1.205
HD 11719	HIP 9011	29.00295	43.06094	394.87	m	7.462	-0.52	K4III	1.664
HD 137319	HIP 75553	231.52265	-25.617	394.9	m	8.716	0.734	A7/8 III	0.275
HD 34875	HIP 25084	80.54976	36.19931	394.91	m	7.843	-0.139	K0	1.827
HD 200758	HIP 104111	316.38325	-4.36207	394.92	m	7.327	-0.656	K5 III	1.843
HIP 43577		133.1221	47.60897	394.92	m	8.849	0.866	K 0 III	1.233
HD 63343	HIP 37926	116.57937	-46.15964	394.92	m	7.57	-0.413	B5 V	-0.07
HD 188710	HIP 98527	300.24656	-66.84529	394.93	m	8.848	0.865	A0 V	0.061
HD 43861	HIP 29900	94.43427	-19.1887	394.98	m	6.691	-1.292	B5 IV/V	-0.126
HD 88846	HIP 49996	153.10775	-66.69147	395	m	7.664	-0.319	K3 III	1.745
HD 107869	HIP 60468	185.94929	-30.33542	395.01	m	6.578	-1.405	K5 III	1.978
HD 54160	HIP 34515	107.27865	28.95332	395.01	m	8.56	0.577	A0	-0.006
HD 79860	HIP 45399	138.77609	-43.43261	395.02	m	8.769	0.786	K0 III	1.21
HD 147367	HIP 80078	245.15327	26.10482	395.03	m	8.772	0.789	G5	1.133
HD 74214	HIP 42876	131.06434	42.10067	395.06	m	7.224	-0.759	K 2 III	1.714
HD 153695	HIP 83427	255.77693	-45.40855	395.08	m	8.71	0.727	B8 V	0.002
HD 81144	HIP 46207	141.31538	44.62549	395.08	m	7.988	0.005	K0	1.498
HD 172004	HIP 91474	279.85225	-38.01294	395.11	m	8.622	0.638	G8 III	1.072
HD 147973	HIP 80614	246.89662	-52.4767	395.12	m	8.196	0.212	B9 IV/V	0.045
HD 106581	HIP 59784	183.87794	-14.07207	395.14	m	7.562	-0.422	K2 III	1.645
HD 118018	HIP 65974	202.89444	71.79365	395.14	m	7.911	-0.073	K2	1.601
HD 187162	HIP 97377	296.86656	28.48576	395.17	m	8.298	0.314	G8III	1.099
HD 4632	HIP 3735	11.99198	-32.33529	395.17	m	8.992	1.008	K1 III	1.327
HD 175881	HIP 93280	285.00332	-49.4519	395.18	m	8.991	1.007	K2 III	1.444
HD 22062	HIP 16604	53.43375	9.68411	395.25	m	8.689	0.705	K2	1.976
HIP 111560		339.01565	23.33261	395.26	m	8.922	0.938	K0	1.3
HD 192513	HIP 99538	303.01469	60.14883	395.27	m	7.874	-0.11	A0	0.015
HD 212584	HIP 110622	336.15393	41.30664	395.28	m	8.327	0.342	A0	0.019
HD 171077	HIP 90978	278.37051	-20.36832	395.28	m	7.968	-0.017	B9 III	0.255
HD 22227	HIP 16698	53.72222	3.36051	395.28	m	8.512	0.527	K2 III	1.56
HD 170736	HIP 90636	277.39839	32.72498	395.3	m	7.987	0.002	B9	-0.097
HD 173490	HIP 92209	281.89064	-43.54636	395.3	m	7.84	-0.145	K4 III	1.848
HD 129359	HIP 71879	220.53656	-4.85246	395.31	m	8.925	0.94	K0 III	1.285
HIP 82601		253.29082	34.69633	395.31	m	8.612	0.627	K0	1.138
HD 221741	HIP 116330	353.58096	61.43737	395.34	m	8.93	0.945	A3V	0.17
HD 30999	HIP 22444	72.44704	-48.31134	395.35	m	7.844	-0.141	G3 V	1.494
HD 182806	HIP 95423	291.17055	38.76516	395.36	m	8.329	0.344	A2	0.182
HD 19750	HIP 14831	47.87761	26.84593	395.37	m	8.461	0.476	K2	2.34
HD 40669	HIP 28588	90.52226	38.72019	395.38	m	7.385	-0.6	G5	1.017
HD 44030	HIP 30142	95.14722	25.60814	395.38	m	7.712	-0.273	K4III	1.696
HD 33080	HIP 23829	76.84808	-11.87469	395.39	m	8.531	0.546	A2 IV/V	0.272
HD 202830	HIP 105036	319.13136	52.53504	395.41	m	8.964	0.979	A0	0.103
HD 64927	HIP 38624	118.63783	-40.13076	395.42	m	7.692	-0.293	K4 III	1.797
HD 64318	HIP 38345	117.80823	-47.21641	395.43	m	6.504	-1.481	B3 IV/V	-0.116
HD 209950	HIP 109201	331.82546	-10.44687	395.46	m	7.095	-0.891	M3 III	1.922
HD 188849	HIP 98340	299.71054	-41.14966	395.48	m	8.454	0.468	K2/3 III	1.603
HD 199122	HIP 103126	313.41617	41.04957	395.48	m	7.567	-0.419	A2	-0.103
HD 55912	HIP 34816	108.10503	-49.327	395.51	m	7.761	-0.225	K2 III	1.538
HD 203851	HIP 106063	322.24943	-71.53979	395.51	m	8.939	0.953	K0/1 III	1.294
HD 150804	HIP 81950	251.09074	-26.32497	395.51	m	8.81	0.824	K3 III	1.889
HD 169628	HIP 90263	276.26227	14.14497	395.52	m	7.943	-0.043	B9	-0.005
HD 24763	HIP 18422	59.07816	2.20756	395.52	m	8.37	0.384	G8 III	1.211
HD 197247	HIP 102137	310.45626	22.57254	395.52	m	8.453	0.467	A0	0.037
HD 152540	HIP 82850	253.97288	-43.07087	395.54	m	8.287	0.301	B9 II/III	0.05
HD 184238	HIP 95835	292.37575	62.56685	395.56	m	8.521	0.535	A0	0.067
HD 203383	HIP 105472	320.4483	2.02734	395.58	m	7.487	-0.499	A2 (III)	0.503
HD 67642	HIP 39699	121.70908	-47.5605	395.58	m	7.996	0.01	B7 IV	-0.03
HD 208376	HIP 108008	328.23287	68.09847	395.59	m	8.905	0.919	A3V	0.14
HD 59876	HIP 36803	113.53835	46.1508	395.59	m	7.339	-0.647	K5	1.916
HD 42767	HIP 29581	93.50209	33.24427	395.62	m	6.8	-1.186	K5	2.012
HD 62858	HIP 37947	116.66455	16.64845	395.64	m	8.053	0.066	A0	-0.011
HD 123602	HIP 69149	212.33352	-33.93382	395.65	m	8.853	0.866	G8 III	1.202
HD 117285	HIP 65791	202.30674	3.87142	395.66	m	7.394	-0.593	K4 III	1.816
HD 46746	HIP 31559	99.08736	29.72802	395.66	m	8.75	0.763	A 1 V	0.194
HD 117887	HIP 66224	203.59656	-53.68643	395.67	m	8.884	0.897	G5/6 III/IV	1.038
HD 203397	HIP 105820	321.47874	-70.71766	395.69	m	7.916	-0.071	K0 III	1.287
HD 199073	HIP 103186	313.58761	11.07548	395.71	m	8.368	0.381	K0	1.163
HD 113002	HIP 63484	195.11979	19.63212	395.72	m	8.846	0.859	K0	0.815
HD 209172	HIP 108771	330.51854	-34.38295	395.73	m	7.778	-0.209	K4/5 III	1.751
HD 73378	HIP 42328	129.45035	-12.53673	395.77	m	8.041	0.054	A9 III	0.391
HD 100301	HIP 56325	173.20991	49.49601	395.81	m	8.179	0.192	K3V	1.77
HD 70928	HIP 41131	125.87795	-30.80132	395.84	m	7.067	-0.921	K1 III	1.446
HD 85253	HIP 48108	147.13439	-58.67611	395.86	m	8.814	0.826	K1 (III)	1.346
HD 159027	HIP 85732	262.79802	28.13636	395.87	m	8.131	0.143	K 2 III	1.462
HD 196687	HIP 101755	309.34583	42.99119	395.87	m	7.248	-0.74	A0	-0.097
HD 56279	HIP 35110	108.89528	-20.1287	395.92	m	8.014	0.026	B8 V	-0.061
HD 50535	HIP 33019	103.19834	-23.04703	395.94	m	7.824	-0.164	B8 V	-0.091
HIP 46532		142.36053	7.67278	395.96	m	8.818	0.83	K2	1.576
HD 125440	HIP 70064	215.07165	-35.39017	395.96	m	8.156	0.168	K3 III	1.664
HIP 47219		144.35481	8.85089	395.99	m	8.982	0.994	K0	1.373
HD 178849	HIP 94043	287.18832	34.7603	395.99	m	7.031	-0.957	B 3 V	-0.147
HD 43092	HIP 29297	92.65011	-58.85442	396	m	7.838	-0.15	K3 III	1.653
HIP 2197		6.94117	23.46766	396	m	8.851	0.863	K0	1.301
HD 36262	HIP 25844	82.75655	12.09677	396.01	m	7.571	-0.418	B 3 V	-0.109
HD 236267	HIP 15	0.05036	50.79118	396.01	m	8.744	0.755	K2	1.371
HD 30637	HIP 22396	72.30636	-4.9865	396.02	m	7.128	-0.861	B3 II/III	-0.174
HD 66530	HIP 39490	121.088	10.24959	396.04	m	7.961	-0.028	G5	1.129
HD 99833	HIP 56043	172.29089	16.37891	396.04	m	7.798	-0.191	G5	0.936
HD 135856	HIP 74811	229.33168	5.69416	396.04	m	8.933	0.944	K2	1.453
HD 17758	HIP 13378	43.04711	37.09409	396.04	m	7.061	-0.928	K0	1.763
HD 161352	HIP 88343	270.62135	-82.73546	396.04	m	8.417	0.428	G3 III/IV	1.039
HD 187075	HIP 97359	296.82723	21.77153	396.05	m	7.285	-0.704	K5	1.967
HD 80761	HIP 45776	140.00438	-46.95041	396.05	m	7.239	-0.75	B5 III	-0.092
HD 185019	HIP 96482	294.21852	10.37754	396.07	m	8.205	0.216	A0	0.199
HD 132546	HIP 73282	224.65939	34.91861	396.08	m	8.349	0.36	K0	1.432
HD 149720	HIP 81222	248.84783	31.96053	396.09	m	8.768	0.779	K5	1.256
HD 163076	HIP 87454	268.03849	42.85713	396.11	m	7.558	-0.431	B9	-0.017
HD 101828	HIP 57261	176.14492	82.32135	396.15	m	7.933	-0.056	G5II	1.085
HD 209448	HIP 108918	330.94083	-15.91356	396.15	m	8.908	0.919	K0 III	1.164
HD 124304	HIP 69449	213.29072	-13.85993	396.16	m	7.069	-0.92	M3 III	1.865
HD 181109	HR 7323|HIP 95054	290.10913	-31.8176	396.17	m	6.751	-1.238	K5/M0 III	2.014
HD 218442	HIP 114228	347.00739	3.57302	396.17	m	7.896	-0.093	K0/1 IV	1.536
HD 151256	HIP 82024	251.33035	24.5832	396.2	m	8.384	0.394	K1III	1.17
HD 124156	HIP 69642	213.79988	-71.23366	396.21	m	8.733	0.743	B9.5/A0 V	0.107
HD 27021	HIP 18970	60.97216	-80.89008	396.23	m	8.457	0.467	K3 III	1.684
HD 37786	HIP 26792	85.35781	9.19834	396.24	m	7.441	-0.549	B8	-0.141
HD 168243	HIP 89671	274.48914	21.99641	396.24	m	7.844	-0.146	K0	1.569
HD 139920	HIP 76630	234.74535	46.92656	396.27	m	6.956	-1.034	K5	1.955
HD 48482	HIP 32147	100.7006	-19.35454	396.27	m	8.993	1.003	B9 V(N)	-0.016
HD 52401	HIP 34029	105.90037	49.12177	396.29	m	8.247	0.257	G5	1.354
HD 186075	HIP 96863	295.33907	27.70531	396.31	m	7.913	-0.077	A3	0.255
HD 73622	HIP 42421	129.75528	-12.1203	396.32	m	8.029	0.039	A3 III	0.129
HD 211884	HIP 110247	334.97487	25.72398	396.35	m	7.493	-0.497	K5III	1.915
HD 79237	HIP 45193	138.14416	-11.49466	396.35	m	8.299	0.309	A1 IV	0.104
HD 151543	HIP 82075	251.46608	46.04469	396.36	m	7.618	-0.372	K0	1.439
HD 112879	HIP 63451	195.03098	-32.97447	396.36	m	8.833	0.843	G8 III/IV	1.205
HD 149412	HIP 80906	247.83366	57.83904	396.37	m	7.863	-0.127	K5	1.657
HD 94455	HIP 52969	162.50187	-80.93349	396.38	m	8.048	0.057	AP CREUSR	0.21
HD 121725	HIP 68112	209.17145	28.33802	396.39	m	8.839	0.848	K0	1.256
HD 79071	HIP 45013	137.52283	-48.20637	396.39	m	7.971	-0.02	G6 III	1.021
HD 168669	HIP 90346	276.5095	-66.65729	396.4	m	8.995	1.004	G8/K0 III	1.264
HD 83317	HIP 47180	144.22047	-26.8582	396.41	m	7.777	-0.214	K2 III	1.668
HD 4389	HIP 3596	11.51023	-25.37964	396.41	m	8.862	0.871	K0 III	1.153
HD 26242	HIP 19256	61.90598	-37.06195	396.42	m	6.848	-1.143	K3 III	1.562
HD 194787	HIP 100731	306.33103	52.86359	396.45	m	8.108	0.117	A0	-0.027
HD 216878	HIP 113254	344.00954	46.69757	396.46	m	8.486	0.495	G5	0.969
HD 3908	HIP 3255	10.36928	-12.6904	396.48	m	8.998	1.007	G8 III/IV	1.216
HD 183788	HIP 95874	292.48392	32.19575	396.48	m	8.368	0.377	A0	0.037
HD 24806	HIP 18800	60.42053	68.8457	396.5	m	8.145	0.154	K0	1.549
HD 198000	HIP 102614	311.91492	-7.11113	396.52	m	8.686	0.695	K0 III	1.207
HIP 50842		155.71966	71.25875	396.54	m	8.924	0.933	G5	1.054
HD 36926	HIP 26010	83.26372	-41.93935	396.55	m	8.923	0.932	K1 III	1.357
HD 223961	HIP 117839	358.48432	12.00086	396.55	m	7.979	-0.012	K5	1.853
HD 221035	HIP 115823	351.96898	65.36563	396.56	m	8.591	0.599	A0	0.186
HD 49532	HIP 32081	100.53274	-71.88945	396.62	m	7.828	-0.164	K3 III	1.496
HD 82373	HIP 46717	142.84724	-8.14451	396.63	m	7.831	-0.161	K0 III	1.446
HD 193064	HIP 99986	304.25224	35.95741	396.63	m	7.696	-0.296	A0	-0.043
HD 161073	HIP 86668	265.62115	25.80101	396.65	m	7.689	-0.303	K2	1.502
HD 98530	HIP 55345	170.01055	-11.09535	396.66	m	8.825	0.833	K0 III	1.115
HD 172203	HIP 91480	279.86068	-12.24778	396.66	m	7.845	-0.147	A0 III	0.608
HD 209933	HIP 109092	331.47686	44.28756	396.67	m	7.926	-0.066	K5	1.739
HD 200862	HIP 104109	316.38175	20.72708	396.67	m	8.168	0.176	A0	0.014
HD 238403	HIP 72854	223.36776	58.19816	396.67	m	8.758	0.766	K0	1.173
HD 92645	HIP 52149	159.80103	-73.55979	396.68	m	8.6	0.608	B9.5 VN	0.077
HD 38784	HIP 27399	87.04261	-0.74893	396.69	m	8.211	0.219	K0 III	1.164
HD 219540	HIP 114902	349.11018	8.03716	396.69	m	8.947	0.955	K2	1.391
HD 44349	HIP 30603	96.47915	63.64017	396.69	m	8.531	0.539	G5	1.218
HD 137445	HIP 75471	231.2613	29.1462	396.7	m	8.627	0.635	K0	1.374
HD 86202	HIP 48851	149.45653	35.12453	396.72	m	7.372	-0.62	K5	1.916
HD 68496	HIP 40024	122.61351	-49.16414	396.78	m	7.879	-0.114	B5/7 V	-0.079
HD 189973	HIP 99226	302.14458	-71.66905	396.81	m	8.83	0.837	G6/8 III	1.234
HD 2552	HIP 2300	7.33699	28.82779	396.81	m	7.499	-0.494	K3III	1.774
HD 126613	HIP 70611	216.65683	-1.08621	396.82	m	8.61	0.617	G6 V	0.993
HD 221904	HIP 116464	353.98141	27.86493	396.83	m	7.351	-0.642	B9	-0.076
HD 213868	HIP 111502	338.85877	-50.15581	396.86	m	8.842	0.849	G8/K0 III	1.249
HD 15042	HIP 11319	36.42251	10.50604	396.86	m	7.606	-0.387	B9	0.078
HD 30622	HIP 22315	72.09755	-19.85237	396.87	m	7.766	-0.227	K5/M0 III	1.958
HD 94817	HIP 53587	164.44393	54.81012	396.87	m	8.767	0.774	G5	1.198
HD 962	HIP 1132	3.5276	60.72035	396.9	m	7.807	-0.186	F 2 V	0.706
HD 218399	HIP 114218	346.96124	-5.69764	396.91	m	8.665	0.672	K0 III	1.32
HD 140064	HIP 76627	234.72741	57.46178	396.91	m	7.548	-0.445	M2	1.751
HD 63625	HIP 38110	117.15203	-30.75598	396.92	m	7.147	-0.847	B5 III	-0.152
HD 168558	HIP 90006	275.46179	-35.04721	396.94	m	8.232	0.238	K1 III	1.599
HD 11915	HIP 8869	28.53392	-69.51672	396.94	m	8.1	0.106	K4 III	1.739
HD 43278	HIP 30043	94.82697	59.84657	396.99	m	8.317	0.323	A0	0.258
HD 150947	HIP 81885	250.89592	20.69731	396.99	m	8.377	0.383	A0	-0.045
HD 37046	HIP 26022	83.28418	-47.66262	396.99	m	8.51	0.516	G8/K0 III	1.314
HD 163878	HIP 88328	270.59497	-60.1373	397	m	7.063	-0.931	G8 II/III	1.247
HD 205523	HIP 106587	323.80944	26.2663	397	m	8.653	0.659	A2	0.097
HD 203614	HIP 105571	320.72538	18.06194	397	m	7.716	-0.278	A0	0.076
HD 107185	HIP 60103	184.88772	-40.83905	397.03	m	8.654	0.66	A1 V	0.284
HD 114773	HIP 64519	198.35749	-52.40734	397.06	m	8.346	0.352	A6 IV	0.315
HD 35334	HIP 25232	80.94229	-6.83436	397.08	m	8.924	0.93	A3 II/III	0.247
HD 235374	HIP 102765	312.31805	54.52728	397.08	m	8.936	0.942	K2	1.364
HD 213711	HIP 111386	338.49371	-32.66297	397.09	m	8.995	1.001	K0 III	1.301
HD 63265	HIP 38036	116.93563	-10.31745	397.11	m	8.708	0.713	A5 IV	0.253
HD 6229	HIP 4960	15.9019	23.76844	397.11	m	8.668	0.673	G 5 III WLM	0.871
HD 80239	HIP 45656	139.59275	-8.88278	397.11	m	8.248	0.253	A2/3 IV	0.168
HD 156452	HIP 84441	258.95726	41.64915	397.12	m	7.582	-0.413	K5	1.837
HD 155047	HIP 83967	257.45994	-16.31284	397.12	m	8.764	0.769	K2 III	1.729
HD 220208	HIP 115304	350.29994	64.74067	397.12	m	7.393	-0.602	B9	-0.004
HD 59420	HIP 36240	111.9423	-44.12638	397.13	m	8.861	0.866	K0/1 III	1.817
HD 120895	HIP 67668	207.95575	24.68815	397.14	m	8.238	0.243	K3III	1.644
HD 34311	HIP 24469	78.7751	-33.4095	397.14	m	8.759	0.764	G8 III	1.067
HD 105072	HIP 59007	181.48445	50.29159	397.16	m	8.748	0.753	K2	1.154
HD 131145	HIP 72841	223.33558	-46.97338	397.17	m	8.477	0.482	K3 III	1.715
HD 70183	HIP 40880	125.12286	-6.62715	397.18	m	7.31	-0.685	K5 III	1.915
HIP 114275		347.17115	34.23966	397.19	m	8.932	0.937	K0	1.233
HD 125943	HIP 70654	216.76832	-74.41732	397.19	m	8.297	0.302	B9/9.5 IV	0.045
HD 169516	HIP 90311	276.40669	-15.15278	397.2	m	7.909	-0.086	K0 III	1.502
HD 47821	HIP 31925	100.07861	-6.34627	397.22	m	7.134	-0.861	M3/4 III	1.897
HD 337202	HIP 92863	283.83483	27.00267	397.23	m	8.084	0.089	G8III	1.179
HD 169744	HIP 90815	277.88482	-67.95502	397.23	m	7.971	-0.024	B8 III	-0.103
HD 1965	HIP 1930	6.08182	57.66687	397.27	m	8.36	0.365	A0	0.176
HD 212399	HIP 110590	336.06794	-21.59713	397.29	m	7.206	-0.79	K5 II	2.004
HD 83705	HIP 47408	144.90322	-29.87128	397.35	m	7.85	-0.146	K0/1 III	1.413
HD 96972	HIP 54636	167.74572	66.0454	397.36	m	8.486	0.49	G5	1.077
HD 199773	HIP 103842	315.62617	-63.96388	397.39	m	8.294	0.298	K5 III	1.748
HD 52813	HIP 33844	105.38356	-27.85934	397.4	m	7.763	-0.233	A2 V	0.049
HD 7603	HIP 5930	19.05578	16.82761	397.44	m	7.871	-0.125	K 2 V	1.83
HIP 43628		133.27988	28.69918	397.45	m	8.905	0.909	G5	1.107
HD 70464	HIP 40851	125.03383	-47.66021	397.47	m	8.291	0.294	B9 III(P SI)	-0.138
HD 176081	HIP 93239	284.87312	-23.26594	397.49	m	8.243	0.246	K1 III	1.65
HIP 110833		336.81926	17.07743	397.5	m	8.709	0.712	K0	1.219
HD 106249	HIP 59587	183.3015	70.87593	397.53	m	8.757	0.76	K0	1.358
HD 29963	HIP 21893	70.59253	-23.17796	397.54	m	6.969	-1.028	K5 III	1.898
HD 98896	HIP 55517	170.56161	-56.60277	397.56	m	7.39	-0.607	K2/3 III	1.748
HD 69152	HIP 40461	123.92392	0.70816	397.57	m	8.904	0.907	A0 V	0.116
HD 16214	HIP 12050	38.83993	-28.03866	397.57	m	8.646	0.649	K0 III	1.093
HD 186780	HIP 97351	296.78764	-17.07813	397.57	m	7.096	-0.901	M2 III	2.097
HD 91985	HIP 51810	158.77592	-69.35147	397.58	m	7.084	-0.913	M3 III	2.051
HD 161094	HIP 87242	267.3865	-69.7484	397.58	m	8.404	0.407	B9 V	-0.013
HD 225275	HIP 397	1.22535	52.24893	397.59	m	8.722	0.725	A0	0.094
HD 148363	HIP 80286	245.83969	64.09362	397.6	m	8.552	0.555	K0	1.41
HD 69924	HIP 40688	124.59486	-24.6162	397.6	m	8.228	0.231	A0 V	0.027
HD 187092	HIP 97320	296.66474	35.86469	397.62	m	8.525	0.528	A0	0.03
HD 179270	HIP 94415	288.24554	-26.99957	397.62	m	8.966	0.969	G8 III	1.233
HD 121850	HIP 68283	209.6743	-34.95443	397.63	m	8.724	0.727	K3 III	1.58
HD 175785	HIP 92911	283.95518	30.31206	397.66	m	7.613	-0.385	A0	-0.038
HD 24321	HIP 18196	58.38542	35.06	397.66	m	8.807	0.809	B 8 V	0.114
HD 208434	HIP 108349	329.25931	-37.65878	397.67	m	7.275	-0.723	K2	1.596
HD 121451	HIP 68070	209.04886	-33.87612	397.68	m	8.732	0.734	K0 III	1.11
HD 7066	HIP 5463	17.48586	-58.80781	397.69	m	8.794	0.796	G8 IV	1.079
HD 44285	HIP 30177	95.24657	0.23956	397.7	m	7.964	-0.034	K3 III	1.561
HD 125781	HIP 70493	216.28042	-70.02966	397.71	m	8.426	0.428	K3/4 (V)	1.819
HIP 88717		271.66903	30.25949	397.73	m	8.93	0.932	K0	1.241
HD 237960	HIP 53754	164.96703	58.91409	397.74	m	8.838	0.84	K0	1.47
HD 50816	HIP 33331	103.98416	27.28586	397.77	m	7.194	-0.804	B9	-0.082
HD 126914	HIP 70740	216.99741	16.91877	397.8	m	8.703	0.705	K0	1.036
HD 5233	HIP 4295	13.75428	61.66242	397.81	m	8.433	0.435	B3V	0.058
HD 144833	HIP 79422	243.1402	-67.90596	397.81	m	8.814	0.816	G8 III/IV	1.097
HD 22351	HIP 16912	54.40934	43.55819	397.82	m	8.288	0.29	B9	0.088
HD 72340	HIP 42006	128.42681	37.11162	397.82	m	8.98	0.982	G5	1.193
HD 107743	HIP 60368	185.67546	20.14891	397.82	m	8.06	0.062	K2	1.499
HD 161381	HIP 87203	267.24115	-59.38622	397.82	m	8.31	0.312	B8 V	-0.026
HD 145465	HIP 79316	242.80903	-3.98903	397.83	m	8.307	0.308	K3 III	1.719
HD 73341	HIP 42161	128.92103	-52.32231	397.86	m	7.716	-0.283	M3/4 III	1.96
HD 223233	HIP 117359	356.93674	4.22995	397.89	m	7.588	-0.411	K4 III	1.782
HD 1226	HIP 1326	4.16589	11.93818	397.91	m	8.3	0.301	K2	1.548
HD 32663	HIP 23654	76.25429	2.64547	397.93	m	8.637	0.638	A0 V	0.02
HD 90545	HIP 51148	156.73055	-17.61104	397.93	m	8.944	0.945	K1 III	1.394
HD 51645	HIP 33545	104.57301	3.89579	397.93	m	7.179	-0.82	A8 V	1.592
HD 37525	HIP 26579	84.75622	-2.64899	397.97	m	8.058	0.059	B5 III	-0.106
HIP 6338		20.35949	19.01949	397.97	m	8.601	0.602	K5	1.723
HD 34577	HIP 24892	80.03419	35.78597	397.99	m	7.641	-0.358	M0	2.083
HD 84569	HIP 47835	146.25536	-42.26674	398	m	8.932	0.933	G8 III	1.185
HD 11084	HIP 8228	26.4912	-71.64443	398	m	8.902	0.903	K2 III	1.383
HD 130576	HIP 72655	222.84037	-59.50353	398.01	m	7.465	-0.534	M0 III	2.153
HD 58729	HIP 36212	111.8583	15.3164	398.01	m	7.584	-0.415	A 0 V	0.023
HD 197667	HIP 102314	310.95885	39.45962	398.04	m	7.825	-0.175	K0	1.139
HD 7582	HIP 5822	18.67269	-57.38398	398.06	m	7.551	-0.449	K3 III	1.618
HD 24267	HIP 17976	57.6446	-30.68995	398.09	m	7.177	-0.823	K4 III	1.823
HD 72396	HIP 41852	128.00081	-20.80271	398.09	m	8.799	0.799	K0 III	1.252
HD 263514	HIP 32465	101.63702	17.36695	398.12	m	8.889	0.889	K0	1.075
HD 155778	HIP 84449	258.97654	-46.33713	398.14	m	7.79	-0.21	AP SI	0.099
HD 154508	HIP 83528	256.06427	36.75301	398.15	m	7.862	-0.138	K2	1.45
HD 93336	HIP 52622	161.42101	-47.45981	398.17	m	6.877	-1.123	M3/4 III	1.858
HD 1944	HIP 1874	5.91838	-0.54139	398.17	m	8.728	0.728	G8 III	1.094
HD 2721	HIP 2405	7.66014	-27.93523	398.19	m	8.792	0.792	G8 III	1.223
HD 36813	HIP 26112	83.5228	-6.8381	398.2	m	8.515	0.515	A0 III	0.069
HD 145513	HIP 79168	242.37526	43.11013	398.2	m	8.531	0.53	G5	1.258
HD 268184	HIP 33910	105.56668	12.57756	398.26	m	8.671	0.67	K0	0.915
HD 3101	HIP 2685	8.52237	-32.28554	398.27	m	8.224	0.223	M3 III	1.715
HD 25647	HIP 18985	61.00931	-4.60052	398.29	m	7.492	-0.509	M1 III	1.998
HD 35358	HIP 24893	80.03551	-61.16799	398.3	m	8.022	0.021	K0 III	1.444
HD 43776	HIP 29948	94.57006	3.98452	398.32	m	7.49	-0.511	K0 III	1.508
HD 93076	HIP 52592	161.30936	21.20462	398.32	m	8.588	0.587	G5	1.083
HD 20040	HIP 15217	49.04504	60.11595	398.33	m	7.636	-0.365	K0	0.991
HD 69659	HIP 41210	126.13997	74.43801	398.34	m	8.757	0.756	K2	1.416
HD 120809	HIP 67730	208.11991	-36.83562	398.36	m	8.057	0.056	M0 III	1.861
HD 78611	HIP 44922	137.26649	-5.96134	398.38	m	8.643	0.642	A2/3 V	0.103
HD 73794	HIP 42310	129.39744	-56.26208	398.39	m	8.934	0.932	G8 III	1.169
HD 205350	HIP 106435	323.36941	42.97186	398.4	m	8.083	0.081	A0	-0.023
HD 62611	HIP 37513	115.48889	-54.41773	398.41	e	8.798	0.796	B9.5 V	0.056
HD 197075	HIP 102031	310.14909	21.92704	398.41	e	7.351	-0.651	B9	-0.042
HD 196884	HIP 101967	309.96771	13.41966	398.41	m	7.28	-0.722	K2	1.778
HD 40557	HIP 28207	89.39986	-41.10481	398.43	m	7.885	-0.117	B9 V	0.057
HD 194709	HIP 100757	306.42539	37.14519	398.43	m	8.494	0.492	K2	1.232
HD 170196	HIP 90927	278.22082	-65.26159	398.44	m	7.805	-0.197	B9 III	-0.031
HD 155246	HIP 83184	255.01874	78.09906	398.46	m	7.28	-0.722	K2	1.814
HD 154297	HIP 83773	256.82691	-51.00134	398.46	m	8.404	0.402	G6/8 III	1.343
HD 17363	HIP 13038	41.88845	18.51037	398.47	m	8.08	0.078	K5	1.829
HD 12351	HIP 9542	30.66297	53.07943	398.47	m	8.434	0.432	A0	0.08
HIP 81544		249.82439	74.89732	398.5	m	8.973	0.971	K0	1.186
HD 235517	HIP 106020	322.10185	50.98941	398.51	m	8.84	0.838	K0	1.086
HD 156297	HIP 84415	258.86625	32.10293	398.52	m	8.591	0.589	A2	0.126
HD 62764	HIP 38044	116.97881	48.42389	398.54	m	8.934	0.932	K0	1.242
HD 131168	HIP 72843	223.34215	-45.85575	398.55	m	7.073	-0.929	B2/3 VNNE	-0.14
HD 41638	HIP 29072	91.98929	34.16374	398.56	m	7.797	-0.205	B9	-0.019
HIP 24139		77.76271	73.04287	398.57	m	8.663	0.66	F0	0.385
HIP 92702		283.34053	37.59506	398.6	m	8.877	0.874	K0III	1.087
HD 11169	HIP 8516	27.46677	7.873	398.64	m	8.43	0.427	K0	1.404
HD 18685	HIP 14118	45.52078	48.4437	398.65	m	8.605	0.602	K5	1.966
HD 117540	HIP 66056	203.13328	-62.34423	398.67	m	8.132	0.129	B9 IV	0.078
HD 49013	HIP 32514	101.78149	17.11995	398.72	m	7.672	-0.331	B9	-0.113
HD 78917	HIP 45148	137.97997	35.48211	398.72	m	7.717	-0.286	K5	1.757
HD 201912	HIP 104643	317.95222	29.71168	398.73	m	6.811	-1.192	B5	-0.16
HD 16921	HIP 12431	40.00353	-62.15247	398.73	m	8.091	0.088	K3 III	1.494
HD 149731	HIP 81103	248.47883	53.93362	398.75	m	8.932	0.929	K0	1.28
HD 81141	HIP 45815	140.12573	-66.48913	398.8	m	8.015	0.011	AP SI	0.025
HD 77937	HIP 44546	136.14353	-27.08852	398.8	m	8.187	0.183	B9 V	-0.007
HD 37961	HIP 26738	85.21847	-29.72073	398.82	m	7.118	-0.886	G8 III	1.105
HD 66411	HIP 39460	120.98228	16.64531	398.84	m	8.755	0.751	A5	0.277
HD 104615	HIP 58732	180.69919	-47.07293	398.9	m	8.404	0.4	K3 III	1.824
HD 168794	HIP 89814	274.94098	39.09145	398.9	m	8.075	0.071	A0	-0.019
HD 239185	HIP 96927	295.54715	59.84214	398.91	m	8.801	0.797	G5	0.994
HD 79479	HIP 45363	138.67079	11.4968	398.93	m	8.01	0.006	K2	1.636
HD 6612	HIP 5270	16.84416	38.0289	398.96	m	7.129	-0.876	B9	-0.053
HD 9649	HIP 7341	23.6456	0.23262	398.99	m	8.017	0.012	K2 III	1.495
HD 150313	HIP 81822	250.69757	-50.46564	399.01	m	8.976	0.971	B8 V	0.108
HD 29560	HIP 21481	69.19611	-49.17149	399.05	m	8.813	0.808	K0 III	1.324
HD 181594	HIP 94872	289.59657	53.39333	399.06	m	8.168	0.163	A0	0.032
HD 70084	HIP 40662	124.50477	-47.09187	399.06	m	7.019	-0.986	B5 II/III	-0.159
HD 206367	HIP 107064	325.26316	22.19481	399.06	m	7.564	-0.441	M2III	1.901
HD 69624	HIP 40446	123.87594	-49.05014	399.07	m	8.385	0.38	B7 V	0.066
HD 176052	HIP 93024	284.26333	32.13875	399.09	m	8.403	0.398	B8	0.018
HD 69234	HIP 40414	123.75367	-29.06778	399.1	m	8.953	0.948	A0 V	0.049
HD 71639	HIP 41584	127.17722	6.12508	399.1	m	8.717	0.712	K0	1.259
HD 130484	HIP 72428	222.14531	-1.11753	399.11	m	8.801	0.796	A9 V	0.355
HD 89915	HIP 50717	155.33284	-51.74133	399.11	m	7.827	-0.178	B9/A0 V	-0.02
HD 40591	HIP 28381	89.93089	-2.33579	399.12	m	8.636	0.631	B9 IV/V	-0.024
HD 204920	HIP 106216	322.70281	37.96646	399.12	m	7.8	-0.206	A2	0.232
HD 14343	HIP 11341	36.48022	79.57635	399.12	m	8.201	0.195	K2	1.521
HD 103936	HIP 58370	179.53196	-55.5317	399.12	m	8.75	0.744	G3/5 III	0.883
HD 175172	HIP 92651	283.17849	35.47955	399.13	m	7.655	-0.351	K2	1.851
HD 109045	HIP 61179	188.03667	-56.12954	399.17	m	6.73	-1.276	K5 III	1.991
HD 111532	HIP 62640	192.54422	-37.48138	399.17	m	7.718	-0.288	K4 III	1.809
HD 62697	HIP 37824	116.3274	-0.43823	399.19	m	7.992	-0.014	A0 V	0.037
HD 71833	HR 3345|HIP 41603	127.22262	-20.9504	399.19	m	6.672	-1.334	B8 II	-0.076
HIP 19092		61.40281	48.20269	399.19	m	8.405	0.399	K5	2.065
HD 44692	HIP 30559	96.35905	46.53365	399.2	m	7.816	-0.19	A0	0.047
HIP 8000		25.68411	41.31289	399.21	m	8.925	0.919	K 2 V	1.246
HD 173074	HIP 91855	280.90572	-1.55902	399.23	m	7.42	-0.586	M2 III	2.254
HD 142682	HIP 78000	238.92196	5.70863	399.23	m	8.677	0.671	K5	1.926
HD 136886	HIP 75278	230.6993	9.59883	399.23	m	8.284	0.278	K2	1.608
HD 12204	HIP 9300	29.87932	-13.87246	399.23	m	7.031	-0.975	M2 III	1.858
HD 88797	HIP 49935	152.94336	-69.70187	399.24	m	8.766	0.76	B9.5 V	0.098
HD 22367	HIP 16457	53.00297	-65.64542	399.25	m	8.377	0.371	K2 III	1.502
HD 177827	HIP 93306	285.07242	70.73327	399.26	m	8.908	0.902	A2	0.16
HD 64446	HIP 38720	118.91071	40.30014	399.27	m	8.078	0.072	K0	1.401
HD 90510	HIP 51205	156.88809	33.04152	399.27	m	8.131	0.125	K 0 III	1.31
HD 24300	HIP 18182	58.34298	35.55293	399.3	m	8.699	0.693	B 6 V	0.027
HIP 80692		247.13695	39.77667	399.34	m	8.927	0.92	F8	0.939
HD 148194	HIP 80328	245.99035	50.2028	399.34	m	8.279	0.272	K0	1.644
HD 124431	HIP 69560	213.58371	-30.19148	399.36	m	8.779	0.772	A3 IV/V	0.186
HD 198611	HIP 102796	312.38793	50.78318	399.36	m	7.446	-0.561	K5	2.123
HD 37903	HIP 26816	85.40995	-2.25902	399.36	m	7.859	-0.148	B3 IV	0.087
HIP 35616		110.24315	22.58547	399.38	m	8.981	0.974	K0	1.689
HD 61149	HIP 37168	114.5649	11.11756	399.38	m	8.505	0.498	A0	0.109
HD 37475	HIP 26699	85.10879	34.54943	399.38	m	7.862	-0.145	K0	1.215
HD 213497	HIP 111176	337.83894	26.27407	399.38	m	8.581	0.574	K2	1.478
HD 29628	HIP 21570	69.46271	-44.78151	399.39	m	8.825	0.818	G8 III	1.242
HD 122767	HIP 68660	210.81553	24.59746	399.4	m	8.104	0.097	K3III	1.568
HD 173792	HIP 92361	282.35187	-46.33085	399.42	m	8.785	0.778	G8 III	1.14
HD 27760	HIP 20513	65.93407	22.9648	399.43	m	7.232	-0.775	M1	2.18
HD 49692	HIP 32272	101.05985	-67.70261	399.44	m	8.836	0.829	B9.5 V	0.037
HD 188245	HIP 98089	299.01588	-43.66991	399.45	m	8.753	0.746	K0 III	1.222
HD 222472	HIP 116828	355.1803	55.14908	399.48	m	7.63	-0.377	B9	0.043
HD 120950	HIP 67662	207.94624	39.66942	399.49	m	7.661	-0.347	M3	1.655
HD 151108	HIP 82131	251.67313	-32.9476	399.51	m	8.043	0.035	A0 IV	0.193
HD 127097	HIP 70926	217.56397	-33.61903	399.53	m	7.848	-0.16	K1 III	1.329
HD 122729	HIP 68545	210.48602	56.31389	399.54	m	8.938	0.93	K0	1.067
8 Sex	HD 85762|HIP 48552	148.52793	4.94541	399.54	m	6.887	-1.121	K5	1.901
HD 142230	HIP 77826	238.37255	-1.94998	399.55	m	8.528	0.52	K5 III	2.001
HD 89416	HIP 50557	154.91201	22.50662	399.55	m	8.52	0.512	G5	1.368
HD 73303	HIP 42183	129.00929	-44.39624	399.56	m	8.884	0.876	B9 V	-0.018
HD 125292	HIP 70271	215.66136	-73.55597	399.57	m	8.239	0.231	A0 V	0
HD 114190	HIP 64143	197.18225	22.97157	399.57	m	8.99	0.982	K0	1.153
HD 147748	HIP 80110	245.28539	51.48856	399.59	m	8.071	0.063	G5	1.488
HD 42707	HIP 29501	93.24284	20.07049	399.62	m	8.481	0.473	A5	0.404
HD 57336	HIP 34554	107.37717	-79.43198	399.63	m	7.829	-0.179	A0 IV	0.182
HD 170673	HIP 90696	277.5675	11.1964	399.64	m	8.087	0.079	A0	0.028
HD 45889	HIP 30918	97.33883	-17.81313	399.64	m	8.066	0.058	A0 V	0.085
HD 109638	HIP 61536	189.10814	-43.48849	399.65	m	7.781	-0.227	K3 III	1.717
HD 44764	HIP 30206	95.3306	-44.7736	399.69	m	8.77	0.761	A1 V	0.095
HD 76305	HR 3548|HIP 43673	133.4615	-40.44754	399.69	m	6.551	-1.458	K0 II/III	1.079
HD 69347	HIP 40353	123.58417	-50.36606	399.72	m	8.809	0.8	B9 V	-0.035
HD 33292	HIP 23927	77.13013	-18.11965	399.73	m	7.721	-0.288	K4 III	1.832
HD 103077	HIP 57861	178.01718	-49.40114	399.74	m	6.97	-1.039	B5 V	-0.117
HD 215025	HIP 112016	340.34533	50.09263	399.74	m	7.905	-0.104	A0	0.037
HD 31745	HIP 23007	74.23052	-33.4636	399.77	m	8.856	0.847	G8/K0 III	1.214
HD 213181	HIP 111044	337.43988	-11.71429	399.77	m	8.726	0.717	K1 III	1.356
HD 10332	HIP 7989	25.65352	60.54804	399.78	m	7.115	-0.894	K1III	1.561
HD 203570	HIP 105780	321.35113	-58.93798	399.79	m	8.312	0.303	K1 III	1.34
HD 91919	HIP 51911	159.07833	-32.83104	399.81	m	8.647	0.638	A6 V	0.258
HD 197328	HIP 102118	310.42326	38.23944	399.82	m	8.116	0.107	K2	1.526
HD 67277	HIP 39438	120.92351	-60.90756	399.85	m	8.259	0.25	B8 III	-0.017
HD 339916	HIP 99964	304.22749	26.38428	399.87	m	8.957	0.947	K0	1.252
HD 209242	HIP 108824	330.69766	-39.65617	399.89	m	7.97	-0.04	K2 III	1.561
HD 209820	HIP 109140	331.61838	-14.08761	399.89	m	8.965	0.955	K0 (III)	1.164
HD 65623	HIP 38740	118.96729	-62.3468	399.9	m	8.953	0.943	B9/A0 V	0.084
HD 221375	HIP 116176	353.09485	-74.20166	399.91	m	8.124	0.114	M4/5 III	1.772
HD 78786	HIP 44852	137.0765	-48.13752	399.92	m	8.563	0.553	G8 III	1.19
HD 127590	HIP 71166	218.33183	-37.24156	399.94	m	8.251	0.241	K3 III	1.666
HD 44253	HIP 30229	95.39864	19.89205	399.94	m	7.383	-0.627	G5	1.251
HD 41808	HIP 29017	91.84731	3.09168	399.95	m	7.803	-0.207	B8/9 Ib/II	-0.046
HD 223127	HIP 117381	357.00172	-82.41171	399.95	m	8.569	0.559	F3 IV	0.581
HD 31334	HIP 22599	72.93287	-55.6173	399.95	m	8.883	0.873	K0 III/IV	1.249
HD 142215	HIP 77861	238.48436	-18.95092	399.95	m	7.804	-0.206	M2/3 III	2.033
HD 145963	HIP 79587	243.56772	-16.54077	399.98	m	8.574	0.564	K3 III	1.882
HD 116754	HIP 65499	201.36724	16.55178	399.98	m	8.682	0.672	G5	0.986
HD 87020	HIP 49128	150.40668	-30.80283	400	m	8.939	0.929	K1 III	1.35
HIP 31735		99.59223	80.1958	400	m	8.951	0.941	K0	1.463
HD 127618	HIP 71085	218.05407	4.14232	400.01	m	7.467	-0.543	M1 III	1.879
HD 105548	HIP 59246	182.30389	17.18609	400.03	m	7.423	-0.587	M1III	1.961
HD 72236	HIP 41945	128.26568	37.08812	400.04	m	8.888	0.877	K0	1.016
HD 167188	HIP 89782	274.83306	-67.3282	400.07	m	8.263	0.252	K3 III	1.621
HD 13462	HIP 10161	32.66685	-38.36718	400.1	m	8.116	0.105	K2/3 III	1.648
HD 81245	HIP 46252	141.4425	39.34734	400.11	m	8.809	0.798	K0	1.091
HD 200417	HIP 103960	315.96078	-19.61836	400.11	m	8.83	0.819	G8/K0 III	1.103
HD 11950	HIP 9226	29.64785	48.43282	400.13	m	8.983	0.972	B9	0.083
HD 93171	HIP 52576	161.26654	-29.68345	400.13	m	7.816	-0.195	K3 III	1.68
HD 158081	HIP 85849	263.15004	-68.06764	400.15	m	8.585	0.574	A1 V	0.121
HD 194299	HIP 100372	305.3395	63.43169	400.16	m	7.123	-0.888	M0III	1.999
HD 190775	HIP 99118	301.8371	-19.57253	400.17	m	8.436	0.425	K0 III	1.248
HD 131373	HIP 72946	223.6245	-40.36178	400.18	m	8.723	0.712	G6 III	1.007
HD 203601	HIP 105564	320.71106	19.08052	400.2	m	8.418	0.407	G5	1.135
HD 115846	HIP 65181	200.36972	-67.53687	400.21	m	7.017	-0.994	B3 IV	-0.062
HD 118101	HIP 66265	203.71115	-10.60585	400.22	m	8.932	0.921	K0 III	1.265
HD 236669	HIP 5776	18.52943	56.01301	400.22	m	8.13	0.119	K5	1.748
HD 116044	HIP 65079	200.09649	45.10937	400.23	m	8.754	0.742	G 8 IV	1.082
HD 154516	HIP 83636	256.38737	10.99482	400.26	m	8.771	0.759	K0	1.232
HD 26398	HIP 19529	62.76415	16.64698	400.28	m	7.023	-0.989	B8	0.349
HD 128354	HIP 71451	219.17922	-11.64332	400.28	m	8.419	0.407	B8 V	0.027
HD 71794	HIP 41686	127.46519	15.53588	400.28	m	8.083	0.071	A2	0.132
HD 71432	HIP 41448	126.81534	-3.52549	400.28	m	7.863	-0.149	A0 V	0.066
HD 6620	HIP 5196	16.6124	-36.93545	400.29	m	8.72	0.708	G8 III	1.022
HD 156709	HIP 85138	260.99008	-65.70214	400.3	m	6.613	-1.399	B5 V	-0.081
HD 82332	HIP 46745	142.9126	15.77012	400.3	m	7.807	-0.205	K0	1.377
HD 50792	HIP 33279	103.83285	15.67923	400.33	m	8.537	0.525	A2	0.193
HD 164576	HIP 88285	270.42743	4.67786	400.34	m	8.944	0.932	K1 (III)	1.421
HD 112692	HIP 63852	196.2927	-85.36963	400.34	m	8.763	0.751	K1 III	1.45
HD 13814	HIP 10408	33.52263	-20.53532	400.34	m	8.994	0.982	G8/K0 III	1.21
HIP 86657		265.58805	23.47038	400.37	m	8.694	0.682	K0	1.395
HD 36594	HIP 25913	82.95998	-23.93548	400.38	m	8.784	0.772	B9.5 V	-0.042
HD 81580	HIP 46349	141.7493	18.03728	400.4	m	8.354	0.342	G5	1.064
HD 201306	HIP 104250	316.81223	44.67409	400.43	m	7.422	-0.591	B9	-0.097
HD 212470	HIP 110569	335.98496	31.26175	400.45	m	7.218	-0.795	M2	1.811
HD 38199	HIP 27189	86.44956	37.65898	400.45	m	7.735	-0.278	M1	1.997
HD 76957	HIP 43887	134.10446	-61.87823	400.46	m	8.352	0.339	K2 III	1.512
HD 184268	HIP 96274	293.64143	-23.85883	400.46	m	6.685	-1.328	K4/5 III	2.027
HD 14634	HIP 11010	35.45396	0.97002	400.48	m	7.436	-0.577	K0 III	1.876
HD 352680	HIP 101689	309.17468	18.27609	400.49	m	8.748	0.735	K0	1.29
HD 142133	HIP 77959	238.82221	-52.64205	400.53	m	8.817	0.804	K1 III	1.426
HD 92731	HIP 52408	160.69807	17.12469	400.53	m	8.976	0.963	K0	1.046
HD 29909	HIP 22345	72.16897	70.52688	400.57	m	7.554	-0.459	G5	1.238
HD 34450	HIP 25322	81.24757	73.7072	400.58	m	6.683	-1.33	M 0.5III	2.074
HD 32836	HIP 23814	76.77146	26.99592	400.58	m	7.8	-0.213	F5V,A	0.958
HD 162163	HIP 87244	267.39127	0.90623	400.59	m	7.805	-0.209	M1 III	2.348
HD 90090	HIP 50968	156.16053	35.00656	400.61	m	8.814	0.8	K0	1.317
HD 208942	HIP 108566	329.88221	10.57648	400.62	m	7.176	-0.838	K5	1.911
HD 199454	HIP 103419	314.3035	5.08039	400.62	m	8.375	0.361	B8/9 IV/V	0.078
HD 100003	HIP 56104	172.50309	-44.69074	400.63	m	7.619	-0.395	K5 III	1.865
HD 210917	HIP 109808	333.61306	-37.79254	400.64	m	8.94	0.926	K1 IV	1.41
HD 89494	HIP 50471	154.58841	-52.33161	400.64	m	7.739	-0.275	K2/3 III	1.705
HD 44204	HIP 29953	94.58173	-43.69575	400.65	m	8.95	0.936	K1 III	1.271
HD 27366	HIP 19944	64.16397	-51.60185	400.67	m	8.204	0.19	K2 III	1.561
HD 6761	HIP 5344	17.09099	9.9082	400.69	m	6.906	-1.108	M0	1.972
HD 239795	HIP 108111	328.55952	59.44246	400.7	m	8.885	0.871	G5	1.271
HD 122005	HIP 67937	208.68918	76.26435	400.73	m	8.747	0.733	K0	1.119
HD 91917	HIP 51927	159.10568	-26.73274	400.73	m	7.8	-0.214	B5/7 V	-0.118
HD 59196	HIP 36177	111.76138	-39.84695	400.74	m	8.679	0.665	A1 V	0.243
HD 44321	HIP 30176	95.24283	-6.69197	400.77	m	7.586	-0.428	B9 IV/V	-0.042
HD 5726	HIP 4551	14.55841	-43.34436	400.78	m	8.826	0.811	G8 III	1.182
HD 31788	HIP 23083	74.51719	-16.18521	400.8	m	8.043	0.028	A1 IV/V	0.106
HD 89576	HIP 50613	155.07934	7.68902	400.8	m	8.949	0.934	K2	1.501
HD 54772	HIP 34477	107.18499	-34.06012	400.82	m	8.903	0.888	A0 V	0.063
HD 141101	HIP 78250	239.64834	-80.75569	400.83	m	8.111	0.096	K2 III	1.871
HD 34409	HIP 25156	80.74943	69.40127	400.86	m	8.476	0.461	F2	0.433
HD 199852	HIP 103623	314.92619	4.27265	400.87	m	8.643	0.628	K2/3 III	1.708
HD 145654	HIP 79416	243.11753	-10.48222	400.87	m	8.696	0.681	K4 III	2.095
HD 190899	HIP 99544	303.02352	-69.20845	400.89	m	8.632	0.617	G6 III	1.039
HD 160951	HIP 86549	265.30709	35.73827	400.91	m	8.22	0.205	K0	1.583
HD 175083	HIP 92632	283.11433	29.52136	400.91	m	8.321	0.306	A0	0.152
HD 148093	HIP 80301	245.89235	48.05269	400.92	m	8.638	0.623	K0	1.369
HD 2956	HIP 2585	8.20645	-0.44567	400.92	m	8.762	0.747	G6/8 IV	1.22
HD 140286	HIP 77101	236.15153	-44.04927	400.93	m	7.998	-0.017	G8 III	1.161
HD 49909	HIP 32896	102.81205	15.07651	400.95	m	7.503	-0.512	K5	1.964
HD 210289	HR 8445|HIP 109272	332.06785	49.79699	400.97	m	6.579	-1.437	K5	1.891
HD 99970	HIP 56103	172.49784	-17.88594	400.98	m	7.872	-0.144	K0/1 III	1.438
HD 201307	HIP 104348	317.09598	13.42327	400.99	m	8.072	0.056	K0	1.632
HD 111137	HIP 62399	191.82481	-12.27894	401	m	7.486	-0.53	K1 III	1.616
HD 8008	HIP 6248	20.03956	39.09352	401.05	m	8.451	0.435	G5	1.038
HD 27769	HIP 20280	65.20277	-47.25111	401.05	m	8.913	0.897	G8/K0 III	1.113
HD 185528	HIP 96612	294.6258	25.97873	401.05	m	7.979	-0.037	A3	0.273
HD 143625	HIP 78694	240.96963	-50.84004	401.06	m	7.891	-0.125	B8 IV/V	0.135
HD 40939	HIP 28430	90.06098	-37.61648	401.08	m	8.427	0.411	K1 III	1.463
HD 163311	HIP 87735	268.82032	5.70423	401.09	m	7.447	-0.569	K2	2.015
HD 36263	HIP 25826	82.71562	10.25437	401.11	m	7.897	-0.119	B 3 VN	-0.072
HD 95618	HIP 53986	165.65949	36.33681	401.11	m	8.429	0.413	G5	1.008
HD 152801	HIP 82641	253.39136	43.39109	401.11	m	8.909	0.893	G5	0.924
HIP 33763		105.18375	67.83313	401.14	m	8.915	0.899	K0	1.395
HD 182636	HIP 95434	291.18675	23.61559	401.15	m	8.456	0.439	G5	1.384
HD 16715	HIP 12409	39.94557	-35.02431	401.16	m	7.484	-0.533	K3 III	1.698
HD 138484	HIP 76066	233.02484	8.40337	401.19	m	8.886	0.869	G5	1.243
HD 110003	HIP 61755	189.84625	-45.45766	401.21	m	8.526	0.509	K2 III	1.658
HD 70102	HIP 40509	124.06161	-64.50616	401.21	m	8.88	0.863	B9 V(N)	0.037
HD 211704	HIP 110165	334.71623	7.3509	401.21	m	8.549	0.532	K5	2.003
HD 24766	HIP 18294	58.68487	-38.03904	401.22	m	8.968	0.951	G8/K0 III	1.204
HD 197036	HR 7912|HIP 101934	309.84636	45.66691	401.24	m	6.595	-1.422	B 2 V	-0.078
HD 75138	HIP 43224	132.07627	0.55502	401.26	m	7.403	-0.614	K4 III	1.801
HD 65578	HIP 38739	118.9609	-61.1692	401.33	m	8.158	0.141	B8 V	0.04
HD 97777	HIP 54965	168.83575	26.45007	401.33	m	8.539	0.521	G8III	1.096
HD 224569	HIP 118244	359.75655	-69.65432	401.33	m	8.316	0.298	K3 III	1.677
HD 29372	HIP 21754	70.06137	51.10715	401.34	m	8.48	0.462	K0	1.602
HD 135095	HIP 74688	228.95311	-57.01397	401.35	m	8.595	0.577	K2 III	1.59
HD 3961	HIP 3325	10.59415	22.83238	401.35	m	8.331	0.313	K0	1.131
HD 95197	HIP 53689	164.77669	-34.36803	401.39	m	7.887	-0.131	K1 III	1.366
HD 22991	HIP 18209	58.40821	81.54847	401.4	m	8.082	0.064	G5	1.075
HD 14852	HIP 11091	35.70998	-32.33596	401.4	m	8.939	0.921	G8/K0 III	1.103
HD 117263	HIP 65757	202.20938	28.28586	401.41	m	8.941	0.923	K0	1.205
HD 200047	HIP 103695	315.18635	9.99584	401.42	m	7.654	-0.364	A0	0.035
HD 156693	HIP 85069	260.77979	-61.72922	401.43	m	8.167	0.149	B9/9.5 II/III	-0.02
HD 152832	HIP 82849	253.97242	-1.15259	401.45	m	8.834	0.816	A7 + G8/K0 (III)	1.104
HD 127661	HIP 70887	217.4428	63.99166	401.46	m	8.633	0.615	K5	1.55
HD 95633	HIP 53874	165.3323	-56.76715	401.47	m	8.021	0.003	B9.5 V	0.011
HD 189016	HIP 98126	299.14743	36.31999	401.48	m	7.898	-0.12	B9	-0.078
HD 35651	HIP 25149	80.72425	-56.81634	401.5	m	7.884	-0.134	K4 III	1.779
HD 133158	HIP 73515	225.38153	42.63995	401.5	m	8.976	0.958	G5	1.133
HD 17048	HIP 12760	40.99822	-9.17684	401.52	m	8.973	0.954	G8/K0 III	1.224
HD 216928	HIP 113268	344.04484	56.45045	401.53	m	7.262	-0.757	B9	0.06
HD 41562	HIP 29032	91.87916	35.70183	401.58	m	8.511	0.492	K0	1.553
HD 70386	HIP 41143	125.91103	46.79425	401.59	m	8.873	0.854	G5	1.212
HD 73766	HIP 42489	129.93232	-9.58695	401.6	m	8.027	0.008	M4 III	1.632
HD 79340	HIP 45341	138.59789	29.94478	401.6	m	8.146	0.127	G5	1.085
HD 17480	HIP 13206	42.49034	48.80219	401.61	e	8.326	0.307	A2	0.824
HD 119222	HIP 66917	205.70811	-44.1909	401.61	m	7.001	-1.018	B6 III	-0.117
HD 47930	HIP 32284	101.10278	56.93302	401.62	m	7.101	-0.918	M2III	1.968
HD 93207	HIP 52534	161.11204	-61.36358	401.62	m	8.545	0.526	B9 V	0.005
HD 37806	HIP 26752	85.25955	-2.71687	401.63	m	7.931	-0.088	B9/9.5 II/III	0.035
HD 186717	HIP 97169	296.24794	29.76212	401.67	m	8.857	0.838	A0	0.049
HD 130287	HIP 72592	222.64234	-66.25935	401.67	m	7.649	-0.37	B5 IV	-0.048
HD 169509	HIP 90000	275.45202	55.12985	401.69	m	7.652	-0.367	K5	1.852
HD 65656	HIP 38924	119.47718	-41.64121	401.69	m	7.511	-0.508	B7 IV/V	-0.11
HD 200843	HIP 104080	316.29638	26.75576	401.72	m	8.198	0.178	A2	0.032
HD 226502	HIP 97987	298.70437	35.00553	401.72	m	8.633	0.613	F8	0.77
HD 75785	HIP 43555	133.06099	6.90877	401.75	m	8.652	0.632	K	1.299
HD 137976	HIP 75858	232.43214	-16.84121	401.76	m	8.69	0.67	A2/3 V + G8 III	0.775
HD 112559	HIP 63152	194.10797	65.99439	401.76	m	6.891	-1.129	N	4.356
HD 627	HIP 876	2.69321	58.76952	401.76	m	8.29	0.27	B 7 V	0.121
HD 174432	HIP 92214	281.90469	53.40173	401.79	m	8.796	0.776	A2	0.142
HD 180699	HIP 94859	289.54559	-18.8638	401.8	m	6.968	-1.052	B5 V	-0.024
HD 96923	HIP 54544	167.42659	15.12802	401.82	m	8.665	0.645	K0	1.177
HD 141297	HIP 77575	237.56848	-47.02395	401.83	m	7.84	-0.18	K1 II/IIICNIB	1.419
HIP 107429		326.3777	40.42527	401.84	m	8.942	0.922	K0	1.187
HD 184723	HIP 96342	293.80602	14.48754	401.86	m	8.47	0.45	A2	0.449
HD 109669	HIP 61531	189.09461	-0.29341	401.88	m	8.718	0.698	G8 IV	1.206
HD 183793	HIP 95987	292.77171	2.01174	401.9	m	6.682	-1.339	G8 IIICNII	1.742
HD 132572	HIP 73442	225.12671	-22.84934	401.9	m	7.897	-0.124	M2 III	1.948
HD 187312	HIP 97703	297.84009	-45.85584	401.94	m	8.898	0.877	G8 III	1.253
HD 204276	HIP 105886	321.67742	31.90668	401.97	m	8.457	0.436	A2	0.013
HD 257615	HIP 30752	96.92948	11.75566	401.99	m	8.771	0.75	K0	1.165
HD 24129	HIP 18160	58.24328	51.05082	402.01	m	7.907	-0.114	B9II	0.129
HD 64842	HIP 38629	118.65192	-31.62931	402.02	m	8.939	0.918	G8 III	1.181
HD 184847	HIP 96324	293.77194	33.55605	402.04	m	8.194	0.173	G5	1.189
HD 172205	HIP 91593	280.19123	-39.08737	402.07	m	8.971	0.949	K1 III	1.236
HD 108298	HIP 60698	186.60212	39.88908	402.08	m	8.666	0.644	K1IV	1.475
HD 169354	HIP 89957	275.31286	53.40817	402.09	m	8.386	0.364	A2	0.274
HD 20445	HIP 15302	49.34706	-0.15981	402.11	m	8.593	0.571	F0 V	0.349
HD 146957	HIP 80178	245.51305	-57.56751	402.11	m	8.416	0.394	B9 IV	0.083
HD 78679	HIP 44867	137.1266	-33.6876	402.11	m	8.993	0.971	K0 III	1.269
HD 86289	HIP 48669	148.88867	-58.7408	402.11	m	7.601	-0.421	B8 II	-0.068
HD 92621	HIP 52356	160.49858	18.41427	402.11	m	8.717	0.695	K0	1.149
HD 164050	HIP 88246	270.29714	-40.33553	402.12	m	7.766	-0.256	B8 V	-0.084
HD 125063	HIP 69842	214.408	-20.75807	402.14	m	8.947	0.925	A6/8 (V)	1.315
HD 78449	HIP 45029	137.57579	52.38491	402.15	m	8.346	0.324	A5	0.397
HD 3853	HIP 3178	10.12623	-55.51148	402.17	m	7.643	-0.379	K3 IIICNIV	1.663
HD 213089	HIP 110888	336.97559	51.57567	402.19	m	7.576	-0.446	A0	0.055
HD 56997	HIP 35348	109.51848	-30.45325	402.19	m	8.253	0.231	B9 V	-0.039
HD 55945	HIP 35225	109.20319	37.24814	402.2	m	8.747	0.725	G 8 III	1.559
HD 180313	HIP 94547	288.65037	36.16559	402.22	m	7.872	-0.15	B9	0.017
HD 24924	HIP 18519	59.39807	-1.97488	402.24	m	8.955	0.933	K1 III	1.572
HD 2146	HIP 1994	6.31224	-58.26566	402.25	m	8.943	0.921	G8/K0 III	1.243
HD 136175	HIP 74881	229.5473	31.64706	402.27	m	7.821	-0.202	B7V	-0.038
HD 81970	HIP 46406	141.95052	-41.6175	402.28	m	8.965	0.942	K3 III	1.589
HD 147008	HIP 80004	244.96664	-14.64312	402.3	m	8.515	0.492	M4 III	1.919
HD 26750	HIP 19717	63.37343	-10.38716	402.31	m	7.542	-0.481	M4 III	1.716
HD 18361	HIP 13696	44.09534	-24.30345	402.34	m	8.636	0.613	K0 II	1.252
HD 24532	HIP 18415	59.05244	46.95229	402.34	m	8.982	0.959	B9	0.15
HD 65949	HIP 120402	119.44865	-60.60971	402.36	m	8.296	0.273	B8/9	-0.003
HD 114571	HIP 64491	198.28323	-70.15168	402.36	m	8.868	0.845	B8 V	0.039
HD 78205	HIP 44573	136.2235	-51.97611	402.36	m	8.452	0.429	B9 V	-0.067
HD 66032	HIP 39262	120.42919	-0.03536	402.37	m	8.991	0.968	K0 III	1.259
HD 191516	HIP 99375	302.5519	3.66351	402.41	m	8.778	0.755	A8/9 V	0.36
HD 209315	HIP 108883	330.84641	-38.75332	402.41	m	8.887	0.864	G8 III/IV	1.157
HD 87996	HIP 49704	152.20139	6.71755	402.42	m	8.605	0.582	B9	-0.12
HD 108316	HIP 60693	186.58415	54.58868	402.43	m	7.719	-0.304	K2	1.895
HD 31945	HIP 23034	74.29972	-48.97347	402.44	m	8.741	0.717	G8/K0 (III)	1.072
HD 201084	HIP 104363	317.13412	-33.53255	402.46	m	8.319	0.295	K1 III	1.448
HD 71077	HIP 41151	125.94891	-42.03387	402.48	m	7.439	-0.585	B8/9 V	-0.046
HD 105084	HIP 59009	181.49785	-55.04357	402.48	m	8.554	0.53	K2 IV/V	1.762
HD 69282	HIP 40336	123.53704	-49.23443	402.5	m	8.198	0.174	B8 V	-0.085
HD 544	HIP 806	2.48797	4.1661	402.51	m	8.624	0.6	K1/2 III	1.435
HD 48207	HIP 32358	101.31016	53.08607	402.52	m	7.218	-0.806	K5	1.898
HD 192966	HIP 100913	306.90413	-79.39344	402.52	m	8.49	0.466	K2 III	1.686
HD 91078	HIP 51447	157.60505	-23.85132	402.56	m	8.492	0.468	A0 V	0.029
HD 76954	HIP 44019	134.47234	-42.52498	402.57	m	7.848	-0.176	B8/9 III	-0.117
HD 74943	HIP 43143	131.81357	7.60935	402.57	m	7.3	-0.724	K2	1.828
HD 37392	HIP 26270	83.91461	-49.75159	402.6	m	8.678	0.654	G8 III	1.122
HD 27708	HIP 20401	65.51535	-9.95191	402.61	m	8.363	0.339	K3/4 III	1.747
HD 12031	HIP 9135	29.44115	-16.13217	402.64	m	8.142	0.117	K3 III	1.804
HD 170054	HIP 90443	276.81121	6.5186	402.64	m	8.164	0.139	B9	0.03
HD 8514	HIP 6523	20.94692	-24.05886	402.65	m	8.797	0.772	G8/K0 III	1.148
HD 130642	HIP 72591	222.64194	-40.39	402.66	m	8.914	0.889	G5 IV	1.192
HD 219895	HIP 115156	349.888	-20.70387	402.67	m	8.944	0.919	K0 III	1.244
HD 52422	HIP 33890	105.52304	21.79809	402.67	m	7.907	-0.118	B9	0.001
HD 205929	HIP 106929	324.83313	-30.30442	402.68	m	7.71	-0.315	M3/4 III	1.768
HD 217971	HIP 113945	346.12586	-12.17926	402.69	m	8.341	0.316	K0 III	1.331
HD 201261	HIP 104387	317.2079	-18.72716	402.7	m	8.282	0.257	K3 III	1.679
HD 41682	HIP 28858	91.37691	-27.19313	402.7	m	8.927	0.902	G8/K0 III	1.098
HD 130798	HIP 72909	223.52245	-69.3731	402.71	m	7.599	-0.426	B7/8 IV/V	0.036
HD 222268	HIP 116702	354.75134	17.01419	402.74	m	8.158	0.133	K2	1.851
HD 12761	HIP 9956	32.04452	69.88122	402.76	m	8.46	0.435	G5	1.678
HD 194605	HIP 100888	306.85331	-26.95838	402.78	m	8.872	0.847	K0 III	1.24
HD 149323	HIP 81701	250.33413	-74.43754	402.8	m	8.829	0.804	K0 III	1.086
HD 198264	HIP 102622	311.93056	43.2701	402.82	m	8.329	0.303	A3	0.176
HD 17401	HIP 13205	42.48754	59.24008	402.85	m	8.707	0.681	K0	1.408
HD 73118	HIP 42130	128.81578	-39.25331	402.85	m	8.192	0.166	K3 III	1.824
HD 56714	HIP 35411	109.66805	14.36342	402.85	m	7.757	-0.269	B 9 III	-0.088
HD 516	HIP 800	2.46844	51.42302	402.88	m	8.075	0.049	K0	1.543
HD 200227	HIP 103840	315.62025	-9.44779	402.89	m	7.807	-0.219	K2 III	1.649
HD 199266	HIP 103288	313.88802	20.40113	402.91	m	7.414	-0.612	K2	1.572
HD 117451	HIP 65912	202.6725	-16.22273	402.92	m	8.22	0.194	K0 III	1.398
HD 110300	HIP 61904	190.29003	-9.82309	402.96	m	8.879	0.853	K1 III	1.316
HD 49041	HIP 32566	101.93708	30.1159	402.96	m	8.109	0.083	G5	1.582
HD 81910	HIP 46145	141.16108	-70.40993	402.97	m	7.92	-0.106	B9 III	-0.053
HD 132391	HIP 73292	224.67813	8.4749	402.98	m	8.885	0.859	K0	1.232
HD 156000	HIP 84867	260.1803	-69.09462	402.99	m	8.047	0.021	K1 III	1.418
HD 133041	HIP 73703	225.95746	-44.92952	403.01	m	8.965	0.938	K0 III	1.216
HD 68074	HIP 39873	122.17337	-49.49723	403.06	m	8.188	0.161	AP SI	-0.098
HD 28632	HIP 21025	67.62544	-9.91528	403.06	m	8.911	0.884	K0 III	1.151
HD 29955	HIP 21214	68.26125	-78.36992	403.06	m	8.975	0.948	B9.5 V	0.034
HD 212727	HIP 110914	337.06483	-64.28974	403.11	m	8.366	0.339	K5 III	1.743
HD 54180	HIP 33860	105.44178	-70.56643	403.12	m	8.29	0.263	G3/5 III	1.015
HD 232703	HIP 12782	41.07511	51.22431	403.15	m	8.956	0.929	K5	1.976
HD 114548	HIP 64381	197.93154	-37.39752	403.19	m	8.333	0.305	A0 V	0.045
HD 70776	HIP 41041	125.63688	-33.92338	403.2	m	8.358	0.33	A0 V	0.047
HD 234760	HIP 93048	284.30778	53.93595	403.21	m	8.927	0.899	K0	1.103
HD 73716	HIP 42435	129.7944	-16.03264	403.23	e	7.764	-0.264	A0 V	0.036
HD 184741	HIP 96353	293.86344	15.61057	403.23	m	6.659	-1.369	K0	1.335
HD 35969	HIP 25640	82.1504	4.94973	403.25	m	8.653	0.625	A3 III/IV	0.229
HIP 93483		285.58062	39.15491	403.31	m	8.905	0.877	K0	1.209
HD 88866	HIP 50209	153.75279	0.81921	403.31	m	8.342	0.314	K0 III	1.361
HD 81314	HIP 46016	140.77221	-51.90422	403.33	m	8.829	0.801	A0 V	0.059
HD 42154	HIP 29308	92.68602	34.26043	403.33	m	7.79	-0.238	A0	-0.01
HD 209884	HIP 109267	332.05663	-57.49239	403.34	m	8.959	0.931	K2 III	1.501
HD 152973	HIP 82900	254.11652	6.28128	403.35	m	8.646	0.618	K0	1.158
HD 145270	HIP 79550	243.4823	-63.05782	403.36	m	8.091	0.063	A0 V	0.126
HD 206216	HIP 107033	325.1532	1.24249	403.36	m	8.861	0.833	K0/1 III	1.305
HD 215053	HIP 112280	341.13917	-69.7775	403.37	m	8.764	0.736	K4 III	1.788
HD 73701	HIP 42236	129.16809	-60.32762	403.39	m	7.844	-0.185	B5 V	-0.026
HIP 93539		285.77193	-45.71172	403.4	m	7.947	-0.082	B9 (III)	-0.148
HD 77170	HIP 44003	134.39853	-63.92538	403.42	m	8.871	0.842	A7 IV	0.378
HD 165885	HIP 88731	271.71921	31.7771	403.43	m	8.287	0.258	A0	-0.018
HD 113428	HIP 63751	195.98298	-24.51722	403.46	m	7.665	-0.364	K0 III	1.606
HD 177930	HIP 93541	285.77695	59.44489	403.47	m	8.327	0.298	A0	-0.001
HD 73386	HIP 42204	129.07912	-46.26199	403.48	m	8.955	0.926	K0/2 III	1.359
HD 24663	HIP 18206	58.40272	-39.53177	403.48	m	8.273	0.244	G8 III	1.097
HD 5310	HIP 4275	13.67919	-23.9203	403.51	m	8.888	0.859	K0 III	1.193
HD 182586	HIP 95819	292.33788	-62.78819	403.52	m	8.618	0.589	K2 V	1.457
HD 164144	HIP 88160	270.08541	-14.20804	403.55	m	8.18	0.151	K4 III	1.972
HD 51700	HIP 33515	104.49585	-10.78593	403.55	m	6.815	-1.214	K0 III	1.37
HD 51660	HIP 33135	103.49266	-63.0791	403.56	m	8.831	0.801	K1 III	1.446
HD 46183	HIP 31087	97.85011	-12.22672	403.57	m	8.19	0.16	G8 III	1.114
HD 20012	HIP 14787	47.74308	-50.03351	403.57	m	8.26	0.23	K3 III	1.747
HD 15377	HIP 11588	37.33977	30.86529	403.6	m	7.651	-0.379	K0	1.66
HD 116054	HIP 65226	200.50947	-51.6991	403.62	m	8.822	0.792	K0 III	1.222
HD 35851	HIP 25478	81.74125	-16.33122	403.62	m	8.164	0.134	A5 V	0.2
HD 192955	HIP 100010	304.34489	12.21795	403.63	m	8.436	0.406	B9	-0.048
HD 34183	HIP 24420	78.5872	-26.79374	403.63	m	7.549	-0.481	K2 III	1.618
HD 205531	HIP 106722	324.26742	-41.53735	403.66	m	8.714	0.684	K0 III	1.227
HD 64387	HIP 38693	118.8276	38.21006	403.69	m	8.19	0.16	K0	1.231
HD 150548	HIP 82034	251.36551	-60.56358	403.7	m	7.531	-0.499	B3 V	-0.1
HD 14125	HIP 10773	34.65886	50.88894	403.72	m	8.776	0.746	A0	0.038
HD 82930	HIP 46945	143.51373	-36.14134	403.73	m	7.946	-0.084	A0/1 V	0.075
HD 162733	HIP 87331	267.66272	39.55483	403.73	m	8.212	0.182	G5	1.141
HD 64451	HIP 38570	118.45371	-6.059	403.73	m	8.188	0.158	A0 V	0.039
HD 46633	HIP 31843	99.86605	66.16236	403.75	m	7.731	-0.3	B8	-0.024
HD 116135	HIP 65260	200.61991	-50.45271	403.75	m	8.838	0.807	K1 III	1.244
HD 238020	HIP 56593	174.04581	56.83825	403.76	m	8.585	0.554	G 5 III WLS	0.967
HD 17648	HIP 13284	42.74867	32.36401	403.76	m	7.847	-0.184	M0	2.107
HD 8716	HIP 6664	21.37885	-26.45769	403.78	m	8.941	0.91	A8 V	0.273
HD 148394	HIP 80677	247.0669	-16.21218	403.78	m	7.23	-0.801	F5 V	0.444
HD 72235	HIP 41974	128.3395	41.75814	403.8	m	8.2	0.169	K 0 III	1.479
HD 173532	HIP 92082	281.50869	-6.25202	403.82	m	8.058	0.027	K0	1.538
HD 190312	HIP 99053	301.6566	-50.67525	403.84	m	8.591	0.56	K1 III	1.462
HIP 37210		114.6559	23.79927	403.84	m	8.878	0.847	K0	1.227
HD 7824	HIP 6118	19.6383	43.28114	403.85	m	7.318	-0.713	K5	1.911
HD 225017	HIP 204	0.64523	-43.94793	403.85	m	8.671	0.64	K3 III	1.503
HD 120847	HIP 67640	207.8866	22.76487	403.89	m	8.864	0.833	K0	1.414
HD 71847	HIP 41710	127.58465	20.85781	403.89	m	8.968	0.937	G5	1.171
HD 275982	HIP 18652	59.89101	40.0157	403.92	m	8.975	0.944	K2	1.854
HD 186405	HIP 96526	294.35628	73.52477	403.93	m	8.943	0.911	A0	0.161
HD 202599	HIP 104972	318.93575	38.46761	403.94	m	8.603	0.571	K5	1.659
HD 79006	HIP 45224	138.24261	45.65852	403.96	m	8.626	0.594	G5	1.156
HD 202513	HIP 105085	319.31826	-31.88445	403.97	m	8.668	0.636	G8 III	1.125
HD 15194	HIP 11177	35.97505	-65.33589	403.98	m	8.078	0.046	M4 III	1.84
HD 128358	HIP 71495	219.30366	-30.17662	404.01	m	7.909	-0.123	K3 III	1.681
HD 118135	HIP 66355	204.02304	-54.93931	404.02	m	7.844	-0.188	K3 III	1.759
HD 102000	HIP 57255	176.11744	21.37789	404.02	m	8.668	0.636	K0	1.299
HD 17559	HIP 13143	42.26086	-4.22483	404.02	m	7.111	-0.921	M0 III	1.939
HD 83090	HIP 46996	143.67745	-44.81624	404.03	m	7.198	-0.834	A1 IV	0.035
HD 115737	HIP 64964	199.73761	12.37367	404.03	m	8.381	0.349	K2	1.129
HD 64507	HIP 38310	117.73678	-59.64622	404.04	m	7.294	-0.738	B8/9 IB/II	0.001
HIP 26551		84.6901	-2.59969	404.14	m	6.557	-1.476	B0	-0.182
HD 136506	HIP 75440	231.18795	-65.87253	404.18	m	8.805	0.772	B9 V	0.019
HD 41375	HIP 28919	91.56546	31.99701	404.21	m	7.154	-0.879	B8	0.031
HD 89551	HIP 50529	154.80851	-37.63235	404.22	m	7.903	-0.13	A1 IV	0.051
HD 194337	HIP 100658	306.14879	16.1437	404.23	m	7.237	-0.796	K5	1.968
HD 57244	HIP 34573	107.40825	-78.94208	404.23	m	8.711	0.678	K5 III	1.921
HD 7330	HIP 5839	18.72026	62.68065	404.23	m	8.513	0.48	A0	0.072
HD 65615	HIP 38942	119.52012	-37.58006	404.24	m	7.452	-0.581	B4 V	-0.116
HD 92170	HIP 52099	159.68135	14.01935	404.26	m	8.24	0.207	K0	1.255
HD 147056	HIP 79914	244.67793	23.80348	404.28	m	8.84	0.807	K2	1.19
HD 41306	HIP 28789	91.16698	10.50982	404.29	m	8.133	0.1	A0	0.042
HD 93961	HIP 53068	162.86581	42.25049	404.3	m	8.906	0.872	K0	1.203
HIP 87828		269.11121	32.18667	404.32	m	8.421	0.387	K2	1.204
HD 66066	HIP 38966	119.59296	-60.85771	404.33	m	7.693	-0.341	B8+...	0.014
HD 20908	HIP 15682	50.50717	-9.65054	404.34	m	8.979	0.945	K0 III	1.243
HD 209438	HIP 108795	330.60592	42.42543	404.36	m	8.517	0.483	K0	1.196
HD 63496	HIP 38218	117.4433	15.10648	404.37	m	7.919	-0.115	G5	1.33
HD 96859	HIP 54473	167.17296	-42.72256	404.39	m	8.982	0.948	G8/K0 III	1.17
HD 672	HIP 893	2.74144	-18.57293	404.39	m	8.059	0.025	M3 III	1.478
HD 149530	HIP 81334	249.1708	-32.10923	404.4	m	8.865	0.831	F2 V	0.511
HD 199212	HIP 103451	314.38148	-48.6203	404.41	m	8.859	0.825	G8/K0 III	1.124
HD 85215	HIP 48303	147.71542	20.79953	404.42	m	8.831	0.797	K0	1.27
HD 86829	HIP 49077	150.24669	-3.18928	404.47	m	7.257	-0.777	K4 III	1.867
HD 214434	HIP 111713	339.44334	26.42183	404.47	m	7.781	-0.253	K2II	1.409
HD 125891	HIP 70335	215.85659	-41.67392	404.5	m	8.587	0.552	K1 III/IV	1.407
HD 155896	HIP 84483	259.07329	-42.33906	404.52	m	6.963	-1.072	B2/3 (V)NNE	0.069
HD 216423	HIP 112980	343.20499	-13.0997	404.53	m	8.224	0.189	K2 III	1.633
HD 153388	HIP 83455	255.83382	-62.57374	404.55	m	8.223	0.188	M1 III	1.894
HD 84077	HIP 47672	145.81094	27.19747	404.59	m	8.763	0.728	K0	1.132
HD 223997	HIP 117864	358.59691	48.92915	404.61	m	8.397	0.362	A0	0.038
HD 105995	HIP 59475	182.98306	-51.41318	404.61	m	8.666	0.631	K0 III	1.273
HD 128547	HIP 71461	219.22452	24.46306	404.64	m	7.693	-0.342	A0	-0.001
HD 128422	HIP 71265	218.62455	59.85783	404.65	m	7.834	-0.201	K5	1.642
HD 85368	HIP 48293	147.69506	-26.33346	404.65	m	8.923	0.888	A0 V	0.032
HD 75127	HIP 43087	131.64344	-42.79061	404.65	m	8.646	0.611	B9	-0.041
HD 50291	HIP 32880	102.77376	-34.2766	404.66	m	8.071	0.036	K2 III	1.667
HD 56966	HIP 35455	109.7924	-1.65576	404.67	m	7.952	-0.083	A0 V	0.007
HD 81289	HIP 46047	140.85643	-43.60135	404.67	m	8.396	0.36	AP EUSRCR	0.031
HD 195946	HIP 101529	308.63798	-5.84363	404.68	m	8.604	0.568	K0 III	1.177
HD 209180	HIP 108664	330.21576	28.0474	404.68	m	8.439	0.403	K 1 III-IV	1.529
HD 55790	HIP 34022	105.88571	-78.78246	404.69	m	8.833	0.797	K3 III	1.68
HD 126996	HIP 70919	217.54313	-43.54695	404.69	m	8.996	0.96	G8 III	1.098
HD 57241	HIP 35376	109.6191	-41.95857	404.7	m	8.295	0.259	K2 III	1.508
HD 96278	HIP 54209	166.37038	-46.89307	404.7	m	8.609	0.573	A0 V	0.023
HD 55333	HIP 34900	108.31033	18.92135	404.7	m	7.971	-0.065	A0	-0.032
HD 45847	HIP 30515	96.21411	-65.77476	404.77	m	8.774	0.738	K2 III	1.423
HD 172779	HIP 91928	281.09889	-46.9575	404.78	m	8.596	0.56	B9 V	0.045
HD 57108	HIP 35577	110.12999	17.86464	404.79	m	7.867	-0.169	K0	1.31
HD 148016	HIP 80211	245.61989	53.54182	404.8	m	8.732	0.696	K0	1.12
HD 82899	HIP 46906	143.38926	-42.59448	404.82	m	8.843	0.807	K0 III	1.329
HD 145770	HIP 79379	243.01144	17.97797	404.83	m	8.75	0.714	G5	1.142
HD 159091	HIP 85972	263.55909	-35.73373	404.84	m	7.646	-0.39	B7 III	0.137
HD 83848	HIP 47448	145.04763	-34.30339	404.84	m	8.974	0.938	K1 III	1.259
HD 168040	HIP 89636	274.39437	8.69327	404.85	m	8.565	0.529	K0	1.202
HD 110937	HIP 62279	191.44647	-12.22075	404.85	m	8.833	0.797	K0 III	1.197
HD 208625	HIP 108479	329.62548	-41.72099	404.85	m	6.958	-1.078	K5 III	1.911
HD 173921	HIP 92191	281.83309	16.90851	404.86	m	6.808	-1.229	B8	0.114
HD 87805	HIP 49635	151.95855	18.51338	404.87	m	8.154	0.117	K0	1.587
HD 5174	HIP 4162	13.2886	-42.80767	404.88	m	8.765	0.728	K1/2 III/IV	1.411
HD 126425	HIP 70403	216.05607	42.66161	404.88	m	8.376	0.339	G0	1.1
HD 33278	HIP 23955	77.22964	-2.52138	404.88	m	8.73	0.693	K0 III	1.269
HD 225190	HIP 347	1.08873	54.27459	404.88	m	7.77	-0.267	B 3 V	-0.108
HD 106370	HIP 59677	183.56921	-19.15433	404.9	m	8.395	0.358	K0 III	1.612
HD 62753	HIP 37675	115.94964	-40.30932	404.9	m	6.539	-1.498	B2 VN	-0.145
HD 183035	HIP 95627	291.75034	16.53805	404.91	m	8.109	0.072	A0	0.067
HD 86765	HIP 49013	149.98596	-31.34954	404.93	m	7.403	-0.634	K4 III	1.905
HD 37629	HIP 26323	84.09029	-57.458	404.94	m	7.783	-0.254	M1 III	1.888
HD 140952	HIP 77066	236.04047	50.9078	404.94	m	8.787	0.75	K2	1.29
HD 83238	HIP 47402	144.86695	62.0876	404.96	m	8.973	0.936	G5	1.318
HIP 106851		324.62502	39.51077	404.97	m	8.344	0.307	K0	1.428
HD 133405	HIP 73627	225.75312	38.86589	404.97	m	8.753	0.716	G5	1.032
HD 120674	HIP 67690	207.99704	-46.18269	405	m	8.518	0.481	K3 III	1.602
HD 172028	HIP 91352	279.48594	-0.38585	405.01	m	8.07	0.033	B3 II/III	0.55
HD 132782	HIP 73575	225.5642	-39.91567	405.04	m	8.915	0.878	K0 IIICNII	1.395
HD 93834	HIP 52955	162.45658	-10.25191	405.07	m	8.73	0.692	G8/K0 V	1.238
HD 47960	HIP 32086	100.54981	25.46853	405.07	m	7.549	-0.489	M0III	1.91
HD 61290	HIP 37008	114.09586	-47.24212	405.09	m	7.88	-0.158	B9 IV	-0.033
HD 27004	HIP 20053	64.50499	43.68428	405.1	m	7.787	-0.251	B9	0.146
HD 21162	HIP 15865	51.08998	-18.47345	405.1	m	8.593	0.555	K0 III	1.333
HD 224444	HIP 118151	359.49715	-38.95389	405.11	m	7.313	-0.725	K5 III	1.911
HD 96316	HIP 54247	166.46674	-37.92902	405.12	m	8.212	0.174	M1/3 III	1.958
HD 115661	HIP 64967	199.74225	-28.78487	405.16	m	7.861	-0.177	K5/M0 III	1.969
HD 16225	HIP 12033	38.79172	-37.80482	405.18	m	8.218	0.18	K2 III	1.491
HD 178539	HIP 93973	287.00733	26.01202	405.18	m	7.354	-0.684	K 1 III	1.429
HD 126307	HIP 70385	216.00825	27.41318	405.2	m	6.57	-1.468	K4III	1.927
HD 164441	HIP 88487	271.02751	-52.85524	405.2	m	8.468	0.43	K2 III	1.655
HD 167473	HIP 89433	273.79046	8.78999	405.21	m	8.704	0.666	A0	0.246
HD 215149	HIP 112097	340.57622	49.25542	405.21	m	8.177	0.139	A2	0.086
HD 80281	HIP 45562	139.29559	-47.73546	405.22	m	7.869	-0.169	K1 III	1.539
HD 99594	HIP 55916	171.91287	26.4526	405.22	m	8.209	0.171	K2III	1.357
HD 159328	HIP 86290	264.47715	-59.43294	405.23	m	7.201	-0.837	M1 III	1.979
HD 8615	HIP 6629	21.26456	0.26905	405.23	m	8.967	0.928	K0 III	1.244
HD 106633	HIP 59822	184.00692	-55.09337	405.24	m	8.337	0.298	B9 V	0.02
HD 106731	HIP 59864	184.15676	-65.50566	405.25	m	8.558	0.519	B9 V	0.006
HD 208411	HIP 108030	328.28411	68.10746	405.26	m	7.517	-0.522	G8II	1.172
HD 27261	HIP 20032	64.44456	-16.73301	405.28	m	8.453	0.414	K0 III	1.376
HD 157862	HIP 85376	261.6775	-21.46941	405.28	m	7.454	-0.585	K4 III	1.938
HD 66042	HIP 38964	119.59144	-59.69751	405.29	m	7.979	-0.06	G8 III	1.212
HD 216693	HIP 113209	343.88689	-41.89595	405.29	m	8.969	0.93	K0 III	1.248
HD 183538	HIP 95870	292.48101	6.67571	405.31	m	8.837	0.798	K0III:	1.634
HD 202946	HIP 105367	320.13283	-43.57677	405.34	m	8.493	0.454	A3 V	0.116
HD 13461	HIP 10152	32.64721	-35.51016	405.34	m	7.922	-0.117	K0 III	1.374
HD 53060	HIP 33998	105.80918	-11.13741	405.34	m	7.997	-0.042	A0 IV/V	0.026
HD 43047	HIP 29594	93.5524	3.90227	405.35	m	7.3	-0.739	A0 V	-0.049
HD 198721	HIP 103194	313.60093	-53.58952	405.37	m	8.189	0.15	K3 III	1.724
HD 219909	HIP 115173	349.92323	-23.22555	405.39	m	8.105	0.066	K2/3 III/IV	1.511
HD 102198	HIP 57365	176.40585	-35.60534	405.39	m	7.916	-0.123	K1 III	1.483
HD 148946	HIP 80992	248.10897	-20.75214	405.4	m	8.476	0.437	K1 III	1.694
HD 82492	HIP 46772	142.98734	-14.76249	405.4	m	8.832	0.793	K0 III	1.29
HD 18065	HIP 13614	43.85381	37.99937	405.44	m	8.564	0.524	G5	1.177
HD 169292	HIP 90266	276.27019	-24.41443	405.44	m	8.523	0.483	B9 III/IV	0.166
HD 72638	HIP 41987	128.37652	-15.20363	405.45	m	8.048	0.008	A0 V	-0.002
HD 150535	HIP 81915	250.98001	-48.5116	405.46	m	8.134	0.094	B9.5 IV/V	0.095
HD 122715	HIP 68590	210.62143	43.98924	405.46	m	8.834	0.794	K5	1.186
HD 39942	HIP 28009	88.8737	-9.86845	405.47	m	8.928	0.888	A5 IV	0.217
HD 70281	HIP 40919	125.26995	-4.41306	405.47	m	8.773	0.733	K0 III	1.277
HD 1334	HIP 1428	4.45992	59.05759	405.48	m	7.723	-0.317	B 2.5V	-0.045
HD 40420	HIP 28191	89.36808	-27.76459	405.49	m	8.805	0.765	G6 IV	1.145
HD 127445	HIP 71133	218.21532	-47.2013	405.53	m	8.431	0.391	B9 V	-0.024
HD 47539	HIP 31588	99.1544	-49.22133	405.53	m	8.444	0.404	K0 III	1.252
HD 67681	HIP 39742	121.84925	-41.73643	405.54	m	8.766	0.726	G8 III	1.096
HD 83017	HIP 46827	143.13492	-65.37841	405.55	m	7.728	-0.312	K3 III	1.73
HD 62839	HIP 37822	116.3239	-18.03495	405.56	m	8.927	0.887	B9 V	0.023
HD 135877	HIP 74956	229.7573	-41.33951	405.57	m	8.76	0.72	A3 IV/V	0.195
HD 33680	HIP 24038	77.51008	-40.55946	405.58	m	7.057	-0.983	K5 III	1.853
HD 1899	HIP 1827	5.78397	-34.56517	405.6	m	8.833	0.793	G8 IV	1.176
HD 214453	HIP 111851	339.85233	-55.15388	405.6	m	8.875	0.835	G8/K0 III	1.16
HD 137935	HIP 75952	232.68982	-45.71594	405.6	m	8.399	0.359	B8/9 V	0.006
HD 219078	HIP 114718	348.56809	-70.33831	405.61	m	8.97	0.929	K0 III	1.286
HD 182010	HIP 95204	290.51618	17.75338	405.63	m	7.065	-0.976	A0	0.05
HD 208333	HIP 108245	328.9303	-2.63503	405.64	m	8.191	0.15	K4 III	1.906
HD 106337	HIP 59662	183.52893	-36.55645	405.65	m	7.831	-0.21	B7 (III)	-0.108
HD 19022	HIP 14198	45.77738	-18.50622	405.68	m	8.958	0.917	K0 III	1.189
HD 70133	HIP 40904	125.20477	16.95015	405.68	m	8.946	0.905	K0	1.221
HD 213593	HIP 110485	335.70102	85.06172	405.7	m	7.255	-0.786	K0	1.17
HD 113458	HIP 63699	195.81495	47.96826	405.72	m	8.106	0.065	K0	1.572
HD 191991	HIP 99752	303.59593	-43.05339	405.73	m	8.839	0.798	K1 III	1.305
HD 84492	HIP 47759	146.05337	-48.49639	405.78	m	8.911	0.87	A3/4 V	0.193
HD 89964	HIP 50833	155.69538	-6.75361	405.79	m	8.718	0.676	K0 III	1.162
HD 167323	HIP 89585	274.21613	-46.07425	405.79	m	8.524	0.482	K2/3 III	1.852
HD 69263	HIP 40743	124.74568	56.25471	405.84	m	7.001	-1.041	K5	1.889
HD 211528	HIP 110040	334.33383	22.01114	405.88	m	8.091	0.049	K2	1.794
HD 164725	HIP 88697	271.60992	-60.53318	405.88	m	7.956	-0.086	K1 III	1.55
HD 10833	HIP 8202	26.362	-36.10651	405.89	m	8.704	0.662	G8 III/IV	1.137
HD 15844	HIP 11897	38.37269	20.43787	405.92	m	8.254	0.212	G5	1.546
HD 101273	HIP 56834	174.76438	-24.3057	405.99	m	8.389	0.346	K2/3 III	1.574
HD 35867	HIP 25548	81.93019	-0.25913	406	m	8.122	0.079	B9 V	-0.058
HD 109199	HIP 61294	188.39225	-66.11705	406.01	m	7.699	-0.344	B3/4 IV	0.055
HD 183184	HIP 95616	291.72209	35.90675	406.01	m	7.743	-0.3	A0	-0.019
HD 39398	HIP 27773	88.15474	5.1646	406.02	m	8.56	0.517	G 6 II-III	1.234
HD 142586	HIP 78258	239.68278	-60.70733	406.04	m	7.597	-0.446	K3 III	1.932
HD 71074	HIP 41206	126.13139	-26.12258	406.04	m	8.808	0.765	G8 III	1.027
HD 170997	HIP 91010	278.48361	-36.38009	406.04	m	8.359	0.316	K0/2 III + (G)	0.95
HD 40679	HIP 28519	90.2939	19.42043	406.06	m	7.468	-0.575	A0	0.103
HD 118145	HIP 66313	203.85455	-22.6189	406.07	m	7.557	-0.486	M1 III	1.927
HD 239875	HIP 109431	332.5574	60.00215	406.08	m	8.379	0.336	K5	1.707
HD 194458	HIP 100785	306.51856	-14.98018	406.08	m	7.482	-0.561	K4/5 III	1.806
HD 45065	HIP 30612	96.49936	17.1958	406.12	m	8.894	0.851	K5	1.281
HD 201851	HIP 104744	318.30739	-35.13336	406.12	m	8.842	0.799	A9 V	0.295
HD 169284	HIP 90010	275.4981	42.28931	406.12	m	7.985	-0.058	K2	1.396
HD 206031	HIP 106945	324.88881	-8.21174	406.13	m	8.998	0.955	K0 III	1.299
HD 220575	HR 8902|HIP 115567	351.14545	41.11291	406.13	m	6.71	-1.333	B 8 III	0.013
HD 162597	HIP 87442	268.01507	-4.77697	406.13	m	8.461	0.418	B3 V	0.347
14 Aqr	HD 202466|HIP 105019	319.07407	-9.21466	406.15	m	6.653	-1.39	M2/3 III	1.886
HD 95807	HIP 54050	165.90475	19.60028	406.18	m	8.87	0.826	K0	1.365
HD 134979	HIP 74620	228.69734	-52.00285	406.18	m	8.188	0.144	K3 III	1.754
HD 224380	HIP 118097	359.34188	48.28101	406.19	m	7.507	-0.537	A0	-0.044
HD 142438	HIP 77762	238.16997	46.05146	406.2	m	8.938	0.894	G5	1.055
HD 174079	HIP 92253	282.01072	20.11284	406.25	m	8.432	0.388	A0	0.15
HD 48244	HIP 31918	100.05684	-43.88622	406.3	m	8.601	0.557	G8 III	1.162
HD 95996	HIP 54012	165.735	-67.9091	406.32	m	8.42	0.376	K2 III	1.664
HD 217882	HIP 113910	346.01505	-22.7101	406.33	m	7.711	-0.333	K2 III/IV	1.566
HD 186238	HIP 97253	296.48131	-53.98723	406.34	m	7.816	-0.228	K1 III	1.451
HD 29464	HIP 21567	69.44913	-17.41978	406.34	m	8.342	0.298	A0/1 V	0.072
HD 132584	HIP 73304	224.70993	34.50277	406.35	m	8.759	0.714	G5	1.211
HD 200831	HIP 104086	316.31071	23.60042	406.36	m	7.701	-0.344	K 2 III	1.609
HD 152687	HIP 82952	254.26857	-46.14374	406.37	m	8.721	0.676	B9/9.5 V	0.133
HD 217	HIP 568	1.72243	-55.16083	406.39	m	8.906	0.861	K3 III	1.495
HD 209542	HIP 108881	330.84245	37.70612	406.39	m	8.8	0.755	K0	1.099
HD 70989	HIP 41311	126.43411	21.19061	406.4	m	8.921	0.876	G5	1.168
HD 187453	HIP 97743	297.94248	-40.70846	406.4	m	8.824	0.779	K4 III	1.714
HD 163785	HIP 88311	270.53051	-62.44772	406.42	m	8.977	0.932	G8/K0 III	1.164
HD 85704	HIP 48043	146.90488	-78.56617	406.42	m	8.767	0.722	K3 III	2.016
HD 130119	HIP 72375	221.98108	-46.15619	406.43	m	8.071	0.026	B8 III	-0.02
HD 101110	HIP 56761	174.54885	21.87166	406.46	m	8.239	0.194	K2	1.59
HD 41633	HIP 28722	91.00164	-45.72482	406.48	m	8.847	0.802	K1 III	1.434
HD 10919	HIP 8304	26.7762	-9.59934	406.48	m	8.495	0.45	K0 III	1.506
HD 12975	HIP 9831	31.62729	-23.56657	406.49	m	7.994	-0.051	K2 III	1.545
HD 75565	HIP 43364	132.49443	-24.57971	406.5	e	8.638	0.593	A0 V	0.07
HD 198920	HIP 103111	313.37464	3.00203	406.5	e	7.618	-0.427	F5 V	0.656
HD 83864	HIP 47398	144.86293	-54.26514	406.55	m	7.966	-0.08	K1 III	1.465
HD 157673	HIP 85316	261.51964	-32.88921	406.56	m	8.505	0.459	B8 V	0.118
HD 164162	HIP 88110	269.92395	5.70916	406.56	m	8.355	0.309	K 5 III	1.561
HD 36854	HIP 26085	83.45394	-19.43073	406.57	m	8.625	0.579	A3 II/III	0.22
HD 129170	HIP 71698	219.99774	38.11047	406.57	m	7.748	-0.298	K0	1.737
HD 81439	HIP 46337	141.70454	41.02419	406.6	m	7.583	-0.463	K2	1.673
HD 114648	HIP 64447	198.14058	-50.47675	406.62	m	8.308	0.262	G8 III	1.139
HD 190886	HIP 99023	301.54707	25.45838	406.63	m	8.135	0.089	A0	0.014
HD 38850	HIP 27608	87.68674	43.68937	406.64	m	8.422	0.376	B 9 V	0.086
HD 136078	HIP 74138	227.24853	80.20856	406.65	m	8.172	0.126	K0	1.482
HD 205949	HIP 106713	324.2397	54.6378	406.66	m	8.035	-0.011	A0	0.045
HD 180587	HIP 94747	289.19344	10.97965	406.66	m	8.28	0.234	B9II	0.232
HD 13779	HIP 10343	33.31221	-36.4113	406.67	m	8.912	0.866	K1 III	1.377
HD 79976	HIP 45528	139.17435	-16.83698	406.67	m	8.53	0.484	AP SRCREU	0.072
HD 199584	HIP 103490	314.51247	6.89688	406.68	m	7.918	-0.128	K5	1.858
HD 10899	HIP 8406	27.11403	55.70599	406.69	m	8.357	0.311	A0	0.038
HD 93979	HIP 53339	163.63591	79.34546	406.69	m	7.819	-0.227	K0	1.451
HD 12024	HIP 9041	29.12056	-54.25148	406.7	m	8.634	0.588	K1 III	1.378
HD 52803	HIP 33897	105.53627	-12.50458	406.71	m	8.166	0.12	K1 III + (G)	1.015
HD 156772	HIP 84511	259.15001	52.78448	406.71	m	7.605	-0.441	K0	1.227
HD 75444	HIP 43258	132.18064	-38.00393	406.73	m	8.306	0.259	B9.5 V	-0.028
HD 53494	HIP 33957	105.6907	-49.92798	406.75	m	6.852	-1.195	A2 III	0.06
HD 182642	HIP 95533	291.48535	-9.01261	406.81	m	8.148	0.101	M2 III	2.108
HD 167105	HIP 89102	272.77629	50.79234	406.81	m	8.964	0.917	A0	0.017
HD 21210	HIP 15715	50.60556	-59.70383	406.81	m	7.768	-0.279	K2 III	1.513
HD 209720	HIP 109233	331.94014	-65.10328	406.85	m	7.672	-0.375	K2/3 III	1.625
HD 98551	HIP 55365	170.05345	-13.88458	406.85	m	7.676	-0.371	K1/2 III	1.531
HD 214016	HIP 111561	339.02236	-41.17482	406.85	m	8.98	0.933	K0 III/IV	1.172
HD 147896	HIP 80562	246.73254	-50.36656	406.86	m	8.559	0.512	K2/3 III	1.651
HD 34708	HIP 24624	79.22616	-48.19148	406.86	m	7.735	-0.312	K3 III	1.745
HD 198923	HIP 103151	313.48946	-12.29173	406.87	m	8.355	0.308	F7 IV	0.589
HD 202505	HIP 104414	317.28173	78.66316	406.88	m	7.506	-0.541	A2	0.104
HD 87806	HIP 49613	151.88889	0.91832	406.88	m	6.9	-1.147	M1 III	1.951
HD 67270	HIP 39571	121.29288	-45.41402	406.88	m	8.371	0.324	B7/9 (V)	-0.068
HD 122425	HIP 68530	210.43813	1.74144	406.89	m	8.817	0.77	K2 III	1.503
HD 68809	HIP 40137	122.95741	-48.4081	406.89	m	8.061	0.014	K0 III	1.334
HD 146038	HIP 79847	244.46475	-61.95251	406.9	m	8.785	0.738	G8 III	1.339
HD 36106	HIP 25686	82.27855	-5.44484	406.9	m	7.668	-0.379	K2 III	1.71
HD 214563	HIP 111894	339.98673	-47.74439	406.9	m	8.136	0.089	K2 III	1.492
HD 131984	HIP 73323	224.7508	-55.46495	406.92	m	8.921	0.873	G8/K0 III	1.285
HD 1428	HIP 1492	4.65133	35.98997	406.93	m	7.903	-0.145	K2	1.587
HD 217013	HIP 113342	344.3147	32.19927	406.93	m	8.103	0.055	K2	1.722
HD 13975	HIP 10607	34.14178	24.60608	406.97	m	8.874	0.826	K0	1.166
HD 27410	HIP 20158	64.80802	-6.52286	406.99	m	8.852	0.804	K0 III	1.248
HD 93010	HIP 52436	160.78928	-61.16853	407	m	6.593	-1.455	B3 III	-0.024
HD 104998	HIP 58959	181.34485	31.21032	407	m	8.394	0.346	K0III	1.351
HD 170260	HIP 90411	276.71731	37.44048	407.01	m	8.712	0.664	A0	0.118
HD 20520	HIP 15291	49.32253	-23.52027	407.01	m	6.765	-1.283	K3 III	1.8
HD 19285	HIP 14229	45.86821	-58.93304	407.02	m	7.458	-0.59	M5 III	1.688
HD 119826	HIP 67127	206.37161	7.42504	407.05	m	8.766	0.718	K2	1.402
HD 45258	HIP 30636	96.58164	-3.58489	407.06	m	8.8	0.752	A8 II	0.291
HD 121487	HIP 68171	209.342	-58.53239	407.06	m	8.379	0.331	G8/K0 III	1.19
HD 65950	HIP 38906	119.43841	-60.92646	407.06	m	6.857	-1.191	B8 III	-0.017
HD 91693	HIP 51747	158.58221	-46.48499	407.07	m	8.428	0.38	K1 III	1.235
HD 36326	HIP 25788	82.60142	-13.49891	407.07	m	8.711	0.663	A0 V	0.036
HD 71368	HIP 41196	126.09378	-55.78964	407.08	m	7.419	-0.629	K4 III	2.131
49 Gem	HD 55156|HIP 34861	108.20573	25.7487	407.08	m	7.048	-1	A0	-0.032
HD 85012	HIP 47892	146.41823	-70.11826	407.09	m	7.239	-0.809	B6 V	-0.025
HD 16101	HIP 11994	38.66246	-23.14321	407.09	m	8.855	0.807	K0 III	1.111
HD 36519	HIP 25766	82.53002	-43.57948	407.09	m	7.92	-0.128	K4 III	1.701
HD 195311	HIP 101149	307.54076	10.03429	407.1	m	8.125	0.077	A2	0.235
HD 223797	HIP 117743	358.18687	-8.89489	407.11	m	7.866	-0.183	K0/1 III	1.4
HD 25184	HIP 18793	60.39509	38.66547	407.12	m	7.957	-0.092	K2	2.059
HD 15594	HIP 11785	38.02709	50.18081	407.17	m	7.354	-0.695	M2	2.069
HD 127032	HIP 70816	217.23524	3.71961	407.19	m	7.051	-0.998	K4 III	1.952
HD 4525	HIP 3702	11.87312	11.64231	407.22	m	7.7	-0.349	G5	1.296
HD 189706	HIP 98467	300.08016	29.82152	407.23	m	7.752	-0.297	B9V	-0.084
HD 131242	HIP 72900	223.48715	-44.93015	407.25	m	8.51	0.461	A0 V	0.025
HD 6603	HIP 5225	16.69841	-0.9376	407.26	m	8.917	0.868	K1 III	1.318
HD 53771	HIP 34292	106.63769	6.14098	407.27	m	8.217	0.168	B9	0.02
HD 215009	HIP 111970	340.21288	62.0482	407.27	m	8.76	0.711	A0	0.306
HD 200547	HIP 103944	315.90859	15.51509	407.28	m	8.881	0.832	K5III	1.687
HD 195191	HIP 100504	305.69699	76.0434	407.28	m	7.94	-0.109	K2	1.816
HD 9650	HIP 7309	23.52262	-28.78354	407.28	m	7.194	-0.855	K4 III	1.733
HD 338618	HIP 96436	294.09628	26.66925	407.3	m	8.361	0.311	K0	1.238
HD 21679	HIP 16237	52.3224	-21.37118	407.32	m	8.384	0.334	K2/3 III	1.572
HD 8861	HIP 6676	21.4122	-65.56549	407.32	m	8.797	0.747	K0 II/III	1.201
HD 189827	HIP 98676	300.63833	-15.87429	407.32	m	8.062	0.012	K2 III	1.755
HD 171946	HIP 91200	279.06244	30.58474	407.33	m	6.828	-1.222	G 8 IV	1.492
HD 130799	HIP 72404	222.06453	52.6258	407.37	m	8.133	0.083	K2	1.647
HD 148081	HIP 80858	247.67256	-68.07189	407.37	m	8.3	0.25	B9 III	-0.018
HD 86910	HIP 48882	149.54947	-72.06469	407.38	m	7.458	-0.592	B8 V	-0.03
HD 88557	HIP 49885	152.79433	-56.10549	407.38	m	8.411	0.361	K2 III	1.508
HD 167653	HIP 89466	273.87075	20.26385	407.39	m	8.277	0.227	K0	1.445
HD 44073	HIP 30139	95.14366	18.04909	407.4	m	7.715	-0.335	G7III	1.475
HD 25235	HIP 18900	60.76902	52.62904	407.41	m	8.856	0.806	B9V	0.2
HD 151907	HIP 82509	252.95748	-35.74207	407.44	m	8.987	0.937	K2/3 III	1.922
HD 65852	HIP 38904	119.42696	-57.47916	407.44	m	7.409	-0.641	B8 V	0.029
HD 189180	HIP 98238	299.44957	26.29404	407.46	m	7.625	-0.425	A0	-0.032
HD 1054	HIP 1172	3.66185	-43.83118	407.47	m	8.965	0.915	K0 III	1.243
HD 38185	HIP 26999	85.91382	-8.93775	407.49	m	7.588	-0.463	B8 Ib/II	-0.111
HD 123783	HIP 69118	212.22859	32.01896	407.49	m	8.308	0.257	K 3 III	1.59
HD 126973	HIP 70866	217.3797	-26.01334	407.5	m	7.037	-1.014	K2 III	1.823
HD 77490	HIP 44250	135.17224	-54.36242	407.52	m	7.701	-0.35	B9.5 V	0.02
HD 77247	HIP 44464	135.88446	53.10829	407.52	m	6.966	-1.085	G 5 III-BA1	1.156
HD 25536	HIP 18819	60.49304	-36.0994	407.55	m	8.397	0.346	A0 V	0.043
HD 23497	HIP 17363	55.76852	-54.47208	407.55	m	8.694	0.643	K1 III	1.302
HD 190149	HIP 98610	300.43845	44.11904	407.55	m	7.135	-0.916	G9III	1.963
HD 131444	HIP 72578	222.59123	65.64584	407.55	m	7.17	-0.881	K5	1.923
HD 132961	HIP 73658	225.85837	-43.08927	407.56	m	8.688	0.637	G6/8 (III)	1.145
HD 184041	HIP 96060	292.98164	14.31628	407.57	m	8.554	0.503	A0	0.096
HD 187639	HIP 97553	297.42523	33.27687	407.58	m	8.451	0.4	A2	0.086
HD 192154	HIP 99730	303.54251	-20.24031	407.59	m	8.916	0.865	K1 III	1.387
HD 179370	HIP 94287	287.8701	22.38314	407.61	m	7.983	-0.068	A0	0.062
HD 133281	HIP 73948	226.67206	-62.67537	407.62	m	8.95	0.899	AP SI	-0.007
HD 103781	HIP 58284	179.30203	27.15967	407.63	m	8.939	0.888	G9III	1.201
HD 150653	HIP 81802	250.61936	-1.7955	407.64	m	8.882	0.831	K1/2 III	1.69
HD 82220	HIP 46585	142.49263	-28.24298	407.65	m	7.312	-0.739	B9.5 V	-0.001
HD 171062	HIP 91096	278.73107	-46.69119	407.65	m	8.688	0.637	G6 III	1.053
HD 62459	HIP 37769	116.17076	17.0046	407.7	m	8.429	0.377	B9	0.054
HD 37427	HIP 26526	84.63056	-0.14778	407.7	m	8.655	0.603	B8 V	-0.065
HD 185929	HIP 97073	295.91989	-46.6555	407.71	m	8.855	0.803	G8/K0 III	1.242
HD 81401	HIP 46084	140.96176	-47.05941	407.74	m	8.168	0.116	B9 IV/V	0.038
HD 46293	HIP 31808	99.75285	71.1245	407.76	m	8.328	0.276	A0	0.126
HD 42252	HIP 29254	92.52997	10.47997	407.77	m	8.627	0.575	K5	1.231
HD 61664	HIP 37398	115.17284	6.62426	407.79	m	8.641	0.589	G5	1.003
HD 49841	HIP 32831	102.66238	5.66287	407.8	m	8.714	0.662	G5	1.153
HD 20876	HIP 15616	50.26882	-26.1711	407.8	m	8.623	0.571	K3 III	1.621
HD 37665	HIP 26593	84.79637	-24.88077	407.81	m	7.648	-0.404	K3 III	1.68
HD 48362	HIP 32412	101.49842	52.23032	407.83	m	8.691	0.639	A0	0.019
HD 119112	HIP 66715	205.12997	39.98984	407.83	m	8.636	0.584	K0	1.22
HD 43934	HIP 29971	94.63984	-7.84061	407.91	m	8.688	0.635	K2/3 III	1.454
HD 287148	HIP 22324	72.13367	10.96639	407.93	m	8.998	0.945	K0	1.394
HD 93515	HIP 52729	161.69479	-53.27671	407.94	m	8.882	0.829	G8 III	1.197
HD 135913	HIP 74970	229.80161	-41.31521	407.95	m	8.293	0.24	K0 II	1.101
HD 44633	HIP 30484	96.12164	37.31658	407.96	m	7.171	-0.882	K0	1.515
HD 62380	HIP 37873	116.44331	44.28483	407.96	m	8.822	0.769	G5	1.017
HD 95999	HIP 53966	165.60362	-73.4611	408	m	8.795	0.742	G6 II/IIICNIV	1.201
HD 88358	HIP 49887	152.79612	-7.04471	408.02	m	7.997	-0.056	K3 III	1.618
HD 74745	HIP 43027	131.51213	9.95158	408.04	m	7.852	-0.202	K5	1.613
HD 112342	HIP 63134	194.03045	-16.89249	408.08	m	8.373	0.319	K2 III	1.517
HD 119267	HIP 66916	205.70814	-32.67024	408.09	m	8.211	0.157	G8/K0 III	1.288
HD 206878	HIP 107407	326.3266	-13.67593	408.09	m	8.743	0.689	K3 III	1.659
HD 141264	HIP 77031	235.92635	67.5018	408.09	m	8.935	0.881	K0	1.217
HD 159545	HIP 86081	263.88049	-2.89171	408.1	m	7.772	-0.282	B8 II	0.153
HD 165041	HIP 88388	270.73653	26.81292	408.15	m	8.625	0.571	A0	0.109
HD 216463	HIP 113182	343.78905	-73.06952	408.15	m	8.955	0.901	G8/K0 III	1.184
HD 63541	HIP 38121	117.18295	-19.17487	408.16	m	7.531	-0.523	K1 III	1.614
HD 213801	HIP 111337	338.34779	39.57516	408.16	e	8.173	0.119	B 9 V	-0.061
HD 219698	HIP 115006	349.39414	33.24887	408.18	m	8.594	0.54	A0	0.242
HD 82228	HIP 46795	143.03841	45.07659	408.24	m	8.802	0.747	K0	1.172
HD 60931	HIP 36748	113.37245	-59.19851	408.24	m	7.669	-0.386	K3 III	1.827
HD 224844	HIP 100	0.31638	19.74124	408.25	m	8.535	0.48	G0	0.993
HD 32628	HIP 23278	75.13153	-61.66563	408.28	m	8.92	0.865	G6 III	1.125
HD 100359	HIP 56246	172.94945	-73.90266	408.3	m	6.91	-1.145	B7 IV	0.219
HD 67319	HIP 39886	122.20512	37.227	408.3	m	8.677	0.622	K0	1.401
HD 37779	HIP 26630	84.89983	-32.9805	408.3	m	8.912	0.857	G8 III	1.362
HD 89393	HIP 50454	154.52686	-40.2394	408.32	m	8.243	0.188	AP SRCREU	0.144
HD 62689	HR 3000|HIP 36982	114.01749	-77.63411	408.33	m	6.911	-1.144	M0 III	2.053
HD 144612	HIP 79029	241.9557	-30.61003	408.34	m	8.359	0.304	AP SI	0.037
HD 219010	HIP 114602	348.24802	-44.06122	408.35	m	8.705	0.65	K3 III	1.611
HD 82223	HIP 46563	142.44002	-35.34259	408.38	m	8.565	0.51	A0 V	0.047
HD 15675	HIP 11720	37.81925	1.51556	408.39	m	8.465	0.41	K0/1 III	1.375
HD 33235	HIP 23967	77.28099	9.15525	408.4	m	8.952	0.897	K2	1.156
HIP 60466		185.94405	64.52749	408.41	m	8.896	0.841	G5	1.137
HD 16755	HIP 12383	39.85439	-49.14831	408.43	m	7.844	-0.212	K2 III	1.63
HD 70577	HIP 41018	125.55934	-13.62221	408.43	m	8.981	0.925	K0 III	1.206
HD 183772	HIP 95719	292.04128	54.77978	408.48	m	7.545	-0.511	G5	1.117
HD 107270	HIP 60165	185.06643	-64.64778	408.49	m	7.272	-0.784	G5P BA	1.261
HD 27661	HIP 20101	64.63612	-58.41711	408.51	m	8.464	0.408	K0 III	1.234
HD 76022	HIP 44104	134.74426	73.08096	408.53	m	7.943	-0.113	G0	1.141
HD 102048	HIP 57268	176.15674	-7.82153	408.54	m	8.912	0.856	K0 III	1.096
HD 21971	HIP 16789	54.0159	63.28813	408.58	m	7.577	-0.479	K4III	2.111
HD 256418	HIP 30417	95.93812	14.97521	408.6	m	8.859	0.803	K0	1.313
HD 64831	HIP 38433	118.09279	-59.49311	408.6	m	7.845	-0.212	B8 VN	0.104
HD 47371	HIP 31477	98.89406	-50.2961	408.6	m	7.16	-0.897	G8 III	1.385
HD 102773	HIP 57677	177.43605	-59.27184	408.65	m	8.688	0.631	B9.5 V	0.055
HD 185562	HIP 96585	294.52012	38.77506	408.66	m	8.73	0.673	K0	1.068
HD 71132	HIP 41394	126.67051	28.06356	408.66	m	8.333	0.276	G8IV	1.002
HD 45997	HIP 31041	97.7057	2.53799	408.67	m	8.191	0.134	K1 III	1.467
HD 36457	HIP 25902	82.93197	-3.21648	408.67	m	6.859	-1.198	K0/1 III	1.572
HD 35026	HIP 24569	79.06228	-68.13344	408.7	m	8.887	0.83	A7 V	0.27
HD 206010	HIP 106996	325.04415	-38.89142	408.71	m	8.874	0.817	K0 III	1.119
HIP 115962		352.4119	23.14875	408.72	m	8.988	0.931	K0	1.237
HD 131712	HIP 72880	223.43848	42.98195	408.72	m	8.794	0.737	K0	1.186
HD 7178	HIP 5683	18.27328	54.40344	408.78	m	8.536	0.479	A0	0.031
HD 65314	HIP 38799	119.11101	-40.58178	408.78	m	8.896	0.839	G6 III	1.052
HD 126378	HIP 70349	215.9023	49.40509	408.79	m	7.334	-0.723	K0	1.749
HIP 120403		119.45488	-60.68362	408.84	m	8.509	0.451	A0VN	0.052
HIP 76388		234.02682	25.27963	408.84	m	8.753	0.695	F5	1.253
HD 125460	HIP 70115	215.20784	-46.78427	408.85	m	8.135	0.077	K5 III	1.924
HD 198568	HIP 102889	312.67284	20.47555	408.87	m	8.055	-0.003	K5	1.516
HD 159993	HIP 86112	263.97364	38.01236	408.87	m	8.699	0.641	K0	1.15
HD 101703	HIP 57032	175.4073	-67.91437	408.87	m	8.507	0.449	A2 V + F6 V	0.587
HD 197008	HIP 101946	309.88621	38.37555	408.89	m	7.934	-0.124	A3	0.261
HD 15496	HIP 11567	37.26095	-23.20816	408.94	m	7.962	-0.096	M1 III	1.859
HD 16115	HIP 12028	38.77708	-9.44281	408.94	m	8.268	0.21	CH	1.461
HD 45050	HR 2312|HIP 30547	96.32701	1.50153	408.95	m	6.656	-1.402	B9/9.5 IV	-0.032
HD 37699	HIP 26694	85.08412	-2.43562	408.98	m	7.59	-0.469	B5 III	-0.133
HIP 65162		200.29758	41.65688	408.99	m	8.968	0.909	K 0 III	1.38
HD 17898	HIP 13354	42.95687	-23.17646	409.02	m	8.869	0.81	G8 IV	1.185
HD 342892	HIP 91859	280.91895	23.53525	409.02	m	8.929	0.87	K0	1.548
HD 3760	HIP 3157	10.03737	-26.0493	409.08	m	8.521	0.462	K2 III	1.582
HD 122479	HIP 68677	210.87867	-52.0594	409.09	m	7.36	-0.699	B2 III	-0.079
HD 50801	HIP 33138	103.50814	-18.56506	409.1	m	8.877	0.818	B9 IV	-0.038
HD 100370	HIP 56114	172.54541	-84.09564	409.1	m	8.307	0.248	B9 III/IV	0.088
HD 9473	HIP 7218	23.24536	0.12692	409.13	m	8.264	0.205	M3/4 III	1.845
HD 255390	HIP 30146	95.1543	18.04081	409.14	m	8.916	0.857	K0	1.409
HD 40082	HIP 28468	90.15358	59.88525	409.14	m	7.909	-0.15	K2	1.887
HD 239514	HIP 103033	313.11696	56.83126	409.16	m	8.829	0.77	K7	1.659
HD 38136	HIP 26941	85.75465	-11.82432	409.16	m	8.715	0.656	B9.5/A0 IV/V	0.06
HD 81713	HIP 46332	141.69102	-20.64811	409.16	m	8.996	0.937	G8 IVWG3/5	1.141
HD 5381	HIP 4378	14.02079	29.7802	409.18	m	8.956	0.896	K0	1.197
HD 91167	HIP 51527	157.85826	-3.74344	409.19	m	8.673	0.613	K0 III	1.22
HD 2739	HIP 2455	7.80378	43.94654	409.2	m	6.734	-1.326	B8	-0.079
HD 196970	HIP 101721	309.28516	64.36053	409.2	m	7.858	-0.202	K5	1.926
HD 223027	HIP 117248	356.61651	-71.07439	409.2	m	8.29	0.23	A1 V	0.051
HD 138347	HIP 76171	233.37121	-49.00071	409.2	m	7.854	-0.206	K1 II/IIICNIB/II	1.343
HD 35246	HIP 25021	80.35947	-40.76428	409.21	m	8.627	0.567	G8 III	1.125
HIP 104257		316.82348	37.19607	409.22	m	8.957	0.897	K2	1.238
HD 72111	HIP 41557	127.0994	-56.04114	409.24	m	8.48	0.42	B8 III	0.075
HD 72011	HIP 41694	127.49687	-16.71597	409.25	m	8.617	0.557	K2 III	1.504
HIP 106612		323.89542	34.77227	409.27	m	8.898	0.838	K0	1.072
HD 103985	HIP 58413	179.65076	40.18005	409.27	m	8.349	0.289	K3III	1.651
HD 84490	HIP 47841	146.26712	-25.04853	409.27	m	8.724	0.664	G8 III	1.077
HD 8171	HIP 6332	20.32459	6.97081	409.28	m	8.973	0.913	G5	1.187
HD 92244	HIP 52121	159.72847	-10.1511	409.28	m	8.886	0.826	G8 IV/V	1.055
HD 9371	HIP 7156	23.06224	3.68516	409.28	m	7.584	-0.476	K4 III	1.81
HD 141444	HIP 77569	237.54779	-28.70432	409.31	m	8.956	0.896	B9.5 V	0.138
HD 35853	HIP 25458	81.67269	-24.37097	409.31	m	8.6	0.54	K1 III	1.397
HD 72406	HIP 41156	125.9574	-78.7176	409.33	m	8.874	0.814	K0 III	1.26
HD 187840	HIP 97801	298.10794	-10.95623	409.35	m	7.571	-0.489	K3 III	1.776
HD 20676	HIP 15652	50.37417	45.38705	409.36	m	7.424	-0.637	B8	0.038
HD 640	HIP 882	2.69666	32.24257	409.39	m	7.823	-0.238	M2	1.57
HD 115901	HIP 65055	200.02423	9.99999	409.42	m	8.927	0.866	K0	1.235
HD 139022	HIP 76476	234.2954	-41.01878	409.46	m	7.267	-0.794	K2/3 III	1.724
HD 99957	HIP 56111	172.53086	25.30342	409.46	m	7.758	-0.303	K3III	1.651
HD 25816	HIP 18898	60.76383	-51.64695	409.46	m	7.753	-0.308	K2/3 III	1.665
HD 110827	HIP 62228	191.31111	-46.93473	409.46	m	8.345	0.284	K0 III	1.148
HD 113197	HIP 63655	195.69089	-55.6753	409.47	m	8.335	0.274	K1 III	1.542
HD 100314	HIP 56302	173.13599	-5.80751	409.48	m	8.496	0.435	G6 V	0.941
HD 81353	HIP 46017	140.77492	-53.82017	409.49	m	6.925	-1.136	G8 II/III	1.196
HIP 71897		220.58512	36.61252	409.5	m	8.765	0.704	K0	1.073
HD 108680	HIP 60924	187.29038	-2.42957	409.51	m	7.066	-0.995	M2 III	1.871
HD 142112	HIP 77808	238.3215	-17.96826	409.51	m	8.43	0.369	F2/3 IV/V	0.529
HD 52202	HIP 33833	105.35217	27.38027	409.53	m	8.148	0.087	A0	0.072
HD 108269	HIP 60724	186.66966	-54.82323	409.54	m	8.097	0.035	K1 III	1.585
HD 143617	HIP 78563	240.62121	-26.14803	409.57	m	7.736	-0.326	M2/3 III	1.969
HD 106717	HIP 59849	184.09361	-5.84573	409.58	m	7.508	-0.554	K2/3 III	1.597
HD 192041	HIP 99486	302.85715	38.81757	409.58	m	8.038	-0.024	K2II	1.78
HD 120174	HIP 67380	207.145	-40.08007	409.58	m	8.769	0.707	G8 III	1.279
HD 158786	HIP 86268	264.40643	-71.34478	409.62	m	8.735	0.673	K0 III	1.288
HD 178797	HIP 93946	286.93246	47.0358	409.65	m	7.803	-0.259	K0	1.553
HD 18186	HIP 13299	42.79231	-69.1851	409.66	m	8.931	0.869	G8 III	1.169
HD 221549	HIP 116241	353.2996	-40.84539	409.67	m	8.828	0.766	G8 III	1.14
HD 144323	HIP 79112	242.21243	-61.80058	409.68	m	7.475	-0.587	K4 III	2.004
HD 35301	HIP 25067	80.4934	-38.48859	409.69	m	8.122	0.06	K1 III	1.372
HD 183741	HIP 96044	292.92744	-19.38648	409.72	m	7.362	-0.7	K4 III	1.922
HD 151282	HIP 82488	252.88513	-67.56311	409.74	m	8.943	0.88	G+...	1.074
HD 79731	HIP 45408	138.80255	-17.96252	409.74	m	8.932	0.869	K0 III	1.146
HD 82466	HIP 46606	142.55183	-54.93833	409.74	m	8.452	0.389	B9 IV	-0.062
HD 116633	HIP 65064	200.04738	80.62438	409.78	m	8.942	0.879	K0	1.062
HD 195849	HIP 101894	309.7343	-71.09444	409.8	m	7.277	-0.786	M2 III	1.953
HIP 102249		310.77499	3.60441	409.8	m	8.971	0.908	G5	1.07
HD 28552	HR 1429|HIP 20856	67.03944	-41.95983	409.8	m	6.595	-1.468	M1 III	1.934
HD 174485	HIP 92434	282.56226	11.52264	409.81	m	7.373	-0.69	A0	0.578
HD 223863	HIP 117794	358.33202	-59.09959	409.82	m	8.287	0.224	K2 III	1.409
HD 197774	HIP 102478	311.50207	-6.29335	409.82	m	8.681	0.618	A0 III/IV	0.15
HD 41441	HIP 28560	90.42296	-56.9853	409.84	e	8.065	0.002	A7 IV	0.3
HD 101998	HIP 57257	176.12182	48.51641	409.84	m	7.281	-0.782	K2V	1.714
HD 128199	HIP 71338	218.83759	11.30178	409.85	m	8.951	0.888	G5	1.33
HD 497	HIP 757	2.32736	-59.06039	409.86	m	8.97	0.907	G8 III	1.215
HD 13668	HIP 10200	32.78857	-59.15191	409.86	m	7.387	-0.676	K2 III	1.642
HD 204923	HIP 106239	322.78172	26.04668	409.88	m	8.187	0.124	K3III	1.597
HD 65369	HIP 39113	120.03424	41.42297	409.89	m	7.654	-0.409	K2	1.819
HD 130932	HIP 72756	223.10032	-46.75995	409.89	m	7.053	-1.01	M1/2 III	1.987
HD 189584	HIP 98672	300.62736	-41.5274	409.9	m	8.837	0.774	K0 III	1.137
HD 239451	HIP 101458	308.43664	57.79762	409.93	m	8.919	0.855	K0	1.217
HD 17628	HIP 13083	42.04793	-45.32623	409.93	m	8.996	0.932	G8/K0 III	1.203
HD 200429	HIP 103890	315.75434	15.76053	409.95	m	7.785	-0.279	G5	1.063
HD 1794	HIP 1769	5.59841	35.53635	409.98	m	7.202	-0.862	K5	1.952
HD 38528	HIP 27261	86.67996	2.70735	409.99	m	7.832	-0.232	B9/9.5 IV	0.249
HD 206898	HIP 107329	326.08666	35.25507	409.99	m	8.586	0.522	A0	0.016
HD 74708	HIP 42918	131.1949	-22.29804	410	m	7.691	-0.373	K5 III	1.967
HD 2839	HIP 2520	7.98869	28.52105	410	m	8.935	0.871	K1III	1.178
HIP 9136		29.44181	30.89677	410.02	m	8.909	0.845	K0	1.132
HD 35678	HIP 25269	81.06727	-43.60883	410.02	m	7.824	-0.24	M1 III	1.902
HD 64124	HIP 38642	118.69133	49.78491	410.05	m	8.02	-0.044	K0	1.21
HD 154896	HIP 83898	257.20131	-13.127	410.07	m	7.747	-0.317	K1 III	1.974
HD 167274	HIP 88909	272.23198	67.98826	410.08	m	8.038	-0.026	A0	0.116
HD 94133	HIP 53115	162.99641	11.35718	410.08	m	8.155	0.091	K0	1.451
HD 143391	HIP 79215	242.5045	-79.03514	410.09	m	8.21	0.146	K1 III	1.643
HD 36804	HIP 25903	82.93266	-49.01847	410.11	m	7.398	-0.667	B6 V	-0.117
HD 184928	HIP 96383	293.94679	25.17441	410.13	m	8.095	0.03	B9	0.171
HD 179938	HIP 94511	288.53808	10.46126	410.14	m	8.384	0.319	B8	0.087
HD 222413	HIP 116813	355.12346	-49.19544	410.15	m	8.924	0.859	G8 III	1.185
HD 143287	HIP 78604	240.72153	-60.33623	410.16	m	8.32	0.255	B8/9 IB/II	0.04
HD 68164	HIP 40390	123.69605	62.03664	410.16	m	8.736	0.671	B9	0.228
HD 219562	HIP 114897	349.09603	38.95911	410.16	m	8.329	0.264	K2	1.444
HD 223717	HIP 117679	357.98285	40.74509	410.18	m	7.535	-0.53	B8	0.013
HD 1361	HIP 1445	4.49782	40.74675	410.18	m	7.883	-0.182	K0	1.633
HD 138357	HIP 76049	232.96341	-7.15317	410.18	m	8.51	0.445	A4 IV	0.345
HD 134808	HIP 74134	227.24159	60.79631	410.21	m	8.062	-0.003	K2	1.479
HD 204700	HIP 106136	322.47484	20.94837	410.22	m	7.892	-0.173	K5	1.903
HD 67170	HIP 39386	120.78138	-62.13282	410.24	m	8.111	0.046	B8 III/IV	-0.007
HD 177059	HIP 93729	286.27193	-43.86488	410.24	m	8.418	0.353	B9 V	0.005
HD 203426	HIP 105397	320.22378	41.44207	410.25	m	7.689	-0.376	G5	1.186
HD 57203	HIP 35742	110.58722	45.67005	410.27	m	8.968	0.903	K0	1.239
HD 150265	HIP 79069	242.11359	86.19987	410.28	m	8.685	0.62	A 2 V	0.292
HD 20607	HIP 15293	49.32877	-43.40732	410.28	m	8.88	0.815	K3/4 (III)	1.695
HD 44442	HIP 30184	95.26182	-17.95754	410.31	m	8.086	0.02	A0 V	0.023
HD 36333	HIP 26038	83.32071	45.23916	410.36	m	8.584	0.518	K0	1.295
HD 218951	HIP 114548	348.0468	6.60548	410.36	m	8.47	0.404	K2	1.547
HD 160884	HIP 86625	265.49819	10.6331	410.38	m	7.637	-0.429	K5	1.767
HD 65094	HIP 38536	118.37184	-61.05448	410.38	m	7.817	-0.249	B8 V	0.032
HD 16757	HIP 12188	39.24806	-71.14607	410.39	m	8.714	0.648	K2 III(CNII)	1.578
HD 479	HIP 743	2.27907	-50.01364	410.45	m	8.575	0.509	K0/2	1.379
HD 156386	HIP 84802	259.99991	-51.96534	410.48	m	8.485	0.419	K3 III	1.793
HD 64867	HIP 38937	119.50711	46.43753	410.48	m	8.808	0.742	G5	1.047
HD 28489	HIP 20942	67.35013	-4.20627	410.5	m	8.698	0.631	A2 V	0.017
HD 37807	HIP 26766	85.28387	-3.63257	410.51	m	7.862	-0.205	B3/5 IV	-0.094
HIP 92114		281.60077	38.32162	410.51	m	8.716	0.649	K0	1.138
HD 81395	HIP 46140	141.13793	-28.00393	410.53	m	8.529	0.462	A7 III/IV	0.299
HD 60040	HIP 34905	108.32955	-83.92377	410.54	m	8.186	0.119	M0 III	1.999
HIP 85345		261.60018	65.23631	410.55	m	8.828	0.761	G0	1.168
HD 4826	HIP 3828	12.28244	-69.12667	410.55	m	8.283	0.216	K4 III	1.818
HD 208641	HIP 108357	329.27799	27.99369	410.56	m	8.724	0.657	G0III	0.777
HD 53342	HIP 34044	105.93714	-24.31085	410.58	m	8.267	0.2	B8 V	-0.045
HD 116139	HIP 65192	200.4038	2.85399	410.59	m	7.966	-0.101	K5 III	1.856
HD 46552	HIP 31485	98.90687	32.57681	410.6	m	7.769	-0.298	B 5 III	-0.054
HD 104329	HIP 58578	180.20085	-49.56852	410.61	m	7.978	-0.089	K1/2 III	1.397
HD 46451	HIP 31424	98.77561	37.06435	410.61	m	7.587	-0.48	G5	1.4
HD 161768	HIP 87012	266.70086	14.00944	410.63	m	8.606	0.539	A0	0.144
HD 89471	HIP 50579	154.97475	20.40425	410.64	m	7.882	-0.185	K0	1.619
HD 224556	HIP 118245	359.75973	-74.05573	410.68	m	8.965	0.897	G6/8 III	1.105
HD 133315	HIP 73683	225.91827	2.38631	410.69	m	8.959	0.891	K0 III	1.242
HD 89105	HIP 50233	153.82404	-55.68946	410.7	m	7.886	-0.182	B9 III	-0.02
HD 24764	HIP 18348	58.84014	-26.54463	410.72	m	8.698	0.63	K0 III	1.218
HD 1572	HIP 1564	4.85838	-70.66159	410.72	m	8.337	0.269	K2/3 III	1.594
HD 120435	HIP 67375	207.13754	40.2469	410.73	m	7.934	-0.134	M1	1.828
HD 117368	HIP 65917	202.69831	-49.35507	410.74	m	8.196	0.128	K5/M0 III	1.937
HD 50521	HIP 33459	104.34077	59.18546	410.76	m	7.817	-0.251	A2	0.088
HD 164094	HIP 87941	269.47546	38.08406	410.77	m	8.242	0.174	K0	1.635
HD 73127	HIP 42069	128.62078	-51.09313	410.77	m	6.543	-1.525	B2 V	-0.168
HIP 82859		254.00468	24.50523	410.77	m	8.873	0.805	K0	1.17
HD 193455	HIP 100348	305.25513	-18.32394	410.79	m	7.419	-0.649	K3 III	1.776
HD 17032	HIP 12736	40.92949	-11.89748	410.8	m	8.699	0.631	K0/1 III	1.21
HD 126892	HIP 70295	215.74222	76.66367	410.82	m	8.794	0.726	G5	1.043
HD 8373	HIP 6520	20.94336	48.37615	410.82	m	7.778	-0.29	K2	1.784
HD 37313	HIP 26251	83.86818	-43.3978	410.83	m	8.647	0.579	B9 IV	-0.08
HD 78780	HIP 44974	137.42092	-13.85736	410.83	m	7.6	-0.468	K2 III	1.825
HD 218691	HIP 114410	347.56219	-27.28779	410.84	m	8.79	0.722	K0 III	1.152
HD 139659	HIP 77361	236.88097	-77.4605	410.86	m	8.12	0.052	A3 V	0.21
HIP 109781		333.54856	4.47127	410.87	m	8.91	0.841	K0	1.442
HD 211888	HIP 110246	334.97136	28.8586	410.88	m	8.78	0.711	K0	1.202
HD 184978	HIP 96405	294.00662	25.54644	410.88	m	8.403	0.334	A0	0.131
HD 33979	HIP 24306	78.23266	-27.15901	410.89	m	7.506	-0.563	K2 III	1.663
HD 30751	HIP 22896	73.86793	67.5476	410.9	m	7.998	-0.071	K5	1.955
HD 97113	HIP 54593	167.5892	-36.09517	410.9	m	7.722	-0.347	M3 III	1.816
HD 3265	HIP 2851	9.02773	38.25197	410.91	m	7.253	-0.816	M0III	1.964
HD 40759	HIP 28479	90.19054	-3.89566	410.91	m	8.538	0.469	Ap EuCr(Sr)	0.07
HD 87965	HIP 49618	151.89645	-42.45031	410.91	m	8.58	0.511	F6/7 V	0.736
HD 99695	HIP 55946	171.98403	-35.5492	410.91	m	8.026	-0.043	K1 III	1.384
HD 41351	HIP 28679	90.82612	-32.07961	410.92	m	8.951	0.882	G8 IV	1.269
HD 124197	HIP 69591	213.66523	-65.70141	410.93	m	6.726	-1.343	B3 V	-0.064
HD 16210	HR 758|HIP 12193	39.25975	34.26426	410.95	m	7.443	-0.626	M9	1.436
HD 204441	HIP 105971	321.93769	31.79527	410.95	m	7.934	-0.135	K0	1.555
HD 62278	HIP 37462	115.3412	-41.16478	410.97	m	7.38	-0.689	B7 III/IV	-0.065
HD 17538	HIP 12900	41.45565	-62.72422	410.98	m	7.34	-0.729	K3/4 III	1.762
HD 187910	HIP 97896	298.4126	-32.66189	411.01	m	8.55	0.481	K1 III	1.577
HD 193948	HIP 100441	305.53768	26.33827	411.01	m	8.019	-0.05	A P SI	-0.073
HD 96330	HIP 54278	166.55263	-13.06377	411.02	m	8.591	0.522	G5/8 III/IV (+ F)	1.007
HD 50245	HIP 33098	103.40796	29.51789	411.04	m	8.064	-0.005	K0	1.42
HD 130518	HIP 72610	222.68325	-55.00926	411.06	m	7.326	-0.744	K4 III	1.928
HD 36392	HIP 25881	82.87453	1.69004	411.07	m	7.497	-0.573	B5 III	-0.148
HD 66064	HIP 39019	119.76954	-54.5469	411.09	m	7.944	-0.126	G6 II/III	1.244
HD 16896	HIP 12594	40.48937	-22.60608	411.09	m	8.409	0.339	M5 III	1.633
HD 215328	HIP 112235	340.98666	29.277	411.12	m	7.621	-0.449	B9	-0.116
HD 14387	HIP 10821	34.8287	-4.1272	411.13	m	8.849	0.779	G8/K0 IV	1.229
HD 68831	HIP 40503	124.04109	46.8022	411.16	m	7.006	-1.064	K5	1.943
HIP 82620		253.35444	66.62676	411.17	m	8.997	0.927	K2	1.478
HD 183355	HIP 96018	292.84246	-46.27299	411.18	m	6.949	-1.121	G6 III	1.155
HD 66090	HIP 39302	120.53125	2.96062	411.18	m	6.943	-1.127	K4 III	1.835
HD 202215	HIP 104715	318.18472	49.32961	411.19	m	7.737	-0.333	A2	0.15
HD 90484	HIP 51146	156.7244	-0.14851	411.24	m	7.381	-0.689	K4 III	1.871
HD 223800	HIP 117747	358.19816	-12.01692	411.25	m	7.641	-0.43	M4 III	1.7
HD 146930	HIP 79901	244.64324	7.26049	411.27	m	7.962	-0.109	K5	1.907
HD 90193	HIP 51022	156.35008	37.02856	411.27	m	8.892	0.821	K0	1.17
HIP 106326		323.0233	43.73211	411.3	m	8.998	0.927	K0	1.144
HD 36451	HIP 26155	83.64274	51.92043	411.3	m	8.923	0.852	A0...	0.128
HD 87871	HIP 49591	151.85286	-24.93526	411.3	m	8.368	0.297	K3 III	1.619
HD 220020	HIP 115253	350.16202	-8.91959	411.31	m	7.866	-0.205	B9 IV/V	-0.023
HD 138933	HIP 76180	233.40389	41.756	411.38	m	8.965	0.894	G5	1.116
HD 65599	HIP 38759	119.02012	-60.2427	411.39	m	8.859	0.788	B9 V	0.025
HD 28241	HIP 20749	66.69415	-14.62116	411.4	m	8.244	0.173	K2 III	1.658
HD 82472	HIP 47037	143.79761	65.4091	411.42	m	7.892	-0.179	K0	1.451
HD 14368	HIP 10428	33.58718	-75.37839	411.45	m	8.698	0.626	G8 IIICNII	1.093
HD 46771	HIP 31360	98.64228	-17.36445	411.46	m	8.749	0.677	AP SI	-0.039
HD 164254	HIP 88114	269.94002	15.30956	411.47	m	8.497	0.425	A0	0.109
HD 110983	HIP 62326	191.59408	-48.61162	411.47	m	8.405	0.333	F2 III	0.456
HD 7627	HIP 5919	19.03538	-4.95086	411.47	m	8.484	0.412	K1 III	1.528
HD 20915	HIP 15559	50.11166	-47.90865	411.48	m	8.584	0.512	K4 III	1.761
HD 92745	HIP 51925	159.10375	-82.92283	411.48	m	8.863	0.791	B9/9.5 V	0.08
HD 219302	HIP 114820	348.87618	-59.69427	411.48	m	7.541	-0.531	K2 III	1.668
HD 125068	HIP 69889	214.5413	-38.8845	411.49	m	7.971	-0.101	K4/5 III	1.866
HD 101910	HIP 57174	175.87803	-44.99483	411.5	m	8.572	0.5	A6 III	0.293
HD 68372	HIP 39879	122.18523	-60.62581	411.51	m	7.305	-0.767	B8 III	-0.025
HD 37674	HIP 26683	85.05641	-1.46257	411.51	m	7.635	-0.437	B5 V(n)	-0.039
84 Gem	HD 64092|HIP 38495	118.2542	22.33453	411.51	m	7.155	-0.917	K0	1.202
HD 200290	HIP 103791	315.47853	23.66586	411.52	e	7.918	-0.154	F8	0.715
HD 124844	HIP 70128	215.24646	-76.69952	411.53	m	8.48	0.408	B9.5 VN	0.026
HIP 71956		220.75609	64.17337	411.53	m	8.988	0.916	G5	1.104
HD 65823	HIP 39235	120.3762	23.91273	411.53	m	7.429	-0.643	K0	1.509
HD 60475	HIP 36852	113.65768	0.17438	411.58	m	8.434	0.362	A0 V	0.039
HD 94144	HIP 53007	162.66674	-61.26955	411.59	m	6.831	-1.241	B4 III	-0.032
HD 149955	HIP 81086	248.42511	64.40313	411.6	m	8.821	0.749	K0	1.017
HD 220668	HIP 115621	351.33562	36.16444	411.61	m	7.676	-0.396	A0	-0.039
HD 107157	HIP 60076	184.77919	52.43887	411.62	m	8.36	0.287	K0	1.024
HD 99054	HIP 55654	171.04116	12.46146	411.63	m	8.381	0.308	K2	1.589
HD 202499	HIP 105105	319.35579	-38.76515	411.63	m	8.945	0.872	K3 (III)	1.551
HIP 95907		292.57225	48.65654	411.7	m	8.963	0.89	K0	1.394
HD 124505	HIP 69630	213.76166	-39.18878	411.7	m	8.973	0.9	K1 III	1.474
HD 87642	HIP 49380	151.22259	-52.02527	411.71	m	7.539	-0.534	K2 III	1.587
HD 62804	HIP 37689	115.98526	-41.85351	411.71	m	8.84	0.767	B9 V	0.003
HD 224491	HIP 118183	359.59612	38.96329	411.72	m	8.072	-0.001	K2	1.925
HD 145277	HIP 79301	242.75759	-25.11776	411.72	m	8.281	0.208	K3 III	1.8
HD 213102	HIP 110957	337.20344	17.13216	411.72	m	8.759	0.686	A2	0.309
HD 220574	HIP 115516	350.99789	66.73837	411.73	m	8.895	0.822	B5	0.349
HD 28850	HIP 21075	67.75801	-38.74654	411.75	m	8.876	0.803	G8 III	1.282
HD 28443	HIP 20696	66.50281	-56.5262	411.76	m	8.983	0.91	K2 III(CNII)	1.329
HD 142442	HIP 77873	238.5392	13.38388	411.76	m	8.731	0.658	K2	1.541
HD 95378	HIP 53642	164.6084	-74.75256	411.77	m	8.735	0.662	K1/2 III	1.604
HD 171835	HIP 91244	279.17211	6.04242	411.78	m	7.871	-0.202	A2	0.348
HD 190642	HIP 99042	301.62252	-18.30793	411.78	m	8.195	0.122	G5 V	1.19
HD 162648	HIP 87430	268.00029	4.4873	411.81	m	6.938	-1.135	K5 III	2.083
HD 219448	HIP 114860	348.98645	-6.88724	411.84	m	8.868	0.794	G6/8 III	0.961
HD 70105	HIP 41019	125.56092	48.33811	411.85	m	8.575	0.501	K5	1.637
HD 40996	HIP 28697	90.89136	26.52913	411.85	m	6.982	-1.092	B8	0.033
HD 79913	HIP 45507	139.10769	-11.92361	411.87	m	8.655	0.581	K0 III	1.122
HD 92738	HIP 52319	160.35851	-54.10677	411.89	m	8.452	0.378	B9 V	0.012
HD 221581	HIP 116284	353.40706	-56.80342	411.9	m	8.864	0.79	G8 III	1.122
HD 8791	HIP 6773	21.7732	25.43975	411.92	m	7.382	-0.692	K3II	1.836
HD 11156	HIP 8532	27.50465	14.22608	411.92	m	8.938	0.864	K0	1.228
HD 7080	HIP 5505	17.62991	-42.95114	411.94	m	8.728	0.654	G8 III/IV	1.078
HIP 70959		217.71321	81.45204	411.96	m	8.755	0.681	K5	1.647
HD 177696	HIP 93462	285.52083	60.12847	411.96	m	7.042	-1.032	K5	1.915
HD 97443	HIP 54769	168.19341	-5.11694	411.96	m	7.936	-0.138	K1 III	1.485
HD 24012	HIP 17998	57.71372	35.09978	411.98	m	7.829	-0.245	B 3 V	0.002
HD 215213	HIP 112173	340.77174	35.32996	411.98	m	8.336	0.262	B9	-0.066
HD 189533	HIP 98474	300.08857	3.33194	411.99	m	6.845	-1.229	G8 II	1.524
HD 205796	HIP 106670	324.07473	48.64142	411.99	m	8.612	0.538	A0	-0.025
HD 59692	HIP 36516	112.679	-9.31005	412	m	7.741	-0.333	A0 V	0.074
HIP 40002		122.54847	69.41581	412.01	m	8.968	0.893	G5	1.161
HD 123106	HIP 68873	211.5469	-24.74054	412.01	m	7.763	-0.312	M1/2 III	1.96
HD 83865	HIP 47397	144.86077	-54.75337	412.01	m	6.796	-1.279	B5 V	-0.123
HD 46316	HIP 31551	99.06152	58.82724	412.01	m	7.798	-0.277	K 2 III	1.487
HD 162535	HIP 87444	268.01757	-15.02615	412.05	m	8.357	0.282	G8/K0 (III) + A	1.156
HD 40362	HIP 28037	88.93129	-48.94271	412.05	m	8.748	0.673	K1/2 (III)	1.502
HD 204244	HIP 105846	321.57332	35.83925	412.09	m	8.015	-0.06	M5	1.71
HD 31099	HIP 22732	73.35294	7.67934	412.09	m	8.842	0.767	A0	-0.001
HD 216429	HIP 112928	343.0617	38.74573	412.11	m	8.375	0.3	A 3 III	0.211
HD 117141	HIP 65735	202.11862	-9.74355	412.13	m	8.339	0.264	K0 III	1.35
HD 92635	HIP 52416	160.72595	55.89082	412.13	m	7.585	-0.49	K5	1.898
HD 182866	HIP 95559	291.55093	15.55188	412.13	m	8.279	0.204	A0	0.278
HD 48883	HIP 32456	101.60836	20.70436	412.15	m	8.284	0.209	B9	-0.028
HD 190880	HIP 99442	302.75443	-64.3162	412.16	m	8.725	0.65	G8 III	1.163
HD 191953	HIP 99597	303.18701	-10.83967	412.2	m	7.996	-0.08	K2 III	1.566
HD 125669	HIP 70277	215.67995	-55.43116	412.2	m	7.226	-0.85	B8/9 III	0.086
HD 85723	HIP 48494	148.34692	-17.9261	412.2	m	7.972	-0.104	M3 III	1.813
HD 150077	HIP 81188	248.75298	60.46813	412.2	m	7.498	-0.578	M2	1.77
HIP 45428		138.86722	0.99806	412.23	m	8.948	0.872	K0	1.318
HD 84941	HIP 48109	147.14022	-7.31846	412.23	m	8.176	0.1	A1 V	0.147
HD 137531	HIP 75562	231.55355	12.94077	412.23	m	8.349	0.273	G5	1.023
HD 184645	HIP 96424	294.0557	-20.06503	412.23	m	8.828	0.752	A7 IV/V	0.314
HD 105536	HIP 59240	182.26402	53.67234	412.24	m	8.392	0.316	K0	1.478
HD 30405	HIP 22223	71.69886	-13.5814	412.24	m	8.586	0.51	K1 III	1.542
HD 224939	HIP 156	0.49694	63.35783	412.25	m	8.619	0.543	B 8 V	0.088
HD 210033	HIP 109244	331.96858	-17.93112	412.26	m	8.867	0.791	K0 III	1.172
HD 85271	HIP 48295	147.70258	4.98135	412.27	m	8.62	0.544	K0	1.617
HD 121752	HIP 68339	209.83367	-62.46035	412.29	m	8.515	0.439	B9 V	-0.001
HD 49539	HIP 32727	102.40595	19.16769	412.31	m	8.18	0.104	A0	-0.005
HD 183228	HIP 95749	292.11821	0.40428	412.31	m	8.468	0.392	B5 II/III	1.761
HD 108073	HIP 60627	186.37686	-69.47669	412.32	m	7.881	-0.195	B5/7 V	-0.047
HD 10507	HIP 7967	25.58666	-3.42455	412.33	m	8.364	0.288	F3/6 V	0.615
HD 52626	HIP 33401	104.21043	-67.22736	412.34	m	8.992	0.916	G5 IV	1.082
HD 195811	HIP 101506	308.54265	-19.28794	412.36	m	8.444	0.368	A3MA7-F2/3	0.416
HD 29331	HIP 21729	69.98783	52.81955	412.37	m	8.011	-0.065	K2	1.222
HD 77889	HIP 44778	136.89014	56.10139	412.37	m	8.851	0.775	G5	1.175
HD 23620	HIP 18148	58.19893	73.21279	412.38	m	8.347	0.271	A0	0.118
HD 35205	HIP 25131	80.68385	-10.56634	412.39	m	8.827	0.75	G8/K0 (III)	1.052
HD 67515	HIP 39562	121.26014	-60.38787	412.42	m	7.67	-0.407	B8 V	-0.035
HD 186499	HIP 97190	296.30392	-15.11011	412.43	m	8.617	0.54	K1 IIICNII	1.689
HD 87281	HIP 49178	150.55764	-57.70332	412.44	m	8.261	0.184	B9 V	-0.016
HD 169667	HIP 90101	275.813	49.96368	412.49	m	8.526	0.449	K5	1.361
HD 65774	HIP 38936	119.5037	-49.02004	412.49	m	8.745	0.668	B8 V	-0.013
HD 108466	HIP 60789	186.88709	28.10896	412.5	m	7.173	-0.904	K1III	1.469
HD 43406	HIP 29780	94.05778	5.11416	412.5	m	7.139	-0.938	B9	-0.06
HD 128807	HIP 71705	220.01748	-35.72369	412.56	m	8.646	0.569	K2 III	1.416
HD 12877	HIP 9699	31.1887	-48.86279	412.56	m	8.915	0.838	G6 III	1.101
HD 347996	HIP 89077	272.69359	20.65566	412.56	m	8.794	0.717	K0	1.133
HD 111073	HIP 62381	191.76538	-43.26447	412.57	m	7.942	-0.135	G8 III	1.113
HD 214541	HIP 111702	339.41821	58.64336	412.57	m	8.304	0.227	B8	0.367
HD 163442	HIP 87790	269.00492	5.16146	412.57	m	7.372	-0.705	B8	-0.05
HD 171103	HIP 91106	278.76069	-44.50368	412.59	m	8.439	0.361	G8 III	1.133
HD 181722	HIP 95561	291.56112	-65.72314	412.61	m	8.938	0.86	K1 III	1.374
HD 171630	HIP 91305	279.36758	-34.84538	412.61	m	8.125	0.047	K0 III + A/F	0.984
HD 62419	HIP 37870	116.44066	43.17375	412.61	m	8.877	0.799	K0	1.21
HD 82915	HIP 46925	143.46556	-38.38805	412.61	m	8.932	0.854	G8/K0 III	1.14
HD 171878	HIP 91380	279.56354	-25.42144	412.62	m	8.304	0.226	B9.5 III/IV	0.453
HD 41765	HIP 29161	92.27303	41.55023	412.63	m	8.065	-0.013	B8	0.007
HD 902	HIP 1066	3.30753	-37.82287	412.64	m	7.378	-0.7	K3/4 III	1.859
HD 214078	HIP 111545	338.96698	-7.33958	412.65	m	8.434	0.356	K0 III	1.345
HD 116180	HIP 65253	200.59977	-33.9513	412.69	m	8.901	0.823	K0 III	1.214
HD 100250	HIP 56241	172.93676	-51.6541	412.7	m	8.614	0.536	B9.5 IV/V	-0.01
HD 65005	HIP 38790	119.09051	-7.99121	412.71	m	7.986	-0.092	A2 IV	0.135
HD 21571	HIP 16182	52.11448	-13.2093	412.74	m	7.295	-0.783	K3 III	1.852
HD 56563	HIP 35440	109.7527	35.15788	412.76	m	7.241	-0.837	K0	1.652
HD 219906	HIP 115160	349.91245	-9.67672	412.79	m	8.793	0.714	G8 III	1.14
HD 76540	HIP 44013	134.43681	31.51922	412.82	m	8.737	0.658	G5	1.041
HD 80195	HIP 46080	140.95689	74.9753	412.9	m	8.172	0.093	K2	1.614
HD 128591	HIP 71472	219.25907	27.99939	412.91	m	8.949	0.87	G5	1.229
HD 125357	HIP 69987	214.812	-14.40791	412.94	m	7.676	-0.403	M2/3 III	1.854
HD 24342	HIP 18282	58.64958	49.75207	412.96	m	8.344	0.264	K0	1.831
HD 81667	HIP 46200	141.30101	-52.42546	412.96	m	8.915	0.835	B8/9 IV/V	-0.08
HD 115998	HIP 65151	200.26992	-24.47023	412.96	m	7.103	-0.977	K5/M0 III	2.016
HD 142171	HIP 78019	238.95927	-56.93892	412.99	m	8.996	0.916	K2 III	1.809
HD 143078	HIP 77989	238.88392	55.81714	413	m	8.442	0.362	K5	1.708
HD 45942	HIP 30913	97.32649	-26.50047	413	m	8.661	0.581	A2 V	0.105
HD 19195	HIP 14517	46.87134	54.11132	413	m	8.17	0.09	B9	0.138
HD 127105	HIP 70640	216.73991	62.50852	413.02	m	8.253	0.173	K5	1.75
HD 118178	HIP 66158	203.41239	60.78738	413.02	m	8.254	0.174	K0	1.118
HD 77444	HIP 44438	135.81272	27.21127	413.03	m	8.036	-0.044	K4III	1.688
HD 85834	HIP 48582	148.62699	-1.27076	413.04	m	8.517	0.437	B8/9 II	0.15
HD 1082	HIP 1233	3.8243	44.20339	413.07	m	6.758	-1.322	B9	-0.059
HD 54632	HIP 34597	107.49135	7.72464	413.09	m	6.803	-1.277	K2	1.858
HD 111442	HIP 62671	192.63357	-71.62293	413.11	m	8.239	0.159	B9.5 V	0.116
HD 240308	HIP 115912	352.2669	59.75304	413.15	m	8.494	0.413	B6III	0.53
HD 206907	HIP 107470	326.51311	-32.32414	413.15	m	8.826	0.745	G8 III/IV	1.133
HIP 95993		292.77871	71.68153	413.16	m	8.51	0.429	K0	1.22
HD 156572	HIP 84778	259.93144	-31.69073	413.22	m	8.93	0.849	G5 V	1.227
HD 294822	HIP 29813	94.17879	-3.46013	413.24	m	8.596	0.515	A0	-0.022
HD 80470	HIP 45664	139.61399	-45.94891	413.24	m	8.834	0.753	K1 III	1.182
HD 103066	HIP 57848	177.95413	-64.59563	413.25	m	7.458	-0.623	B4 V	0.004
HD 39164	HIP 31721	99.53724	87.29665	413.25	m	8.578	0.497	K5	2.41
HD 22973	HIP 16990	54.63199	-56.143	413.25	m	8.058	-0.023	G6 III	1.139
HD 118945	HIP 66755	205.23771	-39.7174	413.28	m	7.897	-0.184	K2/3 III	1.608
HD 23467	HIP 17556	56.39408	3.23973	413.28	m	7.89	-0.191	K5 III	1.963
HD 197291	HIP 102074	310.28525	44.3577	413.32	m	8.365	0.284	A0V	0.131
HD 44427	HIP 30159	95.19522	-24.30016	413.33	m	7.41	-0.671	B8 V	-0.114
HD 36969	HIP 25944	83.04938	-53.80493	413.33	m	8.621	0.54	K0 III	1.199
HD 709	HIP 945	2.91213	55.96137	413.33	m	7.986	-0.095	B8	0.009
HD 30719	HIP 22388	72.29268	-21.89107	413.33	m	8.038	-0.043	K0 III	1.393
HD 16477	HIP 8469	27.29936	-88.35742	413.33	m	8.022	-0.06	B9/9.5 V	0.035
HD 90239	HIP 50985	156.23271	-3.51888	413.34	m	8.592	0.51	K0 III	1.359
HD 88168	HIP 49776	152.41252	-22.25302	413.35	m	8.727	0.645	K0 III	1.291
HD 72253	HIP 41668	127.43174	-48.02628	413.39	m	7.714	-0.368	B8 V	-0.048
HIP 64650		198.78889	8.19872	413.39	m	8.901	0.819	K2	1.424
HD 102456	HIP 57533	176.87393	-33.89942	413.43	m	8.005	-0.077	K1 III	1.557
HD 810	HIP 1014	3.16244	39.28796	413.47	m	8.329	0.247	K0	1.618
HD 190160	HIP 99338	302.43893	-72.76261	413.49	m	8.845	0.763	K0 III	1.288
HD 160053	HIP 85926	263.39647	62.71446	413.53	m	8.881	0.798	K2	1.212
HD 134807	HIP 74082	227.0808	65.78869	413.59	m	6.917	-1.166	M0	1.801
HD 111842	HIP 62778	192.97516	25.67483	413.6	m	7.705	-0.378	K3IV	1.785
HD 368	HIP 647	1.99744	-78.21099	413.6	m	7.952	-0.131	K3 III	1.738
HD 210185	HIP 109302	332.16869	0.33804	413.6	m	7.882	-0.201	K0 III	1.331
HD 36540	HIP 25954	83.06179	-4.51839	413.61	m	8.158	0.075	B8/9 (III)	0.038
HD 176202	HIP 93254	284.93242	-15.31276	413.62	m	8.846	0.763	A5/6 IV	0.485
HD 20322	HIP 15142	48.80558	-28.345	413.64	m	7.835	-0.248	K2 III	1.573
HD 72831	HIP 42016	128.47175	-33.49025	413.64	m	8.673	0.59	A0 IV/V	0.136
HD 114515	HIP 64423	198.06578	-62.71402	413.64	m	8.756	0.673	G0/2 IV	1.146
HD 218836	HIP 114491	347.81274	-15.18428	413.65	m	8.164	0.081	K2 III	1.537
HD 165171	HIP 88407	270.77401	36.12087	413.65	m	8.113	0.03	F0	0.196
HD 164142	HIP 88121	269.97485	-1.1657	413.68	m	8.661	0.578	B8 V	0.259
HD 79143	HIP 45281	138.43149	43.82783	413.68	m	8.822	0.739	F5	0.452
HD 55023	HIP 34399	106.98288	-56.66426	413.7	m	8.998	0.915	K0 III	1.121
HD 66438	HIP 39241	120.38475	-45.23143	413.71	m	7.944	-0.139	B8 V	-0.112
HD 209026	HIP 108588	329.95664	23.94088	413.72	m	7.22	-0.864	M4	1.574
HD 119103	HIP 66850	205.50603	-43.14701	413.75	m	7.117	-0.967	B9 IV	-0.048
HIP 81954		251.13385	36.25701	413.75	m	8.923	0.839	K5	1.692
HD 45536	HIP 30707	96.78572	-21.55252	413.75	m	7.838	-0.246	B8 V	-0.081
HD 151650	HIP 82048	251.40202	55.77362	413.76	m	8.388	0.304	G5	1.072
HD 220852	HIP 115776	351.83203	-28.04524	413.76	m	8.575	0.491	G8/K0 III	1.145
HD 164373	HIP 87703	268.7147	69.22197	413.8	m	8.536	0.452	K5	1.477
HD 205742	HIP 106656	324.04738	44.42717	413.81	m	8.915	0.831	A0	0.02
HD 7763	HIP 6013	19.33124	1.84126	413.85	m	7.714	-0.37	K4 III	1.84
HD 1531	HIP 1551	4.83545	-46.49903	413.85	m	7.663	-0.421	M3 III	1.833
HD 219081	HIP 114608	348.27091	8.96345	413.85	m	6.922	-1.162	M2	1.917
HD 18299	HIP 13647	43.9276	-19.75646	413.87	m	7.786	-0.298	K1/2 III	1.661
HD 109800	HIP 61638	189.5299	-59.92303	413.89	m	8.861	0.777	B9.5 V	0.152
HD 65183	HR 3099|HIP 38792	119.09467	-30.28456	413.94	m	6.518	-1.567	M5/6 III	1.786
HD 166052	HIP 88982	272.43518	-18.8444	413.95	m	7.658	-0.427	B3 IV	0.062
HD 218326	HIP 114106	346.65439	42.65736	413.96	m	7.977	-0.108	B9	-0.025
HD 32970	HIP 23630	76.20567	-44.16728	413.98	m	8.893	0.808	K1 III	1.227
HD 105571	HIP 59264	182.34238	-12.94008	413.98	m	8.157	0.072	K1 III	1.605
HD 221896	HIP 116484	354.04695	-46.39138	413.99	m	8.987	0.902	K0 II/III	1.254
HD 87989	HIP 49472	151.51354	-67.52352	413.99	m	8.951	0.866	B9 V	0.052
HD 42849	HIP 29465	93.12267	-13.62362	414	m	7.563	-0.522	B9.5 III	0
HD 51690	HIP 33645	104.83806	25.23337	414.02	m	8.092	0.007	F8V	0.59
HD 109416	HIP 61356	188.59001	14.64374	414.05	m	8.925	0.84	K0	1.08
HIP 9409		30.2229	61.01359	414.05	m	8.671	0.586	K0IV	2.056
HD 107149	HIP 60086	184.82839	-16.27386	414.06	m	7.534	-0.551	K5 III	1.89
HD 179309	HIP 94258	287.79359	23.47993	414.07	m	7.03	-1.055	B9	0.102
HD 167729	HIP 89692	274.56466	-38.22974	414.08	m	8.037	-0.048	K2 III	1.65
HD 53033	HIP 34010	105.8614	-4.2664	414.08	m	7.564	-0.521	K1/2 III	1.662
HD 128526	HIP 71411	219.04991	40.25231	414.09	m	8.146	0.061	K0	1.558
HD 140252	HIP 76819	235.26747	40.76224	414.09	m	8.783	0.698	F0	0.308
HD 141606	HIP 77799	238.29771	-60.7295	414.12	m	8.932	0.846	K0 III	1.371
HD 49702	HIP 32642	102.14506	-27.38094	414.17	m	7.803	-0.283	B6 V	-0.096
HD 84283	HIP 47757	146.03885	-6.18069	414.17	m	7.902	-0.184	M0/1 III	1.849
HD 70030	HIP 40890	125.17082	25.33626	414.18	m	7.407	-0.679	K3III	1.722
HD 66657	HIP 39195	120.25357	-61.52427	414.21	m	8.342	0.256	B9 IV	0.031
HD 81547	HIP 46693	142.78383	73.9583	414.21	m	7.568	-0.518	K0	1.714
HD 21787	HIP 16414	52.83801	17.93818	414.22	m	6.954	-1.132	K2	1.852
HD 64612	HIP 38579	118.4904	-21.03223	414.22	m	8.548	0.462	K1 III	1.468
HD 86019	HIP 48623	148.72811	-37.34008	414.24	m	8.409	0.323	A0 V	0.052
HD 211854	HIP 110182	334.75935	46.00508	414.25	m	7.512	-0.574	K0	1.297
HD 9961	HIP 7517	24.20349	-32.29715	414.28	m	7.3	-0.786	K2 III	1.642
HD 185375	HIP 96568	294.47482	24.71288	414.29	m	7.806	-0.281	A2	0.133
HD 51801	HIP 33003	103.15308	-70.51014	414.29	m	7.299	-0.788	K2/3 III	1.633
HD 18876	HIP 14359	46.31739	63.02943	414.32	m	7.512	-0.575	B8	0.063
HD 220598	HIP 115579	351.18078	36.36218	414.32	m	6.975	-1.112	B 2 V	-0.147
HD 13278	HIP 10015	32.23693	-31.74545	414.32	m	7.162	-0.925	K2 III	1.677
HD 83595	HIP 47290	144.55734	-47.93309	414.33	m	8.923	0.836	G8/K0 III	1.17
HD 75406	HIP 43369	132.50777	8.27405	414.33	m	8.199	0.112	G5	1.132
HD 204374	HIP 105866	321.61827	49.28023	414.33	m	7.945	-0.142	A0	-0.117
HD 90105	HIP 42708	130.52314	-89.46054	414.34	m	7.394	-0.693	M1 III	2.008
HD 159994	HIP 86211	264.25995	14.8517	414.4	m	7.688	-0.399	K0	1.14
HIP 46664		142.71585	36.19799	414.4	m	8.808	0.721	K0	1.1
HD 120959	HIP 67810	208.36985	-39.36518	414.42	m	8.724	0.637	A2/3 IV	0.189
HD 65248	HIP 38746	118.98238	-44.62046	414.44	m	7.428	-0.659	B6 V	-0.113
HD 56788	HIP 35762	110.6493	62.86598	414.46	m	7.459	-0.628	K2	1.624
HD 173410	HIP 92120	281.62817	-33.90837	414.46	m	7.822	-0.265	K0/1 III + A/F	1.114
HD 80779	HIP 45765	139.9886	-50.54692	414.47	m	8.958	0.871	B9 V	-0.033
HD 25876	HIP 18812	60.46322	-64.5709	414.49	m	8.733	0.645	K1/2 III	1.262
HD 188046	HIP 97909	298.45255	-16.64471	414.5	m	8.731	0.643	K0 III	1.524
HIP 42311		129.40677	84.21244	414.51	m	8.824	0.736	K0	1.168
HD 196453	HIP 101809	309.46763	-12.01631	414.53	m	8.139	0.051	K1/2 (III)	1.596
HD 195457	HIP 101415	308.28393	-43.32531	414.55	m	8.28	0.192	K2/3 IIICNII	1.573
HD 202583	HIP 104871	318.65147	56.88341	414.56	m	7.11	-0.978	K5	2.042
HD 45427	HIP 30823	97.134	27.6345	414.57	m	7.83	-0.258	K1III	1.464
HD 57372	HIP 35539	110.01139	-24.41603	414.59	m	8.301	0.213	AP SI	-0.152
HD 99284	HIP 55784	171.44816	40.93739	414.61	m	8.018	-0.07	K2	1.74
HD 12608	HIP 9596	30.85789	-4.32973	414.61	m	7.707	-0.381	K0 III	1.129
HD 121175	HIP 67950	208.73802	-45.89987	414.62	m	8.718	0.63	G5 III/IV	0.964
HD 209962	HIP 109129	331.56462	39.62839	414.63	m	8.61	0.522	A0	0.147
HD 62010	HIP 37324	114.93737	-47.05776	414.63	m	8.359	0.271	B8 V	-0.036
HD 14040	HIP 10717	34.49676	51.78191	414.64	m	7.946	-0.142	B8	0.014
HD 97310	HIP 54680	167.89591	-41.66439	414.65	m	7.856	-0.232	K1 III	1.405
HD 37371	HIP 26500	84.53843	-0.18216	414.66	m	8.516	0.428	A0 IV	0.116
HD 105012	HIP 58964	181.35981	-51.46054	414.69	m	8.356	0.267	K2 III	1.529
HD 96515	HIP 54350	166.79138	-10.05826	414.7	m	8.028	-0.061	K2/3 III	1.612
HD 84128	HIP 47621	145.66096	-10.88095	414.71	m	8.755	0.666	K1/2 III	1.512
HD 140144	HIP 76977	235.76621	-27.97649	414.72	m	8.642	0.553	G III + A8/F0	0.715
HD 86837	HIP 48909	149.65556	-65.42901	414.76	m	8.658	0.569	A1 V	0.151
HD 180008	HIP 94485	288.47245	25.75882	414.77	m	6.987	-1.102	A0	0.025
HD 36645	HIP 26045	83.34113	2.37657	414.77	m	8.651	0.562	B9.5 V	-0.02
HD 185079	HIP 97855	298.29428	-82.63132	414.78	m	8.691	0.602	K2 III	1.69
HD 105474	HIP 59211	182.1563	44.41339	414.79	m	8.796	0.707	K0III	1.212
HD 140502	HIP 77209	236.46844	-46.04514	414.8	m	8.954	0.865	G6 III/IV	1.104
HD 15709	HIP 11626	37.49691	-48.81316	414.81	m	8.787	0.698	M0 III	1.838
HD 17384	HIP 13031	41.86961	3.32095	414.82	m	8.987	0.898	G8 III	1.089
HD 26719	HIP 19785	63.6101	23.69643	414.82	m	6.911	-1.178	K0	1.34
HD 153775	HIP 83628	256.37293	-62.65106	414.83	m	8.863	0.774	B9.5 V	0.033
HD 198887	HIP 103254	313.77177	-45.38447	414.85	m	8.411	0.322	G6 III	1.011
HD 6896	HIP 5392	17.2529	-42.64393	414.86	m	8.81	0.721	G8 III	1.093
HD 216596	HIP 113023	343.33508	52.73071	414.87	m	8.703	0.613	A0	0.107
HD 36776	HIP 26132	83.58259	4.82509	414.89	m	8.515	0.425	B8 V	-0.064
HD 129393	HIP 71903	220.60648	-5.08547	414.91	m	8.468	0.378	K3 III	1.749
HD 172877	HIP 91947	281.14257	-42.5771	414.93	m	8.326	0.236	B9 IV	0.002
HD 37470	HIP 26530	84.64469	-6.16388	414.94	m	8.232	0.142	B8/9 III	0.04
HD 222326	HIP 116726	354.83666	45.71992	414.94	e	7.676	-0.414	A2	0.488
HD 224841	HIP 92	0.29069	-20.70554	414.95	m	8.77	0.68	G8 III	1.08
HD 38616	HIP 26823	85.42823	-67.40276	414.95	m	7.017	-1.073	A2 IB/IIP	-0.025
HD 116521	HIP 65436	201.16846	-34.43601	414.95	m	8.831	0.741	K1 III	1.247
HD 64988	HIP 38764	119.03757	-9.86324	414.97	m	7.84	-0.25	B9 IV/V	-0.016
HD 192164	HIP 99562	303.07629	34.85298	414.97	m	7.958	-0.132	K2V	1.768
HD 79421	HIP 45121	137.88628	-57.96842	414.99	m	6.595	-1.495	B3 V	-0.153
HD 90086	HIP 50825	155.67167	-51.61376	415	m	7.889	-0.201	B5/7 IV/V	-0.078
HD 179184	HIP 94123	287.39578	43.44104	415.03	m	8.996	0.906	G5	1.276
HD 118014	HIP 66298	203.8134	-52.63999	415.05	m	8.564	0.473	B9.5 V	0.044
HD 79497	HIP 45438	138.90001	35.98129	415.06	m	8.48	0.389	K2	1.628
HD 132783	HIP 73579	225.58996	-41.69062	415.08	m	7.743	-0.348	K4 III	1.757
HD 56800	HIP 35352	109.53425	-10.65922	415.08	m	8.25	0.159	B8/9 III/IV	-0.064
HD 166834	HIP 89376	273.58716	-41.90923	415.09	m	7.885	-0.206	B9 V	-0.03
HD 90914	HIP 51141	156.70523	-73.16795	415.09	m	6.811	-1.28	M3 III	2.082
HD 209809	HIP 108938	331.0536	59.86716	415.09	m	6.963	-1.128	A0	-0.002
HD 184772	HIP 96462	294.17391	-17.33444	415.09	m	8.546	0.455	B9 IV/V	-0.007
HD 122111	HIP 68439	210.16857	-41.18518	415.11	m	8.907	0.816	G8/K0 III	1.215
HD 121138	HIP 67868	208.51103	-23.5429	415.12	m	7.941	-0.15	K0 III	1.239
HD 126052	HIP 70299	215.75633	4.28605	415.2	m	8.043	-0.048	K2/3 III	1.609
HD 37127	HIP 26356	84.18789	11.83569	415.22	m	8.23	0.139	B9	-0.047
HD 12386	HIP 9384	30.14129	-40.26781	415.24	m	8.437	0.346	K0 III	1.305
HD 224728	HIP 13	0.0417	-22.59471	415.24	m	8.874	0.783	K0 III	1.261
HD 77820	HIP 44691	136.60956	46.171	415.26	m	8.808	0.716	K0	1.173
HIP 86469		265.00906	65.33331	415.28	m	8.758	0.666	K0	1.175
HIP 67985		208.83693	42.65551	415.28	m	8.831	0.739	K0	1.216
HD 232426	HIP 6473	20.81453	55.60062	415.32	m	8.949	0.857	A0	0.153
HD 200331	HIP 103927	315.84986	-21.5369	415.33	m	8.593	0.501	K2 III	1.496
HD 183456	HIP 94801	289.34223	80.47645	415.34	m	7.943	-0.149	G5	1.022
HD 199103	HIP 103203	313.64439	11.44238	415.34	m	8	-0.092	K0	1.449
HD 62968	HIP 37942	116.6473	4.13058	415.35	m	7.957	-0.135	G8/K0 (III)+A2/3	1.1
HD 124575	HIP 69613	213.71632	-21.06476	415.35	m	7.613	-0.479	K3/4 III	1.772
HD 22545	HIP 16934	54.47904	9.93283	415.36	m	8.172	0.08	K2	2.242
HD 335745	HIP 89155	272.93724	27.38743	415.38	m	8.521	0.429	K0	1.267
HD 65987	HIP 120404	119.51214	-60.6148	415.4	m	7.56	-0.532	AP SI	-0.026
HD 204478	HIP 106246	322.7916	-59.40674	415.41	m	8.051	-0.041	K4 III	1.647
HD 178146	HIP 94086	287.30521	-41.26439	415.41	m	8.274	0.182	M2/3 III	1.942
HD 127716	HR 5431|HIP 71239	218.53319	-42.09926	415.42	m	6.601	-1.491	A2 IV	0.067
HD 221567	HIP 116268	353.37193	-51.04065	415.44	m	8.945	0.852	G8 III	1.183
HD 207886	HIP 107852	327.76602	47.17801	415.44	m	8.789	0.696	A M A4-F2	0.289
HD 40458	HIP 28448	90.10212	34.50793	415.48	m	6.866	-1.227	K0	1.104
HD 221195	HIP 115988	352.49246	-6.26403	415.48	m	8.837	0.744	K0 III	1.253
HIP 40751		124.78242	63.56217	415.48	m	8.762	0.669	G5	1.136
HD 200330	HIP 103922	315.83383	-19.72328	415.49	m	8.873	0.78	A1 IV/V	0.057
HD 145832	HIP 79255	242.63443	53.04263	415.5	m	7.995	-0.098	K2	1.763
HD 198194	HIP 102445	311.38248	62.39591	415.5	m	7.947	-0.146	B9	0.1
HD 185514	HIP 96738	294.97506	-14.84933	415.51	m	7.571	-0.522	B4/5 III/IV	-0.07
HD 208391	HIP 107828	327.67251	77.76852	415.51	m	8.048	-0.045	K0	1.828
HD 70482	HIP 40958	125.37644	-20.79446	415.52	m	7.281	-0.812	B9 IV/V	-0.008
HD 131848	HIP 73040	223.90807	10.69248	415.53	m	8.626	0.533	K5	1.684
HD 202441	HIP 105119	319.40838	-50.10114	415.57	m	8.821	0.728	G8 II	1.218
HD 116510	HIP 65585	201.69331	-74.18882	415.58	m	8.415	0.322	B8 V	0.009
HD 66402	HIP 39289	120.50912	-35.15133	415.61	m	8.372	0.279	K3 III	1.647
HD 6059	HIP 4875	15.66528	52.85091	415.63	m	7.384	-0.71	A0	0.041
HIP 82461		252.78208	12.50077	415.63	m	8.941	0.847	K0	1.118
HD 37061	HIP 26258	83.88069	-5.26739	415.65	m	6.868	-1.226	B1 V	0.238
HIP 90093		275.77517	43.65644	415.68	m	8.813	0.719	G5	1.074
HD 222077	HIP 116549	354.30109	55.87658	415.68	m	7.316	-0.778	K5	2.036
HD 25799	HIP 19178	61.66269	32.38506	415.71	m	7.038	-1.056	B3V	0.024
HD 101750	HIP 57096	175.57031	-49.54423	415.71	m	8.645	0.551	G8 III	1.164
HD 189252	HIP 98121	299.1312	53.78456	415.74	m	8.127	0.033	K2	1.934
HD 146698	HIP 79783	244.23985	18.84604	415.75	m	7.595	-0.499	K5	1.879
HD 208921	HIP 108574	329.91233	-6.27368	415.77	m	8.047	-0.047	K1 III	1.46
HD 992	HIP 1167	3.64862	53.82756	415.86	m	8.323	0.228	A0	0.064
HD 217648	HIP 113689	345.39002	49.04209	415.9	m	8.017	-0.078	K5	1.614
HD 37264	HIP 26806	85.39001	62.60658	415.92	m	8.069	-0.026	A5	0.275
HD 213173	HIP 111107	337.62852	-47.96081	415.92	m	8.906	0.811	G8/K0 III	1.221
HD 198837	HIP 103117	313.39192	-14.42043	415.94	m	8.063	-0.032	G6 III	1.084
HD 68406	HIP 40146	122.97534	-11.47257	415.95	m	8.45	0.355	B9 V	0.006
HD 205061	HIP 106361	323.13454	11.8507	415.95	m	7.92	-0.175	K5	1.588
HD 338183	HIP 95018	290.00695	26.85095	415.96	m	8.625	0.53	A0	0.085
HD 138298	HIP 76163	233.33843	-50.58312	415.96	m	8.833	0.738	K2 III	1.405
HD 126821	HIP 70788	217.1436	-27.91965	415.97	m	7.828	-0.267	K3 III	1.779
HIP 80521		246.57208	10.48724	415.97	m	8.67	0.575	K0	1.359
HD 90644	HIP 51059	156.48792	-66.63697	415.98	m	8.974	0.879	A3/5 + G5/8 III	0.789
HIP 110591		336.06852	44.45226	415.99	m	8.849	0.754	K0	1.38
HD 143662	HIP 78896	241.58827	-67.58709	415.99	m	8.926	0.831	G8 III	1.168
HD 54155	HIP 34857	108.20029	66.61645	416	m	7.858	-0.237	K5	1.947
HD 222132	HIP 116596	354.44084	46.07906	416.01	m	8.536	0.44	A0	0
HD 885	HIP 1070	3.32214	19.52124	416.02	m	8.947	0.851	K0	1.319
HD 233383	HIP 35983	111.23794	54.67877	416.02	m	8.877	0.781	K7	1.867
HIP 15061		48.51652	60.87348	416.03	m	8.678	0.582	K 0 III	1.645
HD 61311	HIP 36840	113.63041	-63.49391	416.03	m	8.92	0.824	K0 III	1.246
HD 214011	HIP 111522	338.91975	-17.62003	416.04	m	7.725	-0.371	K1 II/III	1.721
HD 81378	HIP 46127	141.0952	-29.18076	416.05	m	7.684	-0.412	M1 III	1.975
HD 18788	HIP 14179	45.70695	41.25877	416.05	m	8.711	0.615	K0	1.113
HD 130373	HIP 72448	222.22296	-37.63277	416.06	m	8.543	0.447	K0 V	1.426
HD 7013	HIP 5513	17.64689	11.14741	416.08	m	8.727	0.631	K2	1.795
HD 71758	HIP 41298	126.39595	-62.8971	416.09	m	8.679	0.583	K3 III	1.664
HD 191498	HIP 99317	302.39328	18.78252	416.11	m	7.682	-0.414	A2	0.184
HD 214088	HIP 111436	338.6353	58.16294	416.12	m	7.451	-0.645	K5III:	2.02
HD 278933	HIP 17177	55.1863	33.63462	416.13	m	8.868	0.772	K2	1.77
HD 143066	HIP 78244	239.63924	-9.00339	416.14	m	8.477	0.381	G2 V	0.99
HD 176316	HIP 93019	284.25779	51.50426	416.15	m	8.261	0.165	A0	-0.03
HD 7057	HIP 5541	17.76733	16.77723	416.15	m	8.35	0.254	K2	1.53
HD 120296	HIP 67378	207.14344	1.63336	416.16	m	8.813	0.717	G8 IV	1.312
HD 89109	HIP 50455	154.52978	51.80862	416.2	m	8.502	0.405	K0	1.294
HD 153934	HIP 83496	255.97822	-35.27377	416.21	m	8.252	0.155	G8 III	1.579
HD 171611	HIP 91238	279.16427	-20.31395	416.21	m	7.521	-0.576	B3 IV	0.095
HD 38756	HIP 27363	86.92803	-7.3771	416.22	m	8.996	0.899	G8 III	1.21
HD 83131	HIP 47105	144.01016	-15.05889	416.24	m	8.987	0.89	K0 III	1.253
HD 192662	HIP 99804	303.73457	31.22175	416.25	m	8.734	0.637	A P SR CR EU	0.126
HD 133927	HIP 73971	226.74728	4.4546	416.27	m	8.546	0.449	K0 III	1.124
HD 77276	HIP 44451	135.84176	49.05798	416.28	m	8.185	0.088	K5	1.789
HD 94528	HIP 53307	163.54901	-40.20989	416.28	m	8.984	0.887	G8 III	1.175
HD 201094	HIP 104205	316.6792	26.55758	416.29	m	8.389	0.292	K2II	1.484
HD 143967	HIP 78951	241.75694	-62.76268	416.32	m	7.687	-0.41	B7 III	-0.039
HD 163096	HIP 87548	268.28724	28.60087	416.41	m	8.747	0.649	K2	1.246
HD 198490	HIP 103016	313.06307	-43.88366	416.41	m	8.721	0.623	A0 V	0.022
HD 107477	HIP 60267	185.367	-47.26922	416.42	m	8.653	0.555	K1/2 III + (F)	0.859
HD 37203	HIP 26438	84.39339	19.7795	416.43	m	8.888	0.79	A0	0.141
HIP 34128		106.15142	17.04377	416.46	m	8.788	0.69	K0	1.092
HD 25997	HIP 19345	62.16615	39.71248	416.46	m	8.59	0.492	K0	1.249
HD 86104	HIP 48798	149.28704	32.9689	416.46	m	8.499	0.401	K0	1.136
HD 92054	HIP 52017	159.40928	-9.71832	416.47	m	8.74	0.642	Fm delta DEL	0.29
HD 32370	HIP 23354	75.33784	-31.39352	416.48	m	8.082	-0.016	K1/2 III	1.514
HD 125021	HIP 69789	214.26167	-4.32877	416.48	m	8.045	-0.053	M2/3 III	1.922
HD 114241	HIP 64169	197.27371	18.62572	416.5	m	7.105	-0.993	K2	1.812
HD 104785	HIP 58831	181.00441	18.81456	416.51	m	7.846	-0.252	K2	1.455
HD 39591	HIP 27869	88.46207	6.54701	416.51	m	8.645	0.547	B9	0.345
HD 113890	HIP 63900	196.43336	58.80064	416.52	m	8.994	0.896	K0	1.213
HD 102208	HIP 57384	176.47505	36.29053	416.53	m	8.761	0.663	G8III	1.037
HD 113545	HIP 63748	195.97249	43.00759	416.53	m	7.006	-1.092	M1	1.968
HD 119090	HR 5147|HIP 66825	205.43984	-33.59738	416.54	m	6.915	-1.183	M3E	1.991
HD 200620	HIP 104046	316.18747	-8.77951	416.54	m	8.508	0.41	K0 III	1.019
HD 154983	HIP 84086	257.85743	-50.11912	416.6	m	7.461	-0.638	B8 V	0.058
HIP 102460		311.43536	43.44515	416.64	m	8.649	0.55	A0	-0.024
HD 64512	HIP 38661	118.73169	17.9575	416.65	m	8.03	-0.069	G6III	1.271
HD 99317	HIP 55702	171.20376	-67.12986	416.67	e	7.773	-0.326	B8/9 III	0.112
HD 117598	HIP 66021	203.0375	-42.70314	416.68	m	8.323	0.224	B9 IV	-0.01
HD 64784	HIP 38416	118.05557	-59.61371	416.72	m	7.612	-0.487	AP SI	-0.02
HD 163992	HIP 87915	269.38269	33.8472	416.74	m	7.983	-0.116	K0	1.46
HD 161960	HIP 87113	266.98406	14.75358	416.76	m	7.986	-0.113	K5	1.228
HD 41888	HIP 29211	92.40269	39.17983	416.77	m	8.229	0.13	A2	0.208
HD 232945	HIP 20609	66.21673	50.84541	416.78	m	8.781	0.681	K7	2.149
HIP 114479		347.77158	25.36695	416.78	m	8.388	0.288	K2	1.68
HD 105498	HIP 59218	182.17937	-44.92602	416.8	m	8.046	-0.054	B8/9 V	-0.028
HD 79286	HIP 45226	138.25032	-8.69561	416.8	m	8.542	0.442	K1 IV	1.437
HD 40306	HIP 27975	88.74756	-53.52768	416.8	m	8.749	0.649	K1 III + F/G	1.03
HD 11558	HIP 8836	28.40941	7.63394	416.82	m	7.61	-0.49	K2	1.651
HD 133987	HIP 74004	226.85323	0.02927	416.82	m	7.984	-0.116	K0 III	1.349
HD 5305	HIP 4338	13.89438	54.37239	416.83	m	8.593	0.493	A2	0.164
HD 81167	HIP 46061	140.88926	-21.82163	416.85	m	7.879	-0.221	A0 III/IV	0.042
HD 189576	HIP 98443	300.03454	17.61074	416.88	m	7.162	-0.938	K2	1.796
HD 213573	HIP 111233	338.03888	15.82526	416.88	m	7.971	-0.129	K5	1.848
HD 12369	HIP 9392	30.17651	-24.42182	416.91	m	7.204	-0.896	K4 III	1.711
HD 198461	HIP 102922	312.774	-16.41461	416.93	m	8.196	0.096	K3/4 III	1.741
HD 208276	HIP 108136	328.62554	30.22907	416.93	m	8.355	0.255	G5III	1.068
HD 251003	HIP 28700	90.91676	10.12967	416.94	m	8.96	0.86	K0	1.181
HD 70794	HIP 41095	125.76073	-27.01512	416.95	m	8.164	0.064	A0 V	0.069
HD 125264	HIP 69920	214.63444	-9.40916	416.96	m	8.933	0.833	K0 III	1.224
HD 38023	HIP 26876	85.58876	-8.13338	416.97	m	8.907	0.806	B5 III	0.314
HD 209408	HIP 108855	330.78234	3.18241	416.98	m	8.066	-0.035	K1 III	1.646
HD 102093	HIP 57313	176.26776	15.33544	416.98	m	8.547	0.446	K2	1.751
HD 22646	HIP 16886	54.32683	-33.86017	417.01	m	8.141	0.04	K2/3 (III)	1.565
HD 116711	HIP 65528	201.49185	-35.07584	417.04	m	7.018	-1.083	K5/M0 III	1.965
HD 31575	HIP 22705	73.23997	-61.38321	417.06	m	8.184	0.083	K2 III	1.467
HD 85633	HIP 48490	148.33769	11.17076	417.09	m	8.899	0.798	G5	1.074
HD 89004	HIP 50228	153.79866	-42.357	417.13	m	8.2	0.099	B9.5 IV/V	0.007
HD 223835	HIP 117769	358.25035	41.3457	417.17	m	7.15	-0.952	M2III	1.961
HD 7900	HIP 5979	19.22711	-65.96748	417.19	m	8.408	0.306	M0/1 III	1.788
HD 65636	HIP 38983	119.66022	-27.57753	417.21	m	7.156	-0.946	K4/5 III	1.926
HD 122730	HIP 68652	210.79115	20.30127	417.22	m	8.946	0.844	G5	1.194
HD 17832	HIP 13185	42.42059	-52.75847	417.22	m	8.256	0.154	M5/6 III	1.538
HD 117732	HIP 66039	203.08483	-7.4371	417.23	m	8.835	0.733	G8 III	1.145
HD 29135	HIP 21288	68.51091	-29.20414	417.23	m	8.853	0.751	K0 III	1.17
HD 111755	HIP 62803	193.03965	-51.94451	417.25	m	8.078	-0.024	K1 III	1.589
HIP 43448		132.73927	15.90112	417.27	m	8.951	0.849	G5	1.022
HD 111463	HR 4868|HIP 62646	192.54918	-60.40053	417.27	m	6.775	-1.327	A3 II	0.358
HD 36646	HR 1863|HIP 26020	83.2806	-1.71733	417.27	m	6.667	-1.435	B3 V	-0.118
HD 96360	HIP 54396	166.96996	68.36635	417.31	m	8.264	0.162	M2	1.791
HD 28696	HIP 21196	68.17015	31.405	417.32	m	8.736	0.634	B 8 III	0.368
HD 177880	HIP 93836	286.64632	-1.34614	417.33	m	6.828	-1.274	K1 III	0.062
HD 23244	HIP 17474	56.16957	29.82247	417.37	m	8.359	0.256	B 8 V	0.048
HD 66208	HIP 39165	120.16256	-42.41477	417.38	m	8.871	0.768	G6 IV	0.947
HD 68057	HIP 39744	121.85173	-60.34878	417.38	m	7.665	-0.438	B8 V	0.01
HD 79757	HIP 45362	138.65635	-37.71276	417.4	m	8.303	0.2	G8 III	1.086
HD 195960	HIP 101742	309.32097	-59.83946	417.44	m	8.273	0.17	K1 III	1.357
HD 66309	HIP 39248	120.40129	-35.7889	417.44	m	7.824	-0.279	B8/9 V	-0.015
HD 43574	HIP 29710	93.87165	-32.53471	417.44	m	8.172	0.069	A0 V	0.062
HD 104824	HIP 58853	181.05757	-65.38533	417.45	m	8.736	0.633	B9 V	0.113
HD 63416	HIP 38067	117.02009	-22.34833	417.46	m	8.483	0.38	A1 IV/V	0.135
HD 219818	HIP 115105	349.71175	-5.09961	417.49	m	8.974	0.871	G8 III	1.148
HD 38674	HIP 27360	86.91603	4.85259	417.5	m	8.05	-0.053	K3 III	1.828
HD 85943	HIP 48426	148.08543	-67.5962	417.5	m	8.323	0.22	A0 VN	0.119
HD 45659	HIP 30812	97.10871	-6.54788	417.5	m	8.032	-0.071	B9 III/IV	-0.039
HD 186926	HIP 97238	296.44099	37.45257	417.51	m	8.131	0.028	A2	0.206
HD 149377	HIP 81756	250.4816	-75.11983	417.54	m	8.882	0.779	G8 IV	1.116
HD 126447	HIP 70612	216.65703	-39.52317	417.57	m	6.97	-1.134	G3 II/III	1.054
HD 102269	HIP 57397	176.50044	-55.04519	417.58	m	8.494	0.39	K0 III	1.157
HD 221334	HIP 116044	352.70501	62.28865	417.61	m	7.668	-0.436	A0	0.015
HD 77497	HIP 44535	136.11353	43.44193	417.61	m	7.359	-0.745	K 2 III	1.596
HIP 14202		45.78785	-8.03167	417.61	m	8.634	0.53	G5	1.328
HD 151731	HIP 82922	254.18965	-74.64607	417.62	m	8.951	0.847	G8/K0 III	1.17
HD 107097	HIP 60078	184.79787	-61.13634	417.62	m	7.784	-0.32	B9 IV	0.063
HD 172421	HIP 91468	279.82984	20.93302	417.63	m	7.97	-0.134	B 5 IV	-0.035
HD 23597	HIP 17698	56.85696	29.87578	417.68	m	8.226	0.122	B 3 V	0.038
HD 161485	HIP 86966	266.58218	-14.0816	417.7	m	8.791	0.687	K2/3 III	1.928
HD 48467	HIP 31633	99.28995	-70.91771	417.71	m	8.259	0.155	B8/9 V	-0.057
HIP 42890		131.11245	14.43117	417.71	m	8.727	0.623	G5	1.041
HD 70875	HIP 40908	125.22369	-62.39346	417.72	m	7.908	-0.196	B8 V	-0.018
HD 212139	HIP 110361	335.28377	48.23999	417.72	m	7.617	-0.487	A0	-0.008
HD 152456	HIP 82786	253.77553	-38.41321	417.72	m	7.244	-0.86	B8/9 III(P SI)	-0.004
HD 39129	HIP 27335	86.85227	-53.9966	417.73	m	8.438	0.334	B9 V	-0.041
HD 207878	HIP 107989	328.16817	-19.52231	417.74	m	7.889	-0.216	K4 III	1.819
HD 85853	HIP 48389	147.96876	-66.79384	417.74	m	8.183	0.078	B8 V	0.016
HD 49335	HIP 32508	101.76183	-22.68031	417.76	m	8.295	0.19	B8 IV	-0.08
HD 168605	HIP 89824	274.95971	19.17127	417.76	m	8.195	0.09	A0P	0.047
HD 185137	HIP 96694	294.8701	-41.18583	417.77	m	7.99	-0.115	K3 III	1.787
HD 36841	HIP 26154	83.64051	-0.38652	417.77	m	8.549	0.444	B8 V	0.034
HD 115915	HIP 65158	200.29307	-51.67116	417.8	m	7.54	-0.565	B8/9 IV	-0.061
HD 30031	HIP 21523	69.32572	-72.4768	417.81	m	7.93	-0.175	K2/3 II	1.601
HD 96068	HIP 54087	166.01211	-54.19777	417.81	m	6.645	-1.46	G8 III	1.301
HD 85629	HIP 48253	147.55337	-66.74127	417.82	m	8.597	0.492	B9 III/IV	-0.019
HD 147417	HIP 80305	245.91636	-41.07406	417.83	m	7.608	-0.497	G3 IIICNIB/II	1.877
HD 42257	HIP 29231	92.44489	0.98052	417.84	m	7.751	-0.354	B9 III/IV	0.005
HD 26610	HIP 19578	62.93212	-21.41668	417.85	m	8.976	0.871	A0 V	0.112
HD 122301	HIP 68443	210.18546	15.37651	417.86	m	8.211	0.106	K0	1.53
HD 28372	HIP 21372	68.79721	72.94427	417.88	m	8.154	0.049	K0	1.406
HD 138190	HIP 76076	233.06338	-44.40737	417.9	m	7.826	-0.279	K3 III	1.745
HD 156337	HIP 85040	260.7119	-69.6188	417.92	m	8.938	0.833	K3 III	1.789
HD 119615	HIP 66943	205.80393	49.56228	417.94	m	8.23	0.124	K2	1.494
HD 80059	HIP 45353	138.63715	-63.86407	417.94	m	8.832	0.726	K0 III/IV	1.419
HD 69604	HIP 40796	124.89549	45.46705	417.94	m	8.281	0.175	K2	1.718
HD 168256	HIP 89906	275.18807	-41.34639	417.95	m	8.84	0.734	G6 III	1.069
HD 65658	HIP 38896	119.40863	-46.59328	417.96	m	7.225	-0.881	B3 V	-0.144
HD 88603	HIP 49940	152.95002	-50.15671	417.96	m	7.899	-0.207	AP SI	-0.1
HIP 78334		239.92416	38.49455	417.98	m	8.829	0.723	K0	1.408
HD 42644	HIP 29195	92.37382	-46.34768	418	m	8.937	0.831	B9 V	-0.031
HD 69945	HIP 40708	124.6449	-22.07072	418	m	8.985	0.879	G8/K0 IV	1.138
HD 10447	HIP 7866	25.30065	-33.39824	418.01	m	7.307	-0.799	K0 III	1.268
HD 98683	HIP 55462	170.37347	35.6455	418.05	m	8.182	0.076	K0	1.366
HD 63052	HIP 37778	116.19293	-45.97062	418.09	m	8.701	0.595	B8 V	-0.007
HD 102416	HIP 57476	176.72834	-61.69643	418.15	m	8.503	0.396	G8 III	1.234
HD 214276	HIP 111735	339.50986	-52.7707	418.16	m	8.233	0.126	K3 III	1.732
HD 46258	HIP 31091	97.86883	-22.03778	418.17	m	8.435	0.328	B8/9 V	-0.01
HD 219059	HIP 114636	348.34164	-42.78449	418.17	m	8.94	0.833	K0 III	1.19
HD 2110	HIP 2037	6.4678	65.38353	418.18	m	7.476	-0.631	B9	0.286
HD 107907	HIP 60478	185.97763	15.61776	418.2	m	8.927	0.82	K0	1.105
HD 53288	HIP 34172	106.31219	19.82461	418.21	m	8.806	0.699	A0	-0.01
HD 222086	HIP 116562	354.32576	48.48205	418.21	m	8.503	0.396	B9	0.005
HD 114417	HIP 64265	197.58188	5.0091	418.22	m	8.536	0.429	K0	1.464
HD 30792	HIP 22795	73.56182	58.63704	418.23	m	8.12	0.013	B9	0.313
HD 28702	HIP 21555	69.42478	71.89439	418.23	m	7.934	-0.173	A2	0.158
HD 119109	HIP 67042	206.09093	-73.63683	418.25	m	7.46	-0.647	B3 V	-0.023
HIP 38852		119.26326	15.82542	418.29	m	8.832	0.725	G0	0.811
HD 27626	HIP 20729	66.6312	68.03987	418.29	m	8.185	0.078	B9	0.111
HD 44643	HIP 30216	95.35691	-33.07165	418.3	m	7.769	-0.338	K2 III	1.577
HD 84430	HIP 47785	146.14602	-29.53346	418.31	m	8.943	0.836	K0 III	1.238
HD 177878	HIP 93738	286.30113	31.4392	418.32	m	7.83	-0.278	G5	1.179
HD 95059	HIP 53664	164.69207	25.69063	418.35	m	8.703	0.595	G5	1.015
HD 220563	HIP 115540	351.06185	50.04362	418.36	m	8.084	-0.024	B9	-0.042
HD 20620	HIP 15440	49.74549	-4.74688	418.37	m	8.594	0.486	K0 III	1.137
HD 203520	HIP 105538	320.61939	8.45446	418.41	e	8.694	0.586	K0	1.33
HD 102253	HIP 57401	176.52621	7.17419	418.49	m	7.104	-1.004	M1	1.929
HD 153177	HIP 83161	254.93175	-41.97861	418.5	m	8.512	0.404	B9 III	0.214
HD 18816	HIP 14057	45.27734	-17.86578	418.5	m	8.497	0.389	K2 III	1.569
HD 188969	HIP 98116	299.10265	35.79009	418.52	m	7.67	-0.439	G5	0.92
HD 25405	HIP 18589	59.6679	-61.30215	418.53	m	8.425	0.316	K2 III	1.486
HD 3945	HIP 3296	10.50948	1.02364	418.57	m	7.943	-0.166	K3 III	1.744
HD 15342	HIP 12208	39.29494	81.64334	418.58	m	8.139	0.03	K5	2.061
HD 44452	HIP 30346	95.74763	25.99842	418.58	m	8.34	0.231	A3	0.233
HD 190337	HIP 98780	300.92599	21.4965	418.59	m	6.819	-1.29	M1	1.957
HD 163615	HIP 88087	269.86214	-47.77409	418.6	m	8.176	0.067	A2/3 V + (G)	1.019
HD 120694	HIP 67678	207.97548	-40.68941	418.61	m	8.773	0.664	G6 III	1.098
HD 117737	HIP 66105	203.26435	-45.53039	418.61	m	8.821	0.712	K1 III	1.361
HD 164165	HIP 88171	270.11183	-12.98812	418.62	m	7.471	-0.638	B8/9 III	0.319
HIP 96194		293.39998	36.04603	418.62	m	7.998	-0.111	K0	1.522
HD 102482	HIP 57557	176.96629	45.68493	418.63	m	8.782	0.673	G8III	1.068
HD 59667	HIP 36651	113.06611	31.10205	418.68	m	8.342	0.233	K0	1.615
HD 80292	HIP 45782	140.02209	39.54261	418.68	m	8.564	0.455	K0	1.051
HD 181786	HIP 95233	290.63509	-20.31618	418.7	m	8.78	0.671	K0 III	1.259
HD 129088	HIP 71910	220.63097	-54.59906	418.71	m	7.565	-0.545	B8 IV	0.204
HD 56227	HIP 35199	109.11385	6.20169	418.77	m	8.647	0.537	G5	1.102
HD 85816	HIP 48733	149.09512	59.43927	418.78	m	8.317	0.207	K2	1.497
HD 188339	HIP 98099	299.04414	-38.32654	418.79	m	6.824	-1.286	M1 III	2.047
HD 118113	HIP 66154	203.40648	53.38365	418.79	m	8.958	0.848	K0	1.15
HD 220806	HIP 115689	351.58569	53.167	418.8	m	7.306	-0.804	K5	1.803
HD 220592	HIP 115616	351.31439	-43.85762	418.81	m	8.532	0.422	K2 III	1.461
HD 190676	HIP 98929	301.30671	25.46514	418.82	m	8.286	0.176	K2	1.5
HD 223615	HIP 117603	357.74733	51.39825	418.83	m	7.969	-0.141	K2	1.273
HD 44261	HIP 30090	94.9947	-20.5311	418.85	m	8.189	0.079	A0 V	0.042
HD 45660	HIP 30805	97.08454	-9.82423	418.88	m	8.454	0.344	G6 III/IV	1.084
HD 123697	HIP 69179	212.40608	-21.19659	418.89	m	8.905	0.794	F2 III	0.427
HD 138663	HIP 75817	232.32561	66.65832	418.91	m	8.843	0.732	K2	1.463
HD 131172	HIP 73020	223.84496	-66.66057	418.92	m	8.114	0.003	B5 V	-0.04
HD 223000	HIP 117190	356.41315	42.23484	418.95	m	8.935	0.824	A0	0.258
HD 79027	HIP 44737	136.74935	-70.96981	418.99	m	8.306	0.195	K0 III	1.202
HD 4606	HIP 3738	12.00198	-0.2424	419	m	8.597	0.486	K0 III	1.14
HD 137753	HIP 75884	232.49323	-52.30283	419	m	6.687	-1.424	B7 IV	-0.033
HD 139321	HIP 76350	233.9143	45.44786	419.01	m	8.818	0.707	G5	1.026
HD 198482	HIP 102799	312.40107	30.65045	419.03	m	8.075	-0.036	K2III	1.35
HD 6438	HIP 5142	16.45821	39.37416	419.04	m	8.203	0.092	K2	1.593
HD 55946	HIP 35124	108.92399	13.8644	419.05	m	8.222	0.111	K0	1.358
HD 77406	HIP 43996	134.38349	-71.13796	419.06	m	8.312	0.201	K1 III	1.266
HD 282197	HIP 21206	68.2337	33.42042	419.08	m	8.932	0.82	K2	1.798
HD 147579	HIP 80316	245.96386	-30.18135	419.09	m	8.235	0.123	K5/M0 III	2.058
HD 152444	HIP 83324	255.44776	-75.99087	419.12	m	8.864	0.752	K0 III	1.283
HD 97114	HIP 54583	167.55665	-45.53549	419.13	m	8.429	0.317	K0 III	1.191
HD 214736	HIP 111859	339.86996	41.4419	419.13	m	8.73	0.618	A0	0.08
HD 90906	HIP 51341	157.30395	-26.86685	419.15	m	8.751	0.639	G8 III	1.055
HD 70462	HIP 40923	125.27681	-30.58368	419.18	m	8.958	0.846	K1 III	1.331
HD 197442	HIP 101890	309.72503	71.16901	419.18	m	8.123	0.011	K5	1.975
HD 10735	HIP 8117	26.08667	-31.61856	419.19	m	8.861	0.749	K1 III	1.176
HD 81977	HIP 46545	142.38725	17.65186	419.21	m	7.418	-0.694	K0	1.819
HD 138263	HIP 76386	234.0241	-71.21669	419.26	m	7.966	-0.146	K4 III	1.777
HD 110581	HIP 62010	190.63737	58.00869	419.27	m	8.841	0.729	G5	1.075
HD 163273	HIP 87839	269.17861	-31.52172	419.28	m	8.731	0.618	B8 III	0.027
HD 224954	HIP 160	0.5118	-69.2692	419.3	m	8.651	0.538	B9 V	-0.032
HD 141593	HIP 77590	237.61955	-17.34878	419.31	m	8.253	0.14	M1 III	2.022
HD 89306	HIP 50479	154.60858	13.93374	419.32	m	8.34	0.227	G0	1.11
HD 156943	HIP 85173	261.09139	-61.63367	419.34	m	8.962	0.849	B9.5 V	0.026
HD 181703	HIP 95404	291.10957	-55.88832	419.38	m	7.483	-0.63	B8 V	-0.053
HD 33402	HIP 24103	77.66645	17.44024	419.41	m	7.898	-0.215	B8	0.035
HD 110560	HIP 62062	190.80452	-24.99052	419.41	m	7.026	-1.087	M2/3 III	1.974
HD 213809	HIP 110906	337.04597	82.1553	419.43	m	8.673	0.56	A0	0.229
HD 5323	HIP 4222	13.46849	-65.86731	419.44	m	8.689	0.576	F0 III	0.351
HD 82003	HIP 46372	141.83837	-53.96885	419.45	m	8.41	0.297	B9 V	-0.054
HD 88556	HIP 49909	152.84911	-50.49033	419.48	m	7.826	-0.288	B5/6 III	-0.094
HD 19653	HIP 14953	48.19298	60.80101	419.5	m	8.906	0.792	B9P	0.245
HD 275931	HIP 18313	58.73296	39.85967	419.52	m	8.243	0.129	K2	1.792
HD 16518	HIP 12245	39.41733	-43.23718	419.56	m	8.285	0.171	K2 III	1.46
HD 16659	HIP 12428	39.98994	-8.86825	419.59	m	8.686	0.572	G6/8 III	1.046
HD 88375	HIP 49856	152.71654	-25.43778	419.62	m	8.065	-0.049	M2 III	1.849
HD 90024	HIP 50929	156.02534	34.19322	419.62	m	7.273	-0.841	M0	1.903
HD 38567	HIP 27169	86.37769	-27.48441	419.62	m	7.99	-0.124	M2/3 III	1.93
HD 73995	HIP 42648	130.37179	2.60872	419.62	m	7.995	-0.119	K0 III	1.358
HIP 46764		142.97313	9.18865	419.63	m	8.959	0.845	K0	1.124
HD 176055	HIP 93128	284.58341	3.77978	419.64	m	8.437	0.323	B9 IV	0.278
HD 31976	HIP 20198	64.93803	-86.9266	419.65	m	8.819	0.705	G8 III	1.184
HIP 46393		141.90162	34.80347	419.67	m	8.864	0.749	G5	1.141
HD 182716	HIP 95300	290.82092	52.5684	419.68	m	8.22	0.105	A0	0.011
HD 155298	HIP 84268	258.38799	-53.46244	419.69	m	8.042	-0.073	B4 IV	-0.006
HD 220637	HIP 115513	350.98466	77.51175	419.72	m	7.591	-0.524	F5	0.776
HD 44412	HIP 30619	96.52227	62.69006	419.73	m	7.575	-0.54	K5	1.909
HD 19050	HIP 14162	45.64745	-38.24103	419.74	m	8.896	0.781	G8 III/IV	1.183
HIP 116703		354.75271	61.30164	419.74	m	8.061	-0.054	K5	1.697
HD 29782	HIP 21157	68.03065	-77.4774	419.76	m	8.914	0.799	G8 III	1.164
HD 481	HIP 742	2.27676	-50.60781	419.78	m	8.344	0.229	K3 III	1.575
HD 75850	HIP 43450	132.75026	-41.94706	419.79	m	8.666	0.551	B8/9 V	-0.103
HD 55397	HIP 34708	107.82123	-34.38939	419.79	m	7.791	-0.324	B7 II/III	-0.118
HD 79039	HIP 44996	137.47009	-47.4762	419.8	m	6.793	-1.322	B4 V	-0.128
HD 222902	HIP 117131	356.1972	-6.93677	419.8	m	8.853	0.738	G8 III/IV	1.082
HD 106651	HIP 59817	183.99515	-31.11078	419.8	m	8.764	0.649	K0 III/IV	1.268
HD 122174	HIP 68460	210.22616	-38.01381	419.8	m	8.498	0.383	B9 VN	-0.016
