HD 76169	HIP 43933	134.23726	56.88894	419.85	m	7.115	-1	K2	1.786
HD 88016	HIP 49843	152.65676	58.61833	419.86	m	8.324	0.208	K2	1.548
HD 37027	HIP 25690	82.28703	-70.82548	419.89	m	8.053	-0.063	B9.5 IV/V	-0.005
HD 101502	HIP 56977	175.20293	-8.84673	419.9	m	8.713	0.597	K4 III	1.72
HD 41135	HIP 28313	89.7385	-61.77085	419.92	m	8.899	0.783	A3MA5-A7	0.234
HD 26340	HIP 19339	62.15668	-34.11933	419.94	m	8.124	0.008	K2 III	1.477
HD 149251	HIP 80986	248.09022	30.12374	419.95	m	7.589	-0.527	K0	1.712
HD 206349	HIP 106973	324.97963	51.47685	419.95	m	6.868	-1.248	K 1 II-III	1.564
HD 116475	HIP 65309	200.77288	47.00199	419.97	m	6.898	-1.218	M5	1.829
HD 70296	HIP 41135	125.88344	50.68264	419.99	m	8.974	0.858	K0	1.13
HD 201560	HIP 104410	317.27127	41.58098	419.99	m	8.323	0.207	K2	1.383
HD 111489	HIP 62625	192.48257	-27.75751	420	m	8.927	0.811	G8 III	1.239
HIP 92944		284.04943	31.72504	420	m	8.71	0.594	K5	1.604
HD 150566	HIP 81623	250.06431	37.35565	420.01	m	7.891	-0.225	K2	1.543
HD 105140	HIP 59044	181.58104	46.2841	420.03	m	7.719	-0.397	K4IV	1.802
HD 36510	HIP 25972	83.13647	9.66968	420.03	m	8.42	0.304	A0	0.016
HD 58713	HIP 36209	111.85072	15.65964	420.04	m	8.684	0.568	A 2 V	0.232
HD 31674	HIP 23545	75.94817	70.07198	420.05	m	8.892	0.775	G5	1.101
HD 50775	HIP 33180	103.58924	-7.39617	420.05	m	8.17	0.053	K1 III	1.486
HD 169746	HIP 90170	275.99983	43.90773	420.08	m	6.833	-1.284	M2III	1.99
HD 71372	HIP 41474	126.88819	12.77757	420.08	m	8.484	0.367	K0	1.234
HD 70294	HIP 40638	124.4375	-61.46669	420.1	m	8.892	0.775	K3 III	1.661
HIP 32123		100.64282	75.69836	420.13	m	8.725	0.608	G5	1.187
HD 104136	HIP 58477	179.88251	-35.30853	420.18	m	7.343	-0.774	K0 III	1.239
HD 117831	HIP 66040	203.08609	30.47327	420.18	m	8.874	0.757	K 0 III	1.34
HD 197559	HIP 102232	310.72601	43.17742	420.18	m	8.463	0.346	B8	-0.041
HD 177242	HIP 93699	286.20374	-24.81582	420.19	m	8.424	0.307	K1/2 III	1.735
HD 216443	HIP 113034	343.37752	-39.4199	420.2	m	7.449	-0.668	K1/2 III	1.607
HD 102628	HIP 57621	177.2186	-16.59766	420.21	m	7.807	-0.31	K5/M0 III	1.933
HD 118204	HIP 66258	203.70555	27.50937	420.21	m	8.629	0.512	G5	0.966
HD 72790	HIP 42437	129.79807	68.95319	420.24	m	8.131	0.013	K0	1.258
HD 38334	HIP 27200	86.48578	24.22493	420.28	m	7.949	-0.169	A3	0.242
HD 52986	HIP 33951	105.67223	-17.58149	420.29	m	7.427	-0.691	B8/9 III/IV	-0.04
HD 22560	HIP 16829	54.12717	-34.78953	420.29	m	8.952	0.834	K1 III	1.202
HD 8099	HIP 6314	20.27643	43.23384	420.31	m	7.668	-0.45	K0	1.132
HD 169653	HIP 90373	276.61025	-18.08622	420.33	m	8.056	-0.062	K0/1 III + A0 V	0.886
HD 162750	HIP 88450	270.88158	-78.70158	420.33	m	8.62	0.502	K2 III	1.449
HD 196882	HIP 101950	309.89283	21.72134	420.33	m	8.843	0.725	K3III	1.386
HD 83011	HIP 46976	143.61765	-37.42201	420.34	m	8.335	0.217	B9.5 V	0.033
HD 222837	HIP 117087	356.04696	-40.6859	420.35	m	7.62	-0.498	K3 III	1.735
HD 96538	HIP 54317	166.67892	-52.9507	420.36	m	7.586	-0.532	K3 III	1.862
HIP 40484		123.99517	29.64415	420.39	m	8.835	0.717	K0	1.062
HD 37839	HIP 27049	86.03845	50.80329	420.39	m	8.449	0.331	K0	1.48
HD 61771	HIP 37426	115.24106	0.62699	420.4	m	8.414	0.296	A1 V	0.111
HD 158016	HIP 85269	261.35252	34.18856	420.41	m	8.478	0.36	K5	1.482
HD 66214	HIP 39456	120.97368	35.42058	420.43	m	8.668	0.55	K5	1.602
HD 12942	HIP 9856	31.70126	1.44212	420.44	m	7.228	-0.891	K4 III	1.845
HD 204632	HIP 106165	322.57246	-16.30469	420.44	m	8.722	0.603	K0 III	1.326
HD 8892	HIP 6889	22.18409	51.88411	420.47	m	8.721	0.602	A P SI	0.058
HD 195945	HIP 101520	308.59633	-0.47877	420.47	m	7.82	-0.299	K4 III	1.883
HIP 69538		213.52974	27.58805	420.47	m	8.81	0.691	K0	1.46
HD 82737	HIP 46789	143.01746	-53.54197	420.49	m	7.673	-0.446	B8 V	-0.08
HD 183205	HIP 95629	291.76497	34.86081	420.49	m	7.9	-0.219	K2	1.741
HD 83084	HIP 47143	144.09146	11.43256	420.53	m	8.24	0.121	G5	1.371
HD 46347	HIP 31086	97.84998	-32.86855	420.53	m	6.54	-1.579	M4 III	1.975
HD 59720	HIP 36983	114.01848	66.4703	420.54	m	7.464	-0.655	M2	1.857
HD 29359	HIP 21303	68.5698	-56.75921	420.54	m	8.818	0.699	G8 III	1.062
HD 82765	HIP 46683	142.75586	-66.03429	420.56	m	8.542	0.423	G8 III	1.263
HD 201841	HIP 104640	317.94577	12.95177	420.59	m	7.928	-0.191	K5	1.726
HD 31290	HIP 22126	71.42259	-76.3045	420.62	m	8.727	0.608	G8 III/IV	1.06
HIP 39765		121.91292	39.84174	420.62	m	8.367	0.248	K2	1.564
HD 67392	HIP 39786	121.95747	4.00596	420.64	m	8.691	0.571	G8 III/IV	1.088
HD 49288	HIP 32774	102.50408	46.18472	420.64	m	7.307	-0.813	K0	1.52
HD 84172	HIP 47569	145.4953	-43.35541	420.65	m	8.387	0.267	K1 III	1.48
HD 142755	HIP 78249	239.64909	-51.77114	420.66	m	8.396	0.276	M1/2 III	1.998
HD 100942	HIP 56617	174.14189	-60.89448	420.67	m	8.122	0.002	B8/9 V	0.005
HD 210953	HIP 109534	332.81696	68.85635	420.68	m	8.165	0.045	A0	0.008
HD 310327	HIP 53477	164.09582	-70.44917	420.68	m	8.444	0.324	K0	1.228
HD 200137	HIP 103739	315.32648	10.12415	420.69	m	8.715	0.595	A0	-0.01
HD 15959	HIP 11834	38.20299	-38.58385	420.71	m	8.971	0.851	K0 III	1.178
HD 195179	HIP 101079	307.35982	9.89783	420.71	m	7.519	-0.601	M2	1.782
HD 174931	HIP 92376	282.38026	58.70259	420.72	m	8.641	0.521	A0	0.044
HD 48425	HIP 32112	100.61492	-23.23256	420.73	m	7.116	-1.004	B3 V	-0.171
HD 57890	HIP 35746	110.59621	-20.50667	420.74	m	7.218	-0.902	M4 III	1.703
HD 196110	HIP 101554	308.70476	13.46465	420.75	m	7.467	-0.653	A2	-0.064
HD 142662	HIP 78056	239.05195	-9.72274	420.76	m	8.836	0.716	K0 III	1.418
HD 104122	HIP 58475	179.86774	-49.14031	420.78	m	7.362	-0.758	B9 III	-0.044
HD 15114	HIP 11369	36.61233	12.89883	420.79	m	8.197	0.077	B9	0.119
HD 142218	HIP 78005	238.93451	-51.12584	420.8	m	8.213	0.093	B9 II	0.042
HD 209640	HIP 108922	330.96613	44.59033	420.81	m	7.761	-0.359	A0	0.096
HD 37135	HIP 26905	85.67688	70.46981	420.87	m	8.13	0.009	K0	1.439
HD 15909	HIP 11860	38.26575	-16.03898	420.88	m	8.854	0.733	K1/2 II/III	1.457
HIP 43910		134.17865	64.87096	420.88	m	8.865	0.744	K2	1.62
HD 63403	HIP 37910	116.53793	-51.55074	420.89	m	7.423	-0.698	G8/K0 III + A1/3	1.007
HD 97787	HIP 54913	168.67525	-36.11298	420.9	m	8.892	0.771	K1 III	1.295
HD 102322	HIP 57427	176.59655	-55.66078	421	m	8.577	0.456	B9 V	-0.009
HD 204886	HIP 106448	323.40754	-57.08201	421.01	m	8.29	0.169	K0 IB/II	1.472
HD 237451	HIP 28751	91.07356	59.87213	421.02	m	8.969	0.847	G5	0.749
HD 43185	HIP 29731	93.92229	18.29748	421.03	m	6.784	-1.338	K2III	1.922
HD 199060	HIP 103274	313.82782	-22.12367	421.04	m	8.448	0.326	K2 III	1.442
HD 57573	HR 2799|HIP 35609	110.22121	-22.85043	421.05	m	6.559	-1.563	B3 V	-0.167
HD 61378	HIP 36988	114.04547	-53.85776	421.07	m	8.997	0.875	K2/3 (III)	1.741
HD 177170	HIP 93771	286.44835	-46.0305	421.07	m	8.477	0.355	G8 III/IV	1.061
HD 20025	HIP 15066	48.54281	33.52706	421.14	m	8.257	0.135	K0	1.134
HD 193325	HIP 100160	304.75396	20.46411	421.15	m	7.481	-0.641	B9	-0.168
HD 76233	HIP 43566	133.09072	-56.2421	421.19	m	7.172	-0.95	B6 V	-0.067
HD 12407	HIP 9428	30.27518	-27.60893	421.2	m	8.716	0.594	G6 III	1.049
HD 156127	HIP 84168	258.09531	57.22343	421.22	m	8.281	0.158	B9	-0.035
HD 162262	HIP 87284	267.52475	2.23061	421.23	m	8.559	0.436	A2 V + K0/1 (III)	0.977
HD 36312	HIP 25818	82.70281	0.02853	421.25	m	8.091	-0.032	B9 IV	-0.033
HD 219209	HIP 114605	348.25893	67.0761	421.27	m	7.939	-0.184	M0	2.204
HD 67086	HIP 39784	121.95182	36.24378	421.3	m	7.987	-0.136	A2	0.085
HD 198401	HIP 102714	312.17875	41.76285	421.33	m	7.507	-0.616	G5	1.048
HD 240450	HIP 118012	359.06439	60.29254	421.34	m	8.756	0.633	B 8 V	0.262
HD 32170	HIP 23142	74.6907	-47.3222	421.36	m	8.821	0.698	G8 III	1.109
HD 87012	HIP 49078	150.24968	-46.92374	421.37	m	7.923	-0.2	A2 III/IV	0.113
HD 19159	HIP 14305	46.13448	-11.00929	421.37	m	8.508	0.385	K2/3 III	1.687
HD 215706	HIP 112481	341.75594	6.56224	421.41	m	8.3	0.176	K5	1.894
HIP 2973		9.46287	25.8319	421.45	m	8.653	0.529	G8III	1.095
HD 70333	HIP 40666	124.52094	-60.3139	421.46	m	7.287	-0.837	B8/9 V	0.005
HD 172821	HIP 91979	281.21281	-50.49063	421.49	m	8.717	0.593	A9 IV/V	0.36
HD 49188	HIP 32408	101.4914	-28.81207	421.49	m	7.599	-0.525	B5 III	-0.137
HD 223894	HIP 117801	358.35259	13.56167	421.53	m	8.724	0.6	K2	1.129
HD 105285	HIP 59122	181.85765	-65.89958	421.53	m	8.883	0.759	F6M	0.671
HIP 85151		261.01185	-11.7019	421.54	m	8.69	0.566	A2 V+G8/K0 (III)	1.46
HD 198424	HIP 102729	312.25216	38.86512	421.55	m	7.483	-0.641	A0	-0.101
HD 144405	HIP 78646	240.81611	53.21695	421.56	m	8.057	-0.067	K5	1.418
HD 194565	HIP 100864	306.77487	-24.62585	421.58	m	8.922	0.798	K0 III	1.123
HD 90716	HIP 51342	157.3043	35.87055	421.58	m	8.814	0.69	G5	1.201
HD 71367	HIP 41207	126.13214	-53.73624	421.59	m	7.588	-0.536	A0/1 IV	0.137
HD 90308	HIP 50991	156.24758	-27.62142	421.59	m	8.391	0.267	K1 III	1.446
HD 169241	HIP 90623	277.37584	-68.86657	421.6	m	8.519	0.395	A0 IV	0.079
HIP 81000		248.13293	10.88987	421.61	m	8.217	0.092	K5	1.668
HD 26530	HIP 19352	62.18824	-56.55409	421.61	m	8.849	0.724	G8 III	1.177
HD 102349	HIP 57440	176.62933	-60.22341	421.62	m	8.821	0.696	K3/4 (III)	1.839
HD 222555	HIP 116870	355.33432	46.86005	421.62	m	7.41	-0.715	B9	-0.061
HD 7920	HIP 6135	19.67784	-13.39684	421.63	m	7.894	-0.231	K2 III	1.522
HD 169643	HIP 90521	277.06829	-49.51916	421.63	m	8.686	0.561	K2/3 (III)	1.494
HD 158681	HIP 85803	262.98561	-30.4012	421.64	m	8.237	0.112	B6 V	0.056
HD 157966	HIP 85264	261.33795	27.63998	421.64	m	8.538	0.413	K5	1.67
HD 15269	HIP 11536	37.1824	41.93184	421.64	m	8.855	0.73	A0	0.199
HD 136289	HIP 75447	231.20223	-71.32311	421.65	m	7.239	-0.886	K2/3 IIICNIV	1.692
HD 34267	HIP 25165	80.76053	72.28849	421.66	m	8.874	0.749	A0	0.106
HIP 5724		18.39827	50.10323	421.66	m	8.499	0.374	K0	1.142
HD 51324	HIP 33672	104.93515	52.57243	421.67	m	6.797	-1.328	K0	1.656
HD 47266	HIP 31491	98.93596	-41.48992	421.68	m	8.462	0.337	M1/2 III	1.8
HD 197620	HIP 102223	310.6963	51.02535	421.7	m	8.187	0.062	K5	1.712
HD 47104	HIP 31686	99.44093	18.40156	421.72	m	7.569	-0.556	B8	-0.089
HD 187333	HIP 97602	297.56788	-22.77991	421.72	m	7.824	-0.301	B8 IV	-0.017
HD 72409	HIP 41999	128.40863	27.34495	421.73	m	8.666	0.541	G5	1.038
HD 42551	HIP 29327	92.75921	-7.28425	421.75	m	7.586	-0.539	B5 IV	-0.13
HD 43988	HIP 30027	94.78315	-1.36696	421.78	m	7.439	-0.686	K2 III	1.685
HD 152366	HIP 82667	253.49044	-25.06925	421.79	m	8.085	-0.04	AP SI	0.041
HD 64777	HIP 38587	118.52034	-34.02223	421.82	m	7.45	-0.676	B8/9 V	-0.081
HD 194597	HIP 100776	306.49762	14.94309	421.84	m	7.544	-0.582	K5	1.733
HD 179394	HIP 94182	287.61096	42.60135	421.84	m	7.472	-0.654	B8	-0.077
HD 129740	HIP 72332	221.86908	-66.17913	421.85	m	7.329	-0.797	B3 V	-0.078
HD 7734	HIP 6073	19.49058	47.68073	421.85	m	7.687	-0.439	K2	1.639
HD 7819	HIP 6021	19.34131	-37.27002	421.85	m	7.899	-0.227	K4 III	1.715
HD 42746	HIP 29414	92.96381	-15.63666	421.9	m	8.637	0.511	A2 V	0.124
HD 48106	HIP 32022	100.34342	-7.16871	421.91	m	6.944	-1.182	B5/7 III	-0.134
HD 131380	HIP 73429	225.09187	-77.93471	421.91	m	8.894	0.768	G8 IV	1.277
HD 25122	HIP 18938	60.88548	64.24237	421.92	m	8.703	0.577	B8	0.392
HD 236450	HIP 2493	7.91004	58.14364	421.94	e	8.729	0.603	A0	0.15
HD 9787	HIP 5953	19.1524	-87.34046	421.96	m	8.118	-0.008	K4/5 III	1.977
HD 69177	HIP 40499	124.03059	7.70884	421.97	m	8.833	0.707	G5	0.921
HD 118242	HIP 66457	204.35661	-64.93574	421.97	m	8.152	0.026	AP SI	0.005
HD 53256	HIP 34203	106.38767	29.51619	421.99	m	8.348	0.221	B9	-0.028
HD 97674	HIP 54813	168.32071	-66.84979	422.01	m	7.88	-0.247	A1MA5-A8	0.565
HD 51586	HIP 33546	104.57433	7.87448	422.02	m	8.198	0.071	K0	1.619
HD 18668	HIP 13984	45.02545	-0.68245	422.02	m	7.964	-0.163	K3 III	1.808
HD 85317	HIP 48373	147.91717	31.43653	422.04	m	8.8	0.673	G5	1.186
HD 108216	HIP 60663	186.49745	-17.92898	422.05	m	8.295	0.168	K3 III	1.696
HD 52898	HIP 33811	105.29306	-38.4234	422.06	m	8.902	0.775	G5 IV	0.925
HD 59670	HIP 36517	112.68839	-6.71794	422.07	m	8.013	-0.114	A3 IV	0.177
HD 102881	HIP 57797	177.76939	71.11064	422.1	m	8.81	0.683	K0	1.108
HD 132983	HIP 73719	226.03654	-53.26037	422.11	m	8.577	0.45	K1 III	1.46
HD 5783	HIP 4588	14.68443	-51.26523	422.12	m	7.675	-0.452	K3 III	1.708
HD 142821	HIP 78215	239.58227	-41.65962	422.12	m	7.931	-0.196	B9 V	0.166
HD 46041	HIP 30889	97.26567	-41.62602	422.16	m	8.56	0.433	K0/1 III	1.268
HD 134627	HIP 74253	227.63132	11.67363	422.16	m	7.062	-1.065	M1	1.936
HD 102648	HIP 57637	177.28197	11.87654	422.19	m	8.721	0.593	K5	1.671
HD 214555	HIP 111604	339.15389	71.34438	422.19	m	8.863	0.735	K0	1.076
HD 190751	HIP 98996	301.47916	18.24443	422.2	m	7.991	-0.137	K0	1.478
HD 155640	HIP 84089	257.8686	32.93709	422.2	m	8.847	0.719	G5	0.956
HD 118566	HIP 66576	204.70706	-49.49502	422.21	m	7.546	-0.582	K4 III	1.792
HD 193437	HIP 100422	305.45023	-40.7556	422.21	m	7.271	-0.857	M3/4 III	1.932
HD 210793	HIP 109723	333.3931	-35.74344	422.21	m	8.751	0.623	G8 IV	1.102
HD 57797	HIP 35745	110.59037	-11.99602	422.22	m	8.848	0.72	A2 III	0.245
HD 43313	HIP 28927	91.58757	-76.36047	422.23	m	8.969	0.841	K1 III	1.363
HD 175988	HIP 93079	284.40907	9.86179	422.24	m	8.727	0.599	A0	0.128
HD 205042	HIP 106375	323.16853	-1.60832	422.27	m	7.815	-0.313	M1/2 III	1.86
HD 188664	HIP 97862	298.29867	58.16484	422.32	m	7.596	-0.532	K5	1.872
HD 29484	HIP 21457	69.10787	-46.27607	422.32	m	8.862	0.734	G8 III	1.321
HD 207622	HIP 107722	327.32259	38.34774	422.34	m	7.848	-0.28	K5	1.893
HD 73573	HIP 42514	130.02474	29.28316	422.34	m	8.874	0.746	G5	1.128
HD 139307	HIP 76306	233.81177	49.69837	422.41	m	7.542	-0.587	K5	1.837
HIP 65395		201.04289	40.21624	422.42	m	8.966	0.837	K 0 III	1.345
HD 259548	HIP 31313	98.50662	23.04912	422.48	m	8.992	0.863	G5	1.145
HD 8955	HIP 7061	22.75816	72.87793	422.5	m	8.206	0.077	K0	1.539
HD 116431	HIP 65404	201.07573	-41.79923	422.51	m	8.875	0.746	K0 III	1.222
HD 205058	HIP 106238	322.7811	51.24938	422.53	m	8.794	0.665	A0	0.124
HD 15412	HIP 11471	36.997	-30.44112	422.54	m	7.814	-0.315	M2 III	1.919
HD 141269	HIP 77324	236.79869	27.22533	422.57	m	8.223	0.094	K2	1.473
HD 32957	HIP 24199	77.92717	66.01656	422.57	m	8.497	0.368	B8	0.068
HD 197567	HIP 102573	311.80209	-57.9007	422.59	m	8.04	-0.09	K2 III	1.396
HD 111060	HIP 62365	191.71432	-28.98538	422.6	m	8.925	0.795	K1/2 III	1.433
HD 193594	HIP 100191	304.8362	41.39139	422.61	m	7.777	-0.353	B9	0.018
HD 56453	HIP 35094	108.86945	-36.56087	422.61	m	7.844	-0.286	K5/M0 III	1.908
HD 170152	HIP 89586	274.21652	78.96666	422.64	m	8.91	0.78	K0	1.244
HD 192115	HIP 99895	304.02689	-56.50661	422.68	m	8.925	0.795	A0/1 V	0.04
HD 149091	HIP 81127	248.52716	-38.45613	422.69	m	8.645	0.515	K2 III	1.672
HD 15934	HIP 11745	37.89161	-56.60118	422.7	m	8.648	0.518	K2 III	1.444
HD 70188	HIP 40804	124.92805	-27.08177	422.71	m	7.294	-0.836	K1 III	1.543
HD 65143	HIP 38804	119.12626	-23.0043	422.72	m	7.553	-0.577	B8/9 V	-0.016
HD 220958	HIP 115844	352.03027	-12.21233	422.72	m	7.688	-0.442	K3 III	1.651
HD 76412	HIP 43657	133.40386	-55.1068	422.73	m	8.665	0.535	B9 V	-0.015
HD 67709	HIP 40009	122.55801	27.08919	422.73	m	8.164	0.034	K1III	1.366
HD 170943	HIP 90992	278.41567	-36.80563	422.75	m	7.967	-0.163	B5 III	-0.046
HD 39430	HIP 28023	88.90651	53.45986	422.75	m	7.628	-0.502	M0	2.063
HIP 107368		326.202	39.54294	422.75	m	8.738	0.608	K0	1.259
HD 184902	HIP 96152	293.25162	60.16455	422.77	m	8.186	0.055	K0III	1.113
HD 71544	HIP 41372	126.60266	-41.18723	422.79	m	7.822	-0.309	B9 V	-0.038
HD 204467	HIP 106129	322.46441	-40.40088	422.8	m	8.549	0.418	K0 III	1.144
HD 108213	HIP 60655	186.47838	4.19975	422.82	m	7.556	-0.575	K0 III	1.305
HD 81172	HIP 45969	140.62265	-46.84719	422.88	m	8.238	0.107	B7/8 III	-0.076
HD 79149	HIP 45117	137.87999	-28.42776	422.88	m	7.824	-0.307	B9 III	-0.031
HD 215905	HIP 112726	342.42072	-58.92932	422.9	m	7.583	-0.548	K5 III	1.888
HD 156966	HIP 84744	259.85032	27.28382	422.96	m	7.005	-1.126	M1III	1.958
HD 159187	HIP 85905	263.32075	0.10326	422.96	m	8.14	0.009	M3 III	1.972
HD 19473	HIP 14059	45.28553	-76.16883	422.97	m	8.903	0.771	G6 III	1.084
HD 210945	HIP 109736	333.4348	7.71496	422.98	m	8.268	0.136	K2	1.379
HD 214443	HIP 111663	339.31208	51.28594	422.98	m	8.32	0.188	A 5 III	0.041
HIP 87823		269.10162	18.32704	422.98	m	7.426	-0.706	A0III+G8II	0.003
HD 181620	HIP 95226	290.60694	-31.93662	422.99	m	7.157	-0.975	M2 III	2.003
HD 186711	HIP 97303	296.63388	-16.20931	423	m	8.287	0.155	M2 III	2.13
HD 208929	HIP 109280	332.07601	-82.63401	423.01	m	8.352	0.22	K1 III	1.605
HD 131700	HIP 73089	224.05706	-37.06632	423.02	m	8.953	0.821	K1 III	1.424
HD 72239	HIP 41879	128.08049	16.21284	423.03	m	8.539	0.407	A2	0.159
HD 62235	HIP 37570	115.66252	-9.547	423.1	m	8.663	0.531	K1 III	1.321
HD 259654	HIP 31294	98.44111	9.16901	423.11	m	8.673	0.541	K2	1.269
HIP 37532		115.54754	-3.52281	423.14	m	8.485	0.353	K5	1.422
HD 112112	HIP 62876	193.29773	59.95218	423.15	m	7.723	-0.409	K2	1.72
HD 7560	HIP 5923	19.04491	35.23129	423.16	m	8.369	0.236	G5	1.064
HD 71971	HIP 41281	126.32873	-69.85084	423.2	m	8.852	0.719	B9.5 V	0.014
HD 138421	HIP 75899	232.54	46.38609	423.2	m	7.766	-0.367	K2	1.547
HD 40090	HIP 28050	88.977	-19.16035	423.2	m	8.914	0.781	A5 V	0.204
HD 164004	HIP 88195	270.16328	-36.96673	423.21	m	8.078	-0.055	K2 III	1.515
HD 74244	HIP 42759	130.70483	-4.62363	423.24	m	8.664	0.531	G8 IV	1.318
HD 15575	HIP 11624	37.4864	-13.97337	423.25	m	8.816	0.683	K1 IIICNII	1.348
HD 11056	HIP 8368	26.94772	-39.57422	423.28	m	8.862	0.729	K1 III	1.405
HD 96693	HIP 54454	167.11418	7.63067	423.29	m	8.36	0.227	K0	1.25
HD 57641	HIP 35524	109.98199	-45.35169	423.3	m	8.929	0.796	G8 III	1.087
HD 37599	HIP 28956	91.66993	85.2846	423.31	m	7.612	-0.521	G5	1.273
HD 4332	HIP 3517	11.22769	-63.19662	423.31	m	7.112	-1.021	K4 II/IIICNIV/V	1.801
HD 85489	HIP 48385	147.95515	-14.07869	423.32	m	7.661	-0.472	K0 III	1.348
HD 201733	HR 8103|HIP 104483	317.4943	45.50256	423.33	m	6.563	-1.57	B4IVp	-0.155
HD 193923	HIP 100659	306.15004	-43.14139	423.33	m	8.901	0.768	G8 III	1.146
HD 207068	HIP 107432	326.39267	37.40088	423.33	m	8.493	0.36	A0	-0.063
HD 4664	HIP 3707	11.89939	-67.71069	423.37	m	8.716	0.582	A2 V	0.104
HD 55869	HIP 35162	109.00799	29.2551	423.38	m	7.448	-0.686	B8	-0.084
HD 222358	HIP 116762	354.96073	-5.54679	423.38	m	7.817	-0.317	K2 III	1.754
HD 214524	HIP 111743	339.53745	41.12085	423.39	m	7.454	-0.68	B8	-0.055
HD 182616	HIP 95388	291.07502	31.04731	423.4	m	7.367	-0.767	B8	-0.083
HD 42529	HIP 29478	93.16603	32.97265	423.44	m	8.229	0.095	B9	-0.004
HD 30586	HIP 22521	72.69346	40.60688	423.44	m	8.573	0.439	K0	1.671
HD 77079	HIP 44301	135.34012	36.89059	423.44	m	8.455	0.321	G5	1.443
HD 114595	HIP 64380	197.93072	-20.67723	423.48	m	8.815	0.681	G8 III	1.164
HD 66109	HIP 38960	119.57304	-63.13157	423.49	m	8.185	0.051	B9.5 V	0.037
HD 134785	HIP 74598	228.62938	-59.73526	423.49	m	7.384	-0.75	K4 III	2.006
HD 14427	HIP 10863	34.94614	-2.22531	423.53	m	8.972	0.838	K0 III	1.166
HD 62292	HIP 37556	115.62392	-19.41946	423.57	m	8.648	0.513	K0 III	1.411
HD 92056	HIP 51977	159.30351	-31.76269	423.59	m	6.92	-1.215	K3 III	1.648
HIP 4340		13.91228	49.92902	423.59	m	8.551	0.416	K2	1.621
HD 119446	HIP 66909	205.68315	33.84485	423.6	m	8.01	-0.125	K0	1.442
HD 183363	HIP 95679	291.91928	36.52901	423.63	m	8.205	0.07	B 8 V	-0.057
HD 95501	HIP 53868	165.31237	-9.77182	423.63	m	7.674	-0.461	M2 III	1.896
HD 73588	HIP 42315	129.41536	-40.43558	423.64	m	7.173	-0.962	M4 III	1.921
HD 55434	HIP 34918	108.36902	15.22038	423.66	m	8.963	0.828	K0	1.1
HD 12997	HIP 9912	31.89366	15.58994	423.66	m	8.729	0.594	A0	0.139
HD 21113	HIP 15752	50.73368	-41.25591	423.66	m	7.935	-0.2	M0 III	1.859
HD 103887	HIP 58338	179.45402	60.46151	423.67	m	8.014	-0.121	K2	1.792
HD 196270	HIP 101569	308.77584	33.55238	423.68	m	8.179	0.044	A 7 V	-0.03
HD 148504	HIP 80830	247.60371	-44.11562	423.7	m	8.106	-0.029	M2/3 III	2.221
HD 39054	HIP 27509	87.38368	-12.22496	423.71	m	8.792	0.657	K0 III	1.217
HD 184330	HIP 95780	292.21828	68.18677	423.72	m	8.667	0.532	A0	0.134
HD 141166	HIP 77481	237.31203	-41.79134	423.73	e	7.407	-0.728	B8 III	-0.009
HD 173160	HIP 91886	280.97314	-0.22439	423.73	e	8.054	-0.081	A0 V	0.129
HD 199937	HIP 103461	314.4195	58.82203	423.73	e	7.971	-0.164	A0	0.138
HD 211430	HIP 109894	333.87253	55.81854	423.73	e	7.459	-0.676	B9	-0.058
HD 32182	HIP 23232	74.98556	-29.57619	423.74	m	8.193	0.058	K1 III	1.386
HD 122014	HIP 68409	210.05785	-44.22187	423.74	m	8.302	0.166	K0/1 III	1.291
HD 42978	HIP 29734	93.92571	39.50749	423.75	m	8.617	0.481	K2	1.383
HD 115993	HIP 65048	200.00267	46.69712	423.75	m	8.652	0.516	K2	1.308
HD 36997	HIP 26216	83.80758	-2.3812	423.75	m	8.334	0.198	B9 II	-0.049
HD 103783	HIP 58282	179.29198	-4.12655	423.76	m	8.915	0.779	G8 IV	1.01
HD 29999	HIP 22005	70.9549	3.47789	423.76	m	8.321	0.185	K0 III	1.354
HD 111787	HIP 62796	193.01848	-28.7303	423.76	m	8.397	0.261	G8/K0 III/IV	1.386
HIP 111269		338.13317	21.06328	423.77	m	8.219	0.083	K5	1.72
HD 191401	HIP 99295	302.34453	10.78606	423.78	m	7.543	-0.593	B 6 V	-0.123
HD 48886	HIP 32384	101.3789	-1.43	423.78	m	7.816	-0.32	A0 V	-0.018
HD 52462	HIP 33734	105.117	-22.64504	423.79	m	7.448	-0.688	K4 III	1.868
HD 222696	HIP 116979	355.71143	10.48189	423.79	m	8.237	0.101	K0	1.409
HD 114280	HIP 64329	197.78066	-67.56528	423.8	m	8.86	0.724	G8 III	1.224
HD 3509	HIP 2957	9.38876	-53.72104	423.87	m	8.005	-0.131	K1 III	1.403
HD 110592	HIP 62082	190.86414	-28.81679	423.88	m	8.948	0.812	G8 III	1.298
HD 148128	HIP 80444	246.31602	19.23973	423.88	m	7.208	-0.928	K5	1.967
HD 54059	HIP 34295	106.64456	-22.0147	423.93	m	7.433	-0.703	G8 III	1.098
HD 85219	HIP 48267	147.59972	-1.42223	423.94	m	7.911	-0.226	K0 III	1.178
HD 100082	HIP 56216	172.86392	57.13487	423.94	m	7.765	-0.372	K5	1.867
HD 212303	HIP 110501	335.77243	12.78131	423.96	m	8.406	0.269	A2	0.196
HD 165365	HIP 88720	271.6908	-28.36383	423.98	m	7.101	-1.036	B7/8 III	-0.037
HD 169937	HIP 90505	277.01942	-24.56246	423.98	m	8.435	0.298	B9.5 IV	0.2
HD 36438	HIP 26105	83.5141	46.18687	424.01	m	7.974	-0.163	K2	1.847
HD 1301	HIP 1380	4.31585	-4.44897	424.02	m	8.942	0.805	K0 III	1.187
HD 156479	HIP 85005	260.61415	-65.31942	424.04	m	8.395	0.258	K1 III	1.376
HD 143708	HIP 78506	240.40491	12.05084	424.05	m	8.398	0.261	G5	0.897
HD 201892	HIP 104677	318.05106	11.78151	424.05	m	7.17	-0.967	K5	1.976
HD 60316	HIP 37287	114.84561	69.32448	424.11	m	8.371	0.234	K0	1.109
HD 198096	HIP 102691	312.1163	-14.90623	424.12	m	8.985	0.848	K0 III	1.247
HD 196627	HIP 101723	309.29364	38.95499	424.14	m	8.956	0.818	A0	-0.023
HD 130926	HIP 72712	222.99365	-36.62718	424.16	m	8.308	0.17	K2 III	1.519
HD 58071	HIP 35969	111.20701	20.00084	424.16	m	7.579	-0.559	A0	0.028
HD 11746	HIP 9055	29.1568	52.33123	424.17	m	8.636	0.498	A0	0.048
HD 188284	HIP 97839	298.22272	38.67192	424.18	m	8.153	0.015	K5	1.465
HD 59087	HIP 36370	112.29641	20.93939	424.23	m	8.31	0.172	A5	0.486
HD 150167	HIP 81711	250.34973	-46.38572	424.24	m	8.16	0.022	B9 IV	0.091
HD 222657	HIP 116953	355.60417	49.15145	424.27	m	8.008	-0.13	A0	-0.012
HD 224837	HIP 89	0.27715	53.16694	424.27	m	8.055	-0.083	K2	1.87
HD 87002	HIP 49263	150.84602	44.62746	424.28	m	8.685	0.547	A3	0.214
HD 92479	HIP 52079	159.62792	-70.30982	424.28	m	7.652	-0.486	B6 V	-0.062
HD 174325	HR 7089|HIP 92442	282.58349	-7.90762	424.3	m	7.157	-0.981	C	3.904
HD 111443	HIP 62502	192.11765	60.8202	424.31	m	7.648	-0.49	K2	1.705
HD 211075	HIP 109793	333.5835	18.02038	424.34	m	8.32	0.181	K2	1.508
HD 117580	HIP 65957	202.84632	-9.10686	424.35	m	8.255	0.116	A1 V	0.077
HD 104311	HIP 58571	180.16837	-55.84318	424.36	m	8.171	0.032	K4 III	1.85
HD 67162	HIP 39610	121.416	-29.99196	424.41	m	8.461	0.322	A0 IV/V	-0.016
HD 151712	HIP 82049	251.40401	58.6554	424.42	m	8.155	0.016	K2	1.637
HD 203612	HIP 105537	320.61859	33.86106	424.44	m	8.551	0.412	A3	0.129
HIP 16174		52.09395	22.05909	424.46	m	8.73	0.591	K0	1.193
HD 44896	HIP 30338	95.72403	-33.6146	424.46	m	7.434	-0.705	KP BA	2.023
HD 152748	HIP 82686	253.5227	27.59106	424.47	m	8.109	-0.03	G8II	1.167
HD 218113	HIP 113992	346.27491	28.20205	424.47	m	7.682	-0.457	K5III	2.044
HD 170577	HIP 90456	276.86817	51.17461	424.49	m	8.296	0.157	K2	1.405
HD 25727	HIP 18830	60.54587	-53.61931	424.49	m	8.863	0.724	K0 III	1.226
HD 193084	HIP 100196	304.84809	-29.62393	424.49	m	7.595	-0.544	B8 V	-0.097
HD 207433	HIP 107687	327.21768	3.1585	424.49	m	8.443	0.304	K0 III	1.076
HD 165568	HIP 88571	271.27283	34.46987	424.51	m	8.761	0.622	A3	0.107
HD 58578	HIP 36197	111.82012	27.29875	424.53	m	7.999	-0.141	A2	0.179
HD 36303	HIP 26283	83.94623	65.62372	424.59	m	8.998	0.858	A0	0.219
HD 200615	HIP 103872	315.70343	48.51759	424.6	m	8.126	-0.014	B8V	0.016
HD 199998	HIP 103562	314.74401	47.6493	424.6	m	8.501	0.361	K0II	1.66
HD 1576	HIP 1601	5.01295	1.16411	424.66	m	8.758	0.618	G3/5 V	0.879
HD 57291	HIP 35595	110.182	3.58167	424.66	m	6.847	-1.293	B3 III	-0.189
HD 71239	HIP 41160	125.967	-52.54885	424.67	m	8.886	0.746	K1 III	1.729
HD 159736	HIP 86107	263.9616	12.04695	424.68	m	6.966	-1.174	K5	1.985
HD 28026	HIP 20660	66.40344	5.64535	424.69	m	7.167	-0.973	K0	1.487
HD 5764	HIP 4672	14.9987	48.01996	424.74	m	7.099	-1.042	B8	-0.111
HD 205808	HIP 106658	324.05554	50.67908	424.74	m	7.23	-0.911	B9	-0.09
HD 8564	HIP 6561	21.08065	-19.53494	424.75	m	8.527	0.386	K3 III	1.636
HIP 92093		281.53535	40.27981	424.77	m	8.791	0.65	K2	1.365
HD 77793	HIP 44403	135.67896	-50.8257	424.77	m	8.123	-0.018	A0 IV/V	-0.013
HD 110913	HIP 62202	191.23089	58.36744	424.78	m	8.575	0.434	K5	1.264
HD 234720	HIP 92447	282.59311	51.14695	424.8	m	8.556	0.415	K2	1.428
HD 20695	HIP 15409	49.6686	-35.16715	424.81	m	8.272	0.131	K2 III	1.479
HD 131583	HIP 72901	223.49641	18.49978	424.81	m	8.783	0.642	K0	1.056
HD 34375	HIP 24412	78.55774	-51.35744	424.84	m	8.439	0.298	K2/3 III	1.607
HD 48896	HIP 32380	101.36606	-7.13616	424.89	m	8.552	0.411	G8 IV	0.964
HD 209941	HIP 109308	332.18385	-59.2852	424.95	m	7.994	-0.148	K3 III	1.834
HD 81132	HIP 46003	140.73476	-30.9569	424.98	m	8.979	0.837	K1 III	1.282
HD 40067	HIP 28109	89.11082	-1.8242	425.02	m	8.848	0.706	A0 V	0.085
HD 11258	HIP 8566	27.62323	-3.69457	425.02	m	8.139	-0.003	K0 III	1.438
HD 138982	HIP 76242	233.60941	32.01704	425.04	m	8.852	0.71	K0	1.14
HD 41609	HIP 28889	91.491	-6.6306	425.05	m	8.346	0.204	A3 III/IV	0.237
HD 123643	HIP 69100	212.17684	11.43696	425.06	m	8.949	0.807	K0	1.175
HD 190737	HIP 99010	301.50819	9.09336	425.09	m	7.594	-0.548	K5	1.925
HIP 16701		53.73557	19.81013	425.1	m	8.905	0.763	K5	1.995
HD 121345	HIP 67943	208.70553	7.67625	425.13	m	8.386	0.243	K5	1.551
HIP 100645		306.11849	68.36442	425.15	m	8.818	0.675	K5	1.781
HD 221347	HIP 116087	352.83921	10.88554	425.23	m	8.186	0.043	K5	1.676
HD 90608	HIP 51186	156.83417	-23.78311	425.25	m	8.41	0.267	G8 III	1.017
HD 37234	HIP 26402	84.30554	4.76856	425.26	m	7.802	-0.341	B9 IV/V	0.041
HD 11917	HIP 9633	30.95206	81.00002	425.27	m	8.997	0.854	A0	0.069
HD 111526	HIP 62612	192.44715	18.34289	425.27	m	8.822	0.679	K0	1.068
HD 8409	HIP 6444	20.68834	-28.5127	425.28	m	8.83	0.687	K0 III	1.296
HD 68783	HIP 40243	123.29656	-21.24146	425.28	m	8.24	0.097	K0/1 III	1.474
HD 68582	HIP 40289	123.40747	16.64696	425.29	m	8.442	0.299	K2	1.692
HD 214667	HIP 111842	339.81595	33.88948	425.3	m	8.931	0.788	F8	0.596
HD 85341	HIP 48199	147.38989	-52.12732	425.3	m	7.557	-0.586	B9 II/III	-0.114
HD 204291	HIP 105812	321.44581	52.86187	425.3	m	7.842	-0.301	K5	1.837
HD 158538	HIP 85590	262.36006	11.70474	425.32	m	8.458	0.314	K5	1.725
HD 213585	HIP 111281	338.1531	-5.17306	425.32	m	8.446	0.302	K3 III	1.847
HD 111068	HIP 62353	191.6513	12.96401	425.32	m	8.779	0.635	K5	1.729
HD 187788	HIP 98065	298.95798	-63.98405	425.33	m	8.993	0.849	K0 III	1.362
HD 124739	HIP 69707	214.02283	-34.41886	425.35	m	8.347	0.203	G1 V	0.805
HD 63241	HIP 38062	117.01424	5.40981	425.36	m	6.787	-1.357	K0	1.941
HIP 50573		154.96358	69.87989	425.4	m	8.756	0.612	K2	1.639
HD 92781	HIP 52326	160.38854	-56.096	425.42	m	8.312	0.168	B9/A0 VN	-0.076
HD 221825	HIP 116419	353.86553	-10.5551	425.43	m	7.351	-0.793	M0/1 III	1.777
HD 103780	HIP 58281	179.28745	33.35346	425.45	m	8.915	0.771	K1III	1.302
HD 120858	HIP 67801	208.33797	-53.24166	425.48	m	8.852	0.708	K2 III	1.536
HD 172422	HIP 91500	279.90655	11.86104	425.5	m	8.349	0.204	K2	1.193
HD 350215	HIP 96722	294.92455	19.58975	425.51	m	8.985	0.84	F8	0.658
HD 61277	HIP 37159	114.54945	-10.6131	425.51	m	7.22	-0.925	K4/5 III	1.916
HD 61926	HIP 37336	114.9696	-38.5483	425.51	m	7.923	-0.222	B8 V	-0.029
HD 37877	HIP 26521	84.60727	-54.95418	425.51	m	7.31	-0.835	K3 III	1.76
HD 202049	HIP 104696	318.12122	33.23935	425.52	m	7.446	-0.699	K0	1.834
HD 71236	HIP 41193	126.08977	-45.89492	425.52	m	8.456	0.311	G8 III	1.374
HD 425	HIP 711	2.20475	-7.89706	425.54	m	8.873	0.728	G8 IV	1.075
HD 8663	HIP 6584	21.14142	-45.72127	425.54	m	7.934	-0.211	K5/M0 III	1.778
HD 62901	HIP 37913	116.54238	-3.96112	425.58	m	7.66	-0.485	A0 IV	0.006
HD 19938	HIP 14690	47.44555	-55.4875	425.59	m	7.79	-0.355	K3/4 III	1.79
HD 64320	HR 3076|HIP 38226	117.47819	-60.05144	425.61	m	6.855	-1.29	K0 II	1.464
HD 117094	HIP 65795	202.30944	-54.91776	425.64	m	7.856	-0.289	G5 III	1.184
HD 192116	HIP 100106	304.6178	-70.53239	425.65	m	8.885	0.74	G8/K0 III	1.167
HD 141491	HIP 77476	237.28249	8.33097	425.67	m	8.963	0.818	K0	1.133
HD 87828	HIP 49559	151.77791	-28.86781	425.74	m	7.783	-0.363	K4/5 III	1.82
HD 135902	HIP 75054	230.05415	-57.39804	425.75	m	7.275	-0.871	M3 III	1.927
HD 111499	HIP 62611	192.44595	-15.07892	425.75	m	7.288	-0.858	M3/4 III	1.764
HD 110595	HIP 62099	190.89394	-45.03214	425.75	m	8.999	0.853	K1 III	1.427
HD 98943	HIP 55494	170.4819	-73.51886	425.77	m	8.51	0.364	B9 V	0.172
HD 24211	HIP 17647	56.70921	-66.81355	425.79	m	8.978	0.832	G6 III	1.169
HD 10375	HIP 8032	25.79445	62.64347	425.79	m	8.277	0.131	B9V	0.141
HD 54257	HIP 34335	106.76179	-25.78086	425.81	m	7.461	-0.685	K3 III	1.743
HD 149932	HIP 81384	249.31644	15.71087	425.83	m	7.897	-0.249	K2	1.511
HIP 116457		353.96206	47.42738	425.86	m	8.838	0.692	K0	1.29
HD 120414	HIP 67542	207.59047	-50.77093	425.87	m	8.608	0.462	G8 III	1.194
HD 32519	HIP 23788	76.6776	53.50319	425.88	m	8.664	0.518	B9	0.144
HD 24215	HIP 18063	57.91075	10.84344	425.9	m	8.294	0.147	A0	0.172
HD 6784	HIP 5421	17.3191	50.71283	425.91	m	8.066	-0.081	A0	0.076
HD 236280	HIP 182	0.5812	52.5864	425.91	m	8.647	0.5	K0	1.205
HD 105739	HIP 59324	182.55215	48.53134	425.91	m	8.411	0.264	G8III	1.05
HD 48574	HIP 32193	100.80979	-21.86238	425.92	m	7.229	-0.918	B5 V	-0.16
HD 75911	HIP 43221	132.07183	-70.41697	425.92	m	8.276	0.129	K3 III	1.659
HD 116257	HIP 64678	198.849	83.90559	425.93	m	8.621	0.474	G5	1.255
HD 80459	HIP 45541	139.23169	-63.77514	425.93	m	7.431	-0.716	B6 VNE	-0.002
HD 140553	HIP 76830	235.30697	59.34777	425.94	m	8.809	0.662	K2	1.145
HD 83881	HIP 47414	144.92016	-53.25792	425.95	m	7.54	-0.607	B8 III	-0.107
HD 174870	HIP 92748	283.5015	-31.19867	425.97	m	8.778	0.631	K2/3 III	1.786
HD 237860	HIP 49227	150.73263	57.86877	425.98	m	8.861	0.714	K0	1.17
HD 177176	HIP 93558	285.83117	9.91737	425.99	m	8.979	0.832	K2	2.051
HD 180186	HIP 94498	288.49692	38.97684	426.02	m	8.127	-0.02	K2	1.872
HD 82774	HIP 46877	143.291	-36.40468	426.05	m	7.622	-0.525	A1 IV	0.085
HD 31839	HIP 22983	74.18141	-46.53486	426.07	m	8.137	-0.01	K3 III	1.767
HD 83	HIP 485	1.4478	47.08729	426.07	m	8.473	0.326	A0	0.055
HD 186178	HIP 96888	295.41913	30.80863	426.07	m	7.026	-1.121	M0III	1.906
HD 22755	HIP 17010	54.70557	-20.21575	426.08	m	7.869	-0.278	K2 III	1.615
HD 19299	HIP 14102	45.466	-69.68398	426.1	m	7.885	-0.263	K3 III	1.605
HIP 3094		9.84559	27.48962	426.1	m	8.915	0.767	G5	1.121
HD 27270	HIP 20099	64.63438	4.95193	426.12	m	7.987	-0.161	K3 III	1.747
HD 224381	HIP 118099	359.34396	41.60747	426.12	m	8.191	0.043	G5	1.147
HD 53711	HIP 34615	107.53619	62.1359	426.13	m	7.109	-1.039	K5	1.833
HD 117031	HIP 65656	201.92208	-6.81581	426.18	m	8.447	0.299	K0 III	1.231
HD 88066	HIP 49690	152.15554	-31.10274	426.19	m	7.95	-0.198	F8 IV	0.8
HD 89512	HIP 50510	154.74582	-36.40517	426.23	m	8.451	0.303	K2 III	1.524
HD 203281	HIP 105278	319.85974	53.48275	426.23	m	8.603	0.455	A0	0.032
HD 65304	HIP 39047	119.83049	30.44936	426.23	m	8.733	0.585	G5	1.202
HIP 88207		270.1938	65.8973	426.27	m	8.909	0.761	K2	1.188
HIP 39178		120.19748	14.64695	426.29	m	8.884	0.735	G5	1.109
HD 15332	HIP 11631	37.52092	56.67352	426.29	m	8.024	-0.125	A 0 II	0.172
HD 167072	HIP 89438	273.80276	-35.81912	426.3	m	8.61	0.461	K2 III	1.537
HD 34959	HR 1761|HIP 25011	80.33044	4.01195	426.3	m	6.519	-1.63	B7 Ib/II	-0.125
HD 116207	HIP 65225	200.50734	2.75729	426.31	m	7.825	-0.324	M3 III	1.781
HD 357	HIP 683	2.10852	41.95799	426.32	m	8.722	0.573	A0	0
HD 213194	HIP 111030	337.39719	5.64154	426.32	m	8.708	0.559	K0	1.319
HD 164	HIP 542	1.64953	56.51447	426.33	m	8.074	-0.075	A0	0.129
HD 32408	HIP 23561	75.9878	22.53362	426.41	m	8.843	0.694	A0	0.238
HD 70317	HIP 40999	125.50588	23.09712	426.41	m	8.842	0.693	K0	1.116
HD 28387	HIP 20839	66.99209	-17.84101	426.44	m	7.471	-0.678	K4 III	1.854
HD 26080	HIP 19391	62.29944	36.4275	426.46	m	7.95	-0.199	M1	2.138
HD 21293	HIP 16071	51.74748	24.8237	426.47	m	8.328	0.179	K5	1.914
HD 57437	HIP 35566	110.09512	-22.08459	426.47	m	7.286	-0.863	G8 III	1.201
HD 34160	HIP 24593	79.13566	28.19007	426.49	m	8.675	0.525	K0	1.464
HD 163092	HIP 87416	267.96759	49.27436	426.5	m	8.764	0.614	K5	1.767
HD 90523	HIP 51243	156.99615	42.98129	426.51	m	8.459	0.309	K5	1.772
HD 202174	HIP 104916	318.78773	-35.00686	426.52	m	8.749	0.599	G8 IIICNIV	1.07
HD 185937	HIP 96844	295.2814	13.58161	426.53	m	8.307	0.157	A0	0.02
HD 196255	HIP 101745	309.32438	-34.51041	426.54	m	8.862	0.712	G8 III	1.055
HD 154542	HIP 83497	255.9799	45.44922	426.54	m	7.918	-0.232	K0	1.711
HD 202329	HIP 104801	318.47385	39.37023	426.55	m	8.101	-0.049	K2	1.583
HD 179970	HIP 94541	288.63029	2.93237	426.55	m	8.94	0.79	K2 (III)	1.87
HD 215193	HIP 112184	340.81982	16.27755	426.57	m	8.848	0.698	K2	1.223
HD 102874	HIP 57746	177.62682	-50.9432	426.58	m	8.812	0.662	K2 III	1.493
HD 124938	HIP 69830	214.37189	-41.10915	426.58	m	8.908	0.758	G8 III	1.137
HD 3496	HIP 3034	9.64781	57.51691	426.58	m	7.684	-0.466	B9	0.098
HD 129779	HIP 71900	220.59687	54.80341	426.58	m	7.694	-0.456	M2	1.692
HD 86983	HIP 48985	149.91403	-64.46097	426.58	m	8.134	-0.016	B9 V	0.05
HD 191720	HIP 99359	302.50687	36.97846	426.6	m	7.773	-0.377	B9V	0.059
HD 154357	HIP 83531	256.07883	20.04809	426.6	m	8.449	0.299	K2	1.74
HD 209585	HIP 108999	331.21799	-19.07556	426.62	m	8.907	0.757	G8 IV	1.043
HD 244591	HIP 25917	82.96917	11.20417	426.63	m	8.7	0.55	K5	1.521
HD 217446	HIP 113637	345.21639	-16.88074	426.63	m	8.371	0.221	K1 III	1.451
HD 144946	HIP 79237	242.5688	-42.81578	426.65	m	8.766	0.616	B9 V	0.14
HD 43908	HIP 30052	94.86439	16.57511	426.66	m	8.917	0.767	A0	-0.005
HD 145081	HIP 79553	243.49627	-68.54356	426.67	m	8.974	0.824	K0 III	1.146
HD 198807	HIP 103279	313.84946	-57.86773	426.73	m	8.463	0.312	G6 III	1.09
HD 112585	HIP 63384	194.83285	-71.3598	426.75	m	8.858	0.707	G6 III	1.223
HD 235598	HIP 107283	325.9604	50.92785	426.76	m	8.609	0.458	K2	1.611
HD 104676	HIP 58773	180.81435	-1.62956	426.78	m	8.629	0.478	G8 IV	1.173
HD 90259	HIP 50934	156.03341	-46.80924	426.78	m	8.869	0.718	A0 V	0.113
HD 63258	HIP 38269	117.60914	50.58963	426.82	m	8.622	0.471	G5	1.062
HD 26809	HIP 19609	63.02892	-48.97684	426.83	m	8.893	0.742	G8 III/IV	1.1
HD 106342	HIP 59674	183.56051	-58.87661	426.84	m	7.757	-0.394	B8 II	-0.03
HD 13984	HIP 10643	34.24621	38.14647	426.86	m	8.889	0.738	K0	1.289
HD 947	HIP 1150	3.59323	76.02217	426.86	m	7.81	-0.341	G5	1.22
HD 125279	HIP 69977	214.77983	-27.14115	426.87	m	6.54	-1.611	K5 III	1.931
HD 22039	HIP 16716	53.76467	45.44941	426.87	m	7.731	-0.42	K2	1.972
HD 224275	HIP 118044	359.15488	51.49261	426.9	m	8.867	0.715	A3	0.374
HD 163218	HIP 87586	268.38275	35.67243	426.9	m	7.413	-0.739	K2	1.734
HD 225257	HIP 398	1.22909	58.53216	426.91	m	6.696	-1.456	B 3 V	0.015
HD 158481	HIP 85834	263.0854	-52.43904	426.93	m	8.908	0.756	K3/4 III	1.826
HD 37369	HIP 26512	84.56726	1.98786	426.95	m	7.527	-0.625	G8 III	1.148
HD 4781	HIP 3874	12.43501	-7.84931	426.95	m	7.98	-0.172	K1 III	1.537
HD 135596	HIP 74522	228.41719	55.42563	426.97	m	8.727	0.575	G5	1.01
HD 131217	HIP 72989	223.73725	-61.07584	426.99	m	7.688	-0.464	M2/3 II	2.065
HD 171060	HIP 91020	278.52134	-32.96114	427	m	7.156	-0.996	B9 IV/V	0.001
HD 219840	HIP 115157	349.89154	-58.12424	427.01	m	8.594	0.442	K3 III	1.541
HD 169488	HIP 90084	275.76006	39.51646	427.03	m	8.789	0.637	K0	1.117
HD 208858	HIP 108643	330.14753	-54.11154	427.06	m	8.314	0.162	K0 III	1.217
HD 341427	HIP 103708	315.22385	24.86484	427.07	m	8.591	0.439	K0	1.379
HD 20356	HIP 15230	49.09052	-5.73047	427.08	m	6.504	-1.649	K4 III	1.94
HD 75324	HIP 43182	131.94972	-42.27285	427.12	m	7.092	-1.061	B4 V	-0.134
HD 106161	HIP 59573	183.23964	-17.13568	427.13	m	8.661	0.508	K1 II/III	1.459
HD 137754	HIP 75887	232.50106	-52.84747	427.14	m	8.167	0.014	K2 III	1.653
HD 107397	HIP 60180	185.11387	61.30963	427.15	m	7.442	-0.711	M2-M3EIII	2.088
HD 34545	HIP 24890	80.02616	39.34338	427.15	m	7.568	-0.585	K5	1.995
HD 216696	HIP 113139	343.6682	24.38714	427.24	m	7.657	-0.496	M4	1.806
HD 223866	HIP 117775	358.27018	60.70449	427.24	m	6.89	-1.263	K5	1.876
HIP 26757		85.26376	41.36114	427.24	m	8.763	0.61	K2	1.581
HD 37149	HIP 26319	84.0743	-1.63533	427.25	m	7.989	-0.164	B7 IV	-0.091
HD 11723	HIP 8890	28.61151	-26.34497	427.29	m	8.899	0.745	K0 III	1.147
HD 211937	HIP 110350	335.25437	-14.91866	427.31	m	8.372	0.218	K0 III	1.125
HD 161043	HIP 86905	266.36239	-43.6078	427.32	m	8.116	-0.038	M1 III	2.046
HD 74298	HIP 42737	130.64009	-22.38616	427.32	m	7.842	-0.312	F0 III	0.333
HD 199312	HIP 103222	313.68875	45.13627	427.36	m	7.826	-0.328	A0IB:	-0.102
HD 222900	HIP 117111	356.1339	46.38016	427.41	m	7.682	-0.472	A0...	-0.029
HD 188804	HIP 98171	299.2557	-0.98711	427.41	m	7.923	-0.231	K3 III	1.847
HD 12822	HIP 9876	31.7664	49.62519	427.41	m	8.39	0.236	K2	1.612
HD 37713	HIP 26626	84.89279	-25.14819	427.41	m	8.328	0.174	AP SI	-0.078
HD 41295	HIP 28552	90.4115	-49.08508	427.42	m	8.425	0.271	K0 III	1.283
HD 224584	HIP 118246	359.76163	-59.53038	427.43	m	7.919	-0.235	K3 IIICNIV/V	1.595
HD 55444	HIP 34797	108.05005	-19.26969	427.46	m	8.514	0.36	B9 IV/V	0.004
HD 338812	HIP 96954	295.63595	26.16468	427.46	m	8.935	0.781	A0	0.143
HD 212649	HIP 110811	336.75744	-52.96279	427.48	m	8.874	0.719	G8/K0 III	1.213
HD 193282	HIP 100292	305.12292	-30.99968	427.49	m	8.743	0.588	K3 III	1.628
HD 218617	HIP 114359	347.4157	-23.09966	427.5	m	8.895	0.74	G8 III	1.257
HD 94409	HIP 53183	163.18152	-58.56706	427.51	m	8.717	0.562	B8/9 V	-0.053
HD 188101	HIP 97750	297.96249	41.34881	427.51	m	7.727	-0.428	B9	-0.086
HD 220986	HIP 115893	352.20491	-59.43659	427.52	m	7.292	-0.863	K3 III	1.623
HD 101701	HIP 57054	175.44811	-57.5661	427.53	m	8.688	0.533	G8/K1 III	1.251
HD 110434	HIP 62025	190.70607	-66.45773	427.53	m	7.565	-0.59	B8/9 III	-0.028
HD 34769	HIP 25064	80.4878	42.28599	427.54	m	7.096	-1.059	K0	1.235
HD 228852	HIP 100114	304.63947	39.60676	427.55	m	8.541	0.386	K3II	1.759
HIP 91311		279.38227	35.65977	427.56	m	8.884	0.729	K0	1.196
HD 124404	HIP 69583	213.64499	-42.67932	427.59	m	8.914	0.759	K0 III	1.275
HD 73615	HIP 42580	130.18197	38.15912	427.69	m	7.946	-0.21	K0	1.577
HD 235757	HIP 109679	333.26503	52.92131	427.7	m	8.36	0.204	K0III	1.403
HD 30111	HIP 22138	71.45865	28.66069	427.73	m	7.13	-1.026	G8III	1.147
HD 5051	HIP 4110	13.17488	30.60507	427.74	m	8.223	0.067	K2	1.73
HD 6971	HIP 5274	16.8545	-76.67376	427.74	m	8.262	0.106	K2 III	1.483
HD 17330	HIP 13047	41.91086	29.67852	427.76	m	7.112	-1.044	B9	0.012
HD 79721	HIP 45630	139.5188	58.05325	427.77	m	8.78	0.624	K0	1.297
HD 156652	HIP 84596	259.39438	28.91327	427.77	m	7.097	-1.059	M2III+F7V	1.982
HIP 11723		37.83323	38.51681	427.77	m	8.635	0.479	K5	1.875
HD 14845	HIP 11096	35.71907	-29.91422	427.81	m	8.915	0.759	K0 III	1.111
HD 223363	HIP 117451	357.227	12.63312	427.89	m	8.895	0.738	K5	1.057
HD 79412	HIP 45230	138.26592	-29.37819	427.94	m	8.46	0.303	K2 III	1.419
HD 35058	HIP 24014	77.43067	-79.82113	427.94	m	8.979	0.822	K1 III	1.632
HD 74778	HIP 43160	131.85842	40.50856	427.95	m	8.533	0.376	K0	1.507
HD 121209	HIP 68056	209.02266	-63.89164	427.95	m	7.234	-0.923	B9.5 III/IV	0.05
HD 10003	HIP 7503	24.17281	-44.80551	427.99	m	8.694	0.537	K1/2 III	1.387
HIP 8329		26.84215	3.9172	428	m	8.578	0.421	K2	1.69
HD 15160	HIP 11180	35.98812	-61.76851	428.01	m	8.537	0.38	K5 III	1.883
HD 78392	HIP 44796	136.93538	-10.49064	428.05	m	7.874	-0.283	A0 V	0.018
HD 49846	HIP 32721	102.39648	-21.18124	428.05	m	8.269	0.112	B7/8 II	-0.055
HD 217805	HIP 113854	345.8541	-20.60402	428.11	m	8.755	0.597	K3 III	1.588
HD 70421	HIP 41028	125.60538	14.9922	428.14	m	8.669	0.511	M6III	1.484
HD 116405	HIP 65280	200.68801	44.71497	428.16	m	8.323	0.165	A 0 V	-0.05
HIP 74452		228.21572	19.80753	428.17	m	8.686	0.528	K0	1.047
HD 60907	HIP 36802	113.53621	-50.84048	428.18	m	7.762	-0.396	M3/4 III	1.856
HD 165585	HIP 88948	272.34722	-51.07102	428.21	m	8.761	0.603	K1/2 (III)	1.609
HD 70258	HIP 40853	125.04441	-23.35927	428.22	m	7.794	-0.364	B9 IV	0.018
HD 137845	HIP 75763	232.16117	-8.74729	428.23	m	7.898	-0.26	K3 III	1.844
HD 80888	HIP 45992	140.70098	18.13202	428.23	m	7.839	-0.319	K0	1.579
HD 5882	HIP 4744	15.23527	50.87901	428.25	m	7.647	-0.511	B 2.5V: N	-0.052
HD 4647	HIP 3833	12.30779	57.07502	428.26	m	7.333	-0.826	M2III	2.058
HD 6004	HIP 4665	14.98539	-67.25207	428.26	m	8.793	0.634	G8 III	1.012
HD 3305	HIP 2871	9.10082	35.78247	428.27	m	8.72	0.561	K0	1.313
HD 104991	HIP 58955	181.33379	-50.27056	428.3	m	7.077	-1.082	G8 III	1.299
HD 202552	HIP 104961	318.90462	33.88529	428.3	m	8.033	-0.126	K0	1.836
HD 103460	HIP 58091	178.70683	-12.74762	428.31	m	8.788	0.629	K0 III	1.14
HD 145585	HIP 79830	244.41978	-71.67281	428.38	m	7.941	-0.218	B9 II/III	-0.083
HD 221717	HIP 116349	353.64316	-12.32622	428.4	m	8.903	0.744	G8 III	1.154
HIP 27889		88.52325	42.57613	428.43	m	8.578	0.419	K2	1.607
HD 3600	HIP 2985	9.49014	-68.40005	428.43	m	8.686	0.527	K0 III	1.149
HD 87201	HIP 49176	150.54723	-46.78302	428.45	m	8.495	0.335	G8/K0 III	1.4
HD 177275	HIP 93296	285.0507	60.978	428.46	m	8.558	0.398	K2	1.137
HD 195371	HIP 101524	308.61064	-63.6619	428.5	m	8.915	0.755	G8 III	1.177
HIP 105103		319.35461	19.16113	428.51	m	8.906	0.746	K2	1.297
HD 27017	HIP 19794	63.63533	-38.97055	428.51	m	8.881	0.721	K1/2 III	1.365
HD 24416	HIP 18048	57.86035	-40.08573	428.53	m	7.81	-0.35	M4 III	1.641
HD 130717	HIP 72654	222.82029	-47.40581	428.54	m	7.744	-0.416	K2 III + (K)	1.59
HD 10439	HIP 7969	25.6003	32.96186	428.55	m	7.166	-0.994	K2	1.876
HD 31536	HIP 23110	74.59081	38.72672	428.61	m	8.972	0.812	A2	0.184
HD 137072	HIP 75268	230.68208	35.39479	428.61	m	8.657	0.497	G5	1.081
HD 65147	HIP 38727	118.93038	-38.33675	428.62	m	7.974	-0.186	B3 V	-0.047
HD 72661	HIP 42018	128.47868	-6.02797	428.64	m	8.797	0.637	A3/4 V	0.137
HD 136819	HIP 75300	230.77458	-11.45469	428.67	m	8.392	0.231	K2/3 III	1.644
HD 150775	HIP 82130	251.6688	-59.04299	428.7	m	8.577	0.416	K2 III	1.607
HD 159540	HIP 85796	262.96737	56.91885	428.72	m	8.628	0.467	K0	1.172
HD 156030	HIP 84591	259.37502	-47.10415	428.72	m	8.421	0.26	K2 III	1.526
HD 177349	HIP 93601	285.92586	16.96606	428.73	m	8.484	0.323	K0	1.788
HIP 40184		123.13117	17.6255	428.74	m	8.887	0.726	G5	1.081
HD 56146	HIP 34792	108.04228	-59.8394	428.81	m	8.079	-0.082	B8 IV	-0.04
HD 136345	HIP 75094	230.17357	-16.42642	428.82	m	8.687	0.526	K0 III	1.297
HD 49484	HIP 32570	101.94631	-22.16947	428.83	m	8.326	0.165	AP SI	-0.106
HD 44928	HIP 30560	96.36203	21.91457	428.87	m	8.678	0.516	B9	-0.033
HD 89765	HIP 50647	155.15617	-42.05523	428.88	m	8.649	0.487	G8 III	1.127
HD 88873	HIP 50148	153.5539	-39.34387	428.88	m	7.572	-0.59	K3/4 III	1.784
HD 186004	HIP 96942	295.60825	-13.32181	428.94	m	8.379	0.217	A0 IV/V	0.113
HD 39229	HIP 27659	87.84259	8.4885	428.99	m	8.76	0.598	B9	0.189
HD 36629	HIP 26000	83.23785	-4.56648	429	m	7.648	-0.514	B2 V	-0.01
HD 71655	HIP 41327	126.48106	-54.79216	429.01	m	8.79	0.628	K1/2 III	1.53
HD 48757	HIP 32259	101.04522	-18.39857	429.03	m	8.652	0.49	B9 III	-0.018
HD 172587	HIP 91586	280.1745	10.96521	429.03	m	7.752	-0.41	B9	0.031
HD 201135	HIP 104054	316.21313	61.90904	429.05	m	8.339	0.176	A2	0.224
HD 96175	HIP 54147	166.14986	-58.7558	429.08	m	7.763	-0.4	G5	1.196
HIP 2779		8.8691	58.67468	429.09	m	8.973	0.81	A0	0.141
HD 66781	HIP 39531	121.1818	-12.02936	429.1	m	8.545	0.382	K4 III	1.715
HD 158161	HIP 85725	262.77066	-57.03356	429.12	m	8.334	0.171	K2 III	1.561
HD 59557	HIP 36632	113.00504	35.60295	429.17	m	7.242	-0.921	K5	1.925
HD 140187	HIP 76885	235.49674	10.5702	429.19	m	8.175	0.012	K0	1.604
HD 186569	HIP 97135	296.13147	18.58865	429.2	m	6.996	-1.167	M1	1.99
HD 164579	HIP 88326	270.59267	-12.31838	429.21	m	7.9	-0.263	M2 III	2.22
HD 9772	HIP 7305	23.51405	-59.31249	429.21	m	8.474	0.311	G6 III	1.181
HD 105221	HIP 59082	181.74331	-5.06574	429.22	m	8.971	0.808	G8/K0 III/IV	1.115
HD 90355	HIP 50889	155.87443	-68.27797	429.22	m	8.299	0.136	G8 III	1.151
HIP 60629		186.38603	-69.47528	429.22	m	8.675	0.512	B6V	-0.057
HD 195767	HIP 101436	308.35642	-6.21939	429.23	m	7.174	-0.989	M3 III	1.929
HD 189980	HIP 98493	300.14209	50.65629	429.24	m	8.37	0.206	K2	1.481
HD 113053	HIP 63578	195.42593	-48.4845	429.26	m	8.533	0.369	K0 III	1.238
HD 71886	HIP 41665	127.42495	-3.15146	429.27	m	8.962	0.798	G8 III	1.06
HD 105216	HIP 59074	181.72073	33.44213	429.27	m	8.253	0.089	K5III	1.857
HD 157343	HIP 84756	259.87238	56.17933	429.28	m	8.402	0.238	G5	1.107
HD 84037	HIP 47644	145.70652	23.60196	429.28	m	8.714	0.55	G5	1.015
HD 30542	HIP 22147	71.49339	-50.62045	429.28	m	8.783	0.619	G8 III	1.181
HD 75657	HIP 43326	132.41779	-42.82347	429.29	m	7.439	-0.725	B6III	-0.14
HD 57048	HIP 35551	110.03988	16.14033	429.3	m	6.99	-1.174	G 5 II	1.246
HD 63641	HIP 38076	117.04119	-42.50771	429.3	m	7.779	-0.385	B9 III/IV	-0.018
HD 70968	HIP 41427	126.74478	49.56531	429.32	m	8.03	-0.134	K5	1.889
HD 58070	HIP 36633	113.00794	75.33352	429.35	m	8.316	0.152	A2	0.141
HD 195505	HIP 101085	307.36422	53.36678	429.35	m	8.549	0.385	A2	0.099
HD 189316	HIP 98302	299.59745	28.98817	429.35	m	7.729	-0.435	B9V	-0.017
HD 203438	HIP 105398	320.23096	40.03191	429.38	m	8.014	-0.15	K5	1.814
HD 195985	HIP 101375	308.19572	44.97895	429.4	m	7.647	-0.517	B5	-0.084
HD 111373	HIP 62566	192.29185	-39.71714	429.4	m	8.063	-0.101	B5 IV	-0.099
HD 90841	HIP 51390	157.44314	28.55553	429.43	m	8.237	0.073	K2III	1.465
HD 79043	HIP 45254	138.34899	48.41052	429.44	m	8.871	0.707	G5	1.233
HD 25426	HIP 19173	61.65258	65.0092	429.46	m	7.983	-0.182	A3	0.558
HD 132119	HIP 73318	224.7362	-46.0437	429.49	m	8.475	0.31	A5 V	0.252
HD 204309	HIP 105999	322.02112	-11.92849	429.5	m	8.461	0.296	K3 III	1.725
HD 94514	HIP 53366	163.69179	15.19689	429.51	m	8.635	0.47	K0	1.113
HD 124753	HIP 69416	213.19215	64.92301	429.52	m	7.824	-0.341	K5	1.778
HD 177347	HIP 93553	285.82447	25.82612	429.53	m	6.956	-1.209	B8	-0.024
HD 6119	HIP 4866	15.64221	14.25199	429.54	m	8.99	0.825	G5	1.123
HD 129087	HIP 71920	220.64737	-54.57868	429.55	m	8.915	0.75	A0 V	0.114
HD 206311	HIP 106869	324.67172	64.38561	429.58	m	7.433	-0.732	K5III	2.003
HD 173246	HIP 91925	281.09302	-2.48922	429.58	m	8.325	0.16	K1 II/III	1.611
HD 35390	HIP 24646	79.32811	-72.70078	429.61	m	8.553	0.388	K4 III	1.721
HD 40735	HIP 28223	89.44812	-52.63488	429.61	m	8.741	0.576	G8/K0 III	1.198
HD 123303	HIP 68913	211.62332	16.97023	429.64	m	6.797	-1.369	M1	1.883
HD 100293	HIP 56264	172.999	-59.74052	429.66	m	8.511	0.345	B6 V	-0.059
HD 197277	HIP 102194	310.59125	10.47322	429.67	m	8.36	0.194	K2	1.66
HD 127110	HIP 70977	217.75927	-48.836	429.71	m	8.703	0.537	B9 V	0
HD 80474	HIP 46883	143.31544	83.74162	429.71	m	7.972	-0.194	G5	1.319
HD 125356	HIP 69981	214.79884	-13.43151	429.74	m	8.712	0.546	M4/5 III	1.597
HD 188028	HIP 97931	298.54302	-26.69609	429.74	m	7.851	-0.315	G8 IIIP	1.185
HD 35623	HIP 25445	81.63406	8.25532	429.77	m	8.491	0.325	A0	0.06
HD 187114	HIP 97799	298.09683	-63.97094	429.77	m	8.065	-0.101	K5 III	1.791
HD 35249	HIP 26115	83.5395	78.32289	429.81	m	7.75	-0.416	A0	0.062
HD 33134	HIP 24135	77.7505	52.7675	429.82	m	8.772	0.606	A0	0.064
HD 94088	HIP 53105	162.97114	18.71929	429.83	m	8.859	0.693	K5	1.608
HD 210311	HIP 109351	332.30431	15.96157	429.83	m	8.576	0.41	K2	1.733
HD 7753	HIP 5960	19.16683	-38.11975	429.83	m	8.033	-0.133	K4 III	1.701
HD 150732	HIP 81829	250.71764	0.07525	429.86	m	8.377	0.21	G6 IV	1.193
HD 97339	HIP 54730	168.07521	13.22078	429.87	m	8.345	0.178	K2	1.523
HD 183679	HIP 95792	292.25318	39.93614	429.9	m	8.377	0.21	A0	-0.017
HIP 5111		16.37963	6.07088	429.91	m	8.41	0.243	M0	1.847
HD 505	HIP 771	2.37676	-10.18754	429.95	m	8.097	-0.07	K2/3 III	1.717
HD 16021	HIP 11914	38.45255	-25.07808	429.95	m	8.819	0.652	K0 III	1.283
HD 177336	HR 7220|HIP 93666	286.10065	-5.68484	429.97	m	7.186	-0.981	(CS)	4.708
HD 15732	HIP 11823	38.13612	29.31153	429.99	m	8.483	0.316	G5	1.217
HD 215107	HIP 112116	340.65175	18.77822	429.99	m	8.39	0.223	K0	1.614
HD 102858	HIP 57745	177.6224	-6.21089	430	m	8.448	0.281	K1 III	1.368
HD 126672	HIP 70856	217.34129	-62.05796	430.01	m	8.586	0.419	A1/2 V	0.137
HD 140700	HIP 77092	236.12226	16.51035	430.03	m	7.656	-0.512	K5II-III	1.838
HD 185913	HIP 96759	295.02872	35.14779	430.07	m	8.142	-0.026	A0	-0.075
HD 101366	HIP 56915	175.02033	42.02569	430.08	m	7.718	-0.45	M0III	1.842
HD 39717	HIP 27833	88.33907	-22.37145	430.11	m	8.369	0.201	A0 V	-0.054
HD 94108	HIP 53018	162.70732	-52.47139	430.13	m	7.749	-0.419	B4 V	-0.129
HD 42105	HIP 29422	92.97916	53.83274	430.14	m	8.236	0.068	G5	1.636
HD 124649	HIP 69730	214.09206	-53.32684	430.14	m	8.048	-0.12	K4 III	2.007
HD 43710	HIP 29879	94.3798	-5.30873	430.15	m	8.294	0.126	G8 II/III	1.091
HD 19515	HIP 14495	46.80391	-32.35137	430.16	m	7.677	-0.491	K4 III	1.644
HD 25368	HIP 18826	60.51665	6.52385	430.16	m	8.564	0.396	G5	1.15
HD 213139	HIP 111099	337.61067	-51.55229	430.17	m	8.919	0.751	G3/5 III	1.076
HD 73178	HIP 42234	129.16485	-9.71423	430.2	m	7.604	-0.564	K0/1 III/IV	1.339
HD 64659	HIP 38499	118.26489	-43.9804	430.25	m	8.808	0.639	K3 III	1.838
HD 71171	HIP 41316	126.45248	-4.17795	430.25	m	7.573	-0.596	K4/5 III	1.893
HD 8601	HIP 6603	21.20262	-10.43023	430.29	m	7.937	-0.232	K2 III	1.531
HD 92686	HIP 52373	160.56947	10.35552	430.31	m	7.271	-0.898	K5	2.138
HD 83861	HIP 47438	145.00861	-42.03405	430.31	m	8.486	0.317	G8 III	1.146
HD 46040	HIP 30904	97.30044	-40.38026	430.32	m	7.977	-0.192	K0P BA	1.506
HD 216500	HIP 112964	343.15864	50.7049	430.33	m	7.296	-0.873	M1	1.987
HD 192419	HIP 99033	301.59848	77.5378	430.33	m	8.398	0.229	M1	1.951
HD 154421	HIP 83745	256.737	-36.72026	430.34	m	8.61	0.441	K2 III	1.915
HD 120859	HIP 67824	208.40615	-58.43968	430.34	m	8.089	-0.08	B9 V	0.056
HD 59137	HIP 36239	111.93731	-24.77403	430.35	m	8.386	0.217	G8/K0 III	1.061
HD 6836	HIP 5427	17.32214	24.45866	430.37	m	8.899	0.73	A2	0.283
HD 211926	HIP 110319	335.16982	0.54659	430.42	m	8.361	0.192	B8 V	-0.041
HD 49424	HIP 32200	100.82139	-66.50102	430.43	m	8.12	-0.05	B9 IV	-0.057
HD 217888	HIP 113873	345.91267	31.08793	430.43	m	8.78	0.61	A 0 IV	0.114
HD 31603	HIP 22883	73.8336	-39.75876	430.46	m	8.863	0.693	G8 III	1.127
HD 195420	HIP 101148	307.53911	30.92531	430.46	m	8.551	0.381	K0	1.016
HD 67513	HIP 39682	121.64635	-42.86463	430.47	m	8.853	0.683	G8 III	1.151
HD 129704	HIP 72117	221.28407	-38.75471	430.48	m	8.756	0.586	M4 III	1.609
HD 100396	HIP 56329	173.22015	-43.69537	430.48	m	8.091	-0.079	A0 III	0.033
HD 130393	HIP 72503	222.36763	-47.79765	430.5	m	8.167	-0.003	K1 II/III	1.451
HD 108068	HIP 60592	186.28693	-48.30911	430.51	m	7.393	-0.777	K4 III	1.923
HD 177562	HIP 93812	286.5802	-27.28709	430.53	m	7.385	-0.785	AP SI	0.015
HD 87332	HIP 49269	150.85458	-37.3464	430.59	m	8.528	0.358	B9 V	-0.027
HD 27873	HIP 20404	65.52696	-41.7654	430.6	m	8.708	0.538	A0 V	-0.012
HD 9158	HIP 6989	22.49321	-15.72893	430.6	m	7.871	-0.299	K4 III	1.772
HD 50303	HIP 32963	102.98562	-17.24539	430.63	m	8.294	0.124	B8/9 V	-0.058
HD 10328	HIP 7798	25.09251	-31.51804	430.63	m	8.786	0.615	K0 III	1.268
HD 7675	HIP 5921	19.04341	-31.39254	430.65	m	8.784	0.613	G8 III	1.193
HD 155180	HIP 83903	257.22443	27.62214	430.65	m	8.83	0.659	K2	1.325
HD 41810	HIP 29011	91.82827	-0.90601	430.69	m	8.678	0.507	B8 IV	0.032
HD 105646	HIP 59290	182.44428	-51.78382	430.7	m	6.988	-1.183	G8/K0 III + A/F	1.256
HD 34344	HIP 24521	78.91395	-26.44187	430.73	m	8.43	0.259	K1 III	1.266
HD 36805	HIP 25684	82.27699	-66.68701	430.74	m	8.233	0.062	K2 III	1.504
HD 97661	HIP 54889	168.58392	0.88674	430.74	m	8.426	0.255	M2 III	1.877
HD 107546	HIP 60309	185.4894	-58.41562	430.74	m	8.496	0.325	B9 V	0.065
HD 137527	HIP 74880	229.54754	78.39399	430.74	m	7.475	-0.696	K2	1.648
HD 69312	HIP 40603	124.34546	27.04928	430.74	m	7.565	-0.606	K1III	1.526
HD 23759	HIP 17494	56.21059	-56.33454	430.76	m	8.008	-0.163	K5 III	1.799
HD 170021	HIP 90603	277.31511	-41.95657	430.76	m	8.387	0.216	K1 III	1.341
HIP 86927		266.42826	17.21436	430.81	m	8.806	0.635	R0	1.495
HD 8884	HIP 6864	22.08043	42.78223	430.84	m	7.934	-0.238	G7III	1.437
HIP 90883		278.08365	36.99879	430.85	m	8.459	0.287	C8	6.428
HD 180101	HIP 94479	288.43425	34.40551	430.86	m	8.505	0.333	A0	0.006
HD 100933	HIP 56686	174.35232	62.19638	430.88	m	7.561	-0.611	M0	1.866
HD 117030	HIP 65629	201.83142	20.2722	430.88	m	8.338	0.166	K0	1.605
HD 77729	HIP 44592	136.26967	26.16475	430.93	m	7.771	-0.401	K2IV	1.714
HD 66105	HIP 39107	120.01237	-45.02572	430.94	m	7.192	-0.98	B5 V	-0.126
HD 219639	HIP 114998	349.3682	-16.1722	430.96	m	6.675	-1.497	B5 II/III	-0.153
HD 88718	HIP 49941	152.95091	-63.82274	430.97	m	8.236	0.064	B9/9.5 IV/V	0.126
HD 135992	HIP 74855	229.45196	13.1736	430.98	m	8.795	0.623	K	1.71
HD 144444	HIP 80852	247.66758	-85.51068	431.01	m	8.317	0.145	K2/3 III	1.806
HIP 109179		331.75506	18.3169	431.03	m	8.575	0.402	K0	1.219
HD 164039	HIP 88318	270.54844	-52.95706	431.05	m	8.107	-0.066	K2 III	1.644
HD 162385	HIP 87271	267.48703	20.86995	431.13	m	7.702	-0.471	K5	1.84
HD 168563	HIP 90108	275.82435	-53.42667	431.14	m	8.688	0.515	G8/K1 III	1.292
HD 25331	HIP 18810	60.45903	7.60489	431.16	m	8.653	0.48	A0	0.158
HIP 89528		274.02366	39.00724	431.18	m	8.89	0.717	K2	1.419
HD 212501	HIP 110606	336.11839	14.8954	431.19	m	8.254	0.081	K 4 V	1.849
HD 188071	HIP 98043	298.8387	-46.13413	431.2	m	8.327	0.154	K1/2 III	1.53
HD 213926	HIP 111507	338.86813	-38.43304	431.24	m	8.773	0.599	K0 III	1.15
HD 182713	HIP 95195	290.47926	63.10153	431.25	m	8.59	0.416	A0	0.192
HD 89500	HIP 51081	156.55088	81.50623	431.26	m	7.924	-0.25	K0	1.404
HD 133912	HIP 74005	226.85606	-14.679	431.28	m	8.35	0.176	M3 III	1.812
HD 37906	HIP 26725	85.18732	-25.67266	431.32	m	8.776	0.602	B9 VN	-0.036
HD 82504	HIP 46826	143.13481	7.06344	431.33	m	7.487	-0.687	K2	1.863
HIP 90746		277.74066	31.24553	431.35	m	8.751	0.577	K0	1.087
HD 124656	HIP 69520	213.46875	38.81987	431.39	m	8.772	0.598	K 0 III	1.086
HD 55516	HIP 34864	108.20913	-11.60031	431.39	m	7.842	-0.332	K0 III + (G)	1.106
HD 79486	HIP 45269	138.38972	-32.40398	431.4	m	8.873	0.699	K1 III	1.193
HD 215524	HIP 112392	341.45712	-0.93288	431.4	m	8.187	0.013	K2 III/IV	1.488
HD 172806	HIP 91705	280.526	4.03434	431.4	m	8.029	-0.145	B9 V	0.075
HD 11221	HIP 8336	26.87789	-69.88222	431.41	m	8.208	0.034	K0 III	1.268
HD 63662	HIP 38059	117.01008	-44.27011	431.42	m	8.705	0.53	A0 V	0.083
HD 65722	HIP 38977	119.6365	-36.63456	431.5	m	8.388	0.213	G6 III	1.061
HD 173908	HIP 92129	281.66344	30.58656	431.5	m	7.733	-0.442	K2	1.813
HD 147715	HIP 80075	245.14848	56.04346	431.51	m	8.792	0.617	F0	0.294
HD 134302	HIP 74030	226.9253	42.38813	431.52	m	8.127	-0.048	K2	1.776
HD 66867	HIP 39339	120.62732	-56.30354	431.59	m	8.729	0.554	G8 III	1.254
HD 65315	HR 3107|HIP 38795	119.10054	-40.73616	431.6	m	6.736	-1.439	B2 V	-0.189
HD 185092	HIP 96541	294.40218	-2.69902	431.6	m	8.673	0.498	B8 Ib	0.116
HD 5867	HIP 4656	14.95978	-24.55239	431.61	m	8.945	0.77	K0 III	1.059
HD 17795	HIP 13358	42.9682	16.49773	431.61	m	8.327	0.152	K5	1.947
HD 93714	HIP 52799	161.91628	-64.54717	431.61	m	6.539	-1.636	B2 IV/V	-0.006
HD 202775	HIP 105260	319.82575	-39.34814	431.63	m	7.637	-0.539	K4/5 III	1.835
HD 184809	HIP 96439	294.10751	-5.96994	431.63	m	8.718	0.542	B9.5/A0 V	0.137
HIP 66024		203.04591	-3.10073	431.63	m	8.747	0.571	F0	1.832
HD 48185	HIP 31986	100.26132	-25.91729	431.67	m	8.461	0.285	A1 V	0.073
HD 134806	HIP 74719	229.04915	-69.75032	431.68	m	8.469	0.293	A3 IV	0.192
HD 163030	HIP 87969	269.54179	-62.15855	431.68	m	8.915	0.739	K0 III	1.346
HD 8005	HIP 6270	20.10268	51.8333	431.71	m	7.639	-0.537	B8	0.06
HD 159221	HIP 85808	262.99735	35.71443	431.71	m	8.76	0.584	K0	1.139
HD 161977	HIP 87141	267.06391	8.03222	431.74	m	8.971	0.795	A0	0.13
HD 181204	HIP 94361	288.09421	73.89235	431.76	m	7.5	-0.676	M1	1.962
HD 218011	HIP 113932	346.07871	34.17823	431.77	m	8.527	0.351	K0	1.269
HD 175654	HIP 93414	285.37708	-67.22187	431.77	m	8.495	0.319	K1 III	1.379
HIP 87536		268.24746	-2.25744	431.78	m	8.485	0.309	G8	1.947
HD 76010	HIP 43729	133.58859	26.92375	431.82	m	7.185	-0.991	M0III	1.916
HD 89727	HIP 50430	154.45362	-73.8983	431.83	m	8.636	0.459	K2 III	1.671
HD 17671	HIP 13343	42.93007	45.05979	431.86	m	8.135	-0.042	K5	1.999
HD 223151	HIP 117282	356.71949	54.86124	431.87	m	7.452	-0.725	A0	0.149
HD 8447	HIP 6487	20.83952	-17.93393	431.87	m	7.259	-0.918	M2 III	1.917
HD 72644	HIP 41947	128.26743	-29.97567	431.88	m	8.877	0.7	A0 V	0.07
HD 196090	HIP 101423	308.3098	47.16585	431.9	m	7.954	-0.223	G7III	1.658
HD 175309	HIP 92787	283.62067	10.63252	431.92	m	7.599	-0.578	M2	1.86
HIP 109712		333.34589	61.17043	431.94	m	8.714	0.537	K0	1.271
HIP 109202		331.82949	27.70387	431.95	m	8.993	0.816	G5	1.07
HD 29780	HIP 21643	69.72313	-51.45027	431.95	m	8.937	0.76	G6 IV	1.118
HD 82353	HIP 46817	143.10764	37.26126	431.97	m	8.431	0.254	A2	0.191
HD 41119	HIP 28710	90.95586	16.73198	431.97	m	8.428	0.251	A2	0.259
HD 119612	HIP 67192	206.55103	-63.66365	431.98	m	8.314	0.137	B8/9 V	-0.001
HD 222207	HIP 116657	354.61021	42.51151	431.99	m	6.917	-1.26	B9	0.027
HD 12065	HIP 9173	29.51888	-14.77212	432.02	m	8.308	0.13	G8 III/IV	0.971
HD 185061	HIP 96497	294.26528	9.55936	432.03	m	8.232	0.054	K0	1.428
HD 64327	HIP 38603	118.55951	23.50389	432.05	m	8.87	0.692	K2	1.161
HD 80859	HIP 45823	140.14483	-47.5668	432.05	m	7.729	-0.449	B5 V	-0.109
HD 2323	HIP 2154	6.8039	9.15913	432.05	m	8.902	0.724	G5	1.368
HD 104691	HIP 58778	180.83245	-17.28963	432.08	m	8.998	0.82	K0/1 III	1.356
HD 9043	HIP 6995	22.50641	46.97414	432.09	m	8.95	0.772	K	1.201
HD 95993	HIP 54026	165.8035	-63.06662	432.09	m	8.23	0.052	B8 V	0.469
HD 169508	HIP 89807	274.91905	67.43507	432.11	m	7.117	-1.061	M0	1.949
HD 205394	HIP 107045	325.19581	-77.01551	432.13	m	8.638	0.46	K2/3 III/IV	1.674
HD 43302	HIP 29706	93.86176	-1.39983	432.16	m	7.264	-0.914	K0 III	1.215
HD 158747	HIP 85902	263.30861	-45.51129	432.16	m	7.195	-0.983	B9.5 III	-0.023
HD 12537	HIP 9574	30.75288	2.76242	432.18	m	8.285	0.107	K5/M0 III	1.902
HD 161095	HIP 86192	264.20223	72.05471	432.18	m	7.63	-0.548	A0	-0.011
HIP 80498		246.47518	13.82401	432.22	m	8.981	0.803	K0	1.24
HD 334488	HIP 100983	307.11483	28.95409	432.22	m	8.87	0.691	G 8 III	1.325
HD 80417	HIP 45673	139.66582	-33.61573	432.23	m	8.472	0.293	A1 V	0.134
HIP 107257		325.86264	26.0594	432.23	m	8.754	0.575	G0	1.126
HD 789	HIP 979	3.02537	-54.3654	432.23	m	8.792	0.613	K2 III	1.518
HD 199024	HIP 103171	313.53128	3.95453	432.24	m	7.954	-0.225	K2/3 III	1.768
HD 61605	HIP 37350	114.99783	-1.87456	432.25	m	7.57	-0.609	B7 III/IV	-0.111
HD 151545	HIP 82188	251.85781	13.66389	432.29	m	8.861	0.682	A0	0.223
HD 46389	HIP 31224	98.24337	-3.82008	432.3	m	7.849	-0.33	K0 III	1.304
HD 88174	HIP 49675	152.11126	-56.43689	432.3	m	7.614	-0.565	K2 III	1.675
HD 156211	HIP 84545	259.25249	-17.97901	432.31	m	8.881	0.702	A3/5 + G8/K0 III	0.832
HD 46705	HIP 31596	99.186	38.78751	432.32	m	8.963	0.784	B9	0.13
HIP 29328		92.75943	46.88515	432.37	m	8.911	0.732	G5	1.153
HD 54859	HIP 34596	107.48754	-13.61607	432.38	m	7.288	-0.891	G8 II	1.224
HIP 65950		202.81071	44.655	432.41	m	8.953	0.774	G 8 III	1.22
HD 78446	HIP 44590	136.2604	-64.28946	432.43	m	7.767	-0.413	K2 III	1.728
HD 164176	HIP 88310	270.52855	-44.44071	432.43	m	8.77	0.59	G5 III	1.157
HD 56101	HIP 35252	109.26113	34.03547	432.47	m	8.897	0.717	A0	0.005
HD 3264	HIP 2860	9.06441	48.55576	432.47	m	7.494	-0.686	B 2 V	-0.082
HD 78685	HIP 44783	136.91345	-50.49836	432.51	m	8.782	0.602	A0 V	0.105
HD 187036	HIP 97284	296.57484	37.65842	432.52	m	8.44	0.26	K0	1.093
HD 21816	HIP 16301	52.5322	-26.32558	432.53	m	8.86	0.68	K1 III	1.328
HD 141645	HIP 77720	238.00675	-45.50516	432.54	m	7.476	-0.704	B5/7 III	-0.042
HD 70194	HIP 40746	124.76487	-40.85005	432.54	m	8.677	0.497	K0 III	1.205
HD 130580	HIP 72961	223.66663	-75.60185	432.55	m	7.632	-0.548	K3 III	1.837
HD 91875	HIP 51970	159.27297	37.2284	432.55	m	8.217	0.037	K2	1.448
HD 125370	HIP 70168	215.34497	-63.45951	432.56	m	8.664	0.484	K0 III	1.313
HD 170981	HIP 91021	278.52243	-41.21587	432.59	m	8.103	-0.077	B8 III/IV	-0.047
HD 193762	HIP 100252	304.99199	49.4403	432.6	m	8.247	0.067	A0	0.14
HD 107825	HIP 60423	185.83611	19.65994	432.62	m	8.389	0.208	F5	1.41
HIP 110969		337.24631	47.17154	432.64	m	8.854	0.673	A5	0.331
HD 54979	HIP 34552	107.37484	-35.28689	432.66	m	8.544	0.363	B8/9 III	0.012
HD 73881	HIP 42441	129.80933	-37.47014	432.69	m	7.11	-1.071	M1 III	1.997
HD 92072	HIP 51934	159.13661	-59.19033	432.7	m	7.02	-1.161	B6 (IV)	-0.125
HD 196928	HIP 101941	309.87397	28.08851	432.71	m	7.941	-0.24	K4III	1.644
HD 7860	HIP 6189	19.85227	57.27402	432.72	m	7.622	-0.559	A0	0.055
HD 234712	HIP 92174	281.79174	53.82917	432.73	m	8.357	0.176	K5	1.447
HD 109186	HIP 61251	188.27982	-22.69688	432.76	m	8.933	0.752	K0 III	1.252
HD 165699	HIP 89012	272.50651	-51.63367	432.76	m	8.458	0.277	G8 III	1.153
HD 22236	HIP 16396	52.78355	-64.6518	432.76	m	8.444	0.263	G8 III	1.085
HD 42886	HIP 29473	93.15112	-16.05836	432.77	m	8.563	0.382	A2 IV/V	0.155
HD 113474	HIP 63807	196.17828	-53.1474	432.83	m	8.326	0.144	K1 III	1.455
HD 201489	HIP 104143	316.49669	69.26543	432.84	m	8.915	0.733	A2	0.227
HD 160898	HIP 86849	266.18086	-45.74448	432.84	m	8.448	0.266	K2/3 III	1.668
HD 209182	HIP 108690	330.26811	19.53871	432.84	m	8.941	0.759	A2	0.365
HD 34672	HIP 24811	79.78113	-1.09881	432.84	m	8.495	0.313	B9 V	0.011
HD 7308	HIP 5744	18.43875	26.24167	432.87	m	7.8	-0.382	K5III	1.908
HD 210943	HIP 109681	333.27197	38.4415	432.87	m	8.339	0.157	K5	1.667
HD 809	HIP 1023	3.18848	57.22754	432.87	m	7.537	-0.645	K2	1.984
HD 36115	HIP 25725	82.40161	5.22721	432.88	m	8.213	0.031	B8	0.035
HD 29475	HIP 23392	75.4267	84.87257	432.9	m	7.715	-0.467	A2	0.142
HD 124259	HIP 69393	213.09047	3.86737	432.9	e	8.954	0.772	G5 V	0.74
HD 120151	HIP 67328	206.99359	-16.06501	432.92	m	8.169	-0.013	K2/3 III	1.714
HD 111486	HIP 62595	192.3889	1.47502	432.93	m	8.302	0.12	K0/1 III/IV	1.394
HD 8724	HIP 6710	21.57331	17.12642	432.94	m	8.429	0.247	G5	1.121
HD 17679	HIP 13190	42.42915	-21.71998	432.96	m	8.598	0.416	G8 III	1.022
HD 183990	HIP 96045	292.92963	13.6193	432.97	m	7.817	-0.365	K2	2.007
HD 211229	HIP 109898	333.89142	6.64242	432.99	m	8.439	0.257	B9	0.055
HIP 53085		162.90523	-21.2501	432.99	m	8.054	-0.128	N	6.528
HD 182126	HIP 94554	288.66126	76.30936	433.05	m	7.744	-0.439	K5	1.905
HD 168202	HIP 89705	274.61733	5.13525	433.07	m	7.504	-0.679	B9	0.054
HD 123262	HIP 68662	210.83465	70.2881	433.07	m	7.888	-0.295	K5	1.742
HIP 95869		292.48036	49.50873	433.09	m	8.375	0.192	A 0 V	0.04
HD 175176	HIP 92743	283.4952	6.01437	433.1	m	8.94	0.757	K5	2.159
HD 146283	HIP 79728	244.0774	-23.16311	433.16	m	8.564	0.381	G8/K1 (III)	1.465
HD 142493	HIP 78231	239.61804	-62.06046	433.18	m	8.55	0.367	B9 V	0.017
HD 47715	HIP 31846	99.87611	-14.66712	433.19	m	8.761	0.578	K0 IV	1.322
HD 112082	HIP 62891	193.33341	46.65637	433.21	m	7.617	-0.567	M3III	1.758
HD 196904	HIP 101770	309.38715	59.00292	433.22	m	8.115	-0.069	F5	1.746
HD 199137	HIP 103113	313.38397	45.38396	433.23	m	8.433	0.249	G8III	1.112
HD 78028	HIP 45032	137.58544	69.79013	433.24	m	8.892	0.708	K2	1.302
HD 102045	HIP 57303	176.25084	66.8637	433.26	m	7.897	-0.287	K0	1.664
HD 53255	HIP 34435	107.08737	61.24215	433.27	m	8.498	0.314	M2	1.694
HD 80598	HIP 45682	139.69698	-53.61175	433.29	m	8.341	0.157	B9 V	-0.04
HD 190397	HIP 98611	300.43975	57.65181	433.29	m	7.673	-0.511	A0	-0.048
HD 166896	HIP 89197	273.04588	13.79051	433.3	m	8.471	0.287	A0	0.02
HD 179100	HIP 94220	287.70721	10.34578	433.31	m	7.235	-0.949	K0	1.562
HD 156649	HIP 84342	258.64219	63.35308	433.33	m	7.285	-0.899	K5III	1.906
HD 220524	HIP 115530	351.03695	41.61287	433.34	m	6.614	-1.57	M1	2.008
HD 41939	HIP 29158	92.25972	25.51271	433.35	m	8.603	0.419	A0	0.165
HD 207694	HIP 107884	327.88168	-27.39914	433.35	m	8.105	-0.079	K2 III	1.618
HD 183122	HIP 95473	291.30131	53.76885	433.37	m	8.469	0.285	A0	0.061
HD 215629	HIP 112490	341.78655	-43.89603	433.38	m	8.841	0.657	K0 III	1.122
HD 85135	HIP 48094	147.08736	-50.9633	433.41	m	8.753	0.569	K2 III	1.422
HD 104495	HIP 58683	180.51675	32.33309	433.41	m	8.848	0.664	K0IV	1.334
HD 171675	HIP 91516	279.95279	-59.30168	433.41	m	7.781	-0.403	M4 III	1.851
HD 85221	HIP 48250	147.54584	-10.05347	433.41	m	8.362	0.178	K2 III	1.613
HD 173671	HIP 92119	281.62424	0.86983	433.41	m	8.827	0.643	K2 (III)	1.761
HD 86254	HIP 48621	148.72381	-63.2653	433.46	m	8.726	0.541	B9 VN	0.039
HD 120783	HIP 67806	208.35966	-61.62931	433.47	m	8.052	-0.133	K4/5 (III)	1.77
HD 50318	HIP 33097	103.40243	22.77618	433.5	m	8.327	0.142	K0	1.107
HD 179617	HIP 94218	287.70504	50.72005	433.5	m	8.62	0.435	A2	0.049
HD 119256	HIP 66975	205.90116	-57.58998	433.51	m	7.457	-0.728	K1 IICNIV/VP	1.317
HD 73241	HIP 42198	129.06984	-31.33829	433.51	m	7.572	-0.613	B5 III	-0.1
HD 58	HIP 466	1.39554	53.1717	433.51	m	7.358	-0.827	K0	1.401
HD 151540	HIP 82658	253.45709	-70.17097	433.54	m	7.209	-0.976	B5 V	-0.118
HD 173288	HIP 91717	280.54452	46.41884	433.55	m	8.269	0.084	K0	1.403
HD 86317	HIP 48727	149.08681	-46.39072	433.56	m	8.265	0.08	G8/K0 III	1.237
HD 115931	HIP 65111	200.15176	-18.42469	433.56	m	8.291	0.106	G8 III/IV	1.276
HD 4823	HIP 3918	12.56845	-15.87855	433.56	m	7.954	-0.231	K2/3 III	1.556
HD 202844	HIP 105311	319.94073	-40.05642	433.56	m	8.387	0.202	K5 III	1.843
HD 37949	HIP 26755	85.26042	-25.50735	433.61	m	8.209	0.024	B8 V	-0.073
HIP 116280		353.40134	45.22735	433.63	m	8.638	0.452	K0	1.432
HD 109597	HIP 61491	188.9837	-1.41461	433.63	m	8.933	0.747	K1 III	1.39
HD 140766	HIP 76833	235.31044	66.38586	433.65	m	8.898	0.712	K2	1.845
HD 144002	HIP 78502	240.38599	47.14264	433.66	m	7.315	-0.871	K0	1.698
HD 125453	HIP 70002	214.86226	-0.01335	433.69	m	7.943	-0.243	K2/3 III	1.562
HD 160158	HIP 86310	264.53467	6.21378	433.7	m	8.471	0.285	G5	1.455
HD 2825	HIP 2537	8.0474	53.8151	433.7	m	7.097	-1.089	K2	1.832
HD 201047	HIP 104038	316.16549	58.52058	433.7	m	8.23	0.044	A0	0.276
HD 46917	HIP 31220	98.23259	-54.26678	433.71	m	8.932	0.746	K2 III	1.63
HD 42553	HIP 29278	92.58312	-25.48447	433.72	m	8.144	-0.042	K1/2 III	1.494
HD 153722	HIP 83140	254.85502	38.35623	433.73	m	8.789	0.603	K0	1.159
HD 35504	HIP 25295	81.1703	-10.99128	433.75	m	8.703	0.517	A0 V	0.068
HD 248356	HIP 27686	87.91746	27.84182	433.77	m	8.38	0.194	K0	1.178
HD 15156	HIP 11311	36.4052	-31.79841	433.77	m	8.96	0.774	G8 III	1.166
HD 196036	HIP 101512	308.56813	19.53059	433.78	m	7.527	-0.659	M4	1.858
HD 63280	HIP 38215	117.43414	38.02211	433.79	m	8.074	-0.112	B9	-0.029
HD 55374	HIP 34742	107.89373	-25.77052	433.82	m	8.818	0.631	B8 III	-0.109
HD 141374	HIP 77296	236.71541	46.29679	433.84	m	8.011	-0.176	K2	1.794
HD 171243	HIP 90819	277.90069	44.02029	433.96	m	8.194	0.007	A2	0.261
HD 185808	HIP 96828	295.213	1.67299	433.96	m	7.888	-0.299	B8/9 II	0.251
HD 55362	HIP 34843	108.14961	-0.5595	433.97	m	7.933	-0.254	B9	-0.061
HD 26445	HIP 19681	63.24641	44.15912	433.98	m	8.846	0.659	A0	0.132
HD 160182	HIP 86258	264.38878	23.10729	434	m	8.614	0.427	A0	-0.041
HD 89557	HIP 50650	155.16229	28.9426	434	m	7.634	-0.553	G8III	1.107
HD 45578	HIP 30917	97.33572	25.31688	434.03	m	8.386	0.198	G5	1.307
HD 161179	HIP 86563	265.34378	51.47134	434.04	m	8.298	0.11	K2	1.479
HD 41241	HIP 28655	90.76719	-17.80127	434.07	m	8.969	0.781	G8 III	1.22
HD 122936	HIP 68934	211.67197	-58.07947	434.07	m	8.879	0.691	G8/K0 III	1.252
HD 38041	HIP 26685	85.06693	-49.53975	434.1	m	8.974	0.786	K0 III	1.084
HD 208739	HIP 108595	329.9763	-53.2076	434.1	m	8.902	0.714	K1 III	1.216
HD 109880	HIP 61670	189.63289	-47.94285	434.1	m	7.767	-0.421	B9 (IV)	0.008
HD 4629	HIP 3758	12.05651	2.72953	434.11	m	8.817	0.629	G6/8 IV	1.023
HD 48287	HIP 32069	100.49874	-16.00718	434.2	m	7.07	-1.118	B8/9 III	-0.034
HD 170112	HIP 90424	276.74994	20.19402	434.2	m	8.543	0.355	A0	0.106
HD 87636	HIP 49464	151.47556	-20.54529	434.2	m	8.723	0.535	G8 III	1.108
HD 75549	HIP 43285	132.26401	-43.76121	434.2	m	7.293	-0.895	B3 V	-0.133
HD 54870	HIP 34822	108.11368	40.01085	434.21	m	8.422	0.234	K5	1.677
HD 111266	HIP 62493	192.09306	-43.33286	434.21	m	8.796	0.608	F0 III	0.401
HD 104360	HIP 58597	180.23943	-32.02298	434.23	m	8.292	0.103	K1 III	1.451
HD 155912	HIP 84475	259.04536	-38.33668	434.23	m	8.26	0.071	B7 V	0.068
HD 8271	HIP 6218	19.92884	-71.80278	434.24	m	8.854	0.665	G8 II/IV	1.083
HD 24671	HIP 18301	58.69589	-17.4691	434.28	m	8.353	0.164	K4/5 (III)	1.673
HD 3944	HIP 3308	10.53563	11.94539	434.29	m	8.277	0.088	K0	1.478
HD 87412	HIP 49410	151.29847	19.43922	434.3	m	8.436	0.247	G5	1.245
HD 26820	HR 1316|HIP 19642	63.13172	-44.36824	434.31	m	6.867	-1.322	K3/4 III	1.792
HD 102921	HIP 57762	177.68222	-57.83096	434.31	m	8.236	0.047	B8/9 V	-0.088
HD 162421	HIP 87549	268.28751	-45.76614	434.32	m	8.723	0.534	G8 III	1.321
HD 223578	HIP 117553	357.60179	63.74363	434.32	m	7.108	-1.081	K2	1.881
HD 11094	HIP 8565	27.62197	53.74277	434.37	m	8.222	0.033	M5II-III	1.635
HD 85810	HIP 48449	148.16567	-55.45389	434.38	m	7.922	-0.267	B8 IV/V	-0.073
HD 103488	HIP 58100	178.74004	-33.06024	434.38	m	8.833	0.644	K1 III + F/G	1.055
HD 80727	HIP 45677	139.67716	-60.97798	434.39	m	8.802	0.613	A8 IV	0.339
HD 189564	HIP 98743	300.83387	-54.53736	434.39	m	8.906	0.717	A3MA5-F0	0.22
HIP 89725		274.66429	30.58686	434.45	m	8.97	0.78	K0	1.126
HD 193115	HIP 99960	304.21576	43.68331	434.47	m	7.975	-0.215	A0	0.239
HD 54404	HIP 34545	107.35615	18.54987	434.49	m	8.406	0.216	A0	-0.009
HD 191943	HIP 99395	302.62015	44.61676	434.5	m	7.637	-0.553	K0	1.666
HD 208919	HIP 108561	329.85945	4.77636	434.5	m	8.859	0.669	K1 III	1.361
HD 184644	HIP 96422	294.05083	-18.90362	434.51	m	8.895	0.705	K0 III	1.225
HD 240005	HIP 111499	338.85762	59.98434	434.51	m	8.954	0.764	A2	1.13
HD 85292	HIP 48358	147.87672	27.57323	434.53	m	8.977	0.787	K0	1.279
HD 57919	HIP 35497	109.88462	-61.14497	434.54	m	6.875	-1.315	K0 II/III	1.478
HD 174020	HIP 92116	281.6171	43.56083	434.56	m	7.353	-0.837	K5	1.837
HD 68886	HIP 40250	123.3126	-32.15613	434.57	m	7.612	-0.578	B3 III	-0.13
HD 223245	HIP 117372	356.98381	-34.3085	434.58	m	8.643	0.453	G8 III	1.109
HD 113637	HIP 63777	196.08309	53.95423	434.64	m	7.548	-0.643	K3III	1.7
HD 70358	HIP 40937	125.3149	-8.05787	434.71	m	7.421	-0.77	K1 III	1.535
HD 234557	HIP 88611	271.38484	54.51403	434.73	m	8.501	0.31	K5	1.857
HD 30595	HIP 22186	71.59321	-51.05701	434.75	m	8.901	0.71	G8 III	1.074
HD 134940	HIP 74751	229.15434	-68.30339	434.75	m	8.931	0.74	B9.5 V	0.069
HD 62202	HIP 37542	115.57866	-16.06919	434.77	m	7.218	-0.973	G8 III	1.234
HD 38161	HIP 27110	86.23149	26.34239	434.78	e	7.353	-0.838	B9	0.003
HD 41487	HIP 28805	91.22366	-14.12021	434.83	m	8.075	-0.117	K2 III	1.595
HD 53375	HIP 34037	105.9116	-29.01795	434.84	m	8.808	0.616	G8 II/III	1.122
HD 37173	HIP 26334	84.12745	-1.98383	434.89	m	7.832	-0.36	B6 II	-0.067
HD 80611	HIP 45884	140.33872	22.89069	434.9	m	8.71	0.518	K0	1.437
HD 5326	HIP 4389	14.06204	66.41277	434.9	m	8.34	0.148	A0	0.077
HD 11489	HIP 8759	28.17619	-12.72792	434.9	m	7.555	-0.637	K2 III	1.666
HD 65750	HR 3126|HIP 38834	119.21228	-59.12576	434.91	m	7.295	-0.897	M0 III	2.364
HD 77048	HIP 43823	133.8759	-70.10047	434.93	m	8.856	0.664	K0 III	1.221
HD 118106	HIP 66342	203.94496	-49.19397	434.94	m	7.935	-0.257	K4 III	1.773
HD 48330	HIP 32224	100.90539	16.7829	434.94	m	7.818	-0.374	A0	0.044
HD 72544	HIP 42053	128.57894	23.97656	434.99	m	8.257	0.065	K2	1.428
HD 56438	HIP 35016	108.65169	-47.13494	435.01	m	8.229	0.037	K1 IIICNVP	1.184
HD 185378	HIP 96629	294.69644	0.60566	435.02	m	8.495	0.302	K3 III	2.033
HD 93329	HIP 52707	161.65268	11.18412	435.03	m	8.795	0.602	A0	0.111
HD 25470	HR 1250|HIP 18691	60.06472	-51.56496	435.1	m	6.704	-1.489	M1 III	1.957
HD 47834	HIP 32110	100.61298	39.03431	435.13	m	8.336	0.143	A2	0.144
HD 86477	HIP 48927	149.72096	0.35683	435.14	m	8.98	0.787	K0 III	1.286
HD 237095	HIP 15184	48.93226	58.75255	435.15	m	8.837	0.644	K5	1.641
HD 171263	HIP 90990	278.4004	5.60674	435.17	m	7.755	-0.438	A0P	0.198
HD 11224	HIP 8618	27.78872	38.02394	435.19	m	7.514	-0.679	M4	1.877
HD 9843	HIP 7501	24.1699	35.61621	435.19	m	8.252	0.059	F8	0.508
HIP 27520		87.41071	41.75797	435.19	m	8.639	0.446	K0	1.403
HD 57364	HIP 35600	110.20189	-5.25994	435.24	m	8.891	0.697	G6 IV	1.262
HD 63158	HIP 38426	118.07654	67.8908	435.25	m	8.998	0.804	B9	-0.003
HD 4797	HIP 3954	12.6935	58.74442	435.25	m	8.319	0.125	A0	0.05
HD 62367	HIP 37647	115.88386	-4.68066	435.27	m	7.113	-1.081	B8 V	-0.107
HD 126427	HIP 70481	216.24862	19.51024	435.28	m	8.519	0.325	K0	1.06
HD 99481	HIP 55817	171.57741	-50.12544	435.3	m	8.204	0.01	K1 IIICNII/III	1.393
HD 29023	HIP 21350	68.71968	18.4134	435.31	m	8.084	-0.11	A0	0.224
HD 35093	HIP 24725	79.54318	-61.95071	435.31	m	8.001	-0.193	K1 II/III	1.414
HD 19613	HIP 14605	47.15634	-26.44636	435.33	m	8.754	0.56	M5 III	1.407
HD 91041	HIP 51323	157.24997	-60.0995	435.42	m	8.147	-0.048	B8 III	-0.099
HD 223166	HIP 117302	356.76862	51.55688	435.43	m	8.924	0.729	A0	0.048
HD 90345	HIP 51106	156.6184	36.22768	435.43	m	8.292	0.097	K5	1.888
HD 12278	HIP 9261	29.76152	-52.247	435.48	m	8.007	-0.188	K0 III	1.177
HD 178036	HIP 93846	286.67231	9.14804	435.48	m	8.421	0.226	A0	0.251
HD 62158	HIP 37707	116.03954	38.8378	435.5	m	7.75	-0.445	M4	1.815
HD 83557	HIP 47396	144.86098	6.48535	435.51	m	8.955	0.76	G5	1.015
HD 39348	HIP 27687	87.9318	-7.92107	435.54	m	8.317	0.122	B9.5 III/IV	0.044
HD 220582	HIP 115583	351.18914	25.49639	435.54	m	7.347	-0.848	B9	-0.072
HD 174105	HIP 92279	282.09438	15.39414	435.54	m	6.931	-1.264	B8	0.032
HD 96711	HIP 54445	167.09825	-0.84073	435.56	m	7.647	-0.548	M2 III	1.833
HD 58797	HIP 36083	111.52158	-26.79033	435.56	m	7.588	-0.607	K3 IIICNIV/V	1.677
HD 34300	HIP 24775	79.67392	44.12189	435.57	m	8.693	0.498	K2	1.432
HD 211622	HIP 110050	334.35516	45.27973	435.57	m	8.246	0.051	K5	1.608
HD 93944	HIP 52879	162.21788	-67.57357	435.57	m	8.809	0.614	B8 V	0.08
HD 196643	HIP 101754	309.34445	38.09845	435.6	m	7.272	-0.923	K5III	1.928
HD 93317	HIP 52612	161.38483	-49.24135	435.61	m	8.52	0.325	K2 III	1.607
HD 26025	HIP 19118	61.47748	-35.06962	435.62	m	8.263	0.067	K2 III	1.436
HD 171213	HIP 90389	276.65153	72.40375	435.62	m	8.988	0.792	K0	1.097
HD 223006	HIP 117202	356.46829	-14.75482	435.62	m	7.517	-0.679	K3/4 III	1.788
HD 120103	HIP 66809	205.41606	80.20371	435.62	m	7.213	-0.983	K5	1.898
HD 161434	HIP 87030	266.73904	-32.41431	435.64	m	8.37	0.174	B6 V	0.066
HD 85394	HIP 48166	147.26501	-63.02227	435.64	m	7.837	-0.359	B9 V	0.023
HD 201035	HIP 104133	316.46701	39.32649	435.65	m	8.164	-0.032	A2	0.205
HD 32610	HIP 23564	75.99778	-10.63519	435.65	m	7.367	-0.829	K2 III	1.696
HD 171256	HIP 91162	278.97673	-44.42909	435.67	m	8.887	0.691	B9 IV/V	-0.078
HD 24399	HIP 18230	58.45962	26.89586	435.68	m	7.597	-0.599	G8II	1.228
HD 7301	HIP 5718	18.38817	25.00593	435.69	m	7.987	-0.209	K2	1.694
HD 14684	HIP 11171	35.95588	50.90254	435.69	m	8.679	0.483	A0	-0.027
HD 104473	HIP 58664	180.4367	-48.20826	435.69	m	8.239	0.043	G8 III	1.105
HD 78893	HIP 45009	137.51103	-21.41821	435.73	m	8.266	0.07	A0 V	0.108
HD 82627	HIP 46779	143.00306	-38.93772	435.75	m	7.536	-0.66	A(P SI)	0.04
HIP 116039		352.68124	46.15303	435.77	m	8.364	0.168	K5	1.956
HD 130269	HIP 72244	221.61375	25.9485	435.78	m	8.236	0.04	K5	1.471
HD 119114	HIP 66810	205.41687	-17.32479	435.81	m	8.566	0.37	K2 III	1.615
HD 110986	HIP 62269	191.40889	39.79472	435.82	m	8.795	0.598	G8III	1.072
HD 152109	HIP 82356	252.42549	39.24267	435.84	m	8.816	0.619	K0	1.259
HIP 107976		328.1267	61.18699	435.88	m	8.996	0.799	A0	0.122
HD 17588	HIP 13078	42.02263	-39.80346	435.89	m	8.764	0.567	G8 III	1.115
HD 38053	HIP 26894	85.64067	-10.62882	435.92	m	7.107	-1.09	A2 V + K0 III	0.899
HIP 104050		316.19584	42.48965	435.94	m	8.508	0.311	K0	1.376
HD 223620	HIP 117614	357.79106	-2.52046	435.94	m	8.046	-0.151	K4/5 III	1.662
HD 75126	HIP 43085	131.63793	-42.56627	435.94	m	7.184	-1.013	B3 III/IV	-0.133
HD 36341	HIP 25820	82.70531	-2.36643	435.95	m	8.321	0.124	B9 IV	-0.02
HD 128956	HIP 71707	220.01865	-6.94121	435.97	m	8.44	0.243	K2 III	1.642
HD 72341	HIP 41996	128.40171	35.79833	435.98	m	8.284	0.087	K0	1.161
HD 69530	HIP 40552	124.21702	-15.15196	436	m	7.36	-0.837	K3 III	1.778
HD 67948	HIP 39862	122.14811	-41.23864	436.01	m	8.556	0.358	G8 III	1.021
HD 108955	HIP 61073	187.75574	38.16461	436.02	m	8.611	0.413	K0III	1.037
HD 23362	HIP 17473	56.16766	1.93828	436.03	m	8.086	-0.112	K4 III	2.078
HD 157698	HIP 85398	261.76488	-47.13653	436.05	m	7.141	-1.057	B7 III	-0.067
HD 16015	HIP 12043	38.812	32.864	436.05	m	8.214	0.016	G0	1.123
HD 38882	HIP 27400	87.04274	-20.02361	436.07	m	8.296	0.098	A9 V	0.374
HD 55309	HIP 34807	108.07955	-1.77771	436.09	m	8.735	0.537	Ap Si	-0.066
HD 212477	HIP 110637	336.18392	-12.95778	436.14	m	7.895	-0.303	K2 III	1.627
HIP 60373		185.69172	30.80094	436.15	m	8.992	0.794	K4III	1.613
HD 66768	HIP 39310	120.5647	-55.5406	436.17	m	6.713	-1.485	B3 V(N)	-0.036
HD 69791	HIP 40660	124.50178	-16.86065	436.17	m	8.134	-0.064	G8 III	1.143
HD 77728	HIP 44688	136.60203	53.24591	436.2	m	8.756	0.558	A0	0.258
HD 16783	HIP 12507	40.23365	-21.92226	436.2	m	8.627	0.429	K2 III	1.54
HD 39700	HIP 27944	88.69623	13.84628	436.23	m	8.288	0.089	A0	0.028
HD 209375	HIP 108731	330.38418	53.99442	436.23	m	8.532	0.333	A0	0.074
HD 41541	HIP 29062	91.96082	42.66569	436.28	m	7.09	-1.109	B5	0.017
HD 189088	HIP 98214	299.37189	21.75692	436.29	m	7.716	-0.483	K0	1.542
HIP 91994		281.25264	42.64371	436.29	m	8.69	0.491	K0	1.24
HD 208053	HIP 107945	328.0342	51.4316	436.29	m	8.668	0.469	A2	0.033
HD 41950	HIP 29053	91.9347	-7.16329	436.3	m	8.743	0.544	B9 V	-0.005
HD 202107	HIP 104605	317.85073	57.6204	436.32	m	7.952	-0.247	B8	0.083
HD 184194	HIP 97159	296.2272	-80.08861	436.35	m	7.851	-0.348	M2 III	2.046
HD 155480	HIP 83989	257.54294	38.73632	436.38	m	7.956	-0.243	K2	1.477
HD 100326	HIP 56240	172.93358	-71.92856	436.44	m	8.266	0.066	B9 V	0.151
HD 206459	HIP 107303	326.00584	-55.05679	436.45	m	7.844	-0.356	K5 III	1.75
HD 157707	HIP 85352	261.62284	-37.11222	436.45	m	7.776	-0.424	K4/5 III	2.026
HD 204694	HIP 106229	322.75345	-27.13994	436.47	m	8.864	0.664	K0/1 III	1.325
HD 14983	HIP 11344	36.48722	40.89239	436.47	m	8.403	0.203	F0	0.414
HD 126581	HIP 70352	215.91747	64.74617	436.48	m	7.74	-0.46	K2	1.446
HD 12626	HIP 9625	30.92658	-0.02402	436.49	m	8.646	0.446	A8 V	0.262
HD 103945	HIP 58377	179.55804	3.48201	436.49	m	6.899	-1.301	M0/1 III	1.908
HD 188246	HIP 98090	299.02181	-44.0122	436.49	m	7.147	-1.053	B8/9 V	-0.062
HD 188656	HIP 98150	299.20182	-16.61533	436.5	m	8.326	0.126	AP SI(CR)	0.098
HD 151605	HIP 82234	252.01216	8.83648	436.51	m	8.593	0.393	K0	1.394
HD 127346	HIP 71105	218.12087	-51.97071	436.52	m	7.267	-0.933	B9 III	0.022
HD 110571	HIP 62033	190.73117	25.9097	436.53	m	8.886	0.686	G9IV	1.191
HD 219685	HIP 115024	349.44231	16.54804	436.53	m	7.859	-0.341	K 3 III	1.721
HD 45199	HIP 30537	96.29449	-22.57186	436.54	m	8.892	0.692	K1/2 III	1.351
HD 9198	HIP 6657	21.35336	-80.8704	436.56	m	8.915	0.715	K2 III	1.558
HD 32727	HIP 23562	75.99247	-29.81348	436.57	m	8.898	0.698	K2 III	1.306
HD 132770	HIP 72992	223.75065	74.88122	436.6	m	7.1	-1.1	M1	1.954
HD 211761	HIP 110223	334.90298	-9.80091	436.61	m	8.716	0.516	K0 III	1.312
HD 9687	HIP 7403	23.85823	30.77516	436.62	m	8.257	0.056	M0	1.914
HD 76831	HIP 44102	134.73803	12.96991	436.63	m	8.956	0.755	K0	1.141
HD 185195	HIP 96518	294.32434	15.25067	436.67	m	8.076	-0.125	B 8 V	0.045
HD 107922	HIP 60471	185.96164	54.15851	436.68	e	7.888	-0.313	G5	1.019
HD 236172	HIP 116405	353.82659	52.39495	436.71	m	8.444	0.243	A2	0.024
HD 185119	HIP 96430	294.07043	33.4614	436.73	m	7.295	-0.906	B8	-0.097
HD 80589	HIP 45769	139.99303	-27.7764	436.74	m	8.293	0.092	A0 V + B/A	0.057
HIP 116272		353.37899	70.36729	436.77	m	8.102	-0.099	K5	2.349
HD 86780	HIP 49049	150.13665	-9.61264	436.79	m	8.401	0.2	K0 IIICNII	1.504
HD 200777	HIP 104008	316.07807	37.39309	436.79	m	8.437	0.236	K0	1.079
HD 51289	HIP 33249	103.76746	-37.50033	436.8	m	8.104	-0.097	B8 IV	-0.023
HD 137718	HIP 75510	231.38448	50.59415	436.8	m	7.867	-0.334	K5	1.856
HD 31988	HIP 23074	74.47259	-45.14823	436.8	m	8.918	0.717	G8 III	1.099
HD 40308	HIP 27846	88.37538	-63.31663	436.81	m	7.712	-0.489	A1/2 V	0.044
HD 37729	HIP 26378	84.25516	-59.49664	436.83	m	8.94	0.738	G8/K0 (IV)	1.136
HD 162300	HIP 87245	267.39291	20.6373	436.83	m	7.666	-0.536	K5	1.93
HD 132744	HIP 73545	225.47084	-38.31731	436.86	m	8.925	0.723	K1 (III)	1.411
HD 63859	HIP 38323	117.76323	0.67467	436.93	m	8.066	-0.136	K2 III	1.522
HD 41418	HIP 28920	91.56511	27.9347	436.95	m	8.651	0.449	B 9 V	0.079
HD 203540	HIP 105575	320.7467	-6.23265	436.99	m	8.023	-0.179	M3 III	1.796
HD 46853	HIP 31392	98.71327	-19.64665	437.01	m	7.48	-0.722	K4 III	1.799
HD 113665	HIP 63871	196.35857	-6.22354	437.08	m	8.338	0.135	K2 III	1.485
HD 211206	HIP 110083	334.47607	-67.19216	437.09	m	8.715	0.512	G8 III	1.116
HD 33980	HIP 24299	78.21589	-27.17759	437.1	m	7.235	-0.968	K4/5 III	1.884
HD 76293	HIP 43833	133.91359	14.18097	437.1	m	7.872	-0.331	G0	1.02
HD 75083	HIP 43055	131.57368	-42.75868	437.1	m	8.706	0.503	B7/8 V	-0.07
HD 88773	HIP 50026	153.20104	-56.15077	437.11	m	7.963	-0.24	B9 V	0.027
HD 203115	HIP 105349	320.07812	-1.50497	437.13	m	8.19	-0.013	G6 III	0.991
HIP 44265		135.2119	-0.67964	437.15	m	8.907	0.704	K0	1.117
HD 28824	HIP 21043	67.67163	-41.47688	437.17	m	8.575	0.372	K3 III	1.595
HD 155784	HIP 84118	257.95918	41.73011	437.21	m	6.886	-1.317	K2	1.602
HD 73010	HIP 42041	128.54634	-45.63659	437.22	m	7.509	-0.695	B5 V	-0.135
HD 20310	HIP 15079	48.60555	-42.67296	437.22	m	8.376	0.172	K2 III	1.53
HD 164724	HIP 88544	271.20455	-45.58368	437.23	m	7.85	-0.354	M0 III	1.953
HD 40046	HIP 28018	88.89659	-18.96034	437.26	m	7.716	-0.488	K0 III	1.329
HD 222087	HIP 116569	354.34307	45.72851	437.27	m	8.747	0.543	K0	1.166
HD 203173	HIP 105366	320.13194	1.23482	437.27	m	8.121	-0.083	G8 III/IV	1.171
HIP 89506		273.97265	15.34493	437.27	m	8.297	0.093	F8	0.899
HD 2271	HIP 2108	6.69511	40.51866	437.27	m	8.738	0.534	K0	1.397
HD 19082	HIP 14282	46.02579	-5.24333	437.28	m	7.371	-0.833	K5 III	1.887
HD 221909	HIP 116489	354.07319	-47.46605	437.3	m	8.88	0.676	K2/3 III	1.491
HD 106198	HR 4647|HIP 59588	183.30393	-34.12527	437.31	m	6.619	-1.585	M4/5 (I/II)	1.713
HD 1950	HIP 1925	6.07273	60.45306	437.36	m	7.562	-0.642	B9	0.075
HD 129439	HIP 72063	221.10546	-53.27226	437.36	m	8.249	0.045	K3 III	1.776
HD 193922	HIP 100642	306.10574	-41.66906	437.37	m	8.396	0.192	K3 III	1.648
HD 133383	HIP 73933	226.62707	-55.75372	437.38	m	8.516	0.312	B9 III/IV	0.019
HD 63175	HIP 37856	116.40111	-44.37387	437.42	m	8.849	0.645	B8/9 III	0.028
HD 92398	HIP 52106	159.69032	-59.17924	437.49	m	7.476	-0.729	B9 II/III	0.356
HD 31685	HIP 23009	74.24184	-22.0381	437.57	m	8.747	0.542	K1 III	1.418
HD 220737	HIP 115674	351.5357	8.92968	437.57	m	7.709	-0.496	K0	1.668
HD 3649	HIP 3102	9.87359	32.62996	437.57	m	8.237	0.032	K5	1.902
HD 203472	HIP 105493	320.49625	17.21046	437.58	m	7.705	-0.5	K2	1.68
HD 284953	HIP 23371	75.37401	23.10422	437.59	m	8.773	0.568	K0	1.55
HD 73781	HIP 42203	129.07761	-64.65858	437.6	m	7.82	-0.385	B8 V	-0.012
HD 150663	HIP 81628	250.10754	44.0289	437.63	m	8.371	0.165	G5	1.021
HD 109553	HIP 61450	188.8884	15.63643	437.65	m	8.198	-0.008	K5	1.684
HD 97176	HIP 54533	167.3917	-72.29348	437.67	m	8.912	0.706	G6/8 III	1.22
HD 210628	HIP 109424	332.54284	56.08389	437.67	m	6.932	-1.274	B6:V:	0.069
HD 201284	HIP 104380	317.18605	-6.98646	437.7	m	8.224	0.018	K0 III	1.424
HD 161464	HIP 86808	266.07109	33.22612	437.73	m	6.956	-1.25	B8	-0.121
HD 139424	HIP 76544	234.49883	5.09197	437.73	m	8.182	-0.024	G5	1.07
HD 198506	HIP 103038	313.13517	-48.25515	437.74	m	8.148	-0.058	K1 III	1.491
HD 44808	HIP 30742	96.90059	59.39029	437.74	m	8.281	0.075	G5	1.126
HD 81498	HIP 46150	141.17672	-40.6848	437.75	m	8.938	0.732	K0 III	1.215
HD 84448	HIP 47743	145.98588	-48.108	437.75	m	8.365	0.159	A2 V	0.189
HD 117211	HIP 65820	202.39958	-45.4827	437.76	m	8.656	0.45	B9 V	-0.052
HD 6185	HIP 4912	15.75731	16.13506	437.76	m	8.69	0.484	K0	1.17
HD 108374	HIP 60761	186.8188	-55.73496	437.77	m	7.148	-1.058	B8/9 III	-0.016
HD 81878	HIP 46307	141.64955	-50.30159	437.8	m	8.784	0.578	A0 V	0.101
HD 92464	HIP 52161	159.84543	-55.98981	437.8	m	7.081	-1.125	B4 V	-0.119
HD 220876	HIP 115789	351.85875	-12.93016	437.82	m	7.46	-0.747	M1 III	1.978
HD 29416	HIP 21312	68.63837	-58.24068	437.83	m	8.702	0.495	K2/3 III	1.489
HD 92161	HIP 52012	159.39997	-45.91967	437.83	m	8.667	0.46	K1 III/IVCNII	1.221
HD 83326	HIP 47274	144.51907	17.35538	437.84	m	8.119	-0.088	K0	1.634
HD 88313	HIP 49924	152.89677	27.84267	437.85	m	8.535	0.328	K 2 III	1.697
HD 167271	HIP 89685	274.53434	-58.909	437.89	m	8.899	0.692	G3 IV/V	0.989
HD 217835	HIP 113806	345.69238	53.24635	437.92	m	8.106	-0.101	K2	1.594
HD 92108	HIP 52077	159.61848	25.91503	437.93	m	8.347	0.14	K0III	1.079
HD 9542	HIP 7195	23.18318	-44.73904	437.93	m	8.465	0.258	K4 III	1.746
HIP 69369		212.99628	18.94705	437.95	m	8.656	0.449	K5	1.04
HD 72096	HIP 41786	127.80169	7.00641	437.95	m	8.324	0.117	K5	1.713
HD 153468	HIP 83483	255.92826	-61.95036	437.96	m	8.589	0.382	K3 III	1.793
HD 50858	HIP 33046	103.26799	-40.51751	437.96	m	8.924	0.717	K0 III	1.318
HD 161191	HIP 87077	266.90705	-57.40407	437.97	m	8.228	0.021	K2/3 III	1.624
HD 100132	HIP 56190	172.77012	-43.55308	437.98	m	7.799	-0.408	K2/3 III	1.651
HD 45783	HIP 31054	97.74879	32.8054	437.98	m	7.654	-0.553	M2	1.908
HIP 30263		95.49237	-26.36969	438.05	m	7.844	-0.364	B8	-0.13
HD 190628	HIP 98848	301.10509	38.33244	438.06	m	8.431	0.223	B9IV	-0.017
HD 213490	HIP 111256	338.1015	-35.04766	438.12	m	8.177	-0.031	K1 III	1.448
HD 66501	HIP 39304	120.53825	-41.89619	438.12	m	8.685	0.477	B8/9 V	-0.056
HD 23060	HIP 17387	55.85005	34.11625	438.12	m	7.526	-0.682	B2VP	0.078
HD 215377	HIP 112321	341.25681	-22.98519	438.12	m	8.675	0.467	G8 IV	1.029
HD 5738	HIP 4560	14.58107	-48.5734	438.14	m	8.846	0.638	A0/1 V	0.043
HD 101878	HIP 57171	175.87449	-31.02283	438.15	m	8.585	0.377	K0 III	1.199
HD 56610	HIP 35306	109.39694	-3.748	438.16	m	7.354	-0.854	B8 V	-0.145
HD 220586	HIP 115599	351.24859	-5.21172	438.19	m	8.961	0.753	K0 III	1.234
HD 24583	HIP 18390	58.97037	34.54505	438.21	m	8.971	0.763	B 7 V	0.088
HD 174017	HIP 91921	281.08829	61.93871	438.21	m	7.503	-0.705	F5	0.483
HIP 8906		28.66522	38.19598	438.27	m	8.993	0.784	G 8 III	1.174
HD 187342	HIP 97395	296.9218	42.31848	438.28	m	7.816	-0.393	K5	1.824
HD 173407	HIP 92071	281.48347	-19.08224	438.3	m	8.351	0.142	K2 III	1.652
HD 209285	HIP 108662	330.21091	51.23606	438.3	m	8.748	0.539	A0	0.018
HD 13714	HIP 10956	35.27851	80.72665	438.3	m	7.888	-0.321	A0	0.06
HD 45171	HIP 30451	96.01517	-39.7028	438.33	m	8.141	-0.068	K0 III	1.233
HD 74358	HIP 43270	132.2254	72.02052	438.34	m	8.373	0.164	K0	1.297
HD 154247	HIP 83704	256.60553	-44.57207	438.39	m	8.221	0.012	B6 IV	0.023
HD 46502	HIP 31210	98.20695	-24.36869	438.4	m	8.612	0.403	G8 III/IV	1.104
HD 179709	HIP 94363	288.09834	30.34776	438.44	m	7.965	-0.245	B9IV+...	0.014
HIP 67322		206.98329	11.79388	438.45	m	8.981	0.771	K2	1.753
HD 120617	HIP 67499	207.48521	34.7798	438.47	m	8.652	0.442	K5	1.826
HD 177320	HIP 93759	286.40502	-35.37111	438.48	m	8.193	-0.017	K3 III	1.758
HD 81487	HIP 46448	142.1043	61.73119	438.51	m	8.069	-0.141	K5	1.721
HD 14095	HIP 10721	34.50304	42.90123	438.51	m	7.013	-1.197	G5	1.158
HD 156455	HIP 84536	259.23498	20.33786	438.52	m	8.249	0.039	K2	1.395
HD 335590	HIP 88725	271.70397	27.64518	438.55	m	8.234	0.024	K7	1.774
HD 201762	HIP 104569	317.74622	26.21764	438.55	m	8.602	0.392	A0	0.005
HD 105387	HIP 59157	181.9702	71.76024	438.56	m	8.45	0.24	A2	0.127
HD 29733	HIP 21898	70.6122	33.96483	438.56	m	8.874	0.664	A0	0.345
HD 4043	HIP 3389	10.79211	35.35284	438.56	m	8.213	0.003	K0	1.032
HD 51886	HIP 33712	105.06164	26.87838	438.56	m	7.576	-0.634	G8III	1.093
HD 152482	HIP 82604	253.30581	10.87448	438.59	m	7.068	-1.142	K5	1.771
HD 147320	HIP 80626	246.94726	-73.08665	438.6	e	8.122	-0.088	B9 IV/V	0.01
HD 63806	HIP 38133	117.21465	-43.31128	438.61	m	7.08	-1.13	B2 V	-0.153
HD 138440	HIP 75991	232.78442	30.00845	438.64	m	8.967	0.756	K0	1.176
HD 71915	HIP 41537	127.06034	-42.23037	438.65	m	7.745	-0.466	M1 III	1.844
HD 210429	HIP 109628	333.1181	-64.59524	438.7	m	8.282	0.071	K2 III	1.617
HD 166810	HIP 89361	273.529	-38.41198	438.76	m	7.241	-0.97	B8/9 III	-0.046
HD 25712	HIP 19000	61.062	-13.84515	438.77	m	8.825	0.614	K3 III/IV	1.577
HD 116175	HIP 65239	200.53438	-12.57954	438.79	m	7.107	-1.104	K5 III	1.939
HIP 34189		106.34458	11.30128	438.8	m	8.976	0.765	G5	1.08
HD 130846	HIP 72851	223.35549	-63.90932	438.81	m	8.914	0.703	G8 III	1.228
HD 91715	HIP 51765	158.66716	-41.74958	438.82	m	7.699	-0.512	K2/3 III	1.602
HD 83327	HIP 47262	144.49414	16.83401	438.83	m	8.027	-0.184	G5	1.121
HD 45143	HIP 30534	96.279	-15.13979	438.83	m	7.934	-0.277	A2 IV	0.15
HD 137871	HIP 75740	232.10127	5.55481	438.84	m	8.972	0.76	K0	1.166
HD 48750	HIP 32383	101.37706	15.47997	438.84	m	8.424	0.212	B9	0.124
HD 190719	HIP 98969	301.39977	19.26057	438.85	m	8.376	0.164	K0	1.064
HD 39025	HIP 27476	87.27508	-18.0562	438.86	m	8.515	0.303	K2 III	1.551
HD 41288	HIP 28746	91.06117	0.61355	438.87	m	8.795	0.583	B5 V	0.061
HD 52102	HIP 33782	105.22031	24.48074	438.87	m	8.07	-0.142	A2	0.133
HD 171219	HIP 90958	278.32432	5.44554	438.9	m	7.668	-0.544	B8	0.178
HD 188612	HIP 97994	298.72878	30.1469	438.91	m	8.231	0.019	B6V	-0.016
HD 59868	HIP 36427	112.45003	-44.91193	438.92	m	7.832	-0.38	B8 IV/V	-0.03
HD 189853	HIP 98680	300.64546	-12.7076	438.96	m	8.673	0.461	B8/9 III	0.06
HIP 45503		139.08569	73.21761	438.96	m	8.877	0.665	G5	1.231
HD 115285	HIP 64871	199.45104	-68.04013	438.99	m	8.347	0.135	AP CREU(SR)	0.145
HD 12388	HIP 9374	30.11699	-41.77571	439.01	m	7.338	-0.874	K5/M0 III	1.893
HD 10479	HIP 7942	25.51432	-4.94448	439.06	m	8.869	0.656	G8 IV	1.132
HD 3163	HIP 2778	8.86384	58.6785	439.06	m	8.662	0.449	A0	0.123
HD 61480	HIP 37338	114.97275	8.61788	439.06	m	8.873	0.66	G5	1.038
HD 2461	HIP 2248	7.15311	39.09013	439.12	m	8.437	0.224	G5	1.124
HD 61699	HIP 37366	115.05738	-12.08038	439.12	m	7.9	-0.313	B8 III/V	-0.105
HD 88577	HIP 50117	153.46926	41.81461	439.12	m	8.806	0.593	G5	1.069
HD 14719	HIP 11281	36.32125	64.56746	439.16	m	8.398	0.185	A0	0.455
HD 223230	HIP 117342	356.89801	46.01806	439.16	m	8.114	-0.099	K2	1.36
HD 151407	HIP 82006	251.28548	44.11334	439.17	m	8.061	-0.152	K0	1.363
HD 131925	HIP 73347	224.84127	-62.5089	439.17	m	8.202	-0.011	A3 IV	0.308
HD 6099	HIP 4881	15.67972	35.61082	439.17	m	8.661	0.448	G5	0.908
HD 8285	HIP 6321	20.28982	-49.6409	439.17	m	8.882	0.669	A4/7MA5-F0/2	0.331
HD 233744	HIP 51695	158.40402	53.21681	439.17	m	8.855	0.642	K0	1.531
HD 41821	HIP 28857	91.37481	-40.0607	439.2	m	7.965	-0.248	K3 III	1.793
HD 62125	HIP 37534	115.55209	-3.51954	439.23	m	8.132	-0.081	K0 III	1.551
HD 214071	HIP 111302	338.21403	74.07334	439.25	m	7.124	-1.09	K2	1.7
HD 103822	HIP 58288	179.31376	-35.1933	439.25	m	7.919	-0.295	K5 III	1.854
HD 211800	HIP 110204	334.84879	15.54577	439.25	m	7.116	-1.098	K 2 V	1.995
HD 35826	HIP 25362	81.36914	-41.33841	439.27	m	8.256	0.042	K1 III	1.463
HD 45359	HIP 30642	96.59557	-13.71987	439.28	m	8.466	0.252	A0 V	0.145
HD 89796	HIP 50719	155.33972	-25.373	439.29	m	6.81	-1.404	G8 II	1.244
HD 106554	HIP 59792	183.90341	-67.89489	439.29	m	8.309	0.095	K2 III	1.662
HD 212715	HIP 110764	336.60292	1.96961	439.31	m	8.614	0.4	F2 V	0.454
HD 91047	HIP 51418	157.52505	-32.20749	439.31	m	8.936	0.722	K0 III	1.244
HD 200138	HIP 103760	315.38799	1.50409	439.32	m	8.197	-0.017	B9 III/IV	-0.036
HD 25222	HIP 18556	59.56442	-48.17042	439.32	m	8.109	-0.105	K0	1.539
HD 188482	HIP 97893	298.39777	44.24334	439.34	m	8.444	0.23	A0	0.081
HD 74126	HIP 42625	130.30652	-27.44092	439.37	m	8.451	0.237	K1 III	1.523
HD 214097	HIP 111487	338.81525	45.15341	439.39	m	7.128	-1.086	K5	1.634
HD 53076	HIP 34198	106.38139	40.33877	439.45	m	8.866	0.651	K0	1.117
HD 167335	HIP 89453	273.83412	-16.83149	439.48	m	7.537	-0.678	B7 III	0.092
HD 142894	HIP 78491	240.35541	-66.84861	439.49	m	7.626	-0.589	M5 III	1.72
HD 44874	HIP 30415	95.93168	-12.57868	439.5	m	8.179	-0.036	G8 III	1.023
HD 9223	HIP 7095	22.85962	38.76712	439.5	m	7.251	-0.964	B8	-0.079
HD 198454	HIP 102518	311.63468	67.27568	439.53	m	8.198	-0.017	B9	0.277
HD 166268	HIP 89147	272.92022	-40.41317	439.54	m	8.992	0.777	F3 V	0.357
HD 193490	HIP 100262	305.04142	11.46938	439.55	m	6.781	-1.434	K2	1.675
HD 78190	HIP 44545	136.13683	-56.34105	439.56	m	7.109	-1.106	B5 V	-0.089
HD 232174	HIP 1839	5.82073	51.19456	439.56	m	8.668	0.453	G5	1.113
HD 224634	HIP 118280	359.87138	55.11852	439.58	m	8.693	0.478	B9	0.023
HD 26339	HIP 19374	62.25076	-25.0178	439.62	m	8.288	0.073	K2 III	1.574
HD 212508	HIP 110703	336.44237	-49.8259	439.62	m	8.333	0.118	M5/6 III	1.546
HD 16503	HIP 12263	39.47194	-33.67725	439.63	m	7.502	-0.713	K4 III	1.751
HIP 102396		311.23998	-50.48782	439.64	m	7.953	-0.262	A0 IV/V	0.046
HD 198064	HIP 102873	312.63972	-58.92363	439.65	m	8.485	0.269	K4 III	1.762
HD 37370	HIP 26494	84.52703	-0.18438	439.65	m	7.957	-0.259	B8 V	-0.058
HD 207183	HIP 107483	326.55287	37.38994	439.66	m	8.405	0.189	B9	-0.02
HD 27978	HIP 20445	65.6995	-45.4855	439.7	m	8.546	0.33	G8 III	1.286
HD 94389	HIP 53227	163.31196	-32.98858	439.71	m	8.536	0.32	K2 III	1.418
HD 158950	HIP 86195	264.2132	-65.59897	439.72	m	8.344	0.128	K3 III	1.657
HD 47517	HIP 31620	99.26118	-41.24989	439.74	m	7.501	-0.715	K5 III	1.931
HD 161858	HIP 87302	267.57863	-47.23052	439.76	m	7.602	-0.614	B5/7 VNE	0.205
HD 203959	HIP 105702	321.13564	32.95689	439.77	m	8.246	0.03	K5	1.844
HD 158293	HIP 85807	262.99488	-58.59768	439.78	m	8.915	0.699	AP CREUSR	0.266
HD 104575	HIP 58715	180.64612	8.06977	439.83	m	7.816	-0.4	M1	1.876
HD 5638	HIP 4584	14.67959	47.03659	439.88	m	6.804	-1.413	B 4 V	-0.099
HD 99275	HIP 55709	171.2396	-49.03945	439.89	m	8.85	0.633	G8 III/IV	1.159
HD 57494	HIP 35720	110.54282	16.74477	439.89	m	8.11	-0.107	B 9 II	-0.073
HD 191512	HIP 99278	302.28798	31.38953	439.9	m	7.98	-0.237	K5V	1.661
HD 63688	HIP 38342	117.80628	26.35755	439.9	m	8.735	0.518	K2	1.646
HD 50472	HIP 32930	102.90822	-38.215	439.9	m	7.883	-0.334	B8 IV/V	-0.092
HD 19989	HIP 14795	47.76807	-46.35053	439.93	m	7.837	-0.38	K3 III	1.621
HD 130703	HIP 72475	222.28914	20.40132	439.94	m	7.954	-0.263	K0	1.324
HD 147882	HIP 80640	246.97571	-59.84873	439.95	m	8.729	0.512	B9 IV/V	0.088
HD 24022	HIP 17699	56.86487	-50.06474	439.95	m	7.947	-0.27	K1/2 III	1.501
HD 177291	HIP 93696	286.19972	-18.70755	439.96	m	8.746	0.529	B8 VNN(E)	0.387
HD 118287	HIP 66106	203.26627	73.05281	439.98	m	8.64	0.423	K0	1.021
HD 39165	HIP 28000	88.83809	64.32194	439.99	m	8.132	-0.085	K0	1.593
HD 76105	HIP 43641	133.33087	-25.24694	439.99	m	8.648	0.431	G5 III	1.139
HD 100298	HIP 56351	173.26568	62.09356	440.01	m	7.893	-0.324	K0	1.346
HD 65351	HIP 38897	119.40979	-19.14111	440.04	m	7.855	-0.362	G8 III	1.211
HD 70407	HIP 40959	125.38567	-8.19178	440.06	m	7.894	-0.324	K0 III	1.3
HD 153403	HIP 83129	254.82397	2.90889	440.11	m	8.822	0.604	K0 IV/V	1.272
HD 211065	HIP 109868	333.78195	-25.64799	440.15	m	7.928	-0.29	M2 III	1.958
HD 224145	HIP 117959	358.89663	-26.60232	440.16	m	8.863	0.645	G8 III/IV	1.19
HD 109875	HIP 61656	189.58304	-11.51695	440.2	m	7.818	-0.4	K4 III	1.732
HD 168602	HIP 89719	274.64967	42.56461	440.2	m	8.594	0.376	A0	0.073
HD 85845	HIP 48588	148.63716	-2.61756	440.2	m	7.978	-0.24	K0 III	1.076
HD 18048	HIP 13417	43.18769	-36.84656	440.21	m	8.049	-0.169	K3 III	1.676
HD 223569	HIP 117554	357.6038	57.16107	440.21	m	7.949	-0.269	B9	0.086
HD 96082	HIP 54123	166.10811	-39.8207	440.25	m	7.905	-0.314	M1/2 III	1.936
HD 92087	HIP 51940	159.16628	-59.16797	440.28	m	7.514	-0.705	B4/6 (V)	-0.13
HD 140623	HIP 77311	236.7511	-52.88794	440.3	m	8.721	0.502	B9.5 V	0.058
HD 16386	HIP 12335	39.7152	39.15019	440.31	m	7.833	-0.386	B9	-0.048
HD 34582	HIP 24747	79.60138	-2.53541	440.32	m	8.762	0.543	A2 V	0.289
HD 181334	HIP 95019	290.00705	3.61613	440.32	m	8.925	0.706	K0 III + A1 V	0.951
HD 45950	HIP 31209	98.20574	46.92287	440.33	m	7.264	-0.955	K5	2.018
HD 129921	HIP 72006	220.90366	48.98273	440.33	m	8.827	0.608	G5	1.02
HD 203786	HIP 105645	320.97794	21.93079	440.34	m	8.002	-0.217	A P SI	-0.092
HD 82397	HIP 46691	142.77661	-24.84013	440.34	m	8.409	0.19	B9 III	0.025
HD 17507	HIP 13251	42.63812	52.95083	440.38	m	8.914	0.695	A0	0.141
HD 159320	HIP 86023	263.69574	-16.62387	440.4	m	8.765	0.546	B9 II/III	0.005
HD 222063	HIP 116541	354.27666	53.45278	440.4	m	7.798	-0.421	B9	0.068
HD 192975	HIP 100136	304.69664	-27.07578	440.41	m	8.518	0.299	K2 IIICNIB/II	1.44
HD 83422	HIP 47730	145.94654	77.22189	440.41	m	7.929	-0.29	K0	1.362
HD 151533	HIP 82317	252.29641	-30.78088	440.44	m	8.984	0.765	F5 III/IV(M)	0.752
HD 23545	HIP 17522	56.26787	-27.60736	440.46	m	8.829	0.609	K2 III	1.424
HD 168549	HIP 89740	274.71452	33.04539	440.48	m	7.451	-0.769	K5	1.915
HD 156967	HIP 84768	259.8987	21.94275	440.48	m	7.984	-0.236	K2	1.618
HD 186077	HIP 96905	295.47827	13.24678	440.5	m	8.376	0.156	A0	-0.018
HD 154478	HIP 83638	256.39468	3.76748	440.51	m	7.64	-0.58	M2/3 III	1.954
HD 168560	HIP 90039	275.59119	-42.93439	440.52	m	8.225	0.005	K1P BA	1.536
HD 74985	HIP 42649	130.38536	-73.6146	440.54	m	7	-1.22	B8/9 III/IV	-0.007
HD 53059	HIP 34004	105.82702	-9.55993	440.6	m	8.623	0.403	K0 IV	1.217
HD 75643	HIP 43237	132.11268	-58.22694	440.62	m	7.481	-0.739	K3 IIICNIV	1.76
HD 136954	HIP 75240	230.61263	32.00367	440.63	m	8.308	0.088	K0	1.675
HD 120613	HIP 67736	208.13677	-63.35611	440.66	m	7.423	-0.797	B8/9 III	-0.001
HD 86735	HIP 49006	149.96696	-26.39781	440.67	m	7.498	-0.723	K2 III	1.627
HD 171877	HIP 91344	279.46731	-19.6017	440.67	m	8.088	-0.133	K1/2 III	1.819
HD 75611	HIP 43238	132.11869	-55.44915	440.67	m	7.692	-0.529	B7 IV	-0.057
HIP 33559		104.60607	-53.10203	440.68	m	8.495	0.274	K3	1.798
HD 180401	HIP 94694	289.0281	9.32784	440.69	m	7.734	-0.487	B8	0.167
HD 115228	HIP 64609	198.64073	60.74855	440.75	m	8.925	0.704	G5	1.094
HD 49632	HIP 33335	103.99413	71.88275	440.75	m	8.177	-0.044	K0	2.032
HD 131288	HIP 72612	222.69446	51.52872	440.77	m	8.089	-0.132	K2	1.793
HD 143462	HIP 78518	240.4472	-34.62724	440.8	m	7.687	-0.534	K4/5 III	2.202
HD 224552	HIP 118226	359.71353	-19.6522	440.8	m	8.137	-0.084	G8 IV	1.414
HD 225012	HIP 202	0.64173	54.55214	440.82	m	8.642	0.421	F0	0.316
HD 39413	HIP 27946	88.70854	47.13089	440.85	m	8.338	0.117	A2	0.167
HD 199238	HIP 103313	313.95922	3.3928	440.88	m	8.547	0.325	A3/5 II	0.318
HD 11093	HIP 8586	27.71456	58.46756	440.89	m	8.01	-0.212	K5	1.955
HD 85516	HIP 48462	148.21429	22.62017	440.92	m	8.122	-0.1	K0	1.378
HIP 35888		110.98197	21.70498	440.93	m	8.831	0.609	G5	1.043
HD 102885	HIP 57753	177.66659	-12.8671	440.96	m	7.403	-0.819	K4 III	1.863
HD 123316	HIP 69043	211.98992	-45.44624	440.96	m	8.83	0.608	G6 III/IV	1.113
HD 193816	HIP 100371	305.3329	30.2047	440.97	m	8.077	-0.145	A0	0.016
HD 217807	HIP 113877	345.92717	-40.81704	441.01	m	7.044	-1.178	M1 III	1.94
HD 57981	HIP 35838	110.85194	-6.63617	441.01	m	8.872	0.65	B9 III	-0.09
HD 220477	HIP 115526	351.02116	-17.70056	441.06	m	8.843	0.621	K1 III	1.283
HD 8652	HIP 6531	20.98661	-60.62897	441.06	m	7.86	-0.362	M3 III	1.874
HD 50845	HIP 33225	103.70381	-1.28256	441.07	m	8.229	0.006	K0 III	1.001
HD 81352	HIP 46015	140.77209	-53.61566	441.11	m	8.463	0.24	G8/K0 III	1.171
HD 74417	HIP 42740	130.6581	-37.38293	441.11	m	7.809	-0.414	K3 III	1.846
HD 163827	HIP 88016	269.66821	-11.87374	441.12	m	8.709	0.486	K3/4 (III)	2.377
HD 169385	HIP 89860	275.07226	61.43158	441.13	m	8.77	0.547	K0	1.194
HD 146190	HIP 80241	245.72553	-75.97468	441.16	m	7.015	-1.208	K4 III	1.887
HD 30113	HIP 22058	71.1618	-1.43321	441.17	m	8.514	0.291	G5 IV	0.885
HD 221538	HIP 116196	353.14582	53.68638	441.19	m	6.944	-1.279	K0	1.226
HD 593	HIP 860	2.64442	59.67341	441.2	m	6.692	-1.531	B1V	-0.011
HD 91273	HIP 51421	157.52846	-68.55203	441.24	m	7.973	-0.25	B8 V	-0.048
HD 132778	HIP 73514	225.37894	-18.80324	441.3	m	8.186	-0.038	M2/3 III	1.88
HD 190144	HIP 99019	301.5336	-53.80467	441.31	m	8.75	0.526	K3 III	1.615
HD 14063	HIP 10748	34.56898	53.48584	441.31	m	8.641	0.417	A0	0.035
HD 55417	HIP 34824	108.11508	-8.21202	441.32	m	8.02	-0.204	B8 V	-0.048
HD 187710	HIP 97547	297.40486	42.90953	441.38	m	8.505	0.281	A0	0.017
HD 181574	HIP 95138	290.34235	-10.17613	441.39	m	7.828	-0.396	M1 III	2.104
HD 68038	HIP 39596	121.377	-69.86371	441.41	m	8.646	0.422	G8/K0	1.65
HIP 20838		66.98587	-12.01311	441.41	m	8.498	0.274	K0	1.36
HD 171925	HIP 91508	279.92743	-47.06228	441.44	m	8.408	0.184	B9 VN	0.197
HD 200841	HIP 104042	316.17761	41.008	441.48	m	8.285	0.06	B8	0.059
HD 13725	HIP 10618	34.17404	67.28392	441.5	m	7.236	-0.989	K4II	2.212
HD 217680	HIP 113773	345.61086	-0.59799	441.5	m	8.083	-0.142	M2 III	1.971
HD 42749	HIP 29376	92.88068	-23.78285	441.51	m	8.058	-0.167	B9 IV	-0.088
HD 104191	HIP 58504	179.97293	-69.88466	441.54	m	8.81	0.585	B8/9 IV/V	0.109
HD 199000	HIP 103308	313.94094	-44.57576	441.55	m	7.49	-0.735	M2 III	1.966
HIP 88366		270.66672	34.96355	441.56	m	8.778	0.553	M0	1.859
HD 24812	HIP 18229	58.45338	-57.08444	441.56	m	8.827	0.602	K3 III	1.58
HD 38426	HIP 27103	86.21113	-21.65923	441.59	m	6.74	-1.485	B3 V	-0.192
HD 163544	HIP 88289	270.43501	-66.46447	441.6	m	8.412	0.187	A0 V	0.07
HD 172801	HIP 92148	281.71784	-65.2496	441.61	m	7.229	-0.996	M2 III	2.01
HD 20810	HIP 15753	50.73772	44.96631	441.62	m	8.13	-0.095	A0	0.038
HD 124845	HIP 70266	215.65752	-79.7158	441.63	m	7.707	-0.518	M2 III	1.959
HD 114373	HIP 64432	198.09356	-73.61817	441.63	m	8.721	0.496	G6 III	1.061
HD 116110	HIP 65172	200.34358	14.1489	441.64	m	7.461	-0.764	K2	1.823
HD 75914	HIP 43612	133.23981	-0.15836	441.64	m	8.643	0.418	A0 V	0.084
HD 148981	HIP 80956	247.95683	-0.04253	441.64	m	8.016	-0.209	K1 III	1.635
HD 170935	HIP 90826	277.92939	7.23175	441.67	m	7.401	-0.824	B8	0.138
HD 61362	HIP 37468	115.35305	50.94555	441.68	m	8.561	0.335	K0	1.38
HD 62786	HIP 37920	116.56531	13.72869	441.68	m	8.708	0.482	A2	0.204
HD 203974	HIP 105704	321.1419	34.26327	441.69	m	8.777	0.551	A2	0.179
HD 57649	HIP 35836	110.84939	28.7101	441.74	m	8.641	0.415	K0	1.4
HD 166917	HIP 89242	273.16816	2.81281	441.75	m	6.688	-1.538	B8 II	0.068
HD 89770	HIP 50530	154.81145	-67.34615	441.77	m	8.121	-0.105	K3/4 III	1.814
HD 88646	HIP 49937	152.94575	-55.99593	441.77	m	8.526	0.3	B9.5 IV	-0.001
HD 128855	HIP 71742	220.12849	-40.60808	441.77	m	7.355	-0.871	A1/2 IV	0.075
HD 219761	HIP 115098	349.69187	-47.43538	441.8	m	6.578	-1.648	B9 V	-0.044
HD 223176	HIP 117319	356.83238	2.88917	441.8	m	8.209	-0.017	K0 III	1.407
HD 54843	HIP 34398	106.98194	-48.91713	441.86	m	8.928	0.702	G8/K0 III + F	1.047
HIP 77352		236.85765	18.84938	441.86	m	8.367	0.141	G5	1.477
HD 58754	HIP 36171	111.7536	0.23346	441.86	m	8.244	0.018	K0 III	1.201
HD 100973	HIP 56687	174.35304	25.80267	441.89	m	8.955	0.728	G5	1.056
HD 101312	HIP 56841	174.7944	-57.73948	441.91	m	7.227	-1	A0 V	-0.017
HD 6409	HIP 5091	16.30087	19.19778	441.91	m	7.673	-0.554	M4	1.849
HD 125767	HIP 70358	215.9299	-60.21281	441.92	m	7.895	-0.332	K3 III	1.81
HD 188043	HIP 97872	298.33002	-4.57292	441.92	m	8.639	0.412	K4/5 III	2.303
HD 82989	HIP 46814	143.10087	-65.49457	441.93	m	8.437	0.21	AP SRCR + G0/5	0.684
HD 216485	HIP 113077	343.51093	-49.53659	441.94	m	8.938	0.711	A1 V	0.087
HD 89848	HIP 50792	155.55905	8.96437	441.95	m	6.835	-1.392	K5	1.88
HIP 116274		353.38134	13.42338	441.96	m	8.95	0.723	K2	1.618
HD 62981	HIP 37892	116.4884	-18.90453	441.96	m	7.769	-0.458	K4 III	1.776
HD 1608	HIP 1628	5.09015	4.77899	441.97	m	7.789	-0.438	K0 III	1.165
HD 44638	HIP 30341	95.73125	3.76078	442	m	7.154	-1.073	K0/1 III	1.472
HD 23666	HIP 17627	56.65245	-9.44234	442.03	m	8.406	0.179	K1 III	1.487
HD 70259	HIP 40857	125.05281	-23.7835	442.05	m	8.246	0.019	A0 V	0.054
HD 69218	HIP 40030	122.64397	-70.78393	442.09	m	8.19	-0.038	G2 III/IV	0.92
HD 217690	HIP 114306	347.2434	-84.87987	442.1	m	8.977	0.749	K0 III	1.296
HD 108187	HIP 60631	186.39015	18.86703	442.11	m	8.849	0.621	K2	1.359
HD 119006	HIP 66977	205.90956	-72.98967	442.12	m	7.8	-0.428	B9 IV	0.083
HD 203706	HIP 105684	321.08658	-16.06219	442.13	m	8.668	0.44	B9 IV/V	-0.022
HD 27670	HIP 20034	64.45692	-63.90971	442.17	m	8.373	0.145	K3 III	1.555
HD 163113	HIP 87504	268.17657	38.82063	442.2	m	7.204	-1.024	K0	1.902
HD 173549	HIP 91977	281.20874	26.19885	442.2	m	7.926	-0.302	B9	0.058
HIP 14818		47.82774	20.90157	442.21	m	8.937	0.709	K2	1.593
HD 210117	HIP 109519	332.78419	-70.86739	442.24	m	8.68	0.452	K2 III	1.638
HD 94253	HIP 53180	163.17414	-1.53809	442.25	m	8.926	0.698	G8 III/IV	1.107
HD 75446	HIP 43240	132.12845	-42.40066	442.38	m	7.356	-0.873	B5/7 V	-0.118
HD 33475	HIP 23792	76.68602	-59.87785	442.39	m	7.442	-0.787	K1 III	1.538
HD 76357	HIP 43711	133.52766	-43.42097	442.39	m	8.087	-0.142	K3 III	1.77
HD 45002	HIP 30237	95.41974	-56.36231	442.4	m	6.993	-1.236	M3 III	1.958
HD 194805	HIP 100839	306.69297	28.06787	442.48	e	8.859	0.63	A0	0.196
HD 192456	HIP 99573	303.11002	53.90514	442.5	m	8.108	-0.122	K2	1.188
HD 67717	HIP 39937	122.34229	1.31409	442.51	m	7.571	-0.659	A0 V	-0.013
HD 76918	HIP 43875	134.0715	-60.47197	442.51	m	7.579	-0.651	M1 III	1.987
HD 210786	HIP 110070	334.42662	-78.43075	442.52	m	8.677	0.447	K0 IIICNII	1.417
HD 203755	HIP 105788	321.36818	-41.70204	442.54	m	7.831	-0.399	M3 III	1.825
HD 165565	HIP 88372	270.67981	60.5774	442.54	m	8.906	0.676	K0	1.112
HD 182865	HIP 95512	291.41259	26.104	442.55	m	7.377	-0.853	B8	0.097
HD 29914	HIP 21936	70.73895	2.41845	442.57	m	7.961	-0.269	K0 III	1.155
HD 70831	HIP 41155	125.9566	-8.46852	442.58	m	8.568	0.338	A3 III	0.273
HD 141037	HIP 77722	238.01292	-70.82111	442.58	m	7.958	-0.272	B8 V	-0.032
HD 105911	HIP 59429	182.85583	0.19379	442.59	m	7.759	-0.471	K1 III	1.467
HD 220447	HIP 115479	350.89638	40.23382	442.61	m	8.239	0.009	M1	1.916
HD 186672	HIP 96933	295.56002	60.56317	442.71	m	8.412	0.181	A2	0.032
HD 151481	HIP 81646	250.17718	72.67166	442.72	m	7.192	-1.039	M0	1.864
HD 135017	HIP 74681	228.93909	-60.23168	442.73	m	8.074	-0.157	K3 III	1.863
HD 5569	HIP 4444	14.22092	-46.864	442.74	m	8.313	0.082	M0 III	1.803
HD 98488	HIP 55383	170.11333	58.77587	442.83	m	8.125	-0.106	A2	0.093
HD 223684	HIP 117651	357.90491	55.04225	442.85	m	8.99	0.759	B8	0.049
HD 150747	HIP 81307	249.09692	72.37376	442.87	m	8.572	0.341	K0	1.051
HD 76769	HIP 44038	134.52069	-3.57795	442.87	m	7.813	-0.418	K2/3 III	1.749
HD 3358	HIP 2849	9.0165	-47.57534	442.87	m	8.327	0.096	K2 III	1.525
HD 5061	HIP 4064	13.02615	-35.74773	442.89	m	8.65	0.419	A0 V	0.013
HD 94140	HIP 53030	162.74865	-51.42601	442.92	m	8.331	0.099	K1 III	1.4
HD 76138	HIP 43579	133.12258	-48.49163	442.94	m	8.527	0.295	B9 IV/V	-0.012
HD 43654	HIP 29847	94.27256	-6.11909	442.94	m	8.113	-0.119	B8 V	-0.079
HD 137760	HIP 75610	231.72803	27.27702	442.94	m	8.384	0.152	K5	1.91
HD 195447	HIP 101068	307.33676	50.46035	442.95	m	7.58	-0.652	B9	0.033
HD 113782	HIP 64016	196.75994	-58.80546	442.96	m	7.276	-0.956	K0 II	1.555
HIP 89185		273.02041	29.71609	442.97	m	8.476	0.244	K0	1.031
HD 205601	HIP 106578	323.786	43.7033	442.98	m	6.785	-1.447	B8	-0.111
HD 52821	HIP 34321	106.72339	62.5472	442.98	m	8.232	0	G5	1.55
HD 194841	HIP 100876	306.80912	20.47648	442.98	m	6.544	-1.688	K0	1.217
HD 38165	HIP 27007	85.93243	-0.93866	442.99	m	8.822	0.59	B8 V	0.258
HD 49117	HIP 32772	102.49397	54.26527	442.99	m	8.945	0.713	A0	-0.023
HD 213532	HIP 111175	337.83415	41.21859	443.06	m	8.17	-0.062	K2	1.511
HD 68678	HIP 40143	122.96637	-38.96796	443.07	m	8.409	0.177	B9 III	-0.004
HD 90033	HIP 50817	155.62675	-43.54812	443.1	m	8.882	0.65	G8 III	1.126
HD 71343	HIP 41417	126.71664	-1.21555	443.1	m	7.718	-0.514	K0 III	1.346
HD 197052	HIP 101701	309.20691	68.55802	443.13	m	8.659	0.426	M1	2.394
HD 202144	HIP 104697	318.12228	45.86002	443.14	m	7.928	-0.305	G5	1.174
HD 126743	HIP 70769	217.10476	-39.54144	443.14	m	8.329	0.096	M3/4 III	1.746
HD 175534	HIP 93267	284.98927	-62.57913	443.18	m	8.347	0.114	A3 V	0.109
HD 2995	HIP 2612	8.29702	-3.84785	443.19	m	7.498	-0.735	K1 III	1.557
HD 211695	HIP 110096	334.5294	39.79292	443.22	m	8.93	0.697	A0	0.114
HD 215837	HIP 112478	341.74947	53.75671	443.23	m	8.268	0.035	A0	0.04
HD 86427	HIP 48758	149.18201	-55.0832	443.24	m	7.922	-0.311	A4 IV	0.203
HD 188516	HIP 98127	299.14875	-27.62205	443.28	m	8.955	0.722	A2 V	0.177
HD 64426	HIP 38176	117.34625	-65.82428	443.3	m	8.714	0.481	G5/K1 III	1.135
HD 27598	HIP 20269	65.17227	-16.82998	443.31	m	7.239	-0.995	M3 III	1.894
HD 97784	HIP 54916	168.69158	-28.30757	443.32	m	8.773	0.539	K1/2 III	1.423
HD 28032	HIP 20223	64.99837	-69.39866	443.35	m	7.701	-0.533	K4 III	1.828
HD 74981	HIP 42980	131.39479	-43.32916	443.37	m	8.294	0.06	K0 III	1.255
HD 126629	HIP 69563	213.58868	83.94454	443.38	m	8.56	0.326	K	1.82
HD 142913	HIP 78171	239.42209	-16.81079	443.38	m	8.832	0.598	K0 II/III	1.528
HD 62767	HIP 37911	116.53862	16.43844	443.39	m	7.719	-0.515	K0	1.778
HD 14193	HIP 10700	34.43611	-0.1599	443.4	m	7.866	-0.368	K3 III	1.727
HD 209507	HIP 108982	331.17665	-35.69636	443.41	m	8.038	-0.196	M5 III	1.586
HD 224271	HIP 118038	359.14394	-55.69583	443.41	m	8.288	0.054	K1 III(CNII/III)	1.424
HD 12816	HIP 9638	30.97323	-55.6614	443.49	m	8.357	0.123	B9 V	-0.005
HD 79775	HIP 45321	138.54669	-50.34169	443.5	m	8.991	0.757	A	0.142
HD 139320	HIP 76295	233.78203	53.43312	443.55	m	8.744	0.509	G5	0.927
HD 198758	HIP 102980	312.95767	23.33144	443.56	m	7.361	-0.874	K5	1.958
HD 69865	HIP 40913	125.25024	47.41908	443.57	m	8.249	0.014	G5	1.455
HD 30083	HIP 21635	69.70748	-69.45412	443.57	m	8.304	0.069	K5 III	1.903
HD 18698	HIP 14037	45.19196	12.98482	443.61	m	8.675	0.44	K5	1.653
HD 87287	HIP 49353	151.12311	25.23024	443.62	m	8.488	0.253	K2	1.61
HD 156782	HIP 84891	260.23801	-32.82784	443.63	m	8.208	-0.027	K1/2 III	1.827
HD 10174	HIP 7716	24.83317	-12.04221	443.63	m	8.836	0.601	G8 III	1.071
HD 139072	HIP 76723	235.012	-65.66168	443.64	m	8.318	0.083	B8 V	-0.026
HD 43174	HIP 29641	93.69626	-0.54152	443.65	m	8.637	0.402	G8 III + F/G	1.094
HIP 37005		114.07509	37.93137	443.7	m	8.599	0.364	K0	1.09
HD 137384	HIP 75873	232.46473	-67.48503	443.72	m	7.353	-0.883	B2/3 IV	-0.121
HD 117535	HIP 66013	203.0098	-51.8383	443.74	m	7.935	-0.301	K0 II	1.234
HD 45441	HIP 30522	96.22617	-46.93598	443.74	m	8.644	0.408	K1 III	1.42
HD 8246	HIP 6406	20.5757	30.9935	443.76	m	8.613	0.377	G5	1.104
HD 2426	HIP 2203	6.96311	-25.28184	443.8	m	8.769	0.533	K2 III	1.467
HD 53119	HIP 34027	105.89676	-6.91883	443.84	m	8.26	0.024	K0 III	1.453
HD 12021	HIP 9155	29.48391	-2.09937	443.85	m	8.841	0.605	B8 V	-0.046
HD 2841	HIP 2517	7.97868	19.64297	443.86	m	7.071	-1.165	K5III	1.978
HD 62523	HIP 37797	116.25248	15.89501	443.88	m	7.863	-0.373	A0	-0.008
HIP 64141		197.17987	27.60702	443.88	m	8.943	0.707	G9III	1.273
HD 161726	HIP 86885	266.28447	42.58793	443.89	m	8.44	0.204	K0	1.199
HD 111409	HIP 62624	192.48106	-64.61372	443.9	m	7.646	-0.59	B9.5 IV	0.169
HD 199007	HIP 103073	313.26453	34.75211	443.91	m	7.934	-0.302	B9	-0.067
HD 105215	HIP 59079	181.7321	47.87475	443.95	m	8.506	0.269	K2III	1.537
HD 165351	HIP 88803	271.9181	-43.39204	443.98	m	7.577	-0.66	K0 III	1.326
HD 175243	HIP 92741	283.48762	15.25988	443.98	m	8.555	0.318	A0	0.125
HD 200269	HIP 103700	315.20769	46.57856	443.99	m	7.371	-0.866	B5V	-0.117
HD 120598	HIP 67724	208.11018	-63.63733	444	m	8.333	0.096	B8 III	-0.031
HD 4477	HIP 3700	11.86502	49.65127	444.01	m	8.332	0.095	B9	-0.004
HD 82379	HIP 46481	142.19586	-63.21411	444.01	m	8.823	0.586	A8 IV	0.405
HD 44904	HIP 30532	96.27381	16.99469	444.02	m	7.001	-1.236	B9	-0.087
HD 185266	HIP 96448	294.13441	41.00972	444.05	m	7.736	-0.501	A0	0.073
HD 46748	HIP 31443	98.81391	3.9689	444.08	m	7.967	-0.27	A2/3 V	0.143
HD 8344	HIP 6661	21.36892	74.1153	444.08	m	7.783	-0.454	A0	0.334
HD 37889	HIP 26785	85.34335	-6.93519	444.16	m	7.617	-0.621	B3 II/III	-0.114
HD 120979	HIP 67930	208.67656	-62.9036	444.19	m	8.733	0.495	B9 III	0.01
HD 25121	HIP 19138	61.53298	73.74706	444.19	m	8.907	0.669	K2	1.523
HD 79774	HIP 45319	138.5444	-50.34866	444.23	m	8.955	0.717	A	0.113
HD 97892	HIP 54994	168.90244	0.57341	444.25	m	8.572	0.334	K0 III	1.303
HD 100119	HIP 56180	172.73521	-41.9263	444.26	m	7.204	-1.034	B8/9 IV	-0.06
HD 19450	HIP 14534	46.91586	1.40596	444.31	m	7.259	-0.979	K1 III	1.597
HD 179313	HIP 94299	287.91336	11.99866	444.32	m	8.143	-0.095	B8	0.149
HD 220272	HIP 115427	350.71824	-50.19002	444.33	m	8.409	0.17	K3 III	1.551
HD 183222	HIP 95665	291.89168	24.55085	444.35	m	8.189	-0.05	K5	2.003
HD 139441	HIP 76432	234.15158	43.25613	444.35	m	8.981	0.742	K2	1.441
HD 37117	HIP 26158	83.64769	-34.47709	444.36	m	8.792	0.553	G8 III	1.065
HD 52721	HIP 33868	105.45628	-11.30097	444.44	e	6.651	-1.588	B2/3 (Vn) (+ B)	0.038
HD 191813	HIP 99416	302.65975	33.63069	444.44	e	8.428	0.189	B9V	-0.025
HD 24522	HIP 18192	58.37731	-14.97056	444.47	m	7.108	-1.131	K4 III	1.909
HD 64351	HIP 38601	118.55543	21.10526	444.52	m	7.035	-1.204	M1	1.978
HD 100991	HIP 56828	174.74059	80.74354	444.54	m	8.975	0.735	G5	1.073
HD 4071	HIP 3386	10.75911	-10.49583	444.55	m	8.421	0.181	K5 III	1.84
HD 46735	HIP 31465	98.86466	10.84257	444.56	m	8.4	0.16	K2	1.698
HD 182787	HIP 95597	291.66131	-7.71612	444.56	m	8.305	0.065	B5/6 IV	0.088
HD 117437	HIP 65922	202.71795	-34.08936	444.56	m	8.293	0.053	K3 III	1.697
HD 92092	HIP 50402	154.37528	-87.72841	444.57	m	8.831	0.591	K1 III	1.394
HD 183384	HIP 95729	292.06011	27.92147	444.59	m	8.295	0.055	A0	0.024
HD 183442	HIP 95834	292.37532	3.08989	444.59	m	8.091	-0.149	B3 II/III	0.072
HD 48143	HIP 32157	100.7249	23.21384	444.63	m	7.909	-0.331	F5	0.745
HD 220421	HIP 115439	350.74359	62.61725	444.63	m	8.531	0.291	A2	0.112
HD 32366	HIP 23494	75.7587	9.38242	444.64	m	7.55	-0.69	A0	-0.003
HD 128366	HIP 71286	218.68103	52.0433	444.65	m	8.897	0.657	K0	1.23
HD 32693	HIP 23495	75.75868	-42.49791	444.68	m	7.159	-1.081	M2 III	1.913
HD 60825	HIP 37016	114.11852	2.86774	444.69	m	7.84	-0.4	A0 IV/V	0.063
HD 6571	HIP 5160	16.51324	-41.83628	444.7	m	7.877	-0.363	K3 III	1.695
HD 210222	HIP 109247	331.97256	44.2062	444.72	m	7.567	-0.673	K5	1.833
HIP 84698		259.71256	17.96158	444.72	m	8.922	0.682	K5	1.687
HD 130170	HIP 72452	222.2379	-58.6552	444.74	m	8.79	0.549	G8 III	1.554
HD 58928	HIP 36203	111.83687	-11.49191	444.78	m	8.383	0.142	B9 V	0.017
HD 101430	HIP 56931	175.06984	-28.49661	444.8	m	7.245	-0.996	K5/M0 III	2.019
HD 83216	HIP 47065	143.87539	-46.11192	444.81	m	8.266	0.025	K1 III	1.254
HD 150942	HIP 82223	251.96117	-59.89931	444.84	m	8.846	0.605	G8 III	1.096
HD 134189	HIP 74615	228.68198	-75.54969	444.84	m	7.786	-0.455	K3 III	1.724
HD 15853	HIP 11974	38.61629	46.69343	444.86	m	8.35	0.109	A0	0.144
HD 80873	HIP 45927	140.46692	-13.53716	444.86	m	7.757	-0.484	K2 III	1.58
HD 132576	HIP 73524	225.42024	-50.39514	444.89	m	8.902	0.661	G8 III	1.219
HD 99899	HIP 56094	172.47675	47.28459	444.9	m	8.972	0.731	G5	1.182
HD 87358	HIP 49398	151.27295	29.74937	444.9	m	8.622	0.381	F5	0.359
HD 126673	HIP 71031	217.9134	-74.3916	444.92	m	7.854	-0.387	K2 III	1.582
HD 129560	HIP 70534	216.43929	85.27302	444.94	m	8.746	0.504	K0	1.468
HD 129549	HIP 72052	221.06914	-39.49396	445	m	8.926	0.684	G6 III	1.006
HD 101660	HIP 57056	175.45523	-22.65277	445	m	8.444	0.202	M0/1 III	1.901
HD 142881	HIP 78114	239.25362	-0.74523	445.01	m	7.699	-0.543	K3 III	1.837
HD 177548	HIP 93707	286.22122	8.47628	445.02	m	8.578	0.336	A0	0.336
HD 225098	HIP 272	0.85554	-26.41518	445.04	m	8.908	0.666	G8/K0 III	1.109
HD 224669	HIP 118303	359.93428	62.99168	445.05	m	8.139	-0.103	K2	2.013
HD 47765	HIP 31794	99.71525	-32.83096	445.06	m	8.82	0.578	A3 V	0.25
HD 201022	HIP 104224	316.73012	4.08677	445.06	m	8.711	0.469	K2 IV	1.46
HD 31813	HIP 23070	74.45615	-25.06042	445.06	m	8.287	0.045	K3 III	1.583
HD 105516	HIP 59226	182.2066	37.85528	445.07	m	8.951	0.709	K1III	1.418
HD 18525	HIP 13649	43.93063	-61.46284	445.09	m	8.156	-0.086	K1/2 III	1.344
HD 202868	HIP 105225	319.71726	-6.4392	445.13	m	8.297	0.055	K0 III	1.454
HD 153417	HIP 83192	255.03361	-16.64507	445.19	m	8.622	0.379	K3 III	1.815
HD 43725	HIP 29981	94.66679	21.18062	445.19	m	7.999	-0.244	K0	1.556
HD 44736	HIP 30288	95.56607	-26.27738	445.19	m	7.964	-0.279	K2 III	1.608
HD 121331	HIP 67984	208.83046	-26.43262	445.19	m	8.018	-0.225	M5 III	1.584
HD 172623	HIP 91722	280.55954	-23.29307	445.22	m	7.815	-0.428	K5 III	2.108
HD 117057	HIP 65776	202.26606	-58.94227	445.23	m	8.13	-0.113	AP SI	-0.065
HD 120416	HIP 67612	207.81038	-63.51265	445.23	m	8.785	0.542	B9 V	0.025
HD 164966	HIP 88279	270.40267	42.35055	445.25	m	8.63	0.387	G0	0.85
HD 17929	HIP 13728	44.20356	68.83596	445.26	m	7.857	-0.386	B 5 V	0.251
HD 185091	HIP 96535	294.39151	-1.03405	445.28	m	8.241	-0.002	B9 IV	0.136
HD 17760	HIP 13356	42.96141	27.2739	445.3	m	7.899	-0.344	A0	0.061
HD 83335	HIP 47088	143.94719	-54.16879	445.32	m	7.949	-0.294	B6 V	-0.087
HD 92954	HIP 52556	161.18272	41.71461	445.34	m	7.661	-0.582	K5	1.836
HD 67292	HIP 39671	121.60276	-22.22694	445.35	m	7.983	-0.261	K2/3 III	1.816
HD 105593	HIP 59269	182.35235	-38.72982	445.36	m	8.904	0.66	K2 III	1.499
HD 218372	HIP 114219	346.96161	-37.34765	445.36	m	8.851	0.607	G8 III	1.118
HD 69492	HIP 40444	123.86901	-42.43291	445.38	m	8.93	0.686	G8 III	1.058
HD 106635	HIP 59830	184.03085	-64.45428	445.38	m	7.617	-0.627	B3 V	-0.012
HD 41829	HIP 29123	92.11782	25.96673	445.39	m	8.236	-0.008	K0	1.167
HD 49800	HIP 32374	101.3553	-65.04423	445.41	m	7.387	-0.857	M2 III	1.949
HD 171214	HIP 90817	277.89333	40.36869	445.41	m	8.268	0.024	K0	1.402
HD 161101	HIP 86807	266.06996	-17.43683	445.42	m	7.391	-0.853	G6 II/III	1.256
HD 119635	HIP 67208	206.57801	-63.56262	445.44	m	8.563	0.319	B9 V	0.028
HD 111957	HIP 62818	193.08839	50.28173	445.45	m	8.738	0.494	F4V	0.448
HD 142292	HIP 77972	238.85094	-41.92512	445.45	m	8.741	0.497	F	0.581
HD 81038	HIP 45817	140.13268	-61.99305	445.46	m	6.88	-1.364	B5 VN	-0.101
HD 79424	HIP 45403	138.78815	37.06021	445.46	m	8.053	-0.191	K0	1.52
HD 41895	HIP 29037	91.89236	-3.60336	445.49	m	8.128	-0.116	A0 V	0.077
HIP 102971		312.93559	49.69715	445.55	m	8.213	-0.031	K0	1.814
HD 205574	HIP 106625	323.95359	17.4983	445.56	m	8.055	-0.19	K2	1.639
HD 69868	HIP 40807	124.9319	20.91808	445.57	m	8.09	-0.155	B9	-0.061
HD 217884	HIP 113916	346.0288	-28.23819	445.57	m	8.416	0.171	M2 III	1.892
HD 87867	HIP 49656	152.06112	18.76506	445.58	m	8.927	0.682	G5	1.169
HD 37687	HIP 26693	85.08218	-3.42708	445.61	m	7.046	-1.199	B7/8 II/III	0.013
HD 141825	HIP 77465	237.23961	48.68713	445.64	m	8.941	0.696	G5	1.115
HD 123073	HIP 68909	211.62069	-39.98658	445.65	m	8.191	-0.054	K3 III	1.697
HD 93186	HIP 52581	161.27952	-31.33739	445.65	m	8.285	0.04	K4 III	1.785
HD 29061	HIP 21346	68.70705	7.43926	445.66	m	8.593	0.348	A0	0.335
HD 54099	HIP 34703	107.81369	59.06457	445.67	m	7.581	-0.664	K0	1.172
HD 72325	HIP 41913	128.18088	15.27459	445.7	m	7.553	-0.692	K2	1.781
HD 57047	HIP 35640	110.31569	39.09185	445.71	m	8.476	0.231	A0	0.006
HD 198739	HIP 102761	312.31258	62.5297	445.73	m	7.982	-0.263	B 8 II	0.018
HD 196767	HIP 102143	310.46436	-54.55851	445.77	m	8.747	0.501	K3 III	1.618
HD 110245	HIP 61935	190.39076	-66.97015	445.79	m	8.463	0.217	F8/G0 III	0.755
HD 115621	HIP 65007	199.87039	-58.47844	445.81	m	8.367	0.121	K0 III	1.514
HD 75344	HIP 43248	132.15706	-25.65427	445.82	m	8.285	0.039	A3MA5-F2	0.334
HD 129558	HIP 72157	221.38188	-59.57096	445.84	m	8.649	0.403	K3 III	1.817
HD 193933	HIP 100556	305.8594	-14.25643	445.86	m	6.734	-1.512	B3 II/III	-0.115
HD 180188	HIP 94578	288.71706	19.59362	445.88	m	8.846	0.6	A	0.144
HD 213100	HIP 110927	337.11557	37.45384	445.92	m	8.344	0.098	K0	1.106
HD 222699	HIP 116988	355.75934	-29.044	445.93	m	7.401	-0.845	K4 III	1.766
HD 185152	HIP 96492	294.23625	19.46495	445.96	m	8.78	0.534	A0	0.187
HD 189671	HIP 98458	300.064	26.18788	445.97	m	6.622	-1.625	G8II	1.35
HD 26946	HIP 19947	64.17333	26.35797	445.99	m	8.009	-0.238	K 3 III	1.924
HD 152273	HIP 82879	254.06964	-61.64061	446	m	6.776	-1.471	A0 III(P SI)	0.047
HD 121449	HIP 68051	209.00968	-29.886	446.02	m	8.331	0.084	K3 III	1.727
HD 83866	HIP 47370	144.77192	-58.2806	446.02	m	7.634	-0.613	B8 II	-0.101
HD 126268	HIP 70372	215.9678	27.27075	446.02	m	7.843	-0.404	M1	1.805
HD 150765	HIP 81861	250.80203	-4.15022	446.04	m	7.891	-0.356	K4 III	2.069
HD 158537	HIP 85076	260.81464	71.86993	446.1	m	7.334	-0.913	M4	1.725
HD 154139	HIP 83694	256.58572	-52.232	446.11	m	8.783	0.536	K2 III	1.586
HD 117610	HIP 65945	202.79347	21.33329	446.12	m	8.968	0.721	K0	1.296
HD 78444	HIP 44664	136.52781	-54.90396	446.12	m	8.79	0.543	B9.5 V	0.001
HD 29376	HIP 21575	69.4764	7.31763	446.13	m	6.977	-1.27	B 3 V	-0.064
HD 180954	HIP 94948	289.81739	-20.89176	446.14	m	8.506	0.259	K1 III	1.497
HD 44490	HIP 31462	98.86216	80.57322	446.15	m	7.305	-0.942	K0	1.617
HD 53766	HIP 34351	106.82052	24.16844	446.21	m	6.942	-1.306	M1	1.959
HD 235548	HIP 106517	323.60999	52.26928	446.22	m	8.961	0.713	B9	0.097
HD 39151	HIP 27903	88.56791	58.22767	446.24	m	8.974	0.726	A0	0.164
HD 12	HIP 414	1.26225	-59.82812	446.25	m	8.749	0.501	G6 III	1.022
HD 44937	HIP 30175	95.2412	-58.35207	446.25	m	8.196	-0.052	B9.5 V	0.049
HD 14548	HIP 10903	35.0919	-27.27299	446.26	m	8.406	0.158	K2 III	1.481
HD 165826	HIP 88769	271.83627	15.23471	446.27	m	7.466	-0.782	M1	2.057
HD 149147	HIP 81067	248.37318	-14.16573	446.27	m	8.913	0.665	M1 III	2.384
HD 76514	HIP 43806	133.82677	-38.32776	446.29	m	7.406	-0.842	K3 III	1.8
HD 158083	HIP 85140	260.99091	55.27921	446.34	m	8.295	0.047	K0	1.566
HD 224320	HIP 118057	359.2318	55.84034	446.43	m	6.695	-1.554	K0	1.354
HIP 87112		266.98296	3.57468	446.43	m	8.964	0.715	K2	1.871
HD 46738	HIP 31371	98.6694	-8.60811	446.43	e	8.831	0.582	B3 V	0.058
HD 185534	HIP 96778	295.06914	-21.30225	446.43	m	7.833	-0.416	B5/6 IV	-0.029
HD 257331	HIP 30723	96.81653	21.9906	446.45	m	8.589	0.34	K0	1.113
HD 7307	HIP 5746	18.44977	27.13304	446.48	m	8.64	0.391	M1	1.648
HD 198946	HIP 103066	313.2342	29.33192	446.49	m	7.678	-0.571	B9	-0.045
HD 160999	HIP 88896	272.22043	-85.08442	446.5	m	8.937	0.688	G6 III	1.193
HD 37812	HIP 26636	84.92493	-34.63593	446.5	m	8.822	0.573	K1 III	1.343
HD 182469	HIP 94775	289.26841	74.9268	446.55	m	8.924	0.675	A0	0.117
HD 145419	HIP 79575	243.53989	-59.55821	446.57	m	8.237	-0.012	B9 IV	0.067
HD 73550	HIP 42295	129.34758	-41.50967	446.58	m	8.969	0.72	B9 V	-0.016
HD 70295	HIP 41138	125.90434	52.99122	446.59	m	8.514	0.264	K0	1.166
HD 61202	HIP 37138	114.46485	-6.95801	446.62	m	6.942	-1.308	B8 V	-0.108
HD 192323	HIP 99682	303.42604	18.17408	446.63	m	8.213	-0.037	K2	1.652
HD 57070	HIP 35573	110.12665	20.1152	446.63	m	8.142	-0.108	B9	-0.047
HD 215800	HIP 112601	342.08751	-44.50124	446.63	m	8.996	0.746	K1 IIICNII	1.229
HD 41321	HIP 28693	90.87238	-22.81667	446.65	m	8.689	0.439	K3 III	1.645
HD 13177	HIP 10009	32.22981	7.28448	446.66	m	8.992	0.742	K0	1.279
HD 194914	HIP 100924	306.93069	14.45598	446.66	m	7.72	-0.53	A0	-0.048
HD 218468	HIP 114186	346.8584	58.98974	446.67	m	7.391	-0.859	K 0 III	1.51
HD 102172	HIP 57341	176.35802	-28.37202	446.67	m	8.52	0.27	G8 III + A3	0.641
HIP 57504		176.80752	43.47109	446.67	m	8.884	0.634	M6III	1.513
HD 13243	HIP 10156	32.65639	45.92728	446.68	m	8.157	-0.093	G5	1.439
HD 5063	HIP 4161	13.28751	51.87953	446.69	m	8.736	0.486	A2	0.124
HD 136533	HIP 75244	230.62514	-37.02846	446.75	m	8.195	-0.055	G8 III	1.184
HD 212542	HIP 110777	336.63957	-58.87796	446.8	m	8.557	0.306	K3 III	1.766
HD 193222	HIP 100116	304.64613	17.36217	446.87	m	6.996	-1.255	K5	1.608
HD 51279	HIP 33381	104.14208	-3.78453	446.88	m	8.112	-0.139	K2 III	1.569
HD 131544	HIP 73057	223.95187	-44.69668	446.89	m	8.122	-0.129	K3 III	1.888
HD 206537	HIP 107049	325.20631	55.3562	446.94	m	8.047	-0.204	K0	1.215
HD 199355	HIP 103272	313.82482	42.51349	446.97	m	7.12	-1.131	B9	-0.114
HD 41523	HIP 29024	91.85765	36.27463	447.01	m	7.038	-1.214	B9	-0.016
HD 69906	HIP 40612	124.37219	-41.00795	447.01	m	8.866	0.614	A1 V	0.108
HD 161564	HIP 87185	267.18108	-48.24475	447.03	m	8.705	0.453	G5/6 III	1.076
HD 181097	HIP 94808	289.37223	39.2446	447.08	m	8.39	0.138	K0	1.497
HD 69620	HIP 40519	124.10414	-36.2026	447.1	m	7.137	-1.115	B3 IV	-0.135
HD 147606	HIP 80482	246.43432	-55.22349	447.1	m	8.42	0.168	K2 III	1.675
HD 95246	HIP 53738	164.93601	-7.57606	447.1	m	8.864	0.612	K0 III	1.157
HD 14788	HIP 11088	35.6898	-14.90123	447.13	m	7.689	-0.563	A1/2 IV	0.053
HD 60713	HIP 37071	114.27049	30.01514	447.15	m	8.845	0.593	F0	0.253
HD 74883	HIP 42939	131.29299	-41.42722	447.17	m	8.747	0.495	B9 V	-0.048
HIP 27124		86.27844	73.28306	447.23	m	8.974	0.721	K2	1.66
HD 42890	HIP 29333	92.76627	-44.87406	447.24	m	8.033	-0.22	B9 IV/V	0.001
HD 63342	HIP 37929	116.59219	-45.0875	447.25	m	8.186	-0.067	K2 III	1.71
HD 91241	HIP 51476	157.71504	-54.01324	447.27	m	8.047	-0.206	A0 IV	-0.019
HIP 111437		338.63702	16.0605	447.28	m	8.698	0.445	K5	1.655
HD 17554	HIP 13226	42.56304	40.81975	447.28	m	8.756	0.503	A2	0.147
HD 39319	HIP 27657	87.84008	-11.6462	447.29	m	7.308	-0.945	B8 II/III	-0.111
HD 28247	HIP 20566	66.08318	-55.83393	447.29	m	8.103	-0.15	K4 III	1.758
HD 17759	HIP 13372	43.00631	32.74203	447.3	m	8.682	0.429	A0	0.196
HD 141208	HIP 77387	236.95936	3.54304	447.32	m	7.815	-0.438	K0 III/IV	1.105
HD 58791	HIP 36134	111.64927	-13.18898	447.34	m	6.914	-1.339	B8/9 II/III	-0.021
HD 44360	HIP 30081	94.9505	-35.55285	447.34	m	8.641	0.388	G8 III	1.341
HD 192134	HIP 99910	304.07137	-58.06066	447.36	m	8.941	0.688	K0 III	1.214
HD 13003	HIP 9869	31.73883	-15.7057	447.36	m	7.79	-0.463	M1 III	1.94
HD 219261	HIP 114771	348.73117	-39.17795	447.38	m	8.087	-0.166	K3 III	1.66
HD 206720	HIP 107280	325.94284	11.10139	447.39	m	7.313	-0.94	K5	1.902
HD 216186	HIP 112860	342.83484	-41.58196	447.39	m	7.635	-0.618	M0 III	1.932
HD 88106	HIP 49762	152.36971	-3.94782	447.41	m	8.311	0.057	K4 III	1.766
HIP 44125		134.7947	18.06022	447.42	m	8.865	0.611	G5	1.165
HD 201522	HIP 104361	317.12344	47.25704	447.43	m	7.877	-0.377	B0V	-0.062
HD 79092	HIP 44976	137.43035	-54.41426	447.43	m	8.592	0.338	K3 (III)	1.743
HD 195408	HIP 101152	307.55698	27.86611	447.48	m	7.798	-0.456	B9	-0.081
HD 103308	HIP 58017	178.49651	59.68046	447.5	m	8.342	0.088	K0	1.551
HD 113906	HIP 64000	196.72344	-1.90466	447.51	m	8.553	0.299	K2 III	1.452
HD 238472	HIP 76164	233.34767	55.29976	447.51	m	8.724	0.47	K2	1.323
HD 166427	HIP 89225	273.1228	-41.71599	447.52	m	8.135	-0.119	AP SI	-0.119
HD 205745	HIP 106692	324.14844	32.42865	447.53	m	8.038	-0.216	K0	1.966
HD 102088	HIP 57270	176.16273	-60.8506	447.62	m	7.92	-0.335	M1/2 III	2.036
HD 195037	HIP 101015	307.18865	6.39381	447.62	m	8.725	0.47	K0	1.033
HD 177316	HIP 93736	286.29765	-26.13887	447.62	m	7.557	-0.698	K4 III	1.874
HD 6662	HIP 5107	16.36278	-70.9333	447.64	m	8.307	0.052	G8 III	1.328
HD 35666	HIP 24737	79.56503	-74.69815	447.64	m	7.645	-0.61	K3 III	1.848
HD 151000	HIP 81944	251.07598	7.31745	447.64	m	8.222	-0.033	K2	1.845
HD 181873	HIP 94594	288.75386	73.82935	447.64	m	8.186	-0.069	A0	0.073
HD 186931	HIP 97300	296.62224	20.40095	447.66	m	8.535	0.28	B8	0.072
HD 63603	HIP 38071	117.02205	-39.56274	447.67	m	8.989	0.734	K2 II/III	1.5
HD 106110	HIP 59546	183.1796	-60.04067	447.67	m	7.605	-0.65	B9.5/A0 IV	0.067
HD 108801	HIP 61003	187.54353	-30.55234	447.69	m	8.524	0.269	M0 III	1.944
HD 31921	HIP 23182	74.82528	-7.78133	447.74	m	8.28	0.025	K4/5 III	1.791
HD 73753	HIP 42420	129.7523	-29.34222	447.75	m	8.421	0.166	K1 III	1.36
HD 89365	HIP 50501	154.68693	6.67762	447.79	m	8.431	0.176	K0	1.209
HD 27342	HIP 19989	64.31142	-38.84418	447.8	m	8.83	0.575	A2/3 V	0.123
HD 188330	HIP 97942	298.57194	9.18547	447.8	m	8.124	-0.131	K2	1.64
HD 56587	HIP 35428	109.71435	29.10089	447.8	m	8.905	0.65	F2	0.351
HD 201274	HIP 104233	316.78163	38.31492	447.82	m	7.932	-0.324	A0	0.021
HD 8856	HIP 6803	21.88708	16.78782	447.87	m	8.791	0.535	K2	1.725
HD 143452	HIP 78208	239.5513	49.16802	447.89	m	8.736	0.48	K2	1.411
HD 97632	HIP 55082	169.16092	79.53621	447.9	m	8.156	-0.1	K0	1.523
HD 64267	HIP 38365	117.87778	-37.63452	447.94	m	8.518	0.262	B8 V	0.061
HD 30895	HIP 22302	72.04804	-56.81728	448.02	m	7.626	-0.63	K4 III	1.841
HD 177590	HIP 94240	287.75376	-69.21815	448.03	m	8.968	0.711	G8/K0 III	1.124
HD 23580	HIP 17840	57.2614	55.86839	448.05	m	8.583	0.326	A0	0.493
HD 14146	HIP 10714	34.48887	29.00725	448.05	m	6.881	-1.376	M0III	2.027
HD 74494	HIP 42825	130.89556	-24.52758	448.06	m	8.886	0.629	AP EUCRSR	0.057
HD 223660	HIP 117637	357.86223	47.75439	448.08	m	8.111	-0.146	B9	-0.038
HD 15187	HIP 11431	36.86279	25.64949	448.08	m	8.881	0.624	K0	1.89
HD 196940	HIP 101959	309.91568	26.30844	448.12	m	8.426	0.169	G8III	1.098
HD 33887	HIP 24278	78.15398	-19.36988	448.16	m	8.987	0.73	G8 III	1.036
HD 17993	HIP 13708	44.12392	62.6096	448.16	m	7.275	-0.982	M1III	2.155
HD 202886	HIP 105236	319.74918	-7.13891	448.17	m	8.401	0.144	K1 IIICNII	1.58
HD 180499	HIP 93312	285.09505	82.67195	448.17	m	8.048	-0.209	B9	-0.013
HIP 69565		213.58972	33.0405	448.18	m	8.874	0.617	G 8 III	1.117
HD 30510	HIP 22307	72.06574	-0.39092	448.19	m	8.589	0.332	K2 III	1.659
HD 183968	HIP 95762	292.16016	59.76404	448.26	m	8.1	-0.158	K5	1.449
HD 132667	HIP 73556	225.48727	-47.15334	448.29	m	7.666	-0.592	G8 III	1.135
HD 201976	HIP 104568	317.74357	55.27357	448.33	m	8.716	0.458	B9	0.023
HD 21270	HIP 16003	51.52028	5.53558	448.34	m	8.925	0.667	K0	1.539
HD 225235	HIP 358	1.13948	-76.34649	448.36	m	8.996	0.738	G8 III	1.175
HD 220147	HIP 115267	350.2038	62.41254	448.4	m	8.123	-0.135	B9P	0.129
HD 45673	HIP 30914	97.32677	12.54762	448.43	e	8.515	0.257	A2	0.157
HD 248178	HIP 27569	87.57875	18.94571	448.44	m	8.242	-0.017	K0	1.435
HD 10710	HIP 8085	25.95855	-37.2741	448.47	m	8.947	0.688	K0 III	1.34
HD 188266	HIP 97932	298.54368	5.08007	448.48	m	8.543	0.284	K0	1.256
HD 159714	HIP 86054	263.79476	24.34937	448.51	m	7.466	-0.793	K4III	1.852
HD 18675	HIP 13751	44.25519	-63.03494	448.51	m	7.394	-0.865	G8/K0 III + A	0.975
HD 98883	HIP 55568	170.72808	14.32301	448.52	m	8.405	0.146	K0	1.469
HD 34803	HIP 25447	81.63768	71.19297	448.53	m	8.841	0.582	A0	0.147
HD 72628	HIP 41918	128.19498	-33.55897	448.55	m	8.197	-0.062	G8/K0 III	1.072
HIP 15608		50.24564	20.64704	448.56	m	8.964	0.705	M0	2.027
HD 102498	HIP 57550	176.93934	-19.40106	448.6	m	8.818	0.559	K2/3 (III)	1.283
HD 22286	HIP 16617	53.45479	-38.03405	448.63	m	8.946	0.687	G8/K0 III(P)	1.087
HD 55750	HIP 35008	108.63985	8.03335	448.69	m	7.643	-0.617	A0	-0.078
HD 130289	HIP 72219	221.56059	36.43126	448.72	m	7.847	-0.413	K0	1.453
HD 12965	HIP 9937	31.98706	43.15897	448.75	m	8.335	0.075	B9	-0.04
HD 198102	HIP 102737	312.26642	-33.01507	448.77	m	8.386	0.126	K1/2 III	1.516
HD 210514	HIP 109437	332.57074	32.28819	448.77	m	7.441	-0.819	M4III	1.822
HD 56501	HIP 35217	109.17673	-13.45466	448.79	m	7.699	-0.561	B5 III	-0.026
HD 75060	HIP 43059	131.5823	-40.39659	448.85	m	7.923	-0.338	B5 V	-0.081
HD 64769	HIP 38717	118.89857	3.27199	448.86	m	8.981	0.72	A8/9 V	0.271
HD 217819	HIP 113845	345.82397	16.01901	448.89	m	8.712	0.451	K3III	1.55
HD 194077	HIP 100572	305.91329	-1.06969	448.9	m	8.299	0.038	B9 IV	-0.036
HD 66134	HIP 39145	120.09645	-42.27496	448.9	m	7.975	-0.286	A	-0.07
HD 191945	HIP 99487	302.8578	29.16691	448.91	m	7.395	-0.866	M0III	1.937
HD 121324	HIP 67949	208.73572	-5.8761	448.96	m	8.032	-0.229	K3 III	1.627
HD 197193	HIP 102065	310.25747	34.29385	448.96	m	8.355	0.094	A3	0.174
HD 1672	HIP 1689	5.29175	25.33831	448.96	m	7.729	-0.532	M1	1.847
HD 109389	HIP 61348	188.54993	32.1959	448.99	m	8.861	0.6	G9III	1.203
HD 5589	HIP 4489	14.38721	-14.87556	449.03	m	8.861	0.6	G8 III/IV	1.133
HD 169502	HIP 90416	276.73149	-42.6797	449.06	m	8.653	0.392	G8 III	1.162
HD 239100	HIP 95766	292.16528	58.26102	449.07	m	8.551	0.289	K0	1.032
HD 64403	HIP 38400	118.00404	-41.7868	449.1	m	8.021	-0.241	K4 III	1.776
HD 231197	HIP 95078	290.16121	19.00841	449.1	m	8.855	0.593	A0	0.327
HD 221711	HIP 116324	353.53866	55.48877	449.13	m	7.508	-0.754	B 2 V	-0.111
HD 85061	HIP 48116	147.14843	-32.66989	449.14	m	8.948	0.686	A3 III(M)	0.265
HD 180183	HIP 94899	289.67309	-56.1447	449.17	m	6.777	-1.485	B2 V	-0.185
HD 160319	HIP 86487	265.09947	-28.9232	449.17	m	7.259	-1.003	B3 VNE	0.202
HD 72332	HIP 41819	127.88479	-21.07811	449.18	m	7.777	-0.485	G8 III	1.121
HD 71579	HIP 41497	126.94515	-13.5934	449.21	m	8.061	-0.201	K3 III	1.747
HD 198270	HIP 102721	312.22038	11.86485	449.21	m	7.899	-0.363	K5	1.65
HD 9293	HIP 7015	22.58098	-52.49356	449.21	m	7.2	-1.062	K5 III	1.799
HD 65275	HIP 39057	119.85446	34.67991	449.23	m	7.504	-0.758	M0	1.941
HD 26819	HIP 19654	63.16514	-43.8745	449.25	m	8.421	0.159	K2/3 III	1.639
HD 116246	HIP 65210	200.45896	39.38104	449.29	m	8.705	0.442	A 1 V	-0.036
HD 24728	HIP 18365	58.90494	-10.53665	449.33	m	8.607	0.344	A1 V	0.105
HD 155304	HIP 83672	256.51992	64.93973	449.34	m	8.165	-0.098	G5	1.031
HD 41574	HIP 28732	91.0289	-39.83626	449.39	m	8.308	0.045	K2 III	1.555
HD 174677	HIP 92404	282.45808	40.73598	449.39	m	7.902	-0.361	K2	1.79
HD 64812	HIP 38953	119.54633	51.35107	449.4	m	8.531	0.268	A2	0.131
HD 27774	HIP 20149	64.78617	-62.44365	449.43	m	8.235	-0.028	G8 III	1.114
HD 179281	HIP 94212	287.6953	31.32162	449.44	m	7.815	-0.448	B9	-0.029
HD 4784	HIP 3847	12.34993	-42.34869	449.44	m	8.901	0.638	G8 III	1.249
HD 135624	HIP 74853	229.44933	-45.71489	449.46	m	7.634	-0.629	M1 III	2.066
HD 119650	HIP 67050	206.11297	0.70194	449.48	m	7.721	-0.543	K1 II	1.396
HD 116992	HIP 65689	202.02199	-45.06915	449.49	m	7.377	-0.887	K1/2 (III)	1.549
HD 139378	HIP 76542	234.49451	-5.42193	449.54	m	8.025	-0.239	K3 III	1.761
HD 202878	HIP 105094	319.33583	46.07369	449.57	m	8.293	0.029	B9	0.008
HD 26539	HIP 19462	62.51365	-41.9243	449.6	m	8.933	0.669	G8 III	1.101
HD 59645	HIP 36538	112.73931	0.15563	449.64	m	7.742	-0.522	A1 IV	0.069
HD 202254	HIP 104763	318.3546	38.40221	449.66	m	7.893	-0.371	K5	1.571
HD 214277	HIP 111778	339.62279	-59.98445	449.67	m	8.204	-0.06	K2/3 III	1.474
HD 18374	HIP 13695	44.09482	-26.09174	449.68	m	8.17	-0.094	K0 III	1.436
HD 81986	HIP 46409	141.96151	-41.20032	449.71	m	8.926	0.661	K1/2 III	1.43
HD 97662	HIP 54877	168.55353	-8.32782	449.72	m	7.343	-0.922	M1 III	1.877
HD 224563	HIP 118235	359.73427	4.27351	449.74	m	8.128	-0.137	M0 III	1.884
HD 35461	HIP 24865	79.95749	-66.44309	449.8	m	8.611	0.346	K1 III	1.398
HD 10850	HIP 8141	26.16848	-58.77174	449.8	m	8.764	0.499	K0 III	1.16
HD 134945	HIP 74425	228.15621	-0.3816	449.82	m	7.433	-0.832	K5/M0 III	2.002
HD 203087	HIP 105402	320.2434	-32.02343	449.83	m	8.961	0.696	G8 IV	1.136
HD 30194	HIP 21982	70.88133	-41.75355	449.87	m	7.897	-0.368	K0 III	1.397
HD 27222	HIP 19393	62.30671	-77.05055	449.91	m	8.873	0.607	A3 IV	0.301
HD 186199	HIP 96864	295.34161	38.78679	449.92	m	8.646	0.38	A3	0.125
HD 184059	HIP 96034	292.90158	26.98656	449.92	m	7.317	-0.949	B8	0.133
HD 31129	HIP 22606	72.95185	-33.269	449.95	m	7.906	-0.36	K1 III	1.574
HD 216798	HIP 113200	343.8612	36.16099	449.96	m	7.633	-0.633	K2	1.649
HD 7366	HIP 5703	18.34354	-31.90731	449.97	m	8.38	0.114	K2/3 III	1.543
HD 187834	HIP 97935	298.55631	-49.46175	449.98	m	8.954	0.688	M6 III	1.455
HD 79080	HIP 45142	137.96404	-2.2353	450	m	8.982	0.716	K1 III	1.402
HD 40147	HIP 28137	89.20389	-9.31467	450.01	m	8.591	0.325	G8 III	0.98
HD 48754	HIP 32312	101.19009	-4.39355	450.02	m	8.576	0.31	A8/9 V	0.3
HD 113607	HIP 63946	196.57641	-67.74663	450.04	m	8.889	0.623	A8 III	0.291
HD 117673	HIP 65953	202.8217	36.48037	450.05	m	7.773	-0.493	M1	1.785
HD 111544	HIP 62633	192.51051	0.66556	450.07	m	8.453	0.187	K1 III	1.391
HD 174371	HIP 92401	282.45212	11.16757	450.07	m	8.064	-0.202	A0	0.232
HD 14861	HIP 10986	35.40231	-60.43099	450.07	m	8.506	0.24	K3 III	1.713
HD 13140	HIP 9975	32.11032	-6.46961	450.08	m	8.524	0.258	M1/2 III	1.835
HD 77069	HIP 44179	134.99036	-2.54821	450.12	m	7.731	-0.536	K3 III	1.658
HD 70938	HIP 41201	126.11606	-8.52019	450.12	m	7.779	-0.488	M6 III	1.537
HD 76614	HIP 43604	133.20454	-69.8306	450.13	m	7.426	-0.841	A0 III/IV(P SI)	0.01
HD 160748	HR 6587|HIP 86716	265.7786	-33.05129	450.13	m	6.645	-1.622	M1 III	2.16
HD 45180	HIP 30663	96.65721	15.52369	450.14	m	6.922	-1.345	B9V	-0.062
HD 17118	HIP 12898	41.44742	34.42961	450.14	m	7.869	-0.398	K2	1.936
HD 26824	HIP 19952	64.18756	46.77813	450.18	m	7.833	-0.434	B9	0.112
HD 85485	HIP 48259	147.57285	-55.27124	450.19	m	8.948	0.681	B9.5 V	0.032
HD 103176	HIP 57915	178.18149	-48.6651	450.21	m	8.513	0.246	F6 IV + A/F	0.747
HD 42770	HIP 29508	93.24749	10.28741	450.22	m	6.56	-1.707	B9	-0.073
HD 210747	HIP 109569	332.93725	38.41584	450.22	m	7.414	-0.853	M1	1.973
HD 196843	HIP 102160	310.50634	-50.26267	450.22	m	7.728	-0.539	M2/3 III	1.758
HD 186548	HIP 97141	296.14924	13.23034	450.23	m	7.037	-1.23	K5	1.997
HD 213413	HIP 111219	337.99339	-43.54795	450.24	m	7.614	-0.653	M4 III	1.797
HD 152778	HIP 82831	253.89846	-2.45365	450.24	m	8.701	0.434	K2 III	1.741
HD 39414	HIP 27945	88.70214	45.34435	450.32	m	8.831	0.563	A0	0.047
HD 46812	HIP 31336	98.56223	-27.32576	450.34	m	8.96	0.692	K0 III	1.278
HD 223470	HIP 117520	357.49255	-61.13534	450.34	m	7.731	-0.537	M5 III	1.771
HD 114049	HIP 64100	197.04639	-28.2047	450.35	m	7.922	-0.346	K3 III	1.763
HD 69028	HIP 40522	124.10784	35.5507	450.38	m	7.987	-0.281	B9	-0.034
HD 36979	HIP 26255	83.87679	4.841	450.41	m	8.873	0.605	B8/9 V	-0.008
HD 64008	HIP 38262	117.58627	-35.79059	450.42	m	7.367	-0.901	K2	1.864
HD 185125	HIP 96560	294.46073	-6.14375	450.42	m	8.389	0.121	G6 III/IV	1.289
HD 206111	HIP 106849	324.62089	48.71359	450.43	m	7.654	-0.614	K5	1.856
HD 54339	HIP 34342	106.78999	-29.53955	450.44	m	7.568	-0.7	M2/3 II/III	1.891
HD 53041	HIP 33920	105.58411	-28.28152	450.49	m	8.214	-0.054	B8/9 IV	-0.011
HD 221781	HIP 116364	353.69411	52.61034	450.51	m	7.986	-0.283	B9	-0.018
HD 48276	HIP 32202	100.82651	18.14534	450.53	m	7.784	-0.485	B9	-0.081
HD 85847	HIP 48554	148.52806	-25.46955	450.54	m	8.14	-0.129	K2/3 III	1.546
HD 89594	HIP 50710	155.31753	46.24584	450.54	m	8.249	-0.02	K2	1.773
HIP 84386		258.78728	66.65769	450.57	m	8.712	0.443	G5	1.206
HD 218809	HIP 114478	347.76239	-18.64738	450.57	m	8.86	0.591	K2/3 III	1.393
HD 217966	HIP 113851	345.83805	62.64243	450.57	m	8.186	-0.083	B 7 V	0.028
HD 90903	HIP 51449	157.61314	41.47591	450.59	m	8.34	0.071	K0	1.457
HD 43171	HIP 29869	94.33737	49.4856	450.72	m	7.367	-0.903	A2	0.029
HD 190434	HIP 98862	301.14274	9.2389	450.72	m	8.615	0.345	B9...	-0.113
HD 65062	HIP 38961	119.57888	34.93913	450.73	m	8.609	0.339	A0	0.041
HD 59511	HIP 36492	112.62117	2.26226	450.73	m	7.085	-1.185	K2/3 III	1.643
HD 4405	HIP 3668	11.73177	50.28949	450.74	m	8.923	0.653	A0	0.021
HD 52037	HIP 33718	105.07533	15.53526	450.74	m	6.829	-1.441	B8	-0.151
HD 116996	HIP 65729	202.11454	-54.07902	450.77	m	8.684	0.414	G8 III	1.129
HD 19133	HIP 14379	46.37847	25.86887	450.79	m	8.686	0.416	A5	0.395
HD 12043	HIP 9038	29.10376	-59.7924	450.8	m	8.758	0.488	A3 V	0.126
HD 157801	HIP 85553	262.25905	-59.03245	450.81	m	7.459	-0.811	M2/3 III	1.968
HD 36120	HIP 25691	82.28718	-5.791	450.81	m	7.948	-0.322	B8 V	-0.054
HD 34329	HIP 25607	82.06255	79.19151	450.83	m	8.65	0.38	K0	1.39
HD 132826	HIP 73728	226.06865	-63.20288	450.85	m	8.308	0.038	K2 III	1.643
HD 11668	HIP 8767	28.20183	-56.37149	450.88	m	8.35	0.08	K0 II	1.202
HD 79082	HIP 45123	137.89742	-11.47991	450.89	m	8.373	0.103	K1 III	1.488
HD 86034	HIP 48611	148.70221	-43.54674	450.93	m	8.04	-0.231	K1/2 III	1.458
HD 200065	HIP 103729	315.28597	-3.44134	450.94	m	8.079	-0.192	K5 III	1.865
HD 173363	HIP 92378	282.38489	-64.79008	450.94	m	8.181	-0.09	K1 III	1.753
HD 4246	HIP 3518	11.23033	3.201	450.96	m	7.965	-0.306	M3 III	1.783
HD 149444	HIP 80192	245.57272	80.72542	450.97	m	8.907	0.636	A0	0.107
HD 84727	HIP 47950	146.56721	-33.50826	450.97	m	6.922	-1.349	A0 III	-0.013
HD 30015	HIP 22193	71.61005	51.09605	450.97	m	8.182	-0.089	K2	1.739
HD 133113	HIP 73682	225.91366	-29.84815	451	m	8.784	0.513	K0 III	1.388
HD 109461	HIP 61370	188.64791	40.53937	451	m	8.873	0.602	G8III	1.102
HD 14518	HIP 10797	34.74409	-53.93754	451	m	8.065	-0.206	K3 III	1.607
HD 88491	HIP 49952	152.98728	-21.28277	451.02	m	8.354	0.083	K2 III	1.599
HD 205070	HIP 106644	324.0273	-67.33379	451.03	m	8.551	0.28	G8 III	1.027
HD 46570	HIP 31717	99.52538	60.09576	451.1	m	8.326	0.055	G5	1.292
HD 108560	HIP 60842	187.06192	11.82655	451.1	m	8.033	-0.238	K0	1.649
HD 202682	HIP 105021	319.08563	39.09612	451.12	m	8.266	-0.005	A2	0.012
HD 151702	HIP 82282	252.19103	6.71663	451.13	m	8.659	0.387	K5	1.73
HD 15847	HIP 11800	38.05596	-27.78969	451.13	m	7.784	-0.488	K1/2 III	1.509
HIP 100846		306.70647	16.93828	451.14	m	8.533	0.261	K0	1.193
HD 176978	HIP 93461	285.52036	14.42985	451.15	m	7.43	-0.842	A2	0.197
HD 97201	HIP 54624	167.70857	-45.58434	451.19	m	7.224	-1.048	K2 III	1.662
HD 158934	HIP 85779	262.92176	8.26906	451.2	m	8.712	0.44	G5	1.291
HD 182270	HIP 94843	289.47639	70.90699	451.2	m	8.091	-0.181	K5	1.904
HD 61343	HIP 37219	114.67894	-1.4523	451.22	m	7.637	-0.635	A2 IV/V + G/K	0.316
HD 99795	HIP 55933	171.94501	-72.0702	451.25	m	8.534	0.262	B8 V	0.232
HD 16742	HIP 12406	39.93832	-40.00069	451.26	m	8.496	0.224	K3/4 III	1.769
HD 177955	HIP 93811	286.57999	13.84176	451.36	m	8.722	0.449	A0	0.198
HD 121081	HIP 67864	208.50393	-28.14256	451.37	m	8.428	0.155	B9.5(P SI)	0.056
HD 96906	HIP 54523	167.32936	-11.67778	451.37	m	7.575	-0.698	K5/M0 III	1.94
HD 89402	HIP 50397	154.36472	-58.53263	451.38	m	8.805	0.532	B9 IV/V(N)	-0.028
Gl 3383	HD 41190	91.09012	18.69387	451.42	m	8.043	-0.23	G5	1.067
HD 59974	HIP 36960	113.97567	59.52906	451.46	m	8.447	0.174	K2	1.922
HD 7500	HIP 5883	18.8853	31.52413	451.47	m	8.877	0.604	G5	1.077
HD 80980	HIP 45738	139.8716	-67.43125	451.47	m	7.671	-0.602	M1 III	1.925
HD 64109	HIP 38434	118.09431	3.84315	451.48	m	7.973	-0.3	B7/8 V(ne)	-0.106
HD 134479	HIP 74369	227.95985	-46.75171	451.52	m	8.025	-0.248	M4/5 (III)	1.933
HD 95507	HIP 53843	165.22318	-45.82588	451.52	m	8.701	0.428	G6 III	1.071
HD 204183	HIP 106029	322.134	-50.74487	451.53	m	8.949	0.676	K0 III	1.254
HD 11664	HIP 8850	28.46143	-30.30221	451.57	m	8.98	0.706	K0 III	1.176
HD 223415	HIP 117480	357.32817	25.34612	451.6	m	8.314	0.04	K0	1.399
HD 39983	HIP 28166	89.28076	22.83894	451.6	m	8.419	0.145	M5III	1.655
HD 234687	HIP 91472	279.83739	50.25515	451.61	m	8.948	0.674	K2	1.407
HIP 64881		199.49498	12.24484	451.61	m	8.917	0.643	K0	1.397
HD 72663	HIP 42025	128.5012	-6.48198	451.66	m	8.292	0.018	K2 III	1.648
HD 146203	HIP 79849	244.46751	-55.21148	451.7	m	7.909	-0.365	M1 III	1.922
HD 91124	HIP 51450	157.6285	-39.06386	451.71	m	7.564	-0.71	G3/5 III	0.956
HD 203767	HIP 105613	320.86839	31.11622	451.74	m	7.535	-0.739	K2	1.988
HD 87265	HIP 49201	150.63601	-48.86205	451.77	m	7.546	-0.729	B2 V	-0.128
HD 107529	HIP 60185	185.13837	80.01585	451.79	m	8.533	0.258	K2	1.351
HD 40938	HIP 28505	90.27041	-24.09524	451.8	m	8.711	0.436	A1 V	0.079
HD 11148	HIP 8338	26.88864	-63.60858	451.84	m	8.454	0.179	M1 III	1.884
HD 62371	HIP 37588	115.70039	-20.46679	451.84	m	8.847	0.572	B9 IV/V	0.015
