HD 200115	HIP 104037	316.16421	-64.04758	602.2	m	7.626	-1.273	M0 III	1.93
HD 177299	HIP 93806	286.56338	-45.36504	602.29	m	8.961	0.062	K2 III	1.555
HD 2423	HIP 2222	7.04294	20.79596	602.32	m	7.657	-1.242	K0	1.912
HD 180126	HIP 94596	288.75596	9.80762	602.36	m	8.009	-0.89	B3P	0.16
HD 188403	HIP 97995	298.73146	2.44025	602.41	m	8.482	-0.417	B8 Ib/II	0.028
HD 197516	HIP 102277	310.8546	23.64472	602.48	m	7.987	-0.913	A0	-0.078
HIP 116378		353.74002	12.67898	602.53	m	8.959	0.059	K2	1.601
HD 107802	HIP 60442	185.87839	-50.63443	602.55	m	8.763	-0.137	K2/3 III/IV	1.644
HD 3816	HIP 3281	10.45626	67.77983	602.56	m	8.187	-0.713	F0	0.739
HD 196799	HIP 101988	310.0261	-14.0131	602.6	m	8.32	-0.58	M4 III	1.821
HD 133565	HIP 73790	226.23247	8.55966	602.62	m	8.982	0.082	K5	1.796
HD 158165	HIP 85348	261.61271	30.80431	602.68	m	8.368	-0.532	K5	1.772
HIP 101289		307.96722	44.11198	602.72	m	8.7	-0.201	G5	1.183
HD 9265	HIP 6918	22.27132	-67.48581	602.76	m	8.121	-0.78	M1 III	1.856
HD 215072	HIP 112186	340.82373	-41.54343	602.83	m	8.436	-0.465	M0 III	1.779
HD 127369	HIP 71350	218.87272	-73.69431	602.9	m	7.121	-1.78	K4 III	1.908
HD 18882	HIP 14213	45.81539	33.14808	602.94	m	8.113	-0.788	K5	2.14
HD 210128	HIP 109146	331.64088	57.19995	602.99	m	8.916	0.014	A0	0.218
HD 217529	HIP 113667	345.3183	1.08443	603.02	m	8.634	-0.268	M3 III	1.936
HD 200328	HIP 103907	315.80515	-14.83198	603.03	m	8.758	-0.144	K5 III	1.858
HD 54290	HIP 34184	106.34044	-52.60952	603.05	m	7.932	-0.97	M1 III	2.003
HD 13190	HIP 10003	32.20314	-3.2057	603.06	m	8.631	-0.271	K3 III	1.643
HD 201977	HIP 104647	317.97813	40.77427	603.13	m	7.919	-0.983	B8	-0.103
HD 16375	HIP 12339	39.72588	43.23584	603.17	m	8.135	-0.767	K5	1.921
HD 135786	HIP 75032	229.97525	-60.56127	603.18	m	7.946	-0.956	B2/3 IV	-0.073
HIP 106090		322.35674	38.65288	603.19	m	8.498	-0.404	M0	1.985
HIP 27500		87.35378	78.05655	603.22	m	8.978	0.076	M0	2.063
HD 144762	HIP 78995	241.8741	3.40919	603.25	m	8.136	-0.766	K1 III	1.562
HD 118230	HIP 66506	204.49278	-70.41196	603.35	m	8.698	-0.205	B8 V	0.087
HD 144620	HIP 78844	241.41846	30.91702	603.4	m	8.539	-0.364	M2	1.796
HD 46784	HIP 31466	98.86996	5.51257	603.48	m	8.185	-0.718	M0III	1.97
HD 33668	HIP 24087	77.61595	-32.05918	603.49	m	8.077	-0.826	K3 III	1.849
HD 190618	HIP 99070	301.69457	-26.43483	603.6	m	8.208	-0.696	K3 V	1.959
HD 115764	HIP 64989	199.80665	9.45147	603.62	m	8.597	-0.307	K2	1.59
HD 120802	HIP 67608	207.80021	27.1288	603.63	m	8.35	-0.554	K1III	1.335
HD 173881	HIP 92168	281.77364	16.52593	603.64	m	7.801	-1.103	K5	1.946
HD 73975	HIP 42629	130.31875	0.9581	603.67	m	7.774	-1.13	K5 III	1.908
HD 60620	HIP 36933	113.88828	3.98759	603.69	m	7.374	-1.53	B7/8 II	-0.098
HD 68913	HIP 40257	123.33057	-32.96905	603.74	m	8.527	-0.377	B9 IV	-0.022
HD 10546	HIP 8093	25.97111	49.65645	603.76	m	7.42	-1.484	B9	0.013
HD 221674	HIP 116320	353.53042	-0.4237	603.85	m	8.918	0.013	K3 (III)	1.605
HD 139792	HIP 76968	235.74269	-58.11467	603.91	m	8.061	-0.844	M3 III	2.073
HD 168269	HIP 89553	274.10376	48.36878	603.91	m	7.648	-1.257	K5	1.97
HD 216537	HIP 113003	343.28062	43.05595	603.92	m	8.785	-0.12	B9	0.025
HD 38152	HIP 27144	86.32065	35.69493	603.92	m	8.63	-0.275	K5	2.025
HD 155073	HIP 83908	257.23335	12.66279	603.99	m	8.319	-0.586	K5	1.93
HD 91292	HIP 51541	157.90774	-40.81098	604.06	m	8.002	-0.903	K2 III	1.727
HD 16669	HIP 12587	40.46939	45.00187	604.11	m	7.946	-0.96	K5	1.999
HD 182003	HIP 95595	291.65871	-62.33221	604.17	m	8.864	-0.042	G8 III/IV	1.352
HD 108210	HIP 60637	186.40518	49.88776	604.21	m	8.981	0.075	K1IV	1.521
HD 42342	HIP 29179	92.3353	-18.49652	604.31	m	7.965	-0.941	K5 III	1.942
HD 186296	HIP 97059	295.87696	0.67567	604.32	m	8.288	-0.618	B3/5 V	0.099
HD 83143	HIP 47239	144.42113	44.43949	604.36	m	8.489	-0.417	K 2 V	1.745
HD 17239	HIP 13001	41.78569	37.72908	604.41	m	8.532	-0.375	B9	-0.036
HD 100753	HIP 56495	173.73049	-68.45236	604.42	m	8.629	-0.278	B6 III	0.117
HD 168431	HIP 89767	274.77496	12.19331	604.48	m	7.077	-1.83	B8	-0.094
HD 13139	HIP 9976	32.1137	-0.4193	604.53	m	7.86	-1.047	K3/4 III/IV	1.761
HD 110414	HIP 61952	190.4569	5.86801	604.56	m	8.434	-0.473	K5	1.91
HD 163032	HIP 87524	268.21913	29.68046	604.63	m	7.972	-0.935	A5	0.253
HD 151753	HIP 82329	252.33671	-0.07803	604.65	m	8.284	-0.624	M1 III	2.054
HD 48863	HIP 32588	101.98969	48.00492	604.65	m	8.265	-0.643	K2	1.757
HD 90969	HIP 51409	157.50834	-2.2032	604.67	m	8.126	-0.782	K2/3 III	1.694
HD 193063	HIP 99954	304.20221	39.69732	604.75	m	8.203	-0.705	B 9 V	-0.071
HD 61738	HIP 37290	114.85353	-33.7791	604.77	m	8.313	-0.595	K2/3 III	1.767
HD 234942	HIP 96323	293.76992	54.20992	604.78	m	8.99	0.082	K7	1.547
HD 148855	HIP 80219	245.64182	76.44506	604.86	m	7.604	-1.304	K5	1.879
HD 23951	HIP 17909	57.44775	21.16004	604.88	m	8.69	-0.218	K5	2.173
HD 149770	HIP 81649	250.18514	-62.55461	604.91	m	8.019	-0.889	B4/5 VN	-0.107
HD 34013	HIP 24343	78.36511	-20.52954	604.93	m	8.443	-0.466	K1/2 III	1.575
HD 25644	HIP 19090	61.40248	35.16518	604.96	m	8.65	-0.259	K0	1.27
HD 214514	HIP 111781	339.62686	14.18863	605.03	m	8.824	-0.085	K0	1.477
HIP 86601		265.45877	15.41587	605.03	m	7.991	-0.918	M0	1.894
HD 67480	HIP 36813	113.56581	-86.77241	605.07	m	8.764	-0.145	K0/1 II/III	1.61
HD 167918	HIP 89910	275.19929	-56.93309	605.18	m	7.779	-1.13	B5 III	-0.084
HD 174792	HIP 92587	282.99188	10.78024	605.23	m	8.466	-0.444	A0	0.1
HD 122146	HIP 68649	210.78054	-71.14209	605.33	m	8.727	-0.183	B7 VN	0.009
HD 114338	HIP 64281	197.6108	-41.14668	605.35	m	8.909	-0.001	K1 III	1.499
HD 150577	HIP 81997	251.26029	-55.71904	605.42	m	7.924	-0.986	B7 II/III	0.013
HD 227196	HIP 98639	300.51693	34.47293	605.45	m	8.704	-0.206	K5	1.929
HD 36493	HIP 25610	82.06765	-59.14651	605.49	m	8.845	-0.066	M3 III	1.788
HD 152373	HIP 82932	254.2181	-61.99515	605.56	m	8.63	-0.281	B8 V(N)	-0.03
HD 202776	HIP 105347	320.06921	-55.791	605.6	m	8.485	-0.426	M1 III	2.153
HD 83954	HIP 47458	145.11852	-44.60154	605.65	m	8.822	-0.089	K1 III	1.454
HD 176818	HIP 93395	285.32397	21.51385	605.7	m	7.062	-1.849	B 1 V	0.083
HD 172715	HIP 91554	280.06755	34.4171	605.71	m	7.692	-1.219	K0	1.687
HIP 85252		261.31208	19.92077	605.75	m	8.816	-0.095	M0	1.831
HD 198653	HIP 103518	314.58088	-76.01909	605.76	m	8.241	-0.671	K3 III	1.847
HD 157418	HIP 85210	261.17945	-36.4595	605.77	m	8.41	-0.502	M3 III	2.188
HD 50070	HIP 32849	102.70273	-17.30285	605.96	m	8.809	-0.103	B8 IV	-0.07
HD 119865	HIP 67150	206.41533	12.26159	605.98	m	8.779	-0.133	K5	1.824
HD 20786	HIP 15347	49.47105	-61.04096	605.99	m	8.495	-0.417	M0 III	1.897
HD 78331	HIP 44882	137.17536	35.36223	605.99	m	8.398	-0.514	K2	1.447
HD 189409	HIP 98283	299.54397	42.52755	606	m	8.637	-0.275	M1	1.773
HD 17302	HIP 12829	41.23573	-48.66973	606.01	m	7.603	-1.309	M1 III	1.977
HD 162815	HIP 87657	268.56529	-31.26089	606.05	m	8.881	-0.032	B8 V	0.028
HD 35132	HIP 25252	81.0032	32.62556	606.06	e	8.373	-0.54	B9	0.032
HIP 108919		330.94199	13.12509	606.07	m	8.567	-0.346	K5	1.672
HD 71572	HIP 41410	126.70323	-34.59725	606.1	m	7.97	-0.943	A1 IV/V + (G)	0.432
HD 209477	HIP 108994	331.20333	-45.75632	606.18	m	7.837	-1.076	K3 III	1.718
HD 219318	HIP 114793	348.80224	-41.95532	606.2	m	8.79	-0.123	K1 III	1.469
HD 51505	HIP 33512	104.48957	8.15877	606.23	m	8.544	-0.369	B9	-0.068
HD 160469	HIP 86241	264.35451	50.6685	606.33	m	8.462	-0.452	K5	1.808
HD 98315	HIP 55267	169.78623	58.88687	606.35	m	8.079	-0.835	K0	1.603
HD 42918	HIP 29213	92.40769	-59.52211	606.37	m	7.929	-0.985	B4 V	-0.151
HD 108710	HIP 60914	187.26022	48.92003	606.39	m	8.381	-0.533	K3IV	1.714
HD 121804	HIP 68298	209.71761	-47.80703	606.44	m	7.615	-1.299	M0/1 III	1.995
HD 163868	HIP 88123	269.98513	-33.40833	606.5	m	7.347	-1.567	B2/3 (V)NE	-0.044
HD 24124	HIP 17755	57.01373	-53.75233	606.52	m	8.569	-0.345	K1 III	1.537
HD 153267	HIP 82994	254.40082	21.02087	606.53	m	8.805	-0.109	K0	1.782
HD 75820	HIP 43400	132.60864	-46.24813	606.55	m	8.624	-0.29	B9.5 V	-0.017
HD 170904	HIP 90897	278.11375	-15.93203	606.57	m	8.341	-0.573	B8 II	0.144
HIP 46688		142.77219	-32.01759	606.6	m	8.917	0.003	K5	1.794
HD 261579	HIP 31908	100.02844	15.7308	606.6	m	8.454	-0.461	K0	1.327
HD 34815	HIP 24853	79.92062	-11.03494	606.61	m	7.66	-1.255	B8 IV	-0.073
HD 104392	HIP 58621	180.32332	24.21777	606.64	m	8.324	-0.591	K2III	1.633
HD 353500	HIP 97085	295.95356	14.93012	606.83	m	8.512	-0.403	K0	1.231
HD 11859	HIP 9192	29.58902	60.04591	606.87	m	8.614	-0.301	B5IA	0.155
HD 38568	HIP 27064	86.09771	-46.21134	606.95	m	8.747	-0.169	K2 III	1.648
HIP 16179		52.10521	74.95185	606.99	m	8.569	-0.347	K2	1.85
HD 50072	HIP 32841	102.68841	-20.83585	607	m	7.561	-1.355	B5 III	-0.103
HD 142824	HIP 78294	239.80694	-53.65185	607.04	m	8.631	-0.285	K4 III	1.907
HD 21902	HIP 17236	55.36953	79.53528	607.05	m	8.462	-0.454	K0	1.912
HD 177643	HIP 94228	287.72584	-68.39983	607.06	m	8.642	-0.274	M2 III	1.919
HD 217145	HIP 113451	344.64835	-5.67391	607.06	m	8.655	-0.261	M2/3 III	1.736
HIP 26262		83.89739	35.05955	607.22	m	8.932	0.015	F8	0.845
HD 61459	HIP 37328	114.94456	7.84135	607.27	m	8.144	-0.773	K0	1.62
HD 68193	HIP 40368	123.62638	58.95756	607.27	m	8.656	-0.261	K 2 II-III	1.611
HD 100236	HIP 56267	173.01503	18.15511	607.33	m	8.156	-0.761	M1	1.727
HD 81795	HIP 46418	141.98545	2.83484	607.37	m	8.353	-0.564	G5 V	1.079
HD 89981	HIP 50832	155.69277	-19.433	607.49	m	8.199	-0.719	K3 III	1.785
HD 213459	HIP 111291	338.17817	-55.98725	607.54	m	8.7	-0.218	G6 III	1.232
HD 8313	HIP 6386	20.51076	-27.23387	607.58	m	8.566	-0.352	M2 III	1.844
HD 49126	HIP 32426	101.53004	-20.75432	607.59	m	7.315	-1.603	B8 III	0.631
HD 32369	HIP 23368	75.36711	-30.23423	607.64	m	8.141	-0.777	K2 III	1.43
HD 39343	HIP 27735	88.07567	9.19767	607.67	m	8.564	-0.354	K0	1.808
HD 135055	HIP 74636	228.75215	-48.74734	607.68	m	7.82	-1.098	G8 II	1.324
HD 63046	HIP 37896	116.50543	-23.2599	607.68	m	7.469	-1.449	B5 III	-0.132
HD 95408	HIP 53782	165.06454	-44.91073	607.75	m	7.508	-1.411	M1 III	1.896
HD 61719	HIP 37435	115.27124	10.12789	607.76	m	8.812	-0.107	G5	1.352
HD 147004	HIP 79825	244.39235	41.42956	607.76	m	8.173	-0.746	K2	1.698
HD 125771	HIP 70145	215.28908	19.1802	607.83	m	7.09	-1.829	K5	1.964
HD 4174	HIP 3494	11.15495	40.67936	607.85	m	7.4	-1.519	M2E	1.899
HD 31688	HIP 22939	74.03925	-38.94051	607.87	m	8.081	-0.838	K4/5 (III)	1.872
HIP 64418		198.04055	-57.37674	607.99	m	8.49	-0.429	K2 III	1.673
HD 38418	HIP 27484	87.29905	56.95473	608.13	m	8.319	-0.601	K5	1.853
HIP 17156		55.12149	28.63754	608.14	m	8.246	-0.674	K7	2.149
HD 181596	HIP 94880	289.62551	50.22762	608.21	m	7.681	-1.239	M0	1.92
HD 68503	HIP 40270	123.34554	20.28049	608.23	m	7.989	-0.931	G5	1.268
HD 216853	HIP 113237	343.97058	41.97555	608.26	m	8.295	-0.625	K2	1.544
HD 212854	HIP 110884	336.96722	-37.07758	608.28	m	8.894	-0.027	K1/2 IV	1.635
HD 36404	HR 1846|HIP 26057	83.36967	42.10896	608.31	m	6.539	-2.382	B 9 III(P)(HG):	-0.006
HIP 38501		118.26952	20.17863	608.33	m	8.592	-0.329	K7	1.642
HD 101317	HIP 56822	174.72134	-70.88373	608.34	m	8.319	-0.602	B9 V	0.089
HD 30233	HIP 22211	71.64957	19.49425	608.35	m	8.613	-0.308	K2	1.939
HD 200686	HIP 103980	316.0178	33.23335	608.45	m	8.342	-0.579	K2	1.941
HD 104940	HIP 58927	181.24928	50.28372	608.45	m	8.44	-0.481	K5	1.843
HD 266505	HIP 33310	103.92938	8.46021	608.5	m	8.937	0.016	A0	-0.018
HD 20163	HIP 15182	48.92247	38.51741	608.52	m	7.997	-0.924	B9	0.217
HD 60525	HIP 36900	113.79895	10.11869	608.74	m	8.237	-0.685	B8	-0.067
HD 218610	HIP 114321	347.29025	26.91299	608.78	m	7.778	-1.144	K2III	1.63
HD 102999	HIP 57829	177.89209	6.87666	608.87	m	7.765	-1.158	K5	1.935
HD 106059	HIP 59506	183.05934	-4.40197	608.88	m	8.016	-0.907	K3 III	1.725
HD 50819	HIP 33242	103.74133	2.04285	608.88	m	7.846	-1.077	G8 IV	1.035
HD 209460	HIP 108909	330.91314	-7.78464	608.89	m	8.333	-0.59	M2/3 III	1.898
HD 97779	HIP 54942	168.76752	-0.973	608.93	m	8.969	0.046	K2 III	1.577
HD 27027	HIP 20021	64.41951	34.05117	608.97	m	8.907	-0.016	A0	0.143
HD 61339	HIP 37282	114.83459	14.46332	608.97	m	8.59	-0.333	K0	1.515
HIP 8408		27.11936	29.45184	609.07	m	8.451	-0.472	K0	1.538
HD 168809	HIP 90309	276.39335	-60.10667	609.08	m	8.506	-0.417	K2/3 III	1.765
HD 184918	HIP 96506	294.29605	-14.43128	609.1	m	7.217	-1.706	K2 III	1.792
HD 13463	HIP 10131	32.57045	-45.62593	609.12	m	8.736	-0.188	K1 III	1.452
HD 192394	HIP 99907	304.0619	-41.47853	609.15	m	7.166	-1.758	K4 III	1.741
HD 60720	HIP 36910	113.8328	-16.40183	609.24	m	8.795	-0.129	K0/1 III	1.367
HIP 104688		318.09419	30.8968	609.28	m	8.239	-0.685	M0	2.001
HD 88733	HIP 49983	153.0701	-59.94512	609.37	m	8.686	-0.238	B9 III/IV	-0.062
HD 206921	HIP 107507	326.60968	-42.93731	609.4	m	8.533	-0.392	K2 IIICNII	1.363
HD 113075	HIP 63511	195.2048	38.92651	609.4	m	8.747	-0.178	K 0 V	1.42
HD 60501	HIP 36888	113.76247	6.19437	609.45	m	8.014	-0.911	M1	1.834
HD 81549	HIP 46286	141.58499	0.61304	609.47	m	8.969	0.044	M2 III	1.804
HD 86311	HIP 48890	149.57623	30.51725	609.5	m	8.548	-0.377	K0	1.522
HD 171545	HIP 91292	279.31527	-40.80365	609.52	m	7.122	-1.803	G6 IICNIV	1.757
HD 1771	HIP 1738	5.4991	7.01166	609.54	m	8.661	-0.264	K2	1.644
HD 215929	HIP 112618	342.12917	16.50838	609.58	m	8.926	0.001	K0	1.58
HD 55817	HIP 34898	108.30437	-30.9664	609.62	m	7.834	-1.091	B5 V	-0.096
HIP 88579		271.29121	-63.74226	609.62	m	8.751	-0.174	K2	1.758
HD 59421	HIP 36226	111.89627	-47.09588	609.63	m	8.645	-0.28	B8/9 IV/V	0.216
HD 176164	HIP 93264	284.97419	-24.39848	609.7	m	8.467	-0.459	B6 IV	0.046
HD 25269	HIP 18198	58.38812	-75.31017	609.76	m	8.422	-0.504	M0/1 III	1.92
HD 87888	HIP 49643	151.98688	-2.52263	609.96	m	7.86	-1.067	K4 III	1.841
HD 159183	HIP 85800	262.98331	32.67488	609.97	m	8.429	-0.498	K5	1.75
HD 131364	HIP 72827	223.28692	2.72607	610.08	m	8.894	-0.033	K3 III	1.432
HIP 38447		118.14973	32.69903	610.08	m	8.749	-0.178	K0	1.349
HD 49559	HIP 32484	101.69392	-44.97408	610.11	m	8.161	-0.766	K3 III	1.751
HD 159442	HIP 85942	263.47932	21.565	610.18	m	8.122	-0.805	K5	1.952
HD 254874	HIP 29986	94.68811	18.42808	610.19	m	8.573	-0.354	K0V	1.753
HD 88103	HIP 49602	151.87168	-62.23975	610.2	m	8.072	-0.855	B8/9 III	-0.053
HD 63387	HIP 38201	117.40035	24.26922	610.2	m	7.977	-0.95	K0	1.891
HD 124380	HIP 69568	213.59797	-45.77139	610.24	m	8.339	-0.589	M2 III	2.01
HD 143084	HR 5945|HIP 78367	239.99101	-40.65311	610.29	m	6.664	-2.264	K1 II/III	1.786
HD 78849	HIP 45074	137.722	18.88869	610.37	m	8.237	-0.691	K2	1.734
HD 88322	HIP 49695	152.17425	-65.5111	610.38	m	7.381	-1.547	B4 V	-0.039
HD 53418	HIP 34210	106.39677	13.70976	610.41	m	7.993	-0.935	M1	1.956
HD 214783	HIP 111887	339.95866	39.71368	610.41	m	8.679	-0.249	A P	0.047
HD 153840	HIP 83498	255.98102	-44.14944	610.42	m	7.884	-1.044	B8 III	0.098
HIP 97492		297.23523	-4.49597	610.49	m	8.281	-0.647	A0	0.096
HD 17314	HIP 12221	39.3426	-81.1521	610.54	m	8.986	0.057	A0 V	0.129
HD 340139	HIP 100415	305.42882	25.75075	610.59	m	8.576	-0.353	M1	1.862
HD 76283	HIP 43619	133.25825	-51.48573	610.65	m	8.726	-0.203	B9 III	-0.082
HD 22297	HIP 16976	54.58326	57.6863	610.68	m	8.86	-0.069	B5	0.535
HD 169106	HIP 90316	276.41906	-49.70675	610.69	m	8.322	-0.607	G8/K0 II	1.205
HD 125621	HIP 70524	216.38992	-75.88096	610.7	m	7.815	-1.114	K3 III	1.861
HD 69554	HIP 40624	124.398	1.14602	610.71	m	7.701	-1.228	K0 III	1.516
HD 205639	HIP 106747	324.35387	-30.76164	610.72	m	8.764	-0.165	K4 III	1.897
HD 25808	HIP 18860	60.65261	-54.7485	610.76	m	8.757	-0.172	M0 III	1.928
HD 98588	HIP 55116	169.2654	-83.39344	610.79	m	8.754	-0.175	A1 IV	0.285
HD 11899	HIP 9015	29.01236	-37.81903	610.85	m	8.347	-0.583	K5/M0 III	1.824
HD 181226	HIP 94875	289.61295	29.95682	610.87	m	7.862	-1.068	A0	-0.023
HD 10331	HIP 8042	25.81091	67.01428	610.88	m	8.996	0.066	A2	0.337
HD 199206	HIP 103167	313.52474	45.11015	610.92	m	7.344	-1.586	B8II	-0.03
HD 167130	HIP 89899	275.16647	-71.92288	610.95	m	8.314	-0.616	K3/4 III	1.981
HD 189947	HIP 98711	300.73582	-8.81215	610.95	m	8.669	-0.261	K2 (III)	1.737
HD 153860	HIP 83618	256.34775	-58.07661	611.01	m	8.286	-0.644	M3 III	2.015
HD 178090	HIP 93749	286.35585	42.17766	611.02	m	7.408	-1.522	K5	1.968
HD 74872	HIP 43198	132.00559	39.59745	611.02	m	8.223	-0.707	K2	1.759
HD 61649	HIP 37321	114.93025	-15.82783	611.04	m	7.585	-1.345	M1 III	2.062
HD 32377	HIP 23613	76.15657	39.96919	611.09	m	8.358	-0.573	B9	0.09
HD 215791	HIP 112477	341.7474	44.77305	611.09	m	8.994	0.063	A0	0.194
HD 121315	HIP 68247	209.57778	-73.63876	611.15	m	8.091	-0.84	B4 III	-0.008
HD 104154	HIP 58487	179.91842	-39.50943	611.16	m	8.622	-0.309	K3 III	1.791
HD 195142	HIP 101264	307.88688	-48.00841	611.16	m	8.984	0.053	G8 III	1.011
HD 189589	HIP 97678	297.76627	78.62423	611.16	m	7.904	-1.027	K5	2.086
HD 81891	HIP 46296	141.616	-54.87437	611.24	m	7.143	-1.788	B2/3 IV	-0.126
HD 196297	HIP 101604	308.8714	27.64888	611.32	m	8.088	-0.843	A0	-0.008
HD 143907	HIP 78863	241.47264	-55.85352	611.4	m	8.752	-0.18	B9.5 IV	0.156
HD 66077	HIP 39126	120.06478	-40.60516	611.48	m	7.882	-1.05	M0 III	1.975
HD 41258	HIP 28885	91.48121	40.689	611.49	m	8.418	-0.514	B8	0.103
HD 53812	HIP 34050	105.95681	-50.45491	611.5	m	8.826	-0.106	G6/8 (III)	1.108
HD 111479	HIP 62682	192.6662	-68.1295	611.52	m	8.829	-0.103	K1/2 (III)	1.574
HD 199685	HIP 103662	315.05163	-40.11272	611.54	m	8.404	-0.528	K0 III	1.276
HD 111444	HIP 62545	192.23336	42.07722	611.67	m	8.778	-0.155	K0III	1.164
HD 167945	HIP 89600	274.26849	11.4922	611.73	m	8.792	-0.141	K0	1.151
HD 45082	HIP 30817	97.11889	54.38661	611.76	m	8.335	-0.598	K5	1.86
HD 193918	HIP 100563	305.87564	-20.52951	611.77	m	8.592	-0.341	K5 III	1.928
HD 66478	HIP 39272	120.46357	-44.59991	611.77	m	6.683	-2.25	K2 IIICNII	1.609
HD 73229	HIP 42308	129.38545	6.7283	611.79	m	8.295	-0.638	K2	1.757
HD 91035	HIP 51387	157.42862	-43.13575	611.79	m	8.665	-0.268	K0/1 III	1.21
HD 55561	HIP 34872	108.23295	-12.37917	611.82	m	8.076	-0.857	B8 II/III	-0.142
HD 144318	HIP 79033	241.97208	-53.69365	611.82	m	8.722	-0.211	B9 IV	0.09
HIP 43846		133.96096	17.66497	611.9	m	8.638	-0.295	K5	1.541
HIP 26958		85.80764	-46.45383	611.91	m	8.299	-0.634	N	5.413
HD 130204	HIP 72443	222.20693	-54.10572	611.95	m	8.437	-0.497	B9 IV	0.102
HD 175222	HIP 93010	284.22169	-49.84528	611.98	m	8.709	-0.225	K2 III	1.628
HIP 10625		34.19429	29.95071	612.02	m	8.839	-0.095	K7	2.035
HD 65409	HIP 38973	119.62638	-3.63782	612.11	m	8.079	-0.855	B8 II/III	-0.104
HD 144238	HIP 78744	241.13058	7.65691	612.23	m	8.521	-0.414	K5	1.749
HD 108539	HIP 60844	187.0682	-19.0477	612.25	m	8.905	-0.03	K1 III	1.561
HD 40005	HIP 28142	89.21081	16.35507	612.33	m	7.214	-1.721	B 2 V	-0.142
HD 113351	HIP 63671	195.73949	6.99298	612.35	m	8.773	-0.162	G5	1.33
HD 125687	HIP 70290	215.71768	-55.96232	612.36	m	8.105	-0.83	M5 II	2.158
HD 18099	HIP 13493	43.43617	-23.14561	612.4	m	8.329	-0.606	M1 III	1.889
HD 213672	HIP 111003	337.33779	77.58236	612.46	m	8.007	-0.928	K5	2.163
HD 97543	HIP 54820	168.33425	-22.03704	612.58	m	8.209	-0.727	M2 III	1.961
HD 82652	HIP 46911	143.42241	12.0873	612.59	m	8.993	0.057	G5	1.453
HD 91159	HIP 51604	158.12232	47.53884	612.6	m	8.912	-0.024	K2	1.754
HD 174391	HIP 92393	282.42697	15.93455	612.66	m	6.67	-2.266	B3V	-0.037
HD 44889	HIP 30441	95.99503	-9.0688	612.7	m	7.727	-1.209	K2/3 III	1.997
44 Cnc	HD 74200|HIP 42791	130.78481	18.15055	612.81	m	8.186	-0.751	K0	1.52
HD 16300	HIP 12330	39.70069	50.76172	612.85	m	8.503	-0.434	B9	0.082
HD 210687	HIP 109613	333.0704	-11.06556	612.89	m	7.469	-1.468	M2 III	1.928
HD 71804	HIP 41442	126.77932	-51.55343	612.9	m	8.939	0.002	B9 IV/V	0.082
HD 287095	HIP 22085	71.26706	9.48795	612.92	m	8.496	-0.441	K5	1.886
HD 214098	HIP 111491	338.82545	43.68108	612.93	m	8.313	-0.624	B8	-0.055
HD 119704	HIP 67011	206.00091	41.24926	612.95	m	8.585	-0.352	K2	1.812
HD 86217	HIP 48945	149.78048	58.7566	612.99	m	8.184	-0.753	K 2 III	1.528
HD 43125	HIP 29924	94.49858	56.62544	613	m	8.713	-0.224	K0	1.493
HD 56900	HIP 35328	109.45138	-28.28624	613.06	m	8.316	-0.622	B9 II/III	-0.056
HD 11249	HIP 8526	27.48978	-29.04089	613.06	m	7.395	-1.543	K5 III	1.899
HD 17597	HIP 13130	42.22404	-19.02743	613.08	m	8.7	-0.238	M3 III	1.792
HD 127324	HIP 71048	217.95006	-38.55818	613.11	m	8.415	-0.523	M2/3 III	1.915
HD 83492	HIP 47450	145.05235	46.47629	613.18	m	8.789	-0.149	K0	1.613
HD 154032	HIP 83419	255.761	0.2535	613.2	m	8.739	-0.199	K4/5 III	2.073
HIP 36698		113.23747	62.60846	613.23	m	8.019	-0.919	G0	1.445
HD 71584	HIP 41424	126.7357	-36.68079	613.28	m	7.986	-0.952	K3 III	1.838
HD 273436	HIP 23853	76.90994	-45.57353	613.28	m	8.979	0.041	K0	1.467
HD 1045	HIP 1204	3.76667	52.63961	613.31	m	7.65	-1.288	B9	-0.11
HD 195797	HIP 101500	308.53149	-23.2497	613.32	m	8.41	-0.528	M4 III	1.846
HD 42389	HIP 29194	92.372	-24.24966	613.33	m	8.36	-0.578	A0 V	-0.028
HIP 100820		306.63671	35.68335	613.35	m	8.3	-0.639	K2	1.692
HD 186551	HIP 97187	296.30008	-0.67545	613.42	m	8.832	-0.107	B8 III/IV	0.003
HD 132637	HIP 73256	224.57665	50.10427	613.42	m	7.969	-0.97	K5	1.86
HD 169881	HIP 90585	277.26549	-47.18216	613.43	m	7.805	-1.134	G8 III	1.251
HD 41555	HIP 28605	90.56158	-58.2216	613.46	m	8.173	-0.766	K1 III	1.445
HD 185832	HIP 97060	295.87768	-50.94548	613.46	m	8.565	-0.374	K2 III	1.61
HD 184101	HIP 96445	294.1273	-60.94	613.48	m	8.999	0.06	K3 III	1.84
HD 9164	HIP 7249	23.35007	74.62849	613.5	e	8.831	-0.108	A0	0.141
HD 223998	HIP 117867	358.60757	48.63072	613.61	m	7.9	-1.039	A0	0.015
HD 83631	HIP 47477	145.17148	31.59471	613.62	m	8.942	0.002	K5	1.786
HD 161113	HIP 86710	265.75834	17.67914	613.67	m	8.385	-0.555	M1	1.78
HD 830	HIP 1025	3.19355	27.10914	613.69	m	8.344	-0.596	K0	1.609
HD 144091	HIP 78753	241.17579	-14.91018	613.75	m	8.952	0.012	K2/3 III	1.88
HD 56246	HIP 35338	109.50271	38.36419	613.75	m	8.416	-0.524	K5	1.719
HD 119969	HIP 67298	206.87857	-46.1611	613.78	m	8.516	-0.424	M4/5 III	1.75
HD 94520	HIP 53278	163.44627	-51.42724	613.8	m	8.798	-0.142	K4 III	1.72
HD 133569	HIP 73867	226.45299	-20.41526	613.82	m	8.615	-0.325	A0 V	0.057
HD 104641	HIP 58753	180.74978	-22.15237	613.87	m	8.019	-0.921	K5 III	1.975
HD 195990	HIP 101413	308.28037	39.86689	613.9	m	8.105	-0.835	A0	0.001
HD 59281	HIP 36293	112.05139	-27.39966	613.92	m	8.42	-0.521	B3/5 VNE	-0.105
HD 186485	HIP 96992	295.70803	42.6501	613.92	m	8.524	-0.417	B 9 V	0
HD 208369	HIP 108274	329.03174	-14.03554	613.96	m	8.02	-0.921	M2 III	1.964
HD 106712	HIP 59835	184.04409	41.89863	614.01	m	8.909	-0.032	M0III	1.908
HD 217661	HIP 113751	345.54731	18.53504	614.03	m	8.519	-0.422	K2	1.929
HD 152083	HIP 82838	253.93124	-64.84189	614.15	m	8.874	-0.067	B9 IV	0.044
HD 1550	HIP 1571	4.8954	-50.42943	614.17	m	7.625	-1.316	M1/2 III	1.937
HD 150878	HIP 82001	251.27292	-31.37998	614.18	m	8.386	-0.555	K1/2 V	1.964
HD 70186	HIP 40801	124.92018	-25.42375	614.22	m	8.231	-0.711	K2/3 III	1.648
HD 123959	HIP 69381	213.04213	-52.38161	614.29	m	8.774	-0.168	G8/K0 III + A5/6	0.951
HD 86782	HIP 49042	150.09322	-17.82986	614.29	m	8.68	-0.262	B9 V	-0.036
HD 181681	HIP 94977	289.90766	40.26717	614.32	m	7.486	-1.456	K4III	1.898
HD 123683	HIP 69215	212.55727	-45.07799	614.32	m	8.759	-0.183	K1 III	1.604
HD 31939	HIP 23125	74.63842	-28.88774	614.42	m	7.563	-1.379	K5 III	1.941
HD 99049	HIP 55591	170.81779	-59.58711	614.42	m	8.91	-0.032	G8/K1 III	0.722
HD 51620	HIP 33550	104.58954	6.1671	614.43	m	7.734	-1.208	N	3.762
HD 30961	HIP 22635	73.04683	4.69251	614.46	m	7.907	-1.035	K5 III	1.969
HD 2254	HIP 2103	6.66803	47.08383	614.47	m	8.176	-0.767	K2	1.827
HD 24534	HR 1209|HIP 18350	58.84616	31.04584	614.48	m	6.789	-2.154	OPE	0.085
HD 295777	HIP 33124	103.47815	-4.38518	614.5	m	8.39	-0.553	K5	1.619
HD 126508	HIP 70871	217.3902	-70.23845	614.51	m	8.462	-0.481	B9 IV/V	0.059
HD 121132	HIP 67805	208.3587	9.12788	614.53	m	8.917	-0.026	K5	1.512
HD 208962	HIP 108507	329.73252	41.6962	614.56	m	7.576	-1.367	B9	-0.058
HD 148473	HIP 80913	247.84667	-55.93982	614.56	m	7.978	-0.965	B8 II	0.064
HD 12174	HIP 9370	30.10064	39.53702	614.61	m	8.896	-0.047	A3	0.215
HD 65424	HIP 38787	119.0867	-49.98196	614.68	m	8.124	-0.819	C	4.189
HD 63654	HIP 38204	117.40998	-9.94562	614.78	m	8.541	-0.403	K2 III	1.779
HD 183570	HIP 95952	292.69474	-16.16682	614.8	m	7.442	-1.502	B5 III	-0.051
HD 216331	HIP 112894	342.93614	30.04484	614.8	m	7.986	-0.958	G5II	1.049
HD 186884	HIP 97257	296.49198	28.32813	614.8	m	8.787	-0.157	B8	0.068
HD 77076	HIP 43964	134.30134	-61.56309	614.81	m	7.988	-0.956	B5 V	-0.037
HD 90899	HIP 51286	157.13424	-51.07191	614.86	m	8.112	-0.832	B9 III	0.024
HIP 109206		331.86152	17.61113	614.9	m	8.53	-0.414	M0	1.786
HD 181714	HIP 95158	290.40308	-2.48314	614.92	m	8.475	-0.469	K5/M0 III	2.262
HD 211947	HIP 110242	334.95765	46.90037	614.95	m	8.313	-0.631	K2	1.648
HD 26363	HIP 19320	62.11586	-40.10007	615	m	8.516	-0.428	K4 III	1.783
HD 288690	HIP 30683	96.72052	0.82558	615	m	8.669	-0.275	A0	0.098
HD 120786	HIP 67869	208.51663	-68.50547	615.02	m	7.907	-1.037	B8/9 III	0.028
Gl 4174	HD 199957|HIP 103580	314.80862	37.93006	615.04	m	8.21	-0.735	K5	1.953
HD 192225	HIP 99590	303.16594	33.4956	615.05	m	8.042	-0.903	B8III	-0.026
HD 190988	HIP 98940	301.32894	50.44863	615.1	m	7.946	-0.999	A0	-0.07
HD 137505	HIP 75866	232.4525	-63.26725	615.1	m	8.849	-0.096	K2/3 (III)	1.752
HD 30500	HIP 22205	71.63303	-37.45593	615.12	m	7.765	-1.18	K3 III	1.782
HD 57726	HIP 35890	110.98371	33.66765	615.16	m	8.05	-0.895	K5	1.818
HD 43649	HIP 29920	94.47912	13.03135	615.17	m	8.503	-0.442	A3V	0.103
HD 59296	HIP 36417	112.38531	6.66129	615.21	m	8.742	-0.203	K2	1.826
HD 141559	HIP 77673	237.8642	-42.30071	615.25	m	8.27	-0.675	B9 V	0.059
HD 143499	HIP 78418	240.13879	4.72704	615.27	m	8.584	-0.361	M1 III	2.006
HD 140096	HIP 77130	236.23364	-59.74961	615.37	m	8.765	-0.181	B8 V	0.103
HD 233273	HIP 32113	100.61484	51.08599	615.38	m	8.915	-0.031	K2	1.664
HD 33662	HIP 24229	78.03252	6.85984	615.39	m	7.82	-1.126	K0	2.024
HD 167133	HIP 89266	273.23901	22.53701	615.4	m	8.757	-0.189	K0	1.41
HIP 61614		189.39596	37.81418	615.42	m	8.908	-0.038	K1III	1.458
HD 56998	HIP 35342	109.51108	-30.93779	615.42	m	7.938	-1.008	B7 III	-0.082
HD 110130	HIP 61842	190.1091	-53.87048	615.45	m	8.558	-0.388	K1 II/III	1.324
HD 157461	HIP 85477	262.01992	-64.95109	615.54	m	7.516	-1.43	K3 III	1.819
HD 18088	HIP 13622	43.86814	35.8984	615.63	m	7.986	-0.961	K0	1.932
HD 100559	HIP 56415	173.48715	-54.054	615.63	m	8.75	-0.197	G5/6 III	0.944
HD 71565	HIP 41499	126.95958	-8.08561	615.64	m	8.867	-0.08	K3 III	1.623
HD 98468	HIP 55341	170.00049	28.80759	615.68	m	8.848	-0.099	K0	1.359
HD 19884	HIP 14897	48.06334	14.03953	615.72	m	8.958	0.011	K2	2.061
HD 151462	HIP 81902	250.93928	60.83105	615.78	m	8.933	-0.014	M1	1.835
HD 62577	HIP 37628	115.81995	-33.80299	615.8	m	7.477	-1.47	A2 III/IV	0.128
HD 239392	HIP 100538	305.79197	57.52601	615.85	m	8.796	-0.151	K2	1.958
HD 9929	HIP 7531	24.25477	-0.77807	615.87	m	8.787	-0.16	K5 III	1.91
HD 109614	HIP 61549	189.17603	-67.21407	615.91	m	8.834	-0.114	B8 IV/V	-0.039
HD 30208	HIP 22378	72.26142	58.65881	615.92	m	8.764	-0.184	A0	0.217
HD 76441	HIP 43689	133.48577	-52.47272	616.03	m	7.552	-1.396	B4 III	-0.105
HD 207272	HIP 107632	327.01733	-12.14447	616.03	m	8.8	-0.148	K5 III	1.924
HD 118538	HIP 66503	204.48735	-23.22063	616.05	m	8.43	-0.518	K2 III	1.741
HIP 93678		286.15675	23.32882	616.09	m	8.571	-0.377	B3	0.151
HD 6849	HIP 5408	17.29863	13.3415	616.13	m	8.285	-0.663	K2	1.893
HD 186978	HIP 97240	296.4532	40.55526	616.2	m	7.767	-1.182	B8	-0.108
HD 11320	HIP 8667	27.90935	16.39891	616.21	m	8.097	-0.852	K0	1.855
HD 30933	HIP 23091	74.54407	71.38348	616.27	m	8.493	-0.456	K2	1.812
HD 218351	HIP 114196	346.89715	-36.07155	616.27	m	8.432	-0.517	M2 III	1.9
HD 46911	HIP 31426	98.7796	-21.40976	616.31	m	8.815	-0.134	K2 III/IV	1.648
HD 145497	HIP 79163	242.35715	44.71111	616.32	m	8.814	-0.135	K2	1.725
HD 50163	HIP 33105	103.42749	38.31245	616.35	m	8.23	-0.719	K5	1.783
HD 179018	HIP 94215	287.7008	3.53086	616.36	m	8.097	-0.852	B5 III	0.122
HD 62680	HIP 37733	116.08405	-25.71386	616.42	m	8.267	-0.682	A1 IV/V	0.133
HIP 45622		139.48178	-69.80194	616.45	m	8.522	-0.427	A0	0.04
HD 60173	HIP 36461	112.53137	-56.31877	616.48	m	8.15	-0.8	K3 III	1.841
HD 211655	HIP 110202	334.84169	-40.28403	616.55	m	8.016	-0.934	M0 III	1.905
HD 61862	HIP 37455	115.3274	-1.54169	616.58	m	8.082	-0.868	B9.5/A0 IV	0.001
HD 175046	HIP 92808	283.65871	-26.89007	616.58	m	7.822	-1.128	B7 II	0.088
HD 176315	HIP 93756	286.38509	-70.06685	616.61	m	8.593	-0.357	K2/3 III	1.774
HD 115873	HIP 65097	200.12497	-33.65774	616.63	m	7.875	-1.075	K4 III	1.904
HD 85032	HIP 48167	147.27154	-4.87557	616.65	m	8.391	-0.559	M1 III	1.953
HD 105091	HIP 59013	181.50296	-13.31677	616.67	m	8.186	-0.764	K5 III	1.88
HD 183331	HIP 95882	292.50684	-27.34748	616.71	m	8.513	-0.437	K4 III	2.015
HD 25162	HIP 18680	60.00885	1.40154	616.8	m	8.42	-0.531	K5 III	2.215
HD 219653	HIP 114975	349.30371	31.72373	616.88	m	8.175	-0.776	K5	2.023
HD 114550	HIP 64400	197.98722	-45.27878	616.95	m	7.978	-0.973	K4 III	1.81
HD 175883	HIP 92673	283.25556	64.78766	616.97	m	8.344	-0.607	K5	1.448
HIP 81849		250.76775	34.32297	616.97	m	8.957	0.006	M0	1.912
HD 107375	HIP 60216	185.22094	-56.04861	616.97	m	8.597	-0.354	B8/9 V	0
HD 173822	HIP 92246	281.99656	-16.77645	617	m	7.122	-1.829	K2/3 III	2.071
HD 197837	HIP 102067	310.26273	71.85394	617.01	m	8.628	-0.323	G5	0.284
HD 11463	HIP 8895	28.63243	59.89371	617.05	m	8.358	-0.594	B6V	0.175
HD 190232	HIP 98777	300.91899	10.20411	617.05	m	8.41	-0.542	K5	1.984
HD 214965	HIP 112096	340.57623	-27.38251	617.07	m	7.89	-1.062	K5 III	1.938
HD 39514	HIP 27765	88.13517	-14.55706	617.2	m	7.907	-1.045	G8 III	1.143
HIP 64514		198.34667	8.79636	617.26	m	8.824	-0.128	M0	1.893
HD 72090	HIP 41601	127.21773	-48.19044	617.28	e	7.835	-1.117	B6 V	-0.025
HD 107003	HIP 60011	184.6111	-20.80978	617.32	m	7.623	-1.33	M1 III	2.031
HD 190428	HIP 98755	300.87761	37.41055	617.35	m	8.801	-0.152	B9V	0.042
HD 174776	HIP 92685	283.2929	-23.36702	617.48	m	8.97	0.017	K2 III	1.687
HD 106842	HIP 59902	184.2958	24.62498	617.49	m	8.49	-0.463	G8III	1.235
HD 80807	HIP 45620	139.47911	-69.80467	617.49	m	8.153	-0.8	A0 (V)	0.028
HD 86671	HIP 48908	149.65551	-50.99278	617.61	m	8.594	-0.36	B9.5 V	0.004
HD 39306	HIP 27725	88.06402	12.87832	617.65	m	8.809	-0.145	A0	0.129
HD 131905	HIP 73288	224.67149	-57.85113	617.67	m	8.582	-0.372	M4 III	1.886
HD 4133	HIP 3476	11.099	54.1523	617.68	m	7.512	-1.442	A0	0.07
HD 331647	HIP 98437	300.01165	32.85169	617.69	m	8.446	-0.508	G5	1.58
HD 92729	HIP 52418	160.72783	28.81674	617.72	m	8.446	-0.508	K 2 III	1.82
HD 86676	HIP 48853	149.46399	-62.76114	617.72	m	8.949	-0.005	G2/5 III	1.008
HD 170339	HIP 90878	278.06424	-56.83916	617.75	m	8.507	-0.447	K4 III	2.001
HD 289346	HIP 33337	104.00022	2.3588	617.76	m	8.332	-0.622	M0	1.928
HD 154547	HIP 83801	256.89294	-35.20075	617.77	m	8.232	-0.722	B5 III	0.277
HD 50637	HIP 33128	103.4836	-4.39243	617.86	m	7.779	-1.175	K3 III + K1/2 IV	1.811
HD 70550	HIP 41021	125.5653	-9.12305	617.9	m	8.495	-0.46	B8 V	-0.077
HD 213632	HIP 111214	337.96332	52.61321	617.93	m	8.912	-0.043	B9	0.121
HD 200597	HIP 103903	315.79824	36.74413	617.98	m	8.473	-0.482	A0	-0.007
HD 125065	HIP 69846	214.42117	-24.55526	618.02	m	8.437	-0.518	K0 III	1.377
HD 187044	HIP 97403	296.95878	-0.06369	618.13	m	8.08	-0.875	B8 V	0.021
HD 4138	HIP 3408	10.8495	-44.12331	618.15	m	8.223	-0.732	K4 III	1.841
HD 138759	HIP 76193	233.45442	11.42933	618.17	m	8.579	-0.377	K5	1.912
HD 68837	HIP 40287	123.40348	-17.12479	618.18	m	8.5	-0.456	A0 V	0.009
HD 157624	HIP 85357	261.63301	-44.62937	618.19	m	7.872	-1.084	B3 III	-0.052
HD 45593	HIP 31103	97.9028	54.8714	618.27	m	8.182	-0.774	G5	1.301
HD 162488	HIP 87396	267.90227	-6.86327	618.28	m	8.157	-0.799	G8 Ib	1.689
HD 22611	HIP 17257	55.45075	62.64845	618.28	m	7.801	-1.155	N	4.648
HIP 112204		340.87586	25.78444	618.31	m	8.982	0.026	K7	1.978
HD 77145	HIP 44043	134.53845	-57.33622	618.32	m	8.543	-0.413	B9.5 IV	0.028
HD 188464	HIP 97982	298.68824	17.34575	618.32	m	7.947	-1.009	B9	0.019
HD 93260	HIP 52641	161.46798	-17.10075	618.38	m	8.823	-0.133	K3 III	1.655
HD 17880	HIP 13355	42.9575	-17.25114	618.43	m	8.258	-0.698	K3/4 III	1.717
HD 13280	HIP 9987	32.16088	-43.26734	618.52	m	8.92	-0.037	K1/2 II	1.494
HD 61933	HIP 37500	115.44705	4.3908	618.56	m	8.683	-0.274	B9 III	-0.018
HD 56204	HIP 35144	108.97189	-6.75709	618.67	m	8.757	-0.2	B8 V	0.009
HD 45085	HIP 30699	96.75218	35.42931	618.81	m	8.012	-0.946	B9	0.051
HIP 35130		108.94361	27.46969	618.82	m	8.923	-0.035	K2	1.58
HD 14723	HIP 11213	36.08513	53.77469	618.85	m	8.567	-0.391	B8	0.043
HD 58877	HIP 36261	111.99933	12.1696	618.86	m	8.448	-0.51	K5	1.56
HD 86530	HIP 48705	149.01779	-68.82911	618.96	m	8.962	0.004	B7 V	-0.002
HD 26779	HIP 19574	62.91525	-52.11139	618.99	m	8.702	-0.256	K1 III	1.463
HD 203340	HIP 105321	319.99164	48.63473	619	m	8.005	-0.953	G5	1.055
HD 65804	HIP 39183	120.20465	12.67844	619.03	m	6.767	-2.192	B9	-0.061
HD 45083	HIP 30768	96.98223	47.98805	619.07	m	8.863	-0.096	K5	1.987
HD 174104	HIP 92223	281.934	28.72014	619.14	m	8.432	-0.527	G0IB	0.8
HD 168509	HIP 89984	275.39339	-33.53027	619.15	m	7.836	-1.123	K3 III	1.812
HIP 116166		353.05896	29.8278	619.18	m	8.93	-0.029	M0	1.929
HD 13802	HIP 10465	33.72525	21.00587	619.23	m	8.926	-0.033	K2	1.668
HD 194342	HIP 100739	306.36323	-10.42777	619.26	m	8.834	-0.125	K1 III	1.731
HD 133287	HIP 73629	225.75633	23.98946	619.28	m	8.714	-0.245	K0	1.524
HD 18204	HIP 13620	43.86709	1.35566	619.4	m	8.622	-0.338	K4 III	1.794
HD 206596	HIP 107263	325.88486	-17.38689	619.41	m	8.218	-0.742	M0 III	1.83
HD 191604	HIP 99850	303.87166	-68.43254	619.44	m	8.456	-0.504	M0 III	1.87
HD 220551	HIP 115538	351.05608	45.98178	619.47	m	8.741	-0.219	A0	0.06
HD 173922	HIP 92203	281.87204	15.51272	619.47	m	7.328	-1.632	B9	0.036
HD 16391	HIP 11988	38.65196	-65.79093	619.48	m	8.981	0.021	K2 III	1.448
HD 235944	HIP 112287	341.16097	52.62406	619.49	m	8.69	-0.27	G5	1.256
HD 164546	HIP 88475	270.98187	-45.17863	619.5	m	7.813	-1.147	B8 II/III	-0.04
HD 166759	HIP 89145	272.90897	12.55042	619.51	m	8.075	-0.885	A0	-0.066
HD 80083	HIP 45596	139.40017	-7.46291	619.55	m	8.855	-0.105	B8 V	-0.066
HD 186727	HIP 97078	295.92961	51.06683	619.59	m	8.117	-0.844	M0	1.886
HD 87860	HIP 49474	151.51688	-57.9004	619.59	m	8.605	-0.356	A0 IV	0.071
HD 162002	HIP 87758	268.89513	-71.99336	619.65	m	8.856	-0.105	B9.5 V	0.029
HD 84384	HIP 47638	145.69369	-60.31575	619.71	m	8.938	-0.023	B9 IV	0.06
HD 75818	HIP 43459	132.77096	-34.42023	619.82	m	7.839	-1.122	B9.5 III	0.013
HD 15124	HIP 11487	37.04327	57.27481	619.82	m	8.067	-0.894	B 5 III	0.264
HD 14968	HIP 11333	36.45809	37.01367	619.89	m	7.482	-1.48	M1	1.989
HD 70995	HIP 41221	126.16485	-11.52449	619.91	m	7.291	-1.671	K5 III	1.932
HD 159528	HIP 86104	263.95486	-15.83087	619.92	m	8.923	-0.039	G8 IV	1.935
HD 213209	HIP 110923	337.09993	57.66183	619.92	m	8.306	-0.656	B9	0.271
HD 135689	HIP 74936	229.69182	-54.36425	619.95	m	7.226	-1.736	M1/2 III	2.094
HD 84493	HIP 47747	146.01088	-51.36752	620.03	m	7.7	-1.262	B2 IV	-0.121
HD 91851	HIP 51731	158.54567	-68.45934	620.1	m	8.565	-0.397	K5 III	1.801
HD 193819	HIP 100429	305.48288	13.59251	620.13	m	7.496	-1.466	A0	-0.06
HD 79937	HIP 45458	138.96448	-35.43567	620.14	m	8.762	-0.2	A0 V	-0.005
HD 184597	HIP 96453	294.15033	-32.69086	620.18	m	6.867	-2.096	B4 III	-0.065
HD 72971	HIP 42097	128.71389	-26.49627	620.22	m	8.783	-0.18	A3/4 III	0.158
HD 104423	HIP 58627	180.34774	-71.22722	620.24	m	8.618	-0.345	B8 V	0.105
HIP 84946		260.42308	40.09191	620.25	m	8.24	-0.723	K2	1.893
HD 57673	HIP 35807	110.77588	21.97059	620.26	m	8.697	-0.266	B8	-0.03
HD 165839	HIP 88967	272.39912	-36.77705	620.34	m	8.977	0.014	M1/2 III	1.908
HD 116610	HIP 65447	201.20107	-6.84033	620.38	m	8.142	-0.821	K4 III	1.773
HD 236802	HIP 7524	24.21392	57.03698	620.39	m	8.578	-0.385	K7	2.022
HD 210296	HIP 109395	332.43727	-13.89164	620.54	m	8.243	-0.721	M1/2 III	1.858
HD 221292	HIP 116027	352.64717	49.86029	620.55	m	8.79	-0.174	B9	-0.038
HD 16851	HIP 12502	40.21582	-41.29988	620.55	m	7.826	-1.138	K3/4 II/III	1.981
HD 146479	HIP 79936	244.73079	-50.39186	620.6	m	8.737	-0.227	B9 V	0.028
HD 11572	HIP 8893	28.61769	40.88973	620.62	m	8.427	-0.537	K0	1.201
HD 35951	HIP 25773	82.55462	41.28245	620.65	m	8.5	-0.464	A0	0.008
HD 46446	HIP 31178	98.13521	-21.0218	620.69	m	7.222	-1.742	B2 III	-0.155
HD 121662	HIP 68341	209.83889	-67.84064	620.7	m	7.415	-1.549	B2/3 IV	-0.042
HD 81202	HIP 45966	140.61875	-50.23535	620.84	m	7.725	-1.24	B5 II/III	-0.094
HIP 74236		227.56184	32.12975	620.85	m	8.898	-0.067	K5	1.872
HD 158097	HIP 85280	261.38076	38.78381	620.87	m	8.68	-0.285	K2	1.503
HD 41757	HIP 28896	91.50754	-24.92206	620.95	m	8.493	-0.472	AP CREUSR	0.027
HD 248954	HIP 27883	88.50522	13.23659	620.96	m	8.938	-0.027	K0	1.377
HD 174900	HIP 92647	283.16783	6.9078	621.04	m	8.797	-0.169	B9	0.227
HD 52467	HIP 33641	104.83212	-42.23761	621.04	m	8.416	-0.55	B5 V	-0.093
HD 62947	HIP 37984	116.77944	18.78866	621.12	e	8.297	-0.669	A0	0.143
HD 143496	HIP 77702	237.97586	77.70839	621.13	m	8.215	-0.751	K2	1.575
HD 48665	HIP 32286	101.10312	-2.43072	621.19	m	7.922	-1.044	B8/9 III	-0.049
HD 124099	HR 5306|HIP 69778	214.2298	-77.66422	621.2	m	6.632	-2.334	K2 IIP	1.654
HD 134555	HIP 74354	227.93307	-37.27201	621.21	m	8.886	-0.08	K3/4 III	1.723
HD 123188	HIP 69080	212.09915	-62.86348	621.27	m	8.379	-0.587	B7 V	0.004
HD 82790	HIP 46678	142.74789	-67.3536	621.27	m	8.812	-0.154	B9 III	0.043
HD 203080	HIP 105246	319.76462	34.91917	621.36	m	8.128	-0.839	K0	1.25
HD 23726	HIP 17986	57.66343	60.123	621.41	m	8.969	0.002	B5	0.09
HD 68086	HIP 40017	122.58891	-18.19188	621.44	m	8.484	-0.483	K2/3 III	1.651
HD 194480	HIP 100644	306.10832	38.96502	621.46	m	7.949	-1.018	A2	-0.133
HD 152422	HIP 82717	253.61265	-30.71966	621.46	m	8.294	-0.673	K3 III	1.858
HD 79691	HIP 45390	138.74319	-22.79919	621.46	m	8.111	-0.856	K4 III	1.865
HIP 106022		322.11497	67.87753	621.47	m	8.853	-0.114	K0	1.744
HD 115401	HIP 65000	199.85195	-73.81752	621.47	m	8.655	-0.312	K2 III	1.559
HD 49222	HIP 32620	102.08767	22.34999	621.6	m	8.278	-0.69	K2	1.675
HD 111811	HIP 62734	192.82647	49.26908	621.67	m	7.861	-1.107	K5III	1.92
HD 148127	HIP 80435	246.27813	24.05658	621.78	m	7.943	-1.025	K5	1.946
HD 46185	HIP 31088	97.85098	-12.55969	621.8	m	6.765	-2.203	B2/3 (II)	-0.18
HD 208530	HIP 108321	329.17155	4.01071	621.88	m	8.015	-0.954	K5/M0 III	1.945
HD 185999	HIP 96804	295.17099	31.40649	621.89	m	7.1	-1.869	G8III	1.256
HD 61075	HIP 36959	113.97343	-37.07789	621.89	m	8.196	-0.773	K0/1 III + A1/2 V	1.179
HD 50003	HIP 32958	102.96832	16.61315	622.02	m	8.029	-0.94	B9	-0.095
HD 17973	HIP 13484	43.41034	14.67025	622.09	m	7.774	-1.195	M1	2.036
HIP 37141		114.47675	36.78342	622.09	m	8.499	-0.47	M0	1.821
HD 51560	HIP 33649	104.8633	37.09818	622.1	m	7.883	-1.086	B 6 V	-0.047
HD 182161	HIP 95592	291.64423	-56.92196	622.14	m	8.037	-0.932	M2 III	1.991
HD 64332	HIP 38502	118.27196	-11.62481	622.15	m	7.798	-1.171	M3 III	2.041
HD 89587	HIP 50519	154.76069	-50.71611	622.19	m	6.853	-2.117	B3 III	-0.147
HD 126402	HIP 70586	216.58269	-40.79762	622.21	m	8.491	-0.479	M2 (II)	1.991
HD 140765	HIP 77776	238.22317	-76.14916	622.32	m	8.13	-0.84	K3 III	1.647
HD 130619	HIP 72491	222.33921	-5.79128	622.35	m	8.149	-0.821	M0 III	2.004
HD 192766	HIP 99821	303.80175	38.60879	622.47	m	7.987	-0.984	B9IV	0.011
HD 2387	HIP 2223	7.0495	59.09216	622.5	m	8.891	-0.08	B8	0.135
HD 12656	HIP 9592	30.85399	-25.12761	622.56	m	8.848	-0.123	M2 III	1.909
HD 123194	HIP 68918	211.63852	-17.45618	622.56	m	7.896	-1.075	K5 III	2.045
HD 8160	HIP 6371	20.46644	50.12198	622.59	m	6.674	-2.297	K0	1.302
HD 134268	HIP 74244	227.58882	-41.49421	622.7	m	8.936	-0.035	G8 III	1.078
HD 27940	HIP 20464	65.76724	-35.46063	622.72	m	8.606	-0.365	K1 III	1.256
HD 212713	HIP 110684	336.35668	47.10347	622.72	m	8.403	-0.568	A0	-0.02
HD 176228	HIP 92935	284.02138	56.6616	622.73	m	7.986	-0.986	K5	1.913
HD 234858	HIP 94816	289.40213	54.1496	622.76	m	8.778	-0.194	K2	1.395
HD 35647	HIP 25347	81.32609	-23.17087	622.83	m	8.432	-0.54	A0 V	0.039
HD 168655	HIP 89896	275.15095	10.10393	622.83	m	7.973	-0.999	K5	2.039
HD 3236	HIP 2757	8.80224	-47.16287	622.84	m	8.944	-0.028	K1/2 III	1.385
HD 84524	HIP 47713	145.91159	-60.43067	622.88	m	8.691	-0.281	B7 IV	-0.038
HD 193812	HIP 100101	304.61162	64.86794	622.91	m	7.891	-1.081	K5	2.061
HD 23250	HIP 17350	55.70476	-22.91041	622.91	m	8.295	-0.677	K1/2 III	1.633
HD 77525	HIP 44242	135.14421	-57.10839	623.01	m	8.529	-0.443	B5 VN	-0.049
HD 118816	HIP 66709	205.11206	-53.86019	623.02	m	7.807	-1.166	AP SI	-0.015
HD 201399	HIP 104342	317.0602	35.33292	623.04	m	8.626	-0.347	A0	0.014
HD 42629	HIP 28931	91.59803	-67.42113	623.07	m	8.332	-0.641	K3 III	1.661
HD 31790	HIP 22971	74.14529	-43.43249	623.09	m	8.122	-0.851	M3/4 III	1.894
HD 196131	HIP 101311	308.02456	62.49062	623.16	m	8.265	-0.708	K5	2.118
HD 147556	HIP 80401	246.16904	-45.1805	623.18	m	7.576	-1.397	B8/9 II/III	0.143
HIP 112861		342.83536	29.79943	623.23	m	8.326	-0.647	M0	1.882
HD 187083	HIP 97505	297.27146	-28.41082	623.24	m	8.683	-0.29	K5 III	1.996
HD 86207	HIP 48747	149.14149	-21.25487	623.25	m	8.51	-0.463	K2/3 III	1.7
HD 64132	HIP 38383	117.94905	-18.28971	623.27	m	8.654	-0.319	K0 III	1.187
HD 115770	HIP 65020	199.92888	-30.33235	623.29	m	8.503	-0.47	B5 III	-0.109
HIP 2070		6.54961	61.02906	623.31	m	8.866	-0.108	K 5 III	1.873
HD 4714	HIP 3825	12.27589	-21.15115	623.36	m	7.13	-1.844	K0/1 III + G	1.039
HD 9634	HIP 7458	24.02174	60.2128	623.4	m	8.093	-0.881	K5III	2.056
HD 41596	HIP 28633	90.67889	-56.94293	623.42	m	8.321	-0.653	K3P BA	1.894
HD 64794	HIP 38691	118.82148	-11.15148	623.52	m	7.3	-1.674	B5 II/III	-0.123
HD 190416	HIP 98937	301.32801	-12.86036	623.57	m	8.946	-0.028	K3/4 III	1.781
HD 190861	HIP 98762	300.89229	61.03104	623.61	m	8.288	-0.687	K2	1.918
HD 170391	HIP 93082	284.42295	-85.56533	623.64	m	8.236	-0.739	M2 III	1.997
HD 201668	HIP 104509	317.54223	34.26305	623.64	m	8.828	-0.147	A0	-0.013
HD 135120	HIP 74337	227.89576	49.90303	623.7	m	7.887	-1.088	M0	1.861
HD 206629	HIP 107358	326.1739	-48.83397	623.84	m	8.2	-0.775	K4/5 III	1.906
HD 148114	HIP 80516	246.55125	-8.20196	623.92	m	8.714	-0.262	K3/4 (III)	2.356
HD 10497	HIP 8066	25.91158	52.88577	624.02	m	6.829	-2.147	A7II	0.45
HIP 55366		170.05478	16.73293	624.06	m	8.547	-0.429	M0	1.876
HD 67182	HIP 39647	121.53031	-20.52344	624.06	m	8.966	-0.01	K2/3 III	1.895
HIP 57289		176.20778	-4.5929	624.06	m	8.942	-0.034	G5	1.258
HD 59279	HIP 36300	112.07957	-24.16945	624.07	m	8.44	-0.536	B8/9 III	-0.057
HD 12765	HIP 9722	31.26503	-2.03839	624.08	m	8.061	-0.915	K2 III	1.653
HD 65588	HIP 38970	119.60983	-24.81023	624.08	m	8.56	-0.416	K4 III	1.897
HIP 112294		341.18144	26.69752	624.12	m	8.854	-0.122	M0	1.857
HD 196673	HIP 101788	309.43446	33.36647	624.13	m	7.481	-1.495	K 0 III-BA1	1.381
HD 143119	HIP 78405	240.09129	-43.82275	624.13	m	7.57	-1.406	G0 IB/II	1.417
HD 117313	HIP 65888	202.59481	-47.97285	624.18	m	8.682	-0.295	G3 III/IV	1.109
HD 76442	HIP 43699	133.5	-52.6186	624.19	m	8.197	-0.78	B3/5 V	-0.108
HD 79278	HIP 45095	137.78828	-52.11102	624.23	m	8.289	-0.688	B3 IV/V	-0.139
HD 33709	HIP 24148	77.79321	-24.34925	624.23	m	8.018	-0.959	K0 II	1.12
HD 13630	HIP 10595	34.10676	70.49274	624.28	m	8.844	-0.133	B9	0.361
HD 784	HIP 989	3.06615	22.55674	624.29	m	7.919	-1.058	M1	2.014
HD 184763	HIP 96372	293.90216	9.32023	624.29	m	8.025	-0.952	B9	-0.026
HD 16965	HIP 12866	41.35312	56.56372	624.34	m	8.549	-0.428	A0	0.112
HD 52652	HIP 34274	106.58486	62.8442	624.35	m	8.196	-0.781	K0	1.681
HD 60155	HIP 36730	113.30697	0.1643	624.43	m	7.381	-1.596	B7 II/III	-0.131
HD 184739	HIP 96317	293.75713	23.47425	624.45	m	7.971	-1.007	A0	0.234
HD 89196	HIP 50425	154.44027	20.00342	624.49	m	8.244	-0.734	K2	1.882
HD 2137	HIP 2034	6.45702	49.65708	624.5	m	8.438	-0.54	B8	-0.072
HD 15162	HIP 11675	37.65407	72.22377	624.51	m	8.049	-0.929	K5	2.15
HD 47920	HIP 31924	100.07284	-16.47762	624.54	m	8.416	-0.562	K3 III	1.929
HD 74627	HIP 42886	131.10285	-18.01026	624.58	m	8.581	-0.397	K2 III	1.598
HD 19399	HIP 14238	45.9022	-65.52854	624.6	m	8.306	-0.672	M4 III	1.812
HD 147466	HIP 79966	244.83317	54.79093	624.61	m	8.035	-0.943	K5	1.793
HD 59841	HIP 36532	112.7349	-24.66716	624.79	m	8.142	-0.837	B8 II/III	-0.142
HD 91218	HIP 51429	157.54878	-62.48938	624.87	m	8.647	-0.332	B9/9.5 V	0.026
HD 38888	HIP 27282	86.72304	-42.15089	624.91	m	8.769	-0.21	K2 III	1.514
HD 38462	HIP 27469	87.26275	54.03251	624.96	m	8.471	-0.508	B9	0.052
HD 142656	HIP 77947	238.7658	21.56634	624.99	m	8.58	-0.399	G5	1.582
HD 74103	HIP 42572	130.16557	-36.06843	625	e	8.862	-0.117	A0 III/IV	0.091
HD 185198	HIP 96567	294.47257	1.49926	625	e	7.345	-1.634	B3 II	0.208
HD 171726	HIP 91022	278.52386	47.11314	625.02	m	8.759	-0.22	A0	-0.082
HD 57699	HIP 35927	111.09242	43.22394	625.05	m	8.643	-0.337	K2	1.609
HD 97102	HIP 54634	167.73399	26.26829	625.06	m	8.377	-0.603	K5	1.952
HD 143012	HIP 78443	240.21343	-57.61118	625.1	m	8.709	-0.271	K0/1 III	1.519
HD 4617	HIP 3779	12.14012	44.97273	625.1	m	7.742	-1.238	K2	1.92
HD 71425	HIP 41144	125.91894	-63.73229	625.19	m	8.819	-0.161	K3 III/V	1.775
HD 102515	HIP 57554	176.95264	-38.12037	625.24	m	8.934	-0.046	K1 III	1.554
HD 7176	HIP 5788	18.56233	72.49518	625.27	m	8.798	-0.182	A0	0.083
HD 208770	HIP 108520	329.77752	-25.35437	625.33	m	8.396	-0.585	M0 III	1.895
HD 31645	HIP 22719	73.28724	-63.61592	625.34	m	8.085	-0.896	K4 III	1.727
HD 18821	HIP 14022	45.14402	-34.78948	625.35	m	8.496	-0.485	M1/2 (III)	1.856
HD 63659	HIP 38151	117.27702	-24.52148	625.36	m	8.814	-0.167	K2/3 III	1.742
HD 127252	HIP 70964	217.72504	-22.5602	625.48	m	8.69	-0.291	M1 III	1.972
HD 102817	HIP 57704	177.51489	-57.04701	625.48	m	8.051	-0.93	K5 III	1.91
HD 86955	HIP 49079	150.24997	-40.89875	625.54	m	8.657	-0.324	M1/2 (III)	1.689
HD 133294	HIP 73720	226.03727	-15.46143	625.55	m	8.231	-0.75	B8 II	-0.074
HD 112378	HIP 63171	194.14308	-35.63344	625.63	m	8.722	-0.26	M1 III	1.932
HD 53461	HIP 34067	105.99181	-27.50564	625.65	m	8.212	-0.77	B3 III	-0.155
HD 92283	HIP 52143	159.78791	-5.88193	625.76	m	8.765	-0.217	A9 IV	0.362
HD 201803	HIP 105045	319.15905	-72.24081	625.76	m	8.769	-0.213	K3 III	1.768
HIP 95183		290.44937	62.80081	625.85	m	8.444	-0.538	K0	1.554
HIP 86923		266.41532	71.99247	625.86	m	8.956	-0.026	K5	1.939
HD 36495	HIP 26702	85.12586	75.32781	625.86	m	8.408	-0.574	K5	1.887
HD 14002	HIP 10522	33.89877	-23.36886	625.87	m	8.12	-0.862	M3/4 III	1.805
HD 86601	HIP 48868	149.50376	-52.89307	625.89	m	8.04	-0.942	B9/9.5 III/IV	0.045
HD 157245	HIP 85260	261.32859	-55.99312	625.91	m	8.968	-0.015	M2/3 III	1.71
HD 202475	HIP 104935	318.84396	25.84455	625.96	m	8.377	-0.606	K2	1.594
HD 122052	HIP 68302	209.7258	24.69221	625.98	m	7.401	-1.582	G0III	1.44
HD 71991	HIP 41707	127.57917	-2.38032	625.99	m	7.904	-1.079	B8 V	-0.078
HD 106419	HIP 59714	183.70548	-71.53429	626.07	m	8.318	-0.665	B9 III	0.16
HD 9881	HIP 7520	24.20851	22.44157	626.12	m	8.526	-0.457	M1	1.982
HD 12505	HIP 9548	30.67652	7.79154	626.16	m	8.412	-0.571	K5	2.041
HD 42745	HIP 29419	92.9683	-14.45443	626.23	m	8.15	-0.834	B5 III	-0.039
HD 99616	HIP 55871	171.78245	-56.61079	626.26	m	8.61	-0.374	G8 III	1.175
HD 50984	HIP 33247	103.75921	-11.77054	626.39	m	8.102	-0.882	B8/9 II/III	-0.059
HD 8928	HIP 6974	22.4446	65.17107	626.46	m	6.873	-2.111	K2	1.617
HD 95801	HIP 53919	165.49996	-66.5981	626.47	m	8.783	-0.202	B9 IV	0.123
HD 236122	HIP 115737	351.71442	54.97381	626.5	m	8.759	-0.226	K5	1.887
HD 223546	HIP 117556	357.60869	-22.24304	626.62	m	8.37	-0.615	M0 III	1.84
HD 78931	HIP 44879	137.16699	-54.37045	626.71	m	7.419	-1.566	B3 IV/V	-0.136
HD 55014	HIP 34666	107.69218	-11.57407	626.74	m	7.741	-1.244	B8 III/IV	-0.067
HD 33230	HIP 23679	76.34797	-57.19504	626.76	m	7.815	-1.17	M2 III	1.938
HD 43870	HIP 30227	95.38885	52.52051	626.8	m	8.308	-0.678	M2	1.887
HD 4547	HIP 3536	11.27254	-79.66394	626.81	m	8.93	-0.056	K1/2 (III)	1.72
HD 56965	HIP 35500	109.89489	10.39925	626.9	m	7.55	-1.436	M0III	1.919
HD 129700	HIP 72068	221.12151	-16.87469	626.92	m	8.229	-0.757	K5 III	1.985
HD 105918	HIP 59435	182.87346	-33.62002	626.96	m	8.122	-0.864	K4 III	1.832
HD 60137	HIP 36724	113.2988	0.85499	626.97	m	8.444	-0.542	K1/2 III	1.495
HD 201110	HIP 104424	317.30092	-46.76792	626.97	m	8.334	-0.652	M4/5 III	1.755
HD 105319	HIP 59136	181.89746	42.07084	627.01	m	7.839	-1.147	K4III	1.911
HD 52749	HIP 33872	105.46909	-15.38472	627.13	m	7.952	-1.035	K1 III	1.551
HD 190256	HIP 98706	300.71824	32.57742	627.19	m	8.506	-0.481	B7V	-0.031
HD 161	HIP 507	1.51782	-84.09821	627.21	m	8.686	-0.301	K3 III	1.867
HD 46434	HIP 31051	97.73759	-47.25759	627.28	m	8.474	-0.513	K2 III	1.501
HIP 41258		126.25997	-31.27598	627.3	m	8.998	0.011	G5	1.371
HD 192244	HIP 99601	303.19264	32.3135	627.31	m	8.477	-0.51	K0	1.11
HD 170507	HIP 89958	275.31409	75.54881	627.32	m	8.56	-0.427	A0	0.052
HD 193089	HIP 99909	304.06655	51.99877	627.32	m	7.457	-1.53	B9	-0.04
HD 97895	HIP 54970	168.83969	-29.51605	627.5	m	8.735	-0.253	B4 V	-0.074
HD 212905	HIP 110903	337.03854	-31.07668	627.51	m	8.838	-0.15	K5 III	1.847
HD 140311	HIP 77187	236.4165	-55.97515	627.57	m	8.356	-0.632	B8 V	0.067
HD 188461	HIP 97895	298.41036	41.35578	627.58	m	6.946	-2.042	B 2 IV	-0.179
HD 31195	HIP 22917	73.97778	45.03475	627.63	m	7.894	-1.095	B7V	0.034
HIP 107325		326.07921	83.07835	627.65	m	8.436	-0.553	F2	1.782
HD 17469	HIP 13148	42.27454	33.17588	627.68	m	8.415	-0.574	K0	1.776
HD 125016	HIP 70019	214.90324	-66.80158	627.71	m	8.08	-0.909	A1 IV/V	0.228
HD 42913	HIP 29521	93.28988	-7.45617	627.74	m	8.434	-0.555	K0/1 III	1.661
HD 53351	HIP 34620	107.54998	68.58671	627.75	m	8.695	-0.294	K0	1.714
HD 167433	HIP 89511	273.99125	-17.60793	627.79	m	7.533	-1.456	B7 II/III	0.047
HD 44554	HIP 28837	91.30439	-82.58953	627.81	m	8.745	-0.244	A0 IV	0.148
HD 112779	HIP 63430	194.97629	-53.00128	627.84	m	8.807	-0.182	G8/K0 III + A/F	1.143
HD 207486	HIP 107636	327.03456	45.8043	627.85	m	7.778	-1.211	K2	1.425
HD 126198	HIP 70530	216.43288	-53.45417	627.86	m	7.993	-0.996	B8/9 II	0.017
HD 133699	HIP 74110	227.18845	-61.63377	627.87	m	6.806	-2.183	B3 V	-0.093
HD 50705	HIP 33113	103.45199	-13.19137	627.91	m	7.519	-1.47	B8/9 II/III	-0.104
HD 43724	HIP 30108	95.03971	46.64688	627.92	m	8.149	-0.841	G5	1.238
HIP 96347		293.83303	44.81184	627.93	m	8.67	-0.32	M0	1.94
HD 39208	HIP 27726	88.06589	29.51801	627.96	m	8.111	-0.879	K2	1.81
HD 182031	HIP 95146	290.3621	32.67778	627.98	m	7.446	-1.544	K0	1.334
HD 147162	HIP 79937	244.73492	32.62706	627.99	m	8.113	-0.877	K5	1.873
HD 11954	HIP 9058	29.16002	-32.96959	627.99	m	8.844	-0.146	K2 IV/V	1.593
HD 117917	HIP 66207	203.55231	-40.98391	628.01	m	8.669	-0.321	G6 III	1.023
HD 58428	HIP 36157	111.73785	31.75085	628.01	m	8.399	-0.591	K0	1.792
HD 155319	HIP 84142	258.03764	-30.77284	628.03	m	8.911	-0.079	K3/4 (III)	2.071
HIP 12684		40.74258	48.93006	628.03	m	8.853	-0.137	K2	1.604
HD 180984	HIP 95004	289.9788	-30.69536	628.07	m	8.179	-0.811	K4 III	1.903
HD 106060	HIP 59507	183.06192	-7.00106	628.08	m	8.964	-0.026	K1/3 (III)	1.361
HD 210014	HIP 109114	331.5398	50.28576	628.12	m	7.553	-1.437	K5	1.987
HD 114267	HIP 64210	197.40036	-7.78091	628.15	m	8.401	-0.589	M2/3 III	1.828
HD 211054	HIP 109923	333.95938	-52.15851	628.36	m	8.342	-0.649	K2/3 III	1.575
HD 85496	HIP 48251	147.54805	-58.21561	628.41	m	8.075	-0.916	B8/9 III	-0.051
HD 182158	HIP 95489	291.34787	-45.01185	628.41	m	7.803	-1.188	K4/5 (III)	1.922
HD 30636	HIP 22428	72.3883	2.20175	628.42	m	7.74	-1.251	Ap Si	-0.043
HD 45799	HIP 31112	97.92398	43.71445	628.51	m	8.224	-0.768	G5	1.263
HD 33396	HIP 24209	77.97549	39.94528	628.53	m	8.985	-0.007	B9	0.038
HD 79015	HIP 45059	137.66623	-26.75021	628.55	m	8.63	-0.362	G6 III	1.176
HD 206949	HIP 107570	326.79951	-52.6696	628.59	m	8.956	-0.036	K1 III	1.538
HD 16593	HIP 12551	40.36631	52.66998	628.61	m	8.583	-0.409	K0	1.45
HD 23254	HIP 17686	56.82238	62.47502	628.72	m	8.064	-0.928	B5	0.036
HD 93465	HIP 52741	161.73777	-33.41456	628.75	m	8.377	-0.615	A2/3 V	-0.03
HD 64965	HIP 38805	119.12973	2.32204	628.75	m	8.28	-0.712	B8 III	-0.097
HD 88356	HIP 49925	152.89728	12.03643	628.76	m	7.977	-1.015	K5	1.947
HD 69929	HIP 40629	124.42207	-39.10298	628.82	m	8.701	-0.292	B3 V	0.02
HD 11773	HIP 9077	29.21708	52.48942	628.82	m	7.235	-1.758	K5	1.807
HD 155393	HIP 83912	257.24593	46.79271	628.88	m	8.561	-0.432	K5	1.927
HD 196123	HIP 101571	308.77699	7.26313	628.91	m	8.581	-0.412	K5	1.705
HD 131803	HIP 73374	224.91595	-68.95205	629.01	m	8.004	-0.989	B5/7 (III)	-0.038
HD 7811	HIP 6091	19.55137	23.87642	629.03	m	8.434	-0.559	K5	1.941
HD 208203	HIP 108143	328.64846	8.79179	629.09	m	8.924	-0.07	K5	1.843
HD 140079	HIP 77056	236.01506	-51.90473	629.1	m	7.214	-1.78	B8 III	-0.044
HD 15322	HIP 11393	36.69345	-41.36685	629.1	m	8.275	-0.719	K0 III	1.393
HD 99311	HIP 55723	171.26788	-53.02206	629.11	m	8.124	-0.87	K3 III	1.703
HD 65848	HIP 39028	119.78173	-39.42031	629.13	m	7.22	-1.774	B5 III/IV	-0.099
HD 188399	HIP 97861	298.2983	42.63535	629.13	m	8.351	-0.643	B9	0.024
HD 219814	HIP 115069	349.60135	46.79308	629.13	m	8.959	-0.035	B9	-0.024
HD 91134	HIP 51480	157.7261	-26.09574	629.13	m	8.407	-0.587	AP SI	-0.058
HD 1495	HIP 1504	4.68436	-60.83071	629.22	m	8.189	-0.805	K4/5 III	1.864
HD 213854	HIP 111368	338.42999	43.48537	629.23	m	8.274	-0.72	K5	2.042
HD 39235	HIP 27505	87.35839	-37.1851	629.33	m	7.973	-1.021	B5 V	-0.096
HD 76589	HIP 43812	133.84599	-46.89107	629.35	m	8.364	-0.63	B9 IV	-0.046
HD 111313	HIP 62522	192.19628	-43.7154	629.36	m	8.785	-0.21	B9 III	0.017
HD 107155	HIP 60053	184.73836	65.36732	629.36	m	7.888	-1.107	K5	1.897
HD 185386	HIP 96750	295.01408	-31.60881	629.43	m	8.987	-0.008	K0 III	1.414
HD 30326	HIP 22420	72.37379	53.8759	629.47	m	8.53	-0.465	K5	1.997
HD 150464	HIP 81629	250.11426	21.50659	629.52	m	8.216	-0.779	K5	1.882
HD 110151	HIP 61861	190.17451	-60.9131	629.55	m	8.727	-0.268	B9.5 IV	0.127
HD 55432	HIP 34584	107.43747	-55.72584	629.58	m	8.847	-0.148	K2 III	1.628
HD 31149	HIP 23160	74.74244	69.11167	629.67	m	8.356	-0.64	K0	1.728
HD 187772	HIP 97732	297.91862	1.77034	629.72	m	8.809	-0.187	K2	1.731
HIP 40813		124.94262	20.33694	629.75	m	8.724	-0.272	M0	1.932
HD 219525	HIP 114881	349.05203	21.05579	629.8	m	8.443	-0.553	K5	2.084
HD 148295	HIP 80523	246.57456	23.06468	629.82	m	8.105	-0.891	M1	1.995
HD 87295	HIP 49203	150.64062	-53.14841	629.83	m	7.658	-1.338	B3/4 IV	-0.059
HD 46732	HIP 31726	99.56312	55.91463	629.85	m	8.945	-0.051	A0	-0.041
HD 58260	HIP 35830	110.83166	-36.34015	629.86	m	6.709	-2.287	B2/3 VP	-0.145
HD 132379	HIP 73387	224.96498	-32.64588	629.92	m	8.83	-0.166	M0/1 III	1.915
HD 155732	HIP 84343	258.64959	-28.40925	629.94	m	8.784	-0.213	K1/2 III	1.615
HD 165768	HIP 88907	272.22714	-29.99295	629.96	m	7.124	-1.873	K2/3 III	1.361
HD 108033	HIP 60563	186.22219	-40.67086	630.07	m	8.457	-0.54	G8 IIICNVP	1.081
HD 56287	HIP 34945	108.46734	-49.93661	630.11	m	7.925	-1.072	M0 III	2.05
HD 20295	HIP 15424	49.69386	59.63449	630.28	m	8.412	-0.586	B 5 III	0.214
HD 104775	HIP 58826	180.98243	-50.80843	630.3	m	8.216	-0.782	K3 III	1.805
HD 40160	HIP 28364	89.88675	46.53476	630.31	m	7.447	-1.551	B5	-0.073
HD 217255	HIP 113541	344.94162	-31.12644	630.32	m	8.143	-0.855	M2 III	1.905
HD 92587	HIP 52329	160.40484	13.97848	630.34	m	7.822	-1.176	M1	1.961
HD 16507	HIP 12537	40.32625	59.71459	630.36	m	8.542	-0.456	B 8 V	0.515
HD 190925	HIP 99119	301.84048	-0.29103	630.4	m	8.448	-0.55	B9 III/IV	-0.017
HD 107152	HIP 60099	184.87492	-53.02523	630.45	m	8.557	-0.441	B8 V	-0.043
HD 185050	HIP 96860	295.32507	-62.82753	630.47	m	8.319	-0.679	K0 II/III	1.299
HIP 33829		105.34276	-23.19006	630.49	m	8.468	-0.53	K0	1.58
HD 31199	HIP 22700	73.20676	-25.35129	630.51	m	8.581	-0.417	K2/3 III	1.548
HD 132614	HIP 73445	225.13218	-11.87432	630.62	m	8.286	-0.713	M4 III	1.874
HD 190257	HIP 98726	300.77399	26.89202	630.63	m	7.855	-1.144	B8	-0.058
HD 66121	HIP 39292	120.51533	-2.28263	630.65	m	8.428	-0.571	K4 III	1.911
HD 186228	HIP 97015	295.76302	4.36363	630.66	m	8.637	-0.362	B9	0.051
HD 197679	HIP 102313	310.95535	41.84229	630.72	m	8.472	-0.527	B8	-0.037
HD 160754	HIP 86790	266.01703	-48.31211	630.83	m	8.003	-0.997	G5 II	1.151
HD 55939	HIP 34863	108.20651	-45.03687	630.9	m	8.37	-0.63	K4/5 (III)	2.031
HD 80620	HIP 45786	140.02935	-26.85247	630.91	m	8.657	-0.343	A2 III	0.191
HD 47061	HIP 31463	98.86295	-31.59142	630.91	m	7.86	-1.14	B5 V	-0.126
HD 105663	HIP 59295	182.47379	39.43351	630.92	m	8.358	-0.642	K4IV	1.89
HD 174926	HIP 92948	284.05848	-55.75934	630.97	m	8.851	-0.149	K3 III	1.71
HD 204003	HIP 105670	321.05083	47.2065	630.99	m	8.907	-0.093	B8	0.127
HD 101946	HIP 57184	175.89745	-60.13287	631.06	m	8.726	-0.274	B8 IV/V	-0.056
HD 69561	HIP 40551	124.21549	-19.16636	631.06	m	8.789	-0.211	B9.5 IV	-0.019
HD 37005	HIP 25874	82.85248	-60.78671	631.1	m	8.865	-0.136	K4 III	1.834
HD 48413	HIP 32298	101.14396	30.48559	631.15	m	8.285	-0.716	B9	0.05
HD 188537	HIP 97906	298.44231	45.47041	631.2	m	7.822	-1.179	K0	1.419
HD 109564	HIP 61538	189.1113	-67.30268	631.2	m	8.713	-0.288	B7 IV/V	-0.043
HD 124410	HIP 69512	213.44793	-13.34108	631.23	m	7.978	-1.023	K5/M0 III	1.959
HD 34788	HIP 25081	80.54599	45.08164	631.46	m	7.717	-1.285	A0	-0.026
HD 154890	HIP 83775	256.83421	21.69492	631.52	m	8.885	-0.117	K2	1.815
HD 51478	HIP 33441	104.29923	-9.06449	631.56	m	8.266	-0.736	M2/3 III	1.719
HD 18231	HIP 13774	44.31417	46.01994	631.62	m	7.955	-1.047	B8	0.034
HD 120418	HIP 67617	207.82907	-64.52637	631.65	m	8.838	-0.164	B9 IV	0.004
HD 60823	HIP 37038	114.17461	9.28448	631.72	m	8.597	-0.406	K	1.89
HD 92432	HIP 52188	159.92614	-37.43323	631.74	m	7.673	-1.33	K4 III	1.765
HD 85210	HIP 48104	147.11272	-57.6586	631.99	m	8.441	-0.563	M4 III	1.803
HD 102638	HIP 57623	177.2221	-26.04807	632.01	m	8.494	-0.51	A5/7 + G(8) III	0.642
HD 206161	HIP 107058	325.24752	-31.92303	632.03	m	8.302	-0.702	K0 III	1.526
HD 214103	HIP 111557	339.00911	-7.07609	632.04	m	8.634	-0.37	K3 III	1.783
HD 197997	HIP 102457	311.42507	46.19692	632.05	m	8.931	-0.073	M5	1.792
HD 28027	HIP 20596	66.17248	-21.87276	632.06	m	8.751	-0.253	B9.5 V	-0.028
HD 133862	HIP 73995	226.82312	-20.22283	632.07	m	8.664	-0.34	K5 III	1.951
HD 37453	HIP 26658	84.98592	30.08646	632.1	m	8.238	-0.766	F4III	0.834
HD 215742	HIP 112642	342.19961	-64.45774	632.23	m	8.818	-0.186	K2 III	1.747
HD 102323	HIP 57426	176.5956	-56.37846	632.32	m	8.85	-0.155	A2 IV	0.125
HD 175227	HIP 92708	283.35933	24.278	632.38	m	8.468	-0.537	B5III	0.01
HD 54670	HIP 34483	107.19252	-25.61768	632.39	m	7.734	-1.271	A0/1 IV/V	-0.009
HD 46774	HIP 31248	98.31705	-41.13094	632.4	m	8.763	-0.242	G8 III	1.222
HD 17812	HIP 13154	42.29081	-57.82012	632.43	m	8.641	-0.364	M2 III	1.849
HD 137865	HIP 75955	232.69756	-52.77045	632.43	m	8.507	-0.498	B9 III/IV	0.093
HD 85230	HIP 48120	147.16781	-55.49523	632.46	m	7.645	-1.36	M2 III	2.044
HD 57587	HIP 35834	110.84478	35.16927	632.47	m	8.204	-0.801	K2	1.88
HD 24926	HIP 18483	59.25985	-18.5539	632.47	m	8.137	-0.868	K0 III	1.472
HD 97146	HIP 54600	167.62256	-38.42377	632.48	m	8.585	-0.42	M0 III	1.991
HD 14514	HIP 10937	35.21988	10.0067	632.52	m	8.57	-0.435	G5	1.741
HD 5614	HIP 4518	14.47525	5.8718	632.57	m	8.837	-0.169	K5	1.781
HD 75870	HIP 43473	132.83079	-39.74512	632.59	m	7.671	-1.335	B3 V	-0.161
HD 58363	HIP 36110	111.57628	25.95451	632.64	m	8.661	-0.345	M1	1.627
HD 62219	HIP 37543	115.58023	-15.79042	632.66	m	8.837	-0.169	AP SI	-0.024
HD 225482	HIP 96995	295.71326	35.75016	632.68	m	7.937	-1.069	K0	1.375
HD 93318	HIP 52608	161.37048	-53.82453	632.69	m	8.622	-0.384	B9 IV	-0.026
HD 89079	HIP 50161	153.58906	-64.54066	632.72	m	8.167	-0.839	A0 IV	0.188
HD 14617	HIP 11210	36.07817	63.5365	632.78	m	7.714	-1.292	K2II-III	1.895
HD 96265	HIP 54151	166.16279	-65.57259	632.8	m	8.271	-0.735	M0 III	2.278
HD 24757	HIP 18183	58.34451	-54.85065	632.82	m	7.719	-1.287	B5 III/V	-0.136
HD 86111	HIP 48662	148.85881	-41.58688	632.88	m	7.3	-1.707	C	4.405
HIP 101109		307.42992	38.12542	632.93	m	8.141	-0.866	B 6 V	-0.071
HD 49449	HIP 32737	102.42179	28.31769	633.11	m	8.332	-0.675	K5	1.85
HD 39806	HIP 27811	88.27892	-39.52396	633.21	m	8.551	-0.457	K3 III	1.757
HD 13185	HIP 10211	32.83473	64.14577	633.22	m	8.857	-0.151	A0	0.186
HD 43913	HIP 30009	94.74358	4.19132	633.23	m	7.877	-1.131	B8 IV/V	0.129
HD 211205	HIP 110013	334.23154	-55.4	633.26	m	8.835	-0.173	K3 III	1.718
HD 30387	HIP 21994	70.91145	-58.5559	633.26	m	8.383	-0.625	K3 III	1.726
HD 118973	HIP 66778	205.3001	-42.50238	633.53	m	8.726	-0.283	K0 III	1.482
HD 106539	HIP 59744	183.78075	58.94779	633.63	m	8.802	-0.207	K5	1.771
HD 34618	HIP 24707	79.5035	-18.61258	633.64	m	8.156	-0.853	M2/3 III	1.918
HD 155571	HIP 84361	258.70897	-47.91103	633.64	m	8.302	-0.707	K5 III	2.213
HD 15071	HIP 11426	36.84609	53.50006	633.66	m	8.631	-0.378	B8	0.089
HD 26714	HIP 19612	63.04206	-34.95638	633.76	m	8.638	-0.372	K4 III	1.797
HD 130286	HIP 72556	222.50435	-62.33076	633.79	m	7.404	-1.606	B7 II	-0.022
HD 190577	HIP 99051	301.65187	-25.57661	633.81	m	8.918	-0.092	K5 (III)	1.819
HD 151163	HIP 82277	252.17835	-55.43381	633.82	m	8.334	-0.676	K	1.791
HD 7604	HIP 5922	19.0448	13.73542	633.89	m	8.722	-0.288	K0	1.744
HD 164742	HIP 88459	270.92257	-27.09811	633.94	m	8.809	-0.201	K2/3 (III)	1.873
HD 56907	HIP 35189	109.08235	-50.04844	633.98	m	7.45	-1.56	AP SI	-0.036
HD 91373	HIP 51546	157.91951	-57.31206	634	m	8.86	-0.15	A0 VN	0.075
HD 178070	HIP 93952	286.9473	-15.12199	634.02	m	8.692	-0.319	B8/9 III	0.003
HD 81921	HIP 46348	141.74551	-48.69407	634.04	m	6.799	-2.212	B9.5 II/III	-0.054
HD 128120	HIP 71405	219.02773	-34.90599	634.05	m	7.792	-1.219	M1/2 III	1.989
HD 88839	HIP 50098	153.43367	-46.72522	634.08	m	8.956	-0.055	A0 IV	0.092
HD 34508	HIP 24856	79.92514	36.93327	634.2	m	8.487	-0.524	K2	1.784
HD 184974	HIP 97027	295.78518	-71.87335	634.26	m	8.409	-0.602	K4/5 III	1.978
HD 83211	HIP 47146	144.10625	-17.38526	634.36	m	8.854	-0.158	K4/5 III	1.919
HD 1546	HIP 1593	4.97509	44.70942	634.37	m	8.384	-0.628	C8	6.581
HD 201561	HIP 104417	317.28467	38.7292	634.4	m	7.609	-1.403	K2	1.514
HD 159627	HIP 86084	263.88581	5.01682	634.47	m	8.251	-0.761	M1	2.105
HD 180953	HIP 94940	289.78998	-15.90834	634.57	m	7.167	-1.845	C	3.215
HD 190405	HIP 98835	301.05881	17.73486	634.63	m	6.918	-2.095	F0I	0.557
HD 205462	HIP 106671	324.08408	-35.17939	634.63	m	8.118	-0.895	M1 III	1.995
HD 117074	HIP 65815	202.37606	-64.46001	634.65	m	8.694	-0.319	B9 V	0.023
HIP 45366		138.67999	6.17022	634.7	m	8.995	-0.018	K0	1.324
HD 126524	HIP 70691	216.87937	-48.38368	634.76	m	7.956	-1.057	K1 II	1.478
HD 185209	HIP 96559	294.4585	6.34395	634.88	m	8.757	-0.256	K3III	1.858
HD 49771	HIP 32699	102.31893	-18.46114	634.89	m	8.052	-0.961	A0 III	0.031
HD 174126	HIP 92228	281.9375	28.64377	634.92	m	7.759	-1.255	K2II	1.546
HD 33861	HIP 24476	78.79155	40.13246	634.99	m	8.857	-0.157	M3III	2.047
HD 186442	HIP 97101	296.00749	9.51763	635.02	m	6.689	-2.325	K0	1.521
HD 153477	HIP 83151	254.89374	5.8015	635.14	m	8.385	-0.629	K0	1.472
HD 109907	HIP 61690	189.68678	-45.24627	635.18	m	7.865	-1.149	M1 III	2.053
HD 173012	HIP 91871	280.93986	-15.27373	635.19	m	8.911	-0.104	M2 (III)	2.29
HD 173198	HIP 91910	281.05329	-1.55432	635.21	m	7.834	-1.181	B3 II	0.284
HD 38605	HIP 27382	86.99075	24.66153	635.25	m	7.714	-1.301	K2	1.73
HD 29260	HIP 21517	69.31157	18.54304	635.27	m	6.587	-2.428	F5-F9,5IB	0.913
HD 140155	HIP 76791	235.1888	38.71858	635.34	m	7.945	-1.07	K5	1.892
HD 96536	HIP 54333	166.72073	-42.20334	635.35	m	8.433	-0.582	K2 III	1.528
HD 170486	HIP 90938	278.25709	-56.64594	635.39	m	8.533	-0.482	K3 III	1.783
HD 159041	HIP 86026	263.7128	-47.87919	635.43	m	8.032	-0.983	B9 IB/II	-0.058
HD 233891	HIP 58514	179.99608	51.77156	635.43	m	8.91	-0.105	G 5 III WLM	0.919
HD 213483	HIP 111128	337.6935	46.52879	635.47	m	8.615	-0.4	B9	-0.057
HD 29441	HIP 21626	69.65099	8.17517	635.51	m	7.627	-1.389	B 2.5V:NE	-0.015
HIP 50003		153.1196	24.89419	635.59	m	8.991	-0.025	K7	1.939
HD 78171	HIP 44145	134.85241	-78.09263	635.68	m	8.483	-0.533	M3 III	2.087
HD 131612	HIP 73155	224.26248	-58.19144	635.69	m	8.457	-0.559	B5 III	-0.009
HD 18964	HIP 14350	46.26521	52.62828	635.71	m	7.383	-1.633	K5	2.305
HD 195195	HIP 101032	307.22927	29.96265	635.74	m	8.253	-0.763	A0	-0.021
HD 81166	HIP 46090	140.97854	-5.36146	635.85	m	7.602	-1.415	K3 III	1.71
HD 27352	HIP 20081	64.57991	-19.23371	635.9	m	8.768	-0.249	K3/4 III	1.737
HD 102105	HIP 57315	176.27306	1.57872	635.91	m	8.76	-0.257	K4/5 III	1.741
HD 3909	HIP 3259	10.37407	-20.29962	635.98	m	7.867	-1.15	K4 III	1.84
HD 13883	HIP 10580	34.04275	39.22451	636.07	m	8.368	-0.65	K2	1.774
HD 172535	HIP 91713	280.54209	-32.3671	636.09	m	7.764	-1.254	B3 IV/V	-0.087
HD 103016	HIP 57825	177.87995	-36.48279	636.12	m	8.942	-0.076	K1 III	1.371
HD 53608	HIP 33680	104.95559	-69.80958	636.15	m	8.566	-0.452	K4 III	1.797
HD 15681	HIP 11039	35.53131	-81.55086	636.17	m	8.649	-0.369	M3 III	1.852
HD 167878	HIP 89598	274.25967	4.92613	636.23	m	8.831	-0.187	K4 III	1.779
HD 188629	HIP 97936	298.56134	44.84732	636.33	m	8.432	-0.586	K5	2.073
HD 112367	HIP 63228	194.33914	-67.21271	636.33	m	8.525	-0.493	F6 V	0.709
HD 136273	HIP 75603	231.6968	-76.69061	636.41	m	8.861	-0.158	K4 (III)	1.945
HD 52849	HIP 33865	105.44912	-23.45907	636.41	m	7.604	-1.415	B3 IV	-0.136
HD 9812	HIP 7559	24.3453	58.6374	636.42	m	7.256	-1.763	B8	0.013
HD 56284	HIP 35031	108.69543	-37.2454	636.54	m	7.188	-1.831	B2.5 V	-0.182
HD 42332	HIP 29334	92.77028	24.8823	636.56	m	8.642	-0.377	B9...	-0.008
HD 100034	HIP 56125	172.57668	-42.15019	636.65	m	8.542	-0.477	K5 III	1.9
HD 106789	HIP 59888	184.23094	-32.35141	636.67	m	8.552	-0.468	K5 III	1.891
HD 8349	HIP 6425	20.61534	-18.80707	636.71	m	8.813	-0.207	K2/3 III	1.689
HD 138664	HIP 75888	232.50391	62.71397	636.73	m	8.686	-0.334	K5	1.727
HD 121184	HIP 67802	208.34557	24.15988	636.75	m	8.118	-0.902	K3III	1.724
HD 218844	HIP 114441	347.65701	46.37788	636.78	m	8.182	-0.838	A0	-0.05
HD 194576	HIP 100702	306.24495	39.83938	636.81	m	8.647	-0.373	B8III	-0.051
HD 150918	HIP 81855	250.77707	26.05693	636.88	m	8.119	-0.901	M2	1.914
HIP 114691		348.50312	72.84613	636.89	m	8.965	-0.055	K0	1.656
HD 24904	HIP 18323	58.76013	-53.17286	636.94	m	8.266	-0.755	K5 III	1.841
HD 136316	HIP 75221	230.57477	-53.23757	637.04	m	7.76	-1.261	G0/2 IV/V	1.344
HD 5479	HIP 4452	14.24676	31.89635	637.08	m	7.909	-1.112	M0	1.952
HD 127907	HIP 71465	219.23145	-65.46044	637.18	m	8.719	-0.302	G8 III	1.264
HD 4671	HIP 3778	12.13918	-14.75078	637.21	m	8.458	-0.563	K2/3 III	1.536
HD 170764	HR 6947|HIP 90836	277.97221	-19.12507	637.22	m	6.872	-2.149	G1 IB	1.377
HD 46838	HIP 31748	99.61645	52.00616	637.23	m	8.666	-0.355	K0	1.675
HD 34497	HIP 24562	79.04432	-35.81283	637.23	m	8.847	-0.174	K1 IV	1.755
HD 43033	HIP 29462	93.11413	-35.25593	637.24	m	8.907	-0.115	K5/M0 III	1.777
HD 59371	HIP 36597	112.90815	42.64142	637.24	m	7.716	-1.306	K5	1.977
HD 187979	HIP 97587	297.53139	54.6518	637.26	m	8.173	-0.849	K5	1.978
HD 267315	HIP 33547	104.57515	3.50716	637.27	m	8.703	-0.319	M2	1.775
HD 83685	HIP 47444	145.04087	-1.03584	637.28	m	7.925	-1.097	G8 III	1.254
HD 47777	HIP 31955	100.17622	9.65592	637.31	m	7.921	-1.101	B 3 V	-0.188
HD 203356	HIP 105309	319.93725	53.95149	637.34	m	8.084	-0.938	B9	0.272
HD 221990	HIP 116493	354.08765	62.42992	637.43	m	8.081	-0.941	A0	0.052
HD 47817	HIP 31952	100.15601	3.37363	637.45	m	7.942	-1.08	K3 IV	1.694
HD 170499	HIP 90739	277.72362	-27.95176	637.48	m	7.967	-1.055	K4 III	2.246
HD 62036	HIP 37343	114.97809	-45.96963	637.57	m	7.599	-1.424	M1 III	2.063
HD 33981	HIP 24242	78.06986	-39.05937	637.57	m	8.332	-0.691	M1 III	1.876
HD 67920	HIP 39915	122.27937	-29.87205	637.58	m	7.883	-1.14	G5 II/III	1.187
4 Gem	HD 42216|HIP 29288	92.62473	22.99788	637.59	m	6.864	-2.159	B 8 III/IV	-0.088
HD 6962	HIP 5533	17.71768	49.16438	637.64	m	7.459	-1.564	K2	1.969
HD 28478	HIP 20903	67.21073	-14.9793	637.69	m	8.442	-0.581	M2/3 III	1.886
HD 92330	HIP 52095	159.67877	-49.74214	637.72	m	8.191	-0.832	M2 III	2.086
HD 37910	HIP 27951	88.71533	80.26075	637.73	m	8.854	-0.169	K0	1.465
HD 60057	HIP 36605	112.91909	-26.9014	637.81	m	8.694	-0.329	B9 III	-0.179
HIP 85873		263.22042	21.88255	637.91	m	8.99	-0.034	M1	1.841
HD 215591	HIP 112363	341.38632	48.16159	637.91	m	8.685	-0.339	A0	0.013
HD 82937	HIP 46666	142.72068	-71.76929	637.95	m	8.378	-0.646	K2 III	1.525
HD 47592	HIP 31909	100.03204	16.71932	637.97	m	8.894	-0.13	A0	0.079
HD 58377	HIP 35906	111.03332	-28.82789	638	m	6.752	-2.272	B3 III	-0.16
HD 52371	HIP 33861	105.44202	20.05482	638.09	m	7.976	-1.048	A0	-0.075
HD 190530	HIP 99062	301.67588	-37.08918	638.16	m	8.791	-0.234	K3 III	1.769
HD 97505	HIP 54799	168.27761	-17.25631	638.18	m	8.272	-0.753	M2 III	1.813
HD 148992	HIP 81338	249.18523	-66.98441	638.21	m	7.549	-1.476	K1 II + A3/5	1.249
HIP 82029		251.34689	45.62309	638.22	m	8.686	-0.339	M2	1.797
HD 162206	HIP 87502	268.1724	-52.48041	638.23	m	8.247	-0.778	B9 III/IV	0.006
HD 126947	HIP 70772	217.11901	5.68091	638.25	m	7.584	-1.441	M1	1.964
HD 47658	HIP 31625	99.27128	-50.48266	638.26	m	8.319	-0.706	M2 III	1.86
HD 46014	HIP 31255	98.33176	47.21839	638.3	m	7.747	-1.278	M0	2.053
HIP 25774		82.55522	-12.76256	638.35	m	8.238	-0.787	K5	1.939
HD 109096	HIP 61092	187.81332	73.47725	638.41	m	8.967	-0.059	K0	1.575
HD 50251	HIP 32979	103.05061	-5.6454	638.45	m	7.247	-1.779	B8 II	-0.053
HD 163066	HIP 87756	268.88927	-30.68331	638.45	m	8.936	-0.09	B9 IV	0.049
HD 202413	HIP 105088	319.32374	-48.70738	638.61	m	8.704	-0.322	M2 III	1.896
HD 152328	HIP 82544	253.08222	11.24189	638.62	m	7.195	-1.831	K5	1.917
HD 142797	HIP 78052	239.03759	11.64133	638.63	m	8.666	-0.36	K5	1.912
HD 233404	HIP 36584	112.86938	52.63565	638.73	m	8.677	-0.35	K5	1.761
HD 135551	HIP 74859	229.47134	-52.28649	638.75	m	8.285	-0.742	G8 IICNIB	1.335
HD 35051	HIP 25111	80.64368	16.80395	638.89	m	8.332	-0.695	B8	0.179
HD 47028	HIP 31198	98.1794	-59.26398	639.04	m	8.944	-0.084	K1/2 III	1.531
HD 120417	HIP 67611	207.80956	-63.89	639.04	m	8.931	-0.097	B9 IVN	0.011
HD 113291	HIP 63679	195.75395	-27.50336	639.04	m	8.728	-0.3	KP BA	1.513
HD 175803	HIP 92957	284.07773	19.84772	639.04	m	8.011	-1.017	B3V	0.001
HIP 1131		3.5249	73.39093	639.06	m	8.509	-0.519	M2	2.013
HD 192575	HIP 99435	302.73713	68.27221	639.07	m	6.853	-2.175	B 0.5V	0.137
HD 197852	HIP 102456	311.42204	18.57656	639.08	m	8.525	-0.503	A0	-0.031
HD 51232	HIP 33193	103.62012	-43.10849	639.14	m	8.013	-1.015	K5 III	1.954
HD 78880	HIP 44944	137.32509	-37.71639	639.19	m	8.366	-0.662	K2 III	1.595
HD 197074	HIP 101970	309.97607	38.7585	639.24	m	8.234	-0.794	K2	1.189
HIP 91943		281.13321	81.06542	639.26	m	8.673	-0.355	K2	1.39
HD 7561	HIP 5914	19.02095	25.76936	639.27	m	7.079	-1.949	N	3.368
HD 5440	HIP 4451	14.24194	56.24002	639.28	m	8.697	-0.331	K2	1.133
HD 21960	HIP 16749	53.86889	59.5284	639.35	m	8.044	-0.985	B8	0.127
HD 27784	HIP 20624	66.28964	44.36478	639.38	m	8.06	-0.969	K2	1.634
HD 92892	HIP 52402	160.65716	-51.95911	639.41	m	8.844	-0.185	B9 V	0.085
HD 36575	HIP 26094	83.47652	27.16403	639.45	m	8.015	-1.014	K0	1.747
HD 206615	HIP 107503	326.59965	-68.6839	639.51	m	7.865	-1.164	M1 III	1.949
HD 229445	HIP 92125	281.65073	12.11701	639.55	m	8.808	-0.221	K5	2.099
HD 96784	HIP 54466	167.15197	-22.1605	639.58	m	8.658	-0.371	K2/3 III	1.698
HD 107957	HIP 60534	186.14132	-49.4402	639.58	m	7.787	-1.242	C	2.405
HD 157806	HIP 85091	260.86513	42.97631	639.6	m	8.939	-0.091	K2	1.705
HD 48808	HIP 32345	101.27791	-1.02099	639.6	m	7.433	-1.597	B7 III/IV	-0.077
HD 118760	HIP 66581	204.7266	-2.53069	639.63	m	7.897	-1.133	K4 III	1.842
HD 206325	HIP 107278	325.9417	-61.66279	639.71	m	8.803	-0.227	K3 III	1.655
HD 83205	HIP 47364	144.75303	58.54818	639.73	m	7.523	-1.507	M0	1.954
HD 199408	HIP 103462	314.4253	-24.88596	639.73	m	8.802	-0.228	K3 III	1.599
HD 87444	HIP 49443	151.41339	28.7231	639.74	m	8.556	-0.474	K0	1.229
HD 197262	HIP 102109	310.38936	33.02787	639.75	m	8.588	-0.442	B9	0.008
HD 37349	HIP 26165	83.67743	-55.25602	639.88	m	8.848	-0.183	M0 III	1.991
HD 12707	HIP 9549	30.67813	-57.59475	639.98	m	8.805	-0.226	B6 V	-0.096
HD 80591	HIP 45746	139.90371	-38.14594	639.98	m	8.575	-0.456	K4 III	1.789
HD 101817	HIP 57151	175.81718	20.37052	640.02	m	8.798	-0.233	K0	1.7
HD 53777	HIP 34233	106.45343	-13.82323	640.04	m	7.92	-1.111	F5 III	0.596
HD 83996	HIP 47471	145.15066	-48.40898	640.05	m	8.955	-0.076	K2/3 III	1.778
HD 197735	HIP 102356	311.08914	36.71363	640.07	m	7.946	-1.085	K5	1.973
HD 176089	HIP 93110	284.51978	15.22203	640.13	m	8.895	-0.136	K0	1.454
HD 114761	HIP 64422	198.06149	29.97624	640.19	m	8.633	-0.399	K3V	1.883
HD 133740	HIP 74163	227.30226	-63.51589	640.22	m	8.486	-0.546	K1 II	1.42
HD 29704	HIP 21688	69.84509	-30.45661	640.23	m	8.485	-0.547	M4 III	1.747
HD 185273	HIP 96604	294.60015	-0.92292	640.24	m	8.671	-0.361	B3 V	0.059
HD 202876	HIP 105468	320.44154	-64.40965	640.26	m	7.9	-1.132	M2 III	1.967
HD 200465	HIP 103822	315.58733	39.50903	640.32	m	6.619	-2.413	K3II-III	1.789
HD 73317	HIP 42325	129.43518	-1.12912	640.35	m	8.727	-0.305	K4 III	1.801
HD 7943	HIP 6208	19.89779	34.75284	640.4	m	7.687	-1.345	K2	1.813
HIP 113252		343.99991	35.19574	640.48	m	8.371	-0.662	M0	1.819
HD 90349	HIP 51058	156.48696	6.85821	640.49	m	8.534	-0.499	F8	1.835
HD 70051	HIP 40931	125.29728	35.32992	640.58	m	8.235	-0.798	M2	1.916
HD 123030	HIP 68528	210.43538	73.13903	640.64	m	8.324	-0.709	K0	1.192
HD 153753	HIP 83208	255.07653	26.24421	640.67	m	8.323	-0.71	M2	1.861
HD 85702	HIP 48332	147.78184	-63.17758	640.73	m	8.903	-0.13	B8 V	-0.014
HD 170885	HIP 90888	278.08883	-16.22267	640.75	m	8.55	-0.483	G8 III	1.425
HD 39654	HIP 27700	87.98073	-41.10529	640.77	m	6.906	-2.128	M1 III	1.979
HD 87740	HIP 49571	151.79272	3.6898	640.79	m	8.979	-0.055	G8 III	1.094
HD 177427	HIP 93769	286.44543	-29.08113	640.85	m	7.08	-1.954	B9 III(E)	-0.013
HD 37716	HIP 26562	84.72138	-37.75875	641.15	m	8.443	-0.592	K3 III	1.743
HD 201250	HIP 104196	316.65368	48.62783	641.2	m	8.82	-0.215	B7IV	0.012
HD 173064	HIP 91965	281.17603	-29.98017	641.21	m	7.816	-1.219	K5 III	2.03
HD 100576	HIP 56481	173.69447	46.59666	641.25	m	8.983	-0.052	K0III	1.393
HD 41907	HIP 29139	92.1984	22.98472	641.26	m	8.805	-0.23	K5	1.584
HD 17814	HIP 12987	41.75363	-71.64699	641.36	m	8.763	-0.273	K2 III	1.551
HD 131695	HIP 73022	223.8563	-9.47426	641.4	m	8.328	-0.708	K1 III	1.628
HD 8891	HIP 6904	22.22273	55.27898	641.43	m	8.134	-0.902	A0	0.116
HD 233591	HIP 44327	135.41187	49.78848	641.53	m	8.814	-0.222	B8	1.509
HD 16040	HIP 12152	39.15301	55.92536	641.56	m	8.662	-0.374	A0	0.163
HD 26692	HIP 19700	63.30225	-3.88489	641.57	m	7.736	-1.3	M2 III	1.865
HD 206968	HIP 107444	326.43373	1.66938	641.61	m	8.735	-0.301	K1 III	1.348
HD 192661	HIP 99777	303.66508	36.75207	641.68	m	6.71	-2.327	G8III	1.576
HD 190403	HIP 98783	300.93121	29.98946	641.7	m	6.915	-2.122	G5IB-II	1.332
HD 71676	HIP 39998	122.52774	-84.44489	641.72	m	7.944	-1.093	M2 III	2.079
HD 19357	HIP 14560	46.99461	35.94791	641.81	m	8.663	-0.374	A0	0.187
HD 108643	HIP 60900	187.21523	-6.53028	641.84	m	8.305	-0.732	K3 III	1.672
HD 210596	HIP 109530	332.81055	6.83885	641.86	m	8.753	-0.284	K5	1.761
HD 105341	HIP 59148	181.93743	30.42043	641.9	m	8.576	-0.461	K3III	1.799
HIP 10593		34.09799	0.83274	641.92	m	8.572	-0.465	K0	1.333
HD 50491	HIP 33007	103.16962	-21.18428	642.02	m	7.418	-1.62	B4 V	-0.11
HD 109496	HIP 61380	188.67703	47.00739	642.07	m	7.806	-1.232	K3IV	1.92
HIP 4591		14.68753	48.93853	642.1	m	8.554	-0.484	K2	1.787
HD 185695	HIP 96533	294.38407	54.95785	642.14	m	7.51	-1.528	M1	1.927
HD 74110	HIP 43438	132.70658	78.9615	642.16	m	8.874	-0.164	M4III	1.484
HD 22288	HIP 16397	52.78464	-66.29124	642.41	m	8.204	-0.835	M1 III	1.94
HD 126409	HIP 70245	215.59297	66.54628	642.43	m	8.276	-0.763	M2	1.757
HD 177333	HIP 93643	286.03489	2.52638	642.47	m	8.152	-0.887	B3/5 III/V	0.219
HD 10917	HIP 8327	26.83994	10.95368	642.48	m	8.95	-0.089	K2	1.787
HD 50372	HIP 33036	103.24709	2.74349	642.53	m	7.203	-1.836	K0 III	1.332
HD 73654	HIP 42349	129.51072	-38.75976	642.54	m	8.894	-0.146	B9 II/III	-0.1
HD 1540	HIP 1570	4.89272	-21.80726	642.67	m	7.908	-1.132	K4 III	1.834
HD 153314	HIP 83082	254.65749	1.66199	642.75	m	8.787	-0.253	K2 III	1.633
HD 220804	HIP 115785	351.85367	-60.69231	642.87	m	8.867	-0.174	K3 III	1.776
HD 43264	HIP 29719	93.89876	7.65226	642.95	m	7.519	-1.522	B9	-0.034
HD 177015	HIP 93581	285.88803	-20.12859	642.96	m	7.801	-1.24	B3/5 VN	-0.017
HD 225320	HIP 96770	295.05249	35.24882	643.04	m	8.395	-0.646	K2	1.756
HD 162999	HIP 87733	268.81626	-30.60102	643.06	m	8.52	-0.521	K5 III	1.793
HD 73478	HIP 42242	129.17812	-47.9984	643.07	m	7.358	-1.683	B3 IV	-0.117
HD 139971	HIP 76684	234.88356	42.69695	643.08	m	7.899	-1.142	M1	1.772
HD 70936	HIP 41240	126.22251	5.35064	643.32	m	8.403	-0.639	K5	1.774
HD 179884	HIP 94661	288.93829	-34.2691	643.39	m	8.768	-0.274	G8 III	1.364
HD 160940	HIP 86802	266.06313	-34.77126	643.43	m	8.073	-0.969	A3 V + G8/K0 III	0.872
HD 54935	HIP 34600	107.50027	-19.58549	643.47	m	7.838	-1.205	B8 III	-0.108
HD 42615	HIP 29623	93.63319	50.7765	643.51	m	8.663	-0.38	F8	0.841
HD 220018	HIP 115252	350.16024	-6.45138	643.55	m	8.738	-0.305	K5 III	1.965
HD 47868	HIP 31900	100.01746	-17.29365	643.63	m	7.549	-1.494	F0 V	0.522
HD 125829	HIP 70337	215.86262	-49.8514	643.66	m	8.197	-0.846	B7 III	0.047
HD 208685	HIP 108314	329.14612	52.52899	643.79	m	8.606	-0.438	A0	0.036
HD 103729	HIP 58233	179.16187	-45.54677	643.8	m	8.706	-0.338	K3/4 (III)	1.843
HD 56046	HIP 34964	108.51108	-31.6426	643.81	m	7.632	-1.412	B6 V	-0.097
HD 58112	HIP 35683	110.44759	-48.32895	643.81	m	8.398	-0.646	B4 V	-0.05
HD 72039	HIP 41933	128.22769	50.66564	643.96	m	8.517	-0.527	K2	1.869
HIP 101538		308.67489	-55.4964	643.98	m	8.927	-0.117	M0	1.981
HD 118497	HIP 66543	204.61353	-51.55206	643.99	m	8.113	-0.931	B2 III	-0.035
HD 40651	HIP 28602	90.55248	42.17642	644.02	m	8.428	-0.616	K0	1.353
HIP 34304		106.68718	28.21475	644.03	m	8.542	-0.503	K0	1.519
HD 185589	HIP 96769	295.05228	-11.6619	644.15	m	8.798	-0.247	B8 IV/V	0.062
HD 9429	HIP 7226	23.28319	27.9412	644.17	m	8.816	-0.229	G5	1.518
HD 209126	HIP 108621	330.07123	34.62959	644.21	m	6.993	-2.052	K5	1.623
HD 81449	HIP 46142	141.15074	-36.95225	644.21	m	8.5	-0.545	A0 V	0.056
HD 6033	HIP 4745	15.25458	-46.34321	644.21	m	8.476	-0.569	K4 III	1.83
HD 6688	HIP 5327	17.04399	44.79612	644.25	m	7.431	-1.614	B 8 III	-0.067
HD 75500	HIP 43282	132.25921	-39.41472	644.32	m	7.4	-1.646	B8/9 III	-0.07
HD 2796	HIP 2463	7.82048	-16.79466	644.36	m	8.585	-0.461	FW	0.761
HD 6928	HIP 5435	17.38382	-19.39171	644.39	m	8.826	-0.22	G8 IV	1.332
HD 159173	HIP 85974	263.5609	-24.8759	644.42	m	8.617	-0.429	M1 III	2.724
HD 1716	HIP 1709	5.38336	26.96213	644.45	m	8.224	-0.822	K2	1.897
HD 22061	HIP 16615	53.45394	10.23379	644.45	m	8.976	-0.07	K5	2.226
HD 113601	HIP 63887	196.38652	-49.85153	644.48	m	8.187	-0.859	K3 III	1.865
HD 221802	HIP 116404	353.81741	-9.68995	644.54	m	8.035	-1.011	K5/M0 III	1.854
HD 231944	HIP 96400	293.99346	14.8245	644.55	m	8.714	-0.332	B9	0.33
HD 192615	HIP 100089	304.57498	-54.16213	644.62	m	8.685	-0.362	K5/M0 III	1.894
HD 174328	HIP 92456	282.62988	-13.57226	644.66	m	6.639	-2.408	K1 II/III	2.014
HD 92708	HIP 52364	160.53425	-16.09177	644.69	m	8.547	-0.5	M2 III	1.904
HD 66034	HIP 39199	120.27526	-19.13363	644.75	m	8.798	-0.249	A1 III/IV	0.091
HD 158287	HIP 85635	262.51515	-37.05368	644.87	m	8.431	-0.616	B6 II/III	0.084
HD 37923	HIP 27132	86.29974	54.768	644.88	m	8.747	-0.3	K5	2.048
HD 213484	HIP 111139	337.72669	43.42782	645	m	8.283	-0.765	B9	0.001
HD 32465	HIP 23514	75.83999	-2.98243	645	m	8.283	-0.765	B9 III/IV	-0.049
HD 219074	HIP 114655	348.39106	-48.79998	645.01	m	8.246	-0.802	K1/2 III	1.529
HD 122388	HIP 68524	210.43209	-5.66635	645.14	m	8.727	-0.321	K1 III	1.555
HD 77244	HIP 44068	134.64416	-59.73803	645.14	m	7.619	-1.429	B4/5 V	-0.081
HD 193833	HIP 100725	306.31324	-58.09379	645.16	m	8.694	-0.354	K3/4 (III)	1.705
HD 75967	HIP 43493	132.87903	-46.54115	645.39	m	7.818	-1.231	M2/3 III	1.949
HD 207625	HIP 107751	327.4281	24.08915	645.42	m	7.961	-1.088	K5	1.922
HD 46972	HIP 31405	98.74092	-31.29145	645.57	m	7.919	-1.131	K2/3 III	1.801
HD 76841	HIP 43869	134.0554	-55.9553	645.59	m	8.871	-0.179	B9 V	0.036
HIP 48577		148.61663	16.03588	645.65	m	8.696	-0.354	K2	1.635
HD 176671	HIP 93301	285.06229	29.12637	645.81	m	8.718	-0.333	A0	-0.005
HD 99572	HIP 55860	171.7394	-44.3504	645.83	m	8.973	-0.078	K2 III	1.532
HIP 87189		267.19342	16.6164	645.94	m	8.426	-0.625	M0	1.881
HD 39735	HIP 27804	88.25513	-30.57147	645.96	m	8.065	-0.986	K5 (III)	1.859
HD 65470	HIP 39109	120.01876	31.59177	646.01	m	8.401	-0.65	K2	1.846
HD 127614	HIP 71388	218.97248	-69.02061	646.06	m	7.837	-1.214	B8 IB/II	0.026
HIP 110220		334.89407	14.60988	646.15	m	8.964	-0.088	M0	1.927
HD 65760	HIP 39171	120.18264	16.58808	646.21	m	8.195	-0.857	K5	1.957
HD 212444	HIP 110607	336.11915	-9.80023	646.21	m	8.617	-0.435	K2 III	1.673
HD 192805	HIP 99864	303.92319	30.74189	646.22	m	8.526	-0.526	A0	-0.045
HD 102909	HIP 57785	177.74215	33.60424	646.27	m	7.267	-1.785	K0III	1.213
HD 94522	HIP 53205	163.23124	-69.12161	646.27	m	7.574	-1.478	K2 IIICNIB/II	1.65
HD 84195	HIP 47720	145.93041	12.1598	646.28	m	7.979	-1.073	K5	1.935
HD 38580	HIP 27055	86.06431	-49.17348	646.3	m	8.062	-0.99	K1 III	1.444
HD 89194	HIP 50499	154.68326	53.49584	646.32	m	8.968	-0.084	K2	1.601
HD 118235	HIP 66338	203.92929	-14.98383	646.33	m	8.922	-0.13	M1 III	1.877
HD 179104	HIP 94247	287.7724	5.17982	646.41	m	7.31	-1.743	K3 III	2.017
HD 181700	HIP 95252	290.69951	-32.50323	646.43	m	8.308	-0.745	M2 III	1.983
HD 57618	HIP 35604	110.20845	-29.86327	646.44	m	7.827	-1.226	B5 VN	-0.146
HD 12634	HIP 9437	30.3006	-66.34877	646.46	m	7.709	-1.344	M3 III	1.978
HD 29872	HIP 21825	70.37896	-23.97644	646.53	m	7.554	-1.499	M1/2 III	2.004
HD 50301	HIP 32998	103.12009	-3.06362	646.53	m	8.237	-0.816	B9.5 IV/V	0.002
HD 208677	HIP 108509	329.73656	-39.52257	646.6	m	8.548	-0.505	M1 III	1.833
HD 69755	HIP 40622	124.39364	-25.00234	646.6	m	7.837	-1.216	M1/2 III	2.022
HD 154813	HIP 84063	257.78908	-58.02551	646.61	m	6.899	-2.154	G5/6 IB	1.554
HD 204536	HIP 105986	321.97635	46.56151	646.65	m	6.842	-2.211	B 3 III	-0.102
HD 167711	HIP 89679	274.52021	-37.10788	646.72	m	8.861	-0.193	G8/K0 III (+ G)	0.958
HD 169883	HIP 90714	277.62649	-59.29214	646.77	m	8.018	-1.036	M1/2 III	2.03
HD 187391	HIP 97786	298.05952	-51.24466	646.77	m	8.643	-0.411	K2/3 III	1.682
HD 22283	HIP 16721	53.77694	-4.89865	646.81	m	8.619	-0.435	K4/5 III	1.967
HD 215495	HIP 112423	341.57883	-48.39001	646.92	m	8.514	-0.54	M0 III	1.79
HD 100617	HIP 56487	173.70798	11.8253	646.98	m	8.756	-0.298	K5	1.874
HD 215509	HIP 112329	341.27781	36.32851	647.01	m	8.97	-0.085	K2	1.602
HD 36897	HIP 26211	83.78987	5.46221	647.06	m	8.316	-0.739	B8	0.125
HD 103226	HIP 57928	178.21825	-69.88416	647.13	m	8.308	-0.747	M2 III	2.088
HD 47663	HIP 31874	99.94388	-1.38014	647.21	m	7.055	-2	K0 III	1.482
HD 13015	HIP 9978	32.12387	42.51643	647.34	m	8.982	-0.074	K0	1.058
HD 157121	HIP 84875	260.19094	17.04001	647.41	m	7.922	-1.134	K2	1.577
HD 174223	HIP 92297	282.16473	19.80934	647.47	m	8.053	-1.003	B9	-0.003
HD 124551	HIP 69572	213.61434	-4.7856	647.54	m	8.004	-1.052	K2/3 III	1.573
HD 199997	HIP 103954	315.94644	-63.48091	647.56	m	7.748	-1.308	G1 II	0.971
HD 173558	HIP 92248	282.00041	-44.04119	647.58	m	8.738	-0.318	K1 III	1.324
HD 31542	HIP 22996	74.20666	1.52089	647.59	m	7.986	-1.07	M0 III	2.008
HD 55253	HIP 35368	109.58713	70.91938	647.59	m	8.777	-0.28	G5	1.077
HD 71606	HIP 41420	126.72866	-39.4129	647.64	m	8.157	-0.9	B8 III/IV	-0.023
HD 197111	HIP 102175	310.54813	-23.00126	647.65	m	8.74	-0.317	K2 (III)	1.624
HD 160541	HIP 86392	264.78953	31.88622	647.66	m	7.645	-1.412	K5	1.834
HD 23458	HIP 17713	56.90907	50.36395	647.68	m	7.859	-1.198	K2	1.726
HD 193688	HIP 100353	305.29265	12.84298	647.71	m	8.104	-0.953	A0	-0.045
HD 113888	HIP 64042	196.87815	-53.66737	647.71	m	8.628	-0.429	B9 III	-0.001
HD 212714	HIP 110710	336.45697	34.64752	647.78	m	8.719	-0.338	A0	0.022
HD 55923	HIP 35055	108.73956	-2.0896	647.82	m	8.904	-0.153	G6/8 IV	1.115
HD 200630	HIP 103939	315.90095	33.71956	647.83	m	8.154	-0.903	A0	-0.052
HD 38055	HIP 26840	85.48862	-24.40434	647.83	m	8.67	-0.387	M1 III	1.879
HIP 3962		12.71836	41.92566	647.83	m	8.943	-0.114	K5	1.795
HD 184380	HIP 96104	293.09684	41.1359	647.91	m	8.771	-0.287	A0	0.184
HD 74992	HIP 43098	131.66537	-22.69576	647.92	m	8.397	-0.661	B9.5 V	0.079
HD 90283	HIP 50981	156.2082	-24.97205	647.92	m	8.167	-0.891	K4/5 III	1.861
HIP 406		1.24399	26.72527	647.99	m	8.833	-0.225	M2	1.832
HD 41453	HIP 29102	92.07401	53.14211	648.01	m	8.393	-0.665	A2	0.133
HD 135592	HIP 75018	229.94047	-66.49603	648.01	m	6.786	-2.272	F7 IB/II	0.867
HD 174003	HIP 92252	282.0105	10.38614	648.06	m	8.935	-0.123	K5	1.641
HD 86662	HIP 49133	150.41488	53.63773	648.12	m	8.713	-0.345	K0	1.866
HD 101085	HIP 56692	174.36706	-63.68299	648.21	m	8.385	-0.674	B8 IV	0.108
HD 173994	HIP 92470	282.6724	-47.77974	648.24	m	7.035	-2.024	B2 IV	-0.163
HD 234992	HIP 97114	296.05085	53.99864	648.26	m	8.806	-0.253	M0	1.847
HD 166990	HIP 89283	273.28043	4.09121	648.27	m	8.624	-0.435	K0 III	1.266
HD 19415	HIP 14459	46.64714	-24.94585	648.36	m	8.881	-0.178	G8 IV	1.211
HD 133440	HIP 73964	226.73199	-57.40898	648.42	m	8.622	-0.437	B9 III	0.09
HD 218312	HIP 114216	346.95341	-58.30849	648.69	m	8.949	-0.111	K0 III	1.325
HD 17734	HIP 13446	43.29105	58.76555	648.7	m	8.065	-0.995	B 7 III	0.265
HD 28493	HIP 20733	66.6524	-55.20978	648.72	m	8.587	-0.473	M2 III	1.884
HD 32316	HIP 23572	76.01981	38.86976	648.79	m	8.162	-0.899	B9	0.281
HD 11519	HIP 8905	28.66477	53.89182	648.86	m	8.068	-0.993	G5	1.093
HD 120157	HIP 67454	207.35731	-59.92257	648.88	m	7.893	-1.168	K1 II/III	1.651
HD 178613	HIP 93898	286.8007	44.84172	648.89	m	8.461	-0.6	G0	0.756
HD 8731	HIP 6745	21.70948	45.67745	648.95	m	7.537	-1.524	B9	-0.077
HD 192445	HIP 99667	303.38746	36.32839	648.99	m	7.084	-1.977	B0.5III	-0.053
HD 65098	HIP 38808	119.13371	-15.52436	648.99	m	7.31	-1.751	K1 IIICNIV/VP	1.574
HD 195406	HIP 101110	307.43307	38.12949	649.06	m	8.447	-0.614	B8	-0.09
HD 71998	HIP 41594	127.19937	-41.53346	649.18	m	8.556	-0.506	B9 IV	0.015
HD 94531	HIP 53277	163.44629	-53.9191	649.22	m	8.96	-0.102	G5/8 (III)	0.786
HD 67409	HIP 39700	121.71475	-27.11427	649.23	m	7.039	-2.023	B7 III	-0.087
HD 42569	HIP 29256	92.53145	-29.81859	649.3	m	7.459	-1.603	B7/8 IV	-0.104
HIP 1981		6.27025	39.14584	649.35	m	8.48	-0.582	K0	1.594
HD 216992	HIP 113243	343.98275	68.24888	649.48	m	8.077	-0.986	B 3 II	0.129
HIP 47473		145.16369	-35.92518	649.52	m	8.761	-0.302	K5	2.048
HD 166790	HIP 89330	273.40556	-31.96734	649.52	m	6.777	-2.286	B7 II	-0.051
HD 1973	HIP 1880	5.93203	-49.35776	649.6	m	7.9	-1.163	M2 III	1.936
HD 19856	HIP 15138	48.78595	63.95823	649.64	m	8.854	-0.209	B8	0.198
HD 232273	HIP 3703	11.8763	51.10004	649.67	m	8.353	-0.71	K2	1.863
HD 141054	HIP 77480	237.30701	-52.21583	649.76	m	7.505	-1.559	M2/3 III	1.966
HD 102755	HIP 57674	177.43451	-53.07974	649.77	m	8.98	-0.084	K1 IIICNIV	1.319
HD 206157	HIP 107007	325.08447	-6.36886	649.79	m	8.148	-0.916	M1 III	1.955
HD 112288	HIP 63133	194.02999	-44.78087	649.82	m	8.222	-0.842	K5/M0 III	1.912
HD 16549	HIP 12317	39.65097	-21.03823	649.82	m	8.282	-0.782	M4 III	1.851
HD 127145	HIP 71093	218.07919	-63.01476	649.92	m	8.43	-0.634	B9.5 IV	0.042
HD 148570	HIP 80263	245.77785	70.79681	649.99	m	7.77	-1.295	K5	1.967
HD 140143	HIP 76937	235.65872	-18.6071	650.07	m	8.308	-0.757	M2 III	1.901
HD 170886	HIP 90900	278.12153	-18.97265	650.09	m	7.142	-1.923	G3/5 IB	1.627
HD 210562	HIP 109726	333.40635	-66.78215	650.12	m	7.744	-1.321	K2 II	1.64
HD 49671	HIP 33100	103.40857	61.01558	650.15	m	8.19	-0.875	M5	1.795
HD 192698	HIP 99812	303.78297	30.62001	650.21	m	8.723	-0.342	A0	-0.06
HD 146658	HIP 79701	243.98571	35.87071	650.22	m	8.173	-0.892	K5	1.723
HD 16997	HIP 12873	41.36991	51.58584	650.33	m	8.989	-0.077	A0	0.18
HD 189511	HIP 98476	300.09187	1.69821	650.39	m	7.56	-1.506	K0/2 II/III	1.265
HD 9354	HIP 7247	23.33863	55.8177	650.49	m	7.261	-1.805	K0	1.467
HD 94642	HIP 53373	163.71767	-46.5832	650.49	m	8.222	-0.844	M1 III	2.039
HD 102367	HIP 57457	176.67488	-58.62978	650.52	m	8.773	-0.293	B8/9 IV	0.071
HD 171427	HIP 91063	278.63042	6.46233	650.61	m	7.355	-1.712	K2	1.482
HD 209454	HIP 108720	330.35716	61.55611	650.65	m	7.788	-1.279	B 1 V	0.159
HD 73289	HIP 42067	128.61431	-61.48829	650.66	m	8.454	-0.613	B9.5 IV/V	0.1
HD 207489	HIP 107653	327.07678	38.95612	650.69	m	7.319	-1.748	F5IB	0.749
HD 221407	HIP 116112	352.90438	50.66546	650.73	m	8.841	-0.226	B9	0.031
HD 80030	HIP 45552	139.2605	-15.50745	650.73	m	8.081	-0.986	K4 III	1.774
HD 43672	HIP 29809	94.15959	-20.64058	650.76	m	8.476	-0.591	B8 V	-0.106
HD 61581	HIP 37370	115.06384	6.77739	650.76	m	8.396	-0.671	M1	1.908
HD 93271	HIP 52739	161.72623	43.0268	650.77	m	7.447	-1.62	K2	1.687
HD 162271	HIP 87391	267.89063	-30.2871	650.86	m	8.94	-0.127	B8/9 II	0.014
HD 98922	HIP 55537	170.63198	-53.36985	650.86	m	6.768	-2.299	B9 VE	0.045
HD 53670	HIP 34165	106.27314	-20.20247	650.89	m	7.136	-1.932	K1 IIICNIB/II	1.461
HD 114028	HIP 64200	197.36486	-71.33506	650.94	m	8.739	-0.329	G8 III	1.381
HD 151328	HIP 82053	251.41298	27.17705	650.99	m	8.688	-0.38	K5	1.85
HD 100425	HIP 56353	173.27015	-44.77056	651	m	8.016	-1.052	M2 III	2.003
HD 63666	HIP 38007	116.84828	-53.33245	651.05	m	7.591	-1.477	B7 IV/V	0.014
HD 35426	HIP 25326	81.25369	9.98106	651.08	m	8.334	-0.734	K2	2.005
HD 207298	HIP 107579	326.82974	28.09175	651.13	m	8.734	-0.334	K2	1.611
HD 201036	HIP 104166	316.57861	28.41326	651.18	m	8.983	-0.086	A0	-0.021
HIP 100870		306.78925	45.68404	651.18	m	8.32	-0.749	K5	1.772
HD 114572	HIP 64531	198.40073	-74.02154	651.25	m	8.512	-0.557	B9.5 V	0.051
HD 148429	HIP 80792	247.44523	-41.07147	651.27	m	8.752	-0.317	B9 IV	0.339
HD 69134	HIP 40172	123.06534	-60.03933	651.33	m	8.222	-0.847	M0 III	1.938
HIP 92640		283.13659	44.41521	651.36	m	8.973	-0.096	M0	1.935
HD 22089	HIP 16729	53.80925	42.59079	651.42	m	8.969	-0.1	B8	0.137
HIP 55347		170.01301	-35.25662	651.43	m	8.904	-0.165	K5	2.095
HD 220210	HIP 115334	350.41129	47.35113	651.5	m	8.42	-0.65	B9	0.056
HD 81540	HIP 46311	141.65785	16.6983	651.55	m	8.167	-0.903	M1	1.913
HD 212920	HIP 111073	337.52952	-69.27093	651.56	m	8.753	-0.317	K3 III	1.624
HD 91202	HIP 51359	157.3565	-69.60965	651.63	m	8.858	-0.212	K3 III	1.655
HD 184149	HIP 96058	292.97367	31.21495	651.64	m	7.962	-1.108	M0III	1.973
HD 177164	HIP 93659	286.07636	-20.1426	651.69	m	8.533	-0.537	B8 IV/V	-0.028
HD 26845	HIP 19800	63.65427	-2.13978	651.73	m	7.946	-1.124	K4 III	1.925
HD 58812	HIP 36151	111.7093	-8.52231	651.74	m	8.746	-0.324	B9.5 III/IV	0.023
HD 214486	HIP 111856	339.86764	-50.68147	651.75	m	7.989	-1.081	M2/3 III	1.858
HD 122249	HIP 68678	210.87952	-68.50373	651.76	m	7.579	-1.491	B5 III	-0.025
HD 33104	HIP 24077	77.59085	47.84489	651.81	m	8.926	-0.145	K0	1.376
HIP 71030		217.91274	88.85883	651.86	m	8.834	-0.237	K3	1.881
HD 147173	HIP 80395	246.15129	-65.72176	651.93	m	8.769	-0.302	AP SI	-0.1
HD 55026	HIP 34853	108.19077	34.25007	651.93	m	8.431	-0.64	K5	1.828
HD 68166	HIP 40193	123.15333	34.44573	652.01	m	8.624	-0.447	K2	1.329
HD 149098	HIP 81180	248.71867	-47.9898	652.08	m	7.979	-1.093	B9 IV	0.024
HD 174890	HIP 92721	283.40997	-21.05152	652.18	m	8.165	-0.907	F3 V	0.621
HD 107380	HIP 60184	185.13635	43.40836	652.19	m	8.552	-0.52	K0IV	1.478
HD 211111	HIP 109922	333.95784	-45.81569	652.19	m	8.813	-0.259	K3 III	1.687
HD 40738	HIP 28822	91.26218	61.39153	652.28	m	8.703	-0.369	A3	0.23
HD 120123	HIP 67353	207.06289	-38.26256	652.33	m	7.947	-1.125	K4 III	1.944
HD 140406	HIP 77242	236.57882	-57.81245	652.34	m	7.21	-1.862	K2 II/III	1.735
HD 71979	HIP 41633	127.33558	-26.92148	652.48	m	8.56	-0.513	G8/K0 III	1.202
HD 132986	HIP 73775	226.19946	-59.79488	652.48	m	8.477	-0.596	K4 III	1.994
HD 97602	HIP 54871	168.52537	23.84287	652.5	m	8.222	-0.851	B9	-0.12
HD 64916	HIP 38810	119.13869	11.04581	652.68	m	8.04	-1.034	M1	1.967
HD 44301	HIP 30268	95.50558	22.56433	652.69	m	8.796	-0.278	B9	0.038
HD 10773	HIP 8257	26.57968	43.70569	652.71	m	7.46	-1.614	A0	-0.002
HD 14839	HIP 11159	35.89077	2.58448	652.75	m	8.756	-0.318	K3/4 III	1.786
HD 56690	HIP 35340	109.50826	-2.54862	652.76	m	8.93	-0.144	B8/9 II	-0.061
HD 193647	HIP 100180	304.79684	50.8805	652.8	m	8.463	-0.611	K5	2.094
HIP 27893		88.5289	40.38805	652.8	m	8.242	-0.832	M0	2.127
HD 225070	HIP 251	0.77532	-25.26111	652.81	m	8.829	-0.245	K2 III	1.569
HD 101119	HIP 56711	174.40795	-60.98315	652.83	m	7.327	-1.747	B9 III	0.026
HD 91405	HIP 51577	158.00855	-54.97038	652.83	m	8.938	-0.136	B9.5 V	-0.01
HD 2623	HIP 2340	7.47573	8.80625	652.86	m	8.058	-1.016	K2	2.018
HD 118389	HIP 66370	204.08535	19.99054	652.99	m	8.907	-0.168	K5	1.9
HD 126369	HIP 70540	216.45419	-31.49933	653.09	m	8.74	-0.335	K2 III	1.705
HD 37029	HIP 26663	85.00031	63.22917	653.19	m	8.69	-0.385	K2	1.923
HD 169143	HIP 90229	276.15359	-32.29112	653.23	m	7.245	-1.83	K1 IIICNIB/II	1.662
HD 168791	HIP 90231	276.1618	-54.95715	653.25	m	7.855	-1.22	K3 II/III	1.864
HD 118423	HIP 66523	204.53692	-56.22234	653.28	m	8.081	-0.995	B9 III	0.014
HD 56023	HIP 34851	108.18916	-51.21184	653.33	m	7.18	-1.896	B2 V	-0.151
HD 82325	HIP 46520	142.32258	-54.79585	653.34	m	8.134	-0.942	B8 V	-0.067
HD 134095	HIP 74215	227.49187	-50.83825	653.36	m	8.386	-0.69	B8 V	0.005
HD 59514	HIP 36445	112.49934	-7.74615	653.41	m	8.761	-0.315	A0 V	-0.043
HD 32697	HIP 23827	76.84256	46.47815	653.43	m	8.961	-0.115	A0	0.264
HD 259431	HIP 31235	98.27164	10.32221	653.44	m	8.886	-0.19	B6PE	0.27
HD 131105	HIP 72890	223.46237	-56.01173	653.51	m	8.855	-0.221	B3/5	-0.041
HD 149418	HIP 81431	249.49535	-58.63086	653.51	m	7.388	-1.688	B2/3 IV	-0.049
HD 12962	HIP 9757	31.37239	-48.49058	653.52	m	8.004	-1.072	M1/2 III	1.971
HD 19914	HIP 14801	47.78778	-32.08497	653.54	m	8.539	-0.537	K2 III	1.668
HD 140167	HIP 76969	235.74795	-24.26523	653.62	m	8.339	-0.738	K5 III	2.126
HD 193773	HIP 100381	305.37105	19.66202	653.62	m	7.77	-1.307	G5	1.163
HD 94331	HIP 53137	163.04549	-57.38092	653.63	m	8.129	-0.948	K3 II/III	1.801
HD 126500	HIP 70614	216.66073	-26.85725	653.67	m	8.348	-0.729	K2 III	1.757
HD 100606	HIP 56449	173.60922	-34.21524	653.71	m	8.573	-0.504	K2 III	1.664
HD 130891	HIP 73050	223.93723	-73.75152	653.77	m	8.375	-0.702	K2 III + A	1.35
HD 125794	HIP 70533	216.43893	-72.54961	653.84	m	8.757	-0.32	K4 III	1.855
HD 16890	HIP 12519	40.27889	-42.03638	653.89	m	8.541	-0.537	K3 III	1.779
HD 73653	HIP 42354	129.52363	-38.00901	653.92	m	7.16	-1.918	B2 III	-0.184
HD 146828	HIP 79753	244.17724	38.64502	653.93	m	7.9	-1.178	K2	1.858
HD 20074	HIP 15289	49.3162	65.11967	653.95	m	8.189	-0.889	G5	1.601
HD 26297	HIP 19378	62.26424	-15.89085	654.03	m	7.588	-1.49	G5/6 IVW	1.261
HD 49972	HIP 32899	102.82248	8.51119	654.07	m	8.998	-0.08	A0	0.057
HD 145070	HIP 79103	242.19712	6.64613	654.23	m	8.275	-0.804	K5	1.878
HD 142161	HIP 77715	237.99942	28.64375	654.24	m	8.97	-0.109	K5	1.925
HD 40078	HIP 27958	88.72512	-38.24698	654.34	m	8.417	-0.662	K4/5 III	1.869
HD 213304	HIP 111190	337.88863	-53.38251	654.44	m	8.459	-0.62	M4 III	1.794
HD 139259	HIP 76644	234.76995	-47.11247	654.44	m	8.471	-0.608	K5 III/V	1.914
HIP 24335		78.34607	-16.90877	654.46	m	8.167	-0.912	K5	1.717
HD 16159	HIP 12249	39.43477	55.97299	654.53	m	8.627	-0.453	A0	0.233
HD 169476	HIP 90321	276.43313	-23.08089	654.6	m	8.156	-0.924	G8 III	1.514
HD 186057	HIP 97055	295.87032	-32.52188	654.62	m	8.951	-0.129	K3 III	1.694
HD 89339	HIP 50395	154.35985	-45.08342	654.66	m	8.959	-0.121	G8/K0 III + (F)	0.828
HD 47659	HIP 32252	101.02174	62.96298	654.8	m	6.765	-2.316	K2	1.688
HD 161791	HIP 87218	267.28329	-36.5233	654.81	m	8.612	-0.469	B3 V	-0.018
HD 71265	HIP 41341	126.52242	-11.98422	654.86	m	8.308	-0.773	G5 III	0.929
HD 41920	HIP 28983	91.73727	-22.09303	654.94	m	8.945	-0.136	K3 III	1.623
HD 47976	HIP 34575	107.41462	85.57001	654.96	m	8.356	-0.725	M2	1.906
HD 125274	HIP 69805	214.29454	43.55516	654.98	m	8.1	-0.981	K2	1.656
HD 2152	HIP 2063	6.52651	55.49093	655.22	m	7.25	-1.832	K0	1.433
HD 38213	HIP 26788	85.34795	-50.75476	655.24	m	8.356	-0.726	M1/2 III	1.98
HD 219398	HIP 114782	348.76779	43.31451	655.27	m	8.284	-0.798	B9	0.058
HD 197309	HIP 102121	310.42445	36.76359	655.34	m	8.427	-0.655	K5	1.883
HD 57126	HIP 35118	108.91007	-63.17983	655.38	m	8.94	-0.142	K5/M0 (III)	1.756
HD 81735	HIP 46226	141.36403	-54.94365	655.53	m	8.174	-0.909	B8 IV	-0.065
HD 91330	HIP 51694	158.4024	45.91453	655.59	m	8.517	-0.566	K2	1.566
HD 114981	HIP 64622	198.66951	-38.65157	655.65	m	7.148	-1.935	B3/5 (V)NE	-0.106
HD 41676	HIP 29000	91.78725	14.44923	655.65	m	7.287	-1.796	K2	1.881
HD 141060	HIP 76947	235.67479	67.0666	655.66	m	8.089	-0.994	K5	1.941
HD 257046	HIP 30644	96.59666	26.13813	655.76	m	8.744	-0.34	K2	1.645
HD 28997	HIP 21215	68.26198	-26.23072	655.77	m	8.922	-0.162	K1 III	1.422
HD 60560	HIP 36639	113.02065	-55.00311	655.82	m	8.981	-0.103	M0 III	1.99
HD 829	HR 38|HIP 1030	3.20935	37.69366	655.89	m	6.687	-2.397	B2V	-0.14
HD 109145	HIP 61226	188.19284	-38.07684	655.92	m	7.989	-1.095	M1 III	1.983
HD 15375	HIP 11725	37.84315	64.53093	655.94	m	8.119	-0.965	K2	1.658
HD 217660	HIP 113739	345.52373	20.35596	655.95	m	8.361	-0.723	K2	1.611
HD 55902	HIP 34998	108.61656	-12.22697	656.06	m	8.677	-0.408	B9 III	0.003
HD 106255	HIP 59623	183.40456	-21.63471	656.27	m	8.325	-0.76	K5/M0 III	1.922
HD 208728	HIP 108353	329.27045	46.59244	656.27	m	6.918	-2.167	K0	1.369
HD 42771	HIP 29496	93.22896	9.03579	656.28	m	7.938	-1.147	B9	-0.094
HD 4605	HIP 3749	12.03403	19.48356	656.35	m	8.43	-0.656	K2	1.9
HD 19110	HIP 14430	46.56716	47.76221	656.37	m	8.492	-0.594	K5	2.237
HD 33742	HIP 24060	77.54484	-44.86003	656.4	m	8.97	-0.116	B9 III/IV	-0.084
HD 215700	HIP 112528	341.88673	-35.52031	656.48	m	8.704	-0.382	K2 IIICNV	1.494
HD 220898	HIP 115782	351.84912	29.89139	656.53	m	8.474	-0.612	K5	1.991
HD 105181	HIP 59056	181.6643	33.56713	656.56	m	8.068	-1.018	K4III	1.835
HD 108924	HIP 61093	187.81504	-52.79235	656.57	m	7.504	-1.582	K2/3 III	1.757
HD 50825	HIP 33146	103.52386	-17.90371	656.59	m	8.145	-0.941	AP SI	-0.017
HD 18161	HIP 13694	44.08994	41.43203	656.66	m	8.426	-0.661	K2	1.864
HD 148514	HIP 80717	247.20239	-5.44551	656.68	m	8.83	-0.257	K5 (III)	2.196
HD 45485	HIP 30857	97.18762	25.62092	656.72	m	8.53	-0.557	A0	0.021
HD 115335	HIP 64863	199.43077	-60.41592	656.73	m	8.294	-0.793	B9 III	0.123
HD 27488	HIP 20163	64.81973	-27.27197	656.75	m	8.892	-0.195	K3 III	1.732
HD 49711	HIP 32781	102.52443	6.2563	656.76	m	7.413	-1.674	B8	-0.088
HD 173193	HIP 91877	280.95289	6.52898	656.8	m	8.552	-0.535	B9	0.037
HD 150343	HIP 81622	250.05613	7.62598	656.82	m	8.579	-0.508	K5	2.065
HD 10957	HIP 8337	26.88063	-7.87687	656.85	m	8.739	-0.348	M2/3 III	1.704
HD 21966	HIP 16446	52.95383	-19.31606	656.9	m	8.601	-0.486	K2 III	1.644
HIP 43312		132.35243	-40.93632	656.96	m	8.693	-0.395	K5	1.862
HD 185735	HIP 96687	294.85384	29.92472	656.99	m	8.44	-0.648	M2III	1.994
HD 94693	HIP 53399	163.83274	-35.49715	657.03	m	8.049	-1.039	A0 V	0.106
HD 180940	HIP 94837	289.45798	18.84861	657.07	m	7.842	-1.246	G2III-IV	1.682
HD 87761	HIP 49405	151.28431	-61.68177	657.14	m	7.969	-1.119	K5 IB/II(P)	1.961
HD 82662	HIP 46775	142.99305	-45.7952	657.26	m	8.937	-0.152	B9 V	-0.027
HD 60440	HIP 36894	113.78233	20.31827	657.27	m	8.533	-0.556	K	1.807
HD 208392	HIP 108073	328.45042	62.61442	657.28	m	7.068	-2.021	B1IV:	0.191
HD 181242	HIP 95120	290.26234	-31.20589	657.33	m	8.744	-0.345	K3 III	2.048
HD 185749	HIP 97140	296.14372	-62.97794	657.37	m	8.879	-0.21	M2 III	1.979
HIP 26605		84.82075	-17.8286	657.38	m	7.899	-1.19	K5III	1.854
HD 218683	HIP 114414	347.56929	-35.39884	657.4	m	8.182	-0.907	K5 III	1.821
HD 56211	HIP 35051	108.72963	-28.96444	657.41	m	7.34	-1.749	B3 VN	-0.18
HD 162272	HIP 87395	267.89887	-31.41302	657.44	m	7.9	-1.189	G8 III	1.392
HD 151814	HIP 82427	252.68102	-25.42751	657.45	m	8.485	-0.604	K5 III	1.973
HD 76380	HIP 43717	133.55319	-43.49895	657.58	m	7.148	-1.942	K5 III	1.976
HD 15239	HIP 11604	37.40726	60.65728	657.63	m	8.553	-0.537	B5V	0.3
HD 112291	HIP 63150	194.09384	-55.68303	657.67	m	8.991	-0.099	K1 III	1.378
HD 140790	HIP 78179	239.44493	-81.5251	657.71	m	8.901	-0.189	M2/3 (III)	2.068
HD 67655	HIP 39731	121.82128	-41.73538	657.71	m	8.07	-1.02	M1 III	1.958
HD 40131	HIP 28340	89.83463	46.91844	657.72	m	8.004	-1.086	A0	0.018
HD 198480	HIP 102746	312.28089	42.95493	657.76	m	7.316	-1.774	B8	0.003
HD 189377	HR 7638|HIP 98253	299.48381	42.26077	657.76	m	6.557	-2.533	A 3 V	0.075
HD 64542	HIP 38555	118.41942	-19.5315	657.89	m	8.975	-0.116	B9 IV	-0.045
HD 49740	HIP 32732	102.41744	-6.27374	657.93	m	8.699	-0.392	K2/3 III	1.506
HD 143092	HIP 78178	239.43994	19.38312	657.94	m	8.732	-0.359	K0	1.429
HIP 98268		299.50544	41.65389	657.96	m	8.816	-0.275	B8	0.028
HD 168936	HIP 90081	275.7538	-17.67705	658.05	m	7.609	-1.482	A1 II(P)	0.134
HD 14104	HIP 10734	34.53888	45.21037	658.05	m	8.326	-0.765	K2	1.935
HD 218303	HIP 114126	346.69404	5.03588	658.05	m	7.759	-1.332	K5/M0 III	2.039
HD 114498	HIP 64339	197.82223	-31.11991	658.07	m	8.883	-0.208	M2 III	1.922
HD 50578	HIP 33203	103.66474	17.68439	658.07	m	7.922	-1.169	K2	1.922
HD 200863	HIP 104119	316.40865	16.88468	658.1	m	8.419	-0.672	K5	1.782
HD 140124	HIP 76909	235.56276	-7.91414	658.14	m	8.094	-0.998	M0 III	2.001
HD 99312	HIP 55719	171.2513	-59.65162	658.16	m	7.996	-1.096	K3 III	1.585
HD 32425	HIP 23366	75.36199	-38.92048	658.2	m	8.373	-0.719	K3 III	1.677
HD 210350	HIP 109482	332.68949	-40.25255	658.25	m	8.977	-0.115	K0 III/IV	1.326
HD 49233	HIP 32454	101.60748	-23.14933	658.28	m	8.224	-0.868	B3/5 V	-0.131
HD 89802	HIP 50614	155.08136	-57.65814	658.41	m	8.855	-0.237	B9 V	0.023
HIP 8234		26.5044	29.16435	658.45	m	8.587	-0.506	K0	1.642
HIP 105211		319.67668	16.3211	658.45	m	8.892	-0.201	K5	1.949
HD 50068	HIP 32859	102.73041	-14.26394	658.48	m	8.043	-1.05	B8 IV	-0.018
HD 88666	HIP 50091	153.41246	2.66916	658.49	m	8.953	-0.14	K1 III	1.429
HD 34235	HIP 24769	79.66573	52.087	658.71	m	8.42	-0.673	K0	1.501
HD 5322	HIP 4254	13.56228	-57.40311	658.77	m	7.435	-1.659	G6/8 II/III	1.221
HD 23800	HIP 17963	57.60446	52.4819	658.79	m	7.008	-2.086	B1IV	0.27
HD 79097	HIP 45143	137.9638	-6.97956	658.86	m	7.81	-1.284	M1 III	1.893
HD 141422	HIP 77467	237.24923	0.21005	658.9	m	8.88	-0.214	K2 III	1.698
HD 21493	HIP 16017	51.55279	-43.81667	658.93	m	8.845	-0.249	K2/3 III	1.641
HD 36717	HIP 25958	83.07307	-33.53081	658.99	m	8.355	-0.739	M0 III	1.871
HD 155650	HIP 84297	258.50842	-27.79657	659.02	m	6.764	-2.33	F2 III	0.618
HD 186635	HIP 96989	295.70556	55.02684	659.03	m	8.447	-0.648	M2	1.981
HD 257520	HIP 30771	96.98928	21.81935	659.09	m	8.847	-0.248	K2	1.912
HD 158890	HIP 85968	263.54867	-48.4686	659.12	m	7.838	-1.257	M3/4 III	1.903
HD 20397	HIP 15200	48.97284	-27.12838	659.26	m	8.558	-0.537	K5 III	1.917
HD 163073	HIP 88173	270.11907	-70.32023	659.33	m	8.579	-0.517	A1 V	0.165
HD 95960	HIP 54108	166.07942	5.22494	659.42	m	8.066	-1.03	M1	1.965
HD 87417	HIP 49301	150.94428	-43.22514	659.47	m	8.91	-0.186	G6 III	1.088
HD 191239	HIP 99652	303.34605	-67.2547	659.49	m	8.616	-0.48	M1 III	1.835
HD 42563	HIP 29359	92.82525	-3.4178	659.58	m	8.862	-0.234	B9 III	0.049
HD 176916	HIP 93471	285.53984	8.75331	659.58	m	8.633	-0.463	K0	1.279
HD 62617	HIP 37725	116.06556	-17.86394	659.63	m	7.725	-1.371	B9 III	-0.004
HD 70847	HIP 41063	125.68888	-38.89407	659.63	m	8.965	-0.132	AP SI	-0.049
HD 112800	HIP 63360	194.7459	34.54569	659.71	m	8.191	-0.906	M2	1.82
HD 218865	HIP 114403	347.53559	68.82547	659.82	m	8.072	-1.025	K5	1.907
HD 120741	HIP 67788	208.308	-63.87074	659.83	m	8.676	-0.421	K1 III	1.501
HD 140041	HIP 77058	236.01604	-54.98678	659.85	m	8.582	-0.515	M4/6E	1.658
HD 26558	HIP 19518	62.72304	-29.05427	659.85	m	8.999	-0.098	G8 III/IV	1.275
HD 13052	HIP 10044	32.32392	54.31994	659.96	m	8.781	-0.317	A0	0.037
HD 27246	HIP 20314	65.2798	55.50525	659.97	m	7.947	-1.151	A0	0.243
HD 183033	HIP 95594	291.65482	26.3123	660.01	m	8.977	-0.121	A5	0.195
HD 68580	HIP 40451	123.88554	53.26743	660.04	m	8.7	-0.398	K0	1.363
HD 24501	HIP 17968	57.62461	-60.42769	660.1	m	7.971	-1.127	M2 III	1.981
HD 233053	HIP 23478	75.69599	53.75891	660.19	m	8.649	-0.449	K5	2.011
HD 47430	HIP 31793	99.71453	5.68574	660.3	m	8.465	-0.634	B,V8	-0.166
HIP 110445		335.57029	38.38019	660.34	m	8.98	-0.119	K0	1.478
HD 29341	HIP 21737	70.0191	52.48622	660.34	m	7.99	-1.109	A0	0.082
HD 18915	HIP 14377	46.36478	61.65491	660.35	m	8.835	-0.264	B9	0.164
HD 17028	HIP 12892	41.4278	48.95825	660.37	m	8.429	-0.67	K0	1.831
HD 19661	HIP 14998	48.3383	63.608	660.56	m	8.8	-0.3	B9	0.141
HD 110299	HIP 61903	190.28709	-9.24554	660.56	m	7.931	-1.169	M2/3 III	1.935
HD 107905	HIP 60477	185.97468	40.71952	660.62	m	8.239	-0.861	M1III	1.849
HD 107550	HIP 60282	185.41411	21.30277	660.67	m	8.45	-0.65	G0	0.798
HD 100120	HIP 56169	172.7205	-47.97627	660.81	m	8.236	-0.864	G3/5 III	1.433
HD 59006	HIP 36195	111.81288	-19.99854	660.83	m	8.176	-0.924	B8 II	-0.079
HD 235538	HIP 106366	323.14973	53.80652	660.96	m	8.836	-0.265	B9	0.255
HIP 114684		348.48766	71.90896	661	m	8.709	-0.392	K5	1.824
HD 31311	HIP 22674	73.1475	-43.06054	661.11	m	8.137	-0.964	M2 III	1.833
HD 168329	HIP 89823	274.95886	-17.75081	661.14	m	7.103	-1.998	K2/3 III	1.915
HD 137916	HIP 75830	232.35169	-19.40466	661.18	m	8.674	-0.428	AP SI	0.025
HD 56540	HIP 35320	109.43579	7.79605	661.18	m	8.057	-1.045	B9	-0.04
HD 5127	HIP 4215	13.45205	53.25764	661.19	m	8.496	-0.606	B9	0.043
HIP 15408		49.66523	77.3232	661.23	m	8.551	-0.551	M0	2.185
HD 129897	HIP 72366	221.9533	-61.58855	661.25	m	8.511	-0.591	K0 II/III	1.574
HD 180025	HIP 94514	288.54731	18.44815	661.33	m	8.557	-0.545	B8	0.194
HD 89610	HIP 50551	154.88003	-43.3447	661.41	m	8.542	-0.56	A0/1 V	0.036
HD 21269	HIP 16075	51.7596	34.4295	661.46	m	6.86	-2.243	G0	1.229
HD 187168	HIP 97466	297.16245	-1.82649	661.46	m	7.351	-1.752	B9 II	0.153
HD 54337	HIP 34371	106.86618	-25.60352	661.53	m	8.217	-0.886	B8/9 V	-0.04
HD 82278	HIP 46518	142.3179	-52.42457	661.56	m	7.227	-1.876	B8 II	-0.067
HD 42565	HIP 29324	92.75651	-10.77334	661.58	m	8.747	-0.356	B9 IV	0.006
HD 63028	HIP 37880	116.46606	-24.25606	661.6	m	6.696	-2.407	B3 IV/V	-0.166
HD 205670	HIP 106727	324.27841	-7.81589	661.68	m	8.686	-0.417	K3 III/IV	1.688
HD 233568	HIP 43016	131.49318	53.91637	661.71	m	8.637	-0.466	K5	2
HD 81651	HIP 46216	141.33376	-48.27378	661.78	m	8.396	-0.708	A0 V	0.063
HD 73805	HIP 42469	129.87406	-21.92595	661.87	m	8.288	-0.816	K5 III	1.921
HD 84399	HIP 47721	145.93074	-44.24638	661.98	m	8.692	-0.412	K5 III	1.909
HD 193014	HIP 100032	304.43078	7.90087	662.03	m	8.891	-0.213	K5	1.477
HD 181395	HIP 95068	290.14194	-6.74766	662.03	m	8.292	-0.812	K5 III	1.659
HD 135394	HIP 74766	229.20809	-51.04756	662.05	m	8.106	-0.998	K2/3 III	1.918
HD 205060	HIP 106284	322.90379	42.70076	662.12	m	7.211	-1.894	B5	-0.033
HD 112915	HIP 63446	195.01908	0.30754	662.16	m	7.761	-1.344	M1/2 III	1.927
HD 53314	HIP 34247	106.49486	33.74246	662.23	m	7.664	-1.441	G5	1.828
HD 20567	HIP 15698	50.55423	65.31504	662.41	m	8.605	-0.501	B8IB	0.821
HIP 95137		290.34122	29.8002	662.45	m	8.418	-0.688	K2	1.734
HD 89145	HIP 50410	154.39774	30.88722	662.48	m	7.978	-1.128	M2	1.844
HD 188813	HIP 98334	299.67863	-41.84943	662.54	m	8.272	-0.834	M4E	1.59
HD 55040	HIP 34637	107.61057	-24.34627	662.73	m	8.525	-0.582	B8 V	-0.079
HD 81074	HIP 45955	140.5867	-39.38014	662.76	m	7.623	-1.484	K4 III	1.822
HD 140977	HIP 77418	237.08019	-44.35179	662.8	m	7.036	-2.071	A2 III	0.155
HD 66735	HIP 39541	121.20481	-5.41175	662.81	m	7.526	-1.581	M1/2 (III)	2.037
HD 197563	HIP 102330	310.9972	17.57152	662.84	m	8.217	-0.89	M1	1.975
HD 64513	HIP 38617	118.61322	5.51023	662.91	m	8.334	-0.773	B9	0.089
HD 36296	HIP 25710	82.352	-30.9562	662.93	m	8.039	-1.068	M4 III	1.833
HIP 21518		69.31389	-12.5603	662.93	m	8.693	-0.414	M0	1.948
HD 55514	HIP 34876	108.2389	-7.92065	662.96	m	8.861	-0.246	B9 III	-0.012
HD 47468	HIP 31857	99.89744	17.70302	662.99	m	8.483	-0.625	B9	0.026
HD 113224	HIP 63749	195.97311	-70.26843	663.06	m	8.587	-0.521	B9 III	0.067
HD 120798	HIP 67820	208.38793	-61.65319	663.11	m	8.929	-0.179	B9 IV/V	0.08
HD 214976	HIP 111988	340.2615	51.75848	663.23	m	6.927	-2.181	K2	1.833
HD 204860	HIP 106145	322.50373	45.49418	663.24	m	6.943	-2.165	B5	-0.047
HD 88292	HIP 49723	152.27893	-58.04047	663.25	m	7.495	-1.613	B8 II	-0.082
HD 115236	HIP 64778	199.13263	-44.70438	663.35	m	7.356	-1.753	SC	3.638
HD 38937	HIP 27329	86.84072	-40.32135	663.46	m	8.643	-0.466	K1/2 III	1.494
HD 73090	HIP 42085	128.66911	-44.52832	663.56	m	7.921	-1.188	B5 II/III	-0.094
HD 157454	HIP 85300	261.46707	-49.2532	663.57	m	8.01	-1.099	K0 III	1.454
HD 31830	HIP 23197	74.8822	12.82602	663.61	m	8.489	-0.621	M1	2.045
25 Gem	HD 47731|HR 2453|HIP 32019	100.33707	28.19664	663.64	m	6.549	-2.561	G5IB	1.278
HD 158770	HIP 84347	258.67536	82.33078	663.69	m	8.376	-0.734	K0	1.088
HD 207001	HIP 107361	326.18394	43.42921	663.74	m	7.769	-1.341	K5	2.083
HD 54599	HIP 34516	107.27991	-7.77238	663.77	m	8.496	-0.614	B8 Ib/II	-0.036
HD 124550	HIP 69544	213.54579	3.963	663.98	m	8.882	-0.229	M1 III	1.8
HD 66051	HIP 39229	120.35268	-12.79327	664.02	m	8.803	-0.308	AP SI	-0.05
HD 64203	HIP 38212	117.42292	-55.96438	664.04	m	8.409	-0.702	B8/9 V	0.023
HIP 21636		69.71264	82.48636	664.04	m	8.468	-0.643	M1	1.925
HD 38310	HIP 27107	86.22697	0.56379	664.09	m	8.818	-0.293	G8/K0 III	1.549
HD 208342	HIP 108155	328.68624	39.93542	664.1	m	8.461	-0.65	B9	0.07
HD 47217	HIP 31774	99.6662	26.49991	664.12	m	8.775	-0.336	A0	0.11
HD 8360	HIP 6410	20.58178	-31.42226	664.16	m	8.449	-0.662	M0 III	1.941
HD 34257	HIP 24672	79.39869	33.59349	664.17	m	8.096	-1.015	B8	0.09
HD 153575	HIP 83340	255.48059	-37.30148	664.17	m	7.738	-1.373	B0 III/IV	0.094
HIP 113317		344.23419	26.38787	664.28	m	8.741	-0.371	K0	1.529
HIP 1479		4.60246	83.36752	664.29	m	8.373	-0.739	K5	2.002
HD 34474	HIP 24586	79.11919	-28.13883	664.32	m	8.151	-0.961	K5 III	1.963
HIP 98826		301.03847	11.79454	664.32	m	8.231	-0.881	B9	-0.103
HD 160648	HIP 86735	265.85117	-46.58795	664.34	m	7.534	-1.578	B5/7 III	-0.054
HIP 24470		78.77861	-36.6511	664.34	m	8.337	-0.775	K1	1.288
HD 81770	HIP 46178	141.24671	-61.34663	664.36	m	8.618	-0.494	B8/9 V	-0.012
HD 116310	HIP 65342	200.88606	-45.52114	664.37	m	8.379	-0.733	K4 III	1.873
HD 207647	HIP 107704	327.26803	49.67711	664.39	m	7.152	-1.96	G4IB	1.375
HD 28836	HIP 21080	67.77149	-36.24338	664.39	m	8.521	-0.591	M3/4 III	1.817
HD 3882	HIP 3287	10.48789	54.77003	664.44	m	8.704	-0.408	B9	0.042
HD 49290	HIP 32612	102.06864	14.59244	664.49	m	7.678	-1.434	A0	-0.038
HD 100137	HIP 56162	172.69236	-61.0784	664.65	m	8.048	-1.065	G8 II	1.307
HD 191130	HIP 99249	302.20639	-15.41212	664.81	m	8.548	-0.565	M2 III	2.183
HD 18984	HIP 14270	45.99871	28.50912	664.88	m	8.244	-0.87	B9	0.196
HD 238586	HIP 81364	249.24655	58.95737	664.9	m	8.678	-0.436	K7	1.806
HD 209275	HIP 108769	330.51072	4.46917	664.92	m	8.527	-0.587	K3/4 (III)	1.826
HD 109038	HIP 61159	187.98528	-32.67274	664.93	m	8.353	-0.761	M0 III	1.958
HD 2005	HIP 1927	6.07681	-1.24129	664.99	m	8.555	-0.559	K4/5 III	1.817
HD 76937	HIP 44029	134.49313	-37.7168	665	m	8.603	-0.511	M0 III	1.952
HD 120401	HIP 67563	207.66891	-57.98811	665.1	m	8.838	-0.276	A2 IV	0.14
HD 191114	HIP 99304	302.35772	-32.06046	665.14	m	8.993	-0.122	K2 III	1.502
HD 184225	HIP 96238	293.53925	-19.57086	665.15	m	8.342	-0.773	K2/3 III	1.766
HD 222172	HIP 116621	354.50532	51.24245	665.19	m	8.385	-0.73	B9	0.006
HD 205979	HIP 107043	325.19064	-55.33874	665.29	m	8.713	-0.402	K5/M0 III	1.809
HD 215027	HIP 112044	340.41198	45.19477	665.36	m	8.952	-0.163	K5	1.855
HD 151954	HIP 82395	252.54295	11.07541	665.38	m	8.153	-0.962	K5	1.947
HD 153723	HIP 83213	255.09752	17.91649	665.41	m	8.017	-1.098	K5	1.942
HD 183197	HIP 95863	292.45835	-36.29555	665.41	m	8.504	-0.611	K4 III	1.863
HD 133660	HIP 74076	227.06757	-58.69939	665.42	m	8.922	-0.193	B8/9 III	-0.002
HD 219140	HIP 114645	348.37133	7.18056	665.52	m	8.797	-0.319	K0	1.884
HD 177624	HIP 93732	286.28561	9.64213	665.66	m	6.889	-2.227	B 3 V	0.174
HD 96933	HIP 54436	167.07656	-68.19552	665.72	m	8.945	-0.171	K3 III	1.828
HD 4362	HR 207|HIP 3649	11.67691	59.57454	665.73	m	6.527	-2.589	G0IB	1.225
HD 168880	HIP 90100	275.81109	-28.4122	665.74	m	8.602	-0.515	K2/3 + M	2.102
HD 18154	HIP 13730	44.20514	50.79672	665.85	m	8.844	-0.273	K5	2.147
HIP 19304		62.06859	63.83595	665.85	m	8.844	-0.273	B8	0.582
HD 198253	HIP 102619	311.91992	42.06854	665.91	m	7.559	-1.558	A0	0.063
HD 162522	HIP 86957	266.53666	67.62833	665.94	m	8.588	-0.529	K5	1.863
HD 27350	HIP 20182	64.89171	14.69233	665.95	m	8.858	-0.259	A2	0.586
HD 69225	HIP 40468	123.95143	-7.33646	665.97	m	8.562	-0.555	K2 III	1.724
HD 188938	HIP 98246	299.47375	-9.05845	666.07	m	7.773	-1.345	K5 III	1.966
HD 122960	HIP 68822	211.35239	-23.16491	666.09	m	8.854	-0.264	K4 III	1.751
HD 50509	HIP 33181	103.59227	19.59521	666.11	m	8.027	-1.091	B8	-0.105
HD 63010	HIP 37672	115.94189	-55.54933	666.12	m	8.681	-0.437	K4 III	1.953
HD 146045	HIP 79409	243.08956	42.98866	666.18	m	8.805	-0.313	K5	1.828
HD 38307	HR 1977|HIP 27181	86.41421	20.69504	666.39	m	7.196	-1.923	N	4.048
HD 174120	HIP 92454	282.62665	-36.81493	666.39	m	7.795	-1.324	G8 (III) + (F)	0.921
HD 15238	HIP 11607	37.4314	60.67736	666.45	m	8.551	-0.568	B3V	0.293
HD 142174	HIP 77681	237.88709	39.73594	666.5	m	8.099	-1.02	K5	1.888
HD 51110	HIP 33260	103.7989	-21.87192	666.52	m	8.708	-0.411	B9 IB/II	-0.146
HD 215854	HIP 112682	342.27341	-51.91694	666.53	m	8.563	-0.556	K3 III	1.851
HD 104772	HIP 58822	180.96891	-34.80848	666.55	m	8.104	-1.015	K3 III	1.935
HD 46466	HIP 31364	98.65064	23.20058	666.58	m	8.859	-0.26	A0	0.039
HD 125517	HIP 70547	216.47751	-78.45771	666.69	m	8.397	-0.723	M5 III	1.8
HD 184883	HIP 96401	293.99727	13.84187	666.75	m	8.934	-0.186	A0	0.107
HD 19681	HIP 14577	47.04417	-50.43058	666.78	m	8.534	-0.586	K2/3 III	1.747
HD 202293	HIP 104988	318.96268	-35.50413	666.96	m	8.136	-0.985	K5 III	1.947
HD 170682	HIP 90801	277.85087	-19.15861	667.01	m	7.999	-1.122	B5 II/III	0.289
HD 49392	HIP 32497	101.72905	-29.60757	667.14	m	8.674	-0.447	A0 IV/V	0.014
HD 216650	HIP 113154	343.70629	-23.10895	667.18	m	8.637	-0.484	K3 III	1.64
HD 38584	HIP 27378	86.98389	24.68683	667.2	m	6.949	-2.172	K2	1.819
HD 208973	HIP 108531	329.79797	33.63074	667.27	m	8.19	-0.932	B 2 V	-0.089
HD 104123	HIP 58474	179.86714	-50.50309	667.33	m	8.474	-0.648	K4/5 III	1.784
HD 71015	HIP 41168	125.99542	-32.89688	667.41	m	7.117	-2.005	B2 IV	-0.155
HD 69407	HIP 40105	122.88326	-70.51145	667.42	m	8.852	-0.27	B5 V	-0.018
HD 63836	HIP 38360	117.85079	14.17049	667.56	m	8.176	-0.946	K0	1.722
HIP 58814		180.94549	-57.74258	667.57	m	8.169	-0.953	B6/7 IV	-0.078
HD 29901	HIP 22035	71.05714	36.18122	667.6	m	8.517	-0.606	K5	2.01
HD 73187	HIP 42107	128.75119	-48.57532	667.64	m	8.904	-0.219	G8 IIICNII	1.251
HD 71538	HIP 41495	126.94174	-7.22035	667.78	m	7.727	-1.396	K4 III	1.874
HD 150029	HIP 81293	249.06051	46.79423	667.78	m	8.722	-0.401	K2	1.578
HD 218080	HIP 113995	346.28063	17.32685	667.89	m	8.474	-0.65	K5	1.897
HD 29997	HIP 22153	71.50106	46.98859	667.91	m	8.905	-0.219	B8	0.207
HD 51983	HIP 33592	104.68546	-20.61523	667.92	m	7.917	-1.207	M0/1 III	2.019
HD 206136	HIP 106733	324.30798	66.07002	667.99	m	8.34	-0.784	K0	1.148
HD 135452	HIP 74745	229.13488	-39.56094	668.03	m	7.03	-2.094	K3 III	1.811
HD 148802	HIP 80748	247.30051	35.63381	668.04	m	8.106	-1.018	K5	1.869
HD 48224	HIP 31981	100.24927	-30.55267	668.07	m	8.79	-0.334	K2/3 III	1.521
HD 113801	HIP 63955	196.60335	-20.05874	668.19	m	8.573	-0.551	K0 IIICNIAB	1.433
HD 75119	HIP 43254	132.1719	20.3378	668.28	m	8.357	-0.768	K2	1.639
HD 139355	HIP 76746	235.07804	-57.13896	668.28	m	8.484	-0.641	B9 IV	0.123
HD 147217	HIP 79985	244.89984	26.01707	668.29	m	8.785	-0.34	K2	1.807
HD 8103	HIP 6243	20.02187	-20.47089	668.37	m	7.66	-1.465	K5 III	1.886
HD 194820	HIP 100827	306.66094	35.03127	668.38	m	8.766	-0.359	A0	0.035
HD 50581	HIP 33167	103.55765	6.68799	668.38	m	7.524	-1.601	A0	0.022
HD 51579	HIP 33292	103.8845	-46.46459	668.39	m	8.665	-0.46	K3 III	1.734
HD 46288	HIP 31032	97.6694	-40.44809	668.5	m	6.772	-2.354	B3 IV	-0.118
HD 11911	HIP 9030	29.07655	-32.4854	668.54	m	8.997	-0.129	M2 III	1.945
HD 191011	HIP 99101	301.78894	15.26709	668.61	m	8.123	-1.003	K5	2.018
HD 105139	HIP 59043	181.57663	-69.79827	668.67	m	7.559	-1.567	B2 II/III	-0.02
HD 237271	HIP 20996	67.53762	57.06817	668.67	m	8.787	-0.339	K7	1.901
HD 184180	HIP 96167	293.30322	-0.83301	668.7	m	8.539	-0.587	B3 V	0.034
HD 104688	HIP 58777	180.82715	29.12058	668.71	m	8.459	-0.667	K3IV	1.737
HIP 8571		27.63395	27.93497	668.75	m	8.544	-0.582	M0	1.907
HD 82453	HIP 46668	142.72802	-39.25741	668.76	m	8.534	-0.592	K0 III	1.147
HD 182055	HIP 95145	290.36177	34.28888	668.79	m	8.307	-0.819	A0	0.025
HD 32266	HIP 23352	75.33328	-13.08939	668.85	m	8.902	-0.225	K2 III	1.754
HD 152537	HIP 82782	253.76284	-29.30524	668.97	m	8.705	-0.422	K1 III	1.309
HD 127160	HIP 71124	218.16288	-64.09676	669.04	m	8.11	-1.017	B8 III	-0.041
HD 117224	HIP 65826	202.41169	-41.88172	669.04	m	8.533	-0.594	K5 III	1.998
HD 35475	HIP 25530	81.89379	49.25878	669.04	m	8.229	-0.898	A0	0.082
HD 125317	HIP 70091	215.14477	-58.51596	669.08	m	7.801	-1.326	B8 II	0.073
HIP 78617		240.74957	70.11394	669.09	m	8.557	-0.57	M0	1.839
HD 66464	HIP 39220	120.33367	-49.62055	669.11	m	7.204	-1.923	B2 II	-0.113
HD 98621	HIP 55396	170.14263	-35.98353	669.12	m	8.692	-0.436	M2/3 III	1.983
HD 84912	HIP 48242	147.52296	51.41091	669.13	m	8.126	-1.002	K5	1.828
HD 194739	HIP 100858	306.7589	9.09215	669.15	m	7.516	-1.612	B 2.5V	-0.13
HD 166453	HIP 89224	273.12209	-39.34231	669.15	m	7.245	-1.883	B5 III	-0.106
HD 119264	HIP 66889	205.61654	-13.56011	669.5	m	8.843	-0.286	K2 III	1.721
HD 128239	HIP 71442	219.16059	-31.03628	669.51	m	8.598	-0.531	B9.5/A0 III/IV	0.026
HD 21932	HIP 16644	53.54103	46.8492	669.57	m	8.974	-0.155	A2	0.255
HD 123835	HIP 69263	212.69425	-37.01773	669.6	m	8.737	-0.392	K4 III	1.749
HD 88580	HIP 50053	153.28962	17.02018	669.61	m	8.908	-0.221	G5	1.526
HD 107425	HIP 60246	185.30247	-57.3039	669.63	m	8.512	-0.617	B9.5 V	0.076
HD 31433	HIP 23463	75.65428	72.41577	669.66	m	7.626	-1.503	G5	0.892
HD 141742	HIP 77745	238.09938	-43.64613	669.66	m	8.966	-0.163	K1 III	1.442
HD 147747	HIP 80577	246.7785	-59.50095	669.7	m	8.495	-0.634	B8 V	0.023
HD 189091	HIP 98232	299.43766	14.56279	669.72	m	8.891	-0.238	K2	1.817
HIP 11601		37.39374	-75.81644	669.74	m	8.783	-0.347	K0	1.596
HD 175025	HIP 92805	283.64747	-28.70375	669.76	m	8.481	-0.649	K5 III	1.978
HD 234679	HIP 91055	278.61557	49.95117	669.88	m	8.704	-0.426	K5	1.657
HIP 38077		117.04829	9.71718	669.9	m	8.886	-0.244	K5	1.838
HD 98938	HIP 55552	170.68458	-42.94801	669.99	m	7.61	-1.52	M0 III	1.984
HD 141134	HIP 77462	237.23453	-38.61252	670.03	m	8.603	-0.527	M2 III	2.198
HD 206750	HIP 107242	325.81804	38.0175	670.12	m	8.433	-0.698	N	5.32
HD 19635	HIP 14968	48.23683	63.18678	670.18	m	8.961	-0.17	B9	0.145
HD 10747	HIP 7873	25.3246	-75.66364	670.19	m	8.127	-1.004	B2 V	-0.144
HD 81576	HIP 46188	141.25569	-45.37636	670.19	m	8.165	-0.966	M3 III	1.982
HD 17450	HIP 12896	41.43918	-56.26647	670.25	m	8.862	-0.269	A0 IV/V	0.078
HD 101487	HIP 56976	175.20163	13.07805	670.3	m	8.731	-0.4	M4	1.742
HD 89065	HIP 50199	153.72212	-56.48383	670.33	m	8.422	-0.709	B9.5 IV	0.015
HIP 7678		24.71032	64.51939	670.45	m	8.764	-0.368	B5	1.188
HD 33034	HIP 23933	77.14724	28.27345	670.58	m	7.038	-2.094	A2	0.579
HD 33299	HIP 24100	77.64573	30.79754	670.65	m	6.875	-2.257	K1IB	1.886
HD 167532	HIP 90122	275.86485	-74.05535	670.68	m	8.741	-0.392	M1 III	1.953
HD 193239	HIP 100093	304.5893	25.61836	670.72	m	8.134	-0.999	A0	-0.024
HD 104255	HIP 58544	180.07527	-61.36782	670.79	m	8.155	-0.978	B8/9 III	-0.026
HD 188875	HIP 98058	298.91921	40.1729	670.84	m	6.735	-2.398	K2	1.763
HD 133884	HIP 74152	227.27386	-54.92672	670.91	m	8.552	-0.581	M2 III	1.929
HD 267562	HIP 33667	104.91466	10.89637	670.93	m	8.655	-0.478	K2	1.659
HD 150204	HIP 81416	249.41788	42.39238	670.96	m	8.349	-0.784	K5	1.84
HD 237206	HIP 18801	60.42553	56.17683	671.01	m	8.995	-0.139	G5	1.458
HD 161399	HIP 86554	265.32364	61.60571	671.06	m	8.589	-0.545	K5	1.757
HD 100714	HIP 56462	173.65049	-68.59934	671.22	m	8.751	-0.383	B8 III	0.127
HD 93058	HIP 52448	160.83048	-63.00885	671.24	m	8.949	-0.185	B9 IV	0.196
HIP 30109		95.04222	-31.73058	671.33	m	8.719	-0.416	K2	1.584
HD 2763	HIP 2427	7.73655	-36.2382	671.37	m	8.902	-0.233	K2 III	1.595
HD 21728	HIP 16438	52.92411	37.33141	671.38	m	8.756	-0.379	A2	0.2
HD 77174	HIP 44312	135.36204	19.03727	671.41	m	8.581	-0.554	K2	1.531
HD 178660	HIP 93913	286.83905	46.08533	671.43	m	7.868	-1.267	K2	1.886
HD 104574	HIP 58721	180.66284	11.87747	671.46	m	8.967	-0.168	K0	1.566
HD 160876	HIP 86799	266.05254	-41.66127	671.61	m	7.874	-1.262	B7 III	0.024
HIP 89261		273.23157	40.90062	671.62	m	8.795	-0.341	M0	1.83
HD 70858	HIP 41283	126.33119	29.65175	671.65	m	8.388	-0.748	K0	1.852
HD 221692	HIP 116299	353.46247	57.22107	671.68	m	8.346	-0.79	B9	0.124
HD 161561	HIP 87085	266.92418	-35.22217	671.69	m	7.604	-1.532	B8 II	0.004
HD 232685	HIP 12282	39.55089	50.86809	671.76	m	8.978	-0.158	K5	1.856
HD 61367	HIP 37243	114.73658	-0.26044	671.77	m	6.946	-2.19	K5/M0 III	2.018
HD 29403	HIP 21621	69.62941	18.73373	671.8	m	8.503	-0.633	A0	0.184
HD 181709	HIP 95133	290.32619	5.42271	671.9	m	8.788	-0.349	B8	0.479
HD 77077	HIP 43914	134.19065	-65.02128	671.92	m	8.89	-0.247	B8 V	0.053
HD 113061	HIP 63649	195.68012	-72.43176	671.95	m	8.766	-0.371	B9 IV	0.076
HD 5049	HIP 4139	13.23459	47.09857	671.99	m	8.615	-0.522	A0	0.083
HD 222018	HIP 116522	354.21591	43.30891	672.01	m	7.906	-1.231	K2	1.438
HD 87378	HIP 49273	150.87071	-45.44001	672.02	m	8.86	-0.277	K2 III	1.614
HIP 90078		275.74639	12.09059	672.04	m	8.883	-0.254	K0	1.47
HD 54802	HIP 34704	107.8141	24.66375	672.07	m	8.212	-0.925	M0	1.894
HD 160436	HIP 87248	267.41344	-77.23783	672.09	m	8.722	-0.415	K2/3 III	1.738
HD 200024	HIP 103746	315.35419	-23.07855	672.09	m	8.004	-1.133	K5/M0 III	1.972
HD 24268	HIP 17934	57.5317	-39.61816	672.14	m	8.281	-0.856	K3 III	1.656
HD 106132	HIP 59560	183.2171	-59.65531	672.26	m	7.214	-1.924	K0/1 III	1.68
HD 190025	HIP 98558	300.30497	43.04378	672.27	m	7.52	-1.618	B5	-0.11
HD 79829	HIP 45392	138.75327	-40.27323	672.31	m	8.554	-0.584	B9 V	-0.033
HD 12109	HIP 9091	29.2836	-56.94624	672.34	m	8.911	-0.227	K1 III	1.443
HD 40739	HIP 28639	90.71118	43.50956	672.35	m	8.484	-0.654	K5	1.923
HD 98455	HIP 55294	169.86011	-21.43294	672.35	m	8.348	-0.79	K5/M0 III	1.837
HD 186383	HIP 97107	296.02068	-2.00615	672.48	m	8.44	-0.698	B9 II/III	0.064
HD 77916	HIP 44580	136.24177	-11.69811	672.54	m	7.753	-1.386	K3 III	1.796
HD 78825	HIP 45025	137.57177	-0.27294	672.57	m	8.204	-0.935	M0 III	1.903
HD 193310	HIP 100462	305.58765	-56.50098	672.59	m	8.556	-0.583	K2/3 III	1.702
HD 42816	HIP 29247	92.49697	-51.40634	672.6	m	8.386	-0.753	K5/M0	1.934
HD 8253	HIP 6335	20.34991	-28.79394	672.63	m	8.662	-0.477	K1 III + G	1.1
HD 135688	HIP 74910	229.63248	-52.12334	672.66	m	8.096	-1.043	B8 IV	0.024
HD 106537	HIP 59768	183.83818	-42.54085	672.71	m	8.725	-0.414	K3 (III)	1.917
HD 187793	HIP 97432	297.03757	61.41125	672.72	m	7.228	-1.911	K5	1.867
HD 336301	HIP 90786	277.82703	27.83944	672.82	m	8.933	-0.207	K2	1.519
HD 27872	HIP 20466	65.77568	-22.12043	672.88	m	8.639	-0.501	K3 III	1.65
HD 218322	HIP 114217	346.95949	-56.14328	672.95	m	8.075	-1.065	M3 III	1.904
HD 63456	HIP 38330	117.77592	47.1342	673.27	m	8.524	-0.617	G0	0.671
HD 11577	HIP 8950	28.82296	57.09214	673.31	m	7.721	-1.42	A0II	0.062
HD 109	HIP 506	1.51464	53.27691	673.51	m	8.635	-0.507	A2	-0.026
HIP 6945		22.36108	49.16061	673.53	m	8.687	-0.455	M2	1.929
HIP 14850		47.94862	63.17227	673.64	m	8.998	-0.144	B5	0.125
HD 80229	HIP 45508	139.10914	-55.64682	673.69	m	8.38	-0.762	K4 III	1.806
HD 223330	HIP 117421	357.13975	42.1935	673.73	m	8.166	-0.976	K2	1.897
HD 214928	HIP 111985	340.24461	42.59845	673.75	m	8.602	-0.541	K5	2.004
HD 22115	HIP 16662	53.60553	20.3741	673.76	m	8.334	-0.809	K5	2.094
HD 14583	HIP 11110	35.74146	51.03626	673.78	m	8.973	-0.17	A0	0.059
HD 79660	HIP 45473	138.99708	21.28029	673.79	m	8.835	-0.308	K5	1.84
HD 52616	HIP 33775	105.21118	-26.95963	673.83	m	8.598	-0.545	B7/8 V	-0.061
HD 110664	HIP 62123	190.97274	-25.04148	673.83	m	8.739	-0.404	K1/2 III	1.531
HD 258853	HIP 31073	97.81194	9.79028	673.96	m	8.839	-0.304	B 3 IV:NN	0.036
HD 40101	HIP 28017	88.89385	-28.95369	674.05	m	8.012	-1.131	M3 III	1.847
HD 187734	HIP 97709	297.8618	4.08864	674.21	m	6.713	-2.431	K2/3 III	1.982
HD 151593	HIP 82306	252.25606	-20.45599	674.37	m	8.855	-0.29	M1 III	2.269
HD 237163	HIP 17106	54.96793	55.75829	674.47	m	8.79	-0.355	A3II	0.676
HD 39615	HIP 27834	88.34426	-8.11171	674.51	m	8.559	-0.586	K3/4 (III)	1.994
HD 91719	HIP 51755	158.62205	-49.2655	674.53	m	8.686	-0.459	K2/3 III	1.798
HD 65389	HIP 38605	118.55941	-64.94153	674.54	m	8.978	-0.167	B8/9 IV	0.005
HD 144702	HIP 79402	243.07375	-69.61962	674.61	m	8.157	-0.988	B8 II/III	-0.072
HIP 89516		274.00942	84.61148	674.7	m	8.646	-0.5	K2	1.841
HD 133336	HIP 73783	226.21813	-31.27901	674.75	m	8.986	-0.16	M0 III	1.99
HD 222261	HIP 116769	354.98088	-76.11192	674.84	m	8.927	-0.219	K3 (III)	1.717
HD 157191	HIP 85082	260.82433	-33.81979	674.88	m	8.498	-0.648	G8 III	1.441
HD 79835	HIP 45310	138.52891	-56.09274	674.9	m	8.494	-0.652	K4 III	1.889
HD 75062	HIP 43029	131.51721	-43.75116	674.94	m	7.891	-1.255	B8 III/IV	-0.061
HD 215033	HIP 112119	340.65756	-20.94553	675.04	m	8.708	-0.439	K5 III	1.819
HD 56430	HIP 35177	109.05413	-17.29646	675.13	m	7.805	-1.342	B7/8 II	-0.036
HD 7000	HIP 5525	17.67979	23.4662	675.16	m	8.454	-0.693	M1	1.842
HD 121708	HIP 68366	209.91924	-67.84696	675.33	m	8.429	-0.719	K3 III	2.024
HD 116855	HIP 65435	201.16706	66.16491	675.34	m	7.915	-1.233	K0	1.839
HD 217435	HIP 113696	345.40581	-57.28806	675.35	m	8.37	-0.778	K2 III	1.637
HD 66987	HIP 39588	121.3484	-14.28459	675.42	m	8.636	-0.512	A0 III/IV	0.085
HD 59618	HIP 36299	112.07819	-48.81287	675.45	m	7.978	-1.17	B3 III	0.013
HD 110967	HIP 62316	191.55863	-43.99852	675.46	m	8.502	-0.646	M3 III	1.99
HD 111236	HIP 62486	192.07557	-48.66649	675.47	m	8.786	-0.362	M1 III	1.87
HD 46643	HIP 31370	98.66572	1.72769	675.54	m	7.835	-1.313	B9/A0 III	-0.005
HD 211030	HIP 109669	333.245	53.98453	675.68	e	8.601	-0.548	A0	0.06
HD 217772	HIP 113811	345.71768	7.62983	675.68	e	8.034	-1.115	K2	1.594
HD 183691	HIP 96008	292.81575	-16.39742	675.7	m	8.409	-0.74	B9 IV	0.021
HD 58128	HIP 35862	110.90531	-15.21341	675.81	m	8.962	-0.187	A0 IV/V	0.039
HD 76525	HIP 43913	134.1896	0.39015	675.81	m	8.228	-0.921	K1 III	1.691
HD 58238	HIP 35767	110.6618	-44.61782	675.82	m	7.682	-1.467	B3/5 III	-0.098
HD 81335	HIP 46021	140.78951	-50.5704	675.91	m	8.87	-0.279	A0 III/IV	0.065
HD 34326	HIP 24439	78.6478	-44.22273	676.02	m	8.457	-0.693	B9 IV/V	-0.052
HD 205373	HIP 106508	323.58558	19.30734	676.04	m	8.214	-0.936	A0	-0.113
HD 146470	HIP 79652	243.81271	32.1471	676.27	m	8.55	-0.601	K4III	1.632
HD 182842	HIP 95459	291.28449	35.99946	676.33	m	8.147	-1.004	A0	0
HD 72625	HIP 41957	128.29039	-22.32785	676.37	m	8.513	-0.638	K2 III	1.724
HD 173787	HIP 92235	281.96804	-20.27451	676.45	m	7.003	-2.148	B9 III	0.098
HD 204995	HIP 106235	322.76413	43.10641	676.51	m	8.673	-0.478	B9	-0.054
HD 128471	HIP 71594	219.63776	-48.3964	676.55	m	8.599	-0.552	K4 III	2.017
HD 167917	HIP 89864	275.07779	-53.05411	676.67	m	8.723	-0.429	K1 II/III	1.422
HD 55353	HIP 34119	106.11642	-75.23131	676.68	m	8.485	-0.667	M3/4 III	1.961
HD 62739	HIP 37659	115.91268	-41.46768	676.73	m	7.523	-1.629	M2 III	1.988
HD 121892	HIP 68132	209.21783	53.89405	676.79	m	8.136	-1.016	K2	1.683
HD 78359	HIP 44617	136.37365	-55.48127	676.8	m	8.57	-0.582	G6 III	1.003
HD 193666	HIP 100249	304.97646	41.60239	676.81	m	8.129	-1.023	B8	-0.003
HD 213095	HIP 111019	337.37868	-29.0793	676.83	m	8.988	-0.164	K2 III	1.514
HD 2091	HIP 2004	6.35098	44.3244	676.89	m	8.688	-0.465	A2	0.014
HD 83369	HIP 47126	144.04566	-53.21455	676.98	m	8.276	-0.877	B8 II	-0.078
HD 126877	HIP 70606	216.6357	52.62522	676.99	m	8.283	-0.87	K0	1.698
HD 128293	HIP 71668	219.88194	-68.20339	677.01	m	6.913	-2.24	B2 VNE	-0.131
HD 158682	HIP 85811	263.00633	-31.82719	677.02	m	8.36	-0.793	A1 II	0.104
HD 31205	HIP 22948	74.06139	47.44081	677.04	m	8.777	-0.376	A0	0.046
HD 64199	HIP 38381	117.94228	-25.81666	677.18	m	8.915	-0.239	B8 IV	-0.087
HD 222905	HIP 117135	356.20221	-23.17839	677.2	m	8.976	-0.178	K2 III	1.368
HD 152929	HIP 82843	253.94622	17.40335	677.42	m	8.822	-0.332	K2	1.172
HD 196685	HIP 102145	310.46656	-59.44517	677.45	m	8.169	-0.985	M1 III	1.998
HD 43927	HIP 30101	95.01873	27.38501	677.5	m	8.228	-0.927	A0	0.081
HD 31380	HIP 23030	74.28322	39.25465	677.5	m	8.99	-0.165	A0	0.233
HD 69001	HIP 40296	123.43295	-31.54924	677.52	m	8.848	-0.307	A0 V	0.062
HD 129842	HIP 72383	222.00306	-65.73958	677.56	m	8.439	-0.716	B8/9 IV/V	0.018
HD 106814	HIP 59889	184.23591	27.73973	677.72	m	8.229	-0.926	M2III	1.799
HD 102354	HIP 57418	176.58163	-70.904	677.84	m	8.866	-0.29	AP SI	0.137
HD 80775	HIP 45800	140.0788	-41.44076	677.84	m	8.836	-0.32	A0 V	0.088
HD 128022	HIP 71555	219.52253	-68.95092	677.87	m	8.058	-1.098	B8 II/III	-0.001
HIP 30306		95.60811	26.66899	677.91	m	8.755	-0.401	A0	0.019
HD 94424	HIP 53349	163.65823	43.58299	677.91	m	8.736	-0.42	K0	1.419
HD 240282	HIP 115485	350.91079	60.4739	677.94	m	8.875	-0.281	K 3 V	2.027
HD 211516	HIP 110058	334.37402	5.14419	677.97	m	7.579	-1.577	M1/2 III	2.028
HD 86832	HIP 49025	150.02751	-42.4706	677.99	m	8.015	-1.141	K2 III	1.544
HD 67264	HIP 39620	121.44439	-33.56924	678.04	m	8.406	-0.75	B3 II/III	0.035
HIP 114564		348.0927	63.1317	678.06	m	8.951	-0.205	A0	0.078
HD 201542	HIP 104797	318.45825	-66.949	678.14	m	8.542	-0.615	K5 III	1.906
HD 77341	HIP 44261	135.20418	-34.56701	678.16	m	8.471	-0.686	G8 III	1.22
HD 123821	HIP 69089	212.11438	51.59237	678.17	m	8.742	-0.415	G 8 IIIP	1.251
HD 35304	HIP 25386	81.46516	43.23233	678.24	m	8.14	-1.017	K5	2.008
HD 234342	HIP 81886	250.90643	52.50299	678.3	m	8.874	-0.283	K7	1.66
HD 203921	HIP 105673	321.0577	36.42797	678.32	m	8.884	-0.273	B9III	-0.04
HD 192770	HIP 99962	304.2214	-6.83759	678.35	m	8.538	-0.619	K3/4 (III)	1.806
HD 172503	HIP 91531	279.99991	14.15814	678.49	m	8.382	-0.776	A5	0.472
HD 33086	HIP 23619	76.17005	-55.50122	678.49	m	8.551	-0.607	K4 III	1.797
HD 74436	HIP 42698	130.53148	-48.24467	678.62	m	8.187	-0.971	B3 V	-0.074
HD 191337	HIP 99265	302.25297	13.01587	678.74	m	7.912	-1.247	B5	-0.078
HD 28131	HIP 20538	66.01467	-47.15669	678.76	m	8.141	-1.018	K3/4 III	1.757
HD 77523	HIP 44278	135.2591	-51.12956	678.77	m	8.981	-0.178	B6 III	-0.104
HD 155454	HIP 85530	262.18328	-82.7796	678.87	m	6.625	-2.534	B2 V	-0.118
HD 158828	HIP 85971	263.5542	-52.20854	678.88	m	8.892	-0.267	B9 IV	0.041
HD 111109	HIP 62461	192.01015	-68.71988	678.96	m	8.888	-0.271	G6 III	1.093
HD 45911	HIP 31015	97.62173	4.33244	678.99	m	7.349	-1.81	B2/3 III	-0.152
HD 159426	HIP 86255	264.38138	-52.67012	679.04	m	8.849	-0.31	K3 III	1.85
HD 43528	HIP 29837	94.23658	5.93128	679.17	m	8.489	-0.671	K5	1.74
HD 189179	HIP 98236	299.44745	26.37308	679.19	m	7.85	-1.31	B9	0.064
HD 202644	HIP 105057	319.22807	13.95318	679.3	m	7.557	-1.603	B8	-0.115
HD 6268	HIP 4933	15.82572	-27.88055	679.34	m	8.194	-0.966	F/GW	0.917
HD 224031	HIP 117874	358.64352	55.13015	679.39	m	8.18	-0.981	K0	1.526
HD 60753	HIP 36745	113.36383	-50.58426	679.41	m	6.665	-2.496	B2 III	-0.098
HIP 103112		313.38287	34.74613	679.48	m	8.501	-0.66	M0	1.984
HIP 107255		325.8613	16.02575	679.49	m	8.924	-0.237	M0	2.108
HD 90121	HIP 50741	155.41982	-69.33305	679.53	m	8.211	-0.95	K2 III	1.633
HD 96525	HIP 54225	166.42574	-71.08441	679.63	m	8.289	-0.872	B8/9 V	0.051
HD 13065	HIP 9871	31.74877	-34.75378	679.66	m	8.017	-1.144	M0 III	1.943
HD 94179	HIP 53142	163.06478	3.7656	679.67	m	8.978	-0.183	K2 III	1.525
HD 4518	HIP 3664	11.71812	-38.94352	679.71	m	8.627	-0.535	M2 III	1.906
HD 82290	HIP 46800	143.05051	40.01936	679.89	m	8.565	-0.597	K0	1.79
HD 87699	HIP 49397	151.26918	-55.76745	679.96	m	8.146	-1.016	K4 III	1.878
HD 217709	HIP 113836	345.79115	-48.07238	679.97	m	8.961	-0.201	K1 III	1.235
HD 52206	HIP 33731	105.10411	1.93152	680.01	m	6.732	-2.431	B8 Ib	-0.145
HD 160797	HIP 86788	266.01007	-44.63527	680.07	m	8.231	-0.932	B5 III	-0.062
HIP 10424		33.58377	47.28788	680.12	m	8.664	-0.499	K5	2.054
HD 219925	HIP 115130	349.79448	49.23331	680.14	m	8.907	-0.256	G5	0.963
HD 130936	HIP 72820	223.2694	-56.29914	680.15	m	8.625	-0.538	B7 V	0.009
HD 187034	HIP 97120	296.07381	60.68414	680.15	m	8.915	-0.248	A3	-0.029
HD 49970	HIP 32946	102.94056	17.67374	680.18	m	8.096	-1.067	K2	1.954
HD 62452	HIP 37973	116.75168	55.54137	680.19	m	8.188	-0.975	M1	1.989
HD 176542	HIP 93302	285.06586	15.34708	680.21	m	8.905	-0.258	B2V	0.182
HD 43192	HIP 29645	93.70148	-1.71846	680.22	m	8.175	-0.988	A1 V + (G/K III)	0.75
HD 83032	HIP 46905	143.37781	-58.38622	680.27	e	7.977	-1.186	B7 III	0
HD 178734	HIP 94365	288.10049	-51.8056	680.38	m	7.241	-1.923	K5 III	1.79
HD 40531	HIP 28425	90.04071	19.99092	680.4	m	7.864	-1.3	B8	-0.125
HD 26971	HIP 20377	65.45046	71.30725	680.4	m	8.756	-0.408	G5	1.053
HD 83153	HIP 47005	143.70514	-50.56252	680.41	m	7.998	-1.166	B3/4 III	0.027
HD 121333	HIP 68019	208.93381	-41.99494	680.45	m	6.835	-2.329	M1/2 III	1.856
HD 155696	HIP 84038	257.6918	49.34682	680.52	m	7.699	-1.465	K5	1.919
HD 35159	HIP 24911	80.08874	-46.56371	680.62	m	7.941	-1.224	K2 III	1.568
HD 111732	HIP 62709	192.76406	32.74699	680.64	m	8.898	-0.267	K1III	1.581
HD 97267	HIP 54638	167.74998	-55.28227	680.72	m	8.751	-0.414	G6 III	1.004
HD 193224	HIP 100161	304.75599	3.21278	680.75	m	8.714	-0.451	K4 III	1.91
HIP 116827		355.17893	25.78836	680.75	m	8.497	-0.668	K7	2.001
HD 101099	HIP 56714	174.42025	-50.56949	680.81	m	8.294	-0.871	K4 III	1.917
HD 134982	HIP 74753	229.15793	-67.6607	680.83	m	8.988	-0.177	B9 III/IV	-0.004
HD 200042	HIP 103612	314.88797	43.0643	680.86	m	8.067	-1.098	B8	0.089
HD 74969	HIP 42942	131.29893	-49.35613	680.89	m	8.169	-0.996	B8 II	-0.048
HD 38410	HIP 27416	87.08262	51.01852	680.92	m	8.714	-0.451	B 5 III	-0.055
HD 44737	HIP 30199	95.29704	-44.75858	680.97	m	7.656	-1.51	B7 V	-0.118
HD 218999	HIP 114537	347.99847	49.21362	681.1	m	7.627	-1.539	A0	-0.006
HD 94330	HIP 53136	163.0454	-56.88231	681.15	m	8.699	-0.467	B9 V	-0.04
HD 206717	HIP 107833	327.68539	-79.54648	681.2	m	8.812	-0.354	K3 (III)	1.983
HD 122772	HIP 68729	211.03159	-15.48616	681.27	m	8.955	-0.212	K2/3 III	1.681
HD 45006	HIP 30639	96.58493	29.63067	681.29	m	8.908	-0.259	B 9 V	0.028
HD 49806	HIP 32822	102.63246	7.18866	681.34	m	7.902	-1.265	K0	1.564
HD 172182	HIP 91692	280.4685	-55.3016	681.35	m	8.716	-0.451	M2 III	1.977
HD 90548	HIP 51112	156.64446	-34.70082	681.4	m	8.662	-0.505	M3 III	1.833
HD 174894	HIP 92938	284.03381	-56.5248	681.45	m	8.645	-0.522	K3 III	1.66
HD 211057	HIP 109701	333.31216	55.31377	681.5	m	7.655	-1.512	B9	0.065
HD 207279	HIP 107701	327.25682	-46.88437	681.51	m	8.632	-0.535	M2/3 III	1.93
HD 74773	HIP 42868	131.04046	-47.1161	681.55	m	7.201	-1.967	B3 IV	-0.112
HD 125104	HIP 69978	214.7877	-55.88226	681.58	m	7.306	-1.862	B4 IV/V	0.084
HD 9859	HIP 7577	24.40066	54.11254	681.61	m	8.726	-0.442	A2	0.138
HD 25241	HIP 18694	60.07744	-6.38425	681.65	m	8.61	-0.558	M2/3 III	2.14
HD 163971	HIP 87959	269.52161	21.323	681.81	m	8.223	-0.945	K2	1.993
HD 23168	HIP 17423	55.9915	29.683	681.87	m	8.069	-1.099	B 7 V	0.069
HD 186393	HIP 97627	297.63633	-72.8754	681.88	m	8.427	-0.742	K5 III	1.987
HIP 44323		135.40365	71.42552	681.88	m	8.961	-0.208	K2	1.78
HIP 100885		306.83441	42.91611	681.89	m	8.01	-1.159	K0	1.402
HD 184625	HIP 96519	294.32676	-44.28425	681.97	m	8.585	-0.584	M1 III	2.051
HD 225119	HIP 291	0.90457	-28.41714	681.97	m	8.162	-1.007	AP SI	-0.112
HD 49824	HIP 32885	102.78322	21.42828	682.01	m	8.997	-0.172	A3	0.087
HD 78026	HIP 44491	135.97131	-52.89859	682.04	m	8.027	-1.142	K4/5 III	1.925
HD 49260	HIP 32354	101.29369	-47.22272	682.11	m	7.179	-1.99	B2 III	-0.167
HD 28937	HIP 21170	68.07858	-30.10748	682.15	m	8.881	-0.288	K1/2 III	1.38
HD 28686	HIP 20977	67.49015	-33.54542	682.19	m	8.819	-0.351	M2/3 III	1.879
HD 63543	HIP 38108	117.14824	-22.00924	682.33	m	7.415	-1.755	K0 II	1.395
HD 77151	HIP 44210	135.08369	-12.24076	682.43	m	8.117	-1.053	M1 III	1.882
HD 80125	HIP 45451	138.94977	-54.52348	682.44	m	8.788	-0.382	B7 V	-0.023
HD 43065	HIP 29578	93.48448	-6.82315	682.55	m	7.447	-1.724	B8 Ib/II	-0.04
HD 30304	HIP 22097	71.32742	-26.03911	682.56	m	8.489	-0.682	K3 III	1.901
HD 27067	HIP 19846	63.81509	-34.38613	682.61	m	8.953	-0.218	K2 III	1.627
HD 165195	HIP 88527	271.16697	3.77909	682.64	m	7.476	-1.695	F6/7 V	1.439
HD 36067	HIP 25920	82.9706	51.02811	682.73	m	7.598	-1.573	K1II	1.737
HD 114941	HIP 64508	198.33246	40.56094	682.77	m	8.829	-0.342	K5	1.832
HD 216143	HIP 112796	342.62954	-6.91376	682.79	m	7.921	-1.25	G2/3 (IV)(we)	1.109
HD 51481	HIP 33414	104.23168	-17.07869	682.83	m	8.427	-0.745	B8 II	-0.038
HIP 81443		249.51086	17.75125	682.89	m	8.826	-0.346	K2	1.674
HD 113846	HIP 63825	196.21492	69.65709	682.93	m	8.151	-1.021	K2	1.763
HIP 3140		9.98386	49.34868	682.96	m	8.837	-0.335	M0	2.005
HD 154511	HIP 83606	256.33256	16.81187	683	m	8.665	-0.507	K5	1.904
HD 117389	HIP 65812	202.36553	33.16675	683.05	m	8.819	-0.353	M 0 III	1.801
HD 12859	HIP 9861	31.71331	37.63874	683.15	m	8.892	-0.281	K2	1.598
HD 163813	HIP 88074	269.81744	-25.81884	683.15	m	8.009	-1.164	B6 III	0.06
HD 120976	HIP 67909	208.63943	-60.34264	683.23	m	8.04	-1.133	B9 III	0.062
HD 134567	HIP 74673	228.90911	-72.39854	683.25	m	8.238	-0.935	M3/4 III	1.942
HD 174217	HIP 92502	282.77489	-37.2478	683.29	m	7.718	-1.455	K3 III	1.721
HD 96453	HIP 54382	166.89983	49.17701	683.4	m	8.324	-0.849	M5	1.762
HD 203840	HIP 105602	320.83709	44.51829	683.43	m	7.19	-1.983	A0	0.193
HD 79072	HIP 45014	137.52569	-49.28976	683.57	m	6.991	-2.183	B3 III	-0.125
HD 12548	HIP 9609	30.88673	25.20052	683.68	m	8.431	-0.743	K0	1.972
HD 14581	HIP 11146	35.84974	56.85424	683.72	m	8.57	-0.604	B 7 III	0.167
HIP 108897		330.87912	63.53461	683.77	m	8.947	-0.228	A0	-0.005
HD 88105	HIP 49782	152.42688	3.16215	683.78	m	8.494	-0.681	K1 III	1.378
HD 174403	HIP 92505	282.77655	-20.3001	683.96	m	7.564	-1.611	B8 II/III	0.107
HD 168634	HIP 90065	275.69681	-42.60127	683.96	m	8.144	-1.031	K2 III	1.872
HD 207370	HIP 107600	326.92025	31.52842	683.97	m	8.431	-0.744	B8	-0.06
HD 155672	HIP 84457	258.9962	-53.94237	683.97	m	8.012	-1.163	K2/3 III	1.733
HD 130291	HIP 72297	221.77226	8.20867	684	m	8.498	-0.677	K5	1.791
HD 146521	HIP 79943	244.77704	-50.15295	684.02	m	8.223	-0.952	B9 V	0.075
HD 45683	HIP 30556	96.3556	-56.21425	684.05	m	8.396	-0.779	K2 IV	1.75
HD 170820	HIP 90870	278.05461	-19.12397	684.09	m	7.53	-1.646	K0 III	1.908
HD 37512	HIP 26205	83.77541	-60.89167	684.27	m	8.562	-0.614	K2 III	1.751
HD 234734	HIP 92575	282.96472	54.90562	684.33	m	8.961	-0.215	K2	1.568
HD 208469	HIP 108493	329.6819	-64.1303	684.43	m	8.444	-0.733	K3 III	1.651
HD 59480	HIP 36359	112.26307	-26.98783	684.54	m	8.934	-0.243	B8 III/IV	-0.085
HD 123131	HIP 69041	211.98606	-61.50894	684.55	m	7.961	-1.216	B6/7 V	0.025
HD 24761	HIP 18473	59.2197	20.08362	684.56	m	8.815	-0.362	A	0.337
HD 95667	HIP 53920	165.50331	-37.83347	684.57	m	7.693	-1.484	K5 III	2.034
HD 65570	HIP 38947	119.52786	-31.25158	684.58	m	8.822	-0.355	A(P SI)	-0.002
HD 55736	HIP 34933	108.42639	-8.92528	684.84	m	8.365	-0.813	B9 IV	0.033
HD 172680	HIP 91714	280.54242	-17.0111	684.84	m	7.353	-1.825	K1 IIICNII	2.067
HD 43808	HIP 29350	92.80771	-72.16542	684.89	m	8.686	-0.492	M0 III	1.993
HD 140911	HIP 77694	237.94621	-72.119	684.9	m	8.94	-0.238	B8/9 V	-0.014
HD 158928	HIP 85967	263.54408	-45.00637	684.92	m	7.001	-2.177	B9 III	-0.015
HD 200927	HIP 104044	316.18089	49.02889	684.93	e	8.058	-1.12	B6V	0.123
HD 119512	HIP 67100	206.29754	-58.20944	684.93	m	8.487	-0.691	G8 II/III	1.283
HD 192809	HIP 99948	304.19166	1.17871	684.98	m	8.787	-0.391	K3/4 (III)	1.913
HIP 117413		357.12648	30.52747	685	m	8.428	-0.75	M2	1.916
HD 158605	HIP 85874	263.22284	-50.67564	685.02	m	8.275	-0.904	K5/M0 III	2.054
HD 162676	HIP 87557	268.30762	-22.53674	685.05	m	8.546	-0.633	K0 III + G	1.665
HD 117364	HIP 65856	202.4934	-14.00149	685.21	m	8.981	-0.198	K5 III	1.971
HIP 2750		8.77145	39.16796	685.37	m	8.605	-0.575	K0	1.536
HD 18908	HIP 14278	46.01337	44.11295	685.53	m	8.259	-0.921	A0	0.181
HD 53872	HIP 34369	106.85863	20.51705	685.58	m	8.476	-0.704	K5	1.615
HD 30755	HIP 22578	72.88027	28.5269	685.59	m	8.223	-0.957	N	3.786
HD 191010	HIP 99067	301.69101	25.68522	685.66	m	8.261	-0.92	G3IB	1.145
HD 155670	HIP 84434	258.93623	-51.08327	685.66	m	6.954	-2.227	B7/8 II	0.002
HD 201654	HIP 104491	317.50467	34.40689	685.75	m	8.789	-0.392	B8	-0.102
HD 89382	HIP 50441	154.47789	-42.7233	685.82	m	8.389	-0.792	K3 III	1.672
HD 45479	HIP 30657	96.63686	-26.10401	685.9	m	7.899	-1.282	M1 III	1.921
HD 254850	HIP 29959	94.60105	14.34872	685.92	m	8.308	-0.873	G2III	1.146
HD 10482	HIP 7758	24.97642	-68.258	686.02	m	8.349	-0.833	K3 III	1.845
HD 39436	HIP 27851	88.3903	24.287	686.04	m	8.067	-1.115	B8	-0.049
HD 127273	HIP 71046	217.94607	-44.80669	686.23	m	7.32	-1.862	K3 III	1.771
HD 149008	HIP 80867	247.68914	30.80298	686.24	m	8.679	-0.503	K0	1.567
HD 11223	HIP 8656	27.88788	49.86939	686.3	m	8.105	-1.078	B9	-0.007
HD 162602	HIP 87527	268.22944	-24.21509	686.31	m	8.881	-0.302	M2/3	2.38
HIP 3286		10.47879	39.04928	686.41	m	8.672	-0.511	K0	1.535
HD 47481	HIP 31880	99.96818	22.22213	686.48	m	8.587	-0.596	B9	-0.056
HD 190003	HIP 98628	300.48111	28.5447	686.48	m	8.621	-0.562	A0	-0.019
HD 162085	HIP 87336	267.68213	-35.53198	686.6	m	7.841	-1.343	B8 II	0.006
HD 194495	HIP 100719	306.29502	21.48857	686.68	m	7.048	-2.136	B9	-0.108
HD 123610	HIP 69323	212.82455	-66.40792	686.71	m	8.429	-0.755	B9.5 III/IV	0.072
HD 84793	HIP 47864	146.33023	-61.03897	686.72	m	8.674	-0.51	K5 III	1.96
HD 185590	HIP 96782	295.08794	-15.80957	686.76	m	8.77	-0.414	G8 IV	1.359
HD 95295	HIP 53831	165.20135	43.91197	686.79	m	7.862	-1.322	K0	1.941
HIP 94903		289.68206	30.93102	686.8	m	8.884	-0.3	A0	0.065
HD 42669	HIP 29916	94.47214	69.1705	686.82	m	8.382	-0.802	K2	1.818
HD 228778	HIP 100029	304.4146	38.93401	686.83	m	8.473	-0.711	G5III	1.381
HD 8834	HIP 6871	22.10669	57.82203	686.84	m	8.052	-1.132	A0	0.138
HD 204655	HIP 106061	322.24468	40.46846	686.91	m	8.516	-0.669	K5	1.918
HD 213354	HIP 111055	337.46918	45.74474	687	m	7.945	-1.24	K2	1.603
HD 193970	HIP 100516	305.73482	3.38781	687.08	m	8.787	-0.398	K4 III	1.772
HD 73737	HIP 42410	129.71692	-30.38757	687.14	m	8.301	-0.884	AP SI	0.044
HD 123395	HIP 69277	212.72498	-72.21725	687.19	m	8.18	-1.005	K3 III	1.955
HD 198958	HIP 103622	314.92404	-74.44341	687.21	m	8.77	-0.415	K3 III	1.778
HD 229753	HIP 92528	282.84801	17.34489	687.22	m	8.985	-0.2	K0	1.409
HD 173241	HIP 91833	280.85034	23.46142	687.26	m	7.99	-1.196	K0	1.633
HD 92767	HIP 52441	160.79694	33.36348	687.42	m	8.781	-0.405	K 0 III	1.584
HD 213159	HIP 110924	337.10641	51.30624	687.52	m	7.707	-1.479	B9	0.007
HD 15098	HIP 11262	36.24412	-35.88379	687.54	m	8.226	-0.96	K3 III	1.815
HD 192686	HIP 99857	303.89034	15.43688	687.59	m	8.848	-0.339	A0(P)	-0.048
HD 5928	HIP 4761	15.29479	26.47299	687.81	m	8.199	-0.988	K5	1.951
HD 139415	HIP 76731	235.04219	-50.47058	687.87	m	8.623	-0.565	B9.5 IV	0.046
HD 12299	HIP 9109	29.3314	-71.12565	687.93	m	8.922	-0.266	K2/3 III	1.564
HD 119742	HIP 67188	206.53756	-50.87989	688	m	8.865	-0.323	M3 III	1.827
HD 257905	HIP 30820	97.12231	13.89758	688.02	m	8.884	-0.304	K5	1.907
HD 184608	HIP 96305	293.71633	13.07771	688.03	m	8.561	-0.627	A0	-0.003
HD 111307	HIP 62484	192.0744	19.32264	688.05	m	7.856	-1.332	M0	1.923
HD 122503	HIP 68512	210.38772	32.58272	688.16	m	8.639	-0.549	K2	1.512
HD 335424	HIP 103683	315.14578	29.76003	688.18	m	8.64	-0.549	K5	1.984
HD 31703	HIP 22780	73.5034	-61.71733	688.33	m	8.372	-0.817	K4 III	1.727
HD 54361	HIP 34413	107.01431	-11.92328	688.36	m	7.04	-2.149	C	3.125
HD 26832	HIP 19694	63.28009	-36.54507	688.37	m	8.464	-0.725	M4/5 III	1.649
HD 11729	HIP 8968	28.87988	17.18936	688.38	m	8.589	-0.6	M2	1.564
HD 13017	HIP 9945	32.0003	29.57044	688.38	m	7.972	-1.217	K5III	1.935
HIP 42397		129.679	-36.95534	688.4	m	8.427	-0.762	K5	2.014
HIP 97335		296.74095	-70.64273	688.42	m	8.822	-0.367	K0	1.233
HD 46017	HIP 31100	97.89596	16.82828	688.43	m	7.162	-2.027	K2	1.769
HD 45800	HIP 31031	97.66723	25.88432	688.45	m	8.395	-0.794	G8II	1.238
HD 71945	HIP 41647	127.38168	-18.75753	688.46	m	7.812	-1.377	B3 III	-0.129
HD 102385	HIP 57471	176.71103	-47.47289	688.56	m	8.449	-0.741	K3 III	1.76
HD 36245	HIP 25974	83.14779	44.36015	688.56	m	7.978	-1.212	B8	0.049
HD 66513	HIP 39458	120.9811	3.39878	688.57	m	7.851	-1.339	B9 IV	-0.079
HD 13290	HIP 9993	32.17399	-44.49193	688.6	m	8.608	-0.582	K3 III	1.671
HD 170004	HIP 90352	276.53782	26.84469	688.62	m	8.661	-0.529	K5	1.758
HD 74621	HIP 42787	130.76809	-48.18433	688.64	m	8.831	-0.359	B8 V	-0.003
HD 136505	HIP 75306	230.78973	-51.73606	688.68	m	6.804	-2.386	G5 IB/II	1.382
HD 78902	HIP 45030	137.5825	-11.61668	688.69	m	8.714	-0.476	M3 III	1.777
HD 27643	HIP 20275	65.18724	-24.7265	688.83	m	8.753	-0.438	K1/2 III	1.465
