HD 91158	HIP 51613	158.14863	51.84528	62.991	m	9.177	5.181	G0	0.719
HIP 8389		27.05588	-36.94003	62.993	m	10.83	6.832		0.969
Gl 3070		15.47649	-25.76054	63	m	12.06	8.064		1.847
HIP 101549		308.69234	-33.92257	63.027	m	9.592	5.594		0.72
HD 76028	HIP 43597	133.19236	-26.94736	63.037	m	9.085	5.087	G5 V	0.77
HD 66838	HIP 39491	121.09207	-28.41676	63.044	m	9.442	5.444	G8/K0 V	0.926
HIP 1420		4.44624	-3.27455	63.048	m	10.61	6.609		0.988
HIP 112503		341.83432	12.78535	63.055	m	11.33	7.333		1.551
HD 222506	HIP 116874	355.34537	-20.08613	63.063	m	9.624	5.625	G8 V	0.951
HD 14555	HIP 10911	35.11551	-27.70094	63.07	m	9.728	5.729	K0 V	0.911
HIP 14137		45.57189	41.39143	63.099	m	9.335	5.335		0.742
HIP 109656		333.21174	-10.92537	63.104	m	10.89	6.89		0.897
HD 155807	HIP 84404	258.83609	-35.88549	63.114	m	9.016	5.015	G8 IV	0.903
HD 189540	HIP 98559	300.30648	-21.55959	63.114	m	9.379	5.378	G6 V	0.78
HIP 89268		273.24204	33.29825	63.124	m	9.054	5.053	G0	0.746
HD 344849	HIP 96981	295.69687	21.09792	63.138	m	9.046	5.045	G5	0.859
HIP 54888		168.58163	51.96992	63.143	m	11.55	7.551	K4.5	1.862
HD 122640	HIP 68688	210.90493	-27.00998	63.148	m	9.357	5.355	K0 V	0.996
HIP 62201		191.22849	43.42774	63.158	m	10.24	6.242	G8V	1.143
HD 75522	HIP 43056	131.58022	-67.99339	63.221	m	10.05	6.047	G8/K0	0.984
HIP 47961		146.60828	-14.5293	63.264	m	9.497	5.491	K0	0.839
HD 209690	HIP 109183	331.76557	-59.12679	63.273	m	9.006	5	G8/K1 V + F/G	0.772
HIP 114267		347.14958	-59.73532	63.278	m	9.442	5.436		0.72
HIP 35531		109.99591	-51.46241	63.281	m	11.35	7.343		1.367
HIP 50120		153.48077	34.16603	63.284	m	10.65	6.641		1.235
HIP 106555		323.70237	-26.12793	63.284	m	10.38	6.379		0.948
HD 3502	HIP 3000	9.53342	4.39675	63.326	m	9.557	5.549	G6 V	0.794
HD 165155	HIP 88650	271.48896	-29.91726	63.357	m	9.457	5.448	G8 V	0.945
HIP 38673		118.77155	51.86134	63.381	m	10.32	6.306		1.127
HIP 71497		219.32615	4.34878	63.385	m	10.79	6.784		1.061
HD 6490	HIP 5136	16.44648	-14.88468	63.398	m	9.633	5.623	G8 V	0.884
HD 193275	HIP 100235	304.94107	-8.45334	63.4	m	9.057	5.047	G1/2 V	0.638
HD 116323	HIP 65346	200.89028	-37.56461	63.401	m	9.366	5.356	G5 V	0.816
HD 170958	HIP 90973	278.35364	-29.86684	63.405	m	9.592	5.581	G8 IV/V	0.946
HIP 76726		235.02378	-22.32559	63.409	m	10.36	6.352	G5	0.775
HIP 31272		98.36785	75.55102	63.411	m	9.929	5.918	G5	0.94
HD 139082	HIP 76521	234.41466	-40.27126	63.413	m	9.729	5.718	K0 V	0.992
HD 213936	HIP 111475	338.77588	-11.23962	63.429	m	9.342	5.331	G8 V	0.715
HIP 84476		259.04572	-10.89481	63.435	m	10.77	6.759	K 7 V	1.13
HD 55279	HIP 33737	105.127	-79.6961	63.435	m	10.23	6.219	K3 V	1.15
HD 222818	HIP 117064	355.98844	-28.04459	63.481	m	9.897	5.884	G8 V	0.792
HIP 9191		29.58608	-82.29398	63.485	m	9.081	5.068	G8/K0 (V) + (G)	0.739
HIP 56399		173.43782	19.56271	63.525	m	9.636	5.621	G0	0.741
HD 54794	HIP 34334	106.76056	-55.77099	63.532	m	9.399	5.384	G6/8 V	0.849
HD 136615	HIP 75604	231.69498	-72.02787	63.534	m	9.303	5.288	K0 V	0.929
HD 181815	HIP 95327	290.91346	-38.27955	63.54	m	10.04	6.027	K0/1 V	1.098
HD 86409	HIP 48824	149.3921	-33.33347	63.544	m	9.791	5.776	K0 V	0.92
HD 110557	HIP 62057	190.78711	-5.74023	63.569	m	9.753	5.737	K0 V	0.898
HD 140669	HIP 77120	236.20926	0.68658	63.589	m	10.26	6.238	G8/K0 IV	1.111
HD 211918	HIP 110442	335.56546	-60.50782	63.605	m	9.071	5.054	G5 V	0.787
HD 82700	HIP 46414	141.97485	-76.1291	63.607	m	9.347	5.329	G5 V	0.859
HIP 9946		32.00436	-4.98252	63.641	m	9.513	5.494	K0	0.768
HIP 64450		198.1546	43.53189	63.65	m	10.84	6.82	K 2 III	1.012
HIP 64537		198.42071	-62.79406	63.694	e	9.266	5.245	G5	0.906
HD 29428	HIP 21438	69.06354	-39.41449	63.707	m	9.067	5.046	G3/5 V	0.749
HD 221260	HIP 116045	352.7056	-47.40518	63.707	m	9.854	5.833	K1/2 V	1.101
HD 209705	HIP 109203	331.83381	-61.54361	63.721	m	9.554	5.533	G8/K0 III/IV	0.98
HD 2555	HIP 2273	7.26389	-27.39178	63.734	m	9.326	5.304	K1 III	1.017
HD 124900	HIP 69724	214.08401	-4.2852	63.742	m	9.008	4.986	G8 V	0.843
HIP 48205		147.41936	16.37053	63.787	m	9.156	5.132	G0	0.781
HIP 13957		44.93776	0.6245	63.808	m	9.853	5.829	K0	0.871
HD 212060	HIP 110385	335.3759	3.2818	63.809	m	9.215	5.191	G6 V	0.808
HIP 86568		265.36234	70.46439	63.815	m	9.835	5.81	G5	0.833
HIP 98322		299.64736	81.27017	63.82	m	10.29	6.26		0.885
HIP 110920		337.08174	-4.8352	63.825	m	10.45	6.425		1.193
HIP 13977		45.01283	9.17882	63.828	m	10.12	6.098		0.971
HD 118812	HIP 66648	204.93582	-29.14164	63.848	m	10.39	6.363	K1/2 V	0.888
HD 109138	HIP 61284	188.37407	-75.38646	63.859	m	9.534	5.508	K0 V	0.908
HD 19779	HIP 14611	47.1714	-53.91888	63.861	m	9.135	5.109	G5 V	0.703
HIP 59455		182.92507	-60.46084	63.873	m	9.913	5.886		0.815
HD 147935	HIP 80491	246.45495	-27.81923	63.883	m	9.278	5.251	G5 V	0.774
HIP 72980		223.71873	8.64335	63.891	m	10.95	6.922		0.868
HD 146021	HIP 79808	244.3234	-59.02165	63.901	m	9.879	5.851	G8/K0 V	0.989
HD 224449	HIP 118156	359.51179	-1.98002	63.923	m	9.033	5.005	G5/6 IV	0.756
HD 140235	HIP 76915	235.57653	3.2273	63.975	m	9.209	5.179	G5 V	0.713
HD 213646	HIP 111300	338.20248	10.40489	64.003	m	9.436	5.405	K2	0.93
HIP 1897		5.99479	18.12043	64.018	m	9.845	5.814	K1	0.935
HIP 36899		113.79802	52.81266	64.028	m	11.13	7.097	K5	1.467
HD 98215	HIP 55216	169.61025	45.86607	64.039	m	9.257	5.225	G5	0.865
HD 250	HIP 601	1.82563	20.96508	64.066	m	9.219	5.186	G5	0.865
HIP 58975		181.38664	-43.72744	64.075	m	10.5	6.465	K0	1.035
HD 115589	HIP 64905	199.55641	-14.5821	64.081	m	9.682	5.648	G8 IV	1.015
HIP 10123		32.55547	-36.77114	64.083	m	10.3	6.265		1.155
HIP 3054		9.69775	31.01915	64.088	m	9.118	5.084	G0	0.714
HIP 108701		330.29918	-51.76228	64.097	m	10.95	6.916	K7	1.551
HIP 53174		163.16307	-17.35265	64.115	m	10.42	6.384	K 3 V	1.131
HD 217250	HIP 113529	344.89201	-12.76056	64.116	m	9.81	5.775	G8 V	0.736
HD 167011	HIP 89305	273.33881	-0.7634	64.12	m	9.866	5.831	K0 V	1.109
Gl 632.3	HIP 81490	249.66899	5.42433	64.124	m	10.32	6.281	G	1.054
HD 129032	HIP 71814	220.34701	-35.90136	64.142	m	9.972	5.936	G8/K0 V	0.862
HIP 118305		359.93667	8.68917	64.142	m	11.77	7.73	K7	2.188
HIP 114960		349.26741	-5.55118	64.195	m	10.26	6.223		1.005
HIP 20551		66.04973	-47.16316	64.21	m	9.891	5.853	K0	0.991
HIP 10057		32.35973	-22.51123	64.221	m	11.1	7.06	K4.5	1.247
HD 122504	HIP 68548	210.49064	19.43028	64.225	m	9.612	5.573	K0	0.828
HD 184855	HIP 96427	294.06496	4.76533	64.231	m	9.307	5.268	G5 V	0.675
HIP 113812		345.71805	-38.36305	64.251	m	10.82	6.778	K3V	1.144
HIP 87715		268.7638	10.59268	64.264	m	9.679	5.639	G5	0.798
HIP 108905		330.9059	6.69324	64.267	m	11.78	7.741	K7	0.776
HIP 68549		210.49291	19.42489	64.277	m	9.977	5.937	K	1.141
HD 205650	HIP 106749	324.35847	-27.63519	64.278	m	9.086	5.046	F6 V	0.621
HD 236416	HIP 2131	6.75823	60.40281	64.283	m	9.019	4.979	G5	0.71
HIP 19505		62.67697	-17.78431	64.302	m	9.706	5.665	G5	0.984
HD 177095	HIP 93623	285.98628	-20.46015	64.321	m	9.763	5.721	G6 V	0.664
HD 1622	HIP 1613	5.04625	-55.994	64.323	m	9.949	5.907	K1 V	0.918
HIP 20724		66.61028	70.09454	64.329	m	9.824	5.782	G5	0.937
HIP 73224		224.47319	29.87569	64.35	m	9.825	5.782	K0	1.013
HD 178533	HIP 94310	287.94089	-53.32289	64.35	e	9.041	4.998	G3 V	0.71
HIP 6921		22.28159	-33.73548	64.363	m	11.76	7.716		
HD 90498	HIP 51114	156.64593	-21.75636	64.382	m	9.392	5.348	K0 V	1.005
HIP 27716		88.03635	-16.0688	64.382	m	10.19	6.15		1.012
Gl 187.1	HD 273011|HIP 23573	76.02313	-42.36357	64.396	m	10.15	6.103	K0	0.803
HD 194879	HIP 101153	307.55945	-51.75224	64.409	m	9.717	5.672	G5/6 V	0.921
HD 214893	HIP 112008	340.32405	13.17531	64.413	m	9.183	5.138	K0	0.846
HD 39503	HIP 27688	87.93287	-30.46584	64.417	m	9.031	4.986	G5 IV/V	0.845
HIP 60443		185.88234	54.9835	64.441	m	11.56	7.516	K7	1.159
HIP 113119		343.61793	13.11192	64.441	m	10.34	6.289	M1	0.96
HD 15478	HIP 11537	37.18292	-31.22718	64.442	m	9.337	5.291	G3/5 V	0.783
HD 142770	HIP 78151	239.37191	-32.7857	64.464	m	9.054	5.007	G3/5 V	0.676
HD 208985	HIP 108729	330.3772	-52.94221	64.483	m	9.239	5.192	G6 V	0.759
HIP 83312		255.39846	-57.58837	64.487	m	10.4	6.355		0.928
HIP 95631		291.77384	46.45343	64.5	m	9.204	5.156	G5	0.884
HIP 9056		29.15813	-14.17531	64.511	m	9.74	5.692	G5V	0.763
HD 215220	HIP 112243	341.02317	-28.93149	64.514	m	9.041	4.993	G5 V	0.78
HD 10092	HIP 7579	24.40308	-49.26436	64.528	m	9.614	5.565	G6/8 V	0.861
HD 220082	HIP 115328	350.39007	-53.17739	64.532	m	9.779	5.73	G8 V	0.947
HIP 61774		189.91301	16.96574	64.539	m	9.397	5.348	G5	0.817
HIP 10668		34.31863	26.28428	64.571	m	11.18	7.129	K2	1.309
HD 108236	HIP 60689	186.57454	-51.36284	64.574	m	9.313	5.263	G5 V	0.727
HIP 59931		184.39543	7.62248	64.584	m	10.95	6.902		1.423
HIP 89215		273.09116	5.40124	64.63	m	10.41	6.362	G:	0.775
HIP 68629		210.71665	-13.6253	64.654	m	10.76	6.709		1.15
HIP 64714		198.95077	48.83373	64.674	m	9.575	5.521	G5	0.726
HIP 75483		231.29868	-46.9869	64.683	e	9.934	5.88	F5	0.919
HIP 112422		341.57807	33.32082	64.684	m	10.36	6.304		1.054
HD 5248	HIP 4242	13.5382	-18.03215	64.684	m	9.01	4.956	K0 V	0.991
HIP 112143		340.72969	12.33301	64.695	m	11.46	7.405		1.703
HIP 2031		6.43517	-33.57714	64.702	m	10.77	6.719		1.418
HIP 75190		230.47922	28.11472	64.712	m	11.63	7.58	K5	0.869
HIP 102988		312.99432	62.18813	64.714	m	10.3	6.244		1.053
HD 149272	HIP 81194	248.76871	-33.65048	64.719	m	9.64	5.585	G5/6 V	0.834
HD 114402	HIP 64254	197.55101	15.33828	64.726	m	9.108	5.053	G5	0.663
HIP 29773		94.03553	-24.29575	64.756	m	12.04	7.988		
HD 222575	HIP 116910	355.47622	-35.97772	64.767	m	9.456	5.399	G5 V	0.769
HIP 102159		310.49831	-54.00687	64.773	m	11.99	7.935		0.963
HD 31838	HIP 23042	74.33455	-37.89963	64.787	m	9.023	4.966	G6 V	0.698
HIP 68287		209.6847	62.57544	64.792	m	12.3	8.245		
HD 205393	HIP 106700	324.1843	-54.23589	64.794	m	9.081	5.023	G5 V	0.704
HD 13897	HIP 10346	33.31666	-59.56697	64.798	m	9.007	4.949	G8 V	0.859
HD 75687	HIP 43470	132.82223	-6.26283	64.808	m	9.381	5.323	K1 V	0.953
HD 164139	HIP 88084	269.85949	8.23027	64.817	m	9.303	5.245	G0	0.642
HD 95123	HIP 53534	164.28815	-69.98062	64.827	m	9.405	5.346	K0 IV/V	0.937
HIP 61398		188.71986	12.45925	64.829	m	9.021	4.962	G5	0.843
HIP 64443		198.12594	-34.75461	64.845	m	9.867	5.808	K0	0.863
HIP 62737		192.82969	67.29619	64.852	m	11.36	7.303	K7	1.328
HIP 105648		320.98394	-44.39175	64.866	m	11.22	7.156	M1	1.44
HIP 29226		92.43611	-44.82459	64.867	m	10.76	6.7		1.293
HD 210797	HIP 109787	333.57757	-53.30017	64.881	m	10.14	6.077	G8 V	0.97
HD 106055	HIP 59474	182.98126	59.69726	64.887	m	9.009	4.948	G0	0.848
HIP 45990		140.69537	11.27185	64.897	m	9.707	5.646		0.844
HD 143177	HIP 78296	239.81149	-8.71871	64.907	m	9.151	5.09	G0	0.516
HD 257467	HIP 30755	96.9403	24.31948	64.929	m	9.482	5.42		0.925
HIP 41934		128.22844	71.55836	64.944	m	10.55	6.488		1.195
HD 21058	HIP 15703	50.56985	-41.31556	64.953	m	9.218	5.155	G6 V	0.754
HD 66491	HIP 39409	120.84954	-13.20371	64.96	m	9.26	5.197	G8/K1 III + (F/G)	0.821
HIP 6		0.01814	3.94649	64.961	m	12.45	8.386	M0V:	
HIP 55924		171.92306	17.90878	64.977	m	9.241	5.177	G0	0.807
HD 184357	HIP 96594	294.54753	-64.13326	64.979	m	9.056	4.992	G3 V	0.696
HIP 16114		51.90018	-54.8657	64.989	m	10.87	6.806		0.868
HIP 109067		331.4196	12.3767	65.011	m	9.647	5.582	G3	0.724
HIP 68691		210.90622	32.46374	65.028	m	10.95	6.888	K4	1.361
HIP 60355		185.63675	16.35801	65.049	m	9.632	5.566	K0	0.959
HD 113006	HIP 63532	195.2878	-39.51367	65.081	m	9.56	5.493	G8 III	0.815
HD 90622	HIP 51199	156.86516	-23.19882	65.083	m	9.069	5.002	G5 V	0.687
HIP 69893		214.55105	12.74146	65.091	m	10.64	6.577	K3	0.952
HIP 61665		189.61226	-51.71721	65.093	m	10.33	6.262	G5	1.118
HD 134147	HIP 74344	227.90922	-64.93671	65.109	m	10.01	5.94	G8/K0 V	0.836
HD 209096	HIP 108708	330.31133	-19.31273	65.158	m	9.011	4.941	G5 V	0.726
HIP 86453		264.97941	44.06537	65.159	m	9.058	4.988	G0	0.692
HIP 106552		323.69308	39.05002	65.17	m	10.39	6.323		1.102
HD 190204	HIP 98972	301.40636	-42.25763	65.191	m	9.736	5.665	G6 V	0.875
HIP 6972		22.43396	8.44319	65.191	m	10.55	6.476	K7V:	1.13
HD 203998	HIP 105872	321.62604	-31.19002	65.2	m	9.401	5.33	K0 V	0.944
HD 193113	HIP 100298	305.13337	-47.2107	65.206	m	9.951	5.88	K0 V	0.96
HD 9512	HIP 7233	23.31413	-12.70797	65.217	m	9.44	5.368	G8 V	0.838
HD 18102	HIP 13348	42.94253	-60.25504	65.239	m	9.334	5.261	G6 V	0.864
HD 120566	HIP 67460	207.3716	37.28865	65.265	m	9.065	4.992	G 2 V:	0.641
HD 206912	HIP 108322	329.18039	-83.72672	65.267	m	9.323	5.25	G8 IV/V	0.807
HIP 13037		41.88411	6.69443	65.271	m	10.21	6.135	K0	1.191
HIP 6404		20.5685	-12.2686	65.274	m	10.3	6.225		1.146
HIP 8055		25.86428	4.88058	65.285	m	11.25	7.175	K7V:	1.704
HD 168713	HIP 90189	276.05062	-54.55974	65.295	m	10.67	6.6	K2/K3V:+...	0.944
HIP 68664		210.83615	48.55937	65.3	m	9.07	4.995	G5	0.784
HD 101973	HIP 57227	176.01303	-33.37982	65.305	m	10.28	6.205	K0 V	0.751
HD 93173	HIP 52559	161.19227	-43.95899	65.311	m	9.106	5.031	G5 V	0.747
HD 186897	HIP 97495	297.24212	-44.79474	65.312	m	9.925	5.85	G8/K0 V	0.84
HIP 31648		99.35784	-43.66107	65.315	m	10.05	5.977	K0	0.826
HD 109153	HIP 61395	188.70751	-82.98024	65.364	m	9.675	5.598	K2/3 V	1.18
HD 29508	HIP 21548	69.40155	-28.18155	65.371	m	9.395	5.318	G6 V	0.787
HIP 110870		336.93044	6.95866	65.371	m	12.12	8.048	K7V:	
HIP 64679		198.84831	64.93911	65.374	m	9.861	5.784	G5	0.802
HD 207497	HIP 110397	335.43902	-87.80547	65.387	m	9.342	5.265	G3/5 IV	0.736
HIP 37810		116.28717	-61.3459	65.39	m	10.03	5.95		0.855
HD 125552	HIP 70100	215.16687	-23.39522	65.4	m	10.62	6.539	K0/1 (V)	1.075
HIP 69924		214.65003	36.08973	65.406	m	10.23	6.155	K 1 III	0.821
HIP 113001		343.27499	7.47198	65.413	m	11.54	7.463	M0V:	1.033
HIP 115094		349.6796	-34.94032	65.414	m	11.16	7.082	K 3 V	1.081
HIP 58557		180.1107	51.9551	65.416	m	11.79	7.707		1.028
HD 123812	HIP 69237	212.61947	-29.13422	65.421	m	9.752	5.673	K0 V	1.091
HD 146179	HIP 79741	244.11727	-36.74816	65.423	m	9.279	5.2	G5	0.754
HIP 8744		28.12968	-57.99017	65.461	m	10.5	6.419		1.229
HIP 3747		12.02508	-54.20136	65.48	m	10.92	6.839		1.829
HD 105484	HIP 59227	182.21491	-78.10024	65.495	m	9.138	5.057	G8 IV/V	0.888
HD 10278	HIP 7799	25.09355	-10.44446	65.525	m	9.157	5.075	G6/8 V	0.834
HD 16168	HIP 11965	38.59523	-42.31612	65.526	m	9.947	5.865	G8 IV/V	0.878
HIP 51856		158.92469	12.46867	65.541	m	12.13	8.046		1.202
HD 208574	HIP 108454	329.55682	-40.98778	65.541	m	9.864	5.781	G6 V	0.902
HD 205649	HIP 106743	324.34743	-23.37532	65.542	m	9.927	5.844	K0/1 (III)	1.102
HD 233422	HIP 37076	114.28498	50.60777	65.546	m	9.47	5.387	G5	0.759
HIP 63520		195.2431	-10.99726	65.572	m	11.44	7.36		
HD 235371	HIP 102709	312.17337	54.09281	65.583	m	9.545	5.461	G5	0.737
HD 224766	HIP 45	0.13399	-72.20271	65.62	m	9.818	5.733	G6/8 (V)	0.829
HIP 13173		42.35652	7.86647	65.644	m	12.45	8.368	K7	
HIP 118282		359.87476	44.60196	65.667	m	10.16	6.075	K0	0.915
HIP 73963		226.73063	11.82877	65.67	m	10.39	6.306	K0	0.962
HIP 52555		161.18128	-31.162	65.673	m	9.904	5.817	K0	0.733
HIP 7172		23.11918	14.28583	65.704	m	11.62	7.531	K7V:	
HIP 69270		212.71605	24.20639	65.711	m	9.881	5.793	G5	0.831
HD 67010	HIP 39641	121.51469	-0.77646	65.721	m	9.197	5.108	G6 V	0.76
HD 121004	HIP 67863	208.49214	-46.53876	65.74	m	9.092	5.003	G2 V	0.64
HD 199460	HIP 103578	314.78565	-48.10083	65.782	m	9.433	5.342	K0/2 (V) + G	0.797
HIP 78597		240.71174	49.02882	65.79	e	10.92	6.826		1.157
HIP 97567		297.45668	-43.27613	65.817	m	11.44	7.349		
HIP 31597		99.19331	37.85182	65.822	m	9.559	5.467	G5	0.794
HD 21658	HIP 16160	52.05771	-41.03068	65.853	m	9.377	5.284	G8 IV/V	1.071
HIP 11577		37.30488	78.87457	65.877	m	9.543	5.449	K0	0.956
HIP 55295		169.86192	-23.25769	65.877	m	10.93	6.838	K 3 V	1.058
HIP 86411		264.84616	46.9469	65.907	m	11.62	7.526	M:	0.705
HD 97783	HIP 54924	168.70805	-23.64664	65.944	m	9.109	5.013	G1/2 V	0.669
HIP 106177		322.59208	8.09969	65.95	m	10.42	6.326	K7	1.137
HD 224448	HIP 118159	359.5189	-0.12819	65.959	m	9.092	4.996	G5 V	0.695
HD 27570	HIP 20415	65.58627	30.42387	65.963	m	9.175	5.079	G 5 IV	0.725
HD 204350	HIP 106100	322.38287	-49.5076	65.969	m	9.522	5.425	G6 V	0.804
HIP 99319		302.39465	-23.87696	65.97	m	10.28	6.183		0.921
HIP 113220		343.93133	15.77932	65.97	m	9.231	5.134	G5	0.751
HD 109927	HIP 61716	189.75459	-56.91072	65.974	m	9.774	5.677	G8/K0 V	0.902
HD 6278	HIP 4954	15.88812	-16.57789	65.976	m	9.83	5.733	G8 IV	0.909
HIP 39196		120.25556	-26.46061	65.981	m	10.66	6.565	K3	1.288
HIP 113000		343.27107	2.50648	65.983	m	9.683	5.586	G5	0.979
HIP 6596		21.17921	64.60002	65.992	m	10.86	6.759	K2	1.112
HD 38272	HIP 27074	86.11728	-2.91185	66.008	m	9.312	5.214	F2 V	0.407
HD 9476	HIP 7167	23.10242	-37.28457	66.01	m	9.097	4.999	G2 V	0.655
HD 80607	HIP 45983	140.66558	50.60387	66.014	m	9.167	5.069	G5	0.986
HD 337975	HIP 94628	288.84319	26.37339	66.025	m	9.242	5.143	G0	0.668
HIP 47891		146.41755	45.55448	66.026	m	9.753	5.654	G0	0.826
HD 80606	HIP 45982	140.65659	50.60374	66.033	m	9.088	4.989	G5	0.876
HIP 97166		296.24434	74.06274	66.04	m	9.955	5.856	K0	1.035
HD 222537	HIP 116890	355.39486	-47.98948	66.047	m	9.964	5.865	K0 V	1.082
HIP 81223		248.84819	8.81592	66.054	m	9.168	5.068	G5	0.635
HIP 116877		355.36291	6.41925	66.111	m	12.22	8.117	K7V:	
HIP 55281		169.83243	36.49658	66.125	m	11.92	7.815		0.871
HD 218611	HIP 114326	347.31634	11.97864	66.138	m	9.123	5.021	G5	0.748
HD 144286	HIP 78700	240.9793	31.04304	66.146	m	9.507	5.404	K0	0.842
HD 152774	HIP 82573	253.20044	49.85172	66.172	m	9.266	5.163	G	0.776
HD 114265	HIP 64186	197.32028	17.77077	66.173	m	9.833	5.73	K	0.858
HIP 76575		234.5731	48.70454	66.189	m	9.712	5.608	G5	1.06
HIP 107031		325.14348	9.7737	66.196	m	11.17	7.068	K7	1.061
Gl 101.1	HIP 11711	37.78368	-46.69081	66.198	m	11.52	7.418		1.308
HD 49113	HIP 31801	99.73099	-74.42545	66.198	m	9.756	5.652	G8 V	0.944
HD 112247	HIP 62850	193.21948	77.68953	66.202	m	9.526	5.422	G5	0.832
HD 28091	HIP 20594	66.16486	-34.29367	66.205	m	9.763	5.659	G8 V	0.873
HIP 73649		225.82147	-17.59521	66.23	m	11.91	7.81		
HIP 14617		47.2018	-49.28457	66.231	m	10.24	6.134	K0	0.924
HD 219351	HIP 114799	348.82305	-20.51498	66.234	m	10.02	5.91	K1 (III)	1.052
HIP 8221		26.46513	20.30819	66.251	m	9.291	5.185	K0	0.796
HD 231533	HIP 95756	292.14834	18.26337	66.257	m	10.08	5.973		0.908
HIP 78630		240.78353	68.52654	66.261	m	9.806	5.7	G5	0.853
HD 196985	HIP 102168	310.53078	-38.6768	66.281	m	9.24	5.133	G3/5 V	0.746
HD 216558	HIP 113293	344.1277	-76.79783	66.282	m	9.684	5.577	G5/6 V	0.794
HIP 10682		34.36059	27.13727	66.287	m	11.27	7.161	G8V	0.996
HIP 60286		185.43558	39.39676	66.288	m	10.35	6.242	G8V	1.221
HD 6439	HIP 5115	16.38501	21.12076	66.29	m	9.401	5.294	K0	0.855
HIP 8033		25.79476	10.44938	66.322	m	11.01	6.905	K7	1.447
HD 98428	HIP 55285	169.84002	-5.93811	66.324	m	9.431	5.323	G6 V	0.779
HIP 98613		300.44206	63.54521	66.341	m	10.12	6.014	K2	1.193
HIP 89337		273.42146	-81.18034	66.341	m	10.79	6.682		0.958
HIP 19442		62.45733	-49.99958	66.352	m	11.81	7.704		1.46
HIP 109600		333.02604	29.06582	66.356	m	9.242	5.133	G5	0.837
HD 145092	HIP 79336	242.87357	-50.36551	66.357	e	10.51	6.397	K3 V	1.384
HIP 108103		328.54726	4.97913	66.358	m	9.383	5.274	G3V	0.651
HIP 3860		12.39356	67.95267	66.391	m	10.49	6.379	K3	1.222
HIP 1654		5.18488	-15.66754	66.4	m	9.221	5.11	K0	0.836
HIP 62153		191.07922	-7.4836	66.421	m	11.66	7.548		0.774
HD 220177	HIP 115380	350.59856	-58.95125	66.438	m	10.4	6.284	K3 V	1.179
HD 5629	HIP 4521	14.47955	-15.21626	66.438	m	9.447	5.335	G8 V	0.74
HD 136052	HIP 75019	229.94064	-36.2588	66.449	m	9.553	5.441	K0 V	0.844
HD 148789	HIP 80972	248.02065	-35.78575	66.464	m	9.603	5.49	G8/K0 V	0.978
HD 61261	HIP 37109	114.38333	-24.5974	66.471	m	9.697	5.584	K0/1 IV	0.878
HIP 46051		140.86644	36.07318	66.472	m	9.214	5.101	G0	0.627
HD 79188	HIP 44971	137.41611	-61.83272	66.487	m	9.676	5.562	G8 IV/V	0.973
HD 81697	HIP 46151	141.17817	-60.92283	66.495	m	9.22	5.106	G8/K1	0.853
HIP 51218		156.92409	42.96089	66.503	m	10.12	6.011	K2	1.095
HIP 72365		221.95046	21.00662	66.507	m	9.218	5.104	G0	0.955
HD 2882	HIP 2504	7.93511	-53.48025	66.529	m	9.698	5.583	K0 V	0.914
HIP 74310		227.8337	-18.01238	66.532	m	11.01	6.897		1.344
HD 42081	HIP 28573	90.46028	-71.95951	66.534	e	9.902	5.787	K2/3 III/V	1.161
HIP 22362		72.21297	5.54447	66.539	m	10.77	6.653		0.946
HIP 63998		196.71673	-75.78498	66.539	m	10.56	6.448	M0	1.283
HIP 116563		354.32638	28.71864	66.558	m	11.45	7.335		1.019
HD 132401	HIP 73519	225.39842	-59.64452	66.56	m	9.157	5.041	G6 IV	0.926
HIP 49210		150.66276	-8.50708	66.581	m	10.95	6.837	K5V	1.518
HIP 106924		324.81729	60.28382	66.583	m	10.46	6.339	G1	0.62
HIP 82578		253.21918	72.05014	66.586	m	11.11	6.992	K5	1.149
HIP 101613		308.90795	65.69683	66.591	m	10.18	6.06	G5	0.87
HIP 100450		305.55498	11.68504	66.595	m	10.21	6.093	K2	1.009
HD 241286	HIP 24136	77.75777	25.95819	66.603	m	9.626	5.509	G5	0.947
HIP 111050		337.4624	35.18852	66.607	m	9.237	5.119	G5	0.704
HIP 66067		203.15295	7.87924	66.61	m	11.08	6.959	K7	1.238
HIP 74478		228.27878	18.13596	66.627	m	10.27	6.155	K2	0.786
HD 119321	HIP 66934	205.75609	-24.22757	66.635	m	9.653	5.534	K0 V	0.9
HIP 84914		260.29841	32.53602	66.686	m	9.014	4.894	G0	0.658
HIP 35802		110.76706	60.92982	66.69	m	10.51	6.39	G7V:	0.973
HIP 110865		336.92483	40.48499	66.691	m	10.92	6.8		1.101
HIP 49136		150.41845	17.4091	66.699	m	9.784	5.663	K0V	1.136
HD 16917	HIP 12581	40.44472	-34.20298	66.733	m	9.175	5.053	G5 V	0.766
HD 88089	HIP 49681	152.12575	-41.90661	66.747	m	9.134	5.012	G6/8 V	0.813
HD 197507	HIP 102548	311.71221	-58.12698	66.748	m	9.572	5.45	G6/8 V	0.752
HIP 31609		99.23789	-58.01526	66.762	m	10.24	6.117		0.86
HD 21054	HIP 15812	50.92146	-3.49892	66.781	m	9.582	5.459	G8 V	0.948
HD 126237	HIP 70512	216.36193	-40.04328	66.82	m	9.614	5.489	K2	1.143
HIP 31639		99.31097	-25.36106	66.824	m	9.701	5.576	G5	0.738
HD 40767	HIP 28240	89.51079	-52.20445	66.824	m	9.001	4.876	G8 V	0.927
HD 117705	HIP 66164	203.43949	-63.88328	66.862	m	9.294	5.168	G8/K0 V	0.782
HD 18943	HIP 14138	45.57664	-19.90844	66.896	m	9.556	5.429	G6/8 V	0.831
HIP 94440		288.31522	74.14448	66.906	m	9.172	5.045	K0	0.856
HIP 117121		356.16345	-20.96707	66.912	m	11.12	6.995	K5V	1.492
HD 122085	HIP 68376	209.94609	-10.43777	66.934	e	10.09	5.964	K1 III	1.032
HD 114506	HIP 64250	197.53938	53.62773	66.938	m	9.213	5.085	G5	0.871
HIP 32709		102.36186	-33.41324	66.977	m	10.41	6.283	K0	1.068
HIP 11453		36.94255	-5.02709	67.009	m	9.37	5.239	G0	0.943
HIP 56658		174.25578	52.33759	67.014	m	10.45	6.32		1.317
HIP 18475		59.22185	-17.73812	67.019	m	9.985	5.854	G5	0.821
HIP 116723		354.83182	28.90581	67.026	m	11.67	7.54		0.938
HD 34230	HIP 24267	78.12247	-56.7163	67.034	m	9.204	5.073	G8 IV	0.946
HD 2861	HIP 2511	7.96313	-27.82837	67.078	m	9.684	5.551	G6/8 V	0.827
HIP 88825		271.97919	32.12606	67.1	m	9.701	5.567	K0	0.785
HD 212619	HIP 111153	337.78836	-80.69602	67.111	m	9.037	4.903	G3 V	0.712
HIP 92022		281.35211	-13.20547	67.136	m	11.27	7.13	K4	1.227
HD 22670	HIP 17032	54.76857	9.65283	67.148	m	9.109	4.974	G	0.732
HD 221313	HIP 116077	352.82186	-33.07628	67.166	m	9.93	5.794	K1 (III)	1.069
HIP 78015		238.95255	29.19413	67.184	m	10.9	6.765	K5	1.123
HIP 48744		149.13534	17.5046	67.193	m	10.28	6.138	K1	1.124
HIP 40927		125.28429	47.40239	67.197	m	10.1	5.961		0.797
HIP 85338		261.58947	3.66999	67.21	m	10.84	6.706		1.231
HIP 50826		155.67172	16.93123	67.215	m	9.18	5.043	G5	0.708
HIP 40039		122.68452	36.63272	67.223	m	9.079	4.941	K0	0.727
HIP 88435		270.83474	84.14772	67.242	m	11.33	7.191		1.123
HIP 19257		61.91447	9.49412	67.243	m	11.62	7.483	M0	
HIP 20637		66.34451	63.62618	67.243	m	9.978	5.84	K0	1.207
HIP 76889		235.50153	13.03736	67.263	m	10.36	6.223	K2	1.179
HIP 24712		79.5145	-34.03322	67.285	m	10.56	6.425	G0	1.008
HIP 66144		203.38144	-35.91184	67.293	m	10.54	6.4		1.077
HD 12572	HIP 9618	30.90428	21.28086	67.294	m	9.291	5.151	G5	0.749
HD 340923	HIP 102238	310.75072	26.80938	67.299	m	10.94	6.803	K3	1.203
HD 24199	HIP 17897	57.41586	-37.73535	67.306	m	9.223	5.083	G2 V	0.756
HD 204019	HIP 105929	321.81206	-47.50153	67.309	m	9.88	5.74	G8 V	0.832
HIP 17278		55.50175	46.68877	67.316	m	11.96	7.818		
HIP 63130		194.01756	60.36944	67.328	m	9.866	5.725	G5	1.001
HD 9430	HIP 7217	23.24	23.69568	67.334	m	9.126	4.985	G5	0.682
HD 223525	HIP 117548	357.58205	-26.64245	67.334	m	9.73	5.589	G6 V	0.828
HD 19306	HIP 14411	46.47966	-11.35277	67.364	m	9.58	5.438	G6/8 IV	0.898
HD 267337	HIP 33678	104.94894	31.68154	67.376	m	9.902	5.759	K2	1.01
HD 84074	HIP 47418	144.93533	-64.9956	67.376	m	9.194	5.051	G5 V	0.788
HD 138159	HIP 75923	232.60492	-1.31881	67.383	m	9.29	5.147	G3 V	0.669
HIP 115802		351.9064	-60.39798	67.39	m	9.807	5.664	G8	0.923
HD 218961	HIP 114585	348.19702	-52.67124	67.412	m	9.639	5.495	G8 V	0.778
HD 203718	HIP 105661	321.03183	-1.91548	67.428	m	9.769	5.625	G6 V	0.79
HD 194049	HIP 100706	306.25827	-40.9737	67.429	m	9.506	5.362	G5 V	0.751
HIP 68296		209.71316	-20.85084	67.436	m	11.25	7.107		1.702
HIP 104001		316.06175	-27.80679	67.443	m	11.52	7.374		
HIP 63064		193.82203	-20.69036	67.45	m	11.29	7.145		
HIP 15587		50.19436	-62.27447	67.455	m	10.03	5.885	G5	0.868
HIP 61924		190.36056	21.61391	67.473	m	11.85	7.7		2.145
HIP 112064		340.46682	-31.91559	67.476	m	10.56	6.415		1.343
HIP 72267		221.68238	-45.40303	67.479	m	10.2	6.057	K0	0.894
HIP 39750		121.86172	-17.81458	67.518	m	12.08	7.932	M0	1.599
HD 63297	HIP 38248	117.53013	43.64721	67.536	m	9.038	4.89	G0	0.66
HD 138360	HIP 76119	233.20307	-33.96382	67.541	m	9.517	5.369	K1 V	1.044
HD 30059	HIP 22002	70.94894	-12.29446	67.551	m	9.369	5.221	G8/K0 V	0.937
HIP 51485		157.73262	2.2124	67.553	m	10.13	5.981	K0	0.895
HIP 104606		317.85279	5.49393	67.558	m	11.91	7.761	K7	
HIP 4417		14.15047	-24.03828	67.597	m	10.03	5.875	K0	0.987
HD 203654	HIP 105697	321.1073	-29.24736	67.612	m	9.767	5.617	G8 V	0.752
HIP 25137		80.69094	47.91368	67.618	m	9.268	5.118	G0	0.75
HIP 99919		304.09853	-50.91945	67.624	m	10.4	6.253	K5	1.154
HIP 87084		266.91667	20.20305	67.629	m	10.07	5.915	K2	0.912
HIP 118061		359.24862	-63.45979	67.636	m	9.981	5.83		0.96
HIP 43929		134.2296	-32.36865	67.647	m	10.43	6.278	K5V	1.135
HD 160177	HIP 86569	265.36512	-53.803	67.649	m	9.499	5.348	K1 IV/V	1.009
HD 145991	HIP 79180	242.41408	65.82914	67.65	m	9.3	5.149	K	0.806
HIP 93269		284.98996	64.0538	67.677	m	9.185	5.033	G5	0.835
HIP 46120		141.0849	-80.52258	67.677	m	10.07	5.922	G0	0.694
HIP 77831		238.38036	41.33071	67.705	m	10.66	6.508	K1	1.166
HD 114029	HIP 64079	196.97389	-19.84791	67.729	m	9.559	5.405	G5/6 V	0.77
HD 111964	HIP 62892	193.3349	-26.69718	67.731	m	9.725	5.571	G8/K0 V	0.905
HIP 55695		171.17905	31.00965	67.75	m	9.917	5.762	G5	0.781
HD 156741	HIP 84911	260.29564	-41.55681	67.768	m	9.267	5.112	G8 V	0.868
HIP 78890		241.56383	19.16828	67.77	m	9.395	5.24	G0	0.862
HD 91784	HIP 51897	159.04522	15.87194	67.821	m	9.133	4.976	G0	0.702
HD 113692	HIP 64080	196.97837	-76.18275	67.848	m	9.947	5.789	G8/K1 V	0.802
HIP 90102		275.81455	81.22069	67.871	m	9.798	5.64	G5	0.727
HIP 6001		19.29748	9.50102	67.895	m	11.83	7.674	K7	0.806
HIP 114062		346.49587	5.65809	67.899	m	9.468	5.309	G5	0.857
HIP 307		0.98004	-42.55947	67.901	m	11.62	7.464	M0	1.554
HD 274503	HIP 25206	80.88086	-46.45246	67.901	m	10.24	6.084	K7	1.254
HD 3968	HIP 3238	10.30019	-68.45786	67.915	m	9.403	5.243	G3 V	0.714
HIP 1659		5.19778	-28.89857	67.918	m	11.24	7.08	K3V	1.244
HIP 57091		175.56055	39.65761	67.919	m	10.54	6.379		0.992
HD 237786	HIP 44998	137.48308	54.48825	67.924	m	9.616	5.456	G2V	0.956
HD 163810	HIP 88010	269.66022	-13.09713	67.935	e	9.686	5.526	G3 V	0.637
HD 25495	HIP 18713	60.13328	-51.32835	67.966	m	9.154	4.993	G6 V	0.7
HD 117461	HIP 66095	203.2288	-71.70033	67.969	m	9.086	4.924	G5 V	0.768
Gl 683.2B		264.46321	-37.86251	67.969	m	9.1	4.938		
HIP 83656		256.47013	32.5997	67.971	m	11.01	6.843		1.148
HIP 114895		349.09265	35.21396	67.989	m	9.215	5.053	G5	0.94
HD 42813	HIP 29442	93.05819	-14.65002	67.997	m	9.561	5.399	K0 V	0.965
HD 19651	HIP 14648	47.32728	-16.01911	68.002	m	9.001	4.838	G3 V	0.754
HIP 117403		357.08548	33.8464	68.005	m	9.242	5.079	G0	0.804
HD 125170	HIP 69905	214.60019	-30.54693	68.005	m	9.864	5.701	G8 V	0.982
HD 22315	HIP 16595	53.40672	-46.98201	68.013	m	9.61	5.447	G5/6 V	0.831
HD 99474	HIP 55856	171.71587	25.58022	68.017	m	9.173	5.01	G5	0.779
HIP 54932		168.73025	-40.10461	68.021	m	10.33	6.164		1.122
HD 120100	HIP 67400	207.20043	-56.28907	68.035	m	9.201	5.037	G8 V	0.827
HIP 68233		209.5191	42.41505	68.037	m	11.67	7.506	K5	0.862
HIP 57395		176.49781	30.23348	68.05	m	11.86	7.691		1.468
HD 71966	HIP 41587	127.17981	-40.27672	68.051	m	9.12	4.956	G3 V	0.698
HIP 27231		86.56757	-19.6365	68.06	m	11.68	7.514		1.827
HD 125251	HIP 69991	214.82116	-39.47312	68.067	m	9.84	5.675	G8/K0 V	0.878
HIP 100818		306.63372	-44.75394	68.073	m	11.73	7.565	M0	
HD 101675	HIP 57090	175.55722	39.65965	68.087	m	9.071	4.906	G5III	0.795
HIP 10619		34.17746	-4.84021	68.094	m	9.544	5.378	G8	0.828
HD 114592	HIP 64344	197.84037	14.32854	68.103	m	9.212	5.046	G0	0.744
HIP 56183		172.7436	-6.31409	68.106	m	11.93	7.768		
HD 190706	HIP 99132	301.88363	-34.7084	68.107	m	9.206	5.04	G5 V	0.632
HD 352975	HIP 102458	311.42629	19.12544	68.117	m	9.929	5.763	G5	0.903
HD 282771	HIP 23283	75.14037	29.19661	68.124	m	9.367	5.201	F8	0.656
HIP 57319		176.29328	-50.6302	68.133	m	9.637	5.47	F8	0.773
HIP 77326		236.80373	-6.50788	68.139	m	10.38	6.209	K 3 V	1.061
HD 40053	HIP 27910	88.58873	-42.65202	68.151	m	10	5.834	G8 V	0.942
HIP 75055		230.05355	77.1393	68.155	m	9.229	5.062	G0	0.778
HD 198777	HIP 103208	313.65185	-49.63343	68.166	m	9.899	5.731	G8 V	0.883
HD 210143	HIP 109405	332.48296	-57.22585	68.178	m	9.813	5.645	G6 V	0.865
HD 31128	HIP 22632	73.04128	-27.06415	68.181	m	9.197	5.029	F3/5 VW	0.441
HIP 113219		343.93164	-50.63894	68.182	m	10.26	6.093	G5	0.997
HIP 90708		277.60677	35.72753	68.194	m	9.207	5.038	G5	0.713
HIP 43606		133.20931	-23.73325	68.229	m	11	6.834		1.052
HD 16830	HIP 12498	40.20229	-37.54825	68.239	m	9.301	5.131	G3 V	0.686
HIP 53095		162.9315	-25.61805	68.243	m	10.27	6.103		1.15
HIP 113128		343.64444	-17.81138	68.249	m	10.45	6.282	K 5 V	1.276
HIP 113213		343.9006	-31.76192	68.28	m	10.37	6.201	K0 V	1.228
HIP 48766		149.19824	-31.24257	68.288	m	10.11	5.937	K2V	0.893
HIP 55913		171.9084	40.20376	68.305	m	9.735	5.563	K0	0.953
HIP 72191		221.48903	47.38148	68.306	e	10.78	6.606	K5	1.024
HIP 31078		97.82349	-26.51223	68.317	m	9.84	5.667		0.811
HD 34046	HIP 24291	78.19475	-37.93849	68.326	m	9.589	5.416	G8/K0 V	1.015
HD 78740	HIP 44873	137.15302	-38.31794	68.33	m	9.495	5.322	K0 V	0.903
HIP 85416		261.81759	-0.25307	68.331	m	9.648	5.475	G5	0.919
HIP 67349		207.05795	-24.2566	68.342	m	10.24	6.064		1.033
HD 184374	HIP 96374	293.9082	-37.00271	68.344	m	9.458	5.284	G8 V	0.822
HIP 1187		3.70763	-28.98736	68.349	m	10.23	6.058	F5	1.002
HIP 78113		239.25162	20.5943	68.356	m	9.967	5.793	K0	0.997
HIP 60162		185.0571	66.03566	68.361	m	11.52	7.347		1.665
HD 45021	HIP 30037	94.81225	-68.8314	68.365	m	9.228	5.054	G5 V	0.757
HIP 68154		209.29186	15.5169	68.367	m	9.886	5.712	K0	0.977
HIP 47972		146.66504	16.53185	68.372	m	10.4	6.231	K8	1.237
HD 55571	HIP 34609	107.52947	-57.76755	68.377	m	9.268	5.093	G5 V	0.754
HD 199591	HIP 103585	314.81897	-31.5771	68.378	m	9.611	5.436	G6 V	0.81
HD 155975	HIP 84583	259.34774	-49.19898	68.384	m	9.805	5.63	G8 V	0.741
HD 127915	HIP 71252	218.56893	-11.17763	68.385	m	9.434	5.259	G6 V	0.864
HIP 13725		44.19732	-36.15259	68.413	m	9.825	5.649	G5	0.867
HD 324318	HIP 86914	266.38772	-40.80411	68.418	m	9.309	5.133	K0	0.823
HD 203429	HIP 105546	320.6468	-17.51658	68.437	m	9.771	5.595	K2 (III)	0.939
HD 106181	HIP 59584	183.28101	-38.03665	68.455	m	9.772	5.595	K1 V	0.924
HIP 98829		301.04427	42.51162	68.462	m	9.805	5.628	G5	0.811
HD 69286	HIP 40674	124.55894	44.61251	68.476	m	9.432	5.254	G0	0.778
HD 207000	HIP 107847	327.75256	-76.20659	68.487	m	9.424	5.246	G8/K0 V + A/F	0.798
HIP 59356		182.65747	-4.91904	68.488	m	10.41	6.235		0.984
HD 4946	HIP 3716	11.922	-82.50786	68.495	m	9.405	5.227	G3 V	0.761
HD 52576	HIP 33658	104.88931	-44.28244	68.499	m	9.495	5.317	G8 V	0.763
HD 224108	HIP 117929	358.81285	-21.63303	68.501	m	9.917	5.739	G8 V	0.845
Gl 1269B		337.03066	12.24871	68.52	m	9.622	5.443		0.726
HD 11393	HIP 8578	27.65426	-54.00951	68.527	m	9.589	5.41	G8 V	0.88
HD 49996	HIP 32767	102.48201	-28.09891	68.559	m	9.859	5.679	K1 V	1.071
HIP 23519		75.84511	-25.16374	68.57	m	12.08	7.899		
HIP 100802		306.5851	10.83846	68.579	m	11.3	7.121	K3	0.911
HD 202282	HIP 104922	318.79871	-15.7412	68.602	m	9.039	4.857	G3 V	0.746
HD 24257	HIP 17973	57.64087	-30.55572	68.614	m	9.394	5.212	K0	0.916
HIP 52554		161.16976	9.57699	68.616	m	10.7	6.515		0.911
HD 219073	HIP 114653	348.38551	-46.80407	68.619	m	9.8	5.618	G8 V	0.999
HD 198697	HIP 103091	313.3233	-34.66241	68.629	m	9.104	4.921	K0 V (+ G)	0.744
HIP 3913		12.56147	-31.33277	68.639	m	10.61	6.424		1.075
HIP 41815		127.87713	47.13551	68.65	m	9.632	5.449	G 2 V	0.842
HD 129351	HIP 72013	220.94055	-51.41185	68.657	m	9.598	5.415	G8/K0 VP	0.82
HIP 44914		137.25219	-38.02828	68.663	m	11.37	7.186	K5V	1.039
HD 32793	HIP 23383	75.40505	-62.09019	68.669	m	9.428	5.244	G6 V	0.81
HD 128127	HIP 71117	218.13749	61.43825	68.673	m	9.379	5.195	K0	0.867
HD 222655	HIP 116970	355.6759	-41.24757	68.698	m	9.623	5.438	G8 V	0.889
HIP 117975		358.9317	-31.09843	68.698	m	10.76	6.576		1.143
HIP 352		1.11216	58.06869	68.719	m	10.47	6.287		0.854
HD 198804	HIP 103179	313.5752	-43.0821	68.729	m	9.815	5.629	G8 V	0.917
HD 106840	HIP 59913	184.34382	-63.22696	68.73	m	9.078	4.892	G5/6 IV/V	0.801
HD 35828	HIP 24722	79.53625	-76.90402	68.735	m	9.113	4.927	G5 V	0.749
HIP 104913		318.77394	62.84111	68.748	m	9.59	5.404	G5	0.879
HD 143361	HIP 78521	240.45978	-44.43453	68.749	m	9.315	5.129	G6 V	0.904
HIP 2064		6.52985	36.93432	68.76	m	10.78	6.591		1.184
HIP 68504		210.35385	48.17324	68.781	m	9.467	5.28	G0	0.792
HD 54690	HIP 34653	107.65582	20.44103	68.788	m	9.148	4.96	G5	0.78
HD 103119	HIP 57880	178.0689	-26.82812	68.794	m	9.862	5.674	G8 V	0.893
HIP 9649		31.00608	-57.70337	68.809	m	10	5.813	G5	0.923
HD 112424	HIP 63207	194.248	-42.51767	68.831	m	9.816	5.627	K0 V	0.944
HIP 55377		170.0883	48.57618	68.842	m	10.42	6.229	K2	0.97
HD 1178	HIP 1297	4.06097	35.17832	68.849	m	9.001	4.812	G	0.786
HIP 6612		21.22308	-50.80809	68.86	m	10.4	6.213	K0	1.029
HIP 12291		39.58457	11.75912	68.86	m	9.225	5.035	G5	0.854
HIP 17266		55.47232	-5.93939	68.874	m	10.03	5.844		0.909
HD 68723	HIP 40447	123.87832	43.00477	68.885	m	9.072	4.881	G0	0.642
HIP 110752		336.56019	21.53602	68.901	m	9.899	5.708	K0	0.92
HIP 82559		253.13282	49.38965	68.934	m	10.03	5.834	G5	0.847
HD 94017	HIP 53006	162.6558	-34.0052	68.944	m	9.212	5.02	G6 V	0.759
HD 105350	HIP 59156	181.9701	-42.33832	68.944	m	9.098	4.906	G5 V	0.739
HD 116386	HIP 65390	201.0156	-45.2373	68.95	m	9.383	5.19	G5 V	0.73
HD 230409	HIP 93341	285.18056	19.07455	68.967	m	10.15	5.957	G0	0.778
HD 68694	HIP 40122	122.9337	-44.03378	68.999	m	9.224	5.03	G3 V	0.679
HIP 55767		171.41022	26.55815	68.999	m	10.84	6.645		1.097
HD 200403	HIP 104027	316.13509	-39.00818	68.999	m	9.879	5.685	G8/K0 V	0.952
HIP 12446		40.05943	4.59875	69.011	m	11.05	6.859	K7	1.036
Gl 9735	HIP 105393	320.21678	-51.04462	69.024	m	10.68	6.481	G5	1.002
HD 177374	HIP 93690	286.18784	-7.45602	69.035	m	9.51	5.315	K1 V	1.132
HIP 21244		68.35803	-22.85101	69.042	m	11.31	7.117		1.262
HIP 39383		120.7773	-6.41429	69.057	m	10.02	5.82	K0	0.966
HD 84798	HIP 47753	146.02876	-70.28786	69.076	m	9.506	5.309	G6 IV/V	0.751
HD 282230	HIP 21105	67.84645	31.27816	69.086	m	9.139	4.942	K 0 V	0.853
HD 170131	HIP 90732	277.68256	-52.66937	69.1	m	9.867	5.67	G8 IV/V	0.849
HIP 455		1.36475	76.29156	69.109	e	12.15	7.955		
HD 142959	HIP 78393	240.06543	-55.5635	69.117	m	9.326	5.128	G6 IV/V	0.811
HD 133910	HIP 73845	226.3737	43.50815	69.147	m	9.169	4.97	G0	0.692
HIP 70017		214.89871	34.58513	69.157	m	10.33	6.13	K 2 III	1.051
HD 117820	HIP 66118	203.30695	-28.97146	69.163	m	9.078	4.879	G1 V	0.651
HIP 65427		201.15348	14.85702	69.172	m	11.2	7.003	K5:	1.372
HD 250792	HIP 28671	90.81194	19.36075	69.183	m	9.375	5.175	G0V	0.656
HIP 7200		23.19505	-36.39112	69.196	m	11.68	7.483		
HIP 51324		157.25497	-23.31736	69.202	m	9.676	5.475	G0	0.839
HD 50569	HIP 32860	102.73281	-52.46365	69.21	m	9.273	5.072	G5/6 V	0.778
HD 105112	HIP 59029	181.53581	-30.19045	69.235	m	9.276	5.074	G5 V	0.727
HIP 22206		71.63675	-4.6052	69.235	m	10.63	6.433		0.913
HIP 87612		268.46653	47.01641	69.238	m	9.638	5.436	G5	0.9
HIP 31529		99.01691	81.32935	69.247	m	9.262	5.06	G5	0.755
HD 115269	HIP 64668	198.83002	52.27785	69.253	m	9.114	4.912	G0	0.673
HIP 39893		122.22686	24.62395	69.263	m	9.668	5.465	G3V	0.815
HD 72362	HIP 41880	128.09299	-0.93801	69.265	m	9.239	5.036	G3 V	0.627
HD 1327	HIP 1411	4.41808	37.53764	69.267	m	9.133	4.93	G5	0.704
HIP 41881		128.09693	-0.92777	69.285	m	10.26	6.055		0.937
HIP 59918		184.3661	2.88784	69.289	m	10.16	5.957	G5	0.916
HD 35843	HIP 25359	81.34918	-44.43081	69.315	m	9.453	5.249	G5 V	0.73
HD 223205	HIP 117333	356.87305	-2.14946	69.319	m	9.623	5.419	K0 V	0.886
HD 101900	HIP 57177	175.88557	-39.68322	69.338	m	9.058	4.853	G0 V	0.615
HIP 102682		312.10436	-54.51111	69.343	m	12.41	8.201	M0	
HIP 67052		206.11318	77.2308	69.359	m	9.516	5.31	G5	0.735
HD 172417	HIP 91742	280.62352	-48.44254	69.392	m	9.12	4.913	G8 V	0.861
HIP 4253		13.56241	51.13665	69.435	m	9.878	5.67	K0	0.873
HD 124243	HIP 69347	212.89614	35.40826	69.448	m	9.023	4.815	G 5 III	0.653
HIP 22651		73.09094	-78.27098	69.471	m	9.489	5.28	G5	0.748
HIP 35504		109.91155	50.41092	69.476	m	11.13	6.921	K4	2.172
HIP 89734		274.68959	82.36046	69.497	m	11.1	6.889		1.04
Gl 561	HIP 71981	220.82935	26.74976	69.518	m	9.703	5.493	G5	0.817
HD 197083	HIP 102200	310.61447	-33.32865	69.52	m	9.26	5.049	G3 V	0.684
HD 51494	HIP 32735	102.419	-74.5573	69.524	m	9.017	4.806	K0 IV + (F/G)	0.861
HD 31520	HIP 23056	74.4201	27.37572	69.547	m	9.013	4.802	F5	0.708
HIP 115419		350.70349	22.13315	69.565	m	9.831	5.619	F5	0.914
HD 57041	HIP 35203	109.13421	-55.2166	69.578	m	9.936	5.724	K1/2 III/V	0.958
HD 107951	HIP 60510	186.0694	10.29192	69.584	m	9.746	5.533	G5	0.814
HIP 57583		177.06193	-22.12643	69.619	m	11.41	7.192		1.672
HIP 104078		316.2892	19.60305	69.638	e	12.3	8.086	K:...	
HD 230585	HIP 93654	286.06175	11.48646	69.651	m	9.802	5.587		0.809
HIP 10921		35.16385	13.67015	69.659	m	9.192	4.977	K0	0.871
HIP 61974		190.50061	72.96404	69.664	m	9.34	5.125	G0	0.656
HIP 75314		230.80676	-19.24346	69.679	m	11.76	7.544		
HIP 46660		142.69754	32.70028	69.705	m	10.21	5.994	G8	0.993
HD 234413	HIP 84350	258.6764	50.03794	69.739	m	9.12	4.903	G5	0.808
HIP 110660		336.26368	15.30183	69.762	m	11.96	7.741		
HD 91909	HIP 52040	159.49822	54.88735	69.773	m	9.25	5.032	G0	0.742
HIP 85373		261.67254	31.05944	69.779	m	9.652	5.433	G8V	0.822
HIP 61985		190.54175	-21.96759	69.792	m	9.482	5.263	K0	0.846
HD 21069	HIP 15507	49.95576	-67.15906	69.819	m	9.059	4.839	G3 V	0.662
HD 217024	HIP 113400	344.48767	-26.71636	69.819	m	9.675	5.455	G6 V	0.884
HD 110107	HIP 61801	189.98696	-12.88293	69.828	m	9.72	5.5	K(1) (III)	1
HIP 26125		83.5694	-21.35225	69.849	m	11.99	7.772		1.334
HD 18563	HIP 13848	44.56718	-28.36866	69.856	m	9.29	5.069	K1 III + G	0.954
Gl 3067		14.08193	-28.13964	69.858	m	11.25	7.029		0.91
HD 157692	HIP 85299	261.4632	-28.65555	69.883	m	9.1	4.878	G3/6 V	0.859
HIP 79877		244.55209	29.42858	69.892	m	10.74	6.516		1.34
HD 21009	HIP 15734	50.67909	-22.96184	69.894	m	9.782	5.56	G8 V	0.873
HIP 6807		21.89777	-24.94392	69.9	m	10.49	6.267		1.229
HIP 39143		120.09447	32.12278	69.909	m	10.31	6.085		0.908
HIP 103067		313.23894	42.97413	69.925	m	10.28	6.052	K2	1.084
HD 199751	HIP 103626	314.93962	-20.4719	69.925	m	9.28	5.057	G6 V	0.737
HIP 89897		275.15848	-5.49824	69.937	m	10.34	6.119	K 3 V	1.038
HIP 79872		244.55283	67.48452	69.939	m	10.53	6.309	K3	1.256
HIP 81980		251.20611	-15.4954	69.971	m	10.47	6.248	K 2 V	0.972
HD 284908	HIP 22684	73.17502	20.00061	69.973	m	9.565	5.34	K0	0.839
HIP 57475		176.72402	-65.7636	69.98	m	11.04	6.817	M:	1.011
HD 108953	HIP 61123	187.89792	-59.20797	69.98	m	9.324	5.099	G8/K0 IV/V	0.882
HIP 76017		232.88938	77.65963	69.998	m	11.73	7.508		1.681
HD 69270	HIP 40498	124.0274	-5.24223	70.007	m	9.381	5.155	G3 V	0.682
HIP 14997		48.32812	11.5536	70.015	m	9.251	5.025	F5	0.822
HIP 12860		41.31145	-21.6906	70.018	m	12.12	7.89		
HD 213774	HIP 111447	338.66452	-44.63391	70.042	m	9.493	5.266	G8 V	0.816
HIP 71796		220.28732	35.78693	70.047	m	10.57	6.342	K2	1.046
HIP 16954		54.52589	-37.21811	70.054	m	10.1	5.872	K0	0.872
HIP 42716		130.58337	85.6801	70.055	m	10.84	6.611	K2	1.252
HIP 14711		47.51721	12.9968	70.056	m	11.16	6.931		1.071
HIP 77851		238.45347	59.80564	70.058	m	10.11	5.887	K0	0.8
HIP 8841		28.41998	-13.25004	70.071	m	9.298	5.07	G5	0.821
HD 186338	HIP 97633	297.64991	-73.78369	70.073	m	9.32	5.092	G5 V	0.769
HIP 75365		231.01478	-9.07684	70.079	m	11.28	7.056		1.132
HIP 7311		23.52663	-67.13245	70.094	m	10.29	6.062		0.944
HIP 57473		176.71481	-65.76102	70.1	m	10.82	6.595	M:	0.763
HD 154994	HIP 83985	257.53432	-29.97342	70.115	m	9.589	5.36	G8/K0 V	0.825
HD 241511	HIP 24283	78.17505	23.89327	70.125	m	10.36	6.129		1.159
HIP 64157		197.24262	33.88603	70.135	m	11.78	7.551		1.801
HIP 19581		62.94393	49.74538	70.139	m	9.314	5.084	K0	0.796
HIP 58917		181.22274	53.84901	70.153	m	12.08	7.853		0.731
HD 119205	HIP 66885	205.6047	-30.66637	70.155	m	9.365	5.135	G5/6 V	0.724
HD 6323	HIP 4981	15.95984	-31.78638	70.186	m	9.189	4.958	G3 V	0.666
HIP 56118		172.54997	81.04096	70.203	m	9.854	5.622	F8	0.864
HD 150020	HIP 81603	249.97353	-35.26081	70.211	m	9.04	4.808	G8 V	0.798
HIP 9180		29.53773	13.61422	70.211	m	11.71	7.477	K7V:	1.182
HD 129636	HIP 72058	221.08764	-25.89497	70.217	m	9.128	4.896	G5 V	0.862
HIP 80502		246.49686	-1.09164	70.223	m	10.37	6.14		0.988
HD 133338	HIP 73798	226.24252	-32.84785	70.228	m	10.06	5.825	G3 V	0.601
HD 531	HIP 795	2.46373	8.45331	70.23	m	9.597	5.364	G5	0.766
HD 190061	HIP 98288	299.55664	69.14039	70.232	m	9.341	5.108	G5	0.681
HD 216842	HIP 113275	344.06159	4.35027	70.235	m	9.224	4.991	G5 V	0.854
HIP 87426		267.99081	54.61309	70.257	m	10.68	6.443	K3p	1.094
HIP 96918		295.51463	-24.91349	70.266	m	9.987	5.753	K 2 V	1.166
HD 139105	HIP 76499	234.36349	-31.52663	70.273	m	9.12	4.886	G5 V	0.737
HIP 110775		336.63557	26.27323	70.284	m	11.41	7.181		1.887
HD 256518	HIP 30421	95.94362	6.00608	70.286	m	9.321	5.087	G5	0.841
HIP 108466		329.59895	73.53525	70.306	m	11.31	7.079		1.471
HIP 79432		243.17472	-13.31569	70.345	m	11.19	6.953		1.327
HIP 104581		317.77193	17.06131	70.347	m	10.72	6.485	G5	0.874
HD 7493	HIP 5845	18.7524	-3.78098	70.362	m	9.165	4.928	G2/3 V	0.712
HIP 14776		47.68443	44.42309	70.377	m	10.42	6.182		0.954
HD 215467	HIP 112396	341.48831	-42.42238	70.382	m	9.872	5.635	G8 V	0.921
HD 176339	HIP 93567	285.86426	-59.77019	70.394	m	9.678	5.44	G6 V	0.751
HIP 6834		21.98718	12.43853	70.402	m	11.35	7.113	K7	0.959
HD 275241	HIP 15934	51.30444	42.12313	70.408	m	9.479	5.241	K0	0.904
HD 12085	HIP 9146	29.46729	-33.41036	70.415	m	9.438	5.2	G6 V	0.75
HIP 54519		167.32124	19.02598	70.429	m	10.99	6.749	K8	1.25
HD 6042	HIP 4764	15.30567	-45.29954	70.438	m	9.904	5.665	K0 V	0.834
HD 23054	HIP 17233	55.35942	-16.31806	70.449	m	9.219	4.98	G8 IV/V	0.884
HD 195755	HIP 101503	308.53868	-29.67211	70.451	m	10.09	5.847	K0 V	0.928
HIP 88640		271.45915	-53.70914	70.479	m	11.17	6.932		1.14
HIP 59320		182.5364	-18.29344	70.501	m	10.57	6.325		1.273
HD 4096	HIP 3410	10.8526	-0.89467	70.535	m	9.305	5.063	G3 V	0.747
HD 189560	HIP 98555	300.3017	-16.56782	70.551	m	9.176	4.933	G3 V	0.663
HIP 67374		207.13703	24.17371	70.56	m	11.11	6.865		1.067
HIP 63786		196.10621	19.97188	70.56	m	10.81	6.567	K1	1.023
HIP 12916		41.5143	28.68336	70.563	m	10.21	5.972		0.993
HIP 109270		332.06398	-50.69381	70.566	m	10.42	6.176		1.133
HD 134212	HIP 74106	227.17903	-0.98089	70.572	e	9.094	4.851	G5 V	0.612
HIP 64167		197.26485	3.0076	70.581	m	10.09	5.846		0.978
HD 193887	HIP 101628	308.97406	-82.29085	70.584	m	9.193	4.949	G0 V	0.681
HIP 77255		236.60861	-39.61079	70.598	m	11.69	7.445		1.215
HD 172504	HIP 91555	280.07138	9.69579	70.6	m	9.066	4.822	F5	0.681
HD 91700	HIP 51611	158.14635	-72.44145	70.621	m	9.077	4.832	G2/5 V	0.726
HD 149782	HIP 81533	249.80196	-47.31021	70.622	m	9.202	4.957	G5/6 V	0.825
HD 208029	HIP 108068	328.42804	-15.09942	70.623	m	9.121	4.876	G5 V	0.73
Gl 1150	HIP 57450	176.64648	50.88186	70.625	m	9.917	5.672	G0VI	0.655
HIP 111149		337.77591	9.73003	70.641	m	12.2	7.953	K7	
HD 238273	HIP 66807	205.4119	56.03389	70.651	m	9.515	5.269	K0	0.906
HIP 104351		317.10376	5.6502	70.675	m	12.61	8.368	K7V:	
HD 208117	HIP 108194	328.79743	-44.69357	70.676	m	9.817	5.571	K0 (V)	0.974
HIP 44349		135.48106	26.68964	70.698	m	9.546	5.299	G 8 V	0.774
HD 233932	HIP 60427	185.85273	52.15366	70.705	m	9.801	5.554	G5	0.971
HD 123137	HIP 68881	211.55975	-17.6885	70.72	m	9.421	5.173	K0/1 III/IV	0.909
HIP 10947		35.25388	-74.00002	70.729	m	10.56	6.31		1.084
HIP 70152		215.3099	8.97106	70.73	m	10.73	6.481	K0	1.09
HD 202739	HIP 105195	319.64038	-25.02502	70.748	m	9.318	5.069	G5 V	0.69
HD 7774	HIP 6038	19.39361	7.15007	70.752	m	9.448	5.199	G5	0.828
HIP 113250		343.99382	-12.96319	70.755	m	11.79	7.538		1.234
HD 200869	HIP 104226	316.73823	-28.44876	70.791	m	9.49	5.24	K1 IV/V	0.931
HD 128013	HIP 71423	219.08458	-53.51562	70.794	m	9.17	4.92	G2 V	0.693
HIP 63399		194.87609	-41.25235	70.808	m	11.57	7.319		1.188
HD 189418	HIP 98514	300.20929	-24.1853	70.811	m	9.342	5.091	G5 V	0.737
HD 93393	HIP 52761	161.82978	20.78674	70.814	m	9.233	4.982	G0	0.735
HIP 82095		251.54784	46.81251	70.82	m	9.812	5.561	G0	0.878
HIP 60553		186.19863	-75.05262	70.823	m	10.62	6.374		1.293
HD 218321	HIP 114195	346.89554	-43.9204	70.825	m	9.235	4.984	G3 V	0.726
HD 11161	HIP 8717	28.04396	66.44893	70.847	m	9.108	4.856	G0	0.691
HIP 11597		37.37946	2.1897	70.848	m	9.727	5.475	K0	0.902
HD 329788	HIP 84754	259.86712	-44.08591	70.848	m	10.17	5.914	K0	0.91
HD 60865	HIP 36784	113.48866	-50.86641	70.849	m	9.628	5.376	G8/K0 V	0.858
HIP 43371		132.51032	-45.6949	70.868	m	9.565	5.313	G5	0.879
HD 115370	HIP 64835	199.36957	-40.54409	70.88	m	9.316	5.063	G8 V	0.878
HIP 67171		206.47106	36.46404	70.903	m	10.2	5.948	K 3 III	0.98
HD 204156	HIP 105899	321.71538	-2.73635	70.903	m	9.007	4.754	G3 V	0.569
HIP 77829		238.3774	9.5663	70.921	m	10.07	5.82	K0:	0.899
HD 174682	HIP 92589	282.99795	-9.27133	70.924	m	9.504	5.25	G5/6 V	0.687
HD 100394	HIP 56336	173.23127	-32.07279	70.934	m	9.228	4.974	G3/5 V	0.608
HIP 74439		228.19136	27.92056	70.938	m	9.457	5.203	G0	0.848
HD 183784	HIP 96239	293.54	-55.0282	70.956	m	9.842	5.587	G5 V	0.648
HIP 108170		328.73029	61.98785	70.958	m	9.854	5.599	K2	0.881
HIP 76130		233.23684	35.39504	70.967	m	9.048	4.793	F0	0.67
HD 120870	HIP 67794	208.32356	-48.16132	70.987	m	9.193	4.937	G3 V	0.794
HD 111516	HIP 62645	192.54676	-44.00313	70.987	m	9.294	5.038	G3/5 IV/V	0.766
HIP 51783		158.7091	-7.92566	71.012	m	9.5	5.243	G5	0.769
HIP 3870		12.42286	-18.68262	71.015	m	9.867	5.61	G5	0.781
HIP 26809		85.39709	-16.43453	71.027	m	9.099	4.842	G0	0.654
HD 221181	HIP 115976	352.46053	-17.27257	71.047	m	9.466	5.208	G6 V	0.8
HD 40504	HIP 28183	89.32123	-41.33787	71.056	m	9.822	5.564	G6 V	0.875
HIP 8894		28.62505	-34.47429	71.073	m	12.08	7.823		0.759
HIP 21659		69.75582	48.56798	71.076	m	12.08	7.82	M0	
HD 183811	HIP 96487	294.22769	-69.81683	71.123	m	9.313	5.053	G8/K1 (V) + (F)	0.85
HD 7700	HIP 5980	19.22966	6.8117	71.127	m	9.089	4.829	G5	0.806
HD 105925	HIP 59428	182.85446	43.56106	71.149	m	10.08	5.818	G6V	0.868
HIP 110987		337.2865	-36.98306	71.238	m	9.521	5.257		0.861
HD 115844	HIP 65146	200.24478	-60.08755	71.242	m	9.75	5.486	G8/K0 IV/V	0.895
HD 194518	HIP 100967	307.06668	-51.43082	71.26	m	9.731	5.467	G6 IV/V	0.806
HIP 98354		299.74089	-7.70382	71.269	m	10.48	6.219		0.842
HD 104800	HIP 58843	181.02318	3.34076	71.329	m	9.283	5.017	G3 V	0.645
HIP 118215		359.6969	-28.16643	71.356	m	9.748	5.481	G5	0.822
HD 50264	HIP 32894	102.80206	-29.57565	71.358	m	9.122	4.855	GP BA	0.688
HIP 67900		208.60394	41.20679	71.362	m	9.589	5.322	G0	0.904
HD 193690	HIP 100474	305.6306	-26.15988	71.362	m	9.443	5.176	G6 V	0.843
HIP 83980		257.51186	2.38387	71.367	m	10.32	6.051		0.89
HIP 105569		320.72706	-87.04857	71.376	m	9.024	4.756	G5	0.849
HIP 5178		16.55476	-56.79994	71.406	m	11.25	6.978		1.267
HIP 116500		354.11317	-52.44532	71.417	m	11.66	7.395	M3	1.079
HD 142551	HIP 77774	238.218	50.42559	71.435	m	9.051	4.781	K0	0.727
HD 311465	HIP 42168	128.94908	-75.10742	71.472	m	9.784	5.513		1.007
HIP 55884		171.8108	-16.06208	71.477	m	10.86	6.587	K 7 V	1.174
HD 11306	HIP 8394	27.08035	-70.0697	71.48	m	9.29	5.019	G8 V	0.864
HD 184152	HIP 96142	293.226	7.40445	71.49	m	9.504	5.233	G5V	0.775
HD 220216	HIP 115386	350.60719	-46.59275	71.521	m	9.387	5.115	G5 V	0.863
HD 104532	HIP 58691	180.55652	-48.72491	71.532	m	9.313	5.041	G3/5 V	0.739
HIP 6694		21.4889	13.24821	71.533	m	10.95	6.675	K0	1.584
HIP 117719		358.12267	-9.40696	71.537	m	10.11	5.833		0.905
HIP 108464		329.58952	-65.56214	71.54	m	10.46	6.185		0.85
HIP 31671		99.41695	12.07195	71.54	m	11.26	6.985	G8	0.625
HIP 64306		197.70109	45.1797	71.556	m	11.27	6.996	K 2 III	1.07
HD 13110	HIP 9771	31.41197	-66.13923	71.559	m	9.096	4.823	G0/1 V	0.596
HD 193602	HIP 100423	305.45044	-21.59123	71.561	m	9.374	5.101	G3 V	0.723
HD 188112	HIP 97962	298.63091	-28.33909	71.562	m	10.19	5.913	B9 V	-0.24
HIP 21586		69.53263	51.17012	71.589	m	10.53	6.255	G8	0.965
HIP 44330		135.41619	30.56701	71.595	m	11.61	7.339		0.742
HD 113482	HIP 63792	196.11871	-34.1499	71.601	m	9.033	4.758	G0 V	0.627
HIP 103269		313.81982	42.30018	71.635	m	10.39	6.111	G5	0.579
HIP 26776		85.32359	-26.35316	71.655	m	9.202	4.926		0.585
HD 196987	HIP 102406	311.2862	-68.68501	71.661	m	9.366	5.09	G8 V (+ F/G)	0.793
HIP 13849		44.56804	-14.55773	71.675	m	10.82	6.542		0.827
HD 27363	HIP 20024	64.42141	-35.96688	71.704	m	10.18	5.906	K1 V	0.953
HD 212112	HIP 110427	335.50966	-8.74694	71.708	m	9.751	5.473	G8 V	0.767
HD 83068	HIP 47170	144.18214	32.12268	71.729	m	9.047	4.769	G5	0.659
HIP 116810		355.12078	29.98663	71.73	m	11.12	6.845		1.126
HD 221068	HIP 115929	352.31827	-51.58802	71.746	m	9.011	4.732	G0/2 V	0.705
HIP 38895		119.4065	40.04062	71.784	m	9.956	5.676	G5	0.886
HD 184846	HIP 97024	295.78016	-73.24882	71.802	m	9.017	4.736	G5 V	0.752
HD 192089	HIP 99739	303.56413	-31.47989	71.802	m	9.417	5.136	G6 V	0.829
HD 91669	HIP 51789	158.72679	-13.78795	71.812	m	9.8	5.519	K0/1 III	1.053
HIP 59205		182.12887	63.04027	71.825	m	12.07	7.789		
HD 316895	HIP 88198	270.17121	-30.21502	71.839	e	9.873	5.591	K0	0.944
HIP 75586		231.63239	-1.25338	71.846	m	10.72	6.436	K5V	1.061
HIP 79917		244.68321	26.03113	71.848	m	9.669	5.387	G5	0.752
HIP 65627		201.82533	46.82016	71.861	m	9.194	4.912	F8	0.711
HIP 15961		51.37898	17.14262	71.873	m	9.493	5.21	G0	0.71
HIP 112584		342.03161	69.07502	71.909	m	9.195	4.911	G0	0.65
HD 147518	HIP 80423	246.23482	-51.42896	71.928	m	9.449	5.165	G3/5 V(W)	0.689
HIP 108536		329.81402	46.0919	71.939	m	9.505	5.22	K0	0.908
HIP 104612		317.87037	21.73349	71.959	m	9.869	5.584	K2	0.934
HD 330078	HIP 77649	237.78349	-49.92595	71.961	m	9.991	5.706	G0	1.008
Gl 336.2B		137.70627	-45.30819	71.969	m	10.32	6.038	K0 V	0.938
HD 23650	HIP 17887	57.39562	58.76811	71.97	m	9.086	4.8	G2V	0.62
HD 152987	HIP 83017	254.46682	-24.91871	71.975	m	9.018	4.732	G5 V	0.734
HD 205124	HIP 106577	323.77472	-54.58436	71.995	m	9.044	4.758	G2 V	0.703
HIP 29232		92.44645	-16.36445	72.001	m	11.14	6.852		0.912
HD 111773	HIP 62787	192.99019	-39.24577	72.024	m	9.299	5.012	G6 V	0.845
HD 26142	HIP 19198	61.71833	-33.38086	72.04	m	9.324	5.036	G5 V	0.738
HIP 53321		163.59409	-70.74106	72.04	m	9.093	4.805	G0	0.571
HD 4112	HIP 3400	10.82618	-34.86656	72.069	m	10.16	5.874	K1/2 V	1.038
HD 26657	HIP 19600	62.99843	-27.55155	72.07	m	9.378	5.089	G6 V	0.745
HD 206036	HIP 107018	325.11447	-37.728	72.075	m	9.567	5.278	G5 V	0.726
HIP 73800		226.24816	4.08809	72.087	m	9.957	5.668	G4	0.7
HIP 3061		9.71247	3.70502	72.088	m	12.05	7.765		0.905
HIP 18964		60.95437	-61.05591	72.088	m	10.64	6.355		0.896
Gl 336.2A	HD 79170|HIP 45072	137.70975	-45.3087	72.126	m	9.869	5.579	K0 V + G	0.841
HIP 70157		215.32222	-51.36201	72.13	m	10.53	6.242	G5	0.871
HD 192845	HIP 100466	305.60404	-71.19593	72.15	e	9.085	4.794	G0 V	0.613
HIP 19046		61.20934	-32.69658	72.169	m	10.84	6.546		0.945
HD 14679	HIP 10973	35.33796	-30.54783	72.173	m	9.338	5.046	G5 V	0.71
HIP 89003		272.47978	48.4019	72.178	m	10.34	6.043		0.841
HIP 36952		113.95158	32.8915	72.202	m	10.65	6.355		1.524
HIP 85831		263.0737	-48.45992	72.203	m	11.07	6.776	K7	1.98
HD 114387	HIP 64297	197.67692	-38.07463	72.22	m	9.936	5.643	G8 V	0.825
HIP 6847		22.02104	-17.26289	72.227	m	9.36	5.067		0.764
HD 40663	HIP 28247	89.54219	-42.27212	72.228	m	9.491	5.197	G6/8 V	0.881
HD 127360	HIP 71047	217.94741	-32.55652	72.249	m	9.388	5.094	G5 V	0.795
HD 68089	HIP 39911	122.27099	-42.07457	72.269	m	9.637	5.342	G3 V(W)	0.685
HIP 12993		41.76932	-68.92746	72.299	m	11.05	6.757		0.932
HIP 54480		167.18998	29.02132	72.301	m	9.58	5.284	G0	0.795
HIP 58084		178.68504	-14.02382	72.306	m	11.05	6.756	K 5 V	1.7
HD 307693	HIP 51166	156.76667	-62.00602	72.334	m	9.062	4.765	G5	0.817
HD 154637	HIP 83736	256.70956	-2.2861	72.364	m	9.315	5.017	G3 V	0.741
HD 220714	HIP 115673	351.53175	-15.22697	72.381	m	9.203	4.905	G6 V	0.797
HIP 114848		348.95002	-37.23023	72.387	m	11.92	7.62		1.539
HIP 70767		217.08819	-49.91541	72.418	m	9.941	5.642	G5	0.799
HD 145275	HIP 79286	242.72554	-20.0119	72.429	m	9.182	4.882	G3 V	0.625
HD 291725	HIP 31127	97.96423	0.64985	72.436	m	9.555	5.255	G0	0.675
HIP 38613		118.60186	48.4399	72.447	m	9.019	4.719	G0	0.677
HD 104056	HIP 58443	179.76285	-4.77749	72.447	m	9.098	4.798	G3 V	0.587
HD 92655	HIP 52325	160.37666	-27.07767	72.447	m	9.162	4.862	G6 V	0.78
HIP 106449		323.40787	-7.58131	72.46	m	10.74	6.442	K 5 V	1.029
HD 141856	HIP 77794	238.28267	-46.22179	72.461	m	9.219	4.918	G6 IV	0.788
HIP 53656		164.65493	74.66327	72.463	m	11.4	7.099		0.618
HIP 56477		173.68329	48.80741	72.467	m	12.06	7.763		2.203
HIP 76864		235.43831	-33.971	72.475	m	11.15	6.845		1.24
HD 173120	HIP 91991	281.24419	-29.91164	72.499	m	9.374	5.072	G2 V	0.614
HIP 73262		224.59173	-17.55009	72.5	m	10.33	6.027		0.855
HD 210368	HIP 109680	333.27358	-71.14604	72.506	m	9.799	5.497	G6 III/IV	0.834
HD 111969	HIP 62903	193.38287	-47.88845	72.535	m	9.52	5.217	G5 V	0.688
HIP 55142		169.32957	52.39773	72.573	m	10.58	6.275		1.182
HD 38954	HIP 27311	86.78857	-43.12084	72.575	m	9.449	5.145	G3/5 V	0.847
HD 10884	HIP 8219	26.46017	-42.4829	72.587	m	9.999	5.695	K1 III/V	0.918
HD 181516	HIP 95302	290.83571	-50.68899	72.602	m	9.099	4.794	G6 IV	0.896
HIP 53866		165.3007	19.95542	72.608	m	10.04	5.735	G5	0.777
HIP 7728		24.87586	36.69662	72.619	m	9.077	4.772	G0	0.804
HD 152400	HIP 82697	253.56235	-28.11492	72.629	m	9.336	5.03	G6 V	0.659
HD 4659	HIP 3773	12.1231	-18.66345	72.639	m	9.621	5.315	G5 V	0.731
HD 12265	HIP 9331	29.95419	-27.04076	72.648	m	9.918	5.612	G6 V	0.714
HIP 61954		190.45847	43.95234	72.648	m	9.792	5.486	G5V	0.831
HD 206905	HIP 107422	326.36946	-13.64207	72.665	m	9.021	4.714	G1/2 V	0.601
HD 34328	HIP 24316	78.27199	-59.64563	72.68	m	9.516	5.209	G0WA8 V	0.48
HD 191310	HIP 98967	301.39689	63.70503	72.684	m	9.344	5.037	G0	0.783
Gl 9793	HIP 111981	340.24408	18.9361	72.72	m	10.39	6.086	K2	1.174
HD 190015	HIP 98895	301.24086	-45.98127	72.731	m	9.736	5.427	G6 V	0.759
HIP 27168		86.37755	67.79494	72.731	m	10.85	6.543		1.283
HD 148973	HIP 81109	248.48665	-46.39572	72.733	m	9.671	5.362	G6 IV/V	0.825
HIP 33982		105.7703	38.14287	72.767	m	9.487	5.177	G0	0.716
HD 228710	HIP 99963	304.22368	33.10866	72.767	m	9.336	5.026	G0	0.607
HD 218465	HIP 114402	347.53333	-74.6075	72.775	m	9.503	5.193	G2/3 V	0.74
HIP 101390		308.22086	13.96952	72.78	e	10.02	5.706	K0	1.098
HIP 30833		97.14923	68.18816	72.782	m	9.626	5.316	G5	0.819
HD 12757	HIP 9660	31.06972	-32.49111	72.784	m	9.524	5.214	G5 V	0.783
HD 246132	HIP 26676	85.04059	12.1781	72.821	m	10.26	5.951		0.742
HIP 12591		40.48303	20.77023	72.823	m	11.36	7.046		1.308
HIP 63239		194.36719	18.67645	72.826	m	9.832	5.521	K0	0.815
HD 244992	HIP 26129	83.5733	11.9889	72.833	m	9.167	4.855	G0	0.684
HD 216665	HIP 113179	343.77936	-30.83492	72.848	m	9.453	5.141	G2/3 V	0.763
HIP 54284		166.57519	-37.04862	72.882	m	9.823	5.51	G5	0.84
HIP 80384		246.11956	-15.76911	72.886	m	10.1	5.786	G5	0.817
HIP 58868		181.07397	83.43765	72.889	m	10.87	6.559	K	1.407
HIP 89053		272.6437	-50.34806	72.932	m	10.42	6.103	G5	0.889
HIP 18608		59.73032	65.10186	72.969	m	9.562	5.246	G5	0.881
Gl 9309	HIP 48970	149.8409	-50.60133	72.987	m	11.7	7.384		1.498
HIP 115964		352.41949	3.98407	72.998	m	11.22	6.9	K2	1.406
HIP 48209		147.4284	65.30418	73.009	m	9.747	5.43	G5	0.767
HIP 74477		228.2741	-21.9776	73.014	m	11.52	7.205	K5	1.804
HIP 40269		123.34516	-45.56961	73.087	m	11.61	7.294	M0	0.849
HIP 110793		336.70195	14.5463	73.095	m	10.4	6.085		1.069
HD 178346	HIP 94186	287.62828	-45.69267	73.096	m	9.03	4.711	G0/1 V	0.721
HD 169388	HIP 90120	275.85727	23.45531	73.111	m	9.02	4.7	G5	0.724
HD 223844	HIP 117783	358.29105	-66.6474	73.134	m	9.137	4.816	G2 V	0.676
HIP 83543		256.11968	3.74009	73.148	m	11.21	6.888	K2	1.404
HIP 13059		41.95676	64.28552	73.161	m	10.84	6.517	K3	1.289
HD 63253	HIP 37878	116.46167	-45.42633	73.165	m	9.522	5.2	G6 V	0.733
HIP 115498		350.94297	72.80473	73.186	m	11.63	7.305	K2	
HIP 63507		195.19258	14.36989	73.19	m	10.28	5.957	G5	0.831
HD 184781	HIP 96597	294.5483	-46.03346	73.2	m	9.413	5.09	G5 V	0.803
HD 110855	HIP 62198	191.22023	13.48935	73.201	m	9.129	4.806	G0	0.717
HD 108195	HIP 60658	186.48493	-45.42955	73.204	m	9.49	5.167	G5 V	0.845
HIP 80350		246.04285	22.36932	73.206	m	9.308	4.985	G0	0.595
HIP 115190		349.96647	-0.46646	73.208	m	10.51	6.191	K0	1.05
HIP 109931		333.97772	24.92799	73.213	m	9.024	4.701	G0	0.761
HD 20058	HIP 14788	47.74707	-55.16172	73.216	m	9.25	4.927	G8 IV	0.809
HIP 104390		317.22029	0.21487	73.222	m	9.034	4.711	G5	0.807
HD 156922	HIP 85272	261.35963	-67.35918	73.224	m	9.173	4.85	G3 V	0.691
HIP 15688		50.52182	44.66157	73.227	m	9.454	5.131	G5	0.972
HD 59262	HIP 36119	111.60343	-52.54864	73.253	m	9.861	5.537	G6 V	0.929
HIP 8119		26.09279	-80.57411	73.259	m	9.77	5.446	K0	0.852
HD 238021	HIP 56628	174.16663	54.35144	73.267	m	10.69	6.363	K0	0.994
HD 1196	HIP 1290	4.04298	-27.77832	73.28	m	9.404	5.079	G5 V	0.751
HD 179027	HIP 94340	288.02691	-28.48515	73.287	m	9.572	5.247	G8 V	0.839
HIP 81588		249.93424	11.65431	73.296	m	9.495	5.17	G0	0.761
HIP 59754		183.80729	17.58151	73.297	m	11.19	6.865	K2	1.103
HIP 21888		70.57823	-44.34912	73.302	m	9.84	5.514	G0	0.819
HIP 18613		59.74117	49.21328	73.312	m	10.92	6.596		1.224
HD 69027	HIP 40562	124.22847	43.27062	73.323	m	9.008	4.682	G0	0.771
HD 149829	HIP 81492	249.67249	-36.07642	73.325	m	9.757	5.431	G8 V	0.919
HD 113863	HIP 63909	196.44886	52.47311	73.325	m	9.163	4.837	G5	0.672
HD 115573	HIP 64900	199.53518	-12.104	73.33	m	9.422	5.096	G2/3 V	0.586
HD 238343	HIP 70088	215.13483	54.67683	73.35	m	9.143	4.816	G0	0.691
HD 41761	HIP 28720	90.99969	-54.13231	73.356	m	9.4	5.073	G6 V	0.745
HD 89179	HIP 50396	154.36046	12.29052	73.365	m	9.063	4.736	G0	0.659
HD 175179	HIP 92781	283.59667	-4.60517	73.371	m	9.147	4.819	G5 V	0.609
HIP 63044		193.77319	-23.8826	73.372	m	10.9	6.573		1.22
HD 221073	HIP 115873	352.1388	51.06301	73.377	m	9.178	4.85	G5	0.839
HD 135694	HIP 74326	227.87044	71.84095	73.394	m	9.156	4.828	K0	0.718
HIP 47228		144.3829	28.63639	73.394	m	12.76	8.432		
HIP 50194		153.70206	38.96242	73.403	m	11.57	7.245		1.169
HIP 55843		171.67648	27.74296	73.411	m	11.08	6.747	K0	1.192
HIP 10920		35.15944	7.17602	73.414	m	11.96	7.628	K7	1.43
HD 147094	HIP 79807	244.31652	52.37508	73.421	m	9.094	4.765	K0	0.807
HD 172299	HIP 91603	280.22104	-34.94872	73.43	m	9.543	5.214	G8 V	0.757
HIP 80258		245.77039	36.84211	73.432	m	10.83	6.502	K3	0.994
HIP 114756		348.68116	-60.26617	73.448	m	11.72	7.391	K7	1.683
HD 112358	HIP 63156	194.11582	-37.12197	73.456	m	10.01	5.678	G8/K0 V	0.89
HIP 76902		235.54598	72.7887	73.459	m	10.96	6.633		1.128
HD 9643	HIP 7142	23.01232	-71.42185	73.469	m	9.586	5.255	G5 V	0.833
HIP 77466		237.24392	45.79371	73.47	m	9.258	4.927	G0	0.734
HD 213136	HIP 111051	337.46595	-31.01327	73.475	e	9.682	5.351	G8/K0 V	0.905
HIP 66448		204.32601	51.53809	73.475	m	9.817	5.486		0.836
HIP 5033		16.11388	-13.92258	73.476	m	11	6.666		1.678
HD 85499	HIP 47829	146.23662	-80.50887	73.477	m	9.323	4.992	G5 V	0.859
HD 89252	HIP 50487	154.63875	39.11053	73.481	m	9.124	4.793	G5	0.705
HD 113039	HIP 63509	195.19359	14.37726	73.481	m	9.028	4.697	G0	0.659
HD 126150	HIP 70515	216.36796	-53.46498	73.494	m	9.257	4.926	G1 V	0.675
HIP 45385		138.73447	41.69392	73.501	m	10.16	5.833	G5	0.936
HD 153320	HIP 83177	254.99884	-31.59343	73.517	m	9.021	4.689	G1 V	0.594
HD 19085	HIP 14250	45.94984	-14.5554	73.517	m	9.283	4.951	G6 V	0.799
HD 28872	HIP 21081	67.77537	-41.72588	73.545	m	9.754	5.421	G8 V	0.832
HIP 3729		11.96987	-32.75572	73.55	m	10.58	6.246		1.028
HD 202789	HIP 105252	319.79092	-30.30278	73.554	m	9.831	5.498	G6/8 V	0.678
HD 106833	HIP 59893	184.26223	-4.25089	73.557	m	10.19	5.854	K0/1	1.003
HD 157965	HIP 85199	261.15728	39.51332	73.571	m	9.66	5.326	K2	0.788
HIP 107342		326.112	6.11137	73.571	m	12.44	8.107	K7	
HIP 107307		326.00957	-6.89501	73.576	m	11.38	7.048		1.513
HD 138854	HIP 76186	233.41915	29.27323	73.595	m	9.142	4.808	G5	0.654
HIP 50779		155.5359	-24.20796	73.619	m	10.35	6.017	F5	0.928
HIP 66169		203.44751	1.72233	73.654	m	10.24	5.902		0.813
HIP 13230		42.58166	45.48182	73.664	m	10.6	6.259	K2	1.069
HD 16122	HIP 11958	38.57086	-37.50185	73.689	m	9.162	4.825	G3 V	0.708
HD 321320	HIP 88648	271.48167	-36.59967	73.723	m	10.3	5.967	F5	0.651
HIP 34082		106.01205	71.19486	73.743	m	9.41	5.071	G5	0.676
HIP 1406		4.38755	24.66781	73.744	m	10.73	6.392		1.739
HIP 103093		313.32615	57.55299	73.757	m	9.785	5.446		0.752
HIP 79256		242.64048	16.52807	73.758	m	10.96	6.621	K2	0.917
HIP 40380		123.66534	62.93643	73.762	m	9.387	5.048	G0	0.753
HD 2030	HIP 1908	6.0291	-58.83968	73.775	m	9.137	4.797	G2 V	0.637
HIP 42219		129.10984	-50.09885	73.778	m	9.859	5.519	G5	0.735
HD 343606	HIP 93528	285.73594	23.37062	73.804	m	9.086	4.746	G5	0.798
HIP 36175		111.76005	-70.20318	73.822	m	10.68	6.338		1.113
HIP 50213		153.76103	-9.66697	73.831	m	12.57	8.227	K:	0.348
HIP 18856		60.63683	6.63113	73.838	m	10.89	6.553	K7	1.012
HIP 84301		258.52922	-60.24394	73.843	m	10.74	6.397	K3V	1.309
HD 150027	HIP 82853	253.98948	-83.21857	73.848	m	9.062	4.72	G5/6 V	0.753
HD 175531	HIP 93096	284.48615	-44.96856	73.853	m	9.882	5.54	G8/K0 (V)	0.9
HD 106206	HIP 59614	183.37602	-73.58346	73.882	m	9.558	5.215	G5 V	0.8
HD 12963	HIP 9741	31.32571	-52.88335	73.886	m	10.46	6.116	K0 V	0.901
HIP 107994		328.1912	-51.45412	73.9	m	10.66	6.314	K5	1.184
HD 186836	HIP 97548	297.40553	-55.4243	73.904	m	9.157	4.814	G5 V	0.674
HIP 24020		77.43932	28.03377	73.91	e	9.107	4.763	A3	
HIP 43036		131.533	7.80562	73.922	m	10.15	5.811	G5	0.797
HD 218531	HIP 114304	347.23744	-20.86189	73.973	m	9.754	5.409	G5/6 V	0.758
HIP 72289		221.75436	18.50629	73.995	m	10.65	6.303	K0	1.06
HIP 33589		104.67289	72.64317	74.005	m	9.445	5.099	F0	0.73
HD 113338	HIP 63645	195.66159	31.07832	74.013	m	9.641	5.294	G2V	0.78
HIP 62751		192.86379	11.64819	74.018	m	10.84	6.489	K0	0.863
HD 221505	HIP 116220	353.21769	-28.35915	74.02	m	9.464	5.117	G3 V	0.834
HIP 65040		199.98066	6.85746	74.027	m	9.894	5.547	G0	0.752
HIP 3669		11.73614	43.64648	74.03	m	9.858	5.511	K2	0.992
HIP 15060		48.51261	-49.63561	74.034	m	10.67	6.319		0.806
HD 4098	HIP 3406	10.84602	-9.31574	74.04	m	9.25	4.903	G5 V	0.703
HD 120730	HIP 67661	207.94349	-28.93282	74.064	m	10.12	5.77	G8 V	0.977
HIP 115846		352.03818	-31.37758	74.082	m	11.58	7.232		1.399
HIP 29402		92.93969	69.84433	74.098	m	9.847	5.498	G5	0.851
HD 124137	HIP 69210	212.55002	52.09733	74.098	m	9.033	4.684	G5	0.662
HD 240984	HIP 23961	77.25397	6.90457	74.102	m	10.83	6.48	M0	1.491
HIP 7910		25.41706	20.72907	74.113	m	9.299	4.95	K0	0.936
HIP 111824		339.74507	-36.53328	74.121	m	12.46	8.114		
HD 27187	HIP 19926	64.13165	-28.4104	74.134	m	9.304	4.954	G5 V	0.827
HIP 15998		51.51782	45.4579	74.14	m	10.32	5.974	K1	0.926
HD 123727	HIP 69151	212.33991	1.20776	74.141	m	9.464	5.114	G5 V	0.715
HIP 22246		71.82673	45.98628	74.149	m	10.25	5.895	G8:V:	1.047
HD 12256	HIP 9323	29.93779	-26.939	74.162	m	9.756	5.405	K1 IV	0.962
HIP 60865		187.12846	35.27687	74.184	m	12.26	7.906		1.906
HD 110401	HIP 61996	190.5808	-51.94927	74.184	e	9.433	5.081	G8 IV	0.812
HIP 82713		253.608	27.15084	74.192	m	10	5.651		0.801
HD 104433	HIP 58623	180.32982	-82.55621	74.211	m	9.476	5.124	G6/8 (V)	0.737
HIP 108768		330.50862	-80.31533	74.223	m	11.79	7.442	K:	1.288
HD 27711	HIP 20316	65.28338	-31.19624	74.244	m	9.038	4.685	G2 V	0.633
HIP 40229		123.24537	-14.95259	74.264	m	9.383	5.029	G5	0.783
HIP 66905		205.67013	43.70439	74.276	m	9.441	5.087	G0	0.708
HIP 117462		357.25481	-16.1823	74.322	m	9.955	5.599		0.98
HD 124525	HIP 69668	213.90067	-50.88477	74.331	m	10.08	5.72	G8 III/IV	0.98
HD 185535	HIP 96785	295.09881	-22.72849	74.336	m	9.109	4.753	G5 V	0.81
HD 95230	HIP 53626	164.56726	-64.4766	74.352	m	9.595	5.239	G5 (V)	0.854
HIP 8946		28.80777	7.14641	74.364	m	12.6	8.247	M0V:	
HD 24201	HIP 17760	57.03479	-58.2223	74.366	m	9.021	4.664	G3 V	0.727
HIP 17332		55.64611	6.98667	74.368	m	11.07	6.718		1.322
HIP 79183		242.41772	-38.08097	74.383	m	11.04	6.679		0.712
Gl 168.2		65.55585	19.48679	74.39	m	15.77	11.41	m	1
HD 96162	HIP 54239	166.45672	35.20165	74.391	m	9.099	4.741	G0	0.634
HD 29984	HIP 21891	70.58538	-29.71253	74.395	m	9.163	4.805	G0 V	0.622
HIP 94898		289.67261	43.23634	74.42	m	9.505	5.147	G5	1.005
HIP 78788		241.26553	33.44743	74.426	m	10.2	5.844	K0	1.022
HD 40057	HIP 28188	89.3576	21.98086	74.427	m	9.07	4.711	G0	0.538
HD 119642	HIP 67084	206.2479	-30.32156	74.43	m	9.897	5.538	G8/K0 V	0.792
HD 148915	HIP 81009	248.15224	-30.19573	74.468	m	9.105	4.745	K0/2 (V) + F/G	0.76
HIP 102272		310.8346	-2.49947	74.469	m	9.312	4.952	G0	0.75
HD 30857	HIP 22482	72.55437	-25.87809	74.471	m	9.277	4.917	G6 V	0.893
HD 199928	HIP 103723	315.26734	-28.87664	74.476	m	9.446	5.086	G3 V	0.743
HIP 48270		147.62274	50.71812	74.48	m	11.9	7.536		1.78
HD 132844	HIP 73135	224.19948	70.83291	74.485	m	9.05	4.69	F8	0.695
HIP 26950		85.78122	-7.99921	74.526	m	11.89	7.531		
HD 131580	HIP 72809	223.22447	46.15439	74.533	m	9.011	4.649	G0	0.782
HD 154593	HIP 83877	257.1479	-46.89309	74.535	m	9.656	5.294	G6 V	0.856
HD 28789	HIP 21030	67.64018	-40.21868	74.547	m	9.706	5.344	K0 V	0.904
HIP 72614		222.70413	-3.15075	74.552	m	10.71	6.345		0.937
HIP 80781		247.4161	62.08703	74.572	m	10.92	6.553	K2	0.809
HIP 46357		141.77474	18.23151	74.592	m	9.663	5.3	G5	0.655
HD 219122	HIP 114709	348.53679	-52.02344	74.615	m	9.068	4.704	G1/2 V	0.643
HD 103554	HIP 58125	178.83461	-29.0025	74.635	m	9.422	5.057	G3 V	0.673
HD 36856	HIP 26014	83.27079	-34.49411	74.642	m	9.252	4.887	G2/3 V	0.737
HIP 20009		64.35048	-45.93279	74.653	m	10.91	6.548		1.216
HIP 62424		191.89571	28.19888	74.683	m	11.24	6.875	G0	1.54
HD 105747	HIP 59337	182.58086	-29.41951	74.689	m	9.737	5.371	G8 V	0.901
HD 212586	HIP 110691	336.3974	-11.17591	74.711	m	9.793	5.426	G5 V	0.77
HIP 17722		56.92914	10.50068	74.741	m	9.499	5.131	G5	0.759
HIP 106505		323.58091	5.68321	74.753	m	11.39	7.025	K7	1.274
HIP 89523		274.01651	68.64858	74.759	m	10.22	5.855	G5	0.708
HIP 38340		117.80459	32.97991	74.761	m	9.202	4.834	G0	0.699
HD 181943	HIP 95266	290.7386	-14.2589	74.761	m	9.604	5.236	G8 V	0.821
HIP 30514		96.21451	-32.12191	74.763	m	9.469	5.101	G2	0.628
HIP 4137		13.23167	-8.92555	74.769	m	10.1	5.734		0.856
HIP 42800		130.8066	-50.12644	74.769	m	11.33	6.958		1.661
HD 8462	HIP 6488	20.84348	-27.21466	74.773	m	9.826	5.457	G8/K0 V	0.932
HIP 11793		38.04536	9.01426	74.774	m	10.01	5.636	K7	1.122
HD 91529	HIP 51655	158.3005	-48.12684	74.784	m	9.31	4.941	G3 V	0.616
HIP 80468		246.37149	43.73037	74.79	m	12.59	8.219		1.518
HD 236857	HIP 8166	26.25297	57.11676	74.79	m	10.04	5.667	G5	
HD 111716	HIP 62598	192.40534	74.21615	74.799	m	9.06	4.691	G5	0.755
HD 22790	HIP 16993	54.63829	-32.38062	74.813	m	9.649	5.279	G5 V	0.622
HD 156701	HIP 84798	259.99362	-21.53062	74.827	m	9.987	5.617	G6 V	0.789
HD 219328	HIP 114780	348.75278	-15.14444	74.83	m	9.571	5.201	G8/K0 (III)	1.164
HD 110154	HIP 61823	190.04665	-11.83013	74.841	m	9.347	4.976	G2 V	0.535
HIP 44260		135.20268	4.79396	74.842	m	9.816	5.445		0.986
HIP 83768		256.79812	17.07089	74.869	m	10.29	5.92		0.999
HIP 111558		339.01422	-51.63699	74.877	m	9.64	5.268	sdG2	0.669
HD 244022	HIP 25711	82.3527	31.4262	74.889	m	9.566	5.194	G0	0.791
HD 222894	HIP 117128	356.18378	-19.92212	74.902	m	9.575	5.203	G6 V	0.76
HIP 54529		167.36743	83.09594	74.903	m	10.24	5.867	K2	0.976
HIP 20891		67.15774	67.85119	74.911	m	10.35	5.977	K0	1.072
HIP 43439		132.70739	32.52957	74.915	m	10.65	6.279		1.241
HD 14106	HIP 10711	34.48458	38.08181	74.926	m	9.173	4.8	G0	0.547
HIP 100428		305.47819	-3.21774	74.93	m	10.32	5.946	G5	0.895
HD 72143	HIP 41579	127.1648	-55.9671	74.941	m	9.573	5.199	G5 V	0.822
HD 224064	HIP 117891	358.7019	-18.59203	74.942	m	10.44	6.063	G8 IV	0.77
HIP 52673		161.55934	-29.34042	74.965	m	9.54	5.166	G5	0.773
HD 148238	HIP 80284	245.83715	58.71397	74.965	m	9.007	4.633	G5	0.711
HD 41291	HIP 28641	90.71914	-30.408	74.967	m	9.129	4.755	G3 V	0.797
HIP 127		0.41209	-48.93516	74.973	m	10.87	6.491		1.029
HD 148744	HIP 80857	247.67238	-13.11633	74.975	m	9.315	4.94	G2/3 V	0.699
HD 180208	HIP 94832	289.44616	-45.19936	74.992	m	10.26	5.881	K0/2 IV/V	1.029
HD 161012	HIP 87013	266.70215	-59.10409	75.001	m	9.18	4.805	G3 V	0.641
HIP 34966		108.52063	-38.97883	75.011	m	10.82	6.446		1.16
HIP 47476		145.17045	-35.71602	75.018	m	11.73	7.356		1.434
HD 196781	HIP 102063	310.25498	-40.57483	75.023	m	9.877	5.501	G6 V	0.806
HIP 83683		256.54817	39.54775	75.052	m	9.238	4.861	G0	0.694
HD 161415	HIP 87106	266.96865	-48.398	75.053	m	9.721	5.344	G6 V	0.963
HIP 78969		241.81361	-14.39311	75.073	m	10.78	6.4		1.379
HD 9575	HIP 7274	23.42664	-12.2128	75.074	m	9.228	4.851	G3 V	0.682
HD 15249	HIP 10978	35.3557	-77.64537	75.089	m	9.131	4.753	F8 V	0.647
HD 138939	HIP 76406	234.07218	-30.57962	75.097	m	9.774	5.396	G6 V	0.83
HIP 34902		108.32265	17.43384	75.123	m	10.35	5.969		0.791
HD 285333	HIP 18843	60.6095	15.13396	75.125	m	9.681	5.302	G0	0.71
HD 18936	HIP 14045	45.22054	-49.75839	75.127	m	9.66	5.281	G6 V	0.795
HD 310262	HIP 53215	163.26316	-66.9861	75.128	m	10.17	5.787	K0	1.044
HIP 53805		165.13633	-25.14344	75.177	m	10.24	5.859	G	0.894
HIP 33235		103.72539	73.31545	75.182	m	9.732	5.351	G0	0.704
HD 86586	HIP 48661	148.8558	-73.62031	75.188	m	9.381	5	G6 V	0.819
HD 129666	HIP 72014	220.94207	0.04744	75.197	m	9.214	4.833	G5 V	0.674
HIP 3496		11.16294	-10.63337	75.2	m	9.877	5.496		0.897
HIP 10168		32.69225	9.40778	75.212	m	12.2	7.816	K7V:	
HD 233474	HIP 38952	119.54319	52.88987	75.219	m	9.322	4.94	G0	0.791
HIP 15756		50.75731	-49.3512	75.246	m	11.1	6.713		0.853
HIP 80383		246.1195	-43.65839	75.254	m	11.26	6.874		0.962
HD 117042	HIP 65992	202.95597	-78.94391	75.281	m	9.154	4.771	G2 V	0.68
HIP 10945		35.24934	-8.73509	75.3	m	9.857	5.473	G5	0.907
HIP 43170		131.89819	-31.3981	75.307	m	9.895	5.511	K 5 V	1.065
HD 130779	HIP 72639	222.76374	-37.09715	75.312	m	9.642	5.258	G8 V	0.967
HD 30953	HIP 22427	72.38817	-48.46278	75.314	m	9.7	5.316	G8 V	0.812
HIP 74672		228.89866	23.45761	75.317	m	9.75	5.366	G5	0.883
HIP 5353		17.11006	63.51565	75.317	m	11.32	6.938	K:	1.439
HIP 40399		123.71598	20.28505	75.32	m	10.38	5.992	K0	0.727
HD 95653	HIP 53942	165.55949	-15.9269	75.345	m	9.38	4.995	K0 V	0.832
HIP 81063		248.35571	-85.1822	75.363	m	10.2	5.815		0.62
HD 118328	HIP 66195	203.52516	67.76886	75.366	m	9.26	4.874	G1V	0.707
HIP 19582		62.95135	-38.24495	75.367	m	11.5	7.113		1.458
HIP 45146		137.9725	43.49858	75.378	m	10.09	5.708	K0	1.044
HD 333421	HIP 98886	301.2106	29.46381	75.385	m	9.488	5.102	G1V	0.712
HIP 13184		42.41944	-16.62075	75.394	m	10.93	6.539	K5	1.45
HIP 107108		325.4362	-15.61991	75.4	m	11.22	6.83		2.116
HD 128253	HIP 71291	218.69909	39.41552	75.408	m	9.016	4.629	G5	0.612
HD 134938	HIP 74712	229.03274	-65.24681	75.42	m	9.81	5.423	G6/8 IV/V	0.796
HIP 4740		15.22358	62.92388	75.434	m	10.94	6.547		1.016
HIP 62041		190.75662	21.29051	75.441	m	10.87	6.484	K0	1.147
HD 242054	HIP 24543	78.98291	21.82194	75.447	m	10.39	6.007		0.901
HIP 114037		346.40812	28.92437	75.452	m	10.03	5.638	G8	0.909
HD 195334	HIP 101334	308.07434	-43.1129	75.469	m	10.41	6.026	G8 IV/V	0.932
HIP 32308		101.17906	14.90998	75.477	m	10.81	6.419		0.924
HD 9718	HIP 7329	23.59675	-39.90166	75.503	m	9.84	5.45	G8 V	0.89
HIP 116256		353.3469	15.69707	75.504	m	11.27	6.882	K2	0.833
HIP 58253		179.20997	13.37741	75.505	m	10	5.611	G5	0.778
HIP 70394		216.03385	29.16129	75.517	m	9.626	5.236	G0	0.768
HIP 489		1.46591	2.76433	75.526	m	10.47	6.077		0.915
HD 25445	HIP 18909	60.79246	18.66874	75.529	m	9.083	4.692	G5	0.647
HIP 52666		161.53767	-45.79038	75.531	m	9.747	5.356	K0	0.894
HIP 50627		155.11541	-14.3139	75.538	m	11.29	6.9		1.049
HIP 71195		218.41044	-2.53089	75.538	m	11.17	6.779	K5V	1.404
HIP 25061		80.48222	-32.49401	75.547	m	10.34	5.95	G0	0.824
HD 494	HIP 762	2.34739	-41.04454	75.548	m	9.166	4.775	G8/K0 V	1.001
HD 156229	HIP 84611	259.42978	-30.77059	75.548	m	9.06	4.669	G2/3 V	0.734
HIP 101814		309.49392	77.23399	75.56	m	10.35	5.96	K0	1.04
HIP 46899		143.3603	-11.18345	75.561	m	10.27	5.875		1.07
HD 209721	HIP 109284	332.09379	-69.28696	75.561	m	9.585	5.194	G8 IV/V	0.941
HD 213478	HIP 111285	338.1695	-50.25395	75.596	m	9.582	5.19	G6/8 V	0.781
HIP 49447		151.42961	43.98005	75.596	m	10.7	6.312	K2	1.004
HD 194586	HIP 100893	306.85832	-28.49899	75.604	m	9.615	5.222	G5 V	0.689
Gl 59B		23.24113	-24.24017	75.618	m	12.77	8.377	m	1.3
HIP 41094		125.74962	-22.17532	75.639	m	11.03	6.631		1.135
HIP 54001		165.70888	35.18276	75.656	m	12.07	7.674		
HD 234001	HIP 63324	194.6481	49.84761	75.682	m	10.95	6.553	G8IV	1.099
HIP 2412		7.68595	19.06687	75.694	m	10.77	6.379	K0	0.906
HD 109353	HIP 61357	188.59061	-41.8458	75.759	m	9.694	5.297	G8/K0 V	0.933
HD 347427	HIP 102346	311.05426	21.90743	75.777	m	10.07	5.677	K2	0.949
HIP 58171		178.95407	11.25363	75.796	m	9.254	4.856	G5	0.817
HIP 105927		321.81082	27.67986	75.797	m	11.62	7.226		1.292
HIP 48773		149.2129	52.0112	75.815	m	10.04	5.646		0.834
HIP 74388		228.02701	45.16427	75.819	m	9.768	5.369	G0	0.698
HD 85515	HIP 48612	148.70402	65.24985	75.825	m	9.225	4.826	K0	0.881
HD 102557	HIP 57580	177.05911	-26.70892	75.862	m	9.81	5.41	G8 V	0.817
HIP 30310		95.61908	-63.69822	75.93	e	10.74	6.337		1.384
HD 105034	HIP 58985	181.40923	28.29451	75.935	m	9.025	4.623	G5	0.659
HIP 90490		276.9696	1.39732	75.979	m	10.87	6.471	K5	1.842
HIP 67549		207.61649	56.16911	75.999	m	11.3	6.894	K5	1.333
HD 112394	HIP 63091	193.90477	57.10666	76.008	m	9.29	4.886	G5IV-V	0.797
HIP 40423		123.79985	37.91361	76.012	m	9.512	5.108	G0	0.766
HD 111708	HIP 62775	192.96302	-50.57923	76.04	m	10.11	5.706	G8 V	0.827
HD 231708	HIP 96070	293.00032	19.80647	76.046	m	9.975	5.57	G5	0.849
HIP 51743		158.57933	-9.16318	76.058	m	10.2	5.798		1.12
HD 223132	HIP 117300	356.76107	-44.78815	76.061	m	9.951	5.545	G8 V	0.773
HIP 70354		215.92047	65.39551	76.078	m	9.36	4.954	G5	0.709
HD 14499	HIP 10779	34.68358	-54.85978	76.09	m	9.09	4.683	G1 V	0.736
HD 23786	HIP 17597	56.5399	-41.2062	76.092	m	9.342	4.935	G5/6 V	0.818
HD 221295	HIP 116058	352.74124	7.72854	76.105	m	9.094	4.687	G0	0.75
HD 216808	HIP 113264	344.03964	-12.40228	76.129	m	9.774	5.366	G3/5 V	0.785
HD 133196	HIP 73739	226.09883	-36.66753	76.138	m	9.829	5.421	G8/K0 (V)	0.853
HD 20160	HIP 14752	47.62254	-66.49953	76.151	m	9.161	4.753	G0 V	0.6
HIP 74566		228.53291	17.40982	76.153	m	9.528	5.12	K0	0.787
HD 138926	HIP 76435	234.16985	-42.13037	76.162	m	9.105	4.696	G5 V	0.717
HIP 43802		133.81902	-34.01789	76.167	m	10.76	6.351	K3V	1.054
HIP 73594		225.63851	-12.41431	76.187	m	10.13	5.726		0.842
HIP 112522		341.87543	2.32792	76.206	m	12.12	7.707	K7V:	
HIP 34365		106.85047	-63.96288	76.22	m	10.24	5.835		0.971
HIP 111803		339.68953	25.57037	76.221	m	10.15	5.745	K2	0.908
HD 6956	HIP 5452	17.44073	-20.21655	76.229	m	9.809	5.398	G8/K0 V	0.941
HD 140256	HIP 76931	235.63965	0.86849	76.234	m	9.881	5.47	G8 V	0.673
HIP 64685		198.86519	-25.32544	76.274	m	9.905	5.493	K0	0.853
HD 224621	HIP 118266	359.82211	-36.04348	76.278	m	9.618	5.206	G0 III/IV	0.709
HIP 72504		222.36725	45.28059	76.3	m	11.06	6.65	K5	0.888
HIP 80665		247.03614	24.58633	76.353	m	9.952	5.538	G5	0.872
HIP 33780		105.21592	-60.029	76.357	m	10.16	5.747	G3	0.815
HD 189330	HIP 98653	300.56512	-55.76663	76.376	m	10.14	5.729	K0 V	0.942
HD 115972	HIP 65141	200.2331	-28.17217	76.397	m	9.359	4.944	G3 V	0.7
HD 115169	HIP 64713	198.94746	-29.5059	76.407	m	9.28	4.864	G3 V	0.768
HD 203009	HIP 105408	320.25963	-46.85265	76.415	m	9.002	4.586	G2 V	0.641
HD 84323	HIP 47760	146.05896	-11.87252	76.418	m	9.327	4.911	G3 V	0.731
HIP 75914		232.58775	-62.00021	76.441	m	10.66	6.244		1.096
HD 140611	HIP 76786	235.16768	65.84066	76.443	m	9.482	5.065	K	0.712
HD 164500	HIP 88460	270.92269	-45.86208	76.445	m	9.716	5.299	G8 V	0.804
HIP 114383		347.49176	-28.72005	76.45	m	10.47	6.053		1.263
HD 22455	HIP 16792	54.03324	-17.08418	76.467	m	9.011	4.594	G2 V	0.748
HD 233654	HIP 47123	144.03618	51.12872	76.475	m	9.933	5.515	G0	0.774
Gl 518.2A	HD 118576|HIP 66439	204.30152	30.0851	76.477	m	9.384	4.966	G 8 V	0.776
HD 22217	HIP 16439	52.92472	-58.38838	76.481	m	9.028	4.61	G2 V	0.712
HIP 87384		267.83462	43.22301	76.482	m	10.81	6.391		1.049
HIP 57589		177.10089	-37.48034	76.488	m	11.32	6.907	Mp	1.644
HIP 88564		271.25318	-44.75364	76.493	m	10.36	5.94	G5	1.096
HIP 58546		180.07833	20.5952	76.505	m	11.55	7.135	K3	1.285
HIP 101999		310.05235	-15.37541	76.534	m	10.57	6.148		1.182
HD 188908	HIP 98457	300.0614	-55.37355	76.543	m	9.689	5.269	K1 IV/V	0.837
HD 51633	HIP 33411	104.22932	-28.69683	76.544	m	9.09	4.67	G1 V	0.686
HD 27195	HIP 19982	64.27934	-22.31804	76.549	m	9.501	5.081	G6 V	0.857
HD 7514	HIP 5831	18.69649	-29.39038	76.556	m	9.222	4.802	G5 V	0.661
HIP 4948		15.86584	-5.81137	76.58	m	10.51	6.088		1.017
HD 181899	HIP 95441	291.2134	-51.80785	76.599	m	9.496	5.075	K0 (V) + (F)	0.772
HD 122	HIP 494	1.47945	-68.81159	76.605	m	9.065	4.644	F8 V	0.611
HIP 92162		281.76098	82.72508	76.621	m	9.382	4.96	G0	0.756
HD 6500	HIP 5163	16.52147	1.70641	76.648	m	9.543	5.121	G5 V	0.657
HIP 31474		98.89218	-69.49156	76.652	m	11.4	6.978		1.312
HD 91772	HIP 51864	158.94538	-4.61122	76.666	m	9.837	5.414	K0	0.923
HD 78521	HIP 44799	136.94465	-29.95421	76.694	m	9.287	4.863	G3 V	0.599
HD 179676	HIP 94691	289.01775	-50.19481	76.729	m	9.506	5.081	G6 V	0.783
HIP 111764		339.59387	9.85863	76.745	m	10.65	6.225	K2	0.943
HD 88664	HIP 49827	152.58681	-71.93155	76.747	m	9.877	5.452	G6 V	0.697
HD 38936	HIP 27339	86.86023	-37.76395	76.748	m	9.12	4.695	G2 V	0.667
HD 28995	HIP 21232	68.31746	-21.1353	76.761	m	9.892	5.466	G5 V	0.726
HIP 45139		137.95317	-42.29515	76.767	m	10.64	6.217	K5V	1.204
HIP 114589		348.2092	12.11835	76.778	m	11.15	6.726	K3	1.151
HD 205047	HIP 106482	323.5013	-43.86361	76.778	m	9.65	5.224	G3/5 V	0.69
HD 285571	HIP 19696	63.29567	16.76683	76.799	m	9.214	4.787	G0	0.748
HD 140258	HIP 77000	235.83113	-21.12056	76.836	m	9.032	4.604	G2 V	0.658
HD 149167	HIP 81093	248.45719	-22.8262	76.838	m	9.138	4.71	G1 V	0.76
HIP 99436		302.73765	-53.91038	76.89	m	12.19	7.757		
HIP 51343		157.30674	-1.99816	76.892	m	11.73	7.297		1.346
HIP 19987		64.30598	-7.39428	76.928	m	9.722	5.292		0.834
HD 241063	HIP 24007	77.39448	24.32531	76.932	m	10.4	5.972		1.324
HIP 81053		248.30094	85.88854	76.936	m	10.52	6.087	K0	0.902
Gl 518.2B	HIP 66441	204.30754	30.08726	76.941	m	10.79	6.358	G0	0.934
HIP 87437		268.00374	15.70422	76.955	m	10.24	5.812		0.89
HD 63487	HIP 38072	117.02491	-27.51963	76.971	m	9.274	4.842	G2 V	0.684
HIP 2600		8.25589	44.73008	76.991	m	10.37	5.941	K0	0.927
HIP 22777		73.48663	69.23905	76.994	m	9.865	5.433	G5	0.803
HD 61545	HIP 36187	111.78754	-80.82401	76.996	m	9.216	4.784	G2 V	0.667
HD 211122	HIP 110105	334.55527	-72.33743	77.032	m	10.02	5.584	G6 V	0.79
HIP 1224		3.81148	53.07416	77.05	m	10.51	6.075	K3	1.134
HIP 56532		173.87333	-33.05875	77.08	m	11.02	6.587		0.972
HIP 15661		50.42445	10.8299	77.112	m	9.746	5.31	K0	0.859
HIP 11506		37.0914	10.56745	77.123	m	12.08	7.642	K7V:	1.622
HIP 26011		83.26513	59.15383	77.132	m	9.916	5.48	G5	0.836
HIP 15126		48.76984	1.03756	77.173	m	10.34	5.901	G5	0.85
HIP 107098		325.4056	-14.66493	77.183	m	11.6	7.165		
HIP 16508		53.13795	26.74643	77.195	m	10.2	5.757		0.859
HIP 77543		237.49465	-21.58039	77.199	m	10.9	6.46		0.623
HIP 56729		174.46165	41.8256	77.215	m	9.823	5.384	G6V	0.99
HD 185539	HIP 96829	295.21472	-33.40237	77.227	m	9.631	5.192	G5 V	0.737
HD 48149	HIP 31907	100.02675	-39.3124	77.232	m	9.59	5.151	G2/3 V	0.689
HD 207042	HIP 107612	326.93931	-50.61888	77.253	m	9.847	5.407	G5/6 V	0.844
HD 190274	HIP 98655	300.5716	45.7831	77.259	m	10.51	6.069	K0	1.004
HD 133379	HIP 73805	226.27625	-32.27124	77.298	m	9.872	5.431	G5/6 V	0.813
HD 194265	HIP 100698	306.22715	-6.79613	77.302	m	9.491	5.05	G3 V	0.656
HIP 46323		141.67564	3.83587	77.308	m	10.77	6.327		1.345
HIP 91476		279.85627	15.65913	77.333	m	10.07	5.632	G5IV	0.614
HIP 19532		62.76897	8.5396	77.34	m	11.87	7.429	K7	
HIP 28062		88.99839	-45.1895	77.343	m	10.58	6.14		1.08
HD 168780	HIP 89986	275.39854	-1.53767	77.344	m	9.528	5.086	G5 V	0.858
HIP 57679		177.43735	67.33789	77.346	m	11.07	6.633		1.284
HIP 47645		145.70723	-22.9643	77.346	m	10.73	6.29		0.828
HD 317479	HIP 90154	275.96302	-27.77184	77.371	m	10.55	6.108		1.03
HD 205308	HIP 106668	324.07234	-54.43126	77.378	m	9.325	4.882	G0 V	0.648
HIP 69028		211.96691	19.96563	77.382	m	11.16	6.715	K4	1.061
HD 133142	HIP 73530	225.4384	35.68172	77.396	m	9.003	4.559	G0	0.587
HIP 103153		313.49194	45.65676	77.403	m	9.995	5.551	G5:V:	0.926
HIP 49406		151.28486	17.57167	77.407	m	9.596	5.152	G5	0.75
HIP 12368		39.80394	-42.35166	77.421	m	10.03	5.582		0.824
HIP 105979		321.9516	67.66765	77.436	m	10.28	5.832	K0	0.983
HD 202374	HIP 105029	319.10913	-37.82327	77.442	m	9.617	5.172	G8 V	0.899
HD 183140	HIP 96289	293.67325	-72.79566	77.449	m	9.389	4.944	G8 V	0.954
HIP 54579		167.53369	39.404	77.45	m	11.11	6.661		1.29
HD 104792	HIP 58840	181.02251	-48.95271	77.457	m	9.37	4.925	G3 V	0.668
HIP 13430		43.23991	22.56928	77.521	m	10.64	6.198		1.097
HD 95209	HIP 53828	165.1983	61.03828	77.522	m	9.137	4.69	G0	0.714
HIP 71021		217.87996	-0.70502	77.537	m	11.14	6.694	K5V	0.966
HD 17847	HIP 13285	42.7513	-29.00255	77.541	m	9.076	4.628	G0 V	0.634
HD 28571	HIP 20984	67.50925	-3.06306	77.549	m	9.069	4.621	G5 V	0.726
HIP 118154		359.50671	17.52652	77.55	m	11.89	7.442		1.807
HD 219180	HIP 114711	348.5438	-33.05386	77.57	m	9.91	5.462	G5 V	0.869
HD 281242	HIP 17796	57.14828	30.65647	77.615	m	9.105	4.655	G0	0.613
HD 32372	HIP 23316	75.21612	-41.01853	77.627	m	9.612	5.162	G3 V	0.733
HD 109874	HIP 61654	189.57576	-11.52415	77.628	m	9.166	4.716	G3/5 V	0.852
HD 350185	HIP 96490	294.23221	18.64061	77.644	m	9.667	5.216	G5	0.884
HIP 48836		149.42813	9.97885	77.672	m	9.825	5.374	G5	0.816
HD 101940	HIP 57207	175.95744	-35.24799	77.678	m	9.244	4.793	G1 V	0.625
HD 20129	HIP 15012	48.37979	-21.96422	77.685	m	9.36	4.908	G6 V	0.739
HIP 12031		38.78163	3.73242	77.714	m	12.61	8.16	DAwe...	-0.464
HIP 17924		57.4933	27.43929	77.722	m	12.35	7.9	K5	
HIP 65018		199.9263	23.06079	77.727	m	9.646	5.193	K0	0.845
HD 190646	HIP 99110	301.82314	-34.94188	77.734	m	9.263	4.81	G5 V	0.668
HIP 116551		354.31063	79.25213	77.743	m	9.891	5.438		0.987
HD 10887	HIP 8193	26.3332	-56.10798	77.745	m	9.612	5.159	G8 V	0.796
HD 80349	HIP 45525	139.17271	-60.60938	77.745	m	9.807	5.354	G8 V	0.916
HIP 120306		346.6872	-66.07523	77.76	e	11.12	6.664		1.667
HD 114094	HIP 64103	197.05482	3.77683	77.769	m	9.776	5.322	G8 V	0.768
HIP 103390		314.19742	-44.8635	77.77	m	11.61	7.156	M0	1.317
HD 130565	HIP 72522	222.4119	-28.44162	77.794	m	9.834	5.379	G6 V	0.904
HD 16519	HIP 12248	39.42652	-43.67313	77.799	m	9.308	4.853	G0 V	0.68
HD 162026	HIP 87783	268.97925	-72.69114	77.835	m	9.701	5.245	G5 V	0.769
HD 29666	HIP 21622	69.63528	-40.18465	77.866	m	9.253	4.796	G2 V	0.736
HD 237793	HIP 45149	137.98077	59.1172	77.875	m	9.892	5.435	K0	0.877
HD 99582	HIP 55903	171.88255	24.04142	77.882	m	9.368	4.911	K0	0.928
HD 232813	HIP 16871	54.27961	53.77214	77.899	m	9.431	4.973	G 8 III	0.895
HIP 57141		175.77173	50.40966	77.919	m	10.03	5.575	K0	0.851
HD 217740	HIP 113868	345.89705	-57.09509	77.941	m	10.17	5.714	G6/8 V	0.832
HIP 50130		153.50766	22.45637	77.942	e	10.19	5.735	K5	1.319
HIP 69742		214.11953	33.55826	77.942	e	9.745	5.286	K 1 III	0.892
HIP 78889		241.56255	33.842	77.973	m	11.36	6.904		1.493
HD 4129	HIP 3423	10.90441	-24.72932	77.99	m	9.683	5.223	G5 V	0.881
HIP 68882		211.56086	16.44959	78.006	m	9.397	4.936	G0	0.594
HD 160914	HIP 86702	265.72873	-10.79494	78.007	m	9.297	4.836	G5 V	0.731
HIP 49492		151.56374	8.83454	78.008	m	12.1	7.64		
HD 110605	HIP 62093	190.88355	-31.38588	78.036	m	9.213	4.752	G8 V	0.874
HD 118969	HIP 66859	205.55147	-63.71408	78.038	m	10.06	5.595	B1/2 (III)	-0.092
HIP 13864		44.61755	-39.31553	78.066	m	9.558	5.096	G8	0.77
HIP 52029		159.45658	77.48618	78.078	m	9.791	5.328	G5	0.803
HD 32180	HIP 23243	75.01145	-27.83246	78.079	m	9.314	4.851	G3/5 V	0.719
HD 204017	HIP 105873	321.6283	-30.46108	78.089	m	9.421	4.958	G3 V	0.773
HIP 50756		155.46002	-14.30601	78.103	m	10.94	6.474		0.91
HD 17449	HIP 13025	41.85679	-17.55652	78.108	m	9.59	5.127	G2 V	0.644
HD 348412	HIP 89749	274.73267	18.4855	78.124	m	9.537	5.073	G5	0.764
HIP 104535		317.62827	3.11973	78.126	m	11.08	6.618	K3	1.08
HD 86581	HIP 48930	149.73509	-27.0658	78.172	m	9.608	5.143	G3/5 V	0.7
HIP 11640		37.54427	-18.51695	78.174	m	12.23	7.764		
HD 24048	HIP 17751	57.00701	-44.20057	78.177	m	9.319	4.854	G2 V	0.662
HIP 55438		170.28811	-0.63072	78.202	m	9.518	5.052	G0	0.697
HD 82281	HIP 46428	142.02203	-64.33768	78.204	m	9.064	4.598	G0 V(P)	0.655
HD 129548	HIP 72045	221.05035	-38.14569	78.228	m	9.145	4.678	G6 V	0.864
HD 149873	HIP 81504	249.70967	-34.34952	78.228	m	9.161	4.694	G3 V	0.724
HIP 93261		284.96457	-7.77875	78.255	m	10.36	5.892		0.848
HIP 95921		292.6218	-34.93784	78.255	m	10.88	6.413		0.964
HIP 59233		182.22776	21.78873	78.257	m	9.518	5.05	G2V	0.764
HIP 16240		52.32771	1.9754	78.273	m	10.51	6.039		0.876
HD 66760	HIP 39450	120.96344	-30.968	78.29	m	9.382	4.913	G3 V	0.719
HD 197027	HIP 102152	310.47765	-27.21594	78.299	m	9.225	4.756	G3 V	0.719
HD 75876	HIP 43374	132.5295	-56.16592	78.31	m	9.259	4.79	G2 V	0.754
HD 52947	HIP 33839	105.37273	-37.15988	78.323	m	9.672	5.203	G5 V	0.778
HIP 71673		219.90344	-1.2085	78.327	m	10.3	5.832		0.832
HD 197629	HIP 102471	311.46328	-27.60568	78.343	m	9.605	5.135	G3 V	0.786
HIP 59028		181.53596	38.82844	78.347	m	9.644	5.174	G6IV	0.794
HD 153441	HIP 83251	255.23318	-31.77765	78.347	m	9.046	4.576	F6/7 V	0.613
HIP 57193		175.90197	79.02511	78.35	m	10.19	5.717	K0	0.874
HD 238430	HIP 74407	228.09902	55.62748	78.388	m	9.197	4.726	G5	0.868
HIP 7824		25.16061	5.57678	78.394	m	10.86	6.389	K7V:	1.065
HIP 17174		55.17084	18.1006	78.42	m	9.28	4.808	G5	0.902
HD 182137	HIP 95420	291.14834	-31.92487	78.422	m	9.73	5.258	G3 V	0.722
HIP 11679		37.6639	72.18446	78.473	m	9.199	4.725	G	0.757
HD 117007	HIP 65785	202.2907	-66.07858	78.516	m	9.232	4.757	F6/8 V	0.669
HD 89084	HIP 50374	154.28059	29.55434	78.546	m	9.223	4.747	G 2 V:	0.656
HD 222084	HIP 116647	354.58198	-72.62446	78.55	m	9.763	5.287	G5 IV/V	0.701
HD 213954	HIP 111510	338.88001	-32.77281	78.55	m	9.115	4.639	G3 V	0.749
HD 116214	HIP 65291	200.72091	-43.97523	78.564	m	9.658	5.182	K0 V + F/G	0.87
HIP 32878		102.76764	48.05311	78.564	m	9.946	5.47	K0	0.896
HD 186138	HIP 97344	296.76538	-65.2758	78.565	m	9.065	4.589	G0 V	0.616
HD 237354	HIP 23922	77.11115	55.42004	78.575	m	9.402	4.926	G2V	0.661
HD 68402	HIP 39589	121.34873	-74.41041	78.614	m	9.17	4.693	G5 IV/V	0.757
HD 51754	HIP 33582	104.66058	-0.48047	78.614	m	9.069	4.591	G2 V	0.647
HD 154584	HIP 83761	256.77773	-19.50603	78.615	m	9.068	4.59	G8 V	0.809
HIP 57019		175.35534	58.93227	78.618	m	9.502	5.024		0.812
HD 25085	HIP 18513	59.37866	-39.52295	78.651	m	9.276	4.797	G6 V	0.783
HIP 43490		132.87005	-80.30014	78.653	m	9.615	5.136	G0	0.566
HIP 6961		22.40133	18.92955	78.67	m	11.89	7.408	K4	
HD 208925	HIP 108617	330.05141	-27.29907	78.683	m	9.695	5.216	G5 V	0.698
HD 84621	HIP 47931	146.51674	-21.37355	78.683	m	9.837	5.358	G6/8 V	0.858
HD 116254	HIP 65383	200.99255	-64.90332	78.685	m	9.59	5.111	G8 V	0.806
HIP 111871		339.89988	11.35353	78.69	m	10.53	6.045	K1	0.925
HD 4582	HIP 3728	11.96838	16.95918	78.691	m	9.126	4.646	G0	0.593
HIP 47899		146.43443	50.23565	78.714	m	11.32	6.842	K4	1.39
HIP 61195		188.08656	13.58383	78.722	m	9.922	5.442	K0	0.741
HD 208166	HIP 108184	328.77323	-31.79657	78.74	e	9.313	4.832	G3/5 V	0.775
HD 208890	HIP 108651	330.16412	-50.03531	78.767	m	9.431	4.949	K0 IV/V	1.043
HIP 76929		235.62933	48.30254	78.767	m	10.39	5.911		0.853
HIP 44247		135.16271	-71.98366	78.771	m	11.21	6.725		0.931
HD 135981	HIP 74884	229.56036	-5.24285	78.772	m	9.263	4.781	G1 V	0.716
HD 103262	HIP 57975	178.38678	3.5166	78.779	m	10.2	5.714	K0	0.982
HIP 32576		101.96058	-30.87619	78.784	m	12.01	7.525		0.986
HD 205756	HIP 106866	324.66899	-42.71089	78.807	m	9.337	4.854	G2/3 V	0.644
HD 112904	HIP 63469	195.08216	-27.12769	78.816	m	9.881	5.398	G5 V	0.865
HIP 61493		188.98995	11.40532	78.84	m	9.235	4.751	G2V	0.669
HD 13221	HIP 9610	30.88814	-78.01028	78.847	m	9.758	5.274	G8/K0 IV/V	0.863
HIP 55601		170.85037	25.48396	78.856	m	10.55	6.069	K0	1.061
HIP 68313		209.75153	29.73792	78.873	m	10.26	5.775	G 8 III	1.085
HD 139803	HIP 76772	235.12518	-7.30115	78.903	m	9.533	5.048	G5 V	0.745
HD 337266	HIP 93030	284.27056	24.9251	78.905	m	10.14	5.657		0.762
HD 183639	HIP 96043	292.92695	-29.91822	78.913	m	9.793	5.307	G3 V	0.715
HIP 10414		33.54561	9.14376	78.953	m	11.74	7.252	K7V:	1.627
HD 6946	HIP 5381	17.20951	-59.63716	78.955	m	9.014	4.527	F8 V	0.591
HD 80622	HIP 45759	139.96742	-31.69226	78.968	m	9.218	4.731	G5 V	0.775
HD 189764	HIP 98693	300.68406	-28.37995	78.968	m	9.255	4.768	G1 V	0.663
HD 15231	HIP 11398	36.71328	-17.16183	78.975	m	9.415	4.928	G3 V	0.65
HD 154608	HIP 83934	257.34415	-53.3915	78.998	m	9.023	4.535	G2 IV/V	0.625
HIP 117459		357.24349	6.44811	79	m	12.43	7.942	M0V:	
HIP 4895		15.71312	-59.77967	79.05	m	10.43	5.943		0.851
HD 125046	HIP 69821	214.34342	-17.75524	79.068	m	9.375	4.885	G3 V	0.815
HD 245710	HIP 26525	84.61848	24.992	79.073	m	9.624	5.134	G0	0.746
HD 214790	HIP 112001	340.2946	-41.41148	79.082	m	9.997	5.507	G8 V	0.859
HD 212091	HIP 110564	335.97359	-66.9276	79.104	m	9.118	4.627	G8 V	0.886
HD 313300	HIP 90153	275.96311	-19.50475	79.11	m	10.63	6.136		1.049
HD 3618	HIP 3072	9.74596	-1.16381	79.11	m	9.776	5.285	G6 V	0.742
HD 18165	HIP 13542	43.60193	-20.11699	79.118	m	9.078	4.587	G6 V	0.696
HIP 108576		329.91716	16.03832	79.129	m	9.832	5.34	K0	0.917
HIP 26799		85.37137	34.81292	79.138	m	9.198	4.706	F8	0.674
HD 24149	HIP 17879	57.37065	-33.01076	79.163	m	9.22	4.727	G5 V	0.738
HD 229356	HIP 91980	281.21498	15.16341	79.167	m	10.9	6.403		1.293
HD 136548	HIP 75239	230.61295	-33.71644	79.186	m	9.288	4.795	G5 V	0.74
HIP 58939		181.27935	19.55436	79.195	m	9.752	5.259	G5	0.825
HD 93335	HIP 52629	161.43919	-45.75886	79.204	m	9.052	4.558	G2 V	0.631
HD 210198	HIP 109344	332.27588	-18.48494	79.206	m	9.01	4.516	G1 V	
HD 287276	HIP 23085	74.52717	13.03487	79.211	m	10.54	6.05	F5	0.785
HD 153318	HIP 83182	255.00974	-31.50012	79.227	m	9.775	5.281	G0/2	0.643
HIP 54444		167.0972	22.67604	79.24	m	9.779	5.284	G8	0.801
HD 224883	HIP 118	0.3866	-9.43003	79.247	m	9.281	4.786	F7 V	0.613
HD 148439	HIP 80753	247.31651	-27.37554	79.254	m	9.66	5.165	G5 V	0.729
HD 23454	HIP 17589	56.51995	21.99847	79.261	m	9.504	5.009	F5	0.659
HIP 62938		193.46869	53.43842	79.274	m	10.66	6.163	K0	1.021
HD 26980	HIP 19775	63.59405	-38.31711	79.325	m	9.263	4.766	G5 V	0.622
HIP 105125		319.42426	-59.81579	79.327	m	11.42	6.922	K7	1.607
HIP 120004		126.45209	-0.4098	79.365	e	9.922	5.424	G5	0.863
HIP 7422		23.9128	76.00172	79.374	m	10.14	5.644	G5	1.063
HD 12585	HIP 9550	30.681	-29.81418	79.381	m	9.263	4.764	G3 V	0.717
HD 30879	HIP 22322	72.12672	-52.6289	79.385	m	9.275	4.776	G2 V	0.666
HD 27845	HIP 20331	65.33955	-48.49942	79.424	m	9.193	4.693	G6 V	0.764
HD 21520	HIP 16038	51.64036	-43.61357	79.431	m	9.219	4.719	G2/3 V	0.699
HD 125885	HIP 70292	215.72195	-25.17985	79.472	m	9.458	4.957	K0 III + (G)	0.814
HD 115571	HIP 65174	200.34654	-78.1286	79.481	m	9.044	4.543	F8 V	0.593
HD 187384	HIP 97642	297.67349	-26.17117	79.487	m	9.676	5.175	K0 V	0.864
HIP 77184		236.4123	-24.7662	79.488	m	10.1	5.597	G5	1.107
HIP 71805		220.32542	23.72211	79.493	m	9.076	4.574	G0	0.671
HIP 89877		275.10879	84.20602	79.498	m	10.52	6.018	G5	0.901
HIP 70304		215.76942	63.99331	79.515	m	10.16	5.66		0.953
HD 301965	HIP 57799	177.77134	-57.34091	79.522	m	9.84	5.338	G5	0.863
HIP 55575		170.7634	4.82801	79.523	m	9.637	5.135	G0	0.81
HD 109143	HIP 61213	188.15424	-26.45788	79.559	m	9.502	4.999	G6/8 (IV)	0.794
HD 7525	HIP 5853	18.76586	-19.68615	79.564	m	9.404	4.9	G5 V	0.765
HD 109833	HIP 61723	189.77667	-74.57399	79.564	m	9.38	4.876	G3 V	0.702
HIP 38918		119.46404	69.88471	79.576	m	10.15	5.648		0.924
HD 214630	HIP 111873	339.9071	-6.9801	79.577	m	9.183	4.679	G3/5 V	0.641
HR 8662	HIP 112450	341.68448	-46.94173	79.598	m	9.903	5.398		0.823
HD 196487	HIP 102868	312.61459	-82.26326	79.604	m	9.371	4.866	G2 V	0.697
HD 31094	HIP 22473	72.53701	-52.41341	79.606	m	9.169	4.664	G2 V	0.719
HD 18573	HIP 13896	44.73169	-10.94942	79.621	m	9.203	4.698	G1/2 V	0.706
HD 112596	HIP 63319	194.6344	-55.15038	79.64	m	9.479	4.973	G0/2 IV/V	0.661
HIP 77899		238.62095	-4.28003	79.644	m	11.52	7.012		1.233
HD 207454	HIP 107860	327.78498	-60.72515	79.651	m	9.229	4.723	G6 V	0.799
HD 113381	HIP 63694	195.79438	14.1137	79.66	m	10.62	6.11	K0	1.008
HD 11172	HIP 8493	27.37246	-19.01342	79.666	m	9.6	5.094	G6 V	0.79
HD 68814	HIP 40317	123.48797	-4.05349	79.671	m	9.644	5.138	G6 V	0.748
HD 143280	HIP 78456	240.25472	-39.70243	79.676	m	9.048	4.541	G5 V	0.79
HD 16684	HIP 12532	40.31087	24.7233	79.689	m	9.684	5.177	G0	0.726
HD 190220	HIP 99076	301.70824	-56.25505	79.691	m	9.135	4.628	G3 V	0.658
HD 153696	HIP 83562	256.16328	-59.88173	79.709	m	9.211	4.703	G5 V	0.725
HD 223769	HIP 117717	358.12197	12.8729	79.722	m	9.721	5.213	G5	0.855
HD 189545	HIP 98751	300.8686	-56.71932	79.753	m	9.066	4.557	G0 V	0.737
HD 39861	HIP 29269	92.55323	81.51282	79.781	m	9.065	4.556	G0	0.673
HD 64032	HIP 38131	117.20725	-56.00801	79.785	m	9.037	4.527	G3 V	0.718
HIP 52958		162.46938	20.49169	79.789	m	10.05	5.544		0.584
HIP 70845		217.3181	0.30469	79.794	m	11.07	6.562		1.308
HD 218685	HIP 114422	347.59501	-42.36506	79.798	m	9.32	4.81	G3 V	0.706
HIP 17461		56.13432	-20.47545	79.821	m	10.2	5.687		0.757
HIP 1174		3.6637	12.23637	79.828	m	9.142	4.631	G0	0.734
HD 96751	HIP 54401	166.98446	-51.11879	79.832	m	9.963	5.452	G3/5 P	0.695
HD 101485	HIP 56973	175.18997	17.7144	79.839	m	9.302	4.791	K0	0.919
HIP 69903		214.59869	16.62852	79.847	m	10.44	5.929		1.137
HD 149043	HIP 80812	247.53267	44.87102	79.866	m	9.292	4.78	F8	0.637
HIP 85297		261.44829	-75.39726	79.879	m	11.26	6.744	Kp	1.137
HD 146734	HIP 80741	247.2689	-80.09737	79.887	m	9.323	4.811	G5/8 V	0.709
HD 110513	HIP 62019	190.6673	18.77337	79.892	m	9.113	4.6	G5	0.673
Gl 639.2	HIP 82502	252.92755	-64.4402	79.928	m	10.91	6.396	G	0.774
HD 121813	HIP 68199	209.43758	6.16725	79.936	e	9.627	5.113	G5	0.721
HD 1681	HIP 1679	5.25332	-32.72354	79.948	m	9.378	4.864	G3 V	0.696
HD 188653	HIP 98096	299.03685	4.30452	79.96	m	9.519	5.005	G5	0.794
HD 101535	HIP 56987	175.22736	-12.2026	79.962	m	9.679	5.165	G6 V	0.739
HIP 3960		12.71425	10.36428	79.967	m	10.88	6.368	G9	0.86
HIP 83226		255.12582	-51.25489	79.969	m	10.19	5.674	G5	0.721
HD 180072	HIP 94800	289.33937	-46.6833	80.027	m	9.668	5.152	G3 V	0.69
HD 30721	HIP 22257	71.87569	-49.8595	80.032	m	9.758	5.242	G6 V	0.727
HIP 92585		282.99037	-32.64174	80.032	m	10.39	5.874	G2	1.144
HD 213185	HIP 111076	337.53884	-29.40691	80.037	m	10.75	6.23	K1/3 (V)	0.932
HD 28513	HIP 20792	66.83262	-49.29326	80.054	m	9.972	5.455	G8 V	1.098
HD 88155	HIP 49721	152.27523	-38.94484	80.054	m	9.96	5.443	G8 V	0.889
HD 18839	HIP 13979	45.01324	-49.4179	80.062	m	9.779	5.262	G0/2	1.07
HD 2749	HIP 2417	7.70458	-41.39026	80.066	m	9.149	4.632	G2/3 V	0.688
HIP 60684		186.54908	16.11259	80.07	m	11.07	6.552		1.163
HD 108885	HIP 61052	187.7057	-34.53698	80.071	m	9.081	4.564	G2 V	0.622
HD 281309	HIP 18204	58.39803	30.77345	80.075	m	9.243	4.726	G0	0.663
HD 2770	HIP 2575	8.17872	78.11305	80.079	m	9.714	5.196	G5+...	0.805
HIP 64127		197.15299	56.01806	80.087	m	10.97	6.449		1.012
HD 158947	HIP 86083	263.88321	-57.44902	80.092	m	9.33	4.812	G3 IV	0.702
HD 149071	HIP 81088	248.43706	-33.34998	80.096	m	9.631	5.113	G6/8 V	0.819
HD 25073	HIP 18496	59.30363	-44.2211	80.098	m	9.219	4.701	F8 V	0.623
HIP 108496		329.68799	0.80971	80.106	m	10.34	5.821	K0	0.826
HD 7310	HIP 5678	18.24085	-29.69394	80.139	m	9.388	4.869	G5 V	0.777
HD 87620	HIP 49576	151.80704	46.11498	80.143	m	9.386	4.867	G5	0.732
HIP 73151		224.24285	5.28026	80.184	m	11.01	6.486		2.164
HIP 12126		39.05461	-10.25691	80.187	m	10.88	6.354		0.718
HD 118072	HIP 66273	203.73917	-29.92334	80.202	m	9.242	4.721	G1/G2V	0.699
HD 12632	HIP 9512	30.59154	-50.73964	80.203	m	10.56	6.041	K0/1 V	1.036
HIP 50014		153.15808	71.57613	80.215	m	10.87	6.35		0.974
HIP 18497		59.30776	-44.21992	80.236	m	10.96	6.433		0.983
HD 194490	HIP 100942	306.99899	-51.66444	80.257	m	9.046	4.524	G2/3 V	0.757
HD 277320	HIP 23655	76.25919	43.31282	80.258	m	9.566	5.044	G0	0.702
HD 1780	HIP 1742	5.51287	-38.69943	80.27	m	9.373	4.85	G8 IV/V	0.856
HD 130368	HIP 72709	222.98752	-70.80264	80.276	m	10.19	5.664	G8/K0 (V)	0.933
HIP 60750		186.75709	-3.54062	80.29	m	10.2	5.681		0.876
HIP 83961		257.44876	7.81905	80.29	m	10.06	5.539	G5	0.852
HD 60128	HIP 36559	112.80668	-40.03894	80.298	m	9.664	5.14	G5 V	0.777
HIP 7844		25.21858	-26.98309	80.308	m	10.05	5.527	G0	0.771
HIP 102634		311.952	-32.91339	80.311	m	10.65	6.13		0.729
HIP 60747		186.74943	1.5662	80.313	m	10.47	5.945	F8	0.977
HIP 30018		94.75567	38.5309	80.351	m	10.37	5.842	G6	0.851
HD 133815	HIP 73600	225.66214	67.20986	80.355	m	9.124	4.599	F8	0.636
HD 122403	HIP 68762	211.11164	-68.96811	80.361	m	9.293	4.768	G3 V	0.884
HIP 97305		296.63927	-53.63261	80.376	m	10.07	5.545		0.814
HD 135122	HIP 74384	228.00806	39.95766	80.396	m	9.43	4.904	G5	0.854
HIP 81512		249.74673	45.58958	80.403	m	9.299	4.773	G5	0.745
Gl 67.2	HD 10513|HIP 7896	25.39207	-45.41951	80.428	m	9.374	4.847	G5 V	0.821
HIP 84872		260.18935	28.41214	80.434	m	11.36	6.837	K3	1.214
HD 37551	HIP 26401	84.3038	-42.71545	80.454	m	9.756	5.228	K1/2 V + (G)	0.807
HIP 54217		166.39715	28.02097	80.478	m	9.722	5.194	G0	0.907
HD 175072	HIP 92846	283.78133	-33.77041	80.485	m	9.408	4.879	G1 V	0.71
HIP 16173		52.09519	78.72408	80.491	m	10.51	5.976		1.038
HIP 3113		9.90427	16.44122	80.492	m	11.23	6.702		0.973
HD 113472	HIP 63791	196.11702	-36.83385	80.494	m	9.828	5.299	G6 V	0.831
HIP 16864		54.25596	-41.52765	80.5	m	9.716	5.187		0.871
HD 186783	HIP 97449	297.10377	-42.67553	80.502	m	9.994	5.465	K1/2 III/V	1.02
HIP 12853		41.31417	9.76999	80.507	m	11.27	6.737	K7	
HD 200361	HIP 104024	316.13018	-44.46178	80.525	m	9.417	4.887	G3 V	0.757
HIP 45627		139.50272	41.28788	80.526	m	10.54	6.015	K0	1.303
HD 304622	HIP 45120	137.87321	-61.09459	80.54	m	10.22	5.687	K5	1.143
HD 15645	HIP 11585	37.3273	-49.90663	80.556	m	9.204	4.674	G1 V	0.602
HD 140908	HIP 77618	237.68867	-68.13224	80.58	e	9.517	4.986	G5/6 V	0.638
HD 212625	HIP 110715	336.47404	-8.95935	80.583	m	9.053	4.522	G0 V	0.582
HD 344635	HIP 96447	294.12984	22.59994	80.598	m	9.233	4.701	G5	0.732
HIP 107403		326.31608	-26.84454	80.621	m	11.18	6.645		1.088
HD 214437	HIP 111732	339.50003	13.37408	80.633	m	9.238	4.705	K0	0.859
HIP 38539		118.37809	-62.95858	80.633	m	10.38	5.852		0.806
HIP 538		1.63246	5.82539	80.637	m	11.17	6.637	K1	1.327
HD 126330	HIP 70496	216.29841	-13.81629	80.698	m	9.318	4.784	G5 V	0.716
HIP 10153		32.64988	5.8325	80.701	m	12.05	7.514	M0V:	
HD 124523	HIP 69645	213.8124	-42.80465	80.745	m	9.535	4.999	G8 V + G	0.758
HIP 71979		220.82489	5.82771	80.755	m	10.6	6.063	G6V	0.931
HD 183293	HIP 95984	292.7626	-47.67951	80.761	m	9.684	5.148	G5 V	0.685
HIP 57115		175.63152	53.31183	80.762	m	10.24	5.705	K2	0.925
HIP 116393		353.78718	23.4833	80.779	m	10.07	5.539	G0	0.736
HIP 39256		120.41941	39.61601	80.787	m	9.247	4.71	F8	0.548
HD 123439	HIP 68986	211.85618	12.59413	80.788	m	9.202	4.665	F8	0.746
HIP 23486		75.73119	5.18832	80.79	m	10.84	6.307	K3	1.093
HIP 115684		351.57663	33.18869	80.793	m	9.673	5.136	G5	0.821
HIP 48573		148.61157	69.45014	80.801	m	9.392	4.855	G5	0.923
HIP 66589		204.75014	49.3657	80.817	m	10.75	6.208	K5	1.206
HIP 108200		328.81729	32.64475	80.819	m	11.09	6.551	sdG2:	0.718
HD 102734	HIP 57668	177.41584	-15.42511	80.841	m	9.079	4.541	G2/3 V	0.577
HIP 56476		173.68352	17.02511	80.848	m	12.03	7.49		
HIP 60953		187.41686	-0.1622	80.866	m	11.5	6.961	K3	
HIP 114121		346.67658	33.02925	80.866	m	10.52	5.978	K0	0.979
HIP 1968		6.2318	23.59435	80.887	m	10.96	6.416		0.655
HD 103418	HIP 58071	178.6431	23.81098	80.924	m	9.362	4.822	K0	0.811
HD 220386	HIP 115468	350.86188	-8.88242	80.929	m	9.002	4.461	G1 V	0.597
HIP 64500		198.30552	59.96322	81.011	m	9.422	4.879	K0	0.815
HD 19028	HIP 14116	45.50865	-44.38236	81.014	m	9.163	4.62	G2/3 V	0.649
HIP 91778		280.72436	13.82298	81.027	m	9.847	5.304	K0	0.907
HIP 64454		198.16727	58.44477	81.041	m	10.42	5.88		0.975
HIP 4213		13.45213	-14.55201	81.067	m	10.56	6.019		1.117
HIP 5634		18.09054	8.53665	81.075	m	9.487	4.943	G0	0.826
HD 99694	HIP 55948	171.98611	-28.49299	81.085	m	9.185	4.64	K0 V + G	0.787
HIP 95205		290.51737	-4.73372	81.087	m	9.666	5.121		0.825
HD 194627	HIP 101091	307.38566	-57.95776	81.095	m	9.435	4.89	G3 V	0.754
HD 3207	HIP 2726	8.69797	-58.88549	81.103	e	9.306	4.761	G3 V	0.711
HIP 90297		276.3725	41.38266	81.108	m	10.1	5.556		0.851
HD 218319	HIP 114181	346.84759	-36.28774	81.11	m	9.822	5.277	G8 V	0.912
HD 13377	HIP 10071	32.39878	-42.95659	81.135	m	9.983	5.437	G6 V	0.762
HIP 113942		346.11292	-40.13074	81.137	m	11.19	6.642	K2	0.878
HD 4374	HIP 3600	11.53229	-5.64258	81.139	m	9.199	4.653	G6 V	0.703
HD 127654	HIP 71262	218.6103	-54.2771	81.148	m	9.457	4.911	G2 V	0.692
HIP 47171		144.18866	-3.90394	81.189	m	9.389	4.842	G0	0.601
HIP 13449		43.29859	6.94975	81.193	m	12.12	7.574	K7	
HD 207537	HIP 107882	327.88177	-57.01821	81.206	m	10.16	5.611	G8 V	0.863
HD 155827	HIP 84442	258.95801	-40.55152	81.206	m	9.227	4.679	G1 V	0.631
HIP 81878		250.87311	44.94371	81.214	m	9.478	4.93	K0	0.899
HD 124851	HIP 69700	214.00195	-7.06198	81.214	m	9.166	4.618	G8/K0 V	0.894
HIP 22134		71.44871	-13.17096	81.227	m	10.44	5.889		1.034
HD 196288	HIP 101778	309.41042	-36.53895	81.24	m	9.747	5.198	G8 V	0.701
HD 110816	HIP 62190	191.1807	-6.17295	81.24	m	9.089	4.54	G6/8 IV	0.889
HIP 83753		256.76492	25.33561	81.251	m	10.22	5.668	G5	0.98
HIP 107680		327.18719	-33.85806	81.275	m	10.17	5.616		0.927
HIP 55215		169.60958	60.59705	81.285	m	9.553	5.003	G0	0.773
HD 38554	HIP 27113	86.251	-35.79813	81.296	m	9.47	4.92	G6 V	0.784
HIP 64386		197.95131	18.37912	81.299	m	9.876	5.326	G0	0.693
HD 94011	HIP 53127	163.0177	58.36985	81.306	m	9.169	4.618	G	0.738
HD 110585	HIP 62042	190.76023	11.78318	81.314	m	9.229	4.678	G5	0.567
HIP 53964		165.60188	-35.68402	81.318	m	9.819	5.268	K0	0.754
HD 241659	HIP 24289	78.18871	4.32109	81.355	m	10.67	6.12		0.812
HD 119901	HIP 67156	206.43195	22.51488	81.357	m	9.094	4.542	G5	0.856
HD 115167	HIP 64680	198.85264	3.21938	81.358	m	9.085	4.533	G3 V	0.668
HD 130176	HIP 72283	221.73571	-9.97973	81.39	m	9.877	5.324	G6(w)	0.817
HD 78372	HIP 44702	136.63441	-40.00079	81.401	m	9.541	4.988	G8 IV/V	0.729
HIP 45414		138.81337	-30.10558	81.447	m	10.08	5.522	K0+...	0.723
HD 113959	HIP 64020	196.78333	7.75728	81.465	m	9.14	4.585	G5	0.707
HD 76150	HIP 43724	133.5657	-4.56714	81.469	m	9.61	5.055	G6 V	0.762
HD 200855	HIP 104289	316.91235	-47.31975	81.47	m	10.35	5.798	G8	0.665
HD 7515	HIP 5796	18.5909	-50.25149	81.476	m	9.468	4.913	G2/3 V	0.693
HIP 68232		209.51826	20.08029	81.48	m	10.64	6.089		1.286
HD 49115	HIP 32888	102.79349	63.0601	81.491	m	9.265	4.709	G	0.751
HIP 38619		118.61685	60.13306	81.522	m	10.79	6.232	K5	1.176
HIP 27068		86.10463	44.42002	81.556	m	9.147	4.59	G 2 III	0.605
HD 147956	HIP 80504	246.50735	-31.23592	81.588	m	9.032	4.474	G1 V	0.608
HIP 66162		203.43497	27.45015	81.621	m	9.873	5.314	G5	0.804
HD 138969	HIP 76363	233.94755	-12.85914	81.639	m	9.097	4.538	G1 V	0.602
HD 108487	HIP 60803	186.92285	14.2581	81.644	m	9.687	5.127	G5	0.759
HD 103993	HIP 58395	179.60894	-33.14349	81.651	m	9.22	4.66	G3/5 V	0.849
HIP 39228		120.34872	16.95126	81.652	m	9.934	5.374	G5	1.156
HD 18986	HIP 14177	45.70724	-14.39618	81.668	m	9.284	4.724	G3 V	0.665
HIP 40972		125.42177	35.48751	81.671	m	10.67	6.112		1.08
HIP 38463		118.18718	62.78924	81.68	m	9.974	5.413	K2	1.032
HD 65272	HIP 38729	118.93673	-48.04174	81.725	m	9.461	4.899	G6/8 V	0.893
HD 191018	HIP 99262	302.24163	-33.01303	81.726	m	9.607	5.045	G5 V	0.863
HD 176538	HIP 93467	285.53236	-32.18277	81.729	m	9.156	4.594	G2 V	0.558
HD 139373	HIP 76345	233.90903	50.40499	81.734	m	9.173	4.611	G5	0.681
HIP 46923		143.45588	24.26286	81.734	m	9.83	5.268	G5	0.777
HIP 31538		99.03293	66.34463	81.736	m	11.46	6.897		0.914
HD 3426	HIP 2881	9.12623	-61.04757	81.766	e	9.202	4.639	G5/6 IV/V	0.767
HD 5725	HIP 4568	14.613	-37.0617	81.781	m	9.683	5.12	G8 V	0.73
HD 78451	HIP 44894	137.20532	16.41765	81.783	m	9.537	4.974	G5	0.875
HD 30831	HIP 22377	72.25964	-41.46633	81.82	m	10.51	5.95	K2 (V)	0.804
HIP 14426		46.55977	-23.98886	81.825	m	10.6	6.032	K0	0.911
HD 185048	HIP 96605	294.60403	-26.3679	81.85	m	9.875	5.31	G8/K0 V	0.84
HD 118613	HIP 66568	204.67991	-36.94767	81.879	m	9.319	4.753	G5 V	0.818
HD 131133	HIP 72675	222.89129	7.74574	81.879	m	9.569	5.003	F8	0.781
HIP 104368		317.15567	36.39336	81.881	m	11.39	6.826		1.1
HD 116958	HIP 65579	201.67379	22.32595	81.903	m	9.45	4.884	G5	0.733
HIP 74757		229.17993	25.21794	81.909	m	10.15	5.588	K0	0.835
HD 93716	HIP 52934	162.38258	20.00919	81.926	m	9.706	5.139	G5	0.801
HD 93283	HIP 52557	161.18538	-62.76155	81.936	m	9.117	4.55	F7/G0 V	0.627
HD 103978	HIP 58387	179.58131	-55.23957	81.938	m	9.274	4.707	G2 V	0.692
HD 129469	HIP 71846	220.4442	33.0115	81.944	m	9.25	4.682	G	0.798
HIP 45106		137.85075	-44.51641	81.948	m	10.31	5.739	K0	0.769
HIP 8449		27.23526	-51.57751	81.955	m	10.04	5.471		0.911
HIP 43219		132.06627	34.60402	81.969	m	10.19	5.617		1.043
HIP 17656		56.72658	60.4655	81.972	m	10.05	5.479	K0	0.909
HD 20997	HIP 15759	50.76858	-9.10772	81.999	m	9.334	4.765	G2/3 IV/V	0.673
HIP 19560		62.84637	26.41099	82.011	m	12.11	7.539		
HIP 105849		321.58031	68.64985	82.011	m	10.64	6.068		1.038
HD 123626	HIP 69218	212.56582	-52.88311	82.011	m	9.007	4.438	F7/8 V	0.554
HIP 81011		248.15943	21.45853	82.014	m	9.144	4.575	G0	0.618
HD 116974	HIP 65598	201.74487	15.08189	82.015	m	9.032	4.463	G5	0.644
HD 181132	HIP 95103	290.21523	-38.41107	82.02	m	9.201	4.631	G3 V	0.669
HD 112818	HIP 63426	194.96633	-42.56131	82.021	m	9.393	4.823	G5 V	0.773
HIP 37885		116.47037	0.82267	82.037	m	9.566	4.996	G2	0.722
HIP 34667		107.69317	42.17657	82.067	m	9.555	4.984	G0	0.788
HD 155920	HIP 84159	258.08368	45.33369	82.078	m	9.277	4.706	G0	0.672
HD 199350	HIP 103484	314.50037	-38.68854	82.085	m	9.695	5.124	G6 V	0.855
HD 5338	HIP 4308	13.79733	-5.43541	82.086	m	9.162	4.591	G3/5 V	0.716
HIP 36951		113.94944	-20.04869	82.107	m	11.3	6.73		1.369
HIP 54339		166.73067	-27.96935	82.147	m	9.569	4.996	G5	0.68
HD 238321	HIP 68778	211.1629	54.86648	82.172	m	10.7	6.129	G5	1.288
HIP 4140		13.23887	48.86048	82.189	m	11.52	6.946		0.869
HD 215887	HIP 112621	342.13635	-5.59346	82.201	m	9.425	4.851	F7/8 V	0.603
HD 8878	HIP 6761	21.74388	-30.96972	82.223	m	9.031	4.456	F7/8 V	0.612
HIP 62022		190.69632	2.74451	82.237	m	11.39	6.816		1.808
HIP 112461		341.70729	19.01693	82.266	m	9.074	4.498	K7	0.698
HD 89022	HIP 50369	154.25948	38.5158	82.268	m	9.037	4.461	G5	0.724
HIP 28116		89.13908	-73.75182	82.281	m	12.04	7.463		1.896
HD 112674	HIP 63535	195.2979	-79.006	82.281	m	9.134	4.558	G3 V	0.726
HD 184392	HIP 96333	293.79016	-25.13439	82.281	m	9.307	4.73	G6 V	0.691
HIP 69167		212.37515	64.9694	82.286	m	12.08	7.504		1.522
HD 1207	HIP 1299	4.08291	-33.46942	82.301	m	9.603	5.026	G8/K0 V	0.867
HD 13350	HIP 10090	32.43526	-30.74624	82.303	m	9.017	4.44	G8 IV (+ F)	0.858
HD 152479	HIP 82950	254.26156	-59.27927	82.313	m	9.342	4.765	G5 V	0.744
HD 219019	HIP 114584	348.19341	-21.93843	82.336	m	9.257	4.679	G3 V	0.665
HD 188737	HIP 98225	299.41693	-29.08386	82.338	m	9.223	4.645	G0 V	0.528
HD 191680	HIP 99536	303.01059	-26.36271	82.354	m	9.582	5.004	G3 V	0.666
HD 12297	HIP 9276	29.80323	-50.14919	82.355	m	9.095	4.517	G3 V	0.69
HIP 73346		224.83467	46.81767	82.355	m	9.161	4.583	F8	0.683
HD 137952	HIP 75922	232.60465	-37.387	82.357	m	9.046	4.467	G2/3 V	0.691
HD 205826	HIP 106828	324.54595	-10.89439	82.359	m	9.209	4.63	G0	0.614
HD 84314	HIP 47732	145.9502	-25.95788	82.361	m	9.404	4.825	G5 V	0.707
HIP 54639		167.74999	6.41984	82.363	m	11.32	6.745	sdG3:	0.484
HD 26956	HIP 19807	63.71397	-25.01121	82.368	m	9.216	4.637	G3 V	0.749
HD 128030	HIP 71351	218.87655	-32.43918	82.376	m	9.145	4.566	G1 V	0.635
HIP 58870		181.08337	50.98928	82.406	m	12.32	7.745		
HD 160626	HIP 86618	265.49089	-22.31356	82.409	m	9.326	4.746	G3 V	0.628
HIP 84187		258.13809	20.79997	82.424	m	9.427	4.847	G0	0.665
HIP 51479		157.72669	15.90607	82.451	m	10.11	5.531	G5	0.754
HD 28852	HIP 21077	67.76545	-39.86113	82.485	m	9.375	4.793	G3 V	0.743
HIP 73743		226.10785	-9.00486	82.489	m	9.704	5.122	G0	0.753
HIP 59177		182.03588	22.24183	82.492	m	9.338	4.756	G0	0.696
HIP 13111		42.15594	22.59843	82.505	m	10.23	5.647	G4	0.564
HD 249603	HIP 28182	89.31802	12.17926	82.515	m	9.926	5.343	K0	0.837
HD 181376	HIP 95190	290.46359	-37.9785	82.52	m	9.504	4.921	F7 V + G/K	0.594
HD 122765	HIP 68869	211.54181	-65.7242	82.534	m	9.412	4.829	G2/3 V	0.703
HIP 69150		212.34032	76.04197	82.534	m	10.35	5.764	G5	1.014
HD 160768	HIP 86684	265.66885	-22.36972	82.538	m	9.18	4.597	G0/3	0.68
HD 110861	HIP 62252	191.36491	-45.86271	82.547	m	9.411	4.827	G8 V	0.898
HIP 58923		181.24322	66.5821	82.552	m	9.723	5.139	F5	0.743
HIP 84870		260.18821	-16.50437	82.564	m	10.91	6.33		0.879
HIP 76896		235.5144	-50.90711	82.568	m	11.76	7.174	M	0.773
HD 151850	HIP 82562	253.13968	-51.12921	82.576	m	9.029	4.445	G5 V	0.792
HIP 12307		39.62286	-56.5081	82.586	m	11.28	6.69		1.806
HD 17726	HIP 13278	42.72375	3.81699	82.592	m	9.111	4.526	G5 V	0.724
HD 109063	HIP 61178	188.03658	-46.39206	82.622	m	9.842	5.257	K1 IV/V	0.925
HD 126061	HIP 70410	216.07103	-38.62951	82.645	e	9.651	5.065	G5 V	0.718
HD 93786	HIP 52907	162.30633	-29.13249	82.645	m	9.312	4.726	G8/K0 V	0.997
HD 133568	HIP 73847	226.38307	-13.50173	82.664	m	9.712	5.125	G6 V	0.857
HD 6399	HIP 5061	16.18267	-18.32188	82.667	m	9.02	4.433	F7 V	0.613
HIP 96780		295.07524	79.71932	82.678	m	10.41	5.825	G0	0.959
HIP 32879		102.77092	61.52518	82.697	m	10.72	6.138	K0	1.126
HD 103076	HIP 57860	178.00391	-43.95824	82.702	m	9.101	4.513	G5 V	0.882
HIP 41661		127.41968	-1.74667	82.719	m	11.73	7.145	K3	1.017
HIP 29457		93.11258	88.1312	82.721	m	10.63	6.042	G2	0.948
HD 81938	HIP 46597	142.53562	43.01988	82.749	m	9.211	4.622	F8	0.66
HIP 15683		50.50968	17.23997	82.751	m	10.86	6.271		1.668
HD 111259	HIP 62460	192.00871	-18.08852	82.752	m	9.503	4.914	G5 V	0.775
HD 233484	HIP 39295	120.51758	51.69569	82.755	m	10.17	5.582	G5	0.967
HIP 110952		337.19482	-49.2654	82.76	m	11.48	6.892	K5	1.067
HD 200999	HIP 104328	317.00706	-37.837	82.766	m	9.94	5.351	G8/K0 V	0.857
HIP 112650		342.22439	-20.48385	82.771	m	10.45	5.859	K5	1.193
HD 56196	HIP 35599	110.19849	65.42987	82.772	m	9.031	4.442	G5	0.688
HD 138177	HIP 76090	233.09925	-47.6315	82.776	m	9.103	4.513	G3 IV	0.797
HD 1040	HIP 1173	3.66285	-39.79428	82.781	m	9.245	4.655	G3 V	0.736
HIP 70324		215.83353	18.5599	82.781	m	9.387	4.797	G0	0.687
HD 66767	HIP 39338	120.62329	-52.47034	82.795	m	9.211	4.621	G2/3 V	0.707
HD 110847	HIP 62222	191.28241	-14.89808	82.836	m	9.012	4.421	G6 V	0.794
HD 113849	HIP 63983	196.6653	-7.82551	82.842	m	9.926	5.335	G5 V	0.748
HIP 59033		181.54999	27.4998	82.883	m	9.998	5.406	F6	0.812
HD 108403	HIP 60773	186.85472	-41.49481	82.886	m	9.506	4.914	G3 V	0.645
HD 151827	HIP 82983	254.36849	-74.96153	82.886	m	9.164	4.572	G0 V(W)	0.585
HD 153621	HIP 84800	259.99987	-83.68231	82.892	m	9.21	4.617	G3 V	0.648
HIP 55128		169.29882	17.4908	82.91	m	11.01	6.414		0.979
HD 197891	HIP 102710	312.17297	-51.26483	82.965	m	9.984	5.39	G6 IV/V	0.782
HD 118480	HIP 66453	204.34407	-12.32899	82.974	m	9.864	5.269	G5 V	0.688
HD 86397	HIP 48809	149.33193	-35.53613	82.981	m	9.64	5.045	G8 V	0.827
HD 196370	HIP 101735	309.31216	-7.89694	83.008	m	9.421	4.825	G1 V	0.725
HIP 22528		72.71923	67.16679	83.011	m	9.573	4.977	G0	0.709
HIP 114140		346.74396	66.09589	83.028	m	10.65	6.052		0.938
HD 91174	HIP 51494	157.75406	-26.86755	83.049	m	9.284	4.687	G6 V	0.773
HIP 13715		44.14098	-39.44719	83.054	m	9	4.403	G6:+...	0.788
HD 108405	HIP 60779	186.86848	-48.13133	83.055	m	9.335	4.738	G3 V	0.652
HIP 80086		245.1907	20.55912	83.055	m	10.58	5.982		0.967
HD 95097	HIP 53490	164.13975	-74.61028	83.068	m	9.659	5.062	G5IV/V	0.786
HIP 1094		3.4137	-28.30071	83.082	m	11.07	6.473		1.167
HD 176890	HIP 93622	285.98188	-36.12793	83.084	m	9.302	4.704	G3 V	0.687
HD 207278	HIP 107684	327.20213	-39.48597	83.096	m	9.694	5.096	G6 V	0.788
HD 10922	HIP 8251	26.55399	-46.9478	83.125	m	9.391	4.792	K0/1 V (+ K)	0.879
HD 52118	HIP 33455	104.33484	-49.48523	83.126	e	9.513	4.914	G5/6 (III)	0.906
HIP 62366		191.71605	22.48811	83.129	m	9.502	4.903	G0	0.735
HD 78475	HIP 44712	136.66064	-50.37909	83.129	m	10.11	5.512	G5/6 V	0.764
HIP 54675		167.88081	2.06149	83.145	m	9.374	4.775	G0	0.689
HIP 5489		17.56713	-10.35322	83.153	m	9.24	4.641	G0	0.662
HD 242015	HIP 24546	78.9878	27.12774	83.156	m	9.976	5.377	G0	0.63
HIP 84840		260.09661	20.28261	83.162	m	9.91	5.31		0.877
HD 220188	HIP 115346	350.46129	-12.26799	83.195	e	10.01	5.407	G6/K1 V	0.825
HIP 90202		276.08326	-62.3196	83.203	m	10.48	5.876		0.942
HIP 61109		187.86067	14.5743	83.244	m	9.457	4.855	G0	0.625
HD 224651	HIP 118294	359.89607	-7.81084	83.248	m	9.033	4.431	G2 V	0.585
HD 110276	HIP 61837	190.08679	58.04601	83.257	m	9.135	4.533	G 0 V WLS	0.589
HIP 109049		331.36707	5.75436	83.266	m	10.72	6.12	K1	1.239
HD 195583	HIP 101504	308.5397	-47.58313	83.267	m	10.13	5.529	G8 IV/V	0.741
HIP 102776		312.32662	-69.47156	83.285	m	10.24	5.638		0.771
HIP 337		1.06689	-25.91545	83.323	m	9.758	5.154	G5	0.716
HD 168402	HIP 89951	275.29775	-38.68223	83.328	m	9.374	4.77	G3 V	0.748
HIP 84741		259.83528	-2.35002	83.385	m	10.31	5.703	K 3 V	1.004
HD 5025	HIP 4045	12.96116	-40.30473	83.39	m	9.732	5.126	G2/3 V	0.736
HD 100241	HIP 56231	172.91249	-49.43405	83.43	m	9.346	4.739	G3 V	0.685
HIP 114910		349.12997	6.99606	83.433	m	12.1	7.491	K7	
HD 47015	HIP 31419	98.76777	-33.00313	83.438	m	9.016	4.409	G5 V	0.776
HD 139678	HIP 76821	235.27085	-41.8338	83.443	m	9.32	4.713	G3 V	0.644
HD 114017	HIP 64045	196.89209	2.15248	83.457	m	9.37	4.763	G6 V	0.789
HIP 8599		27.74215	-4.59122	83.461	m	11.91	7.306		
HIP 64949		199.69771	7.58809	83.487	m	10.29	5.682	G0	0.79
HIP 71928		220.67196	-5.96915	83.514	m	9.515	4.906		0.843
HD 233608	HIP 45098	137.80404	50.21168	83.532	m	9.472	4.863	G5	0.942
HD 94189	HIP 52986	162.58288	-71.1812	83.538	m	9.519	4.91	G5 IV/V	0.687
HD 153362	HIP 83179	255.00282	-22.14893	83.539	m	9.973	5.364	G6 V	0.821
HD 180750	HIP 94980	289.91263	-40.816	83.542	e	9.614	5.004	G8 V	0.843
HIP 25571		81.98022	46.5113	83.547	m	9.923	5.313	G0	0.702
HD 148700	HIP 80842	247.63355	-14.54621	83.561	m	9.153	4.543	G0 V + (K)(III)	0.73
HD 181624	HIP 95378	291.04148	-55.53433	83.567	m	9.99	5.38	K0 IV/V	0.836
HD 181137	HIP 95296	290.81186	-62.53822	83.572	m	10.1	5.489	G8/K0 V	0.92
HIP 46761		142.96403	7.29501	83.628	m	9.797	5.185	G5	0.963
HIP 107584		326.85085	-63.74483	83.63	m	10.04	5.426	G3	0.671
HD 102711	HIP 57693	177.47467	70.04359	83.652	m	9.418	4.806	F8	0.633
HD 169864	HIP 90922	278.20869	-70.10366	83.658	m	9.088	4.475	G5 V	0.731
HIP 68774		211.15299	17.24263	83.672	m	9.355	4.742	G0	0.656
HIP 42259		129.26122	74.55061	83.673	m	9.588	4.975	G0	0.717
HD 124697	HIP 69555	213.56803	33.92828	83.697	m	9.009	4.395	G 2 III	0.66
HD 11828	HIP 8974	28.9229	-26.49615	83.713	m	9.343	4.729	G5 V	0.705
HD 115119	HIP 64599	198.60754	45.586	83.721	m	9.461	4.847	K 0 IV	0.707
HD 87794	HIP 49531	151.70833	-29.96626	83.726	m	9.296	4.682	G3 V	0.712
HD 195858	HIP 101513	308.56771	-14.61132	83.733	m	9.658	5.044	G3 V	0.642
HIP 15237		49.12849	-72.2311	83.738	m	11.2	6.583		1.398
HD 216970	HIP 113374	344.42255	-33.20309	83.785	m	9.588	4.972	G6 V	0.724
HD 67391	HIP 39916	122.28694	37.2333	83.795	m	9.667	5.051	F8	0.685
HIP 61205		188.12946	35.33119	83.819	m	9.635	5.018	G0	0.67
HD 103645	HIP 58201	179.04739	33.19837	83.823	m	9.155	4.538	G0	0.691
HIP 114265		347.13029	-39.37588	83.826	m	10.14	5.52		0.981
HIP 28695		90.87496	26.05963	83.834	m	10.64	6.023		0.868
HIP 11912		38.4358	-62.33764	83.841	m	9.968	5.351	G5	0.817
HD 155310	HIP 84131	257.98599	-29.47462	83.894	m	9.37	4.751	G0 V	0.693
HD 186755	HIP 97463	297.15035	-49.30509	83.912	m	9.591	4.972	G3/5 V	0.706
HIP 59442		182.88542	65.02453	83.923	m	11.48	6.861	K2	1.302
HD 214986	HIP 112123	340.67483	-43.18351	83.934	m	9.191	4.571	G2 V	0.661
HD 156125	HIP 85184	261.12133	-76.18543	83.939	m	9.439	4.819	G5 V	0.773
HD 13235	HIP 9921	31.92965	-52.15442	83.959	m	9.953	5.333	G5/6 IV/V	0.715
HD 125485	HIP 70351	215.91297	-72.80821	83.96	m	9.255	4.635	G3/5 V	0.777
HD 28721	HIP 20924	67.28475	-51.13879	84.023	m	9.21	4.588	G6/8 V	0.852
HD 127877	HIP 71302	218.72758	-37.34244	84.028	m	9.839	5.217	G8 V	0.797
HD 206972	HIP 107551	326.7465	-44.85177	84.038	m	10.18	5.56	G8/K0 V	0.862
HIP 7701		24.7828	5.57854	84.058	m	11.79	7.164	K7	1.223
HD 204112	HIP 106311	322.97775	-75.26368	84.063	m	9.011	4.388	G1/2 V	0.676
HIP 120002		89.85473	17.81641	84.077	m	10.69	6.064		
HIP 116574		354.35316	12.72392	84.113	m	11.85	7.23	K:	0.97
HD 118105	HIP 66304	203.83377	-34.64063	84.114	m	9.034	4.41	F7 V	0.577
HIP 114661		348.41173	39.41738	84.131	m	11.05	6.421	F6	0.692
HIP 18628		59.80406	37.9646	84.161	m	11.8	7.172		1.303
HD 107214	HIP 60097	184.86816	24.28425	84.189	m	9.067	4.441	G0V	0.608
HD 221475	HIP 116232	353.24555	-59.62085	84.228	m	9.868	5.241	G5 V	0.733
HIP 52118		159.72396	39.71066	84.247	m	11.35	6.721		1.66
HIP 7395		23.83585	-47.93039	84.248	m	10.32	5.69	K0	0.827
HD 110088	HIP 61790	189.97068	-28.76277	84.267	m	10.11	5.479	G8 V	0.973
HD 165204	HIP 88631	271.44472	-23.51773	84.282	m	9.223	4.594	G6/8 V	0.874
HD 44982	HIP 32015	100.32949	82.26734	84.284	m	9.441	4.812	G 0 V	0.729
HD 107399	HIP 60206	185.18987	25.76587	84.295	m	9.095	4.466	G0V	0.621
HIP 56815		174.70051	55.11353	84.3	m	10.03	5.405		0.935
HIP 65750		202.1727	-37.00337	84.304	m	10.3	5.676	K0	0.959
HIP 14423		46.55163	28.8865	84.308	m	11.78	7.152		
HIP 118075		359.28273	27.77961	84.317	m	9.718	5.088	G5	0.801
HIP 21962		70.81212	-41.10528	84.32	m	10.47	5.839	G5	1.037
HIP 8885		28.60053	77.34698	84.325	m	10.88	6.254		1.049
HIP 47865		146.33698	13.27282	84.339	m	9.572	4.942	G5	0.661
HD 88221	HIP 49736	152.30048	-47.61551	84.34	m	9.271	4.641	G3 IV/V	0.695
HD 127388	HIP 71017	217.86481	-13.61754	84.4	m	9.406	4.774	G3 V	0.756
HD 54945	HIP 34812	108.09616	34.15566	84.415	m	9.067	4.435	G0	0.607
HIP 106855		324.63363	-68.04807	84.419	m	10.38	5.744		0.939
HD 4027	HIP 3254	10.36084	-73.11292	84.431	m	10.07	5.442	G5/6 (V)	0.743
HD 317466	HIP 90011	275.50008	-30.2413	84.475	m	9.584	4.95	G0	0.627
HIP 36710		113.26812	76.9204	84.483	m	10.48	5.85		0.725
HIP 64399		197.98637	23.21197	84.494	m	10.68	6.044	G5	0.865
HD 70986	HIP 41382	126.6367	39.0493	84.516	m	9.094	4.459	G5	0.626
HD 211665	HIP 110176	334.74864	-16.36464	84.521	m	10.05	5.417	G8 IV	0.911
HD 127644	HIP 71164	218.33019	-27.11359	84.529	m	9.486	4.851	G0 V	0.655
HD 8500	HIP 6482	20.82596	-42.41313	84.538	m	9.596	4.961	G5 V	0.834
HD 204579	HIP 106308	322.95991	-59.73561	84.551	m	10.1	5.468	G6/8	0.89
HD 177473	HIP 93823	286.60035	-34.20058	84.566	m	9.543	4.907	G2/3 V	0.703
HD 178766	HIP 94493	288.49174	-63.12241	84.577	m	9.704	5.068	G3 V	0.623
HIP 96344		293.81157	69.92833	84.58	m	9.825	5.189	G8	0.736
HIP 19851		63.83397	-29.57719	84.594	m	10.05	5.416		1.018
HD 268542	HIP 34145	106.20432	30.28535	84.611	m	9.711	5.074	G5	0.567
HD 210382	HIP 109489	332.70844	-37.96997	84.638	m	9.521	4.883	G5/8 V + F/G	1.004
HD 129948	HIP 72248	221.61683	-36.45775	84.646	m	9.411	4.773	G6 V	0.856
HD 759	HIP 961	2.9624	-35.54701	84.652	m	9.422	4.784	G5 V	0.749
HD 147777	HIP 80369	246.08615	-15.0684	84.655	m	9.423	4.785	G6 V	0.787
HD 245001	HIP 26157	83.64654	17.14036	84.698	m	9.115	4.476	G0	0.819
HD 92500	HIP 52213	160.01448	-44.22277	84.703	m	9.458	4.819	G5 V	0.767
HD 213415	HIP 111272	338.14022	-58.78413	84.715	m	9.826	5.186	G8 V	0.846
HIP 50049		153.27351	12.7475	84.726	m	10.36	5.723	G5	0.83
HD 17979	HIP 13405	43.15028	-26.72062	84.743	m	9.095	4.454	G0 V	0.643
HIP 9082		29.23842	-12.22149	84.747	m	9.275	4.634	G0	0.662
HIP 79750		244.16011	-18.61259	84.777	m	9.467	4.826	G5	0.699
HD 128616	HIP 71637	219.78808	-41.34949	84.778	m	9.802	5.161	G8 IV/V	0.845
HIP 114927		349.18358	34.67991	84.779	m	10.79	6.153		0.911
HD 234114	HIP 69428	213.22823	50.36696	84.795	m	9.075	4.433	G0	0.589
HD 136859	HIP 75451	231.21464	-48.82541	84.813	m	9.239	4.597	G3/5 III/IV	0.858
HD 24329	HIP 17997	57.71272	-34.79859	84.815	m	9.45	4.808	G8 V	0.908
HD 60152	HIP 35661	110.37121	-79.96025	84.816	m	9.159	4.517	G6 IV/V + (F)	0.695
HIP 75528		231.44542	46.86609	84.816	m	9.822	5.18	G0	0.74
HD 181743	HIP 95333	290.92809	-45.08249	84.84	m	9.75	5.107	F3/5W	0.45
HD 1705	HIP 1683	5.26238	-58.76063	84.845	m	9.06	4.417	G2 IV/V	0.722
HD 152942	HIP 82690	253.53845	47.2459	84.846	m	9.157	4.514	K	0.909
HIP 65490		201.33653	9.62825	84.864	m	10.71	6.069	K2	1.09
HIP 37510		115.4735	60.56655	84.884	m	9.792	5.148	G8	0.693
HIP 44046		134.55869	40.1656	84.885	m	9.406	4.762	G0	0.704
Gl 4103	HIP 94273	287.8293	32.72944	84.887	m	9.502	4.858		0.797
HD 89928	HIP 50567	154.94226	-71.5548	84.906	m	9.55	4.905	G1 V	0.558
HIP 31228		98.25096	-26.78022	84.918	m	10.12	5.476		0.902
HIP 2458		7.81346	1.96476	84.918	m	12.48	7.835	M0V:	
HIP 63168		194.13862	21.01205	84.938	m	9.471	4.826	G0	0.773
HIP 102511		311.62543	10.30164	84.949	m	11.1	6.457		0.966
HD 6517	HIP 5140	16.4555	-26.30707	84.953	m	9.029	4.383	G0 V	0.654
HIP 90632		277.3954	29.96795	84.965	m	9.165	4.519	F8	0.674
HIP 52061		159.57485	1.24673	84.967	m	9.754	5.108	F5	0.82
HIP 25805		82.67799	-70.91968	84.967	m	10.65	6.006		0.975
HD 142952	HIP 78128	239.30212	7.77732	84.976	m	9.462	4.816	G0	0.726
HD 173865	HIP 92597	283.02684	-64.59298	84.977	m	9.51	4.863	G6 (IV)	0.865
HD 2039	HIP 1931	6.08449	-56.65004	84.99	m	9.062	4.415	G2/3 IV/V	0.735
HIP 99267		302.25589	42.86526	84.997	m	10.18	5.536	F3	0.521
HD 102695	HIP 57662	177.38682	12.77004	85.021	m	9.106	4.458	K0	0.69
HD 25059	HIP 18612	59.73409	0.75115	85.038	m	9.229	4.581	G3 V	0.689
HIP 56942		175.10642	30.04666	85.052	m	9.501	4.853	G5	0.686
HD 129	HIP 509	1.52151	-31.44433	85.069	m	9.725	5.076	G3 V	0.713
HIP 78382		240.02565	63.14345	85.082	m	9.67	5.021	G5	0.888
HD 3000	HIP 2601	8.26	-29.0744	85.096	m	9.537	4.887	G5/6 V	0.863
HD 21582	HIP 16097	51.84057	-41.22084	85.103	m	9.353	4.703	G3 V	0.71
HIP 75413		231.12434	15.33648	85.151	m	9.687	5.036	G5	0.692
HD 202611	HIP 105157	319.52595	-38.403	85.17	m	9.354	4.703	G2/3 V	0.74
HD 220496	HIP 115581	351.1836	-59.63453	85.183	m	9.213	4.561	G3 V	0.739
HD 15395	HIP 11387	36.68655	-54.54304	85.188	m	9.467	4.815	G0WF4 V	0.589
HD 186265	HIP 97125	296.09891	-26.94922	85.194	m	9.347	4.695	G8 V	0.902
HIP 64568		198.5166	38.30219	85.201	m	11.7	7.05		0.758
HIP 11532		37.17171	17.80598	85.205	m	10.33	5.68	K0	0.811
HIP 37395		115.14804	53.88226	85.209	m	11.78	7.123	K5	0.887
HIP 56027		172.24427	1.09388	85.21	m	10.35	5.699	K3	0.891
HD 15261	HIP 11383	36.66432	-29.09246	85.212	m	9.714	5.062	G8 V	0.855
HD 222766	HIP 117041	355.89549	-7.92332	85.235	m	10.16	5.508	G5/6 V	0.878
HD 86749	HIP 49058	150.15311	0.82955	85.238	m	9.925	5.272	G5/8 V + (A/F)	0.863
HD 115682	HIP 64966	199.7382	-25.25581	85.251	m	9.021	4.367	G3 V	0.707
HD 102875	HIP 57739	177.60847	-58.28693	85.258	m	9.366	4.712	G2/5 V	0.83
HD 80960	HIP 45953	140.58188	-22.58824	85.259	m	9.4	4.746	G3 V	0.661
HIP 53665		164.69559	-47.22337	85.268	m	11.05	6.392	K0	0.854
HIP 29626		93.64627	-33.62009	85.299	m	10.56	5.907		0.946
HD 65555	HIP 38645	118.69468	-66.21198	85.299	m	9.349	4.694	G6/8 V	0.843
HIP 39726		121.79549	-21.2768	85.323	m	10.1	5.447		0.707
HD 191112	HIP 99247	302.19981	-18.02792	85.328	m	9.326	4.671	G6 V	0.818
HIP 114508		347.8837	36.89309	85.35	m	9.772	5.116	G5 + G5	1.088
HD 139078	HIP 76420	234.1159	-11.99563	85.353	m	9.823	5.167	G8 V	0.788
HIP 68990		211.86322	41.58384	85.37	m	9.976	5.319	G5	0.832
HIP 18076		57.96233	9.10422	85.382	m	11.87	7.211	K7	
HD 218642	HIP 114388	347.50375	-39.99944	85.383	m	9.774	5.117	K1/2 (V)	0.837
HIP 67038		206.07469	6.05993	85.393	m	10.03	5.372	G0	0.827
HD 212964	HIP 110947	337.18694	-38.65836	85.398	m	10.12	5.463	G8/K0 (V)	0.897
HIP 17013		54.71085	2.84837	85.398	m	9.74	5.083	G0	0.753
Gl 2019	HIP 4720	15.1544	-26.63791	85.403	m	10.29	5.628	K0	0.77
HIP 11280		36.31924	12.84712	85.406	m	11.55	6.897	K7	1.574
HIP 54447		167.10079	-27.51259	85.418	m	10.02	5.364		0.636
HD 224286	HIP 118045	359.16151	-44.71908	85.42	m	9.423	4.765	K0 IV/V + A/F	0.773
HIP 117841		358.49246	39.25518	85.427	m	9.412	4.754		0.713
HD 204790	HIP 105855	321.59707	73.66497	85.43	m	9.238	4.58	G5	0.722
HIP 8842		28.43031	12.03983	85.431	m	12.02	7.358	K7V:	1.881
HD 20591	HIP 15436	49.73763	2.30421	85.46	m	9.026	4.367	G1/2 V	0.612
HIP 57689		177.46717	37.90523	85.47	e	10.07	5.413	G8V	0.945
HD 87558	HIP 49401	151.27818	-30.2416	85.473	m	9.032	4.373	F8/G0 V	0.568
HD 30628	HIP 22308	72.07833	-26.85377	85.506	m	9.726	5.066	G3 V	0.758
HD 18360	HIP 13744	44.23637	-1.57316	85.513	m	9.365	4.705	G3 V	0.663
HD 127505	HIP 70951	217.69187	36.35935	85.517	m	9.156	4.496	G 1 III	0.646
HD 33907	HIP 24228	78.02977	-33.28325	85.544	m	9.25	4.589	G3/5 V	0.759
HD 115051	HIP 64649	198.78929	-37.91347	85.548	m	9.615	4.954	G3 V	0.674
HD 175617	HIP 92960	284.08655	-4.41352	85.568	m	10.21	5.55	G6 V	0.747
HIP 17844		57.27626	44.21756	85.588	m	9.19	4.528	F8	0.532
HD 200116	HIP 104065	316.25139	-66.25391	85.593	m	9.185	4.523	G2 V	0.701
HIP 6264		20.08613	-48.68185	85.594	m	9.702	5.04		0.654
HD 114400	HIP 64235	197.48028	33.72186	85.599	m	9.622	4.96	G0	0.817
HD 25209	HIP 18563	59.60299	-41.8392	85.6	m	9.255	4.593	G0/1 V	0.745
HD 14883	HIP 11068	35.61948	-49.68349	85.601	m	9.404	4.742	G5 V	0.716
HIP 72844		223.34439	-7.87458	85.606	m	11.07	6.409		1.251
HD 128887	HIP 71685	219.93509	-9.94986	85.623	m	9.412	4.749	K2 III	0.787
HD 135271	HIP 74651	228.80811	-30.97784	85.626	m	9.332	4.669	F8/G0 V	0.561
HD 143061	HIP 77915	238.68192	61.52764	85.636	m	9.606	4.943	G5	0.786
HD 170462	HIP 90792	277.83483	-38.57114	85.651	m	9.123	4.459	G5 V	0.74
HD 1269	HIP 1351	4.22497	-15.47426	85.658	m	9.269	4.605	G1 V(W)	0.624
HIP 67776		208.27664	19.68336	85.666	m	10.19	5.522	K0	0.952
HD 4358	HIP 3553	11.36085	-46.54889	85.667	m	9.326	4.662	G3 V	0.671
HIP 18096		58.02088	18.13483	85.708	m	9.403	4.738	G0	0.733
HD 93111	HIP 52500	161.02101	-54.91126	85.709	m	9.109	4.444	G2/5 IV/V	0.84
HD 115667	HIP 65034	199.96004	-61.51345	85.721	m	9.09	4.425	G0 V	0.543
HIP 109156		331.6652	-49.21755	85.759	m	9.906	5.24	G0	0.692
HD 125650	HIP 70227	215.51102	-44.87227	85.767	m	9.398	4.731	G2/3 V	0.658
HD 10489	HIP 7959	25.5525	-11.10562	85.776	m	9.09	4.423	G1 V	0.633
HIP 60948		187.40331	46.4096	85.783	m	11.25	6.58		1.597
HIP 113525		344.88147	7.55481	85.786	m	12.56	7.896	K7V:	
HIP 73905		226.56356	19.64179	85.803	m	10.58	5.911		1.074
HD 107583	HIP 60293	185.45429	26.5491	85.804	m	9.311	4.643	G0+V	0.687
HD 89378	HIP 50490	154.65273	-7.50232	85.819	m	9.474	4.806	G5 V	0.665
HIP 102132		310.44172	12.52214	85.826	m	10.22	5.556		1.065
HD 165898	HIP 88955	272.36618	-29.01142	85.843	m	9.538	4.869	G5 V	0.761
HD 223146	HIP 117322	356.84438	-57.02412	85.862	m	10.08	5.411	G5 V	0.801
HD 28866	HIP 21275	68.4659	24.502	85.867	m	9.183	4.514	F8	0.562
HIP 1388		4.34041	16.50841	85.871	m	9.674	5.005	G	0.873
HD 29454	HIP 21425	69.00084	-47.65527	85.871	m	9.942	5.273	G6 IV/V	0.804
HD 344546	HIP 96192	293.39455	23.53005	85.872	m	10.28	5.613		0.765
HIP 61944		190.42519	11.76027	85.882	m	9.99	5.32	G0	0.804
HIP 10359		33.37815	-7.39395	85.883	m	9.655	4.985	G0	0.743
HD 110604	HIP 62095	190.88701	-29.44118	85.898	m	9.891	5.221	G8 V	0.888
HD 206803	HIP 107499	326.5915	-54.45736	85.909	m	10.28	5.609	K1/2 (V)	1.152
HD 9262	HIP 7017	22.60431	-40.65951	85.914	m	9.451	4.781	G3 V	0.701
HIP 64923		199.60215	48.90554	85.942	m	9.42	4.749	G5	0.803
HD 193848	HIP 100558	305.86544	-28.44588	85.942	m	9.758	5.087	K0 V	0.641
Gl 9775	HIP 109801	333.60024	-8.7436	85.95	m	12.04	7.365	G:...	
HD 3526	HIP 2979	9.4816	-44.85233	85.959	m	9.445	4.774	G2/3 V	0.681
HD 197471	HIP 101971	309.97743	67.79236	85.994	m	9.024	4.352	F8	0.534
HIP 25176		80.78263	-31.69199	85.999	m	9.721	5.049	K0	0.986
HIP 48364		147.8958	38.4381	86	m	9.475	4.802	G5	0.799
HIP 6729		21.66987	69.25033	86.01	m	9.562	4.889	G0	0.649
HD 286457	HIP 18700	60.0933	10.78762	86.019	m	9.392	4.719	G0	0.594
HIP 99922		304.10531	69.22957	86.035	m	9.271	4.598	F5	0.649
HIP 53513		164.20967	5.6314	86.057	m	9.073	4.399	F8	0.556
HD 133052	HIP 73569	225.53094	12.1694	86.058	m	10.1	5.421	G0	0.902
HIP 93320		285.11304	45.69224	86.06	m	11.12	6.45	K3	1.056
HIP 101989		310.03299	41.25305	86.062	m	10.64	5.967		0.939
HD 14071	HIP 10579	34.0389	-21.00826	86.063	m	9.425	4.751	G3 V	0.556
HIP 39939		122.34786	30.34279	86.077	m	9.338	4.664	G0	0.624
HIP 73477		225.2524	56.90205	86.079	m	11.82	7.149		1.036
HD 211567	HIP 110097	334.53856	-1.12231	86.088	m	9.144	4.469	G5 V	0.664
HIP 8298		26.75129	0.98229	86.091	m	10.2	5.527	K0	0.853
HIP 41671		127.43598	-32.21222	86.103	m	11.32	6.643		0.921
HD 213366	HIP 111286	338.16903	-65.43595	86.107	m	9.123	4.448	G3 V	0.768
Gl 9376	HIP 58053	178.6029	-51.38668	86.108	m	11.02	6.346	G5	1.147
HIP 30401		95.88853	-58.1791	86.111	m	9.259	4.584	K0 V + (G)	0.854
HD 140870	HIP 77204	236.46159	5.3298	86.133	m	9.307	4.631	F5	0.639
HD 159175	HIP 85999	263.65258	-32.17917	86.134	m	9.248	4.572	F7/8 V	0.558
HD 20565	HIP 15258	49.20355	-45.75544	86.159	m	9.383	4.707	G5/6 V	0.746
HD 210400	HIP 109848	333.71866	-77.50294	86.174	m	9.631	4.954	G3/5 V	0.684
HD 201745	HIP 104700	318.12654	-32.07786	86.187	m	9.804	5.127	G8/K0 (V) + (G)	0.836
HIP 112666		342.25236	77.95301	86.202	m	10.19	5.515	K2	0.907
HIP 56009		172.17167	-50.80468	86.203	m	10.14	5.465	F8	0.861
HD 101417	HIP 56926	175.05862	21.38609	86.205	m	9.035	4.357	G0	0.64
HD 220536	HIP 115582	351.1884	-40.41911	86.221	m	9.101	4.423	G1 V	0.575
HD 94821	HIP 53497	164.15728	-18.6696	86.224	m	9.346	4.668	G1 V	0.668
HIP 69696		213.99199	-23.88255	86.231	m	10.75	6.075		0.917
HIP 86090		263.90073	1.11894	86.233	m	10.01	5.333	K0	0.884
HD 160998	HIP 86945	266.49099	-52.69694	86.241	m	9.423	4.744	G0 V	0.651
HD 332129	HIP 100251	304.98813	32.46342	86.242	m	9.086	4.407	G0	0.666
HIP 64389		197.96163	57.24462	86.252	m	10.83	6.153	K3	1.262
HD 131935	HIP 73132	224.18909	-9.88609	86.255	m	9.131	4.452	G2 V	0.64
