HD 355183	HIP 99702	303.47798	16.9249	130.3	m	9.477	3.902	G0	0.674
HIP 10107		32.5132	7.78638	130.3	m	10.49	4.917	G0	0.621
HD 267597	HIP 33767	105.19269	32.05381	130.31	m	9.306	3.731	F8	0.596
HD 154076	HIP 83667	256.52989	-53.00087	130.34	m	9.546	3.971	F5/6 V	0.507
HD 37892	HIP 26635	84.91922	-41.84609	130.35	m	9.585	4.009	G3 V	0.704
HD 142572	HIP 77880	238.5634	27.89646	130.36	m	10.45	4.87	G0	0.851
HD 162116	HIP 87256	267.44087	-10.47495	130.37	m	9.034	3.458	F6 V	0.626
HIP 113043		343.40521	32.77772	130.4	m	11.21	5.638		0.639
HD 347685	HIP 103122	313.41179	22.72568	130.41	m	9.757	4.181	F8	0.449
HIP 2822		8.96718	13.99757	130.43	m	11	5.419	K	0.729
HD 137764	HIP 75755	232.13464	-21.81384	130.46	m	9.175	3.598	F3 V	0.557
HD 47876	HIP 32419	101.51538	67.22938	130.46	m	9.203	3.626	F8	0.53
HD 197469	HIP 102434	311.34834	-41.57048	130.47	m	9.068	3.49	K1/2 III	1.269
HD 202213	HIP 105262	319.82757	-73.2985	130.49	m	9.093	3.515	F6 V	0.56
HD 221352	HIP 116120	352.93118	-44.82566	130.49	m	10.15	4.575	G0 V	0.596
HIP 110167		334.71956	-44.88654	130.5	m	10.83	5.251	G5	0.864
Gl 9342	HIP 53608	164.50999	48.21909	130.54	m	10.51	4.935	G0	0.955
HD 173750	HIP 92257	282.01395	-27.88648	130.54	m	9.566	3.987	G0/1 V	0.621
HIP 61167		188.0091	38.43358	130.55	m	9.596	4.017	F8	0.674
HIP 82213		251.93884	10.4493	130.58	m	9.845	4.266	F8	0.649
HD 208247	HIP 108203	328.82719	-19.63903	130.59	m	9.015	3.435	F7 V	0.532
HIP 16674		53.64559	18.87387	130.6	m	9.3	3.72	G5	0.792
HIP 30750		96.91897	-32.29904	130.61	m	11	5.421		0.709
HD 20271	HIP 14884	48.02433	-64.33261	130.62	m	9.25	3.67	F2/3 V	0.551
HD 7326	HIP 5641	18.11914	-51.66329	130.63	m	9.581	4.001	F7 V	0.6
HD 206575	HIP 107369	326.20859	-56.32841	130.64	m	9.733	4.153	G5 V	0.813
HD 133726	HIP 73793	226.23471	34.46744	130.66	m	9.231	3.65	F8	0.447
HIP 12677		40.71895	-6.48932	130.66	m	9.162	3.581	G5/6 V	0.796
HD 209539	HIP 109323	332.23031	-77.16027	130.66	m	9.053	3.472	F5 V	0.528
HIP 54335		166.72498	-46.17107	130.68	m	11.25	5.673	G	0.469
HIP 117150		356.25022	30.33622	130.72	m	11.92	6.337	F:	0.362
HD 267648	HIP 33765	105.18787	27.2678	130.72	e	9.086	3.504	G0	0.685
HIP 69894		214.55161	-27.52148	130.72	e	9.286	3.704	F7 V	0.572
HD 98913	HIP 55458	170.36416	-75.44513	130.73	m	9.608	4.026	F6 V	0.582
HD 238349	HIP 70412	216.07385	56.14617	130.74	m	9.515	3.933	F 7 IV-VWLS	0.537
HIP 98989		301.43467	4.04801	130.75	m	10.53	4.945	sdF8:	0.52
HIP 1832		5.80701	-11.29886	130.75	m	9.888	4.306	F5	0.579
HD 210570	HIP 109579	332.96894	-31.90734	130.75	m	9.479	3.897	G0 V	0.598
HIP 70502		216.33164	36.75066	130.76	m	9.898	4.316	G 5 III	0.765
HD 116530	HIP 65322	200.8257	50.41017	130.76	m	9.185	3.603	F8	0.476
HIP 8270		26.63464	-29.59547	130.79	m	10.24	4.66	G2	0.588
HD 116026	HIP 65052	200.01197	52.97693	130.79	m	9.388	3.805	G0	0.542
HIP 91240		279.16536	13.10706	130.8	m	9.737	4.154	F5	0.533
HD 185579	HIP 97053	295.86529	-61.61829	130.83	m	9.085	3.502	F6 IV	0.52
HIP 74419		228.13622	6.03058	130.83	m	12.51	6.923	G2:	
HD 279527	HIP 19534	62.77026	35.22583	130.83	m	9.293	3.709	G0	0.76
HD 141521	HIP 77656	237.8072	-42.31426	130.84	m	9.605	4.021	G8 V	0.82
HD 11933	HIP 9046	29.1411	-31.13557	130.85	m	9.502	3.918	G3 V	0.839
HD 214407	HIP 111776	339.62184	-35.76732	130.86	m	10.19	4.607	G6 V	0.895
HIP 63596		195.48517	24.79579	130.86	m	10.51	4.921	F8	0.603
HD 24385	HIP 18034	57.82321	-38.21006	130.87	m	9.321	3.737	F5 V	0.539
HIP 17514		56.25396	-38.85901	130.87	m	10.62	5.031		0.722
HIP 70595		216.59415	0.15128	130.87	m	10.47	4.889	G0	0.81
HIP 48651		148.81306	-7.68756	130.87	m	10.18	4.595		0.561
HD 91338	HIP 51570	157.9983	-39.18028	130.88	m	9.322	3.738	G3 V	0.793
HIP 51831		158.83868	44.8145	130.9	m	9.843	4.258	F5	0.515
HIP 72422		222.12293	14.46174	130.92	m	9.469	3.884	F8	0.575
HIP 10735		34.54206	39.32775	130.92	m	9.296	3.711	F5	0.542
HIP 3843		12.32344	-21.39588	130.93	m	9.984	4.399		0.688
HD 29414	HIP 21391	68.88184	-48.73256	130.93	m	9.477	3.892	K0 (IV)	1.189
HIP 54190		166.29281	48.57897	130.94	m	10.02	4.431	G0	0.752
HD 204581	HIP 106846	324.61275	-81.34186	130.95	m	9.993	4.408	G0 V	0.586
HD 276315	HIP 20575	66.11456	43.59884	130.95	m	9.592	4.006	F5	0.577
HIP 54186		166.2692	11.24661	130.97	m	9.784	4.198	G5	0.753
HIP 68378		209.95107	19.88273	130.98	m	9.481	3.895	F8	0.447
HIP 52231		160.06281	44.04267	131.01	m	10.07	4.479	G0	0.744
HD 7999	HIP 6157	19.74204	-29.18826	131.05	m	9.005	3.418	G2 V	0.664
HIP 100984		307.11652	62.01453	131.06	m	11.42	5.834	G8	1.255
HD 316189	HIP 86803	266.0631	-27.76344	131.06	m	9.544	3.957	G5	0.834
HIP 51641		158.26911	20.8694	131.06	e	10.65	5.066	K0	0.914
HD 109549	HIP 61484	188.9681	-53.37489	131.06	m	9.342	3.755	G2 V	0.706
HD 210794	HIP 109757	333.47262	-45.34681	131.06	m	9.274	3.687	F8 V	0.591
HIP 14877		48.01369	-64.32424	131.07	m	10.14	4.548	F8	0.455
HD 212577	HIP 110732	336.51787	-40.11968	131.09	m	9.176	3.588	G5 V	0.814
HD 280320	HIP 23212	74.92444	35.55879	131.11	m	9.214	3.626	F5	0.433
HD 108016	HIP 60567	186.22881	-52.0044	131.11	m	9.84	4.252	F6/7 V	0.61
HD 130343	HIP 72317	221.83234	9.29168	131.12	m	9.938	4.35	G0	0.67
HD 99822	HIP 55989	172.11865	-55.88735	131.13	m	9.21	3.622	F5/6 V	0.507
HIP 72893		223.46696	10.74563	131.14	m	9.617	4.028	F8	0.715
HIP 56703		174.39499	-16.92693	131.16	m	10.08	4.489	A0	0.471
HD 212443	HIP 110597	336.08946	-6.21078	131.18	m	9.093	3.504	F3/5 V	0.499
HD 6908	HIP 5402	17.2851	-36.14341	131.19	m	9.283	3.693	G8 V	0.905
HD 69053	HIP 40079	122.80025	-64.50644	131.2	m	9.512	3.922	F(7) (IV)	0.528
HD 87923	HIP 49313	150.98436	-76.06809	131.23	m	9.345	3.755	F5/7 IV/V	0.476
HIP 114522		347.93981	-13.69557	131.24	m	10.73	5.14		0.846
HD 52517	HIP 33699	105.02882	-31.62986	131.26	m	9.237	3.646	F7/G0 V	0.541
HIP 61234		188.21449	39.52645	131.27	m	9.563	3.972	F8	0.498
HIP 116669		354.6541	41.62414	131.32	m	9.234	3.642	F8	0.616
HD 17636	HIP 13131	42.22533	-31.56596	131.32	m	9.186	3.594	F5 V	0.515
HD 102577	HIP 57584	177.06679	-48.92532	131.33	m	9.022	3.43	F3 V	0.46
HIP 109558		332.88071	18.09282	131.33	m	9.505	3.913	F 8 VI	0.464
HIP 49490		151.559	60.53568	131.33	m	9.465	3.873	G5	1.092
HD 129410	HIP 71797	220.29146	42.46512	131.35	m	9.393	3.801	F8	0.563
HIP 64549		198.46232	27.84327	131.36	m	10	4.408		0.525
HD 89345	HIP 50496	154.67106	10.12904	131.36	m	9.463	3.871	G5	0.87
HD 18419	HIP 13813	44.45219	7.01939	131.37	m	9.071	3.479	F8	0.706
HD 26064	HIP 19266	61.93959	4.31969	131.38	m	9.205	3.612	F5/6 V	0.422
HD 54236	HIP 34208	106.39603	-48.84008	131.39	m	9.332	3.739	F8 V	0.657
HIP 13302		42.79819	1.68043	131.41	e	9.48	3.887	F5	0.563
HD 80601	HIP 45576	139.33402	-66.51077	131.42	m	9.583	3.99	F5/7 (V)	0.529
HD 118930	HIP 66744	205.1982	-38.34293	131.44	m	9.007	3.413	F5 V	0.508
HIP 3462		11.07406	48.1804	131.44	m	9.193	3.599	F5	0.508
HIP 108500		329.70797	70.88528	131.45	m	9.209	3.615	F8	0.453
HD 211522	HIP 110114	334.58267	-35.49768	131.46	m	9.401	3.807	G3/5 V	0.712
HIP 58635		180.3624	19.18236	131.46	m	9.804	4.21	F5	0.502
HD 108602	HIP 60894	187.19029	-43.63318	131.5	m	9.605	4.01	G0/1 V	0.678
HIP 24091		77.63628	-37.79033	131.52	m	9.458	3.863	G2	0.732
HD 109284	HIP 61297	188.39451	8.91762	131.52	m	9.333	3.738	F8	0.464
HD 1332	HIP 1393	4.35189	-51.52243	131.53	m	9.411	3.816	F7 V	0.594
HD 138904	HIP 76323	233.84969	-13.31987	131.54	m	9.363	3.768	F7 V	0.636
HD 145920	HIP 79616	243.69405	-33.25837	131.55	m	9.956	4.36	G3 V	0.773
HD 209592	HIP 109104	331.51181	-53.88224	131.56	m	9.768	4.172	F8 V	0.605
HD 30526	HIP 22116	71.39655	-53.43092	131.57	m	9.821	4.225	F7 V	0.603
HD 115776	HIP 65094	200.11801	-56.6752	131.57	m	9.448	3.852	F3/5 V	0.516
HD 108800	HIP 61005	187.54761	-17.94128	131.58	m	9.194	3.598	F5 V	0.501
HD 222283	HIP 116730	354.84458	-27.1569	131.58	m	9.012	3.416	F5 V	0.512
HD 24145	HIP 17996	57.70432	1.00994	131.59	m	9.507	3.911	F5 V	0.479
HIP 66652		204.94206	24.52618	131.6	m	9.604	4.008	G0	0.622
HIP 77364		236.88802	-41.46618	131.6	m	10.33	4.735	G0	0.729
HD 146458	HIP 79866	244.54007	-40.98502	131.61	m	9.492	3.896	F6 V	0.528
HD 19047	HIP 14199	45.77928	-24.67728	131.62	m	9.204	3.607	F3/5 V	0.502
HD 150496	HIP 81808	250.63127	-29.39122	131.62	m	9.524	3.927	F7 V	0.618
HD 144477	HIP 79009	241.90906	-39.09989	131.67	m	9.283	3.686	F6 V	0.552
HIP 107294		325.98801	27.39	131.67	m	10.19	4.597	F8	0.402
HD 69726	HIP 40563	124.22967	-34.85978	131.7	m	9.18	3.582	F7 IV/V	0.541
HD 1790	HIP 1750	5.53865	-27.39974	131.72	m	9.577	3.979	F6 V	0.603
HD 31251	HIP 22219	71.68527	-73.91858	131.73	m	9.387	3.789	G2 V	0.738
HD 67085	HIP 39875	122.18094	49.7193	131.73	m	9.212	3.614	F5	0.485
HD 220591	HIP 115617	351.31592	-43.21282	131.73	m	9.773	4.175	G2 V	0.713
HD 23076	HIP 17221	55.33442	-27.92239	131.73	m	9.723	4.125	G5 V	0.701
HD 104924	HIP 58916	181.22292	9.17235	131.73	m	9.494	3.896	G0	0.788
HD 3017	HIP 2619	8.31183	-18.01794	131.75	m	9.665	4.066	F6/7 V	0.536
HIP 14903		48.0814	-40.04093	131.76	m	10.81	5.216		0.844
HD 208874	HIP 108624	330.08907	-46.95899	131.77	m	9.498	3.899	G3 V	0.681
HD 112018	HIP 62898	193.36008	-5.0037	131.78	m	9.436	3.837	G0 V	0.596
HD 201282	HIP 104333	317.02221	17.10741	131.79	m	9.162	3.563	G0	0.603
HD 89836	HIP 50703	155.30135	-41.09865	131.8	m	9.229	3.629	F5 V	0.479
HD 22525	HIP 16817	54.10487	-27.88863	131.83	m	9.565	3.965	G6/8 V	0.76
HD 115013	HIP 64684	198.86221	-57.03651	131.85	m	9.813	4.213	F6 V	0.555
HD 150495	HIP 81782	250.55969	-22.70286	131.86	m	9.966	4.365	F3 V	0.623
HIP 86559		265.33162	11.78165	131.86	m	10.52	4.916	K0	0.941
HIP 6619		21.24448	63.8819	131.87	m	9.862	4.261	G0	0.69
HIP 114865		348.99338	0.66992	131.89	m	9.582	3.981	F8	0.502
HD 108279	HIP 60721	186.65715	-44.55995	131.9	m	9.407	3.806	G3/5 V	0.801
HIP 54873		168.52664	30.9746	131.92	m	11.48	5.876	K0	1.014
HIP 34498		107.22224	48.86938	131.93	m	9.248	3.646	K0	0.993
HD 145295	HIP 79300	242.75548	-21.29156	131.94	m	10.36	4.762	F6 V	0.743
HIP 37509		115.46875	-47.96931	131.97	m	9.699	4.097	K2	1.355
HD 188869	HIP 98453	300.05367	-56.27712	132	m	9.119	3.516	F8 V	0.6
HIP 9247		29.72599	-56.87583	132	m	9.153	3.55	F8	0.567
HD 260608	HIP 31702	99.47583	31.78302	132.02	m	9.57	3.967	F8	0.563
HIP 68561		210.53424	-67.17979	132.04	m	9.208	3.604	F6 V	0.526
HD 159613	HIP 86132	264.03753	-12.00958	132.05	m	9.064	3.46	F0/2 V	0.444
HD 8105	HIP 6233	19.98571	-31.38655	132.07	m	9.185	3.581	G1 V	0.591
HIP 57752		177.66464	15.72946	132.07	m	9.108	3.504	F5	0.503
HD 152974	HIP 82913	254.1606	3.66168	132.07	m	9.115	3.511	F0 V	0.434
HIP 5811		18.63845	-49.9034	132.11	m	10.72	5.116	G5	0.817
HD 214777	HIP 112033	340.38053	-51.90299	132.12	m	9.626	4.021	F5 V	0.447
HD 139463	HIP 76631	234.74874	-20.5834	132.16	m	9.055	3.45	F5 V	0.606
HIP 62338		191.61728	36.77697	132.16	m	10.1	4.495	F8	0.706
HD 271749	HIP 28436	90.07689	-65.24964	132.16	m	11.15	5.546		0.759
HD 278430	HIP 14924	48.12855	32.92699	132.16	m	11.69	6.088		0.703
HD 4662	HIP 3754	12.0487	-43.77281	132.17	m	9.061	3.455	G0 V	0.623
HD 146897	HIP 79977	244.87185	-21.40369	132.19	m	9.167	3.561	F2/3 V	0.497
HIP 4599		14.73307	-76.5897	132.22	m	11.25	5.641		0.474
HIP 114717		348.5662	33.03005	132.23	m	9.517	3.91	G5	0.694
HD 169812	HIP 90522	277.06895	-40.50353	132.24	m	9.341	3.734	G2/3 V	0.64
HD 216474	HIP 113054	343.42665	-37.59228	132.25	m	9.194	3.587	G3/5 V	0.78
HD 189221	HIP 98475	300.09057	-36.08078	132.26	m	9.081	3.474	G0 V	0.59
HIP 95638		291.80887	43.26113	132.27	m	10.75	5.14	G5	0.71
HIP 9134		29.43724	31.58742	132.27	m	9.042	3.435	K0	0.917
HIP 63789		196.1123	-13.2627	132.28	e	9.733	4.126	G0	0.823
HD 155063	HIP 83978	257.50298	-18.01549	132.28	e	9.078	3.471	G0/1 V	0.715
HD 110642	HIP 62077	190.84157	30.79794	132.3	m	9.721	4.113	G5	0.586
HD 11065	HIP 8355	26.92251	-46.05781	132.31	m	9.508	3.9	F8 IV	0.615
HIP 26849		85.50473	34.81595	132.34	m	9.078	3.47	F8	0.456
HD 285540	HIP 19549	62.80443	18.37993	132.34	m	9.694	4.085	F8	0.637
HD 213866	HIP 111468	338.75068	-32.91897	132.35	m	9.225	3.616	F8 V	0.536
HD 145903	HIP 79640	243.78167	-40.57751	132.35	m	9.495	3.886	F5 V	0.488
HD 223699	HIP 117680	357.98571	-32.49345	132.35	m	9.409	3.8	F0 V	0.633
HIP 68860		211.50841	14.54196	132.37	m	9.216	3.607	G0	0.711
HD 203196	HIP 105462	320.4226	-35.75433	132.37	m	9.573	3.964	G2/3 V	0.646
HD 126310	HIP 70494	216.28162	-14.70853	132.38	m	9.248	3.639	K0 V	1.124
HD 105094	HIP 59019	181.50939	-37.08668	132.38	m	9.001	3.392	G8 V	0.927
HD 141495	HIP 77576	237.5685	-25.53357	132.38	m	9.509	3.9	F7 V	0.68
HD 25942	HIP 19189	61.68667	5.68683	132.4	m	9.07	3.461	F8	0.644
HD 142077	HIP 77844	238.41644	-32.63716	132.41	m	9.745	4.135	G8/K0 V	0.995
HD 116027	HIP 65060	200.03704	46.48343	132.41	m	9.147	3.537	G5	0.653
HD 127256	HIP 71014	217.85567	-40.59561	132.43	m	9.308	3.698	F7 V	0.558
HD 126698	HIP 70643	216.7437	3.68772	132.43	m	9.237	3.627	F6 V	0.565
HD 353379	HIP 96904	295.47485	15.22782	132.43	m	9.531	3.921	F8	0.617
HIP 11899		38.38948	-21.67848	132.44	m	10.26	4.652	G0	0.751
HIP 57286		176.19846	-49.98248	132.45	m	10.94	5.328		0.976
HD 203789	HIP 105682	321.08231	3.71667	132.45	e	9.308	3.698	G8 V	0.806
HD 151254	HIP 81979	251.197	35.73812	132.46	m	9.37	3.76	F5	0.526
HD 57693	HIP 35513	109.95961	-49.1866	132.47	m	9.337	3.726	F8 V	0.656
HIP 72623		222.71991	44.43402	132.48	m	11.24	5.627		0.329
HIP 12935		41.58704	-0.39339	132.5	m	10.35	4.738	G0	0.506
HD 212037	HIP 110457	335.61042	-46.66783	132.52	m	9.164	3.553	F7 V	0.562
HD 184125	HIP 96259	293.58339	-36.24961	132.53	m	9.541	3.929	G1 V	0.698
HD 207691	HIP 107873	327.84396	-21.75064	132.54	m	9.372	3.76	G0 V	0.507
HD 111244	HIP 62481	192.06541	-33.14924	132.54	m	9.79	4.178	G2 V	0.649
HD 94350	HIP 53245	163.35908	2.33922	132.55	m	9.111	3.499	F7 V	0.532
HD 29131	HIP 21552	69.41244	49.86038	132.57	m	9.167	3.555	F8	0.463
HD 124434	HIP 69597	213.67788	-44.19847	132.57	m	9.357	3.745	F8 V	0.523
HD 107034	HIP 60015	184.62116	8.68574	132.58	m	9.117	3.505	F8	0.554
HD 94183	HIP 53101	162.94755	-38.79869	132.6	m	9.291	3.678	G5 V	0.784
HD 220649	HIP 115694	351.58902	-68.03312	132.6	m	9.128	3.515	F6/7 V	0.549
HD 4049	HIP 3359	10.69159	-20.36014	132.6	m	9.727	4.114	G2/3 V	0.687
HD 16887	HIP 12627	40.57354	-7.1884	132.61	m	9.399	3.786	G3 V	0.602
HIP 47338		144.69701	-66.66338	132.61	m	10.89	5.275		1.071
HD 144137	HIP 78830	241.37874	-32.23801	132.63	e	9.014	3.401	F5 V	0.592
HD 27486	HIP 20233	65.0474	-4.49312	132.63	m	9.06	3.447	G2 V	0.647
HD 15608	HIP 11654	37.57638	-13.29481	132.64	m	9.695	4.082	F5/7 V(W)	0.549
HD 20153	HIP 15050	48.48911	-12.26335	132.67	m	9.625	4.011	G8 IV	0.894
HIP 51460		157.66272	36.11914	132.69	m	9.68	4.066	G0	0.722
HD 106246	HIP 59635	183.45434	-73.96014	132.7	m	9.009	3.395	F3 V	0.422
HIP 65679		201.99958	-58.10288	132.7	m	9.598	3.984	F7/8 IV	0.563
HIP 49708		152.22019	51.76461	132.71	m	10.11	4.496	G5	0.727
HD 11799	HIP 8374	26.96919	-82.40599	132.73	m	9.716	4.101	G1/3 IV/V	0.678
HIP 54486		167.20375	63.13361	132.74	m	10.44	4.829	G5	0.773
HD 195303	HIP 101281	307.93843	-35.96954	132.75	m	9.911	4.296	G0 (V)	0.623
HD 145367	HIP 75576	231.58517	87.43546	132.75	m	9.132	3.517	F8	0.491
HIP 16753		53.88206	22.82359	132.75	m	9.897	4.282		0.587
HD 18395	HIP 13787	44.37126	7.77803	132.77	m	9.007	3.392	F5	0.47
HIP 32738		102.42178	53.03344	132.78	m	9.899	4.283	G	0.627
HD 123191	HIP 68845	211.45538	19.94512	132.78	m	9.117	3.501	F5	0.482
HD 150405	HIP 81864	250.81106	-49.89171	132.79	m	9.092	3.476	F3 V	0.467
HIP 60108		184.91646	62.48376	132.8	e	10.18	4.561	F8	0.476
HIP 54622		167.69681	11.21889	132.81	m	9.064	3.448	F8	0.498
HD 93584	HIP 52915	162.33205	12.84272	132.84	m	9.073	3.456	G5	1.074
HD 12621	HIP 9476	30.47648	-57.6871	132.86	m	9.026	3.409	F5 V	0.493
HD 225057	HIP 247	0.76545	8.2613	132.86	m	9.053	3.436	F0	0.452
HIP 76146		233.29133	73.13255	132.88	m	10.86	5.243		1.286
HD 142861	HIP 78075	239.12056	13.89145	132.88	m	9	3.383	G5	0.806
HD 234723	HIP 92457	282.63117	50.89615	132.91	m	9.045	3.427	F8	0.549
HIP 107759		327.45337	14.03818	132.92	m	9.715	4.097	G5	0.691
HD 15109	HIP 11267	36.2724	-34.56952	132.94	m	9.077	3.459	G3/5 V	0.704
HD 2862	HIP 2506	7.94558	-30.41105	132.96	m	9.452	3.833	F6 V	0.567
HD 116544	HIP 65411	201.10066	-2.31527	132.97	m	9.362	3.743	K2 III	1.267
HIP 93882		286.78195	-35.60369	132.99	m	9.611	3.992	G2	0.647
HD 10177	HIP 7704	24.78686	-23.12819	132.99	m	9.039	3.42	G0 V	0.633
HD 89301	HIP 50380	154.3048	-41.51445	132.99	m	9.014	3.395	F3 V	0.391
HD 97457	HIP 54792	168.26885	16.76887	133	m	9.781	4.162	G5	0.98
HD 12393	HIP 9447	30.36446	-6.54044	133.02	m	9.065	3.445	F8 V	0.509
HD 355547	HIP 100419	305.44219	13.82547	133.03	m	9.577	3.957	G 0 V WLM	0.64
HIP 15581		50.18154	-33.46487	133.03	m	11.66	6.043		0.601
HIP 44257		135.19511	-4.37036	133.03	m	10.24	4.624	G	0.603
HD 208662	HIP 108474	329.61923	-29.7387	133.03	m	9.034	3.414	G1 V	0.581
HD 221021	HIP 115695	351.59229	81.67819	133.06	m	9.002	3.382	G5	0.552
HD 243861	HIP 25614	82.08348	31.04863	133.08	m	10.22	4.6	G0	0.592
HD 214027	HIP 111533	338.94905	-15.68197	133.15	m	10.35	4.724	G6/8 V	1.015
HD 48266	HIP 31879	99.96261	-51.06839	133.16	m	9.354	3.732	F6 V	0.535
HD 127889	HIP 71226	218.47861	0.85065	133.16	m	9.133	3.511	F0 V	0.416
Gl 9124		56.06623	24.80105	133.17	m	10.66	5.038	F8	0.66
HD 117418	HIP 65854	202.48448	16.69391	133.19	m	9.542	3.92	G5	0.609
HD 119359	HIP 66968	205.88239	-34.23805	133.2	m	9.327	3.705	F5 V	0.53
HIP 85597		262.37015	34.93678	133.22	m	9.05	3.427	K0	0.841
HD 113844	HIP 64049	196.8993	-61.73653	133.23	m	9.585	3.962	F8 V	0.644
HIP 67880		208.5411	44.72532	133.23	m	9.203	3.58	F 5 V	0.515
HD 220902	HIP 115815	351.93862	-26.6785	133.24	m	9.016	3.393	F7 V	0.556
HD 126017	HIP 70380	215.9905	-35.4974	133.25	m	10.02	4.399	G3/5 V	0.796
HIP 87614		268.47122	49.80338	133.25	m	10.93	5.302		1.583
HIP 87064		266.86945	-21.09567	133.26	m	10.55	4.925		0.547
HD 8413	HIP 6466	20.79969	-14.11312	133.29	m	9.152	3.528	G3 V	0.721
HIP 98033		298.82253	-39.971	133.3	m	10.64	5.016	G0	0.985
HIP 73356		224.87164	-10.58803	133.31	m	10.41	4.785	F8	0.755
HD 218390	HIP 114241	347.06311	-47.84344	133.31	m	10.07	4.447	G3/5 V	0.63
HD 142275	HIP 77937	238.7485	-36.296	133.32	m	9.233	3.609	F3 V	0.437
HD 92212	HIP 52122	159.72888	7.35723	133.32	m	9.023	3.399	F8	0.527
HD 178562	HIP 94379	288.14493	-58.90234	133.33	m	9.236	3.611	F5 V	0.503
HD 223089	HIP 117266	356.6736	-35.87549	133.34	m	9.485	3.86	F5 V	0.639
HD 129202	HIP 71923	220.65467	-44.17858	133.35	m	9.047	3.422	F3/5 V	0.467
HIP 83700		256.59344	27.51628	133.35	m	9.77	4.145	G0	0.663
HD 80086	HIP 45529	139.17824	-35.76736	133.39	m	9.168	3.542	G3 V	0.707
HD 146753	HIP 80177	245.50027	-64.40477	133.4	m	9.118	3.492	K0 IV/V	1.052
HD 14259	HIP 10458	33.6978	-70.54383	133.41	m	9.913	4.287	F7 V	0.585
HIP 11491		37.05011	23.70603	133.41	m	10.85	5.226		1.004
HD 212335	HIP 110527	335.87467	3.85491	133.41	m	9.221	3.595	F6 V + K0 (III)	0.407
HD 96985	HIP 54506	167.27215	-56.43392	133.43	m	9.592	3.966	G6/8 IV/V	1.022
HD 92489	HIP 52196	159.95619	-51.06027	133.43	m	9.214	3.588	F5 IV/V	0.502
HD 90671	HIP 51180	156.80494	-47.40445	133.44	m	9.351	3.725	F6/7 V	0.529
HD 285289	HIP 18820	60.49681	18.78696	133.45	m	10.13	4.499	F8	0.807
HD 23206	HIP 17385	55.84896	0.94598	133.45	m	9.943	4.316	G2/3 V	0.672
HD 5990	HIP 4729	15.17978	-39.53777	133.45	m	9.922	4.295	F7 V	0.537
HD 164762	HIP 88392	270.74535	-6.91225	133.46	m	9.295	3.668	G1 V	0.756
HD 13334	HIP 10092	32.439	-27.10356	133.47	m	9.716	4.089	G3 V	0.71
HIP 61488		188.97267	37.78643	133.48	m	9.61	3.983	F8	0.553
HD 212654	HIP 110741	336.53544	-12.80051	133.48	m	9.05	3.423	F5 V	0.455
HIP 43223		132.07385	18.74814	133.49	m	10.32	4.694		0.838
HIP 5787		18.56115	35.79899	133.49	m	9.13	3.503	G0	0.592
HD 79845	HIP 45330	138.57954	-54.65959	133.5	m	9.377	3.75	F5/6 III/IV	0.535
HIP 44662		136.51665	-64.06454	133.52	m	10.72	5.097		0.668
HIP 60810		186.95723	46.81481	133.52	m	9.371	3.743	G0	0.806
HIP 18266		58.61595	21.38974	133.52	m	10.93	5.304		0.94
HD 298986	HIP 50382	154.31202	-52.48852	133.53	m	10.08	4.456	F 5 VI	0.461
HD 97884	HIP 54934	168.7369	-52.35433	133.54	m	9.241	3.613	G5 IV/V	0.843
HIP 29164		92.27938	66.92999	133.55	m	9.553	3.925	G5	0.752
HD 115433	HIP 64891	199.52025	-53.21244	133.57	m	9.07	3.441	F5/6 IV/V	0.564
HIP 44872		137.14651	-60.33304	133.58	m	9.119	3.49	F5	0.43
HD 91653	HIP 51994	159.33634	70.66176	133.58	m	9.122	3.493	F8	0.477
HD 24448	HIP 18079	57.96405	-37.72757	133.59	m	9.199	3.57	G5 V	0.802
HIP 18709		60.1135	5.33459	133.61	m	9.364	3.735	F5	0.585
HIP 9198		29.59952	2.31542	133.62	m	9.577	3.948	G0	0.636
HD 58269	HIP 35728	110.55777	-51.48723	133.63	m	9.514	3.885	G5 (V)	0.731
HIP 52241		160.0893	11.19125	133.63	m	11.2	5.566	G0	0.73
HD 2337	HIP 2134	6.76656	-20.51337	133.64	m	9.374	3.744	F3/5 V	0.528
HD 112810	HIP 63439	194.9995	-50.38958	133.66	m	9.183	3.553	F3/5 IV/V	0.425
HD 118537	HIP 66420	204.25161	31.61572	133.68	m	9.412	3.782	F 8 V	0.605
HD 22887	HIP 17225	55.34569	23.48694	133.69	m	9.221	3.591	F5	0.406
HD 968	HIP 1111	3.45997	-52.57098	133.69	m	9.141	3.51	G5 V	0.71
HD 144554	HIP 79092	242.16586	-48.57841	133.69	m	9.102	3.471	G2 V	0.644
HD 39489	HIP 27558	87.54694	-50.89421	133.76	m	9.338	3.706	G0/2 V	0.639
HD 330346	HIP 78605	240.72458	-50.2085	133.77	m	10.14	4.51	G0	0.521
HIP 44163		134.91864	66.24047	133.79	m	10.4	4.77	F8	0.848
HD 10415	HIP 7827	25.17534	-41.14342	133.83	m	9.466	3.833	G3 V	0.725
HD 112930	HIP 63454	195.03426	5.99225	133.84	m	9.109	3.476	G0	0.666
HIP 15308		49.37533	-51.92847	133.86	m	10.09	4.455	G0	0.556
HIP 99190		302.05001	-5.75808	133.88	m	10.36	4.724	G0	1.029
HIP 29662		93.73327	37.87142	133.89	m	11.37	5.74	G5	0.943
HIP 18140		58.16682	3.38964	133.9	m	10.94	5.306	G5	0.711
HD 4660	HIP 3769	12.09808	-31.61801	133.91	m	9.204	3.57	G5 V	0.807
HD 231422	HIP 95598	291.66141	16.00237	133.91	m	9.622	3.988	F8	0.609
HIP 1374		4.30034	-18.30566	133.92	m	10.75	5.12		0.679
HD 25336	HIP 18648	59.87715	-46.14997	133.92	m	9.327	3.693	G2 V	0.783
HD 214663	HIP 112061	340.46147	-69.29862	133.95	m	9.133	3.498	K1 III	1.244
HD 146622	HIP 79713	244.02265	29.60761	133.96	m	9.029	3.394	F5	0.481
HIP 39193		120.24077	36.87806	133.98	m	10.66	5.027	G0	1.042
HD 107359	HIP 60232	185.26617	-72.81541	133.98	m	9.33	3.695	F6 V	0.524
HIP 3333		10.62913	40.95374	133.99	m	9.366	3.731	G0	0.837
HD 162184	HIP 87332	267.66304	-21.93112	133.99	m	9.417	3.782	F0 V	0.482
HD 78938	HIP 45162	138.00477	37.53066	133.99	m	9.219	3.584	G0	0.53
HIP 115717		351.66611	69.27397	134	m	9.754	4.118	G0	0.805
HD 60370	HIP 36686	113.19887	-32.99143	134.01	m	9.303	3.667	F6 V	0.475
HIP 26900		85.66367	-74.85885	134.01	m	9.659	4.023	F7V	0.546
HD 108144	HIP 60630	186.38895	-40.84803	134.02	m	9.791	4.155	G2/3 V	0.651
HD 140129	HIP 77015	235.87443	-38.96072	134.02	m	9.713	4.077	G3 V	0.698
HD 44136	HIP 29980	94.66534	-33.59453	134.02	m	9.159	3.523	G0 V	0.582
HIP 53133		163.04147	7.46276	134.02	m	9.197	3.561	G5	0.66
HIP 1612		5.04537	11.0493	134.03	m	9.012	3.376	F8	0.549
HD 5412	HIP 4356	13.95817	-16.36872	134.03	m	9.779	4.143	G3 V	0.589
HD 238030	HIP 57044	175.42932	56.45354	134.03	m	9.429	3.793	G5	0.71
HIP 88057		269.76922	32.47407	134.05	e	9.302	3.666	G0	0.592
HD 4803	HIP 3895	12.49259	-16.16757	134.05	m	9.167	3.531	G2 V	0.727
HD 32165	HIP 23236	75.00327	-26.90573	134.05	m	9.893	4.257	F8/G0 V(W)	0.549
HD 232191	HIP 2205	6.96745	50.91234	134.05	m	9.009	3.373	F8	0.615
HIP 113874		345.92155	36.00553	134.08	m	9.084	3.447	F	0.442
HD 135264	HIP 74532	228.44648	14.44843	134.09	m	9.07	3.433	G0V	0.573
HD 216942	HIP 113435	344.61105	-65.51871	134.09	m	9.275	3.638	F8 V	0.648
HD 179890	HIP 94335	288.02026	46.32414	134.09	m	9.423	3.786	G 0 V	0.601
HD 104303	HIP 58573	180.17453	-2.93085	134.09	m	9.246	3.609	F5 V	0.533
HIP 57534		176.87606	49.78982	134.1	m	10.07	4.431	G0	0.663
HD 223921	HIP 117821	358.43184	-21.62178	134.12	m	9.854	4.217	F6/7 V	0.523
HD 7883	HIP 6088	19.54345	-26.86216	134.12	m	9.314	3.677	G6 IV/V	0.872
HD 220866	HIP 115970	352.4498	-81.92555	134.13	m	9.391	3.753	K0 III	0.984
HD 119964	HIP 67147	206.40912	42.98141	134.15	m	9.011	3.373	K0	0.901
HD 151413	HIP 82197	251.88877	-10.52207	134.15	m	9.372	3.734	F3 V	0.681
HIP 74199		227.44173	-4.75186	134.17	m	11.82	6.181	G:...	1.178
HIP 44399		135.66548	61.52067	134.18	m	9.609	3.97	F8	0.615
HD 22977	HIP 17289	55.51967	22.85856	134.2	m	9.27	3.631	F8	0.448
HD 24510	HIP 18027	57.78792	-55.48259	134.21	m	9.427	3.788	F5 V	0.478
HIP 4280		13.70172	-55.05036	134.22	m	11.77	6.133		1.43
HD 139227	HIP 76468	234.2557	-0.68221	134.22	m	9.771	4.132	F6 V	0.606
HD 320448	HIP 86947	266.50363	-34.58568	134.24	m	9.375	3.736	F8	0.569
Gl 9394	HD 106038|HIP 59490	183.0057	13.26128	134.24	m	10.18	4.543	F6V-VI	0.507
HIP 66138		203.36925	12.82029	134.26	m	10.02	4.376	G0	0.623
HD 242207	HIP 24591	79.12604	14.14687	134.26	m	9.325	3.685	F 6 V	0.452
HIP 19946		64.16943	3.69889	134.28	m	9.912	4.272	G0	0.764
HD 288683	HIP 30584	96.41955	1.17878	134.3	m	9.441	3.801	A0	0.688
HIP 117392		357.04455	29.86556	134.3	m	9.731	4.091	G0	0.675
HD 174197	HIP 92495	282.75526	-38.08581	134.31	m	9.52	3.879	F7 V	0.518
HD 181245	HIP 95150	290.37935	-41.84009	134.31	m	10.11	4.468	G6 V	0.76
HIP 76385		234.02083	55.52212	134.31	m	9.241	3.6	F8	0.48
HD 57123	HIP 35327	109.45102	-44.00314	134.32	m	9.608	3.967	G3 V	0.671
HD 283691	HIP 21333	68.67696	27.53461	134.33	m	9.236	3.595	G 2 V	0.546
HD 65860	HIP 39175	120.19003	-0.7081	134.33	m	9.598	3.957	G3 V	0.563
HD 91611	HIP 51792	158.7356	13.6146	134.34	m	9.134	3.493	G5	0.471
HD 145477	HIP 79109	242.20637	50.85748	134.34	m	9.133	3.492	G0	0.535
HD 92227	HIP 52076	159.6168	-28.11163	134.35	m	9.119	3.478	F5 V	0.478
HIP 120276		150.51778	79.70628	134.37	m	12.64	6.999		
HIP 63141		194.0722	15.57246	134.37	m	9.814	4.172	F8	0.544
HIP 9527		30.63482	-24.50499	134.45	m	9.972	4.329	F8	0.568
HD 128387	HIP 71336	218.82776	43.03206	134.46	m	9.23	3.587	G0	0.633
HD 76067	HIP 43884	134.10222	56.61978	134.46	m	9.214	3.571	G0	0.539
HD 21485	HIP 15879	51.13643	-61.82531	134.46	m	9.253	3.61	F7 V	0.515
HD 82500	HIP 46579	142.47916	-61.57387	134.46	m	9.01	3.367	F0/2 V	0.35
HD 224851	HIP 98	0.30715	-52.79857	134.47	m	9.937	4.294	F6/7 V	0.53
HD 192950	HIP 101037	307.24805	-80.71736	134.54	m	9.002	3.358	F3/5 V	0.491
HIP 15113		48.73019	13.14238	134.54	m	9.701	4.057	F8	0.597
HD 353102	HIP 102779	312.33439	17.93062	134.55	m	9.344	3.7	F8	0.509
HIP 75668		231.89445	4.88168	134.55	m	10.33	4.687	G0	0.879
HD 202700	HIP 105139	319.48366	-10.81511	134.55	m	9.644	4	K1 V	1.221
HIP 3967		12.74687	-30.36585	134.56	m	10.5	4.855	G2	0.669
HD 162186	HIP 87368	267.77853	-32.30767	134.57	m	9.324	3.679	G1 V	0.698
HIP 4086		13.10948	-25.83662	134.59	m	12.71	7.07	Fp	
HIP 20967		67.43388	-48.53902	134.62	m	11.38	5.729		0.88
HIP 97167		296.24356	55.83922	134.62	m	10.04	4.389		0.919
HD 19182	HIP 14263	45.98538	-35.913	134.66	m	9.457	3.811	F5 V	0.501
HIP 15854		51.06105	17.54878	134.66	m	9.117	3.471	G5+...	0.601
HIP 8533		27.50667	74.93327	134.67	m	9.496	3.85		1.015
HD 98568	HIP 55339	169.98817	-50.82357	134.68	m	9.007	3.361	F6 V	0.549
HD 173595	HIP 92176	281.79461	-26.21557	134.69	m	9.148	3.501	G1 V	0.657
HD 20991	HIP 15674	50.48403	-35.41537	134.7	m	9.551	3.904	G0 V	0.643
HD 161125	HIP 86994	266.65462	-52.2951	134.7	m	9.253	3.606	F7 V	0.587
HIP 79721		244.06066	54.21571	134.73	m	10.01	4.361	G5	0.549
HD 103594	HIP 58163	178.92743	-8.20376	134.75	m	9.505	3.857	G5 V	0.752
HIP 50131		153.50763	43.21746	134.75	m	9.867	4.219	G0	0.818
HD 205005	HIP 106428	323.34677	-39.43506	134.76	m	9.225	3.577	G1 V	0.591
HD 141225	HIP 77446	237.169	-20.16646	134.77	m	9.881	4.233	G8 IV	1.016
HD 39668	HIP 27779	88.17701	-30.77901	134.77	m	9.636	3.988	G2 V	0.592
HD 194276	HIP 101128	307.48898	-70.85449	134.77	m	9.399	3.751	F7 V	0.583
HIP 55603		170.85918	15.99287	134.78	m	9.607	3.959	F5	0.495
HIP 59670		183.54252	53.59118	134.78	m	9.662	4.014	sdF8:	0.603
HIP 28005		88.86299	37.10532	134.81	m	9.609	3.96	F5	0.486
HD 136221	HIP 75114	230.24175	-42.88933	134.82	m	9.23	3.581	F6 V	0.571
HD 29080	HIP 21496	69.2546	47.75821	134.83	m	9.173	3.524	F8	0.598
HD 173809	HIP 92303	282.19774	-35.62931	134.84	m	9.822	4.173	G8 V	0.817
HIP 74969		229.80003	38.41253	134.85	m	9.526	3.877	F8	0.617
HD 212547	HIP 110621	336.15266	26.71538	134.87	m	9.036	3.386	G0	0.448
HD 276274	HIP 20550	66.04646	40.96073	134.9	m	9.781	4.131	G0	0.561
HD 167198	HIP 89381	273.60038	-8.37405	134.9	m	9.783	4.133	F3 V	0.669
HD 82486	HIP 46510	142.29527	-65.521	134.9	m	9.452	3.802	F6/7 V	0.56
HD 34648	HIP 24572	79.06449	-51.27963	134.9	m	9.1	3.45	K1 (IV)	1.133
HIP 70694		216.88858	20.61865	134.91	m	10.26	4.613	G	0.682
HD 45925	HIP 30317	95.64693	-74.18117	134.91	m	9.575	3.925	F5 V	0.511
HIP 68119		209.19027	4.12853	134.94	m	10.15	4.5	G0	0.678
HD 149508	HIP 81297	249.07289	-23.98583	134.96	m	9.945	4.294	G3 V	0.768
HD 11562	HIP 8803	28.28527	-17.39275	134.97	m	9.364	3.713	G1 V	0.702
HD 15053	HIP 11061	35.59494	-66.20898	134.98	m	9.551	3.9	F7 V	0.511
HIP 32900		102.82697	47.67338	134.99	m	10.14	4.484	G8V+...	0.906
HD 88714	HIP 50010	153.14403	-51.38121	135	m	9.215	3.563	F5 V	0.49
HD 32690	HIP 23552	75.97006	-28.49593	135	m	9.658	4.006	G3 V	0.703
HD 119176	HIP 66866	205.56786	-33.27859	135	m	9.398	3.746	G3 V	0.711
HD 81438	HIP 46513	142.30817	68.7681	135.01	m	9.176	3.524	K0	1.204
HIP 58925		181.24806	-10.06831	135.01	m	9.183	3.531	F5	0.527
HD 222660	HIP 116967	355.65388	-3.55273	135.03	m	9.363	3.711	G0 V	0.676
HD 6430	HIP 5014	16.06754	-55.05454	135.03	m	9.348	3.696	G3 V	0.753
HD 354850	HIP 98980	301.425	14.76596	135.03	m	10.6	4.947	G0	0.813
HD 113679	HIP 63918	196.4701	-38.51666	135.03	m	9.809	4.157	G2/3 V	0.6
HD 158981	HIP 85909	263.3361	-27.46974	135.03	m	9.56	3.908	G2/3 V	0.656
HIP 63870		196.357	18.58083	135.04	m	9.324	3.672	G0	0.802
HIP 57338		176.3488	35.14691	135.05	m	9.258	3.606	G5	0.545
HD 212358	HIP 110576	336.01715	-26.1971	135.05	m	9.952	4.3	G3/5 V	0.654
HIP 2975		9.46368	18.90082	135.06	m	9.376	3.723	F5	0.421
HIP 111172		337.82763	41.22979	135.07	m	10.04	4.387		0.669
HIP 109954		334.03332	38.26087	135.09	m	10.51	4.856		0.958
HD 102808	HIP 57729	177.57752	21.44636	135.09	m	9.697	4.044	G0	0.586
HD 239500	HIP 102638	311.95999	56.02602	135.1	m	9.516	3.863	K0	0.8
HD 83006	HIP 47091	143.95181	9.86805	135.11	m	9.064	3.411	F8	0.568
HD 349790	HIP 93999	287.08302	20.20991	135.12	m	9.295	3.641	F 8 V WLS	0.567
HIP 20822		66.92718	5.61522	135.14	m	9.99	4.336	G0	0.713
HIP 60173		185.08974	64.77626	135.14	m	9.25	3.596	G0	0.678
HIP 50000		153.11455	15.87009	135.14	m	9.376	3.722	F5	0.478
HD 102895	HIP 57780	177.73167	45.10625	135.17	m	9	3.346	G0	0.626
HIP 78627		240.77741	-8.45152	135.19	m	9.286	3.631	G5	0.972
HD 147594	HIP 80320	245.97441	-29.77782	135.19	m	9.334	3.679	G2/3 V	0.765
HD 7091	HIP 5540	17.76068	-15.70373	135.23	m	9.154	3.499	F6 V	0.552
HD 23289	HIP 17497	56.21348	23.26893	135.23	m	9.007	3.352	F3V	0.424
HIP 34193		106.35654	-14.24605	135.23	m	10.77	5.116		1.127
HD 139555	HIP 76646	234.7742	-8.56439	135.24	m	9.583	3.928	G0 V	0.608
HD 125804	HIP 70280	215.69054	-37.14949	135.26	m	9.182	3.526	F5 V	0.509
HD 14820	HIP 11107	35.73723	-13.75607	135.27	m	9.78	4.124	F6 V	0.525
HD 18203	HIP 13632	43.88393	6.307	135.27	m	9.162	3.506	F8	0.493
HIP 20413		65.58035	45.61428	135.27	m	10.37	4.711		0.685
HD 129912	HIP 72225	221.57296	-39.07111	135.29	m	9.06	3.404	F3 V	0.507
HD 162295	HIP 87535	268.24685	-50.94817	135.3	m	9.484	3.828	F5/6 V	0.485
HIP 43526		132.97791	-60.70177	135.32	m	9.436	3.779	F5	0.48
HD 184393	HIP 96473	294.20064	-51.08322	135.33	m	9.269	3.612	F7 V	0.595
HD 48868	HIP 32344	101.27636	-11.41332	135.33	m	9.049	3.392	K1 III	1.197
HIP 750		2.29831	44.72277	135.34	m	10.73	5.077		0.561
HIP 16979		54.59407	22.49968	135.35	m	10.11	4.45	F8	0.717
HD 34186	HIP 24200	77.92809	-58.98564	135.35	m	9.221	3.564	F5 V	0.492
HD 139232	HIP 76583	234.60743	-37.50693	135.39	m	9.883	4.225	G3 V	0.688
HIP 48272		147.62363	-4.96037	135.4	m	10.36	4.702		0.754
HD 151855	HIP 82439	252.72008	-22.20579	135.42	m	9.497	3.839	F6/7 V(W)	0.705
HD 19002	HIP 14231	45.87106	1.51218	135.43	m	9.101	3.442	F6 V	0.548
HD 211484	HIP 110087	334.50717	-36.21555	135.46	m	9.141	3.482	G0 V	0.699
HD 11880	HIP 8975	28.92262	-43.85085	135.5	e	9.586	3.926	G5/6 V	0.86
HIP 3431		10.94031	-39.18208	135.51	m	10.33	4.673	G0	0.702
HD 125129	HIP 69861	214.45482	-16.02593	135.53	m	9.269	3.609	G1 V	0.684
HIP 47639		145.69574	5.8348	135.54	m	9.229	3.569	F8	0.629
HIP 103714		315.24378	-34.1375	135.54	m	10.2	4.539	G0	0.63
HIP 14384		46.38892	6.1955	135.55	m	9.769	4.109	G0	0.605
HIP 61955		190.45898	7.3969	135.56	m	10.02	4.363	F8	0.742
HD 105827	HIP 59377	182.73567	-10.38453	135.56	m	9.68	4.019	G8/K0 V	0.952
HD 154067	HIP 83492	255.9668	-14.2834	135.56	m	9.154	3.493	G2/3 V	0.721
HIP 106396		323.24483	44.97817	135.57	m	9.809	4.148	F8	0.552
HD 119481	HIP 66994	205.94542	-15.98419	135.58	m	9.118	3.457	G6/8 IV	0.966
HIP 83844		257.02129	17.96049	135.58	m	10.53	4.865	F6	0.604
HD 238410	HIP 73176	224.33665	58.52544	135.58	m	9.279	3.618	F8	0.525
HD 220608	HIP 115630	351.35999	-48.20314	135.59	m	9.445	3.784	G1/2 V	0.698
HD 76080	HIP 43787	133.77518	33.84856	135.59	m	9.324	3.663	G5	0.467
HD 11568	HIP 8733	28.09289	-48.66917	135.6	m	9.589	3.928	G2/5 (V)	0.593
HIP 29291		92.63167	-42.69442	135.62	m	11.26	5.598		0.692
HIP 86830		266.13697	67.29511	135.63	m	9.728	4.066	K0	0.83
HIP 58425		179.69688	-1.03322	135.64	m	9.761	4.099	G5	0.895
HD 145567	HIP 79150	242.32133	49.77799	135.64	m	9.259	3.597	F8	0.57
HD 33728	HIP 24107	77.67592	-34.41215	135.64	m	9.653	3.991	G8 V	1.07
Gl 9132	HD 23713	57.02986	24.14218	135.64	m	9.768	4.106	F6V	
HD 75765	HIP 43718	133.55503	54.31229	135.65	m	9.073	3.411	F5	0.437
HIP 115954		352.39083	-13.31598	135.66	m	10.22	4.555		0.481
HIP 81610		250.01901	-14.63034	135.66	m	9.661	3.999	F5	0.683
HIP 116254		353.3439	30.0222	135.71	m	9.216	3.553	G0	0.65
HD 189488	HIP 99559	303.06859	-80.85329	135.72	m	9.186	3.523	F5 V	0.486
HIP 16639		53.53046	24.34444	135.72	m	9.645	3.982	F5	0.474
HD 24047	HIP 17765	57.04769	-41.17793	135.73	m	9.618	3.955	F7/G0 V	0.535
HD 13058	HIP 9879	31.78521	-29.54285	135.74	m	9.701	4.038	G0 V	0.571
HIP 58340		179.45928	82.82086	135.74	m	9.27	3.606	F8	0.635
HD 42365	HIP 29532	93.32579	52.91049	135.77	m	9.223	3.559	F8	0.489
HD 14046	HIP 10565	34.00536	-20.11011	135.78	m	10.17	4.506	G1 V	0.664
HIP 118149		359.49366	15.9528	135.78	m	9.701	4.037	G 2 V	0.699
HIP 4416		14.1456	33.10613	135.79	m	9.221	3.557	F5	0.497
HIP 17525		56.28417	26.29253	135.8	m	11.25	5.582		0.722
HIP 73104		224.11826	-22.94969	135.8	m	10.65	4.983	G0	0.636
HIP 72954		223.65004	2.84175	135.81	m	12.32	6.658		
HD 105470	HIP 59206	182.13309	-35.49522	135.82	m	10.08	4.415	G2/3 V	0.603
HD 138021	HIP 75766	232.17483	21.17733	135.82	m	9.067	3.402	F8	0.507
HIP 43728		133.58167	48.85704	135.85	m	9.93	4.265	F0	0.599
HD 91313	HIP 51665	158.32177	37.6722	135.86	m	10	4.335	G0...	0.648
HD 183767	HIP 96119	293.15501	-38.15333	135.86	m	9.571	3.906	G3 V	0.724
HD 220427	HIP 115509	350.97469	-42.56111	135.86	m	9.51	3.845	F8 V	0.584
HD 191502	HIP 99478	302.83728	-28.62962	135.86	m	9.501	3.835	F8/G0 V	0.56
HD 287081	HIP 22129	71.43617	10.27429	135.88	m	9.557	3.891	F5	0.46
HD 4805	HIP 3726	11.96132	-78.26763	135.88	m	9.135	3.469	G5 V	0.875
HD 6977	HIP 5471	17.51331	-14.0256	135.92	m	9.38	3.714	F3/5 V	0.446
HD 125764	HIP 70312	215.78093	-51.7746	135.92	m	9.704	4.038	F5 V	0.592
HD 178054	HIP 94028	287.14869	-33.67177	135.93	m	9.458	3.791	F7/8 V	0.625
HIP 70599		216.6026	68.10186	135.93	m	9.711	4.044	F8	0.637
HIP 68680		210.88085	4.22225	135.94	m	9.799	4.132	G0	0.693
HD 159753	HIP 86536	265.27174	-65.07846	135.94	m	9.238	3.571	F3/5 IV	0.401
HD 148288	HIP 80632	246.96142	-22.59533	135.99	m	9.915	4.247	F2/3 V	0.649
HIP 42887		131.10287	24.7966	136	m	9.311	3.643	F0	0.368
HD 135680	HIP 74764	229.20206	-10.50633	136.02	m	9.189	3.521	F5 V	0.618
HD 133866	HIP 74064	227.04526	-42.32425	136.02	m	9.403	3.735	G6/8 V	0.864
HD 67381	HIP 39663	121.58118	-34.04189	136.02	m	9.004	3.336	F3/5 V	0.475
HD 24302	HIP 18154	58.22282	24.71573	136.03	m	9.499	3.831	F8	0.544
HIP 76500		234.36529	-7.5831	136.05	m	9.944	4.276	F8	0.589
HD 152995	HIP 82909	254.13904	10.23914	136.05	e	9.46	3.791	G0	0.791
HIP 118177		359.58842	35.01394	136.06	m	9.335	3.666	A3	0.54
HD 213849	HIP 111547	338.9701	-61.07941	136.07	m	10	4.333	G3 V	0.646
HD 25191	HIP 18184	58.3455	-73.94864	136.08	m	9.036	3.367	F7 V	0.607
HIP 72108		221.25072	-42.91758	136.1	m	10.54	4.875	G5	0.85
HD 138901	HIP 76257	233.65154	13.00566	136.11	m	9.426	3.756	G	0.375
HIP 6324		20.29591	13.87109	136.13	m	12.28	6.614	K7V:	
HIP 58718		180.65415	49.97643	136.14	m	10.23	4.557	F8	0.505
HIP 94226		287.72258	34.11917	136.16	m	11.67	5.998		0.888
HD 283167	HIP 18263	58.60515	24.36006	136.17	m	11.14	5.472		0.883
HD 152965	HIP 83110	254.74358	-48.4382	136.18	m	9.333	3.663	F5/6 V	0.461
HIP 9567		30.73174	-14.46024	136.2	m	9.91	4.239	G5	0.851
HD 37544	HIP 26615	84.86227	3.41645	136.2	m	9.156	3.485	F5 V	0.487
HIP 6447		20.70674	83.80926	136.2	m	9.654	3.983	G5	0.805
HD 164036	HIP 88230	270.26255	-39.10581	136.2	m	9.282	3.611	F5 V	0.509
HD 240442	HIP 117923	358.77336	57.0852	136.2	m	9.014	3.343	F5	0.406
HIP 69554		213.56247	38.33285	136.2	m	10.91	5.242	G 5 III	0.667
HD 117441	HIP 65932	202.74664	-41.44156	136.22	m	9.015	3.344	F3 V	0.405
HIP 28712		90.961	40.04212	136.22	m	9.532	3.861	F5	0.493
HD 104605	HIP 58735	180.7024	14.7785	136.22	m	9.219	3.548	G0	0.636
HD 190759	HIP 99185	302.03701	-39.49153	136.24	e	9.852	4.18	G0 V	0.541
HD 102524	HIP 57570	177.00132	-8.6277	136.26	m	9.6	3.928	F6/8	0.354
HD 202673	HIP 105149	319.50315	-22.04542	136.26	m	9.393	3.721	G1 V	0.601
HD 168995	HIP 90203	276.08569	-40.56873	136.27	m	9.082	3.41	F7 V	0.608
HD 113001	HIP 63481	195.10908	35.75571	136.27	m	9.678	4.006	F2V+09	0.027
HD 285019	HIP 23167	74.76128	21.73645	136.29	m	9.597	3.925	G0	0.712
HD 103469	HIP 58122	178.81746	79.6759	136.3	m	9.341	3.669	G5	0.861
HD 129590	HIP 72070	221.12901	-39.98906	136.32	m	9.405	3.732	G3 V	0.699
HIP 45126		137.92004	39.19889	136.33	m	9.988	4.315	F8	0.528
HD 146421	HIP 79859	244.52183	-43.87474	136.34	m	9.29	3.617	G2 V	0.683
HD 99641	HIP 55893	171.84655	-51.10898	136.34	m	9.048	3.375	G3 IV/V	0.844
HIP 73854		226.40595	45.3972	136.35	m	10.49	4.818	F8	0.886
HD 94971	HIP 53557	164.33545	-37.7236	136.35	m	9.054	3.381	F8/G0 II/III	0.656
HIP 21682		69.81449	7.02899	136.35	m	9.466	3.793	G0	0.753
HIP 60677		186.52811	-50.27733	136.36	m	10.18	4.503	G5	0.594
Gl 9125		56.06616	24.78439	136.37	m	10.81	5.136	G0	0.7
HIP 17607		56.5806	20.87979	136.38	m	11.77	6.093		1.41
HD 14828	HIP 11136	35.8229	-7.81809	136.38	m	9.48	3.806	G0/1 V	0.609
HIP 113683		345.37799	-54.50369	136.39	m	12.42	6.747	M:	0.743
HD 237726	HIP 41885	128.11325	56.26962	136.4	m	9.882	4.208	F8	0.522
HD 147911	HIP 80458	246.35046	-21.68852	136.41	m	9.218	3.544	A0 V	0.528
HIP 29005		91.80013	76.16615	136.41	m	9.07	3.396	F8	0.527
HIP 64363		197.87682	44.11218	136.42	m	10.2	4.53	G 5 IV	0.748
HD 129274	HIP 71902	220.60516	-26.5808	136.42	m	9.641	3.967	G2 V	0.627
HD 199544	HIP 103588	314.82893	-42.88657	136.42	m	9.887	4.213	F8/G0 V	0.572
HIP 57566		176.99868	-8.62611	136.43	m	9.705	4.03	F5	0.427
HD 149017	HIP 81106	248.48016	-42.88897	136.45	m	9.28	3.605	G5 V	0.807
HD 114878	HIP 64464	198.19869	40.50403	136.46	m	9.582	3.907	K0	0.601
HD 210659	HIP 110231	334.93665	-82.63191	136.47	m	9.157	3.482	G5 V	0.787
HD 153760	HIP 83335	255.46778	-13.37229	136.48	m	9.456	3.781	A9 V	0.55
HIP 38285		117.66287	69.7388	136.49	m	10.05	4.38	F8	0.613
HIP 17317		55.6001	22.42113	136.5	m	10.43	4.755		0.626
HIP 55573		170.75682	64.7151	136.51	m	10.47	4.792	K0	0.694
HD 156438	HIP 84718	259.76013	-32.67301	136.52	m	9.028	3.352	F5/6 V	0.577
HD 164856	HIP 88462	270.92764	-12.76985	136.52	m	9.182	3.506	G8 IV	1.206
HIP 79930		244.71454	24.47397	136.52	m	10.17	4.495	G0	0.679
HD 238427	HIP 74031	226.92753	56.70273	136.52	m	9.512	3.836	F8	0.687
HIP 2309		7.36438	15.01034	136.52	m	9.66	3.984	G5	0.642
HIP 94317		287.9586	8.71094	136.53	m	11.12	5.439		0.99
HD 74205	HIP 42668	130.4478	-25.6762	136.54	m	9.254	3.578	F3 V	0.421
HIP 28496		90.22837	-34.22495	136.55	m	9.585	3.909		0.694
HD 2383	HIP 2175	6.86536	-34.29425	136.58	m	9.467	3.79	F6 V	0.523
HIP 10172		32.70675	-7.68486	136.58	m	10	4.323	G0	0.528
HD 131601	HIP 72933	223.59048	7.6766	136.58	m	9.916	4.239	F8	0.562
HD 222497	HIP 116872	355.33654	-40.41682	136.59	m	9.329	3.652	K0 V	1.216
HD 146191	HIP 79538	243.45963	30.0601	136.6	m	9.171	3.494	G5	0.633
HIP 53163		163.13909	21.8404	136.6	m	10.99	5.311		0.611
HD 60402	HIP 36494	112.62587	-61.41284	136.61	m	9.051	3.374	G2 V	0.639
HD 115477	HIP 64782	199.15492	50.57133	136.64	m	9.531	3.853	G5	0.61
HD 154769	HIP 83922	257.28468	-37.91277	136.64	m	9.073	3.395	F2 V	0.45
HIP 77787		238.25887	18.57107	136.68	m	9.729	4.05	G0	0.635
HD 137132	HIP 75503	231.33719	-30.58247	136.69	m	9.632	3.953	F6 V	0.521
HD 90764	HIP 51298	157.18058	-5.41802	136.7	m	9.286	3.607	F5 V	0.485
HD 117524	HIP 66001	202.97338	-51.22587	136.72	m	9.997	4.318	G5/6 V	0.758
HD 9467	HIP 7121	22.93911	-52.92088	136.72	m	9.523	3.844	G2 V	0.637
HD 28769	HIP 20592	66.16082	-74.50912	136.72	m	9.524	3.845	G0 IV	0.735
HD 166355	HIP 89286	273.2883	-52.33138	136.73	m	9.858	4.179	G5 V	0.612
HD 223339	HIP 117440	357.19253	-27.54891	136.74	m	9.927	4.248	F7/8 V	0.624
HD 211921	HIP 110545	335.91292	-73.4417	136.74	m	9.226	3.546	F7/8 V	0.697
HD 287189	HIP 22753	73.4137	12.90784	136.78	m	10.28	4.603	F5	0.541
HIP 24655		79.35665	26.08034	136.79	m	10.32	4.645		0.894
HIP 2410		7.67496	9.92045	136.8	e	12.22	6.544	K7	
HIP 17451		56.11182	-0.68724	136.8	m	10.57	4.894	F0	0.786
HIP 50039		153.24676	47.17569	136.81	m	9.988	4.307	F8	0.569
HD 109718	HIP 61546	189.1655	25.79155	136.82	m	9.125	3.444	G0	0.78
HIP 90329		276.45741	63.57723	136.83	m	9.553	3.872	F8	0.642
HIP 56038		172.27698	15.18754	136.84	m	9.365	3.684	F5	0.543
HD 194088	HIP 100911	306.90102	-65.33203	136.86	m	9.788	4.107	F8 V	0.551
HD 159677	HIP 86157	264.09289	-9.79448	136.86	m	9.59	3.909	F3/5 V	0.682
HIP 51988		159.32965	49.90747	136.87	m	10.02	4.335	F8	0.532
HD 148417	HIP 80735	247.24519	-29.0492	136.88	m	10.1	4.419	G8 V	0.795
HD 138640	HIP 76394	234.04368	-58.80451	136.89	m	9.74	4.058	F7 V(W)	0.667
HIP 68951		211.72433	6.16546	136.89	m	10.66	4.98	G0	0.691
HD 205155	HIP 106567	323.7292	-46.23271	136.9	m	9.978	4.296	G2/3 V	0.687
HD 122329	HIP 68486	210.31445	0.69524	136.93	m	9.103	3.421	G0 V	0.677
HD 156260	HIP 84746	259.85195	-53.37326	136.93	m	9.001	3.319	F3/5 V	0.491
HIP 62905		193.38664	-22.87294	136.93	m	9.796	4.113	K5	1.027
HD 4455	HIP 3628	11.62839	-33.14387	136.93	m	9.031	3.348	F5 V	0.491
HD 114266	HIP 64207	197.38384	0.74323	136.94	m	9.203	3.52	G1 V	0.657
HD 4487	HIP 3594	11.49997	-63.28462	136.94	m	9.389	3.706	F3 V	0.474
HIP 57386		176.48139	11.37088	136.95	m	9.472	3.789	F5	0.531
HD 105335	HIP 59147	181.92499	6.77041	136.95	m	9.35	3.667	F5	0.56
HD 169188	HIP 90663	277.48437	-71.07144	136.98	m	9.552	3.869	F7 V	0.562
HIP 77788		238.25965	23.76924	136.98	m	11.86	6.177		0.802
HD 13118	HIP 9931	31.96375	-24.55291	137	m	9.002	3.318	F5/6 V	0.535
HD 126700	HIP 70665	216.80792	-2.69084	137	m	9.141	3.457	F6 V	0.543
HD 43550	HIP 29542	93.37912	-56.07432	137.01	m	9.526	3.842	G5 V	0.751
HD 51352	HIP 33557	104.60453	32.58274	137.02	m	9.401	3.717	F5	0.494
HD 3340	HIP 2835	8.98863	-48.31944	137.03	m	9.482	3.798	F7/8 V	0.582
HD 143419	HIP 78277	239.74166	31.76361	137.04	m	9.221	3.537	F5	0.468
HD 131317	HIP 72757	223.10748	17.95646	137.04	m	9.339	3.655	G5	0.621
HD 213896	HIP 111454	338.67564	-3.5995	137.04	m	9.386	3.702	G1 V	0.592
HD 237193	HIP 18325	58.77287	58.20902	137.05	m	9.369	3.685	G8V	1.074
HIP 7169		23.10952	-26.52614	137.05	m	9.789	4.105	G0	0.65
HIP 48818		149.37535	41.19392	137.06	m	9.018	3.333	F8	0.55
HIP 46386		141.88132	34.70377	137.08	m	9.684	3.999	F8	0.492
HD 213448	HIP 111177	337.84081	8.96383	137.1	m	9.068	3.383	F8	0.494
HIP 75857		232.42671	48.60374	137.12	m	9.608	3.923	G0	0.657
HD 50396	HIP 32904	102.84059	-36.47558	137.12	m	9.622	3.937	G0 V	0.666
HD 211166	HIP 109895	333.87558	-10.11472	137.14	m	9.667	3.981	G5 V	0.73
HD 105893	HIP 59430	182.86114	-67.78889	137.15	m	9.231	3.545	F5 V	0.503
HD 102342	HIP 57487	176.75308	53.28525	137.15	m	9.46	3.774	G0	0.593
HD 92670	HIP 52360	160.5207	7.5102	137.17	m	9.158	3.472	G5	0.696
HD 158722	HIP 85802	262.98451	-28.11872	137.18	m	9.511	3.825	F8 V	0.553
HD 9192	HIP 6973	22.44266	-40.84606	137.19	m	9.299	3.612	G6 V	0.833
HD 115397	HIP 64857	199.40698	-45.34573	137.25	m	9.058	3.37	F8/G0 V	0.536
HD 106502	HIP 59741	183.77392	-42.25731	137.27	m	9.71	4.022	K1 III/V	1.13
HD 110361	HIP 62011	190.6392	-70.19433	137.29	m	9.56	3.872	F7 V	0.618
HD 123101	HIP 68690	210.90619	61.60558	137.32	m	9.139	3.45	G5	0.894
HIP 18955		60.93404	22.94428	137.32	m	9.744	4.055	F5	0.735
HIP 57483		176.74855	53.28622	137.32	m	10.79	5.098		0.802
HD 5228	HIP 4217	13.45296	-30.17818	137.34	m	9.047	3.358	F2/3 V	0.461
HD 117004	HIP 65642	201.87358	-9.1927	137.35	m	9.57	3.881	G5 V	0.911
HD 43677	HIP 29622	93.62907	-53.07947	137.36	m	9.184	3.495	F8/G0 V	0.726
HIP 101670		309.1204	63.40563	137.37	m	10.34	4.649		0.694
HIP 106299		322.94119	-6.96408	137.39	m	12.06	6.368		
HD 2600	HIP 2341	7.47782	45.00636	137.4	m	9	3.31	G5	0.676
HD 129210	HIP 71751	220.1454	27.40017	137.41	m	9.231	3.541	G5	0.468
HIP 33088		103.37282	40.4041	137.41	m	9.782	4.092	G0	0.77
HIP 54772		168.2	35.72886	137.42	m	9.876	4.186	G0	0.397
HIP 110160		334.70035	-70.3057	137.46	m	11.96	6.272		
HD 22508	HIP 17139	55.05447	58.3007	137.49	m	9.172	3.481	F2V	0.451
HD 188347	HIP 97941	298.5647	13.74918	137.5	m	9.258	3.566	F 5 V	0.457
HIP 20861		67.05612	45.04569	137.5	m	9.286	3.594	F5	0.425
HD 4124	HIP 3411	10.8553	-25.92237	137.51	m	9.001	3.309	F6 V	0.577
HIP 64430		198.08907	19.83951	137.51	m	10.23	4.543	G0	0.663
HD 243610	HIP 25450	81.65602	26.9987	137.51	m	9.739	4.047	F8	0.582
HD 160382	HIP 85012	260.62691	82.60051	137.52	m	9.152	3.46	F5	0.465
HIP 30923		97.34899	35.1967	137.53	m	9.02	3.328	F2	0.409
HD 161878	HIP 87279	267.50904	-42.63555	137.55	e	9.302	3.61	F8/G1 V	0.671
HIP 40159		123.02351	33.62085	137.57	m	10.62	4.928	G0	0.688
HD 146792	HIP 79899	244.62663	-11.9206	137.58	m	9.394	3.701	F3 V	0.532
HD 242261	HIP 24654	79.35223	26.08319	137.59	m	9.604	3.911	F5	0.56
HD 84284	HIP 47738	145.97508	-13.09108	137.6	m	9.863	4.17	G0 V	0.567
HD 19307	HIP 14083	45.39475	-71.21045	137.61	m	9.197	3.504	F5 V	0.504
HIP 13812		44.4516	-35.412	137.61	m	10.11	4.412	F8	0.468
HIP 58622		180.32772	23.11778	137.62	m	10.78	5.089	G5	0.756
HD 32023	HIP 23266	75.08722	1.00662	137.63	m	9.204	3.51	F7 V	0.595
HIP 41955		128.28305	55.3576	137.65	m	9.557	3.863	F8	0.956
HD 15002	HIP 11298	36.36559	14.54327	137.66	m	9.243	3.549	G0	0.52
HIP 77164		236.34857	-25.05991	137.67	m	10.7	5.002		0.873
HD 123470	HIP 68812	211.31642	66.43364	137.68	m	9.073	3.379	K0	0.533
HD 25965	HIP 19059	61.26472	-41.91136	137.69	m	9.407	3.713	F7 V	0.624
HD 198865	HIP 103125	313.41613	-11.65467	137.69	m	9.061	3.366	F6 V	0.514
HD 158810	HIP 85761	262.86538	-4.89996	137.71	m	9.385	3.69	F2 V	0.604
HD 96593	HIP 54398	166.97322	16.88092	137.73	m	9.549	3.854	G0	0.528
HIP 17245		55.40072	25.61933	137.73	m	10.18	4.483		0.463
HD 124533	HIP 69511	213.44763	20.03029	137.73	m	9.039	3.344	G0	0.489
HIP 110976		337.26507	-9.94498	137.75	m	9.554	3.859		0.716
HD 216141	HIP 112770	342.5658	12.80611	137.77	m	9.255	3.559	G0	0.593
HD 7923	HIP 6074	19.49349	-49.34116	137.8	m	9.466	3.77	G6 V	0.761
HD 196289	HIP 101791	309.44174	-37.60527	137.81	m	9.793	4.097	G8/K0 (IV) + (F)	0.807
HD 139104	HIP 76436	234.17107	-11.43493	137.84	m	10.23	4.536	F5 V	0.495
HD 287449	HIP 23388	75.4124	10.20978	137.85	m	10.17	4.472	G0	0.72
HD 16224	HIP 12095	38.97051	-15.24176	137.85	m	9.476	3.779	F5 V	0.593
HD 113402	HIP 63812	196.1857	-66.85361	137.86	m	9.006	3.309	F5 II/IV	0.462
HD 7486	HIP 5856	18.78056	14.6604	137.87	m	9.029	3.332	F 4 V	0.528
HD 146499	HIP 79871	244.55237	-39.74782	137.88	m	9.778	4.08	G0 V	0.493
HIP 116107		352.88447	-3.37346	137.89	m	9.532	3.834	F5	0.466
HD 21194	HIP 15960	51.36237	8.42715	137.9	m	9.549	3.851	F5	0.562
HIP 61241		188.24637	-51.11406	137.9	m	10.24	4.544	G0	0.643
HD 181	HIP 541	1.64852	-47.58473	137.9	m	9.755	4.057	F6 V	0.571
HIP 17149		55.09064	11.73166	137.91	m	9.816	4.118	G0	0.904
HD 196632	HIP 101871	309.65297	-0.08127	137.92	m	9.21	3.512	F5 V	0.495
HD 191833	HIP 99411	302.65352	34.86774	137.92	m	9.014	3.316		0.647
HIP 71863		220.48908	14.45389	137.94	m	10.08	4.385	G0	0.781
HIP 8397		27.08151	87.89109	137.96	m	9.767	4.068	G0	0.513
HD 273975	HIP 24742	79.582	-48.87028	137.97	m	10.56	4.865	F5	0.628
HIP 6383		20.50512	-84.0651	137.98	m	11.1	5.4	F:	0.511
HIP 16683		53.66006	-31.07308	138.04	m	11.51	5.808	K2:	0.599
HIP 47837		146.26176	66.98524	138.04	m	10.33	4.631		0.801
HD 22680	HIP 17091	54.92156	23.29089	138.05	m	9.999	4.299	F8	0.687
HIP 78141		239.33846	2.23071	138.06	m	10.05	4.351	F8	0.671
HD 195722	HIP 101547	308.68763	-45.08851	138.06	m	9.083	3.383	F8 V	0.53
HIP 69071		212.07962	16.7258	138.07	m	9.516	3.815	F5	0.495
HIP 83332		255.46321	82.30734	138.07	m	9.527	3.826	F5	0.437
HIP 73259		224.58472	10.02997	138.08	m	9.965	4.264	G0	0.705
HD 146228	HIP 79428	243.14863	51.76357	138.08	m	9.252	3.551	F5	0.483
HD 184659	HIP 96146	293.23497	50.93117	138.09	m	9.13	3.429	F0	0.493
HD 351276	HIP 98784	300.93414	20.32342	138.1	m	9.514	3.813	F5	0.539
HIP 55370		170.06594	28.16278	138.1	m	10.2	4.495	F5	0.856
Gl 9127		56.0911	24.76762	138.13	m	11.09	5.389	G3	0.86
HIP 65358		200.92723	12.94737	138.19	m	9.267	3.565	F5	0.551
HD 234372	HIP 82957	254.29193	50.99362	138.2	m	9.686	3.983	F8	0.545
HIP 12657		40.65144	12.7355	138.2	m	9.278	3.575	F8	0.568
HD 66072	HIP 39244	120.39455	-9.88935	138.21	m	9.073	3.37	F3 V	0.482
HD 103588	HIP 58153	178.88468	-54.14103	138.21	m	9.645	3.942	G8 V	0.82
HD 4918	HIP 3955	12.69602	-41.55569	138.21	m	9.074	3.371	F7 V	0.552
HD 15363	HIP 11326	36.44291	-63.19401	138.22	m	9.181	3.478	F5 V	0.572
HIP 109945		334.00399	18.57136	138.22	m	9.197	3.494	F5	0.434
HIP 28371		89.91001	-50.30912	138.22	m	9.775	4.072	G5	0.729
HD 283571	HIP 20387	65.4892	28.44319	138.22	m	10.32	4.616	F8Ve-K1Ve(T)	1.13
HD 120594	HIP 67667	207.95277	-54.07869	138.23	m	9.768	4.065	G5/6 V	0.604
HIP 54502		167.25405	1.59608	138.23	m	9.918	4.215	G0	0.75
HD 38539	HIP 26855	85.52451	-63.29567	138.24	m	9.913	4.21	F7 V	0.525
HIP 72049		221.06151	-4.32009	138.25	m	9.744	4.041	F8	0.563
HD 209137	HIP 108755	330.45478	-32.06059	138.25	m	9.272	3.569	F2 V	0.539
HD 138473	HIP 76222	233.55934	-46.95362	138.27	m	9.138	3.434	G3 IV	0.714
HIP 76854		235.39137	-48.69089	138.27	m	10.31	4.607	G0	0.69
HD 287748	HIP 24863	79.95118	0.88667	138.28	m	9.644	3.94	F 5 V	0.565
HIP 46757		142.94836	34.40633	138.28	m	9.759	4.055	G5	0.805
HD 115560	HIP 64908	199.56335	-26.84226	138.29	m	9.029	3.325	F7 V	0.601
HD 122151	HIP 68347	209.86145	24.78646	138.3	m	9.275	3.571	F8	0.54
HD 222531	HIP 116878	355.36703	-11.95862	138.31	e	9.905	4.201	G3 V	0.609
HD 103723	HIP 58229	179.1501	-21.41938	138.32	m	10.13	4.425	F5/6 V	0.538
HD 174907	HIP 92753	283.51712	-28.61031	138.32	m	9.461	3.757	G2 V	0.663
HD 136776	HIP 75191	230.48297	19.17933	138.33	m	9.006	3.301	G5	0.802
HIP 64410		198.01711	35.85194	138.33	m	9.973	4.268	F5	0.524
HD 148187	HIP 80636	246.96807	-35.78344	138.33	m	9.424	3.719	G6 V	0.722
HD 216973	HIP 113397	344.48308	-47.06011	138.35	m	9.369	3.664	F6 V	0.56
HD 140102	HIP 76861	235.43176	5.11118	138.36	m	9.804	4.099	F8	0.623
HIP 4750		15.26902	-38.04204	138.37	m	10.21	4.505		0.584
HIP 104890		318.70647	70.19712	138.37	m	9.247	3.542	F8	0.622
HD 112794	HIP 63435	194.98499	-50.90974	138.38	m	9.249	3.544	F5 V	0.531
HIP 69885		214.5303	36.04919	138.39	m	11.07	5.365	K0	0.97
HD 103556	HIP 58123	178.82659	-35.66955	138.39	m	9.181	3.475	F6 V	0.537
HD 25739	HIP 18960	60.93961	-31.05457	138.4	m	9.4	3.694	G8/K0 V(W)	0.871
HD 185494	HIP 96875	295.39215	-46.77019	138.4	m	9.966	4.26	K0 V	1.024
HD 21358	HIP 16044	51.65008	-5.46681	138.41	m	9.244	3.538	F7 V	0.565
HD 35208	HIP 25063	80.48753	-28.14431	138.44	m	9.334	3.628	F5 V	0.506
HD 27438	HIP 20124	64.72061	-26.73352	138.46	m	9.1	3.393	F5 V	0.517
HD 69732	HIP 40418	123.76865	-59.62695	138.48	m	9.831	4.124	G5 (V)	0.7
HD 222003	HIP 116546	354.29104	-31.66699	138.49	m	9.04	3.333	F3 V	0.434
HD 11725	HIP 8840	28.41501	-50.86091	138.5	m	9.398	3.691	F7 V	0.581
HIP 104416		317.28206	19.09676	138.5	e	11.24	5.531	G5	0.715
HD 112913	HIP 63398	194.87748	49.12123	138.52	m	9.464	3.756	G5	0.673
HD 179234	HIP 94455	288.3604	-38.29264	138.56	m	9.736	4.028	G5 V	0.9
HD 24594	HIP 18041	57.84299	-59.25078	138.57	m	9.648	3.94	F6 V	0.484
HD 24541	HIP 18191	58.37653	-21.01342	138.57	m	9.086	3.378	F8 V	0.6
HD 146743	HIP 79910	244.6631	-21.59285	138.58	m	9.097	3.388	F3 V	0.562
HIP 31358		98.63604	57.82956	138.59	m	10.1	4.389		0.865
HIP 65299		200.7494	31.67926	138.59	m	9.809	4.1	G 8 V	0.909
HIP 26909		85.69412	40.2433	138.59	m	9.46	3.751	G0	0.861
HD 153850	HIP 83351	255.51683	-2.30316	138.62	m	9.465	3.756	F3 V	0.666
HD 238210	HIP 64671	198.8354	55.31291	138.63	m	10.16	4.455	G0	0.674
HD 156847	HIP 84869	260.18481	-22.23925	138.66	m	9.791	4.081	G3 V	0.8
HIP 71793		220.27896	-53.57221	138.66	m	9.803	4.093	F6/7 V	0.608
HD 76144	HIP 43025	131.5082	-78.86011	138.66	m	9.121	3.411	G0 IV/V	0.641
HD 136906	HIP 75334	230.89053	-12.29535	138.66	m	9.67	3.96	F6 V	0.603
HD 127601	HIP 71120	218.15553	-11.85115	138.67	m	10.29	4.582	G2 V	0.689
HD 102782	HIP 57708	177.52322	4.0509	138.69	m	9.709	3.999	G6/8 V	0.727
HIP 79856		244.51506	77.64873	138.7	m	10.23	4.525		0.643
HIP 115009		349.40303	-29.17215	138.72	m	10.51	4.803	G5	0.854
HD 150910	HIP 82106	251.56856	-47.97133	138.73	m	9.32	3.609	F5 V	0.412
HD 40275	HIP 27872	88.46936	-60.0879	138.74	m	9.235	3.524	G8 V	0.828
HIP 79063		242.08069	72.00069	138.74	m	10.54	4.824		0.977
HD 68899	HIP 40112	122.89557	-56.35975	138.77	m	9.07	3.359	K1 III/IV	1.116
HD 35340	HIP 24979	80.2385	-54.39111	138.77	m	9.317	3.605	F6 V	0.541
HIP 67101		206.30056	72.92235	138.81	m	9.917	4.205	G0	0.584
HD 30273	HIP 22068	71.20286	-32.87716	138.83	m	9.821	4.109	F0 V	0.509
HIP 48202		147.41141	34.10825	138.83	m	9.87	4.158	F8	0.615
HD 161139	HIP 86892	266.31778	-33.3119	138.87	m	9.562	3.849	F5 V	0.531
HIP 35555		110.05398	-19.81907	138.87	m	9.823	4.11		0.656
HD 323468	HIP 85293	261.4342	-41.42933	138.88	m	10.26	4.543	G5	0.633
HIP 76719		234.99028	-41.49761	138.9	m	10.04	4.326	G5	0.695
HIP 70968		217.73917	27.20054	138.91	m	10.52	4.804	G5	0.771
HD 150914	HIP 82167	251.82318	-57.09344	138.91	m	9.1	3.386	G0 V	0.519
HIP 28503		90.26053	41.30119	138.91	m	9.549	3.835	G0	0.637
HD 8075	HIP 6201	19.8805	-38.96137	138.92	m	9.322	3.608	G3/5 V	0.706
HD 94098	HIP 53422	163.92589	80.20441	138.93	m	9.075	3.361	G0	0.493
HD 102587	HIP 57614	177.19772	59.01209	138.93	m	9.289	3.575	F5	0.48
HD 149600	HIP 81374	249.28382	-32.14591	138.93	m	9.476	3.762	K2/3 (III)	0.578
HIP 15384		49.59497	-4.49134	138.94	m	9.98	4.266	G0	0.543
HD 4484	HIP 3663	11.7172	-18.2987	138.94	m	9.697	3.983	G0 V	0.579
HIP 77082		236.08851	-22.37842	138.96	m	10.05	4.339	G0	0.614
HD 189123	HIP 98574	300.35014	-57.41032	138.97	m	9.429	3.714	G6/8 III/IV	0.928
HD 156924	HIP 84646	259.57237	42.88642	138.98	m	10.07	4.352	G0	0.647
HIP 53350		163.66553	40.11669	138.99	m	10.05	4.34	F8	0.513
HD 229365	HIP 91995	281.26105	13.73917	139	m	9.449	3.734	F2	0.495
HD 107228	HIP 60112	184.91846	5.54507	139	m	9.21	3.495	G5	0.578
HD 348312	HIP 89854	275.04679	20.73955	139.03	m	10.02	4.304	G0	0.679
HD 144100	HIP 78835	241.39918	-37.51325	139.03	m	10.79	5.078	G6 V	0.576
HIP 60047		184.72422	56.36834	139.04	m	9.501	3.785	F8	0.636
HD 140463	HIP 77135	236.24033	-34.19833	139.05	m	10.21	4.491	G6/8 IV/V	0.737
HD 205934	HIP 106971	324.97524	-44.66583	139.06	m	9.761	4.045	F7 V	0.597
HD 68658	HIP 40434	123.84766	46.10859	139.06	m	9.537	3.821	G5	0.542
HD 85365	HIP 48321	147.75385	-12.94187	139.07	m	9.125	3.409	G3/5 V	0.682
HD 77228	HIP 44422	135.77054	48.13181	139.08	m	9.526	3.81	F8	0.449
HIP 94748		289.19499	-49.98328	139.08	m	10.44	4.722		0.71
HD 98709	HIP 55540	170.63751	68.77756	139.11	m	9.624	3.907	F8	0.706
HD 137112	HIP 75385	231.06765	-4.34643	139.14	m	9.503	3.786	G2 V	0.681
HD 208304	HIP 108445	329.52049	-65.28598	139.18	m	9.898	4.18	F5/6 V	0.539
HD 63668	HIP 37888	116.4763	-64.40478	139.18	m	9.191	3.473	F2 V	0.442
HIP 17128		55.02996	4.63034	139.2	m	10.2	4.478	G0	0.631
HIP 76956		235.70761	24.84022	139.21	m	9.237	3.519	F0	0.574
HD 199594	HIP 103696	315.18926	-57.67119	139.21	m	9.698	3.98	F5 V	0.585
HD 99679	HIP 55925	171.92419	-45.36733	139.22	m	9.26	3.541	G8/K0 V	0.88
HD 224489	HIP 118190	359.60621	-73.18849	139.23	m	9.062	3.343	F2 V	0.392
HD 71623	HIP 41445	126.80695	-33.45705	139.23	m	9.062	3.343	G2 V	0.696
HIP 48107		147.12851	25.17494	139.25	m	10.22	4.503	G0	0.69
HD 149790	HIP 81455	249.54505	-29.6779	139.25	m	9.225	3.506	F3 V	0.492
HD 110870	HIP 62197	191.21963	44.90251	139.26	m	9.187	3.468	G0	0.583
HD 14812	HIP 11011	35.45395	-48.7374	139.27	m	9.518	3.799	G0 V	0.608
HD 30423	HIP 22164	71.52759	-33.64688	139.27	m	9.615	3.896	G2 V	0.638
HD 173466	HIP 92232	281.94702	-47.23704	139.29	m	9.859	4.139	G3/5 IV/V	0.78
HIP 87407		267.93892	28.23786	139.31	m	9.551	3.831	F8	0.603
HD 151076	HIP 82125	251.65538	-35.79446	139.31	m	9.07	3.35	F2 V	0.431
HD 175978	HIP 93196	284.74583	-27.65207	139.33	m	9.116	3.396	F3 V	0.504
HD 115411	HIP 64846	199.38929	-36.93819	139.33	m	10.62	4.905	G2/3 V	0.422
HD 117177	HIP 65736	202.11915	6.70234	139.35	m	9.209	3.488	K0	0.607
HD 220728	HIP 115703	351.63254	-46.14431	139.37	m	9.551	3.83	G3 V	0.611
HIP 86697		265.71183	43.16407	139.38	m	10.52	4.794		0.413
HIP 48146		147.2215	8.9743	139.39	m	9.68	3.959	G0	0.562
HD 238077	HIP 59323	182.5508	55.48016	139.39	m	9.764	4.043	G5	0.719
HD 162256	HIP 87378	267.79243	-23.96197	139.4	m	9.867	4.146	G3 V	0.539
HD 281460	HIP 18786	60.37623	33.14772	139.4	m	9.461	3.74	F5	0.618
HIP 102864		312.60204	14.06297	139.41	m	9.365	3.644	G 0 V WLS:	0.561
HIP 96197		293.4052	-3.6267	139.41	m	9.755	4.033	F2	0.608
HD 69390	HIP 40711	124.64862	42.88467	139.43	m	9.228	3.506	F8	0.548
HIP 101352		308.10965	-10.00854	139.44	m	10.17	4.451		0.899
HD 115145	HIP 64741	199.0339	-54.12356	139.45	m	9.362	3.64	F7 V	0.627
HD 197200	HIP 102307	310.93548	-42.04847	139.45	m	10.35	4.625	G1 V	0.547
HD 15876	HIP 11788	38.03527	-37.16152	139.45	m	9.428	3.706	G6/8 V + F	0.609
HIP 52086		159.64713	2.59323	139.45	m	10.17	4.45	F8	0.547
HD 285036	HIP 22970	74.13984	21.56027	139.46	m	9.309	3.587	F5	0.59
HIP 72665		222.86236	40.69938	139.47	m	9.566	3.844	F8	0.678
HD 83356	HIP 47161	144.15293	-42.08482	139.47	m	9.332	3.61	F3 V	0.407
HIP 55711		171.24166	18.10269	139.48	m	9.913	4.191	G5	0.54
HIP 12922		41.55309	-26.99581	139.48	m	10.04	4.32	G0	0.665
HIP 112712		342.3808	35.49935	139.49	m	9.301	3.578	F8	0.474
HD 58893	HIP 35963	111.19973	-52.27979	139.49	m	9.802	4.079	G2/3 V(P)	0.737
HIP 61742		189.81568	21.02891	139.5	m	9.16	3.437	K0	0.597
HD 126432	HIP 70604	216.63014	-39.01765	139.52	m	9.306	3.583	F6 V	0.561
HD 72915	HIP 42026	128.50331	-38.63477	139.52	m	9.142	3.419	G0 V	0.627
HIP 17125		55.01283	27.74051	139.53	m	9.626	3.903	F5	0.608
HD 219145	HIP 114710	348.53813	-52.69115	139.56	m	9.445	3.721	F5 V	0.538
HD 139358	HIP 76502	234.36831	7.52768	139.57	m	9.383	3.659	G0	0.608
HIP 16246		52.34239	15.23255	139.58	m	9.262	3.538	F2	0.581
HD 137095	HIP 75486	231.30526	-33.53427	139.58	m	9.306	3.582	F6/7 V	0.537
HD 353577	HIP 97230	296.41707	16.85924	139.6	m	10.05	4.327	G0	0.658
HD 154044	HIP 83621	256.35059	-47.70102	139.6	m	9.349	3.624	F8 V	0.594
HIP 118233		359.73099	-35.2367	139.62	m	10.06	4.332	G0	0.599
HD 48225	HIP 31937	100.10885	-41.2413	139.64	m	9.398	3.673	F5 V	0.484
HD 203571	HIP 105837	321.55349	-65.98796	139.65	m	9.283	3.558	F6 V	0.554
HIP 47026		143.75817	24.90423	139.66	m	9.905	4.18	F5	0.471
HIP 17020		54.73692	24.5698	139.66	m	10.61	4.888		0.707
HIP 25212		80.90392	-22.30684	139.66	m	10.21	4.49		0.598
HIP 80958		247.97342	34.81971	139.67	m	9.747	4.022	F8	0.541
HIP 13731		44.20724	65.87503	139.67	m	9.412	3.687	G5	1.016
HIP 115282		350.22601	48.11286	139.68	m	9.709	3.983	F8	0.568
HIP 16635		53.50754	24.8809	139.74	m	10.93	5.205		0.772
HD 137201	HIP 75326	230.85875	34.86925	139.75	m	9.343	3.616	G5	0.665
HIP 90013		275.50286	40.11158	139.76	m	9.918	4.191	F8	0.63
HD 116926	HIP 65449	201.20378	68.17576	139.77	m	9.6	3.873	G5	0.81
HD 152404	HIP 82747	253.68687	-36.88849	139.78	m	9.239	3.512	F5 V	0.808
HD 110482	HIP 62021	190.69507	-46.2441	139.79	m	9.573	3.846	G5 V	0.796
HD 221591	HIP 116269	353.37605	-26.31484	139.8	m	10.3	4.577	G3/5	0.729
HD 146238	HIP 79731	244.08495	-30.70074	139.83	m	9.755	4.027	G5 (V)	0.827
HD 109049	HIP 61217	188.17044	-74.65957	139.83	m	9.784	4.056	G5 (IV)	0.742
HD 18734	HIP 13961	44.94945	-27.11752	139.84	m	10.08	4.35	G6 V	0.686
HIP 104149		316.50522	76.26644	139.85	m	9.331	3.603	F8	0.509
HD 70492	HIP 41098	125.76541	20.01826	139.86	e	9.089	3.361	F5	0.48
HD 66030	HIP 38929	119.48142	-62.06486	139.89	m	9.133	3.404	F3 V	0.397
HD 2247	HIP 2069	6.54758	-21.54857	139.91	m	9.723	3.994	F6 V	0.544
HD 108205	HIP 60670	186.50998	-39.95239	139.91	m	9.171	3.442	K0/1 IV	1.089
HD 8806	HIP 6704	21.55456	-38.46914	139.91	m	9.024	3.295	F5 V	0.49
HD 231490	HIP 95694	291.96325	14.61938	139.92	m	10.02	4.295	F8	0.507
HIP 62716		192.78898	13.68771	139.92	m	10.56	4.829	G	0.904
HIP 38272		117.61588	33.96301	139.94	m	10.78	5.052	F8	0.638
HIP 11743		37.8856	17.54377	139.94	m	9.114	3.384	F2	0.651
HD 102446	HIP 57538	176.88871	-6.46824	139.94	m	9.206	3.476	F0 V	0.389
HD 98479	HIP 55275	169.80986	-48.87844	139.94	m	9.069	3.339	K0 VCNIII	1.247
HD 185276	HIP 96674	294.81274	-24.17832	139.96	m	9.09	3.36	F2 V	0.459
HIP 75228		230.59151	-47.50177	139.96	m	9.544	3.814	F8	0.902
HD 204205	HIP 106010	322.07383	-42.61565	139.97	m	9.66	3.93	F7 V	0.569
HD 146797	HIP 79983	244.89348	-36.40311	139.97	m	9.404	3.674	F8 V	0.618
HD 83468	HIP 46785	143.00798	-78.5408	139.98	m	10.26	4.528	G5/8 IV/V	0.818
HD 47790	HIP 31751	99.63243	-39.46999	139.98	m	9.437	3.707	G8 IV	1.053
HD 283813	HIP 21759	70.08757	25.05215	139.98	m	9.89	4.16	F0	0.667
HD 11098	HIP 8439	27.20309	-21.00679	139.99	m	9.411	3.681	G2/3 V	0.641
HIP 60294		185.45475	-49.66677	139.99	m	10.25	4.52	G5	0.781
HIP 15670		50.47234	5.69932	139.99	m	9.711	3.98	F8	0.618
HD 167889	HIP 89837	274.99515	-51.22288	139.99	m	9.951	4.22	K1 V	1.11
HIP 57249		176.08342	14.96162	140	m	9.998	4.267	F8	0.623
HD 118664	HIP 66642	204.90203	-54.7857	140	m	9.054	3.323	F6/7 V	0.521
HIP 67770		208.26751	8.59961	140.02	m	9.847	4.116	F8	0.652
HD 21233	HIP 15762	50.77191	-54.01558	140.03	m	9.235	3.504	F6 V	0.581
HIP 8396		27.08217	59.34205	140.03	m	10.1	4.373	F8V	0.535
HD 120797	HIP 67791	208.31557	-56.69857	140.03	m	9.157	3.426	F7 V	0.523
HD 217356	HIP 113586	345.09022	-21.62312	140.06	m	9.928	4.196	F8/G0 V	0.609
HD 348533	HIP 89972	275.35879	18.17381	140.06	e	10.33	4.596	A0	0.046
HIP 109043		331.34505	38.9613	140.06	e	9.343	3.611	F8	0.499
HD 195476	HIP 101595	308.84834	-65.3165	140.08	m	9.603	3.871	F7 V	0.541
HD 97800	HIP 54954	168.80586	7.03585	140.09	m	9.443	3.711	G5	0.751
HD 222970	HIP 117188	356.40863	-50.55194	140.11	m	10.17	4.438	G8 V	0.881
HD 135246	HIP 74526	228.4382	12.25418	140.11	m	9.809	4.077	G0	0.615
HIP 9475		30.47589	-14.01482	140.12	m	9.837	4.105	F5	0.661
HD 67811	HIP 39962	122.40065	-2.17767	140.12	m	9.157	3.424	F2 V	0.43
HD 23312	HIP 17511	56.2455	22.03245	140.15	m	9.497	3.764	F5	0.549
HD 263747	HIP 32559	101.90898	25.70241	140.19	m	9.25	3.516	G0	0.609
HIP 64974		199.7515	37.38426	140.2	m	9.743	4.009	G 8 IV	0.895
HIP 9341		29.98716	-22.52767	140.2	m	10.52	4.788	F5	0.596
HIP 19203		61.74537	69.47432	140.21	m	9.531	3.797	F5	0.559
HD 91408	HIP 51726	158.53189	43.46475	140.22	m	9.259	3.525	G0	0.548
HD 18705	HIP 13972	44.98991	-16.69868	140.22	m	9.163	3.429	F2/3 V	0.383
HIP 1485		4.61631	-35.31208	140.22	m	11.37	5.631		0.774
HD 133963	HIP 73910	226.5706	32.92439	140.23	m	9.063	3.329	F5	0.415
HIP 11619		37.46857	15.37831	140.23	m	9.731	3.997	F2	0.476
HD 28109	HIP 20295	65.23804	-68.10265	140.24	m	9.438	3.704	F8/G0 V	0.583
HD 26364	HIP 19311	62.09572	-41.48243	140.25	m	9.268	3.534	G3 IV/V	0.79
HIP 69776		214.2196	26.36585	140.25	m	9.18	3.445	G0	0.589
HD 186214	HIP 97127	296.10436	-33.99975	140.25	m	9.23	3.495	F2 V	0.461
HD 11500	HIP 8776	28.21561	-7.82622	140.27	m	9.314	3.579	G8 V	0.881
HIP 66830		205.4498	12.81467	140.31	m	10.41	4.673	G0	0.621
HD 157985	HIP 85410	261.80272	-13.32691	140.32	m	9.729	3.993	G2 V	0.773
HIP 66076		203.17909	-13.81756	140.32	m	9.877	4.141	F8	0.439
HIP 79341		242.88656	-18.00061	140.33	m	9.377	3.641	F8	0.756
HIP 37827		116.33553	-34.35645	140.36	m	9.326	3.59	F8	0.618
HD 207160	HIP 107999	328.20187	-77.80841	140.36	m	9.298	3.562	F5 V	0.495
HD 151611	HIP 82490	252.88647	-55.29995	140.36	m	9.285	3.549	F6 V	0.52
HIP 24932		80.12596	-19.40384	140.37	m	9.372	3.636	F8	0.659
HD 155429	HIP 84154	258.08087	-20.99126	140.4	m	9.648	3.911	G3/5 V	0.695
HD 34602	HIP 24878	80.00328	30.51053	140.4	m	9.039	3.302	A5	0.421
HIP 74626		228.7189	-18.63072	140.43	m	11.53	5.791	F:...	0.166
HD 26218	HIP 19252	61.87637	-35.00108	140.43	m	9.727	3.99	G8 V	0.887
HD 249119	HIP 28020	88.90036	28.03206	140.45	m	9.83	4.092	F8	0.517
HD 145467	HIP 79369	242.98132	-21.10501	140.45	m	9.02	3.282	F0 V	0.482
HD 144228	HIP 78938	241.71617	-48.44022	140.47	m	9.59	3.852	G2/3 V	0.615
HD 86021	HIP 48558	148.54592	-53.64108	140.47	m	9.802	4.064	G6/8 IV/V	0.666
HD 209552	HIP 109098	331.49633	-58.8278	140.48	m	9.234	3.496	G2 V	0.666
HIP 17044		54.80614	24.46652	140.49	m	10.49	4.75		0.607
HD 237097	HIP 15202	48.99498	60.20048	140.5	m	9.097	3.359	F 6 IV	0.672
HIP 9944		31.99976	-2.29298	140.5	m	9.51	3.772	G0	0.455
HD 88629	HIP 50165	153.59405	49.76851	140.52	m	9.001	3.262	F5	0.398
HIP 2360		7.53869	24.60723	140.53	m	9.031	3.292	G5	0.869
HD 10300	HIP 7787	25.06374	-23.84618	140.54	m	9.26	3.521	G8 IV	1.102
HD 199551	HIP 103495	314.52333	-6.1751	140.54	m	9.047	3.308	F5 V	0.465
HD 254584	HIP 29880	94.3808	14.54248	140.54	m	9.044	3.305	G0III	0.737
HD 134000	HIP 74098	227.15253	-33.28867	140.55	m	9.116	3.377	F3 V	0.547
HIP 50323		154.14978	16.03103	140.55	m	9.61	3.871	F5	0.555
HIP 98569		300.32653	-10.33079	140.55	m	10.88	5.138		0.664
HIP 52030		159.4583	72.75726	140.55	m	10.72	4.986	G0	0.88
HD 223088	HIP 117256	356.63942	-23.8633	140.56	m	9.27	3.531	F3 V	0.514
HD 315843	HIP 85413	261.80791	-29.94233	140.58	m	9.194	3.454	G5	0.873
HD 196263	HIP 101892	309.72656	-57.84639	140.59	m	9.446	3.706	F5 V	0.484
HD 170934	HIP 90820	277.91025	9.84566	140.6	m	9.285	3.545	G0	0.583
HD 28914	HIP 21100	67.81701	-44.16905	140.61	m	9.606	3.866	F5 V	0.544
HD 30778	HIP 21721	69.95196	-78.80703	140.62	m	9.387	3.647	F7 V	0.556
HIP 17898		57.42051	46.25543	140.64	m	9.55	3.809	F5	0.514
HD 93239	HIP 52790	161.89023	64.38156	140.64	m	9.216	3.475	F5	0.447
HIP 75693		231.94827	8.4247	140.65	e	10.45	4.708	G0	0.609
HIP 46072		140.92437	65.80856	140.65	m	10.56	4.823	G0	0.789
HIP 63212		194.28417	42.39118	140.66	m	9.639	3.898	F8	0.583
HD 148437	HIP 80711	247.18572	-17.47759	140.66	m	9.166	3.425	F3 V	0.607
HIP 69232		212.61281	-13.93451	140.67	m	10.82	5.076	F7	0.518
HD 161487	HIP 86998	266.66804	-21.51123	140.68	m	9.259	3.518	F3 V	0.526
HD 123355	HIP 68989	211.8629	-18.77094	140.68	m	9.142	3.401	A9 V	0.408
HD 7885	HIP 6070	19.47619	-41.58822	140.69	m	9.66	3.919	G8 IV/V	0.993
HIP 93286		285.01131	37.76523	140.69	m	10.87	5.128		0.791
HIP 74353		227.93228	-5.47482	140.69	m	9.588	3.847	G0	0.602
HD 54941	HIP 34410	107.00952	-51.95749	140.7	m	9.177	3.436	F7 V(W)	0.533
HD 161623	HIP 86995	266.66415	-1.21438	140.74	m	9.208	3.466	F7 V	0.642
HD 103441	HIP 58075	178.64833	-54.73259	140.75	m	9.07	3.328	F	0.42
HIP 15292		49.32804	3.13875	140.76	m	9.263	3.521	F5	0.543
HD 104004	HIP 58404	179.62575	-33.69001	140.76	m	10.52	4.777	G3/5 V	0.461
HD 3955	HIP 3263	10.38268	-59.28981	140.76	m	9.216	3.474	F5 IV/V	0.423
HD 104753	HIP 58821	180.96798	44.85879	140.77	m	9.335	3.592	G0	0.712
HD 31566	HIP 23049	74.40494	17.39217	140.79	m	9.268	3.525	F8	0.746
HD 116174	HIP 65204	200.44779	5.82581	140.8	m	9.877	4.134	F8	0.607
HD 9897	HIP 7322	23.57576	-68.9329	140.8	m	9.267	3.524	F6 V	0.531
HD 28017	HIP 19437	62.43259	-82.59104	140.8	m	9.37	3.627	F6 V	0.557
HD 106294	HIP 59634	183.45313	15.46354	140.81	m	9.32	3.577	K0	0.807
HD 702	HIP 921	2.85191	-8.35906	140.81	m	9.817	4.074	F6/8 V	0.627
HD 245684	HIP 26550	84.68696	30.22396	140.82	m	9.361	3.618	F5	0.51
HD 3472	HIP 2913	9.2291	-64.86693	140.85	m	9.844	4.1	G0WF3	0.529
HD 216076	HIP 112773	342.57878	-36.29441	140.87	m	9.024	3.28	G8 V	0.86
HIP 50834		155.69555	-45.47063	140.89	m	9.359	3.615		0.465
HD 169560	HIP 90391	276.65728	-31.7677	140.91	m	9.342	3.597	F8 V	0.704
HIP 64825		199.33273	-51.35387	140.92	m	9.956	4.211	G0	0.621
HD 92415	HIP 52209	159.99838	-16.32898	141	m	9.074	3.328	G3 V	0.733
HD 287171	HIP 22548	72.79938	9.9163	141.02	m	9.933	4.187	G0	0.593
HD 245980	HIP 26596	84.79748	9.92055	141.04	m	10.17	4.425	G5	0.578
HD 238488	HIP 76654	234.80009	55.73196	141.05	m	9.6	3.853	F8	0.553
HIP 50988		156.23923	39.0765	141.05	m	9.045	3.298	F8	0.578
HIP 53483		164.11971	40.25323	141.05	m	10.71	4.962	G0	0.917
HD 14769	HIP 10996	35.42776	-40.15522	141.05	m	9.662	3.915	G8 V	0.829
HIP 117635		357.84682	-31.61808	141.06	m	10.33	4.579	G0	0.711
HIP 11082		35.67126	12.55939	141.06	m	10.18	4.437	F8	0.651
HD 134383	HIP 74017	226.88975	52.25431	141.09	m	9.059	3.311	G0	0.465
HIP 65252		200.58748	24.30086	141.11	m	9.674	3.926	F8	0.662
HD 74929	HIP 43090	131.64778	-10.22645	141.11	m	9.096	3.348	G8 V	0.846
HD 149423	HIP 81301	249.0883	-38.83062	141.11	m	9.245	3.497	F3/5 V	0.534
HD 26042	HIP 19102	61.42193	-40.52705	141.13	m	9.205	3.457	F5 V	0.473
HIP 72537		222.45921	-47.28222	141.14	m	9.754	4.006	F8	0.533
HD 93034	HIP 52543	161.14286	-2.47443	141.14	m	9.134	3.386	F8 V	0.585
HD 68636	HIP 39745	121.85217	-72.15583	141.16	m	9.161	3.413	K0 IV	1.082
HD 116723	HIP 65456	201.23388	37.53383	141.16	m	9.348	3.599	G5	0.763
HD 230309	HIP 93205	284.77464	18.16809	141.17	m	9.34	3.591	F8	0.639
HIP 72817		223.25731	81.89632	141.17	m	9.756	4.007	G0	0.67
HD 136084	HIP 75016	229.93363	-30.06764	141.17	m	9.163	3.414	F2 V	0.557
HIP 39917		122.28902	47.13179	141.18	m	9.68	3.931	G0	0.556
HD 85785	HIP 48508	148.38956	-29.73774	141.18	m	9.262	3.513	F3 V	0.462
HD 17885	HIP 13305	42.80541	-36.73549	141.24	m	9.143	3.393	F6 V	0.512
HIP 34259		106.52216	45.63003	141.24	m	9.521	3.771	G0	0.717
HD 162871	HIP 87661	268.57655	-25.96212	141.24	e	9.128	3.378	G1/2 V	0.61
HIP 18941		60.90145	-36.17827	141.25	m	10.61	4.864		0.647
HIP 63801		196.15139	8.69944	141.25	m	9.723	3.973	G5	0.716
HD 65295	HIP 38715	118.89402	-50.70897	141.27	m	9.076	3.326	F8 V	0.57
HD 22838	HIP 17069	54.8743	-20.10991	141.27	m	9.612	3.862	F7 V	0.558
HD 146974	HIP 80036	245.06464	-28.71691	141.28	m	9.155	3.405	F8 V	0.603
HIP 78284		239.75908	77.74213	141.28	m	10.73	4.98		0.738
HIP 10697		34.4256	1.27433	141.3	m	9.795	4.044	F8	0.542
HD 113582	HIP 63860	196.31739	-39.79528	141.3	m	9.488	3.737	G2/3 V	0.757
HIP 75916		232.59015	-20.61335	141.31	m	9.849	4.098	G5	0.668
HD 24578	HIP 18043	57.84757	-58.57238	141.34	m	9.003	3.252	F5 V	0.47
HIP 55879		171.80187	28.22369	141.36	m	9.799	4.047	G0	0.577
HD 163649	HIP 88022	269.68	-33.32596	141.36	m	9.304	3.552	F3 V	0.457
HD 112067	HIP 63021	193.72193	-65.8292	141.37	m	9.658	3.906	G8 V + (F)	0.734
HIP 72580		222.62318	17.17542	141.39	m	9.732	3.98	F5	0.586
HD 326077	HIP 82205	251.91052	-42.83515	141.4	m	9.965	4.213	G0	0.773
HIP 89228		273.12731	75.1767	141.41	m	9.205	3.453	K0	0.794
HIP 92826		283.70925	1.19764	141.41	m	9.471	3.719	F0	0.864
HD 28012	HIP 20536	66.01281	-32.08014	141.45	m	9.542	3.789	G6 IV/V	0.978
HD 26152	HIP 19228	61.82758	-28.69003	141.46	m	9.141	3.388	F5 V	0.568
HD 17347	HIP 12951	41.64027	-18.0409	141.47	m	9.354	3.601	G1 V	0.709
HD 134858	HIP 74486	228.30557	-32.44394	141.48	m	10.17	4.412	G5 V	0.617
HIP 18721		60.16649	20.3033	141.51	m	9.402	3.648	F8	0.569
HIP 69664		213.86821	28.62699	141.52	m	9.572	3.818	F8	0.634
HD 131666	HIP 72892	223.46645	35.79472	141.53	m	9.293	3.539	G0	0.677
HD 100331	HIP 56285	173.07851	-49.94743	141.53	m	9.401	3.647	G1 V	0.749
HIP 47984		146.70739	45.07014	141.53	m	9.882	4.128	F 8 V	0.634
HIP 81578		249.90673	34.28016	141.59	m	11.01	5.258		0.577
HD 138458	HIP 76124	233.21243	-17.76475	141.59	m	9.848	4.093	G3/5 V	0.819
HIP 19908		64.06049	2.80528	141.6	m	11.84	6.085	K7	
HD 111047	HIP 62354	191.65182	-16.53149	141.6	m	9.066	3.311	F2 V	0.407
HD 12908	HIP 9838	31.64757	8.70375	141.6	m	9.916	4.161	K	0.702
HD 60958	HIP 36467	112.55869	-72.94509	141.61	m	9.373	3.617	F7 V	0.542
HD 218037	HIP 114003	346.31908	-36.94553	141.62	m	9.218	3.462	F5 V	0.474
HIP 62577		192.3289	39.04535	141.62	m	10.35	4.595	G0	0.609
HIP 48783		149.25309	74.192	141.62	m	10.83	5.07		0.682
HIP 82433		252.70136	-19.05147	141.63	m	10.09	4.333	G0	0.688
HD 11019	HIP 8373	26.95929	-18.16046	141.7	m	9.755	3.998	G3 V	0.674
HD 129900	HIP 72016	220.94488	43.72081	141.71	m	9.004	3.247	F5	0.477
HIP 76599		234.66257	6.37515	141.71	m	10.36	4.602		0.785
HIP 31619		99.25989	34.76966	141.71	m	9.681	3.924	F8	0.541
HIP 5774		18.52337	20.57884	141.71	m	9.374	3.617	F8	0.552
HD 189972	HIP 98994	301.47315	-58.52483	141.72	m	9.419	3.662	F8/G0 V	0.624
HD 333327	HIP 98386	299.85184	28.24155	141.72	m	9.565	3.808	F8	0.556
HD 104449	HIP 58666	180.43889	75.1984	141.73	m	9.087	3.33	F0	0.377
HIP 18058		57.89749	5.93871	141.74	m	11.78	6.027	K7	1.618
HD 145504	HIP 79383	243.02472	-23.24573	141.76	m	9.41	3.652	F0 V	0.492
HD 186749	HIP 97322	296.67051	-11.48403	141.76	m	10.21	4.451	F8	0.671
HD 103292	HIP 57986	178.40892	-20.35332	141.76	m	9.306	3.548	G1 V	0.59
HIP 17232		55.35757	14.88863	141.77	m	9.711	3.953	F0	0.505
HD 139439	HIP 76387	234.02581	48.81583	141.8	m	9.247	3.489	F8	0.517
HIP 99855		303.8779	70.0571	141.82	m	9.111	3.352	F8	0.675
HD 147702	HIP 80377	246.10641	-25.7071	141.84	m	9.184	3.425	A1/2 IV	0.475
HD 164813	HIP 88410	270.77598	-4.38793	141.84	m	9.354	3.595	K1 III	1.314
HD 91900	HIP 51965	159.24401	17.2553	141.85	m	9.236	3.477	G5	0.766
HD 224631	HIP 118279	359.86895	-66.98095	141.86	m	9.674	3.915	F7 V	0.52
HD 234067	HIP 67022	206.02598	51.19055	141.89	m	9.711	3.951	F8	0.564
HD 163432	HIP 87923	269.41985	-35.97224	141.9	m	9.551	3.791	F3/5(PEC)	0.482
HIP 86543		265.29389	14.69859	141.9	m	9.182	3.422	F8	0.582
HD 284181	HIP 19484	62.59647	22.83386	141.9	m	9.936	4.176	F0	0.659
HIP 13445		43.28755	-12.46651	141.91	m	10.45	4.689		0.618
HD 145263	HIP 79288	242.7296	-25.52268	141.92	m	9.029	3.269	F0 V	0.443
HD 42668	HIP 29089	92.04277	-58.96894	141.95	m	9.67	3.909	F7/G2 (V)	0.643
HIP 24680		79.41874	82.2495	141.95	m	9.758	3.997	G0	0.552
HD 217688	HIP 113867	345.89616	-63.97833	141.96	m	9.779	4.018	F8 V	0.742
HIP 19449		62.47569	4.32364	141.97	m	10.17	4.412	F8	0.729
HD 335509	HIP 88191	270.15694	25.90853	141.99	m	9.358	3.597	F5	0.611
HD 3844	HIP 3212	10.21672	-27.68231	142	m	9.817	4.056	G3/5 V	0.778
HD 18891	HIP 13562	43.67354	-78.08266	142	m	9.043	3.281	F8 V	0.609
HD 56602	HIP 35176	109.05314	-33.62417	142.02	m	9.728	3.966	G0 V	0.541
HD 97781	HIP 54933	168.73633	-18.7987	142.03	m	9.131	3.369	A9/F0 V + (F/G)	0.415
HD 12862	HIP 9794	31.49265	-7.16457	142.03	m	9.343	3.581	F5 V	0.562
HIP 61602		189.34799	25.06663	142.05	m	10.53	4.772	B2	-0.382
HIP 95920		292.61323	61.87319	142.06	m	9.936	4.174	G5	0.734
HD 168218	HIP 89952	275.29907	-49.14346	142.06	m	9.155	3.393	F8 VWF5	0.641
HD 221277	HIP 116071	352.78731	-51.6918	142.08	m	9.144	3.381	G8 IV	0.95
HIP 63028		193.73857	58.16078	142.1	m	9.803	4.04	G5	0.624
HD 21583	HIP 15705	50.57816	-75.1806	142.1	m	9.343	3.58	F7/8 V	0.645
HD 12688	HIP 9588	30.79577	-43.60773	142.1	m	9.349	3.586	F5 V	0.444
HD 283690	HIP 21353	68.72489	28.06437	142.13	m	9.241	3.478	F 3 V	0.489
HD 78314	HIP 44913	137.25179	44.05326	142.14	m	9.272	3.508	G5	0.487
HD 141275	HIP 77493	237.34249	-33.2132	142.14	m	9.528	3.764	G3 V	0.769
HD 221175	HIP 115989	352.50256	-41.78811	142.15	m	9.715	3.951	F7/8 V	0.549
HD 85332	HIP 48378	147.93078	26.31319	142.17	m	9.202	3.438	G0	0.536
HD 220961	HIP 115853	352.0734	-35.89052	142.17	m	9.539	3.775	K0 V	1.08
HIP 69561		213.58542	75.40818	142.19	m	9.571	3.807	G0	0.602
HD 190767	HIP 101562	308.7562	-86.16346	142.2	m	9.262	3.497	F6 V	0.498
HIP 77693		237.93605	3.99284	142.21	m	9.415	3.65	F8	0.793
HD 39458	HIP 27772	88.15425	-2.16859	142.22	m	9.215	3.45	F8/G0	0.514
HD 285846	HIP 20990	67.5166	18.23047	142.23	m	11.38	5.61	G5	2.141
HD 105073	HIP 59004	181.4761	26.46719	142.24	m	9.229	3.464	G0	0.605
HIP 75367		231.01774	-41.1616	142.24	m	10.26	4.491	F8	0.6
HD 283933	HIP 22864	73.78045	26.21775	142.25	m	9.965	4.2	F8	0.686
HIP 84007		257.58447	-23.7058	142.25	m	10.45	4.683	G5	0.715
HD 139689	HIP 76520	234.41383	47.3129	142.25	m	9.084	3.319	F5	0.525
HD 134026	HIP 74002	226.84454	13.32017	142.27	m	10.26	4.489	G0	0.633
HIP 55626		170.93909	16.39992	142.28	m	9.153	3.387	F2	0.472
HD 57533	HIP 35454	109.79147	-50.54449	142.29	m	9.053	3.287	G0 V	0.694
HD 153257	HIP 83142	254.85712	-28.86195	142.29	m	10.06	4.295	G6/8 V	0.8
HD 26941	HIP 19705	63.32097	-48.27175	142.29	m	9.375	3.609	G3 V	0.629
HIP 67425		207.284	-40.83795	142.34	m	9.731	3.964	F5	0.691
HD 172096	HIP 91601	280.21472	-51.06825	142.35	m	10.23	4.462	G5/6 IV/V	0.815
HD 6507	HIP 5097	16.33668	-50.63004	142.36	m	9.343	3.576	F5 V(W)	0.495
HD 233819	HIP 54748	168.14468	50.00522	142.36	m	9.829	4.062	G0	0.886
HIP 47191		144.26858	31.94125	142.37	m	10.37	4.605	G0	0.739
HD 95628	HIP 53922	165.50753	-21.49747	142.37	m	9.01	3.243	K0 V	0.99
HD 126408	HIP 70034	214.95565	76.70068	142.37	m	9.699	3.932	F5	0.503
HD 143464	HIP 78556	240.58938	-44.68193	142.38	m	10.07	4.304	G5 (V)	0.677
HD 142817	HIP 78080	239.15365	-0.90854	142.38	m	9.367	3.6	F3 V	0.493
HD 163835	HIP 88222	270.24168	-51.41883	142.39	m	9.28	3.513	F6/7 V	0.605
HD 120746	HIP 67644	207.89238	-12.38971	142.4	m	9.169	3.401	F7 V	0.57
HIP 97194		296.31073	-42.67071	142.41	m	11.16	5.39	K0	0.92
HIP 63274		194.4995	33.46166	142.41	m	9.995	4.227	F8	0.689
HIP 72724		223.02776	15.31466	142.41	m	9.298	3.53	F8	0.589
HD 172413	HIP 91710	280.54061	-44.3092	142.42	m	10.01	4.239	G2/3 V	0.82
HD 217210	HIP 113484	344.73577	9.80477	142.43	m	9.265	3.497	F8	0.46
HIP 103404		314.23872	41.64754	142.43	m	9.846	4.078		0.647
HD 238686	HIP 85163	261.0554	58.69868	142.47	m	9.027	3.258	F5	0.411
HD 237185	HIP 18042	57.84385	57.83821	142.48	m	9.276	3.507	F2V	0.497
HIP 47278		144.52768	18.64174	142.48	m	9.313	3.544	F5	0.518
HD 216671	HIP 113133	343.65253	20.33309	142.48	m	9.028	3.259	G5	0.68
HD 63066	HIP 37964	116.73351	-4.95299	142.49	m	9.156	3.387	G3/5 V(w)	0.744
HIP 105457		320.41252	6.2056	142.51	m	10.13	4.362	F8	0.641
HD 199833	HIP 103741	315.34103	-47.32776	142.56	m	9.946	4.176	G3 V	0.833
HD 88047	HIP 49758	152.35571	15.23347	142.58	m	9.209	3.439	F5	0.491
HD 208287	HIP 108273	329.02646	-36.13102	142.58	m	9.215	3.445	F5 V	0.441
HD 214095	HIP 111623	339.1968	-45.1177	142.58	m	9.514	3.744	G3 IV/V	0.84
HD 150263	HIP 81841	250.75196	-56.18548	142.59	m	9.825	4.055	F7/8 V	0.679
HIP 57060		175.45823	42.45074	142.61	m	9.696	3.925	F8	0.484
HIP 18448		59.15089	69.84885	142.61	m	9.436	3.665	K0	1.099
HIP 66746		205.20654	49.94754	142.63	m	9.61	3.839	K5	0.48
HIP 63013		193.70096	30.99865	142.63	m	10.18	4.412	F8	0.569
HD 152156	HIP 82536	253.06287	-15.88301	142.64	m	9.899	4.128	F5 V	0.801
HD 197288	HIP 102426	311.33297	-56.09771	142.64	m	9.604	3.833	F5/6 V	0.492
HD 103937	HIP 58346	179.4907	-56.49428	142.64	m	9.36	3.589	F5 V	0.538
HIP 59168		182.00606	46.83963	142.64	m	9.467	3.696	F2	0.461
HD 9076	HIP 6892	22.18767	-30.40857	142.66	m	9.634	3.862	G3 V	0.733
HD 31174	HIP 22478	72.54494	-57.73203	142.68	m	9.23	3.458	F6 V	0.494
HIP 9982		32.13943	31.39044	142.69	m	10.38	4.605	G0	0.671
HD 1039	HIP 1166	3.64826	-31.02333	142.69	m	9.537	3.765	F6 V	0.502
HD 194702	HIP 101103	307.41635	-55.11815	142.69	m	9.494	3.722	F5WF0	0.418
HD 66174	HIP 39478	121.02548	42.42092	142.71	m	9.249	3.477	F8	0.508
HD 173860	HIP 92327	282.25953	-34.54898	142.73	m	9.918	4.145	G3 V	0.696
HD 137499	HIP 75683	231.92634	-36.23697	142.75	m	9.559	3.786	F3/5 V	0.488
HIP 16627		53.48478	15.6256	142.77	m	9.591	3.818	F2	0.565
HD 7971	HIP 6122	19.65159	-34.81887	142.79	m	9.127	3.354	F3/5 V	0.455
HD 10065	HIP 7677	24.70811	26.64417	142.8	m	9.348	3.574	G5	0.509
HD 105519	HIP 59236	182.23359	-10.0163	142.81	m	9.993	4.219	G6 V	0.68
HIP 23019		74.25774	-25.07875	142.81	m	10.37	4.595		0.596
HD 207792	HIP 108006	328.23116	-47.73527	142.82	m	9.145	3.371	F2 V	0.433
HD 84899	HIP 48052	146.92942	-31.63166	142.83	m	9.112	3.338	G1 V	0.707
HD 189002	HIP 98304	299.60662	-14.0118	142.83	m	9.586	3.812	F6 V	0.647
HD 113453	HIP 63799	196.13963	-52.17823	142.84	m	9.459	3.685	G3/5 V	0.786
HD 12226	HIP 9259	29.75544	-43.92116	142.85	m	9.338	3.564	F5 V	0.477
HD 101349	HIP 56857	174.85666	-48.48157	142.86	m	9.082	3.307	K1 (IV)	0.964
HD 167617	HIP 89629	274.369	-31.46965	142.86	m	9.14	3.365	F3/5 V	0.503
HD 284145	HIP 19054	61.23553	20.85648	142.87	m	9.077	3.302	G0	0.951
HIP 41292		126.36956	31.04967	142.88	m	9.257	3.482	G5	0.917
HD 94702	HIP 53459	164.04181	18.82787	142.89	m	9.222	3.447	F8	0.554
HIP 56124		172.56947	88.74976	142.91	m	9.506	3.731	G0	0.588
HD 21813	HIP 16331	52.62923	-15.85314	142.91	m	9.663	3.888	G0 V	0.61
HIP 991		3.07673	-40.64563	142.99	m	10.65	4.872	G0	0.657
HIP 20200		64.94314	44.20717	143.02	m	9.45	3.673	F8	0.601
HIP 10109		32.51927	83.67932	143.02	m	10.72	4.945	G5	0.597
HIP 28727		91.01663	37.19142	143.04	m	9.286	3.509	F5	0.503
HIP 44903		137.22205	65.37548	143.04	m	10.38	4.603	F8	0.617
HD 286941	HIP 21684	69.82308	11.26507	143.04	m	9.738	3.961	G0	0.852
HIP 9202		29.60474	9.23748	143.05	m	9.517	3.74	F5	0.427
HIP 36968		113.98813	58.90589	143.06	m	11.05	5.273		0.69
HIP 63018		193.7163	31.03318	143.08	m	10.17	4.39	G0	0.722
HD 91473	HIP 51657	158.3066	-26.81426	143.09	m	9.1	3.322	G0 V	0.785
HD 18347	HIP 13698	44.0996	-18.70364	143.09	m	9.311	3.533	G5 V	0.82
HD 3834	HIP 3201	10.19584	-11.36703	143.1	m	9.136	3.358	F7 V	0.561
HD 23376	HIP 17512	56.24553	8.31955	143.12	m	9.419	3.64	G5	0.53
HD 90431	HIP 51076	156.53982	-14.96818	143.16	m	9.662	3.883	F6 V	0.486
HIP 16045		51.65	-1.10416	143.18	m	11.11	5.328	G0	0.867
HD 179067	HIP 94786	289.29605	-71.1626	143.18	m	9.467	3.688	F5 V	0.583
HD 149735	HIP 81447	249.52305	-34.01961	143.19	m	9.2	3.42	G1 IV/V	0.544
HD 88256	HIP 49679	152.11837	-63.63769	143.19	m	9.21	3.43	G6/8 IV/V	0.974
HIP 74608		228.66606	11.51562	143.19	m	10.13	4.348	G0	0.547
HD 233661	HIP 47366	144.76227	49.80378	143.2	m	9.954	4.174	F8	0.706
HD 104976	HIP 58951	181.30637	14.85123	143.22	m	9.205	3.425	K0	0.95
HD 76855	HIP 44203	135.06734	42.52889	143.22	m	9.231	3.451	G 0 V	0.629
HD 94989	HIP 53489	164.13567	-65.30249	143.23	m	9.208	3.428	F7/8 IV/V	0.721
HIP 10476		33.76078	12.7099	143.23	m	9.581	3.801	F5	0.415
HD 19520	HIP 14606	47.15984	12.37823	143.24	m	9.151	3.371	F8	0.412
HD 212348	HIP 110779	336.64282	-73.10806	143.25	m	9.544	3.764	F8/G0 V	0.679
HIP 37518		115.50489	10.6918	143.25	m	9.086	3.305	F5	0.447
HD 28681	HIP 21031	67.6402	-20.89313	143.26	m	9.171	3.39	F7/8 V	0.531
HD 154603	HIP 83806	256.91272	-30.30061	143.28	m	9.535	3.754	G2/3 (+ A/F)	0.63
HD 248983	HIP 27926	88.63996	22.95618	143.29	m	9.3	3.519	F5	0.444
HIP 18091		58.00338	19.59685	143.31	m	10.52	4.739		0.807
HD 195248	HIP 101225	307.77763	-30.70895	143.31	m	9.145	3.364	K1 IV	1.133
HD 9864	HIP 7464	24.03757	-6.40623	143.34	m	9.122	3.34	F6 V	0.527
HIP 106923		324.82118	43.20038	143.36	m	12.31	6.524	K3	
HD 127912	HIP 71227	218.48319	3.33633	143.41	m	9.156	3.373	F2 V	0.421
HD 284007	HIP 23018	74.25332	26.36513	143.41	m	10.54	4.753	G0	0.864
HD 6180	HIP 4836	15.54627	-49.7289	143.41	m	9.111	3.328	F6 V	0.537
HD 155545	HIP 84125	257.97326	10.95952	143.43	m	9.47	3.687	F5	0.565
HD 214897	HIP 112030	340.36809	-1.43453	143.44	m	9.984	4.201	G5 (V)	0.85
HIP 90589		277.27553	-4.44816	143.45	m	10.24	4.457	B3	0.741
HD 14335	HIP 10827	34.83987	14.90885	143.45	m	9.444	3.661	G	0.524
HIP 32239		100.95831	39.68647	143.45	m	9.099	3.315	F8	0.57
HD 147137	HIP 80088	245.2093	-22.59411	143.47	m	9.074	3.29	A9 V	0.423
HD 179778	HIP 95544	291.51435	-80.2371	143.47	m	9.075	3.291	G1IV/V	0.662
HIP 116598		354.44871	66.009	143.47	e	9.781	3.997	G0	0.664
HD 111094	HIP 62319	191.56653	56.71867	143.48	m	9.009	3.225	K 0 IV	1.143
HIP 104994		318.97897	28.96319	143.49	m	10.5	4.719	G5	0.985
HD 213657	HIP 111372	338.44606	-42.05384	143.53	m	9.761	3.976	(G0)W(A)	0.391
HD 146239	HIP 79758	244.18622	-36.32274	143.53	m	9.212	3.427	G8 IV	0.967
HD 176727	HIP 93684	286.17164	-54.38347	143.53	m	9.67	3.885	F6 V	0.518
HD 147778	HIP 80378	246.10831	-17.74526	143.55	m	9.706	3.921	F0 V	0.586
HD 128672	HIP 71696	219.99521	-51.6449	143.57	m	9.672	3.887	G5/6 V	0.861
HD 166595	HIP 89293	273.31266	-39.44694	143.57	m	9.871	4.086	G8 (V)	0.798
HD 262665	HIP 32279	101.08509	28.3689	143.6	m	9.628	3.842	F8	0.509
HIP 71149		218.28217	-5.47893	143.61	m	9.338	3.552	F8	0.724
HD 143484	HIP 78455	240.25358	-12.87352	143.62	m	9.686	3.9	F3/5 V	0.482
HD 9898	HIP 5654	18.15931	-87.86469	143.64	m	10.02	4.232	G2/5 (V)	0.686
HIP 44455		135.85051	38.0985	143.65	m	9.632	3.846	G0	0.746
HIP 70880		217.4298	35.4677	143.65	m	10.31	4.526		0.682
HD 90959	HIP 51331	157.27519	-45.36648	143.66	m	9.617	3.83	G0 V	0.575
HIP 27215		86.51894	-7.07005	143.67	m	9.712	3.925	F8	0.745
HIP 5201		16.62759	-22.06409	143.68	m	10.11	4.318	F8	0.598
HD 148217	HIP 80757	247.33232	-54.55428	143.71	m	9.004	3.217	F3/5 V	0.451
HIP 535		1.61845	-43.62777	143.73	m	10.08	4.289	F5	0.609
HD 148675	HIP 80932	247.891	-41.65648	143.76	m	9.582	3.794	G3/5 V	0.721
HD 115980	HIP 65090	200.11319	19.69107	143.77	m	9.404	3.616	F 8 V	0.496
HD 169404	HIP 90412	276.71933	-47.75232	143.79	m	9.807	4.018	G8 IV/V	1.009
HD 112216	HIP 63112	193.97772	-62.61904	143.83	m	10.1	4.315	G0/2 (V)	0.578
HD 132108	HIP 73009	223.8151	54.9437	143.83	m	9.336	3.547	G5	0.477
HD 124474	HIP 69405	213.15092	45.19791	143.86	m	9.577	3.787	K0...	0.644
HIP 34799		108.05562	27.43619	143.87	m	9.56	3.77	G0	0.603
HD 233916	HIP 59802	183.95106	49.79885	143.87	m	9.631	3.841	G0	0.509
HIP 12412		39.94869	4.42087	143.87	m	9.403	3.613	F5	0.519
HD 284065	HIP 23721	76.49859	28.12135	143.89	m	10.02	4.225	G0	0.688
HD 286355	HIP 18504	59.35533	12.9627	143.91	m	9.62	3.83	F8	0.565
HIP 2547		8.09845	13.537	143.95	m	9.287	3.496	F8	0.491
HD 79576	HIP 45515	139.14278	46.18071	143.96	m	9.741	3.95	F8	0.456
HD 17613	HIP 13199	42.46826	8.93967	143.98	m	9.505	3.713	F8	0.526
HD 36330	HIP 25676	82.25781	-41.1946	143.99	m	9.347	3.555	G2 V	0.632
HD 237920	HIP 52251	160.14107	54.7197	144.02	m	9.808	4.016	F8	0.591
HD 156298	HIP 84527	259.18875	2.9858	144.02	m	9.497	3.705	F3 V	0.477
HD 5894	HIP 4654	14.95413	-44.20884	144.03	m	9.701	3.909	G3 V	0.856
HIP 42139		128.84905	63.28796	144.03	m	10.09	4.293		0.813
HIP 41964		128.30403	40.71422	144.03	m	9.846	4.054	G5	0.717
HIP 56994		175.25218	-0.0353	144.08	m	10.77	4.981		0.726
HD 188848	HIP 98284	299.54645	-27.24502	144.09	m	9.921	4.128	G3 V	0.698
HIP 104248		316.81166	19.70981	144.11	m	9.277	3.483	G0	0.827
HD 150418	HIP 81775	250.54318	-31.50416	144.13	m	9.586	3.792	G5 V	0.656
HIP 113846		345.8257	-41.05356	144.15	m	10.51	4.716	F8	0.619
HD 179501	HIP 94533	288.593	-34.13618	144.15	m	9.604	3.81	G0 V	0.652
HIP 53442		163.99445	29.32044	144.17	m	10.57	4.776	F8	0.639
HD 142587	HIP 78292	239.79981	-63.91354	144.17	m	9.994	4.2	G5 V	0.819
HD 103353	HIP 58028	178.51978	37.9521	144.2	m	9.081	3.286	F 6 I	0.491
HD 156182	HIP 84543	259.24947	-22.46848	144.21	m	9.403	3.608	G3 V	0.663
HIP 77630		237.73012	14.67858	144.23	m	9.193	3.398	G0	0.514
HIP 84639		259.55143	49.53447	144.24	m	10.96	5.166	G6	0.66
HIP 26582		84.76385	-11.03171	144.25	m	9.25	3.454	G0	0.504
HD 100561	HIP 56488	173.71059	60.69716	144.26	m	9.218	3.422	G5	0.719
HIP 4039		12.95337	74.47399	144.28	m	9.823	4.027	F5	0.51
HIP 663		2.04931	-38.28135	144.28	m	10.03	4.235	G0	0.649
HD 166931	HIP 89259	273.22974	-0.76051	144.29	m	9.148	3.352	A9 V	0.448
HIP 86307		264.52559	-26.37061	144.29	m	10.78	4.985	G5	0.689
HD 126521	HIP 70628	216.70914	-33.24693	144.32	m	9.557	3.76	G5 V	0.76
HD 204745	HIP 106298	322.93891	-37.10869	144.32	m	9.414	3.617	F6 V	0.609
HIP 77628		237.72651	14.6761	144.34	m	10.13	4.333	K	0.905
HD 121411	HIP 67963	208.76876	6.25687	144.34	m	10.02	4.226	G5	0.627
HIP 69836		214.38654	16.69994	144.34	m	10.06	4.266	F8	0.706
HIP 10404		33.51597	-7.2541	144.38	m	9.613	3.815	G0	0.532
HIP 56677		174.31982	-1.08256	144.4	m	9.613	3.815	G0	0.857
HIP 75869		232.45575	28.9491	144.4	m	9.631	3.833	F2	0.499
HIP 1300		4.08637	71.93099	144.41	m	9.823	4.025	F8	0.49
HD 222890	HIP 117124	356.16651	-6.13059	144.41	m	9.145	3.347	F0 V	0.441
HIP 73235		224.51649	20.88776	144.42	m	10.4	4.599	G0	0.787
HD 3677	HIP 3099	9.8617	-24.5235	144.42	m	9.503	3.705	G2/3 V	0.682
HD 265672	HIP 33131	103.48621	29.57012	144.43	m	10.21	4.415	G0	0.785
HD 150299	HIP 81647	250.17962	-17.31397	144.43	m	9.794	3.996	F3 V	0.705
HIP 16431		52.89011	26.26549	144.44	m	10.75	4.952		0.87
HD 33379	HIP 23808	76.75854	-52.40086	144.47	m	9.025	3.226	G8 IV/V	1.006
HIP 65930		202.7365	30.69167	144.48	m	9.796	3.997	F8	0.57
HIP 98022		298.7931	-45.09742	144.48	m	11.5	5.703	G0	0.266
HIP 114299		347.22965	43.87062	144.48	m	9.199	3.4	F2	0.425
HD 92014	HIP 52014	159.40265	5.08623	144.48	m	9.695	3.896	F8	0.509
HD 18931	HIP 14151	45.61028	-10.50964	144.51	m	9.888	4.088	G1 V	0.648
HIP 100102		304.61192	49.74814	144.52	m	9.087	3.287	F8	0.476
HD 128893	HIP 71767	220.19145	-42.78507	144.53	m	9.06	3.26	F3 V	0.489
HIP 115704		351.63688	60.62854	144.53	m	10.48	4.681	F2	0.578
HD 145208	HIP 79252	242.62033	-22.22995	144.53	m	9.785	3.985	G5 V	0.866
HD 142319	HIP 78023	238.97629	-46.61199	144.59	m	9.448	3.647	F3/5 V	0.433
HD 5533	HIP 4425	14.17254	-38.43881	144.59	m	9.417	3.616	G5 V	0.72
HIP 29759		94.00635	37.72188	144.62	m	9.001	3.2	G0	0.639
HIP 71565		219.5468	36.21583	144.63	m	10.32	4.517	F8	0.709
HD 276034	HIP 18789	60.38662	38.66778	144.65	m	9.205	3.403	K2	1.101
HD 75574	HIP 38078	117.04585	-88.45549	144.65	m	9.249	3.447	G2 V	0.69
HIP 86038		263.74827	-25.44468	144.66	m	10.44	4.639	F8	0.545
HD 180034	HIP 94647	288.88859	-16.85915	144.67	m	9.121	3.319	F3 V	0.48
HIP 64261		197.56687	41.81743	144.68	m	10.38	4.573	G0	0.677
HD 55699	HIP 34577	107.4191	-63.81054	144.68	m	9.244	3.442	G8 V	1.053
HD 134974	HIP 74565	228.53144	-41.06005	144.71	m	10.48	4.678	G6/8 (V)	0.552
HIP 75045		230.02474	-48.72179	144.71	m	10.25	4.452	F5	0.477
HD 206543	HIP 107220	325.74528	-13.67299	144.74	m	9.341	3.538	F6 V	0.488
HIP 46627		142.62916	11.21668	144.74	m	9.539	3.736	G5	0.904
HD 79270	HIP 45154	137.98735	-38.59151	144.75	m	9.537	3.734	G5 IV/V	0.85
HD 85724	HIP 48480	148.31328	-20.80091	144.76	m	9.294	3.491	G2 V	0.668
HD 5592	HIP 4450	14.23312	-54.14047	144.78	m	9.661	3.857	F6 V	0.562
HD 115385	HIP 64795	199.20668	5.92571	144.78	m	9.082	3.278	G0	0.473
HD 211396	HIP 110052	334.36021	-32.80398	144.79	m	9.044	3.24	F3/5 V	0.526
HIP 92817		283.68195	-82.41806	144.8	m	10.84	5.034		0.507
HIP 54188		166.27093	5.15178	144.81	m	9.624	3.82	F 8 V	0.549
HIP 70981		217.77338	8.51749	144.82	m	10.25	4.448	F8	0.556
HIP 117942		358.85064	39.35978	144.83	m	9.573	3.769	F8	0.641
HD 129695	HIP 71894	220.56948	50.11457	144.85	m	9.637	3.832	F8	0.691
HD 158283	HIP 85496	262.08162	2.20408	144.86	m	9.602	3.797	F7 V	0.59
HIP 87581		268.37599	39.45315	144.86	m	9.157	3.352	F8	0.626
HD 223458	HIP 117497	357.38912	52.6525	144.86	m	9.001	3.196	K0	0.435
HD 22672	HIP 17011	54.70607	1.65449	144.86	m	9.833	4.028	F6 V	0.533
HD 233864	HIP 57377	176.44731	49.86424	144.87	m	9.678	3.873	G6III	0.82
HD 121826	HIP 68147	209.27669	34.43469	144.87	m	9.004	3.199	G0	0.655
HD 115459	HIP 64756	199.06737	55.83819	144.89	m	9.32	3.515	G5	0.541
HD 216938	HIP 113369	344.41342	-45.09259	144.91	m	9.157	3.352	F7 V	0.566
HIP 57592		177.10833	48.6726	144.93	m	11.03	5.221	G0	0.597
HD 171004	HIP 91756	280.66058	-77.91281	144.94	m	9.195	3.389	F8/G0 V	0.576
HIP 101319		308.04033	-45.35402	144.95	m	9.379	3.573	F3V	0.449
HD 109730	HIP 61559	189.20038	29.69208	144.95	m	9.334	3.528	G0	0.679
HIP 112723		342.42187	31.31086	144.96	m	9.063	3.257	F0	0.431
HD 129448	HIP 71912	220.6362	4.66405	144.99	m	9.168	3.361	G0	0.484
HIP 102337		311.02619	-30.00211	144.99	m	10.01	4.199	F8	0.392
HIP 38485		118.22016	83.78067	145	m	10.01	4.205	G0	0.844
HD 176604	HIP 93364	285.25478	4.10727	145.03	m	9.01	3.203	F8 V	0.631
HD 59741	HIP 36450	112.50832	-32.9283	145.03	m	9.248	3.441	G3/5 V	0.699
HD 11532	HIP 8815	28.32656	0.37313	145.04	m	9.805	3.998	G8 III/IV	0.847
HIP 87770		268.94558	-46.79076	145.05	m	10.17	4.36	G5	0.768
HIP 46361		141.79204	48.68099	145.05	m	10.67	4.864	G0	0.955
HD 159699	HIP 86196	264.21998	-17.95335	145.08	m	9.29	3.482	F3 V	0.535
HD 24200	HIP 17857	57.33211	-44.77978	145.12	m	9.345	3.536	F6 V	0.554
HD 118043	HIP 66276	203.75721	-42.61595	145.12	m	9.366	3.557	G8 V	0.965
HD 339971	HIP 100275	305.08808	28.08136	145.12	m	9.213	3.404	G0	0.684
HD 12417	HIP 9412	30.22929	-35.65689	145.12	m	9.167	3.358	F6 V	0.521
HD 111113	HIP 62357	191.66494	36.84846	145.13	m	9.217	3.408	F 2 V	0.343
HD 284419	HIP 20390	65.49765	19.53512	145.14	m	10	4.195	K 0 IIIE	1.33
HD 221547	HIP 116246	353.31102	-28.6771	145.14	m	9.25	3.441	F3 V	0.417
HD 141684	HIP 77672	237.86212	-32.72957	145.15	m	9.009	3.2	K1 IV	1.164
HD 233717	HIP 50060	153.31785	50.03816	145.15	m	9.741	3.932	G0	0.777
HIP 39740		121.83146	12.20956	145.17	m	9.712	3.903	F8	0.596
HD 116230	HIP 65384	200.99671	-66.85067	145.17	m	9.464	3.655	F5 V	0.553
HIP 18524		59.40952	3.19011	145.18	m	9.86	4.05	F8	0.714
HD 528	HIP 808	2.49023	43.43836	145.19	m	9.091	3.281	G5	0.564
HD 18581	HIP 13932	44.87792	6.33964	145.19	m	9.395	3.585	G0	0.551
HIP 72870		223.41649	14.6983	145.21	m	10.13	4.317	G	0.856
HIP 57265		176.14877	25.53659	145.21	m	10.36	4.547	F6	0.692
HD 102714	HIP 57673	177.43426	22.08863	145.21	m	9.326	3.516	F8	0.512
HD 99908	HIP 56060	172.34523	-40.97974	145.21	m	9.143	3.333	F5 V	0.474
HIP 43302		132.33478	49.4557	145.24	m	10.23	4.422	G0	0.65
HD 193733	HIP 101099	307.40434	-76.72255	145.24	m	9.101	3.291	F2 V	0.408
HIP 25928		82.99291	-7.82199	145.27	m	9.991	4.18	F5	0.486
HD 123874	HIP 69121	212.2343	47.23484	145.28	m	9.098	3.287	G5	0.509
HD 107330	HIP 60179	185.1084	-7.61365	145.28	m	9.028	3.217	F3/5 V	0.457
HD 152471	HIP 82742	253.67798	-29.32782	145.29	m	9.525	3.714	F5 V	0.619
HIP 103193		313.60083	-29.68195	145.3	m	10.62	4.811		0.714
HIP 63079		193.87077	11.48997	145.33	m	9.134	3.322	F5	0.792
HD 333521	HIP 99015	301.53205	29.9421	145.33	m	9.975	4.163	G0	0.553
HIP 112762		342.54534	69.91963	145.34	m	9.154	3.342	F8	0.415
HD 316948	HIP 88354	270.63862	-27.77969	145.34	m	9.917	4.105	G0	0.825
HIP 40047		122.70623	74.96609	145.36	m	9.453	3.641	O5P	-0.314
HD 137648	HIP 75669	231.89948	-12.30264	145.37	m	9.445	3.633	F3 V	0.539
HIP 6299		20.21197	19.6228	145.38	m	9.493	3.68	F5	0.435
HIP 85301		261.46578	-80.66329	145.39	m	10.04	4.224	G0	0.694
HD 214641	HIP 111857	339.86827	7.17333	145.39	m	9.055	3.242	F8	0.544
HD 21214	HIP 15956	51.35376	-1.15298	145.41	m	9.025	3.212	F0 V + K (III)	0.458
HD 184988	HIP 96606	294.60457	-36.03667	145.41	m	9.184	3.371	F5 V	0.483
HIP 51969		159.26466	48.68125	145.43	m	9.888	4.075	F8	0.56
HIP 57298		176.23599	27.66175	145.43	m	9.85	4.037	F8	0.624
HD 113715	HIP 63875	196.36381	10.38682	145.43	m	9.417	3.604	G5	0.545
HD 142488	HIP 78087	239.16905	-45.66469	145.43	m	9.387	3.574	F3 V	0.488
HD 156619	HIP 84761	259.87864	-22.99206	145.44	m	9.407	3.594	F6 V	0.546
HIP 57588		177.09751	77.76508	145.44	m	9.734	3.921	G5	0.959
HD 85193	HIP 48022	146.8383	-67.60206	145.45	m	9.551	3.737	G3 IV/V	0.712
HIP 58421		179.6785	-25.07358	145.46	m	9.806	3.992	G5	0.702
HD 146998	HIP 80027	245.04091	-25.85734	145.46	m	9.651	3.837	A8/9 V	0.596
HD 229393	HIP 92035	281.39337	14.41692	145.46	m	9.041	3.227	G0	0.744
HD 98719	HIP 55422	170.24251	-55.32886	145.49	m	9.591	3.777	F3/5 V	0.569
HD 174727	HIP 92698	283.31806	-31.29161	145.49	m	9.65	3.836	F8/G0 V	0.588
HIP 87851		269.20428	70.0813	145.52	m	9.052	3.237	F2	0.399
HD 224550	HIP 118219	359.70158	-8.82441	145.52	m	9.238	3.423	F6 V	0.558
HD 237184	HIP 18023	57.76684	56.10755	145.52	m	9.546	3.731	F8IV	0.48
HIP 108683		330.25377	35.96278	145.53	m	9.594	3.779	F8	0.538
HIP 50338		154.1872	80.52124	145.56	m	9.823	4.008	G5	0.648
HIP 15665		50.44139	68.50027	145.57	m	10.11	4.291	F8	0.587
HD 265730	HIP 33149	103.53128	27.30458	145.58	m	9.468	3.653	G0	0.598
HD 110529	HIP 62051	190.77168	-30.24879	145.59	m	9.232	3.416	F6/7 V	0.584
HD 22706	HIP 16839	54.18123	-52.01451	145.59	m	9.478	3.662	G2/3 V	0.63
HIP 9410		30.22344	4.01914	145.6	m	11.71	5.894	K0	
HIP 78332		239.92182	-10.79905	145.61	m	9.962	4.146	F8	0.522
HD 180862	HIP 94965	289.87876	-32.47667	145.61	m	9.8	3.984	F5 V	0.625
HIP 42730		130.62207	36.941	145.62	m	10.07	4.252	F8	0.608
HIP 11539		37.18852	19.35761	145.66	m	9.582	3.765	F8	0.516
HD 149310	HIP 81190	248.75778	-26.43415	145.67	m	9.334	3.517	G2/3 V(W)	0.811
HD 112720	HIP 63348	194.70888	-3.53295	145.69	m	9.019	3.202	F3/5 V	0.444
HD 190688	HIP 99222	302.13613	-51.37253	145.7	m	9.05	3.233	F5 V	0.456
HD 19380	HIP 14634	47.27247	52.10969	145.71	m	9.344	3.527	F8	0.698
HD 206164	HIP 107171	325.62277	-59.99194	145.72	m	9.636	3.818	F6/7 IV/V	0.52
HD 57489	HIP 35232	109.22325	-65.38619	145.73	m	9.728	3.91	F5 V	0.477
HD 109316	HIP 61267	188.33603	55.29234	145.75	m	9.099	3.281	G0	0.554
HD 110183	HIP 61817	190.02883	27.90992	145.76	m	9.987	4.169	F9V	0.619
HD 93543	HIP 52821	161.99459	2.65312	145.79	m	9.042	3.223	G8 V	0.973
HD 211056	HIP 109957	334.05636	-59.23403	145.79	m	9.21	3.391	G5 V	0.874
HD 95911	HIP 53992	165.68765	-63.4946	145.8	m	9.313	3.494	F0 V	0.454
HIP 52575		161.26198	36.82779	145.82	m	10.49	4.674	G0	0.6
HD 151302	HIP 82367	252.45169	-57.59087	145.83	m	9.011	3.192	F3 V	0.47
HIP 57509		176.82033	34.60808	145.87	m	10.45	4.627	G0	0.607
HIP 82341		252.36863	17.21066	145.89	m	9.761	3.941	G0	0.721
HD 38298	HIP 26948	85.77028	-35.2672	145.89	m	9.661	3.841	G2/3 V	0.695
HD 37535	HIP 26871	85.58064	53.51549	145.9	m	9.059	3.239	F8	0.484
HD 209188	HIP 108790	330.57139	-36.4489	145.92	m	9.469	3.648	F3 V	0.486
HIP 83885		257.17428	49.75536	145.94	m	9.66	3.839	G0	0.674
HIP 61732		189.80157	16.51007	145.94	m	9.256	3.435	G5	0.719
HIP 34800		108.0605	29.33662	145.95	m	9.523	3.702	G0	0.651
HIP 17435		56.02462	5.05556	145.97	m	9.406	3.585	F5	0.418
HD 2673	HIP 2361	7.54129	-33.40345	145.98	m	10.24	4.415	G3/5 V	0.707
HD 82622	HIP 47009	143.71322	51.42019	146.01	m	9.387	3.565	G5	0.531
HD 134710	HIP 74664	228.866	-68.62033	146.01	m	9.419	3.597	G2/3 V	0.763
HD 196864	HIP 102229	310.7157	-58.63666	146.01	m	9.833	4.011	F6 V	0.543
HD 106389	HIP 59693	183.61934	-47.6128	146.01	m	9.731	3.909	F6 IV	0.49
HD 4966	HIP 4019	12.87792	-18.5076	146.04	m	9.743	3.921	G0 V	0.589
HD 57622	HIP 35424	109.70465	-56.64436	146.06	m	9.176	3.353	G8 IV/V	0.976
HD 137424	HIP 75465	231.24612	30.05759	146.06	m	9.333	3.51	K0	0.707
HD 185186	HIP 96703	294.88955	-40.81752	146.06	m	9.548	3.725	F3 V	0.505
HD 162347	HIP 87438	268.00736	-32.05389	146.08	m	9.421	3.598	G8 V	1.011
HIP 3354		10.6809	85.23726	146.09	m	9.603	3.78	F5	0.596
HD 60543	HIP 36094	111.5407	-76.66976	146.11	m	9.46	3.637	F6 V	0.499
HD 129551	HIP 72067	221.12099	-42.34154	146.12	m	9.48	3.657	F3 V	0.536
HIP 15955		51.35349	-1.1577	146.13	m	9.958	4.134		0.571
HD 218667	HIP 114409	347.55803	-39.32819	146.14	m	9.618	3.794	F7 V	0.539
HIP 14261		45.97822	5.24226	146.15	m	11.59	5.77		0.899
HIP 101961		309.92967	-42.84052	146.16	m	10.43	4.607	G0	0.463
HD 116794	HIP 65617	201.80085	-59.6373	146.18	m	9.651	3.827	F7/G0 V	0.522
HD 84969	HIP 48153	147.23295	0.78019	146.18	m	9.68	3.856	F7 V	0.598
HD 145132	HIP 79258	242.64982	-32.76188	146.19	m	9.353	3.528	F3 V	0.484
HIP 102267		310.81975	36.50199	146.19	m	9.824	3.999		0.528
HD 17451	HIP 12872	41.36869	-58.89121	146.22	m	9.139	3.314	K0 III/IV	1.033
HD 195911	HIP 101584	308.81232	-33.23495	146.24	m	9.911	4.086	G3 V	0.554
HD 222234	HIP 116706	354.76244	-32.29812	146.25	m	9.235	3.409	F8 V	0.607
HD 127977	HIP 71385	218.96492	-47.0739	146.28	m	9.163	3.337	F7 V	0.571
HD 15585	HIP 11659	37.59001	-6.32966	146.28	m	9.148	3.322	F5 V	0.477
HD 3180	HIP 2737	8.74539	-24.41909	146.32	m	9.686	3.859	F3 V	0.515
HD 133771	HIP 73908	226.56798	-1.86988	146.33	m	9.001	3.174	F3 V	0.531
HIP 112645		342.21906	20.77794	146.34	m	9.092	3.265	G0	0.586
HIP 115603		351.26919	26.95712	146.36	m	10.62	4.788		0.695
HIP 30391		95.85892	37.44563	146.36	m	10.14	4.314	F8	0.563
HD 221067	HIP 115923	352.30177	-49.66648	146.37	m	10.34	4.514	G5/8	0.881
HD 223504	HIP 117530	357.53633	4.46684	146.4	m	9.111	3.283	G8 V	0.968
HD 39579	HIP 27524	87.42179	-59.83949	146.41	m	9.468	3.64	F7 V	0.563
HD 101126	HIP 56741	174.50762	-37.6767	146.42	m	9.083	3.255	G0 V	0.641
HD 151576	HIP 82307	252.25842	-19.60532	146.44	m	9.533	3.705	A3/5V + F/G	0.512
HIP 52601		161.34207	38.93856	146.46	m	9.788	3.959	G0	0.603
HD 122918	HIP 68831	211.41048	-39.27002	146.51	m	9.539	3.71	G3 V	0.679
HD 22723	HIP 17066	54.86905	6.7366	146.53	m	9.418	3.588	K0	0.913
HD 188031	HIP 98002	298.74441	-42.64538	146.56	m	10.22	4.394	F0 V	0.411
HD 166041	HIP 89219	273.10752	-58.63513	146.57	m	9.199	3.369	F3 V	0.43
HIP 15461		49.84474	0.04239	146.58	m	9.658	3.828	G0	0.71
HD 196401	HIP 101913	309.77779	-49.07607	146.59	m	9.054	3.224	F3 V	0.432
HIP 68208		209.46136	-48.12158	146.59	m	10.29	4.456	G5	0.789
HIP 44111		134.76406	-6.39613	146.6	m	11.8	5.972	F7	0.68
HD 157511	HIP 85563	262.28246	-68.56899	146.6	m	9.035	3.204	F5 IV	0.432
HD 20585	HIP 15318	49.4085	-33.24606	146.63	m	9.963	4.132	F6 V	0.52
HD 127270	HIP 70984	217.78412	-27.42279	146.64	m	9.748	3.917	G8 IV/V	1.025
HD 107068	HIP 60034	184.67878	11.79614	146.64	m	9.518	3.687	G0	0.74
HIP 39645		121.51811	71.21237	146.64	m	9.294	3.463	F8	0.442
HD 240534	HIP 23599	76.11162	10.18679	146.66	m	10.43	4.596	F8	0.759
HD 133692	HIP 73973	226.77057	-39.50397	146.67	m	9.373	3.541	G0/2 V	0.662
HIP 36289		112.04856	45.25553	146.68	m	9.557	3.725	G0	0.656
HD 4566	HIP 3696	11.84084	-29.49948	146.68	m	9.809	3.977	G5 IV/V	0.807
HIP 52475		160.92554	34.0469	146.68	m	9.832	4	G0	0.924
HD 238305	HIP 68230	209.51475	57.72701	146.69	m	10.43	4.597	G5	0.887
HIP 112034		340.38092	26.59639	146.73	m	9.546	3.713	F5	0.447
HD 19360	HIP 14500	46.82291	16.07751	146.73	m	9.732	3.899	G5	0.933
HD 12849	HIP 9744	31.33451	-23.2653	146.74	m	9.827	3.994	G3/5 (III)	0.785
HIP 54403		166.99106	32.34959	146.76	m	10.11	4.28	F8	0.623
HD 159454	HIP 86089	263.89798	-20.99929	146.79	m	9.352	3.519	F3 V	0.552
HIP 44844		137.05295	64.55776	146.79	m	9.666	3.833	F2	0.658
HD 171633	HIP 91427	279.67991	-51.37891	146.79	m	10.83	4.996	G3/6 V	0.475
HIP 79309		242.78861	35.12883	146.79	m	9.597	3.763	F8	0.578
HD 11877	HIP 9019	29.03279	-29.82411	146.8	m	9.877	4.043	G3/5 V	0.67
HD 34215	HIP 24414	78.57584	-32.79529	146.8	m	9.512	3.678	F3 V	0.488
HD 241896	HIP 24456	78.70687	20.88018	146.8	m	9.642	3.808	F8	0.486
HD 113542	HIP 63906	196.44384	-66.351	146.82	m	9.303	3.469	F6/7 V	0.568
HD 242917	HIP 25070	80.50475	22.16872	146.82	m	10.65	4.817	G0	0.901
HIP 53430		163.95168	8.56976	146.84	m	10.04	4.205	G0	0.733
HIP 86874		266.23461	82.87572	146.84	m	9.514	3.68	K2	1.033
HD 25260	HIP 18654	59.90239	-29.33883	146.84	m	9.255	3.421	F3 V	0.454
HD 29127	HIP 21204	68.20172	-47.71688	146.88	m	9.822	3.987	F6/7 V	0.559
HD 38950	HIP 27391	87.01028	-30.91894	146.89	m	9.165	3.33	F3 V	0.421
HD 149531	HIP 81343	249.19037	-32.45607	146.89	m	9.34	3.505	F8/G0 V	0.551
HIP 109119		331.54926	10.09133	146.9	m	9.803	3.968	A2	0.728
HD 217216	HIP 113563	345.02701	-56.66312	146.9	m	9.161	3.326	F0 V	0.431
HD 189443	HIP 98590	300.38823	-38.90403	146.9	m	9.51	3.675	F3/5 V	0.519
HIP 53519		164.22179	56.63076	146.93	m	9.803	3.967		0.542
HIP 87748		268.85452	39.4982	146.95	m	9.365	3.529	G0...	0.53
HD 15073	HIP 11274	36.30308	-20.63247	146.95	m	9.113	3.277	F6/7 V	0.569
HD 110621	HIP 62108	190.93009	-44.67544	146.97	m	10	4.168	FPW	0.427
HD 72257	HIP 41834	127.92255	-6.31876	146.97	m	9.11	3.274	F3/5 V	0.452
HD 173956	HIP 92278	282.09128	-4.93508	146.97	m	9.042	3.206	F5 V	0.476
HIP 67157		206.44005	18.33731	147.02	m	9.545	3.708	F5	0.446
HD 205446	HIP 106663	324.06109	-33.70759	147.03	m	9.882	4.045	F7/8 V	0.551
HD 129490	HIP 72033	221.01811	-40.98952	147.03	m	9.228	3.391	F7 IV/V	0.648
HD 193485	HIP 99697	303.4631	74.55863	147.04	m	9.143	3.306	K0	1.169
HD 38939	HIP 27297	86.75891	-44.8026	147.04	m	10.07	4.229		0.713
HD 131448	HIP 72765	223.12739	40.07681	147.05	m	9.13	3.293	F0	0.409
HD 106021	HIP 59472	182.97578	42.92246	147.05	m	9.586	3.749	F8	0.486
HIP 6627		21.26019	-34.20523	147.05	m	9.951	4.114	G0	0.701
HD 78569	HIP 44642	136.44989	-64.08192	147.06	m	9.604	3.767	F7 V	0.571
HD 233710	HIP 49798	152.47355	51.01366	147.06	m	9.545	3.707	F8	0.516
HD 204804	HIP 106319	323.00863	-36.97176	147.07	m	10.06	4.224	G0 V	0.391
HD 5770	HIP 4576	14.6498	-53.70843	147.09	m	9.559	3.721	F5 V	0.452
HD 157621	HIP 85254	261.31768	-22.87108	147.09	m	9.412	3.574	F3 V	0.581
HD 9474	HIP 7180	23.13173	-28.36858	147.1	m	9.99	4.152	G5 V	0.801
HD 232816	HIP 16973	54.58083	52.59908	147.1	m	9.066	3.228	G0	0.588
HD 184033	HIP 96213	293.47166	-36.63393	147.11	m	9.935	4.097	G5/8 V + A/F	0.838
HD 153543	HIP 83242	255.19272	-15.67981	147.11	m	9.343	3.505	F3 V	0.493
HD 153616	HIP 83379	255.61657	-41.31883	147.11	m	9.04	3.202	F3 V	0.484
HD 10247	HIP 7731	24.88443	-36.04996	147.11	m	9.523	3.685	F6 V	0.591
HD 222313	HIP 116785	355.02421	-71.11833	147.13	m	9.668	3.83	F6IV:	0.663
HD 114916	HIP 64547	198.44699	-6.92033	147.15	m	9.024	3.185	F8 V	0.646
HD 234464	HIP 86209	264.25724	51.68337	147.16	m	9.584	3.745	G0	0.63
HD 134226	HIP 74062	227.04382	17.87108	147.17	m	9.057	3.218	F5	0.472
HD 24122	HIP 17788	57.10953	-47.62337	147.18	m	9.116	3.277	G2 V	0.74
HD 344205	HIP 95008	289.98919	23.37112	147.19	m	10.26	4.423	G5	0.661
HD 184532	HIP 96394	293.9807	-24.37509	147.21	m	9.138	3.298	F7/8 V	0.563
HD 97905	HIP 55050	169.04103	48.84882	147.21	m	9.02	3.18	G5	0.533
HD 233700	HIP 49345	151.09999	50.16354	147.23	m	9.441	3.601	G0	0.501
HIP 55103		169.22519	39.87049	147.27	m	9.788	3.947	G0	0.733
HIP 7043		22.70353	14.79148	147.29	m	9.746	3.905	F8	0.65
HD 12283	HIP 9329	29.94692	-32.03325	147.31	m	9.469	3.628	G2 V	0.701
HD 20451	HIP 13281	42.73812	-86.4194	147.32	m	9.746	3.905	G3/5 IV/V	0.711
HD 134037	HIP 74290	227.7544	-64.41504	147.33	m	9.105	3.264	F3 IV	0.482
HD 113393	HIP 63691	195.78942	24.1615	147.33	m	9.101	3.259	G5	0.418
HD 1570	HIP 1577	4.93122	-56.85149	147.34	m	9.768	3.926	F6 V	0.476
HIP 28320		89.75116	71.334	147.34	m	9.047	3.205	F0	0.378
HD 16165	HIP 12038	38.79815	-19.73357	147.37	m	10.22	4.377	G3 V	0.614
HIP 67281		206.83645	12.7656	147.42	m	9.659	3.816	G5	0.77
HIP 68957		211.73866	20.19962	147.43	m	10.29	4.447	G5	0.827
HIP 57906		178.15947	14.21472	147.43	m	9.195	3.352	G5	0.872
HD 220543	HIP 115570	351.15617	-15.29265	147.45	m	9.364	3.521	F7 V	0.668
HD 199369	HIP 103464	314.42853	-30.82379	147.46	m	9.755	3.912	G5 V	0.714
HD 75681	HIP 43596	133.19198	39.39148	147.46	m	9.079	3.236	G5	0.475
HD 121603	HIP 68042	208.97588	31.65861	147.49	m	9.004	3.16	G 3 III	0.729
HD 92727	HIP 52172	159.88224	-75.63232	147.5	m	9.744	3.9	F7/8 (V)	0.66
HIP 52869		162.17639	3.93251	147.51	m	9.306	3.462	F2	0.45
HD 198745	HIP 103054	313.18664	-10.06507	147.53	m	9.389	3.545	F6/7 V	0.537
HD 140091	HIP 77006	235.85268	-41.73608	147.54	m	10.26	4.412	G5 V	0.694
HIP 59381		182.74397	47.61509	147.55	m	9.941	4.096	G6III	0.848
HIP 18855		60.63534	4.46429	147.56	m	10.11	4.269	F8	0.637
HD 177723	HIP 93607	285.93806	45.60838	147.56	m	9.152	3.307	F5	0.469
HD 27506	HIP 20236	65.05317	-10.50192	147.57	m	9.025	3.18	F2 V	0.454
HIP 72620		222.71693	37.37832	147.62	m	9.554	3.708	G0	0.605
HD 21596	HIP 16013	51.54739	-59.28479	147.62	m	9.223	3.377	F5 V	0.429
HIP 72461		222.25982	25.70255	147.64	m	9.779	3.933	A5	0.414
HD 202794	HIP 105386	320.20387	-59.79154	147.65	m	9.027	3.181	G3 III/IV	0.725
HD 41093	HIP 28383	89.93736	-54.61778	147.65	m	9.526	3.68	F8WF5	0.566
HD 99910	HIP 56037	172.27505	-54.91816	147.66	m	9.14	3.294	F2 V	0.43
HD 216245	HIP 112886	342.91082	-20.9394	147.68	m	9.234	3.387	F0 V	0.361
HD 194288	HIP 100730	306.33044	-16.36718	147.7	m	9.302	3.455	F3/5 V	0.491
HIP 60909		187.24155	16.04326	147.7	m	10.65	4.808	G5	0.708
HIP 78811		241.33554	66.78952	147.71	m	9.925	4.078	F8	0.69
HD 37810	HIP 26667	85.01604	-26.94173	147.71	m	9.008	3.161	F5 IV/V	0.424
HD 140241	HIP 77038	235.9485	-35.47502	147.75	m	9.198	3.35	F3 V	0.495
HD 95528	HIP 53904	165.44252	6.86772	147.75	m	9.705	3.857	K0	0.6
HD 130364	HIP 72481	222.31132	-45.80165	147.76	m	9.338	3.49	F7/8 IV	0.614
HD 105361	HIP 59159	181.98029	-44.06536	147.78	m	9.586	3.738	G3 V	0.756
HD 26044	HIP 19071	61.31353	-47.83231	147.79	m	9.142	3.294	F5 V	0.466
HIP 1045		3.26531	-24.9547	147.81	m	10.17	4.323	F8	0.57
HIP 56788		174.63684	44.08945	147.81	m	9.776	3.927	F 6 V	0.467
HD 197651	HIP 102503	311.60544	-39.61625	147.86	m	9.002	3.153	F7 V	0.539
HIP 72429		222.14666	38.62527	147.88	m	9.694	3.844	F5	0.592
HIP 12375		39.82562	-1.90308	147.89	m	10.45	4.602		0.574
HD 131843	HIP 73384	224.9441	-68.65635	147.9	m	9.9	4.05	K0 (V) + A/F	0.759
HD 143810	HIP 78591	240.69778	-10.63242	147.91	m	10.28	4.428	F5/6 V	0.52
HD 16741	HIP 12475	40.15227	-16.30372	147.92	m	10.02	4.165	F8/G0 V	0.597
HIP 83503		255.99014	47.10721	147.93	m	9.969	4.119	F8	0.76
HD 22326	HIP 16915	54.42951	48.1174	147.93	m	9.559	3.709	F 7 IV-V	0.519
HIP 6903		22.22076	35.77216	147.95	m	9.685	3.834	F8	0.607
HIP 56990		175.24017	34.92973	147.97	m	9.996	4.145	G0	0.924
HD 76692	HIP 43873	134.06628	-42.15814	147.97	m	9.18	3.329	F5 V	0.596
HIP 46857		143.23176	38.88063	147.97	m	10.15	4.298	F8	0.72
HIP 888		2.72518	-31.21532	147.98	m	10.17	4.322	G2	0.705
HIP 53948		165.57178	47.03024	148	m	9.972	4.121	G0	0.604
HIP 85504		262.10701	26.00655	148.01	m	9.196	3.345	G 8 IV	0.935
HD 209002	HIP 108847	330.73999	-68.3745	148.02	m	9.065	3.213	G0 V	0.693
HD 133325	HIP 73866	226.45263	-51.45718	148.02	m	9.667	3.815	G2/3 V	0.574
HD 234007	HIP 63773	196.07525	52.45297	148.02	m	9.139	3.287	F8	0.476
HIP 68387		209.99165	47.26166	148.03	m	9.625	3.773	F5	0.565
HIP 66488		204.45525	-68.9738	148.05	m	9.02	3.168	G5	0.933
HD 19038	HIP 13931	44.87558	-69.69694	148.05	m	9.31	3.458	G5 V	0.778
HIP 55115		169.26479	29.32349	148.07	m	9.992	4.14		0.633
HD 129280	HIP 71950	220.73474	-40.6264	148.09	m	9.538	3.685	G8/K0 V	0.936
HD 218972	HIP 114572	348.14646	-23.00848	148.1	m	9.254	3.401	F3/5 V	0.457
HD 24255	HIP 18051	57.86956	-1.97445	148.1	m	9.168	3.315	F2/3 V	0.493
HD 98379	HIP 55248	169.72287	-18.36116	148.11	m	9.57	3.717	F3 V	0.43
HIP 72110		221.25351	39.0125	148.12	m	9.097	3.244	F8	0.633
HD 5698	HIP 4545	14.54569	-37.2494	148.13	m	9.389	3.536	F5 V	0.515
HD 109609	HIP 61530	189.09321	-54.70581	148.15	m	9.342	3.489	F3 V	0.491
HIP 89793		274.87352	-75.49109	148.15	m	11.51	5.651		0.8
HD 188178	HIP 97981	298.68747	-22.61663	148.16	m	9.883	4.029	F5/6 VW	0.576
HIP 104982		318.95171	75.13012	148.18	m	9.533	3.679	K0	0.767
HIP 49779		152.42011	-32.60711	148.19	m	9.872	4.018	G0	0.706
HD 223254	HIP 117377	356.99374	-19.50611	148.2	m	10.24	4.391	G3 V	0.668
HD 26588	HIP 19636	63.11915	4.81985	148.21	m	9.033	3.179	F5 V	0.611
HD 29804	HIP 21665	69.76808	-50.47966	148.22	m	9.156	3.301	F0 V	0.423
HD 34140	HIP 24400	78.5147	-26.38985	148.24	m	9.099	3.244	F7/8 V	0.567
HIP 63970		196.63606	32.66686	148.24	m	10.18	4.32	F8	0.549
HD 18164	HIP 13551	43.63547	-16.7916	148.25	m	9.404	3.549	G5 V(W)	0.829
HD 195113	HIP 101202	307.70254	-39.41217	148.35	m	9.585	3.729	G1 V	0.67
HIP 105774		321.33653	4.94285	148.35	m	9.743	3.887	F2	0.547
HD 213869	HIP 111536	338.94807	-58.82094	148.38	m	9.291	3.434	F8 V	0.6
HD 103954	HIP 58392	179.59695	42.69513	148.41	m	9.002	3.145	F8	0.468
HD 115822	HIP 65098	200.12567	-50.68749	148.41	m	9.665	3.808	G3 V	0.682
HD 234243	HIP 76135	233.2541	49.93933	148.42	m	9.935	4.078	G0	0.719
HD 233963	HIP 61680	189.66549	50.87351	148.42	m	9.335	3.478	F2	0.452
HD 113028	HIP 63537	195.30306	-33.87416	148.43	m	9.5	3.642	G1/2 V	0.708
HIP 112540		341.91998	-47.69361	148.43	m	10.46	4.6	F8	0.558
HD 223588	HIP 117589	357.7092	-39.40615	148.44	m	9.206	3.348	F7 V	0.514
HD 141441	HIP 77545	237.49911	-25.15099	148.48	m	9.293	3.435	A2/3 V	0.496
HD 23771	HIP 17564	56.41952	-47.50513	148.49	m	9.567	3.708	F7 V	0.561
HD 134575	HIP 74358	227.94096	-34.37	148.5	m	10.38	4.526	G5/6 (V)	0.727
HD 32668	HIP 23534	75.90654	-28.96948	148.51	m	9.78	3.921	G6 V	0.711
HD 159179	HIP 86121	264.01069	-51.74248	148.52	m	9.831	3.972	G0 V	0.58
HD 147150	HIP 80180	245.51851	-44.95126	148.53	m	9.493	3.634	F2/3 V	0.472
HD 119766	HIP 67044	206.10046	41.92486	148.55	m	9.48	3.621	G5	0.468
HD 148580	HIP 80849	247.6624	-38.35164	148.58	m	9.952	4.092	G5 V	0.726
HIP 61059		187.72501	18.42819	148.58	m	10.81	4.955	G0	0.914
HD 24208	HIP 17958	57.58531	-24.04407	148.59	m	9.392	3.532	F6 V	0.541
HD 63137	HIP 38358	117.83926	62.82925	148.6	m	9.076	3.216	F5	0.502
HD 162171	HIP 87412	267.96089	-44.33611	148.6	m	9.194	3.334	F6 V	0.542
HIP 76477		234.29708	-40.26579	148.6	m	10.55	4.688		1.24
HD 192756	HIP 100075	304.54425	-41.50391	148.61	m	9.325	3.465	F5 V	0.571
HD 4170	HIP 3425	10.90713	-47.88617	148.61	m	9.175	3.315	F6 V	0.549
HD 153326	HIP 83136	254.83905	-14.73472	148.69	m	9.081	3.22	F0 V	0.568
HD 24879	HIP 18316	58.74053	-50.73234	148.71	m	9.308	3.446	G8 V	0.907
HD 5645	HIP 4508	14.45624	-28.2187	148.71	m	9.567	3.705	F5 IV/V	0.502
HIP 40314		123.47614	61.56786	148.72	m	10.64	4.782	F8	0.945
HD 134172	HIP 74142	227.25744	-21.72538	148.72	m	9.085	3.223	F3 V	0.425
HD 143437	HIP 78454	240.24649	-18.96347	148.72	m	9.672	3.81	F8 IV	0.813
HD 160893	HIP 86800	266.05399	-38.27615	148.73	m	9.162	3.3	F3 V	0.55
HD 81459	HIP 46356	141.76893	44.78299	148.78	m	10.07	4.206	F2	0.468
HIP 113057		343.43466	-45.79351	148.78	m	10.57	4.712	F5	0.698
HD 22730	HIP 16883	54.32227	-46.30209	148.79	m	9.552	3.689	F5 V	0.509
HIP 1965		6.20968	13.94151	148.8	m	10.28	4.417	G0	0.744
HIP 57420		176.58194	24.61568	148.82	m	9.905	4.042	G0	0.759
HIP 3213		10.21911	-51.38028	148.82	m	11.26	5.395	G 8 VI	0.579
HD 95245	HIP 53751	164.95736	-1.9951	148.84	m	9.144	3.28	F2 V	0.401
HD 4464	HIP 3666	11.72359	8.30798	148.85	m	9.409	3.545	F8	0.477
HIP 114773		348.73931	35.92856	148.86	m	10.36	4.492		0.602
HIP 19927		64.13252	2.65222	148.87	m	9.885	4.021	F8	0.76
HD 234086	HIP 67989	208.84529	50.0411	148.87	m	9.249	3.385	G0	0.656
HD 109731	HIP 61561	189.20356	7.93321	148.89	m	9.004	3.14	F8	0.387
HD 94684	HIP 53330	163.61788	-63.97267	148.93	m	9.098	3.233	F0 V	0.44
HIP 66953		205.84015	45.34511	148.95	m	9.778	3.913	F5	0.526
HIP 28410		90.00613	39.67933	148.96	m	9.127	3.262	F2	0.538
HD 208642	HIP 108395	329.40517	5.01617	148.98	m	9.067	3.201	F0 V	0.438
HIP 108318		329.16821	-13.81128	148.99	m	10.67	4.808		0.7
HD 22736	HIP 16978	54.59269	-24.00731	149.01	m	9.71	3.844	G0 V	0.556
HD 333826	HIP 99598	303.18727	29.73664	149.01	m	9.813	3.947	G0	0.652
HD 218774	HIP 114464	347.72797	-31.98675	149.03	m	9.336	3.47	F3 V	0.51
HD 106795	HIP 59896	184.26937	-63.12477	149.03	e	9.584	3.718	G2/5 (V)	0.729
HD 177823	HIP 93923	286.86821	-30.78619	149.05	m	9.389	3.522	G0 V	0.618
HIP 16287		52.48747	1.23983	149.06	m	10.19	4.323	G0	0.7
HD 114797	HIP 64524	198.36809	-43.04356	149.06	m	9.18	3.313	G8 V	0.96
HD 171526	HIP 91266	279.24012	-37.21139	149.07	m	9.419	3.552	G0 IV/V	0.632
HD 290064	HIP 24236	78.05475	0.36179	149.08	m	9.817	3.95	F5	0.462
HD 192055	HIP 99761	303.61219	-37.33532	149.08	m	9.341	3.474	F3/5 V	0.476
HIP 59841		184.06584	20.83173	149.09	m	10.23	4.368	G0	0.629
HD 31330	HIP 22886	73.84202	15.19685	149.12	m	9.337	3.469	G0	0.676
HD 1230	HIP 1324	4.15909	-4.97765	149.12	m	9.678	3.81	G3/5 V	0.669
HIP 1358		4.25619	21.77395	149.13	m	9.78	3.912	G0	0.589
HD 103944	HIP 58373	179.54808	29.81973	149.14	m	9.349	3.481	G0	0.546
HD 205820	HIP 106910	324.78617	-44.31825	149.14	m	10.28	4.41	F5 V	0.508
HIP 75001		229.87773	46.67557	149.14	m	11.43	5.563		0.432
HIP 77905		238.65269	-23.94289	149.14	m	10.25	4.382	F8	0.571
HD 139497	HIP 76657	234.80672	-21.22755	149.15	m	9.634	3.766	F5 V	0.698
HIP 66479		204.44319	11.46352	149.16	m	9.194	3.326	F5	0.507
HD 98352	HIP 55290	169.85001	53.66163	149.16	m	9.243	3.375	F8	0.443
HIP 8146		26.18789	23.85128	149.17	m	9.701	3.833	F5	0.582
HIP 106909		324.78062	8.16469	149.17	m	9.932	4.064	K0	0.909
HD 350913	HIP 98092	299.03241	19.08138	149.18	m	9.337	3.468	F8	0.49
HD 27839	HIP 20490	65.8748	-1.5858	149.2	m	9.105	3.236	F3/5 V	0.503
HD 165392	HIP 88831	271.99497	-46.32952	149.2	m	9.877	4.008	G5 V	0.768
HD 207186	HIP 107589	326.86495	-9.75657	149.21	m	9.082	3.213	K0/1 III	1.178
HD 126123	HIP 70837	217.2902	-77.16694	149.21	m	9.061	3.192	G2/3 V	0.744
HD 244147	HIP 25755	82.49653	28.30245	149.22	m	9.82	3.951	F5	0.508
HD 137948	HIP 75820	232.33164	-8.53086	149.22	m	9.979	4.11	F5/6 V	0.594
HD 104059	HIP 58435	179.7248	-43.64657	149.23	m	9.088	3.219	F2 V	0.392
HIP 6544		21.02623	-22.77105	149.25	e	10.02	4.152	G0	0.615
HD 119449	HIP 66973	205.89669	-14.24477	149.29	m	9.831	3.961	G3 V	0.698
HD 204885	HIP 106399	323.2521	-47.62886	149.29	m	9.238	3.368	F7 V	0.535
HIP 62159		191.08888	38.41709	149.3	m	9.617	3.747	G6III	0.818
HD 138171	HIP 76429	234.14416	-74.35395	149.33	m	9.055	3.184	F3/5 + (K)	0.486
HD 197388	HIP 102842	312.51734	-75.91015	149.33	m	9.273	3.402	G2/3 V	0.752
HD 36910	HIP 26295	83.9936	24.74836	149.37	m	10.66	4.791	F5	0.781
HD 173756	HIP 92373	282.37448	-50.71209	149.38	m	10.06	4.189	G5/6 IV/V + F/G	0.877
HD 202693	HIP 105442	320.35173	-69.4039	149.4	m	9.277	3.405	F5 V	0.531
HD 141717	HIP 77621	237.70069	-10.72213	149.43	m	9.197	3.325	F5 V	0.614
HD 49235	HIP 32328	101.22731	-48.70782	149.43	m	9.276	3.404	G0 V	0.525
HIP 66500		204.47949	36.97868	149.44	m	9.623	3.751	F5	0.476
HIP 5359		17.12941	10.89246	149.44	m	9.613	3.741	F8	0.561
HD 134549	HIP 74212	227.48221	17.71811	149.44	m	9.487	3.615	G5	0.551
HIP 58762		180.7741	30.83171	149.45	m	10.72	4.849	F8	0.855
HIP 70		0.20265	36.77761	149.47	m	10.31	4.435		0.836
HIP 38995		119.71326	39.44712	149.5	m	9.17	3.297	F8	0.556
HIP 73767		226.18594	-6.17566	149.5	m	9.579	3.706	K0	0.932
HD 18758	HIP 14123	45.5337	35.60029	149.52	m	9.357	3.483	K0	0.628
HD 143441	HIP 78483	240.32676	-26.87265	149.53	m	9.443	3.569	G0 V	0.745
HD 223510	HIP 117537	357.55308	-17.37655	149.54	m	9.609	3.735	G0 V	0.661
HD 2402	HIP 2196	6.93662	-17.33146	149.55	m	9.818	3.944	F6/7 V	0.519
HD 131028	HIP 72759	223.11691	-38.83284	149.58	m	10.11	4.238	G6 (V)	0.844
HIP 37644		115.87413	19.27633	149.59	m	9.15	3.275	K0	1.097
HD 158406	HIP 85642	262.52719	-22.95134	149.59	m	9.077	3.202	F8 V	0.754
HIP 71478		219.26463	34.86915	149.61	m	10.13	4.252	G0	0.63
HD 121909	HIP 68258	209.60359	-1.66081	149.63	m	9.757	3.882	F6/8 V	0.623
HD 114362	HIP 64266	197.58363	-18.49584	149.63	m	9.883	4.008	F7 V	0.483
HD 116015	HIP 65171	200.3419	-32.21614	149.64	m	9.773	3.898	G6 V	0.823
HD 204303	HIP 106045	322.19209	-40.70023	149.64	m	9.177	3.302	F3 V	0.453
HD 57585	HIP 35426	109.71259	-55.05004	149.66	m	9.171	3.295	F2 V	0.43
HIP 61076		187.76437	47.41779	149.7	m	9.856	3.98	G8III	0.994
HD 129080	HIP 71716	220.04369	18.34918	149.73	m	9.255	3.378	G0	0.592
HIP 84467		259.03117	-18.66823	149.73	m	10.63	4.753		0.716
HD 74561	HIP 42714	130.5759	-53.90227	149.73	m	9.396	3.519	F3 V	0.466
HD 217018	HIP 113361	344.38969	4.91005	149.74	m	9.666	3.789	G3/5 V	0.711
HD 127580	HIP 71113	218.13617	-13.00392	149.77	m	9.463	3.586	G1/2 V	0.707
HIP 426		1.29161	30.33125	149.79	m	9.214	3.337	F0	0.453
HD 11217	HIP 8518	27.46913	-16.77233	149.8	m	9.734	3.856	F6 V	0.506
HD 207276	HIP 107673	327.16845	-37.79013	149.81	m	9.132	3.254	G0 V	0.621
HIP 37124		114.42707	41.91847	149.81	m	9.541	3.663	F0	0.498
HD 7849	HIP 6042	19.39996	-33.20383	149.81	m	9.451	3.573	F6 V	0.543
HD 101632	HIP 57046	175.43141	-7.22134	149.82	m	9.018	3.14	F0 V	0.379
HIP 17133		55.0415	13.19873	149.83	m	10.1	4.221	F8	0.814
Gl 9086	HIP 12101	38.98229	-47.67525	149.83	m	12.66	6.787	G0	
HD 214151	HIP 111673	339.34233	-51.92063	149.84	m	9.141	3.263	F6 V	0.535
HIP 17241		55.39128	-58.98731	149.84	m	10.27	4.395	F8	0.511
HD 118621	HIP 66701	205.09348	-68.77522	149.84	m	9.31	3.432	F0 V	0.463
HIP 58309		179.36051	18.37721	149.85	m	9.904	4.026	F8	0.525
HD 103943	HIP 58390	179.58689	41.83102	149.85	m	9.812	3.934	G5	0.812
HD 148674	HIP 80928	247.87742	-40.83726	149.85	m	9.842	3.964	F6 V	0.542
HIP 8904		28.66154	10.8476	149.86	m	11.23	5.354	G5	1.408
HD 112664	HIP 63295	194.5754	9.75667	149.87	m	9.073	3.194	F5	0.361
HD 38634	HIP 27324	86.82643	2.06739	149.87	m	9.293	3.414	F2 V	0.368
HD 141254	HIP 77520	237.41516	-38.77748	149.89	m	9.282	3.403	F3 V	0.459
HIP 67080		206.23237	70.78843	149.89	m	9.771	3.892	K0	1.09
HIP 9730		31.28409	-9.36096	149.89	m	9.77	3.891	F5	0.565
HIP 66664		204.99615	37.97868	149.91	m	9.724	3.845	F8	0.602
HD 190393	HIP 99063	301.67793	-45.82124	149.92	m	9.262	3.383	G2/3 V	0.674
HD 24939	HIP 18084	57.9806	-72.02718	149.92	m	9.637	3.758	G0 V	0.602
HIP 63884		196.3801	1.79995	149.93	m	10.22	4.337	F8	0.534
HIP 84815		260.01328	25.62501	149.93	m	9.027	3.148	G5	0.567
HD 130896	HIP 72579	222.61306	9.40851	149.96	m	9.313	3.433	G5	0.877
HD 2180	HIP 2026	6.42562	-43.84993	149.96	m	9.484	3.604	F5 V	0.54
HD 234093	HIP 68260	209.60766	51.36383	149.97	m	9.869	3.989	G5	0.944
HD 122716	HIP 68627	210.71651	30.32577	149.97	m	9.186	3.306	G 8 V	0.867
HD 223885	HIP 117796	358.33638	-25.6894	149.99	m	9.95	4.07	F6/7 V	0.533
HD 70604	HIP 40869	125.0966	-53.08138	150	m	9.849	3.969	G1/2 V	0.702
HD 153117	HIP 83029	254.50593	-14.83173	150	m	10.09	4.212	F3/5 V	0.634
HD 2196	HIP 2042	6.4772	-9.5594	150.03	m	10.11	4.231	F7 V	0.512
HD 97459	HIP 54788	168.24644	5.23492	150.04	m	9.574	3.693	G0	0.603
HIP 103923		315.841	18.21823	150.04	m	10.29	4.406	G0	0.735
HD 113896	HIP 64010	196.74413	-8.03827	150.05	m	9.25	3.369	F2 V	0.465
HIP 69826		214.35848	12.56763	150.05	m	10.64	4.755	G5	0.877
HD 285279	HIP 18787	60.3766	19.81089	150.05	m	9.436	3.555	F5	0.534
HD 14603	HIP 10389	33.45826	-80.58279	150.07	m	9.362	3.481	F5 V	0.492
HD 145998	HIP 79606	243.66732	-20.23417	150.08	m	9.277	3.395	F6 V	0.815
HD 39544	HIP 27708	88.00695	-31.49771	150.08	m	9.427	3.545	G3 V	0.85
HD 239295	HIP 98671	300.62059	55.88916	150.12	m	9.458	3.576	G0	0.669
HD 133668	HIP 73836	226.34416	13.63917	150.12	m	9.636	3.754	F8	0.671
HD 243793	HIP 25550	81.93288	24.33246	150.13	m	9.422	3.54	F8	0.773
HD 86933	HIP 49041	150.09035	-53.2908	150.13	m	9.202	3.32	F0 V	0.459
HD 86471	HIP 48719	149.05725	-64.64533	150.13	m	9.025	3.143	F3 V	0.458
HIP 74246		227.59045	-9.88623	150.15	m	10.28	4.401	G0	0.5
HIP 22899		73.88253	-18.57011	150.16	m	10.81	4.932	G0	0.842
HD 140347	HIP 76991	235.8065	-1.73287	150.17	m	9.047	3.164	K0 III	1.304
HIP 110694		336.40829	9.98882	150.17	m	10.22	4.338	F8	0.54
HIP 50858		155.7742	44.2598	150.18	m	9.487	3.604	F5	0.46
HD 107598	HIP 60307	185.48503	14.84435	150.19	m	9.61	3.727	G0	0.439
HD 136267	HIP 75219	230.55903	-56.27671	150.2	m	9.724	3.841	K1/2 IV/V	1.229
HIP 21701		69.8912	45.62044	150.2	m	9.608	3.725	F 8 V	0.715
HD 38118	HIP 26986	85.88843	4.50483	150.2	m	9.189	3.306	F3 V	0.467
HD 145234	HIP 79228	242.54035	-11.62218	150.24	m	9.826	3.942	F3 V	0.488
HD 232563	HIP 8925	28.73106	50.84794	150.24	m	9.105	3.221	F2	0.401
HD 124140	HIP 69341	212.88117	5.00292	150.25	m	9.095	3.211	F8	0.387
HD 148969	HIP 80988	248.09866	-18.0029	150.25	m	9.957	4.073	A8/9 (IV) + F/G	0.485
HIP 5272		16.84954	-10.57142	150.27	m	9.576	3.692	F2	0.403
HD 238253	HIP 66130	203.35263	55.19551	150.29	m	9.454	3.569	F2	0.426
HD 160920	HIP 86989	266.64708	-61.62937	150.29	m	9.308	3.423	F6/7 V	0.511
HIP 61470		188.94391	16.82985	150.3	m	9.153	3.268	F5	0.518
HD 60473	HIP 36903	113.81206	17.35449	150.31	m	9.057	3.172	F8	0.681
HD 12248	HIP 9379	30.1318	19.18779	150.31	m	9.079	3.194	F8	0.546
HD 92570	HIP 52171	159.87788	-65.08329	150.32	m	9.376	3.491	F6/7 IV/V	0.441
HD 124546	HIP 70094	215.15192	-79.18879	150.33	m	9.665	3.78	F5/6 V	0.515
HIP 56112		172.53403	14.11088	150.33	m	9.058	3.173	F8	0.591
HD 175831	HIP 93088	284.44468	-12.79875	150.34	m	9.004	3.119	F0 V	0.494
HD 210054	HIP 109333	332.24769	-52.76891	150.37	m	9.95	4.064	F8 V	0.549
HIP 72561		222.53251	0.8409	150.38	m	11.01	5.123	sdF5:	0.281
HD 40690	HIP 28288	89.65925	-39.70489	150.39	m	9.099	3.213	F8/G0 V	0.631
HIP 59631		183.43838	62.84663	150.41	m	10.11	4.227	G0	0.649
HIP 67536		207.57985	21.96491	150.43	m	9.714	3.827	G0	0.919
HD 21559	HIP 16224	52.2543	11.73851	150.44	m	9.498	3.611	F8	0.479
HIP 53563		164.36423	35.83884	150.46	m	9.475	3.588	K2	1.182
HD 208497	HIP 108480	329.6266	-59.89738	150.47	m	9.338	3.451	G2 V	0.675
HD 102597	HIP 57595	177.11249	-54.15513	150.49	m	9.512	3.624	F5 V	0.57
HIP 9186		29.56836	20.43251	150.5	m	9.166	3.278	F5	0.481
HIP 54880		168.5607	-35.65013	150.51	m	9.921	4.033	G2	0.637
HD 191637	HIP 99410	302.64999	9.39022	150.51	m	9.05	3.162	F5	0.474
HIP 86705		265.74432	-24.55659	150.51	m	10.79	4.905	G0	0.759
HIP 43119		131.7252	66.50695	150.52	m	9.858	3.97	F8	0.526
HD 45426	HIP 30465	96.07192	-53.57594	150.56	m	9.172	3.283	G8 V	0.933
HIP 56093		172.47528	70.89231	150.6	m	9.823	3.934	K0	1.271
HIP 55194		169.50821	41.01994	150.62	m	10.88	4.992		0.637
HIP 42431		129.78398	-32.71798	150.63	m	9.916	4.026	G0	0.691
HD 111653	HIP 62742	192.84198	-48.62657	150.63	m	9.621	3.731	F5 V	0.477
HD 102759	HIP 57699	177.49614	41.33165	150.64	m	9.214	3.324	G5	0.755
HD 209549	HIP 108995	331.20665	-30.87846	150.65	m	9.755	3.865	G8/K0 III	0.628
HIP 108557		329.85232	17.31978	150.66	m	9.049	3.159	F5	0.484
HD 163202	HIP 87995	269.61381	-57.79278	150.66	m	9.078	3.188	G8 IV	1.093
HD 147669	HIP 80428	246.25212	-41.57616	150.67	m	9.491	3.601	F7 V	0.654
HIP 80828		247.59645	22.48324	150.67	m	9.445	3.555	F5	0.548
HD 195283	HIP 101261	307.88338	-33.76678	150.68	m	9.804	3.914	F6 V	0.534
HIP 98104		299.06074	-30.99727	150.68	m	11.17	5.276	G0	0.567
HD 155006	HIP 83969	257.46006	-21.79208	150.69	m	9.364	3.474	G6 V	1.191
HIP 88037		269.72935	38.76332	150.69	m	9.292	3.402	G5	0.773
HIP 52758		161.8097	30.24217	150.69	m	9.966	4.076	F8	0.707
HIP 102043		310.2002	-69.76276	150.69	m	9.295	3.405	G0	0.683
HD 101343	HIP 56873	174.90066	-17.57119	150.72	m	9.237	3.346	G8 IV	0.894
HIP 16304		52.54819	14.25271	150.74	m	9.329	3.438	F2	0.472
HD 44877	HIP 30235	95.4146	-49.54646	150.77	m	9.399	3.507	G6 IV/V	0.92
HD 9921	HIP 7527	24.22423	-0.53071	150.78	m	9.014	3.122	G1 V	0.601
HIP 56581		174.0065	33.23713	150.79	m	9.979	4.087	G0	0.57
HD 66014	HIP 39239	120.38236	-4.76562	150.8	m	9.057	3.165	F2 V	0.366
HD 127463	HIP 71123	218.1614	-41.54259	150.8	m	9.216	3.324	F5 V	0.521
HD 156251	HIP 84593	259.39311	-25.10519	150.82	m	9.207	3.315	F0 V	0.413
HD 135163	HIP 74460	228.24282	24.74612	150.83	m	9.194	3.302	G5	0.528
HD 141427	HIP 77604	237.64286	-40.30455	150.84	m	9.63	3.737	F5/6 V	0.433
HD 198297	HIP 102861	312.58015	-30.10282	150.84	m	9.842	3.949	G3 V	0.591
HIP 47276		144.52634	-56.9637	150.84	m	10.32	4.423		0.716
HD 221027	HIP 115886	352.18521	-14.0356	150.91	m	9.141	3.247	F6 V	0.564
HD 188706	HIP 98330	299.66797	-47.99511	150.92	m	9.228	3.334	F3 V	0.469
HD 237911	HIP 51881	159.00334	57.93627	150.93	m	9.712	3.818	G0	0.639
HD 189384	HIP 98520	300.22735	-31.31209	150.94	m	9.489	3.595	F2/3 V	0.539
HD 284074	HIP 23634	76.20976	26.88332	150.95	m	9.093	3.199	F2	0.47
HD 232931	HIP 20028	64.43716	52.37259	150.96	m	9.619	3.725	G0	0.554
HD 37550	HIP 26459	84.43469	-34.97162	150.97	m	9.388	3.493	G2 V	0.752
HIP 1767		5.59356	7.8836	150.98	m	9.929	4.034	G0	0.623
HD 118119	HIP 66325	203.88772	-37.35089	150.99	m	9.637	3.742	G3 V	0.608
HD 135340	HIP 74590	228.61201	3.21801	151.01	m	9.023	3.128	F0/2 V	0.342
HD 120701	HIP 67491	207.45356	52.32	151.02	m	9.007	3.112	K2	1.334
HIP 14159		45.64308	79.76451	151.03	m	9.217	3.322	F8	0.527
HIP 46862		143.23902	8.17366	151.03	m	9.089	3.194	F5	0.51
HD 183436	HIP 96148	293.23908	-59.12666	151.03	m	9.206	3.311	F6 V	0.545
HD 194902	HIP 101169	307.59599	-50.86887	151.05	m	10.14	4.24	F6 V	0.48
HD 283477	HIP 19803	63.69592	26.47086	151.06	m	9.905	4.009	F8	0.568
HIP 45064		137.67362	67.08725	151.07	m	10.32	4.426		0.703
HD 141759	HIP 77713	237.99895	-34.82819	151.11	m	9.177	3.281	F5 V	0.42
HIP 118218		359.69976	44.896	151.11	m	9.039	3.143	F0	0.405
HD 10632	HIP 8023	25.75404	-35.81519	151.12	m	9.317	3.42	F7 V	0.53
HD 106	HIP 486	1.45711	-52.82007	151.13	m	9.458	3.561	F6 V	0.486
HD 142954	HIP 78245	239.6408	-28.30216	151.13	m	9.101	3.204	F2 V	0.413
HD 154471	HIP 83766	256.79354	-34.5154	151.14	m	9.912	4.015	G2/3 V	0.659
HD 121012	HIP 67926	208.66994	-60.23844	151.16	m	9.214	3.317	F5 V	0.487
HIP 83515		256.02061	4.7844	151.24	m	11.23	5.334		0.553
HD 119495	HIP 66723	205.15983	71.75041	151.25	m	9.125	3.227	F8	0.488
HIP 66321		203.88162	26.71676	151.27	m	9.607	3.708	F8	0.579
HIP 89802		274.91189	16.65228	151.28	m	9.249	3.35	F5	0.537
HIP 68093		209.11639	13.16762	151.28	m	9.842	3.943	F0	0.519
HD 119245	HIP 66779	205.3027	44.0772	151.28	m	9.036	3.137	G	0.672
HIP 66011		203.00696	71.71702	151.29	e	9.296	3.397	F8	0.602
HIP 71373		218.94348	1.05187	151.29	m	10.18	4.276	F8	0.618
HD 119747	HIP 67039	206.07837	41.71535	151.31	m	9.122	3.223	G5	0.483
HD 3015	HIP 2640	8.37004	9.77127	151.34	m	9.391	3.491	F8	0.427
HD 69864	HIP 40377	123.66467	-66.27013	151.34	m	9.871	3.971	G0 V	0.81
HIP 19998		64.33072	69.50229	151.36	m	9.324	3.424	F8	0.585
HIP 63705		195.83055	-59.60112	151.37	m	9.522	3.622	F5 IV/V + A/F	0.465
HD 96478	HIP 54351	166.79815	10.91338	151.37	m	9.274	3.374	K0	1.162
HIP 110301		335.12132	35.11756	151.38	m	9.725	3.825	F	0.495
HD 147597	HIP 80359	246.06265	-35.68436	151.4	m	9.138	3.237	F2 V	0.441
HIP 95859		292.45051	39.60344	151.4	m	9.201	3.3	F8	0.598
HD 241842	HIP 24368	78.43054	3.58117	151.41	m	9.658	3.757	F8	0.418
HD 181180	HIP 94535	288.59556	67.90589	151.43	m	9.74	3.839	G5	0.709
HIP 67488		207.44214	38.962	151.44	m	11.37	5.471		0.844
HD 207854	HIP 108449	329.54077	-79.00979	151.44	m	9.657	3.756	G2/3 V	0.83
HD 24173	HIP 17948	57.56174	-19.79205	151.45	m	9.221	3.32	F3/5 V	0.514
HD 204047	HIP 105941	321.83684	-43.92479	151.46	m	9.047	3.146	F7 V	0.56
HIP 8451		27.24065	-15.42807	151.47	m	9.861	3.959	G0	0.81
HD 172194	HIP 91546	280.03658	-31.25046	151.48	m	9.152	3.25	G1 V	0.718
HIP 74587		228.60778	24.40409	151.49	m	9.868	3.966	G0	0.637
HD 11357	HIP 8562	27.60848	-50.28628	151.5	m	9.549	3.647	G5 V	0.757
HD 284991	HIP 22918	73.97959	22.27181	151.5	m	9.6	3.698	F5	0.544
HD 126040	HIP 70396	216.03658	-38.85858	151.51	m	10.03	4.124	G3 V	0.649
HD 100428	HIP 56333	173.22967	-60.2801	151.53	m	9.15	3.247	F5/6 IV/V	0.458
HD 345513	HIP 98395	299.87679	21.55719	151.53	m	9.231	3.328	F 7 V WLS	0.535
HIP 63271		194.48042	-19.18813	151.53	m	9.226	3.323	K0	1.296
HD 176999	HIP 93655	286.06406	-35.36356	151.53	m	9.485	3.582	F3/5 V	0.458
HD 124378	HIP 69553	213.56132	-39.2285	151.54	m	9.156	3.253	F7 V	0.608
HD 132665	HIP 73511	225.37212	-35.41365	151.55	m	9.609	3.706	F5/6 V	0.575
HD 94994	HIP 53583	164.41646	-31.91622	151.57	m	9.053	3.15	K2 III/IV	1.167
HD 134166	HIP 73970	226.74672	41.65585	151.57	m	9.272	3.369	F5	0.467
HD 136500	HIP 75200	230.51142	-31.53604	151.58	m	9.054	3.151	F2 V	0.47
HD 5590	HIP 4481	14.3591	-22.41982	151.61	m	9.242	3.338	F2 V	0.424
HD 14116	HIP 10632	34.21042	-7.65407	151.61	m	9.513	3.609	F5/6 V	0.509
HD 10027	HIP 7534	24.26669	-42.38693	151.63	m	9.259	3.355	F5 V	0.487
HD 23225	HIP 17355	55.72051	-16.07588	151.63	m	9.2	3.296	F5 V	0.457
HD 142078	HIP 77871	238.53185	-41.04077	151.64	m	9.816	3.912	G8 IV/V	0.996
HD 178582	HIP 94176	287.56654	-28.87164	151.66	m	9.509	3.605	G0 V	0.663
HD 136332	HIP 75146	230.3572	-37.93075	151.67	m	10.05	4.149	G8 V	0.704
HD 181179	HIP 94527	288.58373	67.90803	151.68	m	9.306	3.401	G5	0.446
HD 170023	HIP 90640	277.41032	-46.71769	151.73	m	9.006	3.101	F8/G0 V	0.563
HD 73018	HIP 42314	129.4135	41.80065	151.8	m	9.018	3.112	G 8 III	1.297
HD 37401	HIP 26189	83.7359	-56.00092	151.8	m	9.401	3.495	F5 V	0.489
HD 243348	HIP 25312	81.21114	22.97208	151.8	m	9.487	3.581	F5	0.534
HD 222760	HIP 117058	355.96844	-68.42932	151.81	m	9.391	3.485	F6 V	0.59
HD 123458	HIP 69108	212.19807	-39.59065	151.83	m	9.448	3.541	F3 V	0.478
HD 257316	HIP 30748	96.91793	33.12546	151.85	m	9.259	3.352	F5	0.429
HD 30639	HIP 22276	71.94351	-38.06525	151.86	m	9.276	3.369	G0 V	0.647
HD 214123	HIP 111618	339.18363	-37.99823	151.87	m	10.41	4.503	G0+...	0.644
HD 24418	HIP 17716	56.91409	-70.92184	151.89	m	9.179	3.271	G6WF7 V	0.74
HD 199	HIP 565	1.71815	1.86102	151.9	m	9.047	3.139	F6 V	0.541
HD 145349	HIP 79287	242.72814	-12.06541	151.91	m	9.575	3.667	F5 V	0.658
HIP 43419		132.6571	35.71404	151.91	m	10.78	4.867	F8	0.49
HD 120919	HIP 67741	208.14674	-5.07045	151.94	m	9.017	3.109	F6 V	0.586
HD 51705	HIP 33338	104.00168	-47.49556	151.94	m	9.095	3.187	G0 V	0.673
HD 964	HIP 1121	3.50535	0.86869	151.94	m	9.281	3.373	F5 V	0.494
HIP 59339		182.5894	29.79327	151.97	m	9.568	3.659	G0	0.613
HD 325816	HIP 81522	249.76947	-42.8148	151.98	m	10.61	4.696	G0	0.878
HD 18601	HIP 12971	41.71604	-83.04239	151.98	m	9.056	3.147	F2 IV	0.436
HD 31144	HIP 22579	72.88505	-40.41405	151.99	m	9.317	3.408	F3 V	0.402
HIP 66432		204.29012	8.14469	151.99	m	9.981	4.072	F8	0.598
HD 147668	HIP 80407	246.18875	-38.18981	152	m	9.802	3.893	G3 V	0.679
HIP 66052		203.1299	22.51672	152.01	m	9.71	3.801	F8	0.55
HD 82146	HIP 46541	142.37975	-27.80161	152.01	m	9.653	3.744	G3 V	0.737
HD 62404	HIP 37143	114.48637	-70.88058	152.03	m	9.315	3.405	G0 V	0.799
HIP 53622		164.55794	-31.56099	152.03	m	9.627	3.717	F0	0.48
HD 207812	HIP 108013	328.24337	-45.13061	152.05	m	9.876	3.966	G2/3 V	0.596
HD 2281	HIP 2078	6.56061	-59.78769	152.08	m	9.485	3.575	K0 IV/V	1.051
HD 31023	HIP 22581	72.88974	-22.32118	152.09	m	9.581	3.67	F6 V	0.494
HD 102730	HIP 57685	177.46108	54.77555	152.11	m	9.301	3.39	F2	0.405
HD 220322	HIP 115436	350.7398	-21.53542	152.11	m	9.173	3.262	F7 V	0.595
HD 139695	HIP 76717	234.98991	-12.19893	152.13	m	9.445	3.534	F5/6 V	0.473
HD 202290	HIP 105426	320.32484	-77.26081	152.16	m	9.024	3.113	F2 V	0.4
HD 143590	HIP 78543	240.52413	-20.75556	152.16	m	9.365	3.453	F2 V	0.606
HD 170042	HIP 90634	277.39729	-44.45837	152.17	m	9.332	3.42	F8/G0 V	0.545
HD 83390	HIP 47068	143.88278	-61.75104	152.18	m	9.304	3.392	F6 IV/V	0.56
HIP 77559		237.52561	70.67962	152.18	m	9.354	3.442	F8	0.545
HD 141093	HIP 77420	237.08207	-32.56787	152.19	m	9.462	3.55	F5 V	0.487
HD 115388	HIP 64811	199.25182	-4.72573	152.2	m	9.278	3.366	K1/2 III	1.27
