HD 144734	HIP 79078	242.1358	-31.91975	152.21	e	9.183	3.271	F0 V	0.358
HIP 87413		267.96127	-16.29628	152.21	m	11.54	5.633		0.668
HD 18813	HIP 14111	45.48469	13.23935	152.24	m	9.364	3.451	G0	0.488
HIP 3789		12.1736	-1.38414	152.27	m	10.95	5.033		0.717
HIP 76453		234.21115	-20.34785	152.28	m	10.43	4.513	F5	0.646
HIP 83597		256.2878	-22.00796	152.32	m	10.12	4.208	F2	0.678
HIP 38824		119.18588	49.54375	152.32	m	9.819	3.905		0.648
HIP 103747		315.35419	-75.42903	152.34	m	9.779	3.865		0.545
HIP 2375		7.5788	-28.45764	152.34	m	10.44	4.527	F8	0.54
HIP 56793		174.64875	57.39114	152.36	m	10.11	4.196	F8	0.528
HD 112658	HIP 63332	194.6708	-37.82027	152.37	m	9.286	3.371	G0 V	0.687
HD 24849	HIP 18379	58.92255	-35.24823	152.39	m	9.668	3.753	F3 V	0.488
HD 220145	HIP 115329	350.39299	-20.29543	152.4	m	9.001	3.086	G2 V	0.654
HIP 75946		232.674	8.39457	152.4	m	12.05	6.137	G4	-0.375
HIP 107605		326.92319	-41.8549	152.41	m	10.74	4.827	G0	0.562
HIP 107870		327.83738	18.4857	152.42	m	9.177	3.262	F8	0.504
HD 25807	HIP 18978	60.99618	-36.1111	152.42	m	10.15	4.238	G0 V	0.47
HD 134337	HIP 74194	227.40922	-11.5755	152.42	m	9.052	3.137	F2 IV/V	0.455
HD 154876	HIP 84077	257.83921	-57.10064	152.42	m	9.188	3.273	G5 V	0.809
HD 176336	HIP 93339	285.17751	-26.67141	152.42	m	9.173	3.258	K1 III	1.232
HIP 106845		324.61283	-50.812	152.43	m	10.33	4.415	G0	0.629
HIP 35914		111.05787	20.80213	152.43	m	9.501	3.586	G0	0.574
HD 206455	HIP 107224	325.75607	-33.25906	152.46	m	9.111	3.195	G3 V	0.742
HIP 40267		123.34344	35.03544	152.49	m	11.25	5.334	G0	0.551
HD 16381	HIP 12044	38.81645	-59.68424	152.52	m	9.372	3.455	F5 V	0.508
HD 197384	HIP 102365	311.11292	-33.48748	152.53	m	9.393	3.476	F5 V	0.538
HIP 89580		274.20101	61.2922	152.54	m	9.856	3.939	G0	0.787
HD 178288	HIP 94017	287.1237	-11.18556	152.54	m	9.657	3.74	F6 V	0.592
HD 16200	HIP 12092	38.96845	-8.56555	152.56	m	9.069	3.152	G2 V	0.632
HIP 49750		152.33898	37.87616	152.6	m	10.39	4.47		0.541
HD 168495	HIP 89970	275.3577	-34.74362	152.6	m	9.282	3.364	G3/5	0.728
HD 32978	HIP 23847	76.90248	15.9681	152.62	m	9.623	3.705	G0	0.581
HD 162167	HIP 87329	267.65746	-23.12495	152.63	m	10.12	4.203	F5/7 V	0.597
HD 27033	HIP 19765	63.57375	-45.2745	152.63	m	9.004	3.086	F5 V	0.462
HD 169019	HIP 90158	275.98173	-30.31739	152.66	m	9.578	3.659	G2 V	0.783
HD 120894	HIP 67650	207.90618	33.49243	152.67	m	9.272	3.353	G 0 III	0.626
HIP 81175		248.70798	11.40096	152.68	m	10.17	4.25	G0	0.664
HD 134114	HIP 74114	227.2005	-25.31969	152.69	m	9.201	3.282	F2/3 V	0.387
HD 21949	HIP 16462	53.01015	-8.81101	152.7	m	9.265	3.346	F3 V	0.474
HD 2762	HIP 2433	7.75497	-31.63914	152.7	m	9.63	3.711	F8/G0 V	0.654
HIP 8447		27.22558	-20.89293	152.71	m	10.69	4.767	G5	0.705
HD 238195	HIP 64187	197.32601	54.9843	152.72	m	9.808	3.888	F8	0.552
HD 11040	HIP 8326	26.84011	-48.22478	152.75	m	9.226	3.306	F6 V	0.594
HD 3354	HIP 2861	9.07024	-17.61106	152.75	m	9.273	3.353	F5 V	0.547
HD 20248	HIP 15121	48.74182	-12.70787	152.77	m	9.851	3.931	G0 V	0.637
HD 95105	HIP 53631	164.5732	-37.15143	152.84	m	9.211	3.29	K1 IV	1.109
HD 208273	HIP 108254	328.96744	-32.48541	152.85	m	9.148	3.227	F7 V	0.602
HD 64620	HIP 38543	118.38863	-29.7343	152.86	m	9.011	3.09	K0 III + F/G	0.82
HD 141294	HIP 77515	237.4039	-35.87438	152.86	m	9.157	3.236	F5 V	0.534
HIP 24461		78.73565	57.62613	152.86	m	10.66	4.74	F8	0.576
HIP 73832		226.33726	-22.99021	152.87	m	9.902	3.98	F8	0.739
HIP 14641		47.30048	57.30316	152.87	m	9.402	3.48	A0	0.651
HIP 25022		80.36421	79.05075	152.87	m	9.119	3.197	F5	0.484
HD 170913	HIP 91079	278.6651	-51.61961	152.89	m	10.45	4.527	G3 V	0.558
HD 280105	HIP 22091	71.29021	37.27723	152.89	m	9.581	3.659	F5	0.563
HD 170678	HIP 90774	277.79632	-11.89026	152.89	m	9.063	3.141	F0/2 V	0.542
HD 140162	HIP 76913	235.57409	-0.42289	152.9	m	9.78	3.858	F7 V	0.551
HIP 66461		204.3779	62.34335	152.92	m	10.62	4.696	G5	0.596
HD 142863	HIP 78116	239.26213	-2.98867	152.92	m	9.025	3.103	A4 IV/V	0.422
HD 203057	HIP 105392	320.21581	-37.07805	152.93	m	9.976	4.054	G3 V	0.554
HD 23983	HIP 18128	58.14508	59.61147	152.94	m	9.393	3.47	F5	0.471
HD 111595	HIP 62676	192.64357	-10.57169	152.95	m	9.216	3.293	F3 V	0.481
HD 232306	HIP 4206	13.41961	54.07406	152.98	m	9.247	3.324	F8	0.438
HD 279993	HIP 21565	69.4361	38.09684	152.98	m	9.714	3.791	F5	0.579
HIP 108360		329.28311	16.60201	152.99	m	9.558	3.635	F8	0.539
HD 35740	HIP 25219	80.9091	-55.5908	152.99	m	9.377	3.454	G8/K0 III/IV	0.89
HD 99849	HIP 56039	172.28357	-8.01636	153	m	9.255	3.332	G0 V	0.683
HIP 12061		38.88411	26.43942	153.01	m	9.396	3.472	G5	0.839
HIP 47520		145.3103	-51.15797	153.01	m	9.06	3.136	F8/G0 V + F5/G0	0.467
HIP 84597		259.39725	69.32598	153.04	m	9.851	3.927	G5	0.764
HIP 30744		96.91038	85.58648	153.07	m	12.58	6.655		
HIP 112991		343.24807	-27.2442	153.07	m	11.04	5.118		0.949
HIP 35956		111.18177	45.10733	153.1	m	9.681	3.756	F5	0.529
HIP 41437		126.76643	3.51454	153.12	m	10.11	4.186	F8	0.639
HIP 14761		47.65998	-7.0625	153.14	m	9.252	3.327	G0	0.71
HIP 59671		183.5548	38.03249	153.15	m	10.25	4.326	G0	0.622
HIP 115357		350.48712	34.6534	153.16	m	9.393	3.467	F5	0.593
HIP 47955		146.57324	32.07865	153.17	m	9.341	3.415	K0	1.099
HIP 64082		196.98441	1.33812	153.17	m	9.711	3.785	F8	0.379
HIP 45307		138.51512	31.0829	153.18	m	9.561	3.635	F5	0.506
HD 120996	HIP 67716	208.07802	32.85693	153.23	m	9.524	3.597	G 1 III	0.617
HD 133828	HIP 73925	226.60346	2.66187	153.23	m	9.119	3.192	G2/3 V	0.83
HD 224568	HIP 118237	359.7384	-57.78324	153.24	m	9.557	3.63	G5 V	0.843
HD 50741	HIP 33073	103.31964	-27.87119	153.28	m	9.467	3.54	G2 V	0.686
HD 21500	HIP 16110	51.88468	-16.56515	153.3	m	10.26	4.334	G0 V	0.6
HIP 47342		144.70586	12.05143	153.31	m	9.002	3.074	F8	0.547
HD 145655	HIP 79462	243.23057	-23.32936	153.36	m	9.434	3.505	G2 V	0.759
HD 106352	HIP 59669	183.54411	-1.64214	153.36	m	9.811	3.882	G5	0.816
HD 128528	HIP 71507	219.35191	-0.4874	153.36	m	9.418	3.489	F3 V	0.474
HD 146131	HIP 80007	244.97662	-69.08207	153.37	m	9.38	3.451	F7 V	0.589
HD 234101	HIP 68553	210.50143	53.47855	153.37	m	9.659	3.73	G0	0.518
HD 204975	HIP 106459	323.43121	-49.9867	153.37	e	10.38	4.447	F7/G0 V	0.488
HIP 37064		114.2487	25.73559	153.38	m	9.646	3.717	F5	0.562
HIP 21792		70.21714	7.94225	153.39	m	9.924	3.995	F8	0.718
HD 194477	HIP 100874	306.80701	-39.22326	153.4	m	9.936	4.007	G8 V	0.687
HD 143863	HIP 78749	241.15985	-43.34006	153.41	m	9.195	3.266	F2 V	0.42
HIP 111384		338.49006	19.66323	153.42	m	9.006	3.077	F8	0.55
HD 207635	HIP 108744	330.43151	-83.95319	153.42	m	9.16	3.231	G3 V	0.77
HD 240335	HIP 116412	353.85115	59.76585	153.42	m	9.391	3.462	F7V	0.607
HD 73374	HIP 42475	129.89365	38.58034	153.43	m	9.065	3.135	F2	0.349
HD 218359	HIP 114197	346.90003	-28.58309	153.44	m	9.362	3.432	G6 IV/V	0.837
HD 140580	HIP 77254	236.60828	-46.47453	153.46	m	9.142	3.212	F2 V	0.46
HIP 77157		236.30359	-34.29183	153.47	m	10.48	4.547	Ge	1.389
HIP 78317		239.86835	-40.36425	153.48	m	11.33	5.401	G0V:var	1.749
HIP 40219		123.21389	72.58998	153.49	m	9.792	3.862	F8	0.55
HD 86589	HIP 49087	150.28185	55.09605	153.52	m	9.07	3.139	F2	0.439
HD 219569	HIP 114956	349.25741	-29.30379	153.52	m	9.363	3.432	F6 V	0.502
HIP 49687		152.14198	35.92382	153.53	m	10.21	4.275	F8	0.428
HIP 50324		154.1508	13.44159	153.57	m	10.44	4.506		0.839
HIP 70954		217.70062	16.5154	153.58	m	9.575	3.643	F8	0.648
HIP 49111		150.34793	35.49733	153.59	m	10.08	4.145	G0	0.802
HD 183705	HIP 95924	292.62931	10.17077	153.6	m	9.493	3.561	B9	0.475
HIP 70117		215.2094	-42.25976	153.61	m	9.832	3.9	G0	0.575
HD 70457	HIP 41020	125.56514	5.9624	153.61	m	9.345	3.413	K2	1.148
HIP 6836		22.00036	-44.60348	153.62	m	10.84	4.907		0.631
HD 112797	HIP 63289	194.54596	66.66459	153.65	m	9.06	3.127	F8	0.486
HIP 50385		154.31234	-0.57527	153.7	m	11.24	5.311		1.122
HD 125660	HIP 70110	215.19555	4.28961	153.71	m	9.148	3.215	F0 V	0.461
HD 88831	HIP 50195	153.70627	-0.28728	153.71	m	9.237	3.303	G2 V	0.703
HD 137690	HIP 75643	231.81926	3.09318	153.71	m	9.186	3.252	F3/5 V	0.516
HD 89119	HIP 50283	154.00181	-39.50558	153.73	m	9.019	3.085	G8/K0 V	0.97
HIP 19056		61.24091	1.80737	153.73	m	10.76	4.825	F8	0.865
HIP 82398		252.54779	22.31388	153.74	m	11.1	5.169		0.82
HD 239331	HIP 99108	301.81942	60.29052	153.75	m	9.382	3.448	F8	0.596
HD 116286	HIP 65231	200.51721	39.86881	153.77	m	9.035	3.101	G5	0.637
HIP 49023		150.01991	42.51642	153.77	m	9.745	3.811	F8	0.651
HD 286647	HIP 19886	63.98824	12.09941	153.77	m	10.74	4.808	F2	0.747
HD 133320	HIP 73806	226.27908	-40.18312	153.79	m	9.056	3.121	F6 V	0.614
HIP 29319		92.73918	39.08824	153.81	m	9.595	3.66	F8	0.46
HIP 62294		191.47689	24.62071	153.83	m	9.322	3.387	G5	0.754
HD 70426	HIP 40803	124.92441	-50.66652	153.83	m	9.576	3.641	F8/G0 V	0.638
HIP 47552		145.42191	-19.88948	153.83	m	10.54	4.606		0.675
HD 150733	HIP 81865	250.81288	-8.75696	153.84	m	10.17	4.235	F5/6 V	0.77
HIP 40141		122.96368	8.67101	153.84	m	9.19	3.255	G5	1.019
HD 84831	HIP 48136	147.20258	35.74277	153.85	m	9.271	3.336	F8	0.436
HIP 15751		50.72894	-7.07003	153.86	m	9.698	3.762	F8	0.442
HD 7905	HIP 6143	19.71928	15.49659	153.88	m	9.157	3.221	F 8 IV	0.504
HD 179955	HIP 93959	286.97178	72.87361	153.89	m	9.539	3.603	G0	0.648
HD 151720	HIP 82364	252.44755	-18.26054	153.89	m	9.194	3.258	F2 IV	0.744
HIP 13240		42.60475	-33.00037	153.89	m	9.645	3.709	F2	0.545
HD 184310	HIP 97291	296.59357	-80.64299	153.91	m	10.01	4.074	G5 V	0.767
HD 106533	HIP 59763	183.82558	-27.06102	153.92	m	9.42	3.484	G8/K0 V	0.989
HD 101674	HIP 57089	175.55547	44.14166	153.93	m	9.027	3.09	F 6 III	0.409
HD 282508	HIP 22603	72.94909	32.29836	153.94	m	9.49	3.553	F5	0.573
HD 105599	HIP 59268	182.35048	46.37935	153.94	m	9.206	3.269	F5	0.445
HD 105289	HIP 59117	181.84052	37.0151	153.96	m	9.177	3.24	F 5 V	0.368
HD 146069	HIP 79643	243.78867	-23.75974	153.97	m	9.539	3.602	F2 V	0.586
HIP 85078		260.81635	-22.48406	153.97	m	10.33	4.391	F5	0.921
HD 86811	HIP 49157	150.4827	37.74338	153.97	m	9.007	3.07	F8	0.549
HD 3561	HIP 3011	9.57869	-32.65763	153.98	m	10.03	4.093	G3 V	0.702
HD 116340	HIP 65391	201.02037	-57.02925	153.98	m	9.928	3.991	G0 V	0.7
HD 19761	HIP 14755	47.63925	-11.64691	153.99	m	9.496	3.559	F3/5 V	0.458
HD 125772	HIP 70169	215.34745	9.55097	153.99	m	9.484	3.546	G	0.545
HIP 18778		60.33899	9.33374	154.04	m	9.941	4.003	F8	0.809
HIP 70928		217.5795	9.25528	154.04	m	10.77	4.834	G0	0.507
HD 19543	HIP 14583	47.06694	-10.20999	154.06	m	9.807	3.869	G1 V	0.546
HD 140491	HIP 77076	236.07175	-9.89744	154.06	m	9.306	3.367	F5/6 V	0.579
HIP 87056		266.84275	11.4236	154.07	m	9.129	3.19	F0	0.43
HD 154479	HIP 83633	256.38269	2.83349	154.07	m	9.084	3.145	G8 IV	1.224
HD 161953	HIP 87376	267.78755	-51.39705	154.07	m	9.654	3.715	G5 V	0.78
HIP 59361		182.6816	39.32362	154.08	m	9.901	3.962	G0	0.676
HIP 57373		176.43459	25.96822	154.08	m	10.59	4.649	G0	0.95
HIP 75617		231.75846	-24.52622	154.08	e	9.812	3.873	F0	0.451
HD 155881	HIP 84316	258.56254	4.0857	154.13	m	9.077	3.138	F6 V	0.678
HIP 6896		22.19811	-22.47427	154.13	m	10.12	4.182	F8	0.626
HD 287120	HIP 22583	72.90144	12.79409	154.13	m	9.754	3.815	F8	0.711
HD 48053	HIP 32211	100.85337	39.96074	154.13	m	9.093	3.154	F5	0.473
HD 81056	HIP 45546	139.24209	-77.19653	154.16	m	9.6	3.66	F6 IV	0.485
HD 219154	HIP 114694	348.50892	-36.32253	154.18	m	9.896	3.956	F5 V	0.546
HD 8143	HIP 6284	20.15352	-16.18807	154.19	m	10.18	4.236	G1 V	0.515
HD 147788	HIP 80133	245.34524	50.89723	154.2	m	9.002	3.062	G5	0.899
HD 8092	HIP 6214	19.91887	-42.567	154.2	m	9.82	3.88	F8/G0 V	0.573
HD 164185	HIP 88165	270.10145	-7.94534	154.23	m	9.179	3.238	G1 V	0.764
HIP 117053		355.95036	87.35491	154.23	m	9.553	3.612	G0	0.649
HD 23591	HIP 17452	56.11658	-44.77251	154.24	m	9.247	3.306	F6 V	0.561
HD 81994	HIP 46643	142.66309	46.06784	154.24	m	9.297	3.356	F8	0.673
HD 267021	HIP 33524	104.51288	18.92646	154.27	m	9.104	3.163	F0	0.42
HD 153874	HIP 83428	255.7794	-27.30477	154.28	m	9.47	3.528	G6 V	0.768
HD 134653	HIP 74402	228.09011	-39.98514	154.3	m	9.631	3.689	G3/5 V	0.662
HD 11077	HIP 8372	26.95446	-45.71858	154.32	m	9.149	3.207	F5 IV/V	0.456
HD 87611	HIP 49364	151.15175	-52.05136	154.32	e	9.238	3.296	F7/8 V	0.567
HD 137739	HIP 75602	231.69638	28.66776	154.32	e	9.101	3.159	K0	0.758
HIP 110360		335.28224	-31.44068	154.32	e	11.17	5.224	G0	0.602
HD 857	HIP 1029	3.20779	-47.51354	154.32	m	9.932	3.99	F7/8 V	0.564
HIP 7163		23.08514	-26.55103	154.33	m	9.135	3.193		0.551
HD 225702	HIP 97266	296.51938	33.55691	154.34	m	10.61	4.667	K0	0.632
HD 91160	HIP 51599	158.10359	46.52626	154.34	m	9.116	3.174	F2	0.431
HD 58965	HIP 36590	112.88009	60.49527	154.36	m	9.191	3.248	F2	0.451
HIP 79368		242.98057	27.92652	154.36	m	10.37	4.423	F8	0.662
HIP 117376		356.99189	78.37607	154.37	m	9.886	3.943	F8	0.566
HIP 25438		81.60273	58.63148	154.37	m	10.18	4.233	K	0.49
HD 282669	HIP 23330	75.28139	33.59771	154.4	m	9.218	3.275	G5	1.096
HIP 84009		257.58624	46.90069	154.4	m	9.654	3.711	F8	0.529
HD 234896	HIP 95637	291.80735	50.84904	154.41	m	9.166	3.223	F0	0.388
HD 116567	HIP 65331	200.85493	51.06603	154.41	m	9.117	3.174	G5	0.655
HD 29186	HIP 21254	68.39227	-46.92173	154.42	m	9.179	3.235	F7 V	0.556
HD 9216	HIP 7021	22.61699	-17.56649	154.42	m	9.74	3.796	G3 V	0.661
HD 21622	HIP 16231	52.28527	-9.32884	154.43	m	9.694	3.75	F6/7	0.608
HD 119530	HIP 67189	206.53895	-68.5659	154.43	m	9.94	3.996	F5/6 IV/V	0.547
HIP 70010		214.87504	2.5756	154.44	m	10.34	4.398	F8	0.463
HD 215920	HIP 112684	342.27862	-34.04363	154.46	m	10.28	4.335	G3/5 (V)	0.739
HD 2000	HIP 1906	6.02516	-43.20339	154.47	m	9.192	3.248	F3 V	0.391
HD 109889	HIP 61675	189.64481	-45.56244	154.48	m	9.604	3.66	G8 V	0.998
HD 88139	HIP 49710	152.22718	-41.00497	154.5	m	9.399	3.454	F0 V	0.42
HIP 36680		113.1902	46.76945	154.54	m	9.433	3.488	F2	0.445
HD 1380	HIP 1418	4.43991	-48.16162	154.54	m	10.44	4.498	K3 III/V	0.815
HIP 46675		142.73669	44.67734	154.55	m	9.25	3.305		0.586
HD 6531	HIP 5159	16.51042	-19.58786	154.56	m	9.026	3.081	F5 V	0.513
HD 151360	HIP 82250	252.07048	-31.85032	154.61	m	10.04	4.097	F3 V	0.387
HD 163452	HIP 87903	269.3394	-28.18839	154.63	m	9.645	3.698	F8/G0 V	0.615
HD 284612	HIP 21639	69.71727	20.78075	154.66	m	9.99	4.043	F5	0.619
HD 194895	HIP 101042	307.2576	-26.83805	154.67	m	9.913	3.966	G3/5 V	0.717
HD 5757	HIP 4357	13.9591	-80.70895	154.69	m	9.841	3.894	F8 V	0.477
HIP 13286		42.75307	-15.50215	154.7	m	9.955	4.008	G0	0.831
HIP 48639		148.7674	68.90159	154.71	m	9.335	3.387	F5	0.567
HIP 61477		188.95779	37.52504	154.71	m	9.04	3.092	G	0.672
HD 145481	HIP 79397	243.0607	-26.47946	154.72	m	9.389	3.441	G1 V	0.823
HIP 69339		212.8799	21.80498	154.72	m	9.724	3.776	F5	0.572
HIP 31431		98.78953	34.94969	154.73	m	9.659	3.711	G0	0.776
HIP 75811		232.30219	22.22984	154.74	m	9.715	3.767	G0	0.611
HD 40231	HIP 28189	89.35971	-3.98948	154.75	m	9.459	3.511	F3 IV	0.444
HIP 96437		294.09769	28.23423	154.77	m	9.422	3.474	F5V	0.482
HD 5734	HIP 4597	14.71302	-15.15746	154.77	m	9.767	3.819	F6/7 V	0.595
HIP 116662		354.62719	4.31657	154.78	m	10.65	4.704	F8	0.57
HIP 14065		45.31126	-7.51228	154.8	m	9.822	3.873	F8	0.617
HIP 41419		126.72321	-12.76231	154.8	m	11.29	5.341		0.104
HIP 118227		359.71506	-28.85422	154.8	m	10.87	4.916		0.477
HD 225015	HIP 210	0.66213	-8.48796	154.82	m	9.135	3.186	F8/G0 V	0.6
HD 282388	HIP 21817	70.32985	29.3049	154.82	m	9.808	3.859	F8	0.536
HD 217434	HIP 113655	345.2752	-37.98696	154.84	m	9.652	3.703	G3 V	0.695
HD 15145	HIP 11335	36.46553	-20.2363	154.84	m	9.351	3.402	G0 V	0.605
HD 35044	HIP 24917	80.09697	-33.39872	154.86	m	9.364	3.414	K1/2 + (F)	0.554
HIP 65246		200.56334	26.68957	154.87	m	9.318	3.368	F5	0.421
HD 2692	HIP 2394	7.62242	-8.08418	154.88	m	9.312	3.362	F3 V	0.46
HIP 10252		32.97248	-4.36429	154.88	m	9.492	3.542	G2	0.773
HD 108597	HIP 60878	187.15569	-12.0322	154.89	m	9.617	3.667	F6 V	0.498
HIP 48624		148.73683	9.90905	154.89	m	9.239	3.289	F8	0.639
HD 22785	HIP 17085	54.90968	-4.14843	154.93	m	9.594	3.643	F5 V	0.538
HD 147235	HIP 80107	245.28137	-12.02645	154.93	m	9.467	3.516	G6 V	0.871
HIP 21313		68.63985	-60.80279	154.93	m	9.621	3.67	M	0.811
HD 193363	HIP 100395	305.39487	-44.98678	154.95	m	9.31	3.359	F5 V	0.385
HD 99805	HIP 55978	172.07454	-62.0632	154.96	m	9.132	3.181	F0/2 V	0.398
HIP 8247		26.5459	22.44866	154.97	m	9.032	3.081	F8	0.505
HIP 29438		93.03163	65.07999	154.97	m	9.41	3.459	F5	0.53
HD 113917	HIP 64067	196.95594	-55.51309	154.98	m	9.106	3.155	F3 V	0.414
HD 132773	HIP 73430	225.09211	18.71294	154.99	m	9.622	3.671	K0	0.629
HD 58807	HIP 36531	112.73134	61.09315	154.99	m	9.106	3.154	F0	0.382
HIP 78517		240.44346	1.09005	155	m	10.26	4.308	F8	0.627
HD 196521	HIP 102742	312.27952	-81.17012	155	m	9.651	3.699	G6 V	0.905
HD 138882	HIP 77219	236.49345	-80.89243	155.02	m	9.369	3.417	F2 V	0.357
HD 129683	HIP 72099	221.237	-34.38159	155.04	m	9.773	3.821	F6 V	0.536
HIP 97530		297.33753	-62.98942	155.04	e	10.81	4.859	A	0.517
HD 5653	HIP 4565	14.60965	19.76471	155.05	m	9.142	3.19	G5	1.097
HIP 8834		28.40497	-70.30167	155.06	m	10.56	4.603		0.786
HIP 78696		240.97147	-27.67536	155.09	m	11.19	5.235		0.539
HD 115716	HIP 65058	200.03399	-59.44118	155.13	m	9.593	3.639	F7/8 (IV)	0.576
HIP 13021		41.85057	19.84413	155.14	m	9.121	3.167	F8	0.566
HD 50573	HIP 32068	100.499	-79.60878	155.16	m	9.559	3.605	F8/G0 V	0.731
HD 109967	HIP 61678	189.65379	41.00761	155.16	m	9.432	3.478	F8	0.645
HD 105008	HIP 58965	181.3606	-40.4124	155.17	m	9.124	3.17	G5 IV	0.834
HD 59777	HIP 36407	112.37	-44.05603	155.19	m	9.149	3.195	G8 IV	1.01
HD 23720	HIP 17516	56.25879	-51.31665	155.2	m	9.613	3.659	G2 V	0.704
HIP 66480		204.44396	28.32302	155.21	m	11.05	5.097	G0	0.637
HD 123860	HIP 69186	212.43808	18.32694	155.22	m	9.203	3.248	K0	0.644
HIP 18501		59.34429	3.5279	155.24	m	10.3	4.344	F8	0.761
HD 222059	HIP 116620	354.50357	-67.04881	155.24	m	9.091	3.136	F3 V	0.475
HD 105547	HIP 59244	182.28335	31.92234	155.25	m	9.153	3.198	F 2 V	0.414
HD 2557	HIP 2276	7.27384	-31.62221	155.25	m	9.109	3.154	F0 V	0.39
HD 9328	HIP 7068	22.77659	-38.78707	155.27	m	9.868	3.913	F7 V	0.646
HD 155919	HIP 92300	282.18819	-88.64048	155.29	m	9.505	3.549	F3 V	0.485
HD 819	HIP 1020	3.17273	19.77121	155.3	m	9.354	3.398	G5	0.888
HD 185473	HIP 97010	295.75563	-62.0488	155.31	m	9.948	3.992	F7 V	0.616
HIP 78305		239.83444	5.36573	155.31	m	10.83	4.871	G0	0.548
HD 81571	HIP 46231	141.38425	-32.26048	155.31	m	9.001	3.045	G3 V	0.678
HD 285499	HIP 19451	62.48462	15.86813	155.32	m	10.06	4.103	F8	0.668
HIP 48656		148.8423	10.1084	155.33	m	10.54	4.587	G0	1.112
HIP 60707		186.6295	52.47677	155.33	m	9.703	3.747	G5	0.673
HD 327993	HIP 80015	245.00051	-45.42409	155.33	m	10.36	4.404	F8	0.777
HD 39797	HIP 27711	88.02051	-50.86604	155.34	m	9.318	3.362	G0 V	0.662
HD 152213	HIP 82585	253.23851	-24.18065	155.37	m	9.501	3.544	F2 V	0.47
HIP 108055		328.39423	36.42525	155.38	m	10.07	4.116	G5	0.895
HIP 11472		36.99845	38.85881	155.39	m	9.113	3.156	F2	0.417
HIP 73103		224.11805	46.36225	155.42	m	10.29	4.337	F 8 VN	0.555
HD 125715	HIP 70186	215.39506	-16.25272	155.43	m	9.772	3.814	G6 V	0.823
HD 31876	HIP 22613	72.98211	-73.71833	155.43	m	9.735	3.777	G2 IV/V	0.625
HIP 5858		18.78619	-22.90272	155.48	m	10.6	4.642		0.822
HD 36956	HIP 26209	83.78825	-3.71056	155.48	m	9.051	3.093	F0 V	0.381
HIP 43694		133.49581	45.28515	155.48	m	9.831	3.873	G 8 III	0.979
HIP 71301		218.72484	67.72384	155.51	m	10.14	4.186	F8	0.501
HD 104444	HIP 58647	180.38609	-49.97331	155.52	m	9.681	3.722	G0/2 V	0.607
HD 40007	HIP 28122	89.15463	10.55173	155.53	m	9.534	3.575	G5	0.47
HD 164892	HIP 88619	271.40116	-46.40725	155.54	m	9.107	3.148	F3 V	0.436
HD 191309	HIP 99776	303.64657	-70.66316	155.58	m	9.121	3.161	K1 III	1.219
HIP 73197		224.39265	12.12807	155.61	m	10.29	4.328	F8	0.769
HIP 59048		181.59016	78.81255	155.63	m	9.792	3.832	F8	0.502
HIP 77133		236.23788	-5.13005	155.63	m	9.951	3.99	F8	0.694
HIP 59492		183.00892	51.51644	155.64	m	9.629	3.668	F8	0.619
HD 8155	HIP 6275	20.13359	-26.74845	155.66	m	9.472	3.511	F7 V	0.547
HD 43494	HIP 30462	96.05227	73.91582	155.66	m	9.672	3.711	F8	0.459
HIP 53812		165.15239	0.37875	155.67	m	9.387	3.426	F8	0.553
HIP 15708		50.58769	1.77267	155.68	m	10.36	4.403	F8	0.591
HIP 61301		188.40294	20.10307	155.68	m	9.428	3.467	F 5 V	0.52
HD 40043	HIP 28063	89.00005	-8.62217	155.69	m	9.552	3.591	F2 V	0.425
HD 40919	HIP 28378	89.92657	-43.6531	155.71	m	9.164	3.202	F3/5 V	0.455
HD 8962	HIP 6802	21.87747	-43.93427	155.73	m	9.929	3.967	G0 V	0.613
HD 11536	HIP 8752	28.14633	-35.06882	155.73	m	9.854	3.892	F8/G0 V	0.545
HIP 114513		347.91481	4.25836	155.74	m	10.07	4.109	K0	0.471
HIP 73735		226.08199	20.73173	155.74	m	9.584	3.622	G5	0.882
HD 1722	HIP 1693	5.30606	-47.71581	155.75	m	9.575	3.613	G2/3 V	0.707
HIP 70843		217.30583	17.53231	155.78	m	10.58	4.622	G0	0.746
HD 215672	HIP 112783	342.60214	-78.67435	155.78	m	9.664	3.701	G6 IV/V	0.959
HIP 103567		314.76449	-34.70997	155.82	m	10.5	4.534	G0	0.581
HIP 77461		237.22859	-7.96458	155.82	m	10.23	4.269	F5	0.585
HIP 78053		239.03836	-37.93499	155.82	m	12.13	6.167		
HD 107456	HIP 60252	185.31473	-30.55554	155.83	m	9.577	3.614	K1 V	1.136
HD 89600	HIP 50257	153.93058	-78.06995	155.87	m	9.864	3.9	G5/8 IV/V	0.771
HIP 28645		90.73497	-49.68947	155.87	m	9.884	3.92	G0	0.676
HD 75430	HIP 43501	132.90963	43.10629	155.88	m	9.251	3.287	F5	0.371
HIP 83003		254.42296	-63.21067	155.89	m	10.65	4.688		0.034
HD 9361	HIP 7072	22.7878	-46.39211	155.9	m	9.897	3.933	F7 V	0.541
HD 113704	HIP 63947	196.58114	-53.2183	155.91	m	9.373	3.409	G8/K0 V	1.003
HD 53604	HIP 34071	105.99971	-36.36031	155.91	m	9.986	4.022	K1/2 III/V	0.857
HIP 120248		102.46271	66.35818	155.92	m	11.11	5.146		0.592
HD 237784	HIP 44957	137.37933	54.39621	155.96	m	9.576	3.611	F5	0.509
HD 188963	HIP 98776	300.91707	-71.86865	155.97	m	9.426	3.461	G6 V	0.812
HIP 41046		125.64614	32.84848	155.97	m	9.202	3.237	F2	0.446
HIP 76417		234.11348	45.51395	155.98	m	10.28	4.319	F8	0.577
HIP 5734		18.4271	13.94734	155.99	m	12.51	6.548	K7	
HIP 73746		226.11193	28.08686	156	m	10.57	4.604	F8	0.603
HD 234075	HIP 67532	207.55462	50.35343	156	m	9.155	3.189	G5	0.697
HIP 50271		153.96946	25.83366	156	m	9.492	3.526	G0	0.506
HD 99631	HIP 55847	171.69183	-68.60643	156	m	9.26	3.294	F2 V	0.433
HD 96902	HIP 54421	167.04382	-67.47857	156.01	m	9.056	3.09	F6 V	0.482
HD 147684	HIP 80416	246.20266	-36.08417	156.02	m	9.341	3.375	G0 V	0.87
HIP 71454		219.18679	31.34027	156.02	m	10.53	4.559		0.682
HD 26826	HIP 19801	63.65965	0.68954	156.03	m	9.422	3.456	F2 V	0.488
HD 88386	HIP 49726	152.28436	-65.79827	156.04	m	9.142	3.176	A9 V	0.429
HD 185775	HIP 97014	295.76275	-49.58187	156.05	m	9.05	3.084	F7 V	0.588
HD 119060	HIP 66776	205.29833	-11.2982	156.05	m	9.32	3.354	G3 V	0.755
HIP 68150		209.27955	40.60074	156.06	m	10.24	4.276	G0	0.657
HD 5937	HIP 4671	14.99696	-56.50138	156.06	m	9.406	3.439	G1 V	0.765
HD 88942	HIP 50183	153.66091	-43.62576	156.07	m	9.173	3.206	F3 IV/V	0.438
HIP 32567		101.93723	58.64294	156.1	m	10.39	4.422	sdF2:	0.39
HIP 63190		194.18587	45.6161	156.1	m	9.56	3.593	F2	0.552
HIP 116476		354.01761	-54.64564	156.11	m	11.25	5.28		0.717
HD 16413	HIP 12217	39.33707	-22.72585	156.11	m	9.36	3.393	G1 V	0.655
HD 119764	HIP 67262	206.79426	-64.48282	156.12	m	9.573	3.606	F6/7 V	0.561
HIP 56885		174.92117	48.79266	156.12	m	10.36	4.391	G0	0.636
HD 167585	HIP 89703	274.61077	-50.49331	156.15	m	9.325	3.357	F6 V	0.5
HD 6712	HIP 5179	16.55788	-67.98009	156.16	m	9.702	3.734	F7 V	0.556
HIP 26290		83.98009	35.50758	156.18	m	9.048	3.08	F5	0.575
HIP 75564		231.55702	26.71992	156.19	m	9.243	3.275	F5	0.419
HIP 4593		14.69133	32.10566	156.2	m	10.8	4.829		0.581
HD 5204	HIP 4201	13.40828	-28.96111	156.22	m	9.717	3.748	F8 V	0.627
HD 169379	HIP 90319	276.42874	-32.09197	156.23	m	9.427	3.458	G5 V	0.98
HIP 3091		9.8312	41.92534	156.25	m	9.208	3.239	F2	0.338
HD 186878	HIP 97606	297.57224	-59.71451	156.27	m	9.188	3.219	G0 V	0.663
HD 138308	HIP 75999	232.81701	0.8553	156.3	m	9.312	3.342	F5 V	0.472
HD 108360	HIP 60748	186.75212	0.11953	156.32	m	9.012	3.042	G8 V	0.963
HD 187702	HIP 97873	298.33458	-45.10076	156.32	m	10.05	4.079	G6/8 V	0.776
HD 222714	HIP 117003	355.79245	-38.70431	156.35	m	9.339	3.369	F8/G0 V	0.66
HD 28640	HIP 20946	67.3648	-35.28713	156.35	m	9.178	3.207	F6 V	0.544
HIP 38871		119.32313	21.70915	156.36	m	9.331	3.36	G0	0.637
HIP 9894		31.83229	48.86689	156.36	m	9.214	3.243	F8	0.524
HD 208168	HIP 108250	328.95776	-48.98985	156.37	m	9.142	3.171	F5 V	0.554
HD 91482	HIP 51712	158.48431	2.96665	156.41	m	9.157	3.186	G0 V	0.55
HD 7368	HIP 5676	18.23725	-51.53496	156.41	m	9.529	3.558	F8 V	0.595
HD 130213	HIP 72156	221.37867	43.71232	156.41	m	9.526	3.555	G5	0.656
HD 107098	HIP 60082	184.8082	-71.91702	156.42	m	9.018	3.047	K0 II	1.17
HD 175481	HIP 93066	284.3567	-40.23913	156.42	m	9.375	3.403	F3 V	0.367
HD 204640	HIP 106344	323.06417	-59.59314	156.43	m	10.18	4.21	G2/3 V	0.571
HD 185442	HIP 96668	294.80447	-3.17274	156.43	m	9.034	3.062	F0 V	0.537
HD 129870	HIP 72120	221.29473	-6.89364	156.44	m	9.042	3.07	G0 V	0.691
HD 112905	HIP 63476	195.10444	-29.01587	156.46	m	9.61	3.638	G8 V	1.103
HIP 73376		224.91802	11.56592	156.46	m	10.56	4.584	F8	0.521
HIP 63137		194.05412	-18.75363	156.5	m	9.656	3.683	G0	0.728
HIP 12508		40.24304	0.93207	156.51	m	9.391	3.418	F8	0.584
HIP 42683		130.49612	62.02343	156.52	m	9.616	3.643		0.482
HIP 75685		231.92766	-2.75517	156.52	m	10.63	4.657	G0	0.669
HD 117260	HIP 65703	202.06591	49.35381	156.54	m	9.417	3.444	F8	0.502
HIP 19828		63.77631	-30.07487	156.57	m	9.678	3.704	A2	0.377
HIP 57929		178.21918	30.82734	156.57	m	9.109	3.135	F5	0.507
HD 111676	HIP 62801	193.03429	-68.90033	156.57	m	9.161	3.187	F5 V	0.469
HD 151977	HIP 82472	252.81733	-13.59737	156.57	m	9.355	3.381	A1 II	0.619
HD 283921	HIP 22600	72.93797	26.86227	156.58	m	10.45	4.471	G 0 V	0.69
HD 222871	HIP 117118	356.14485	-18.78451	156.6	m	9.433	3.459	G8 V	1.015
HD 183769	HIP 96170	293.31721	-47.09245	156.6	m	9.98	4.006	F5 V	0.71
HD 66482	HIP 39065	119.89217	-65.43611	156.61	m	9.02	3.046	F6 V	0.558
HIP 43748		133.6633	49.3142	156.64	m	9.781	3.806	F5	0.48
HD 224229	HIP 118018	359.08077	-70.86879	156.65	m	9.567	3.592	F5 V	0.445
HD 39809	HIP 27623	87.72475	-61.42461	156.66	m	9.144	3.169	F2 V	0.403
HIP 34690		107.7745	21.53361	156.66	m	9.109	3.134	F5	0.414
HIP 46568		142.45615	9.8296	156.67	m	9.357	3.382	G0	0.689
HD 133255	HIP 73701	225.95601	-9.30352	156.67	m	9.157	3.182	F7 V	0.628
HD 59392	HIP 36269	112.01342	-38.01147	156.69	m	9.767	3.792	F0 V	0.484
HIP 47090		143.95041	40.67181	156.69	m	10.45	4.473	F8	0.396
HIP 96175		293.33244	-47.09818	156.69	m	10.5	4.522	G0	0.658
HD 184096	HIP 96235	293.53728	-32.42953	156.69	m	9.046	3.071	F5 V	0.569
HIP 111861		339.87409	7.17475	156.69	m	10.39	4.414	F8	0.875
HD 166149	HIP 89101	272.77684	-37.89365	156.7	m	9.314	3.339	F2 V	0.462
HD 163303	HIP 87874	269.25794	-35.68994	156.71	m	9.847	3.871	F6/7 V	0.767
HIP 34907		108.33664	65.25052	156.73	m	9.87	3.894	G0	0.764
HD 145954	HIP 79294	242.73965	54.32458	156.74	m	9.069	3.093	F2	0.443
HIP 110140		334.65211	8.44581	156.74	m	10.48	4.504	F5	0.514
HD 17296	HIP 12955	41.64599	-4.67384	156.75	m	9.557	3.581	G6 V	0.779
HD 194508	HIP 101205	307.7162	-70.01511	156.75	m	9.387	3.411	F5 V	0.464
HIP 90530		277.08601	-74.57035	156.76	m	9.513	3.537	K0	1.078
HIP 8782		28.23958	15.59716	156.76	m	9.738	3.762	G0	0.675
HD 105045	HIP 58990	181.42188	21.54682	156.79	m	9.135	3.158	F5	0.536
HD 120563	HIP 67734	208.13574	-66.14696	156.8	m	9.099	3.122	F6 V	0.587
HD 171820	HIP 91482	279.86781	-50.22525	156.81	m	9.212	3.235	F3 V	0.494
HIP 95843		292.39731	45.51296	156.81	m	9.273	3.296	F2	0.46
HD 219240	HIP 114733	348.62645	-10.46076	156.81	m	9.058	3.081	F2 V	0.381
HIP 103266		313.81384	-1.97301	156.84	m	9.25	3.273	G8	0.879
HIP 42680		130.49075	62.01899	156.84	m	10.45	4.47		0.623
HIP 58625		180.33816	38.343	156.84	m	10.85	4.87	K0III	0.846
HD 11787	HIP 8933	28.74443	-31.32998	156.85	m	9.677	3.7	F8	0.436
HD 170505	HIP 91321	279.39955	-74.3784	156.86	m	9.082	3.104	F3/5WA8	0.386
HD 144711	HIP 79015	241.92517	-16.51579	156.87	m	9.45	3.472	F5 IV/V	0.607
HD 123671	HIP 69086	212.10848	29.87657	156.88	m	9.254	3.276	G 2 III	0.589
HIP 11232		36.14252	-7.89989	156.89	m	9.781	3.803	G0	0.866
HIP 88028		269.70257	13.49618	156.91	m	10.72	4.738	G5	0.665
HIP 1563		4.85773	13.86454	156.92	m	9.369	3.391	F5	0.478
HD 16009	HIP 11849	38.23423	-46.15047	156.93	m	9.458	3.479	F5 V	0.479
HIP 16707		53.74373	19.31279	156.94	m	9.25	3.271	F2	0.418
HD 124065	HIP 69284	212.73949	19.10066	156.94	m	9.214	3.235	F5	0.424
HD 168253	HIP 89879	275.11091	-36.23064	156.94	m	9.758	3.779	G5 V	0.86
HD 260770	HIP 31728	99.57081	30.62452	156.94	m	9.185	3.206	F0	0.42
HIP 116392		353.77888	-23.90589	156.95	m	10.66	4.684	G0	0.623
HD 5023	HIP 4060	12.99422	-27.62479	156.97	m	9.166	3.187	G8 IV	0.945
HD 182343	HIP 95424	291.17092	-12.68278	156.98	m	9.132	3.153	F3 V	0.51
HD 282624	HIP 22925	73.99743	30.56709	156.99	m	9.493	3.514	G2EIII	1.076
HIP 67619		207.83418	-10.37995	157.02	m	10.14	4.16	F8	0.622
HD 97420	HIP 54828	168.37768	59.13922	157.02	m	9.113	3.133	F 6 V	0.569
HD 137529	HIP 75519	231.42836	26.62792	157.03	m	9.652	3.672	F5	0.434
HIP 80092		245.21514	24.97196	157.03	m	9.393	3.413	F0	0.444
HD 204227	HIP 106026	322.11898	-45.82798	157.03	m	9.539	3.559	F3 V	0.482
HD 1104	HIP 1223	3.8103	-30.93504	157.03	m	9.397	3.417	F3/5 V	0.534
HD 298621	HIP 47708	145.90673	-51.94095	157.04	m	9.696	3.716	F5	0.474
HIP 116869		355.33307	14.77716	157.04	m	10.96	4.985		1.349
HIP 55161		169.39987	46.38916	157.09	m	11.2	5.218		0.646
HIP 76784		235.16042	-3.4792	157.1	m	9.75	3.769	G5	0.8
HD 210792	HIP 109685	333.27817	-16.62184	157.12	m	9.122	3.141	F3 V	0.444
HIP 15484		49.89762	-38.18506	157.13	m	10.38	4.394	G2	0.697
HIP 50399		154.37383	68.80598	157.13	m	9.784	3.803	F5	0.556
HIP 51454		157.64557	39.51629	157.15	m	9.581	3.599	G0	0.746
HIP 66861		205.56204	34.01455	157.15	m	9.634	3.652	F5	0.524
HD 106435	HIP 59705	183.66833	-28.95063	157.15	m	9.607	3.625	G3 V	0.713
HD 130850	HIP 72590	222.63865	-0.02503	157.17	m	9.111	3.129	F5+...	0.465
HD 22608	HIP 16837	54.17637	-39.38367	157.18	m	9.433	3.451	F5/6 V	0.526
HD 38204	HIP 27026	85.99267	-3.815	157.18	m	9.222	3.24	F0 V	0.361
HD 84237	HIP 47834	146.25462	43.22772	157.18	m	9.07	3.088	F5V	0.568
HIP 36032		111.37658	37.02434	157.19	m	9.609	3.627	F5	0.571
HIP 29714		93.88092	39.93183	157.19	m	9.773	3.791	F8	0.558
HD 5890	HIP 4781	15.35231	61.04319	157.2	m	9.118	3.136	F2V	0.453
HD 197357	HIP 102392	311.2377	-47.44939	157.24	m	9.897	3.914	F5 V	0.484
HD 31719	HIP 22988	74.19281	-33.39792	157.25	m	9.315	3.332	G2 V	0.605
HD 139444	HIP 76574	234.57021	-4.0644	157.26	m	9.172	3.189	G8 IV	1.155
HD 6411	HIP 5065	16.20408	-17.47381	157.27	m	9.476	3.493	F8 V	0.53
HD 98056	HIP 55092	169.19716	11.84303	157.29	m	9.026	3.043	F8	0.421
HD 8657	HIP 6654	21.33409	-5.02844	157.3	m	9.194	3.21	F2/3 V	0.472
HD 224378	HIP 118096	359.33965	-64.24323	157.31	m	9.665	3.681	F6/8 IV/V	0.572
HIP 93400		285.33897	32.68454	157.32	m	9.856	3.872	F8	0.503
HIP 60896		187.1995	13.08793	157.38	m	9.43	3.445	F8	0.599
HD 18130	HIP 13586	43.75585	11.49145	157.39	m	9.118	3.133	F8	0.589
HD 203465	HIP 105692	321.10055	-54.57787	157.39	m	9.386	3.401	G5/8 IV/V + F/G	0.795
HD 11445	HIP 8706	28.00235	-27.1132	157.41	m	9.143	3.158	G0 V	0.591
HD 144349	HIP 78912	241.62191	-27.7087	157.42	m	9.485	3.5	G0 V	0.682
HIP 72132		221.32213	40.10191	157.42	m	10.39	4.403	G0	0.606
HIP 26289		83.97357	-23.1029	157.42	m	11.2	5.215		1.002
HD 97551	HIP 54785	168.23692	-50.81712	157.42	m	10.18	4.194	F7/8 V	0.573
HD 154676	HIP 83719	256.66268	7.78272	157.44	m	9.182	3.196	F 8 V	0.588
HIP 35362		109.56082	15.44309	157.44	m	9.164	3.178	F 2 V	0.542
HD 70171	HIP 40798	124.90248	-26.70792	157.44	m	9.488	3.502	G2 V	0.63
HIP 95797		292.27773	29.02801	157.46	m	9.482	3.496	F 8 WLS:	0.55
HD 81975	HIP 46629	142.63567	46.39949	157.47	m	9.608	3.622	F8	0.43
HD 240991	HIP 23892	77.0155	3.30859	157.47	m	10.88	4.894	F 8 V	0.451
HIP 91595		280.19496	-44.30808	157.5	m	9.79	3.804	F5	0.362
HD 4190	HIP 3426	10.90743	-60.68552	157.5	m	9.266	3.28	G1 V	0.612
HD 223764	HIP 117726	358.142	-57.00889	157.51	m	9.698	3.712	F5 V	0.526
HD 142560	HIP 78094	239.17627	-37.82096	157.51	m	11.57	5.585	PECE	0.267
HD 178020	HIP 93930	286.89413	-15.16112	157.52	m	9.89	3.903	F8/G0WF0	0.487
HD 87197	HIP 49252	150.80503	-6.63847	157.53	m	9.182	3.195	A9 V	0.287
HD 14148	HIP 10678	34.34577	5.51963	157.54	m	9.163	3.176	G0	0.417
HD 76859	HIP 43991	134.3731	-39.77842	157.55	m	9.533	3.546	F8/G0 V	0.49
HIP 11430		36.86256	36.34993	157.63	m	9.771	3.783	F2	0.508
HD 14133	HIP 10546	33.96192	-44.73761	157.63	m	9.203	3.215	G2 V	0.682
HIP 82842		253.9435	-12.56261	157.66	m	10.61	4.617	F5	0.446
HD 107472	HIP 60247	185.30365	5.49034	157.68	m	9.247	3.258	F5	0.504
HD 200570	HIP 104063	316.237	-27.20102	157.68	m	9.843	3.854	G5 V	0.607
HD 150817	HIP 81964	251.1537	-29.63579	157.71	m	9.958	3.969	F6 V	0.511
HIP 57930		178.22063	23.78033	157.73	m	9.977	3.987	G0	0.534
HIP 52745		161.75228	-38.24825	157.75	m	10.14	4.151	F5	0.413
HIP 41801		127.84052	22.04759	157.82	m	10.61	4.623		0.748
HIP 82942		254.24024	-13.19711	157.83	m	10.26	4.266	F8	0.6
HIP 60523		186.10582	53.44844	157.83	m	10.81	4.818		0.757
HD 101473	HIP 56949	175.11941	-18.17812	157.83	m	9.063	3.072	F5 V	0.477
HD 208147	HIP 108188	328.78391	-34.62632	157.84	m	9.03	3.039	F2/3 V	0.499
HIP 74978		229.82924	23.23628	157.85	m	9.145	3.154	F5	0.499
HIP 38582		118.50298	57.4845	157.86	m	10.86	4.868	F0	0.29
HD 168346	HIP 89768	274.77703	1.44297	157.87	m	9.409	3.418	F2 V	0.453
HD 91043	HIP 51300	157.18209	-64.59419	157.87	m	9.227	3.236	F3 V	0.459
HD 197114	HIP 102268	310.83135	-46.3556	157.89	m	9.156	3.164	F5 V	0.498
HD 23907	HIP 17327	55.63462	-73.32608	157.94	m	9.179	3.187	G3 IV	0.694
HD 143429	HIP 78579	240.67999	-52.56857	157.94	m	10.16	4.171	F7/G0 IV/V	0.678
HIP 70297		215.7493	39.0105	157.95	m	9.825	3.832	F5	0.592
HD 193903	HIP 100626	306.06377	-39.73946	157.95	m	10.39	4.401	G0/2 V	0.517
HD 90041	HIP 50926	156.00997	30.20381	157.96	m	9.215	3.222	G5	0.627
HD 126917	HIP 70797	217.17866	-11.17164	157.97	m	9.185	3.192	F5 V	0.517
HD 237975	HIP 54412	167.01289	55.90021	157.97	m	9.712	3.719	F8	0.436
HIP 14197		45.77241	-5.04734	157.98	m	9.23	3.237	F5	0.539
HIP 36953		113.95951	38.09954	157.99	m	9.103	3.11	F2	0.48
HD 23106	HIP 17443	56.05696	43.14895	158.01	m	9.079	3.086	F5	0.449
HIP 89231		273.13765	-44.75908	158.02	m	10.34	4.347	G0	0.601
HIP 20425		65.63751	5.6942	158.04	m	9.236	3.242	F5	0.534
HD 34650	HIP 24366	78.41245	-67.57548	158.04	m	9.378	3.384	G5 V	0.813
HD 219340	HIP 114801	348.83064	-35.71416	158.06	m	9.681	3.687	G3 V	0.675
HD 204064	HIP 105961	321.88674	-47.93316	158.07	m	9.069	3.075	G0 V	0.665
HD 329811	HIP 84608	259.42359	-45.13943	158.07	m	10.07	4.078	F5	0.651
HD 142832	HIP 78198	239.52273	-35.53463	158.07	m	9.595	3.601	F3 V	0.468
HIP 70211		215.47431	58.41723	158.09	m	11.75	5.755		0.927
HIP 15083		48.63336	12.65693	158.14	m	9.454	3.459	G0	0.881
HIP 49265		150.84868	10.75424	158.16	m	10	4.009	G0	0.663
HIP 61306		188.40459	15.10197	158.18	m	9.943	3.947	F5	0.563
HD 103814	HIP 58300	179.33015	22.97653	158.19	m	9.011	3.015	F8	0.431
HD 177950	HIP 93981	287.02872	-32.50279	158.19	m	9.588	3.592	G1 V	0.575
HD 146550	HIP 79913	244.67292	-42.70835	158.19	m	10.29	4.295	F6/8 (V)(P)	0.487
HIP 51269		157.08687	40.21053	158.2	m	9.727	3.731	F8	0.533
HD 93556	HIP 52779	161.86222	-39.8141	158.2	m	9.468	3.472	G1 V	0.644
HIP 62520		192.19181	17.55079	158.22	m	9.118	3.122	F5	0.533
HD 150302	HIP 81791	250.58321	-46.64728	158.24	m	9.399	3.402	F2 + (G)	0.615
HD 172950	HIP 91931	281.11275	-33.46583	158.28	m	9.464	3.467	F7 V	0.623
HIP 10788		34.72555	0.45145	158.28	m	10.68	4.685	F5	0.671
HD 858	HIP 1016	3.1648	-59.50797	158.28	m	9.642	3.645	F8 V	0.713
HIP 16706		53.74392	17.71058	158.29	m	10.14	4.145	G0	0.926
HIP 43189		131.98049	45.52751	158.3	m	9.6	3.603		0.993
HD 212014	HIP 110420	335.4914	-37.65371	158.3	m	10.04	4.046	F7 V	0.734
HIP 52835		162.04945	47.74814	158.35	m	10.31	4.316	F8	0.663
HD 144214	HIP 78790	241.27023	-11.63815	158.41	m	9.088	3.089	F2 V	0.576
HD 110830	HIP 62270	191.41203	-62.1896	158.42	m	9.804	3.805	F2/3 IV/V	0.66
HD 33812	HIP 24095	77.6397	-46.25073	158.42	m	9.514	3.515	F5 IV	0.516
HD 135943	HIP 74683	228.93977	52.25389	158.43	m	9.359	3.36	F8	0.494
HIP 91393		279.59712	63.53717	158.44	m	9.833	3.834		0.723
HD 138102	HIP 75855	232.41398	9.21936	158.44	m	9.149	3.15	F5	0.463
HD 134476	HIP 74189	227.39855	16.3383	158.46	m	10.83	4.826	G5	0.579
HIP 79968		244.83864	19.05889	158.46	m	9.586	3.586	F8	0.601
HIP 10444		33.64779	-12.91282	158.46	m	9.545	3.545	G5	0.782
HD 24221	HIP 17926	57.51154	-34.02643	158.48	m	9.057	3.057	F7 V	0.573
HIP 76835		235.31617	3.83537	158.48	m	10.39	4.394	G0	0.67
HD 50923	HIP 32917	102.87777	-59.70955	158.48	m	9.21	3.21	G6 V	0.877
HD 216507	HIP 113168	343.74817	-68.4187	158.49	m	9.433	3.433	F5 V	0.415
HIP 70846		217.3188	32.27822	158.52	m	9.477	3.477	K 0 III	0.778
HIP 16346		52.66083	3.9165	158.57	m	10.02	4.016	F5	0.419
HD 5188	HIP 4163	13.29435	-44.5708	158.58	m	9.472	3.471	F3 V	0.474
HD 84230	HIP 47702	145.89145	-3.35987	158.58	m	9.208	3.207	F7 V	0.567
HIP 45832		140.17369	-27.73832	158.58	m	10.02	4.02	F8	0.612
HD 87329	HIP 49335	151.06898	-1.69268	158.59	m	9.078	3.077	F6 V	0.597
HD 17519	HIP 12980	41.74146	-47.00548	158.6	m	9.936	3.935	F7/G0 V	0.503
HIP 75044		230.02405	2.31757	158.6	m	10.74	4.739	G0	0.681
HD 52028	HIP 33367	104.08924	-56.09051	158.61	m	9.091	3.089	G5 IV	0.742
HIP 66981		205.91422	23.47201	158.62	m	9.519	3.517	F8	0.505
HIP 38984		119.66119	43.68185	158.65	m	10.17	4.17	G5	0.935
HIP 97338		296.74526	-29.81136	158.66	m	10	4	F5	0.509
HD 136232	HIP 75028	229.9638	-11.17981	158.68	m	9.32	3.317	F3/5 V	0.507
HD 14377	HIP 10765	34.64031	-29.67107	158.71	m	9.011	3.008	F5 V	0.463
HIP 73411		225.04158	21.48011	158.73	e	9.4	3.397	G0	0.645
HD 204698	HIP 106861	324.64303	-80.49265	158.74	m	9.829	3.826	G2/3 V	0.555
HIP 67215		206.61169	82.52964	158.74	m	10.63	4.625	G5	0.742
HIP 64864		199.43166	35.89121	158.77	m	9.662	3.658	F8	0.603
HD 6207	HIP 4876	15.67522	-35.69328	158.78	m	9.707	3.703	F6 V	0.583
HD 76652	HIP 43808	133.83546	-54.48165	158.8	m	9.499	3.495	G8 V	0.976
HD 115518	HIP 64805	199.22767	49.68792	158.8	m	9.002	2.998	F2	0.45
HD 121905	HIP 68712	211.00183	-79.35525	158.81	m	9.858	3.854	F7 V	0.656
HIP 106468		323.4573	-35.43729	158.82	m	10.56	4.557	B8	0.294
HIP 11229		36.12825	-1.75225	158.84	m	9.571	3.566	G0	0.673
HD 4236	HIP 3485	11.12412	-35.08581	158.86	m	10.33	4.327	G6/8 (V)	0.866
HIP 107965		328.09197	-46.86405	158.88	m	10.69	4.681	F8	0.797
HIP 59962		184.4732	31.99247	158.88	m	9.544	3.539	F5	0.485
HIP 492		1.47853	-14.43277	158.89	m	9.649	3.644	G0	0.52
HD 191554	HIP 99499	302.89281	-27.32827	158.91	m	9.328	3.322	G0 V	0.668
HIP 96182		293.34908	30.286	158.91	m	9.932	3.926	G0V	0.569
HIP 12529		40.30684	9.77002	158.93	m	10.22	4.218	F2	0.38
HD 89555	HIP 50376	154.28859	-71.20569	158.95	m	9.002	2.996	F0/2 V	0.391
HIP 44027		134.49102	41.65546	158.97	m	9.521	3.514	G 2 V	0.701
HIP 3373		10.72172	20.77662	158.98	e	9.368	3.361	F8	0.586
HD 6516	HIP 5146	16.46898	-25.48097	158.98	m	9.272	3.265	A9 V	0.402
HD 147919	HIP 80643	246.9867	-58.80803	159	m	9.446	3.439	F8/G0 V	0.721
HD 224447	HIP 118152	359.49708	13.18304	159.02	m	9.034	3.027	F8	0.543
HD 139824	HIP 76856	235.40334	-36.41932	159.03	m	9.749	3.742	G3 V	0.767
HD 180074	HIP 95431	291.18452	-77.67646	159.03	m	9.689	3.682	F6/7 IV	0.492
HIP 69852		214.43303	76.79634	159.04	m	9.765	3.757	G5	0.734
HD 152993	HIP 83122	254.79703	-46.95043	159.04	m	9.168	3.16	G2 V	0.661
HIP 54345		166.76669	40.0792	159.05	m	9.579	3.571	K0	1.024
HIP 60205		185.18419	-52.25693	159.07	m	10.13	4.121	F5	0.542
HD 198251	HIP 102957	312.8913	-56.38814	159.08	m	9.453	3.445	F7/G0	0.489
HD 238128	HIP 61137	187.91846	56.00495	159.1	m	9.832	3.824	G0	0.585
HIP 100512		305.72456	6.18267	159.11	m	9.825	3.817	F8	0.618
HD 208758	HIP 108586	329.95606	-50.24502	159.11	m	9.011	3.002	F3 V	0.4
HIP 14259		45.96241	29.59246	159.19	m	11.58	5.574		1.526
HD 135397	HIP 74966	229.78854	-69.13091	159.19	m	9.715	3.705	G2/3 V	0.752
HD 13553	HIP 10488	33.80483	67.89893	159.21	m	9.1	3.09	F0	0.38
HD 25637	HIP 18179	58.33332	-79.80978	159.23	m	9.153	3.143	F5 V	0.549
HIP 75632		231.78752	39.4932	159.24	m	9.341	3.331	F5	0.453
HD 14964	HIP 11236	36.16193	-5.89332	159.24	e	9.581	3.571	F3/5 V	0.547
HD 159785	HIP 86309	264.5338	-36.23688	159.24	m	10.2	4.186	F3/5 V	0.368
HD 137894	HIP 75305	230.78953	72.96491	159.31	m	9.099	3.088	G5	0.453
HIP 57329		176.32097	46.50016	159.31	m	10.06	4.047	G0	0.66
HD 4878	HIP 3878	12.44999	-63.75275	159.32	m	9.893	3.882	G8/K0 IV/V	1.053
HD 111769	HIP 62768	192.93663	-15.69232	159.32	m	9.776	3.765	F5 V	0.462
HIP 36761		113.40229	47.70205	159.36	m	10.55	4.54	G0	0.706
HD 112169	HIP 63074	193.8673	-63.1325	159.36	m	9.677	3.665	F2 V	0.484
HIP 100388		305.37929	-32.40463	159.37	m	9.977	3.965	G2	0.677
HIP 83295		255.35115	37.11775	159.37	m	10.4	4.388	F8	0.563
HIP 103465		314.4297	-32.79987	159.38	m	10.19	4.182	G2	0.746
HIP 106017		322.09549	-29.37574	159.38	m	11.29	5.274		0.65
HD 12697	HIP 3560	11.3858	-89.169	159.39	m	9.698	3.686	G2 (V)	0.774
HD 284141	HIP 19262	61.92916	21.26262	159.42	m	9.308	3.295	F8	0.672
HIP 75457		231.23013	9.75672	159.43	m	9.79	3.777	F8	0.579
HD 219260	HIP 114765	348.7154	-34.03485	159.44	m	9.278	3.265	F6 V	0.536
HIP 2067		6.54148	7.63496	159.44	m	11.51	5.493		0.264
HIP 16568		53.33288	15.53698	159.45	m	9.211	3.198	F2	0.565
HD 157204	HIP 85088	260.85717	-35.1993	159.45	m	9.869	3.856	F8/G0 V	0.71
HIP 17668		56.75742	8.66477	159.46	m	10.77	4.759	F8	0.673
HD 118940	HIP 66695	205.07152	-8.01951	159.47	m	9.288	3.275	F2 V	0.439
HD 15552	HIP 11636	37.53271	0.10288	159.49	m	9.046	3.032	F5 V	0.505
HD 219331	HIP 114925	349.18214	-75.53439	159.49	e	9.201	3.187	F8 V	0.549
HIP 36018		111.3379	42.96762	159.5	m	9.472	3.458	G0	0.758
HD 20862	HIP 15248	49.17249	-71.31838	159.5	m	9.221	3.207	F6 V	0.481
HD 208320	HIP 108279	329.05761	-33.01569	159.55	m	9.233	3.219	F2 V	0.443
HD 63470	HIP 38295	117.69364	38.58791	159.55	m	9.075	3.06	F5	0.398
HIP 76272		233.6884	62.27895	159.56	m	10.54	4.53	G0:	0.661
HD 125750	HIP 70007	214.87254	57.40643	159.56	m	9.213	3.198	G5	0.69
HIP 8411		27.12569	-11.79461	159.57	m	9.807	3.792	G5	0.684
HIP 107524		326.6566	-17.12285	159.57	m	11	4.981		0.778
HIP 68764		211.11389	26.60167	159.57	m	10.22	4.201	F8	0.59
HD 235463	HIP 104790	318.44113	52.57462	159.58	m	9.244	3.229	G0	0.478
HIP 24408		78.54634	-6.65211	159.61	m	9.788	3.773	F5	0.53
HIP 47772		146.09872	44.05047	159.62	m	10.43	4.412	G0	0.812
HIP 108222		328.86963	52.53056	159.63	m	10.55	4.533		0.75
HD 145659	HIP 79508	243.36796	-33.58847	159.66	m	9.321	3.305	F6/8 + A7/9	0.617
HD 103012	HIP 57845	177.92964	44.79812	159.67	m	9.17	3.154	G0	0.723
HIP 43442		132.71419	45.91587	159.68	m	9.067	3.051	G 5 III	1.087
HIP 50947		156.06752	38.12578	159.68	m	9.175	3.159	G5	0.974
HD 42667	HIP 29191	92.36509	-47.25529	159.71	m	9.454	3.437	F3/5 V	0.471
HD 103693	HIP 58239	179.17476	42.48412	159.71	m	9.714	3.697	F8	0.414
HD 148746	HIP 80881	247.72819	-17.798	159.73	m	10.04	4.023	F8 V	0.753
HD 146435	HIP 79760	244.18878	-12.54372	159.73	m	9.435	3.418	F0 V	0.588
HD 171919	HIP 91331	279.42501	-10.72606	159.74	m	9.976	3.959	G6/8 (IV)	1.032
HIP 75893		232.52266	74.03174	159.74	m	11.41	5.393		0.965
HD 237449	HIP 28666	90.79001	58.22353	159.74	e	9.478	3.461	G5	0.899
HIP 70642		216.7432	17.4349	159.76	m	10.1	4.087	F8	0.566
HD 223010	HIP 117211	356.49784	-39.74805	159.78	m	9.317	3.299	G3/5 V	0.812
HD 220913	HIP 115812	351.93101	-19.88752	159.78	m	10.01	3.995	G3 V	0.644
HIP 70230		215.5187	31.87288	159.78	m	9.377	3.359	K 3 V	1.23
HD 209118	HIP 108764	330.48609	-37.94487	159.8	m	9.364	3.346	F6 V	0.581
HD 286987	HIP 21973	70.8405	12.446	159.8	m	9.676	3.658	B8	0.743
HD 135821	HIP 74656	228.82646	49.7509	159.82	m	9.313	3.295	K0	0.511
HD 134906	HIP 74430	228.17009	-12.38717	159.82	m	9.283	3.265	F5 V	0.575
HD 208402	HIP 108308	329.12833	-22.10259	159.83	m	9.353	3.335	G8 V	0.895
HIP 69047		212.00099	32.20919	159.85	m	9.56	3.541	F2	0.457
HD 166654	HIP 89746	274.7275	-73.07125	159.85	m	9.916	3.897	G0 V	0.626
HD 232854	HIP 18256	58.57693	54.90424	159.86	m	9.871	3.852	F8V	0.62
HD 132053	HIP 73187	224.37028	-14.90935	159.86	m	9.632	3.613	F3 V	0.543
HIP 1802		5.71458	-80.40978	159.89	m	10.85	4.834		0.674
HD 239203	HIP 97164	296.23799	59.71327	159.89	m	9.286	3.267	F5	0.502
HD 14670	HIP 10998	35.42999	-16.96366	159.9	m	9.587	3.568	F6 IV/V	0.497
HD 173229	HIP 91998	281.26605	-21.7565	159.91	m	9.486	3.467	F6 V	0.525
HD 5886	HIP 4667	14.98685	-30.42918	159.92	m	9.89	3.87	G2 V	0.493
HD 61472	HIP 37115	114.39275	-42.88922	159.93	m	9.265	3.245	F8 V	0.578
HIP 75841		232.38705	-50.25921	159.95	m	10.89	4.875	G5	0.451
HD 20199	HIP 15051	48.49184	-24.29591	159.97	m	9.527	3.507	F5 V	0.541
HIP 54853		168.45894	3.42451	159.99	m	9.486	3.465	F5	0.565
HD 201482	HIP 104556	317.69487	-28.62918	160	m	9.294	3.273	G1/2 V	0.659
HD 214809	HIP 111947	340.14493	6.52861	160	e	9.249	3.228	F 3 V	0.489
HD 191827	HIP 99678	303.41822	-44.60871	160.04	m	9.314	3.293	F3/5 V	0.452
HIP 77637		237.74556	8.42326	160.05	m	10.15	4.125	G0	0.525
HIP 58234		179.16384	-12.37749	160.05	m	9.627	3.606	G0	0.686
HIP 59223		182.19591	30.94278	160.06	m	10.64	4.619	F8	0.404
HD 7152	HIP 5545	17.78206	-47.56195	160.07	m	9.427	3.405	G8 V	0.89
HD 224463	HIP 118165	359.53563	-33.13215	160.09	m	9.183	3.161	F2 V	0.43
HIP 14667		47.37013	3.02121	160.09	m	10.95	4.926	G0	0.62
HD 19033	HIP 14274	46.00443	9.66532	160.09	m	9.351	3.329	F0	0.468
HD 5011	HIP 4018	12.87607	-47.81919	160.1	m	9.846	3.824	F5 V	0.517
HIP 74498		228.36433	-29.24661	160.1	m	10.06	4.042	F8	0.767
HD 218870	HIP 114506	347.86996	-10.50954	160.11	m	9.162	3.14	F3 IV/V	0.444
HIP 40408		123.73706	32.14923	160.12	m	9.274	3.252	F2	0.418
HIP 4754		15.27708	16.37265	160.15	m	10.63	4.603	sdF7::	0.494
HD 113517	HIP 63781	196.09337	-1.97377	160.15	m	9.355	3.332	F2 V	0.388
HD 341330	HIP 103175	313.56315	24.79231	160.15	m	9.422	3.399	G0	0.632
HD 207633	HIP 107898	327.91865	-49.68791	160.16	m	9.822	3.799	G0 V	0.651
HD 119348	HIP 66829	205.44873	46.21977	160.16	m	9.356	3.333	G0	0.49
HD 178180	HIP 94065	287.245	-35.0352	160.18	m	9.203	3.18	F3 V	0.446
HD 200808	HIP 104236	316.78768	-43.9543	160.19	m	10.13	4.11	G6 IV/V	0.827
HIP 83759		256.77419	31.83273	160.19	m	11.31	5.286		0.877
HD 24559	HIP 18423	59.08412	46.57237	160.21	m	9.142	3.118	F8	0.59
HIP 50012		153.15804	48.40573	160.23	m	9.935	3.911	F8	0.623
HIP 37620		115.79237	39.29864	160.24	m	9.298	3.274	F8	0.517
HIP 41762		127.74216	48.01342	160.24	m	9.097	3.073	F8	0.587
HIP 13042		41.90093	10.23038	160.24	m	10.31	4.286	G5	0.659
HD 93224	HIP 52749	161.77745	58.70904	160.27	m	9.593	3.569	F8	0.499
HD 132116	HIP 73267	224.60873	-33.68085	160.29	m	9.043	3.018	F3 V	0.44
HD 17383	HIP 13043	41.90618	10.22626	160.3	m	9.127	3.102	F5	0.527
HIP 67525		207.52926	31.23224	160.34	m	9.795	3.77	K 2 V	1.177
HD 283682	HIP 21262	68.42861	28.72949	160.36	m	10.02	3.998	F8	0.675
HD 139100	HIP 76755	235.09116	-66.54922	160.36	m	9.112	3.086	G2/3 V	0.704
HD 160421	HIP 86298	264.50171	39.72747	160.37	m	9.009	2.983	G5	0.658
HIP 112587		342.04079	-40.75393	160.38	m	10.66	4.631	F8	0.648
HD 254339	HIP 29874	94.35323	32.70762	160.38	m	9.414	3.388	F8	0.513
HIP 55104		169.2378	26.06109	160.38	m	11.25	5.224		0.851
HIP 34366		106.85116	47.09762	160.39	m	9.365	3.339	G0	0.721
HIP 66615		204.81623	-48.99962	160.39	m	9.302	3.276		0.94
HD 83582	HIP 47353	144.72897	-22.96483	160.41	m	9.058	3.032	F5 V	0.484
HD 146089	HIP 79644	243.79353	-22.11943	160.42	m	10.4	4.37	F5 V	0.732
HD 100800	HIP 56580	174.00229	-6.08711	160.43	m	9.945	3.919	F8 V	0.609
HD 212041	HIP 110499	335.75186	-59.07468	160.44	m	9.308	3.281	F7 V	0.583
HD 215423	HIP 112375	341.40825	-37.11922	160.49	m	9.477	3.45	F5 V	0.483
HD 3783	HIP 3168	10.10066	-23.42946	160.51	m	9.574	3.546	F3 V	0.486
HD 257182	HIP 30682	96.71657	24.9709	160.52	m	9.155	3.127	F2	0.403
HD 61196	HIP 36862	113.67922	-58.65714	160.52	m	9.047	3.019	G8 IV	1.064
HIP 113506		344.80772	24.03302	160.53	m	11.4	5.377		
HIP 15497		49.92249	47.93513	160.55	m	9.73	3.702	F8	0.816
HD 52627	HIP 32840	102.6847	-79.08365	160.57	m	10.25	4.218	K1/2 III/V	0.992
HD 136942	HIP 75421	231.13813	-34.06523	160.58	m	9.338	3.31	F0 V	0.497
HD 21717	HIP 16288	52.48895	-6.98798	160.58	m	9.075	3.047	F7 V	0.534
HIP 72212		221.53336	0.76071	160.58	m	10.03	4.006	G0	0.805
HD 233575	HIP 43382	132.55131	53.83965	160.58	m	9.837	3.809	G0	0.579
HD 23425	HIP 17095	54.92438	-71.09839	160.58	m	9.024	2.995	F0 IV	0.405
HD 2586	HIP 2284	7.29534	-45.05931	160.61	m	9.093	3.064	F7 V	0.515
HIP 13783		44.35242	-6.32666	160.62	m	9.391	3.362	F8	0.579
HIP 109364		332.34876	-41.97427	160.62	m	10.4	4.367	G0	0.755
HD 201675	HIP 104574	317.75743	1.02972	160.62	m	9.183	3.154	F7 V	0.526
HIP 72025		220.99834	7.37075	160.62	m	10.5	4.469	F8	0.675
HIP 104330		317.01655	23.37719	160.63	m	9.625	3.596	F8	0.61
HIP 64634		198.72097	29.749	160.64	m	11.04	5.007		0.832
HIP 15667		50.46193	60.24375	160.64	m	11.83	5.798		1.062
HD 110909	HIP 62293	191.47504	-51.45088	160.64	m	9.3	3.271	G8 V	0.917
HIP 15100		48.69671	20.34135	160.7	m	9.186	3.156	F0	0.4
HD 14937	HIP 11227	36.12595	-1.74978	160.7	m	9.144	3.114	G5/8 + G3/5	0.651
HD 17786	HIP 13443	43.28674	50.41747	160.71	m	9.26	3.23	F2	0.444
HD 212554	HIP 110748	336.54875	-47.26338	160.71	m	9.508	3.478	G0 V	0.681
HD 238289	HIP 67413	207.24754	58.25418	160.72	m	10.05	4.018	G5	0.556
HIP 53885		165.3698	65.18389	160.72	m	9.92	3.89	F8	0.524
HD 11678	HIP 8780	28.2354	-56.6439	160.72	m	9.407	3.377	F7 V	0.533
HD 13405	HIP 10188	32.74473	-1.91464	160.74	m	9.375	3.344	F2 V	0.461
HD 13250	HIP 10016	32.24297	-23.80691	160.74	m	9.167	3.136	F2 V	0.493
HD 284023	HIP 23032	74.28894	24.95268	160.75	m	9.712	3.681	F8	0.819
HD 26033	HIP 19227	61.81617	-1.08881	160.76	m	9.687	3.656	F6 V	0.473
HD 174446	HIP 92564	282.93072	-29.31747	160.78	m	9.338	3.307	F5 V	0.595
HIP 51684		158.37858	28.87415	160.78	m	9.421	3.39	G 0 V	0.552
HIP 16944		54.51275	18.48099	160.78	m	9.914	3.883	F8	0.549
HIP 117974		358.92843	31.26924	160.79	m	10.56	4.534		0.921
HD 216961	HIP 113300	344.17543	43.88744	160.83	m	9.268	3.236	A3	0.418
HD 154963	HIP 83927	257.32105	-13.74307	160.84	m	9.89	3.858	F2 V (+ A)	0.569
HD 125123	HIP 69807	214.29485	13.40424	160.85	m	9.512	3.48	G0	0.522
HIP 56669		174.28891	67.09592	160.85	m	10.88	4.846		0.661
HD 99763	HIP 55996	172.13333	-6.10185	160.86	m	9.65	3.618	F2 V	0.435
HD 247567	HIP 27310	86.78321	15.46348	160.87	m	9.054	3.022	F8	0.481
HD 90933	HIP 51405	157.49052	3.06721	160.87	m	9.057	3.025	F0 V	0.369
HD 231269	HIP 95277	290.76388	14.30497	160.87	m	9.848	3.816	F 7 V WLS	0.486
HIP 61577		189.27174	17.8803	160.9	m	10.46	4.429	G5	0.717
HIP 55206		169.56759	27.95545	160.93	m	10.69	4.652	G0	0.715
HD 234150	HIP 71107	218.12722	50.82796	160.93	m	9.479	3.446	G5	0.569
HD 8515	HIP 6519	20.92635	-26.19195	160.94	m	9.291	3.258	G6 V	0.903
HD 141803	HIP 77780	238.22974	-45.80093	160.94	m	9.175	3.142	F7/8 V	0.617
HD 145839	HIP 79610	243.67943	-38.64526	160.94	m	9.902	3.869	G1/2 V	0.566
HD 577	HIP 831	2.53886	-49.14339	160.95	m	9.207	3.174	F5 V	0.517
HD 130879	HIP 72741	223.07372	-48.79101	160.95	m	9.335	3.302	F3 IV/V	0.486
HD 204726	HIP 106173	322.58867	14.86793	160.96	m	9.124	3.09	G0	0.493
HD 200622	HIP 104103	316.36381	-30.30751	160.98	m	9.228	3.194	F6 V	0.497
Gl 9433	HIP 64251	197.54041	73.96099	161	m	9.441	3.407		0.532
HD 266225	HIP 33286	103.86136	20.19241	161.02	m	9.538	3.504	G0	0.534
HD 205862	HIP 106943	324.88808	-46.32288	161.03	m	9.039	3.005	F0 V	0.402
HD 138874	HIP 76370	233.96859	-29.57355	161.04	m	9.066	3.031	F7 V	0.601
HD 102810	HIP 57717	177.54767	-21.1887	161.05	m	9.116	3.081	F5 V	0.482
HD 11263	HIP 8511	27.4366	-42.59734	161.06	m	9.136	3.101	G2 V	0.754
HD 211213	HIP 109913	333.91396	0.9738	161.1	m	9.048	3.012	F0 V	0.401
HD 318931	HIP 88649	271.48377	-31.92245	161.11	m	9.318	3.282	F2	0.442
HD 64033	HIP 37796	116.25095	-73.84191	161.11	m	9.031	2.995	F2 V	0.412
HD 4637	HIP 3737	11.99827	-39.28221	161.11	m	9.343	3.307	F7/8 V	0.596
HD 59719	HIP 36063	111.47791	-68.73709	161.12	m	9.219	3.183	G8 IV	1.032
HD 66634	HIP 39628	121.47653	36.88431	161.13	m	9.024	2.988	F2	0.444
HIP 110734		336.51878	21.09685	161.15	m	9.001	2.965	G5	0.797
HIP 34910		108.34308	65.43177	161.15	m	9.936	3.9	F8	0.686
HIP 50225		153.79369	11.8788	161.15	m	9.614	3.578	G0	0.561
HD 111891	HIP 62817	193.08163	26.49057	161.15	m	9.378	3.342	F 6 V	0.569
HD 111117	HIP 62407	191.83698	-30.21261	161.16	m	9.661	3.625	F8/G0 V	0.647
HD 144729	HIP 79054	242.04379	-23.85067	161.19	m	9.217	3.18	F0 V	0.487
HD 133923	HIP 73911	226.57279	24.93914	161.19	m	9.176	3.139	G0	0.603
HD 213925	HIP 111490	338.82382	-30.62698	161.21	m	10.74	4.705	G5/6 (V)	0.964
HD 232509	HIP 7995	25.67571	50.89586	161.26	m	9.372	3.334	F8	0.651
HD 133261	HIP 73792	226.23356	-42.34394	161.27	m	9.418	3.38	F2 V	0.407
HIP 60492		186.01954	2.2979	161.28	m	9.999	3.961	G0	0.621
HIP 8047		25.83335	-5.1187	161.29	m	9.837	3.799	G5	0.781
HD 114702	HIP 64545	198.44155	-67.9261	161.3	m	9.037	2.999	F6 V	0.517
HD 13327	HIP 10097	32.45374	-20.2726	161.33	m	9.931	3.892	G0 V	0.641
HD 149664	HIP 81392	249.3403	-30.11449	161.33	m	9.666	3.627	G2/3 V	0.828
HIP 108799		330.61429	-77.31403	161.34	m	10.02	3.985		0.384
HD 275988	HIP 18552	59.55699	39.45555	161.34	m	9.434	3.395	F5	0.563
HD 220480	HIP 115536	351.05555	-33.45188	161.35	m	10.21	4.17	G5/6 V	0.777
HD 23200	HIP 17360	55.73853	-8.85591	161.36	m	9.287	3.248	F2 V	0.489
HD 93110	HIP 52504	161.03328	-54.75538	161.37	m	9.818	3.779	G0	0.645
HD 282650	HIP 22778	73.48572	29.34541	161.38	m	9.483	3.444	F2	0.44
HD 13952	HIP 8550	27.56902	-87.22849	161.39	m	9.264	3.225	F5/6 V	0.604
HD 223095	HIP 117251	356.63085	17.08693	161.4	m	9.513	3.473	F8	0.511
HIP 92875		283.86883	29.22662	161.41	m	9.13	3.09	F2	0.386
HIP 6459		20.76994	2.62271	161.42	m	9.64	3.6	F8	0.531
HD 233566	HIP 42832	130.91271	51.39519	161.42	m	9.25	3.21	G0	0.642
HD 220027	HIP 115295	350.26393	-56.30282	161.42	m	9.864	3.824	F6 V	0.515
HD 219897	HIP 115166	349.91794	-28.73152	161.43	m	9.582	3.542	F3 V	0.486
HD 122263	HIP 68558	210.51846	-49.70102	161.44	m	9.335	3.295	F2 V	0.436
HD 78509	HIP 44355	135.4894	-76.89438	161.45	m	9.13	3.09	F5 V	0.503
HIP 105446		320.3704	-24.70752	161.45	m	9.364	3.324	F3V	0.425
HIP 55245		169.70847	15.59754	161.46	m	9.482	3.442	F8	0.548
HD 117999	HIP 66168	203.44714	22.6965	161.47	m	9.217	3.177	G0	0.477
HD 218593	HIP 114338	347.3549	-18.62715	161.47	m	9.248	3.208	F5 V	0.514
HIP 72189		221.48671	46.65693	161.47	m	10.2	4.158	F8	0.519
HD 3011	HIP 2617	8.30872	-30.93922	161.48	m	10.29	4.248	G2 V	0.645
HD 30067	HIP 22096	71.32591	24.41013	161.49	m	9.094	3.053	A 4 V	0.431
HIP 7621		24.54174	12.8462	161.49	m	9.551	3.51	F5	0.549
HD 202117	HIP 104891	318.70959	-35.06327	161.49	m	9.914	3.873	G2/3 V	0.744
HD 131316	HIP 72662	222.85617	44.60857	161.5	m	9.757	3.716	F5...	0.557
HD 287296	HIP 23045	74.34824	11.5098	161.51	m	10.12	4.075	F8	0.611
HD 2050	HIP 1944	6.14187	-24.7392	161.51	m	9.344	3.303	F7 V	0.547
HIP 36571		112.83802	-27.41182	161.51	m	9.441	3.4	F8	0.425
HD 123585	HIP 69176	212.39915	-44.367	161.51	m	9.272	3.231	F7 VWP SR	0.645
HD 154249	HIP 83720	256.66698	-47.85192	161.53	m	9.226	3.185	F6/8	0.672
HIP 76004		232.83209	-48.19223	161.53	m	9.821	3.78	G0	0.543
HIP 72979		223.71476	36.39602	161.53	m	9.648	3.607	G0	0.657
HD 31181	HIP 22805	73.58598	17.60914	161.54	m	9.619	3.578	F8	0.613
HD 113558	HIP 63925	196.49816	-68.57181	161.54	m	9.589	3.548	F6/7 IV/V	0.598
HD 110229	HIP 61906	190.29477	-58.31649	161.55	m	9.204	3.163	F3/5 V	0.44
HIP 101940		309.86372	73.80928	161.55	m	10.22	4.181	G0	0.6
HIP 63086		193.89014	18.17268	161.55	m	10.38	4.339	F8	0.67
HD 6671	HIP 5234	16.73165	-32.75456	161.56	m	10.32	4.274	F6/7 V	0.596
HD 7651	HIP 5933	19.07059	-7.14897	161.58	m	9.779	3.737	G5/8 + F/G	0.704
HD 232807	HIP 16642	53.53572	50.58327	161.59	m	9.601	3.559	F5	0.605
HD 82949	HIP 46949	143.53017	-37.13089	161.61	m	9.771	3.729	G2/3 V	0.719
HD 233827	HIP 55493	170.4668	49.67161	161.61	m	9.734	3.692	A0	0.79
HD 80937	HIP 45713	139.78445	-67.73188	161.62	m	9.384	3.342	F7 IV/V	0.546
HD 21756	HIP 16334	52.64317	2.07965	161.62	m	9.031	2.989	F5 V	0.494
HIP 17404		55.93685	-29.53201	161.62	m	10.33	4.287	F5	0.45
HD 114536	HIP 64278	197.59949	52.43518	161.64	m	9.387	3.344	G0	0.424
HIP 107909		327.94348	64.89941	161.65	m	9.984	3.941		0.743
HD 83420	HIP 47055	143.85209	-64.43873	161.66	m	9.107	3.064	F5 V	0.531
HD 95606	HIP 53969	165.60714	30.42297	161.66	m	9.034	2.991	F5	0.468
HD 186668	HIP 97354	296.79665	-37.1604	161.66	m	10.1	4.059	F8/G0 V	0.608
HD 282615	HIP 23023	74.26414	31.09256	161.66	m	9.575	3.532	F5	0.624
HD 107272	HIP 60297	185.45829	-85.01003	161.67	m	9.23	3.187	G8 III(CNIV/V)	0.969
HIP 116020		352.62361	-7.27872	161.69	m	9.968	3.925	F8	0.511
HIP 56309		173.15987	52.78577	161.7	m	10.24	4.196		0.537
HD 26960	HIP 19683	63.25141	-54.01783	161.71	m	9.481	3.437	F3 IV	0.381
HD 143185	HIP 78629	240.77997	-65.65557	161.72	m	9.211	3.167	F0 V	0.444
HIP 100748		306.39271	-12.04061	161.73	m	11.14	5.096		0.899
HD 21732	HIP 16342	52.65545	8.57476	161.78	m	9.749	3.704	G0	0.668
HD 145785	HIP 79817	244.35713	-67.41361	161.79	m	9.26	3.215	K0 V	1.103
HD 214704	HIP 111951	340.15898	-39.27657	161.79	m	9.907	3.862	G3 V	0.713
HD 163716	HIP 87949	269.49115	-9.79618	161.8	m	10.21	4.161	F6/8	1.031
HD 224603	HIP 118260	359.8078	9.37208	161.82	m	9.425	3.38	F8	0.493
HD 18029	HIP 13547	43.61467	23.84719	161.82	m	9.313	3.268	F5	0.467
HD 167059	HIP 89591	274.23671	-56.55888	161.87	m	9.742	3.696	G3 V	0.635
HIP 62393		191.80478	51.06446	161.88	m	10.21	4.164	F8	0.547
HD 148686	HIP 80924	247.87508	-40.21095	161.88	m	9.849	3.803	K2/3 (V)	0.739
HD 129143	HIP 71966	220.78503	-57.01158	161.9	m	9.735	3.689	F7 V	0.722
HD 335909	HIP 89704	274.61593	27.13545	161.91	m	9.449	3.403	G5	0.635
HD 79530	HIP 45475	139.00041	40.38741	161.91	m	9.18	3.134	F5	0.452
HD 163289	HIP 87757	268.89411	-5.05701	161.92	m	9.143	3.097	F3 IV	0.631
HIP 29701		93.85059	36.3579	161.92	m	9.431	3.385	G0	0.628
HD 211725	HIP 110288	335.09535	-51.10877	161.93	m	9.208	3.161	F5 V	0.468
HD 22008	HIP 16519	53.17425	-1.6677	161.95	m	9.033	2.986	A9 V	0.292
HD 172836	HIP 91939	281.12739	-44.64187	161.97	m	9.082	3.035	F6 V	0.517
HD 8022	HIP 6199	19.87873	-10.67649	161.98	m	9.641	3.594	F7 V	0.556
HD 223318	HIP 117441	357.19249	-51.48875	162.01	m	9.285	3.237	G8 IV/V	0.958
HD 211258	HIP 109978	334.12637	-35.18687	162.02	m	9.041	2.993	F0 V	0.373
HD 44463	HIP 30135	95.12804	-32.60226	162.03	m	9.086	3.038	F5 V	0.478
HD 283843	HIP 22409	72.33341	27.74825	162.04	m	10.08	4.036	F8	0.508
HD 190085	HIP 98900	301.2579	-43.08286	162.04	m	9.98	3.932	G8 V	0.844
HIP 11975		38.61781	8.64347	162.05	m	12.56	6.509	K7	
HD 147426	HIP 79863	244.52926	62.94938	162.06	m	9.169	3.121	F5	0.373
HIP 48566		148.58762	38.91231	162.07	m	9.29	3.241	G0	0.57
HIP 87573		268.3548	81.31147	162.1	m	9.059	3.01	F0	0.439
HD 182333	HIP 95778	292.20356	-65.69606	162.11	m	9.347	3.298	G0 V	0.655
HIP 8777		28.21589	32.88888	162.12	m	9.151	3.102	G0	0.922
HIP 67779		208.2897	7.92219	162.12	m	10.19	4.144	G0	0.683
HD 46755	HIP 31170	98.10124	-51.17095	162.13	m	9.131	3.082	F0 V	0.34
HIP 6509		20.90491	1.90173	162.13	m	9.922	3.873	F5	0.507
HIP 43381		132.54365	22.88962	162.14	m	10.22	4.172	G0	0.717
HIP 18221		58.43925	48.88827	162.15	m	9.648	3.598	F8	0.541
HD 341518	HIP 88480	271.00365	22.68144	162.17	m	9.864	3.814	K0	1.125
HIP 57777		177.72216	13.58739	162.17	m	9.212	3.162	F2	0.535
HIP 99882		303.97307	-37.97789	162.21	m	10.61	4.563	F8	0.954
HD 98734	HIP 55512	170.54179	46.59159	162.22	m	9.114	3.064	F0	0.362
HD 49055	HIP 32655	102.17925	43.02992	162.23	m	9.492	3.441	F8	0.4
HD 214866	HIP 112046	340.41911	-34.09938	162.24	m	10.09	4.041	G1 V	0.78
HIP 101744		309.32074	8.94135	162.25	m	9.408	3.357	F2	0.472
HD 259142	HIP 31257	98.33679	32.94997	162.25	m	9.468	3.417	F5	0.427
HD 118835	HIP 66752	205.22713	-60.5989	162.25	m	9.711	3.66	F7/G0 V	0.614
HD 177895	HIP 93964	286.98381	-32.46861	162.27	m	9.261	3.21	G8 V	1.073
HD 27344	HIP 19928	64.13351	-49.95276	162.28	m	10.06	4.011	G6 V	0.83
HD 99435	HIP 55793	171.46115	-59.59273	162.28	m	9.321	3.27	G0/2 V	0.685
HIP 10485		33.80002	50.32649	162.28	m	9.008	2.957		1.012
HIP 40525		124.12481	14.41182	162.29	m	9.457	3.405	F5	0.512
HD 117314	HIP 65894	202.60762	-51.13438	162.29	m	9.148	3.096	F5/6 V	0.537
HIP 22033		71.05358	62.07535	162.3	m	10.16	4.108	G5	0.633
HIP 52005		159.36452	24.91703	162.3	m	10.23	4.176	F8	0.588
HD 17545	HIP 13091	42.07414	-17.54828	162.34	m	9.847	3.795	F7 V	0.513
HIP 2232		7.07127	63.73498	162.34	e	9.503	3.451	G0	0.826
HD 146564	HIP 79774	244.21849	1.2215	162.34	e	9.52	3.468	G1/2 V	0.66
HIP 54193		166.30955	43.14174	162.35	m	9.626	3.574	G0	0.71
HD 275921	HIP 18421	59.07719	40.86223	162.35	m	10.16	4.108	F8	0.774
HIP 118082		359.29387	28.58187	162.39	m	9.892	3.839	G0	0.58
HD 13351	HIP 10083	32.41653	-31.59426	162.43	m	9.919	3.866	G3/5 (V)	0.848
HD 65367	HIP 39167	120.16898	49.39506	162.43	m	9.185	3.132	F5	0.38
HIP 17605		56.56717	7.69262	162.44	m	10.19	4.137	F8	0.598
HIP 63100		193.92048	12.55854	162.49	m	11.21	5.156	sdF4:	0.461
HIP 73467		225.22868	25.79784	162.5	m	9.147	3.093	F8	0.614
HIP 74971		229.80493	43.48131	162.51	m	9.713	3.659	G0	0.656
HD 194353	HIP 101049	307.26828	-65.56984	162.51	m	9.358	3.304	F8 V	0.55
HD 124947	HIP 69954	214.72617	-64.35993	162.52	m	9.271	3.216	F3 V	0.443
HD 240457	HIP 118124	359.39947	58.63223	162.53	m	9.297	3.242	F2	0.461
HD 233461	HIP 38443	118.13142	50.16926	162.53	m	9.326	3.271	F5	0.526
HD 141574	HIP 77601	237.64049	-20.71807	162.53	m	10.23	4.172	F2 V	0.575
HD 120989	HIP 67831	208.4215	-41.02069	162.54	m	9.576	3.521	K0 IV/V	1.115
HIP 82060		251.43366	30.00145	162.54	m	9.611	3.556	F0	0.701
HD 105804	HIP 59362	182.68364	45.17492	162.56	m	9.323	3.268	F8	0.683
HD 79303	HIP 45304	138.5018	26.17634	162.58	m	9.3	3.245	K0	1.164
HIP 39112		120.0305	37.71249	162.59	m	9.345	3.29	F8	0.578
HD 122556	HIP 68694	210.91709	-46.30186	162.63	m	9.505	3.449	F6 V	0.573
HIP 7041		22.69367	9.75579	162.63	m	11.26	5.199	G5	0.395
HD 187707	HIP 98771	300.91066	-80.92637	162.65	m	10.05	3.999	F8/G2	0.63
HD 26583	HIP 19649	63.15652	12.45621	162.66	m	9.055	2.999	G0	0.609
HIP 41930		128.22588	38.51042	162.67	m	9.586	3.529	G0	0.714
HD 14546	HIP 10957	35.28266	5.69114	162.71	m	9.237	3.18	G5	1.035
HD 1739	HIP 1705	5.36522	-48.99655	162.71	m	9.442	3.385	F7 V	0.525
HD 106144	HIP 59568	183.2342	-50.67086	162.72	m	9.272	3.215	F3/5 V	0.459
HIP 41867		128.05844	48.2398	162.72	m	9.857	3.8	G0	0.658
HD 153954	HIP 83746	256.74015	-63.99102	162.72	m	9.282	3.225	G6 V	0.885
HD 78601	HIP 44623	136.39325	-66.61273	162.72	m	9.452	3.395	F8/G0 (V)	0.7
HIP 72626		222.74316	-1.43471	162.73	m	10.39	4.332	F8	0.528
HD 78416	HIP 44992	137.465	48.15496	162.73	m	9.702	3.645	G5	0.659
HD 75071	HIP 42836	130.92149	-67.41502	162.73	m	9.512	3.455	F2 V	0.386
HD 88724	HIP 50146	153.55131	10.50789	162.75	m	9.484	3.426	G	0.497
HIP 63680		195.75805	19.92722	162.75	m	9.84	3.782	G0	0.514
HD 39749	HIP 27899	88.55312	-6.40418	162.76	m	9.109	3.051	F6 V	0.586
HD 205652	HIP 106816	324.50645	-44.9203	162.76	m	9.385	3.327	F8 V	0.681
HIP 83930		257.33293	-15.20215	162.79	m	9.885	3.827	F5	0.722
HIP 52854		162.11748	-20.2063	162.8	m	11.75	5.696	G:	0.191
HD 237397	HIP 25899	82.92761	55.52106	162.82	m	9.896	3.838	F8	0.61
HD 34315	HIP 24668	79.38514	22.8292	162.82	m	9.163	3.104	F5	0.472
HIP 17762		57.03896	10.17265	162.83	m	9.352	3.293	F5	0.582
HD 204841	HIP 106501	323.57272	-66.24531	162.84	m	9.427	3.368	F7 V	0.589
HD 4645	HIP 3624	11.61786	-76.92174	162.85	m	9.282	3.223	F5 V	0.493
HD 234776	HIP 93360	285.24777	53.18431	162.86	m	9.511	3.452	F8	0.571
HIP 75208		230.54124	29.26195	162.87	m	10.33	4.268	G5	0.799
HD 11775	HIP 8971	28.90125	3.57791	162.87	m	9.207	3.148	F7/8 V	0.369
HD 151469	HIP 82287	252.20843	-31.90701	162.88	m	9.318	3.259	F6/7 V	0.64
HD 73972	HIP 42768	130.72343	42.84494	162.91	m	9.419	3.359	G0	0.52
HD 208103	HIP 108615	330.04762	-79.29198	162.94	m	9.777	3.717	G3 V	0.65
HD 64724	HIP 39318	120.58463	74.23881	162.96	m	9.07	3.01	G5	1.01
HIP 65464		201.27222	44.19094	162.96	m	11.14	5.079	K 0 IV	0.795
HD 196161	HIP 101619	308.92805	-3.32012	162.97	m	9.157	3.097	F2 V	0.375
HD 199018	HIP 103291	313.89484	-41.50514	162.97	m	9.855	3.794	G0 V	0.49
HD 19538	HIP 14768	47.66727	51.47252	162.98	m	9.299	3.238	F5	0.425
HD 163172	HIP 88107	269.91002	-66.04959	163.02	m	9.032	2.971	F3 V	0.449
HIP 91632		280.3118	16.35951	163.02	m	10.91	4.845		0.674
HD 30449	HIP 21916	70.69899	-67.40691	163.05	m	9.264	3.202	F5 V	0.538
HD 171035	HIP 91025	278.52995	-35.73468	163.05	m	10.05	3.985	G2 V	0.725
HIP 6006		19.31225	8.88829	163.05	m	9.882	3.82	F2	0.443
HD 35339	HIP 25124	80.66658	-31.73909	163.06	m	9.17	3.108	F2/3 V	0.386
HIP 52493		160.97507	70.82604	163.06	m	10.4	4.338	G0	0.618
HIP 26962		85.82597	-10.71216	163.06	m	9.684	3.622	F5	0.359
HD 47307	HIP 31315	98.51411	-60.5878	163.07	m	9.236	3.174	F5 V	0.497
HIP 104025		316.13046	8.6504	163.09	m	9.692	3.63	K0	1.043
HIP 114944		349.22229	25.71949	163.09	m	9.648	3.586	G5	0.891
HD 185190	HIP 97385	296.89168	-78.1427	163.1	m	9.555	3.493	F6 V	0.429
HD 311626	HIP 49499	151.59903	-73.96839	163.1	m	9.757	3.695	G0	0.58
HIP 42525		130.04976	41.28544	163.11	m	10.39	4.326	F8	0.639
HIP 77537		237.47208	-28.31311	163.12	m	10.13	4.067	G0	0.638
HD 243314	HIP 25309	81.20268	23.58727	163.12	m	9.725	3.662	G0	0.601
HD 115986	HIP 65164	200.30181	-32.24305	163.16	m	9.592	3.529	G3/5 V	0.774
HIP 70722		216.95051	-50.00384	163.17	m	10.82	4.757	F5	0.711
HD 131863	HIP 73058	223.95239	9.15335	163.17	m	9.125	3.062	F0	0.435
HIP 68386		209.98971	3.35785	163.18	m	10.25	4.184	F8	0.592
HIP 76238		233.5965	60.92168	163.21	m	9.342	3.278	F2	0.424
HD 120391	HIP 67473	207.40603	-27.62831	163.22	m	9.555	3.491	G6/8 V	0.963
HD 142504	HIP 77979	238.86728	-17.25636	163.22	m	10.05	3.982	F7 V	0.734
HD 103424	HIP 58054	178.60597	-54.58452	163.24	m	9.225	3.161	F6 IV	0.481
HD 220660	HIP 115639	351.39203	-6.00987	163.25	m	9.708	3.644	F6 V	0.576
HD 176915	HIP 93468	285.53368	8.7592	163.25	m	9.286	3.222	F8	0.525
HD 131812	HIP 73140	224.20372	-34.24652	163.25	m	9.297	3.233	F6 V	0.588
HD 74457	HIP 42682	130.49367	-50.80947	163.27	m	9.021	2.956	G8 III/IV	0.972
HD 43642	HIP 28363	89.88379	-82.81181	163.27	m	9.762	3.697	F8 V	0.607
HD 116205	HIP 65195	200.41123	30.52207	163.28	m	9.085	3.02	G 0 III	0.651
HD 317520	HIP 85281	261.38532	-30.98701	163.28	m	10.02	3.959	F8	0.585
HD 104694	HIP 58780	180.83475	-39.25633	163.28	m	9.214	3.149	G8 V	0.951
HD 105669	HIP 59298	182.48481	-42.24658	163.28	m	9.44	3.375	F5 V	0.537
HD 188117	HIP 98062	298.93677	-47.59088	163.29	m	9.417	3.352	F5 V	0.533
HD 206785	HIP 107399	326.30606	-31.65298	163.29	m	9.293	3.228	G1/2 V	0.837
HIP 97677		297.76335	82.79098	163.32	m	10.12	4.052	F2	0.497
HIP 36684		113.19545	28.9877	163.34	m	9.456	3.391	F2	0.345
HD 234182	HIP 72457	222.25238	53.50829	163.35	m	9.385	3.319	F0	0.388
HIP 53367		163.69255	26.66644	163.35	m	9.966	3.9	G5	0.971
HD 344456	HIP 95928	292.63342	23.93115	163.37	m	9.754	3.688	G0	0.55
HD 141660	HIP 77609	237.66482	-13.39522	163.37	m	9.205	3.139	G1 V	0.691
HD 35045	HIP 24903	80.06854	-34.48637	163.39	m	9.339	3.273	F7/8 V	0.604
HD 97553	HIP 54784	168.23682	-52.95763	163.39	m	9.404	3.338	G8/K0 V	1
HD 126433	HIP 70615	216.66477	-43.76807	163.39	m	9.705	3.639	G8 V	0.937
HD 340377	HIP 101030	307.22339	25.94076	163.4	m	9.671	3.605	F0	0.435
HD 150634	HIP 81860	250.79016	-22.34467	163.4	m	10.06	3.993	F3 V	0.679
HD 236362	HIP 1291	4.04536	55.86802	163.41	m	9.049	2.983	F5	0.427
HD 136346	HIP 75145	230.35426	-35.18621	163.41	m	9.386	3.32	F3 V	0.827
HIP 115467		350.85531	67.60581	163.42	m	9.384	3.318	F0	0.445
HIP 68559		210.52389	69.53585	163.42	m	9.644	3.577	G5	0.847
HIP 107626		327.00119	21.28027	163.44	m	9.354	3.287	G0	0.539
HIP 74687		228.95315	-5.04749	163.44	m	9.739	3.672	F0	0.514
HIP 12185		39.2433	-1.16132	163.45	m	9.604	3.537	F8	0.549
HIP 11389		36.68964	67.71051	163.45	m	10.07	4	F8	0.424
HD 264933	HIP 32922	102.88806	26.66302	163.46	m	9.223	3.156	G0	0.524
HIP 84570		259.32635	-48.4639	163.47	m	10.12	4.057	G0	0.764
HIP 15824		50.97428	-79.35532	163.48	m	9.919	3.852		0.866
HIP 71641		219.80405	39.5587	163.48	m	11.66	5.593		0.765
HD 79977	HIP 45512	139.11928	-25.30303	163.5	m	9.017	2.949	G1/2 IV/V	0.709
HD 101250	HIP 56790	174.64263	-66.98442	163.5	m	9.454	3.386	F7 V	0.57
HD 212472	HIP 110605	336.11441	3.81829	163.51	m	9.222	3.154	F5 V	0.487
HD 32856	HIP 23628	76.202	-31.58825	163.53	m	9.549	3.481	G8 V	1.021
HD 141824	HIP 78677	240.92467	-81.53831	163.54	m	9.388	3.32	F0 V	0.463
HD 216364	HIP 113004	343.28079	-49.5608	163.54	m	9.498	3.43	G0 V	0.66
HD 143461	HIP 78482	240.32105	-24.02709	163.55	m	9.314	3.246	F0 V	0.494
HIP 85915		263.35743	20.31071	163.56	m	10.2	4.131	G0	0.579
HD 169664	HIP 90566	277.20584	-54.69199	163.57	m	9.012	2.943	F3 V	0.522
HIP 75182		230.45966	65.18736	163.58	m	10.24	4.167	G0	0.528
HD 89835	HIP 50718	155.33369	-38.38175	163.59	m	9.64	3.571	G3 V	0.697
HD 206713	HIP 107406	326.32401	-46.45563	163.6	m	9.117	3.048	F7 V	0.557
HIP 49186		150.58471	26.3462	163.6	m	11.83	5.761	K0	0.532
HD 181065	HIP 95958	292.70851	-79.98593	163.6	m	9.132	3.063	F5/6 V	0.529
HD 192925	HIP 100134	304.6919	-34.88324	163.61	m	9.408	3.339	K0/1 III/IV	1.157
HD 7985	HIP 6164	19.76703	-14.84422	163.65	m	9.47	3.4	F2/3 V	0.442
HD 18452	HIP 13827	44.48976	-4.72433	163.7	m	9.038	2.968	F5 V	0.462
HD 141494	HIP 77561	237.52642	-19.9299	163.7	m	9.95	3.88	F7 V	0.694
HD 157125	HIP 85046	260.72209	-33.81734	163.71	m	9.182	3.112	F3 V	0.495
HIP 112963		343.15728	13.39105	163.72	m	9.395	3.325	F8	0.652
HD 79882	HIP 45396	138.77181	-46.36789	163.72	m	9.83	3.76	F5 V	0.474
HD 80714	HIP 45979	140.64537	43.60493	163.73	m	9.265	3.194	F2	0.356
HD 233745	HIP 51708	158.47641	50.75071	163.77	m	9.524	3.453	F5	0.491
HD 283744	HIP 21531	69.35089	27.7598	163.78	m	10.65	4.583	G0	0.957
HD 77540	HIP 44678	136.58196	62.84701	163.8	m	9.395	3.323	F5	0.482
HIP 83232		255.14578	-27.63457	163.81	m	10.97	4.897		0.886
HIP 58492		179.93959	36.52538	163.82	m	10.19	4.12	F8	0.52
HD 38958	HIP 27733	88.07383	52.17943	163.82	m	9.058	2.986	F0	0.394
HD 9413	HIP 7137	22.99269	-34.49887	163.83	m	9.535	3.463	F8V	0.535
HIP 48914		149.67538	46.46845	163.84	m	9.56	3.488	G0	0.742
HD 168341	HIP 89475	273.88715	58.80456	163.85	m	9.072	3	G5	0.551
HD 155265	HIP 84058	257.77569	-15.21803	163.86	m	9.197	3.125	A9 V	0.453
HD 181453	HIP 95220	290.58859	-41.0329	163.86	m	9.784	3.712	F(5) V	0.492
HD 5040	HIP 4074	13.06051	-11.8698	163.86	m	9.229	3.157	F5 V	0.475
HD 156317	HIP 84537	259.23671	-2.8732	163.86	m	9.076	3.004	A7 II/III	0.809
HD 217106	HIP 113408	344.52436	8.58115	163.87	m	9.619	3.546	G0	0.56
HIP 77508		237.39327	37.16443	163.88	m	9.867	3.794	F8	0.563
HIP 43405		132.6222	46.64579	163.88	m	10.25	4.176	F8	0.753
HD 148662	HIP 81021	248.20787	-56.69229	163.89	m	9.966	3.893	G5/8 V	0.843
HIP 31689		99.45071	40.76228	163.92	m	9.802	3.729	F8	0.637
HD 144764	HIP 79003	241.90051	-2.6502	163.92	m	9.279	3.206	F5/7 (IV)	0.602
HD 825	HIP 994	3.10547	-61.60582	163.94	m	9.045	2.972	F3 V	0.414
HD 191468	HIP 99724	303.53245	-65.00481	163.96	m	9.106	3.032	F5 IV	0.432
HD 286661	HIP 19970	64.22814	11.48398	163.97	m	9.524	3.45	F0	0.582
HIP 52519		161.07836	12.99826	163.99	m	9.326	3.252	F5	0.617
HD 18206	HIP 13583	43.74603	-15.90533	163.99	m	10.02	3.943	G0/2 V	0.573
HD 34259	HIP 24647	79.3362	27.76542	164	m	9.376	3.302	F5	0.476
HD 108618	HIP 60895	187.19627	-27.09732	164.01	m	9.175	3.101	F5 V	0.59
HD 97732	HIP 54936	168.74424	34.61306	164.03	m	9.315	3.24	G0	0.607
HD 18335	HIP 13591	43.7827	-45.06046	164.04	m	9.596	3.521	G2/3 V	0.725
HD 518	HIP 788	2.43206	-3.67841	164.07	m	9.601	3.526	F2 V	0.497
HIP 11559		37.22883	21.18963	164.07	m	9.231	3.156	F2	0.512
HD 88017	HIP 49795	152.46614	43.34415	164.07	m	9.324	3.249	F5	0.438
HIP 48380		147.93896	7.386	164.08	m	9.265	3.19	G5	0.921
HD 216982	HIP 113343	344.31823	7.61204	164.08	m	9.59	3.515	G5	0.738
HD 1953	HIP 1888	5.96591	18.57944	164.11	m	9.025	2.949	F0	0.332
HD 19650	HIP 14663	47.36144	-13.3477	164.12	m	9.107	3.031	F3 V	0.471
HD 232397	HIP 5708	18.35793	52.59632	164.13	m	9.174	3.098	F8	0.619
HIP 104937		318.84726	10.39435	164.16	m	9.084	3.008	F0	0.343
HD 222788	HIP 117042	355.8946	19.12984	164.16	m	9.13	3.054	G0	0.478
HD 220277	HIP 115401	350.65711	-13.89127	164.19	m	9.189	3.112	G0(W)F7 V	0.597
HIP 3950		12.67389	-37.43319	164.19	m	10.26	4.178	F8	0.522
HD 4990	HIP 4001	12.8438	-44.36832	164.19	m	9.793	3.716	F7 V	0.605
HD 2707	HIP 2376	7.58217	-48.05366	164.19	m	9	2.923	G5 V	0.839
HIP 61730		189.79561	24.59036	164.22	m	10.55	4.473	F8	0.619
HD 16564	HIP 12299	39.60014	-32.06405	164.23	m	9.179	3.102	F2 V	0.427
HIP 1226		3.81294	-40.09213	164.23	m	9.691	3.614		0.788
HD 38248	HIP 27065	86.09916	0.08562	164.25	m	9.04	2.963	A9 V	0.33
HD 104478	HIP 58670	180.447	-66.26887	164.26	m	9.367	3.289	F3 V	0.453
HD 12035	HIP 9066	29.178	-50.47141	164.26	m	9.511	3.433	F6 V	0.564
HD 109126	HIP 61144	187.94932	66.7179	164.3	m	9.128	3.05	F5	0.416
HIP 21906		70.65553	-13.23314	164.31	m	11.06	4.981		0.646
HD 242029	HIP 24557	79.03238	30.1913	164.33	m	9.492	3.413	F5	0.384
HD 284514	HIP 21019	67.6109	20.54782	164.35	m	9.894	3.815	F5	0.513
HIP 6570		21.10481	8.43735	164.37	m	12.45	6.37	K7	
HD 17410	HIP 12588	40.47432	-75.23809	164.37	m	9.161	3.082	K3 III	1.411
HD 113112	HIP 63504	195.18415	49.62365	164.37	m	9.248	3.169	F2	0.361
HD 129503	HIP 71969	220.79053	-9.34426	164.4	m	9.149	3.07	F3 V	0.486
HIP 9340		29.98636	-5.42099	164.4	m	9.73	3.65	G0	0.576
HD 223295	HIP 117418	357.13264	-45.83706	164.42	m	10.07	3.987	G8 (V)	0.786
HD 214798	HIP 111952	340.16029	1.79453	164.43	m	9.965	3.885	F6/8 (V)	0.556
HD 118298	HIP 66362	204.04588	-10.68391	164.44	m	9.531	3.451	F3 IV/V	0.474
HD 222839	HIP 117086	356.04606	-54.69014	164.47	m	9.051	2.971	F0 V	0.417
HD 17557	HIP 12909	41.49197	-64.39668	164.48	m	9.27	3.189	F5 IV/V	0.462
HD 74780	HIP 43086	131.63864	18.76097	164.49	m	9.181	3.1	A5	0.409
HD 24893	HIP 18426	59.10442	-27.99818	164.49	m	9.99	3.909	G3 V	0.674
HD 232856	HIP 18375	58.91485	53.87794	164.51	m	9.55	3.469	G 0 III	0.666
HIP 112841		342.7802	44.68161	164.53	m	11.1	5.015		0.594
HD 28647	HIP 21188	68.13173	36.23714	164.53	m	9.204	3.123	G0	0.85
HIP 80313		245.94748	33.15434	164.53	m	11.11	5.029	K0	0.692
HD 220320	HIP 115420	350.70675	-5.03639	164.57	m	9.244	3.162	F2 V	0.443
HD 11539	HIP 8680	27.92435	-57.36524	164.59	m	9.279	3.197	F3 V	0.378
HD 23954	HIP 17783	57.09849	-20.41272	164.61	m	9.379	3.297	F3/5 V	0.475
HD 191166	HIP 99313	302.38763	-27.71233	164.61	m	9.093	3.011	F6 V	0.59
HD 123103	HIP 68855	211.48902	-13.07367	164.61	m	9.168	3.086	A7/9 V	0.299
HIP 36758		113.39486	39.45391	164.63	m	9.814	3.731	F8	0.555
HD 213756	HIP 111509	338.87668	-65.42065	164.63	m	9.727	3.644	G3 V	0.711
HD 15428	HIP 11454	36.94307	-41.18154	164.65	m	9.169	3.086	F6 V	0.542
HD 187972	HIP 97790	298.07325	17.15407	164.66	m	9.091	3.008	G0	0.464
HIP 53496		164.15705	17.65473	164.67	m	10.52	4.433	F8	0.753
HD 232459	HIP 7179	23.13126	50.82417	164.67	m	9.015	2.932	G0	0.615
HIP 52250		160.13843	47.0025	164.67	m	9.818	3.735	F5	0.51
HD 18288	HIP 13639	43.90806	-19.13819	164.68	m	9.229	3.146	F0 V	0.415
HD 197732	HIP 102567	311.78314	-44.02424	164.71	m	9.9	3.816	G6/8 IV/V	0.791
HD 164310	HIP 88153	270.06933	8.8612	164.71	m	9.185	3.101	K0	1.145
HD 109036	HIP 61150	187.96357	-28.1169	164.73	m	10.34	4.257	G8 V	0.722
HD 219942	HIP 115233	350.10407	-58.14608	164.75	m	10.33	4.242	F7 V	0.633
HD 165554	HIP 88786	271.86699	-23.33216	164.75	m	9.212	3.128	F2 V	0.537
HIP 53872		165.32185	10.78701	164.76	m	10.54	4.455	G5	0.819
HIP 28753		91.07852	64.74817	164.76	m	11.01	4.925		0.588
HD 222498	HIP 116913	355.47892	-74.89501	164.77	m	9.639	3.555	F5 V	0.489
HIP 96642		294.72934	42.02332	164.79	m	9.745	3.66	F5	0.482
HD 144752	HIP 79118	242.24053	-36.93835	164.79	m	9.401	3.316	G8 IV/V	1.072
HD 67535	HIP 39577	121.30459	-59.24497	164.85	m	9.122	3.037	G5 V	0.81
HD 14910	HIP 11141	35.84537	-34.0828	164.86	m	9.097	3.011	F2 V	0.387
HD 267477	HIP 33696	105.02006	27.45265	164.87	m	9.291	3.205	F8	0.638
HD 183878	HIP 96155	293.26841	-34.39984	164.87	m	9.281	3.195	G2 V	0.701
HD 3849	HIP 3219	10.23253	-32.7512	164.88	m	9.409	3.323	F7 V	0.539
HD 120533	HIP 67561	207.6635	-30.26164	164.88	m	9.316	3.23	F6 V	0.445
HIP 69172		212.38268	17.038	164.89	m	9.486	3.4	F2	0.474
HIP 71260		218.60514	11.65007	164.91	m	10.42	4.335	G0	0.753
HD 34072	HIP 24314	78.26392	-37.41867	164.91	m	9.077	2.991	F5 V	0.507
HD 24060	HIP 17632	56.67217	-59.94077	164.94	m	9.251	3.164	F8 V	0.639
HD 224226	HIP 118000	359.02915	-25.29852	164.94	m	9.392	3.305	F6 V	0.567
HD 225039	HIP 225	0.70011	-15.04055	164.95	m	9.079	2.992	F3/5 V	0.486
HD 166134	HIP 89080	272.69956	-35.30888	164.98	m	9.151	3.064	F3 V	0.471
HD 110889	HIP 62262	191.38503	-27.31101	164.98	m	9.138	3.051	G8 V	0.947
HD 110236	HIP 61865	190.17766	1.29844	164.99	m	9.453	3.366	F6 V	0.518
HIP 62694		192.70332	7.96575	164.99	m	10.9	4.813		0.659
HD 132795	HIP 73462	225.20963	6.75687	165	m	9.978	3.891	F8	0.392
HIP 48082		147.03644	32.11455	165.01	m	9.335	3.247	G5	0.989
HD 218135	HIP 114042	346.41794	-18.36295	165.02	m	9.402	3.314	F6 V	0.499
HD 95666	HIP 53941	165.55804	-24.72372	165.02	m	9.33	3.242	F7 V	0.623
HIP 13784		44.36806	-10.27908	165.02	m	10	3.915	G0	0.574
HIP 28376		89.91977	75.13314	165.03	m	10.46	4.374	G0	0.767
HD 114078	HIP 64146	197.20242	-51.3113	165.04	m	9.165	3.077	F5 V	0.48
HD 242193	HIP 24641	79.31314	31.27052	165.08	m	9.455	3.367	F8	0.554
HIP 9504		30.57661	85.74171	165.09	m	9.238	3.149	G0	0.592
HD 26181	HIP 19493	62.64286	45.48891	165.1	m	9.118	3.029	F5	0.565
HIP 68201		209.43957	13.38689	165.1	m	10.33	4.244	F8	0.678
HD 91281	HIP 51553	157.95953	-33.13736	165.11	m	9.202	3.113	F8 V	0.7
HD 110987	HIP 62273	191.42132	38.35825	165.11	m	9.125	3.036	K0	0.51
HIP 51191		156.85103	1.40004	165.13	m	11.14	5.052	sdF8:	0.46
HD 168977	HIP 90166	275.9915	-33.24806	165.13	m	9.73	3.641	F3/5 V	0.532
HD 203637	HIP 105663	321.03504	-19.62081	165.14	m	9.339	3.25	F3 V	0.462
HIP 66316		203.87658	34.5012	165.16	m	10.74	4.653	G 5 III	0.795
HD 103749	HIP 58244	179.18385	-68.31519	165.18	m	9.348	3.258	F3 V	0.532
HD 224268	HIP 118031	359.1284	-43.29043	165.21	m	9.982	3.892	G3/5 V	0.809
HIP 72935		223.59662	-5.62183	165.23	m	9.916	3.825	G2	0.613
HIP 555		1.69419	10.06906	165.24	m	9.764	3.673	F8	0.558
HD 192372	HIP 99904	304.05024	-40.98807	165.29	m	9.228	3.137	F3/5 V	0.453
HD 219324	HIP 114861	348.98844	-68.50314	165.29	e	9.666	3.575	F6 V	0.534
HD 120542	HIP 67500	207.48946	8.70877	165.29	m	9.238	3.147	F8	0.57
HIP 63588		195.46466	27.33748	165.3	m	10.75	4.662	G1V	0.772
HD 97797	HIP 54997	168.90701	48.10106	165.33	m	9.054	2.962	G0	0.46
HD 195983	HIP 101717	309.27492	-57.19975	165.33	m	9.611	3.519	F3 V	0.502
HIP 59066		181.69371	25.93084	165.37	m	10.15	4.06	F 8 V	0.517
HD 193698	HIP 101129	307.49258	-77.65702	165.37	m	9.071	2.979	F3 V	0.48
HIP 92499		282.77157	-74.46489	165.38	m	10.06	3.964		0.529
HD 248515	HIP 27695	87.95252	15.88207	165.4	m	9.489	3.396	F5	0.44
HD 35710	HIP 25514	81.84389	17.26959	165.41	m	9.157	3.064	F8	0.451
HIP 71811		220.3388	62.16706	165.43	m	9.107	3.014	F2	0.397
HD 192015	HIP 99734	303.54892	-38.20095	165.43	m	9.049	2.956	F3 V	0.486
HD 113325	HIP 63670	195.7381	-1.50721	165.44	m	9.353	3.26	G1 V	0.66
HIP 66442		204.3118	-50.8359	165.45	m	10.72	4.63	G5	0.606
HIP 73546		225.47203	-47.24795	165.45	m	9.945	3.852	G0	0.533
HD 8179	HIP 6196	19.86993	-66.798	165.47	m	9.219	3.125	G5 V	0.797
HIP 115671		351.52122	33.24463	165.5	m	12.02	5.93		0.663
HD 238466	HIP 75918	232.59271	55.19784	165.52	m	9.3	3.206	F 6 IV	0.539
HIP 69378		213.0396	21.11094	165.52	m	9.777	3.683	G0	0.734
HD 90584	HIP 51126	156.67087	-41.17634	165.54	m	9.149	3.054	F0 V	0.388
HD 24381	HIP 18144	58.19388	1.1329	165.56	m	9.781	3.686	F5/6 V	0.532
HD 165361	HIP 88668	271.52797	-12.35152	165.56	m	9.385	3.29	F6/8 IV + A	0.616
HD 17233	HIP 12748	40.96707	-54.79099	165.58	m	9.116	3.021	G8WG0 IV/V	0.931
HD 115163	HIP 64604	198.61928	53.81552	165.59	m	9.107	3.012	F8	0.356
HD 172195	HIP 91556	280.07424	-33.65462	165.6	m	9.313	3.218	F6 V	0.577
HD 10709	HIP 8107	26.05012	-24.2995	165.6	m	9.427	3.332	F0 V	0.365
HD 240593	HIP 23707	76.44771	17.38086	165.61	m	9.135	3.04	G0	0.512
HD 233821	HIP 55034	168.99165	50.64085	165.62	m	9.237	3.141	F8	0.459
HD 118599	HIP 66536	204.5854	-25.8423	165.62	m	9.306	3.21	F6 V	0.529
HD 138632	HIP 76168	233.36262	-6.51453	165.62	m	10.03	3.933	G3/5 V	0.68
HIP 44605		136.31954	38.79848	165.63	m	11.56	5.465	G:	0.582
HD 38537	HIP 27085	86.14101	-41.32418	165.64	m	9.937	3.841	G3/5 (V)	0.774
HD 105060	HIP 59001	181.46169	1.30551	165.65	m	9.15	3.054	F5 V	0.524
HIP 8274		26.6581	0.11227	165.66	m	10.31	4.216	G0	0.518
HD 223563	HIP 117575	357.66036	-35.58172	165.66	m	9.602	3.506	A9 V	0.353
HD 327602	HIP 78320	239.87169	-44.79504	165.71	m	10.39	4.296	G5	0.819
HD 234206	HIP 73875	226.48243	53.6981	165.73	m	9.179	3.082	F2	0.461
HD 2657	HIP 2369	7.56233	5.3621	165.75	m	9.077	2.98	F2 V	0.392
HD 40940	HIP 28392	89.95724	-45.29092	165.76	m	9.012	2.915	F2 V	0.431
HD 9641	HIP 7316	23.54976	-19.29023	165.78	m	9.766	3.668	G3 V	0.901
HD 88818	HIP 50193	153.69067	5.14729	165.79	m	9.112	3.014	A5	0.479
HD 156036	HIP 84450	258.97793	-15.9151	165.81	m	9.757	3.659	F3/5 V	0.571
HD 205735	HIP 106731	324.3013	4.42242	165.82	m	9.353	3.255	F6 V	0.555
HD 123192	HIP 68870	211.54221	3.47326	165.83	m	9.575	3.477	F3 V	0.449
HD 143677	HIP 78684	240.93903	-43.93034	165.84	e	9.744	3.646	G8 V	1.057
HD 255976	HIP 30367	95.79596	32.97285	165.86	m	10.16	4.066	G0	0.652
HD 211964	HIP 110359	335.27852	-5.11687	165.87	m	9.812	3.713	F3/5 V	0.484
HD 283036	HIP 18149	58.20112	26.36619	165.87	m	10.63	4.535	A2	0.82
HD 285589	HIP 19822	63.75435	15.73772	165.88	m	10.04	3.946	F8	0.651
HD 79031	HIP 45211	138.19949	39.99966	165.88	m	9.246	3.147	G0	0.58
HIP 62440		191.95488	45.64555	165.89	m	10.02	3.919	F8	0.482
HD 121902	HIP 68427	210.13191	-64.117	165.89	m	9.292	3.193	F5 V	0.538
HIP 59416		182.82418	48.4947	165.9	m	10.29	4.187	G0	0.583
HIP 71459		219.20643	9.2979	165.9	m	10.43	4.33	G0	0.869
HIP 75041		230.01974	-22.89616	165.91	m	10	3.904	F8	0.619
HD 36099	HIP 25852	82.77741	38.90338	165.94	m	9.256	3.156	F5	0.453
HD 150923	HIP 82008	251.28684	-27.92247	165.95	m	9.931	3.831	G3 V	0.652
HIP 11890		38.33157	4.42455	165.96	m	10.2	4.097	F8	0.517
HD 212830	HIP 110783	336.65215	27.76269	165.98	m	9.304	3.204	K0	0.522
HD 7270	HIP 5624	18.05845	-47.10198	165.99	m	9.691	3.591	F5 V	0.509
HIP 52307		160.32254	43.67806	166	m	10.28	4.183	F8	0.691
HIP 93278		285.0006	-15.06135	166.03	m	10.29	4.19		0.716
HD 27502	HIP 20058	64.51878	-49.46938	166.03	m	9.206	3.105	F2 V	0.38
HD 26872	HIP 19915	64.08261	36.73412	166.04	m	9.035	2.934	F8	0.552
HIP 1865		5.90618	-14.08748	166.05	m	9.306	3.205	G0	0.503
HIP 99485		302.85561	-46.89147	166.06	m	10.12	4.017	F8	0.642
HIP 64007		196.73649	25.03829	166.07	m	9.358	3.257	F8	0.542
HIP 61011		187.55719	21.96961	166.07	m	10.12	4.022	G0	0.606
HD 124374	HIP 69486	213.38875	-12.94242	166.1	m	9.313	3.211	F7/8 V	0.602
HIP 69854		214.43843	16.05735	166.1	m	9.744	3.642	F5	0.558
HD 211699	HIP 110163	334.71363	4.14313	166.11	m	9.15	3.048	A8 V	0.378
HD 251198	HIP 28846	91.3314	29.04843	166.11	e	9.327	3.225	G0	0.519
HD 221522	HIP 116235	353.25686	-31.61749	166.13	m	9.658	3.556	G0 V	0.649
HIP 36550		112.77815	48.37438	166.13	m	9.059	2.957	F8	0.563
HD 10233	HIP 7777	25.0206	-0.73569	166.15	m	9.25	3.148	F5 V	0.448
HD 138136	HIP 75931	232.63394	-13.68445	166.15	m	9.401	3.298	F3 V	0.52
HD 64289	HIP 38297	117.6954	-49.37476	166.16	m	9.665	3.562	G5/6 V	0.774
HIP 114618		348.30204	-2.06224	166.19	m	9.551	3.448	F6	0.467
HD 4210	HIP 3464	11.08052	-33.87148	166.19	m	9.118	3.015	F5 V	0.481
HD 101550	HIP 57007	175.3045	13.78544	166.2	m	9.156	3.053	G5	0.533
HIP 18461		59.17659	5.83607	166.21	m	10.41	4.307	G0	1.107
HIP 52423		160.76166	38.39557	166.21	m	9.882	3.779	G0	0.737
HIP 42044		128.55013	64.0723	166.22	m	10.26	4.152	F8	0.601
HD 184561	HIP 96853	295.3063	-71.4704	166.22	m	9.056	2.953	F7 V	0.536
HD 17654	HIP 12747	40.96727	-76.46976	166.24	m	9.02	2.916	F7 V	0.576
HD 220703	HIP 115668	351.50966	-16.14236	166.25	m	9.485	3.381	F5 V	0.523
HD 207898	HIP 107832	327.68514	55.41173	166.25	m	9.098	2.994	G	0.55
HD 83148	HIP 47157	144.13912	5.05566	166.26	m	9.344	3.24	F5	0.547
HIP 39161		120.14072	-38.87306	166.26	m	9.091	2.987		0.534
HD 11423	HIP 8634	27.83723	-43.36774	166.27	m	9.341	3.237	F2/3 V	0.393
HD 23704	HIP 17674	56.78898	-3.57004	166.28	m	10.13	4.023	G5	0.734
HIP 83326		255.45658	32.2967	166.29	m	9.144	3.04	F8	0.579
HIP 92933		284.01392	33.78917	166.3	m	9.335	3.231		0.292
HD 120782	HIP 67764	208.22476	-53.03473	166.3	m	9.898	3.794	G5 V	0.687
HD 117867	HIP 66160	203.42223	-33.51309	166.3	m	9.339	3.235	A9 V	0.423
HIP 71971		220.80008	6.95813	166.3	m	10.71	4.6	F8	0.686
HD 22187	HIP 16585	53.37756	-29.00266	166.34	m	9.257	3.152	F2 V	0.423
HIP 86844		266.16752	-44.24584	166.34	m	9.783	3.678	G0	0.508
HD 110438	HIP 61961	190.47153	35.04932	166.37	m	9.194	3.089	G5	0.666
HD 177793	HIP 93821	286.59385	-6.07461	166.39	m	10.13	4.02	F3/5 V	0.5
HIP 81386		249.31809	5.96261	166.39	e	10.25	4.147	F8	0.696
HD 14160	HIP 9250	29.72816	-86.18434	166.41	m	9.499	3.393	F3 V	0.404
HIP 75796		232.27024	68.49037	166.42	m	10.25	4.148	F8	0.67
HIP 52826		162.01764	52.78292	166.46	m	10.59	4.478		0.612
HD 58495	HIP 35108	108.89339	-78.43112	166.47	m	9.368	3.261	K2 III	1.301
HIP 66537		204.58706	18.04126	166.47	m	10.01	3.904	F5	0.512
HD 126318	HIP 70558	216.49379	-44.82313	166.5	m	9.106	2.999	F2 V	0.388
HD 102431	HIP 57525	176.85701	2.01333	166.52	m	9.007	2.9	F5 V	0.511
HIP 42185		129.01513	29.03443	166.54	m	10.55	4.447		0.513
HIP 68700		210.94149	42.30436	166.54	m	9.596	3.488	K0	0.946
HIP 111463		338.74182	22.1043	166.56	m	9.188	3.08	G0	0.688
HD 204746	HIP 106318	323.0041	-43.33093	166.56	m	10.06	3.951	G8 IV/V	0.839
HD 244981	HIP 26208	83.78721	30.2282	166.57	m	10.78	4.671	F8	0.525
HD 234043	HIP 65716	202.09294	51.42186	166.58	m	9.707	3.599	G0	0.452
HD 170128	HIP 90653	277.46383	-42.91211	166.59	m	9.338	3.23	F0 V	0.394
HIP 63716		195.8611	25.79832	166.59	m	10.25	4.14		0.668
HD 34707	HIP 24697	79.45055	-38.15179	166.6	m	9.96	3.852	F6 V	0.559
HD 172516	HIP 91737	280.60798	-40.59665	166.66	m	9.216	3.107	F3 V	0.441
HIP 7881		25.34469	-52.54453	166.66	m	12.82	6.707	M	
HIP 10959		35.29776	21.58918	166.67	e	10.23	4.125	G8V	1.034
HD 330611	HIP 80104	245.27901	-47.66056	166.67	m	10.48	4.372	G0	0.513
HIP 25791		82.60991	-25.13184	166.7	m	10.15	4.041	G5	0.74
HD 37161	HIP 26301	84.01442	-12.34003	166.73	m	9.151	3.041	F7 V	0.581
HD 125149	HIP 69902	214.59421	-33.06166	166.73	m	9.646	3.536	G0	0.54
HIP 57890		178.09906	25.44166	166.73	m	9.976	3.866	F8	0.57
HIP 87467		268.07521	36.40186	166.73	m	10.44	4.328	sdF8:	0.343
HD 208059	HIP 108142	328.64482	-38.49065	166.76	m	9.192	3.082	F3 V	0.449
HD 15613	HIP 11555	37.21877	-52.47976	166.77	m	9.578	3.467	F5 V	0.494
HD 146855	HIP 80050	245.0913	-43.72922	166.77	m	9.371	3.26	G2/3 V	0.958
HIP 114953		349.24775	21.40588	166.78	m	9.512	3.401	F8	0.433
HD 46945	HIP 31631	99.2821	24.39873	166.8	m	9.055	2.944	F5	0.414
HD 219975	HIP 115246	350.14624	-50.42492	166.81	m	9.383	3.272	G3 V	0.783
HIP 29084		92.02887	37.24163	166.82	m	9.725	3.614	F5	0.436
HIP 79826		244.39508	79.22674	166.83	m	9.148	3.037	G5	0.745
HIP 68473		210.2834	14.4179	166.84	m	10.74	4.632	G0	0.457
HIP 58276		179.27544	15.18403	166.84	m	9.225	3.113	F5	0.624
HD 110963	HIP 62261	191.38396	28.818	166.84	m	9.46	3.348	F 3 V	0.362
HIP 90866		278.04789	39.30448	166.85	m	9.475	3.363	F8	0.594
HIP 96627		294.69444	-45.26359	166.86	m	10.31	4.203	G0	0.724
HD 53404	HIP 34008	105.8562	-35.3199	166.86	m	9.719	3.607		0.364
HD 152001	HIP 82551	253.10388	-37.60746	166.87	m	9	2.888	A9 V	0.389
HD 297690	HIP 48606	148.68526	-50.99469	166.88	m	10.08	3.969	G0	0.732
HD 136364	HIP 75061	230.08469	-0.45774	166.89	m	9.065	2.953	F5 V	0.465
HD 11767	HIP 8931	28.74228	-22.78635	166.91	m	9.854	3.742	F7 V	0.571
HIP 102600		311.8929	-16.73263	166.92	m	10.3	4.189		0.728
HD 228132	HIP 99440	302.75183	32.84565	166.92	m	9.312	3.199	F4V	0.482
HIP 73444		225.12888	-12.44907	166.93	m	10.3	4.185		0.585
HD 148491	HIP 80549	246.68114	40.91402	166.95	m	9.124	3.011	G0	0.563
HIP 75009		229.90874	9.85511	166.96	m	9.748	3.635	F5	0.522
HIP 71972		220.80357	1.32965	166.97	m	9.648	3.535	F2	0.529
HD 22502	HIP 16873	54.28325	-0.35455	166.98	m	9.778	3.665	F3/5 V	0.531
HD 7776	HIP 5996	19.27342	-23.23857	167	m	9.25	3.136	G0 V	0.714
HD 232871	HIP 18794	60.40239	50.72797	167.01	m	9.607	3.493	F8	0.465
HD 149224	HIP 81003	248.13929	23.23222	167.02	m	9.331	3.217	F8	0.506
HD 1376	HIP 1446	4.50105	9.51191	167.02	m	10.07	3.953	F5	0.557
HD 93008	HIP 52489	160.96799	-37.85154	167.04	m	9.003	2.889	F5 IV/V	0.506
HD 72921	HIP 41631	127.30853	-74.37197	167.06	m	9.008	2.894	F5 V	0.515
HD 233030	HIP 22755	73.42127	50.60832	167.06	m	9.203	3.089	G0	0.619
HD 150036	HIP 81586	249.93269	-32.99119	167.06	m	9.213	3.099	G5 V	0.724
HD 92658	HIP 52304	160.30831	-42.39903	167.08	m	9.412	3.297	F2 V	0.439
HIP 48354		147.84668	82.95442	167.08	m	11.06	4.944	F8	0.781
HD 135449	HIP 74717	229.04328	-32.89252	167.09	m	9.483	3.368	F/GW	0.39
HD 136185	HIP 75109	230.22156	-44.62114	167.1	m	9.48	3.365	F2/3 V	0.529
HD 138086	HIP 75859	232.43231	1.18227	167.1	m	9.028	2.913	G6 V	0.935
HD 84700	HIP 48070	146.99227	37.5952	167.13	m	9.224	3.109	G0	0.45
HD 86847	HIP 49009	149.9742	-49.57776	167.13	m	9.052	2.937	F2 V	0.479
HD 172920	HIP 92102	281.56246	-58.51537	167.14	m	9.021	2.906	F0 IV/V	0.347
HIP 48035		146.88187	46.57659	167.15	m	9.559	3.444	F8	0.592
HD 182880	HIP 95736	292.0926	-38.37091	167.15	m	9.282	3.167	G3 V(W)	0.739
HD 254695	HIP 29967	94.62443	25.89515	167.18	m	9.713	3.597	G0	0.478
HIP 3450		11.02491	-36.43235	167.19	m	10.01	3.895	F8	0.568
HD 15016	HIP 11246	36.19982	-14.41319	167.2	m	9.918	3.802	F7 V	0.498
HD 184306	HIP 96367	293.89178	-39.19361	167.21	m	10.14	4.023	F3 V	0.599
HD 18260	HIP 13577	43.72219	-34.54446	167.22	m	9.465	3.349	F7 V	0.544
HD 82069	HIP 46625	142.61665	29.57345	167.22	m	9.211	3.095	F 8 V	0.42
HD 215788	HIP 112602	342.08818	-45.24876	167.23	m	9.281	3.164	F3/5 V	0.481
HIP 63208		194.25583	54.08472	167.24	m	10.15	4.035		0.674
HD 215804	HIP 112729	342.43821	-71.19927	167.25	m	9.647	3.53	F8/G0 V	0.561
HIP 33783		105.22622	41.27371	167.25	m	9.5	3.383	F8	0.469
HIP 67666		207.95337	19.40795	167.26	m	10.29	4.177	G0	0.557
HIP 4564		14.59858	2.59937	167.26	m	9.744	3.627	F8	0.704
HIP 98101		299.05154	-30.51028	167.26	m	9.765	3.648	F0	0.518
HD 155507	HIP 84280	258.43508	-37.8902	167.27	m	9.032	2.915	G1 V	0.688
HIP 17031		54.76799	13.68297	167.27	m	9.317	3.2	F8	0.521
HD 188407	HIP 98054	298.90593	-17.56088	167.31	m	9.262	3.144	F2/3 V	0.607
HD 99252	HIP 55750	171.34766	6.10839	167.32	m	9.651	3.533	G5	0.696
HIP 34468		107.16155	39.33046	167.33	m	9.996	3.878	F8	0.422
HD 4260	HIP 3516	11.22745	-21.40562	167.34	m	9.101	2.983	A9 V	0.417
HD 142092	HIP 77670	237.86012	33.15768	167.35	m	9.168	3.05	F5	0.467
HIP 63800		196.14617	30.10588	167.36	m	10.58	4.46	G 0 V	0.697
HD 135281	HIP 74527	228.43986	16.51144	167.42	m	9.859	3.74	G5	0.845
HD 148999	HIP 80998	248.13239	-17.64912	167.43	m	10.32	4.197	F7/G0 V	0.858
HD 133191	HIP 73619	225.72077	10.66745	167.46	m	9.187	3.067	F5	0.467
HIP 13996		45.04917	-6.07798	167.47	m	9.715	3.595	F5	0.363
HIP 116698		354.72925	-33.17346	167.48	m	9.891	3.771	F5	0.51
HD 12925	HIP 9789	31.47054	-28.35624	167.48	m	9.397	3.277	G3 V	0.715
HD 22376	HIP 16830	54.12849	10.18544	167.5	e	9.349	3.229	G0	0.613
HD 104334	HIP 58600	180.24769	43.79098	167.5	e	9.589	3.469	F5	0.486
HD 18281	HIP 13804	44.44179	44.52412	167.52	m	9.228	3.108	F8	0.879
HIP 22857		73.76662	8.96979	167.55	m	9.688	3.567	G0	0.767
HIP 78764		241.20757	20.4624	167.55	m	10.44	4.315	M9	0.533
HD 18577	HIP 14092	45.43405	56.02609	167.56	m	9.182	3.061	A5	0.418
HIP 5823		18.67472	8.78012	167.57	m	9.823	3.702	F8	0.508
HD 98745	HIP 55509	170.53055	37.08118	167.57	m	9.429	3.308	G0	0.546
HD 253123	HIP 29463	93.12015	30.31612	167.57	m	9.4	3.279	F0	0.412
HIP 17677		56.80636	5.43993	167.59	m	9.459	3.338	F2	0.581
HIP 10059		32.37313	-22.26931	167.59	m	10.2	4.077	G0	0.729
HIP 112654		342.22858	9.33011	167.59	m	10.84	4.72	G5	0.796
HIP 104807		318.5061	61.66115	167.61	m	9.548	3.427	F0	0.39
HD 77602	HIP 44559	136.18734	34.40097	167.62	m	9.109	2.987	G5	0.552
HIP 71185		218.38573	8.31607	167.62	m	10.25	4.129	F8	0.666
HD 35723	HIP 25355	81.33685	-30.61434	167.63	m	9.202	3.08	G8/K0 (III)	1.017
HIP 41031		125.61128	60.05021	167.64	m	10.18	4.059	F8	0.473
HD 153315	HIP 83126	254.82019	-13.19867	167.65	m	9.278	3.156	F5 V	0.739
HD 210171	HIP 109317	332.20521	-12.4356	167.65	m	9.721	3.599	G5 V	0.829
HD 107417	HIP 60220	185.23135	6.57191	167.66	m	9.252	3.13	K0	0.961
HIP 76271		233.68703	-46.70476	167.69	m	10.29	4.168	F8	0.548
HD 4546	HIP 3654	11.69621	-55.62086	167.69	m	9.015	2.892	F3 V	0.427
HD 238244	HIP 65960	202.86052	54.92186	167.71	m	10.17	4.044	G0	0.526
HD 203166	HIP 105556	320.67449	-55.47098	167.71	m	10.46	4.339	G3/5 V(W)	0.664
HD 84192	HIP 47894	146.42042	59.67044	167.72	m	9.512	3.389	F0	0.409
HIP 89019		272.51885	16.02937	167.73	m	11.46	5.332	G:	0.703
HD 210098	HIP 109483	332.69507	-69.54333	167.77	m	9.182	3.058	F2 V	0.398
HD 94281	HIP 53161	163.13772	-29.51247	167.79	e	9.349	3.225	F3 V	0.479
HIP 110299		335.11619	24.54231	167.79	m	9.058	2.934	G 8 III	1.041
HD 207081	HIP 107562	326.77769	-21.65864	167.81	m	9.456	3.332	A4 IV	0.267
HIP 1853		5.85361	31.85153	167.81	m	9.164	3.04	G0	0.642
HD 99444	HIP 55838	171.66825	21.82884	167.82	m	9.026	2.902	F5	0.474
HD 195208	HIP 101362	308.15597	-56.60946	167.83	m	9.605	3.481	F3/5 V	0.539
HD 134399	HIP 74446	228.20552	-62.65826	167.84	m	9.242	3.117	G3 V	0.728
HD 282642	HIP 23048	74.38872	29.70299	167.85	m	10.01	3.887	F8	0.833
HIP 103969		315.97719	10.97073	167.88	m	10.03	3.9	F8	0.586
HIP 75168		230.4123	4.79805	167.88	m	10.03	3.903	F5	0.512
HD 1106	HIP 1221	3.80645	-42.10336	167.9	m	9.196	3.071	F7/8 (V)	0.536
HD 129901	HIP 72114	221.27098	3.31886	167.91	m	9.314	3.189	F2 V	0.41
HIP 20014		64.38452	7.94708	167.91	m	10.74	4.613	G0	0.779
HD 112701	HIP 63395	194.86255	-57.5314	167.91	m	9.368	3.243	F2 V	0.401
HD 145648	HIP 79333	242.87011	15.12367	167.94	m	9.056	2.93	G5	0.505
HD 140673	HIP 77220	236.49897	-29.18094	167.95	m	9.102	2.976	F2 V	0.508
HD 144467	HIP 78667	240.89547	52.24131	167.97	m	9.242	3.116	F8	0.403
HD 34147	HIP 24579	79.10139	27.85239	167.98	m	9.322	3.196	G0	0.502
HD 141694	HIP 77594	237.62652	-2.24189	168	m	9.612	3.485	F3/5 V	0.671
HIP 56467		173.66003	18.68062	168	m	9.591	3.464	F5	0.546
HD 233875	HIP 57873	178.04688	50.61877	168.02	m	9.698	3.571	F5	0.38
HD 36135	HIP 25598	82.04779	-30.02676	168.03	m	9.147	3.02	F5 IV	0.482
HD 234263	HIP 77447	237.17286	53.68087	168.04	m	9.508	3.381	G0	0.573
HIP 60593		186.29064	46.92144	168.05	m	9.779	3.652	F8	0.522
HD 62478	HIP 37578	115.67435	-35.1615	168.07	m	9.498	3.371	G1 V	0.628
HD 130584	HIP 72474	222.28835	-4.50197	168.08	m	9.368	3.24	F5 V	0.587
HD 54841	HIP 34475	107.18101	-38.02832	168.08	m	9.525	3.397	F8/G0 V	0.603
HIP 46930		143.47475	42.50767	168.12	m	9.912	3.784	F8	0.461
HD 164155	HIP 88293	270.45088	-41.40514	168.14	m	9.335	3.207	F3 V	0.499
HIP 51727		158.53436	73.83682	168.16	m	10.41	4.286		0.602
HD 193615	HIP 100444	305.54405	-31.13754	168.18	m	9.472	3.343	G5 V	0.718
HD 231241	HIP 95206	290.52038	13.91537	168.2	m	9.132	3.003	F0	0.356
HIP 34312		106.70982	36.78072	168.21	m	9.539	3.41	G0	0.721
HD 38038	HIP 26936	85.74605	5.49813	168.21	m	9.62	3.491	F5	0.46
HD 192974	HIP 100107	304.61902	-19.29151	168.21	m	9.006	2.877	F0 V	0.42
HD 311493	HIP 44488	135.96488	-72.38554	168.21	m	9.356	3.227	F8...	0.519
HD 10940	HIP 8155	26.21833	-69.09045	168.22	m	9.062	2.933	F5 V	0.469
HIP 17188		55.2069	39.1224	168.22	m	9.31	3.181	A3	0.466
HIP 68875		211.54997	-55.6076	168.25	m	10.3	4.168	G0	0.548
HIP 66472		204.41403	26.26618	168.25	m	10.35	4.224	F8	0.693
HD 200086	HIP 104070	316.26227	-67.61318	168.28	m	9.515	3.385	F6 V	0.505
HIP 16067		51.74067	-22.08331	168.31	m	10.34	4.206	G0	0.6
HD 824	HIP 1001	3.1289	-32.32078	168.32	m	9.145	3.014	F3 V	0.487
HIP 59513		183.08209	-5.97487	168.33	m	10.86	4.725		0.45
HD 95921	HIP 54093	166.02845	5.85504	168.33	m	9.572	3.441	F8	0.478
HD 155489	HIP 84194	258.15428	-17.98706	168.33	m	9.516	3.385	F2 V	0.569
HIP 41472		126.88135	41.0204	168.34	m	10.61	4.483	G0	0.575
HIP 8940		28.78634	-10.74636	168.35	m	9.554	3.423	F2	0.563
HD 225099	HIP 275	0.85756	-29.00064	168.35	e	9.501	3.37	F3 V	0.446
HD 232263	HIP 3507	11.19043	53.71324	168.35	m	9.38	3.249	F0	0.485
HIP 93199		284.7563	-74.78232	168.36	m	9.77	3.639		0.868
HD 215630	HIP 112605	342.09466	-68.27012	168.37	m	9.287	3.156	G3 V	0.605
HD 151828	HIP 82349	252.39268	6.16929	168.37	m	9.205	3.074	F0	0.44
HD 129886	HIP 72915	223.53019	-80.78672	168.41	m	9.229	3.097	F0 V	0.384
HIP 71534		219.46805	18.00496	168.42	m	9.942	3.81	G0	0.665
HD 188902	HIP 98331	299.66863	-33.24478	168.45	m	9.749	3.617	F5 V	0.524
HD 111074	HIP 62390	191.79668	-49.47441	168.46	m	9.57	3.438	F5 V	0.543
HD 225265	HIP 382	1.18811	-32.36104	168.49	m	9.084	2.951	F0 V	0.354
HD 224849	HIP 97	0.30737	-21.40405	168.52	m	9.534	3.401	F5 V	0.519
HIP 88357		270.65018	60.44946	168.52	m	9.984	3.851	K0	0.771
HIP 112012		340.33698	-42.38076	168.53	m	10.3	4.17	G0	0.734
HIP 1447		4.50275	9.51476	168.53	m	9.208	3.075	F5	0.47
HIP 1513		4.72326	-23.28926	168.54	m	10.43	4.297	F8	0.65
HD 171928	HIP 91564	280.08719	-53.72965	168.55	m	9.93	3.796	F6 V	0.51
HD 230010	HIP 92803	283.64182	18.17458	168.56	m	9.396	3.262	F8	0.406
HIP 18572		59.63742	-31.02254	168.57	m	10.43	4.299	G5 V	0.738
HD 112663	HIP 63255	194.42844	52.38067	168.58	m	9.577	3.443	K0	0.582
HIP 114663		348.41565	34.26305	168.58	m	9.744	3.61	F2	0.495
HD 187805	HIP 97890	298.39	-40.72305	168.59	m	9.35	3.216	F8/G0 V	0.416
HIP 65397		201.05417	-2.10834	168.59	m	9.778	3.644	F8	0.649
HD 18420	HIP 13763	44.28975	-16.62157	168.59	m	9.713	3.579	G5 V	0.724
HD 101433	HIP 56918	175.0293	-48.91043	168.61	m	9.718	3.584	G2/3 V	0.651
HD 129589	HIP 72037	221.03498	-30.87676	168.66	m	9.305	3.17	F5 V	0.525
HD 240585	HIP 23702	76.42174	15.09979	168.66	m	10.91	4.772	F8	0.632
HD 105497	HIP 59216	182.17881	-43.00141	168.66	m	9.006	2.871	F5 V	0.498
HD 135789	HIP 75183	230.46295	-71.14658	168.68	m	9.339	3.204	G0 V	0.672
HD 89694	HIP 50636	155.13539	-23.64439	168.68	m	9.669	3.534	K1 III	0.741
HD 133350	HIP 73581	225.59683	44.50768	168.68	m	9.037	2.902	F5	0.538
HIP 69728		214.08936	-52.13718	168.69	m	10.74	4.605	G5	0.828
HD 11113	HIP 8391	27.06056	-44.33257	168.71	m	9.118	2.982	F5 V	0.503
HD 74903	HIP 42460	129.84919	-77.05524	168.73	m	9.415	3.279	F5 V	0.503
HD 232793	HIP 16088	51.80886	50.87887	168.75	m	10.15	4.015	F 5 V	0.736
HIP 46850		143.20977	-6.36545	168.76	m	11.44	5.305		1.08
HD 142622	HIP 78255	239.66147	-58.44656	168.78	m	9.164	3.027	G6/8 V	1.104
HIP 52942		162.40472	12.92921	168.78	m	9.437	3.3	F8	0.512
HD 97439	HIP 54822	168.34059	46.9708	168.8	m	9.449	3.312	G5	0.671
HIP 12182		39.23797	7.5042	168.81	m	10.16	4.021		0.802
HIP 65075		200.08857	23.6107	168.82	m	9.931	3.794	F5	0.598
HIP 41263		126.27521	40.30163	168.84	m	10.27	4.136	G0	0.66
HIP 100257		305.00815	-22.12486	168.84	m	10.29	4.157		0.626
HD 125139	HIP 69667	213.90059	58.75148	168.86	m	9.627	3.489	F 8 V WLM	0.635
HD 159886	HIP 86759	265.91543	-71.47267	168.87	m	9.258	3.12	F3 V	0.455
HD 34581	HIP 24774	79.67234	3.98166	168.87	m	9.302	3.164	G0 V	0.631
HIP 66534		204.58124	15.25641	168.88	m	9.74	3.602	G0	0.738
HD 16750	HIP 12482	40.15936	-17.37183	168.89	m	10.35	4.207	G2/3 V	0.646
HIP 96643		294.73248	-10.33409	168.9	m	9.526	3.388	A0	0.386
HIP 20808		66.882	7.36954	168.9	m	9.889	3.751	F8	0.564
HD 82506	HIP 46801	143.05087	-8.75824	168.91	m	9.25	3.112	F3 V	0.495
HIP 75934		232.6437	-24.29952	168.92	e	10.21	4.074	G0	0.871
HIP 61215		188.16145	18.40707	168.93	m	10.54	4.397	F8	0.579
HIP 57190		175.90389	-47.11391	168.93	m	10.95	4.811		0.65
HD 148970	HIP 81004	248.14069	-20.07357	168.94	m	9.774	3.635	F2 V	0.866
HIP 58646		180.38609	10.35058	168.95	m	9.087	2.948	F8	0.508
HIP 53480		164.10243	71.24452	168.95	m	9.352	3.213	K0	1.217
HIP 13406		43.15557	-11.96591	168.95	m	9.707	3.568	F8	0.552
HD 91577	HIP 51804	158.76507	35.9378	168.96	m	9.349	3.21	G0	0.579
HD 277924	HIP 24880	80.00485	40.67707	168.98	m	9.184	3.045	A5	0.394
HIP 43980		134.34219	-66.20658	168.99	m	9.532	3.393		0.633
HD 34189	HIP 24801	79.75548	58.10976	168.99	m	9.007	2.868	F5	0.46
HD 100452	HIP 56357	173.28829	-52.34957	169	m	9.325	3.186	F3/5 V	0.5
HIP 113903		345.99973	-36.88235	169.01	m	10.41	4.275	G0	0.534
HD 76225	HIP 43703	133.50357	-26.91568	169.01	m	9.261	3.121	F7/G + A(P SR)	0.581
HD 345	HIP 651	2.00347	-39.61212	169.02	m	9.763	3.623	F3/5 V	0.497
HD 6520	HIP 5116	16.39138	-42.86591	169.03	m	9.237	3.097	F6 V	0.55
HD 115711	HIP 64963	199.73007	-2.53153	169.04	m	9.353	3.213	F5 V	0.32
HD 72938	HIP 42004	128.41369	-47.5085	169.04	m	9.425	3.285	G8 IV/V	0.866
HD 8616	HIP 6590	21.16684	-21.09524	169.04	m	9.311	3.171	F3 V	0.452
HD 284667	HIP 22222	71.69102	22.34316	169.05	m	10.27	4.131	F8	0.717
HIP 116442		353.92957	-34.96121	169.06	m	9.826	3.686	F5	0.398
HIP 89762		274.76485	35.139	169.08	m	9.149	3.009	F5	0.435
HD 233940	HIP 60686	186.56544	51.32083	169.09	m	10.09	3.95	G0	0.455
HIP 45023		137.56519	41.21231	169.1	m	9.747	3.606	G0	0.626
HIP 81185		248.73982	5.15353	169.1	m	9.011	2.87	F5	0.519
HD 123102	HIP 68856	211.48951	-13.06993	169.1	m	9.813	3.672	F0/3	0.52
HIP 9958		32.04782	76.79247	169.13	m	9.367	3.226	F8	0.538
HIP 18947		60.91223	6.79291	169.16	m	9.755	3.614	F5	0.588
HIP 9933		31.96953	-7.86284	169.16	m	9.833	3.692	F5	0.486
HIP 50153		153.57526	80.77921	169.16	m	9.714	3.572	F0	0.467
HD 282860	HIP 23703	76.42576	30.66933	169.16	m	9.432	3.29	F5	0.462
HD 131456	HIP 72889	223.46163	-2.4925	169.17	m	9.073	2.931	F0 V	0.498
HD 199273	HIP 103478	314.47455	-46.48055	169.17	m	9.694	3.552	F7 V	0.581
HD 119564	HIP 66998	205.96107	9.89057	169.19	m	9.34	3.198	G5	0.568
HIP 73863		226.43832	5.19341	169.2	m	10.09	3.948	F8	0.441
HD 22160	HIP 16744	53.84533	33.67637	169.22	m	9.285	3.143	F0	0.322
HIP 7474		24.0638	-26.10402	169.23	m	10.63	4.492	F8	0.641
HD 5167	HIP 4188	13.37066	-14.85192	169.24	m	9.182	3.04	F5 V	0.565
HD 217536	HIP 113693	345.39689	-29.78731	169.25	m	9.102	2.959	F3 V	0.431
HD 111045	HIP 62347	191.63158	-4.0192	169.27	m	9.426	3.283	F5 V	0.518
HD 256097	HIP 30411	95.9158	32.33285	169.27	m	9.318	3.175	F5	0.396
HIP 73003		223.79093	15.31679	169.27	m	9.651	3.508	F8	0.515
HIP 55935		171.95282	52.56645	169.27	m	9.718	3.575		0.485
HIP 5446		17.4318	-22.35018	169.28	m	9.683	3.54	F5	0.587
HIP 53927		165.51672	59.52964	169.3	m	9.701	3.558	F5	0.493
HD 67561	HIP 40094	122.84112	55.48998	169.31	m	9.237	3.094	F8	0.488
HIP 5460		17.47081	-12.47646	169.31	m	9.642	3.499	G0	0.583
HD 144527	HIP 78988	241.8504	-28.86571	169.34	m	9.088	2.944	F0 V	0.434
HD 192613	HIP 99937	304.15814	-25.73896	169.34	m	9.807	3.663	G3 V	0.745
HD 112140	HIP 62974	193.55661	11.31212	169.35	m	9.293	3.149	G5	0.98
HD 147015	HIP 80080	245.1595	-33.10838	169.36	m	9.322	3.178	F5 V	0.526
HD 147931	HIP 80464	246.36142	-19.83729	169.37	m	9.088	2.944	A0 V	0.521
HD 101911	HIP 57186	175.89999	-47.11046	169.37	m	9.541	3.397	F7 V	0.475
HIP 20494		65.8865	45.079	169.38	m	9.527	3.383	F8	0.479
HIP 108623		330.07999	17.03911	169.41	m	10.32	4.179	G5	0.553
HD 105979	HIP 59473	182.97993	-66.69552	169.41	m	9.167	3.022	G8 IV	1.091
HD 191453	HIP 99959	304.21464	-74.82181	169.42	m	9.429	3.284	F6 V	0.424
HIP 66891		205.61953	28.53306	169.43	m	10.68	4.538	G0	0.526
HD 242299	HIP 24684	79.4241	26.74778	169.44	m	10.71	4.566	F8	0.468
HIP 53527		164.27808	34.56549	169.46	m	10.84	4.694	G0	0.808
HD 139995	HIP 76879	235.48582	-16.91477	169.47	m	9.593	3.448	F5 V	0.587
HIP 54939		168.76161	45.116	169.48	m	10.77	4.623	F8	0.8
HD 111017	HIP 62337	191.61454	-20.84794	169.49	m	9.076	2.93	G1 V	0.727
HIP 90492		276.98098	13.34185	169.51	m	9.647	3.501	F2	0.499
HD 238464	HIP 75652	231.83603	56.63506	169.52	m	9.588	3.442	G0	0.637
HIP 63857		196.309	38.00653	169.53	m	9.914	3.768	G 8 III	0.975
HD 215636	HIP 112435	341.62365	9.47141	169.54	m	9.508	3.362	F0	0.445
HD 19208	HIP 14404	46.44883	14.26761	169.54	m	9.007	2.861	F2V	0.535
HD 108251	HIP 60734	186.71434	-71.20957	169.57	m	9.552	3.405	G8 IV/V	1.056
HIP 2316		7.38617	19.03405	169.57	m	9.862	3.715	G5	0.826
HD 10645	HIP 8054	25.85287	-23.16958	169.58	m	9.72	3.573	G1 V	0.71
HIP 37935		116.61898	-61.40072	169.58	m	9.153	3.006	G0	0.574
HD 188739	HIP 98276	299.52592	-36.78069	169.6	m	9.615	3.468	G8 V(W)	0.821
HIP 64289		197.63664	-60.85663	169.61	m	10.6	4.449		0.572
HD 106513	HIP 59739	183.7644	9.99087	169.61	m	9.462	3.315	F5	0.474
HD 257288	HIP 30724	96.82615	26.66914	169.62	m	9.897	3.75	F8	0.472
HIP 117478		357.31683	-47.12658	169.62	m	9.097	2.95		0.476
HD 30531	HIP 22487	72.56677	39.82465	169.65	m	9.048	2.9	K0	1.077
HIP 78154		239.37532	16.73617	169.66	m	10.15	4	F5	0.561
HIP 23344		75.31926	4.1103	169.69	m	9.825	3.677	sdF0:	0.381
HD 81742	HIP 46446	142.09157	31.3875	169.69	m	9.37	3.222	G0	0.406
HD 220070	HIP 115299	350.28306	-40.11604	169.69	m	10.26	4.114	G2/5 V	0.781
HD 126643	HIP 71747	220.13996	-84.57131	169.7	m	9.246	3.098	K0/1 III	1.019
HD 202095	HIP 104808	318.50647	-11.18165	169.73	m	9.011	2.862	F2 V	0.435
HD 142667	HIP 78083	239.15659	-24.33602	169.73	m	9.416	3.267	F3/5 V	0.58
HD 140781	HIP 77231	236.54208	-19.36628	169.73	m	9.715	3.566	F3/5 V	0.458
HIP 22191		71.60362	64.608	169.74	m	9.695	3.546	F8	0.496
HIP 105032		319.11355	77.21081	169.76	m	10.1	3.946	F5	0.564
HD 31661	HIP 22525	72.7043	-72.42419	169.76	m	9.378	3.229	G1 V	0.632
HD 16865	HIP 12356	39.76794	-65.33183	169.77	m	9.482	3.333	F6 V	0.466
HIP 84832		260.07661	38.30798	169.82	m	9.416	3.266	F2	0.484
HD 23027	HIP 17362	55.75599	33.3246	169.83	m	9.34	3.19	A2	0.515
HIP 59276		182.39152	33.94369	169.83	m	9.837	3.687	F2	0.454
HD 234201	HIP 73564	225.51343	50.65389	169.83	m	9.77	3.62	G0	0.553
HIP 5639		18.11902	-22.54299	169.84	m	9.921	3.771	F8	0.539
HD 148804	HIP 80862	247.6839	-4.08258	169.84	m	9.363	3.213	F3/6	0.74
HD 90358	HIP 51275	157.10428	69.93652	169.86	m	9.215	3.065	F8	0.384
HIP 99899		304.03733	62.48189	169.86	m	10.55	4.398	F8	0.72
HIP 108932		331.02665	34.55149	169.86	m	9.901	3.751	F5	0.445
HD 21745	HIP 16313	52.56147	-2.97943	169.87	m	9.431	3.28	G1 V	0.642
HD 224471	HIP 118173	359.57064	-58.01824	169.9	m	9.883	3.732	F6/7 IV/V	0.535
HIP 108025		328.26948	-33.77541	169.91	m	10.04	3.894	G2	0.865
HD 70354	HIP 41137	125.9036	47.87576	169.93	m	9.093	2.942	F5	0.505
HIP 14017		45.10997	52.45469	169.95	m	9.265	3.113	F2	0.499
HD 201187	HIP 104437	317.33234	-43.79991	169.98	m	9.772	3.62	F3 V	0.484
HD 179584	HIP 94362	288.09492	20.5124	169.99	m	9.223	3.071	F8	0.42
HD 78273	HIP 44484	135.95407	-65.90975	169.99	m	9.565	3.413	F5 V	0.566
HD 160806	HIP 86686	265.67525	-19.90689	170.01	m	9.592	3.44	F3 V	0.643
HD 282477	HIP 22410	72.33445	30.30646	170.02	m	9.777	3.625	F8	0.913
HIP 64039		196.86741	30.66085	170.02	m	10.45	4.299	F8	0.587
HD 276078	HIP 19521	62.73669	40.99235	170.04	m	9.333	3.18	F5	0.52
HD 19767	HIP 14949	48.17772	47.8386	170.05	m	9.025	2.872	F 0 VN	0.352
HIP 70539		216.45363	18.4087	170.06	m	9.831	3.678	F8	0.699
HIP 35276		109.3224	37.72523	170.07	e	9.556	3.403	G5	0.896
HD 114918	HIP 64570	198.52078	-32.25424	170.09	m	9.183	3.03	G0 V	0.632
HIP 15363		49.52193	49.90607	170.09	m	9.965	3.812	F 6 V	0.467
HD 13604	HIP 10178	32.72185	-56.84787	170.11	m	9.514	3.36	G2 V	0.746
HIP 68922		211.65071	30.27226	170.14	m	9.365	3.211	G 0 III	0.69
HD 48711	HIP 32510	101.76396	46.10946	170.15	m	9.126	2.972	G0	0.582
HD 72603	HIP 42104	128.73959	32.9191	170.15	m	9.036	2.882	G0	0.467
HD 114311	HIP 64202	197.37052	30.43507	170.17	m	9.084	2.93	F6V	0.58
HD 40223	HIP 27601	87.65856	-71.87139	170.18	m	9.326	3.171	F8 V	0.644
HIP 27111		86.23671	9.24228	170.21	m	11.65	5.495	F8:	0.553
HIP 43460		132.78147	42.58957	170.23	m	9.507	3.352	F8	0.608
HIP 115663		351.47126	-27.9094	170.25	m	10.5	4.344	G0	0.725
HIP 67174		206.4906	26.25979	170.27	m	10.66	4.506	G0	0.734
HIP 69571		213.60615	6.54455	170.27	m	10.06	3.909	F5	0.512
HIP 2091		6.59791	-37.44859	170.27	m	10.44	4.288	F8	0.474
HIP 56603		174.08232	28.47063	170.33	m	10.37	4.215	F8	0.611
HD 90142	HIP 51003	156.28845	42.22493	170.33	m	9.073	2.917	A5	0.355
HD 235444	HIP 104263	316.8355	52.04956	170.35	m	9.274	3.117	F8	0.623
HIP 57842		177.92829	23.74071	170.36	e	10.69	4.531	G0	0.797
HD 77855	HIP 44218	135.09746	-70.83533	170.37	m	9.731	3.574	F3 V	0.412
HD 102032	HIP 57256	176.11805	-8.08807	170.38	m	9.11	2.953	G1/2 V	0.695
HD 234002	HIP 63498	195.16669	51.40753	170.38	m	10.34	4.183	G5	0.611
HD 133297	HIP 73779	226.20646	-35.92616	170.4	m	9.064	2.907	F0 V	0.377
HD 206714	HIP 107405	326.32252	-47.17508	170.42	m	9.191	3.033	F5 V	0.524
HD 230993	HIP 94618	288.82113	13.24953	170.43	m	9.293	3.135	F2	0.421
HD 282466	HIP 22241	71.78114	31.58842	170.44	m	9.404	3.246	F8	0.767
HD 202120	HIP 104975	318.93657	-52.62515	170.45	m	9.065	2.907	F2/3 V	0.432
HD 285844	HIP 21173	68.08989	18.21624	170.47	m	10.79	4.632	G0	0.426
HIP 39579		121.31109	31.93386	170.47	m	9.295	3.137	F0	0.43
HIP 95805		292.31082	29.71288	170.47	m	10.23	4.073	G5V	0.904
HIP 112596		342.07129	-35.68067	170.47	m	10.05	3.894	G0	0.655
HD 164054	HIP 88400	270.76492	-58.99088	170.47	m	9.245	3.087	F0/2 IV	0.486
HD 17872	HIP 13386	43.06314	1.92894	170.48	m	9.283	3.125	G0 V	0.605
HD 214721	HIP 111921	340.06625	-4.74574	170.49	m	9.902	3.744	F6 V	0.59
HIP 71480		219.27024	7.33187	170.51	m	9.421	3.262	G5	0.774
HIP 41521		127.02466	33.73865	170.52	m	9.078	2.919	G0	0.624
HD 329966	HIP 77079	236.08176	-50.00253	170.52	m	10.74	4.584	G0	0.663
HD 6907	HIP 5415	17.30539	-33.21399	170.53	m	9.858	3.699	G3 V	0.657
HIP 51690		158.38882	15.21379	170.58	m	9.294	3.134	G0	0.745
HIP 66079		203.19281	34.93714	170.6	m	9.183	3.023	F5	0.581
HD 107030	HIP 60008	184.60298	39.80132	170.61	m	9.275	3.115	F5	0.501
HD 93624	HIP 52885	162.24846	37.17099	170.63	m	9.291	3.131	F5	0.549
HIP 42024		128.49643	59.64856	170.66	m	9.851	3.69	F2	0.42
HD 145902	HIP 79603	243.65906	-31.94004	170.67	m	9.34	3.179	F3 V	0.555
HIP 57355		176.38723	45.60562	170.67	m	9.6	3.439		0.583
HD 141339	HIP 77560	237.52586	-39.63902	170.67	m	9.024	2.863	F3/5 V	0.545
HD 92648	HIP 52363	160.53371	16.28434	170.68	m	9.357	3.196	G5	0.576
HD 181614	HIP 95175	290.43052	-15.56878	170.69	m	9.044	2.883	F7 V	0.688
HD 185410	HIP 96874	295.39079	-51.77446	170.69	m	9.211	3.05	F6 V	0.537
HIP 48330		147.77391	42.21796	170.71	m	11.17	5.013	F8	0.484
HIP 55539		170.63251	42.90901	170.71	m	10.6	4.435	F8	0.849
HD 216412	HIP 112889	342.9137	58.8786	170.71	m	9.117	2.956	F0	0.368
HD 237773	HIP 44493	135.97432	58.74908	170.73	m	10	3.842	G0	0.502
HD 122140	HIP 68490	210.32199	-51.7469	170.73	m	9.153	2.991	F5 V	0.446
HIP 69839		214.39126	70.35854	170.73	m	9.604	3.442	G5	0.756
HD 4342	HIP 3557	11.3683	-39.58862	170.75	m	9.207	3.045	F5 V	0.464
HD 9871	HIP 7469	24.04574	-16.54693	170.76	m	9.953	3.791	F6 V	0.531
HD 11834	HIP 8999	28.97382	-17.20908	170.77	m	9.096	2.934	F3 IV/V	0.493
HD 217330	HIP 113600	345.13281	-42.81877	170.78	m	9.807	3.645	G8/K0 V	1.043
HD 100260	HIP 56251	172.96002	-48.22241	170.81	m	9.057	2.894	G3 V	0.728
HIP 109465		332.6362	36.24402	170.83	m	9.405	3.242	F8	0.441
HD 190379	HIP 98244	299.47231	74.24436	170.84	m	9.33	3.167	G0	0.593
HIP 27880		88.49505	-14.38147	170.84	m	11.49	5.329	sdF9:	0.632
HD 171	HIP 537	1.63054	-21.50127	170.85	m	9.36	3.197	F2 V	0.439
HD 196477	HIP 101924	309.82261	-44.12953	170.87	m	9.66	3.497	F3 V	0.46
HD 56642	HIP 35135	108.95094	-43.16797	170.88	m	9.364	3.201	F6/7 V	0.543
HD 106831	HIP 59878	184.19629	70.14603	170.88	m	9.373	3.21	F8	0.562
HIP 69077		212.09055	23.48779	170.89	m	10.36	4.197	F8	0.789
HD 200444	HIP 104061	316.23563	-44.7545	170.9	m	10.21	4.049	F6/7 V	0.544
HIP 77847		238.4202	11.43053	170.9	m	9.095	2.931	F5	0.477
HIP 49734		152.29242	45.85102	170.92	m	9.818	3.654	F8	0.598
HD 341475	HIP 88008	269.66049	22.14633	170.93	m	9.797	3.633	G0	0.94
HIP 43615		133.24735	68.2773	170.94	e	9.956	3.792	K0	0.945
HD 168029	HIP 89838	275.0038	-43.90607	170.94	e	9.712	3.548	F7 V	0.531
HD 102899	HIP 57756	177.6695	-29.02532	170.94	m	10.16	3.999	G6/8 V	0.867
HD 174616	HIP 92754	283.52062	-51.51599	170.95	m	9.747	3.583	G3 V	0.691
HIP 60412		185.80133	32.94499	170.95	m	9.551	3.387	F2	0.428
HD 139475	HIP 77251	236.60212	-77.4342	170.96	m	9.149	2.985	F8 V	0.61
HD 113527	HIP 63767	196.05025	19.39614	170.96	m	10.55	4.389	G2V	0.929
HIP 13292		42.76864	-10.25349	170.97	m	9.794	3.629	G0	0.649
HD 319134	HIP 89334	273.41834	-32.50457	170.98	m	9.584	3.419	F5	0.539
HD 170575	HIP 91108	278.76898	-66.17573	170.98	m	9.054	2.889	F0 V	0.302
HD 121102	HIP 68060	209.02814	-69.00584	171	m	9.484	3.319	F5 V	0.578
HD 222269	HIP 116719	354.8137	-9.98485	171.01	m	9.599	3.434	F3 V	0.448
HIP 75287		230.72951	-47.90089	171.01	m	10.13	3.967	F8	0.515
HD 5809	HIP 4611	14.77165	-41.74186	171.06	m	9.157	2.991	F7 V	0.525
HIP 68125		209.20113	-48.37736	171.06	m	10.82	4.656		0.485
HIP 27814		88.28331	-27.4604	171.06	m	9.93	3.764	G0	0.483
HD 217263	HIP 113507	344.81223	24.0327	171.07	m	9.025	2.859	G0	0.447
HD 106203	HIP 59601	183.33585	-60.85077	171.09	m	9.432	3.266	G8/K0 (IV)	0.932
HIP 227		0.70504	80.28656	171.11	m	9.469	3.303		0.488
HIP 6895		22.19677	-26.54991	171.14	m	10.51	4.346	G0	0.637
HD 127548	HIP 71157	218.30286	-41.39281	171.15	m	9.024	2.857	F5 V	0.519
HD 203818	HIP 106035	322.17233	-71.13021	171.15	m	9.467	3.3	F5 V	0.484
HD 106512	HIP 59737	183.75777	9.98782	171.18	m	9.462	3.295	F5	0.366
HD 98304	HIP 55190	169.49786	-49.56817	171.19	m	9.101	2.934	F3 V	0.451
HD 96083	HIP 54112	166.08746	-46.05848	171.21	m	9.112	2.944	F3 V	0.45
HIP 62965		193.54292	27.88904	171.22	m	10.54	4.373	G1V	1.136
HD 35503	HIP 25310	81.20386	-9.2299	171.23	e	9.412	3.244	A2 IV	0.203
HD 195385	HIP 101288	307.96307	-26.91042	171.23	e	9.9	3.732	G3/5 V	0.763
HD 119145	HIP 66970	205.88656	-66.49196	171.23	m	9.034	2.866	F5 V	0.563
HD 96567	HIP 54295	166.62266	-62.89074	171.25	m	9.892	3.724	F5 V	0.613
HD 244124	HIP 25678	82.26167	14.74402	171.26	m	10.35	4.178	F8	0.615
HD 205098	HIP 106806	324.48781	-74.67771	171.27	m	9.303	3.135	F3 V	0.381
HD 135811	HIP 74849	229.43322	-21.57152	171.28	m	9.626	3.457	F5 V	0.449
HD 101208	HIP 56825	174.73079	23.806	171.3	m	9.122	2.953	F5	0.426
HD 1981	HIP 1890	5.97027	-38.19229	171.3	m	9.078	2.909	F7 V	0.566
HD 187215	HIP 97784	298.05558	-60.16167	171.32	m	9.708	3.539	K1 III	1.279
HD 126627	HIP 70875	217.40832	-66.41174	171.32	m	9.039	2.87	A5 II	0.327
HIP 107174		325.63758	42.43791	171.32	m	10.55	4.386		0.528
HD 156978	HIP 85004	260.61224	-40.09358	171.33	m	9.157	2.988	F0 V	0.32
HIP 81419		249.43862	19.55049	171.33	m	10.44	4.274		1.356
HD 161152	HIP 86818	266.09496	-12.01907	171.34	m	10.11	3.936	F2/3 V	0.559
HD 21147	HIP 15825	50.97334	-29.01993	171.34	m	9.507	3.338	G8 V	1.026
HD 77968	HIP 44720	136.68426	35.33016	171.37	m	9.131	2.961	F8	0.401
HD 222954	HIP 117180	356.35878	-34.98121	171.38	m	9.317	3.147	F5 V	0.494
HD 233641	HIP 46639	142.65049	52.78997	171.38	m	9.282	3.112	G0	0.558
HD 199700	HIP 103531	314.62809	14.8529	171.39	m	9.141	2.971	F8	0.55
HD 38760	HIP 27292	86.74678	-25.7067	171.41	m	9.493	3.323	F6 V	0.424
HD 100092	HIP 56159	172.67855	-47.53154	171.41	m	9.494	3.324	F6/7 V	0.512
HIP 34501		107.22692	40.00133	171.43	m	10.14	3.966	F8	0.606
HD 11618	HIP 8852	28.46331	-5.26692	171.54	m	9.368	3.196	F3 V	0.43
HIP 63058		193.80514	7.09818	171.54	m	9.809	3.637	F5	0.487
HD 240661	HIP 23796	76.69305	24.70543	171.56	m	10.62	4.451	G0	0.752
HD 219009	HIP 114591	348.21494	-39.77778	171.57	m	9.253	3.081	F8 V	0.625
HD 108048	HIP 60575	186.24617	-43.04048	171.57	m	10.01	3.833	G8 V	0.959
HD 4539	HIP 3701	11.87174	9.98212	171.58	m	10.24	4.064	A	-0.183
HD 293178	HIP 34309	106.69798	0.38895	171.6	m	9.594	3.421	F2	0.399
HIP 51705		158.46968	37.9395	171.61	m	9.683	3.51	F8	0.585
HD 191622	HIP 99474	302.82611	-15.49711	171.62	m	9.459	3.286	F2 V	0.66
HD 285305	HIP 18823	60.51287	17.29738	171.62	m	9.499	3.326	G0	0.872
HD 339861	HIP 100120	304.65525	27.55002	171.67	m	9.647	3.474	G0	0.626
HD 624	HIP 839	2.57467	-70.83689	171.69	m	9.423	3.249	F2/3 V	0.369
HD 348783	HIP 90862	278.03335	19.60199	171.69	m	9.743	3.569	F5	0.599
HD 212364	HIP 110589	336.06664	-35.54693	171.7	m	10.16	3.986	G8 V	0.863
HD 138907	HIP 76447	234.19397	-44.7226	171.74	m	9.31	3.136	F2/3 V	0.497
HD 132848	HIP 73498	225.33583	-1.16641	171.74	m	9.642	3.468	F8	0.479
HIP 84507		259.13898	-51.77261	171.75	m	10.41	4.239	G5	1.27
HD 38696	HIP 27358	86.91482	3.13963	171.76	m	9.471	3.296	F5 V	0.41
HD 245735	HIP 26520	84.59854	18.13619	171.78	m	9.672	3.497	F8	0.482
HD 7413	HIP 5730	18.42127	-33.72989	171.78	m	9.608	3.433	F7/8 V	0.563
HD 315967	HIP 86069	263.85856	-27.36436	171.79	m	10.2	4.029	F5	0.604
HIP 116677		354.67672	15.47449	171.79	m	9.372	3.197	G0	0.706
HD 7386	HIP 5756	18.46999	-14.86206	171.79	m	10.02	3.841	F7 V	0.583
HD 152393	HIP 82642	253.39175	-10.7533	171.79	m	9.136	2.961	F3 V	0.813
HD 217237	HIP 113539	344.92868	-32.01964	171.81	m	9.517	3.342	F2 V	0.452
HIP 16455		52.99466	49.87016	171.81	m	9.242	3.067	F 1 V	0.396
HIP 52174		159.8883	45.01292	171.83	m	10.91	4.739	G0	0.929
HD 26310	HIP 19564	62.86243	41.85977	171.84	m	9.314	3.138	F8	0.421
HD 234083	HIP 67832	208.42093	51.17171	171.85	m	9.374	3.198	F8	0.408
HD 280332	HIP 23337	75.29517	34.50739	171.85	m	10.41	4.233	G0	0.66
HD 75950	HIP 43562	133.07332	-27.75648	171.87	m	9.786	3.61	F8/G0 V	0.623
HD 220468	HIP 115535	351.04724	-31.32503	171.87	m	9.004	2.828	F5 V	0.516
HD 128959	HIP 71761	220.18067	-26.72968	171.89	m	9.24	3.064	F7 V	0.745
HD 131553	HIP 72931	223.58712	-1.87221	171.89	m	9.623	3.447	F0 V	0.442
HIP 44905		137.22332	26.66105	171.9	m	9.997	3.821	F8	0.657
HIP 21401		68.91289	6.17842	171.9	m	10.91	4.735	F8	0.645
HD 12383	HIP 9422	30.26189	-18.13693	171.9	m	9.531	3.355	F7 V	0.54
HIP 90305		276.38263	12.47146	171.9	m	9.143	2.967	G0	0.723
HD 178548	HIP 94089	287.31073	-6.05503	171.91	m	9.157	2.98	A7 IV	0.338
HD 20540	HIP 15314	49.39819	-17.64526	171.95	m	9.115	2.938	G3 V	0.68
HIP 81811		250.64657	31.21619	171.98	m	9.551	3.374	F0	0.448
HD 143163	HIP 78314	239.86001	-18.25263	171.99	m	10.11	3.93	A9 V	0.589
HD 37288	HIP 25526	81.87625	-77.38196	171.99	m	9.422	3.244	F5 V	0.544
HIP 67856		208.47996	37.88997	172	m	9.967	3.789	F8	0.581
HIP 71523		219.42795	16.74868	172.01	m	9.964	3.786	F5	0.524
HD 29463	HIP 21623	69.63477	2.07233	172.01	m	9.219	3.041	F6/7 V	0.615
HD 286578	HIP 19709	63.34392	13.57873	172.01	m	10.64	4.462	F5	0.813
HD 187914	HIP 98202	299.33017	-68.29242	172.02	m	9.774	3.596	G3/5 V	0.694
HD 12241	HIP 9230	29.66023	-53.52757	172.03	m	10.07	3.89	F8 V	0.512
HD 172081	HIP 91688	280.4625	-59.43043	172.06	m	9.358	3.18	G8 V	0.829
HIP 38293		117.6909	49.20525	172.06	m	10.95	4.773	G0	0.582
HIP 99511		302.94334	-80.07718	172.07	m	12.25	6.073		0.631
HD 244516	HIP 25929	83.00143	24.99147	172.13	m	9.578	3.399	G0	0.554
HD 115651	HIP 65017	199.91843	-57.24326	172.14	m	9.91	3.731	G6 V	0.879
HD 219408	HIP 114845	348.94474	-27.81171	172.14	m	9.799	3.62	F7 V	0.558
HD 84445	HIP 47797	146.1624	-29.62281	172.15	m	9.244	3.065	G5 V	0.759
HD 129817	HIP 72071	221.13003	6.37559	172.15	m	9.157	2.977	G0	0.514
HD 121672	HIP 68176	209.35856	-28.77012	172.16	m	9.598	3.418	G8/K0 V	1.064
HD 985	HIP 1129	3.51754	-43.18888	172.18	m	10.16	3.984	G8 (III)	0.917
HD 221973	HIP 116511	354.14954	6.59155	172.19	m	9.261	3.081	G0	0.641
HIP 43889		134.10882	25.39754	172.19	m	9.701	3.521	F5	0.45
HD 86337	HIP 48954	149.79916	50.98313	172.2	m	9.055	2.875	G0	0.452
HD 16900	HIP 12816	41.19305	55.7399	172.2	m	9.024	2.844	A2	0.491
HD 48709	HIP 32071	100.51822	-48.58373	172.21	m	9.456	3.276	F6 V	0.561
HIP 89759		274.76193	8.15323	172.21	m	10.58	4.4	G0	0.741
HD 113860	HIP 64063	196.93396	-64.01183	172.22	m	9.175	2.995	F0 V	0.478
HD 206759	HIP 107463	326.48969	-53.10565	172.23	m	9.202	3.021	F5 V	0.494
HD 94488	HIP 53249	163.36201	-56.11102	172.24	m	9.082	2.901	A9 V	0.359
HIP 81019		248.19157	26.88294	172.24	m	10.24	4.057	G5	0.616
HIP 62299		191.49117	15.77053	172.25	m	9.396	3.215	F2	0.42
HD 209883	HIP 109210	331.869	-44.23586	172.26	m	10.06	3.883	F6 V	0.63
HIP 90372		276.60802	43.4338	172.27	m	9.769	3.588	F5	0.594
HIP 58659		180.43355	47.46409	172.27	m	9.572	3.391	F8	0.602
HD 106122	HIP 59547	183.1827	-47.66139	172.32	m	9.126	2.944	F3 V	0.493
HD 154900	HIP 84029	257.66355	-48.4223	172.4	m	10.19	4.01	G6/8 III/V	0.927
HD 5155	HIP 4186	13.36883	3.30263	172.4	m	9.453	3.27	F3 V	0.515
HD 126622	HIP 70707	216.92512	-41.21456	172.41	m	9.672	3.489	F5V	0.547
HD 210547	HIP 109671	333.25002	-61.98136	172.42	m	9.307	3.124	F6 V	0.513
HD 27681	HIP 20180	64.88571	-50.6148	172.43	m	9.842	3.659	F5 V	0.487
HIP 67498		207.48244	29.07981	172.43	m	9.616	3.433	F2	0.436
HD 122893	HIP 68852	211.48592	-51.15731	172.44	m	9.245	3.062	F8 V	0.646
HD 115875	HIP 65136	200.21506	-48.72214	172.47	m	9.292	3.108	F0 V	0.348
HIP 36368		112.29013	41.70893	172.47	m	9.619	3.435	F8	0.667
HD 218589	HIP 114330	347.32886	-9.18723	172.49	m	9.305	3.121	F7 V	0.57
HD 10509	HIP 7962	25.56194	-13.21227	172.49	m	9.859	3.675	F3/5 V	0.507
HD 8242	HIP 6056	19.43949	-79.49554	172.49	m	9.635	3.451	G1/3 V	0.656
HD 121148	HIP 67766	208.24386	34.87833	172.5	m	9.025	2.841	G 0 III	0.596
HIP 71579		219.57771	9.97119	172.5	m	10.44	4.252	G5	0.751
HD 97974	HIP 55061	169.08035	24.22702	172.53	m	9.643	3.459	G	0.429
HD 93633	HIP 52722	161.68364	-68.25543	172.56	m	9.359	3.174	G0 IV/V	0.605
HD 1251	HIP 1313	4.13044	-56.22469	172.56	m	9.244	3.059	F8 V	0.607
HIP 55997		172.13416	31.22024	172.56	m	10.96	4.771	F8	0.816
HD 194705	HIP 101548	308.69115	-76.93609	172.58	m	9.148	2.963	G0 V	0.633
HIP 116487		354.06779	-40.51585	172.59	m	10.21	4.029	G0	0.614
HD 65556	HIP 39208	120.30413	44.80515	172.61	m	9.041	2.856	F0	0.339
HIP 75666		231.88966	19.24732	172.62	m	10.46	4.275	F8	0.616
HD 15721	HIP 11718	37.8133	-11.97412	172.62	m	9.588	3.402	F3 V	0.523
HIP 77185		236.41266	-2.26141	172.63	m	11.69	5.507		0.442
HIP 41891		128.13558	22.41115	172.64	m	9.2	3.014	G0	0.75
HD 188355	HIP 98122	299.13149	-42.16052	172.64	m	10.24	4.057	F5 V	0.455
HD 8000	HIP 6151	19.73516	-29.95915	172.68	m	9.404	3.218	G6 V	0.802
HIP 96450		294.13636	28.11086	172.68	m	9.855	3.669	F5V	0.42
HD 36464	HIP 25757	82.51116	-39.76603	172.69	m	9.354	3.168	G5 III/V	0.828
HD 26167	HIP 19150	61.57138	-46.64537	172.7	m	10.12	3.938	F5 V	0.42
HIP 61591		189.30968	30.42068	172.7	m	9.986	3.799	G0	0.692
HD 21674	HIP 16376	52.74711	29.61373	172.71	e	9.058	2.871	G0	0.59
HD 165727	HIP 88911	272.24397	-35.78582	172.72	m	9.498	3.311	G6 IV/V	0.67
HD 232358	HIP 4955	15.88917	55.02976	172.73	m	9.351	3.164	B8	0.901
HIP 44534		136.11196	49.33885	172.76	m	10.89	4.705	G0	0.862
HD 28048	HIP 20519	65.95572	-41.98307	172.76	m	9.46	3.273	F3 V	0.371
HIP 54392		166.94386	39.7699	172.76	m	10.15	3.964	F8	0.501
HD 149551	HIP 81380	249.30363	-39.01057	172.78	m	9.986	3.799	G2/5 (V)	0.649
HIP 85913		263.34618	29.76106	172.78	m	10.58	4.396	G0	0.695
HD 53637	HIP 34340	106.78831	32.10931	172.82	m	9.415	3.227	F5	0.384
HIP 84242		258.30342	34.52074	172.82	m	9.396	3.208	F2	0.386
HD 122538	HIP 68743	211.07136	-57.47379	172.82	m	9.259	3.071	F2 IV/V	0.526
HD 5866	HIP 4662	14.97484	-24.43681	172.84	m	9.097	2.909	F6 V	0.564
HD 11391	HIP 8583	27.69371	-47.49542	172.85	m	9.813	3.625	F3 V	0.446
HD 139406	HIP 76547	234.50056	0.31951	172.85	m	9.581	3.393	F3 V	0.536
HD 33955	HIP 24678	79.41463	59.94627	172.85	m	9.04	2.852	F2	0.346
HIP 47243		144.44907	40.79203	172.85	m	9.038	2.85	F8	0.593
HD 201209	HIP 104598	317.83921	-65.62906	172.85	m	10.12	3.935	F5 V	0.474
HIP 82404		252.5878	22.58634	172.86	m	9.517	3.329	F2	0.464
HIP 58417		179.66637	12.8547	172.88	m	10.13	3.939	G0	0.677
HD 213773	HIP 111428	338.61879	-40.20303	172.9	m	10.16	3.968	F8 V	0.669
HD 216634	HIP 113099	343.56393	21.99135	172.92	m	9.366	3.177	G0	0.544
HD 30398	HIP 22053	71.14388	-51.59305	172.92	m	9.48	3.291	F3 V	0.438
HIP 26670		85.02105	-10.73213	172.92	m	9.428	3.239	F5	0.541
HD 9194	HIP 6955	22.38241	-50.43592	172.95	m	9.714	3.524	F5 V	0.527
HIP 75087		230.15793	-0.3482	172.95	m	9.873	3.683	G0	0.678
HIP 588		1.78471	14.82373	172.97	m	9.223	3.033	F2	0.352
HD 193212	HIP 100331	305.20827	-43.60412	172.98	m	9.932	3.742	G1/2 V	0.66
HD 210399	HIP 109674	333.25338	-69.68555	172.98	m	9.106	2.916	F8 V	0.662
HIP 52801		161.91995	83.47188	173.01	m	9.788	3.598	F5	0.453
HIP 55862		171.74516	32.58983	173.01	m	10.71	4.521	G0	1
HIP 56663		174.27635	9.65352	173.01	m	10.27	4.079	G5	0.857
HD 92021	HIP 51918	159.09434	-54.84435	173.02	m	9.596	3.406	A8/F0 V	0.351
HIP 10184		32.73319	5.08493	173.02	m	9.11	2.919	F5	0.528
HIP 68738		211.05381	-6.46753	173.05	m	9.052	2.861	F2	0.467
HD 196048	HIP 101650	309.0836	-39.23509	173.06	m	9.37	3.179	F3/5 V	0.477
HD 283929	HIP 22584	72.90437	25.981	173.07	m	9.389	3.198	A 8 V	0.619
HD 217718	HIP 113776	345.62362	9.58263	173.07	m	9.102	2.911	G0	0.6
HD 132212	HIP 73225	224.48392	-1.73081	173.08	m	9.016	2.825	F6 V	0.614
HIP 68321		209.78952	33.86094	173.09	m	10.03	3.835	A4	0.436
HIP 27030		85.99767	62.50656	173.09	m	9.188	2.997	F0	0.38
HD 62178	HIP 37156	114.5364	-65.46191	173.09	m	9.042	2.851	G8 IV	1.022
HIP 59942		184.43737	22.1677	173.1	m	9.48	3.289	F8	0.501
HIP 69866		214.4595	-1.07913	173.12	m	10.39	4.203	F8	0.572
HIP 32304		101.17162	38.77812	173.13	m	9.609	3.417	F8	0.511
HD 243713	HIP 25498	81.79186	24.21217	173.13	m	9.303	3.111	F5	0.455
HD 316224	HIP 86911	266.37501	-29.11784	173.13	m	10.21	4.016	F2	0.469
HIP 84688		259.69272	35.66989	173.14	m	9.783	3.591	G0	0.581
HIP 5530		17.69659	-21.41975	173.15	m	10.73	4.536	G0	0.488
HD 128944	HIP 71715	220.04123	-15.26855	173.16	m	9.388	3.196	F3 V	0.569
HD 87902	HIP 49660	152.06882	8.0322	173.16	m	9.35	3.158	F8	0.536
HD 31461	HIP 22784	73.51408	-42.39352	173.17	m	9.206	3.014	F6 V	0.508
HD 153313	HIP 83033	254.51613	16.37007	173.2	m	10.46	4.262	G5	0.767
HIP 15911		51.22966	47.41501	173.22	m	9.763	3.57	F 4 V	0.492
HIP 62157		191.08433	-8.67135	173.23	m	10.65	4.458		-0.268
HD 238402	HIP 72813	223.23554	58.14573	173.26	m	9.483	3.289	F2	0.422
HD 214292	HIP 111737	339.51585	-48.75932	173.27	m	9.651	3.457	F2 V	0.434
HD 187169	HIP 97488	297.21766	-8.03928	173.27	m	9.552	3.358	F3/5 V	0.546
HD 112823	HIP 63448	195.02156	-54.66709	173.28	m	9.07	2.876	A2/3 III/IV	0.433
HD 217960	HIP 113961	346.17173	-35.13041	173.28	m	10.07	3.875	F8 V (+ F)	0.491
HD 89097	HIP 50118	153.46994	-69.77627	173.29	m	9.166	2.972	F8/G0 IV/V	0.654
HD 93015	HIP 52569	161.22774	29.51524	173.3	m	9.056	2.862	G0	0.512
HD 176294	HIP 93394	285.32254	-38.95074	173.3	m	9.414	3.22	F0 V	0.446
HD 234327	HIP 81448	249.52786	53.83876	173.3	m	9.341	3.147	F5	0.437
HD 287559	HIP 24166	77.84162	2.47068	173.31	m	10.58	4.385	F8	0.608
HD 178743	HIP 94148	287.4588	-0.28679	173.31	e	9.264	3.07	F2	0.393
HIP 8821		28.34763	70.04263	173.33	m	9.084	2.89	F0	0.465
HD 246363	HIP 26854	85.52049	30.29946	173.33	m	9.212	3.018	F2	0.499
HD 155054	HIP 84157	258.08309	-55.38938	173.34	m	9.125	2.931	F2 V	0.411
HD 146592	HIP 79873	244.55621	-31.61226	173.35	m	10.03	3.835	G3/5 (V)	0.758
HIP 54660		167.83481	5.09662	173.36	m	10.2	4.001	F8	0.609
HD 78407	HIP 44593	136.27088	-62.78234	173.37	m	9.611	3.416	F0 V	0.33
HIP 74538		228.47065	28.3586	173.37	m	10.21	4.016	G0	0.687
HIP 49817		152.55063	41.06275	173.37	m	10.16	3.961	G0	0.613
HIP 17151		55.10116	29.95613	173.39	m	9.031	2.836	G0	0.685
HIP 78857		241.45987	19.77464	173.41	m	9.604	3.409	G5	1.159
HD 157836	HIP 85529	262.18209	-54.59287	173.42	m	9.002	2.807	F2 V	0.447
HD 149655	HIP 81403	249.38808	-36.20227	173.44	m	9.304	3.108	F2 V	0.542
HD 149726	HIP 81479	249.63013	-41.63529	173.45	m	9.508	3.312	F0 V	0.505
HIP 66694		205.07023	16.07287	173.45	m	10.31	4.116	F8	0.634
HIP 60496		186.03781	36.33009	173.46	m	9.742	3.546	F5	0.482
HIP 21334		68.68046	15.26511	173.51	m	12.25	6.049	K0V	
HD 77661	HIP 44529	136.09231	18.27901	173.52	m	9.26	3.063	G	0.616
HD 30516	HIP 22198	71.61564	-41.09232	173.53	m	9.219	3.022	F5 V	0.527
HD 174291	HIP 92558	282.91962	-40.58546	173.53	m	9.001	2.804	F0 V	0.4
HIP 48922		149.69826	64.64528	173.53	m	9.953	3.756	G0	0.69
HD 9350	HIP 7063	22.75866	-47.26427	173.54	m	9.315	3.118	F7 V	0.562
HIP 10597		34.11209	23.14704	173.54	m	9.275	3.078	G0	0.611
HD 145010	HIP 79198	242.46618	-31.60409	173.58	m	9.2	3.003	A8/F0 V + F(5)	0.482
HD 103831	HIP 58319	179.38205	37.16321	173.59	m	9.242	3.044	F 8 V	0.559
HD 31857	HIP 23227	74.97157	16.82942	173.59	m	9.38	3.182	G5	0.964
HIP 48438		148.14185	61.13516	173.59	m	9.296	3.098	G0	0.641
HD 93741	HIP 52945	162.41019	22.84002	173.62	m	9.16	2.962	G0	0.498
HD 125000	HIP 69800	214.27875	-11.81162	173.62	m	9.394	3.196	F0 V	0.429
HD 154702	HIP 83840	257.01113	-25.14322	173.64	m	9.714	3.516	G6 V	0.994
HD 156272	HIP 84689	259.69629	-44.33829	173.65	m	9.517	3.319	G3 V	0.742
HD 19465	HIP 14538	46.91919	-0.53771	173.65	m	9.535	3.337	F7 V	0.615
HD 20896	HIP 15548	50.08183	-45.16955	173.65	m	9.973	3.775	F5 V	0.475
HIP 16072		51.74905	23.77662	173.66	m	10.95	4.753		0.487
HD 210639	HIP 109649	333.19116	-46.51711	173.67	m	9.035	2.836	F5 V	0.502
HD 9291	HIP 7047	22.70973	-35.68118	173.68	m	9.578	3.379	F2/3 V	0.413
HD 36331	HIP 25641	82.15697	-45.80129	173.69	m	9.196	2.997	F3/5 V	0.528
HD 177852	HIP 94100	287.33612	-54.83712	173.7	m	10.1	3.904	G6/8 V	0.83
HD 160983	HIP 86734	265.84646	-9.00918	173.7	m	9.097	2.898	K1 IV	1.686
HIP 26390		84.27265	-11.71752	173.71	m	9.845	3.646	F8	0.461
HIP 71597		219.64317	40.80049	173.71	m	10.26	4.057	F8	0.547
HIP 66531		204.56978	29.49165	173.71	m	10.13	3.929	F8	0.377
HD 224652	HIP 118296	359.91035	-49.83252	173.72	m	9.306	3.107	G1 V	0.684
HD 234530	HIP 88119	269.96011	50.65298	173.74	m	9.219	3.02	K0	0.916
HD 151221	HIP 82112	251.59503	-9.03431	173.74	m	9.824	3.624	F5/6 V	0.753
HD 74151	HIP 42845	130.96701	43.48016	173.75	m	9.336	3.136	F8	0.424
HIP 14853		47.95829	50.37966	173.78	m	9.836	3.636	F 5 V	0.474
HIP 46289		141.59934	33.89462	173.79	m	9.229	3.029	G0	0.723
HD 193766	HIP 100546	305.81469	-33.69086	173.79	m	9.169	2.969	F0 V	0.336
HD 135075	HIP 74303	227.8116	50.72019	173.79	m	9.533	3.333	G5	0.483
HIP 42545		130.08882	49.83155	173.81	m	10.87	4.667	G5	0.475
HIP 83841		257.01373	42.10021	173.81	m	9.41	3.21	F2	0.382
HIP 55998		172.13701	31.21682	173.82	m	12.01	5.806		0.652
HD 207850	HIP 108016	328.25018	-40.65542	173.86	m	10.11	3.91	G5/6 (V)	0.733
HD 221299	HIP 116061	352.75634	-19.48998	173.86	m	9.1	2.899	F0 V	0.39
HD 7631	HIP 5893	18.92775	-32.64427	173.87	m	9.829	3.628	F7/8 V	0.543
HD 15706	HIP 11726	37.84397	-7.81199	173.9	m	9.174	2.973	F8 V	0.672
HIP 95341		290.94755	68.0653	173.9	m	10.12	3.917	F8	0.502
HD 197387	HIP 102444	311.38068	-51.08974	173.9	m	9.3	3.098	G0 V	0.635
HIP 48099		147.10791	41.8542	173.91	m	10.06	3.863	F8	0.613
HD 344620	HIP 96380	293.93956	23.27061	173.91	e	9.223	3.021	F5	0.444
HD 221285	HIP 116075	352.82031	-53.99533	173.91	e	9.276	3.074	G2 IV	0.745
HD 211546	HIP 110107	334.55851	-21.42651	173.92	m	9.281	3.079	G0 V	0.571
HD 164751	HIP 88979	272.42482	-72.40696	173.94	m	9.847	3.645	F7/8 V	0.637
HIP 75929		232.62167	-30.02317	173.96	m	10.14	3.943	F0	0.628
HIP 13426		43.219	50.0753	173.96	m	10.34	4.136		0.661
HD 147648	HIP 80338	246.01206	-25.41502	173.97	m	9.559	3.357	B8 II	0.682
HIP 15654		50.37598	48.49385	174.02	m	9.164	2.961	F 1 IV:N	0.441
HD 28170	HIP 20812	66.89188	25.06159	174.03	m	9.033	2.83	A 1 III	0.6
HIP 87598		268.41247	-69.05048	174.04	m	9.787	3.584	G0	0.526
HD 188243	HIP 98081	298.99693	-41.3526	174.04	m	9.486	3.283	F2 V	0.476
HD 160603	HIP 87283	267.52246	-76.60049	174.06	m	9.108	2.905	F8 V	0.609
HIP 62068		190.81269	17.12443	174.1	m	10.16	3.96	G	0.869
HIP 15691		50.53103	62.73879	174.12	m	10.01	3.809	G	0.454
HD 107512	HIP 60256	185.33713	32.17645	174.14	m	9.144	2.939	G0	0.657
HIP 65249		200.57497	26.51948	174.17	m	9.028	2.823	G0	0.99
HD 148170	HIP 80653	246.9971	-40.95559	174.17	m	9.732	3.527	F3 IV/V	0.695
HD 100254	HIP 56297	173.10963	37.20647	174.18	m	9.453	3.248	G5	0.444
HD 26136	HIP 19156	61.59177	-42.39769	174.2	m	9.319	3.114	F5 V	0.456
HD 90458	HIP 50820	155.64611	-77.06394	174.21	m	9.736	3.531	F6/7 V	0.552
HD 234575	HIP 89092	272.7472	50.63256	174.21	m	9.188	2.983	G0	0.553
HIP 99209		302.11093	81.45667	174.22	e	9.078	2.873	F0	0.35
HD 219219	HIP 114755	348.67755	-43.74476	174.22	m	9.369	3.163	G0 V	0.614
HD 130345	HIP 72416	222.10524	-29.62527	174.24	m	9.304	3.098	G8 IV	1.146
HD 215671	HIP 112732	342.44669	-76.34983	174.26	m	9.089	2.883	F7 V	0.557
HD 108671	HIP 60950	187.4113	-66.59861	174.27	m	9.293	3.087	F0/2 V	0.448
HIP 16667		53.62486	45.80829	174.28	m	9.44	3.234	F2	0.571
HD 232804	HIP 16506	53.13288	51.4896	174.29	m	10.35	4.147	F5	0.666
HIP 37051		114.20712	48.71177	174.3	m	9.345	3.139	F8	0.588
HD 217515	HIP 113678	345.36602	-18.30498	174.31	m	9.434	3.227	F2 V	0.4
HD 85569	HIP 48459	148.21156	3.89338	174.32	m	9.528	3.321	G2 V	0.816
HIP 66436		204.29769	15.83284	174.34	m	9.957	3.75	F5	0.504
HD 85406	HIP 48274	147.62591	-41.33194	174.34	m	9.506	3.299	F3 V	0.472
HIP 69499		213.42755	0.27252	174.36	m	10.13	3.919	F8	0.55
HIP 45179		138.10164	18.67302	174.36	m	9.313	3.106	G5	0.987
HD 14153	HIP 10888	35.03156	65.08523	174.42	m	9.032	2.824	G5	0.551
HD 107516	HIP 60272	185.37302	7.81856	174.46	m	9.603	3.395	G0	0.563
HD 150287	HIP 81751	250.46667	-40.46624	174.46	m	9.558	3.35	A9 V	0.401
HIP 25659		82.21217	-29.89664	174.47	m	11.54	5.326	F6	0.7
HIP 73707		225.99155	9.91133	174.47	m	10.08	3.875	G0	0.554
HD 194555	HIP 101026	307.21402	-54.67779	174.48	m	9.302	3.093	G6 IV/V	0.821
HD 24180	HIP 18026	57.78752	5.16639	174.5	m	9.126	2.917	A8 IV	0.417
HIP 54959		168.82177	45.2509	174.5	m	9.596	3.387	F8	0.523
HD 123157	HIP 68850	211.48006	2.0671	174.51	m	9.777	3.568	G1 V	0.627
HD 12272	HIP 9064	29.17306	-73.26439	174.52	m	9.051	2.842	F0 IV	0.352
