HD 189857	HIP 98837	301.06494	-47.39587	174.52	e	9.581	3.372	F8 V	0.639
HD 238794	HIP 88163	270.09619	57.41802	174.53	m	9.301	3.092	F0	0.431
HD 77725	HIP 44788	136.921	64.985	174.56	m	9.221	3.011	F8	0.636
HD 25419	HIP 18760	60.27619	-32.58944	174.56	m	9.103	2.893	A9 V	0.334
HIP 50543		154.8587	9.72059	174.56	m	9.684	3.474	K0	1.312
HD 126380	HIP 70461	216.19359	12.55029	174.57	m	9.692	3.482	G	0.528
HD 175606	HIP 93186	284.71389	-51.4657	174.58	m	9.87	3.66	F/GW	0.358
HIP 6176		19.80878	35.77894	174.58	m	10.06	3.852	F8	0.605
HIP 17301		55.55282	10.73978	174.6	m	10.67	4.462	F8	0.861
HIP 43335		132.42906	49.45431	174.65	m	9.668	3.457	F8	0.674
HIP 104973		318.93584	35.64809	174.66	m	9.341	3.13	F8	0.553
HIP 56697		174.38556	-3.63403	174.69	m	9.943	3.732	F8	0.775
HIP 43099		131.66493	-13.35704	174.7	m	10.27	4.054	A5	0.382
HD 286174	HIP 22967	74.13153	15.81382	174.72	m	9.322	3.11	F5	0.635
HIP 103630		314.95159	20.06926	174.73	m	9.166	2.954	F0	0.314
HIP 66308		203.8474	66.07501	174.75	m	9.7	3.488	F8	0.717
HD 122943	HIP 69095	212.14905	-73.40801	174.75	m	9.667	3.455	F8 V	0.695
HD 160329	HIP 86426	264.88584	-5.85901	174.76	m	9.313	3.101	A4 V	0.441
HIP 31417		98.76543	38.75519	174.76	m	9.474	3.262	F2	0.339
HIP 70778		217.12836	-50.60384	174.77	m	10.29	4.073	G5	0.912
HIP 43607		133.21771	59.30322	174.77	m	10.5	4.291	G0	0.594
HD 155422	HIP 84060	257.78125	10.92734	174.77	m	9.008	2.796	A0	0.336
HIP 48239		147.51603	48.42439	174.82	m	10.49	4.275	F8	0.6
HD 193301	HIP 100327	305.20003	-34.77666	174.83	m	9.25	3.037	F5 V	0.522
HIP 19648		63.15344	48.4512	174.85	m	9.215	3.002	A2	0.389
HD 11411	HIP 8676	27.91927	-28.81449	174.85	m	9.881	3.668	G6/8 V	0.828
HD 224445	HIP 118153	359.50425	-48.11229	174.86	m	10.11	3.899	F2/3 V	0.469
HD 311863	HIP 62359	191.67995	-62.57978	174.87	m	11.57	5.361		0.557
HD 6391	HIP 5022	16.0873	-37.30366	174.93	m	9.03	2.816	G2 V	0.679
HD 213629	HIP 111347	338.37004	-38.19567	174.95	m	10.08	3.862	F3/5 V	0.51
HD 189267	HIP 98454	300.05509	-30.6775	174.97	m	9.548	3.333	F3/5 V	0.593
HIP 67638		207.88198	-52.45467	174.97	m	10.6	4.389	F8	0.618
HD 171811	HIP 91365	279.51069	-29.88211	174.99	m	9.603	3.388	F2/3 V	0.527
HD 148869	HIP 80803	247.49429	28.53924	175.01	m	9.064	2.849	F5	0.349
HIP 62006		190.62261	35.9495	175.02	m	9.582	3.367	G0	0.836
HIP 70979		217.7646	28.00988	175.03	m	9.541	3.325	F0	0.414
HD 126913	HIP 70622	216.69956	50.73916	175.04	m	9.83	3.614	G5	0.556
HD 192249	HIP 99720	303.52235	-4.83787	175.04	m	9.734	3.518	F6/8	0.702
HD 213915	HIP 111500	338.85789	-41.61175	175.05	m	9.594	3.378	F6/7 V + G/K	0.454
HIP 37531		115.54273	44.22248	175.06	m	10.07	3.853	F8	0.517
HD 234852	HIP 94743	289.1854	50.64661	175.06	m	9.188	2.972	F5	0.305
HD 338751	HIP 96756	295.02301	25.09149	175.07	m	9.205	2.989	F8	0.571
HIP 58620		180.31881	34.63981	175.08	m	9.942	3.726	F8	0.519
HIP 75910		232.58082	12.08472	175.08	m	9.596	3.38	F8	0.585
HIP 59109		181.81278	-5.73379	175.09	m	10.11	3.894	A7	0.318
HD 293988	HIP 24752	79.61138	-4.6211	175.09	m	10.01	3.792	F 2 V	0.565
HIP 73228		224.49556	18.66461	175.09	m	9.717	3.501	F8	0.493
HD 205219	HIP 106520	323.62439	-24.95017	175.13	m	9.091	2.874	F2 V	0.434
HD 206418	HIP 107118	325.47684	7.37225	175.14	m	9.244	3.027	F5	0.49
HIP 1919		6.06198	17.65004	175.14	m	9.5	3.283	G0	0.558
HD 257282	HIP 30751	96.91946	32.62069	175.14	m	9.851	3.634	F5	0.508
HD 233468	HIP 38616	118.61135	50.74356	175.14	m	9.472	3.255	G0	0.521
HIP 43348		132.44926	31.21068	175.16	m	9.451	3.234	G5	0.796
HIP 56590		174.03013	40.28428	175.19	m	9.755	3.537	G0	0.698
HD 237853	HIP 48821	149.37651	54.48249	175.19	m	9.635	3.417	F8	0.489
HD 136098	HIP 74932	229.67901	3.73552	175.2	m	9.689	3.471	F2/3 V	0.346
HD 202401	HIP 105720	321.19519	-80.87136	175.24	m	9.624	3.406	G3 V	0.672
HD 119582	HIP 66894	205.63644	58.84906	175.24	m	9.188	2.97	G5	0.689
HIP 72642		222.78356	41.61379	175.24	m	9.693	3.475	F5	0.49
HD 58069	HIP 35581	110.14573	-57.48928	175.25	m	9.161	2.943	K0 IV	1.152
HD 76298	HIP 43720	133.55858	-31.88514	175.26	m	9.161	2.943	G2 V	0.736
HD 120932	HIP 67595	207.7648	55.67503	175.26	m	9.184	2.966	K0	0.383
HD 1482	HIP 1507	4.69112	-39.67726	175.26	m	9.31	3.092	F3/5 V	0.448
HD 155779	HIP 84534	259.22649	-56.66607	175.27	m	9.441	3.222	F7 V	0.576
HD 282544	HIP 22727	73.34085	29.56874	175.31	m	10.28	4.065	G0	0.808
HIP 53415		163.89618	72.26822	175.33	m	9.657	3.438	F2	0.523
HIP 38488		118.23062	44.65148	175.36	m	10.18	3.956	G0	0.577
HIP 3867		12.41396	29.34598	175.36	m	10.51	4.289	F8	0.734
HD 20403	HIP 15256	49.1961	-2.58396	175.36	m	9.245	3.025	F7/8 V	0.659
HIP 28738		91.04554	36.05023	175.38	m	9.309	3.089	F5	0.482
HD 117061	HIP 65612	201.79444	36.40618	175.38	m	9.565	3.345	G5	0.426
HIP 6968		22.42359	-4.10395	175.4	m	9.598	3.378	F5	0.371
HD 156393	HIP 84617	259.46205	-13.55533	175.41	m	10	3.781	F2 V	0.61
HD 113479	HIP 63766	196.0504	-6.66228	175.5	m	9.099	2.878	F5 V	0.523
HD 94352	HIP 53220	163.27812	-22.02345	175.5	m	9.594	3.373	K1 III	1.264
HD 29348	HIP 21379	68.81423	-43.99782	175.52	m	9.812	3.59	G3 V	0.57
HD 122582	HIP 68659	210.81324	-22.67101	175.52	m	9.381	3.159	G8 IV	0.949
HIP 53533		164.28572	46.15922	175.56	m	10.93	4.711	G0	0.818
HIP 5956		19.1592	-1.63154	175.56	m	10.06	3.839	F8	0.477
HIP 52940		162.39977	12.92965	175.6	m	9.694	3.471	F8	0.545
HD 220594	HIP 115636	351.37861	-55.45217	175.61	m	9.262	3.039	F3 V	0.395
HD 211612	HIP 110172	334.74057	-30.8653	175.61	m	9.86	3.637	G8 V	0.985
HD 127493	HIP 71096	218.08956	-22.65712	175.67	m	10.02	3.8	B0	-0.34
HD 137231	HIP 75561	231.54872	-38.15709	175.68	m	9.326	3.102	F5 V	0.583
HIP 12811		41.1618	22.04341	175.7	m	9.751	3.527	K0	1.061
HIP 75578		231.58651	-23.38887	175.7	m	10.16	3.935	F8	0.762
HD 121112	HIP 67839	208.43607	-12.31453	175.73	m	9.137	2.913	F2/3 V	0.501
HIP 78304		239.83279	-5.56063	175.73	m	9.761	3.537	F5	0.684
HIP 28319		89.74842	-7.66755	175.75	e	13.41	7.182		
HIP 34075		106.00643	76.74217	175.75	m	9.303	3.079	F8	0.597
HD 12094	HIP 9157	29.48423	-35.10994	175.75	m	9.037	2.813	F7 V	0.581
HD 284210	HIP 19616	63.05299	20.74518	175.75	m	9.352	3.127	A7	0.678
HD 236639	HIP 5523	17.67814	59.57037	175.76	m	9.212	2.987	F5V	0.582
HIP 49716		152.25823	64.4446	175.78	m	10.17	3.941	K7	0.604
HIP 113032		343.37014	27.72725	175.79	m	10.7	4.473	G0	0.817
HD 39581	HIP 27272	86.69809	-71.60352	175.84	m	9.336	3.11	F6 V	0.531
HD 116496	HIP 65353	200.91359	22.54384	175.89	m	9.545	3.319	G5	0.491
HD 224390	HIP 118110	359.37831	-47.6813	175.9	m	9.672	3.446	F7 V	0.548
HIP 32819		102.61821	-15.95912	175.91	m	9.898	3.672	F2	0.437
HIP 551		1.68256	8.65721	175.91	m	11.03	4.801		0.731
HD 90205	HIP 51030	156.38585	36.78306	175.92	m	9.137	2.91	G0	0.403
HD 217306	HIP 113585	345.08876	-39.15477	175.93	m	9.091	2.864	F0 V	0.375
HD 126358	HIP 70673	216.82652	-60.97381	175.94	m	9.695	3.468	F3 IV/V	0.523
HD 241953	HIP 24489	78.81557	24.96336	175.96	m	9.625	3.398	G0	0.566
HD 159612	HIP 86108	263.9623	-6.20177	175.98	m	9.21	2.983	F5 V	0.723
HD 3998	HIP 3321	10.58708	-30.80682	175.99	m	9.307	3.08	G0 V	0.582
HD 8937	HIP 6518	20.9247	-79.21197	176	m	9.276	3.048	F5 V	0.525
HIP 5711		18.36588	-31.57462	176.02	m	9.998	3.77	G0	0.683
HIP 61747		189.81998	38.02428	176.04	m	10.71	4.483	F8	0.493
HIP 95098		290.19975	44.15522	176.04	m	9.564	3.336	F8	0.574
HD 166224	HIP 89241	273.16511	-54.38713	176.04	m	9.455	3.227	G2 V	0.689
HD 20494	HIP 15254	49.19025	-32.08933	176.06	m	9.62	3.392	G8 III	0.857
HD 180276	HIP 94754	289.21338	-23.22067	176.07	m	9.021	2.793	F2/3 V	0.443
HD 131715	HIP 73010	223.8174	-2.11408	176.09	m	9.018	2.789	F8 V	0.662
HD 214811	HIP 111979	340.235	-13.85639	176.1	m	9.744	3.515	K0/1 IV/V	1.128
HD 210067	HIP 109294	332.11515	-34.99287	176.11	m	9.672	3.443	G3 V	0.818
HD 237859	HIP 49191	150.59616	55.57524	176.12	m	9.463	3.234	F0	0.431
HD 118457	HIP 66359	204.03712	49.47843	176.15	m	9.007	2.778	F8	0.487
HD 10888	HIP 8172	26.26887	-59.7182	176.22	m	9.088	2.858	F3 V	0.441
HD 12239	HIP 9270	29.77896	-42.69122	176.22	m	9.594	3.364	F7 V	0.507
HIP 54169		166.21273	26.79648	176.23	m	10.04	3.815	G0	0.575
HIP 74564		228.52981	-8.56292	176.23	m	9.858	3.628	F8	0.474
HD 17564	HIP 13072	42.00217	-36.42465	176.24	m	9.611	3.38	G6 IV/V	0.897
HD 132796	HIP 73466	225.22813	4.33549	176.25	m	9.014	2.783	F3 V	0.572
HD 289927	HIP 23867	76.94276	0.25656	176.26	m	9.411	3.18	F2	0.422
HD 110132	HIP 61845	190.1248	-56.85486	176.26	m	9.666	3.435	F2 V	0.431
HIP 15837		50.99836	10.46166	176.29	m	10.39	4.16	G0	1.004
HIP 41513		126.99221	22.10207	176.3	m	9.634	3.403	F5	0.578
HIP 24156		77.81044	-8.55686	176.32	m	9.529	3.298	F 8 V	0.603
HIP 65282		200.6887	66.93777	176.32	m	9.95	3.718	G5	0.698
HIP 20565		66.07851	49.26015	176.33	m	11.62	5.389		0.754
HIP 1251		3.92155	-26.44234	176.33	m	10.08	3.852	G0	0.812
HIP 117433		357.17093	-34.64015	176.36	m	10.86	4.626	G2	0.753
HD 213381	HIP 111193	337.89647	-33.84781	176.36	m	9.218	2.986	G0 V	0.602
HIP 55952		171.99383	14.83207	176.39	m	9.073	2.841	A5	0.302
HD 12188	HIP 9304	29.89045	-6.3826	176.39	m	9.171	2.939	F3/5 V	0.475
HD 259083	HIP 31219	98.23174	28.33405	176.4	m	9.305	3.073	F2	0.494
HIP 15739		50.69641	-43.34202	176.41	m	10.56	4.323		0.546
HIP 84902		260.27005	11.8037	176.43	m	9.877	3.644	F5	0.587
HD 223120	HIP 117292	356.74012	-29.87041	176.45	m	9.343	3.11	K0 V	1.083
HIP 20777		66.76161	25.70627	176.45	m	12.08	5.848	K 2 III	
HD 45160	HIP 30128	95.10043	-67.94558	176.46	m	9.606	3.373	F2 V	0.383
HIP 4259		13.58287	-21.93244	176.46	m	10.11	3.873	G0	0.586
HIP 75751		232.12573	1.20846	176.47	m	10.76	4.53	F8	0.829
HD 126779	HIP 70739	216.99684	-14.38231	176.48	m	9.088	2.855	F7 V	0.622
HD 16248	HIP 12129	39.0571	-4.48716	176.48	m	9.118	2.884	F0 V	0.333
HD 195209	HIP 101363	308.1593	-56.98722	176.49	m	9.776	3.542	G5 IV/V	0.724
HD 103004	HIP 57818	177.83915	-54.8451	176.49	m	9.549	3.315	G2WF5	0.577
HIP 48208		147.42561	49.25328	176.5	m	10.39	4.159	G0	0.684
HIP 108526		329.78796	2.40032	176.51	m	10.32	4.083	M2	0.608
HD 139156	HIP 76467	234.25182	-10.47493	176.53	m	9.483	3.249	F6 V	0.587
HD 152508	HIP 82914	254.16218	-54.31003	176.54	m	9.393	3.159	F5 V	0.563
HIP 57337		176.34436	15.78427	176.54	m	9.528	3.294	F2	0.457
HD 91229	HIP 51442	157.59295	-60.36538	176.55	m	9.226	2.992	F6 V	0.463
HIP 7197		23.18801	-41.25565	176.56	m	10.4	4.162	G	0.776
HD 4444	HIP 3677	11.76347	41.96485	176.56	m	9.059	2.824	F0	0.364
HD 59823	HIP 36336	112.18468	-55.05801	176.56	m	10.01	3.772	G6 V	0.785
HIP 81677		250.27281	33.63031	176.58	m	10.92	4.684	F8	0.819
HIP 26097		83.4857	76.39872	176.59	m	9.984	3.749	F8	0.495
HD 215728	HIP 112606	342.09866	-57.92598	176.59	m	9.401	3.166	F2 V	0.387
HIP 95652		291.84814	13.98852	176.6	m	10.52	4.28		0.714
HD 211442	HIP 110067	334.41492	-35.41152	176.6	m	10.29	4.058	F8/G0 V	0.556
HD 104301	HIP 58575	180.18274	46.07567	176.6	m	9.509	3.274	F0	0.377
HIP 14722		47.5423	-5.27101	176.62	m	10.37	4.137	G0	0.553
HIP 59883		184.21495	35.93622	176.64	m	9.344	3.109	G0	0.731
HD 195350	HIP 101559	308.74002	-67.24832	176.64	m	9.513	3.278	K0 V	1.053
HD 172534	HIP 91696	280.47574	-28.32453	176.65	m	9.692	3.456	G2 V	0.72
HD 92494	HIP 52267	160.19874	0.51011	176.66	m	9.16	2.924	F2	0.414
HD 39987	HIP 28087	89.06024	3.86692	176.67	m	9.082	2.846	F3/5 V	0.473
HD 187497	HIP 97735	297.92343	-37.49234	176.68	e	9.618	3.382	G3 V	0.715
HD 207612	HIP 107824	327.66337	-18.01386	176.68	m	9.349	3.113	F3 V	0.539
HD 41200	HIP 28551	90.41008	-40.26471	176.69	m	9.939	3.703	F5 V	0.666
HD 9990	HIP 7479	24.08022	-53.2224	176.7	m	10.06	3.829	F8 V	0.676
HD 147930	HIP 80447	246.31988	-16.19079	176.71	m	9.273	3.037	A1 IV	0.563
HD 275907	HIP 18037	57.82788	37.20596	176.72	m	9.114	2.878	A 9 V	0.363
HIP 66601		204.78368	8.97564	176.75	m	10.65	4.416	F8	0.619
HIP 46036		140.84112	8.35655	176.77	m	9.269	3.032	F8	0.58
HIP 117148		356.24461	3.77093	176.79	m	10.36	4.122	F8	0.386
HIP 104446		317.36909	-33.18106	176.79	m	10.39	4.152	F5	0.577
HD 195063	HIP 101122	307.47298	-25.78509	176.8	m	9.523	3.286	G0 V	0.709
HIP 73153		224.25803	0.46302	176.8	m	10.09	3.853	G0	0.733
HD 143697	HIP 78652	240.84131	-36.86666	176.82	m	9.076	2.838	G2 V	0.821
HD 163405	HIP 87829	269.11239	-10.189	176.82	m	9.059	2.821	F8 V	0.775
HD 142113	HIP 77813	238.33705	-19.39823	176.83	m	9.397	3.159	F8 V	0.813
HIP 75877		232.4775	-46.10069	176.83	m	10.57	4.337	G0	0.642
HD 3329	HIP 2809	8.94032	-55.17056	176.89	m	9.076	2.837	F3 IV	0.398
HIP 91048		278.59242	2.52224	176.93	m	10.41	4.176	F8	0.673
HIP 31964		100.19861	40.10858	176.94	m	9.304	3.065	G0	0.708
HIP 8441		27.21428	-77.10864	176.95	m	10.95	4.714		0.729
HD 98744	HIP 55508	170.52947	37.08754	176.97	m	9.254	3.015	G0	0.53
HD 20475	HIP 15499	49.92398	48.91364	176.98	m	9.234	2.994	F2V	0.512
HD 197650	HIP 102501	311.60135	-38.5112	176.99	m	9.641	3.401	F5 V	0.487
HD 190857	HIP 99275	302.27968	-48.92622	176.99	e	10.2	3.963	F7/G0 V	0.709
HD 28516	HIP 21419	68.96141	71.34221	177.02	m	9.136	2.896	A5	0.313
HIP 115983		352.4778	-20.57044	177.04	m	10.63	4.39		0.611
HIP 15898		51.1962	48.41167	177.05	m	10.02	3.777	F 4 V	0.441
HD 25127	HIP 18631	59.81415	-7.64044	177.07	m	9.386	3.145	G8 V	0.892
HD 105558	HIP 59256	182.32382	-35.90884	177.07	m	9.35	3.109	K0 IV	1.145
HIP 7781		25.03942	33.41944	177.09	m	9.72	3.479	G5	1.011
HD 473	HIP 752	2.30407	-0.75219	177.1	m	9.959	3.718	F3/5 V	0.556
HIP 34891		108.28239	37.62146	177.12	m	9.835	3.594	F2	0.515
HD 8237	HIP 6346	20.38197	-16.48318	177.12	m	10.14	3.902	F7 V	0.506
HD 207753	HIP 108037	328.32514	-59.58592	177.15	m	9.01	2.768	G0 V	0.615
HD 9048	HIP 6922	22.28166	3.78534	177.16	m	9.312	3.07	F3 V	0.469
HD 127162	HIP 71215	218.45018	-71.46698	177.18	m	9.252	3.01	F0 (VW)	0.484
HIP 42904		131.15303	49.22866	177.22	m	9.488	3.245	F5	0.555
HD 11798	HIP 8745	28.12979	-71.64798	177.22	m	9.778	3.535	F7 V	0.559
HD 13258	HIP 10103	32.48835	14.85462	177.23	m	9.067	2.824	F0	0.372
HIP 56051		172.31762	28.82978	177.23	m	10.07	3.832	F8	0.835
HD 203797	HIP 105735	321.23674	-18.95213	177.25	m	9.066	2.823	F0 V	0.388
Gl 700.1C		270.79318	-8.19837	177.26	m	9.4	3.157		
HD 4010	HIP 3335	10.63527	-26.18793	177.3	m	9.869	3.625	F3 V	0.393
HIP 56140		172.60949	36.36427	177.32	m	9.938	3.694	G0	0.715
HD 222331	HIP 116754	354.93464	-17.04035	177.32	m	10.13	3.89	G6/8	0.929
HD 216694	HIP 113210	343.89225	-43.65824	177.32	m	9.428	3.184	F6 V	0.562
HIP 55481		170.44301	31.08782	177.35	m	10.91	4.671	G0	0.578
HD 3887	HIP 3224	10.24557	-47.06989	177.37	m	9.642	3.398	G3 V	0.739
HD 49795	HIP 32625	102.09183	-37.99811	177.38	m	9.439	3.194	F8/G0 V	0.627
HD 18611	HIP 14184	45.72404	64.82568	177.43	m	9.229	2.984	F5	0.421
HD 220519	HIP 115574	351.16303	-42.25142	177.47	m	9.469	3.223	F7 V	0.54
HD 204354	HIP 106178	322.59279	-60.46413	177.49	m	9.58	3.334	G3 V	0.742
HD 214255	HIP 111687	339.38275	-34.3575	177.5	m	9.703	3.457	G1 V + A/F	0.604
HD 242635	HIP 24861	79.94523	17.77979	177.5	m	10.49	4.247	F5	0.661
HIP 66944		205.80545	-44.20689	177.51	m	10.29	4.049	F8	0.712
HD 158112	HIP 85697	262.6914	-57.49676	177.54	m	9.021	2.774	F5 V	0.473
HIP 19516		62.71337	3.57431	177.57	m	10.45	4.201	F8	0.561
HD 19913	HIP 14806	47.79985	-30.50149	177.59	m	9.097	2.85	F5 V	0.483
HD 70066	HIP 40633	124.42912	-50.32853	177.62	m	9.726	3.479	G6/8 V	0.978
HIP 66348		203.97546	18.97287	177.62	m	10.36	4.108	F8	0.723
HIP 52777		161.85824	45.45167	177.63	m	10.41	4.159		0.682
HIP 9810		31.55412	9.4394	177.67	m	9.825	3.577	F5	0.48
HIP 63719		195.86471	-24.42004	177.67	m	10.01	3.766	F0	0.553
HD 222197	HIP 116673	354.66788	-49.08478	177.7	m	9.487	3.239	F8 V	0.524
HD 143190	HIP 78315	239.86381	-12.98915	177.71	m	10.15	3.901	F5 V	0.599
HD 209372	HIP 108937	331.04834	-47.55691	177.72	m	9.743	3.494	F5 V	0.471
HIP 117593		357.72635	-43.0914	177.73	m	10.29	4.037	F8	0.541
HD 93290	HIP 52703	161.63631	16.86947	177.74	m	9.3	3.051	F8	0.517
HIP 75536		231.47321	42.19305	177.75	m	9.191	2.942	F5	0.503
HD 94102	HIP 53059	162.83979	-23.68962	177.75	m	9.088	2.839	G8 V	0.967
HD 14256	HIP 10720	34.50084	-16.80145	177.78	m	9.099	2.85	F5 V	0.487
HD 222782	HIP 117065	355.98845	-65.49063	177.8	m	9.248	2.998	K1/2 (III)	1.209
HIP 42436		129.79569	18.176	177.81	m	10.34	4.091		0.652
HD 31862	HIP 22986	74.1893	-48.43026	177.81	m	9.479	3.229	F0 V	0.439
HD 152928	HIP 82814	253.87099	23.36578	177.82	m	9.072	2.822	A5	0.346
HIP 79609		243.67737	17.05725	177.85	m	11.46	5.205	G5	0.509
HD 5571	HIP 4404	14.11751	-59.76394	177.85	m	9.074	2.824	F7 IV	0.628
HD 24765	HIP 18340	58.81952	-27.7297	177.88	m	9.407	3.156	G3 V	0.682
HD 117029	HIP 65609	201.78936	22.95852	177.88	m	9.165	2.914	F8	0.393
HIP 95184		290.45051	36.04042	177.91	m	11.23	4.978		0.509
HD 88298	HIP 49848	152.66835	-11.47026	177.92	m	9.458	3.207	F7 V	0.554
HD 200215	HIP 103914	315.81845	-36.75612	177.93	m	9.744	3.493	F3/5 V	0.528
HIP 90554		277.16583	16.22846	177.93	m	10.41	4.155	F8	0.483
HIP 14950		48.17935	3.46481	177.95	m	9.891	3.639	F8	0.625
HIP 59376		182.73237	0.39842	177.95	m	11.14	4.888		0.445
HD 43438	HIP 29910	94.46276	35.32808	177.96	m	9.147	2.895	G5	0.378
HD 15307	HIP 11418	36.79832	-26.82133	177.97	m	9.157	2.905	G0 V	0.655
HD 109073	HIP 61171	188.01647	-26.59647	177.98	m	9.999	3.747	G5/6 (V)	0.638
HD 156804	HIP 84823	260.04834	-13.14481	177.99	m	9.523	3.271	F7 V	0.719
HD 219500	HIP 114870	349.01217	11.82412	177.99	m	9.122	2.87	A3	0.313
HD 169901	HIP 90628	277.38732	-50.87811	177.99	m	9.733	3.481	G3 V	0.703
HIP 19756		63.52955	8.18283	178.01	m	9.783	3.531	F0	0.556
HD 2883	HIP 2488	7.89425	-61.34679	178.03	m	9.454	3.201	AP SR	0.462
HD 231873	HIP 96301	293.70463	14.16452	178.04	m	9.388	3.135	F2	0.424
HIP 71830		220.40447	11.26205	178.07	m	9.645	3.392	F8	0.606
HIP 111103		337.62103	86.52966	178.09	m	9.404	3.151	G0	0.559
HIP 74352		227.92465	23.45466	178.09	m	9.952	3.699	F8	0.607
HD 183332	HIP 95887	292.51951	-27.57144	178.09	m	9.473	3.22	G3 V	0.693
HIP 69401		213.11533	28.71615	178.1	m	9.45	3.197	F8	0.447
HD 220236	HIP 115641	351.39764	-83.55086	178.11	m	9.798	3.545	F7 V	0.499
HD 222300	HIP 116806	355.10282	-78.21066	178.12	m	9.598	3.344	F6 V	0.585
HD 84036	HIP 47661	145.7706	31.62069	178.12	m	9.247	2.993	F0	0.329
HD 82742	HIP 46993	143.67193	30.56104	178.12	m	9.131	2.877	G0	0.545
HIP 51539		157.9014	-37.67149	178.13	m	11.41	5.157	K 7 V	0.945
HD 92179	HIP 52496	160.99987	81.5678	178.16	m	9.125	2.871	A3	0.298
HD 139280	HIP 76863	235.43806	-68.01895	178.16	m	9.481	3.227	F8 V	0.516
HD 200360	HIP 103991	316.03974	-35.80208	178.17	m	9.323	3.069	F5 V	0.611
HIP 70251		215.61146	15.95011	178.19	m	9.864	3.61	G0	0.557
HIP 68438		210.16669	47.97037	178.23	m	9.137	2.882	F5	0.489
HD 29533	HIP 21211	68.24309	-70.89695	178.29	m	9.124	2.868	F5 V	0.503
HD 207853	HIP 108050	328.35111	-50.34069	178.31	m	10.22	3.966	F3 V	0.506
HIP 68094		209.11867	9.67316	178.31	m	10.08	3.825	F8	0.565
HD 212686	HIP 110827	336.79265	-46.90394	178.32	m	9.779	3.523	G5/8 V	0.955
HD 131209	HIP 72715	223.00178	8.22176	178.33	m	9.239	2.983	F2	0.372
HD 11600	HIP 8755	28.15575	-47.68131	178.34	m	9.218	2.962	F0 V	0.361
HD 195622	HIP 101378	308.20329	-13.54835	178.37	m	9.141	2.884	F6 V	0.488
HIP 16541		53.25061	6.64302	178.38	m	10.19	3.933	G0	0.695
HD 185131	HIP 96633	294.71252	-30.93938	178.41	m	10.28	4.019	F6/8 V	0.472
HIP 22689		73.19134	0.68725	178.41	m	10.26	3.999	F8	0.536
HD 114722	HIP 64392	197.97018	35.27487	178.42	m	9.466	3.209	F 8 V	0.536
HIP 36465		112.55138	38.4848	178.42	m	9.11	2.853	F5	0.457
HD 142136	HIP 77996	238.91705	-56.63007	178.43	m	9.412	3.155	K0 (V)	1.122
HD 13166	HIP 9969	32.09123	-18.64071	178.44	m	10.2	3.939	F7/8 V	0.616
HIP 76353		233.91927	21.59326	178.45	m	10.02	3.759	G5	0.601
HIP 26506		84.55346	35.97725	178.45	m	9.561	3.303	G0	0.757
HD 19937	HIP 14706	47.50467	-53.78952	178.46	m	9.237	2.979	F5 V	0.488
HIP 70480		216.24205	28.615	178.47	m	9.801	3.543	F5	0.425
HIP 59564		183.22249	34.26088	178.48	m	10.77	4.516	G5	0.845
HD 72377	HIP 41849	127.99525	-16.8849	178.49	m	9.243	2.985	F3 V	0.54
HD 160564	HIP 86617	265.48938	-31.35073	178.52	m	9.235	2.977	G8 IV	1.076
HD 148029	HIP 80764	247.35438	-63.54116	178.53	m	9.97	3.711	G0/2 IV/V	0.654
HD 143420	HIP 78364	239.98632	8.41745	178.53	m	9.727	3.468	F5	0.413
HD 2785	HIP 2448	7.78339	-42.29298	178.54	m	9.627	3.368	F2 V	0.368
HIP 73952		226.68394	7.62855	178.55	m	10.26	4.003	G0	0.913
HD 125992	HIP 70302	215.76237	-8.94467	178.55	m	10.09	3.832	F6 V	0.429
HIP 1534		4.77868	17.57238	178.55	m	9.303	3.044	G0	0.8
HIP 80871		247.70065	14.24034	178.55	m	9.357	3.098	K0	1.03
HIP 10374		33.41882	71.29499	178.56	m	10.35	4.088	G0	0.669
HIP 11752		37.9044	37.16269	178.57	m	9.198	2.939	F2	0.497
HD 120406	HIP 67430	207.29788	6.50522	178.59	m	9.291	3.032	F0	0.535
HD 131116	HIP 72716	223.00534	-13.74848	178.63	m	10.26	4.003	G8 V	1.078
HD 22324	HIP 16619	53.46542	-43.20245	178.63	m	9.965	3.705	F6/8 V	0.592
HIP 63723		195.88375	9.4711	178.63	m	10.57	4.306	G0+...	0.679
HD 218924	HIP 114582	348.19144	-61.807	178.63	m	9.75	3.49	F8/G0 V	0.655
HD 154332	HIP 83657	256.47398	-28.28949	178.68	m	9.332	3.072	F5 V	0.591
HD 29346	HIP 21493	69.24396	-9.89419	178.7	m	9.08	2.819	A9 V	0.367
HIP 74309		227.82667	29.9804	178.71	m	9.578	3.317	F5	0.551
HIP 37671		115.9332	-0.06693	178.72	m	10.3	4.04	sdF:	0.505
HD 95494	HIP 53797	165.09637	-56.55186	178.74	m	9.347	3.086	G0/3	0.809
HIP 115167		349.91853	3.3713	178.75	m	10.27	4.01	F5	0.515
HD 257670	HIP 30855	97.18253	30.28538	178.76	m	9.003	2.742	F 0 V	0.345
HIP 85879		263.25704	38.52224	178.79	m	9.762	3.5	F8	0.48
HIP 83851		257.0415	1.72014	178.79	m	10.43	4.167	G0	0.716
HD 1077	HIP 1201	3.75581	-16.05469	178.8	m	9.017	2.755	F3 V	0.405
HD 260262	HIP 31578	99.13563	27.89126	178.82	m	10.2	3.935	G0	0.61
HD 15749	HIP 11709	37.77487	-28.5136	178.83	m	9.71	3.448	G2/3 V	0.637
HIP 35582		110.14627	30.24875	178.84	m	9.587	3.325	F5	0.523
HIP 42445		129.81272	37.52768	178.85	m	9.934	3.672	G0	0.695
HIP 88245		270.29381	-42.81768	178.85	m	9.888	3.626	G0	0.539
HD 44188	HIP 30404	95.89548	53.96637	178.85	m	9.025	2.763	F0	0.411
HD 157658	HIP 85219	261.20461	-8.18033	178.87	m	9.247	2.984	A3 V	0.444
HD 286961	HIP 21761	70.10371	9.50403	178.89	m	10.2	3.933	F5	0.476
HD 94142	HIP 53017	162.69602	-59.3334	178.89	e	9.44	3.177	G5 IV/V	0.874
HIP 36712		113.26684	43.33164	178.89	m	9.636	3.373	F5	0.481
HD 233842	HIP 56400	173.44011	49.83029	178.9	m	9.296	3.033	F8	0.6
HD 158258	HIP 85943	263.48226	-68.76295	178.91	m	9.265	3.002	F2 V	0.474
HIP 110283		335.08261	-53.20666	178.92	m	11.14	4.875		0.722
HD 287008	HIP 21890	70.58462	10.45103	178.92	m	9.912	3.649	F2	0.619
HIP 73816		226.31016	79.0595	178.93	m	9.425	3.162	G0	0.554
HD 203227	HIP 105495	320.50007	-37.5544	178.93	m	9.145	2.882	F0 V	0.418
HD 5299	HIP 4276	13.68097	-7.23828	178.96	m	9.047	2.783	F5/6 V	0.516
HD 24411	HIP 18257	58.5799	32.94377	178.96	m	9.002	2.738	A 5 IV	0.347
HD 105035	HIP 58978	181.3893	26.36135	178.97	m	9.35	3.086	G0	0.649
HD 221566	HIP 116262	353.35869	-35.77439	178.97	m	9.411	3.147	G2 V	0.678
HD 10950	HIP 8236	26.51093	-56.95885	179.01	m	10.02	3.758	F7/8 IV/V	0.541
HIP 68075		209.07405	18.28967	179.02	m	9.859	3.594	F8	0.616
HIP 8568		27.62555	15.20155	179.04	m	9.634	3.369	K0	0.77
HIP 102543		311.69937	10.00666	179.04	m	9.505	3.24	F5	0.5
HIP 48698		148.96764	62.62415	179.06	m	9.858	3.593	F8	0.488
HD 169266	HIP 90148	275.95555	2.4649	179.07	m	9.24	2.975	F6 V	0.53
HIP 38532		118.35658	32.59541	179.09	m	10.35	4.083	G0	0.609
HD 285938	HIP 21687	69.8446	19.11855	179.1	m	9.642	3.377	F8	0.637
HIP 751		2.3038	42.25441	179.1	m	10.02	3.754	F8	0.569
HD 139868	HIP 76890	235.50515	-38.2193	179.1	m	10.62	4.359	G6 (V)	0.832
HD 208946	HIP 108665	330.21793	-44.46275	179.13	m	9.629	3.363	G5 V	0.721
HD 155872	HIP 84463	259.01687	-41.22435	179.16	m	9.811	3.545	F3/5 V	0.415
HIP 117343		356.89898	-28.31076	179.17	m	10.11	3.842	F8	0.77
HIP 71662		219.86487	15.39762	179.18	m	10.18	3.914	F8	0.608
HD 94071	HIP 53072	162.87415	-0.48382	179.19	m	9.386	3.119	F0 V	0.409
HD 29340	HIP 21974	70.84854	71.19395	179.21	m	9.237	2.97	F2	0.366
HIP 117848		358.522	23.50158	179.21	m	9.621	3.354	G0	0.707
HD 2671	HIP 2363	7.54391	-21.4619	179.21	m	9.014	2.747	K1 III	1.179
HIP 81776		250.54389	37.87552	179.22	m	9.99	3.723	F8	0.575
HD 5254	HIP 4170	13.31414	-62.92977	179.26	m	9.108	2.841	F0 V	0.379
HD 223232	HIP 117356	356.92926	11.41254	179.26	m	9.358	3.091	F5	0.431
HIP 53188		163.1896	4.24612	179.28	m	10.1	3.836	F8	0.678
HD 15075	HIP 11184	36.01024	-51.76902	179.3	m	9.493	3.225	F8 V	0.602
HD 184975	HIP 97459	297.13779	-80.0242	179.34	m	9.579	3.311	G6 IV	0.823
HD 245287	HIP 26342	84.14426	29.01927	179.35	m	9.506	3.238	F5	0.487
HIP 3793		12.18342	1.01338	179.35	m	9.773	3.504	G0	0.654
HD 25494	HIP 18728	60.17969	-48.98671	179.36	m	9.228	2.959	F5/6 V	0.572
HD 100061	HIP 56161	172.68829	-21.555	179.38	m	9.012	2.743	F0/2 V	0.324
HD 195869	HIP 101731	309.30807	-62.56201	179.41	m	10.19	3.917	G8/K0 IV/V	0.843
HD 112355	HIP 63122	194.00601	15.81038	179.42	m	9	2.731	G5	0.511
HD 1454	HIP 1472	4.58083	-63.66681	179.42	m	9.261	2.992	G8/K0 IV/V	0.989
HIP 52833		162.04802	11.89197	179.45	m	9.769	3.499	G0	0.7
HD 7143	HIP 5548	17.79002	-41.36563	179.48	m	10.02	3.747	F6/7 V	0.598
HIP 57324		176.30626	28.12335	179.48	m	9.887	3.617	F5	0.509
HIP 69874		214.48413	14.8957	179.5	m	9.564	3.294	F2	0.454
HIP 59599		183.33218	41.65913	179.51	m	10.68	4.406	F8	0.666
HD 17749	HIP 13249	42.63136	-11.53478	179.52	m	9.511	3.24	A7/F0+G8/K0 (IV)	0.634
HD 116662	HIP 65506	201.3988	-37.65444	179.52	m	9.928	3.657	G5 V	0.819
HD 40890	HIP 28251	89.54841	-57.37291	179.53	m	9.282	3.011	F6/7 V	0.552
HIP 6316		20.28062	18.31495	179.54	m	9.023	2.752	F8	0.621
HD 29334	HIP 21591	69.54082	24.55368	179.54	m	9.115	2.844	A 5 V	0.659
HD 102131	HIP 57336	176.34168	15.72894	179.59	m	9.395	3.124	G5	0.725
HD 107987	HIP 60527	186.11779	11.16806	179.6	m	9.129	2.857	G0	0.576
HD 220282	HIP 115458	350.82615	-63.86486	179.6	m	9.58	3.308	F2 IV/V	0.426
HIP 73803		226.27295	79.06041	179.6	m	12.7	6.425		
HD 141086	HIP 77367	236.89365	-10.08868	179.62	m	9.891	3.619	G1/2 V	0.866
HIP 11132		35.81169	5.99837	179.63	m	10.58	4.304	G5	0.794
HD 1498	HIP 1527	4.75258	-24.4429	179.65	m	9.222	2.95	F3 V	0.466
HD 188060	HIP 97795	298.0884	25.85731	179.66	m	9.493	3.221		0.306
HD 120478	HIP 67486	207.43924	-0.10749	179.66	m	10.06	3.79	G1 V	0.502
HD 149580	HIP 81325	249.14598	-20.14995	179.66	m	9.863	3.591	A9 V	0.794
HIP 31806		99.7448	38.51233	179.68	m	9.915	3.643	F8	0.552
HIP 37670		115.9341	-0.06295	179.7	m	11.88	5.603	sdF:	
HD 245790	HIP 26539	84.66174	20.03506	179.71	m	9.791	3.518	G0	0.737
HD 13078	HIP 10027	32.26428	40.79421	179.72	m	9.025	2.752	F 2 V	0.462
HD 169417	HIP 90228	276.1484	-3.05511	179.72	m	9.063	2.79	A7 V	0.273
HD 109232	HIP 61312	188.41407	-59.11263	179.74	m	9.714	3.441	F6/7 V	0.519
HIP 83127		254.82048	-12.05504	179.74	m	10.25	3.978	G0	0.672
HIP 45795		140.06054	35.63121	179.78	m	9.503	3.229	G0	0.711
HIP 35399		109.65177	48.23682	179.79	m	9.969	3.695	F8	0.464
HD 99593	HIP 55927	171.92706	29.82376	179.8	m	9.219	2.945	F2V	0.338
HD 164092	HIP 88425	270.80137	-58.93553	179.8	m	9.062	2.788	F7 IV/V	0.589
HD 201905	HIP 104940	318.85932	-62.3768	179.82	m	9.797	3.523	F5 V	0.521
HD 4739	HIP 3785	12.16561	-58.8958	179.83	m	9.584	3.31	F5/6 V	0.388
HIP 56799		174.6589	35.59655	179.83	m	9.207	2.933	F5	0.437
HIP 53632		164.57746	13.28362	179.85	m	10.59	4.316	G5	0.63
HIP 18143		58.18422	-21.88572	179.85	m	9.225	2.95	F5	0.514
HD 9111	HIP 6964	22.41627	-8.78293	179.85	m	9.864	3.589	F6 V	0.613
HD 191347	HIP 99429	302.72643	-38.18257	179.86	m	10.14	3.861	G3/5 (V)	0.727
HD 213334	HIP 111182	337.84865	-42.63165	179.86	m	9.805	3.53	G0/1 V	0.653
HIP 84512		259.15178	26.57478	179.86	m	10.55	4.272		0.679
HIP 102974		312.94518	9.666	179.87	m	10.34	4.062	K0	0.848
HIP 41571		127.14426	47.70404	179.87	m	9.003	2.728	G 2 V	0.686
HD 115632	HIP 64942	199.68637	-28.67252	179.87	m	9.216	2.941	F0 V	0.4
HD 29672	HIP 21351	68.72128	-69.08326	179.88	m	9.189	2.914	F0 V	0.376
HIP 80845		247.64279	20.14476	179.91	m	9.458	3.183	A5	0.516
HIP 2670		8.46138	-40.43075	179.93	m	10.44	4.161	G0	0.635
HD 234088	HIP 68049	208.99501	52.9587	179.93	m	10.75	4.473	K5	0.698
HD 87251	HIP 49219	150.70304	-40.6011	179.95	m	9.132	2.856	G8/K0 III	1.119
HD 65731	HIP 38736	118.95782	-64.71002	179.96	m	9.228	2.952	F3 V	0.456
HIP 94918		289.72554	43.4963	179.96	m	9.593	3.317	F8	0.688
HD 190897	HIP 99268	302.25753	-44.86285	179.97	m	9.938	3.662	F7 V	0.477
HD 105077	HIP 59006	181.48118	-27.28984	179.97	m	9.563	3.287	G2 V	0.604
HIP 80420		246.22284	26.44906	179.97	m	9.95	3.674	K0	0.926
HD 167183	HIP 89514	274.00338	-41.86924	180.01	m	9.552	3.276	F3/5	0.455
HD 247530	HIP 27301	86.76414	17.73055	180.03	m	9.705	3.428	F8	0.599
HD 8104	HIP 6244	20.02416	-24.17728	180.05	m	9.527	3.25	F6 V	0.544
HD 314883	HIP 87801	269.04566	-27.24096	180.06	m	10.63	4.352	F8	0.553
HD 94165	HIP 53077	162.88754	-35.39815	180.06	m	9.141	2.864	F0 V	0.374
HIP 51055		156.47363	42.74301	180.06	m	9.799	3.522	F5	0.513
HD 12189	HIP 9206	29.60888	-47.76698	180.11	m	10.21	3.936	F5 V	0.411
HD 206423	HIP 107240	325.81433	-43.44555	180.13	m	9.596	3.318	F7 V	0.569
HD 16421	HIP 11715	37.80526	-78.36674	180.13	m	9.064	2.786	F5 V	0.433
HD 285691	HIP 20290	65.22836	15.93386	180.14	m	9.573	3.295	F5	0.675
HD 185537	HIP 96819	295.1974	-32.21402	180.14	m	9.823	3.545	G3 V	0.761
HIP 2970		9.46108	2.39454	180.16	m	9.898	3.62	F8	0.601
HD 7209	HIP 5618	18.03255	-23.43145	180.17	m	9.702	3.424	F2 V	0.469
HIP 51411		157.5133	61.81151	180.2	m	9.901	3.622	F8	0.662
HD 72254	HIP 41658	127.40887	-49.39686	180.2	m	9.224	2.945	G0 V	0.634
HD 115300	HIP 64689	198.87863	50.83269	180.21	m	9.168	2.889	G5	0.551
HD 30118	HIP 21985	70.89169	-28.66432	180.26	m	9.318	3.038	G8 IV	1.11
HD 127400	HIP 71150	218.2842	-57.26513	180.26	m	9.133	2.853	F3 V	0.519
HD 113187	HIP 63628	195.60687	-39.99225	180.27	m	9.816	3.536	G8/K0 V	1.095
HD 1880	HIP 1814	5.75282	-45.48631	180.27	m	9.706	3.426	F7 V	0.608
HD 147674	HIP 80635	246.96742	-66.36812	180.31	m	9.292	3.012	F5/6 IV	0.564
HD 23228	HIP 17216	55.31211	-48.87342	180.31	m	9.247	2.967	F5 V	0.471
HD 11892	HIP 9309	29.89944	68.23331	180.31	m	9.262	2.982	F0	0.363
HD 98845	HIP 55504	170.50925	-50.13561	180.33	m	9.156	2.876	F8 IV	0.621
HD 122346	HIP 68505	210.35475	1.0025	180.33	m	9.084	2.804	K0/1 III	1.141
HD 31070	HIP 22789	73.54435	32.21107	180.35	m	9.087	2.806	F0	0.588
HD 170537	HIP 90914	278.18183	-51.60095	180.38	m	10.31	4.03	G2/3 IV/V	0.664
HD 7848	HIP 6053	19.42878	-28.19866	180.39	m	9.365	3.084	F8 V	0.643
HD 143480	HIP 78394	240.06682	11.67156	180.4	m	9.718	3.437	G0+...	0.46
HD 171207	HIP 91126	278.81914	-41.20397	180.4	m	9.43	3.149	G2 V	0.742
HIP 3430		10.93476	72.17864	180.41	m	10.24	3.961	F5	0.377
HIP 106378		323.19162	38.88331	180.42	m	9.158	2.877	F5	0.571
HD 4136	HIP 3435	10.95843	-3.07938	180.43	m	9.04	2.758	G5/6 V	0.804
HIP 62200		191.22656	44.15627	180.46	m	9.58	3.298	F0	0.434
HIP 9775		31.42803	-26.04925	180.49	m	10.3	4.015	F8	0.41
HD 85473	HIP 48450	148.17896	29.0042	180.5	m	9.351	3.069	G0	0.612
HD 9526	HIP 7199	23.19476	-41.25521	180.5	m	9.257	2.975	K1 III	1.063
HD 284572	HIP 21551	69.41206	23.78236	180.5	m	10.11	3.831	F8	0.946
HIP 72609		222.68166	34.20869	180.5	m	10.57	4.29	F8	0.757
HIP 105050		319.17348	-1.30243	180.53	m	11.49	5.208		0.621
HD 119041	HIP 66812	205.41983	-41.55993	180.53	m	9.07	2.787	F0 V	0.456
HD 120366	HIP 67440	207.32324	-14.03591	180.54	m	9.798	3.515	F3/5 V	0.521
HIP 72955		223.65207	16.00977	180.56	m	10.24	3.957	F8	0.679
HD 6647	HIP 5277	16.87254	24.97385	180.56	m	9.092	2.809	F8	0.5
HIP 51336		157.28183	42.1472	180.56	m	11.08	4.794		0.668
HD 156441	HIP 84725	259.78432	-35.84047	180.56	m	9.133	2.85	A9 V	0.348
HIP 18651		59.88961	79.92443	180.58	m	10.04	3.762		0.978
HD 135860	HIP 74994	229.86376	-50.95047	180.58	m	9.119	2.836	F2 IV/V	0.391
HIP 71721		220.06562	12.81399	180.59	m	10.78	4.492	G	0.928
HIP 10030		32.2705	40.79709	180.61	m	10.4	4.114		0.658
HD 173749	HIP 92240	281.98102	-23.25712	180.61	m	9.184	2.9	A9 V	0.429
HIP 61375		188.6591	19.42691	180.62	m	9.467	3.183	K2	1.224
HD 134192	HIP 74041	226.97539	21.41223	180.63	m	9.182	2.898	F8	0.411
HD 244252	HIP 25792	82.6131	26.03198	180.63	m	9.231	2.947	F0	0.469
HD 3376	HIP 2806	8.93016	-71.5412	180.64	m	9.723	3.439	F5 V	0.502
HD 242874	HIP 25051	80.45395	23.28352	180.64	m	10.17	3.888	F8	0.667
HD 94728	HIP 53488	164.13252	33.64585	180.65	m	9.945	3.661	F8	0.489
HD 122682	HIP 68711	210.99836	-28.90475	180.65	m	9.786	3.502	G8 V	0.911
HD 143229	HIP 78374	240.00406	-23.20022	180.65	m	9.461	3.177	F0 V	0.464
HD 57043	HIP 34636	107.61058	-77.02798	180.68	m	9.768	3.483	F6/7 V	0.602
HD 27510	HIP 20152	64.79648	-33.18148	180.69	m	9.819	3.534	G5 V	0.697
HIP 15160		48.84818	49.44029	180.69	m	10.19	3.901	F 7 V	0.552
HD 225168	HIP 315	0.99229	-71.27871	180.71	m	9.686	3.401	F8 V	0.623
HD 4291	HIP 3523	11.24244	-37.67449	180.72	m	9.008	2.723	F0 V	0.442
HD 286728	HIP 20189	64.90939	9.32922	180.73	m	9.559	3.274	F2	0.632
HD 168787	HIP 90137	275.92128	-43.83589	180.74	m	9.75	3.465	F2/3 V	0.439
HD 160804	HIP 86646	265.55964	-8.07146	180.75	m	9.33	3.045	F0 V	0.653
HD 17836	HIP 13334	42.90792	-6.62886	180.75	m	9.128	2.843	F5/6 V	0.521
HIP 91136		278.86083	60.66934	180.76	m	9.216	2.93	F2	0.386
HD 181816	HIP 95324	290.90884	-39.18439	180.78	m	10.19	3.905	F5 V	0.359
HD 219472	HIP 114932	349.20573	-61.86096	180.79	m	9.149	2.863	K1 III/IV	1.303
HD 181269	HIP 95162	290.41162	-41.68771	180.8	m	9.9	3.614	G5/8 (V) + A/F	0.649
HD 35133	HIP 25139	80.69737	3.82482	180.84	m	9.139	2.853	F3/5 V	0.55
HD 134828	HIP 74393	228.05628	-6.78718	180.85	m	9.183	2.896	A9 V	0.319
HIP 90627		277.38573	29.97917	180.85	m	9.299	3.012	F5	0.595
HD 115309	HIP 64784	199.16701	-26.63893	180.85	m	9.337	3.05	K0 V	1.069
HIP 105487		320.48978	23.82181	180.86	m	10.33	4.045		0.483
HIP 64257		197.55506	14.54802	180.86	m	10.69	4.401	F8	0.795
HD 2264	HIP 2056	6.51116	-56.25566	180.87	m	9.508	3.221	F5 V	0.487
HIP 73723		226.05622	36.68291	180.88	m	9.63	3.343	F2	0.554
HD 189171	HIP 98494	300.14308	-43.69773	180.91	m	10.09	3.801	F3/5 V	0.577
HIP 65081		200.09867	-3.02829	180.92	m	11.58	5.291		0.427
HD 286444	HIP 18890	60.74484	11.36607	180.92	m	9.84	3.553	F5	0.466
HIP 44563		136.20306	88.32241	180.93	m	9.939	3.651	F8	0.538
HD 3610	HIP 3007	9.5611	-62.4818	180.95	m	9.529	3.241	F6 V	0.5
HD 12086	HIP 9108	29.33061	-48.62794	180.95	m	9.295	3.007	F5 V	0.5
HIP 85457		261.95476	8.56016	180.95	m	9.965	3.677	F8	0.683
HIP 85702		262.70544	18.33225	180.97	m	9.276	2.988	F8	0.531
HIP 60524		186.10926	33.95185	180.97	m	10.68	4.39	F8	0.822
HD 207145	HIP 107638	327.03675	-44.94264	180.99	m	10.16	3.871	F5 V	0.569
HIP 72964		223.67172	-37.93012	181.04	m	11.3	5.008		1.219
HIP 36819		113.57905	44.77577	181.04	m	9.732	3.443	F5	0.427
HD 233927	HIP 60328	185.5475	49.47915	181.05	m	9.673	3.384	F5	0.473
HIP 4969		15.92195	-38.09895	181.06	m	10.03	3.737	K0	0.875
HD 220904	HIP 115818	351.94805	-35.62135	181.08	m	9.196	2.907	F7/8 V	0.602
HIP 37830		116.3408	74.35324	181.1	m	10.26	3.972	F8	0.638
HIP 59369		182.7059	32.74851	181.11	m	10.56	4.267	G0	0.672
HD 85962	HIP 48610	148.70025	-29.70766	181.13	m	9.209	2.919	F3/5 V	0.49
HD 201559	HIP 104889	318.70545	-71.5563	181.14	m	9.725	3.435	F5 V	0.509
HD 189448	HIP 98768	300.90486	-61.39472	181.16	m	9.696	3.406	F5 IV/V	0.589
HIP 73088		224.05592	39.18982	181.17	m	10.32	4.027	G0	0.648
HD 22514	HIP 16694	53.69447	-53.74166	181.17	m	9.077	2.787	F5 V	0.552
HIP 61835		190.07389	27.77639	181.18	m	10.89	4.602	G0V	0.615
HD 20919	HIP 15862	51.07991	49.22127	181.19	m	9.045	2.754	A 8 V	0.317
HD 1997	HIP 1917	6.05986	-4.50274	181.19	m	9.002	2.711	F5 V	0.574
HD 26723	HIP 19707	63.32869	-9.47091	181.2	m	9.023	2.732	F2 V	0.479
HIP 12533		40.31086	3.85428	181.21	m	10.1	3.805	F5	0.413
HD 212745	HIP 110818	336.774	-32.55344	181.23	m	9.905	3.614	F3 V	0.434
HD 19471	HIP 14407	46.46257	-49.50874	181.23	m	9.478	3.187	F5/6 V	0.528
HIP 72304		221.78651	5.13937	181.23	m	10.33	4.042	F8	0.579
HIP 47945		146.55384	31.16761	181.25	m	9.904	3.613	K0	1.208
HIP 52875		162.20654	45.78526	181.26	m	10.09	3.795	G5	0.864
HIP 31877		99.95094	38.47012	181.28	m	10.28	3.986	F8	0.624
HIP 63698		195.81197	28.60707	181.31	m	10.46	4.167	G2V	0.778
HD 223183	HIP 117330	356.85888	-24.4781	181.31	m	9.078	2.786	F3 V	0.468
HIP 71958		220.76493	24.41354	181.32	m	9.719	3.427	G0	0.624
HD 205873	HIP 106925	324.8223	-36.82616	181.33	m	9.736	3.444	G0 V	0.555
HD 115605	HIP 64854	199.40387	37.53886	181.37	m	9.322	3.029	G5	0.472
HIP 53199		163.20897	-44.6339	181.42	m	9.77	3.477	F8	0.504
HD 145426	HIP 79313	242.8015	-7.44683	181.43	m	9.966	3.673	F2/3 V	0.446
HD 200003	HIP 103719	315.26232	-12.566	181.43	m	9.794	3.5	K0 IV	1.13
HIP 66361		204.04516	26.2286	181.44	m	10.06	3.765	F5	0.515
HD 132686	HIP 73505	225.35797	-32.69816	181.46	m	9.374	3.08	F0WA	0.451
HIP 57530		176.87094	4.27878	181.46	m	11.05	4.753	G0	0.931
HIP 44294		135.32224	48.91609	181.46	m	9.978	3.684	F8	0.612
HIP 83283		255.30644	-12.21716	181.46	m	10.06	3.766	G0	1.005
HIP 104074		316.27776	40.41634	181.48	m	9.089	2.795	F0	0.358
HD 287257	HIP 23162	74.74951	13.69078	181.49	e	10.05	3.758	F5	0.621
HD 234079	HIP 67683	207.98265	51.61316	181.49	m	9.672	3.378	G0	0.453
HD 175143	HIP 92910	283.95271	-39.39912	181.5	m	9.002	2.708	G0 V	0.696
HD 144603	HIP 78903	241.6003	9.28534	181.51	m	9.19	2.895	F8	0.422
HD 2320	HIP 2125	6.72874	-39.88199	181.52	m	9	2.705	A9 V	0.324
HD 163155	HIP 87729	268.79742	-12.06871	181.52	m	9.495	3.2	A8/9 V	0.467
HD 126496	HIP 70523	216.38938	17.41686	181.53	m	9.053	2.758	F5	0.31
HD 175830	HIP 93076	284.39875	-10.01597	181.54	m	9.064	2.769	G6 IV	1.075
HIP 116686		354.70373	42.67357	181.55	m	9.128	2.833	K0	0.88
HIP 82938		254.23095	33.71867	181.55	m	9.313	3.018	F8	0.552
HD 175505	HIP 93071	284.38526	-42.10341	181.6	m	9.298	3.002	F6 V	0.576
HD 73639	HIP 42518	130.03211	21.06273	181.61	m	9.363	3.067	F5	0.422
HD 40474	HIP 28295	89.70572	-5.54256	181.65	m	9.043	2.747	A9 V	0.358
HD 143319	HIP 78508	240.41028	-44.15752	181.65	m	9.196	2.9	K2 (III)	1.668
HD 141806	HIP 77890	238.60289	-61.51816	181.66	m	9.75	3.454	G2/3 V	0.714
HD 394	HIP 686	2.11298	-30.0686	181.67	m	9.528	3.232	F8/G III/IV + F	0.584
HIP 9743		31.33413	67.67439	181.69	m	9.211	2.914	F0	0.358
HD 21664	HIP 16296	52.5248	11.38753	181.69	m	9.122	2.825	F5	0.495
HD 59301	HIP 36255	111.98132	-34.89049	181.69	m	9.149	2.852	F5 V	0.512
HIP 59874		184.18607	51.98753	181.72	m	10.47	4.175	G0	0.72
HD 66631	HIP 38927	119.47966	-73.47308	181.72	m	9.108	2.811	F5 V	0.549
HIP 84749		259.85404	-37.10371	181.74	m	9.984	3.687	G0	0.843
HD 4062	HIP 3375	10.72649	-20.62892	181.78	m	9.906	3.608	G3 V	0.508
HD 52059	HIP 33505	104.46971	-40.37917	181.8	m	9.301	3.003	F0 V	0.353
HD 113175	HIP 63609	195.54952	-37.69798	181.81	m	10	3.704	G5 V	0.901
HIP 41788		127.80401	18.15365	181.81	m	9.872	3.574		0.506
HIP 70568		216.52186	35.83355	181.82	m	9.845	3.547	K0	1.189
HIP 50517		154.7551	72.38467	181.83	m	9.176	2.878	F5	0.432
HD 196804	HIP 102323	310.97643	-68.5688	181.84	m	9.165	2.866	F6 V	0.558
HD 165735	HIP 89118	272.81992	-60.35993	181.89	m	9.475	3.176	F2 IV	0.464
HD 192670	HIP 99952	304.1977	-20.93344	181.89	m	9.138	2.839	F0 V	0.468
HD 125365	HIP 70067	215.07621	-48.8922	181.89	m	9.719	3.42	F6 V	0.598
HD 128223	HIP 71444	219.16592	-33.77506	181.9	m	9.347	3.048	F7 V	0.514
HD 80440	HIP 45871	140.30124	43.01871	181.91	m	10.1	3.802	F8	0.704
HD 18215	HIP 13641	43.9093	5.49617	181.91	m	9.731	3.432	F5	0.383
HD 2833	HIP 2486	7.88963	-36.27369	181.92	m	9.81	3.511	F3 V	0.543
HD 131094	HIP 72744	223.07641	-27.13919	181.93	m	9.37	3.07	F2 V	0.477
HD 223021	HIP 117212	356.49794	-10.52487	181.94	m	9.211	2.911	F0 V	0.36
HD 110600	HIP 62066	190.80629	24.60965	181.94	m	9.165	2.865	F 5 V:	0.482
HD 80129	HIP 45212	138.20888	-73.99752	181.96	m	9.17	2.87	F0 V	0.454
HD 128999	HIP 71583	219.6001	51.80093	181.96	m	9.076	2.776	F8	0.481
HD 104180	HIP 58511	179.98822	23.94487	181.98	m	9.493	3.193	G0	0.497
HD 232841	HIP 17822	57.19946	53.82155	182.04	m	9.534	3.233	A7	0.485
HD 286705	HIP 20393	65.49908	11.57301	182.04	m	9.776	3.475	F5	0.614
HD 216025	HIP 112825	342.7257	-67.39674	182.06	m	9.404	3.103	F6 V	0.555
HD 125208	HIP 70080	215.11886	-64.33442	182.08	m	9.405	3.104	F5 V	0.553
HD 176494	HIP 93450	285.47509	-31.48397	182.09	m	9.423	3.122	F3/5 V	0.598
HD 130455	HIP 72649	222.80868	-63.25381	182.09	m	9.601	3.3	F6 V	0.598
HD 323486	HIP 85265	261.34637	-42.4539	182.11	m	9.923	3.621	G0	0.447
HIP 42106		128.7485	21.09699	182.12	m	11.06	4.76		0.521
HD 142214	HIP 77842	238.41238	-10.55638	182.12	m	9.605	3.303	F0 V	0.402
HD 21244	HIP 15977	51.43326	2.0335	182.14	m	9.538	3.236	F7/8 V	0.594
HD 113267	HIP 63604	195.51855	43.46081	182.15	m	9.439	3.137	G5	0.533
HIP 13779		44.33831	77.5376	182.16	m	9.449	3.147	F2	0.414
HD 186094	HIP 96300	293.70409	75.01785	182.18	m	9.719	3.417	F8	0.451
HD 200101	HIP 103604	314.86779	50.21138	182.18	m	9.199	2.897	A5	0.426
HIP 69096		212.15394	7.40343	182.18	m	9.898	3.595	F2	0.554
HIP 98446		300.04416	36.41539	182.22	m	10.28	3.972		0.497
HD 116304	HIP 65251	200.58629	32.54521	182.22	m	9.92	3.617	G 2 III	0.736
HD 246693	HIP 26951	85.7826	20.07289	182.23	m	9.919	3.616	F5	0.457
HD 325974	HIP 81737	250.43056	-43.89974	182.23	m	9.96	3.657	G5	0.844
HD 238480	HIP 76358	233.92622	55.52552	182.24	m	9.095	2.792	F8	0.474
HIP 11729		37.85735	-16.98474	182.24	m	10.64	4.336	G 2 VI	0.465
HD 137423	HIP 75371	231.02749	48.77041	182.25	m	9.456	3.153	G5	0.448
HD 180607	HIP 95050	290.10459	-57.28906	182.29	m	9.872	3.568	F8/G0 V	0.607
HIP 58023		178.51341	36.15981	182.31	m	10.6	4.294	F8	0.666
HIP 53704		164.81783	43.81772	182.31	m	10	3.698	F8	0.688
HD 15840	HIP 11758	37.92406	-39.72085	182.33	m	9.906	3.602	F7 V	0.62
HD 2903	HIP 2538	8.05846	-26.79615	182.34	m	9.792	3.488	F6 V	0.624
HD 192762	HIP 100457	305.56784	-72.23854	182.34	m	9.44	3.136	F2 V	0.425
HD 58980	HIP 36106	111.56985	-37.64082	182.35	m	10.05	3.749	G3/5 V	0.779
HIP 69482		213.36795	16.18461	182.37	m	9.454	3.149	F2	0.456
HD 243549	HIP 25409	81.52244	22.826	182.37	m	10	3.697	G0	0.639
HD 191465	HIP 99548	303.02883	-47.46832	182.37	m	9.545	3.24	G6 V	0.949
HD 157410	HIP 84762	259.88265	58.52922	182.39	m	9.336	3.031	F2	0.46
HD 341438	HIP 103615	314.89558	24.30294	182.39	m	10.39	4.09	F8	0.586
HD 178296	HIP 94078	287.26903	-27.22712	182.39	m	9.12	2.815	F5 V	0.626
HIP 14209		45.80192	60.96048	182.4	m	9.244	2.939	F 4 V	0.618
HD 276029	HIP 18973	60.98023	39.73866	182.41	m	10.69	4.38	F8	0.649
HIP 83042		254.53494	-30.21622	182.42	m	10.78	4.478		0.355
HIP 48840		149.43312	75.08444	182.43	m	10.5	4.192	G5	0.711
HIP 9746		31.34395	67.68359	182.44	m	9.365	3.059	F0	0.379
HIP 54163		166.19537	-45.00059	182.45	m	9.978	3.672		0.478
HD 198531	HIP 103056	313.18959	-47.91861	182.46	m	10.33	4.022	F5/6 V	0.49
HD 6387	HIP 5064	16.20116	1.58776	182.48	e	9.041	2.735	F5 V	0.515
HD 14194	HIP 10638	34.23521	-32.99688	182.51	m	9.804	3.498	F8V	0.645
HIP 16200		52.17717	43.84818	182.53	m	9.454	3.147	F2	0.495
HIP 43895		134.13316	38.70939	182.55	m	9.96	3.653	F8	0.448
HD 234536	HIP 88141	270.04441	53.89339	182.56	m	9.295	2.988	G0	0.67
HD 324016	HIP 86156	264.09224	-41.20815	182.56	m	10.56	4.249	F8	0.517
HIP 3656		11.70269	-52.0101	182.57	m	10.35	4.044	G	0.689
HIP 54098		166.04757	45.77737	182.58	m	9.57	3.263	F2	0.462
HIP 37937		116.63878	47.14634	182.58	m	9.445	3.138	F2	0.49
HD 154497	HIP 83695	256.58838	-15.44038	182.59	m	10.04	3.733	F3 V	0.708
HIP 43199		132.00724	18.67712	182.59	m	10.66	4.352		0.564
HD 99030	HIP 55632	170.95215	-2.60779	182.59	m	9.092	2.785	K1 III	1.248
HIP 35668		110.39141	-30.03737	182.61	m	9.096	2.788	F0	0.36
HD 317935	HIP 86223	264.30585	-31.38585	182.61	m	9.602	3.294	F5	0.627
HD 152470	HIP 82704	253.57913	-19.36641	182.63	m	9.795	3.487	G2/3 V	0.719
HD 242052	HIP 24550	78.99553	25.35899	182.64	m	9.063	2.755	K0	1.226
HIP 49981		153.06854	-16.08603	182.66	m	9.288	2.98		0.296
HIP 8380		27.01194	41.23928	182.68	m	9.847	3.539	F 8 V	0.608
HD 141526	HIP 77402	237.02676	37.97294	182.69	m	9.099	2.79	F8	0.458
HD 200812	HIP 104322	316.99352	-54.74053	182.69	m	9.121	2.812	K0 III	1.109
HD 14681	HIP 10948	35.25335	-40.84329	182.69	m	9.614	3.305	F7 V	0.585
HIP 63513		195.21431	18.66956	182.7	m	9.358	3.049	F0	0.367
HD 172240	HIP 91968	281.18593	-68.52946	182.71	m	9.118	2.809	F2 V	0.453
HD 114841	HIP 64487	198.27582	16.41541	182.71	m	9.127	2.818	F8	0.403
HD 153115	HIP 82972	254.33521	4.99458	182.71	m	9.086	2.777	F0	0.59
HIP 107438		326.41058	-34.84643	182.72	m	9.783	3.474	F5	0.604
HD 27240	HIP 19939	64.15269	-36.65547	182.72	m	9.337	3.028	K0 V	0.94
HIP 14164		45.65671	0.84868	182.74	m	9.971	3.662	F5	0.411
HIP 40294		123.4245	34.11142	182.74	m	10.15	3.84	F8	0.625
HIP 47803		146.17538	37.88941	182.74	m	10.91	4.6	F8	0.653
HD 120606	HIP 67597	207.77077	-27.40956	182.75	m	10.15	3.842	G3 V	0.727
HIP 50556		154.90874	38.17744	182.76	m	10.48	4.173	F8	0.527
HIP 95326		290.91222	-39.18916	182.77	m	12.08	5.773		
HIP 20560		66.06361	-64.18731	182.77	m	10.52	4.211	F8	0.644
HD 135741	HIP 74543	228.47672	59.53562	182.78	m	9.313	3.003	F 5 V	0.408
HD 183433	HIP 96039	292.91546	-46.10494	182.83	m	9.547	3.237	F2 V	0.471
HD 120282	HIP 67373	207.13698	-1.02276	182.84	m	9.363	3.053	F2 V	0.411
HD 159258	HIP 86091	263.90178	-41.51654	182.84	m	9.316	3.006	F5/6 V	0.687
HD 237921	HIP 52256	160.15251	55.64965	182.85	m	9.986	3.676	G0	0.637
HIP 51282		157.11856	-20.68176	182.89	m	9.5	3.189	F8	0.552
HD 197173	HIP 102244	310.7662	-32.37251	182.89	m	9.305	2.994	G1 V	0.67
HD 101742	HIP 57121	175.65919	18.77344	182.9	m	9.222	2.911	G0	0.675
HD 219669	HIP 115002	349.3797	16.86033	182.91	m	9.187	2.876	F 2 III	0.381
HD 210162	HIP 109371	332.36664	-42.62155	182.92	m	9.722	3.411	F3 V	0.465
HIP 67675		207.96974	-45.47406	182.92	m	10.65	4.337	G5	0.676
HIP 109740		333.43893	20.20017	182.92	m	9.095	2.784	F2	0.317
HD 101291	HIP 56856	174.85338	1.54539	182.92	m	9.764	3.453	F6/7 V	0.531
HD 173544	HIP 92438	282.57741	-63.93041	182.92	m	9.24	2.929	G6 IV/V	0.959
HD 115164	HIP 64608	198.63036	52.99228	182.92	m	9.058	2.747	K0	1.009
HIP 3381		10.74294	-38.12703	182.93	m	10.25	3.937	B8	-0.077
HD 28174	HIP 20559	66.06345	-48.93589	182.95	m	9.353	3.041	G3 V	0.712
HD 138835	HIP 76263	233.66258	0.04003	182.95	m	9.745	3.433	F2/3 V	0.47
HD 209687	HIP 109101	331.50732	-37.28518	182.96	m	10.15	3.841	F8/G0 V	0.573
HIP 55197		169.52717	20.43621	182.96	m	10.16	3.85	F5	0.403
HD 1947	HIP 1863	5.89053	-32.86636	182.96	m	9.215	2.903	F3 V	0.464
HIP 64619		198.66802	32.92424	182.96	m	9.76	3.448	G 0 III	0.689
HIP 64723		198.99129	-48.7894	182.97	m	10.22	3.913	G0	0.532
HD 130640	HIP 72498	222.35705	-2.01029	182.98	m	9.484	3.172	F0 V	0.434
HD 233091	HIP 24459	78.72872	50.90388	183	m	9.288	2.976	F0	0.4
HIP 16294		52.51553	51.51214	183.05	m	10.63	4.315		0.646
HD 118425	HIP 66528	204.54732	-57.50603	183.06	m	9.044	2.731	F3 V	0.45
HD 130354	HIP 72271	221.69823	30.77971	183.07	m	9.337	3.024	G0	0.726
HD 163786	HIP 88742	271.74718	-76.11251	183.07	m	9.342	3.029	G5 V	0.866
HD 130450	HIP 72484	222.32129	-34.13283	183.08	m	9.462	3.149	F5 V	0.567
HIP 50743		155.42703	43.58749	183.11	m	10.24	3.926	F8	0.397
HIP 105713		321.16852	21.2652	183.12	m	9.226	2.912	F8	0.499
HD 10270	HIP 7682	24.73378	-58.58001	183.12	m	9.113	2.799	F5 V	0.392
HD 122950	HIP 68794	211.22967	-0.98682	183.12	m	9.16	2.846	F3 V	0.458
HD 114399	HIP 64215	197.41958	44.30332	183.12	m	9.286	2.972	F5	0.52
HIP 54590		167.57476	74.5193	183.16	m	10.23	3.912	G5	0.746
HIP 54205		166.33922	1.23846	183.18	m	9.91	3.596	F8	0.525
HIP 116523		354.22424	14.53748	183.19	m	9.28	2.966	G5	0.732
HIP 67757		208.21932	-44.0161	183.19	m	10.03	3.714	G0	0.518
HIP 57862		178.01682	42.55013	183.22	m	9.976	3.661	F5	0.541
HD 215056	HIP 112110	340.63283	2.90227	183.23	m	9.231	2.916	K0 (III)	0.384
HD 77945	HIP 44298	135.33232	-68.92668	183.23	m	9.592	3.277	F8/G0 V	0.568
HD 233831	HIP 55809	171.54806	53.54407	183.23	m	10.57	4.259	G5	0.868
HIP 15872		51.11249	3.86454	183.24	m	9.534	3.219	F2	0.406
HD 155430	HIP 84186	258.13767	-25.26518	183.24	m	9.064	2.749	F0 V	0.429
HD 142936	HIP 78297	239.81436	-45.65329	183.26	m	9.562	3.247	F5 V	0.684
HD 217962	HIP 113984	346.25352	-51.3558	183.26	m	9.523	3.208	G6/K1 (V) + (F)	0.92
HD 10	HIP 419	1.2785	-42.56787	183.29	m	9.067	2.751	G8/K0 V	1.031
HD 149158	HIP 82501	252.92348	-83.72662	183.29	m	9.281	2.965	F3 V	0.507
HD 113916	HIP 64062	196.93197	-54.41741	183.29	m	9.217	2.901	F5 V	0.531
HIP 73234		224.51539	9.40086	183.29	m	10.63	4.312	F8	0.733
HD 200341	HIP 103904	315.7976	-7.79388	183.31	m	9.155	2.839	F7 V	0.499
HD 240764	HIP 23873	76.95651	30.40144	183.35	m	10.42	4.104	G0	0.543
HD 134382	HIP 73994	226.8226	54.89666	183.36	m	9.428	3.111	G0	0.38
HD 187247	HIP 97559	297.43675	-20.74578	183.37	m	9.137	2.82	F0 V	0.437
HIP 50134		153.51833	23.81463	183.38	m	10.01	3.693	F8	0.498
HD 96690	HIP 54471	167.17062	33.87196	183.39	m	9.039	2.722	G0	0.71
HIP 1034		3.23197	-23.67896	183.39	m	10.65	4.337	G0	0.518
HD 26507	HIP 19425	62.40416	-43.62482	183.4	m	9.027	2.71	A2MA5-F0	0.292
HD 55723	HIP 34280	106.59643	-74.39048	183.41	m	10.21	3.893	G5/8 V	0.808
HIP 37335		114.95881	-1.52233	183.43	m	9.299	2.982	G6V	0.907
HIP 11920		38.46711	16.50909	183.44	m	9.677	3.36	F8	0.636
HD 149935	HIP 81545	249.82495	-34.87821	183.46	m	9.312	2.994	A9 V	0.334
HD 4111	HIP 3398	10.82263	-32.94832	183.48	m	9.367	3.049	F6 V	0.607
HIP 31408		98.74687	8.26895	183.49	e	11.32	5.004		0.3
HD 92368	HIP 52090	159.65879	-55.73288	183.49	e	9.326	3.008	F5 IV/V	0.446
HD 199995	HIP 103886	315.7439	-55.92732	183.5	m	9.14	2.822	F7 V	0.512
HD 17124	HIP 12752	40.97752	-31.0629	183.51	m	9.869	3.551	G5 V	0.755
HD 8833	HIP 6719	21.61987	-32.55194	183.51	m	9.387	3.069	G0 V	0.696
HD 6899	HIP 5615	18.01499	75.46883	183.55	m	9.155	2.836	A5	0.323
HD 16837	HIP 12549	40.36355	-19.34508	183.59	m	10.04	3.726	F5 V	0.573
HIP 57893		178.11185	39.06287	183.6	m	10.39	4.071	F8	0.528
HIP 109705		333.32769	23.44334	183.62	m	11.03	4.705		0.55
HD 215419	HIP 112340	341.32153	-16.58801	183.62	m	9.375	3.055	F3 V	0.442
HD 9402	HIP 7130	22.9705	-30.16077	183.65	m	9.913	3.593	F3 V	0.424
HD 171924	HIP 91463	279.817	-41.56367	183.65	m	9.108	2.788	F0 V	0.403
HD 15584	HIP 11666	37.62412	2.8231	183.65	m	9.563	3.243	A9/F2 V	0.404
HIP 53266		163.40685	47.23071	183.68	m	9.892	3.572	F2	0.428
HIP 61341		188.53308	4.96151	183.68	m	10.26	3.935	F5	0.351
HD 216154	HIP 112824	342.72432	-27.28577	183.68	m	9.54	3.22	F7 V	0.619
HIP 105542		320.63306	12.6307	183.71	m	10.52	4.197	G5	0.737
HIP 86758		265.91314	-49.09165	183.72	m	10.18	3.863	G0	0.686
HD 103602	HIP 58154	178.89898	-65.93052	183.72	m	9.431	3.11	F6M	0.51
HD 3063	HIP 2614	8.29881	-63.90821	183.72	m	9.358	3.037	K1 IV	1.212
HD 206765	HIP 107333	326.09194	0.13542	183.72	m	9.228	2.907	A9 V	0.39
HIP 72523		222.42171	15.58687	183.73	m	10.78	4.461	G5	0.618
HIP 56579		173.99645	12.49853	183.75	m	9.597	3.276	G0	0.565
HD 220388	HIP 115478	350.89297	-29	183.75	m	9.132	2.811	F2 V	0.402
HD 9693	HIP 7332	23.59998	-29.38527	183.77	m	9.622	3.301	F2 V	0.455
HD 495	HIP 758	2.32961	-41.8864	183.79	m	9.626	3.304	F6 V	0.498
HD 33144	HIP 23805	76.74531	-28.65595	183.8	m	9.82	3.498	F2/3 V	0.467
HIP 42974		131.37706	20.59016	183.81	m	9.929	3.607	F8	0.429
HIP 66272		203.74036	11.36691	183.84	m	10.1	3.773	F8	0.53
HIP 54832		168.38531	37.11975	183.84	m	9.426	3.104	F8	0.614
HIP 88382		270.71954	-42.09793	183.84	m	10.64	4.314	F8	0.635
HD 24947	HIP 18550	59.53012	5.58129	183.86	m	9.06	2.738	F5	0.501
HD 1245	HIP 1323	4.15591	-21.60056	183.86	m	9.776	3.454	G0/2	0.545
HD 32968	HIP 23711	76.45912	-27.52246	183.87	m	9.529	3.206	F3/5 IV/V	0.521
HIP 64915		199.59091	32.84901	183.88	m	9.746	3.423	F8	0.578
HD 208697	HIP 108558	329.85227	-50.96952	183.91	m	9.511	3.188	F5/6 V	0.517
HIP 77586		237.61218	24.56378	183.91	m	9.127	2.804	F0	0.479
HIP 81553		249.83676	25.51261	183.95	m	10.04	3.712	F8	0.898
HD 88848	HIP 49860	152.72633	-75.5266	183.96	m	9.189	2.865	F5 V	0.686
HD 16433	HIP 12267	39.48922	-11.74469	183.96	m	9.522	3.198	F3 V	0.442
HIP 65240		200.53487	13.15525	183.99	m	9.422	3.098	F8	0.52
HIP 76735		235.04781	-30.73526	184.01	m	9.255	2.931	F2	0.467
HIP 89424		273.75784	-48.53443	184.03	m	9.807	3.483	G0	0.624
HIP 65625		201.82401	9.80321	184.04	m	9.976	3.651	F8	0.524
HD 179589	HIP 94381	288.15072	16.30515	184.05	m	9.233	2.908	A5	0.416
HIP 61455		188.90647	-50.76685	184.06	m	10.44	4.113	G5	0.737
HD 238312	HIP 68529	210.43825	58.86824	184.08	m	10.01	3.681	F8	0.572
HD 185034	HIP 96698	294.87445	-47.66763	184.09	m	9.907	3.582	G8 V	0.92
HD 235509	HIP 105687	321.09107	55.60634	184.1	m	9.22	2.895	A7	0.341
HIP 52258		160.15589	-39.00808	184.1	m	10.41	4.082		0.761
HD 214730	HIP 111980	340.23671	-45.22613	184.1	m	9.465	3.14	F6 V	0.553
HD 212606	HIP 110794	336.70385	-54.62948	184.11	m	9.237	2.912	F3 IV/V	0.462
HD 282666	HIP 23269	75.10082	33.73419	184.13	m	9.306	2.98	F5	0.545
HD 100868	HIP 56521	173.81992	-77.96996	184.13	m	9.005	2.679	A9/F0 IV	0.312
HD 2362	HIP 2162	6.81565	-22.73408	184.13	m	9.565	3.239	F3 V	0.422
HD 90244	HIP 50906	155.92395	-55.3444	184.15	m	9.609	3.283	F0 IV	0.4
HD 130116	HIP 72294	221.76204	-28.76708	184.16	m	9.885	3.559	F8/G0 V	0.71
HD 6283	HIP 4870	15.65508	-62.82353	184.17	m	9.528	3.202	G8 IV/V	0.837
HIP 114303		347.23745	-42.53414	184.18	m	10.59	4.265	F8	0.521
HD 66934	HIP 39498	121.10407	-36.03357	184.19	m	9.38	3.054	F8/G0 V	0.633
HIP 36011		111.32238	38.41364	184.2	m	9.998	3.672	G0	0.645
HIP 65496		201.3527	10.00953	184.24	m	10.48	4.153	F8	0.649
HD 247920	HIP 27496	87.33914	23.62466	184.24	m	9.246	2.919	G0	0.677
HIP 68227		209.50658	4.65473	184.24	m	9.587	3.26	F8	0.521
HIP 90630		277.39104	12.68807	184.25	m	10.43	4.101	G0	0.71
HD 14229	HIP 10583	34.05362	-55.49354	184.26	m	9.567	3.24	F6/7WF2 V	0.474
HD 146237	HIP 79722	244.06294	-29.24236	184.26	m	9.246	2.919	G5 V	0.951
HIP 95850		292.41853	-45.45838	184.26	m	11.2	4.872	G0	1.123
HD 123387	HIP 69051	212.00747	-33.33625	184.27	m	9.142	2.815	F2 V	0.455
HD 49748	HIP 32666	102.20488	-27.36582	184.27	m	9.278	2.951	G5 V	0.765
HD 6270	HIP 4921	15.79521	-32.74276	184.28	m	9.629	3.302	F2 V	0.4
HD 21326	HIP 15881	51.14199	-46.85051	184.28	m	9.481	3.154	F3/5 V	0.537
HIP 51559		157.9833	0.47542	184.29	m	9.921	3.594	F5	0.577
HD 120864	HIP 67676	207.97069	13.92688	184.3	m	9.111	2.783	G5	0.618
HD 18979	HIP 14127	45.55357	-28.72978	184.31	m	9.925	3.597	G8 V	0.771
HIP 55176		169.45131	-29.40492	184.34	m	9.371	3.043	F5	0.562
HD 25608	HIP 18974	60.97958	-0.71953	184.34	m	9.426	3.098	F0 V	0.51
HD 155760	HIP 84508	259.14444	-55.31058	184.37	m	9.312	2.984	F7/8 (V)	0.688
HD 18150	HIP 13469	43.37092	-42.64998	184.37	m	9.831	3.503	F7/G0 IV/V	0.591
HD 236284	HIP 256	0.79661	54.51577	184.38	m	9.508	3.179	F0	0.481
HD 100885	HIP 56638	174.18707	21.05977	184.38	m	9.47	3.141	G5	0.894
HD 145715	HIP 79455	243.2174	-12.35213	184.4	m	9.702	3.373	F3 V	0.606
HD 92861	HIP 52393	160.63441	-45.26058	184.43	m	9.167	2.838	F3 V	0.425
HIP 13690		44.08005	9.30098	184.44	m	9.914	3.585	F8	0.672
HD 133011	HIP 73606	225.68524	-18.44457	184.44	m	9.216	2.887	G2 V	0.741
HD 29509	HIP 21490	69.22994	-41.2615	184.45	m	9.988	3.659	F5 V	0.481
HIP 10622		34.18813	-74.07134	184.49	m	11.41	5.076	G0V	1.104
HD 201577	HIP 104624	317.90622	-37.53987	184.49	m	9.744	3.414	F5 V	0.512
HD 115265	HIP 64821	199.30506	-58.76064	184.52	m	9.201	2.871	K0 V	0.993
HIP 118042		359.15126	-27.8097	184.53	m	10.42	4.089	G0	0.758
HD 146202	HIP 79842	244.45458	-54.89469	184.53	m	9.08	2.75	F2 V	0.396
HD 2120	HIP 1992	6.30756	-44.46089	184.53	m	9.815	3.485	G3/5 V	0.762
HIP 75409		231.11802	8.89378	184.55	m	9.627	3.296	F2	0.515
HD 2650	HIP 2346	7.48913	-27.24543	184.55	m	9.675	3.344	F8/G0V	0.568
HIP 34286		106.62152	39.75741	184.56	m	9.422	3.091	F8	0.635
HD 122469	HIP 68894	211.59148	-75.72988	184.57	m	9.33	2.999	F0 V	0.435
HIP 105245		319.76365	4.65841	184.58	m	9.809	3.478	F5	0.541
HIP 9391		30.17581	-26.18358	184.59	m	9.9	3.569	F5	0.691
HD 169242	HIP 90734	277.68969	-72.43654	184.59	m	9.377	3.046	F3 V	0.446
HIP 104397		317.2419	6.72182	184.61	m	9.926	3.595	F8	0.556
HIP 74055		227.02103	69.73237	184.61	m	10.34	4.01	G5	0.939
HD 87595	HIP 49286	150.90611	-64.76971	184.62	m	9.472	3.141	F2 V	0.426
HD 218932	HIP 114547	348.03902	-25.40388	184.63	m	9.144	2.813	A5	0.436
HD 8280	HIP 6370	20.46635	-22.50275	184.63	m	10.01	3.678	G3 V	0.756
HD 14551	HIP 10790	34.73066	-59.21984	184.63	m	9.519	3.187	G2 IV	0.796
HIP 13003		41.78925	65.72186	184.64	m	9.132	2.8	B8	0.323
HD 224700	HIP 1	0.0009	1.08901	184.67	m	9.139	2.807	F3 V	0.502
HD 25501	HIP 18891	60.74517	-0.06327	184.7	m	9.003	2.671	F5 V	0.665
HD 137360	HIP 75625	231.77764	-40.37869	184.71	m	9.262	2.93	F5 V	0.562
HD 224566	HIP 118239	359.74118	-23.66544	184.72	m	10.5	4.168	F6/8 IV/V	0.592
HD 137751	HIP 75808	232.29508	-40.10593	184.72	m	9.341	3.008	F6 V	0.537
HD 168263	HIP 90087	275.76591	-62.58681	184.74	m	9.417	3.084	F5V	0.475
HIP 44524		136.07803	42.60393	184.76	m	10.74	4.404	G0	0.554
HD 242355	HIP 24705	79.49233	25.06472	184.77	m	9.934	3.601	G0	0.608
HIP 64584		198.5665	21.30289	184.78	m	10.02	3.686	F8	0.721
HD 259059	HIP 31202	98.19279	29.16185	184.8	m	9.451	3.118	F 8 V	0.599
HD 189791	HIP 98794	300.98036	-49.23576	184.8	m	9.854	3.52	F2/3 V	0.485
HD 214196	HIP 111731	339.49714	-58.09189	184.82	m	9.688	3.354	G8 V	0.919
HIP 116474		354.01439	35.11358	184.83	m	9.49	3.156	F0	0.396
HIP 53698		164.80214	63.66654	184.83	m	9.364	3.03	G0	0.58
HIP 72450		222.23133	3.90811	184.84	m	9.759	3.425	F5	0.565
HD 130030	HIP 72279	221.71708	-33.03216	184.84	e	9.087	2.753	F0 V	0.441
HD 8562	HIP 6576	21.12631	-12.56987	184.86	m	9.466	3.132	K1 IV	1.045
HD 133563	HIP 73668	225.88613	46.16475	184.86	m	9.365	3.031	F5	0.486
HD 137324	HIP 75627	231.78366	-45.99667	184.87	m	9.502	3.168	F5 V	0.549
HD 187670	HIP 97826	298.18686	-39.09435	184.9	m	9.924	3.589	F6 V	0.633
HD 10411	HIP 7877	25.33042	-12.14723	184.91	m	9.772	3.437	G1 V	0.735
HD 234387	HIP 83645	256.43258	54.32835	184.91	m	9.593	3.258	F5	0.555
HD 24994	HIP 18698	60.08844	46.80893	184.93	m	9.309	2.974	F8	0.564
HIP 117572		357.64981	47.08714	184.94	m	9.014	2.679	F5	0.477
HD 30832	HIP 22332	72.1453	-47.48964	184.98	m	9.484	3.148	G5 V	0.687
HD 216955	HIP 113358	344.37226	-26.79645	185.01	m	9.496	3.16	G6 IV/V	0.874
HIP 42746		130.67768	26.05565	185.03	m	9.314	2.978	G0	0.615
HIP 19109		61.43578	66.37855	185.05	m	10.3	3.968	F5	0.403
HD 25881	HIP 19130	61.51388	0.81301	185.07	m	9.294	2.957	A0 III	0.373
HIP 33424		104.25877	39.8592	185.09	m	9.075	2.738	F2	0.511
HIP 76050		232.96564	-15.68617	185.09	m	10.36	4.021	F5	0.866
HIP 18250		58.55181	-31.31682	185.1	m	9.655	3.318	F8	0.523
HIP 25413		81.52805	22.82176	185.12	m	10.19	3.852	F8	0.722
HIP 45554		139.26667	3.02492	185.15	m	10.91	4.57		0.534
HD 224184	HIP 117983	358.97009	-51.1912	185.16	m	9.91	3.572	F3 V	0.539
HD 29016	HIP 21048	67.68715	-58.62632	185.17	m	9.792	3.454	G5 V	0.933
HIP 34613		107.5346	37.27607	185.17	m	9.848	3.51	G5	0.984
HD 221066	HIP 115914	352.27024	-32.1753	185.18	m	10.48	4.145	F8/G0 V	0.641
HD 8851	HIP 6739	21.68977	-34.16119	185.19	m	9.13	2.792	K0 III	1.135
HD 193525	HIP 100376	305.35099	-22.77962	185.19	m	9.484	3.146	A9/F0 V	0.475
HD 216087	HIP 112786	342.60605	-33.65219	185.19	m	10.44	4.099	G2/3 V	0.678
HIP 53691		164.77897	-77.02784	185.2	m	11.79	5.456	K2e	1.487
HD 195701	HIP 101445	308.3947	-21.25521	185.23	m	9.878	3.539	F2 V	0.474
HIP 48585		148.63461	23.45485	185.28	m	10.22	3.884	F8	0.609
HIP 58671		180.44706	67.70317	185.29	m	11.93	5.59		0.692
HD 138595	HIP 76123	233.20962	10.66054	185.33	m	9.005	2.665	F5	0.484
HIP 74061		227.03807	39.97025	185.34	m	10.72	4.384	G 2 VN	0.663
HD 218415	HIP 114239	347.06042	-38.06866	185.36	m	10.02	3.681	G8 V	1.134
HD 86340	HIP 48866	149.50249	9.69461	185.37	m	9.012	2.672	F5	0.364
HD 13595	HIP 10330	33.27127	16.08549	185.37	m	9.165	2.825	K0	0.553
HIP 116047		352.71042	17.55291	185.38	m	9.396	3.056	G5	0.559
HIP 1881		5.94044	-22.65468	185.4	m	10.8	4.458	G0	0.707
HD 6887	HIP 5403	17.28805	-23.40257	185.42	m	9.922	3.581	G1 V	0.515
HD 153002	HIP 83038	254.52892	-30.21638	185.46	m	9.161	2.82	F3 V	0.491
HD 123930	HIP 69208	212.5385	17.71701	185.49	m	9.021	2.679	K0	0.665
HD 8986	HIP 6755	21.73579	-62.96622	185.49	m	9.584	3.242	F8 V	0.664
HIP 47313		144.61994	38.80635	185.5	m	10.35	4.008	F8	0.584
HD 15212	HIP 11386	36.68517	-14.96937	185.5	m	10.7	4.359	G6/8	0.647
HD 205449	HIP 106721	324.26501	-51.33108	185.5	m	9.271	2.929	G0/2 V	0.545
HIP 71298		218.71916	7.29568	185.51	m	9.322	2.98	F0	0.338
HIP 53990		165.6656	-32.73823	185.53	m	10.6	4.255		0.603
HIP 72729		223.04412	-51.00418	185.54	m	10.05	3.704	F2	0.654
HD 113128	HIP 63571	195.41288	-9.83134	185.55	m	9.298	2.956	F5 V	0.623
HD 151006	HIP 81881	250.87878	28.96681	185.55	m	9.071	2.729	F8	0.409
HD 207555	HIP 107803	327.58501	-21.27696	185.56	m	9.433	3.091	F8/G0 V	0.615
HIP 29030		91.87469	39.81263	185.58	m	9.063	2.72	K0	1.019
HD 163088	HIP 87963	269.52755	-59.58042	185.6	m	9.375	3.032	F0/2 V	0.328
HD 125746	HIP 70242	215.57923	-36.13358	185.62	m	9.766	3.423	K0 V	1.192
HD 121121	HIP 67954	208.74462	-54.58061	185.62	m	9.36	3.017	F0/2 V	0.465
HIP 53388		163.80219	13.17765	185.63	m	9.395	3.052	F5	0.552
HD 29715	HIP 21820	70.33231	15.51193	185.63	m	10	3.658	G0	0.572
HIP 22289		72.00613	53.11632	185.64	m	9.146	2.803	A3	0.408
HIP 86265		264.40049	-26.79804	185.65	m	10.01	3.665	F8	0.734
HD 178768	HIP 94599	288.76722	-67.76284	185.65	m	9.891	3.547	F5/6 V	0.459
HIP 53425		163.93143	60.46937	185.66	m	9.405	3.061	K0	1.176
HD 124627	HIP 69587	213.65847	2.49643	185.67	m	9.197	2.853	F0 V	0.402
HIP 81928		251.00866	-6.50459	185.68	m	9.673	3.329	B5	0.67
HIP 58385		179.57777	35.17275	185.68	m	9.633	3.289	F5	0.442
HD 97641	HIP 54759	168.17318	-72.09975	185.69	m	9.818	3.474	F0 V	0.497
HD 96381	HIP 54280	166.55912	-34.87769	185.71	m	9.161	2.817	G8 V	1.074
HD 206528	HIP 107200	325.69436	-2.95893	185.71	m	9.103	2.759	G8 IV	0.959
HD 130319	HIP 72311	221.81448	8.51083	185.77	m	9.404	3.059	F8	0.454
HD 156759	HIP 84789	259.96647	-11.35165	185.78	m	9.176	2.831	F3 V	0.628
HIP 57449		176.64869	30.42281	185.8	m	9.18	2.835	F0	0.415
HD 60577	HIP 37768	116.17025	77.7782	185.82	m	9.315	2.969	F8	0.608
HIP 65834		202.42806	20.7319	185.83	m	10.79	4.446	G0	0.54
HD 464	HIP 739	2.26645	-28.33009	185.83	m	9.356	3.01	F6 V	0.61
HD 873	HIP 1064	3.30459	20.75276	185.85	m	9.306	2.96	K0	1.208
HD 200085	HIP 103936	315.8962	-56.13589	185.86	m	9.682	3.336	F6 V	0.532
HD 3485	HIP 2967	9.43903	-22.97567	185.87	m	9.697	3.351	K0/1 (IV)	1.218
HD 174754	HIP 92642	283.15248	-12.3589	185.93	m	9.597	3.25	F3 V	0.547
HD 149777	HIP 81488	249.66029	-39.55098	185.93	m	9.055	2.708	F5 V	0.728
HD 113881	HIP 63984	196.66815	6.44534	185.96	m	9.518	3.171	F5	0.486
HD 39835	HIP 27940	88.68587	-7.37815	185.98	m	9.437	3.09	F6 V	0.517
HD 16445	HIP 12304	39.61542	6.28592	186.05	m	9.292	2.944	F8	0.568
HD 73248	HIP 42386	129.64705	34.48764	186.08	m	9.076	2.728	G0	0.461
HD 25047	HIP 18249	58.54217	-67.42392	186.08	m	9.744	3.395	F7 V	0.609
HIP 31553		99.06629	-26.12188	186.11	m	9.689	3.34		0.938
HD 98246	HIP 55227	169.64662	44.55172	186.11	m	9.107	2.758	G0	0.997
HD 170171	HIP 90730	277.67638	-49.80988	186.13	m	9.183	2.834	F5 V	0.451
HIP 103940		315.90192	67.24355	186.13	m	9.714	3.365	F8	0.568
HD 57130	HIP 35637	110.31136	31.61416	186.15	m	9.13	2.781	F2	0.513
HD 206211	HIP 107693	327.22919	-81.23514	186.17	m	9.347	2.997	F7 V	0.636
HIP 44199		135.05186	32.04674	186.17	m	10.59	4.241	G	0.623
HIP 42647		130.36436	6.82384	186.18	m	9.338	2.988	F5	0.341
HD 81695	HIP 46291	141.60469	-29.44368	186.19	m	9.362	3.012	F0 V + F/G	0.333
HD 16583	HIP 12378	39.83397	-8.24871	186.21	m	9.243	2.893	F3 V	0.469
HD 209318	HIP 108728	330.37809	43.89046	186.24	m	9.167	2.817	G5	1.209
HD 108090	HIP 60569	186.232	33.52899	186.25	m	9.35	2.999	F 5 V	0.515
HIP 2566		8.14623	-6.20704	186.27	m	9.286	2.935	F2	0.438
HD 218762	HIP 114475	347.7482	-43.64774	186.27	m	10.02	3.672	K1/2 V	0.545
HD 286388	HIP 18477	59.23103	10.31421	186.27	m	9.442	3.091	F8	0.652
HD 37677	HIP 26458	84.42578	-49.58053	186.29	m	9.239	2.888	F6/7 V	0.527
HIP 95904		292.56036	30.46897	186.29	m	10.09	3.737	G0V	0.554
HD 223809	HIP 117755	358.20999	-16.71527	186.29	m	9.201	2.85	F0 V	0.365
HIP 87097		266.93751	12.16808	186.31	m	9.952	3.601	F8	0.707
HD 1450	HIP 1503	4.67835	15.99049	186.32	m	9.31	2.959	F5	0.57
HD 104260	HIP 58561	180.12233	39.42882	186.33	m	9.473	3.122	G5	0.414
HD 249829	HIP 28294	89.69801	20.20671	186.34	m	9.991	3.639	G0	0.441
HD 249622	HIP 28175	89.29426	10.23291	186.38	m	9.092	2.74	F0	0.316
HD 33474	HIP 23793	76.68788	-59.05096	186.4	m	9.403	3.051	F5 V	0.488
HIP 55694		171.17511	19.6517	186.43	m	9.372	3.019	F5	0.549
HIP 13420		43.20656	7.33624	186.45	m	10.59	4.24	F8	1.053
HD 324239	HIP 86767	265.94433	-42.15168	186.48	m	9.744	3.391	F5	0.606
HIP 109817		333.64629	27.04563	186.51	m	9.41	3.057	F8	0.584
HD 215438	HIP 112538	341.9081	-73.86776	186.52	m	9.791	3.437	F6/7 IV	0.526
HIP 76482		234.31054	-48.6548	186.53	m	10.64	4.288	G0	0.376
HIP 17421		55.98632	18.89614	186.54	m	9.881	3.527	F2	0.604
HD 111841	HIP 62754	192.89244	52.50507	186.55	m	9.663	3.309	G5	0.663
HD 127855	HIP 71210	218.44477	-2.64046	186.56	m	9.043	2.689	F5/6 V	0.529
HD 9237	HIP 7071	22.78678	7.6958	186.56	m	9.595	3.241	F5	0.453
HD 214198	HIP 111540	338.95534	47.21987	186.57	e	9.225	2.871	F5	0.427
HIP 27361		86.92349	35.55683	186.57	m	9.193	2.839	F5	0.443
HIP 38546		118.40079	39.07941	186.6	m	10.32	3.967	G0	0.816
HD 166490	HIP 89310	273.35775	-48.95753	186.62	m	9.095	2.74	F3 V	0.446
HD 37676	HIP 26507	84.55451	-44.09024	186.63	m	9.119	2.764	F0 IV/V	0.376
HD 213341	HIP 111110	337.63386	13.72377	186.68	m	9.107	2.752	K0	0.759
HIP 66608		204.80089	30.25537	186.68	m	12.07	5.718		0.937
HIP 23432		75.54124	66.16569	186.69	m	10.26	3.902	G0	0.637
HIP 42352		129.51835	41.37097	186.7	m	10.18	3.824	F8	0.465
HIP 20731		66.65046	7.08579	186.71	m	10.12	3.767	F2	0.516
HD 31210	HIP 22752	73.41271	-9.65064	186.72	m	9.488	3.132	F0 V	0.36
HD 107789	HIP 60432	185.86113	-56.77595	186.72	m	9.31	2.954	F3 V	0.498
HD 113622	HIP 63785	196.10473	41.55456	186.73	m	9.151	2.795	F5	0.49
HD 19391	HIP 14504	46.83109	8.39548	186.73	m	9.643	3.287	F2	0.517
HD 177228	HIP 93576	285.87841	7.35308	186.74	m	9.185	2.829	F0	0.37
HD 209107	HIP 108703	330.30027	-11.34362	186.75	m	9.134	2.778	F2 IV/V	0.384
HD 142523	HIP 78031	238.99955	-26.76917	186.77	m	9.257	2.9	G1/2 (V)	0.868
HD 6897	HIP 5380	17.20784	-48.76728	186.78	m	9.923	3.566	F7 V	0.533
HIP 73038		223.89978	-1.44993	186.79	m	9.702	3.345	F5	0.493
HD 5732	HIP 4594	14.70415	-13.66091	186.82	m	9.023	2.666	F0 V	0.416
HD 233728	HIP 50716	155.33243	50.3758	186.83	m	9.452	3.095	F8	0.598
HD 217685	HIP 113813	345.71998	-34.36563	186.84	m	9.208	2.851	F6 V	0.598
HD 8636	HIP 6610	21.21348	-24.52933	186.86	m	10.06	3.706	F3/5 IV/V	0.6
HIP 74700		228.99238	2.03007	186.86	m	10.49	4.136	F8	0.665
HD 159738	HIP 86186	264.17082	-9.22843	186.86	m	9.669	3.311	A3 II	0.451
HD 16515	HIP 12311	39.63825	-14.29909	186.88	m	9.637	3.279	F5 V	0.461
HD 208709	HIP 108499	329.70535	-32.20065	186.88	m	9.955	3.597	G3 V	0.719
HD 113958	HIP 63993	196.708	28.20681	186.88	m	9.026	2.668	F7V	0.614
HD 145747	HIP 79460	243.22867	-8.60116	186.89	m	9.59	3.232	F6 V	0.664
HIP 116772		354.9874	21.2577	186.9	m	10.59	4.23	K0	0.854
HD 76049	HIP 44015	134.44749	67.29613	186.93	m	9.167	2.809	F0	0.383
HIP 39670		121.59405	41.99105	186.94	m	10.06	3.707		0.489
HIP 86538		265.27352	24.5176	186.97	m	9.278	2.919	F4V	0.562
HD 10903	HIP 8249	26.54838	-40.24794	186.97	m	9.203	2.844	F5/6 V	0.544
HD 133543	HIP 73681	225.91194	41.40712	186.97	m	9.255	2.896	F5	0.484
HIP 15368		49.53193	8.04427	186.99	m	11.5	5.145	K7	0.725
HIP 5759		18.47982	-7.61687	186.99	m	10.3	3.945		0.769
HD 232780	HIP 15639	50.34068	52.50795	187.02	m	9.295	2.936	A7	0.461
HD 158559	HIP 85662	262.59204	-8.8728	187.02	m	9.285	2.926	A0 V	0.424
HD 102517	HIP 57551	176.94262	-54.11544	187.02	m	9.462	3.103	F2/3 V	0.473
HD 152926	HIP 82743	253.67868	38.69013	187.02	m	9.138	2.779	G5	0.465
HD 183432	HIP 95941	292.66912	-29.6532	187.06	m	9.447	3.087	G2/3 V + (F)	0.779
HIP 43819		133.86454	4.83465	187.07	m	9.224	2.864	F2	0.458
HD 233950	HIP 61002	187.54159	52.03118	187.09	m	9.865	3.505	G0	0.58
HD 186086	HIP 97112	296.03622	-39.42464	187.1	m	9.804	3.444	F3/5 V	0.536
HD 4533	HIP 3561	11.38461	-75.91851	187.13	m	9.413	3.052	F3 V	0.477
HD 102474	HIP 57521	176.84122	-61.93378	187.13	m	9.393	3.032	F7/8 V	0.652
HIP 71998		220.86128	9.49368	187.13	m	10.21	3.853	F8	0.701
HIP 20469		65.80858	-5.00842	187.15	m	9.579	3.218		0.682
HD 344279	HIP 95165	290.41407	21.23016	187.16	m	9.368	3.007	G0	0.529
HD 22493	HIP 16834	54.16176	-13.31861	187.16	m	9.802	3.441	G2/3 V	0.764
HD 101411	HIP 56896	174.95712	-55.72086	187.16	m	9.273	2.912	G6 IV/V	0.892
HD 20576	HIP 15320	49.41296	-31.24163	187.16	m	9.499	3.138	G6 V	0.809
HIP 106189		322.62875	26.65698	187.16	m	9.51	3.149	F8	0.669
HD 91794	HIP 51811	158.78317	-44.5583	187.16	m	9.58	3.219	G5 V	0.729
HD 214989	HIP 112160	340.75266	-51.34589	187.18	m	9.563	3.202	F0 V	0.395
HD 136326	HIP 74882	229.54887	49.30546	187.19	m	9.515	3.154	G5	0.547
HD 233230	HIP 30082	94.95416	50.98717	187.21	m	9.537	3.175	F0	0.368
HD 112076	HIP 62977	193.56454	-44.40147	187.25	m	9.503	3.141	F0 V	0.379
HIP 45553		139.2652	40.67229	187.27	e	10.02	3.654	F0	0.375
HD 169044	HIP 90178	276.03177	-32.42226	187.27	m	9.873	3.511	F2 V	0.424
HIP 15477		49.8917	-7.87653	187.27	m	9.578	3.216	F8	0.508
HIP 17244		55.39661	9.33037	187.29	m	10.92	4.557	F8	0.729
HIP 55606		170.8792	-9.25591	187.29	m	10.14	3.78	G0	0.472
HD 109269	HIP 61269	188.34307	32.03983	187.3	m	9.659	3.296	F3V	0.415
HD 109837	HIP 61598	189.33498	59.21668	187.3	m	9.098	2.735	F5	0.352
HIP 106960		324.95305	37.82363	187.35	m	10.5	4.14	F8	0.515
HIP 34677		107.71737	29.85359	187.36	m	9.276	2.913	F5	0.459
HIP 10724		34.50755	-23.23323	187.37	m	10.89	4.531	F2	0.463
HD 133942	HIP 74204	227.45395	-59.27046	187.4	m	9.99	3.626	F5/6W	0.482
HIP 22436		72.42425	-22.25994	187.43	m	10.44	4.077		0.614
HD 234026	HIP 64816	199.27769	52.44536	187.43	m	9.773	3.409	K0	0.642
HIP 80206		245.60972	37.74843	187.44	m	9.278	2.914	F8	0.59
HD 192550	HIP 100070	304.53046	-55.22765	187.44	m	9.324	2.96	F5 V	0.507
HD 78	HIP 467	1.39671	-47.56936	187.45	m	9.737	3.373	G5 V	0.878
HD 224745	HIP 35	0.10297	-14.49049	187.45	m	9.188	2.824	G8/K0 III/IV	1.078
HD 199996	HIP 103906	315.80036	-58.49756	187.46	m	9.04	2.676	F6 V	0.566
HD 174717	HIP 92566	282.93301	5.04415	187.48	m	9.046	2.681	F5 V	0.516
HIP 42961		131.35304	-60.61854	187.55	m	9.472	3.106	F2	0.417
HD 102055	HIP 57290	176.21045	37.92281	187.55	m	9.087	2.721	G0	0.546
HD 198666	HIP 102996	313.00765	-2.26136	187.56	m	9.035	2.669	F0 V	0.342
HIP 52034		159.47426	38.75869	187.57	m	9.451	3.085	F2	0.417
HD 24670	HIP 18298	58.69054	-17.35791	187.57	m	9.034	2.668	F3 V	0.444
HD 206600	HIP 107366	326.19892	-51.73495	187.58	m	10.34	3.976	F6/8 V	0.616
HD 18032	HIP 13475	43.39507	-9.20799	187.58	m	9.768	3.402	F8/G0 V	0.562
HD 206178	HIP 107052	325.22271	-22.78165	187.6	m	9.908	3.542	F5 V	0.285
HIP 68515		210.39524	6.72545	187.62	m	10.6	4.232	G0	0.69
HIP 4350		13.94238	35.73917	187.63	m	9.172	2.805	K0	1.084
HIP 3530		11.25374	-24.54917	187.65	m	10.18	3.815	G0	0.606
HIP 67947		208.71926	18.03602	187.65	m	9.096	2.729	F0	0.384
HD 285315	HIP 18754	60.25631	16.52117	187.65	m	10.01	3.639	F8	0.683
HIP 3394		10.81867	-45.17867	187.69	m	10.25	3.886		0.861
HD 71679	HIP 41685	127.46358	31.37559	187.69	m	9.5	3.133	F5	0.409
HD 223574	HIP 117580	357.67688	-24.1942	187.69	m	10.41	4.046	F6/8 (+ A/F)	0.51
HIP 56058		172.3398	37.47518	187.73	m	10.53	4.157	F8	0.828
HD 201248	HIP 104635	317.92559	-66.34454	187.73	m	10.02	3.654	F5/7 (V)	0.453
HD 60403	HIP 37681	115.96293	77.8774	187.73	m	9.294	2.926	F8	0.539
HIP 84335		258.62562	21.53284	187.74	m	9.581	3.213	F5	0.473
HD 1802	HIP 1770	5.5997	5.2248	187.76	m	9.396	3.028	G5/6 V	0.784
HD 139693	HIP 76678	234.86343	2.69858	187.76	m	10.48	4.111	G0	0.715
HIP 87676		268.61875	39.23949	187.77	m	9.179	2.811	F2	0.336
HIP 3474		11.09735	12.59084	187.78	m	10.43	4.066	G0	0.571
HIP 21993		70.90262	7.46642	187.79	m	10.12	3.752	F5	0.795
HD 8164	HIP 6280	20.13988	-29.80822	187.82	m	9.195	2.826	F5 V	0.48
HIP 67509		207.50175	41.81143	187.82	m	9.707	3.338	F8	0.536
HD 5288	HIP 4263	13.60239	-35.40097	187.83	m	9.401	3.032	F3 V	0.459
HD 181704	HIP 95712	292.01508	-72.4188	187.84	m	9.277	2.908	K2 III	1.437
HD 117904	HIP 66143	203.37572	-5.6613	187.85	m	9.034	2.665	A9 V	0.3
HIP 79926		244.7043	17.39952	187.86	m	9.855	3.486	G5	0.602
HD 7897	HIP 6086	19.53931	-32.66017	187.88	m	9.624	3.255	G8 IV	0.98
HD 43013	HIP 28440	90.08123	-80.59809	187.89	m	9.355	2.985	F5 V	0.515
HD 14686	HIP 11081	35.67079	19.06431	187.9	m	9.246	2.876	F8	0.379
HD 41466	HIP 28437	90.07752	-66.22428	187.9	m	9.555	3.185	F3 V	0.46
HIP 116218		353.21507	-15.58527	187.9	m	10.37	3.997	G0	0.74
HD 27737	HIP 20329	65.32806	-33.83668	187.9	m	9.263	2.893	G8 IV/V	1.161
HD 140630	HIP 77100	236.14667	1.8506	187.91	m	9.127	2.757	F3 V	0.508
HD 239579	HIP 104247	316.8106	60.5403	187.91	m	9.104	2.734	F5	0.546
HD 222985	HIP 117193	356.43654	-44.65028	187.93	m	9.507	3.137	F6 V	0.6
HD 162675	HIP 87546	268.27951	-21.41244	187.93	m	9.597	3.227	F3 V	0.636
HIP 58489		179.92514	37.69751	187.94	m	9.958	3.588	G6III	0.938
HIP 8794		28.26635	62.15864	187.94	m	9.283	2.913	K0	1.324
HD 67278	HIP 39379	120.76478	-65.3259	187.94	m	9.013	2.643	F2 IV	0.412
HD 288004	HIP 25934	83.0232	2.60549	187.97	m	9.29	2.92	F2	0.454
HIP 643		1.97789	-42.15397	187.97	m	10.18	3.805	F8	0.528
HD 24347	HIP 18127	58.14457	2.4971	187.98	m	9.082	2.711	F2 V	0.577
HD 132642	HIP 73406	225.01885	4.83616	188	m	9.437	3.066	F2	0.435
HIP 76759		235.0969	17.39812	188.02	m	9.63	3.259	F5	0.56
HD 30491	HIP 21901	70.65027	-69.07833	188.02	m	9.697	3.326	F8/G0 V	0.636
HD 131321	HIP 72867	223.41042	-25.601	188.02	m	9.198	2.827	F6 V	0.64
HIP 79105		242.20104	35.69124	188.03	m	9.136	2.765	F5	0.533
HIP 118273		359.85245	75.50893	188.03	m	9.383	3.012	F5	0.419
HD 151001	HIP 82052	251.41233	-25.69683	188.04	m	9.384	3.013	F0 V	0.397
HIP 108587		329.9563	70.86604	188.05	m	9.772	3.401	K0	0.956
HD 28975	HIP 21347	68.70904	24.24452	188.08	m	9.096	2.724	A 5 III	0.805
HD 146996	HIP 79988	244.91114	-12.13125	188.08	m	9.131	2.759	F3/5 V	0.595
HD 212463	HIP 110652	336.25219	-30.72083	188.1	m	9.619	3.247	F5 V	0.533
HD 128139	HIP 71224	218.47229	46.05605	188.12	m	10.3	3.927	F8	0.744
HD 287738	HIP 24848	79.90342	1.55061	188.12	m	10.01	3.634	F8	0.471
HD 8072	HIP 6225	19.95036	-21.45403	188.13	m	9.372	3	G0 V	0.637
HD 88129	HIP 49659	152.06767	-54.77151	188.16	m	9.338	2.965	G2/5 V	0.856
HD 71068	HIP 41581	127.17085	60.94374	188.16	m	9.054	2.681	A5	0.32
HD 85079	HIP 48110	147.14133	-35.82303	188.18	m	9.009	2.636	F2 V	0.437
HD 150419	HIP 81789	250.57345	-32.78882	188.18	m	9.202	2.829	G0/2 V (+ F)	0.641
HIP 74632		228.73771	8.1729	188.18	m	10.73	4.353	F8	0.536
HIP 1182		3.69064	-39.24321	188.2	m	12.09	5.72		1.125
HD 329832	HIP 84654	259.59499	-46.03847	188.22	m	11.01	4.632	G...	0.378
HD 11642	HIP 8843	28.43651	-23.1288	188.22	m	9.634	3.261	F3/5 V	0.438
HD 20167	HIP 15082	48.61524	-0.32633	188.23	m	9.421	3.048	F3 V	0.519
HD 212605	HIP 110765	336.60361	-44.27476	188.24	m	9.983	3.609	F3 V	0.522
HD 23705	HIP 17650	56.71173	-9.38785	188.24	m	9.349	2.975	F2 V	0.609
HIP 64510		198.33427	31.83571	188.25	m	10.57	4.195	F8	0.665
HD 104673	HIP 58760	180.76482	-66.21019	188.25	m	9.178	2.804	F3 IV/V	0.507
HIP 39860		122.14234	56.99778	188.25	m	10.16	3.791	F8	0.681
HD 148730	HIP 80919	247.86027	-31.8172	188.26	m	9.378	3.004	F3 V	0.522
HD 132506	HIP 73325	224.76103	15.61383	188.27	m	10.57	4.201	G5	0.68
HD 21199	HIP 15813	50.92538	-41.76222	188.31	m	9.416	3.042	F6 V	0.526
HD 120897	HIP 67723	208.10539	-2.35555	188.32	m	9.392	3.018	F6 V	0.557
HD 168354	HIP 89853	275.04055	-22.18185	188.32	m	9.487	3.113	G3/5 V	0.876
HD 20479	HIP 15287	49.31193	-16.0631	188.33	m	9.438	3.063	F6 V	0.513
HD 10825	HIP 8217	26.45877	-9.34422	188.33	m	9.973	3.598	F3 IV/V	0.379
HD 41063	HIP 28629	90.6654	-4.25087	188.33	m	9.04	2.665	F0 V	0.487
HD 40548	HIP 28351	89.85768	-2.34118	188.34	m	9.143	2.768	F2 V	0.433
HD 58575	HIP 35694	110.46941	-63.89947	188.36	m	9.295	2.92	F5 IV	0.434
HD 161658	HIP 86942	266.48311	21.8829	188.36	m	9.215	2.84	A5	0.256
HIP 36324		112.16192	88.63709	188.37	m	9.331	2.956	G8	1.065
HIP 71907		220.61996	5.31698	188.38	m	9.764	3.389	F8	0.558
HIP 15433		49.72069	7.28997	188.39	m	9.425	3.05	F2	0.44
HD 112083	HIP 62910	193.3971	37.9724	188.39	m	9.238	2.863	G0	0.571
HD 2644	HIP 2334	7.46448	-33.4179	188.41	m	9.156	2.78	G3 V	0.688
HD 139686	HIP 76958	235.71188	-61.77712	188.42	m	9.25	2.874	F5 V(W)	0.594
HIP 67995		208.86921	26.77737	188.42	m	11.49	5.119	K	0.543
HD 112117	HIP 62963	193.53507	-1.4714	188.44	m	9.436	3.06	F0/2 V	0.371
HIP 10953		35.26709	1.62383	188.46	m	9.95	3.574	F8	0.587
HD 107562	HIP 60312	185.50801	-56.09385	188.47	m	9.43	3.054	F2 IV/V	0.504
HD 330605	HIP 80253	245.75664	-47.65894	188.48	m	10.28	3.903	F8	0.673
HIP 62372		191.74818	16.49207	188.5	m	9.596	3.219	G0	0.694
HD 87973	HIP 49692	152.16323	4.50907	188.53	m	9.447	3.07	F5/6 V	0.58
HIP 60222		185.23599	16.98984	188.56	m	9.085	2.708	K2	1.156
HIP 49115		150.35455	19.35093	188.57	m	9.755	3.378	F2	0.695
HIP 8956		28.83203	-19.27544	188.57	m	10.01	3.629	F2	0.568
HD 10036	HIP 7584	24.41802	-23.82837	188.59	m	10.01	3.634	G2 V	0.623
HD 53992	HIP 34471	107.17013	34.65396	188.61	m	9.668	3.29	F5	0.457
HIP 49282		150.89485	34.02432	188.63	m	9.063	2.685	F2	0.429
HIP 55511		170.53503	9.03125	188.63	m	9.479	3.101	F5	0.442
HD 147595	HIP 80339	246.01495	-31.85679	188.64	m	9.902	3.524	G3 V	0.842
HIP 85804		262.98709	-22.99974	188.65	m	9.967	3.589	F3V	0.709
HD 176419	HIP 93392	285.3208	-27.55059	188.65	m	9.425	3.047	G2/3 V	0.799
HIP 48171		147.28366	47.65189	188.66	m	9.292	2.914	K0	1.006
HD 26105	HIP 19285	61.99887	1.22338	188.67	m	9.476	3.097	F2/3 V	0.528
HD 18011	HIP 13494	43.43743	5.10938	188.68	m	9.227	2.848	F0 V	0.347
HD 153133	HIP 82969	254.3239	7.30739	188.71	m	9.333	2.954	A2	0.342
HIP 18436		59.12564	85.25321	188.72	m	9.263	2.884	F0	0.33
HD 2393	HIP 2183	6.89687	-15.45439	188.73	m	9.026	2.647	A9 V	0.377
HD 49735	HIP 32873	102.75086	25.89503	188.74	m	9.005	2.626	F8	0.352
HIP 67560		207.65587	8.07695	188.76	m	10.73	4.356	G0	0.604
HIP 95704		292.00142	-72.41817	188.78	m	11.58	5.2		1.512
HIP 13204		42.48618	66.93798	188.83	m	9.023	2.643	F8	0.509
HD 55596	HIP 34761	107.93794	-40.19168	188.85	m	10.11	3.729	F3/5 V	0.505
HIP 35093		108.86139	40.25979	188.87	m	9.679	3.298	G0	0.792
HD 111064	HIP 62396	191.81063	-55.57331	188.88	m	9.984	3.603	F2 V	0.613
HIP 91160		278.97143	-49.13339	188.89	m	10.17	3.791	G0	0.807
HIP 63252		194.41108	28.43065	188.9	m	9.856	3.475	G0V	0.696
HD 113812	HIP 63936	196.55307	13.44141	188.9	m	9.376	2.995	F8	0.524
HD 125327	HIP 70018	214.89961	-35.22471	188.91	m	9.193	2.812	F3 V	0.435
HD 253267	HIP 29500	93.23722	29.72329	188.93	m	9.463	3.081	G0	0.638
HIP 67758		208.2195	14.89806	188.94	m	10.19	3.81	G0	0.747
HIP 69205		212.53138	6.35741	188.97	m	10.24	3.863	G0	0.557
HIP 9979		32.12873	33.3401	188.98	m	9.285	2.903	G5	1.065
HIP 54365		166.83639	-77.63537	188.99	m	11.02	4.634	G1Iab:pe	0.824
HIP 15712		50.59999	44.66354	189.01	m	9.127	2.745	F5	0.454
HD 156523	HIP 84706	259.7283	-22.70784	189.03	m	9.219	2.836	F0 V	0.456
HD 315956	HIP 85739	262.82064	-30.32142	189.04	m	9.701	3.318	F2	0.51
HD 70955	HIP 41376	126.61512	42.40759	189.04	m	9.376	2.993	G0	0.44
HIP 51643		158.26956	42.35733	189.04	m	10.11	3.73	F5	0.432
HD 8602	HIP 6585	21.14824	-18.22172	189.04	m	9.774	3.391	G8 V	1.033
HIP 51162		156.75607	29.67115	189.05	m	10.28	3.897		0.977
HD 326647	HIP 83403	255.69151	-42.25021	189.06	m	10.04	3.66	F5...	0.649
HD 38732	HIP 27396	87.03312	4.64115	189.07	m	9.285	2.902	F2/3 V	0.456
HD 341191	HIP 102745	312.28016	24.94837	189.07	m	9.022	2.639	G0	1.002
HIP 41682		127.45936	31.36967	189.09	m	9.932	3.549		0.503
HIP 96378		293.93172	1.72828	189.1	m	10.18	3.797	G3	1.032
HD 182668	HIP 95667	291.89289	-40.77861	189.13	m	9.048	2.664	F5 V	0.553
HD 123438	HIP 68971	211.80805	23.1491	189.13	m	9.426	3.042	F8	0.487
HD 97300	HIP 54557	167.45845	-76.61326	189.14	m	9.079	2.695	B9 V	0.401
HD 286297	HIP 23099	74.55201	14.3963	189.15	m	10.71	4.329	F5	0.654
HD 207906	HIP 108053	328.36068	-39.14965	189.15	m	9.825	3.441	G0/2 V	0.585
HD 135794	HIP 74805	229.31905	-8.62528	189.17	m	9.359	2.975	F2 V	0.413
HD 237688	HIP 40510	124.06292	57.06493	189.18	m	9.341	2.957	F8	0.495
HD 218023	HIP 114000	346.31188	-44.19403	189.2	m	9.861	3.476	G3/5 V	0.791
HD 205763	HIP 106756	324.37816	1.65119	189.23	m	9.256	2.871	F7 V	0.606
HIP 81857		250.78072	73.69798	189.24	m	9.458	3.073	F8	0.524
HIP 86986		266.63298	39.31918	189.24	m	10.18	3.796	B0	-0.403
HIP 39667		121.58969	34.77191	189.28	m	10.03	3.641	F5	0.625
HD 5511	HIP 4388	14.06029	-52.57973	189.32	m	9.32	2.934	F0 V	0.374
HD 151824	HIP 82727	253.63887	-66.49221	189.33	m	9.155	2.769	F3/5 V	0.501
HD 30529	HIP 22820	73.662	70.88034	189.39	m	9.086	2.699	G5	0.59
HD 140896	HIP 77270	236.6412	-13.99957	189.4	m	10.13	3.739	A9 V	0.488
HIP 1344		4.21005	32.45074	189.42	m	10.08	3.697	F8	0.603
HD 160384	HIP 86202	264.23787	50.12088	189.43	m	9.162	2.775	G5	0.483
HIP 69765		214.16833	40.72738	189.44	m	10.13	3.747	K0	1.193
HD 139500	HIP 76683	234.88329	-28.50604	189.44	m	9.318	2.931	G + F	0.716
HD 215156	HIP 112236	340.9954	-44.10802	189.46	m	9.274	2.886	F3 V	0.431
HD 146236	HIP 79733	244.09133	-28.16402	189.46	m	9.182	2.794	A1MA9-F2	0.544
HIP 11946		38.53333	-1.23535	189.47	m	9.976	3.588	F8	0.761
HD 24111	HIP 17843	57.26889	-35.99028	189.49	m	9.053	2.665	F6 V	0.558
HD 311508	HIP 43598	133.19402	-74.7827	189.5	m	9.481	3.093	G5	0.723
HD 10703	HIP 8012	25.71679	-59.12617	189.51	m	9.949	3.561	F5 V	0.517
HD 192391	HIP 99837	303.84667	-20.49552	189.51	m	9.419	3.031	A9 V	0.415
HIP 39891		122.21912	45.07217	189.52	m	10.21	3.817	F8	0.459
HD 284069	HIP 23570	76.01521	27.53765	189.52	m	9.689	3.301	F0	0.797
HD 134791	HIP 74260	227.64658	37.0347	189.54	m	9.535	3.147	G0	0.521
HIP 14302		46.11532	-30.56843	189.54	m	10.41	4.026	G0	0.644
HIP 10376		33.42007	11.94275	189.57	m	10.68	4.294	F8	0.559
HD 222515	HIP 116848	355.27284	48.78708	189.59	m	9.129	2.74	G5	0.513
HIP 103639		314.97807	50.06304	189.59	m	9.099	2.71	F5	0.411
HD 24538	HIP 18251	58.55698	-0.14005	189.63	m	9.605	3.215	F5/6 V	0.587
HD 12956	HIP 9855	31.70075	-1.93375	189.63	m	9.025	2.635	F5 V	0.516
HIP 79467		243.25622	36.63671	189.63	m	9.61	3.22	F0	0.439
HD 142107	HIP 77592	237.62388	49.24834	189.65	m	9.229	2.839	G0	0.715
HIP 53243		163.35784	27.26344	189.66	m	10.25	3.859	F5	0.511
HD 208416	HIP 108225	328.87461	27.39323	189.66	m	9.218	2.828	G5	0.907
HD 76544	HIP 43951	134.27592	10.7581	189.66	m	9.071	2.681	F5	0.373
HD 130088	HIP 72213	221.53565	5.20983	189.69	m	9.079	2.689	G5	0.443
HD 245024	HIP 26227	83.82327	29.27139	189.7	m	10.48	4.087	G5	0.693
HD 205868	HIP 106842	324.60867	-7.54859	189.72	m	9.375	2.984	K2/3 III	1.428
HD 39418	HIP 27781	88.18047	2.41745	189.73	m	9.15	2.759	F0 V	0.306
HIP 72999		223.78042	-26.9745	189.73	m	10.1	3.705	F5	0.664
HD 194024	HIP 100630	306.07462	-27.99903	189.74	m	9.075	2.684	A9 V	0.389
HD 6911	HIP 5400	17.27417	-43.00128	189.76	m	9.773	3.382	F3/5 V	0.46
HD 223090	HIP 117269	356.68507	-45.0575	189.77	m	9.449	3.058	F3V	0.46
HIP 53878		165.34145	43.1832	189.78	m	9.001	2.61	K0	1.213
HD 105100	HIP 59023	181.52533	32.14666	189.79	m	9.011	2.62	G7III	1.061
HD 29455	HIP 21396	68.89364	-52.80563	189.79	m	9.582	3.191	F3 V	0.499
HIP 76308		233.81632	-45.86251	189.8	m	10.06	3.671	F2	0.442
HIP 76955		235.70416	43.63684	189.81	m	9.234	2.842	F8	0.573
HIP 51735		158.56382	40.7321	189.82	m	9.603	3.211	F2	0.476
HIP 75083		230.14722	40.49305	189.82	m	9.314	2.922	F5	0.506
HD 77229	HIP 44352	135.48419	26.20436	189.82	m	9.625	3.233	B5	0.441
HIP 5633		18.08639	-49.27649	189.82	m	10.1	3.708	F3V	0.384
HIP 83098		254.7143	76.09908	189.83	m	10.22	3.827		0.547
HD 12282	HIP 9337	29.98012	-28.15694	189.85	m	9.457	3.065	F2 V	0.431
HD 7423	HIP 5781	18.53957	-15.01824	189.92	m	10.08	3.688	G2 V	0.656
HD 158356	HIP 85624	262.45165	-23.2625	189.92	m	9.709	3.316	A2(M)F2-A9	0.72
HD 33820	HIP 24259	78.11102	-12.41995	189.92	m	9.559	3.166	G8 V	0.844
HIP 72345		221.90435	-30.4245	189.96	m	9.828	3.435	F0	0.46
HD 51689	HIP 33646	104.84436	25.23572	189.98	m	9.016	2.622	F8V	0.651
HIP 12710		40.84185	13.4325	189.99	m	11.68	5.286	K:	0.316
HD 202847	HIP 105449	320.37484	-64.06867	190	m	9.139	2.745	F0 V	0.375
HD 80902	HIP 46052	140.86814	39.13474	190.01	m	9.027	2.633	F2	0.511
HD 25870	HIP 19114	61.4746	-0.66095	190.01	m	9.394	3	F3/5 V	0.542
HD 8033	HIP 6186	19.84414	-23.10767	190.02	m	9.207	2.813	F0 V	0.33
HD 25864	HIP 18515	59.38199	-76.83323	190.03	m	9.655	3.261	F5 V	0.446
HD 21126	HIP 15864	51.08932	-8.90814	190.03	m	9.604	3.21	F6 V	0.5
HD 160334	HIP 86504	265.16813	-30.28261	190.04	m	9.499	3.105	F0 V	0.437
HD 34971	HIP 24717	79.51866	-55.70729	190.05	m	9.297	2.903	K0 III	1.163
HD 142328	HIP 77803	238.30875	20.8653	190.05	m	9.454	3.06	G	0.48
HD 8662	HIP 6599	21.18961	-39.90751	190.06	m	9.507	3.113	G3 V	0.723
HD 213589	HIP 111320	338.28263	-38.03739	190.07	m	9.438	3.043	G2 V	0.708
HD 142803	HIP 78115	239.26172	-15.47857	190.07	m	9.945	3.55	F6/7 (IV) + A3/5	0.616
HD 108375	HIP 60762	186.82509	-56.56429	190.08	m	9.331	2.936	F5 V	0.569
HIP 84978		260.52352	7.97074	190.1	m	10.21	3.82	G0	0.554
HD 244484	HIP 25846	82.76346	6.46064	190.12	m	9.95	3.555	F8	0.596
HIP 99577		303.12597	11.37066	190.12	m	10.81	4.417		
HD 110045	HIP 61754	189.84468	7.57419	190.12	m	9.343	2.948	G0	0.498
HIP 9143		29.45891	-8.6802	190.13	m	9.918	3.523	F5	0.478
HIP 18285		58.65596	43.8066	190.13	m	9.124	2.729	F8	0.658
HD 5243	HIP 4136	13.23089	-66.90214	190.14	m	9.326	2.931	F7 V	0.609
HD 150952	HIP 82067	251.44926	-35.86793	190.14	m	9.126	2.731	G1 V	0.722
HIP 64767		199.09302	24.20378	190.15	m	10.37	3.975	G5	0.846
HIP 118078		359.28855	62.07771	190.17	m	9.067	2.671	F 7 V	0.597
HD 219596	HIP 114979	349.31837	-40.59285	190.17	m	9.929	3.533	G2/3 V	0.647
HIP 14603		47.13731	8.86875	190.17	m	9.893	3.497	G0	0.753
HD 118125	HIP 66869	205.57208	-83.32147	190.17	m	10.06	3.66	F3/5 V	0.616
HIP 118204		359.64244	-38.68587	190.18	m	10.53	4.131	F7 V	0.632
HD 205946	HIP 107017	325.10966	-52.55116	190.18	m	10	3.606	F5 IV/V	0.466
HIP 69731		214.09445	7.96231	190.18	m	9.744	3.348	F2	0.417
HD 255692	HIP 30254	95.46313	24.20365	190.18	m	10.12	3.721	G0	0.5
HIP 111195		337.90091	2.16218	190.19	m	10.84	4.443	sdF7:	0.512
HIP 41447		126.81294	25.72525	190.19	m	9.819	3.423	G0	0.607
HD 221222	HIP 116006	352.56016	-10.4511	190.19	m	9.227	2.831	F5 V	0.438
HIP 16731		53.81335	70.02693	190.19	m	9.56	3.164	F5	0.501
HIP 42965		131.36643	21.65358	190.2	m	10.6	4.199		0.711
HD 65237	HIP 38742	118.97057	-43.30286	190.21	m	9.652	3.256	G2/3 V	0.661
HD 194148	HIP 101291	307.96801	-77.20001	190.21	m	9.261	2.865	F7 V	0.586
HD 3846	HIP 3200	10.19427	-32.76665	190.22	m	10.09	3.696	G0 V	0.63
HIP 68917		211.63632	25.71756	190.23	m	9.649	3.253	G0	0.696
HIP 90601		277.31087	-2.77608	190.26	m	10.63	4.233		0.44
HD 223710	HIP 117685	358.00056	-38.8577	190.26	m	9.49	3.093	F0 V	0.404
HIP 75567		231.56273	7.87284	190.26	m	10.47	4.072	F8	0.602
HIP 33334		103.99398	65.23949	190.3	m	10.61	4.211	G5	0.825
HD 219703	HIP 115045	349.50667	-16.34595	190.31	m	10.29	3.895	F7/8 V	0.334
HIP 58175		178.97624	26.93009	190.31	m	10.7	4.303	F8	0.435
HD 282539	HIP 22571	72.86588	29.83169	190.35	m	9.848	3.45	F5	0.8
HD 82238	HIP 46572	142.46517	-36.48347	190.36	m	9.596	3.198	F3 V	0.445
HIP 22532		72.73234	0.57659	190.37	m	10.16	3.764	F8	0.485
HD 36636	HIP 25743	82.44961	-56.22257	190.39	m	9.732	3.334	F3 V	0.428
HD 203935	HIP 105897	321.71316	-48.94743	190.4	m	9.67	3.272	F2 V	0.422
HD 197133	HIP 102263	310.81218	-44.0812	190.41	m	10.37	3.975	G1/3 (V)	0.669
HD 111004	HIP 62305	191.5055	29.60001	190.42	m	9.067	2.668	F 6 V	0.403
HIP 73840		226.35558	-10.59577	190.43	m	9.545	3.146	F5	0.582
HIP 16819		54.10861	51.44014	190.45	m	10.25	3.848	F	0.576
HD 17601	HIP 12902	41.46468	-67.36944	190.46	m	9.022	2.623	F7 V	0.532
HD 238391	HIP 72371	221.9696	57.34364	190.47	m	9.264	2.865	G0	0.53
HD 195740	HIP 101535	308.66969	-43.61798	190.48	m	10.22	3.826	G0/2 V	0.647
HD 91364	HIP 51687	158.38216	36.5995	190.48	m	9.581	3.182	G0	0.459
HD 214603	HIP 111936	340.11261	-55.55132	190.5	m	9.512	3.113	F5 V	0.491
HD 35040	HIP 25032	80.40878	-5.07448	190.53	m	9.313	2.913	F2 V	0.421
HD 12464	HIP 9416	30.24763	-45.19525	190.54	m	10.21	3.811	G8/K0 IV/V	0.969
HIP 83320		255.43327	16.15093	190.55	m	11.63	5.229	sdF:	0.356
HD 284169	HIP 19417	62.37116	23.29442	190.55	m	9.944	3.544	G0	0.526
HD 134942	HIP 74278	227.7015	46.85018	190.57	m	9.922	3.522	F8	0.52
HD 106558	HIP 59765	183.83558	32.65097	190.59	m	9.006	2.606	F 5 IV:	0.514
HD 286802	HIP 20841	66.99615	12.06775	190.63	m	9.664	3.263	F2	0.679
HD 188181	HIP 98042	298.83757	-34.67451	190.63	m	9.799	3.398	F3 V	0.481
HIP 8243		26.53687	31.48686	190.63	m	9.222	2.821	G0	0.627
HD 2579	HIP 2313	7.37888	13.4805	190.64	m	9.038	2.637	G0	0.504
HD 10280	HIP 7796	25.08146	-14.06495	190.65	m	9.908	3.507	F5 V	0.534
HIP 93600		285.92425	16.9633	190.65	m	9.772	3.371	G5	0.847
HIP 78673		240.915	24.20538	190.65	m	9.173	2.772	A7	0.352
HIP 55320		169.92589	26.88355	190.67	m	10.15	3.753	G0	0.806
HIP 110757		336.57516	33.39152	190.69	m	9.516	3.114	F5	0.596
HIP 67358		207.08547	-36.87579	190.7	m	9.714	3.312	A8	0.461
HD 12038	HIP 9178	29.532	-6.03619	190.72	m	9.345	2.943	F3/5 V	0.48
HD 87694	HIP 49672	152.10478	58.26079	190.72	m	9	2.598	K2	1.341
HIP 49134		150.41617	41.46827	190.75	m	9.414	3.012	F5	0.443
HD 7479	HIP 5758	18.47498	-55.24216	190.76	m	9.067	2.665	F5 V	0.497
HD 200641	HIP 104145	316.50219	-42.47869	190.78	m	10.79	4.387	F7/G0 V	0.519
HD 25237	HIP 18845	60.61342	46.01255	190.8	m	10.03	3.624	F5	0.538
HD 112021	HIP 62941	193.4764	-45.1092	190.8	m	9.215	2.812	A9 V	0.429
HIP 85412		261.80643	-48.54439	190.81	m	9.922	3.519	G0	0.515
HIP 105796		321.38756	-43.00785	190.81	m	11	4.601	G0	0.446
HD 24568	HIP 16781	53.9914	-84.16316	190.83	m	9.595	3.192	G3 IV/V	0.741
HD 145574	HIP 79454	243.217	-30.80006	190.84	m	9.707	3.304	F2 V	0.49
HD 191409	HIP 99463	302.80743	-39.42883	190.84	e	10.45	4.046	F6/7 V	0.545
HD 234340	HIP 81816	250.66372	53.58528	190.84	m	9.147	2.744	A7	0.335
HD 162532	HIP 87424	267.98905	-11.32921	190.88	m	10.17	3.77	G3/5 V	0.629
HD 7123	HIP 5546	17.78521	-25.38558	190.89	m	10.02	3.613	F6 (IV)	0.649
HD 234462	HIP 86183	264.16276	52.5751	190.9	m	9.365	2.961	F0	0.413
HD 186830	HIP 97436	297.0574	-35.6246	190.91	m	9.535	3.131	F0 V	0.465
HD 45440	HIP 30527	96.25111	-46.49747	190.91	m	9.034	2.63	G3 V	0.823
HD 194183	HIP 100742	306.37241	-34.31008	190.93	m	9.313	2.909	G8 IV	1.054
HD 130743	HIP 72535	222.45274	6.8163	190.94	m	9.709	3.305	G0	0.71
HD 6855	HIP 5371	17.17187	-34.31364	190.96	m	9.486	3.081	F0 V	0.414
HIP 78814		241.34152	41.71831	190.98	m	9.929	3.524	G0	0.574
HIP 74850		229.43778	-24.42882	190.99	m	9.857	3.452	G5	0.755
HD 82027	HIP 46794	143.03423	62.70384	191.01	m	9.232	2.827	F5	0.45
HD 134714	HIP 74287	227.74682	14.25147	191.02	m	9.049	2.644	A5	0.387
HIP 85872		263.2158	47.88776	191.04	m	11.24	4.835		
HIP 31256		98.33306	44.93689	191.04	m	9.674	3.268	G0	0.677
HIP 54979		168.86805	42.21269	191.1	m	9.858	3.452	F8	0.502
HIP 56722		174.44827	41.3075	191.1	m	9.266	2.86	F5	0.503
HD 176104	HIP 93334	285.1491	-42.79104	191.11	m	9.564	3.158	G5/6 V	0.748
HIP 4124		13.21005	-27.4297	191.11	m	10.02	3.611	F5	0.506
HD 36436	HIP 25369	81.41008	-69.5954	191.12	m	9.247	2.841	F7 V	0.575
HD 114539	HIP 64330	197.78174	6.61565	191.12	m	9.297	2.89	G5	0.592
HD 297579	HIP 48101	147.10992	-48.66094	191.16	m	10.13	3.721	F2	0.441
HD 183314	HIP 95972	292.7409	-44.75426	191.16	m	9.445	3.038	F6 V	0.45
HD 102279	HIP 57404	176.53218	-57.43952	191.16	m	9.158	2.751	F8 V	0.567
HD 58076	HIP 35849	110.87186	-13.29877	191.18	m	9.376	2.969	F0 V	0.399
HIP 103396		314.21566	5.75981	191.19	m	9.859	3.452		0.634
HD 79263	HIP 45360	138.65176	45.43341	191.2	m	9.524	3.117	F5	0.473
HIP 56164		172.69558	25.45158	191.21	m	9.717	3.309	F5	0.543
HD 113468	HIP 63733	195.91107	28.44995	191.21	m	9.187	2.779	F7V	0.615
HIP 17641		56.70247	0.98812	191.23	m	10.87	4.463	F8	0.731
HD 78489	HIP 44987	137.45349	36.38035	191.25	m	9.463	3.055	F5	0.436
HIP 65734		202.11709	25.71103	191.25	m	10.13	3.718	F8	0.815
HIP 114207		346.92814	6.59965	191.27	m	9.462	3.054	G5	0.452
HIP 49247		150.80122	12.84807	191.3	m	9.983	3.574	F8	0.57
HD 14226	HIP 10620	34.18265	-47.05477	191.3	m	9.751	3.342	F7 V	0.498
HD 921	HIP 1095	3.41882	6.58034	191.32	m	9.296	2.887	F2	0.484
HIP 86856		266.19124	44.4273	191.32	m	9.477	3.068	F0	0.38
HIP 12264		39.47489	4.16915	191.33	m	9.673	3.264	K5	1.178
HD 2640	HIP 2344	7.48256	-19.04253	191.33	m	9.337	2.928	F3 V	0.514
HD 233753	HIP 51962	159.22772	50.69796	191.34	m	10.51	4.103	F8	0.621
HIP 15906		51.21429	14.01489	191.37	m	9.655	3.246	F0	0.556
HIP 73539		225.4563	41.18604	191.37	m	10.59	4.183	G0	0.807
HD 143186	HIP 77969	238.84615	62.15514	191.4	m	9.551	3.141	G0	0.574
HD 36765	HIP 25827	82.71663	-54.89827	191.4	m	9.089	2.679	F3 IV/V	0.487
HIP 47413		144.92063	35.91517	191.4	m	9.282	2.872	G0	0.699
HD 160847	HIP 86920	266.40784	-57.99952	191.43	m	9.47	3.06	F5 IV	0.572
HD 284884	HIP 22855	73.76384	21.67166	191.45	m	9.666	3.256	G0	0.68
HD 14888	HIP 11217	36.09382	11.50176	191.49	m	9.543	3.132	F0	0.36
HIP 18131		58.15405	-66.82394	191.5	m	9.525	3.114		0.562
HIP 72543		222.4674	10.82908	191.5	m	10.55	4.135	F5	0.596
HD 38697	HIP 27333	86.84497	-5.48877	191.51	m	9.106	2.695	A9 V	0.356
HIP 51382		157.41241	38.63177	191.53	m	9.691	3.28	F2	0.405
HIP 8853		28.46564	-23.49775	191.54	m	10.66	4.25	G0	0.519
HD 138714	HIP 76187	233.42104	4.22454	191.57	m	9.943	3.531	F3/5 V	0.452
HD 238469	HIP 76096	233.12309	55.58133	191.58	m	9.155	2.743	F8	0.391
HIP 114611		348.27159	40.0038	191.58	m	9.587	3.175	F0	0.453
HD 107745	HIP 60378	185.70449	-0.24974	191.58	m	9.48	3.068	F8/G0 V	0.55
HIP 58533		180.05487	32.18386	191.58	m	10.31	3.898	F8	0.545
HD 86043	HIP 48743	149.13503	23.13716	191.59	m	9.24	2.828	G5	0.658
HIP 57466		176.69267	41.44507	191.59	m	10.31	3.901	F5	0.551
HD 92195	HIP 52141	159.78603	32.30173	191.6	m	9.652	3.24	F8	0.4
HIP 90962		278.33221	39.36858	191.6	m	10.36	3.952	F8	0.6
HD 7088	HIP 5562	17.82928	7.82795	191.61	m	9.401	2.989	F8	0.529
HD 110899	HIP 62237	191.33783	3.52445	191.62	m	9.042	2.63	F3 V	0.483
HIP 60669		186.50943	30.12395	191.62	m	9.711	3.299	F5	0.622
HIP 19166		61.64556	1.53801	191.65	m	10.76	4.346	F8	0.888
HD 166644	HIP 89194	273.03752	-14.00791	191.66	m	9.426	3.013	F0	0.575
HD 22735	HIP 17035	54.77811	-6.49969	191.67	m	9.492	3.079	F0 V	0.434
HD 128005	HIP 71290	218.68615	-10.87634	191.68	m	9.223	2.81	F5 V	0.551
HD 31459	HIP 22837	73.70597	-29.56153	191.7	m	9.306	2.893	K1 III/IV	1.24
HD 203478	HIP 105598	320.83246	-30.26053	191.71	m	10.38	3.971	G8 (V)	0.987
HD 95336	HIP 53760	164.98647	-41.40503	191.72	m	9.297	2.884	F2 V	0.447
HIP 104964		318.92337	78.60362	191.73	m	9.558	3.145		0.354
HD 107813	HIP 60428	185.85419	-7.05285	191.75	m	9.412	2.998	A5/8 (V)	0.401
HIP 54744		168.11545	-76.73952	191.76	m	11.21	4.801		1.023
HD 81991	HIP 46312	141.66198	-60.67645	191.8	m	9.353	2.939	F3 V	0.484
HD 203882	HIP 106099	322.38144	-73.0056	191.82	m	9.19	2.775	F3/5 V	0.448
HIP 75706		232.00395	-3.77093	191.83	m	9.719	3.304	F8	0.624
HD 116440	HIP 65600	201.74852	-77.16569	191.85	m	9.677	3.262	F0/2 V	0.388
HIP 36443		112.49824	40.12459	191.88	m	9.983	3.568	G0	0.711
HD 1084	HIP 1214	3.79112	17.69167	191.9	m	9.048	2.633	F8	0.489
HD 238278	HIP 67019	206.02337	57.90583	191.94	m	9.965	3.549	G0	0.543
HD 156039	HIP 84501	259.13584	-29.73102	191.96	m	9.158	2.742	F5 V	0.605
HIP 86262		264.39499	37.14045	191.96	m	9.912	3.496	F0	0.398
HD 212998	HIP 111005	337.34165	-49.42969	191.96	m	9.892	3.476	G0 V	0.503
HD 88019	HIP 49770	152.38413	31.58711	191.99	m	9.457	3.041	G0	0.421
HD 341301	HIP 103289	313.88911	26.78554	192	m	9.24	2.824	F2	0.447
HD 88312	HIP 49963	153.0091	43.53832	192.05	m	9.075	2.658	F2	0.383
HIP 63231		194.351	30.37095	192.06	m	9.382	2.965	F5V	0.423
HD 105896	HIP 59408	182.80101	58.38095	192.06	m	9.445	3.028	F8	0.503
HD 136526	HIP 75057	230.05529	30.69561	192.09	m	9.908	3.49	F8	0.476
HD 75769	HIP 43529	132.98435	3.02431	192.1	m	9.052	2.634	F2 V	0.444
HD 146313	HIP 79793	244.26203	-33.58714	192.13	m	9.459	3.041	F2 V	0.571
HD 124271	HIP 69384	213.04978	19.79816	192.15	m	9.279	2.861	F5	0.422
HD 2493	HIP 2214	7.00193	-69.54228	192.16	m	9.869	3.451	F6 V	0.568
HD 18259	HIP 13630	43.88243	-11.70578	192.17	m	9.396	2.978	F5 V	0.491
HIP 113205		343.87784	12.90533	192.19	m	9.688	3.269	F8	0.51
HD 7129	HIP 5560	17.82403	-17.88355	192.2	m	10.31	3.889	F5/6 V	0.575
HD 65543	HIP 39159	120.13593	35.61375	192.21	m	9.425	3.006	F8	0.587
HIP 25763		82.52505	29.55274	192.22	m	9.387	2.968	G5	0.711
HD 223861	HIP 117786	358.29629	-26.06042	192.24	m	9.448	3.029	G5 V	0.671
HD 204823	HIP 106364	323.14145	-45.70027	192.24	m	9.45	3.031	F6 V	0.547
HIP 7782		25.03994	-11.47349	192.26	m	9.949	3.53	K0	0.833
HD 145230	HIP 79178	242.40857	5.87705	192.27	m	9.37	2.95	K2	1.246
HIP 75010		229.90998	39.6681	192.28	m	9.34	2.92	F8	0.716
HD 26190	HIP 19192	61.69338	-43.35512	192.28	m	9.274	2.854	F3 V	0.405
HD 213808	HIP 111450	338.67429	-37.43613	192.28	m	9.549	3.129	F3 V	0.338
HD 246128	HIP 26730	85.19355	26.99817	192.31	e	9.103	2.683	G0	0.674
HD 223523	HIP 117531	357.5385	19.66654	192.31	e	9.355	2.935	G0	0.762
HIP 18763		60.28266	8.45993	192.34	m	9.29	2.87	G0	0.714
HIP 16905		54.3866	28.44179	192.35	m	9.225	2.805	F5	0.563
HD 137075	HIP 75391	231.07995	-9.234	192.35	m	10.05	3.628	F0 V	0.479
HD 137378	HIP 75644	231.82455	-43.1528	192.35	m	9.226	2.806	F5 V	0.544
HD 205626	HIP 106635	323.98526	26.36962	192.37	m	9.278	2.857	F8V	0.605
HD 141881	HIP 77710	237.99302	-14.63654	192.4	m	9.083	2.662	F0 V	0.524
HD 124232	HIP 69484	213.37297	-46.37743	192.41	m	9.383	2.962	F2/3 V	0.439
HIP 36877		113.71727	-40.72776	192.43	m	10.27	3.852	G5	0.78
HIP 61223		188.18772	23.00979	192.43	m	9.871	3.45	F8	0.64
HD 119128	HIP 66788	205.32537	7.6109	192.44	m	9.717	3.295	G5	0.604
HIP 3117		9.91053	-29.59154	192.45	m	9.891	3.469	F8	0.528
HIP 39723		121.79178	32.98218	192.47	m	9.931	3.509	G0	0.699
HD 2038	HIP 1940	6.13084	-28.41548	192.48	m	9.266	2.844	G0 V	0.672
HD 17975	HIP 13452	43.3035	-2.75545	192.49	m	9.681	3.259	F5 V	0.586
HD 215739	HIP 112546	341.93139	-31.31039	192.51	m	10.05	3.629	G2/3 V	0.744
HD 221582	HIP 116288	353.41818	-59.08661	192.51	m	10.32	3.898	F7/8 IV/V	0.544
HIP 4370		14.00613	3.67161	192.51	m	10.03	3.611	F8	0.609
HD 195418	HIP 101617	308.91704	-68.65696	192.52	m	9.54	3.118	F3 V	0.449
HD 27467	HIP 20183	64.89196	-15.16994	192.53	m	9.044	2.621	A9 V	0.337
HD 203621	HIP 105686	321.09027	-37.85383	192.55	m	12.41	5.988	F8 V	
HD 18415	HIP 13711	44.13185	-32.787	192.58	m	9.54	3.117	G8 V	0.972
HD 247966	HIP 27495	87.33552	21.03912	192.62	m	9.095	2.672	F5	0.454
HIP 102911		312.73781	-42.29458	192.63	m	10.13	3.703	G0	0.545
HD 286459	HIP 18736	60.20576	10.55274	192.64	m	9.27	2.846	F2	0.49
HD 157103	HIP 84645	259.56901	53.63501	192.64	m	9.032	2.608	F5	0.473
HD 112232	HIP 62926	193.42873	71.73063	192.67	m	9.09	2.666	F5	0.324
HIP 15811		50.9183	46.57662	192.67	m	10.79	4.363	F 1 V	0.531
HD 110046	HIP 61760	189.86193	1.03289	192.68	m	9.55	3.126	F2 V	0.442
HD 210194	HIP 109386	332.41306	-45.65419	192.68	m	9.491	3.067	F5 V	0.358
HD 131449	HIP 72760	223.11667	38.40629	192.69	m	9.235	2.811	F5	0.49
HD 234842	HIP 94565	288.68742	51.14509	192.7	m	9.332	2.908	G0	0.661
HIP 2245		7.13473	12.58786	192.72	m	10.06	3.639	F2	0.48
HIP 53299		163.51984	37.7112	192.72	m	10.17	3.747	F8	0.536
HD 111937	HIP 62574	192.31577	82.42992	192.72	m	9.257	2.832	A3	0.278
HD 224897	HIP 129	0.41562	5.37281	192.76	m	9.442	3.017	F6 V	0.543
HD 87080	HIP 49166	150.50358	-33.68514	192.77	m	9.431	3.006	G8 V(W)	0.89
HIP 80275		245.79178	25.41964	192.78	m	10.18	3.75	F5	0.555
HD 81128	HIP 46031	140.82246	-19.42756	192.79	m	9.343	2.918	F6 V	0.59
HD 15891	HIP 11756	37.91702	-48.35235	192.8	m	9.442	3.016	F6 V	0.634
HD 219024	HIP 114646	348.3734	-59.40557	192.81	m	9.408	2.982	F0 V	0.447
HIP 58273		179.26626	39.36059	192.83	m	9.912	3.486	G0	0.632
HD 88774	HIP 49879	152.77189	-72.45808	192.83	m	9.272	2.846	F3 V	0.656
HD 6914	HIP 5337	17.05592	-64.30984	192.87	m	9.521	3.095	F7 V	0.629
HIP 14636		47.2793	12.11962	192.89	m	10.64	4.211	F5	0.804
HD 198022	HIP 102312	310.95197	66.58122	192.89	m	9.292	2.865	F8	0.637
HIP 45906		140.40052	75.49007	192.91	m	11.2	4.775		0.704
HD 37089	HIP 26313	84.0604	6.64617	192.93	m	9.523	3.096	F2	0.416
HD 9833	HIP 7410	23.87823	-32.18503	192.93	m	9.978	3.551	F5 V	0.51
HIP 106291		322.92094	14.46548	192.95	m	9.271	2.844	F0	0.391
HD 38227	HIP 26860	85.53829	-42.49163	192.95	m	10.15	3.728	F8/G0 V	0.618
HD 111430	HIP 62582	192.35316	-22.39149	192.98	m	9.03	2.602	F6 V	0.563
HIP 39459		120.98202	30.57291	193	m	10.29	3.867	F8	0.35
HIP 29726		93.91409	67.15119	193	m	9.233	2.805	K0	1.141
HD 14847	HIP 11054	35.57086	-46.46789	193	m	9.221	2.793	F7 V	0.557
HD 187954	HIP 97947	298.57851	-40.81314	193	m	9.374	2.946	F5 V	0.519
HD 111288	HIP 62473	192.04538	1.7675	193.03	m	9.483	3.055	F5/6 V	0.526
HIP 47003		143.69882	47.58508	193.03	m	10.33	3.904	F5	0.506
HD 16862	HIP 12595	40.49043	-10.42986	193.03	m	10.21	3.787	F6/7 V	0.652
HD 1949	HIP 1932	6.0864	67.94291	193.11	m	9.217	2.788	F8	0.657
HD 116022	HIP 65215	200.48398	-54.3778	193.12	m	9.501	3.072	F5 V	0.557
HD 9086	HIP 6708	21.57011	-75.34577	193.13	m	9.986	3.557	F6/8 (V)	0.574
HD 23161	HIP 17349	55.69405	-2.36073	193.14	m	9.413	2.984	F2 V	0.512
HD 190178	HIP 98883	301.20612	-28.27365	193.18	m	9.606	3.176	F3 V	0.525
HIP 78606		240.72852	19.79044	193.19	m	9.16	2.73	G5	1.045
HD 101557	HIP 57048	175.43504	65.6876	193.22	m	9.064	2.634	G5	0.773
HIP 55030		168.9849	37.64314	193.23	m	9.89	3.46	F8	0.543
HD 206846	HIP 107298	325.996	34.89986	193.25	m	9.104	2.673	F5	0.453
HIP 77525		237.43965	11.76986	193.26	m	10.56	4.125	F8	0.78
HIP 10202		32.79447	33.78172	193.27	m	9.313	2.882	F2	0.462
HIP 4732		15.19981	-30.75693	193.27	m	10.42	3.992	F8	0.397
HIP 70806		217.20804	4.42136	193.28	m	10.4	3.973	F8	0.296
HD 147120	HIP 80098	245.25972	-30.35249	193.29	m	9.557	3.126	F0/2 V	0.453
HIP 51072		156.53232	3.90072	193.31	m	9.428	2.997	G5	0.392
HD 234096	HIP 68349	209.86522	50.5169	193.31	m	9.306	2.875	F5	0.405
HD 22460	HIP 16673	53.64288	-50.97268	193.31	m	9.115	2.684	G0 V	0.615
HD 10675	HIP 8088	25.96491	-18.56542	193.31	m	9.935	3.504	G2 V	0.628
HD 120568	HIP 67520	207.52422	14.80619	193.35	m	9.253	2.821	F2	0.492
HD 134391	HIP 74269	227.67401	-35.05213	193.35	m	9.029	2.597	F3 V	0.626
HD 238432	HIP 74472	228.26395	57.05165	193.36	m	10.27	3.838	F8	0.661
HD 20775	HIP 15511	49.97481	-30.22577	193.37	m	9.095	2.663	F2/3 V	0.433
HD 65000	HIP 38585	118.51682	-52.35231	193.38	m	9.842	3.41	G3/5 V	0.585
HIP 52321		160.36138	39.59962	193.39	m	10.01	3.579	G0	0.726
HD 197414	HIP 102403	311.275	-43.47572	193.4	m	9.554	3.122	F5 V	0.513
HD 241890	HIP 24399	78.51294	3.2021	193.41	m	9.453	3.021	F 3 III	0.568
HD 76194	HIP 43741	133.63084	-5.29495	193.41	m	9.128	2.696	A9 V	0.358
HIP 60237		185.28576	-11.47941	193.43	m	9.721	3.288	A0	0.407
HD 77310	HIP 44434	135.79855	40.57791	193.44	m	9.365	2.932	F8	0.422
HD 215832	HIP 112828	342.745	-76.78976	193.45	m	9.114	2.681	K0 III	1.098
HD 8649	HIP 6623	21.24925	-24.50542	193.45	m	10.32	3.884	F6/7 IV/V	0.534
HD 1783	HIP 1665	5.21572	-81.61206	193.47	m	9.599	3.166	F7 V	0.597
HIP 116103		352.87589	-40.97898	193.48	m	10.34	3.908	F8	0.603
HIP 69087		212.10966	-70.43606	193.48	m	9.209	2.776	F8	0.614
HD 5745	HIP 4595	14.70729	-17.48483	193.5	m	9.075	2.642	F5 V	0.586
HIP 75579		231.60903	35.37211	193.51	m	9.356	2.923	G0	0.617
HD 242954	HIP 25112	80.64502	28.1018	193.51	m	9.627	3.194	F0	0.457
HD 217931	HIP 113925	346.05556	-12.79077	193.53	m	9.024	2.59	F0 V	0.347
HD 239020	HIP 94439	288.31503	59.31394	193.54	m	9.939	3.505	G0	0.448
HD 16469	HIP 12283	39.55319	-13.99776	193.56	m	10.31	3.874	G2/3 (V)	0.472
HD 282765	HIP 23291	75.1537	29.47283	193.56	m	9.829	3.395	F8	0.618
HD 136481	HIP 75136	230.32216	-10.73455	193.58	m	9.8	3.366	F7/8 V	0.543
HIP 19979		64.27801	4.15232	193.58	m	10.1	3.664	F8	0.479
HD 205627	HIP 106637	323.9889	26.36992	193.59	m	9.298	2.864	F8V	0.612
HD 197159	HIP 101866	309.62879	63.02578	193.62	m	9.076	2.641	A3	0.33
HD 183484	HIP 96048	292.93537	-41.61857	193.63	m	10.01	3.578	G2 V	0.673
HD 109870	HIP 61641	189.53962	2.95526	193.65	m	9.376	2.941	F3/5 V	0.452
HD 16192	HIP 12098	38.9746	-1.94136	193.66	m	9.579	3.144	F0 V	0.39
HIP 9102		29.3062	-27.25104	193.67	m	11.37	4.93	F0	0.735
HIP 37473		115.37731	37.44995	193.7	m	10.27	3.836	F5	0.242
HD 1808	HIP 1747	5.522	-63.28515	193.7	m	9.543	3.107	G5 IV/V	0.806
HIP 46989		143.65783	41.39067	193.73	m	9.367	2.931	G0	0.768
HIP 60597		186.30742	29.95144	193.74	m	9.657	3.221	F8	0.52
HD 24179	HIP 18049	57.86251	12.07172	193.74	m	9.147	2.711	G0	0.557
HD 338362	HIP 95739	292.09968	26.6174	193.77	m	9.123	2.687	G0	0.615
HD 89599	HIP 50381	154.30476	-72.86821	193.8	e	9.35	2.913	A8 V	0.365
Gl 897B		353.19327	-16.75225	193.8	e	11.4	4.963		
Gl 897A	HIP 116191	353.19416	-16.75233	193.8	e	10.81	4.37		2.276
HIP 2528		8.02075	50.00357	193.8	m	9.075	2.638	F2	0.407
HIP 53375		163.73968	19.48663	193.81	m	10.1	3.667	F8	0.55
HD 164727	HIP 88086	269.86034	55.68762	193.81	m	9.331	2.894	K0	0.358
HIP 26850		85.50561	40.26011	193.83	m	9.505	3.068	F2	0.512
HD 148430	HIP 80935	247.90361	-60.69121	193.84	m	9.095	2.658	F5 V	0.515
HD 219544	HIP 114919	349.16354	-15.56184	193.85	m	9.029	2.592	G3 V	0.81
HIP 49486		151.54889	42.24154	193.86	m	9.716	3.279	F5	0.526
HIP 105916		321.76968	-50.26443	193.87	m	11.04	4.597	F5	0.755
HD 27610	HIP 20361	65.40847	5.38907	193.88	m	9.775	3.337	F0	0.363
HD 181087	HIP 95070	290.14399	-37.39664	193.88	m	9.226	2.788	G8 IV/V	1.181
HD 222896	HIP 117130	356.19675	-45.24714	193.89	m	9.409	2.971	F5IV/V	0.541
HIP 63617		195.58468	33.77132	193.9	m	10.34	3.897	F5	0.53
HD 124103	HIP 69315	212.81041	13.5591	193.91	m	9.278	2.84	F	0.403
HD 173146	HIP 92012	281.31662	-33.30072	193.92	m	9.309	2.871	F6 V	0.628
HD 68436	HIP 40352	123.58443	45.57542	193.92	m	9.405	2.967	G0	0.537
HIP 15117		48.73248	12.4324	193.93	m	9.537	3.099	F8	0.684
HD 101992	HIP 57212	175.977	-60.00711	193.94	m	9.116	2.678	F5 V	0.509
HD 168123	HIP 89834	274.98246	-37.68314	193.97	m	9.267	2.828	F5 V	0.533
HD 29993	HIP 21830	70.39639	-43.00956	193.98	m	9.439	3	F5 V	0.498
HD 22539	HIP 16918	54.43658	7.27178	193.98	m	9.224	2.785	F2	0.467
HD 149614	HIP 81224	248.84893	15.53882	194.01	m	9.179	2.74	G5	0.459
HD 179757	HIP 94418	288.25915	19.13905	194.01	m	9.034	2.595	F0V	0.288
HIP 13090		42.06468	-29.43572	194.01	m	9.746	3.307	F5	0.532
HD 233978	HIP 62259	191.37776	53.3899	194.04	m	9.696	3.257	K5	1.123
HIP 12756		40.98449	49.54913	194.08	m	10.05	3.611	F5	0.585
HD 219898	HIP 115168	349.91797	-33.22421	194.09	m	9.301	2.861	F7 V	0.554
HIP 42636		130.33078	33.43856	194.1	m	9.57	3.13	F5	0.516
HD 68746	HIP 40491	124.00901	49.90293	194.1	m	9.329	2.889	G5	0.436
HIP 13385		43.06065	28.62509	194.13	m	9.26	2.82	K2	1.054
HD 203368	HIP 105529	320.60048	-25.16418	194.15	m	9.32	2.879	A9/F0 V	0.339
HD 95858	HIP 54018	165.76802	-41.04581	194.16	m	9.593	3.152	F0 V	0.387
HD 221418	HIP 116171	353.079	-45.60636	194.16	m	9.702	3.261	F7/8 V	0.57
HIP 71035		217.92035	-52.18062	194.16	m	10.7	4.26	F8	0.626
HIP 60285		185.43466	43.21975	194.16	m	10.44	4		0.68
HD 114565	HIP 64421	198.06068	-56.02746	194.18	m	10.01	3.573	F2 V	0.436
HD 32159	HIP 23410	75.47214	19.96601	194.2	m	9.278	2.837	F2	0.375
HD 34456	HIP 24676	79.41251	4.68378	194.23	m	9.115	2.673	F5/6 V	0.588
HD 147953	HIP 80357	246.05568	17.37071	194.25	m	9.177	2.735	F8	0.463
HIP 110335		335.2113	8.27477	194.26	m	9.365	2.923	F2	0.453
HIP 84376		258.7449	12.62547	194.26	m	9.23	2.788	F0	0.442
HIP 70165		215.34067	14.8951	194.29	m	9.492	3.05	F8	0.519
HD 89195	HIP 50465	154.55587	38.86413	194.3	m	9.366	2.924	F5	0.423
HIP 55025		168.97654	44.13824	194.32	m	9.841	3.398	F5	0.499
HD 176477	HIP 93587	285.89349	-55.7653	194.34	m	9.026	2.583	G8 IV	0.984
HD 54426	HIP 34678	107.72707	44.01483	194.35	m	9.598	3.155	F5	0.364
HD 180469	HIP 94825	289.42076	-27.25379	194.36	m	9.057	2.614	F7 V	0.626
HIP 74312		227.83777	29.55392	194.4	m	9.35	2.907	K0	1.093
HD 13517	HIP 10121	32.5394	-56.17085	194.43	m	9.864	3.42	F3 V	0.448
HIP 97960		298.62167	-67.90513	194.43	m	11.56	5.118		0.444
HIP 34611		107.5321	34.41495	194.43	m	10.19	3.746	B5	0.138
HIP 88156		270.07862	36.4823	194.48	m	11.35	4.909	B	-0.258
HIP 49965		153.012	14.87709	194.48	m	9.096	2.652	F2	0.526
HD 139707	HIP 76729	235.03481	-10.51247	194.49	m	9.738	3.294	F3 V	0.557
HD 21205	HIP 15916	51.24155	-12.00768	194.52	m	9.362	2.917	G1 V	0.625
HD 135503	HIP 74638	228.75454	13.75951	194.54	m	9.125	2.68	G0	0.61
HIP 53539		164.29565	38.79113	194.54	m	9.566	3.121	F8	0.573
HD 259084	HIP 31213	98.21159	26.75572	194.56	m	9.329	2.884	F0	0.503
HD 110923	HIP 62290	191.47467	-45.69245	194.57	m	9.148	2.703	K0 III/IV	0.998
HD 34017	HIP 22763	73.45812	-83.86579	194.57	m	9.086	2.641	F3 V	0.465
HD 27767	HIP 20368	65.42697	-30.20862	194.58	m	9.943	3.498	G3/5 V	0.662
HD 187032	HIP 98905	301.2666	-83.44008	194.59	m	9.324	2.878	F2 IV	0.438
HIP 16742		53.83888	26.85271	194.6	m	10.88	4.431	F2	0.36
HD 125605	HIP 70367	215.95566	-69.3122	194.62	m	9.148	2.702	F5 V	0.612
HD 125100	HIP 69943	214.70187	-50.56556	194.64	m	9.411	2.965	F7 V	0.633
HIP 64242		197.4989	78.02765	194.68	m	9.056	2.609	A2	0.391
HD 32166	HIP 23218	74.94645	-32.07824	194.72	m	9.925	3.478	G3 V	0.558
HIP 11750		37.90178	-22.0741	194.72	m	9.668	3.221	F8	0.527
HD 113492	HIP 63747	195.97156	32.92048	194.73	m	9.352	2.905	G5	1.084
HIP 105737		321.24706	-37.26427	194.73	m	10.43	3.978	G2	0.872
HIP 70920		217.54133	86.15355	194.75	m	9.558	3.111	F8	0.495
HIP 58485		179.90913	-23.52912	194.77	m	10.2	3.747	F2	0.474
HD 235066	HIP 98435	300.00709	50.65852	194.77	m	9.199	2.751	F8	0.441
HIP 107838		327.71068	15.13123	194.78	m	9.489	3.041	F5	0.457
HIP 50538		154.83232	45.39851	194.78	m	9.771	3.323	F8	0.573
HIP 63323		194.64779	24.17396	194.85	m	10.43	3.976	G2	0.509
HIP 69408		213.16208	49.13195	194.86	m	9.934	3.485	F8	0.606
HD 3954	HIP 3295	10.5092	-24.95062	194.87	m	9.969	3.52	G0 V	0.651
HIP 70430		216.11768	16.85313	194.9	m	10.41	3.96	G0	0.729
HD 238663	HIP 84081	257.84301	57.88806	194.92	m	9.703	3.254	G5	0.602
HD 77328	HIP 44373	135.56372	10.10587	194.95	m	9.027	2.577	G5	1.03
HIP 41490		126.92092	32.02597	194.98	m	9.579	3.129	F5	0.423
HIP 63060		193.81153	-21.36318	194.98	m	10.64	4.192		0.812
HD 93701	HIP 52918	162.34251	15.87718	195.01	m	9.229	2.779	F5	0.405
HIP 71592		219.63009	20.18349	195.02	m	10.51	4.06	F8	0.724
HD 97110	HIP 54601	167.62549	-22.79116	195.02	m	10.11	3.656	F7/8 IV/V	0.678
HD 218072	HIP 114011	346.34488	-20.64126	195.02	m	9.281	2.831	G6 IV	1.026
HD 158964	HIP 85931	263.41943	-35.76523	195.02	m	9.274	2.824	G0 V	0.738
HD 11246	HIP 8592	27.72143	20.59206	195.06	m	9.091	2.64	G0	0.522
HD 112439	HIP 63224	194.32039	-52.04909	195.08	m	9.303	2.852	F6 V	0.626
HIP 73124		224.17434	-0.02331	195.08	m	9.664	3.213	F8	0.482
HD 175759	HIP 93120	284.54856	-31.5791	195.09	m	9.47	3.019	F3 V	0.487
HIP 81373		249.28174	-15.61101	195.11	m	10.36	3.904	G0	0.713
HD 171168	HIP 90918	278.1991	11.78949	195.11	m	9.518	3.067	G5	0.674
HD 229741	HIP 92500	282.7724	19.39619	195.11	m	9.172	2.721	A7	0.336
HD 211994	HIP 110415	335.4883	-40.54539	195.12	m	10.14	3.689	G1 V	0.535
HIP 47529		145.353	44.72154	195.16	m	10.05	3.596	G0	0.683
HIP 7620		24.53819	10.72209	195.16	m	10.17	3.72	M2	0.613
HD 102856	HIP 57754	177.6692	61.22984	195.16	m	9.202	2.75	G5	0.504
HD 113869	HIP 64002	196.72504	-26.76962	195.22	m	9.559	3.106	F7 V	0.632
HIP 48465		148.22719	39.66233	195.25	m	9.817	3.364	F5	0.513
HIP 113588		345.09436	-38.87714	195.27	m	10.24	3.79	F8	0.372
HD 184991	HIP 96641	294.72443	-42.1183	195.28	m	10.3	3.847	F5 V	0.459
HD 338910	HIP 97211	296.36005	25.91559	195.29	m	9.499	3.046	F0	0.34
HIP 55211		169.59128	4.51142	195.3	m	10.16	3.703	M0	0.609
HIP 49063		150.17727	49.07382	195.3	m	9.791	3.338	F8	0.621
HD 21959	HIP 16345	52.66002	-42.5221	195.3	m	9.618	3.164	F3/5 V	0.502
HIP 68534		210.44613	-61.31279	195.32	m	9.389	2.935	F0	0.436
HIP 14769		47.66826	49.105	195.33	m	9.782	3.328	F2	0.617
HD 283433	HIP 19459	62.50865	24.09264	195.34	m	9.204	2.75	F5	0.766
HD 190020	HIP 98118	299.11988	73.61598	195.34	m	9.194	2.74	F5	0.468
HD 150385	HIP 81772	250.53555	-34.46188	195.35	m	9.069	2.615	F6 V	0.545
HD 17078	HIP 12800	41.13043	0.37513	195.36	m	9.333	2.879	A9 V	0.315
HD 43214	HIP 29674	93.77537	1.78182	195.36	m	9.324	2.87	A8 III	0.32
HD 143175	HIP 78188	239.47332	27.59438	195.37	m	10.31	3.856	F8	0.621
HIP 75997		232.81122	48.84434	195.37	m	9.581	3.127	K0	1.079
HD 31377	HIP 22781	73.5119	-32.00208	195.37	m	9.907	3.453	F5 V	0.51
HD 89536	HIP 50678	155.23097	45.96274	195.37	m	9.167	2.713	F0	0.352
HD 17776	HIP 13432	43.24094	50.35458	195.38	m	9.578	3.124	F2	0.494
HIP 62601		192.41476	17.36128	195.38	m	9.4	2.946	K0	1.117
HD 137268	HIP 75297	230.76973	49.65529	195.38	m	9.275	2.821	K0	0.717
HD 13299	HIP 10046	32.33803	-26.28246	195.4	m	9.014	2.559	F0/2 IV/V	0.356
HIP 29222		92.42743	40.51656	195.44	m	9.314	2.859	F8	0.598
HD 38001	HIP 26898	85.65363	3.68186	195.48	m	9.112	2.656	F3 V	0.463
HIP 19170		61.65111	3.78095	195.49	m	10.04	3.589	F5	0.722
HD 127843	HIP 71171	218.34003	11.45774	195.51	m	9.437	2.981	F8	0.379
HD 4419	HIP 3595	11.51013	-45.51351	195.53	m	10.02	3.564	G8/K0 V	1.114
HD 110290	HIP 61933	190.38212	-54.51765	195.54	m	9.018	2.562	G8 III	1.022
HD 29422	HIP 21498	69.25871	-25.17274	195.54	m	9.132	2.676	F0 V	0.367
HIP 51798		158.74859	-36.52825	195.54	m	10.75	4.291	K7V	0.585
HD 99839	HIP 56023	172.23092	-31.66606	195.56	m	9.583	3.127	G5 V	0.801
HIP 39210		120.30519	70.11589	195.56	m	9.343	2.887	F5	0.532
HD 132077	HIP 73246	224.54666	-31.4838	195.59	m	9.323	2.866	F0 V	0.362
HIP 71917		220.64655	22.7299	195.61	m	10.8	4.348	G0	0.563
HD 2212	HIP 2052	6.50764	3.88825	195.61	m	9.045	2.588	F7 V	0.629
HD 194984	HIP 101168	307.59332	-46.45539	195.63	m	9.229	2.772	F5 V	0.432
HD 266381	HIP 33364	104.08566	28.42262	195.64	m	9.738	3.281	F2	0.389
HD 120280	HIP 67342	207.03833	22.80166	195.65	m	9.508	3.051	G0	0.621
HIP 106785		324.43682	-45.82467	195.67	m	10.4	3.942	F8	0.568
HIP 116773		354.99704	-38.2487	195.67	m	10.17	3.715	F5	0.487
HD 171885	HIP 92065	281.47125	-75.88746	195.69	m	9.063	2.605	A9 IV/V	0.306
HD 34823	HIP 23180	74.8158	-84.02254	195.69	e	9.932	3.474	F0 IV/V	0.442
HD 202896	HIP 105362	320.11343	-47.53542	195.69	e	9.698	3.24	G2 V	0.685
HD 241070	HIP 23962	77.26006	12.94847	195.7	m	9.325	2.867	F5	0.438
HD 11368	HIP 8638	27.85118	-15.91638	195.71	m	9.274	2.816	F2/3 V	0.424
HD 116291	HIP 65284	200.69083	-9.31625	195.72	m	10.32	3.859	G1 V	0.569
HD 131176	HIP 72628	222.74522	32.96469	195.72	m	9.271	2.813	F8	0.591
HD 94992	HIP 53616	164.54259	15.47732	195.72	m	9.177	2.719	F8	0.548
HIP 5955		19.15862	-39.70871	195.74	m	10.54	4.077		0.657
HIP 14960		48.21054	-38.12406	195.76	m	10.22	3.761	F8	0.389
HD 125585	HIP 70191	215.41081	-46.76433	195.76	m	9.952	3.493	K0 III/V	1.343
HIP 37633		115.83709	32.66535	195.76	m	9.373	2.914	F0	0.405
HIP 75008		229.90701	59.8563	195.77	m	11.14	4.681		0.449
HD 12373	HIP 9325	29.94105	-53.73214	195.79	m	9.998	3.539	F3 IV/V	0.493
HD 3116	HIP 2703	8.59387	2.45385	195.79	m	9.562	3.103	G6/8 (IV)	0.914
HD 19352	HIP 14372	46.35007	-39.82213	195.79	m	9.129	2.67	G0/3 V	0.633
HD 208965	HIP 108619	330.05416	-12.22491	195.82	m	9.313	2.854	G5 V	0.82
HD 189329	HIP 98622	300.46538	-51.56496	195.82	m	9.7	3.241	G0/2 V(W)	0.651
HIP 49214		150.68116	14.81229	195.85	m	9.198	2.738	F5	0.489
HIP 39977		122.4607	39.08559	195.85	m	9.386	2.926	F8	0.586
HIP 13077		42.01765	-14.22746	195.85	m	10.04	3.582	F8	0.523
HIP 19313		62.09691	8.33035	195.87	m	10.03	3.57	F5	0.653
HD 238136	HIP 61407	188.74464	58.23786	195.92	m	9.868	3.408	F2	0.389
HD 194507	HIP 101144	307.53511	-67.01741	195.92	m	9.053	2.593	A7 V	0.307
HD 12122	HIP 9411	30.22484	60.42164	195.97	m	9.01	2.549	B3III	0.235
HD 104687	HIP 58776	180.8206	33.61708	195.97	m	9.381	2.92	F5	0.424
HIP 75311		230.79836	-2.76684	195.98	m	11.15	4.692	G0	0.762
HD 10140	HIP 7654	24.63982	-27.35738	196	m	9.789	3.328	F2 V	0.531
HIP 85958		263.51905	38.95163	196	m	9.556	3.095	F5	0.581
HD 20474	HIP 14272	45.99947	-83.06901	196.03	m	9.159	2.697	G6 IV	0.97
HIP 110560		335.95453	24.39253	196.03	m	10.64	4.183	F9	0.698
HD 150865	HIP 82026	251.33292	-37.32103	196.05	m	9.935	3.473	F3/5 V	0.617
HIP 54878		168.55548	11.85817	196.08	m	9.444	2.982	F0	0.41
HD 79353	HIP 45480	139.0136	58.71438	196.08	m	9.092	2.63	F8	0.485
HIP 55786		171.45171	27.15722	196.08	m	9.921	3.459	F2	0.532
HD 178982	HIP 94332	288.01643	-31.20595	196.08	m	9.194	2.732	F7 V	0.615
HD 205534	HIP 106899	324.76146	-66.75425	196.08	m	9.706	3.244	F6 V	0.544
HIP 115507		350.96883	-45.35829	196.08	m	11.08	4.616	G0	0.703
HD 203946	HIP 105805	321.41488	-10.52033	196.12	m	9.208	2.745	A9 V	0.305
HIP 58855		181.06412	-21.04425	196.13	m	9.965	3.502		0.372
HIP 69364		212.98528	17.1299	196.15	m	9.704	3.241	F8	0.565
HD 12416	HIP 9442	30.32327	-20.89933	196.15	m	9.162	2.699	F3 V	0.44
HIP 3278		10.44237	0.16575	196.15	m	10.76	4.294		0.485
HD 201198	HIP 104319	316.98832	2.22509	196.16	m	9.266	2.803	F0 V	0.465
HIP 61411		188.75387	58.23531	196.16	m	11.12	4.657		0.644
HD 147121	HIP 80108	245.28224	-31.76267	196.16	m	9.196	2.733	F2 V	0.483
HD 221962	HIP 116515	354.18186	-31.25019	196.17	m	10.02	3.554	F6 V	0.42
HD 219535	HIP 114961	349.26935	-55.55787	196.18	m	10.08	3.618	G8/K0 V	0.952
HD 109248	HIP 61261	188.31887	5.78148	196.18	m	9.431	2.968	F8	0.543
HD 112191	HIP 63047	193.78184	-40.32867	196.18	m	9.339	2.876	G3/5 V	0.768
HD 100646	HIP 56490	173.71416	-7.92703	196.2	m	9.501	3.037	F7/8 V	0.578
HIP 41888		128.12077	36.87866	196.21	m	9.841	3.377	G0	0.733
HIP 73819		226.31843	21.82573	196.21	m	9.707	3.243	F5	0.458
HD 104293	HIP 58569	180.15928	-5.12063	196.21	m	9.158	2.694	F0 V	0.393
HIP 112853		342.80838	-49.156	196.22	m	10.1	3.64	G5	0.664
HIP 75735		232.08448	-25.33823	196.29	m	9.689	3.225	F5	0.609
HIP 76871		235.45384	23.55814	196.29	m	9.878	3.413	F8	0.665
HD 110640	HIP 62154	191.08017	-61.5252	196.3	m	9.032	2.567	A1 V	0.278
HD 163443	HIP 87796	269.02738	1.43033	196.3	m	9.591	3.126	F7/8 V	0.597
HD 74549	HIP 42898	131.12828	-2.38066	196.31	m	9.274	2.809	F0 V	0.339
HD 620	HIP 845	2.59504	-43.52293	196.33	m	9.407	2.942	F5 V	0.485
HD 215543	HIP 112421	341.5689	-25.76022	196.35	m	9.695	3.23	G8/K0 IV/V	0.989
HD 89675	HIP 50645	155.15278	-16.35069	196.35	m	9.21	2.745	G3 V	0.729
HD 27724	HIP 20351	65.38431	-24.29185	196.36	m	9.179	2.714	G8 V	0.925
HD 32151	HIP 23258	75.07272	-20.8815	196.36	m	9.298	2.833	G8 IV/V	1.144
HIP 4375		14.01133	-9.6321	196.37	m	9.634	3.169	G0	0.532
HD 120683	HIP 67518	207.52171	41.03944	196.39	m	9.011	2.545	G0	0.484
HIP 95628		291.75194	73.89699	196.4	m	10.76	4.296		0.811
HD 18270	HIP 13687	44.07288	5.99869	196.41	m	9.063	2.597	G5	0.694
HIP 113070		343.49988	-13.52318	196.43	m	11.06	4.598		0.661
HIP 14741		47.58502	29.23004	196.44	m	9.592	3.126	A7	0.451
HIP 59331		182.56659	38.24648	196.45	m	10.07	3.6	F8	0.532
HD 71574	HIP 41355	126.55414	-46.23542	196.45	m	9.588	3.122	G3/5 V	0.858
HD 139023	HIP 76491	234.34661	-43.3389	196.46	m	9.431	2.965	G8 V	0.807
HD 202400	HIP 105294	319.9096	-70.07836	196.46	m	9.224	2.758	AP SR	0.416
HD 9461	HIP 7209	23.21769	-8.14939	196.47	m	9.196	2.73	A9 V	0.31
HIP 17192		55.22789	2.05998	196.47	m	9.98	3.514	F8	0.652
HD 79142	HIP 45337	138.59203	54.06884	196.48	m	9.105	2.638	A2	0.298
HIP 62870		193.28156	-64.40933	196.51	m	9.481	3.014	F8	0.698
HD 25421	HIP 18711	60.11667	-44.4931	196.51	m	9.077	2.61	F5 V	0.519
HIP 57958		178.31411	27.30764	196.54	m	9.776	3.309	F5	0.384
HIP 80786		247.4367	-8.46429	196.55	m	10.34	3.876	F2	0.637
HIP 66630		204.85917	32.11606	196.56	m	9.979	3.512	F8	0.672
HD 102998	HIP 57831	177.89474	36.58744	196.57	m	9.022	2.554	G5	0.502
HIP 86857		266.19347	-46.75931	196.58	m	10.37	3.9	G5	0.908
HD 182928	HIP 95753	292.13339	-35.13301	196.58	m	9.825	3.357	G5 V	0.823
HD 10330	HIP 7735	24.90584	-53.59188	196.6	m	9.236	2.768	A9 V	0.308
HIP 73274		224.63727	2.20946	196.61	m	10.12	3.652	F8	0.686
HIP 4069		13.04902	-37.29381	196.63	m	10.69	4.219	F5	0.558
HIP 7452		24.00544	49.71187	196.63	m	10.23	3.76	F7	0.5
HD 126814	HIP 70717	216.9426	0.10944	196.66	m	9.395	2.926	F3 V	0.489
HD 138060	HIP 75882	232.49311	-10.05544	196.66	m	9.217	2.748	F6 V	0.61
HD 9628	HIP 7273	23.41753	-39.91183	196.69	m	9.291	2.822	K1 III	1.224
HIP 116000		352.55195	20.43311	196.71	m	9.67	3.201	F2	0.503
HD 283139	HIP 18273	58.639	25.53237	196.71	m	10.65	4.183	G5	1.112
HIP 36174		111.75977	19.09871	196.72	m	10.79	4.325	sdF8:	0.468
HIP 48401		148.01817	47.19518	196.73	m	10.92	4.447	G0	0.818
HD 221762	HIP 116414	353.85313	-65.82915	196.75	m	9.33	2.86	F7 V	0.592
HD 65621	HIP 38889	119.37708	-46.00721	196.76	m	9.318	2.848	K0 IV/V	1.044
HD 143375	HIP 78426	240.15636	-17.65743	196.76	m	11.03	4.556	F3/5 V	0.508
HIP 72089		221.21132	-6.12732	196.78	m	9.78	3.31	F8	0.616
HD 13988	HIP 10523	33.90292	-19.99811	196.8	m	9.985	3.515	G0 V	0.74
HD 242071	HIP 24524	78.92745	16.06652	196.81	m	10.45	3.982	F 8 V	0.562
HD 142793	HIP 78900	241.59611	-79.25824	196.81	m	9.553	3.083	F5 IV	0.441
HD 27317	HIP 19951	64.18613	-44.29363	196.82	m	9.637	3.167	F6 V	0.57
HD 151597	HIP 82330	252.34176	-27.57357	196.82	m	9.757	3.287	F6 IV	0.609
HD 222258	HIP 116734	354.85074	-56.98767	196.87	m	9.723	3.252	F8 V	0.629
HD 11086	HIP 8465	27.29315	12.39029	196.91	m	9.313	2.842	A2	0.389
HD 235725	HIP 109153	331.64819	54.51836	196.93	m	9.177	2.705	F 4 V WLS	0.459
HIP 53390		163.80752	67.92324	196.94	m	9.678	3.206	F8	0.668
HD 211865	HIP 110332	335.20398	-37.30283	196.94	m	9.71	3.238	G0 V	0.651
HD 137298	HIP 75500	231.3341	-1.48824	196.97	m	9.342	2.87	F2 V	0.578
HIP 109670		333.2488	-47.38638	196.99	m	11.45	4.981	G5	0.509
HD 113879	HIP 63976	196.64958	15.37397	197.01	m	9.494	3.022	F5V	0.557
HD 9903	HIP 7525	24.22107	8.861	197.03	m	9.457	2.984	G0	0.518
HD 61058	HIP 37301	114.86984	44.82576	197.04	m	9.234	2.761	G0	0.504
HIP 33516		104.50078	40.03723	197.05	m	9.381	2.908	F5	0.453
HD 285978	HIP 21899	70.62827	17.87785	197.06	m	10.68	4.209	F8	0.6
HIP 89371		273.57348	-45.94961	197.08	m	10.21	3.739	G0	0.599
HD 170466	HIP 91146	278.90544	-69.93894	197.09	m	9.241	2.768	F2 V	0.438
HD 90646	HIP 51334	157.28186	52.61861	197.1	m	9.072	2.599	K0	1.336
HIP 16161		52.06171	31.91408	197.11	m	9.099	2.625	A2	0.426
HD 158335	HIP 85581	262.33144	-16.79142	197.11	m	9.797	3.323	F5/7	0.614
HD 132759	HIP 73465	225.22137	-4.45555	197.12	m	9.166	2.692	F3 V	0.576
HIP 65631		201.84204	12.05697	197.12	m	10.01	3.536	F2	0.404
HIP 46315		141.66606	-43.12803	197.16	m	9.221	2.747	K0	0.979
HD 110288	HIP 61923	190.36054	-51.11204	197.16	m	9.664	3.19	F3 V	0.436
HIP 104736		318.25089	77.99454	197.19	m	9.566	3.092	F8	0.643
HIP 61242		188.24916	36.56206	197.19	m	10.25	3.774	F8	0.602
HIP 71482		219.27057	47.50255	197.19	m	9.289	2.815	G0	0.666
HIP 20956		67.3984	3.83855	197.24	m	10.39	3.919	G5	0.903
HD 185777	HIP 97123	296.07952	-60.451	197.25	m	9.873	3.398	F3 V	0.484
HIP 111614		339.17284	28.59491	197.3	m	9.372	2.896	F0	0.464
HD 15591	HIP 11530	37.17081	-51.30385	197.3	m	9.041	2.565	F5 V	0.464
HIP 60324		185.53635	-51.823	197.3	m	10.87	4.393	G	0.821
HIP 78243		239.63698	47.49444	197.32	m	10.11	3.63	F8	0.507
HD 214547	HIP 111821	339.73914	2.52236	197.32	m	10.13	3.659	F2 V	0.465
HD 20446	HIP 15275	49.2653	-13.37006	197.34	m	9.201	2.725	A9 V	0.34
HD 1247	HIP 1316	4.13971	-38.83066	197.36	m	9.729	3.253	F3 V	0.533
HD 85176	HIP 48345	147.82806	40.19826	197.39	m	9.342	2.865	F5	0.332
HD 142679	HIP 77886	238.59608	38.73045	197.39	m	9.051	2.574	G5	1.027
HD 16233	HIP 12168	39.20073	17.93124	197.41	m	9.027	2.55	A3	0.289
HIP 56541		173.90519	16.02116	197.43	m	11.08	4.607	G5	1.116
HD 38783	HIP 27412	87.07797	1.24754	197.43	m	9.375	2.898	F3 V	0.461
HD 22923	HIP 17115	54.98595	-26.22235	197.44	m	9.479	3.002	G8 V	0.877
HIP 47575		145.50839	35.4687	197.45	m	9.484	3.007	F8	0.486
HD 311443	HIP 42855	131.00019	-71.75286	197.45	m	9.443	2.966	G	0.604
HD 208891	HIP 108970	331.14494	-78.17897	197.46	m	9.572	3.095	F7 V	0.626
HD 92602	HIP 52354	160.49148	34.28253	197.47	m	9.287	2.81	G0	0.609
HD 1617	HIP 1632	5.11822	0.51967	197.49	m	9.695	3.217	F3 (IV)	0.585
HD 8167	HIP 6223	19.93983	-58.2946	197.51	m	10.09	3.607	F8 IV/V	0.775
HIP 11211		36.08056	9.28262	197.52	m	10.11	3.629	G0	0.671
HD 283660	HIP 20604	66.19629	25.40943	197.53	m	11.49	5.008	G0	0.62
HIP 70678		216.84467	22.71663	197.55	m	9.076	2.598	K5	1.192
HIP 9904		31.8722	10.29118	197.56	m	11.17	4.688		0.732
HD 1463	HIP 1494	4.66059	-31.70131	197.56	m	9.736	3.257	F2 IV/V	0.377
HIP 69975		214.77779	16.66778	197.58	m	9.824	3.345	F5	0.484
HD 14879	HIP 11162	35.90905	-14.10871	197.59	m	9.885	3.406	F7 V	0.528
HIP 36153		111.72468	13.57246	197.63	e	11.77	5.288		0.465
HD 35276	HIP 24237	78.05868	-78.98634	197.63	m	9.246	2.767	F7/G0 V	0.635
HIP 40922		125.27663	37.27063	197.66	m	10.58	4.103	G0	0.455
HD 218408	HIP 114209	346.93075	6.60475	197.68	m	9.131	2.651	G5	1.324
HD 17888	HIP 13273	42.71185	-45.24	197.69	m	9.685	3.205	F5/6 V	0.55
HIP 79591		243.57051	40.95556	197.7	m	9.67	3.19	F8	0.642
HD 184269	HIP 96293	293.68595	-28.8228	197.72	m	9.288	2.808	F3 V	0.476
HD 38303	HIP 26772	85.30464	-57.44116	197.75	m	9.255	2.774	A2MA7-A9	0.297
HIP 3314		10.54848	10.81882	197.76	m	9.476	2.995	F5	0.601
HD 26146	HIP 19547	62.79327	55.84297	197.78	m	9.049	2.568	A2	0.329
HD 164075	HIP 88594	271.34181	-69.47472	197.79	m	9.017	2.536	F0 IV/V	0.377
HD 1988	HIP 1898	5.99561	-27.41285	197.81	m	9.343	2.862	F2 V	0.451
HD 2870	HIP 2513	7.96967	-25.7112	197.83	m	9.609	3.128	G3 V	0.671
HIP 82627		253.37051	-23.16403	197.86	m	11.23	4.745	G0	0.585
HIP 99808		303.76452	-50.79642	197.88	m	9.963	3.481	F2	0.594
HD 90291	HIP 51096	156.59015	46.17	197.9	m	9.436	2.954	F5	0.498
HD 340279	HIP 100682	306.18924	25.05197	197.91	m	10.89	4.41		0.329
HD 92277	HIP 49368	151.16808	-88.67375	197.93	m	9.149	2.666	F0 IV/V	0.42
HD 146350	HIP 80090	245.21282	-68.32496	197.98	m	9.092	2.609	K0 III	1.142
HD 222775	HIP 117044	355.90216	-9.67398	198	m	9.344	2.861	F6 V	0.527
HD 217594	HIP 113757	345.56349	-32.25312	198.02	m	9.932	3.448	F5 V	0.559
HD 43597	HIP 29595	93.5553	-51.58462	198.02	m	9.421	2.937	G0/2 V	0.641
HD 22026	HIP 16442	52.93844	-35.70299	198.02	e	9.223	2.739	F7 V	0.599
HD 203017	HIP 105356	320.10437	-29.93536	198.02	m	9.029	2.545	G0 V	0.533
HIP 45715		139.79571	48.58536	198.07	m	9.648	3.164	F2	0.439
HIP 48408		148.03842	42.55232	198.07	m	10.95	4.466	G0	0.717
HIP 54367		166.84786	42.03631	198.08	m	10.32	3.841	G5	0.569
HD 83594	HIP 47346	144.70855	-32.32867	198.1	m	9.268	2.784	F7 V	0.705
HD 162737	HIP 87489	268.13853	-0.12108	198.11	m	9.002	2.518	A8/9 V	0.353
HD 216196	HIP 112874	342.86696	-43.0853	198.11	m	9.975	3.49	F5/7 (V)	0.359
HD 218668	HIP 114413	347.56676	-41.57837	198.12	m	10.36	3.875	G0 V	0.467
HD 113385	HIP 63720	195.86852	-19.67644	198.15	m	9.14	2.655	FM DELTA DEL	0.401
HD 221487	HIP 116216	353.20955	-45.54577	198.15	m	9.376	2.891	F2 V	0.324
HD 31903	HIP 23138	74.68652	-20.54759	198.15	m	9.397	2.912	G0 V	0.656
HIP 56803		174.67424	34.73406	198.16	m	9.932	3.447	G5	0.603
HD 64349	HIP 38731	118.94077	49.27105	198.18	m	9.024	2.539	G0	0.352
HD 129792	HIP 72204	221.51404	-46.78475	198.19	m	9.646	3.161	F2 V	0.478
HIP 113805		345.69017	-7.8238	198.23	m	10.01	3.523	F8	0.605
HD 211909	HIP 110333	335.20467	-13.97844	198.24	m	9.088	2.602	F6 V	0.583
HD 218666	HIP 114401	347.53302	-34.40793	198.24	m	9.607	3.121	F7 V	0.527
HD 15855	HIP 11825	38.15085	-18.04366	198.24	m	9.907	3.421	F7/8 V	0.594
HD 338002	HIP 94655	288.91164	25.72944	198.28	m	9.088	2.602	F2	0.36
HD 219933	HIP 115221	350.06717	-51.62506	198.28	m	9.483	2.997	F6 V	0.524
HD 40987	HIP 28581	90.49769	-7.90404	198.28	m	9.262	2.776	F2/3 V	0.341
HD 57564	HIP 35663	110.3832	-7.20396	198.33	m	9.539	3.052	F3/5 (+ A/F)	0.46
HD 59145	HIP 32760	102.46098	-86.93258	198.33	m	9.015	2.528	F2 IV/V	0.448
HD 197002	HIP 102354	311.08773	-64.18938	198.34	m	10.46	3.974	G3/5 IV/V	0.621
HD 120575	HIP 67643	207.89203	-51.55307	198.35	m	9.474	2.987	F0 V	0.417
HIP 43999		134.39158	62.68302	198.36	m	10.63	4.143	G	0.71
HIP 85519		262.15385	19.87211	198.4	m	9.553	3.065	F5	0.558
HIP 89791		274.86397	28.23779	198.41	m	9.912	3.424	F5	0.443
HIP 79614		243.68964	16.00666	198.41	m	9.985	3.497	F8	0.817
HD 138903	HIP 76322	233.84498	-11.68227	198.42	m	9.842	3.354	F5 V	0.578
HD 198652	HIP 103374	314.15702	-71.5314	198.42	m	9.969	3.481	F5 V	0.515
HIP 87253		267.42895	-43.57961	198.43	m	10.32	3.829	F5	0.34
HD 151246	HIP 82269	252.14998	-49.05678	198.43	m	9.759	3.271	F0 V	0.547
HD 112870	HIP 63408	194.89021	34.56931	198.44	m	9.657	3.169	F 2 V	0.353
HIP 3291		10.50103	-24.94902	198.44	m	11.38	4.892		0.333
HIP 64255		197.55405	15.15376	198.45	m	10.53	4.039	F8	0.582
HD 97384	HIP 54762	168.18315	31.57775	198.46	m	9.429	2.941	G5	0.71
HIP 82967		254.31985	10.9976	198.46	m	10.58	4.096		1.022
HD 286202	HIP 23134	74.67405	18.63988	198.47	m	9.52	3.032	F2	0.674
HIP 51354		157.34005	44.67933	198.48	m	10.83	4.342	F8	0.736
HD 159721	HIP 86213	264.26547	-20.70934	198.49	m	10.01	3.516	G8/K1	0.713
HD 50886	HIP 33704	105.03651	66.37364	198.5	m	9.905	3.416	G5	0.514
HD 127140	HIP 70994	217.80611	-47.52953	198.53	m	9.156	2.667	F6 IV/V	0.572
HD 208531	HIP 108358	329.27952	-15.96138	198.53	m	9.654	3.165	F3 V	0.524
HD 32095	HIP 23351	75.33083	14.20435	198.54	m	9.07	2.581	G5	1.073
HD 204304	HIP 106076	322.30413	-47.99753	198.54	m	9.714	3.225	F0/2 (V)	0.431
HIP 14174		45.69223	3.6307	198.56	m	9.318	2.829	G0	0.62
HD 85687	HIP 48114	147.14672	-76.16247	198.6	m	9.284	2.794	A2 IIIS	0.382
HIP 44035		134.50288	-58.36587	198.62	m	9.243	2.753	F2	0.335
HD 154879	HIP 83792	256.87484	14.39223	198.64	m	9.923	3.433	G5	1.102
HIP 18988		61.02985	4.09497	198.65	m	11.2	4.709	F8	0.452
HD 30693	HIP 22293	72.0161	-39.98138	198.66	m	9.902	3.411	F3/5 V	0.517
HD 286061	HIP 22311	72.08055	18.56567	198.67	m	9.707	3.216	F2	0.464
HIP 7523		24.21367	48.07888	198.67	m	9.615	3.124	K0	0.886
HD 225089	HIP 261	0.82052	-23.61543	198.68	m	9.209	2.718	F3 V	0.497
HD 64362	HIP 38424	118.07472	-30.83458	198.68	m	9.662	3.171	F8/G0 V	0.672
HD 83325	HIP 47404	144.86813	54.84783	198.68	m	9.191	2.7	A3	0.361
HD 90676	HIP 51144	156.71292	-53.67337	198.7	m	9.336	2.845	F6/7 V	0.512
HD 24039	HIP 18008	57.74528	32.16958	198.7	m	9.374	2.883	A 3 IV	0.419
HD 135810	HIP 74838	229.415	-17.19711	198.71	m	9.48	2.989	F2/3 (+ G/K)	0.468
HD 58403	HIP 35743	110.58891	-55.1773	198.74	m	9.537	3.046	G6/8 V	0.973
HD 135505	HIP 74671	228.89839	-7.15689	198.75	m	9.299	2.807	F5 V	0.533
HD 24207	HIP 18015	57.75739	-6.06203	198.76	m	9.328	2.836	F0 V	0.356
HD 11298	HIP 8573	27.63795	-20.04389	198.77	m	9.312	2.82	G0 V	0.682
HD 43011	HIP 29443	93.05918	-36.75655	198.78	m	9.241	2.749	G5 V	0.754
HD 8220	HIP 6337	20.35538	-8.00138	198.78	m	9.347	2.855	F7 V	0.568
HD 77798	HIP 43912	134.18887	-78.79668	198.79	m	9.024	2.532	K1 III	1.221
HD 32791	HIP 23499	75.78433	-49.64702	198.8	m	9.226	2.734	G8 III/IV	1.107
HIP 71134		218.21853	20.15233	198.8	m	9.738	3.246	G0	0.717
HD 28370	HIP 20555	66.05404	-64.18939	198.81	e	9.147	2.655	F6/7 V	0.59
HD 132771	HIP 73313	224.72697	52.18476	198.84	m	9.01	2.517	G5	1.052
HD 208150	HIP 108277	329.04272	-58.15828	198.85	m	10.4	3.91	F5/6 IV/V	0.503
HIP 44128		134.80735	35.05727	198.85	m	9.585	3.092	F2	0.444
HIP 76967		235.7416	14.55689	198.86	m	10.22	3.723	G5	0.783
HIP 40441		123.86526	43.9698	198.87	m	9.612	3.119	G0	0.709
HIP 55604		170.8716	12.83586	198.89	m	9.422	2.929	G5	0.739
HD 173900	HIP 92324	282.25101	-28.38311	198.91	m	9.634	3.141	F2 V	0.612
HD 201816	HIP 105013	319.04733	-70.2323	198.92	m	9.189	2.696	A4MA8-F0	0.312
HD 20169	HIP 14983	48.28387	-36.47989	198.93	m	9.056	2.563	K0 III	1.176
HIP 67584		207.72436	44.36982	198.95	m	10.63	4.133	F8IV	0.735
HIP 10435		33.6134	17.61475	198.95	m	10.59	4.091	G0	0.83
HD 34284	HIP 24429	78.62654	-40.31963	198.96	m	10.07	3.578	F7 V	0.625
HD 4625	HIP 3831	12.29352	66.05116	198.96	m	9.074	2.58	G5	0.597
HIP 26557		84.70535	36.15445	198.96	m	9.82	3.326	F2	0.493
HIP 50856		155.77168	23.21876	198.99	m	9.526	3.032	F5	0.481
HD 12166	HIP 9288	29.83786	-4.1247	199	m	9.697	3.203	F0 V	0.516
HD 140126	HIP 76989	235.79934	-33.35151	199.02	m	9.306	2.811	F3/5 V	0.717
HD 159209	HIP 85936	263.44538	-7.91763	199.02	m	9.027	2.532	A0 V	0.298
HIP 44525		136.08427	34.33775	199.03	m	9.732	3.237	F8	0.54
HD 152242	HIP 82639	253.39162	-32.34452	199.08	m	9.158	2.663	G0 V	0.632
HD 25154	HIP 18666	59.95037	-0.02016	199.08	m	9.966	3.471	A2/3mA(8)-F0	0.692
HD 113596	HIP 63846	196.2716	-30.19719	199.08	m	9.579	3.084	F0 V	0.461
HIP 114008		346.33447	24.03895	199.1	m	10.54	4.045	G5	0.803
HIP 2438		7.76305	-32.63195	199.1	m	10.36	3.868	G0	0.501
HIP 74768		229.2104	2.7093	199.11	m	9.745	3.25	F8	0.563
HIP 53578		164.40897	44.36358	199.11	m	9.74	3.244	G0	0.696
HD 24222	HIP 17860	57.33874	-46.74376	199.17	m	9.023	2.527	F7 V	0.61
HD 197807	HIP 102651	312.03348	-52.56106	199.18	m	9.081	2.585	G8 III/IV	0.998
HD 3886	HIP 3239	10.30278	-34.5342	199.19	m	10.01	3.515	G2/3 V	0.644
HD 212630	HIP 110744	336.54079	-25.56881	199.2	m	9.385	2.889	F2 V	0.442
HD 218570	HIP 114362	347.42357	-53.35026	199.21	m	9.189	2.692	F5 V	0.498
HD 23167	HIP 17875	57.36396	74.12057	199.21	m	10.15	3.658	G5	0.854
HD 217870	HIP 113914	346.0254	-34.0977	199.21	m	9.651	3.154	F8/G0 V	0.745
HD 122601	HIP 68503	210.35171	54.36496	199.22	m	9.113	2.616	F8	0.459
HIP 27010		85.9409	-14.67061	199.22	m	9.233	2.736	A7	0.385
HD 213665	HIP 111354	338.39346	-27.97144	199.23	m	9.768	3.271	F3 V	0.426
HD 232822	HIP 17285	55.51023	54.92077	199.24	m	9.252	2.755	A0	0.395
HIP 75262		230.66736	-1.54157	199.26	m	9.734	3.237	F5	0.849
