HD 101522	HIP 56972	175.1798	-48.76897	472.75	m	9.461	1.088	G6 III	1.066
HD 40146	HIP 28156	89.24542	-3.75565	472.87	m	9.352	0.978	B9 III/IV	0.171
HD 205220	HIP 106549	323.68778	-32.62517	472.9	m	9.385	1.011	K2/3 III	1.45
HD 220932	HIP 115791	351.86754	41.20261	472.92	m	9.264	0.89	A0	0.232
HIP 64317		197.73828	8.79808	472.94	m	9.09	0.716	K0	1.315
HD 138424	HIP 76062	233.01565	0.11578	472.98	m	9.368	0.994	K0 III	1.266
HD 9020	HIP 6765	21.75771	-64.57972	472.98	m	9.438	1.064	G8 III/IV	1.167
HIP 11512		37.10866	14.76708	473	m	10.14	1.771	A0	0.399
HD 110577	HIP 62088	190.87772	-48.44032	473.01	m	9.053	0.679	K2/3 (III)	1.486
HD 206210	HIP 107287	325.97188	-68.89874	473.01	m	9.122	0.748	K2/3 III	1.422
HD 135574	HIP 74572	228.54573	46.43832	473.03	m	9.335	0.961	G5	1.322
HIP 25927		82.9877	-7.82311	473.05	m	11.4	3.026		0.7
HD 202341	HIP 105067	319.26093	-52.10728	473.08	m	9.232	0.857	K0 III	1.241
HD 90662	HIP 51378	157.40673	60.04975	473.1	m	9.12	0.745	K0	1.115
HD 207189	HIP 107603	326.92095	-18.82498	473.17	m	9.332	0.957	K0 III	1.428
HIP 60720		186.65702	20.95223	473.23	m	10.23	1.86	A0	0.055
HD 83897	HIP 47393	144.84671	-57.52035	473.28	m	9.099	0.723	G8/K0 II/III	1.17
HD 138437	HIP 77248	236.59933	-82.99609	473.29	m	9.327	0.951	K0/2 (III)	1.499
HIP 88860		272.13127	7.94028	473.31	m	10.09	1.717	F2	0.429
HIP 39377		120.75689	-31.83895	473.38	m	9.151	0.775	K0	1.168
HD 173274	HIP 91909	281.04846	4.83869	473.38	m	9.326	0.95	A0	0.226
HD 124351	HIP 69436	213.24436	4.96921	473.39	m	9.389	1.013	K	1.304
HD 166271	HIP 89210	273.08792	-48.59437	473.42	m	9.241	0.865	B9 V	0.051
HIP 29556		93.41872	48.04232	473.44	m	9.129	0.753	K2	1.618
HD 222504	HIP 116864	355.32483	-4.42319	473.45	m	9.12	0.744	G8 IV	1.151
HD 1850	HIP 1816	5.75368	8.73178	473.5	m	9.674	1.297	K0	1.318
HD 187029	HIP 97601	297.56482	-51.17875	473.51	m	9.088	0.711	G6/8 III	1.072
HD 248204	HIP 27646	87.79654	33.58885	473.52	m	10.46	2.086	F0	0.448
HIP 38445		118.13972	12.01934	473.55	m	10.13	1.755	F8	0.238
HD 237054	HIP 14133	45.56626	59.62698	473.57	m	9.06	0.683	B 8 V	0.147
HIP 13015		41.83516	25.97787	473.6	m	10.64	2.262	A2	0.155
HD 207045	HIP 107659	327.10373	-60.83467	473.62	m	9.237	0.86	K0 III	1.302
HD 191240	HIP 99089	301.74139	46.29949	473.63	m	9.377	1	A2	0.241
HD 33102	HIP 24195	77.92102	59.03061	473.66	m	9.375	0.998	A0	0.307
HD 30198	HIP 22100	71.33278	-2.67359	473.67	m	9.406	1.029	A8/9 V	0.292
HD 258187	HIP 30987	97.5486	28.2826	473.69	m	11.41	3.032	F 5 V	0.53
HD 276219	HIP 19891	63.99686	39.27479	473.69	m	9.634	1.257	K5	2.178
HD 126164	HIP 70551	216.4799	-58.83188	473.7	m	9.429	1.051	A0 VN	0.168
HD 84651	HIP 47907	146.45172	-34.65392	473.72	m	9.066	0.688	M0/1 III	1.933
HIP 29817		94.19043	-31.66468	473.74	m	9.318	0.94	G5	1.046
HD 7584	HIP 5691	18.30415	-75.10415	473.87	m	9.219	0.841	G6/8 IV	1.158
HD 21660	HIP 16082	51.77823	-56.42751	473.9	m	9.395	1.017	K1 III(CNII)	1.288
HIP 69703		214.00985	78.76009	473.95	m	9.373	0.994	K0	1.436
HD 79957	HIP 45537	139.21864	-4.20357	473.97	m	9.519	1.14	Fm delta DEL	0.424
HD 96413	HIP 54237	166.45444	-58.5417	474.01	m	9.191	0.812	A2	0.003
HIP 111430		338.62759	18.98347	474.01	m	10.07	1.691	G5	1.11
HIP 17001		54.67284	-24.04731	474.03	m	9.981	1.602		0.717
HD 12025	HIP 9306	29.89635	54.82223	474.06	m	9.317	0.938	M8	1.256
HD 203598	HIP 105736	321.24241	-49.59358	474.08	m	9.68	1.301	K0/1 III	1.441
HIP 29219		92.42027	-22.01567	474.16	m	9.062	0.682	K0	1.117
HD 12865	HIP 9558	30.69565	-70.8635	474.18	m	9.227	0.847	G8 III	1.28
HD 217809	HIP 113953	346.15638	-68.37922	474.21	m	9.273	0.893	G8 III	1.187
HD 26234	HIP 19517	62.71634	42.20959	474.23	m	9.094	0.714	M5III	1.887
HD 102787	HIP 57691	177.46968	-31.47873	474.23	m	9.338	0.958	G8 III	1.162
HD 14602	HIP 10840	34.88064	-56.93151	474.3	m	9.41	1.03	G8 III	1.208
HIP 80147		245.39298	38.93893	474.35	m	9.191	0.811	K2	1.204
HIP 2870		9.1006	30.91845	474.56	m	9.421	1.04	K0	1.201
HD 102333	HIP 57452	176.6628	-19.00704	474.59	m	9.06	0.678	AP EUCRSR	0.15
HD 205638	HIP 106729	324.28779	-21.03938	474.6	m	9.319	0.937	G8/K0 IV	1.212
HD 122269	HIP 68481	210.29859	-11.93039	474.65	m	9.22	0.838	G8 III	1.185
HIP 111590		339.09577	38.1051	474.67	m	9.921	1.539	B 9 V	-0.018
HD 166808	HIP 89319	273.37691	-28.25526	474.67	m	9.298	0.916	AP SR(CREU)	0.147
HD 112363	HIP 63194	194.19747	-55.63773	474.68	m	9.049	0.667	B9 V	0.058
HIP 35379		109.62146	-49.35735	474.7	m	9.662	1.28	K0	1.255
Gl 3705		182.39911	-3.55559	474.7	m	13.5	5.118	DA4	
HIP 614		1.88008	35.74574	474.75	m	9.449	1.067	K0	1.183
HIP 116911		355.47618	48.36146	474.75	m	10.8	2.414	A2	0.309
HD 215304	HIP 112215	340.90851	39.65609	474.77	m	9.101	0.719	A 1 V	0.099
HIP 23131		74.65559	-1.41138	474.81	m	10.34	1.96	A5	0.179
HD 349548	HIP 93087	284.43882	20.82556	474.86	m	9.077	0.694	B9	0.188
HD 123747	HIP 69229	212.61062	-39.39698	474.87	m	9.351	0.968	A0 V + (A)	0.043
HIP 83869		257.11113	-76.05937	474.87	m	11.77	3.386	Fp	0.771
HIP 30997		97.58774	30.96272	474.9	m	13.01	4.63	K2III+K1III	
HD 22573	HIP 16902	54.36837	-9.66412	474.91	m	9.293	0.91	K0 III	1.266
HD 219951	HIP 115155	349.88635	49.39695	474.94	m	10.07	1.683	B8	0.078
HD 101251	HIP 56728	174.45508	-79.24211	475	m	9.049	0.666	K2 III	1.788
HD 151603	HIP 82082	251.49816	49.15424	475	m	9.121	0.738	G5	1.161
HIP 64476		198.2272	44.40085	475	m	9.375	0.992	K 1 III	1.402
HD 218653	HIP 114405	347.53715	-37.77672	475	m	9.593	1.21	G8 IV	1.316
HIP 96020		292.84528	35.29438	475.01	m	9.325	0.942	K0	1.314
HIP 65558		201.61054	7.40004	475.02	m	10.14	1.76	K0	1.348
HD 141864	HIP 78289	239.77511	-76.61778	475.07	m	9.056	0.672	F6/7 V	0.709
HIP 61942		190.41774	46.41622	475.12	m	9.373	0.989	K1III	1.412
HIP 58882		181.15687	38.66454	475.16	m	9.696	1.312	G9III	1.255
HD 130348	HIP 72519	222.4072	-54.51253	475.25	m	9.805	1.42	G8 III/IV	1.221
HD 232357	HIP 4928	15.80693	53.91335	475.28	m	9.114	0.729	A0	0.069
HD 336859	HIP 91856	280.90884	24.69555	475.3	m	9.746	1.361	F0	0.408
HD 234447	HIP 85594	262.3643	54.65407	475.42	m	9.468	1.083	G5	1.306
HD 38415	HIP 27031	85.99934	-36.07511	475.42	m	9.049	0.664	K0/1 (III)	1.26
HD 91337	HIP 51583	158.04103	-29.27755	475.49	m	9.448	1.062	AP SRCREU	0.058
HD 199718	HIP 103515	314.57691	24.22185	475.53	m	9.272	0.886	A2	0.059
HD 202476	HIP 104949	318.88485	23.50828	475.57	m	9.016	0.63	K2	1.172
HD 93513	HIP 52734	161.7099	-49.11953	475.57	m	9.351	0.965	F2 IV	0.354
HIP 16033		51.62496	-35.59784	475.59	m	9.497	1.111	K0	1.14
HD 237619	HIP 36271	112.01716	55.78714	475.65	m	9.599	1.213	K0	1.325
HD 313401	HIP 87458	268.05514	-22.16127	475.65	m	10.72	2.335		1.981
HD 92817	HIP 52365	160.54376	-50.18531	475.65	m	9.861	1.475	A1MA7-A9	0.305
HIP 16260		52.39026	3.36497	475.65	m	10.44	2.058	F5	0.494
HD 215271	HIP 112182	340.8134	43.77369	475.69	m	10.5	2.111	A0	0.151
HIP 111294		338.1919	40.83022	475.71	m	9.095	0.708	B 9.5V	0.006
HD 19964	HIP 14912	48.10666	-0.84866	475.93	m	9.008	0.62	G8 III/IV	1.086
HD 94314	HIP 53132	163.02953	-56.1607	475.93	m	9.824	1.436	F8	0.332
HIP 84984		260.53978	-46.82412	475.96	m	12.99	4.601		
HIP 110557		335.94493	26.00333	475.99	m	9.116	0.728	K0	1.309
HD 133349	HIP 73525	225.42427	55.22312	476.01	m	9.063	0.675	K0	0.929
HIP 64489		198.27673	67.55794	476.01	m	9.131	0.743	G5	1.132
HD 122719	HIP 68710	210.99232	-22.61744	476.02	m	9.718	1.33	G6/8 III	1.227
HD 142375	HIP 77819	238.34913	26.30594	476.03	m	9.625	1.237	K0	1.138
HD 203987	HIP 106190	322.63751	-74.19114	476.08	m	9.258	0.87	K0 III	1.253
HIP 113140		343.66961	12.23101	476.09	m	9.422	1.034	G5	1.092
HIP 27032		86.00178	-53.37753	476.1	m	9.282	0.894	G5	1.262
HD 236546	HIP 3907	12.53089	59.38838	476.13	m	9.416	1.027	B9	0.112
HD 77668	HIP 44394	135.64792	-39.65431	476.16	m	9.342	0.953	K0 III	1.278
HD 166504	HIP 89180	273.00506	-26.65827	476.2	m	9.652	1.263	G8/K0 III	1.219
HIP 6356		20.40833	4.25747	476.23	m	9.119	0.73	K0	1.159
HD 133006	HIP 73537	225.45557	13.26528	476.26	m	9.328	0.939	K0	1.211
HIP 101330		308.0658	-14.4582	476.26	m	10.21	1.817	G0	1.284
HD 98414	HIP 55259	169.77426	-26.89716	476.27	m	9.16	0.771	K0 III	1.157
HD 163179	HIP 87774	268.95868	-23.13018	476.31	m	9.688	1.299	B8 II(P SI)	0.443
HD 186105	HIP 96965	295.65072	-2.58413	476.37	m	9.047	0.657	M0 (III)	2.239
HD 105417	HIP 59186	182.07349	-52.59043	476.39	m	9.14	0.75	G8/K0 III	1.257
HD 194348	HIP 100769	306.46708	-22.59235	476.42	m	9.603	1.213	K0 III	1.353
HD 216588	HIP 113079	343.52285	6.46789	476.43	m	9.63	1.24	K0	1.418
HD 276758	HIP 22051	71.13859	42.2429	476.48	m	10.29	1.903	G5	1.96
HIP 12878		41.38577	-55.54381	476.48	m	9.345	0.955	K0	1.444
HD 102014	HIP 57262	176.14537	22.37782	476.54	m	9.178	0.788	K2	1.475
HD 11414	HIP 8595	27.73315	-50.66415	476.55	m	9.208	0.817	K0 III	1.269
HD 107774	HIP 60403	185.77115	12.68519	476.55	m	9.388	0.997	K0	1.279
HD 42040	HIP 29095	92.05817	-7.59884	476.59	m	10.36	1.964	B9/A0 V	0.166
HD 95619	HIP 53967	165.60518	18.06912	476.61	m	9.184	0.793	K0	1.295
HIP 113419		344.55328	48.63697	476.63	m	9.962	1.571	A2	0.29
HD 114937	HIP 64579	198.54847	-31.60924	476.65	m	9.048	0.657	G8 III	1.161
HD 79165	HIP 45164	138.01073	-16.14499	476.67	m	9.315	0.924	A2 IV	0.09
HD 7781	HIP 6043	19.40226	12.29642	476.7	m	9.353	0.962	G5	1.165
HD 298374	HIP 46116	141.06865	-51.40757	476.73	m	9.411	1.02	G5	1.198
HD 87650	HIP 49493	151.56693	-1.4914	476.74	m	9.326	0.935	K0/1 (III)	1.457
HD 59156	HIP 36280	112.03496	-14.84041	476.78	m	9.228	0.836	A0 IV	0.201
HIP 12012		38.71933	67.26956	476.79	m	9.288	0.896	K2	1.759
HD 39234	HIP 27542	87.48997	-27.55709	476.81	m	9.099	0.707	G8 III	1.13
HIP 59628		183.41416	-50.80562	476.87	m	10.56	2.169	F5	0.452
HIP 109088		331.46985	14.77532	476.97	m	9.377	0.985	K0	1.057
HD 5504	HIP 4445	14.22408	7.41165	476.97	m	9.398	1.006	K5	1.239
HD 40461	HIP 28373	89.91258	19.91367	477.08	m	9.936	1.543	F2	0.444
HD 46281	HIP 31258	98.34062	18.7827	477.11	m	9.277	0.884	K	1.277
HIP 2060		6.52249	23.9834	477.15	m	9.124	0.731	G5	1.191
HD 115402	HIP 64758	199.07332	44.72299	477.19	m	9.326	0.933	K 1 III	1.312
HD 332322	HIP 100867	306.78313	31.32075	477.22	m	9.009	0.615	A0	-0.047
HD 183405	HIP 95862	292.45347	-11.03033	477.27	m	9.198	0.804	K2/3 (III)	1.836
HIP 88363		270.65704	-50.21618	477.33	m	10.01	1.611	F0	0.515
HIP 31713		99.50296	18.55759	477.35	m	11.21	2.815	M0	0.63
HIP 29898		94.42934	77.96313	477.35	m	9.554	1.16	F8	1.434
HIP 86437		264.92234	-45.98062	477.39	m	10.5	2.108	F5	0.465
HIP 82905		254.12576	-4.16704	477.4	m	10.11	1.714		1.552
HD 101127	HIP 56744	174.51628	-41.05301	477.45	m	9.053	0.658	K0 III	1.221
HIP 61945		190.42944	47.85926	477.58	m	9.515	1.12	K0III	1.264
HD 330714	HIP 80715	247.19903	-46.79411	477.58	m	10.14	1.744	G0	0.78
HD 86296	HIP 48828	149.40776	1.63942	477.63	m	9.239	0.844	G8/K0 III	1.081
HD 109757	HIP 61581	189.28858	-4.65105	477.67	m	9.427	1.031	K0 III	1.294
HD 175368	HIP 92258	282.02117	72.97544	477.7	m	9.174	0.778	K2	1.234
HD 88701	HIP 50042	153.25093	-37.50347	477.75	m	9.28	0.884	AP CRSI	0.08
HIP 107265		325.89686	-74.00482	477.78	m	9.446	1.05		1.333
HD 156604	HIP 84842	260.10336	-41.18422	477.81	m	9.16	0.764	K1/2 III/V	1.581
HD 127985	HIP 71148	218.28133	41.52681	477.91	m	9.301	0.904	K0	1.183
HD 53199	HIP 34143	106.20119	13.23866	477.92	m	9.177	0.78	G5	1.142
HD 137801	HIP 76018	232.89968	-63.85187	477.97	m	9.514	1.117	G8 III/V	1.182
HIP 109790		333.5791	17.195	477.99	m	9.228	0.831	G5	0.647
HD 165574	HIP 88701	271.61972	2.67707	478.05	m	9.042	0.645	K2 (III)	1.629
HIP 65138		200.22572	41.75186	478.06	m	9.171	0.774	K 0 III	1.36
HIP 56262		172.99739	-41.84814	478.07	m	10.35	1.948	Gp...	0.841
HIP 71187		218.39057	-49.17173	478.08	m	10.4	1.998	F5	0.604
HIP 4013		12.86741	-1.28441	478.09	m	9.625	1.227	G0	0.95
HIP 95198		290.49601	-46.16372	478.17	m	10.76	2.362	K7	1.122
HD 158219	HIP 85728	262.77778	-54.77566	478.17	m	9.184	0.786	B8/9 III	-0.022
HIP 62635		192.52151	60.42984	478.24	m	9.632	1.234	F5	0.452
HD 126499	HIP 70598	216.60054	-19.61318	478.24	m	9.313	0.915	K0 III	1.277
HIP 2499		7.92356	-47.42224	478.28	m	12.26	3.86	B	-0.13
HD 28324	HIP 20783	66.77533	-25.00975	478.28	m	9.387	0.989	G6 IV	1.092
HD 222289	HIP 116738	354.87364	-53.52506	478.28	m	10.52	2.123	F5/6 V	0.421
HD 104635	HIP 58750	180.74495	43.23105	478.41	m	9.035	0.636	G8III	1.07
HIP 22710		73.25322	-18.82449	478.46	m	9.479	1.08	K2	1.257
HD 159661	HIP 86171	264.13871	-16.62851	478.52	m	9.12	0.721	K0 III	1.344
HD 186402	HIP 97191	296.30414	-29.11355	478.54	m	9.702	1.302	F2 V	0.648
HD 3157	HIP 2714	8.62737	-44.63743	478.57	m	9.218	0.818	G5 IV/V	0.836
HIP 26083		83.44271	-34.99919	478.68	m	9.261	0.861	K0	1.169
HD 214324	HIP 111703	339.42176	-25.16657	478.69	m	9.501	1.101	G8/K0 III	1.235
HD 75526	HIP 43503	132.91141	34.18925	478.71	m	9.027	0.627	G5	1.121
HD 117678	HIP 66029	203.05706	-23.84581	478.82	m	9.653	1.252	K1 III	1.532
HD 100575	HIP 56512	173.78359	63.83393	478.87	m	9.067	0.666	G5	1.147
HIP 69085		212.10642	47.18598	478.92	m	9.935	1.534	G5	0.856
HIP 88861		272.13808	12.753	478.92	m	9.269	0.868	K0	1.438
HIP 21337		68.68275	82.33842	478.94	m	9.477	1.076	A0	0.01
HD 23085	HIP 17247	55.40449	-20.36766	478.94	m	9.196	0.795	K2 III	1.611
HIP 12753		40.97946	50.7803	478.96	m	10.13	1.733	F2	0.542
HD 4842	HIP 4008	12.85834	62.92079	478.99	m	9.766	1.364	M8	1.57
HIP 26972		85.85794	48.24476	479.03	m	9.986	1.584	K0	1.146
HIP 77183		236.40619	24.0948	479.1	m	9.406	1.004	K2	1.287
HD 220531	HIP 115557	351.11266	-6.9621	479.17	m	9.211	0.809	G8 III	1.291
HD 35893	HIP 25349	81.3278	-48.92024	479.3	m	9.24	0.837	G8 III/IV	1.269
HIP 91312		279.38472	5.28958	479.34	m	9.281	0.878	F8	0.9
HIP 51964		159.24265	20.9479	479.35	m	9.351	0.948	K2	1.193
HD 22948	HIP 17014	54.72091	-48.6836	479.36	m	9.138	0.735	K0 (III)	1.375
HD 126047	HIP 67951	208.73951	87.39561	479.37	m	9.183	0.78	B9	0.062
HIP 112776		342.58517	20.3146	479.4	m	9.411	1.008	K0	1.258
HD 2948	HIP 2570	8.15369	-27.98272	479.41	m	9.314	0.91	G5/6 III/IV	1.157
HD 9840	HIP 7538	24.28295	51.33119	479.44	m	9.019	0.615	A0	0.242
HD 121068	HIP 67911	208.6405	-50.16462	479.45	m	9.608	1.204	F3 V	0.551
HIP 57989		178.41336	26.42773	479.47	m	10.29	1.883	F8	0.565
HIP 92087		281.51612	-32.97644	479.53	m	10.73	2.322	G0	0.845
HIP 44789		136.92506	4.66493	479.62	m	9.023	0.618	K0	1.156
HIP 54263		166.52124	-75.19598	479.63	m	9.851	1.446	Gp	1.225
HIP 111916		340.05225	38.97348	479.64	m	9.575	1.17	A 2 V	0.16
HIP 96262		293.599	28.64526	479.67	m	9.242	0.837	G5III	1.079
HD 113345	HIP 63736	195.91824	-49.0338	479.7	m	9.413	1.008	G8/K0 III/IV	1.188
HIP 79505		243.3595	30.45879	479.76	m	9.395	0.99	K0	1.295
HD 82718	HIP 47419	144.93719	77.38368	479.86	m	9.145	0.739	K0	1.149
HIP 75758		232.15255	32.36246	479.88	m	9.057	0.651	K2	1.484
HIP 7784		25.0513	14.47253	479.89	m	9.271	0.865	G5	1.157
HIP 113485		344.73996	42.78659	479.9	m	10.01	1.603	A0	0.143
HIP 34727		107.85789	-48.03535	479.93	m	9.58	1.174	K0	1.17
HD 141236	HIP 77711	237.99541	-64.92292	479.95	m	9.143	0.737	K3 III	1.675
HIP 91513		279.95074	5.60415	480.05	m	9.683	1.277	F2	0.396
HD 8051	HIP 6148	19.73263	-54.91409	480.12	m	9.304	0.897	K1 III	1.381
HD 28339	HIP 20773	66.75646	-28.67142	480.14	m	9.028	0.621	K0 III	1.184
HD 12395	HIP 9397	30.19605	-34.4208	480.16	m	9.209	0.802	K1 III	1.328
HIP 60760		186.80855	46.89173	480.18	m	9.584	1.177	K0III	1.246
HD 216544	HIP 113088	343.53491	-30.91252	480.22	m	9.072	0.665	G8/K0 III	1.178
HD 232821	HIP 17261	55.45757	53.29367	480.27	m	9.754	1.347	A0	0.475
HD 12875	HIP 9734	31.30895	-35.81916	480.29	m	9.581	1.173	K2 III	1.508
HIP 79111		242.20752	14.12286	480.29	m	9.274	0.866	K2	1.311
HD 82655	HIP 46875	143.28302	-9.31649	480.32	m	9.389	0.981	K2 III	1.548
HD 144434	HIP 79001	241.89836	-40.37279	480.36	m	9.813	1.405	G6/K1 (III)	1.261
HD 165165	HIP 88801	271.91347	-54.33902	480.36	m	9.011	0.603	G6/8 II	1.167
HIP 79511		243.37147	32.03128	480.37	m	9.543	1.135	K0	1.379
HD 120880	HIP 67718	208.08744	-7.86658	480.39	m	9.107	0.699	G8 III	1.113
HIP 38348		117.81318	34.99798	480.47	m	9.235	0.827	K0	1.287
HIP 12353		39.76036	-49.46285	480.53	m	10.13	1.723		0.838
HD 224751	HIP 29	0.09223	-49.10795	480.56	m	9.267	0.858	G8 III	1.219
HIP 104373		317.1664	-2.73674	480.61	m	9.299	0.89	K2	1.037
HD 38698	HIP 27299	86.76203	-14.4741	480.66	m	9.098	0.689	AP SI	0.015
HD 145294	HIP 79293	242.73972	-20.399	480.67	m	9.056	0.647	K2/3 III	1.993
HD 119591	HIP 67048	206.11244	-21.2233	480.77	m	9.081	0.671	G8 III	1.079
HD 12818	HIP 10011	32.23217	70.52677	480.77	e	9.184	0.774	B8	0.225
HIP 13297		42.78625	16.92425	480.81	m	9.366	0.956	K0	1.453
HIP 61860		190.17335	22.97165	480.82	m	9.768	1.358	K5	1.384
HIP 89839		275.00478	65.47834	480.84	m	9.233	0.823	K2	1.302
HIP 37491		115.43336	18.05582	480.84	m	9.676	1.266	F5	0.487
HD 258767	HIP 31114	97.93305	24.98217	480.86	m	9.644	1.234	F0	0.432
HD 227579	HIP 98939	301.32841	39.44858	480.87	m	9.176	0.766	K2	1.33
HD 14121	HIP 10508	33.85744	-52.2681	480.9	m	9.464	1.054	K1 III	1.369
HD 100414	HIP 56374	173.33942	21.57744	480.94	m	9.219	0.809	K0	1.247
HD 33511	HIP 23975	77.29654	-35.63858	480.95	m	9.023	0.612	K0 III	1.3
HD 12486	HIP 9484	30.50509	-21.72854	480.99	m	9.19	0.779	K0 III	1.187
HIP 56433		173.5524	-43.70482	481.06	m	13.08	4.665		
HD 27307	HIP 20746	66.68321	76.16381	481.11	m	9.484	1.073	K0	1.121
HD 205604	HIP 106664	324.06172	8.61582	481.17	m	9.045	0.634	K2	1.54
HD 125322	HIP 69930	214.65994	6.23265	481.19	m	9.04	0.628	K	1.205
HD 206588	HIP 107163	325.5971	28.7087	481.2	m	9.09	0.678	G0	0.921
HD 101361	HIP 56866	174.88452	-52.54075	481.25	m	9.047	0.635	G8/K0 III	1.207
HIP 60573		186.24585	-81.64457	481.27	m	10.74	2.331	B5	0.61
HIP 86893		266.32113	0.82312	481.27	m	9.479	1.067	K0	1.297
HD 169575	HIP 90247	276.21633	11.87471	481.28	m	9.54	1.128	A	0.215
HD 235426	HIP 103707	315.22353	53.19749	481.33	m	9.457	1.045	A0	0.368
HD 34838	HIP 24651	79.345	-53.73649	481.43	m	9.464	1.051	K3/4 (III)	1.795
HD 202759	HIP 105249	319.77465	-33.91887	481.43	m	9.083	0.67	A0 (III)W	0.258
HIP 224		0.69625	3.86042	481.44	m	9.132	0.719	K0	1.113
HD 104100	HIP 58472	179.86636	2.88891	481.47	m	9.429	1.016	G8/K0 (III)	1.188
HD 177510	HIP 94060	287.23524	-61.70225	481.49	m	9.012	0.599	K2 III	1.347
HIP 37820		116.31828	20.38792	481.49	m	9.901	1.488	G5	1.212
HD 43769	HIP 29583	93.50487	-61.47321	481.51	m	9.496	1.083	F5 V	0.46
HD 74636	HIP 42765	130.72017	-51.66801	481.53	m	9.258	0.845	B9 IV/V(P SICR)	0.056
HIP 58665		180.43806	62.06696	481.53	m	11.26	2.848	F8	0.623
HD 2700	HIP 2345	7.48518	-66.16435	481.53	m	9.226	0.813	K1 III	1.357
HIP 105919		321.7791	2.5969	481.55	m	9.313	0.9	K0	1.36
HIP 96930		295.55258	-29.62701	481.55	m	10.49	2.076	F0	0.447
HIP 17137		55.05014	68.26922	481.57	m	9.122	0.709	K5	1.914
HD 51709	HIP 33738	105.13931	42.96776	481.57	m	9.035	0.622	A0	0.086
HD 3579	HIP 3039	9.66184	-14.2332	481.71	m	9.133	0.719	K0 IVCNIII	1.352
HD 7196	HIP 5612	17.99513	-17.81411	481.72	m	9.289	0.875	G8/K0 III	1.101
HD 173699	HIP 92413	282.49284	-56.43945	481.81	m	9.573	1.159	K0 III	1.38
HD 85770	HIP 48694	148.95294	55.39412	481.85	m	9.357	0.942	K0	1.287
HD 217623	HIP 113736	345.51064	-1.20927	481.85	m	9.37	0.955	G8/K0 III	1.091
HD 124907	HIP 69837	214.38662	-46.87744	481.89	m	9.475	1.06	F0 IV	0.376
HD 195086	HIP 101662	309.10511	-76.23838	481.9	m	10.12	1.704	F0 IV	0.313
HD 61564	HIP 37352	115.00439	2.10031	481.95	m	9.002	0.587	A8/9 V	0.255
HD 207481	HIP 107794	327.55001	-38.23022	481.98	m	9.344	0.929	K2/3 (III)	1.634
HIP 78740		241.1202	-50.93506	482.14	m	9.88	1.464	G5	1.39
HD 25964	HIP 19079	61.35205	-33.57565	482.19	m	9.369	0.953	K0 III	1.297
HD 233763	HIP 52480	160.93784	53.14299	482.22	m	9.966	1.55	F0	0.401
HD 101218	HIP 56792	174.64545	-51.26532	482.23	m	9.827	1.411	A2 V	0.168
HIP 72231		221.58121	-39.07344	482.27	m	10.05	1.634		1.251
HD 203122	HIP 105458	320.41519	-46.12226	482.37	m	9.274	0.857	K0 III	1.346
HD 19316	HIP 14409	46.47086	-17.81349	482.38	m	9.884	1.467	G8 IV	1.455
HD 4724	HIP 3774	12.12608	-59.70109	482.38	m	9.342	0.925	G8 III/IV	1.294
HD 221529	HIP 116230	353.23756	0.18045	482.41	m	9.137	0.72	G8 III/IV	1.233
HIP 104608		317.86011	13.25335	482.43	m	10.88	2.465	B8	0.607
HD 178556	HIP 94166	287.53022	-27.91782	482.53	m	9.783	1.365	G8 III	1.267
HD 7125	HIP 5503	17.62494	-52.8191	482.55	m	9.098	0.68	K1 III	1.362
HD 192942	HIP 100185	304.82672	-43.33438	482.65	m	10.28	1.861	F3 V	0.366
HD 29604	HIP 21616	69.61628	-31.15366	482.68	m	9.149	0.731	G8 IV	1.163
HD 189309	HIP 98800	300.99476	-67.52143	482.68	m	9.405	0.987	K1/2 (III)	1.598
HD 172076	HIP 91506	279.92095	-35.97256	482.69	m	9.128	0.71	G6 III	1.148
HD 208370	HIP 108337	329.23275	-44.31289	482.7	m	9.09	0.672	G8/K0 III	1.174
HD 171793	HIP 91517	279.95305	-54.70032	482.71	m	9.088	0.67	G8 III	1.181
HIP 3882		12.45833	71.43266	482.74	m	9.572	1.153	A0	0.239
HD 27793	HIP 20383	65.47166	-32.18794	482.76	m	9.202	0.783	G6 III/IV	1.096
HIP 63131		194.02007	14.06417	482.77	m	9.968	1.549	K0	1.244
HIP 118314		359.95681	-37.85797	482.79	m	9.352	0.933	K0	1.311
HD 18478	HIP 13793	44.40182	-19.3084	482.81	m	9.405	0.986	K0 IV	1.352
HIP 115993		352.51649	49.05118	482.81	m	10.21	1.792	K0	0.457
HD 130120	HIP 72385	222.00448	-49.44165	482.83	m	9.229	0.81	G8/K1 II/III	1.265
HIP 29944		94.56391	62.19287	482.83	m	10.12	1.699		0.31
HD 158049	HIP 85390	261.72944	2.34494	482.83	m	9.02	0.601	K2/3 (III)	1.717
HIP 111799		339.66962	30.51012	482.83	m	9.379	0.96	K5	1.329
HD 103904	HIP 58344	179.47221	45.51074	482.85	m	9.218	0.799	G9III	1.172
HIP 1872		5.91544	52.01452	482.87	m	10.79	2.37	F2	0.425
HD 223528	HIP 117560	357.61684	-53.68832	482.91	m	9.511	1.092	K0 (III)	1.37
HIP 21772		70.14398	-63.00408	482.99	m	9.519	1.099	G8	1.268
HIP 3258		10.37192	43.31355	483.03	m	9.307	0.887	K0	1.429
HIP 15071		48.57004	-14.83415	483.06	m	10.62	2.196	F 0 VI	0.474
HD 151586	HIP 82591	253.26093	-66.63767	483.06	m	9.118	0.698	FM DELTA DEL	0.422
HIP 80995		248.12609	0.19336	483.07	m	9.881	1.461	K2	1.366
HD 523	HIP 776	2.39556	-46.37514	483.09	m	9.853	1.433	F5/6 V	0.467
HIP 89913		275.20927	67.91712	483.14	m	9.264	0.844	K0	1.148
HIP 9740		31.32574	45.09279	483.15	m	9.079	0.659	A5	0.256
HD 88297	HIP 49991	153.08212	54.21321	483.26	m	9.101	0.68	K5	1.314
HD 19161	HIP 14290	46.05522	-23.14363	483.3	m	9.212	0.791	K0 III	1.246
HIP 111584		339.08239	46.04282	483.35	m	14.22	5.798		
HD 115900	HIP 65043	199.98609	16.66075	483.37	m	9.662	1.241	K	1.228
HD 245680	HIP 26421	84.34485	3.53952	483.4	m	9.589	1.167	B9	0.03
HD 14789	HIP 11049	35.5637	-31.04638	483.42	m	9.318	0.896	K1 III	1.345
HD 49261	HIP 32330	101.23166	-50.57222	483.47	m	9.008	0.586	B8/9 V	0.014
HIP 51923		159.09876	-24.56586	483.49	m	9.283	0.861	K2	1.318
HD 106778	HIP 59886	184.2291	-46.38692	483.52	m	10.19	1.763	F0 V	0.462
HD 218968	HIP 114567	348.11643	-8.27998	483.53	m	9.298	0.876	G8 IV	1.064
HD 210305	HIP 109663	333.22991	-73.04728	483.54	m	9.563	1.141	K0/1 III	1.326
HIP 84093		257.87664	17.18558	483.56	m	9.434	1.012	K0	1.26
HD 215918	HIP 112677	342.26699	-29.87513	483.66	m	9.19	0.767	G8 III	1.246
HD 338155	HIP 94756	289.21617	24.72903	483.69	m	9.03	0.607	K5	1.75
HD 233760	HIP 52375	160.58174	51.68597	483.72	m	9.976	1.553	K0	1.207
HIP 95092		290.19026	48.77046	483.75	m	9.827	1.404	A0	0.029
HD 55914	HIP 32458	101.61359	-85.74607	483.78	m	9.909	1.486	A1 IV/V	0.264
HD 10400	HIP 7800	25.09533	-47.91266	483.8	m	9.002	0.579	G8 IIICNII	1.259
HD 143194	HIP 78381	240.02159	-27.52876	483.82	m	9.741	1.318	F5 V	0.564
HD 9028	HIP 6865	22.08497	-36.07662	483.83	m	9.199	0.776	K0 III	1.347
HIP 41218		126.15865	-2.30897	483.91	m	9.643	1.219	K2	1.517
HD 315957	HIP 85775	262.89924	-30.29313	483.92	m	9.134	0.71	K0	1.716
HIP 12888		41.41987	32.82384	483.93	m	9.824	1.4	K0	1.471
HD 4708	HIP 3803	12.21004	-34.91544	483.94	m	9.363	0.939	K2/3 III	1.478
HD 224311	HIP 118037	359.14297	72.0875	483.96	m	9.566	1.142	A0	0.216
HD 25970	HIP 19357	62.20015	46.16593	484.01	m	9.823	1.399	B9	0.509
HIP 90683		277.5422	48.60466	484.09	m	9.253	0.828	K0	1.236
HD 72487	HIP 41696	127.50377	-60.71498	484.25	m	9.065	0.64	G6 IV	1.145
HD 236976	HIP 12254	39.44949	59.24208	484.25	m	9.187	0.762	G 5 V	1.308
HD 27736	HIP 20346	65.37868	-28.9193	484.25	m	9.203	0.778	G8 III	1.142
HIP 62548		192.24085	35.93854	484.32	m	11.22	2.79	F2	0.334
HIP 46379		141.85246	-35.40482	484.37	m	9.384	0.958	K0	1.233
HIP 112808		342.68347	40.46699	484.41	m	9.99	1.564	A 1 V	0.159
HD 222836	HIP 117090	356.05462	-37.11573	484.41	m	9.351	0.925	K1 III	1.43
HD 6636	HIP 5312	16.99252	52.6425	484.44	m	9.096	0.67	A0	0.101
HD 234162	HIP 71392	218.98216	50.89038	484.48	m	9.193	0.767	K2	1.184
HIP 111700		339.40747	27.52433	484.5	m	9.153	0.727	K0	1.645
HD 339128	HIP 97696	297.82311	24.97662	484.5	m	10.94	2.51	F8	0.745
HIP 105920		321.78263	61.15969	484.51	m	9.624	1.197	A2	0.24
HD 2339	HIP 2130	6.75492	-40.49199	484.52	m	10.24	1.81	A0 V	0.051
HIP 29486		93.18529	-48.3247	484.54	m	10.46	2.035	G5	0.457
HIP 37919		116.56446	61.7986	484.56	m	9.266	0.839	K0	1.317
HIP 104484		317.49635	49.01903	484.57	m	9.033	0.606	B5	0.431
HD 88912	HIP 50211	153.75471	-15.04166	484.57	m	9.395	0.968	K0 III	1.265
HIP 95837		292.37946	3.09756	484.59	m	10.15	1.727	A	0.158
HD 297014	HIP 47871	146.34728	-47.60444	484.61	m	9.643	1.216	G5	1.098
HIP 108633		330.11451	9.27863	484.63	m	9.433	1.006	K0	1.185
HD 175038	HIP 92716	283.37931	-0.57054	484.65	m	9.386	0.959	B7 III/IV	0.18
HD 194715	HIP 101097	307.40132	-53.92088	484.69	m	9.367	0.94	K2/3 III	1.603
HD 39300	HIP 28093	89.07559	63.90243	484.75	m	9.045	0.617	B9	0.097
HD 95556	HIP 53870	165.31995	-33.53826	484.77	m	9.159	0.731	K1 III	1.32
HD 237751	HIP 43373	132.52502	54.72256	484.81	m	9.613	1.185	K0	1.35
HD 146573	HIP 79950	244.79339	-48.02489	484.83	m	9.233	0.805	G6 III	1.507
HD 24392	HIP 18005	57.74326	-44.62227	484.91	m	9.2	0.772	G8 III	1.17
HIP 70457		216.19111	-0.21163	484.93	m	9.433	1.005	K0	1.244
HD 223105	HIP 117267	356.67476	-5.45991	484.98	m	9.119	0.69	K0 III	1.321
HD 214493	HIP 111779	339.62384	3.34244	485	m	9.286	0.857	K2 (III)	1.783
HD 216195	HIP 112855	342.8183	-32.96975	485.02	m	9.275	0.846	G8 IV	1.123
HIP 3743		12.01023	5.10353	485.04	m	9.114	0.685	K2	1.308
HD 40232	HIP 28178	89.30855	-7.28902	485.05	m	10.12	1.688	A0 V	0.144
HIP 109728		333.40899	42.0359	485.05	m	9.671	1.242	A0	0.062
HD 123361	HIP 69098	212.16921	-54.12405	485.06	m	9.219	0.79	K1/2 III	1.697
HIP 60654		186.47776	-36.15401	485.1	m	9.365	0.936	K1	1.299
HD 83181	HIP 47045	143.81704	-44.61466	485.1	m	9.458	1.029	AP CREUSR	0.086
HIP 80006		244.96915	23.68227	485.11	m	9.793	1.364	K0	1.221
HIP 113115		343.5986	15.99723	485.12	m	9.675	1.246	K0	1.342
HD 124993	HIP 69840	214.39713	-36.59929	485.15	m	9.253	0.824	G8 III/IV	1.194
HD 103154	HIP 57917	178.1879	-7.59668	485.17	m	9.266	0.837	M5 III	1.173
HIP 71079		218.0286	84.3068	485.18	m	9.826	1.396	A0	0.253
HD 25177	HIP 18587	59.66627	-33.47485	485.18	m	9.111	0.681	K2 III	1.36
HIP 69259		212.68025	16.35363	485.31	m	9.618	1.188	K0	1.097
HIP 76437		234.17414	-49.49263	485.33	m	10.92	2.488	F5	0.345
HD 136145	HIP 75070	230.1089	-39.26213	485.33	m	9.145	0.715	G8/K0 IV	1.227
HD 213607	HIP 111235	338.04291	31.1253	485.33	m	9.567	1.137	B8	0.066
HD 58361	HIP 36297	112.07275	55.12003	485.33	m	9.142	0.712	K0	1.216
HD 83939	HIP 47500	145.26476	-27.85187	485.37	m	9.543	1.113	K1 III	1.376
HD 233563	HIP 42689	130.51513	53.33077	485.38	m	9.062	0.632	K2	1.354
HD 60279	HIP 36717	113.28283	-15.17839	485.38	m	9.271	0.841	B8/9 IV	-0.004
HD 120013	HIP 67267	206.80222	-23.47528	485.39	m	9.063	0.633	K1 III	1.447
HD 201824	HIP 104684	318.07327	-8.3569	485.4	m	9.041	0.61	Gp Ba	1.322
HD 218708	HIP 114423	347.59546	-24.25064	485.43	m	9.015	0.584	K1 III	1.33
HIP 2530		8.02584	-36.23938	485.44	e	10.53	2.103	F8	0.535
HD 124540	HIP 69649	213.81998	-40.29803	485.51	m	9.022	0.591	A2/3 V	0.149
HD 175909	HIP 93155	284.62885	-22.66264	485.52	m	9.138	0.707	AP SI	0.045
HIP 75907		232.56867	-24.23823	485.58	m	9.607	1.176	G5	1.29
HD 57732	HIP 35765	110.65569	1.24087	485.59	m	9.271	0.84	B9/9.5 IV/V	0.067
HIP 67220		206.61845	35.56061	485.6	m	9.201	0.77	K0	1.229
HIP 76191		233.43198	-35.3656	485.67	m	9.454	1.022	K0	2.051
HD 40534	HIP 28334	89.81086	-4.35931	485.71	m	9.036	0.604	B9 V	0.05
HIP 96277		293.65191	47.83724	485.75	m	9.962	1.53	F0	0.32
HD 27735	HIP 20439	65.68153	1.49736	485.75	m	9.584	1.152	G8 IV	1.159
HD 14079	HIP 10439	33.62943	-60.16151	485.75	m	9.203	0.771	G8 III	1.087
HIP 110962		337.22198	45.46014	485.79	m	9.304	0.872	A2	0.14
HD 166329	HIP 89858	275.06812	-77.67191	485.86	m	9.136	0.703	M4/6	1.605
HD 220469	HIP 115532	351.04396	-32.91707	485.93	m	9.285	0.852	G8 III/IV	1.001
HIP 113390		344.46569	18.01687	485.95	m	11.01	2.572	M6	2.022
HD 65564	HIP 38982	119.65863	-18.66395	485.97	m	9.004	0.571	B9 IV/V	-0.008
HD 349972	HIP 95140	290.348	19.79829	486.06	m	9.766	1.333	A2	0.572
HIP 68768		211.129	68.02315	486.11	m	10.17	1.739	A2	0.196
HD 194171	HIP 100728	306.32261	-33.36465	486.15	m	9.238	0.804	G8 III	1.155
HIP 66156		203.40951	-48.8495	486.15	m	10.37	1.939	F5	0.401
HIP 66185		203.4764	44.90771	486.16	m	9.775	1.341	G 8 III	1.185
HIP 72743		223.07636	-43.79203	486.2	m	9.556	1.122	G5	1.308
HD 81348	HIP 46039	140.84476	-49.12011	486.26	m	9.456	1.022	A6 V	0.242
HD 214064	HIP 111579	339.07433	-34.55182	486.3	m	9.143	0.708	K2 IV/V	1.404
HIP 76111		233.17372	-3.46409	486.38	m	9.868	1.433	M3	1.61
HIP 95600		291.66679	34.23065	486.39	m	9.194	0.759	A0	0.015
HD 99542	HIP 55835	171.66154	-51.16141	486.42	m	9.012	0.577	K1 III	1.416
HIP 88185		270.14635	-63.48318	486.43	m	9.442	1.007	F2	0.396
HD 47351	HIP 31494	98.94028	-47.28195	486.43	m	9.19	0.755	G8 III/IV	1.19
HD 81693	HIP 46326	141.68022	-18.60307	486.47	m	9.264	0.829	K0 III	1.181
HIP 32277		101.08092	40.62303	486.48	m	9.675	1.24	K	1.5
HD 149591	HIP 81502	249.70595	-56.93759	486.53	m	9.23	0.794	G3 III/IV	0.952
HD 222271	HIP 116729	354.84398	-53.38721	486.53	m	9.758	1.322	G8/K0 IV/V	1.137
HIP 107515		326.62972	3.97325	486.6	m	10.08	1.643	K0	1.604
HIP 36286		112.04515	-6.5154	486.62	m	9.236	0.8	K0	1.221
HD 90252	HIP 51020	156.34735	16.92025	486.65	m	9.181	0.745	K0	1.548
HIP 116281		353.40293	21.42399	486.66	m	9.48	1.044	K2	1.415
HD 28540	HIP 20703	66.52496	-62.17656	486.68	m	9.071	0.635	K3 III	1.488
HIP 65564		201.64088	1.73338	486.74	m	9.413	0.976	K2	1.263
HD 222607	HIP 116934	355.53896	-32.6421	486.75	m	9.211	0.774	G6 IV	1.067
HD 198671	HIP 103060	313.21459	-29.60938	486.77	m	10.15	1.716	G8 V	1.238
HD 104791	HIP 58827	180.99366	-30.62509	486.81	m	9.42	0.983	G6 III/IV	1.213
HIP 68656		210.80472	26.04061	486.84	m	9.573	1.136	K7	1.475
HIP 46186		141.25438	41.15485	486.86	m	9.107	0.67	K0	1.34
HD 97628	HIP 54809	168.30475	-59.64165	486.87	m	9.094	0.657	B9.5 V	-0.002
HD 290861	HIP 27309	86.78296	0.29891	486.92	m	10.21	1.77	B5	1.188
HD 112236	HIP 63052	193.78833	1.48522	486.93	m	9.052	0.615	K0 III	1.19
HD 352914	HIP 102361	311.10562	17.69728	486.98	m	10.27	1.829	F5	0.513
HIP 15156		48.83799	68.37758	487.05	m	9.534	1.096	K2	1.238
HD 127950	HIP 71304	218.72986	-26.05562	487.06	m	9.077	0.639	K1/2 III	1.482
HD 143189	HIP 78101	239.20207	49.01184	487.11	m	9.312	0.874	K2	1.238
HIP 80922		247.8702	-52.19625	487.22	m	9.575	1.136	G5	1.426
HD 202233	HIP 105031	319.11226	-53.00445	487.25	m	9.003	0.564	G6 III	1.092
HD 185953	HIP 97224	296.40087	-63.0418	487.36	m	9.008	0.569	G6 III	1.115
HIP 52791		161.90071	39.22687	487.37	m	11.05	2.614	F5	0.228
HD 3057	HIP 2660	8.42114	-18.1153	487.38	m	9.171	0.732	K3/4 III	1.696
HD 101736	HIP 57095	175.56825	-41.92312	487.41	m	9.642	1.203	F0 V	0.422
HD 220890	HIP 115784	351.85284	0.72229	487.44	m	9.423	0.983	K0 (III)	1.195
HD 213131	HIP 111014	337.35531	-7.05276	487.48	m	9.094	0.654	G8/K0 (III)	1.134
HD 31025	HIP 22512	72.66245	-39.01149	487.55	m	9.312	0.872	K3/4 (III)	1.711
HD 29823	HIP 21803	70.26157	-22.38463	487.64	m	9.444	1.004	K0/1 III	1.281
HD 3842	HIP 3216	10.22422	-9.96007	487.64	m	9.097	0.657	G8 IV	1.045
HD 204365	HIP 106027	322.12942	-18.66691	487.67	m	9.705	1.264	K0 III	1.323
HD 204605	HIP 106142	322.49275	-8.60146	487.77	m	9.281	0.84	K1 III	1.202
HD 203127	HIP 105525	320.58746	-54.87096	487.9	m	9.854	1.412	G6/8 IV/V	1.015
HD 225005	HIP 203	0.64228	-15.83125	487.96	m	9.305	0.863	K0 III	1.11
HD 177613	HIP 93912	286.83772	-40.60026	487.97	m	9.416	0.974	G8/K0 III	1.167
HD 170300	HIP 90631	277.39269	-22.17706	488.05	m	9.606	1.164	K0/1 III/IV	1.34
HIP 79708		244.01562	0.85146	488.05	m	10.52	2.081	F5	0.839
HD 339850	HIP 100020	304.39598	28.11164	488.1	m	9.323	0.88	B9	0.088
HD 83827	HIP 47441	145.02841	-33.69384	488.13	m	9.443	1	G8/K0 III/IV	1.286
HIP 110722		336.49688	41.94397	488.15	m	9.549	1.106	A0	0.195
HIP 85503		262.10132	15.864	488.16	m	9.609	1.166	M8	1.533
HD 47370	HIP 31645	99.35011	-20.58695	488.16	m	9.627	1.184	B9 V	0.02
HD 14199	HIP 10405	33.51804	-71.53787	488.18	m	9.152	0.709	G6/8 III	1.2
HIP 52037		159.48174	74.35692	488.2	m	10.56	2.12	K	1.312
HD 153738	HIP 83253	255.23818	8.95361	488.2	m	9.586	1.143	G5	1.27
HIP 4769		15.32324	-33.71259	488.21	m	12.62	4.172	B	
HD 110239	HIP 61897	190.2599	-34.9641	488.23	m	9.486	1.043	G8/K0 III	1.312
HD 21573	HIP 16125	51.92297	-32.24174	488.27	m	9.193	0.75	K0 III	1.279
HD 232712	HIP 13097	42.10098	51.54322	488.3	m	9.67	1.227	B9	0.146
HD 99497	HIP 55818	171.5937	-51.63988	488.37	m	9.161	0.717	G8/K0 III	1.111
HD 9182	HIP 6988	22.48923	-33.05035	488.4	m	9.349	0.905	K0 III	1.217
HIP 32093		100.57003	-36.02865	488.48	m	9.619	1.175	K0	1.214
HD 148006	HIP 80392	246.13742	17.64649	488.5	m	9.181	0.737	A2	0.187
HIP 6594		21.17286	33.02582	488.51	m	9.344	0.9	K0	1.304
HD 181314	HIP 95061	290.12556	-13.25157	488.6	m	9.086	0.641	B8 IV/V	0.092
HD 4306	HIP 3554	11.36318	-9.54439	488.6	m	9.086	0.641	G3/5w(A)	0.798
HD 197082	HIP 102169	310.53436	-26.48052	488.65	m	9.528	1.083	K3/4 (III)	1.711
HIP 40895		125.17942	-31.65611	488.66	m	9.489	1.044	K0	1.552
HD 54791	HIP 34436	107.08771	-41.91072	488.69	m	9.469	1.024	G8 III(P)	1.282
HD 43116	HIP 29567	93.43609	-18.75744	488.72	m	9.096	0.651	A0 V	0.101
HIP 109971		334.10994	47.97794	488.76	m	9.79	1.345		0.271
HIP 53677		164.74021	32.94144	488.83	m	11.13	2.685	G0	0.47
HIP 36676		113.18429	1.92104	488.83	m	9.677	1.231	K0	1.212
HIP 78959		241.78607	32.37958	488.84	m	9.473	1.027	M8	1.54
HIP 68109		209.15823	-42.99309	488.9	m	10.78	2.337	F5	0.439
HIP 3198		10.19165	28.85826	489.04	m	9.22	0.773	K0	1.1
HD 140702	HIP 77213	236.47676	-24.55946	489.07	m	9.002	0.555	K3 III	1.888
HIP 78786		241.26435	-7.41506	489.08	m	12.42	3.97	G5	-0.046
HIP 66985		205.91988	13.55466	489.14	m	9.547	1.1	K0	1.294
HD 111939	HIP 62828	193.12751	33.83603	489.14	m	9.027	0.58	K1III	1.394
HD 239153	HIP 96489	294.22978	57.35121	489.15	m	9.12	0.673	K0	1.149
HD 127873	HIP 71245	218.55023	-17.56334	489.16	m	9.48	1.033	K0/1 III	1.294
HD 90391	HIP 51038	156.4025	-30.67434	489.18	m	9.436	0.989	K1 III	1.128
HD 136716	HIP 75355	230.99275	-45.69968	489.22	m	9.234	0.787	K0/2 (III)	1.211
HIP 50300		154.05259	34.40084	489.28	m	9.389	0.941	G5	1.26
HD 161317	HIP 87421	267.97709	-72.66816	489.29	m	9.341	0.893	G8/K0 III	1.379
HD 65743	HIP 39011	119.7505	-30.3403	489.3	m	9.15	0.702	AP SI	-0.005
HD 14182	HIP 10431	33.59532	-69.48704	489.32	m	9.399	0.951	G5 III(P)	0.918
HD 191556	HIP 99565	303.07888	-44.85602	489.33	m	9.692	1.244	K2 III	1.583
HIP 111813		339.72581	38.61823	489.33	m	9.765	1.317	B 9.5V	-0.017
HD 107266	HIP 60151	185.02047	-48.80227	489.4	m	9.049	0.601	K1 III	1.34
HIP 21014		67.59462	78.42086	489.4	m	9.377	0.929	F0	0.348
HIP 63729		195.90189	20.5422	489.41	m	9.396	0.948	K0	1.207
HIP 78285		239.75943	7.26141	489.43	m	9.648	1.2	K0	1.127
HD 65647	HIP 39056	119.84953	-10.48264	489.49	m	9.156	0.707	A1 V	0.121
HD 35507	HIP 25272	81.06793	-21.12179	489.58	m	9.282	0.833	G8 IV	1.239
HD 140403	HIP 77087	236.09555	-27.45666	489.58	m	9.399	0.95	G6/8 IV	1.085
HD 130428	HIP 72396	222.02699	4.95028	489.64	m	9.214	0.765	K0	1.156
HD 200509	HIP 103838	315.61815	44.14719	489.65	m	9.006	0.557	B5	-0.025
HIP 86932		266.43779	47.05809	489.69	m	9.674	1.224	K0	1.428
HD 189184	HIP 98303	299.59814	13.07359	489.7	m	9.384	0.934	B9	0.022
HD 150369	HIP 81769	250.53252	-36.55635	489.71	m	9.674	1.224	G8/K0 (III)	1.806
HIP 61596		189.32137	47.82891	489.73	m	10.83	2.376	G8III	1.304
HD 58365	HIP 36073	111.49671	16.97343	489.79	m	9.001	0.551	A2	0.148
HIP 58431		179.71537	-50.02438	489.86	m	10.8	2.347	F0	0.204
HIP 56642		174.20998	19.43651	489.87	m	10.81	2.356	G5	1.005
HD 236526	HIP 3689	11.82416	55.97864	489.88	m	9.49	1.04	F8	0.491
HD 17877	HIP 13132	42.22702	-65.23897	489.93	m	9.194	0.743	K2 II	1.398
HIP 19498		62.67013	64.49315	489.97	m	9.09	0.639	B8	0.733
HD 57218	HIP 35432	109.72298	-32.00846	489.99	m	9.355	0.904	B9 V	-0.056
HD 184223	HIP 96217	293.4912	-16.27489	490.01	m	9.075	0.624	K1III+(F)	1.115
HD 9651	HIP 7306	23.51511	-29.30218	490.03	m	9.836	1.385	F3 V	0.409
HD 196472	HIP 101840	309.57054	-19.56078	490.04	m	9.448	0.997	K2 III	1.447
HD 235443	HIP 104211	316.70677	52.00474	490.06	m	9.026	0.575	B5	0.235
HD 66734	HIP 39547	121.21914	-1.00746	490.08	m	9.001	0.55	A3 IV	0.236
HIP 8635		27.83784	43.48122	490.11	m	9.22	0.769	A0	0.021
HIP 66374		204.09727	21.54019	490.11	m	9.532	1.081	K5	1.214
HD 144870	HIP 79904	244.64505	-79.54212	490.14	m	9.241	0.789	K1/2 III	1.484
HD 159504	HIP 86046	263.77582	-0.59735	490.18	m	9.432	0.98	B9/A0 V	0.239
HD 138807	HIP 76246	233.62261	-1.45027	490.19	m	9.105	0.653	K3 III	1.734
HD 279262	HIP 18708	60.11293	34.35817	490.2	e	10.17	1.721	B 8 V	0.254
HD 349136	HIP 91493	279.89376	18.59087	490.21	m	9.124	0.672	B8	0.05
HIP 101444		308.38554	88.06724	490.24	m	9.329	0.877	K0	1.47
HD 134556	HIP 74360	227.94908	-39.36997	490.28	m	9.075	0.623	K2 II/III	1.179
HIP 65717		202.09572	5.10682	490.29	m	9.178	0.726	K0	1.333
HD 148769	HIP 80942	247.91709	-31.65278	490.3	m	9.137	0.685	K2/3 (III)	1.931
HD 120725	HIP 67622	207.84145	-5.7941	490.33	m	9.481	1.029	G8 IV	1.1
HIP 65938		202.76864	39.92439	490.34	m	10.94	2.483	A5	0.12
HIP 114625		348.3131	45.84028	490.39	m	10.47	2.016	A2	0.148
HD 182607	HIP 95647	291.83738	-42.80379	490.44	m	10.29	1.839	F5 IV/V	0.565
HD 76998	HIP 44034	134.5009	-44.86949	490.44	m	9.219	0.766	B9 V	-0.008
HD 107730	HIP 60372	185.69119	-13.11558	490.45	m	9.272	0.819	G8 III/IV	1.187
HD 246162	HIP 26754	85.26028	28.10638	490.46	m	9.678	1.225	M3	1.673
HD 206103	HIP 106988	325.02542	-11.3283	490.51	m	9.471	1.018	Ap Si	-0.087
HD 193223	HIP 100115	304.64132	16.46681	490.59	m	9.32	0.866	A0	0.095
HIP 68797		211.24064	35.81412	490.62	m	9.058	0.604	G 8 V	1.165
HIP 53961		165.60059	-79.76089	490.63	m	9.495	1.041	K0	1.189
HD 222196	HIP 116670	354.65646	-36.64615	490.64	m	9.316	0.862	K1 IV	1.217
HD 192564	HIP 99883	303.97996	-11.6962	490.68	m	9.2	0.746	K0 III	1.232
HIP 79820		244.37113	18.78943	490.68	m	9.413	0.959	K0	1.041
HD 206521	HIP 107327	326.08519	-55.85369	490.69	m	9.511	1.057	G8 III	1.169
HIP 13816		44.46169	-18.42676	490.72	m	11.91	3.456		0.08
HD 6263	HIP 4999	16.0147	37.45105	490.76	m	9.119	0.665	F0	0.387
HIP 56562		173.94603	-37.46826	490.79	m	9.613	1.159	K0	1.512
HD 152997	HIP 82945	254.25489	-3.81495	490.81	m	9.859	1.404	G8 V	1.225
HD 31840	HIP 22937	74.03443	-53.8569	490.85	m	9.317	0.862	G8 III	1.174
HIP 106487		323.52947	28.95628	490.88	m	9.284	0.829	K0	1.308
HD 67906	HIP 39845	122.10919	-41.29406	490.92	m	9.087	0.632	B9 IV	-0.065
HD 40155	HIP 27905	88.57403	-51.84247	490.93	m	9.228	0.773	G8 III	1.168
HIP 111939		340.11552	38.72639	491	m	10.1	1.648	A 0 V	0.118
HIP 43126		131.75923	-45.3076	491	m	9.593	1.138	A0	0.158
HIP 11717		37.81192	-54.24209	491.02	m	9.608	1.153	K0	1.385
HD 94622	HIP 53357	163.68175	-45.60284	491.11	m	9.524	1.068	A7 III	0.29
HIP 22876		73.81714	-4.33943	491.12	m	9.704	1.248	G5	1.143
HD 209365	HIP 108877	330.83416	-25.65157	491.14	m	9.424	0.968	A3 III	0.2
HIP 109890		333.85683	6.82263	491.18	m	9.58	1.124	A5.0-F0.5	0.29
HD 120658	HIP 67632	207.86306	-35.98895	491.18	m	9.414	0.958	K0 III	1.37
HIP 71095		218.08857	16.79856	491.18	m	9.073	0.617	G5	1.098
HIP 112728		342.4345	27.58795	491.18	m	9.054	0.598	K0	1.214
HIP 114107		346.65446	61.47852	491.28	m	9.753	1.296	A2	0.271
HIP 56524		173.84058	30.33154	491.3	m	9.144	0.687	K0	1.14
HD 53179	HIP 34042	105.92986	-11.55176	491.3	m	9.877	1.42	B8/A0	1.269
HIP 65505		201.39631	-51.7591	491.36	m	10.3	1.84	G0	0.633
HD 278776	HIP 16408	52.81821	32.33039	491.39	m	11.16	2.702	A0	0.243
HIP 4741		15.22364	-55.28094	491.49	m	9.529	1.071	K0	1.403
HD 159163	HIP 86014	263.68185	-36.30325	491.63	m	9.032	0.574	G3 IV/V	1.038
HIP 77929		238.72234	7.2702	491.63	m	10.68	2.218	A2	0.385
HD 34822	HIP 24290	78.19204	-73.3714	491.66	m	9.732	1.274	A8 III	0.337
HIP 42170		128.9597	46.70312	491.67	m	9.614	1.156	K 0 III	1.507
HD 201849	HIP 104753	318.3315	-33.74405	491.7	m	9.735	1.276	K1 III	1.171
HIP 8045		25.82652	21.50031	491.76	m	9.053	0.594	K2	1.464
HIP 3439		10.96865	-1.48195	491.8	m	10.13	1.674	K2	1.204
HIP 70545		216.46874	22.82817	491.84	m	9.006	0.547	M1	1.123
HD 24417	HIP 17974	57.64164	-51.8443	491.88	m	9.028	0.569	K3/4	1.753
HIP 85479		262.03121	28.47374	492	m	9.378	0.918	K0	1.296
HD 122358	HIP 68640	210.7569	-56.31542	492.02	m	9.049	0.589	G8 III	1.206
HD 94605	HIP 53386	163.79241	-16.79632	492.05	m	9.305	0.845	K0 III	1.303
HD 11240	HIP 8462	27.28332	-53.01139	492.06	m	9.232	0.772	G8 IV	1.133
HD 218086	HIP 114043	346.42082	-40.58433	492.08	m	9.036	0.576	K1 III	1.405
HD 96873	HIP 54511	167.29341	-18.85584	492.11	m	9.375	0.915	K0 III	1.423
HIP 41917		128.18676	43.62491	492.13	m	9.222	0.762	G 5 III	1.252
HD 22883	HIP 17078	54.89156	-27.36403	492.22	m	9.244	0.783	K1 III	1.254
HD 195040	HIP 101098	307.40357	-21.12632	492.24	m	9.154	0.693	G6 III/IV	1.313
HD 29791	HIP 21773	70.1441	-26.07822	492.38	m	9.105	0.644	G8/K0 III	1.266
HD 10896	HIP 8184	26.29485	-59.88901	492.38	m	9.714	1.252	F0/2 IV/V	0.476
HD 211848	HIP 110343	335.2356	-42.74911	492.4	m	9.361	0.899	G8 IV	1.041
HD 120668	HIP 67618	207.83042	-22.08163	492.46	m	9.608	1.146	K1 III	1.309
HIP 20976		67.48437	-58.92458	492.46	m	9.483	1.021	G5	1.423
HD 140351	HIP 77145	236.26371	-45.51859	492.48	m	9.092	0.63	F7/8 V	0.7
HIP 60482		185.9859	-49.48017	492.6	m	10.64	2.174	F2	0.233
HIP 26793		85.35866	57.78975	492.62	m	10.14	1.676	K0	1.288
HIP 100562		305.86864	46.39602	492.63	m	9.083	0.62	K0	1.252
HIP 110295		335.10824	40.37482	492.75	m	9.347	0.884	F2	0.49
HD 113271	HIP 63629	195.62032	15.88071	492.78	m	9.397	0.934	K0	1.111
HIP 13145		42.26735	16.12279	492.79	m	9.322	0.859	K0	1.206
HD 159121	HIP 85861	263.18528	2.85516	492.81	m	9.339	0.876	A3 III	0.452
HIP 104782		318.40524	22.62615	492.87	m	9.905	1.441	A0	0.098
HD 211999	HIP 110216	334.88918	60.94753	492.89	m	9.408	0.944	A2	0.32
HIP 57400		176.51823	26.844	492.9	m	9.598	1.134	K0III	1.211
HIP 19168		61.64652	-19.02093	492.93	m	10.14	1.673	A0	-0.039
HIP 77551		237.50712	41.2489	492.93	m	9.945	1.481	K0	1.346
HIP 91416		279.66402	-49.36164	492.95	m	10.07	1.606	G0	0.64
HD 249650	HIP 28258	89.56082	29.41171	492.98	m	9.019	0.555	K5	1.859
HD 33592	HIP 24115	77.6873	-13.87785	492.98	m	9.334	0.87	K3 III	1.691
HD 130189	HIP 72184	221.46692	33.1223	492.99	m	9.239	0.775	K0	1.099
HD 10746	HIP 8015	25.73098	-64.90872	493.07	m	9.086	0.621	G8 III	1.181
HD 25502	HIP 18811	60.46133	-30.78118	493.09	m	9.439	0.974	K2 III	1.398
HD 128384	HIP 71674	219.90388	-65.82439	493.11	m	10.04	1.571	A7/9 III	0.37
HD 218036	HIP 113988	346.26833	-28.47987	493.12	m	9.457	0.992	K0 III	1.151
HIP 68424		210.10777	19.01248	493.12	m	10.71	2.24	G0	0.611
HIP 85853		263.17302	-46.59107	493.16	m	10.36	1.894	G0	0.574
HD 126659	HIP 70476	216.23364	57.86697	493.17	m	9.209	0.744	A0	0.066
HD 2194	HIP 2044	6.48411	-6.06778	493.2	m	9.791	1.326	K0 III	1.253
HD 131500	HIP 72985	223.72879	-32.81317	493.2	m	9.472	1.007	K3 (III)	1.632
HIP 38347		117.80954	-33.75035	493.21	m	9.257	0.792	K0	1.22
HD 175163	HIP 92892	283.89997	-34.64458	493.22	m	9.043	0.578	G3/6	1.153
HD 18182	HIP 13596	43.79623	-4.31663	493.25	m	9.09	0.625	G8/K0 III	1.223
HD 21725	HIP 16633	53.50016	64.44888	493.3	m	9.113	0.647	B9	0.231
HD 98333	HIP 55232	169.65914	5.1221	493.34	m	9.045	0.579	K5	1.494
HD 88551	HIP 49982	153.06862	-24.10355	493.36	m	9.509	1.043	K0/1 III	1.308
HIP 36970		113.99695	9.50299	493.38	m	9.545	1.079	K0	1.091
HD 241533	HIP 24208	77.96939	3.78243	493.39	m	9.515	1.049	F8	0.61
HD 17568	HIP 13266	42.6697	44.35882	493.41	m	9.087	0.621	A M A5-F0	0.439
HD 76429	HIP 44054	134.57564	52.30013	493.44	m	9.071	0.605	K0	1.169
HIP 77582		237.60086	16.75036	493.48	m	9.899	1.433	K0	0.986
HIP 75556		231.52581	24.75515	493.5	m	9.49	1.024	M0	1.284
HD 1112	HIP 1241	3.86368	-3.65419	493.55	m	9.09	0.623	B9 V	-0.044
HD 129535	HIP 72355	221.93429	-73.19588	493.55	m	9.607	1.14	A1MA6-A6	0.143
HIP 26047		83.35201	-29.6426	493.56	m	9.417	0.95	K0	1.181
HD 223309	HIP 117407	357.10136	45.43845	493.62	m	9.054	0.587	B8	0.073
HD 26785	HIP 19675	63.2207	-33.14047	493.65	m	9.207	0.74	G8 III	1.149
HD 177794	HIP 93826	286.6058	-9.79782	493.66	m	9.357	0.89	B9 III	0.29
HIP 42541		130.08062	-73.77337	493.68	m	11.49	3.025	Fp	0.673
HD 169063	HIP 90051	275.63624	7.63627	493.73	m	9.242	0.775	A0	0.273
HD 205266	HIP 106580	323.79438	-36.65883	493.9	m	9.142	0.674	K1 III	1.277
HD 11102	HIP 8405	27.11243	-36.85242	494	m	9.355	0.886	K0 III	1.285
HD 338831	HIP 97072	295.91535	25.26921	494.03	m	10.02	1.547	K0	1.154
HIP 75860		232.43238	-46.98037	494.04	m	9.857	1.388	F2	0.361
HIP 101323		308.05363	43.06599	494.05	m	9.122	0.653	A P SI	-0.03
HD 196460	HIP 102068	310.27068	-64.03561	494.06	m	9.126	0.657	K0 III	1.172
HIP 26095		83.47863	-14.80486	494.11	m	9.022	0.553	K2	1.226
HD 214477	HIP 111792	339.64904	-5.88119	494.19	m	9.456	0.987	G8 (III)	1.281
HD 56289	HIP 34931	108.42294	-51.82558	494.37	m	9.345	0.875	G8/K0 III	1.182
HD 98008	HIP 55049	169.03937	-19.59751	494.42	m	9.31	0.84	K1 III/IV	1.434
HD 344012	HIP 94525	288.57852	23.78845	494.42	m	9.871	1.401	B9	0.154
HD 346009	HIP 99434	302.73417	22.62184	494.46	m	9.94	1.469	A0	0.13
HD 80381	HIP 45604	139.43517	-48.34716	494.48	m	9.189	0.718	A1 V	0.077
HIP 10448		33.66442	6.11904	494.49	m	9.248	0.777	G5	1.143
HD 237917	HIP 52074	159.61445	57.5276	494.51	m	9.19	0.719	K0	1.298
HIP 43355		132.47153	-1.68649	494.56	m	9.378	0.907	K0	1.289
HIP 68533		210.44169	-45.01149	494.57	m	10.95	2.476	F0	0.309
HIP 47748		146.01192	10.74363	494.63	m	9.105	0.634	G5	1.2
HD 105323	HIP 59142	181.90737	0.70854	494.69	m	9.343	0.871	K0 III	1.131
HD 194743	HIP 100931	306.96354	-18.05498	494.7	m	9.448	0.976	K0 III/IV	1.239
HIP 90771		277.79457	66.12626	494.8	m	9.196	0.724	K0	1.158
HD 234066	HIP 66995	205.94941	51.46897	494.86	m	9.44	0.968	K7	1.443
HIP 13519		43.52699	-56.79629	494.9	m	9.344	0.871	K2	1.344
HD 126977	HIP 70883	217.43762	-34.76883	494.93	m	9.067	0.594	K4 III	1.686
HIP 40247		123.30507	5.00179	494.95	m	9.498	1.025	K2	1.273
HD 85606	HIP 48362	147.89025	-48.95402	494.98	m	9.17	0.697	K0 III	1.278
HIP 112744		342.48741	41.23585	494.98	m	9.734	1.261	A5	0.385
HD 230376	HIP 93316	285.10483	18.01368	494.99	m	9.164	0.691	A0	0.309
HD 34848	HIP 24814	79.78932	-31.5348	494.99	m	9.118	0.645	G8 III	1.049
HD 215212	HIP 112175	340.77985	36.96626	495.01	m	9.275	0.802	B 8 V	-0.024
HD 69567	HIP 40463	123.9267	-44.32287	495.07	m	9.028	0.555	B7/9 III/IV	-0.015
HIP 40963		125.39892	-1.98839	495.07	m	9.757	1.284	K2	1.368
HD 232199	HIP 2325	7.41638	52.30463	495.15	m	9.614	1.14	B9	0.084
HIP 78291		239.78735	49.78076	495.15	m	9.342	0.868	K	1.234
HIP 83393		255.6586	-5.68428	495.2	m	9.822	1.348	K0	1.909
HD 60675	HIP 37011	114.10408	19.2371	495.2	m	9.065	0.591	G5	1.396
HD 201502	HIP 104945	318.8748	-74.41289	495.22	m	9.289	0.815	G8 III	1.069
HIP 68203		209.4437	-50.12763	495.25	m	10.05	1.58	G0	0.516
HD 218579	HIP 114337	347.34587	-27.09828	495.29	m	9.496	1.022	K0 III	1.295
HIP 75348		230.95729	23.15092	495.31	m	10.32	1.849	K0	1.114
HIP 27540		87.48591	66.06987	495.34	m	9.207	0.732	K5	1.673
HD 22314	HIP 16620	53.46649	-42.15156	495.44	m	9.477	1.002	K0/1 (III)	1.248
HD 156718	HIP 84808	260.00404	-19.01042	495.57	m	9.18	0.704	K2 III	1.949
HIP 18224		58.44785	6.86056	495.57	m	9.37	0.894	G5	1.2
HIP 57778		177.72503	16.38395	495.64	m	9.484	1.008	K0	1.189
HD 172164	HIP 92383	282.39694	-78.67925	495.76	m	9.606	1.13	AP SI LAM 4200	0.135
HIP 69615		213.72811	-18.61899	495.8	m	9.638	1.161	G5	1.316
HD 95866	HIP 54142	166.14043	58.90388	495.85	m	9.245	0.768	G 0 IV	0.943
HD 298983	HIP 50298	154.04681	-52.37936	495.9	m	10.47	1.995	F 2 V	0.319
HIP 74871		229.51293	-3.43618	495.97	m	9.778	1.301	K2	1.475
HD 53497	HIP 33907	105.55784	-53.72305	496.01	m	9.343	0.866	B9.5 V	-0.02
HIP 67510		207.50288	18.82069	496.11	m	9.298	0.82	K0	1.131
HD 87227	HIP 49296	150.92458	2.09439	496.11	m	9.197	0.719	K3/4 III/V	1.821
HD 1115	HIP 1236	3.84277	-32.04527	496.14	m	9.007	0.529	M7/8 IIIE	1.278
HIP 17528		56.29786	-65.63273	496.16	m	9.552	1.074	K0	1.214
HD 141058	HIP 77866	238.50018	-75.40521	496.17	m	9.261	0.783	G8 III	1.095
HIP 57726		177.57496	39.81838	496.17	m	10.31	1.835	K0III	1.245
HIP 2946		9.34638	18.17294	496.2	m	9.206	0.728	K0	1.466
HD 19265	HIP 14227	45.86684	-57.5252	496.37	m	9.231	0.752	K0 III	1.302
HIP 3799		12.20038	9.84345	496.41	m	9.591	1.112	K0	1.35
HD 4192	HIP 3392	10.80384	-70.29697	496.45	m	9.451	0.972	K0 III	1.225
HIP 36313		112.12738	36.12621	496.45	m	11.13	2.649	G0	0.428
HD 129614	HIP 72232	221.58112	-63.9218	496.48	m	9.327	0.848	A3/5 III/IV	0.266
HIP 101656		309.09522	-32.61114	496.52	m	10.39	1.91	G0	0.701
HD 216987	HIP 113389	344.46154	-34.99849	496.54	m	9.193	0.713	K0 III	1.205
HIP 58058		178.6103	-49.40235	496.55	m	10.44	1.958	F8	0.403
HD 205613	HIP 106889	324.74452	-62.16616	496.67	m	9.448	0.968	K0 III	1.217
HD 216661	HIP 113081	343.5238	44.54598	496.67	m	9.083	0.603	B9	0.1
HIP 88428		270.80631	37.83988	496.7	m	9.065	0.585	K0	1.357
HIP 58834		181.01241	-50.99355	496.75	m	9.844	1.363	G5	1.314
HIP 24792		79.72925	64.16756	496.78	m	10.02	1.54	K0	1.619
HIP 18165		58.25678	20.20802	496.81	m	9.242	0.761	M8	1.671
HD 222090	HIP 116587	354.40456	-5.1077	496.88	m	9.406	0.925	G8 V	1.043
HD 202851	HIP 105212	319.68119	-1.53425	496.91	m	9.768	1.287	(C)	1.45
HD 6213	HIP 4953	15.88328	23.06975	496.95	m	9.101	0.619	A0	0.044
HD 174681	HIP 92595	283.01016	-8.46058	496.95	m	9.425	0.943	K1 (III)	1.814
HIP 22173		71.5624	-9.47755	496.96	m	9.374	0.892	K0	1.057
HD 166202	HIP 89304	273.33835	-59.51817	497.02	m	9.189	0.707	F6M	0.562
HD 213631	HIP 111166	337.81576	63.52264	497.05	m	9.049	0.567	A0	0.403
HIP 109050		331.36855	40.29454	497.05	m	10.89	2.404	F2	0.392
HIP 115437		350.74159	16.20342	497.06	m	9.52	1.038	K0	1.507
HD 26187	HIP 19268	61.94651	-23.10488	497.26	m	9.426	0.943	B9 V	0.017
HD 237614	HIP 35917	111.06517	58.28441	497.26	m	10.52	2.041	F0	0.463
HD 84538	HIP 45816	140.12586	-87.16665	497.38	m	9.069	0.586	A0 IV	0.168
HIP 103053		313.18261	44.71481	497.45	m	9.081	0.597	F7IV	1.135
HD 116830	HIP 65538	201.53343	2.89811	497.47	m	9.152	0.668	G8/K0 III	1.09
HD 139246	HIP 76441	234.18294	10.58479	497.49	m	9.033	0.549	K2	1.336
HD 44858	HIP 30412	95.9178	-11.67549	497.5	m	9.825	1.341	B9 IV	0.077
HD 195386	HIP 101344	308.09717	-38.28468	497.54	m	9.369	0.885	G8 V	1.103
HD 274735	HIP 24928	80.11268	-48.02829	497.59	m	9.023	0.539	K2	1.454
HD 26977	HIP 19837	63.79738	-19.98912	497.62	m	9.467	0.983	K0/1 IV/V	1.121
HIP 45231		138.27357	-27.00413	497.62	m	9.681	1.197	K0	1.269
HIP 112906		342.95911	39.1449	497.7	m	9.453	0.968	B 9 V	-0.031
HD 217048	HIP 113460	344.66419	-55.81085	497.84	m	9.812	1.327	K2 III	1.329
HIP 80259		245.77127	30.85016	497.85	m	9.707	1.221	M9	1.465
HIP 37559		115.63127	31.23789	498.01	m	9.333	0.847	K0	1.103
HD 175122	HIP 92766	283.55338	-7.32522	498.05	m	9.013	0.527	A1 V	0.168
HIP 4748		15.25773	-32.71791	498.1	m	9.486	0.999	K0	1.469
HIP 42945		131.31309	12.42213	498.11	m	9.613	1.126	K0	0.956
HD 69196	HIP 40182	123.11753	-61.18777	498.13	m	9.595	1.108	F0 IV/V	0.364
HD 29693	HIP 21580	69.50951	-49.81256	498.17	m	9.227	0.74	G6/8 III	1.233
HIP 12010		38.70355	-56.98563	498.2	m	9.473	0.986	K0	1.287
HIP 60897		187.20055	22.00338	498.2	m	9.24	0.753	G5	1.114
HIP 6236		20.00587	-0.82341	498.24	m	9.482	0.995	K2	1.472
HD 147467	HIP 80105	245.27916	28.50351	498.26	m	9.364	0.877	K0	1.192
HIP 48790		149.26887	6.33717	498.32	m	9.116	0.628	K0	1.212
HIP 64997		199.84366	25.12933	498.32	m	9.395	0.907	K0	1.051
HD 137374	HIP 75526	231.44018	-4.50425	498.37	m	9.582	1.094	G8/K0 (III)	1.082
HIP 13045		41.90704	0.6665	498.38	m	9.313	0.825	K2	1.34
HD 104675	HIP 58772	180.81415	36.72307	498.38	m	9.084	0.596	K2III	1.574
HIP 107698		327.24474	9.253	498.46	m	9.136	0.648	K2	1.715
HD 6145	HIP 4698	15.0918	-75.31744	498.52	m	9.37	0.882	K0 III	1.246
HIP 36601		112.91172	26.46203	498.55	m	9.371	0.882	K0	1.012
HIP 55754		171.35945	-40.72657	498.58	m	9.606	1.117	K2	1.14
HD 219915	HIP 115205	350.01293	-51.89652	498.59	m	9.037	0.548	K3/4 III	1.661
HD 12542	HIP 9393	30.18078	-63.40768	498.65	m	9.501	1.012	K3 III	1.578
HD 219123	HIP 114692	348.50498	-53.94959	498.65	m	9.193	0.704	G8/K1 II + G	0.943
HD 84911	HIP 48283	147.66493	60.19716	498.67	m	9.175	0.686	K0	1.289
HD 105162	HIP 59086	181.75189	-86.76016	498.67	m	9.165	0.676	G8 II	1.223
HD 124823	HIP 69691	213.98423	-11.20509	498.69	m	9.523	1.034	K1 III	1.321
HD 103028	HIP 57836	177.90858	-35.84254	498.71	m	9.566	1.077	K1 IV	1.289
HD 154448	HIP 83742	256.72661	-33.12455	498.73	m	9.375	0.886	A0 V	0.278
HD 19087	HIP 14217	45.83519	-29.04829	498.74	m	9.476	0.987	K2 III	1.343
HD 92776	HIP 52342	160.46729	-46.38486	498.77	m	9.626	1.136	A0 V	0.023
HD 223646	HIP 117675	357.97447	-79.16196	498.8	m	9.326	0.836	K0/2P BA	1.445
HD 149244	HIP 81117	248.50929	-15.52706	498.85	m	9.267	0.777	K0 III	1.867
HIP 64009		196.7423	88.09092	498.86	m	9.801	1.311	G8	1.097
HD 15751	HIP 11646	37.55869	-49.92842	498.88	m	9.268	0.778	G8 III/IV	1.175
HD 275682	HIP 17094	54.92239	37.79232	498.88	m	9.814	1.324	A 4 IV	0.646
HD 214362	HIP 111730	339.49447	-22.64449	498.88	m	9.117	0.627	GWA/F	0.581
HIP 79417		243.11826	13.71523	498.88	m	9.737	1.247	F2	0.423
HIP 52755		161.80643	53.61777	498.91	m	9.43	0.94	K0	1.166
HD 149330	HIP 81173	248.69811	-19.9409	498.97	m	9.045	0.555	K1/2 III	2.126
HD 85967	HIP 48551	148.52698	-47.09462	499	m	9.249	0.759	G8 IV/VCNIII	1.268
HD 148499	HIP 80778	247.40306	-27.5705	499	m	9.831	1.34	B9 III	0.439
HD 236637	HIP 5501	17.61073	59.60041	499.06	m	10.18	1.689	K2	1.192
HIP 63667		195.73244	26.40577	499.13	m	12.04	3.544	G 8 III	
HD 122383	HIP 68395	210.01541	52.92988	499.15	m	9.202	0.711	K0	1.276
HD 98263	HIP 55220	169.62536	30.86188	499.22	m	9.363	0.872	G5	1.12
HD 216846	HIP 113295	344.13813	-24.70617	499.33	m	9.963	1.471	K2 (III)	1.238
HIP 113752		345.55101	12.53688	499.38	m	9.019	0.527	K0	1.795
HIP 75120		230.26419	-33.36206	499.42	m	9.792	1.3	K5	2.236
HD 208356	HIP 108293	329.09464	-27.93693	499.54	m	9.374	0.881	G8 V	1.08
HD 197756	HIP 102462	311.44191	-3.37378	499.55	m	9.202	0.709	G6 IV	1.038
HIP 10785		34.7196	15.47586	499.56	m	9.823	1.33	K0	1.305
HIP 3305		10.5342	-15.36054	499.59	m	10.41	1.917	A2	0.364
HD 233232	HIP 30198	95.2953	51.72529	499.64	m	9.14	0.647	K0	1.349
HD 138264	HIP 76481	234.31038	-74.42839	499.64	m	9.499	1.006	K0 III	1.144
HIP 63245		194.39433	88.95757	499.67	m	9.842	1.349	A3	0.382
HD 249515	HIP 28123	89.16071	9.50716	499.7	m	9.285	0.791	B9	0.298
HD 204390	HIP 105996	322.01449	4.66721	499.78	m	9.453	0.959	F3/5 (V)	0.576
HIP 5693		18.31194	63.94632	499.78	m	9.799	1.305	B8	0.292
HD 165775	HIP 89054	272.65001	-52.59088	499.79	m	9.364	0.87	A9/F0 V	0.369
HD 11546	HIP 8898	28.64791	47.78407	499.82	m	9.32	0.826	A0	0.206
HIP 22995		74.20621	44.71833	499.87	m	10.25	1.758	B9	0.169
HIP 86308		264.52618	76.20543	499.89	m	9.234	0.74	K0	1.12
HD 233114	HIP 25215	80.907	50.653	499.89	m	9.088	0.594	K2	1.379
HIP 1971		6.23596	-26.41824	499.91	m	10.47	1.972	G0	0.612
HIP 68307		209.737	-17.63016	499.91	m	9.56	1.066	K0	1.406
HD 32504	HIP 23439	75.57617	-31.69563	499.92	m	9.544	1.05	G5 (V)	1.017
HD 154770	HIP 83933	257.3397	-42.41331	499.94	m	9.053	0.558	M2 (III)	2.002
HD 96152	HIP 54152	166.16357	-50.31602	499.94	m	9.099	0.604	G8 III	1.282
HD 49837	HIP 33069	103.31123	52.49217	499.95	m	9.208	0.713	A3	0.237
HIP 32592		101.99529	41.17713	499.96	m	10.13	1.637		0.252
HIP 114153		346.77315	46.12961	500.05	m	10.12	1.63	A0	0.192
HD 40691	HIP 28277	89.62756	-40.36275	500.06	m	9.729	1.234	G5 V	0.998
HD 41802	HIP 28563	90.43072	-67.8641	500.07	m	9.466	0.971	K0/1 III	1.154
HD 221852	HIP 116424	353.87077	28.02081	500.1	m	9.189	0.694	F2	0.383
HIP 93442		285.45596	30.02627	500.12	m	9.573	1.078	F0(P)	0.307
HIP 91045		278.58453	48.62798	500.15	m	9.134	0.638	K0	1.133
HD 102060	HIP 57267	176.15469	-20.41527	500.18	m	9.193	0.697	G8 IV	1.191
HD 78221	HIP 44661	136.50953	-30.87644	500.2	m	9.07	0.574	B9 IV	-0.022
HD 69143	HIP 40315	123.47724	-43.61901	500.3	m	9.521	1.025	K1 III	1.271
HD 220767	HIP 115728	351.68498	-40.45053	500.36	m	9.416	0.92	K1 III	1.488
HD 8640	HIP 6582	21.13649	-42.42572	500.39	m	9.34	0.843	K0 III	1.28
HD 17913	HIP 13403	43.13293	-6.05517	500.39	m	9.169	0.672	K1 III(w)	1.224
HIP 12976		41.72568	-53.51628	500.39	m	9.289	0.792	K2	1.665
HD 208052	HIP 107933	328.01001	52.70856	500.4	m	9.089	0.592	A0	0.044
HD 223547	HIP 117555	357.60464	-22.89874	500.42	m	10.19	1.694	K1/2 (III)	1.279
HIP 20750		66.69918	44.25746	500.44	m	10.41	1.909	A2	0.388
HIP 74758		229.18197	45.82807	500.44	m	9.307	0.81	K0	1.004
HD 196084	HIP 101749	309.33562	-53.06277	500.46	m	9.272	0.775	G8 III	1.143
HD 20	HIP 434	1.31384	-27.27171	500.48	m	9.128	0.631	F2 V	0.651
HIP 40473		123.95624	2.79967	500.65	m	9.45	0.952		0.248
HD 75220	HIP 43202	132.01716	-22.40308	500.67	m	9.738	1.24	A0	0.204
HD 114138	HIP 64190	197.33182	-44.91824	500.72	m	9.808	1.31	G8/K0 (III)	1.447
HD 200755	HIP 104009	316.07987	36.14926	500.73	m	9.106	0.608	A0	-0.035
HD 19860	HIP 14703	47.48559	-44.99176	500.77	m	9.261	0.763	A0 V	0.085
HIP 81995		251.25532	-48.79068	500.84	m	10.86	2.362	F0	0.296
HD 105621	HIP 59283	182.414	-8.55973	500.85	m	9.606	1.107	K1 III	1.252
HD 46546	HIP 31218	98.23019	-27.93975	500.89	m	9.305	0.806	K3 (III/V)	1.503
HD 282528	HIP 22677	73.15736	30.38844	500.92	m	10.49	1.996	A0	0.684
HIP 68144		209.27295	60.79472	500.98	m	9.712	1.213	K2	1.486
HD 13262	HIP 9970	32.09557	-46.37306	501.01	m	9.101	0.602	G8 III	1.087
HD 29844	HIP 21766	70.12534	-38.23528	501.01	m	11.26	2.756	M6E	0.945
HIP 69084		212.10516	24.54666	501.02	m	11.78	3.282	G	1.46
HD 7466	HIP 5808	18.63074	-14.27352	501.03	m	9.138	0.639	K0 III	1.314
HIP 80893		247.77859	36.26661	501.04	m	9.784	1.285	K2	1.552
HIP 31481		98.90025	-62.64008	501.08	m	12.13	3.63	pec(NOVA)	0.214
HIP 62420		191.88373	-48.65307	501.08	m	9.565	1.065	G5	1.092
HD 30018	HIP 22008	70.95855	-4.29937	501.11	m	9.066	0.566	F0 V	0.276
HD 138066	HIP 75975	232.73287	-37.38315	501.11	m	9.623	1.123	G3 V	0.919
HD 153247	HIP 83231	255.13969	-48.17381	501.13	m	9.071	0.571	G5/6 IV	1.264
HIP 113082		343.52429	38.20877	501.17	m	9.123	0.623	K2	1.676
HD 290132	HIP 24604	79.16068	-0.13989	501.21	m	10.59	2.088	A2	0.246
HD 227402	HIP 98770	300.91107	38.33491	501.3	m	9.226	0.726	B8	0.613
HD 27507	HIP 20214	64.97791	-16.93545	501.31	m	9.417	0.916	B9 V	0.111
HD 46299	HIP 31261	98.34683	18.79116	501.32	m	9.145	0.644	A	0.137
HD 215223	HIP 112006	340.32123	72.72745	501.33	m	9.023	0.522	A3	1.295
HD 152960	HIP 83026	254.49703	-31.96423	501.4	m	9.889	1.388	G5/6 (V)	1.36
HD 88035	HIP 49696	152.17488	-20.3138	501.45	m	9.286	0.785	G8P BA	1.329
HD 102897	HIP 57768	177.70286	18.62568	501.45	m	9.944	1.443	F5	0.291
HIP 45077		137.7346	-59.96856	501.54	m	9.488	0.986	F0	0.431
HIP 52399		160.65399	-22.21894	501.54	m	9.519	1.017	M0	1.346
HIP 12296		39.59627	-52.34649	501.58	m	9.388	0.886	G8	1.319
HD 80660	HIP 45748	139.92389	-44.20145	501.61	m	9.385	0.883	G5	1.142
HIP 63776		196.08077	-25.33054	501.61	m	9.402	0.9	K5	1.906
HD 11882	HIP 8849	28.45882	-69.34989	501.64	m	9.575	1.073	G8/K0 III	1.15
HIP 37014		114.11188	31.10911	501.69	m	9.353	0.851	K0	1.493
HD 107934	HIP 60495	186.03286	39.86321	501.7	m	9.172	0.67	K1III	1.432
HD 83721	HIP 47334	144.68196	-51.55434	501.72	m	9.021	0.519	K2/3 III	1.686
HD 45777	HIP 30847	97.17217	-19.69123	501.74	m	9.125	0.623	A3 III	0.242
HD 349418	HIP 92563	282.92843	20.87306	501.75	m	9.123	0.621	K5	1.666
HIP 56012		172.18777	49.55902	501.76	m	9.785	1.283	M8	1.37
HD 192452	HIP 99884	303.98029	-26.78333	501.77	m	9.403	0.9	G8 IIICNIII/IV	1.104
HD 115749	HIP 64884	199.50073	58.61229	501.85	m	9.054	0.551	G 8 III	1.04
HIP 109590		333.00754	2.43782	501.86	m	9.636	1.133	K2	1.682
HD 23070	HIP 17198	55.23631	-32.10314	501.88	m	9.295	0.792	K0 III	1.187
HD 98807	HIP 55477	170.41936	-57.39965	501.89	m	9.146	0.643	A2 IV	0.193
HIP 30369		95.79755	49.18641	501.9	m	9.153	0.65	K0	1.375
HD 237162	HIP 17080	54.89858	57.47317	501.92	m	9.388	0.885	K2V	2.241
HD 82979	HIP 46992	143.66887	-25.91084	501.94	m	9.265	0.762	G6 IV	1.033
HD 23963	HIP 17967	57.62181	32.43129	501.95	m	9.523	1.02	A 0 V	0.205
HD 9732	HIP 7336	23.62334	-40.83154	502.06	m	9.331	0.827	K1 III	1.384
HD 6817	HIP 5351	17.10072	-32.42573	502.11	m	9.057	0.553	K2 III	1.438
HD 204235	HIP 105926	321.81078	-1.73047	502.16	m	9.539	1.035	G8/K0 (III)	1.412
HD 39411	HIP 28003	88.85783	52.34002	502.16	m	9.57	1.066	A2	0.1
HIP 84567		259.31579	-60.27335	502.28	m	9.562	1.057	G8/K1 III + A	1.229
HIP 70488		216.2664	31.09793	502.28	m	9.596	1.091	K 2 III	1.347
HIP 38011		116.85562	-37.317	502.32	m	9.404	0.899	K0	1.133
HD 157739	HIP 85764	262.87566	-71.20446	502.33	m	9.13	0.625	A1 IV/V	0.119
HIP 55678		171.12337	9.49023	502.35	m	9.443	0.938	K0	1.417
HIP 48842		149.43799	15.05291	502.35	m	9.099	0.594	G5	1.14
HD 9051	HIP 6894	22.19376	-24.34041	502.35	m	9.011	0.506	G6/8 IIIWF5	0.911
HIP 69461		213.31683	27.67455	502.36	m	9.054	0.549	G5	1.233
HD 135105	HIP 74502	228.3741	-1.63998	502.37	m	9.184	0.679	K1 III	1.824
HD 238233	HIP 65537	201.53302	58.89879	502.37	m	9.338	0.833	K0	1.177
HIP 77935		238.73895	24.60237	502.39	m	9.159	0.654	K5	1.698
HD 240106	HIP 113094	343.55908	60.69557	502.39	m	9.885	1.38	A5	0.3
HIP 44611		136.34524	8.82917	502.46	m	10.82	2.316	G5	1.327
HIP 59169		182.00943	23.70269	502.48	m	9.405	0.899	K0	1.221
HD 101952	HIP 57241	176.05972	59.62576	502.49	m	10.07	1.562	A0	-0.005
HD 120298	HIP 67387	207.16594	-3.55452	502.5	m	9.032	0.526	G8/K0 III	1.23
HD 184479	HIP 96407	294.00717	-36.12431	502.51	e	9.21	0.704	F5 V	0.79
HIP 11332		36.45759	4.06401	502.55	m	9.493	0.987	K0	1.16
HIP 25024		80.36822	48.55885	502.59	m	9.412	0.906	K0	1.498
HD 126026	HIP 70572	216.53073	-67.48765	502.64	m	9.683	1.177	A0 IV/V + A0/1	0.15
HIP 42669		130.44859	8.25463	502.65	m	9.606	1.1	G5	1.013
HD 107711	HIP 60369	185.67858	-27.76196	502.68	m	9.287	0.781	K2 (III)	1.535
HD 219971	HIP 115235	350.10548	-30.07985	502.69	m	9.251	0.745	K2/3 III	1.612
HIP 111105		337.62439	37.40996	502.74	m	10.7	2.194		0.454
HIP 85623		262.44873	78.33297	502.86	m	9.862	1.355	K0	1.262
HD 213422	HIP 111117	337.65192	37.55459	502.87	m	9.431	0.924	A 3 V	0.181
HD 139756	HIP 77090	236.11392	-68.36737	502.95	m	9.18	0.672	G8 III	1.195
HIP 45409		138.80525	9.75944	502.95	m	9.225	0.717	K0	1.087
HIP 73172		224.31842	38.60335	502.99	m	9.628	1.12	F0	0.521
HD 234341	HIP 81898	250.92696	50.66603	503.09	m	9.105	0.597	K0	1.106
HD 215919	HIP 112668	342.25298	-30.86006	503.15	m	10.19	1.68	F0 V	0.302
HD 147663	HIP 80106	245.28075	46.70211	503.17	m	9.193	0.684	G5	1.119
HIP 117341		356.88959	-35.62099	503.17	m	9.836	1.327	K2	1.26
HIP 117536		357.54526	13.31535	503.19	m	9.349	0.84	K0	1.19
HD 211887	HIP 110122	334.60549	64.85885	503.19	m	9.235	0.726	A0	0.335
HIP 115414		350.68645	-4.34816	503.32	m	9.759	1.25	K5	1.618
HD 1549	HIP 1574	4.90703	-43.08211	503.42	m	9.103	0.593	K1 III	1.315
HD 284677	HIP 21848	70.46114	21.4685	503.43	m	10.33	1.821	A3	0.568
HD 216535	HIP 112999	343.26827	45.42947	503.44	m	10.01	1.503	A2	0.158
HIP 68928		211.66808	28.48398	503.44	m	10.78	2.267		1.039
HD 197789	HIP 102604	311.89881	-45.5612	503.46	m	9.078	0.568	F3 V	0.479
HIP 105513		320.5541	66.00278	503.47	m	9.464	0.954	A0	0.294
HIP 15689		50.52322	-13.27812	503.47	m	11.53	3.017		
HD 93572	HIP 52820	161.98641	-9.03442	503.49	m	9.337	0.827	K0 III	1.12
HD 95092	HIP 53601	164.49039	-51.06016	503.54	m	10.35	1.837	F0 IV	0.42
HD 121547	HIP 68062	209.03936	-0.3924	503.65	m	9.279	0.768	G8/K0 IV	1.418
HIP 50072		153.34949	12.14604	503.65	m	9.511	1	K0	1.401
HD 100570	HIP 56428	173.53719	-46.96642	503.67	m	9.016	0.505	B9 V	-0.007
HIP 89245		273.17432	13.10592	503.68	m	9.681	1.17	K0	1.515
HD 149776	HIP 81475	249.62021	-36.73086	503.76	m	9.67	1.159	G6 (V)	1.452
HD 81399	HIP 46097	141.00994	-41.87565	503.77	m	9.425	0.914	G8 IV	1.05
HIP 86168		264.13131	-53.35667	503.78	m	11.27	2.757		0.823
HIP 16838		54.1791	12.47438	503.86	m	9.163	0.651	K5	2.376
HD 7453	HIP 5767	18.51471	-42.53834	503.89	m	9.236	0.724	K0 III	1.213
HD 278784	HIP 16576	53.34618	36.68472	503.95	m	11.26	2.748	A5	0.574
HD 259986	HIP 31383	98.69121	8.82561	503.95	m	9.384	0.872	A 0 V	0.078
HIP 44436		135.80764	-62.35588	503.96	m	10.83	2.32	F2V	
HD 130305	HIP 72255	221.63697	30.63764	504	m	9.329	0.817	G5	1.132
HD 122084	HIP 68371	209.93066	-9.64416	504.01	m	9.359	0.847	K0 III	1.294
HIP 1938		6.1165	5.71198	504.15	m	9.872	1.359	G0	1.109
HD 18362	HIP 13599	43.81403	-49.65939	504.29	m	9.352	0.839	G8/K0 (III)	1.23
HIP 74900		229.60665	8.76351	504.32	m	9.887	1.373	G5	1.125
HD 207181	HIP 107468	326.50944	45.10584	504.34	m	9.167	0.653	B9	0.035
HIP 115132		349.80464	11.46548	504.37	m	9.496	0.982	K0	1.287
HD 175218	HIP 92947	284.05788	-41.34962	504.4	m	9.04	0.526	G8 IV	1.165
HD 46002	HIP 30831	97.14906	-44.3481	504.41	m	9.014	0.5	B9 V	-0.055
HIP 34018		105.87749	-45.20637	504.42	m	9.515	1.001	K5	1.319
HD 69995	HIP 40819	124.96843	7.60841	504.42	m	9.685	1.171	A2	0.245
HD 59351	HIP 36257	111.9948	-37.02268	504.42	m	9.412	0.898	G8 III/IV	1.266
HD 33119	HIP 23998	77.38794	34.86726	504.67	m	9.602	1.087	B8	0.365
HD 111936	HIP 62952	193.49549	-67.34417	504.72	m	9.502	0.987	G5 III	1.006
HIP 6493		20.85576	62.61819	504.79	m	9.826	1.31	K0	1.309
HD 219935	HIP 115241	350.13475	-63.54334	504.85	m	9.066	0.55	G8 III	1.129
HIP 112055		340.4449	36.82448	504.87	m	10.22	1.702	A 0 V	0.183
HD 332844	HIP 97772	298.02496	29.39852	504.87	m	11.93	3.418	F2V	0.002
HD 97768	HIP 54883	168.56528	-53.52856	504.97	m	10.06	1.546	G6/8 (V)	0.959
HIP 109872		333.79626	55.91849	504.99	m	9.861	1.345	B9VP	0.294
HD 77212	HIP 44287	135.29254	3.92502	505.01	m	9.733	1.217	B9 V	-0.019
HD 37863	HIP 26578	84.75417	-48.22176	505.05	m	9.482	0.965	A0/1 IV	0.171
HIP 71067		218.00351	28.63603	505.08	m	9.661	1.144	K0	1.27
HD 89431	HIP 50560	154.91558	15.74433	505.19	m	9.041	0.524	G5	1.27
HIP 82582		253.23235	21.84503	505.2	m	9.83	1.313	K5	1.471
HD 237268	HIP 20938	67.34301	58.4655	505.24	m	9.414	0.897	A	0.197
HIP 87946		269.48721	4.24781	505.25	m	10.62	2.097	M5V	0.348
HD 129629	HIP 72272	221.70016	-65.91537	505.32	m	9.429	0.911	G6/8 V	1.103
HIP 37456		115.32736	30.5554	505.32	m	9.104	0.586	K0	1.071
HD 187079	HIP 97412	296.9807	3.797	505.33	m	9.15	0.632	K0	1.138
HD 238034	HIP 57168	175.86658	56.94519	505.34	m	9.292	0.774	G0	1.174
HD 32999	HIP 23705	76.436	-32.59883	505.35	m	9.001	0.483	K1 III	1.335
HD 121848	HIP 68278	209.66502	-31.06559	505.39	m	9.194	0.676	F8 IV	0.725
HD 84170	HIP 47584	145.53653	-40.62355	505.44	m	9.068	0.55	G6/8 III + F	0.805
HIP 39128		120.06627	-32.71176	505.46	m	9.027	0.509	M	1.503
HD 109435	HIP 61405	188.73184	-38.83159	505.49	m	9.009	0.49	A3 II/III	0.194
HD 108545	HIP 60826	187.01537	29.81774	505.5	m	9.209	0.69	G8III	1.043
HD 113789	HIP 63965	196.62699	-32.5497	505.65	m	9.148	0.629	K1/2 III	1.525
HD 157352	HIP 85188	261.14462	-39.52964	505.67	m	9.06	0.541	K2 III	1.838
HIP 107286		325.96958	45.61745	505.75	m	9.742	1.222	G5	1.27
HD 156404	HIP 84549	259.26041	8.51049	505.78	m	9.331	0.811	A0	0.185
HD 182530	HIP 95765	292.1622	-60.32242	505.81	m	9.598	1.078	G6/8 (III)	1.394
HD 162572	HIP 87468	268.07592	-13.65645	505.82	m	9.106	0.586	G8 III/IV	1.751
HD 319738	HIP 85117	260.93474	-36.48642	505.92	m	9.735	1.215	R3	1.951
HD 26502	HIP 19555	62.83641	-2.96469	505.98	m	9.336	0.815	G8/K0 III/IV	1.084
HD 12646	HIP 9407	30.21076	-69.31287	505.99	m	9.123	0.602	K0/1 III	1.395
HIP 9843		31.66503	3.10168	506.01	m	9.387	0.866	K0	1.117
HIP 22675		73.15215	44.63511	506.05	m	10.36	1.835		1.373
HD 180490	HIP 94821	289.41326	-22.91263	506.13	m	9.384	0.863	K1 III	1.61
HD 103725	HIP 58238	179.17179	-36.4961	506.2	m	9.314	0.792	K1 III/IV	1.41
HD 286425	HIP 18752	60.24939	12.21434	506.31	m	10.57	2.051	F0	0.597
HIP 44384		135.62388	10.31151	506.31	m	9.313	0.791	K0	1.12
HD 214945	HIP 111991	340.26657	46.17355	506.32	m	9.934	1.412	A0	0.11
HIP 57492		176.76126	78.71641	506.32	m	9.219	0.697	G5	1.153
HD 123363	HIP 69380	213.04132	-77.09181	506.33	m	10.24	1.72	A0 V	0.077
HD 204429	HIP 106031	322.14762	-4.16351	506.36	m	9.532	1.01	K0 III	1.324
HIP 89547		274.07978	9.9801	506.36	m	9.171	0.649	G0	1.321
HIP 2818		8.96464	38.35738	506.39	m	9.454	0.932	G5	1.147
HD 297581	HIP 48012	146.81544	-48.99651	506.39	m	10.03	1.511	F5	0.381
HD 233338	HIP 34492	107.20905	53.08417	506.4	m	9.183	0.661	G5	1.148
HD 114524	HIP 64343	197.83917	-26.65212	506.4	m	9.597	1.075	G8/K0 III	1.332
HIP 97841		298.22733	66.05567	506.41	m	9.656	1.133	G5	1.43
HIP 37749		116.13845	6.23975	506.48	m	9.434	0.911	K0	1.145
HD 220059	HIP 115226	350.08208	49.71991	506.51	m	9.002	0.479	A0	0.001
HD 8124	HIP 6359	20.4194	51.09644	506.59	m	9.013	0.49	A2	0.141
HD 340062	HIP 100641	306.10404	28.02514	506.59	m	9.701	1.178	B9	0.292
HD 32931	HIP 23604	76.13647	-44.94769	506.61	m	9.008	0.485	K1/2 III	1.351
HIP 50863		155.7892	-32.7683	506.62	m	9.97	1.447		1.361
HD 13878	HIP 10289	33.12815	-64.29607	506.62	m	9.263	0.74	G8 III	1.121
HD 273763	HIP 23691	76.37409	-47.88998	506.65	m	10.97	2.443	A 0 V SR	0.266
HD 215542	HIP 112409	341.52195	-14.53637	506.74	m	9.504	0.98	K0 III	1.3
HD 176424	HIP 93447	285.47151	-37.95288	506.81	m	9.156	0.632	G8 III	1.163
HD 138211	HIP 76231	233.58396	-64.41605	506.86	m	10.3	1.78	B9 IV/V	0.096
HIP 114668		348.44584	-85.00943	506.89	m	9.37	0.845	M	1.261
HIP 112785		342.60577	11.48034	506.92	m	9.5	0.975	K5	1.611
HD 170491	HIP 90537	277.10062	28.98238	506.92	m	9.484	0.959	A2	0.075
HD 122333	HIP 68571	210.58218	-42.20875	506.95	m	9.065	0.54	G6 IV	1.1
HD 1871	HIP 1801	5.70951	-49.18477	506.96	m	9.3	0.775	G8 IV	1.212
HD 51382	HIP 33362	104.08122	-21.6984	506.96	m	9.716	1.191	A2/3 III/IV	0.135
HD 9836	HIP 7355	23.69685	-53.97542	506.98	m	9.393	0.868	K1 III	1.325
HIP 59146		181.92341	2.50312	507.1	m	9.247	0.722	K0	1.159
HIP 98339		299.70723	-18.2031	507.11	m	9.4	0.874	G0	0.9
HD 236147	HIP 116046	352.70654	51.92452	507.21	m	10.7	2.171	G0	0.512
HD 205031	HIP 106380	323.19643	-13.45916	507.22	m	9.506	0.98	K3 III	1.741
HIP 39443		120.94911	-31.44107	507.23	m	10.34	1.816		0.275
HD 94519	HIP 53293	163.49318	-46.07739	507.33	m	9.987	1.461	A0 V	0.046
HD 99834	HIP 56046	172.30451	6.80324	507.4	m	9.33	0.803	K2	1.345
HD 40807	HIP 28331	89.7993	-41.74656	507.42	m	9.493	0.966	G8 IV	1.116
HD 222403	HIP 116809	355.11743	-41.74764	507.42	m	9.302	0.775	G8 III	1.169
HIP 101877		309.67075	43.42687	507.46	m	9.021	0.494	K0	1.22
HIP 28405		89.99277	41.64151	507.58	m	9.044	0.516	K2	1.68
HIP 21470		69.1653	41.07964	507.6	m	10.49	1.961		
HD 105027	HIP 58974	181.38706	-69.91321	507.61	e	9.059	0.531	B9.5 V	0.125
HIP 30912		97.32351	-36.85164	507.72	m	9.254	0.726	G8	1.106
HIP 51041		156.41771	23.10269	507.77	m	9.082	0.554	K0	1.045
HIP 8378		26.99267	43.21134	507.8	m	9.508	0.98	G 2 III	1.15
HIP 102402		311.26594	-72.43857	507.81	m	9.391	0.862	G5	1.2
HD 220931	HIP 115790	351.86463	50.0353	507.82	m	9.374	0.845	A2	0.235
HD 134109	HIP 74661	228.86262	-77.69773	507.92	m	9.159	0.63	AP SI	-0.008
HD 121391	HIP 67955	208.74678	3.89797	507.92	m	9.377	0.848	G8/K0	1.074
HIP 46860		143.23523	-42.77857	507.92	m	9.651	1.122		
HD 88353	HIP 49947	152.96369	29.47498	507.94	m	9.111	0.582	A0	0.087
HD 329893	HIP 77136	236.24104	-48.31432	508.06	m	9.639	1.109	G5	1.216
HD 106747	HIP 59857	184.13002	12.51008	508.11	m	9.797	1.267	K2	1.234
HIP 51188		156.84164	-36.24605	508.15	m	9.41	0.88	G8	1.287
HD 213130	HIP 111009	337.34874	-4.1881	508.16	m	9.153	0.623	G8 III/IV	1.286
HD 20732	HIP 15359	49.51578	-52.85591	508.18	m	9.313	0.783	K0 III	1.116
HD 75101	HIP 43120	131.72801	-32.23519	508.19	m	9.26	0.73	K4 III	1.902
HD 58427	HIP 36183	111.77552	35.50279	508.22	m	9.389	0.859	F5	0.354
HIP 4711		15.13114	-17.0756	508.29	m	9.233	0.702	A8/F2:+...	0.516
HD 70842	HIP 41233	126.207	19.17028	508.29	m	9.047	0.516	K0	1.442
HIP 81559		249.85439	18.19339	508.3	m	9.582	1.051	F0	0.492
HIP 58634		180.36001	16.92819	508.31	m	9.553	1.022	K0	1.387
HIP 117115		356.13986	47.81822	508.38	m	9.715	1.184	K 3 III	1.244
HIP 52746		161.75795	13.03926	508.43	m	9.51	0.979	K0	1.285
HD 21705	HIP 16189	52.13898	-41.60849	508.5	m	9.084	0.553	G8 III/IV	1.12
HD 30254	HIP 22335	72.15006	50.62721	508.52	m	9.247	0.715	A0	0.146
HD 138530	HIP 76229	233.57182	-39.75549	508.53	m	9.398	0.866	K1 III	1.363
HIP 59859		184.14712	41.85174	508.59	m	10.97	2.434	F2	0.436
HIP 19916		64.08623	61.11184	508.87	m	9.573	1.04	A0	0.305
HD 33552	HIP 24410	78.55136	54.7588	508.89	m	9.137	0.604	F2	0.816
HIP 102960		312.90355	-34.86109	508.99	m	9.386	0.852	K5	1.79
HIP 46607		142.55398	51.05285	509.06	m	10.65	2.116	F8	0.641
HIP 63027		193.73841	13.80772	509.07	m	9.609	1.075	K5	1.537
HIP 79951		244.79449	46.66472	509.09	m	9.996	1.462	K2	1.381
HIP 78162		239.4056	12.22579	509.12	m	9.514	0.98	K0	1.01
HD 115515	HIP 64990	199.81512	-65.75218	509.12	m	9.501	0.967	A9 IV	0.433
HD 64059	HIP 38339	117.80008	-21.21963	509.19	m	10.35	1.812	A0 IV/V	0.092
HD 54687	HIP 34770	107.96605	43.25914	509.22	m	9.355	0.82	A0	0.084
HD 122726	HIP 69002	211.89927	-74.68957	509.23	m	9.728	1.193	B9.5 V(P SI)	0
HD 264208	HIP 32694	102.31533	27.88894	509.23	m	9.416	0.881	G5	1.105
HIP 85347		261.6055	-43.74554	509.31	m	10.2	1.664	G5	1.18
HD 108521	HIP 60827	187.01542	-6.92257	509.33	m	9.395	0.86	G8 III	1.205
HD 110885	HIP 62235	191.33024	1.05586	509.34	m	9.193	0.658	F3 V	0.716
HD 39557	HIP 27842	88.36307	0.77921	509.36	m	9.122	0.587	B9 IV/V	0.441
HD 93294	HIP 52671	161.55298	-5.7603	509.4	m	9.01	0.475	Ap SrEuCr + (G)	0.12
HD 22856	HIP 17100	54.94529	-13.25897	509.42	m	9.468	0.933	G8 IV	1.29
HD 83902	HIP 47166	144.17439	-74.78729	509.45	m	9.01	0.474	K3 III	1.688
HIP 83469		255.89355	17.35826	509.46	m	9.266	0.73	K0	1.047
HIP 46721		142.85781	-1.60562	509.47	m	9.541	1.005	K0	1.39
HD 155637	HIP 83866	257.10211	64.3191	509.49	m	9.83	1.294	M8	1.606
HIP 54694		167.95738	-32.40074	509.5	m	10.62	2.082		0.34
HD 117321	HIP 65850	202.48013	-26.05879	509.51	m	9.105	0.569	G8 IV	1.156
HIP 109457		332.62505	29.02947	509.51	m	9.547	1.011	K5	1.454
HD 145434	HIP 79074	242.13068	51.15058	509.65	m	9.262	0.726	K0	1.076
HIP 2396		7.6235	43.13668	509.79	m	9.548	1.011	K5	1.586
HIP 1878		5.92953	29.40101	509.83	m	9.821	1.284	A7-F8III	0.472
HD 19596	HIP 13839	44.53636	-81.76121	509.92	m	9.384	0.846	G8 III	1.208
HD 48406	HIP 31539	99.03344	-72.78521	510	m	9.435	0.897	G8 III	1.158
HD 332683	HIP 97327	296.70074	29.71508	510.03	m	9.137	0.599	G8III	1.224
HIP 54042		165.88015	-39.02296	510.06	m	9.336	0.798	K1	1.372
HIP 86895		266.32841	-78.5318	510.12	m	12.71	4.17	Fp	
HD 196499	HIP 102045	310.20472	-60.44144	510.15	m	9.27	0.732	G8WG0P	1.141
HIP 60070		184.77091	46.24701	510.28	m	9.261	0.722	G8III	1.059
HIP 111727		339.4798	24.1602	510.29	m	9.282	0.743	A0	-0.015
HD 88330	HIP 49895	152.81113	8.94106	510.31	m	9.413	0.874	K2	1.101
HD 243002	HIP 25054	80.46407	4.24298	510.32	m	10.55	2.007	A0	0.179
HIP 115052		349.53503	8.54828	510.55	m	9.421	0.881	M0	1.939
HIP 111599		339.13099	36.80278	510.56	m	10.06	1.525	A 5 V	0.322
HIP 27097		86.18707	-17.41911	510.59	m	9.249	0.709	F5	1.064
HIP 76663		234.82403	-48.35269	510.6	m	10.27	1.727	F8	0.585
HD 234512	HIP 87528	268.23011	53.41387	510.61	m	9.422	0.882	K0	1.263
HIP 44501		135.99786	25.04138	510.66	m	9.422	0.881	G5	1.146
HD 103496	HIP 58086	178.6865	-74.22689	510.66	m	9.424	0.883	B8/9 V	0.161
HD 166827	HIP 89306	273.34236	-22.03999	510.69	m	9.335	0.794	A1 V	0.308
HD 61523	HIP 37407	115.20737	27.94537	510.71	m	9.128	0.587	A0	-0.007
HD 10078	HIP 7556	24.33894	-51.44062	510.8	m	9.315	0.774	G8/K0 III	1.097
HIP 68126		209.20116	35.19853	510.83	m	9.262	0.721	K 3 III	1.408
HD 195568	HIP 101454	308.42654	-41.0609	510.85	m	10.5	1.957	F0/2 V	0.528
HD 188715	HIP 98080	298.99071	15.96476	511	m	9.317	0.775	A0	-0.015
HD 261548	HIP 31883	99.98158	14.59952	511.02	m	9.464	0.922	K2	1.183
HD 87617	HIP 48724	149.06942	-83.66023	511.04	m	9.138	0.596	A3 V	0.256
HIP 86529		265.24895	21.92878	511.07	m	10.04	1.497	K2	1.392
HD 198318	HIP 102802	312.40477	-3.88875	511.26	m	9.053	0.51	K2/3 III	1.602
HD 113434	HIP 63899	196.43362	-74.89154	511.26	m	9.423	0.88	AP SI	0.008
HD 71896	HIP 41533	127.05179	-41.8345	511.27	m	9.047	0.504	B8 IV/V	-0.05
HD 101637	HIP 57018	175.35494	-56.72259	511.35	m	9.284	0.74	F7 V	0.692
HD 138739	HIP 76268	233.67467	-22.77122	511.36	m	9.71	1.166	G8 (IV)	1.129
HIP 57491		176.75844	49.09429	511.37	m	9.395	0.851	K1III	1.243
HD 238119	HIP 60676	186.52716	55.9108	511.41	m	9.327	0.783	K0	1.19
HIP 10965		35.31162	-61.2174	511.43	m	9.536	0.992	G5	1.315
HIP 71905		220.61687	41.15162	511.45	m	9.501	0.957	K0	1.075
HD 126006	HIP 70200	215.44299	44.56516	511.46	m	9.371	0.827	G5	1.178
HD 191866	HIP 99660	303.35995	-38.35624	511.47	m	9.464	0.92	G8 (III)	1.258
HIP 47280		144.52812	41.20686	511.48	m	10.61	2.065	F5	0.601
HD 332812	HIP 97624	297.63052	30.20478	511.5	m	9.672	1.128	B8	0.084
HD 149859	HIP 81877	250.86959	-71.40052	511.53	m	9.584	1.04	B9 V	0.045
HD 2837	HIP 2534	8.03729	43.71163	511.57	m	9.153	0.608	A0(P)	0.159
HD 145672	HIP 79803	244.31242	-68.81432	511.59	m	9.105	0.56	B9 IV/V	-0.014
HD 94593	HIP 53331	163.62036	-49.7984	511.6	m	9.084	0.539	G8 III/IV	1.216
HD 155	HIP 533	1.61287	-16.73763	511.61	m	9.265	0.72	G8 III	1.164
HD 214912	HIP 112077	340.52119	-33.57454	511.62	m	9.375	0.83	K1 III	1.374
HD 128678	HIP 71856	220.47621	-69.08913	511.65	m	9.238	0.693	A0 VN	0.186
HIP 75026		229.95786	-6.48351	511.67	m	9.477	0.932	G8	1.132
HIP 91703		280.52012	28.95829	511.67	m	9.713	1.168	M9	1.374
HD 316239	HIP 86761	265.92707	-29.61869	511.76	m	10.45	1.903	G5	1.489
HD 18968	HIP 14121	45.52825	-31.36413	511.76	m	9.539	0.994	K2 III	1.525
HD 30415	HIP 22048	71.13485	-53.26096	511.86	m	9.542	0.996	K1 III	1.416
HIP 68061		209.03785	5.38011	511.91	m	11.41	2.865	G0	0.572
HD 188915	HIP 98220	299.40031	-1.88636	511.98	m	9.73	1.184	M5 III	
HD 4123	HIP 3417	10.87211	-22.63721	511.99	m	9.098	0.552	KP BA	1.305
HIP 94904		289.68679	32.22567	512.01	m	9.25	0.704	A0	0.097
HD 127508	HIP 71041	217.93324	1.83866	512.04	m	10.21	1.668	A2/3 III	0.308
HD 216525	HIP 113029	343.36784	8.43863	512.05	m	9.676	1.129	K0	1.277
HD 47102	HIP 31715	99.51	24.83451	512.07	m	9.068	0.521	A2	0.246
HIP 96647		294.74058	28.51294	512.16	m	10.74	2.19	M9	1.199
HD 215745	HIP 112456	341.69837	41.29622	512.18	m	9.753	1.206	A0	0.033
HIP 51689		158.387	-1.16889	512.2	m	9.825	1.278	K2	1.468
HD 239367	HIP 99908	304.06369	57.75024	512.21	m	9.692	1.145	K0	1.234
HD 69988	HIP 40647	124.46212	-41.92753	512.22	m	9.233	0.686	K0 III	1.386
HIP 115061		349.57864	44.57282	512.24	m	9.72	1.173	A2	0.163
HD 139853	HIP 77127	236.22573	-68.00234	512.29	m	9.255	0.707	K1 (III)	1.619
HD 90656	HIP 51176	156.79283	-46.70828	512.3	m	9.31	0.762	K2	1.362
HIP 53861		165.2823	25.22199	512.31	m	9.41	0.862	K2	1.267
HIP 53832		165.20231	40.70294	512.36	m	10.13	1.583	R0	1.399
HIP 44651		136.47034	31.73718	512.43	m	9.609	1.061	F0	0.376
HIP 42443		129.81037	22.80676	512.46	m	9.327	0.779	K0	1.147
HD 223417	HIP 117489	357.35946	-20.44275	512.48	m	9.511	0.963	G8/K0 III	1.281
HD 214918	HIP 111968	340.2061	46.50812	512.58	m	9.848	1.299	A0	0.087
HIP 58675		180.47142	-47.52441	512.58	m	10.52	1.966	F0	0.431
HIP 84448		258.97491	7.45563	512.59	m	10.15	1.601	K2	1.391
HIP 21598		69.55182	71.47584	512.65	m	10.54	1.99		0.51
HD 143596	HIP 78344	239.95516	39.82032	512.71	m	9.049	0.5	A0	0.078
HIP 77940		238.75277	44.98901	512.73	m	9.25	0.701	K2	1.575
HD 91315	HIP 51627	158.2043	14.62078	512.78	m	9.326	0.776	K0	1.096
HD 176718	HIP 93508	285.65738	-23.57922	512.86	m	9.322	0.772	K1/2	1.864
HIP 37576		115.66929	-60.30327	512.9	m	9.335	0.785	M	1.278
HD 50833	HIP 33045	103.26552	-38.97297	512.98	m	9.141	0.59	K2 III	1.539
HD 233949	HIP 60931	187.32998	49.02915	512.99	m	9.401	0.85	G8III	1.13
HD 110591	HIP 62083	190.86635	-26.48323	512.99	m	9.479	0.928	G8 II	1.196
HIP 4791		15.38589	-12.40624	513.01	m	9.213	0.662	K2	1.472
HIP 57903		178.15129	26.1817	513.05	m	10.55	2.003	K0III	1.453
HD 184308	HIP 96624	294.69067	-67.61904	513.07	m	9.433	0.882	B9 V	-0.004
HD 8984	HIP 6853	22.02988	-21.55775	513.08	m	9.138	0.587	K0 IIIP	1.152
HIP 45684		139.70254	13.65271	513.08	m	9.447	0.896	K0	1.057
HD 33456	HIP 23749	76.56951	-61.58681	513.11	m	9.412	0.861	K0 III	1.199
HD 45035	HIP 30320	95.65465	-48.77294	513.12	m	9.138	0.587	G8 III/IV	1.042
HD 139265	HIP 77069	236.04856	-75.80438	513.13	m	9.333	0.782	K0 III	1.254
HD 33529	HIP 23915	77.08322	-49.7549	513.13	m	9.367	0.816	A2/3 III	0.138
HD 41353	HIP 28610	90.57257	-46.22644	513.15	m	9.217	0.666	G8 III	1.171
HD 141656	HIP 77479	237.30682	28.57063	513.21	m	9.34	0.789	K2	1.233
HD 576	HIP 832	2.54231	-33.28104	513.22	m	9.406	0.854	G8 V	0.963
HD 238260	HIP 66532	204.57534	55.06349	513.32	m	9.3	0.748	K5	1.303
HIP 15530		50.02495	32.02166	513.4	m	9.125	0.573	M5II-III	2.117
HIP 53630		164.57206	-38.44342	513.43	m	12.46	3.905	Fp...	
HD 37230	HIP 26484	84.49357	22.46522	513.43	m	9.039	0.487	A0	0.159
HIP 3437		10.96697	61.73838	513.44	m	9.991	1.439	G6III	0.98
HD 232678	HIP 12058	38.87576	53.68789	513.49	m	9.227	0.674	K5	1.296
HD 11953	HIP 9071	29.19278	-23.60302	513.51	m	9.542	0.989	F3 V	0.461
HIP 64998		199.84561	13.84016	513.53	m	10.7	2.145	F5	0.552
HD 10446	HIP 7876	25.32841	-26.10679	513.63	m	9.555	1.002	K1 (III)	1.414
HD 148075	HIP 80593	246.81547	-39.31073	513.65	m	9.745	1.192	G6/8	2.327
HIP 52219		160.03749	62.88072	513.67	m	10.28	1.728	F0	0.446
HIP 116997		355.77992	-1.64017	513.68	m	10.49	1.938	F2	0.306
HIP 95816		292.33446	30.40791	513.69	m	10.74	2.189	F0	0.359
HIP 54978		168.86305	9.30262	513.75	m	9.704	1.15	K2	1.359
HIP 83824		256.97757	18.57195	513.79	m	10	1.45	K0	1.703
HIP 106892		324.74644	61.80153	513.83	m	9.002	0.448	K0	1.601
HD 108584	HIP 60877	187.15439	-39.9683	513.9	m	9.459	0.905	K0 IIICNIV/V	1.147
HD 91982	HIP 51903	159.06523	-50.1473	513.92	m	9.508	0.954	AP SRCREU PEC	0.203
HD 30443	HIP 22403	72.31678	35.0018	513.98	m	9.069	0.514	R4	2.535
HD 30303	HIP 22132	71.44494	-14.9258	514.08	m	9.18	0.625	A0/1 V	0.126
HD 172921	HIP 92218	281.91414	-66.09643	514.13	m	9.816	1.261	A0 V	0.086
HIP 71787		220.26528	29.39263	514.17	m	9.469	0.913	K0	1.33
HD 238729	HIP 86273	264.42311	59.13594	514.29	m	9.402	0.846	K0	1.325
HD 223098	HIP 117270	356.68608	-32.00089	514.31	m	9.4	0.844	G8/K0 III	1.304
HD 70103	HIP 40391	123.69907	-70.82483	514.36	m	9.012	0.456	K0/1 III	1.281
HD 61824	HIP 37380	115.09831	-20.12894	514.42	m	9.447	0.89	AP SI	-0.04
HIP 47354		144.73145	24.35047	514.47	m	9.314	0.757	K2	1.076
HIP 106893		324.74646	41.84486	514.52	m	9.649	1.092	K0	1.304
HD 92460	HIP 52227	160.05935	-18.78947	514.59	m	9.02	0.463	K1 III	1.282
HD 29175	HIP 21309	68.62631	-28.15956	514.61	m	9.071	0.514	K4 III	1.77
HD 48937	HIP 32386	101.38454	-14.95737	514.62	m	9.084	0.527	K0 IIICNII	1.332
HIP 44828		137.02413	-22.06873	514.72	m	11.97	3.416		0.406
HD 199887	HIP 103774	315.42891	-48.8782	514.76	m	9.583	1.025	F0 V	0.37
HD 328232	HIP 80771	247.36732	-45.19778	514.77	m	10.38	1.827	F2	0.719
HIP 111208		337.94611	80.17616	514.85	m	9.065	0.507	F8	0.96
HD 4858	HIP 3906	12.52263	-45.93945	514.88	m	9.131	0.572	K1 III	1.242
HD 61468	HIP 37181	114.59406	-27.86878	514.9	m	9.832	1.273	AP EUCR(SR)	0.042
HD 10371	HIP 7809	25.10846	-38.7904	514.94	m	9.12	0.561	K3 III	1.693
HD 209326	HIP 108872	330.82243	-34.7792	515	m	9.314	0.755	G8 III	1.212
HD 24429	HIP 16840	54.18424	-83.44915	515.03	m	9.002	0.443	K2/3 III	1.649
HIP 19993		64.32166	47.40017	515.17	m	10.53	1.967	F2	0.706
HD 218063	HIP 114036	346.39914	-45.72425	515.17	m	9.429	0.869	G8 IV	1.024
HIP 75708		232.00492	26.2782	515.2	m	9.44	0.88	K0	1.222
HD 327248	HIP 84721	259.76517	-40.87397	515.24	m	10.49	1.931	F0	0.51
HD 33894	HIP 24126	77.73851	-48.5071	515.28	m	9.262	0.702	M7E	1.573
HD 275401	HIP 16104	51.86211	38.57791	515.3	m	9.027	0.467	K0	1.448
HIP 85489		262.06545	-45.83835	515.4	m	10.97	2.411	F8	0.307
HIP 4851		15.60946	42.15584	515.43	m	9.849	1.288	A0	0.143
HD 207892	HIP 108009	328.2335	-28.76577	515.46	m	9.241	0.68	G6 IV	1.169
HD 78518	HIP 44829	137.02579	-22.06513	515.55	m	9.78	1.219	A0 V	0.124
HIP 45115		137.87673	39.74416	515.62	m	9.791	1.229	F2	0.38
HIP 43144		131.81434	42.45099	515.67	m	9.734	1.172	K 0 III	1.567
HD 130981	HIP 72852	223.35891	-58.32695	515.7	m	9.479	0.917	A2/3MA3-A7	0.408
HD 66198	HIP 39359	120.68088	10.78824	515.71	m	9.1	0.538	A2	0.122
HIP 111155		337.79628	39.60792	515.73	m	9.576	1.014	A 2 V	0.062
HIP 15419		49.68457	82.09653	515.74	m	9.388	0.826	K5	1.892
HIP 77566		237.54368	-54.75752	515.78	m	11.16	2.597		0.278
HIP 80499		246.47841	18.2593	515.84	m	9.1	0.537	M0	1.839
HIP 111298		338.20095	38.73079	515.86	m	10.76	2.194	A3	0.501
HD 397	HIP 685	2.11211	-53.44317	515.9	m	9.326	0.763	K0 III	1.095
HD 238952	HIP 92653	283.20428	57.4292	515.91	m	9.429	0.866	K0	1.262
HD 351972	HIP 100130	304.68704	20.01642	515.99	m	9.731	1.168	F5	0.598
HD 204137	HIP 105917	321.77361	-16.43356	516	m	9.677	1.114	K0 III	1.439
HD 182717	HIP 95460	291.28504	23.80207	516	m	9.228	0.665	F0	0.056
HD 177858	HIP 93687	286.18073	38.89822	516	m	9.164	0.601	K0	1.035
HIP 89062		272.66042	59.16658	516.01	m	9.413	0.85	F5	0.341
HIP 111020		337.38252	3.67845	516.05	m	9.969	1.406	K0	1.455
HD 6023	HIP 4767	15.31545	-28.88467	516.09	m	9.462	0.898	G5 III	0.964
HD 165757	HIP 89559	274.1205	-76.07156	516.1	m	9.144	0.58	A2 III/IV	0.235
HD 3510	HIP 2949	9.36907	-55.64887	516.15	m	9.443	0.879	K0 III	1.195
HD 148362	HIP 80265	245.78148	65.13251	516.19	m	9.322	0.758	K0	1.195
HD 34244	HIP 24364	78.40833	-46.52423	516.26	m	9.149	0.585	G8 IV	1.244
HD 250757	HIP 28684	90.84196	24.82332	516.26	m	11.45	2.89	F5	0.297
HD 2722	HIP 2404	7.65887	-28.5363	516.31	m	9.157	0.592	K0 III	1.15
HIP 92030		281.373	66.07199	516.32	m	10.56	1.992	F0	0.237
HD 76616	HIP 44329	135.41616	69.79235	516.34	m	9.187	0.622	A2	0.309
HIP 87358		267.75442	12.21341	516.44	m	9.018	0.453	K0	1.285
HD 13501	HIP 10166	32.68432	-42.41989	516.47	m	9.364	0.799	K3 III	1.435
HIP 58030		178.52469	31.74447	516.5	m	9.539	0.974	K0III	1.465
HIP 39395		120.80546	66.18917	516.5	m	9.473	0.908	G5	1.036
HD 93100	HIP 52605	161.3603	23.57938	516.59	m	9.28	0.714	K0	1.085
HIP 106117		322.4208	65.92467	516.6	m	9.71	1.144	A0	0.188
HD 218754	HIP 114384	347.49155	42.83592	516.62	m	9.172	0.606	A0	0.17
HD 11804	HIP 8978	28.92675	-4.13922	516.62	m	9.31	0.744	G8 IV	0.991
HD 113241	HIP 63590	195.46598	43.72636	516.65	m	9.201	0.635	K 1 III	1.429
HD 165059	HIP 88618	271.40142	-33.31136	516.69	m	9.221	0.655	G8 III	1.177
HD 128278	HIP 71450	219.17827	-24.4753	516.7	m	9.29	0.724	K1 III	1.54
HIP 11183		36.01017	-80.04548	516.7	m	9.615	1.049	M	1.299
HIP 117050		355.92699	23.38529	516.71	m	9.831	1.265	M0	1.46
HIP 84218		258.22719	-50.54219	516.83	m	10.24	1.672	G5	1.302
HIP 114947		349.23754	-44.38495	516.89	m	10.72	2.153	G0	0.485
HD 119733	HIP 67079	206.22221	8.36801	516.91	m	9.417	0.85	K0	1.106
HD 26480	HIP 19439	62.45461	-37.35296	516.94	m	9.297	0.73	G8 III	1.157
HIP 81895		250.91758	50.66866	516.94	m	10.88	2.316		0.893
HD 67366	HIP 39532	121.18266	-55.9075	517.05	m	9.378	0.81	G8/K1 III	1.294
HD 31472	HIP 22807	73.58853	-38.70571	517.07	m	9.27	0.702	K2/4 (III)	1.613
HIP 42478		129.90358	-61.84118	517.11	m	11.79	3.219	Fp...	0.546
HD 330077	HIP 77644	237.77781	-49.91331	517.17	m	10.64	2.073	F5	0.573
HD 94656	HIP 53410	163.86266	-15.63808	517.21	m	9.108	0.54	K1 III	1.326
HD 44309	HIP 30053	94.86643	-36.47436	517.27	m	9.07	0.501	K1 III	1.39
HIP 79340		242.88451	74.65304	517.3	m	9.037	0.468	M2	1.72
HD 214433	HIP 111681	339.36513	38.91174	517.34	m	9.097	0.528	A 0 IV	-0.07
HIP 51344		157.30943	4.62	517.36	m	9.744	1.175	F8	0.924
HD 144468	HIP 78686	240.9512	50.51272	517.43	m	9.365	0.796	K0	1.189
HD 153997	HIP 83474	255.90107	-19.46216	517.45	m	9.505	0.936	AP SI	0.077
HD 117347	HIP 65778	202.27356	36.31125	517.49	m	9.204	0.634	K5	1.193
HD 140032	HIP 76895	235.50811	-15.56674	517.51	m	9.12	0.55	K1 III	1.493
HD 140470	HIP 77475	237.28134	-71.50326	517.51	m	9.053	0.483	K2/3 III	1.657
HIP 369		1.15889	29.72228	517.52	m	9.404	0.834	K0	1.172
HIP 14488		46.75515	-56.13458	517.55	m	11.25	2.684		0.44
HIP 17185		55.20527	6.10457	517.57	m	12.45	3.879	K7	0.674
HD 84169	HIP 47637	145.69203	-20.98418	517.59	m	9.259	0.689	K0 III	1.127
HD 101244	HIP 56824	174.73037	-12.13845	517.68	m	9.475	0.905	G8 III	1.174
HD 71552	HIP 37199	114.63245	-87.90608	517.72	m	9.676	1.106	K0	1.252
HD 40045	HIP 28038	88.94239	-16.81472	517.73	m	9.246	0.676	G8 III/IV	1.226
HD 86241	HIP 48792	149.26953	-9.376	517.75	m	9.162	0.591	A3 III	0.226
HIP 35873		110.94856	10.70606	517.8	m	9.471	0.9	K	1.125
HD 141324	HIP 77471	237.27108	-15.53575	517.8	m	10.52	1.947	A8/9 II	0.424
HD 129781	HIP 71961	220.76901	43.99426	517.84	m	9.374	0.803	K0	1.197
HIP 115374		350.5763	44.74597	517.92	m	9.878	1.307	A2	0.33
HD 146989	HIP 79624	243.72703	65.2462	517.96	m	9.356	0.785	K0	1.191
HIP 15321		49.41336	64.20561	517.97	m	10.74	2.172	A0	0.431
HIP 106283		322.90295	11.88975	518.02	m	9.63	1.058	K2	1.499
HIP 45569		139.31667	27.91182	518.03	m	9.292	0.72	K0	1.069
HIP 54839		168.4071	78.57274	518.05	m	10.42	1.847	K2	1.253
HD 113965	HIP 64052	196.90587	-33.14966	518.07	m	9.444	0.872	G8 IV	1.212
HD 153831	HIP 83833	257.00082	-71.00013	518.12	m	9.666	1.094	A0 V	0.062
HD 10646	HIP 8048	25.83461	-29.41368	518.13	m	10.39	1.818	A9 V	0.398
HIP 105835		321.53853	13.73958	518.14	m	9.795	1.223	K2	1.54
HIP 87065		266.87784	27.13388	518.15	m	11.2	2.63	F8	0.459
HIP 14846		47.92952	-34.46818	518.27	m	9.214	0.641	G5	1.09
HD 136447	HIP 75186	230.4702	-34.74185	518.27	m	9.494	0.921	K2/3 (III)	2.291
HIP 108844		330.73484	0.06988	518.36	m	9.406	0.833	M8	1.438
HD 78189	HIP 44555	136.16862	-54.83379	518.4	m	9.03	0.457	K1 III	1.455
HIP 78025		238.98018	-50.95653	518.47	m	10.15	1.575	G5	1.239
HIP 43661		133.41804	-46.35569	518.47	m	9.331	0.757	K0	1.202
HD 189565	HIP 98841	301.08054	-62.32217	518.54	m	9.152	0.578	G5 IV	0.961
HIP 47896		146.42479	8.00165	518.58	m	9.491	0.917	G5	1.215
HIP 76951		235.68343	7.84099	518.61	m	9.342	0.768	K	0.949
HD 22408	HIP 16777	53.98037	-10.19081	518.64	m	9.109	0.535	K0 III	1.276
HD 281818	HIP 19914	64.07919	29.2566	518.78	m	10.19	1.616	B8	0.21
HD 6070	HIP 4762	15.29867	-51.82147	518.8	m	9.766	1.191	K1 III	1.52
HD 100436	HIP 56384	173.3759	5.86213	518.86	m	9.437	0.862	K0	1.175
HIP 9950		32.02303	34.66202	518.87	m	9.319	0.744	K0	1.548
HD 25613	HIP 18785	60.37429	-50.95894	518.91	m	9.135	0.56	G8 III	1.184
HD 154645	HIP 83882	257.16756	-42.69473	518.94	m	9.071	0.495	AP EUCRSR	0.047
HD 189159	HIP 98160	299.23057	44.34186	518.95	m	9.147	0.571	B9	0.155
HIP 105440		320.34968	65.57235	518.98	m	10.44	1.863	A0	0.024
HIP 103178		313.57299	-35.80712	519	m	10.46	1.883	F5	0.434
HD 218939	HIP 114583	348.19238	-57.88337	519	m	9.745	1.169	K1 III	1.405
HD 9338	HIP 7096	22.87022	-29.06613	519	m	9.623	1.047	G8 IV	1.057
HD 242509	HIP 24785	79.69749	15.10546	519.03	m	11.18	2.601	F 0 V	0.819
HIP 66726		205.16642	39.72922	519.14	m	9.751	1.175	K0	1.372
HD 106051	HIP 59530	183.11519	-73.238	519.22	m	9.947	1.37	K0	1.355
HD 42666	HIP 29197	92.38525	-46.677	519.27	m	9.166	0.589	G8 III	1.136
HIP 63014		193.70574	17.67141	519.48	m	9.405	0.827	K0	1.329
HD 6632	HIP 5125	16.41152	-66.05901	519.52	m	9.755	1.177	K2/4 (III)	1.62
HD 5424	HIP 4347	13.93302	-27.89368	519.53	m	9.581	1.003	G8 II	1.27
HIP 66297		203.81248	6.50962	519.54	m	9.35	0.772	K0	1.063
HD 205150	HIP 106470	323.46962	-17.86841	519.6	m	9.188	0.61	K1 III	1.324
HD 114752	HIP 64503	198.31091	-43.82988	519.62	m	9.28	0.702	K0 III	1.11
HD 85464	HIP 48335	147.78451	-32.52479	519.63	m	9.135	0.557	K0/1 IV	1.373
HD 9152	HIP 6953	22.37928	-32.02401	519.66	m	9.087	0.508	K2 III	1.325
HD 113641	HIP 63855	196.29635	-1.16527	519.66	m	9.124	0.545	K0 III	1.147
HD 231812	HIP 96208	293.44733	17.32804	519.67	m	9.254	0.675	K2	1.713
HD 17197	HIP 12629	40.57704	-66.09257	519.67	m	9.402	0.823	G8 III	1.106
HIP 42056		128.5834	22.50806	519.83	m	9.507	0.928	F2	0.466
HIP 7691		24.75026	32.10951	519.96	m	9.515	0.935	G5	1.267
HD 45571	HIP 30615	96.51087	-44.62603	520.08	m	9.384	0.804	A3 V	0.18
HD 115996	HIP 65142	200.23519	-8.11782	520.12	m	9.449	0.868	K2 III	1.623
HD 127322	HIP 71010	217.84477	-23.08309	520.13	m	9.464	0.883	B9 V	0.159
HIP 94476		288.42135	28.78765	520.13	m	9.198	0.617	A0	0.028
HD 171605	HIP 91763	280.68487	-72.48402	520.25	m	9.121	0.54	G8 III	1.2
HIP 38361		117.85233	4.91089	520.27	m	10.36	1.777	A5	0.252
HD 232695	HIP 12525	40.29562	53.90351	520.27	m	9.116	0.535	K7	1.798
HIP 78891		241.57241	62.7628	520.27	m	10.66	2.083	A3	0.414
HD 192025	HIP 99578	303.13176	11.3715	520.29	m	9.255	0.674	A0	0.014
HIP 103251		313.7658	66.92769	520.32	m	9.254	0.673	G5	1.553
HD 197366	HIP 102288	310.89113	-13.14188	520.33	m	9.38	0.799	A5 V	0.331
HD 281116	HIP 25588	82.02913	37.00883	520.37	m	9.528	0.946	G0	0.977
HIP 13391		43.08997	-8.98642	520.44	m	9.661	1.079	K0	1.353
HD 190441	HIP 98949	301.35273	-15.65962	520.55	m	9.049	0.467	A0 V	0.186
HD 129917	HIP 72390	222.01419	-63.31389	520.59	m	10.49	1.908	A1 IV/V	0.068
HIP 36907		113.81966	25.56539	520.6	m	9.251	0.668	K0	1.199
HD 204976	HIP 106084	322.3316	65.94991	520.64	m	9.08	0.497	A2	0.208
HIP 570		1.73076	-30.60851	520.67	m	12.01	3.429		
HD 294518	HIP 28269	89.59984	-3.37895	520.69	m	9.631	1.048	A7	0.374
HD 110072	HIP 61785	189.95922	-34.37469	520.77	m	10.02	1.441	AP SR(CR)	0.486
HD 32276	HIP 23267	75.0885	-35.75319	520.77	m	9.251	0.668	G8 III	1.182
HD 338238	HIP 95011	289.9937	24.9763	520.8	m	9.287	0.704	K5	1.841
HD 326712	HIP 83417	255.75364	-43.84699	520.8	m	9.27	0.687	K7	1.625
HIP 16256		52.37763	-54.78207	520.88	m	9.135	0.551	M	1.512
HIP 14141		45.58357	18.44378	520.89	m	9.497	0.913	K2	1.351
HIP 933		2.8983	7.12149	520.95	m	10.2	1.615	K2	1.398
HIP 68791		211.21056	24.28359	521.08	m	9.84	1.255	K0	1.281
HD 35319	HIP 25214	80.90577	-6.89782	521.11	m	9.008	0.423	K2 III	1.742
HD 94819	HIP 53512	164.20727	3.45024	521.14	m	9.03	0.445	K2 III	1.535
HIP 116244		353.30116	-3.13578	521.16	m	9.365	0.78	K0	1.455
HIP 64283		197.61727	44.90568	521.24	m	9.525	0.94	K 2 III	1.552
HIP 63217		194.29214	5.81279	521.25	m	9.449	0.864	K0	1.144
HD 137612	HIP 75664	231.88769	-18.58715	521.28	m	9.678	1.093	K0/1 III	1.525
HIP 56472		173.67384	63.64705	521.42	m	11.12	2.539		0.709
HD 128053	HIP 71433	219.10764	-51.87469	521.43	m	9.347	0.761	K1 III	1.308
HD 187901	HIP 97800	298.10292	-0.68736	521.46	m	9.057	0.471	K2	1.873
HD 221120	HIP 115961	352.41095	-53.41895	521.53	m	9.21	0.624	B9 V	0.039
HD 73230	HIP 42280	129.31228	-2.05199	521.65	m	9.476	0.889	F2 III/IV	0.408
HIP 89979		275.37368	-51.27811	521.69	m	10.07	1.487	F5	0.595
HD 50292	HIP 32863	102.73656	-35.142	521.7	m	9.486	0.899	K1 (III)	1.513
HD 2695	HIP 2379	7.59001	-19.85036	521.72	m	9.443	0.856	K1 III	1.218
HD 234369	HIP 82906	254.12733	49.98916	521.73	m	9.129	0.542	K2	1.415
HIP 25229		80.9341	60.72104	521.74	m	9.619	1.032	M2	1.747
HD 298354	HIP 45650	139.57769	-52.26879	521.78	m	9.84	1.253	F2	0.463
HD 299011	HIP 50230	153.81178	-54.47831	521.8	m	11.28	2.692	M5-M8IIIe	1.25
HD 225166	HIP 318	1.00963	-38.59477	521.9	m	9.523	0.935	G8/K0 IV	1.257
HD 210996	HIP 109844	333.70307	-33.14337	521.92	m	9.338	0.75	G8 IV	1.179
HIP 78644		240.81081	5.17834	521.93	m	9.455	0.867	K0	1.067
HIP 19787		63.61313	63.42175	521.95	m	9.771	1.183	B8	0.552
HD 102630	HIP 57619	177.21581	-38.33387	522	m	9.363	0.775	G8 III	1.019
HD 180303	HIP 94749	289.19513	-20.77649	522.01	m	9.484	0.896	AP SI	0.03
HIP 66491		204.46035	25.42784	522.03	m	9.617	1.029	K2	1.476
HIP 60751		186.75877	-60.75449	522.06	m	9.937	1.348	K 2 III	1.443
HD 6223	HIP 5001	16.01567	50.07114	522.08	m	9.316	0.727	A0	0.085
HD 56753	HIP 35233	109.2238	-34.39792	522.08	m	9.972	1.383	G6/8 V	0.905
HD 237331	HIP 22922	73.99269	56.31465	522.16	m	9.074	0.485	K7	2.723
HD 90272	HIP 50928	156.02496	-51.01725	522.26	m	9.571	0.982	G8 III/IV	1.169
HIP 104707		318.14783	69.41214	522.26	m	10.41	1.823	F8	1.136
HIP 77587		237.61276	17.52206	522.46	m	9.605	1.015	K2	1.507
HIP 3581		11.43216	-37.2863	522.54	m	9.87	1.279	F2	0.46
HIP 100640		306.10105	19.57646	522.55	m	9.689	1.098	F	0.427
HIP 14145		45.59832	43.18385	522.62	m	9.773	1.182	F0	0.624
HD 103994	HIP 58399	179.6172	-47.85072	522.64	m	9.14	0.549	B9 V	0.047
HD 113948	HIP 64070	196.95707	-52.00464	522.66	m	9.467	0.876	G8 IV/V	1.236
HIP 63437		194.98567	3.06511	522.7	m	9.682	1.091	K0	1.303
HD 16915	HIP 12593	40.48598	-28.54671	522.78	m	9.273	0.681	K0 III	1.269
HIP 26960		85.81761	41.11852	522.79	m	10.32	1.728		
HD 249338	HIP 28147	89.22574	32.03665	522.85	m	9.716	1.124	K2	1.494
HD 207340	HIP 107667	327.13813	-14.16576	522.86	m	9.394	0.802	K3 III	1.58
HD 5261	HIP 4260	13.5848	-2.68034	522.88	m	9.844	1.252	A1 V	0.219
HIP 104093		316.33274	28.12142	522.95	m	12.89	4.301		
HIP 116829		355.18919	70.88081	522.96	m	10.11	1.516	K2	1.446
HD 186445	HIP 97121	296.0767	2.26748	523.02	m	10.7	2.108	A0	0.28
HIP 46334		141.69731	27.64917	523.02	m	9.172	0.579	K2	1.229
HIP 12073		38.91214	45.19465	523.06	m	9.245	0.652	A0	0.149
HD 46549	HIP 30956	97.46854	-61.98457	523.07	m	9.442	0.849	G3WF7	0.77
HD 297773	HIP 49473	151.51357	-50.53081	523.14	m	9.961	1.368	G5	1.102
HD 208257	HIP 108214	328.84183	-18.23989	523.2	m	9.466	0.873	K0 III	1.165
HIP 8212		26.43814	40.64877	523.22	m	10.78	2.188	A 5 V	0.357
HD 210658	HIP 109749	333.46245	-62.28079	523.35	m	9.536	0.942	G8/K0 III	1.222
HIP 41708		127.58045	-31.95236	523.37	m	9.16	0.566	K0	1.147
Gl 4036		269.33905	-41.96667	523.37	m	11.28	2.69	M3	0.675
HD 25335	HIP 18661	59.92479	-43.19218	523.39	m	9.053	0.459	K0 III	1.228
HIP 59500		183.03289	1.1697	523.44	m	9.342	0.748	K0	1.155
HD 67390	HIP 39960	122.39896	44.47156	523.44	m	9.466	0.872	F2	0.326
HD 49075	HIP 32198	100.81814	-56.59515	523.47	m	9.142	0.548	G8/K0 III	1.097
HIP 14095		45.44184	43.04867	523.5	m	9.822	1.227	A2	0.353
HD 185441	HIP 96653	294.76414	2.44153	523.55	m	9.053	0.458	A1/2 V	0.382
HD 6293	HIP 4920	15.79425	-50.68364	523.6	m	9.638	1.043	K2 (V)	1.647
HD 105102	HIP 59022	181.52388	25.77036	523.61	m	9.133	0.538	K1III	1.523
HIP 88135		270.0358	-42.40009	523.74	m	9.645	1.049	G5	1.106
HD 77402	HIP 44234	135.13439	-47.70116	523.82	m	9.622	1.026	K1 III	1.094
HD 288174	HIP 26695	85.1016	2.07225	523.95	m	9.157	0.561	K0	1.424
HD 13667	HIP 10210	32.83261	-58.01743	523.96	m	9.22	0.624	K2/3 III	1.569
HD 4773	HIP 3835	12.30989	-47.41336	523.97	m	9.006	0.409	G8 IV	1.267
HD 197699	HIP 102826	312.47009	-69.68935	523.98	m	9.928	1.331	A2 V	0.148
HD 10701	HIP 8104	26.02453	-23.60076	523.99	m	9.486	0.889	G8 (III)	1.23
HD 207178	HIP 107682	327.18887	-53.01787	524.01	m	9.393	0.796	G8WG0 III	1.056
HD 34670	HIP 24897	80.04515	25.01603	524.07	m	9.171	0.574	B9	0.297
HD 200902	HIP 104301	316.94508	-42.24538	524.11	m	9.022	0.425	G8 IV	1.193
HIP 83678		256.54292	73.67083	524.11	m	9.653	1.056	K0	1.267
HIP 112317		341.26091	68.1329	524.14	m	9.08	0.483	B7+F0V+A5V	0.27
HIP 95913		292.58405	39.29471	524.15	m	9.464	0.867	K0	1.118
HD 33391	HIP 23861	76.92132	-45.76679	524.17	m	9.114	0.517	B9.5 V	-0.036
HD 228832	HIP 100112	304.63324	33.1552	524.35	m	10.23	1.63	B2-3:V:	1.068
HIP 74848		229.43062	6.51514	524.36	m	10.42	1.825	G0	0.559
HD 215531	HIP 112431	341.60567	-36.14073	524.37	m	9.226	0.628	G8 III	1.058
HD 31449	HIP 22770	73.47703	-43.01367	524.39	m	9.221	0.623	K0 III	1.159
HD 10745	HIP 8058	25.87931	-57.68644	524.4	m	9.537	0.939	G6/8 IV	1.195
HIP 40060		122.74894	65.22282	524.4	m	9.762	1.164	M8	1.435
HIP 7633		24.58496	82.42524	524.41	m	10.73	2.128	A5	0.408
HIP 8309		26.79155	17.28816	524.43	m	9.138	0.54	K0	1.074
HD 108314	HIP 60763	186.8291	-71.66746	524.44	m	9.146	0.548	G8/K0 III	1.631
HD 133499	HIP 73827	226.33241	-18.62598	524.5	m	9.234	0.635	A3 III/IV	0.212
HD 139596	HIP 76775	235.13518	-39.63162	524.52	m	9.436	0.837	G2 V	0.938
HD 237769	HIP 44223	135.11508	56.47848	524.56	m	9.446	0.847	K5	1.587
HIP 114116		346.66793	33.03602	524.61	m	10.38	1.778	A2	0.234
HD 347868	HIP 88539	271.19346	19.76417	524.61	m	9.308	0.709	K5	1.844
HIP 35534		110.00135	62.60196	524.71	m	9.544	0.944	K2	1.333
HD 16288	HIP 12140	39.10997	-17.12586	524.73	m	9.304	0.704	F0 V	0.43
HD 246706	HIP 26993	85.90344	29.75279	524.83	m	9.148	0.548	B8	0.061
HIP 37574		115.6671	5.54228	524.84	m	9.592	0.992	G5	1.257
HD 18507	HIP 13915	44.81438	25.46592	524.85	m	9.16	0.56	A0	0.267
HD 13807	HIP 10381	33.42353	-29.88601	524.87	m	10.15	1.553	B9.5 V	-0.001
HD 72770	HIP 42009	128.43343	-28.13452	524.89	m	9.085	0.485	A2 IV/V	0.03
HD 155033	HIP 84066	257.79769	-44.26882	524.95	m	9.483	0.882	G8/K0 (V)	1.452
HD 89655	HIP 50668	155.2029	2.35088	524.97	m	9.589	0.988	G8 (IV)	1.177
HD 181772	HIP 95471	291.29792	-58.37225	524.99	m	9.606	1.005	K0 III	1.228
HD 25776	HIP 19244	61.85882	48.928	525.08	m	9.072	0.471	A5	0.385
HD 205169	HIP 106638	323.99534	-61.00269	525.1	m	9.118	0.517	G8 III	1.093
HD 94540	HIP 53348	163.65659	-8.70434	525.1	m	9.122	0.521	K2 III	1.382
HD 10119	HIP 7630	24.57541	-35.2133	525.13	m	9.374	0.773	G8 III	1.103
HIP 17538		56.32309	-16.48916	525.16	m	9.98	1.379	M	1.436
HIP 6983		22.47269	14.20962	525.26	m	9.395	0.793	K0	1.139
HD 6894	HIP 5424	17.32104	-18.09921	525.3	m	10.39	1.789	G8	1.504
HD 68014	HIP 40212	123.19248	47.17663	525.34	m	9.199	0.597	A2	0.257
HD 341755	HIP 89120	272.82909	21.77609	525.37	m	11.04	2.437	F8	0.526
HIP 72778		223.15246	-42.07623	525.44	m	9.623	1.02		1.371
HIP 47488		145.20363	40.06864	525.45	m	9.357	0.754	K0	1.212
HD 122966	HIP 68973	211.81255	-64.09595	525.49	m	9.013	0.41	B9 V	0.056
HD 8074	HIP 6215	19.92183	-28.86198	525.51	m	9.14	0.537	K0 III	1.3
HD 146758	HIP 79719	244.05006	40.35633	525.55	m	9.358	0.755	G5	1.156
HD 348713	HIP 90458	276.87257	19.03049	525.55	m	9.488	0.885	A2	0.309
HD 91835	HIP 51815	158.79305	-51.93962	525.55	m	9.577	0.974	A1 V	-0.001
HD 68741	HIP 40069	122.77621	-54.92168	525.59	m	9.17	0.567	G3/5 III	1.027
HD 124610	HIP 69637	213.78438	-24.20978	525.6	m	9.062	0.459	K1/2 III	1.382
HIP 114492		347.8197	25.32788	525.62	m	10.42	1.813	G5	1.359
HD 234955	HIP 96699	294.87518	51.13775	525.74	m	9.308	0.704	K0	0.999
HD 91021	HIP 51355	157.34449	-50.57046	525.77	m	9.951	1.347	F3 (IVP SR)	0.408
HD 112620	HIP 63337	194.68686	-55.18717	525.77	m	9.183	0.579	K0 (III)	1.392
HIP 61645		189.56495	20.46556	525.79	m	9.343	0.739	K5	1.227
HIP 82961		254.30131	-5.68229	525.81	m	9.534	0.93	M0	2.217
HD 122262	HIP 68542	210.47937	-46.65147	525.84	m	9.467	0.863	K1/2 III	1.364
HIP 104651		317.98512	-0.05898	525.84	m	9.457	0.853	K0	1.37
HD 23589	HIP 17518	56.26034	-33.45177	525.85	m	9.172	0.568	G6 III/IV	0.972
HD 297528	HIP 47025	143.75362	-51.18211	525.85	m	10.56	1.961	G0	0.523
HIP 42223		129.1322	35.93671	525.86	m	9.998	1.394	K0	1.255
HIP 114679		348.47001	44.55336	525.89	m	9.456	0.852	A5	0.493
HIP 75601		231.69565	-17.99907	525.91	m	9.829	1.224	G0	1.213
HIP 5206		16.65182	-31.27882	525.91	m	9.708	1.103	K0	1.307
HIP 15052		48.49505	17.88869	525.93	m	9.313	0.708	A2	0.278
HIP 10136		32.59835	-7.00063	525.94	m	9.447	0.842	K0	1.07
HD 218948	HIP 114713	348.54465	-76.91695	526.03	m	9.497	0.892	G8/K1 III	1.276
HIP 3246		10.33519	-38.67898	526.06	m	9.415	0.81	K0	1.283
HD 63599	HIP 38125	117.1909	-26.61867	526.14	m	9.07	0.464	A0 V	0.004
HIP 111034		337.41282	5.66408	526.17	m	10.61	2.008	A0	0.506
HD 26853	HIP 19682	63.2485	-40.97636	526.27	m	9.255	0.649	G6 III	1.074
HIP 57976		178.38727	29.32195	526.37	m	9.34	0.734	K0III	1.449
HD 181091	HIP 95265	290.72863	-61.82379	526.39	m	9.012	0.405	K3 III	1.69
HD 19565	HIP 14325	46.19299	-67.86956	526.4	m	9.011	0.404	K3/4 III	1.712
HD 46441	HIP 31522	98.99869	48.41319	526.41	m	9.011	0.404	K2	1.626
HIP 36815		113.57706	29.38456	526.43	m	10.36	1.754	A2	0.219
HD 27141	HIP 19872	63.93463	-32.98222	526.48	m	9.461	0.854	G8 III	1.228
HD 44311	HIP 30017	94.7503	-43.58962	526.5	m	9.125	0.518	A0 V	0.013
HD 23377	HIP 17479	56.17932	-1.45049	526.57	m	10.37	1.765	A7/9 V	0.409
HD 6608	HIP 5129	16.41655	-62.13683	526.7	m	9.157	0.549	G5 III	0.949
HD 104455	HIP 58668	180.44208	-14.47931	526.74	m	9.571	0.963	G8/K0 II/III	1.243
HIP 13719		44.16035	32.97076	526.75	m	10.11	1.504	B8	0.108
HIP 118168		359.55035	64.2278	526.83	m	9.556	0.948	B8	0.226
HIP 76142		233.28802	-36.40502	526.87	m	10.14	1.531	K0	1.363
HD 83378	HIP 47209	144.31235	-29.40471	526.89	m	9.117	0.508	A0 V	0.035
HIP 106352		323.09622	20.99605	526.91	m	9.611	1.002	A2	0.265
HD 102508	HIP 57573	177.00997	40.67533	526.94	m	9.102	0.493	G8III	1.053
HIP 54282		166.566	-29.07273	526.96	m	10.24	1.636	A0	0.308
HIP 10193		32.76466	61.90888	527.03	m	9.018	0.409	K0	1.633
HD 78585	HIP 44995	137.46925	25.24827	527.14	m	10.14	1.526	M6.5e-M9e	0.918
HIP 45138		137.95106	18.03327	527.14	m	9.474	0.864	A0	0.19
HIP 50507		154.73486	48.61816	527.29	m	9.06	0.45	K0	1.265
HIP 78081		239.15347	-8.89785	527.53	m	9.917	1.306	G0	1.354
HIP 5995		19.27141	7.9138	527.57	m	9.264	0.653	K0	1.064
HD 177721	HIP 94109	287.35149	-58.937	527.59	m	9.891	1.28	K2/3 (III)	1.705
HD 95697	HIP 53976	165.63025	-23.08899	527.59	m	9.243	0.632	K0 III	1.2
HIP 87831		269.13879	20.98134	527.59	m	9.488	0.877	K0	1.18
HD 182221	HIP 95318	290.88632	4.20987	527.74	m	9.069	0.457	B9 III	0.313
HD 346159	HIP 99786	303.69021	22.81637	527.81	m	9.593	0.981	K5	1.462
HD 184067	HIP 96147	293.23793	-7.99673	527.82	m	9.002	0.39	K5 (III)	2.01
HIP 22539		72.76848	44.97147	527.85	m	10.14	1.523	B9V	0.387
HIP 40886		125.14858	-45.14925	527.88	m	9.82	1.207		1.236
HD 135447	HIP 74723	229.05687	-31.83004	527.93	m	9.47	0.857	K2 (III)	1.676
HD 74170	HIP 42448	129.81732	-60.75323	528.01	m	9.734	1.121	B9.5 V	0.012
HD 82590	HIP 46822	143.1262	-17.43575	528.03	m	9.51	0.897	F5/7WA9	0.441
HD 223338	HIP 117439	357.19173	-8.14572	528.08	m	9.4	0.786	A8 III	0.318
HIP 57396		176.49994	-51.33184	528.12	m	10.18	1.565	A5	0.31
HD 9382	HIP 7351	23.69198	69.90053	528.21	m	9.023	0.409	K0	1.2
HD 50243	HIP 33313	103.93554	56.61764	528.21	m	9.485	0.871	B8	0.01
HIP 64560		198.50136	-51.03309	528.28	m	10.09	1.476	F5	0.44
HD 62708	HIP 37721	116.0558	-29.56807	528.28	m	9.537	0.923	K1 III	1.283
HD 36788	HIP 25854	82.78542	-52.71047	528.3	m	9.141	0.527	K1/2 III	1.41
HIP 112480		341.75464	50.24349	528.32	m	9.797	1.183	A5	0.422
HIP 72699		222.95379	-17.29535	528.33	m	9.964	1.349		1.408
HD 88541	HIP 49896	152.81341	-51.28464	528.37	m	9.147	0.532	G8 III	1.214
HIP 69376		213.03627	37.5109	528.4	m	9.492	0.877	K0	1.165
HD 30064	HIP 21895	70.59528	-41.72976	528.6	m	9.471	0.855	K0 III	1.213
HIP 112239		341.02045	-42.49233	528.61	m	10.54	1.924	G0	0.626
HIP 76781		235.15529	-3.20205	528.68	m	9.961	1.345	G2	1.338
HD 104639	HIP 58749	180.74198	-13.07491	528.7	m	9.642	1.026	G8 IV	1.185
HIP 23184		74.83187	5.29941	528.72	m	9.591	0.975	K2	1.611
HIP 89590		274.23275	14.01587	528.82	m	9.176	0.559	K0	1.324
HIP 46968		143.59485	61.52659	528.82	m	9.416	0.799	K0	1.271
HD 79012	HIP 45099	137.81277	-3.92172	528.83	m	9.559	0.942	K0 III	1.255
HD 222449	HIP 116804	355.09847	51.73296	528.85	m	9.53	0.913	A0	0.042
HD 103811	HIP 58292	179.31798	43.36437	528.97	m	9.548	0.931	K1III	1.33
HIP 36945		113.92309	67.45272	529.01	m	9.107	0.49	M5	1.53
HD 119966	HIP 67243	206.72147	-21.93392	529.04	m	9.377	0.76	G8 III/IV	1.107
HD 69580	HIP 40770	124.81834	40.86549	529.12	m	9.256	0.638	F8	0.513
HD 282433	HIP 22108	71.36983	30.28176	529.18	m	9.567	0.949	B8	0.457
HD 188129	HIP 97901	298.43412	-3.74603	529.22	m	9.486	0.868	K0/1 (III)	1.723
HD 238246	HIP 65967	202.88171	57.3494	529.26	m	10.43	1.813	K2	1.27
HIP 71401		219.01557	47.68999	529.27	m	9.248	0.63	K0	1.304
HD 238250	HIP 66084	203.20008	55.75904	529.31	m	9.492	0.873	K0	1.046
HIP 111751		339.56128	42.40818	529.33	m	9.938	1.319	A5	0.251
HD 26999	HIP 19768	63.58234	-39.82576	529.39	m	9.14	0.521	K1 III	1.228
HD 22290	HIP 17130	55.03484	69.7136	529.44	m	9.103	0.484	A0	0.311
HIP 942		2.90605	63.44314	529.46	m	9.194	0.575	A 0 V	0.219
HD 177338	HIP 93697	286.20074	-13.84562	529.47	m	9.588	0.969	AP SI	0.206
HIP 38481		118.21721	-50.84106	529.52	m	9.601	0.982	K0	1.245
HIP 63040		193.76662	-52.98642	529.61	m	12.6	3.977		0.461
HD 31871	HIP 23065	74.44696	-35.18985	529.71	m	9.064	0.444	K1 III	1.252
HD 322659	HIP 83561	256.15155	-37.90753	529.8	m	9.046	0.425	A0	0.044
HD 244274	HIP 25847	82.76531	33.32083	529.82	m	11.16	2.54	F5	0.489
HD 116483	HIP 65432	201.16334	-41.15031	529.99	m	9.266	0.645	G8 III	1.232
HD 109100	HIP 61196	188.10338	-51.22828	530.14	m	9.089	0.467	K2 III	1.657
HD 108961	HIP 61095	187.82064	-7.66542	530.15	m	9.482	0.86	F7 V	0.758
HIP 64773		199.1194	43.26474	530.19	m	9.493	0.871	K 1 III	1.171
HIP 85605		262.40116	24.65309	530.23	m	11.15	2.533		1.337
HD 206305	HIP 107201	325.69723	-50.99251	530.24	m	9.207	0.585	K(3) (III)	1.701
HIP 75570		231.57151	-42.86304	530.26	m	9.49	0.868		1.124
HIP 87007		266.67621	25.22098	530.3	m	9.612	0.989	K2	1.36
HD 235645	HIP 107970	328.11051	53.71203	530.33	m	9.057	0.434	K0	1.242
HIP 68510		210.37072	23.20575	530.33	m	9.596	0.973	K5	1.688
HIP 62690		192.69076	22.21248	530.38	m	9.621	0.998	G5	1.071
HIP 33010		103.17685	-64.70788	530.45	m	9.344	0.721	K5	1.323
HD 278713	HIP 16483	53.06001	36.13567	530.48	m	10.06	1.438	A 2 V	0.25
HD 113243	HIP 63612	195.56171	16.79385	530.5	m	9.371	0.748	K0	1.129
HD 22000	HIP 16375	52.74367	-44.62386	530.63	m	9.414	0.79	G8 (III)	1.133
HD 78582	HIP 44759	136.83373	-48.44096	530.67	m	9.17	0.546	B9 V	-0.038
HD 61085	HIP 37003	114.071	-30.65332	530.7	m	9.144	0.52	K2 III	1.572
HD 201009	HIP 104232	316.7807	-7.75261	530.71	m	9.016	0.392	K3/4 (III)	1.773
HD 140371	HIP 77036	235.94845	-17.80301	530.81	m	9.924	1.299	G6/8 III/IV	1.346
HD 3595	HIP 3038	9.65627	-19.74193	530.85	m	9.1	0.475	G8 III/IV	1.172
HIP 78413		240.11207	14.6155	531.07	m	9.294	0.668	G5	1.23
HD 119734	HIP 67088	206.26613	-0.7729	531.12	m	9.457	0.831	K0/1 (III)	1.405
HD 218413	HIP 114231	347.01515	-20.59358	531.12	m	9.655	1.029	G8/K0 III	1.323
HD 157220	HIP 85283	261.39365	-58.41071	531.13	m	9.296	0.67	G8/K0 III + A/F	1.066
HD 85480	HIP 48357	147.87514	-25.88656	531.17	m	9.098	0.472	G8/K0 III	1.131
HD 93196	HIP 52617	161.39458	-7.58065	531.19	m	9.297	0.671	A0 V	0.074
HD 21592	HIP 16157	52.05188	-29.42772	531.24	m	9.272	0.646	K2 (III)	1.371
HD 186218	HIP 97371	296.85839	-65.57891	531.31	m	9.679	1.052	G2/5WF5/6 V	0.898
HD 237761	HIP 43740	133.62886	55.79276	531.34	m	9.982	1.355	K2	1.603
HD 239031	HIP 94585	288.7412	57.37209	531.35	m	9.653	1.026	A2	0.121
HD 150468	HIP 81745	250.45606	-16.36359	531.36	m	9.018	0.391	K2 III	1.734
HIP 11069		35.62406	36.3663	531.37	m	10.26	1.631	A0	0.125
HD 98848	HIP 55441	170.30255	-73.76204	531.39	m	9.254	0.627	K2 III	1.613
HD 127736	HIP 71883	220.54044	-81.46214	531.39	m	9.118	0.491	K3 (III)	2.079
HD 334704	HIP 101534	308.66265	29.49418	531.42	m	9.3	0.673	B9	-0.011
HD 208000	HIP 108118	328.57082	-39.94248	531.46	m	9.092	0.465	G8 (IV)	1.384
HD 262068	HIP 32025	100.34722	8.46945	531.5	m	9.664	1.036	A0	0.245
HIP 65273		200.66525	27.90232	531.5	m	9.515	0.887	K0	1.109
HD 7371	HIP 5832	18.70128	52.83202	531.61	m	9.11	0.482	A0	0.245
HD 216593	HIP 113130	343.64656	-34.56434	531.7	m	9.164	0.536	K0 III	1.166
HD 95321	HIP 53708	164.83577	-58.12444	531.72	m	9.125	0.497	A3MA7-A9	0.215
HD 236507	HIP 3388	10.76831	57.73337	531.73	m	9.935	1.307	K2	1.318
HD 8222	HIP 6313	20.27531	-35.60821	531.76	m	9.151	0.522	G8 III/IV	1.12
HIP 25726		82.40294	20.05079	531.76	m	10.58	1.947	F0	0.55
HD 336676	HIP 91543	280.02654	27.10261	531.77	m	9.129	0.5	K5	1.656
HD 93150	HIP 52700	161.62225	54.8128	531.83	m	9.065	0.436	K0	1.424
HD 140136	HIP 77198	236.4473	-64.04509	531.86	m	9.905	1.276	A0 V	0.084
HD 91424	HIP 51467	157.68671	-71.2699	531.86	m	9.083	0.454	K0/1 III	1.567
HD 279067	HIP 18156	58.22418	36.85512	531.87	m	9.792	1.163	A 0 V	0.296
HD 585	HIP 843	2.58677	18.65038	531.92	m	9.356	0.727	K0	1.298
HD 10512	HIP 7905	25.40855	-40.40414	531.95	m	9.228	0.599	K1 III	1.391
HD 136864	HIP 75223	230.58257	24.38243	531.98	m	9.803	1.174	A2	0.096
HIP 115163		349.91549	38.94451	531.99	m	9.342	0.712	G0	1.182
HIP 51759		158.62946	33.46008	532.12	m	9.375	0.745	K 0 III	1.238
HIP 117711		358.09924	65.26924	532.17	m	9.475	0.845	B8	0.266
HIP 61367		188.63031	41.67037	532.19	m	9.875	1.245	K2III	1.422
HD 154102	HIP 83432	255.7885	9.40106	532.24	m	9.516	0.885	G5	1.3
HD 29515	HIP 21427	69.00273	-53.24919	532.28	m	9.122	0.491	K2/3 III	1.617
HD 184001	HIP 96232	293.52791	-43.46431	532.28	m	9.329	0.698	G8 II	1.185
HD 29067	HIP 21096	67.80828	-58.4819	532.3	m	9.391	0.76	G6 III	0.987
HD 233954	HIP 61526	189.07992	53.10924	532.51	m	10.43	1.793	K5	1.351
HD 53099	HIP 33826	105.33692	-48.09992	532.66	m	9.772	1.14	K1 (III)	1.234
HD 263781	HIP 32603	102.02564	31.94066	532.72	m	10.46	1.832	F0	0.292
HD 53547	HIP 34093	106.03874	-31.80408	532.73	m	9.587	0.954	B8/9 V	0.024
HD 214087	HIP 111656	339.28454	-57.76833	532.76	m	9.176	0.543	K0/1 III	1.076
HIP 49589		151.848	13.9273	532.76	m	9.335	0.702	R0	1.721
HD 210987	HIP 109777	333.53686	-0.65867	532.78	m	9.593	0.96	K2	1.351
HD 112736	HIP 63345	194.70698	16.21098	532.78	m	9.245	0.612	G5	1.119
HD 91259	HIP 51572	158.00516	-12.19941	532.81	m	9.001	0.368	K0 III	1.277
HIP 19488		62.61944	57.85131	532.94	m	9.865	1.232		2.256
HIP 93704		286.21881	34.92492	532.98	m	9.304	0.67	A0	0.03
HIP 63316		194.63316	12.39508	532.98	m	9.717	1.083	K0	1.461
HD 212177	HIP 110489	335.71224	-27.58486	533	m	9.434	0.8	G6 V	0.841
HIP 18205		58.40093	-31.68386	533.01	m	9.297	0.663	G5	1.072
HIP 51085		156.56178	21.81758	533.02	m	9.298	0.664	G5	1.416
HD 6694	HIP 5349	17.09835	48.5965	533.02	m	9.328	0.694	A2	0.232
HD 93764	HIP 52974	162.51644	34.00851	533.03	m	9.159	0.525	G5	1.341
HD 85247	HIP 48201	147.39872	-35.0285	533.12	m	9.495	0.861	K0 III	1.185
HIP 56627		174.16418	22.3889	533.17	m	9.457	0.823	K0	1.17
HIP 43830		133.9057	79.71329	533.17	m	9.387	0.753	G5	1.043
HD 259657	HIP 31281	98.41097	5.95394	533.33	m	9.294	0.659	K2	1.201
HIP 3077		9.75132	40.67113	533.33	m	9.606	0.971	A2	0.302
HIP 74650		228.79864	-50.3767	533.35	m	9.738	1.103	G5	1.271
HIP 59875		184.18682	-52.47461	533.45	m	9.962	1.327	G5	1.09
HD 10433	HIP 7857	25.26302	-34.59129	533.46	m	9.231	0.595	A3 IV/V	0.184
HD 182048	HIP 95380	291.0473	-31.93207	533.47	m	9.525	0.889	G6/8 V	1.147
HIP 12705		40.8215	0.08725	533.49	m	9.195	0.559	M0	1.883
HIP 32835		102.6742	-8.88864	533.51	m	9.117	0.481	K	1.539
HD 340966	HIP 102185	310.57354	25.29863	533.55	m	9.203	0.567	B9	-0.033
HD 16495	HIP 12516	40.26665	57.5108	533.56	m	9.478	0.842	B9	0.145
HIP 106290		322.91863	5.19468	533.56	m	13.3	4.665	K7	
HD 231692	HIP 96046	292.92986	19.29377	533.63	m	9.965	1.329	K2	1.416
HD 8666	HIP 6784	21.82642	65.77279	533.63	m	9.201	0.565	B8	0.181
HD 90051	HIP 50569	154.95342	-75.71055	533.65	m	10.01	1.376	G6/K1	1.515
HD 11665	HIP 8828	28.375	-43.36849	533.7	m	9.693	1.057	K2/3 III	1.231
HD 59558	HIP 36625	112.98546	33.19625	533.72	m	9.037	0.4	K2	1.436
HD 218380	HIP 114157	346.7855	42.91974	533.73	m	9.229	0.592	A0	0.037
HIP 81317		249.1202	28.51008	533.73	m	11.05	2.415	G0	0.599
HIP 113710		345.44338	39.84339	534	m	11.4	2.76	A2	0.277
HD 63294	HIP 37687	115.97452	-64.62344	534.07	m	9.304	0.666	K0 III	1.388
HIP 66641		204.89934	40.0781	534.11	m	9.89	1.252	K0	1.185
HIP 62078		190.8434	17.8285	534.14	m	9.454	0.816	K0	1.284
HD 201904	HIP 104800	318.46795	-40.70786	534.14	m	9.061	0.423	G8 III	1.046
HIP 5358		17.12674	42.27374	534.16	m	9.494	0.856	K0	1.23
HD 54125	HIP 34529	107.31927	34.80313	534.17	m	9.155	0.517	K5	1.84
HIP 76448		234.19798	-29.19307	534.19	m	9.655	1.017	G5	1.094
HD 70816	HIP 41049	125.65034	-37.80502	534.2	m	9.03	0.391	B9 V	-0.054
HD 35993	HIP 25521	81.865	-25.34165	534.22	m	9.705	1.066	KP BA	1.295
HIP 117970		358.91927	-36.06767	534.28	m	9.902	1.263	K5	1.69
HIP 21603		69.5657	-43.23836	534.28	m	10.38	1.741	A2	0.329
HIP 71328		218.79766	-50.72351	534.39	m	10.12	1.481	G5	1.324
HIP 11540		37.18893	59.62121	534.41	m	10.11	1.475		1.393
HD 223514	HIP 117532	357.53867	-27.1293	534.48	m	9.454	0.814	K0/1 III	1.299
HIP 85973		263.56105	70.56469	534.6	m	10.22	1.583	G5	0.294
HD 24985	HIP 18566	59.62256	8.36836	534.68	m	9.148	0.508	A0	0.052
HD 236545	HIP 3891	12.4824	57.29769	534.68	m	9.106	0.466	K0	1.326
HD 137551	HIP 75993	232.79298	-69.21923	534.69	m	9.327	0.686	AP SICR	0.039
HD 297521	HIP 46944	143.51203	-50.43655	534.71	m	9.671	1.03	G5	1.113
HD 197941	HIP 102510	311.62002	11.2071	534.75	m	9.005	0.364	K2	1.686
HIP 55501		170.49621	25.48388	534.8	m	9.626	0.985	K5	0.94
HD 47878	HIP 32229	100.9222	52.1373	534.86	m	9.022	0.381	F0	0.33
HD 104405	HIP 58636	180.36267	45.84122	534.88	m	9.786	1.145	G9III	1.095
HD 88679	HIP 50124	153.48667	13.87225	534.94	m	9.551	0.909	A3	0.225
HIP 9712		31.23877	-22.58901	534.94	m	10.44	1.8	G5	1.147
HD 143498	HIP 78414	240.11188	8.01106	534.97	m	9.156	0.514	K2	1.396
HIP 81536		249.80578	24.42054	535.03	m	9.618	0.976	K0	1.327
HIP 73887		226.52001	28.99955	535.11	m	9.474	0.832	K0	1.084
HD 102152	HIP 57316	176.27369	-61.5173	535.13	m	9.147	0.505	A0 V	0.016
HD 117782	HIP 66099	203.24358	-27.35257	535.17	m	9.294	0.652	G6 V	1.039
HD 84211	HIP 47674	145.81264	-11.54749	535.22	m	9.514	0.871	A3 IV	0.188
HD 206095	HIP 107073	325.28292	-47.49347	535.32	m	9.144	0.501	K2/3 III	1.532
HIP 49185		150.58399	8.67082	535.35	m	9.31	0.667	K0	1.078
HIP 31613		99.24948	69.55761	535.4	m	10.92	2.274	A0	0.251
HIP 83371		255.59076	-48.91845	535.53	m	9.132	0.488	B7 V	0.22
HIP 108668		330.22096	45.55989	535.54	m	9.606	0.962	A2	0.324
HD 197791	HIP 102708	312.15861	-58.96935	535.61	m	9.8	1.156	K0 III	1.311
HD 220725	HIP 115677	351.54442	-0.46324	535.67	m	9.08	0.436	K0 III	1.273
HIP 47072		143.89467	10.25733	535.72	m	9.428	0.783	G5	1.047
HD 166423	HIP 89163	272.94726	-29.935	535.77	m	9.802	1.157	A8/9 III	0.475
HD 314178	HIP 89503	273.96249	-23.56192	535.79	m	9.899	1.254	F0	0.513
HD 146942	HIP 80143	245.37162	-52.82397	535.85	m	9.411	0.766	K0/2 (III)	1.306
HD 224298	HIP 118052	359.18521	-47.17661	535.85	m	10.24	1.592	F2 V	0.399
HD 278959	HIP 17649	56.71075	35.45373	535.87	m	9.424	0.779	K0	1.557
HIP 44735		136.73229	9.87317	535.92	m	9.298	0.653	K0	1.428
HD 57239	HIP 35396	109.65066	-38.50516	535.93	m	9.22	0.574	K1 III	1.649
HIP 8062		25.8876	68.36374	535.93	m	9.538	0.892	B8	0.311
HD 20141	HIP 15010	48.37663	-23.02695	535.96	m	9.433	0.787	G8/K1 IV	1.243
HD 234450	HIP 85648	262.55446	53.07842	536.03	m	9.666	1.02	K0	0.931
HD 10953	HIP 8424	27.16177	44.42764	536.07	m	9.304	0.658	K 0 III	1.36
HIP 70262		215.6503	-50.19633	536.08	m	10.15	1.507	G5	1.321
HD 119516	HIP 66959	205.86135	15.57529	536.11	m	9.176	0.53	G5	0.506
HIP 40032		122.65422	78.85853	536.12	m	9.309	0.663	K0	1.374
HIP 87927		269.4253	-2.68436	536.13	m	9.631	0.985	K5	1.95
HD 11815	HIP 9008	28.98679	2.1356	536.2	m	10.1	1.45	F2 V	0.097
HD 212240	HIP 110446	335.57032	30.4207	536.24	m	9.362	0.715	A0	0.045
HIP 89055		272.65008	33.81586	536.29	m	9.081	0.434	M0	1.829
HIP 51639		158.24711	40.1944	536.32	m	10.95	2.304	F5	0.557
HIP 29664		93.74035	75.356	536.36	m	9.687	1.04	G5	1.263
HIP 41470		126.88112	11.25376	536.39	m	9.245	0.598	G5	0.931
HIP 54700		167.97642	-53.19019	536.43	m	10.78	2.134		0.704
HIP 81080		248.40602	19.5954	536.45	m	10.89	2.242	F0	0.419
HIP 53098		162.94189	1.096	536.47	m	9.009	0.361	K5	1.817
HIP 64897		199.52956	42.01474	536.48	m	9.35	0.702	K0	1.329
HIP 76825		235.28038	24.05866	536.56	m	10.98	2.335	K0	0.986
HIP 65125		200.19677	19.84401	536.57	m	9.927	1.279		1.369
HIP 49549		151.75437	37.54895	536.58	m	9.005	0.357	K5	1.799
HD 5105	HIP 4130	13.22307	-2.64491	536.59	m	9.278	0.63	G8/K0 IV	1.258
HIP 77302		236.73063	-9.43416	536.61	m	9.755	1.107	G0	1.313
HD 42355	HIP 29240	92.4813	-7.41361	536.68	m	10.44	1.789	B9 IV/V	0.261
HIP 105015		319.05075	23.40367	536.7	m	9.801	1.152	K2	1.327
HIP 54325		166.70225	47.42118	536.77	m	9.607	0.958	K0	1.244
HD 5766	HIP 4610	14.76936	-23.69134	536.78	m	9.534	0.885	F5/6 V	0.786
HD 174663	HIP 92893	283.90212	-62.11706	536.81	m	9.573	0.924	A5MA7-F0	0.312
HIP 96299		293.69544	38.98279	536.85	m	9.336	0.687	F5	0.469
HIP 110389		335.39	33.90702	536.87	m	9.87	1.221	K0	1.169
HD 44043	HIP 29956	94.58956	-27.06219	536.87	m	9.125	0.476	G8 IV	1.175
HD 152578	HIP 82473	252.82701	53.78473	536.89	m	9.22	0.571	A5	0.271
HIP 37700		116.01484	1.32251	536.89	m	9.958	1.309	A2	0.188
HIP 72214		221.53956	35.92088	536.93	m	9.313	0.663	K0	1.162
HD 297544	HIP 47345	144.70809	-49.76153	537.03	m	10.49	1.844	F0	0.402
HIP 1160		3.61619	-18.4315	537.04	m	9.668	1.018	K2	1.235
HIP 108733		330.389	-2.46704	537.08	m	9.531	0.881	K0	1.579
HIP 85935		263.4298	31.93669	537.14	m	9.68	1.03	G5	1.058
HD 133270	HIP 73656	225.85172	7.06025	537.16	m	9.758	1.107	K2	1.245
HIP 12683		40.7411	-20.29446	537.17	m	9.158	0.507		1.292
HIP 16026		51.59143	-59.29871	537.21	m	9.097	0.446	G8	1.398
HIP 115831		351.99632	42.4186	537.27	m	9.939	1.288	A5	0.337
HIP 58846		181.03326	37.11311	537.31	m	9.775	1.124	K1III	1.334
HD 234202	HIP 73548	225.47253	53.60031	537.34	m	9.945	1.294	M0	1.531
HIP 12165		39.19772	72.77038	537.35	m	10.01	1.359	K	1.507
HD 215406	HIP 112390	341.44927	-49.27885	537.36	m	9.883	1.232	G8/K0 (III)	1.175
HIP 43922		134.20771	-24.4426	537.45	m	9.577	0.925	K5	1.854
HD 122139	HIP 68492	210.32678	-51.18936	537.46	m	9.257	0.605	K1 III	1.525
HIP 112476		341.7361	36.78394	537.5	m	10.32	1.67	A 1 V	0.11
HD 286727	HIP 20135	64.7544	10.15416	537.53	m	9.855	1.203	K0	1.754
HIP 29286		92.61969	-45.50133	537.58	m	9.305	0.653	G0	0.96
HIP 73414		225.04702	22.66964	537.6	m	9.747	1.095	K0	1.238
HD 240322	HIP 116134	352.96711	58.76972	537.61	m	9.213	0.561	A2V	0.654
HD 219493	HIP 114896	349.09317	-33.67277	537.63	m	9.652	1	K0 V	1.339
HD 945	HIP 1091	3.40437	-68.19768	537.7	m	9.31	0.657	K0 III	1.236
HIP 87997		269.62061	75.64043	537.84	m	9.081	0.428	K0	1.139
HD 223804	HIP 117742	358.18697	65.1984	537.89	m	9.23	0.577	A0	0.327
HD 83843	HIP 47485	145.20135	-12.30957	537.97	m	9.117	0.463	B9.5 IV/V	0.025
HIP 67562		207.66553	37.6817	538	m	11.12	2.47	G 6 III	1.04
HD 238287	HIP 67290	206.85805	57.25712	538.03	m	9.371	0.717	K0	1.147
HD 29370	HIP 21404	68.91685	-42.00156	538.15	m	9.416	0.761	K0 II	1.299
HIP 27388		87.00583	22.51079	538.21	m	9.695	1.04	F5	1.077
HD 111013	HIP 62314	191.52537	28.98756	538.27	m	9.627	0.972	G7III	1.181
HD 59425	HIP 36184	111.78226	-52.60706	538.28	m	9.033	0.378	B8/9 V	0.032
HD 355533	HIP 100344	305.24798	14.61021	538.29	m	9.168	0.513	K0	1.3
HD 159604	HIP 86386	264.77498	-58.23603	538.37	m	9.677	1.022	A8 V	0.427
HD 144111	HIP 78637	240.80176	28.8518	538.4	m	9.519	0.863	G5	1.186
HIP 77246		236.59677	-67.40187	538.43	m	9.213	0.557	K0	1.104
HD 239954	HIP 110819	336.77684	57.49199	538.44	m	9.307	0.651	B5	0.228
HIP 75520		231.42949	17.21998	538.46	m	10.66	2.008	F5	0.45
HD 7620	HIP 5860	18.79225	-54.09657	538.77	m	9.413	0.756	K0 III	1.205
HIP 66933		205.75354	50.02224	538.79	m	10.16	1.508		1.212
HIP 20547		66.04032	8.55481	538.79	m	12.61	3.955		
HD 22188	HIP 16567	53.32846	-32.50548	538.81	m	9.087	0.43	G6 III/IV	1.055
HD 125532	HIP 70184	215.38846	-52.86611	538.82	m	9.213	0.556	AP SI LAM4200	0.087
HIP 110045		334.33893	40.64261	538.84	m	9.675	1.018	A0	0.051
HD 27928	HIP 20454	65.72975	-37.26368	538.88	m	9.638	0.981	GW	0.805
HD 216288	HIP 112899	342.94154	-8.55886	538.89	m	9.672	1.015	K1 III	1.453
HIP 53597		164.48302	8.15902	538.91	m	10.84	2.18	F0	0.481
HIP 5601		17.96206	-21.90325	539.02	m	9.781	1.123	K5	1.575
HD 344590	HIP 96261	293.58873	21.70989	539.05	m	9.202	0.544	B8V	0.166
HD 154034	HIP 83463	255.87601	-14.61467	539.05	m	9.772	1.114	B9 IB/II	0.696
HD 125556	HIP 69816	214.33296	66.79422	539.05	m	9.394	0.736	M8	1.195
HD 198535	HIP 103156	313.4965	-61.96543	539.12	m	9.368	0.71	G8 III	1.115
HD 236288	HIP 354	1.12335	51.82929	539.21	m	9.327	0.668	K0	1.161
HD 82324	HIP 46538	142.37577	-50.64422	539.23	m	9.027	0.368	K2/3 III	1.497
HD 35179	HIP 25096	80.58753	-14.39725	539.31	m	9.592	0.933	G8 IV	1.1
HIP 66300		203.81772	29.13461	539.45	m	9.151	0.491	G 8 V	1.032
HD 102074	HIP 57280	176.18727	-41.80269	539.46	m	9.207	0.547	K0 III	1.296
HD 42207	HIP 29145	92.23009	-12.63327	539.47	m	9.22	0.56	B8/9 III	0.126
HD 142300	HIP 77864	238.4894	-5.73193	539.48	m	10.28	1.615	A1 III	0.416
HIP 79772		244.21371	27.83387	539.57	m	9.37	0.71	K2	1.591
HD 95134	HIP 53674	164.73448	-12.95067	539.7	m	9.823	1.162	A8 IV/V	0.32
HD 117430	HIP 65993	202.9564	-63.37495	539.74	m	9.02	0.359	A2 IV/V	0.204
HIP 67456		207.36077	-44.21455	539.91	m	9.648	0.986	A0	0.99
HD 233984	HIP 62604	192.42719	51.53693	540.02	m	9.385	0.723	K0	1.031
HIP 55463		170.3758	21.98769	540.02	m	9.423	0.761	K0	1.267
HD 56383	HIP 35530	109.98977	56.27072	540.03	m	9.144	0.482	K5	1.824
HIP 111814		339.72881	36.92838	540.04	m	9.664	1.002	A 1 V	0.118
HIP 566		1.71817	49.38211	540.07	m	9.242	0.58	K0	1.348
HD 131408	HIP 73576	225.57385	-80.27762	540.25	m	9.022	0.359	G5/6 III	1.27
HD 60006	HIP 36644	113.03478	-11.53331	540.31	m	9.067	0.404	B8/9 V	-0.025
HD 58311	HIP 35650	110.34415	-60.25317	540.31	m	9.319	0.656	K1 III	1.431
HD 202834	HIP 105150	319.50637	22.69948	540.37	m	9.25	0.587	A2	0.082
HD 264103	HIP 32606	102.04426	10.7652	540.38	m	9.22	0.557	K0	1.217
HD 169183	HIP 90286	276.33157	-41.34179	540.41	m	10.42	1.758	G2 IV/V	0.011
HD 27315	HIP 19999	64.33173	-34.8928	540.41	m	9.543	0.879	K2 (III)	1.497
HIP 92526		282.84567	65.22739	540.43	m	9.519	0.855	F5	0.707
HD 87602	HIP 49465	151.47928	-5.42301	540.46	m	9.295	0.631	A3/4 IV	0.239
HIP 11042		35.54868	13.18133	540.52	m	9.458	0.794	K5	1.797
HIP 66352		203.99707	21.39163	540.54	e	10	1.338	G2	0.56
HD 8150	HIP 6357	20.41191	45.21597	540.58	m	9.563	0.899	G5	1.254
HIP 39464		120.9927	47.09698	540.61	m	10.51	1.841	F5	0.449
HD 125623	HIP 70129	215.25353	-17.79316	540.68	m	9.163	0.498	K2 III	1.659
HIP 56380		173.36631	45.71152	540.78	m	9.76	1.095	K0III	1.336
HD 186570	HIP 97154	296.21188	10.95194	540.86	m	9.099	0.434	K0	1.397
HIP 86122		264.01663	25.96093	540.87	m	9.236	0.571	M0	1.936
HIP 10671		34.33001	-0.95867	540.94	m	9.152	0.486	K0	1.449
HD 16104	HIP 11929	38.49188	-41.87337	541.01	m	9.489	0.823	G8 III	1.211
HD 29794	HIP 21483	69.2052	-66.43069	541.11	m	9.416	0.75	B9.5 V	0.02
HD 6052	HIP 4808	15.42961	-3.60084	541.19	m	9.05	0.383	K1 III	1.415
HD 119534	HIP 66946	205.81288	32.00824	541.22	m	9.365	0.698	K 2 V	1.351
HD 45555	HIP 30546	96.32113	-51.83976	541.24	m	9.044	0.377	M2/3 III	1.481
HIP 101073		307.34095	35.02756	541.25	m	9.721	1.054	K0	1.314
HIP 39519		121.1547	-56.85785	541.3	m	10.35	1.68	Gp	1.33
HD 22343	HIP 16755	53.88649	-11.07522	541.48	m	9.065	0.397	K2/3 III	1.886
HD 52003	HIP 33821	105.31449	35.84534	541.56	m	9.393	0.725	B8	-0.029
HD 36461	HIP 25824	82.71511	-24.96849	541.59	m	9.254	0.586	G8 IV	0.985
HIP 88829		271.99077	15.3003	541.65	m	9.704	1.035	A0	0.056
HD 195445	HIP 100677	306.18114	75.10873	541.68	m	9.202	0.533	A0	0.228
HIP 77005		235.85277	-51.9563	541.73	m	9.777	1.108	K2	1.213
HD 199230	HIP 103553	314.69798	-61.81142	541.8	m	9.185	0.516	M6/7 III	1.519
HD 234366	HIP 82883	254.07499	50.12661	541.81	m	10.04	1.366	F5	0.447
HD 180812	HIP 94826	289.42193	10.35206	541.87	m	9.04	0.371	B9	0.329
HD 65313	HIP 38850	119.25244	-29.74609	541.87	m	9.776	1.107	A0 V	-0.013
HD 341363	HIP 103432	314.33148	25.75498	541.89	m	10.06	1.39	A0	0.184
HIP 76659		234.81764	-48.31811	541.89	m	10.72	2.054	G0	0.251
HIP 6438		20.6743	42.07122	541.98	m	9.162	0.492	G5	1.209
HD 116566	HIP 65559	201.61996	-70.54014	542	m	9.237	0.567	G8 III	1.181
HIP 464		1.38388	-31.96764	542.01	m	12.46	3.79	A0	
HIP 48708		149.02271	45.44765	542.05	m	9.459	0.789	K0	1.213
HD 180523	HIP 94893	289.66302	-40.66808	542.07	m	10.93	2.26	A2 IV	0.326
HD 80482	HIP 45707	139.77069	-34.52888	542.22	m	9.059	0.388	K2 III	1.425
HIP 64620		198.66948	-58.33951	542.24	m	11.12	2.454		0.278
HD 12874	HIP 9760	31.37477	-30.59229	542.37	m	9.475	0.804	G8 III	1.298
HIP 26171		83.69278	53.69119	542.44	m	9.48	0.808	K0	1.654
HIP 77119		236.20245	23.62263	542.49	m	9.648	0.976	K0	1.469
HD 106215	HIP 59591	183.30539	-35.36685	542.68	m	9.301	0.628	AP CREUSR	0.133
HIP 61183		188.04401	-77.70123	542.8	m	9.359	0.686	K0	2.007
HD 199385	HIP 103436	314.34222	-17.84377	542.81	m	9.658	0.985	K2 (III)	1.37
HIP 12582		40.44633	-49.57498	542.82	m	9.56	0.887	K	1.479
HIP 57254		176.09991	-51.47126	542.87	m	10.13	1.453	G5	1.108
HD 14576	HIP 10891	35.03802	-42.27179	542.92	m	9.592	0.918	G8/K0 III	1.129
HIP 64874		199.46364	42.35441	542.98	m	10.44	1.77	G 8 III	1.231
HIP 116450		353.94267	2.07454	543.03	m	9.096	0.422	K2	1.554
HIP 25276		81.08481	-27.34239	543.05	m	11.42	2.742	Fp	0.341
HD 2386	HIP 2124	6.72796	-71.23771	543.15	m	9.184	0.509	G2/5 (III)	0.997
HIP 113618		345.17428	33.23009	543.22	m	9.743	1.068	K0	1.339
HIP 97529		297.33294	-33.70417	543.25	m	9.856	1.181	G2	1.478
HD 53476	HIP 34230	106.44839	15.0226	543.27	m	9.551	0.876	G5V	1.064
HD 28325	HIP 20758	66.71751	-29.33569	543.44	m	9.523	0.847	G2/3 IV/V	0.783
HIP 39627		121.46207	62.54444	543.45	m	9.066	0.39	K5	1.683
HD 156327	HIP 84655	259.59609	-34.40851	543.48	e	9.402	0.726	WC	0.821
HD 219410	HIP 114869	349.00983	-49.84828	543.54	m	10.06	1.389	A1 IV	0.151
HD 1541	HIP 1561	4.85383	-37.75893	543.54	m	9.707	1.031	A5 III(M)	0.326
HD 4761	HIP 3863	12.39624	0.58817	543.55	m	9.506	0.83	G8 (III)	1.252
HD 26168	HIP 19142	61.54468	-48.9037	543.55	m	9.367	0.691	G6 IV	0.989
HIP 48158		147.24404	30.38066	543.65	m	9.385	0.708	G0	0.87
HD 145745	HIP 79418	243.12071	4.25545	543.69	m	9.221	0.544	G8 III/IV	1.073
HD 76822	HIP 43885	134.10047	-53.79901	543.7	m	9.01	0.333	A1 V	0.16
HD 172480	HIP 91652	280.35285	-23.92247	543.71	m	10.08	1.399	AP SI	0.196
HD 84034	HIP 47756	146.0328	53.76677	543.76	m	9.13	0.453	M5	1.924
HD 103232	HIP 57953	178.29663	-51.95867	543.77	m	9.911	1.234	F2 IV	0.473
HD 44214	HIP 30164	95.2083	5.74481	543.8	m	9.618	0.941	A2	0.809
HD 8062	HIP 6168	19.78437	-48.156	543.82	m	9.01	0.333	K1 III	1.399
HD 123625	HIP 69212	212.55436	-51.94539	543.85	m	9.235	0.558	K0 III	1.226
HD 128196	HIP 71595	219.64123	-65.89909	543.86	m	10.02	1.346	K0/2	1.339
HIP 66508		204.49842	41.21633	543.91	m	9.528	0.85	K 0 III	1.172
HD 93985	HIP 52972	162.51009	-52.30095	543.94	m	9.019	0.341	K2 III	1.472
HIP 50824		155.66979	27.87373	543.98	m	9.708	1.03	G 5 V:	1.28
HD 216118	HIP 112713	342.38222	45.34258	544.04	m	10.51	1.835	A0	0.436
HD 4234	HIP 3503	11.17802	-15.3865	544.04	m	9.428	0.75	K1 IV	1.45
HD 194503	HIP 100946	307.00254	-48.77448	544.05	m	9.351	0.673	G8 III	1.116
HIP 111811		339.72354	24.82771	544.09	m	9.052	0.374	K2	1.458
HD 77261	HIP 44122	134.79024	-55.61803	544.09	m	9.029	0.351	K0 III	1.478
HIP 76537		234.47266	14.13984	544.14	m	9.54	0.861	K0	1.231
HD 146008	HIP 80990	248.10639	-83.90291	544.17	m	9.484	0.805	A8/F0 IA/AB(W)	0.39
HIP 75318		230.8198	7.04623	544.28	m	9.573	0.894	G5	1.228
HIP 74962		229.77961	-50.28158	544.36	m	9.481	0.802	G5	1.145
HD 89552	HIP 50527	154.80367	-39.22947	544.38	m	9.271	0.591	K0 III	1.321
HIP 70391		216.02921	21.16901	544.4	m	9.784	1.104	G5	1.446
HIP 87039		266.76682	26.41951	544.44	m	10.22	1.541	K2	1.12
HD 23561	HIP 17509	56.24228	-31.60101	544.46	m	9.002	0.322	K2/3 III	1.634
HIP 112740		342.48265	7.66054	544.49	m	10.08	1.402	K2	1.438
HD 9213	HIP 7031	22.64862	-10.84172	544.5	m	9.009	0.329	K1 III	1.405
HD 218009	HIP 114073	346.54938	-70.48817	544.58	m	9.133	0.453	K2 III	1.392
HIP 70125		215.23149	35.26986	544.62	m	9.826	1.146	K 2 III	1.515
HIP 49182		150.56619	61.96444	544.69	m	9.871	1.19	K0	1.357
HD 19510	HIP 14601	47.1287	10.44589	544.71	m	9.628	0.947	A2	0.477
HD 298573	HIP 47349	144.72428	-51.5507	544.73	m	9.882	1.201	G5	1.266
HIP 4322		13.82565	23.16372	544.76	m	10.81	2.134	A3	0.193
HD 51368	HIP 33256	103.7804	-41.06481	544.79	m	9.063	0.382	G6/8 III/IV	1.121
HD 302483	HIP 48993	149.93319	-59.27123	544.85	m	10.04	1.359	A2	0.186
HD 6826	HIP 5322	17.01658	-52.71433	544.86	m	9.24	0.559	G8 III	1.046
HD 229088	HIP 100424	305.4514	33.27381	544.88	m	10.15	1.468	K5	1.595
HIP 88832		271.99581	42.22377	544.98	m	9.437	0.755	M9	1.459
HD 16585	HIP 12365	39.78998	-14.99305	545	m	9.303	0.621	G8/K0 III	1.371
HD 86570	HIP 48848	149.45266	-52.81821	545.08	m	9.096	0.414	G8/K0 III	1.206
HD 207185	HIP 107577	326.81145	-0.52611	545.08	m	9.319	0.637	G8 IV/V	1.142
HD 37567	HIP 26565	84.72446	-12.77603	545.08	m	9.025	0.343	B8/9 V	0.04
HD 34011	HIP 24357	78.39823	-13.66091	545.15	m	9.087	0.404	K2 III	1.693
HD 42334	HIP 29258	92.53646	0.71005	545.17	m	9.315	0.632	B8 III	0.033
HD 55117	HIP 34707	107.82072	-9.29985	545.17	m	9.048	0.365	B8 V	-0.089
HIP 1271		3.98453	-20.41614	545.18	m	9.97	1.287	K2	1.327
HD 233277	HIP 32273	101.0679	54.73705	545.2	m	9.483	0.8	K0	1.251
HD 223517	HIP 117538	357.55311	-34.45169	545.27	m	9.014	0.331	K0 III	1.421
HIP 48206		147.42088	6.96912	545.32	m	9.493	0.81	K2	1.436
HIP 78095		239.18108	-34.42639	545.38	m	10.21	1.53		1.581
HIP 79367		242.97454	68.12582	545.41	m	10.98	2.298	F8	0.616
HIP 48864		149.49692	-30.39794	545.51	m	9.612	0.928	F5	1.261
HIP 102082		310.32614	48.14134	545.52	m	10.84	2.157	C7.4e	4.751
HD 13219	HIP 9793	31.48465	-69.7188	545.56	m	9.388	0.704	K2 III	1.455
HD 19985	HIP 14918	48.11579	-8.04709	545.61	m	9.033	0.349	K2/3 III	1.409
HIP 11315		36.41506	21.76061	545.64	m	11.27	2.589	A0	0.634
HIP 69926		214.6547	25.30528	545.66	m	9.476	0.791	K0	1.28
HD 98326	HIP 55196	169.52106	-50.64046	545.7	m	9.438	0.753	B9.5 V	-0.001
HD 330772	HIP 80580	246.7931	-47.76542	545.75	m	9.914	1.229	K5	1.294
HD 335758	HIP 89346	273.4556	26.61214	545.81	m	9.572	0.887	K2	1.755
HIP 49657		152.06191	17.35859	545.84	m	9.403	0.718	M8	1.327
HD 233562	HIP 42659	130.42171	52.06162	545.89	m	9.268	0.582	K0	1.536
HIP 80319		245.97478	83.28275	545.94	m	9.881	1.195	A2	0.125
HD 47949	HIP 31777	99.67044	-46.51517	545.94	m	9.737	1.051	K1 III	1.276
HIP 15808		50.9148	18.55575	545.97	m	9.036	0.35	K0	1.121
HD 218892	HIP 114465	347.72952	58.10835	545.98	m	9.172	0.486	B5	0.251
HD 115303	HIP 64817	199.29579	-52.90187	545.99	m	9.743	1.057	G6/8 IV/V	0.906
HIP 55337		169.98485	7.57831	546.04	m	9.26	0.574	K2	1.83
HIP 109711		333.3452	43.37432	546.05	m	9.157	0.471	B8	-0.016
HD 52094	HIP 33526	104.51592	-38.99894	546.06	m	9.617	0.931	G6/8 (V)	1.151
HD 10613	HIP 8002	25.68775	-38.0053	546.07	m	9.725	1.039	G8 IIIP	1.287
HD 155815	HIP 84701	259.71668	-66.70525	546.26	m	9.513	0.826	B9.5 V	-0.019
HIP 77216		236.48079	33.78019	546.29	m	9.499	0.812	G5	1.124
HD 112308	HIP 63166	194.13397	-59.49415	546.33	m	9.013	0.326	B7/8 III	0.071
HIP 75662		231.87662	-51.12118	546.34	m	9.796	1.109	G5	1.158
HD 138374	HIP 76141	233.28592	-39.09984	546.37	m	9.103	0.416	G8 IV	1.341
HIP 43236		132.10919	-59.5738	546.5	m	9.123	0.435	F8	0.789
HIP 39823		122.05113	-8.50313	546.52	m	9.613	0.925	G0	1.102
HIP 117388		357.0282	41.1019	546.65	m	10.08	1.387		0.642
HD 39419	HIP 27722	88.0557	-6.84801	546.65	m	9.095	0.406	B8/9 II	0.132
HD 258523	HIP 30994	97.57711	10.43759	546.7	m	9.337	0.648	A0	0.093
HIP 107401		326.30691	14.92037	546.73	m	9.399	0.71	G5	1.12
