HD 79453	HIP 45345	138.60701	11.60026	165.22	m	8.521	2.431	A2	0.244
HD 118523	HIP 65572	201.65983	85.27067	165.23	m	7.982	1.892	F2	0.448
HD 23920	HIP 17745	56.99603	-26.3286	165.23	m	6.985	0.895	A3 V	0.137
HD 34682	HIP 24905	80.07493	25.17106	165.23	m	8.402	2.312	A2	0.267
HD 168065	HIP 89432	273.78927	52.15693	165.23	m	8.718	2.628	A2	0.303
HD 101452	HIP 56925	175.05687	-39.14657	165.23	m	7.556	1.466	A2/3(M)A8-F2	0.354
HD 82025	HIP 45357	138.64355	-84.62324	165.25	m	7.976	1.885	K1 III	1.209
HD 123475	HIP 69052	212.01274	-4.74518	165.25	m	8.691	2.6	F0 V	0.394
HD 27956	HIP 20549	66.04206	-16.04185	165.26	m	8.183	2.092	K0 III/IV	1.14
HD 27404	HIP 20262	65.15745	28.89202	165.26	m	7.955	1.864	A 8 VP	0.283
HD 128461	HIP 71486	219.28612	-3.89221	165.26	m	7.172	1.081	G1/2 V	0.935
HD 31294	HIP 22903	73.89409	27.20242	165.27	m	7.483	1.392	K 1 III	1.496
HD 150714	HIP 81893	250.91539	-22.73648	165.27	m	7.588	1.497	AP SI	0.131
HD 52836	HIP 33997	105.80927	14.33611	165.27	m	7.187	1.096	A3	0.278
HD 119871	HIP 67222	206.61984	-33.77424	165.27	m	8.107	2.016	F0 V	0.332
HD 80099	HIP 44020	134.4712	-85.74877	165.27	m	8.751	2.66	F3/5 IV/V	0.499
HD 9231	HIP 6886	22.17367	-68.17512	165.28	m	7.61	1.519	K3 III	1.393
HD 212031	HIP 110370	335.32689	5.7284	165.28	m	8.554	2.463	F8	0.602
HD 169265	HIP 90003	275.45669	44.67762	165.28	m	8.621	2.53	G0	0.559
HD 3447	HIP 2966	9.43499	42.52481	165.29	m	7.973	1.882	F5	0.492
HD 3468	HIP 2965	9.41974	21.09973	165.29	m	6.949	0.858	K 1 III	1.315
HD 19688	HIP 14708	47.51053	-5.3561	165.32	m	8.542	2.45	F0 V	0.36
HD 45895	HIP 30447	96.00854	-70.18682	165.33	m	7.761	1.669	F2 IV	0.467
HD 213872	HIP 111380	338.47469	36.79996	165.33	m	8.112	2.02	A3	0.262
HD 207608	HIP 107692	327.22807	46.90308	165.34	m	8.105	2.013	F8	0.518
HIP 89237		273.1529	38.59753	165.35	m	8.277	2.185	F8	0.592
HD 22791	HIP 16981	54.59993	-36.62501	165.36	m	8.634	2.542	F3/5 V	0.459
HD 22836	HIP 17082	54.90298	-17.36509	165.36	m	6.969	0.877	K0 III	1.053
HD 147731	HIP 80633	246.96333	-64.66173	165.36	m	8.767	2.675	F0 IV	0.332
HD 80162	HIP 45653	139.58739	7.07312	165.37	m	8.665	2.573	F2	0.452
HD 215215	HIP 112194	340.85089	18.35249	165.37	m	8.993	2.901	G5	0.804
HD 11027	HIP 8473	27.31132	41.98914	165.39	m	8.712	2.619	F 2 V	0.43
HD 68813	HIP 40404	123.73102	21.0802	165.39	m	8.405	2.312	A5	0.229
HD 99781	HIP 55993	172.12371	-31.857	165.39	m	7.624	1.531	A7 V	0.242
HD 76170	HIP 43872	134.06318	47.75646	165.4	m	8.819	2.726	G 5 V	0.639
HD 44828	HIP 29076	92.00449	-82.04368	165.4	m	7.231	1.138	F0 IV	0.311
HD 91963	HIP 51956	159.20188	-19.89312	165.4	m	8.541	2.448	K0 III	1.213
HD 87551	HIP 49458	151.46638	3.38911	165.42	m	8.308	2.215	A2 IV	0.231
HD 101245	HIP 56823	174.7255	-21.17382	165.43	m	7.908	1.815	A3MA4-A9	0.208
HD 173794	HIP 92412	282.48854	-52.12205	165.43	m	7.146	1.053	A3 III/IV	0.26
HD 219049	HIP 114559	348.08562	52.22956	165.45	m	7.417	1.324	F0	0.342
HR 814	HIP 12708	40.83431	-40.5279	165.45	m	7.201	1.108	B9V	-0.009
HD 137125	HIP 75340	230.92302	17.86696	165.45	m	7.953	1.86	F0	0.456
HD 911	HIP 903	2.78827	-87.41422	165.46	m	8.938	2.845	F8/G0 V	0.628
HD 75217	HIP 43246	132.15605	-1.04484	165.49	m	6.551	0.457	K1 III	1.338
HD 112153	HIP 62980	193.5737	6.17858	165.49	m	8.766	2.672	G5	1.191
HD 188639	HIP 98172	299.25847	-24.3371	165.5	m	8.515	2.421	A7 V	0.353
HD 210265	HIP 109341	332.26746	9.45118	165.51	m	7.944	1.85	A0	0.094
HD 6447	HIP 5210	16.65887	64.39299	165.51	m	7.597	1.503	G0	0.616
HD 219124	HIP 114826	348.89891	-77.89478	165.53	m	8.352	2.258	K2 III	1.313
HD 38229	HIP 27293	86.75018	51.52087	165.55	m	6.562	0.467	G5	1.024
HD 156456	HIP 84560	259.29233	13.13421	165.55	m	6.745	0.65	K2	1.424
HD 50178	HIP 32830	102.6609	-31.27633	165.56	m	7.26	1.165	G6 III	1.007
HD 64616	HIP 38571	118.45528	-26.26209	165.56	m	7.048	0.953	G8 III	1.062
HD 8368	HIP 6472	20.81386	24.51982	165.57	m	8.261	2.166	A5	0.366
HD 8654	HIP 6725	21.63461	53.13005	165.57	m	7.84	1.745	G5	1.124
HD 88851	HIP 50330	154.16666	59.3791	165.57	m	8.827	2.732	F5	0.424
HD 4100	HIP 3477	11.10405	67.03357	165.58	m	8.439	2.344	F8	0.371
HD 71729	HIP 41679	127.45639	26.19286	165.58	m	6.798	0.703	A0	-0.023
HD 213457	HIP 111237	338.04789	-43.26307	165.59	m	7.013	0.918	K0 III	1.156
HD 8398	HIP 6548	21.04897	51.1735	165.59	m	7.615	1.52	A2	0.324
HD 214588	HIP 111789	339.64059	44.66903	165.59	m	7.167	1.072	A0	0.045
HD 130024	HIP 72137	221.33421	20.15624	165.6	m	8.699	2.604	F5	0.453
HD 23328	HIP 17469	56.14939	11.13768	165.61	m	8.736	2.641	F5	0.516
HD 97678	HIP 54898	168.60552	-2.42803	165.61	m	8.713	2.618	F0 V	0.387
HD 27636	HIP 20556	66.05808	51.93709	165.61	m	6.864	0.769	A2	0.2
HD 220659	HIP 115627	351.35496	15.68865	165.61	m	8.076	1.981	A 9 III	0.321
HD 101691	HIP 57084	175.5379	2.87838	165.64	m	8.677	2.581	A9/F0 V	0.326
HD 224002	HIP 117856	358.579	25.13342	165.64	m	7.992	1.896	A M	0.367
HD 21464	HIP 13778	44.3325	-86.70185	165.65	m	8.966	2.87	F5 IV	0.462
HD 120405	HIP 67321	206.98219	50.23946	165.65	m	7.589	1.493	A5	0.255
HD 222748	HIP 116991	355.77107	51.93934	165.66	m	6.55	0.454	K0	1.197
HD 76448	HIP 43876	134.07673	3.56829	165.67	m	8.759	2.663	A8/9 V	0.26
HD 220896	HIP 115822	351.96072	-50.34368	165.68	m	7.33	1.234	G6 III	1.042
HD 198688	HIP 103088	313.30982	-36.51393	165.69	m	7.421	1.325	K0 III	1.207
HD 166563	HIP 89133	272.86224	-5.205	165.69	m	6.735	0.639	B9.5 V	0.041
HD 188957	HIP 98259	299.48957	-6.44475	165.7	m	7.669	1.572	A3 V	0.286
HD 39082	HIP 27573	87.59938	4.95674	165.7	m	7.403	1.306	Ap EuCrSr	0.04
HD 8959	HIP 6835	21.99768	-22.03694	165.71	m	6.66	0.563	K0 III	1.068
HD 67873	HIP 40012	122.57466	9.16814	165.71	m	6.891	0.794	G 2 IV	0.952
HD 97756	HIP 54894	168.6014	-41.99996	165.72	m	8.608	2.511	K0 IV	1.08
HD 116542	HIP 65405	201.07661	1.3998	165.72	m	7.816	1.719	A5 V	0.268
HD 12040	HIP 9112	29.35107	-36.05742	165.74	m	7.011	0.914	A7/9 V	0.269
HD 235885	HIP 111489	338.82254	51.92509	165.74	m	8.941	2.844	F2	0.529
HD 26285	HIP 19550	62.80529	41.74739	165.74	m	7.103	1.006	K0	1.269
HD 215306	HIP 112226	340.95358	27.68371	165.75	m	8.186	2.089	F5	0.437
HD 131627	HIP 73090	224.06163	-44.09213	165.75	m	7.907	1.81	A3 IV	0.174
HD 44178	HIP 30105	95.02845	-7.87199	165.75	m	6.98	0.883	A9 IV/V	0.295
HIP 87900		269.33083	30.29284	165.76	m	8.54	2.443	K0	1.224
HD 118510	HIP 66446	204.31568	4.41762	165.76	m	8.707	2.61	F3 V	0.463
HD 13248	HIP 10094	32.444	13.17583	165.76	m	7.732	1.635	B9	0.308
HD 165398	HIP 88525	271.16289	27.11523	165.78	m	7.211	1.113	A2	0.29
HD 94300	HIP 53130	163.02764	-54.27023	165.78	m	8.898	2.8	F3/5 V	0.453
HD 78422	HIP 44813	136.99192	-7.80505	165.8	m	7.406	1.308	F0 IV	0.341
HD 224679	HIP 118312	359.95463	-2.11261	165.8	m	8.431	2.333	G5 V	0.788
HD 59036	HIP 36424	112.4408	37.16152	165.8	m	8.196	2.098	F0	0.372
HD 21672	HIP 16450	52.97479	48.73515	165.81	m	6.611	0.513	B8V	-0.032
HD 76423	HIP 43761	133.7182	-36.05702	165.82	m	7.54	1.442	K1 III	1.365
HD 35528	HR 1797|HIP 25221	80.91198	-37.33669	165.82	m	6.919	0.821	K1 III	1.209
HD 110248	HIP 61851	190.14595	30.37752	165.82	m	7.68	1.582	AM	0.363
HD 171440	HIP 90977	278.37012	34.56322	165.82	m	8.368	2.27	A0	0.276
HD 24500	HIP 18066	57.92422	-47.31686	165.83	m	6.731	0.633	A8 III/IV	0.302
HD 70368	HIP 40799	124.90384	-46.43995	165.83	m	8.574	2.476	F3 V	0.47
HD 251	HIP 603	1.82658	7.7036	165.84	e	7.747	1.649	F5	0.502
HD 11671	HIP 8938	28.78088	28.79784	165.84	e	7.587	1.489	F2...	0.497
HD 83563	HIP 46557	142.41693	-82.26327	165.84	m	7.647	1.549	A1 V	0.062
HD 29482	HIP 21577	69.49903	-13.02892	165.84	m	7.326	1.228	B9/A0 V + B/A	0.055
HD 153969	HIP 83210	255.08609	46.87182	165.86	m	8.629	2.53	A2	0.345
HD 87852	HIP 49727	152.28449	50.8213	165.86	m	7.832	1.733	A2	0.23
HD 133409	HIP 73741	226.10208	-0.90552	165.86	m	8.224	2.125	A5 V	0.234
HD 81745	HIP 46378	141.85121	-4.56188	165.86	m	8.739	2.64	A7 IV	0.278
HD 3031	HIP 2654	8.40866	-2.73525	165.87	m	8.755	2.656	F0 V	0.344
HD 13341	HIP 10223	32.86361	39.46436	165.89	m	8.993	2.894	K0	0.676
HD 100149	HIP 56233	172.91423	30.97266	165.89	m	8.144	2.045	G5V	1.007
HD 154626	HIP 83809	256.91912	-27.70222	165.89	m	8.997	2.898	G2/5 + A/F	0.68
HD 117101	HIP 65661	201.93729	24.40425	165.9	m	8.69	2.591	F5	0.357
HD 69786	HIP 40792	124.88255	26.64087	165.9	m	8.359	2.26	F5	0.413
HD 68821	HIP 40252	123.31846	-24.29259	165.9	m	7.454	1.355	F0 V	0.308
HD 92527	HIP 52272	160.21012	-15.208	165.91	m	8.389	2.29	K0 IIICNII	1.327
HD 112084	HIP 62930	193.44955	19.05744	165.91	m	7.196	1.097	K0	1.373
HD 136137	HIP 74858	229.47113	33.59433	165.92	m	6.755	0.656	G 8 III	1.041
HD 66333	HIP 39252	120.40998	-36.67117	165.92	m	8.47	2.371	A3 V	0.202
HD 202941	HIP 105318	319.96427	-27.20914	165.92	m	7.049	0.949	A0 V	0.01
HD 218507	HIP 114314	347.26671	-45.51168	165.93	m	7.562	1.462	K2 III	1.418
HD 112563	HIP 63276	194.50406	-38.91719	165.93	m	6.731	0.631	A3 V	0.126
HD 212108	HIP 110387	335.38801	24.07192	165.93	m	8.199	2.099	A2	0.32
HD 222428	HIP 116816	355.13069	7.83834	165.94	m	8.86	2.76	F5	0.444
HD 98162	HIP 55107	169.24396	-46.41445	165.96	m	8.111	2.011	A7/9 (V)	0.289
HD 134443	HR 5643|HIP 74329	227.8831	-45.2792	165.97	m	7.314	1.214	K0 III	1.274
HD 129231	HIP 71820	220.37592	-2.04108	165.98	m	7.84	1.74	A2 IV	0.164
HD 211395	HIP 110039	334.32295	-27.38993	165.98	m	7.167	1.067	K1 III	1.369
HD 127888	HIP 71205	218.42832	4.49455	165.99	m	8.888	2.788	G2 V	0.723
HD 108863	HIP 61020	187.58296	21.94825	165.99	m	7.851	1.751	K0	1.166
HD 141565	HIP 77377	236.93222	47.89302	165.99	m	8.645	2.545	A3	0.297
HD 141347	HIP 77312	236.75891	41.71972	166.01	m	8.202	2.101	F2	0.454
HD 197684	HIP 102390	311.22749	12.31264	166.01	m	7.008	0.907	A0	0.172
HD 16093	HIP 11986	38.64939	-21.93057	166.02	m	7.136	1.035	K0 III	1.267
HD 145313	HIP 79154	242.33056	27.37562	166.02	m	8.201	2.1	F0	0.297
HD 33263	HIP 23447	75.59898	-71.84251	166.02	m	8.367	2.266	K1 IVCNIII	1.319
HD 43804	HIP 29854	94.30334	-24.07458	166.03	m	6.833	0.732	G8 III	1.078
HD 191397	HIP 99194	302.06225	37.96962	166.04	m	7.709	1.608	F5III	0.531
HD 156472	HIP 84811	260.0098	-46.17	166.04	m	8.959	2.858	K1 III + (K)	1.253
HD 33377	HR 1680|HIP 23910	77.06141	-35.71828	166.06	m	6.628	0.527	K1 III	1.274
HD 44379	HIP 30141	95.14649	-23.63797	166.06	m	6.609	0.508	K0 III	1.337
HD 6464	HIP 5133	16.42461	4.19854	166.06	m	7.411	1.31	K0 III	1.343
HD 89885	HIP 50768	155.50626	-20.57577	166.08	m	7.243	1.141	K0 III	1.391
HD 26417	HIP 19457	62.50604	-18.71112	166.08	m	8.256	2.154	F3/5 V	0.533
HD 182567	HIP 95354	290.99159	32.72375	166.09	m	6.911	0.809	K0	1.473
HD 188386	HIP 97984	298.6991	5.70285	166.09	m	8.28	2.178	K0	1.114
HD 50838	HIP 33551	104.59305	57.89424	166.09	m	8.175	2.073	F0	0.263
HD 19712	HIP 14736	47.57539	-1.69472	166.1	m	7.326	1.224	B9 V	-0.007
HD 96778	HIP 54504	167.26065	30.04045	166.1	m	7.196	1.094	G 8 III	1.009
HD 14254	HIP 10764	34.63152	9.84904	166.11	m	8.784	2.682	G5	1.039
HD 175373	HIP 92830	283.71594	7.40089	166.14	m	8.648	2.546	A2	0.288
HD 234613	HIP 89760	274.76265	49.96828	166.14	m	8.735	2.633	F2	0.459
HD 129373	HIP 71838	220.4324	17.61432	166.14	m	8.671	2.569	F8	0.404
HD 111572	HIP 62600	192.40848	48.74003	166.16	m	6.623	0.52	K0III	1.355
HD 72205	HIP 42160	128.91917	66.39333	166.16	m	8.691	2.588	F2	0.35
HD 22860	HIP 17220	55.32664	28.70276	166.17	m	6.863	0.76	B9	0.003
HD 10237	HIP 7749	24.94159	-17.55045	166.17	m	7.511	1.408	K0 III	1.314
HD 109722	HIP 61568	189.23231	-24.14982	166.18	m	8.146	2.043	F3/5 V	0.525
HD 71880	HIP 42086	128.67018	69.96834	166.18	m	8.849	2.746	A5	0.326
HD 20659	HIP 15120	48.73948	-69.78275	166.19	m	7.344	1.241	K0 III	1.137
HD 11962	HIP 9166	29.50481	28.51994	166.19	m	7.103	1	A0	-0.019
HD 142303	HIP 77962	238.82873	-39.57209	166.19	m	8.187	2.084	F5 V	0.526
HD 173968	HIP 92392	282.42105	-33.59805	166.2	m	8.429	2.326	F3 IV/V	0.476
HD 51028	HIP 33281	103.83626	-10.18872	166.2	m	7.921	1.818	A2/3 V	0.178
HD 7456	HIP 5735	18.42703	-50.65863	166.2	m	8.487	2.384	F5 V	0.49
HD 150844	HIP 81790	250.57468	32.43882	166.2	m	8.519	2.416	F 0 V	0.376
HD 174109	HIP 92351	282.33247	-8.31258	166.21	m	7.216	1.113	K0 III	1.44
HD 215797	HIP 112578	342.02519	-21.62941	166.23	m	8.783	2.68	G8/K0 IV	1.04
HD 80171	HIP 45542	139.23327	-40.11658	166.23	m	7.202	1.098	K0 III	1.154
HD 21610	HR 1055|HIP 16725	53.80128	73.34693	166.24	m	6.563	0.459	B 9 V	0.02
HD 40914	HIP 28576	90.46326	-3.68141	166.24	m	7.761	1.657	A5 IV	0.215
HD 104273	HIP 58547	180.08016	-53.92301	166.24	m	8.484	2.38	F0 V	0.371
HD 46476	HIP 31124	97.96307	-38.0714	166.24	m	8.201	2.097	F0 V	0.347
HD 108814	HIP 60966	187.46755	51.58822	166.25	m	8.448	2.344	A3	0.245
HD 12132	HIP 9342	29.98863	36.73063	166.25	m	8.333	2.229	F 0 III	0.452
HD 35760	HIP 25715	82.35928	48.00084	166.26	m	8.064	1.96	G5	1.171
HD 84747	HIP 48285	147.66613	70.20872	166.27	m	8.501	2.397	F0	0.462
HD 70049	HIP 40396	123.71039	-69.62264	166.27	m	7.723	1.619	A1 V	0.081
HD 197700	HIP 102321	310.97326	42.2202	166.27	m	7.03	0.926	F0	0.312
1 Com	HD 104452|HIP 58661	180.43448	22.0943	166.27	m	6.649	0.545	G 0 II	0.712
HD 194086	HIP 100674	306.17791	-29.07784	166.28	m	7.09	0.986	K2 III	1.519
HD 92844	HIP 52414	160.71805	-23.54903	166.28	m	6.898	0.794	G8 III	1.023
HD 23418	HIP 17415	55.97411	-31.44063	166.28	m	8.346	2.242	F2/3 V	0.388
HD 163708	HIP 88069	269.80604	-36.93883	166.28	m	7.098	0.994	A3 III	0.08
HD 162736	HIP 87480	268.11132	2.99421	166.3	m	7.6	1.496	A2 IV	0.325
HD 204831	HIP 106182	322.59938	28.98881	166.3	m	8.318	2.214	F2	0.437
HD 122315	HIP 68361	209.90194	55.81798	166.31	m	8.831	2.726	F8	0.424
HD 88262	HIP 49784	152.43936	-37.7321	166.32	m	7.621	1.516	A0 V	0.052
HD 9108	HIP 7004	22.53398	28.49523	166.32	m	8.126	2.021	A2	0.208
HD 121534	HIP 68040	208.97423	7.48296	166.33	m	8.566	2.461	G0	0.682
HD 36787	HIP 25885	82.89009	-50.0649	166.33	m	8.176	2.071	K1 III	1.274
HD 126439	HIP 70283	215.69568	64.27598	166.34	m	7.788	1.683	K2	1.307
HD 179554	HIP 94616	288.81205	-45.41062	166.35	m	8.997	2.892	F8/G0 V	0.612
HD 85821	HIP 48483	148.31713	-44.58459	166.35	m	7.121	1.016	F5 IV	0.584
HD 29785	HIP 21950	70.77073	33.92972	166.35	m	7.418	1.313	K0	1.321
HD 238819	HIP 88915	272.24941	55.36618	166.35	m	8.914	2.809	F0	0.397
HD 38873	HIP 27170	86.3775	-55.57801	166.35	m	7.573	1.468	F0 III/IV	0.406
HD 85459	HIP 48515	148.4131	55.76925	166.36	m	8.066	1.961	G 9 III-IV	1.039
HD 76214	HIP 43571	133.10294	-55.34166	166.36	m	6.862	0.757	A0 V	-0.005
Gl 654.2	HD 154653|HIP 83689	256.56717	15.22965	166.36	m	7.185	1.08	K0V	1.095
HD 157892	HIP 84890	260.23627	66.56272	166.36	m	7.063	0.958	K2	1.373
HD 128535	HIP 71590	219.62621	-39.93135	166.37	m	8.26	2.155	F8 IV	0.691
HD 200099	HIP 103420	314.30297	69.05757	166.37	m	6.963	0.858	K2	1.496
HD 154986	HIP 83642	256.41966	56.13528	166.37	m	7.223	1.118	K0	1.315
HD 130461	HIP 72318	221.83819	35.5678	166.37	m	7.653	1.548	A2	0.105
HD 36973	HIP 26430	84.37281	44.58969	166.37	m	7.414	1.309	F 3 III	1.11
HD 219588	HIP 114892	349.08298	50.48794	166.39	m	7.569	1.463	A0	0.151
HD 110395	HIP 61963	190.47883	-21.79363	166.39	m	8.545	2.439	F8/G0 V	0.681
HD 21976	HIP 16515	53.16136	3.14995	166.39	m	7.951	1.845	K2/3 III	1.49
HD 91829	HIP 51951	159.19326	35.75761	166.4	m	8.748	2.642	F5	0.482
HD 221241	HIP 116025	352.64228	-41.9888	166.42	m	6.914	0.808	K2 III	1.35
HD 137786	HIP 75824	232.34627	-40.16387	166.42	m	8.836	2.73	F3 V	0.465
HD 125469	HIP 69859	214.44959	55.42536	166.42	m	6.876	0.77	A2	0.036
HD 37764	HIP 27337	86.85497	70.81027	166.42	m	7.98	1.874	A2	0.198
HD 125948	HIP 70332	215.85041	-32.81531	166.42	m	8.905	2.799	F7 V	0.654
HD 32035	HIP 22736	73.36658	-72.76482	166.43	m	7.344	1.238	A3MA5-F0	0.279
HD 192042	HIP 99524	302.97104	29.11304	166.43	m	8.473	2.367	F 2 V WLM	0.403
HD 94753	HIP 53438	163.98336	-33.0617	166.43	m	8.803	2.697	F3 IV/V	0.501
HD 233531	HIP 41455	126.82826	49.92214	166.43	m	8.976	2.87	F2	0.524
HD 137825	HIP 75248	230.64597	72.90434	166.44	m	8.88	2.774	G5	0.558
HD 87033	HIP 49323	151.02214	57.47413	166.44	m	8.503	2.397	F5	0.454
HD 153345	HIP 82884	254.07563	52.69843	166.44	m	7.139	1.033	A 0 V	0.065
HD 148679	HIP 81077	248.39524	-62.12157	166.47	m	7.061	0.954	K0 III	1.23
HD 21825	HIP 16253	52.36032	-42.46904	166.47	m	7.716	1.609	A8/9 III	0.281
HD 206125	HIP 106953	324.91775	17.96923	166.48	m	8.463	2.356	A0	0.182
HD 214471	HIP 111617	339.17772	65.25752	166.48	m	7.76	1.653	K0	1.347
HD 27595	HIP 20452	65.72328	37.95137	166.49	m	8.47	2.363	K2	1.386
HD 149934	HIP 81486	249.64477	-18.8257	166.5	m	7.149	1.042	K0 III	1.743
HD 219859	HIP 115143	349.84987	-36.13005	166.51	m	7.912	1.805	K1 III	1.162
HD 29087	HIP 21213	68.25646	-38.28333	166.52	m	7.865	1.758	A4 V	0.222
HD 15826	HIP 11766	37.96346	-30.94389	166.52	m	8.948	2.841	F2 V	0.36
HD 45784	HIP 31036	97.69007	29.82851	166.54	m	8.124	2.016	F 2 V	0.364
HD 162485	HIP 87297	267.56251	25.291	166.54	m	6.706	0.598	A2...	0.099
HD 141554	HIP 77606	237.64522	-26.28962	166.55	m	6.745	0.637	K3 III	1.792
HD 197819	HIP 102528	311.66007	-19.43813	166.55	m	7.655	1.547	F0 V	0.381
HD 51272	HIP 33553	104.59511	37.98798	166.55	m	7.896	1.788	K0	1.135
HD 18192	HIP 13643	43.91778	14.70675	166.57	m	7.855	1.747	A0	0.217
HD 29951	HIP 22106	71.36564	47.47642	166.57	m	7.393	1.285	G5	1.301
HD 21192	HIP 16061	51.72376	43.65572	166.58	m	7.442	1.334	K0	1.495
HD 75431	HIP 43412	132.63871	17.03201	166.58	m	8.006	1.898	A3	0.207
HD 51320	HIP 32548	101.87001	-76.85147	166.58	m	7.121	1.013	G8 III	0.986
HD 108712	HIP 60928	187.31372	35.53194	166.59	m	8.557	2.449	G0	0.535
HD 130191	HIP 72269	221.68703	4.94987	166.59	m	8.476	2.368	G5	0.472
HD 221322	HIP 116083	352.83318	-31.09651	166.59	m	8.752	2.644	F7 V	0.549
HD 20939	HIP 15732	50.6757	2.46862	166.6	m	8.898	2.79	G2 V	0.782
HD 5916	HIP 4771	15.32927	45.45205	166.6	m	6.962	0.854	G8III-IV	1.01
HD 119891	HIP 67193	206.55537	-14.02821	166.6	m	8.459	2.351	K0 III	1.085
HD 148976	HIP 81320	249.13339	-67.00492	166.61	m	7.118	1.01	A1 V	0.1
HD 94429	HIP 53276	163.44476	-24.33215	166.61	m	8.555	2.447	F3 V	0.471
HD 11883	HIP 9169	29.51354	49.64274	166.61	m	7.113	1.004	K2	1.41
HD 110080	HIP 61847	190.1331	-70.54675	166.61	m	7.443	1.334	A5 V	0.284
HD 93331	HIP 52688	161.60344	-13.45986	166.61	m	7.258	1.149	B9.5 V	0.033
HD 127044	HIP 70820	217.2476	9.55093	166.62	m	8.692	2.583	F8	0.541
HD 83794	HIP 47439	145.00863	-30.49976	166.62	m	7.992	1.883	A3MA7-F0	0.323
HD 146952	HIP 79984	244.89634	-18.82803	166.63	m	7.095	0.986	A1 IV	0.277
HD 122548	HIP 68583	210.59937	10.32704	166.63	m	7.223	1.114	K0	1.275
HD 200526	HIP 105628	320.91674	-85.28835	166.64	m	7.906	1.797	A2/3 V	0.138
HD 88009	HIP 49729	152.28514	18.53059	166.64	m	7.045	0.936	K2III	1.258
HD 129940	HIP 72174	221.43504	-12.35363	166.64	m	8.94	2.831	F0 V	0.412
HD 140044	HIP 77113	236.18718	-60.23842	166.64	m	8.182	2.073	F2 V	0.488
HD 116478	HIP 65350	200.90587	17.32118	166.65	m	7.943	1.834	F 7 V	0.514
HD 34638	HIP 24768	79.66475	-7.73589	166.65	m	8.447	2.338	A9 V	0.338
HD 205829	HIP 106829	324.55817	-14.90999	166.65	m	7.302	1.193	K0 III	1.222
HD 224910	HIP 138	0.43745	-16.53165	166.66	m	7.954	1.845	K0/1 IV	1.239
HD 15328	HR 719|HIP 11474	36.99973	1.96089	166.67	e	6.63	0.521	G8 III	1.135
HD 30167	HIP 22290	72.00715	53.122	166.67	m	7.588	1.479	A3	0.222
HD 102604	HIP 57611	177.17341	-14.34457	166.68	m	6.965	0.856	K0 III	1.211
HD 17369	HIP 13046	41.90853	15.23131	166.68	m	7.624	1.515	G5	1.363
HD 165202	HIP 88615	271.38881	-19.75421	166.68	m	7.067	0.958	B9 V	0.174
HD 202264	HIP 104934	318.83298	-26.93462	166.69	m	8.997	2.888	F8/G0 V	0.612
HD 150173	HIP 81460	249.57069	25.42707	166.69	m	8.918	2.808	G5	0.528
HD 184830	HIP 96377	293.92357	17.10863	166.7	m	7.837	1.727	F2	0.397
HD 12203	HIP 9343	29.99336	6.03549	166.7	m	6.869	0.759	G5	1.181
HD 87768	HIP 49541	151.72436	-17.44418	166.7	m	6.742	0.632	A8/9 IV/V	0.254
HD 204355	HIP 106196	322.662	-63.10686	166.71	m	8.482	2.372	F7 V	0.592
HD 179186	HIP 94216	287.70128	19.74691	166.71	m	8.326	2.216	F5	0.426
HD 18972	HIP 14236	45.88884	14.47071	166.72	m	7.995	1.885	K0IV	1.217
HD 28581	HIP 21094	67.80489	23.34606	166.74	m	7.276	1.166	K 2 III	2.07
HD 166067	HIP 88715	271.66177	46.27328	166.74	m	7.497	1.387	F2	0.414
HD 113247	HIP 63650	195.68049	-27.01045	166.75	m	8.956	2.846	K0 III/IV	1.061
HD 135768	HIP 74919	229.64856	-46.20194	166.76	m	8.453	2.343	F2/3 V	0.326
HD 224726	HIP 14	0.04842	-0.36046	166.76	m	7.399	1.289	A5/8	1.42
HD 161672	HIP 87260	267.46393	-53.32614	166.77	m	8.026	1.915	F2 II	0.477
HD 202683	HIP 105093	319.33483	9.00821	166.77	m	8.039	1.928	A0	0.16
HD 161443	HIP 86754	265.90123	41.61695	166.77	m	8.447	2.336	F0	0.441
HD 11160	HIP 8908	28.67207	78.19647	166.77	m	6.786	0.675	G5	1.183
HD 177326	HIP 93347	285.20132	57.81307	166.78	m	8.105	1.994	F2	0.443
HD 144186	HIP 78638	240.80199	37.52596	166.78	m	8.901	2.79	F5	0.38
HD 5062	HIP 4057	12.98658	-42.64316	166.8	m	8.094	1.983	F0 V	0.367
HD 31799	HIP 23130	74.6537	-4.55926	166.82	m	8.098	1.987	A1 V	0.116
HD 209056	HIP 108707	330.31096	-28.32435	166.82	m	8.944	2.833	F3 V	0.43
HD 105945	HIP 59444	182.88999	36.08937	166.82	m	8.889	2.778	F 0 IV	0.282
HD 40037	HIP 28263	89.57857	40.78681	166.82	m	7.893	1.782	A2	0.112
HD 59826	HIP 36740	113.35346	37.1879	166.83	m	6.529	0.418	K0	1.471
HD 178472	HIP 93630	286.00475	66.42885	166.83	m	8.173	2.062	A3	0.222
HD 27725	HIP 20153	64.79823	-58.74664	166.83	m	8	1.889	A1/2 V(S)	0.133
HD 147308	HIP 80026	245.03841	27.33334	166.84	m	7.82	1.709	A5	0.24
HD 147166	HIP 80123	245.32665	-27.23155	166.85	m	8.988	2.876	F5 IV/V	0.799
HD 18163	HIP 13576	43.7206	-2.31565	166.88	m	8.978	2.866	F5 V	0.461
HD 204951	HIP 106325	323.02165	-1.54289	166.89	m	8.306	2.194	F3/5 V	0.515
HD 171945	HIP 91144	278.90347	40.3314	166.9	m	7.677	1.565	A2	0.107
HD 122999	HIP 68844	211.44871	-33.69772	166.9	m	8.68	2.568	F3/5 V	0.522
HD 101853	HIP 57191	175.90485	41.72245	166.91	m	6.812	0.7	G9III	1.122
HD 172032	HIP 91414	279.65324	-16.31007	166.93	m	7.824	1.711	FM DELTA DEL	0.514
HD 133964	HIP 73918	226.5884	31.17701	166.94	m	8.753	2.64	G5	0.435
HIP 34957		108.4925	28.5579	166.94	m	8.597	2.484	G0	0.65
HD 178692	HIP 94057	287.22659	18.61086	166.94	m	8.502	2.389	F5	0.452
HD 22128	HIP 16596	53.40799	-7.41501	166.95	m	7.605	1.492	A3/5 V + (G)	0.44
HD 195274	HIP 101125	307.48039	10.30208	166.96	m	6.881	0.768	K0	1.246
HD 181211	HIP 94889	289.6573	23.8564	166.96	m	8.62	2.507	F 2 IV-VWLS	0.382
HD 3714	HIP 3150	10.00988	10.26698	166.97	m	8.785	2.672	G5	0.766
HD 99900	HIP 56098	172.4893	46.25803	166.98	m	8.616	2.503	A 7 IV	0.34
HD 180889	HIP 94812	289.38277	21.81385	167	m	6.909	0.795	A3	0.187
HD 5690	HIP 4605	14.75755	38.93396	167	m	8.552	2.438	F0	0.351
HD 191489	HIP 98865	301.15685	71.408	167	m	8.675	2.561	A0	0.249
HD 2536	HIP 2308	7.36416	53.38701	167.01	m	8.655	2.541	K0	1.13
HD 12483	HIP 9537	30.6478	9.08167	167.01	m	7.476	1.362	G5	0.886
HD 114948	HIP 64611	198.64911	-42.20257	167.02	m	8.11	1.996	F2/3 V	0.474
HD 183077	HIP 95375	291.04065	60.34893	167.02	m	7.784	1.67	K0	1.28
HD 113447	HIP 63721	195.8711	25.79663	167.02	m	8.805	2.691	F 3 V	0.454
HD 183399	HIP 95728	292.05775	29.45027	167.03	m	6.689	0.575	K0III	1.269
HD 55155	HIP 35027	108.67662	53.58745	167.03	m	8.393	2.279	A5	0.331
HD 178685	HIP 93781	286.48264	60.09945	167.03	m	7.516	1.402	K0	1.251
HD 195710	HIP 101206	307.71968	49.21319	167.04	m	6.641	0.527	A2	0.044
HD 208545	HIP 108482	329.63735	-53.98764	167.04	m	8.524	2.41	A3MA5-F0	0.337
HD 82442	HIP 46921	143.45389	52.44393	167.04	m	7.761	1.647	A3	0.204
HD 167715	HIP 89484	273.91311	22.05059	167.05	m	7.942	1.828	G5	1.135
HD 69765	HIP 40108	122.88834	-74.99921	167.05	m	8.339	2.225	A8/9 III	0.331
HD 179332	HIP 94012	287.10675	60.77893	167.06	m	8.341	2.227	K0	1.009
HD 86122	HIP 48778	149.2332	20.77716	167.07	m	8.604	2.49	F8	0.459
HD 157775	HIP 85052	260.73392	47.1766	167.07	m	8.479	2.364	A5	0.31
HD 57177	HIP 36002	111.2939	67.14718	167.09	m	7.629	1.514	A0	0.102
HD 112159	HIP 62906	193.38911	62.59907	167.09	m	8.848	2.733	F5	0.392
HD 177005	HIP 93389	285.31143	35.62368	167.1	m	8.792	2.677	F5	0.398
HD 109648	HIP 61497	188.99965	36.25783	167.1	m	8.761	2.646	F 5 V	0.527
HD 141155	HIP 75634	231.79371	84.82524	167.1	m	6.982	0.867	K0	1.173
HD 159495	HIP 86664	265.61182	-73.39279	167.11	m	7.307	1.192	A0 V	0.008
HD 151367	HIP 82058	251.43102	30.00469	167.11	m	8.773	2.658	F0	0.377
HD 104557	HIP 58716	180.64668	41.28067	167.13	m	8.624	2.509	F5	0.455
HD 37603	HIP 26692	85.07855	15.35006	167.13	m	7.004	0.889	F0	0.339
HD 212242	HIP 110507	335.78466	-14.21147	167.14	m	8.323	2.208	A4/5 V	0.251
HD 178534	HIP 94432	288.30364	-63.87699	167.14	m	8.008	1.893	A7 V	0.239
HD 38921	HIP 27331	86.84247	-38.23092	167.15	m	7.602	1.486	A0 V	0.027
HD 209758	HIP 109260	332.03643	-66.4973	167.15	m	8.114	1.998	A1 IV	0.126
HD 75932	HIP 43201	132.01297	-71.31598	167.16	m	7.873	1.757	A2MA6-F2	0.338
HD 167963	HIP 88780	271.85456	77.59314	167.17	m	7.549	1.433	K0	1.297
HD 32892	HIP 23528	75.87337	-52.70153	167.17	m	8.855	2.739	K0 III/IV	1.126
HD 192741	HIP 100318	305.17785	-66.47092	167.17	m	8.384	2.268	A9 III/IV	0.318
HD 25213	HIP 19243	61.85741	74.63654	167.18	m	6.907	0.791	K0	1.128
HD 169222	HIP 90076	275.7298	19.14923	167.18	m	8.016	1.9	A2	0.279
HD 156882	HIP 84903	260.27338	-27.41793	167.19	m	7.527	1.411	G8/K0 III	1.25
HD 148199	HIP 80607	246.87367	-29.28826	167.19	m	7.014	0.898	AP SI	0.085
HD 75683	HIP 43548	133.03943	24.30873	167.19	m	8.607	2.491	A2	0.253
HD 109842	HIP 61647	189.56809	-47.11522	167.2	m	8.147	2.031	F5 V	0.519
HD 154651	HIP 83640	256.40662	29.62321	167.2	m	7.372	1.256	A2	0.194
HD 221835	HR 8951|HIP 116428	353.88363	-7.46443	167.21	m	6.507	0.391	G6/8 III	1.019
HD 77277	HIP 44361	135.51013	14.59863	167.21	m	8.794	2.678	F8V	0.506
HD 143022	HIP 78324	239.87869	-40.86517	167.21	m	8.195	2.079	B9.5 V	0.16
HD 81461	HIP 46302	141.64095	31.18289	167.22	m	8.562	2.446	G5	1.028
HD 212566	HIP 110561	335.95919	58.53448	167.22	m	7.12	1.004	F0	0.326
HD 151470	HIP 82299	252.24039	-33.72885	167.22	e	8.794	2.678	F0 V	0.402
HD 208643	HIP 108406	329.42169	-0.62894	167.22	e	8.879	2.763	G0 V	0.694
HD 97005	HIP 54592	167.58755	22.70193	167.23	m	7.516	1.399	F0	0.392
HD 190770	HIP 98836	301.06142	51.28792	167.23	m	7.126	1.009	K2	1.303
HD 96747	HIP 54427	167.05934	-32.65537	167.23	m	8.224	2.107	A0 V	0.131
HD 85963	HIP 48587	148.63535	-34.90695	167.23	m	7.281	1.164	A3 V	0.121
HD 136988	HIP 75438	231.17996	-31.75424	167.26	m	8.851	2.734	F3 V	0.569
HD 159496	HIP 86867	266.22975	-77.35354	167.27	m	8.017	1.9	A3 IV/V	0.148
HD 123397	HIP 68703	210.96045	72.94568	167.27	m	8.32	2.203	F8	0.566
HD 150982	HIP 81539	249.80865	68.32104	167.28	m	8.314	2.197	G0	0.558
HD 26387	HIP 19469	62.54655	-6.05811	167.29	m	8.69	2.573	F6 V	0.58
HD 11553	HIP 9279	29.82301	79.69846	167.29	m	8.137	2.02	G5	1.037
HD 18353	HIP 13912	44.79304	54.38566	167.3	m	8.894	2.777	A3	0.256
HD 79564	HIP 45492	139.04385	40.80894	167.3	m	8.07	1.953	F5	0.485
HD 105615	HIP 59281	182.40892	-67.45416	167.31	m	7.46	1.342	A0/1 V	0.125
HD 33105	HIP 24013	77.42796	37.68267	167.31	m	8.251	2.133	G5	1.219
HD 94263	HIP 53258	163.38105	49.23125	167.32	m	7.824	1.706	A 4 V	0.115
HD 223566	HIP 117546	357.57686	69.50402	167.32	m	8.324	2.206	F8	0.506
HD 78632	HR 3632|HIP 44665	136.5318	-64.49985	167.32	m	6.513	0.395	K3 III	1.631
HD 87621	HIP 49548	151.75211	38.02418	167.33	m	7.978	1.86	F3V	0.462
HD 112281	HIP 63093	193.91005	0.05529	167.33	m	6.888	0.77	K0 III	1.094
HD 121874	HIP 68363	209.90449	-55.74018	167.35	m	8.789	2.671	F5 V	0.428
HD 123876	HIP 69131	212.26106	43.74275	167.35	m	7.808	1.69	K2	1.35
HD 143023	HIP 78357	239.97824	-46.29912	167.36	m	7.72	1.602	B9 V	0.178
HD 43021	HIP 29590	93.54341	2.57462	167.36	m	7.828	1.71	A2 III	0.241
HD 190359	HIP 98717	300.75853	40.17317	167.36	m	7.617	1.499	A0	0.161
HD 16912	HIP 12630	40.57788	-16.0214	167.37	m	7.516	1.398	A6MA9-F5	0.43
HD 31124	HIP 22714	73.269	-1.26444	167.37	m	8.075	1.957	A2/7	0.107
HD 3284	HIP 2833	8.98853	7.60915	167.37	m	8.463	2.345	A2	0.171
HD 11659	HIP 8966	28.86964	46.12384	167.37	m	8.557	2.439	A M A2-F0	0.332
HD 205572	HIP 106589	323.8134	35.18912	167.38	m	8.342	2.224	A2	0.297
HD 25138	HIP 18526	59.42685	-44.7386	167.38	m	8.8	2.681	G8 IV	0.948
HD 11119	HIP 8528	27.49616	27.46459	167.38	m	8.201	2.082	F0	0.438
HD 120850	HIP 67708	208.06437	-14.67654	167.39	m	7.373	1.254	F0 V	0.421
HD 150945	HIP 81871	250.83518	25.14137	167.39	m	8.661	2.542	F5	0.45
HD 118144	HIP 66213	203.56884	40.71141	167.4	m	8.9	2.781	G5	0.624
HD 21527	HIP 16318	52.58054	48.49932	167.41	m	8.872	2.753	A 7 IV	0.237
HD 148094	HIP 80330	245.99409	43.07416	167.41	m	8.159	2.04	A2	0.166
HD 171765	HIP 91191	279.04803	11.24319	167.41	m	7.707	1.588	A0	0.076
HD 101582	HIP 56993	175.25096	-54.54876	167.42	m	7.41	1.291	A0 V	0.025
HD 216420	HIP 112955	343.1471	6.02073	167.42	m	8.607	2.488	F5	0.487
HD 82194	HIP 46633	142.64618	1.25726	167.43	m	7.435	1.316	A0 V	0.06
HD 220170	HIP 115326	350.38403	24.94576	167.45	m	8.695	2.576	A5	0.29
HD 131451	HIP 72794	223.18235	31.92502	167.45	m	6.996	0.877	K0	1.216
HD 200767	HIP 104253	316.81607	-49.15664	167.46	m	8.502	2.382	F0 V	0.333
HD 176973	HIP 93453	285.4902	19.12488	167.46	m	7.06	0.94	K 0 III	1.176
HD 87415	HIP 49347	151.10802	-19.41278	167.46	m	8.532	2.412	A3 V	0.175
HD 131972	HIP 73071	224.00168	24.38602	167.47	m	6.952	0.832	K2III	1.407
HD 88785	HIP 50238	153.85854	41.87509	167.48	m	8.289	2.169	F3III	0.343
HD 172228	HIP 91408	279.64333	15.08369	167.49	m	6.774	0.654	A0	0.017
HD 104990	HIP 58956	181.33428	-49.00705	167.5	m	7.335	1.215	G8/K0 III	1.109
HD 57939	HIP 35778	110.70341	-16.72625	167.5	m	7.445	1.325	K0 III	1.148
HD 165987	HIP 89171	272.96348	-56.4009	167.5	m	7.154	1.034	A2/3 V	0.097
HD 14893	HIP 11278	36.31556	37.11896	167.5	m	7.334	1.214	B9	-0.01
HD 73871	HIP 42628	130.31381	20.4769	167.5	e	6.753	0.633	A 0 III	0.117
HD 114865	HIP 64490	198.28103	15.31755	167.51	m	7.725	1.605	K0	1.328
HD 221642	HIP 116267	353.37144	41.63801	167.53	m	7.175	1.055	G5	1.281
HD 121199	HIP 67853	208.47332	4.81828	167.53	m	8.814	2.693	F2	0.419
HD 25978	HIP 19223	61.79659	12.26818	167.55	m	7.707	1.586	B9	0.119
HD 100055	HR 4436|HIP 56194	172.79273	48.78957	167.55	m	6.63	0.509	G9III	1.099
HD 189213	HIP 98249	299.47694	28.87422	167.56	m	7.308	1.187	A7V	0.179
HD 219614	HIP 114955	349.25271	21.41093	167.56	m	8.863	2.742	F8	0.484
78 Cnc	HD 78479|HIP 44918	137.25963	17.46965	167.57	m	7.312	1.191	K3III	1.425
HD 14531	HIP 11031	35.51958	44.27503	167.58	m	8.203	2.082	A3	0.277
HD 88788	HIP 50157	153.58157	-12.58445	167.58	m	8.647	2.526	F2 V	0.407
HD 159833	HIP 86008	263.67255	43.39725	167.58	m	7.385	1.264	K2	1.507
HD 4321	HR 204|HIP 3611	11.56273	55.30538	167.58	m	6.526	0.405	A 2 III	0.177
HD 10095	HIP 7708	24.80961	27.75641	167.59	m	7.285	1.164	K3III	1.416
HD 81483	HIP 46071	140.92261	-57.23125	167.6	m	8.964	2.843	A9 V	0.351
HD 222418	HIP 116797	355.0667	19.75438	167.62	m	8.858	2.736	B8	0.281
HD 184147	HIP 95980	292.75456	46.3318	167.62	m	7.159	1.037	A0	-0.036
HD 31355	HIP 22880	73.82722	2.96317	167.63	m	7.901	1.779	F2 V	0.38
HD 184146	HR 7425|HIP 94604	288.78323	83.46275	167.63	m	6.515	0.393	A 3 V	0.114
HD 196517	HIP 102070	310.27831	-61.59234	167.63	m	8.489	2.367	A6 V	0.281
HD 12543	HIP 10144	32.62482	81.48198	167.64	m	6.99	0.868	A3	0.203
HD 129295	HIP 71892	220.56664	-17.82288	167.64	m	8.842	2.72	F0 IV	0.373
HD 198736	HIP 103320	313.99126	-65.43291	167.66	m	8.373	2.251	A9 V	0.319
HD 99669	HIP 55937	171.9604	-15.86002	167.66	m	8.95	2.828	F6 V	0.595
HD 3506	HIP 2976	9.46861	-16.67197	167.66	m	8.431	2.309	F3 IV/V	0.482
HD 138651	HIP 76216	233.53988	-21.31127	167.67	m	8.188	2.066	A0/1 V	0.215
HD 120215	HIP 67255	206.77531	46.51986	167.67	m	8.882	2.76	F8	0.535
HD 202404	HIP 104852	318.59808	39.24326	167.69	m	7.384	1.262	K2	1.448
HD 23078	HIP 17111	54.97832	-51.68695	167.7	m	8.543	2.42	F5 V	0.5
HD 6861	HIP 5429	17.34484	18.94101	167.71	m	8.138	2.015	A3	0.329
HD 12002	HIP 9088	29.2639	-33.93981	167.72	m	7.778	1.655	F0 IV	0.335
HD 12905	HIP 9679	31.12743	-58.3444	167.72	m	7.71	1.587	A5 V	0.17
HD 14152	HIP 11202	36.06379	79.77067	167.72	m	7.973	1.85	F0	0.3
HD 173360	HIP 92199	281.85137	-49.63052	167.73	m	6.905	0.782	B9 VN	-0.071
HD 165989	HIP 88793	271.87539	26.41488	167.75	m	7.226	1.103	G8III	1.064
HD 6514	HIP 5154	16.49133	-8.65952	167.75	m	8.167	2.044	K0 III	1.092
HD 16810	HIP 12661	40.67254	32.90148	167.76	m	7.506	1.383	F0	0.373
HD 178353	HIP 93852	286.70923	33.6488	167.76	m	8.351	2.228	F5	0.47
HD 130134	HIP 72359	221.93954	-42.66743	167.76	m	8.753	2.63	F2 V	0.467
HD 131428	HIP 72855	223.37311	3.40979	167.77	m	8.793	2.669	F7 V	0.577
HD 146872	HIP 79848	244.46529	17.77696	167.77	m	8.376	2.252	A0	0.187
HD 30625	HIP 22408	72.33036	-0.86961	167.78	m	8.703	2.579	G3 V	0.666
HD 205123	HIP 106566	323.72114	-51.82718	167.78	m	6.819	0.695	G6 III/IV	1.025
HD 35586	HIP 25484	81.75567	27.61023	167.79	e	8.033	1.909	F8	0.486
HD 152030	HIP 82297	252.23755	45.20102	167.79	m	8.923	2.799	F8	0.48
HD 20344	HIP 15388	49.59962	50.5557	167.79	m	8.04	1.916	A0	0.205
HD 113036	HIP 63473	195.09687	41.93017	167.79	m	8.763	2.639	F0V	0.341
HD 136731	HIP 75167	230.4091	21.88624	167.79	m	8.985	2.861	G5	0.705
HD 96942	HIP 54527	167.36419	-28.2936	167.8	m	8.504	2.38	F6/7 V	0.564
HD 177076	HIP 93689	286.18506	-36.84471	167.8	m	8.145	2.021	B9.5 V	0.172
HD 99933	HIP 56084	172.43259	-21.34217	167.83	m	8.01	1.886	F3 V	0.493
HD 205772	HIP 106871	324.6728	-41.04783	167.86	m	8.127	2.002	A5 IV/V	0.243
HD 201322	HIP 104395	317.23921	-5.58188	167.87	m	6.705	0.58	K0 III	1.4
HD 20142	HIP 15001	48.3417	-27.57395	167.88	m	7.043	0.918	A2/3 V	0.106
HD 486	HIP 822	2.52279	84.15199	167.88	m	8.41	2.285	F5	0.391
HD 162623	HIP 87309	267.59658	35.43746	167.89	m	8.318	2.193	G0	0.492
HD 30181	HIP 22047	71.13468	-18.89638	167.89	m	8.678	2.553	F3 V	0.455
HD 7855	HIP 6096	19.56423	2.55062	167.9	m	7.631	1.506	A8 V	0.319
HD 129735	HIP 72178	221.44264	-46.80344	167.9	m	8.728	2.603	F3/5 V	0.497
HD 127844	HIP 71234	218.51564	-16.81958	167.91	m	7.198	1.073	A2 IV/V	0.143
HD 91848	HIP 51807	158.76902	-55.40985	167.91	m	7.279	1.154	G2 III	0.916
HD 61650	HIP 37313	114.90771	-17.87157	167.92	m	7.623	1.498	A2 IV	0.122
HD 54034	HIP 34223	106.42915	-36.71727	167.92	m	8.84	2.714	G8 V	1.067
HD 86238	HIP 48823	149.39048	16.45908	167.97	m	7.428	1.302	K0	1.583
HD 82817	HIP 47034	143.78671	26.19259	167.97	m	7.657	1.531	B9	0.052
HD 4987	HIP 4044	12.96052	-8.16573	167.98	m	8.308	2.182	G2 V + G/K	0.685
HD 132892	HIP 73404	225.01496	44.58634	167.98	m	7.022	0.896	K0	1.194
HD 213340	HIP 111075	337.53494	31.21579	167.98	m	6.588	0.462	A0	0.056
HD 62257	HIP 37898	116.50695	55.64236	167.98	m	7.571	1.445	A M	0.191
HD 41140	HIP 28728	91.02394	21.49414	167.99	m	7.802	1.676	A3	0.233
HD 84353	HIP 47746	146.00546	-30.31544	167.99	m	8.517	2.391	G1 V	0.693
HD 115320	HIP 64762	199.08456	17.25649	168	m	8.995	2.868	G0	0.655
HD 85835	HIP 48555	148.53481	-18.26529	168	m	7.904	1.777	F3 IV/V	0.472
HD 101301	HIP 56872	174.89684	19.00013	168.01	m	8.407	2.28	F0III	0.383
HD 16946	HIP 12660	40.67068	-10.40785	168.01	m	8.994	2.867	G0/1 V	0.721
HD 783	HIP 938	2.90289	-80.17373	168.02	m	7.308	1.181	G8 III	1.055
HD 11285	HIP 8619	27.78943	20.51437	168.02	m	6.738	0.611	F 0 III	0.349
HD 174986	HIP 92670	283.25068	7.83251	168.03	m	8.669	2.542	A0	0.285
21 Leo	HD 85259|HIP 48298	147.7053	11.84242	168.03	m	6.849	0.722	A0	-0.035
HD 1050	HIP 1189	3.70899	-0.30296	168.04	m	8.172	2.045	A9 IV/V	0.303
HD 218067	HIP 113918	346.04386	59.72681	168.05	m	8.669	2.542	A M	0.319
HD 106904	HIP 59954	184.45505	-50.02522	168.06	m	8.899	2.772	G8 III (+ F)P	0.681
HD 213655	HIP 111350	338.38973	-29.66492	168.06	m	7.53	1.403	A9 IV/V	0.35
HD 39813	HIP 28326	89.7711	61.12341	168.07	e	8.863	2.736	G0	0.519
HD 172729	HIP 91579	280.1238	31.64342	168.07	e	7.47	1.343	A5	0.312
HD 12164	HIP 9328	29.94416	15.95789	168.07	m	8.111	1.984	G0	0.838
HD 124139	HIP 69308	212.79823	21.74179	168.07	m	8.627	2.5	F0	0.412
HD 68562	HIP 40393	123.70419	43.03498	168.07	m	6.867	0.739	A0	0.04
HD 108775	HIP 60960	187.44511	14.65018	168.09	m	7.433	1.305	K0	1.507
HD 16729	HIP 12571	40.41991	26.94142	168.09	m	8.267	2.139	A0	0.129
HD 30966	HIP 22507	72.64779	-34.20715	168.1	m	8.493	2.365	G8 V	0.824
HD 165522	HIP 88257	270.34701	65.94873	168.1	m	8.009	1.881	F5	0.515
HD 150071	HIP 81692	250.32183	-51.39709	168.1	m	7.623	1.495	A0 V	0.023
HD 221124	HIP 115899	352.21681	53.66682	168.1	m	7.057	0.929	K0	1.24
HD 45722	HIP 30954	97.45784	17.62415	168.11	m	7.562	1.434	A2	0.076
HD 73796	HIP 43200	132.00759	77.68893	168.12	m	7.715	1.587	F0	0.387
HD 101394	HIP 56927	175.05893	36.47527	168.12	m	8.284	2.156	K0	1.202
HD 73598	HIP 42497	129.96132	19.54081	168.13	m	6.671	0.543	K0III	1.086
HD 31100	HIP 22690	73.19142	-6.35815	168.14	m	8.316	2.188	A3 V	0.189
HD 173083	HIP 92681	283.27474	-77.05655	168.14	m	8.246	2.118	A3 VS	0.173
HD 107960	HIP 60542	186.16728	-52.57065	168.14	m	7.83	1.702	F8 III/IV	0.702
HD 165503	HIP 88498	271.07044	42.09587	168.15	m	7.863	1.734	F0	0.276
HD 45038	HIP 30173	95.22997	-62.3541	168.16	m	7.675	1.546	A6 III	0.243
HD 208013	HIP 108086	328.48328	-25.77701	168.16	m	8.486	2.357	A3MF0-F0/2	0.328
HD 172010	HIP 91297	279.33558	11.35585	168.16	m	6.871	0.742	A0	0.037
HD 90759	HIP 51552	157.95315	73.78042	168.17	m	8.279	2.15	A0	0.182
HD 149786	HIP 81298	249.07885	20.75596	168.18	m	8.092	1.963	A0	0.233
HD 49812	HIP 32731	102.41713	-15.04458	168.19	m	7.556	1.427	B9 V	0.005
HD 125945	HIP 70234	215.55631	13.83435	168.19	m	8.859	2.73	F8	0.441
HD 91277	HIP 51617	158.18141	26.28844	168.19	m	8.927	2.798	F5	0.436
HD 201801	HIP 104793	318.44898	-50.92421	168.2	m	8.887	2.758	A9 V	0.362
HD 128752	HIP 71632	219.7517	-10.55477	168.2	m	6.847	0.718	K0 III	1.149
HD 15638	HIP 11503	37.07927	-61.30538	168.2	m	8.929	2.8	F3 IV/V	0.425
HD 119020	HIP 66870	205.5723	-58.61965	168.2	m	7.931	1.802	A6 V	0.28
HD 221683	HIP 116325	353.5399	11.18077	168.23	m	8.631	2.501	A3	0.384
HD 158526	HIP 85690	262.66998	-19.11512	168.24	m	8.705	2.575	F3 V	0.638
HD 157464	HIP 84953	260.44868	35.8006	168.25	m	8.768	2.638	G0	0.479
HD 61657	HIP 37673	115.94347	59.2891	168.26	m	7.691	1.561	F0	0.379
HD 37177	HIP 26198	83.75886	-35.47394	168.26	m	8.34	2.21	F3 V	0.437
HD 173171	HIP 91816	280.81037	19.46647	168.27	m	7.286	1.156	B9	0.013
HD 141398	HIP 77200	236.44952	59.31213	168.27	m	7.866	1.736	F2	0.44
HD 47603	HIP 31438	98.80829	-62.50272	168.27	m	8.94	2.81	G8/K0 III	1.038
HD 18172	HIP 13659	43.97157	28.25737	168.27	m	8.12	1.99	A2	0.281
HD 174142	HIP 92377	282.38353	-10.38001	168.27	m	7.615	1.485	K1 III	1.526
HD 172170	HIP 91377	279.54646	15.16423	168.27	m	7.977	1.847	A0	0.167
HD 185747	HIP 96987	295.70359	-48.20262	168.29	m	8.893	2.763	F2 V	0.419
HD 186426	HIP 96662	294.793	68.65256	168.29	m	6.882	0.752	G5	0.979
HD 47906	HIP 31826	99.81678	-35.53237	168.29	m	8.203	2.073	F0 IV/V	0.357
HD 74227	HIP 42797	130.80377	14.1076	168.29	m	8.052	1.922	G5	0.983
HD 217453	HIP 113725	345.47945	-63.0855	168.3	m	7.029	0.899	K3 III	1.63
HD 208621	HIP 108414	329.44769	-15.12333	168.3	m	7.416	1.286	A2 IV	0.103
HD 151591	HIP 82247	252.05744	1.09046	168.31	m	7.204	1.073	A7 IV/V	0.266
HD 224759	HIP 36	0.1034	12.26713	168.31	m	7.805	1.674	K0	1.327
HD 59737	HIP 36486	112.61184	-20.80796	168.32	m	7.372	1.241	A0 V	0.092
HD 133075	HIP 73666	225.88304	-31.37623	168.33	m	8.006	1.875	F3 IV	0.537
HD 121414	HIP 68043	208.97676	-30.57822	168.34	m	7.004	0.873	F2 V	0.413
HD 180420	HIP 94844	289.48226	-34.51949	168.34	m	8.338	2.207	A7 III	0.388
HD 10793	HIP 8252	26.55565	33.72182	168.35	e	8.576	2.445	F2	0.455
HD 39566	HIP 27556	87.54069	-55.61445	168.35	e	8.197	2.066	F6 V	0.575
HD 22866	HIP 16970	54.56944	-49.36837	168.36	m	7.538	1.407	F0 IV	0.305
HD 73438	HIP 42305	129.37986	-28.17866	168.37	m	8.023	1.892	K0 III	1.083
HD 128481	HIP 71452	219.18191	12.87812	168.37	m	6.989	0.858	A0	0.085
HD 96656	HIP 54495	167.2398	59.21529	168.38	m	7.278	1.147	G5	1.158
HD 176074	HIP 93142	284.6071	1.19813	168.39	m	7.096	0.964	A5 IV	0.22
HD 106947	HIP 59952	184.4485	25.05437	168.4	m	8.736	2.604	F7V	0.62
HD 188542	HIP 97990	298.71301	24.88851	168.41	m	7.146	1.014	K0	1.2
HD 210837	HIP 109813	333.63505	-53.57537	168.41	m	8.327	2.195	F2 V	0.409
HD 205762	HIP 106720	324.26324	19.78274	168.43	m	7.369	1.237	K0	1.105
HD 28225	HIP 20864	67.07458	27.7807	168.43	m	7.849	1.717	A0	0.562
HD 116532	HIP 65399	201.06107	-2.10737	168.44	m	8.361	2.229	G3/5 IV/V	0.773
HD 22338	HIP 16906	54.38683	45.05414	168.44	m	8.561	2.429	F5	0.507
HD 25749	HIP 19085	61.37967	14.2863	168.44	m	7.428	1.296	G9III-II	1.423
HD 84898	HIP 48084	147.04254	-16.02967	168.44	m	8.927	2.795	F0 V	0.338
HD 207104	HIP 107593	326.89413	-37.95203	168.45	m	6.885	0.753	K0 III	1.13
HD 204725	HIP 106152	322.52854	18.57852	168.45	m	7.448	1.316	A5	0.282
HD 23025	HIP 16992	54.63724	-59.82052	168.45	m	8.667	2.535	F5 V	0.528
HD 130086	HIP 72183	221.46574	13.10141	168.45	m	6.717	0.585	K0	1.523
HD 59684	HIP 36647	113.05368	27.12516	168.46	m	7.296	1.164	K1III	1.31
HD 51211	HIP 32813	102.60528	-69.98625	168.46	m	6.906	0.773	K0 III	1.163
HD 2316	HIP 2147	6.79641	21.25807	168.47	m	8.118	1.985	A3	0.255
HD 16919	HIP 12561	40.38659	-38.59891	168.47	m	8.628	2.495	F0 V	0.416
HD 49592	HIP 32536	101.83828	-38.92128	168.47	m	7.63	1.497	A2 V	0.113
HD 21931	HIP 16649	53.55402	48.61747	168.48	m	7.381	1.248	B9V	0.015
HD 25099	HIP 18782	60.35852	47.45041	168.48	m	7.272	1.139	K0	1.213
HD 9800	HIP 7511	24.19475	48.31546	168.48	m	7.437	1.304	F0	0.449
HD 74781	HIP 43079	131.62286	17.49588	168.49	m	7.909	1.776	F5	0.394
HD 192571	HIP 100057	304.49584	-52.7404	168.49	m	8.538	2.405	G0 V	0.694
HD 93581	HIP 53009	162.67317	74.16778	168.51	m	8.736	2.603	F2	0.299
HD 94317	HIP 53288	163.48129	47.67122	168.51	m	7.798	1.665	F0	0.368
HD 29542	HIP 21579	69.50633	-27.26119	168.51	m	8.19	2.057	K2 III	1.503
HD 63435	HR 3033|HIP 38140	117.24575	4.3337	168.53	m	6.616	0.483	G6 IV	0.877
HD 79934	HIP 45502	139.07847	-23.1301	168.53	m	8.637	2.504	A7 IV/V	0.276
HD 215022	HIP 112164	340.75939	-47.74775	168.54	m	8.844	2.71	F5/6 V	0.539
HD 177332	HR 7219|HIP 93647	286.04462	3.33055	168.55	m	6.724	0.59	A5 IV	0.166
HD 102284	HIP 57422	176.58787	-5.3489	168.55	m	8.581	2.447	F0 V	0.365
HD 185263	HIP 96359	293.88253	53.54583	168.55	m	7.405	1.271	F0	0.305
HD 120463	HIP 67392	207.17859	42.33762	168.56	m	7.202	1.068	K2	1.301
HD 150539	HIP 81742	250.44961	-2.14455	168.56	m	8.016	1.882	A0/1 V	0.283
HD 178746	HIP 94163	287.51236	-7.27782	168.56	m	7.476	1.342	K1 III	1.375
HD 70350	HIP 40511	124.06281	-70.40144	168.56	m	8.62	2.486	F0 V	0.379
HD 78749	HIP 45046	137.62487	21.67137	168.56	m	7.66	1.526	F0	0.265
HD 134685	HIP 74399	228.0814	-34.96769	168.57	m	7.689	1.555	A0 V	0.14
HD 37997	HIP 27095	86.18257	44.83942	168.57	m	8.966	2.832	F 6 V	0.539
HIP 86314		264.54018	60.01071	168.58	m	8.926	2.792	F8	0.625
HD 192438	HIP 99378	302.56296	68.29846	168.61	m	7.552	1.418	F2	0.404
HD 154831	HIP 83873	257.13532	-20.21753	168.61	m	7.813	1.679	A0 IV	0.17
HD 224657	HIP 118301	359.93021	21.28905	168.61	m	7.691	1.557	F 2 V	0.384
HD 172445	HIP 91797	280.76889	-52.46886	168.62	m	8.255	2.121	A4 IV	0.186
HD 86827	HIP 49100	150.31939	7.21094	168.63	m	8.847	2.712	F8	0.49
HD 7215	HIP 5671	18.2208	32.07543	168.63	m	7.019	0.884	A 0 V	0.039
HD 136691	HIP 74834	229.40796	69.15485	168.63	m	7.421	1.286	K0	1.19
HD 152535	HIP 82770	253.73826	-24.50828	168.63	e	8.08	1.945	F5 V	0.566
HD 168875	HIP 89976	275.36566	13.30614	168.64	m	8.642	2.507	A0	0.362
HD 56649	HIP 35435	109.7287	25.94136	168.65	m	8.021	1.886	F0	0.43
HD 11705	HIP 9013	29.00884	48.4944	168.65	m	8.281	2.146	F5	0.421
HD 193256	HIP 100286	305.11072	-29.19131	168.65	m	7.549	1.414	A2 IV	0.199
HD 18137	HIP 13828	44.49391	64.41912	168.66	m	6.753	0.618	G5	1.347
HD 223278	HIP 117395	357.05307	-0.77488	168.67	m	8.589	2.454	G0 V	0.68
HD 63185	HIP 38122	117.18489	30.90995	168.69	m	8.578	2.443	F0	0.347
HD 203286	HIP 105352	320.0856	33.48543	168.69	m	6.923	0.788	A0	0.02
HD 114877	HIP 64470	198.20635	42.62667	168.7	m	6.898	0.762	G5	1.098
HD 148438	HIP 80712	247.18969	-17.98499	168.7	m	7.204	1.068	A0 IV/V	0.278
HD 87718	HIP 49585	151.83386	21.16335	168.7	m	8.858	2.722	K0	1.082
HD 183470	HIP 96209	293.44764	-63.05831	168.71	m	7.438	1.302	A3/5 VS	0.185
HD 91085	HIP 51493	157.75329	5.34132	168.71	m	7.765	1.629	A0	0.069
HD 25724	HIP 19005	61.08045	-14.26254	168.73	m	8.078	1.942	A6/7 V	0.25
HD 167217	HIP 89333	273.41705	15.37511	168.75	m	8.523	2.387	A0	0.243
HD 163375	HIP 87924	269.4205	-39.10181	168.76	m	6.651	0.515	A0 IV/V	0.012
HD 139993	HIP 76842	235.35251	-2.63491	168.77	m	8.338	2.202	G8 III + F/G	1.008
HD 35815	HIP 25907	82.94174	62.98513	168.77	m	7.615	1.478	A0	0.053
HD 199179	HIP 103163	313.51852	40.90123	168.77	m	8.424	2.287	A0	0.188
HD 67321	HIP 39835	122.08379	25.55286	168.77	m	8.172	2.035	F5	0.52
HD 80205	HIP 45545	139.24159	-45.01197	168.77	m	6.719	0.582	A0 V	0.003
HD 221185	HIP 115885	352.18288	74.28629	168.79	m	8.322	2.185	A2	0.188
HD 22413	HIP 16745	53.85301	-28.3366	168.79	m	8.825	2.688	A9 V	0.33
HD 16446	HIP 12250	39.43508	-22.9919	168.8	m	6.882	0.745	K0 III	1.233
HD 62379	HIP 37877	116.46112	45.56298	168.8	m	8.77	2.633	F5	0.527
HD 192483	HIP 99838	303.84785	-5.5367	168.8	m	7.067	0.93	A1 V	0.177
HD 78971	HIP 45087	137.76964	-1.54932	168.81	m	8.264	2.127	F7 V	0.603
HD 110396	HIP 61967	190.48617	-22.72798	168.81	m	8.814	2.677	A9 IV/V	0.341
HD 215638	HIP 112433	341.61928	7.58293	168.81	m	6.95	0.813	F 5 III	0.477
HD 79935	HIP 45487	139.03174	-28.88633	168.82	m	7.358	1.221	A1 V	0.082
HD 21182	HIP 16028	51.59388	37.01319	168.82	m	8.182	2.045	F2	0.451
HD 23538	HIP 17617	56.60939	13.50911	168.84	m	6.898	0.761	A0	0.062
HD 187619	HIP 97662	297.72828	0.84435	168.84	m	7.668	1.531	A0 IV	0.14
HD 202734	HIP 104886	318.69399	64.75032	168.85	m	7.082	0.945	K0	1.09
HD 193883	HIP 100566	305.88918	-26.735	168.85	m	7.599	1.462	K0 III	1.278
HD 185342	HIP 96646	294.73541	-10.33909	168.88	m	8.122	1.984	A0 V	0.2
HD 65788	HIP 39312	120.56672	44.02211	168.89	m	7.913	1.775	F0	0.257
HIP 25341		81.30156	34.86351	168.89	m	8.329	2.191	F	0.61
HD 191822	HIP 99543	303.0231	-10.71591	168.89	m	7.842	1.704	A1 V	0.205
HD 158177	HIP 85765	262.87608	-60.44021	168.89	m	8.302	2.164	F0 V	0.421
HD 91150	HIP 51532	157.88536	11.16816	168.9	m	8.268	2.13	A2	0.21
HD 208472	HIP 108198	328.81025	44.41858	168.9	m	7.613	1.475	K0	1.241
HD 186497	HIP 97173	296.26165	-8.6358	168.9	m	8.346	2.208	F2 V	0.519
HD 94778	HIP 53569	164.38063	60.11051	168.92	m	8.915	2.777	F0	0.372
HD 208551	HIP 108316	329.14988	21.16123	168.92	m	6.975	0.837	K0	1.23
HD 217725	HIP 113823	345.75132	-37.09777	168.92	m	8.302	2.164	K1 III/IV	1.328
HD 1203	HIP 1303	4.09069	-7.03011	168.92	e	8.724	2.586	F3 V	0.472
HD 20104	HR 967|HIP 15309	49.38147	65.65838	168.92	e	6.519	0.381	A 3 V	0.067
HD 195481	HIP 101223	307.77548	15.80763	168.92	e	6.861	0.723	A 3 V	0.14
HD 52651	HIP 34294	106.6435	64.42012	168.92	m	8.449	2.311	F5	0.48
HD 45787	HIP 30975	97.5213	14.50094	168.93	m	8.152	2.014	F5	0.482
HD 154691	HIP 83669	256.5143	23.32206	168.94	m	7.305	1.166	K0	1.188
HD 126115	HIP 70508	216.34554	-55.01823	168.94	m	6.952	0.813	G6/8 III	1.085
HD 109448	HIP 61447	188.8834	-68.35091	168.94	m	7.503	1.364	A0 V	0.052
HD 130110	HIP 72226	221.57419	-0.83377	168.95	m	7.05	0.911	K0 III	1.304
HD 117819	HIP 66114	203.29743	-19.99022	168.95	m	7.237	1.098	G8 III/IV	1.182
HD 98301	HIP 55200	169.53578	-31.31126	168.96	m	8.396	2.257	F6 V	0.566
HD 11863	HIP 9025	29.06105	-18.61751	168.96	m	8.818	2.679	F2 V	0.417
HD 222437	HIP 116835	355.21168	-56.42066	168.97	m	7.506	1.367	A1 V	0.093
HD 25475	HIP 19023	61.12714	41.1006	168.99	m	8.021	1.882	F5	0.47
HD 149170	HIP 81133	248.53791	-29.83084	168.99	m	8.427	2.288	F5 V	0.684
HD 35364	HIP 25297	81.17285	11.52937	169	m	7.31	1.171	G5	1.261
HD 210783	HIP 109742	333.44277	-46.74368	169	m	8.426	2.287	F6 V	0.56
HD 114649	HIP 64462	198.19301	-53.93033	169.01	m	8.586	2.446	F5 V	0.572
HD 8016	HIP 6259	20.07505	43.51018	169.01	m	7.182	1.042	K0	1.305
HD 103174	HIP 57912	178.17582	-37.9868	169.01	m	7.754	1.614	F3 IV/V	0.485
HD 30685	HIP 22754	73.41558	61.48173	169.02	m	6.657	0.517	A2	0.206
HD 79933	HIP 45506	139.10742	-19.45893	169.03	m	7.343	1.203	F2 III	0.425
HD 32509	HIP 23633	76.20889	26.72077	169.03	m	7.547	1.407	A2	0.19
HD 26419	HIP 19234	61.84235	-59.73042	169.04	m	8.588	2.448	F5 IV	0.545
HD 84261	HIP 47505	145.27657	-66.0802	169.04	m	6.955	0.815	G3 III	0.957
HD 118066	HIP 66205	203.55026	18.41581	169.05	m	8.428	2.288	F0	0.3
HD 73257	HIP 42207	129.0903	-32.26186	169.06	m	6.802	0.662	K1 III	1.276
HD 4834	HIP 3931	12.61446	15.48419	169.07	m	8.539	2.399	A0	0.402
HD 137528	HIP 75327	230.86386	61.5852	169.07	m	8.188	2.048	K0	1.112
HD 23685	HIP 17598	56.54251	-23.08378	169.08	m	8.919	2.779	G8 IV	0.994
HD 145531	HIP 79131	242.27944	50.73335	169.08	m	8.197	2.057	F2	0.463
HD 187668	HIP 97770	298.0191	-24.43836	169.08	m	8.514	2.374	F5/6 V	0.612
HD 43032	HIP 29475	93.15764	-32.22357	169.09	m	8.693	2.552	A7 V	0.263
HD 30945	HIP 22706	73.24263	26.77744	169.09	m	7.639	1.498	K3III	1.721
HD 16315	HIP 12180	39.23735	-8.34341	169.1	m	8.607	2.466	F0/2 V	0.382
HD 156126	HIP 84107	257.9177	61.80973	169.11	m	8.139	1.998	F2	0.345
HD 163732	HIP 87876	269.26972	13.97453	169.12	m	8.234	2.093	A2	0.351
HD 197832	HIP 102474	311.48751	7.37912	169.12	m	6.977	0.836	A0	0.071
HD 29507	HIP 21560	69.43194	-26.77963	169.12	m	8.203	2.062	A2/3 IV	0.119
HD 96050	HIP 54138	166.13343	-21.12658	169.15	m	8.058	1.917	F2/3 V	0.439
HD 88134	HIP 49811	152.53131	16.51663	169.16	m	8.418	2.277	G5	1.134
HD 9714	HIP 7421	23.9095	28.26962	169.16	m	6.996	0.854	K1III	1.229
HD 17083	HIP 12732	40.91539	-33.04552	169.19	m	6.951	0.809	G8 III	1.102
HD 80521	HIP 45763	139.97961	-13.30585	169.19	m	7.217	1.075	G8/K0 III	1.209
HD 179024	HIP 94309	287.93897	-19.1893	169.21	m	8.252	2.11	G3/5 (V)	0.944
HD 221708	HIP 116356	353.66133	-38.26767	169.21	m	8.662	2.52	G3/5 III/IV	0.864
HD 76206	HIP 44006	134.40576	61.08454	169.21	m	8.514	2.372	A3	0.271
HD 223035	HIP 117172	356.33773	78.55793	169.21	m	8.94	2.798	G5	0.333
HD 219631	HIP 115043	349.50331	-61.00366	169.21	m	6.869	0.727	K1 III(CNIV)	1.278
HD 221481	HIP 116185	353.11827	3.04017	169.22	m	8.948	2.806	F2 V	0.432
HD 74895	HIP 43003	131.45724	-27.85657	169.22	m	8.477	2.335	A6 V	0.204
HD 101769	HIP 57128	175.69371	32.7259	169.22	m	8.616	2.474	F2	0.455
HD 39500	HIP 27721	88.05287	-19.05381	169.23	m	7.13	0.988	K1 III	1.406
HD 162415	HIP 87466	268.0711	-31.32814	169.23	m	7.118	0.976	K5 III	1.789
HD 20454	HIP 15567	50.14448	61.26046	169.23	m	8.638	2.496	F 8 V	0.628
HD 2170	HIP 2074	6.55026	56.77925	169.23	m	6.865	0.723	G5III	1.021
HD 37689	HIP 26608	84.84701	-25.53485	169.24	m	8.443	2.3	F3 IV/V	0.402
Gl 822.2	HD 202573|HIP 105000	318.98822	25.43384	169.24	m	7.086	0.943	G5V:	1.011
HD 161072	HIP 86466	265.00168	57.40393	169.24	m	8.207	2.064	F5	0.495
HD 20317	HIP 15295	49.33852	36.35452	169.24	m	7.846	1.703	A0	0.14
HD 215616	HIP 112472	341.7267	-33.18247	169.25	m	6.918	0.775	G8/K0 III	1.123
HD 114251	HIP 64286	197.62634	-60.85206	169.27	m	8.652	2.509	A9 IIIWA6	0.362
32 Her	HD 149420|HIP 81066	248.37134	30.49907	169.27	m	6.896	0.753	F 0 III	0.26
HD 10783	HIP 8210	26.42722	8.55924	169.28	m	6.545	0.402	A2P	-0.028
HD 212136	HIP 110314	335.16154	58.40991	169.28	m	6.557	0.414	G 8 III	1.135
HD 6980	HIP 5438	17.39248	-46.26558	169.29	m	8.677	2.534	G3 V	0.725
HD 4897	HIP 3983	12.80625	14.08584	169.3	m	8.621	2.478	F0	0.424
HD 207649	HIP 107746	327.40007	36.10127	169.3	m	8.363	2.22	F8	0.584
HD 28433	HIP 21236	68.32932	64.16979	169.3	m	6.978	0.835	G5	1.267
HD 139519	HIP 76690	234.90149	-27.6432	169.31	m	8.408	2.265	A2/3 IV/V	0.331
HD 158639	HIP 85572	262.30858	27.88189	169.31	m	7.844	1.701	A2	0.135
HD 10121	HIP 7610	24.51551	-46.08382	169.31	m	7.09	0.947	K2 IIICNIA/B	1.381
HD 209541	HIP 108861	330.79633	41.40601	169.31	m	7.531	1.388	K2	1.41
HD 172019	HIP 91519	279.95585	-42.26015	169.31	m	8.745	2.602	F0 V	0.317
HD 15640	HIP 11878	38.30642	59.99953	169.32	m	7.631	1.488	B 5V	0.037
HD 129379	HIP 71934	220.68777	-19.3117	169.33	m	7.011	0.867	K0 III	1.424
HD 167244	HIP 89391	273.62443	-5.57568	169.34	m	8.056	1.912	A1 V	0.182
HD 93967	HIP 53021	162.72138	5.5858	169.34	m	8.314	2.17	F8	0.592
HD 125630	HIP 70346	215.88366	-66.64502	169.35	m	6.78	0.636	AP SI(CR)	0.136
HD 19943	HIP 14984	48.2865	25.51509	169.36	m	8.61	2.466	A2	0.275
HD 33333	HIP 24150	77.79537	35.35767	169.36	m	7.872	1.728	F0	0.483
HD 17912	HIP 13422	43.21212	8.61032	169.36	m	8.73	2.586	A5	0.287
HD 100957	HIP 56608	174.10028	-70.99606	169.37	m	8.127	1.983	F2 III	0.572
HD 93134	HIP 52692	161.60984	53.78547	169.37	m	8.871	2.727	F5	0.538
HD 16773	HIP 12628	40.57697	34.29474	169.37	m	7.06	0.916	G5	1.211
HD 57248	HIP 35659	110.36837	27.06881	169.38	m	8.7	2.556	F5	0.436
HD 40837	HIP 28542	90.38018	2.90925	169.4	m	7.167	1.022	B9.5 V	-0.005
HD 172796	HIP 91846	280.8805	-33.92322	169.41	m	8.196	2.051	F7 V	0.579
HD 51544	HIP 33438	104.29213	-15.74325	169.42	m	7.937	1.792	A0 II/III	0.285
HD 155101	HIP 84779	259.93821	-78.06609	169.43	m	8.538	2.393	F3 V	0.468
HD 64833	HIP 38832	119.19967	26.10526	169.43	m	7.711	1.566	K1III	1.145
HD 223916	HIP 117807	358.39293	51.52258	169.43	m	6.885	0.74	K0	1.131
HD 7181	HIP 5645	18.12672	32.21101	169.43	m	8.278	2.133	B9	0.186
HD 220487	HIP 115524	351.01833	4.9314	169.45	m	7.721	1.576	A8 V	0.406
HD 171296	HIP 91137	278.86073	-32.89075	169.45	m	6.873	0.728	A0 V	0.132
HD 103216	HIP 57952	178.29532	16.849	169.46	m	8.65	2.505	F5	0.411
HD 33246	HIP 24225	78.01734	55.58011	169.47	m	8.831	2.686	F5	0.356
HD 193292	HIP 100095	304.60103	32.11043	169.47	m	7.26	1.115	AM	0.309
HD 206523	HIP 107075	325.29239	47.54518	169.47	m	7.398	1.252	K0III	1.139
HD 176282	HIP 92672	283.25377	71.78723	169.49	m	6.989	0.843	A2	0.17
HD 81872	HIP 46464	142.13944	12.38531	169.49	m	6.998	0.852	K 1 III	1.216
HD 149029	HIP 80971	248.01626	3.36208	169.49	e	7.329	1.183	A5 IV/V	0.263
HD 79905	HIP 45311	138.52862	-60.53543	169.49	m	7.454	1.308	B9.5 V	0.054
HD 178470	HIP 94286	287.85974	-51.95332	169.5	m	8.964	2.818	K0 III	1.112
HD 10809	HIP 8225	26.47916	3.41755	169.5	m	6.859	0.713	F2 II/III	0.379
HD 136230	HIP 74835	229.40994	47.7394	169.5	m	7.767	1.621	K0	1.284
HD 30619	HIP 22369	72.2371	-7.11014	169.51	m	8.037	1.891	F2/3 IV/V	0.467
HD 217183	HIP 113436	344.61216	35.28243	169.51	m	7.164	1.018	K5	1.468
HD 134209	HIP 73882	226.51036	57.75158	169.52	m	7.847	1.701	K0	1.317
HD 47759	HIP 31934	100.10482	2.55798	169.52	m	7.499	1.353	B9 V	-0.001
HD 105440	HIP 59188	182.07595	58.5568	169.53	m	7.575	1.429	K 0 IV	1.187
HD 128230	HIP 71222	218.46871	55.236	169.53	m	7.989	1.843	F0	0.241
HD 65826	HIP 39152	120.1207	-4.87985	169.53	m	7.329	1.183	F7 II	0.525
HD 31033	HIP 22747	73.40193	25.36631	169.53	m	7.174	1.028	A0	0.256
HD 202134	HIP 104894	318.7196	-31.18368	169.53	m	7.883	1.737	K1 IIIP	1.306
HD 19645	HIP 14784	47.7178	32.22649	169.53	m	7.385	1.239	K0	1.207
HD 14740	HIP 11085	35.68766	4.95702	169.54	m	8.813	2.667	F5 V	0.588
HD 204730	HIP 106398	323.24771	-59.70005	169.55	m	7.721	1.575	A1 V	0.078
HD 154344	HIP 83354	255.53443	51.94232	169.55	m	7.868	1.721	A2	0.241
HD 55971	HIP 35193	109.09761	30.70525	169.56	m	8.791	2.644	F8	0.521
HD 17221	HIP 12932	41.58458	18.83794	169.56	m	8.336	2.189	A5	0.393
HD 166026	HIP 89183	273.01214	-56.42832	169.57	m	7.577	1.43	A1 V	0.115
HD 175148	HIP 92436	282.57534	60.83756	169.58	m	6.824	0.677	K2	1.467
HD 20037	HIP 14765	47.66355	-57.8098	169.59	m	6.721	0.574	G8 III	1.008
HD 117962	HIP 65962	202.86783	70.42249	169.6	m	8.05	1.903	A5	0.203
HD 83112	HIP 46851	143.21475	-67.64269	169.6	m	8.517	2.37	F3 V	0.431
HD 41073	HIP 29130	92.15483	68.71204	169.61	m	8.02	1.873	A0	0.41
HD 33018	HIP 23909	77.05812	21.8133	169.61	m	8.574	2.427	A5	0.335
HD 100972	HIP 56708	174.40312	44.71632	169.62	m	6.834	0.687	B9	0.015
HD 102242	HIP 57408	176.53989	39.4015	169.62	m	8.719	2.572	G7III	0.976
HD 8346	HIP 6480	20.82539	36.51463	169.62	m	6.799	0.652	B8	0.022
HD 2315	HIP 2152	6.80232	25.57851	169.63	m	7.6	1.453	K3III	1.421
HD 242223	HIP 24615	79.19776	19.30228	169.63	m	8.939	2.792	G0	0.7
HD 82265	HIP 46713	142.83408	12.85885	169.63	m	7.02	0.873	K0	1.239
HD 113497	HIP 63756	196.02002	5.18898	169.63	m	8.976	2.829	G5	0.519
HD 80009	HIP 45589	139.37824	8.37571	169.63	m	7.785	1.637	K0	1.345
HD 206682	HIP 107372	326.21581	-42.28571	169.63	m	8.816	2.668	F7 V	0.562
HD 196360	HIP 101588	308.8251	41.89018	169.64	m	6.731	0.583	K0III	1.102
HD 94400	HIP 53286	163.47404	3.70146	169.64	m	8.221	2.073	F2/3 V	0.514
HD 41988	HIP 29066	91.97713	-9.44909	169.65	m	8.275	2.127	F3 V	0.448
HD 27283	HIP 20111	64.67426	4.75069	169.65	m	8.908	2.76	F3 V	0.437
HD 76081	HIP 43735	133.61426	14.24497	169.66	m	7.982	1.834	G5	1.442
HD 24058	HIP 17770	57.06598	-41.31086	169.66	m	8.904	2.756	F3 (V)	0.447
HD 101528	HIP 56957	175.13898	-60.47675	169.66	m	8.49	2.342	F0 IV	0.329
HD 114360	HIP 64247	197.51701	-0.61676	169.66	m	8.868	2.72	F7 V	0.603
HD 41715	HIP 28976	91.72806	2.17306	169.67	m	7.164	1.016	A0 V	0.074
HD 147981	HIP 80325	245.98928	27.33909	169.68	m	8.929	2.781	F8	0.547
HD 43645	HIP 29987	94.68863	33.48115	169.69	m	8.912	2.764	F5	0.445
HD 141257	HIP 77577	237.57276	-49.0405	169.71	m	7.012	0.864	G8 III	1.323
HD 55225	HIP 34920	108.37888	32.14543	169.71	m	7.437	1.289	A5	0.3
HD 130007	HIP 72170	221.43097	4.5448	169.71	m	8.575	2.426	F7 V	0.537
HD 46217	HIP 31433	98.7964	54.09615	169.72	m	8.096	1.947	F7V	0.579
HD 41392	HIP 28662	90.78477	-36.87294	169.72	m	6.883	0.734	B9.5 V	-0.078
HD 22189	HIP 16417	52.85193	-59.85698	169.72	m	7.445	1.296	A6 V	0.193
HD 19866	HIP 14841	47.91812	-0.49414	169.73	m	7.209	1.06	K0 III	1.384
65 UMa	HD 103498|HR 4561|HIP 58117	178.79721	46.46979	169.74	m	6.97	0.821	A 1 P CR EU(SR)	0.053
HD 212208	HIP 110519	335.85195	-43.40654	169.74	m	8.64	2.491	F5 V	0.5
HD 116203	HIP 65134	200.21143	60.25272	169.75	m	8.177	2.028	F5	0.424
HD 111855	HIP 62836	193.14285	-40.94102	169.75	m	8.54	2.391	A8/9 IV	0.297
HD 4720	HIP 3842	12.32432	-1.62594	169.76	m	8.786	2.637	F0 V	0.37
HD 85154	HIP 48088	147.05432	-54.39658	169.76	m	7.495	1.346	K0 III	1.138
HD 172827	HIP 91685	280.4569	12.25558	169.77	m	7.332	1.183	A2	0.112
HD 224056	HIP 117892	358.70485	53.49722	169.77	m	8.172	2.023	A2	0.332
HD 147537	HIP 80394	246.14857	-45.85118	169.78	m	7.779	1.63	K1 III	1.456
HD 61144	HIP 37627	115.81863	69.33645	169.78	m	7.154	1.005	K0	1.329
HD 141536	HIP 77631	237.73518	-35.04777	169.78	e	8.457	2.308	F3 V	0.482
HD 34645	HIP 24640	79.31269	-39.28806	169.78	m	7.147	0.998	A2 V	0.094
HD 180165	HIP 94612	288.8068	10.21241	169.79	m	7.228	1.078	K0	1.344
HD 150781	HIP 81799	250.6087	21.59287	169.8	m	7.383	1.233	A0	0.107
HD 67375	HIP 39698	121.70262	-21.63866	169.81	m	8.234	2.084	F3/5 V	0.453
HD 156965	HIP 84670	259.65186	41.88808	169.81	m	8.15	2	A 9 V	0.323
HD 75025	HIP 43064	131.59013	-33.90202	169.81	m	7.288	1.138	K1 III	1.219
HD 24134	HIP 17949	57.56272	-11.74185	169.82	m	8.985	2.835	F2 V	0.395
HD 10566	HIP 8041	25.80958	12.95466	169.82	m	8.64	2.49	F8	0.603
HD 182444	HIP 95367	291.01833	18.01844	169.83	m	7.882	1.732	A2	0.152
HD 70273	HIP 41056	125.66231	40.44382	169.83	m	7.162	1.012	F0	0.293
HD 146981	HIP 80151	245.40381	-51.75107	169.83	m	7.006	0.856	K2 IIICNIB	1.501
HD 74762	HIP 42829	130.89915	-53.52464	169.84	m	7.752	1.602	A5 V	0.224
HD 9537	HIP 7281	23.43953	3.77216	169.84	m	8.308	2.158	F0 V	0.283
HD 77015	HIP 44129	134.80843	-16.50262	169.84	m	7.263	1.113	K0 III	1.312
HD 23603	HIP 17872	57.3613	57.12218	169.84	m	7.174	1.024	A0	0.104
HD 85748	HIP 48553	148.52773	8.0745	169.85	m	7.12	0.97	G5	1.322
HD 40546	HIP 28397	89.97096	9.53369	169.85	m	8.283	2.133	A3	0.269
HD 90649	HIP 51264	157.07579	18.91245	169.86	m	8.271	2.121	F8	0.518
HD 63424	HIP 37992	116.79225	-39.10326	169.86	m	7.167	1.016	F3 IV	0.398
HD 129475	HIP 72072	221.13075	-51.1907	169.86	m	8.17	2.019	A8/9 V	0.314
HD 107288	HIP 60150	185.02024	13.85506	169.87	m	7.108	0.957	K0	1.291
HD 21481	HIP 16275	52.45828	47.97682	169.88	m	7.662	1.511	A0V	0.127
HD 187406	HIP 97555	297.42869	2.95392	169.89	m	7.722	1.571	F3 V	0.523
HD 76627	HIP 44022	134.47996	19.28421	169.89	m	8.704	2.553	F0	0.403
HD 101549	HIP 57014	175.33565	44.00758	169.91	m	7.977	1.826	A 3 V	0.164
HD 201226	HIP 104398	317.24342	-28.47766	169.91	m	7.094	0.943	G8 III/IV	1.068
HD 125432	HIP 70213	215.47754	-64.28492	169.92	m	8.18	2.029	K0 III	1.201
HD 132366	HIP 73645	225.80429	-70.78708	169.92	m	7.569	1.418	A3/4 V	0.221
HD 206793	HIP 107297	325.99211	22.8153	169.94	m	6.567	0.416	K2	1.533
HD 150395	HIP 81705	250.34269	-13.39531	169.94	m	8.987	2.835	K1 III	1.751
HD 48203	HIP 32037	100.37842	-20.31762	169.94	m	6.983	0.831	G8/K0 III	1.138
HD 154888	HIP 83724	256.67334	35.32341	169.95	m	7.35	1.198	A0	0.04
HD 30168	HIP 22172	71.55028	26.0355	169.95	m	7.733	1.581	A0	0.329
HD 140087	HIP 76792	235.18878	29.97225	169.95	m	7.656	1.504	K2	1.445
HD 116620	HIP 65437	201.16945	11.39693	169.96	m	8.252	2.1	K0	1.131
HD 37094	HIP 26929	85.73513	72.30152	169.97	m	8.217	2.065	F5	0.582
HD 178469	HIP 94136	287.43243	-27.11441	169.98	m	6.963	0.811	K0 III	1.282
HD 124504	HIP 69602	213.68618	-31.78631	169.99	m	8.152	2	A5 IV	0.265
HD 64323	HIP 38664	118.74478	39.71337	170	m	7.761	1.609	A2	0.246
HD 491	HIP 769	2.36681	1.24404	170.01	m	7.401	1.249	K1/2 III	1.443
HD 29769	HIP 21315	68.64571	-72.73371	170.01	m	7.023	0.871	A6 IV/V	0.226
HD 78318	HIP 44754	136.81141	-13.30723	170.01	m	7.075	0.923	A9 III/IV	0.311
HD 114726	HIP 64433	198.0953	2.65383	170.02	m	8.409	2.256	F3 V	0.483
HD 740	HIP 927	2.88113	-55.74968	170.02	m	8.388	2.235	F3 V	0.443
HD 77187	HIP 43979	134.33793	-66.20414	170.03	m	7.684	1.531	K0 III	1.197
HD 5314	HIP 4331	13.85997	40.38245	170.03	m	8.106	1.953	A2	0.199
HD 147955	HIP 80493	246.46109	-26.56844	170.04	m	8.124	1.971	B9 V	0.229
HD 14611	HIP 11019	35.46887	12.25935	170.04	m	8.912	2.759	F0	0.346
HD 26124	HIP 19627	63.08507	64.96029	170.05	m	8.156	2.003	F0	0.353
HD 103695	HIP 58224	179.12464	4.06371	170.05	m	8.552	2.399	A7 IV	0.268
HD 66113	HIP 39463	120.98932	43.83943	170.05	m	7.472	1.319	F0	0.31
HD 115103	HIP 64614	198.65438	29.40117	170.05	m	8.754	2.601	F5V	0.505
HD 57918	HIP 35588	110.16255	-52.19871	170.08	m	6.884	0.731	F3/5 V	-0.022
HD 169617	HIP 90140	275.93358	38.34511	170.08	m	6.911	0.758	A0	-0.007
HD 100363	HIP 56327	173.21489	-12.03512	170.08	m	8.646	2.493	F8 V	0.331
HD 8202	HIP 6331	20.32298	-6.15953	170.09	m	6.878	0.725	K0 III	1.149
HD 93524	HIP 52804	161.92853	-15.10979	170.1	m	7.087	0.933	K0 III	1.301
HD 83969	HIP 47573	145.50771	4.96985	170.1	m	8.588	2.434	G5	0.773
HD 22859	HIP 17254	55.43065	37.58715	170.12	m	7.785	1.631	A 1 V	0.072
HD 68640	HIP 40403	123.72516	40.57854	170.12	m	7.719	1.565	A2	0.146
HD 183359	HIP 94603	288.77802	81.64943	170.13	m	8.129	1.975	F2	0.373
HD 124473	HIP 69353	212.92931	60.47398	170.14	m	8.149	1.995	F5	0.527
HD 32040	HR 1610|HIP 23287	75.14139	3.61578	170.14	m	6.592	0.438	B9 V	-0.076
HD 81841	HIP 46363	141.80902	-33.79135	170.14	m	7.267	1.113	K2 III	1.362
HD 44280	HIP 31222	98.23458	79.46836	170.15	m	8.001	1.847	G0	0.505
HD 47355	HIP 31989	100.26787	53.39848	170.15	m	7.567	1.413	F5	0.565
HD 134288	HIP 74228	227.54088	-36.55766	170.15	m	8.649	2.495	F0 V	0.497
HD 17091	HIP 12937	41.59411	50.61679	170.16	m	8.041	1.887	A2	0.378
HD 220395	HIP 115446	350.77102	45.00998	170.16	m	8.351	2.197	A0	0.29
HD 169801	HIP 90390	276.65483	-5.60191	170.16	m	8.529	2.375	F0 IV/V	0.395
HD 8083	HIP 6246	20.03389	-2.49086	170.17	m	8.928	2.774	F7 V	0.567
HD 163884	HIP 88024	269.69105	-5.42486	170.17	m	7.677	1.523	K0 III	1.216
HD 16349	HIP 12432	40.00467	62.60199	170.19	m	7.428	1.273	A0	0.089
HD 502	HIP 773	2.37925	19.5591	170.19	m	7.689	1.534	G4IV	1.173
HD 15653	HIP 11482	37.0317	-65.563	170.19	m	7.181	1.026	K1 IIICNII	1.313
HD 33613	HIP 24057	77.5377	-31.34914	170.22	m	7.89	1.735	A0MA4-A6	0.154
HD 5205	HIP 4181	13.35498	-39.06795	170.22	m	8.637	2.482	F0 IV/V	0.401
HD 79202	HIP 45141	137.96155	-28.31482	170.24	m	7.226	1.071	K0 III/IV	1.226
HD 137181	HIP 75350	230.96589	25.28505	170.24	m	8.282	2.127	F5	0.478
HD 8598	HIP 6621	21.2471	6.25854	170.25	m	8.509	2.354	F5	0.595
HD 92047	HIP 51843	158.87633	-69.81743	170.26	m	7.754	1.598	A0 V	0.042
HD 222617	HIP 116955	355.6072	-61.06182	170.28	m	7.274	1.118	K0 III	1.3
HD 1921	HIP 1854	5.85424	-18.89162	170.28	m	7.229	1.073	K0 III	1.159
HD 107955	HIP 60518	186.09013	-10.47511	170.29	m	7.545	1.389	G8 III/IV	1.119
HD 217242	HIP 113494	344.77171	23.24204	170.29	m	8.548	2.392	K0	1.177
HD 128155	HIP 71498	219.33099	-54.8973	170.3	m	8.857	2.701	A2 V	0.22
HD 155370	HIP 83907	257.22842	46.50542	170.3	m	8.876	2.72	F8	0.576
HD 151726	HIP 82430	252.68966	-38.25642	170.3	m	7.232	1.076	B9 V	-0.044
HD 66122	HIP 39291	120.5111	-2.98056	170.3	m	8.297	2.141	A5/7 II/III	0.301
HD 118233	HIP 66277	203.75906	30.14452	170.31	m	8.931	2.775	F 6 V	0.495
HD 116009	HIP 65374	200.96989	-75.93044	170.31	m	7.846	1.69	F3 IV	0.458
HD 197518	HIP 102295	310.91176	19.72798	170.31	m	8.319	2.163	G5	0.636
HD 18166	HIP 13545	43.61168	-20.92498	170.31	m	7.802	1.646	A3MA8-F2	0.407
58 Cet	HD 12020|HIP 9165	29.49755	-2.05949	170.32	m	6.578	0.422	A2 IV	0.183
HD 198861	HIP 103068	313.24048	10.99605	170.32	m	8.325	2.169	F7IV	0.575
HD 17715	HIP 13139	42.24623	-45.08999	170.33	m	6.887	0.731	K0 III	1.169
HD 62018	HIP 37493	115.43808	-7.15091	170.33	m	7.582	1.426	F2 V	0.378
HD 73426	HIP 42694	130.52579	65.29023	170.33	m	8.513	2.357	F5	0.487
HD 210120	HIP 109224	331.91247	25.01616	170.33	m	8.334	2.178	F2	0.345
HD 24928	HIP 18435	59.11964	-31.69545	170.34	m	7.946	1.789	A1 V(N)	0.116
HD 38057	HIP 26780	85.33568	-35.24705	170.36	e	8.625	2.468	A9 V	0.36
HD 81163	HIP 46137	141.13003	18.14143	170.36	e	7.3	1.143	G 0 III	0.828
HD 154815	HIP 83623	256.35733	46.35581	170.36	m	7.476	1.319	K0	1.309
HD 174745	HIP 92840	283.74532	-53.4371	170.36	m	8.107	1.95	K0 III	1.088
HD 152761	HIP 82556	253.1228	52.92979	170.36	m	8.483	2.326	A3	0.313
HD 96078	HIP 54160	166.18802	-16.24883	170.39	m	8.495	2.338	A2 IV	0.246
HD 48347	HIP 32196	100.81363	6.11696	170.4	m	8.012	1.855	B9V	0.091
HD 28249	HIP 20859	67.05064	22.33276	170.4	m	8.721	2.564	A5	0.487
HIP 111434		338.63385	4.21934	170.42	m	8.85	2.692	A0	0.239
HD 124796	HIP 69580	213.63899	39.27644	170.42	m	7.498	1.34	K 2 III	1.302
HD 77072	HIP 44159	134.90593	-17.18581	170.43	m	7.914	1.756	A3MA9-F2	0.421
HD 136562	HIP 74987	229.85075	50.21464	170.44	m	7.618	1.46	A0	0.126
HD 55223	HIP 34533	107.33172	-51.82488	170.44	m	8.238	2.08	F5 IV	0.52
HD 221631	HIP 116302	353.46792	-16.31308	170.44	m	8.81	2.652	A7 III	0.32
HD 148600	HIP 81277	249.00999	-73.48578	170.45	m	8.743	2.585	F7 V	0.55
HD 219651	HIP 114940	349.21451	57.64788	170.45	m	7.518	1.36	A0	0.099
HD 24262	HIP 18110	58.07775	18.91761	170.46	m	8.278	2.12	A0	0.185
HD 4094	HIP 3407	10.84853	2.58409	170.47	m	7.942	1.784	F2 V	0.401
HD 66300	HIP 39416	120.86514	16.84755	170.49	m	7.568	1.409	K0	1.376
HD 39577	HIP 27564	87.56894	-55.05334	170.5	m	7.232	1.073	K2 III	1.352
HD 54581	HIP 34388	106.95663	-35.81447	170.5	m	7.453	1.294	K1 III	1.5
HD 159237	HIP 85717	262.73797	50.07027	170.51	m	8.78	2.621	F0	0.378
HD 112613	HIP 63281	194.51486	-14.98567	170.52	m	7.101	0.942	G6/8 IV	1.011
HD 75795	HIP 43231	132.0952	-65.43044	170.52	m	7.281	1.122	K0 III	1.374
HD 93093	HIP 52503	161.02994	-48.89671	170.53	m	7.228	1.069	F5 IV	0.514
HD 71416	HIP 41409	126.70044	-18.17318	170.54	m	7.458	1.299	A0 IV/V	0.156
HD 1996	HIP 1934	6.09362	26.39551	170.54	m	8.221	2.062	K1III	1.061
HD 154257	HIP 83449	255.82737	27.87244	170.55	m	8.685	2.526	F2	0.398
HD 36759	HIP 26107	83.51634	3.05747	170.56	m	7.85	1.691	A2 V	0.142
HD 214124	HIP 111645	339.25079	-47.81107	170.57	m	8.928	2.769	F2 V	0.412
HD 96858	HIP 54496	167.24009	-31.32752	170.57	m	8.878	2.719	G0 V	0.673
HD 7029	HIP 5439	17.39284	-58.29787	170.57	m	8.819	2.659	G5 IV/V	0.816
HD 21122	HIP 16036	51.63608	47.26642	170.58	m	8.201	2.041	A0	0.217
HD 21855	HIP 16574	53.34272	47.42205	170.59	m	8.235	2.075	A0	0.163
HD 79758	HIP 45354	138.64166	-41.89251	170.59	m	7.565	1.405	A5 IV/V	0.229
HD 178235	HIP 93890	286.78585	17.0654	170.6	m	8.361	2.201	A0	0.21
7 Cnc	HD 66347|HIP 39447	120.96032	22.07081	170.6	m	6.963	0.803	K0	1.379
HD 25762	HIP 18901	60.77001	-44.59202	170.62	m	8.842	2.682	K1/2 III	1.163
HD 131229	HIP 72995	223.77344	-61.87394	170.62	m	6.98	0.82	B9 IV/V	0.009
HD 193640	HIP 100375	305.35049	-2.01316	170.65	m	8.856	2.696	F0 V	0.425
HD 212832	HIP 110789	336.68589	22.81208	170.65	m	7.997	1.837	A2	0.204
HD 26294	HIP 19399	62.33529	-7.92909	170.65	e	7.227	1.066	A2 III	0.235
HD 820	HIP 1018	3.16807	-1.22719	170.65	m	7.317	1.156	K0 III	1.25
HIP 44443		135.81919	-33.60403	170.66	m	7.927	1.766		0.188
HD 43547	HIP 29610	93.59943	-47.34492	170.66	m	8.44	2.279	F5 V	0.501
HD 147596	HIP 80341	246.01776	-32.25882	170.66	m	8.692	2.531	F2 V	0.486
HD 46557	HIP 31347	98.59432	6.69511	170.66	m	7.546	1.385	A2V	0.129
HD 218180	HIP 114023	346.36879	39.07887	170.67	m	8.735	2.574	F8	0.558
HD 74063	HIP 42620	130.28468	-19.91584	170.68	m	7.588	1.427	A5/7 IV	0.261
HD 14382	HIP 11120	35.76985	70.34317	170.68	m	7.91	1.749	F5	0.62
HD 2535	HIP 2320	7.40054	62.06415	170.69	m	7.121	0.96	K 2 III	1.259
HD 198166	HIP 102674	312.08947	7.59423	170.69	m	7.212	1.051	K0	1.176
HD 40234	HIP 28130	89.18998	-18.29299	170.69	m	8.143	1.982	A3 III	0.203
HD 212775	HIP 110588	336.06122	71.30092	170.7	m	7.598	1.437	A3	0.197
HD 196600	HIP 101972	309.97781	-40.97221	170.7	m	8.9	2.739	A9 V	0.316
HD 125324	HIP 69970	214.77071	-14.52899	170.71	m	8.348	2.187	F3 V	0.386
HD 197952	HIP 102545	311.7051	7.5529	170.72	m	8.465	2.304	F8	0.582
HD 204367	HIP 106034	322.17163	-25.64406	170.73	m	7.838	1.676	A(P SREUCR)	0.107
HD 64920	HIP 38724	118.92172	-13.73241	170.74	m	7.308	1.146	FM DELTA DEL	0.429
HD 120664	HIP 67544	207.59934	26.28833	170.74	m	8.946	2.784	G0	0.959
HD 13691	HIP 10402	33.50981	26.62695	170.75	m	7.418	1.256	K1III	1.39
HD 21117	HIP 16047	51.66439	50.8465	170.75	m	7.634	1.472	B8	0.106
HD 62921	HIP 38412	118.04314	71.22651	170.76	m	8.568	2.406	A2	0.342
HD 173320	HIP 92000	281.26813	-11.45503	170.77	m	7.136	0.974	B8/9 II	0.167
HD 198400	HIP 102657	312.05047	49.99554	170.78	m	7.922	1.76	A2	0.149
HD 59103	HIP 36084	111.52472	-48.1679	170.79	m	7.987	1.825	K0 III	1.232
HD 53782	HIP 34155	106.24226	-33.49654	170.79	m	8.655	2.493	K1 III	1.191
HD 31453	HIP 22941	74.04555	2.04353	170.79	m	7.713	1.551	A7 III	0.241
HD 168221	HIP 89521	274.01375	50.53264	170.79	m	7.43	1.268	A0	-0.004
HD 11808	HIP 8949	28.81395	-25.36715	170.83	m	8.548	2.385	A2 IV/V	0.223
HD 207147	HIP 107512	326.61998	22.17447	170.84	m	7.09	0.927	A2	0.222
HD 1492	HIP 1514	4.72718	-33.32431	170.84	m	8.846	2.683	A8 III	0.323
HD 55746	HIP 35137	108.96011	36.78576	170.84	m	8.056	1.893	A3	0.211
HD 33413	HIP 24160	77.8256	29.72994	170.85	m	7.106	0.943	A0	-0.042
HD 69330	HIP 40645	124.45975	35.72841	170.85	m	7.189	1.026	F0	0.402
HD 159240	HIP 85837	263.09576	28.80447	170.86	m	8.081	1.918	F2	0.398
HD 204773	HIP 106153	322.52915	30.83919	170.86	m	8.463	2.3	F0	0.355
HD 1524	HIP 1544	4.81324	-33.909	170.87	m	8.835	2.672	F5 V	0.464
HD 18810	HIP 13988	45.03298	-41.87397	170.87	m	7.412	1.249	K1 III	1.16
HD 30530	HIP 22765	73.46024	68.21887	170.88	m	7.244	1.081	K0	1.354
HD 18752	HIP 14069	45.32208	14.98224	170.88	m	7.842	1.679	F2	0.688
HD 132094	HIP 73266	224.6011	-37.36247	170.88	m	7.251	1.088	B9 V	0.004
HD 43665	HIP 29859	94.31416	-5.34372	170.9	m	7.7	1.536	A2 III/IV	0.247
HD 237707	HIP 41330	126.48499	55.39489	170.91	m	8.552	2.388	G 8 III-IV	1.158
HD 184840	HIP 96598	294.54987	-41.80447	170.92	m	7.587	1.423	A5 V (+ F)	0.262
HD 75633	HIP 43640	133.33043	53.73581	170.93	m	8.54	2.376	F0	0.272
HIP 58179		178.98605	9.84703	170.93	m	8.88	2.716	A0	0.073
HD 16352	HIP 12266	39.4798	20.05263	170.93	m	8.738	2.574	F0	0.39
HD 137232	HIP 75575	231.58403	-42.3984	170.93	m	8.7	2.536	F0 V	0.383
HD 181099	HIP 94884	289.63072	16.6977	170.94	m	7.497	1.333	AM	0.28
HD 35985	HIP 25702	82.32976	18.3657	170.96	m	6.767	0.603	A2	0.127
HD 3637	HIP 3136	9.96629	63.22753	170.97	m	7.779	1.614	F6IV	0.59
HD 95252	HIP 53676	164.73925	-54.05883	170.98	m	8.451	2.286	K0 III	1.139
HD 73039	HIP 42148	128.87103	-20.35414	171	m	8.522	2.357	F3 V	0.424
HD 211052	HIP 109896	333.87713	-43.63467	171	m	7.124	0.959	K0 III	1.222
HD 204757	HIP 106160	322.55251	23.92477	171	m	8.139	1.974	F2	0.425
HD 61273	HIP 37232	114.71243	7.96657	171.01	m	7.174	1.009	B9	0.241
HD 167763	HIP 89374	273.58185	47.22071	171.01	m	8.437	2.272	G0	0.504
HD 202221	HIP 104869	318.64788	-5.96328	171.01	m	7.957	1.792	A9 V	0.305
HD 106813	HIP 59882	184.20854	56.28147	171.02	m	7.41	1.245	K2	1.492
HD 223361	HIP 117442	357.19716	44.39717	171.02	m	8.24	2.075	A5	0.291
17 LMi	HD 85373|HIP 48428	148.09011	37.91447	171.04	m	6.739	0.574	F0	0.26
HD 7899	HIP 6046	19.42233	-51.03458	171.04	m	8.253	2.087	A3MA4-F0	0.299
HD 193799	HIP 100431	305.48793	7.17169	171.05	m	7.533	1.367	G9III	1.104
HD 152966	HIP 83116	254.77322	-48.87512	171.05	m	6.688	0.522	A5 IIIS	0.358
HD 56478	HIP 34706	107.82047	-70.11944	171.06	m	6.871	0.705	K0 III	1.175
HD 732	HIP 937	2.90174	-23.63236	171.07	m	7.908	1.742	F7 V	0.601
HD 50126	HIP 32715	102.3816	-45.56686	171.08	m	7.119	0.953	A0 V	-0.028
HD 42916	HIP 29471	93.13524	-22.3801	171.08	m	8.342	2.176	A5 V	0.239
HD 173628	HIP 91400	279.60736	74.6255	171.09	m	8.443	2.277	A5	0.181
HD 105483	HIP 59221	182.18723	-68.63942	171.1	m	7.961	1.795	A6 V	0.306
HD 5747	HIP 4674	15.01161	60.50996	171.11	m	7.198	1.032	G8II	1.127
HD 181807	HIP 95212	290.5484	-6.04532	171.12	m	8.121	1.955	F2 V	0.55
HD 132658	HIP 73397	224.99803	12.02395	171.13	m	8.991	2.824	F5	0.407
HD 94306	HIP 53283	163.46028	46.15573	171.13	m	8.85	2.683	F 6 V	0.553
HD 101302	HIP 56875	174.90207	18.99674	171.13	m	7.255	1.088	F 0 IIIN	0.463
HD 42067	HIP 29190	92.3643	19.23187	171.14	m	8.515	2.348	F2IV	0.478
HD 2569	HIP 2291	7.31613	-13.56005	171.16	m	8.923	2.756	F0 V	0.403
HD 117138	HIP 65692	202.02513	18.28974	171.16	m	8.559	2.392	F2	0.356
HD 206673	HIP 107180	325.64232	42.44072	171.16	m	7.484	1.317	A0	0.16
HD 185526	HIP 96579	294.5061	35.259	171.17	m	6.655	0.488	K0	1.082
HD 130384	HIP 72316	221.82864	23.77861	171.18	m	8.556	2.389	A2	0.237
HD 24165	HIP 18123	58.13784	40.36562	171.18	m	7.285	1.118	G5	1.246
HD 10169	HIP 7793	25.0715	39.58774	171.18	m	7.289	1.122	K0	1.101
HD 121638	HIP 68207	209.45256	-49.01902	171.18	m	7.122	0.955	G8/K0 III	1.253
HD 79154	HIP 45079	137.74051	-43.26748	171.18	m	7.034	0.867	A0 V	0.069
HD 28346	HIP 20798	66.85025	-20.37273	171.19	m	8.944	2.777	F2 V	0.368
HD 223055	HIP 117253	356.63279	-64.57364	171.19	m	8.73	2.563	F6 IV/V	0.548
HD 87102	HIP 49145	150.45361	-42.48545	171.2	m	7.191	1.024	K1 IIICNII	1.407
HD 29286	HIP 21506	69.28423	10.84184	171.2	m	7.559	1.391	A0	0.227
HD 139899	HIP 76862	235.43641	-31.84703	171.2	m	8.991	2.823	F3 V	0.444
HD 128066	HIP 71399	219.00634	-41.34329	171.21	m	8.925	2.757	F0 V	0.35
HD 148903	HIP 81112	248.49147	-52.21264	171.25	m	8.623	2.455	G8 IV	1.008
HD 70193	HIP 40752	124.7838	-38.17724	171.25	m	8.1	1.932	A2/3 IV	0.125
HD 207980	HIP 108002	328.20836	13.48883	171.25	m	7.474	1.306	K0	1.267
HD 95844	HIP 54127	166.1143	57.33481	171.26	m	8.476	2.308	G0	0.509
HD 19879	HIP 14368	46.3423	-75.69542	171.27	m	8.356	2.188	F3 V	0.484
HD 186968	HIP 97419	297.00153	-17.47997	171.28	m	7.802	1.633	F2/3 V	0.542
HD 134898	HIP 74724	229.06478	-67.48469	171.29	m	8.444	2.275	A3/5MF0-F5	0.48
HD 22401	HIP 16966	54.56492	47.57698	171.29	m	7.444	1.275	A0V	0.012
HD 41436	HIP 28760	91.08737	-19.00326	171.3	m	8.257	2.088	A6 V	0.245
HD 161258	HIP 86756	265.91144	22.61195	171.31	m	8.372	2.203	F5	0.476
HD 109338	HIP 61337	188.52327	-32.48897	171.32	m	8.079	1.91	G8 III/IV	1.016
HD 188812	HIP 98264	299.49992	-28.59282	171.32	m	8.897	2.728	F2 V	0.491
HD 16716	HIP 12403	39.92051	-36.88623	171.32	m	8.261	2.092	K0 III	1.242
HD 76262	HIP 43795	133.79417	2.62873	171.33	m	7.86	1.691	K0 III	1.05
HD 193146	HIP 100153	304.73548	-6.63865	171.34	m	7.585	1.416	K1 III	1.303
HD 669	HIP 905	2.78891	49.54665	171.34	m	8.24	2.071	A2	0.186
HD 115583	HIP 65021	199.93091	-67.36432	171.38	m	7.248	1.078	B9 V	-0.003
HD 21920	HIP 16383	52.75962	-26.62112	171.38	m	8.307	2.137	K0 IV	1.088
HD 60889	HIP 37131	114.44503	27.73906	171.4	m	8.076	1.906	A0	0.189
HD 218071	HIP 114010	346.34226	-16.89842	171.41	m	6.962	0.792	K0 III	1.075
HD 123409	HIP 68955	211.73262	28.43804	171.42	m	7.014	0.844	K0	1.162
HD 1791	HIP 1749	5.53613	-38.38486	171.43	m	8.425	2.255	A9 III	0.346
HD 84940	HIP 48118	147.14955	-0.81038	171.43	m	8.063	1.893	F7/8 V	0.613
HD 150677	HIP 81583	249.92681	54.39133	171.44	m	8.521	2.35	A2	0.208
HD 146539	HIP 79744	244.12425	10.26801	171.44	m	8.539	2.368	F5	0.543
HD 90111	HIP 50896	155.89585	-30.92593	171.45	m	7.911	1.74	A4 IV	0.227
HD 121484	HIP 68117	209.18891	-48.37584	171.45	m	8.725	2.554	F5 IV	0.539
HD 58299	HIP 36005	111.30805	8.74302	171.45	m	8.902	2.731	F8	0.448
HD 21091	HIP 16011	51.54523	48.38404	171.46	m	7.496	1.325	A0V	0.048
HD 220065	HIP 115284	350.23318	-18.54346	171.46	m	7.293	1.122	K0/1 III + (G)	1.278
HD 210682	HIP 109522	332.79018	43.52753	171.47	m	7.513	1.342	K2	1.393
HD 171615	HIP 91330	279.42108	-40.49016	171.47	m	8.989	2.818	G0 V	0.654
HD 220520	HIP 115622	351.33589	-70.9098	171.47	m	8.016	1.845	K1 III	1.174
HD 114114	HIP 64118	197.11631	-11.76277	171.48	m	7.463	1.292	K2 III	1.48
HD 95899	HIP 54080	165.99554	3.63868	171.48	m	7.916	1.745	Fm delta DEL	0.413
HD 40492	HIP 28337	89.81887	4.46585	171.49	m	8.096	1.925	G8 IV	1.215
HIP 83275		255.29277	64.6941	171.49	m	8.814	2.643	G5	0.848
HD 139622	HIP 76634	234.75433	3.46768	171.49	m	7.513	1.342	K4 III	1.793
HD 77710	HIP 44548	136.14934	10.85017	171.51	m	7.7	1.529	K2	1.556
HD 147735	HIP 80260	245.77387	13.83982	171.51	m	8.115	1.944	F2	0.375
HD 56980	HIP 35183	109.0664	-54.22623	171.52	m	7.661	1.489	A0 V	0.027
HD 186355	HIP 96878	295.39731	49.69536	171.53	m	8.04	1.868	G5	1.119
HD 13276	HIP 10043	32.32098	-19.57024	171.53	m	7.187	1.015	K2 III	1.389
HD 1594	HIP 1611	5.04396	-13.06146	171.53	m	6.954	0.782	G8 III	1.178
HD 26634	HIP 19614	63.04666	-13.63717	171.54	m	8.096	1.924	G8 III/IV	1.092
HD 200554	HIP 104125	316.42063	-44.94907	171.56	m	7.063	0.891	K1 III	1.281
HD 151553	HIP 83344	255.50381	-81.43475	171.57	m	8.986	2.814	K2 III	1.226
HD 66726	HIP 39385	120.77992	-41.12601	171.57	m	6.928	0.756	G8 III	1.107
HD 28096	HIP 20980	67.49383	62.70648	171.58	m	7.767	1.595	A3	0.198
HD 200190	HIP 103999	316.05974	-54.38709	171.58	m	8.666	2.494	G8 III	1.039
HD 224947	HIP 157	0.50042	-5.21392	171.59	m	8.612	2.44	G8 IV	1.026
HD 23521	HIP 16999	54.66505	-75.76265	171.6	m	7.805	1.632	K2 III/IVCNII	1.435
HD 165184	HIP 88677	271.54645	-32.6658	171.63	m	8.692	2.519	G6 IV/V	0.966
HD 198124	HIP 102653	312.0406	2.71547	171.64	m	7.055	0.882	K0 III	1.234
HD 204334	HIP 106056	322.22445	-37.40427	171.64	m	7.825	1.652	K2 III	1.379
HD 32304	HIP 23457	75.63115	7.42403	171.67	m	6.977	0.804	G5	1.105
HD 116817	HIP 65540	201.53613	-3.6611	171.68	m	7.178	1.004	K0 III	1.152
85 Aqr	HD 218173|HIP 114054	346.46888	-7.93671	171.7	m	6.692	0.518	B9 V	-0.003
HD 215029	HIP 112037	340.39085	42.41348	171.71	m	8.469	2.295	K2	1.293
HD 45175	HIP 30869	97.21063	52.44876	171.71	m	7.072	0.898	G5	1.15
HD 170782	HIP 90755	277.75605	5.75251	171.72	m	7.823	1.649	A2	0.158
HD 202015	HIP 104701	318.12968	28.34419	171.73	m	8.293	2.119	F8	0.553
HD 26012	HIP 20288	65.22563	81.97757	171.73	m	7.457	1.283	A0	0.062
HD 199398	HIP 103345	314.05644	22.58475	171.74	m	8.097	1.923	A2	0.227
HD 56789	HIP 35526	109.98248	33.61438	171.74	m	7.27	1.096	A2	0.122
HD 86716	HIP 48934	149.7537	-49.89544	171.75	m	8.222	2.048	K0 III	1.141
HD 22729	HIP 16946	54.51415	-32.74122	171.75	m	8.438	2.264	F0 V	0.402
HD 177414	HIP 93632	286.00803	16.46331	171.75	m	7.091	0.917	K2	1.529
HD 159009	HIP 85866	263.20299	-14.79191	171.76	m	8.073	1.898	A9/F0 III	0.466
HD 218965	HIP 114533	347.98065	32.66596	171.78	m	7.491	1.316	K0	1.123
HD 24395	HIP 18383	58.94321	56.91902	171.79	m	6.952	0.777	A7II	0.317
HD 165475	HR 6758|HIP 88627	271.43042	12.00385	171.79	m	7.089	0.914	A 7 P CR(EU SR)	0.286
HD 29283	HIP 21612	69.59539	39.44945	171.8	m	8.494	2.319	F5	0.632
HD 168623	HIP 89909	275.19146	-0.42928	171.81	m	8.416	2.241	A7 V	0.348
HD 124291	HIP 69350	212.90453	42.34072	171.82	m	6.977	0.802	K0	1.153
HD 186847	HIP 97350	296.7835	-8.15282	171.82	e	8.176	2.001	K0 III	1.389
HD 187272	HIP 97771	298.02506	-56.71977	171.82	m	7.347	1.172	K1 III	1.283
HD 153135	HIP 83045	254.53962	-14.37247	171.83	m	7.359	1.183	K2 III	1.856
HD 137000	HIP 75147	230.36214	52.34445	171.84	m	7.696	1.52	F2	0.412
HD 213892	HIP 111433	338.63163	4.22239	171.85	m	7.548	1.372	A0 V + A/F	0.019
HD 193116	HIP 99976	304.23942	41.82148	171.86	m	8.044	1.868	K2	1.314
HD 140726	HIP 76788	235.17808	68.43324	171.86	m	8.604	2.428	G5	0.71
HD 130710	HIP 72560	222.53235	-16.4064	171.87	m	8.742	2.566	F0 V	0.406
HD 39168	HIP 27666	87.86609	18.44422	171.88	m	7.084	0.908	G5	0.985
HD 49582	HIP 32755	102.4581	17.98924	171.89	m	7.675	1.499	F0	0.458
HD 143418	HIP 78226	239.60698	43.21371	171.89	m	7.425	1.249	A3	0.202
HD 86322	HIP 49163	150.49718	74.75909	171.89	m	7.01	0.834	K1III	1.217
HD 199480	HIP 103405	314.25575	17.09747	171.89	m	7.17	0.994	A2	0.167
HD 20174	HIP 15078	48.6027	-5.13876	171.9	m	8.786	2.61	F2/3 V	0.497
HD 46601	HIP 31275	98.39049	-20.13911	171.91	m	7.531	1.355	F2 III/IV	0.425
HD 135613	HIP 74639	228.75718	33.51281	171.91	m	8.231	2.055	F0	0.353
HD 14825	HIP 11291	36.35816	58.20259	171.91	m	7.978	1.801	A 3 III	0.155
HD 109223	HIP 61263	188.32933	-25.26747	171.91	m	8.911	2.734	G8 IV	0.953
HD 18271	HIP 13682	44.05855	4.04844	171.91	m	7.71	1.533	A0 V	0.042
HD 77588	HIP 44450	135.83802	-4.44157	171.91	m	7.48	1.303	A0 V	0.117
HD 25743	HIP 18738	60.20817	-64.42207	171.92	m	7.899	1.722	A9/F0 III	0.317
HD 164024	HIP 88449	270.88047	-63.04096	171.94	m	8.93	2.753	G0 V	0.657
HD 30189	HIP 22294	72.01756	50.71428	171.94	m	8.582	2.405	G5	1.311
HD 138472	HIP 76140	233.28156	-25.8009	171.97	m	7.465	1.288	K2 III	1.865
HD 142148	HIP 77870	238.52254	-32.06617	171.99	m	8.83	2.653	F8 V	0.68
HD 130855	HIP 72652	222.81409	-23.85938	171.99	m	7.621	1.443	K1 III	1.158
HD 126565	HIP 70167	215.341	75.06089	172.01	m	7.836	1.658	K0	1.255
HD 90364	HIP 51037	156.40039	-19.5997	172.02	m	7.132	0.954	A1 V	0.048
HD 206821	HIP 107083	325.33959	69.69282	172.02	m	7.895	1.717	A 1 V	0.08
HD 121246	HIP 67759	208.22097	53.75123	172.03	m	8.444	2.266	G5	1.007
HD 117079	HIP 65665	201.94069	12.70275	172.04	m	8.26	2.082	G0	0.644
HD 128197	HIP 71268	218.62806	38.01255	172.04	m	8.146	1.968	A M	0.227
HD 234743	HIP 92732	283.45215	50.08346	172.04	m	8.374	2.196	K2	1.334
HD 71713	HIP 41558	127.09923	-13.55502	172.04	m	7.966	1.788	F2 V	0.398
HD 1254	HIP 1353	4.22916	23.2562	172.05	m	7.07	0.892	K 0 III-IV	1.229
HD 138058	HIP 75795	232.26913	15.28427	172.05	m	8.236	2.058	A3	0.255
HD 206767	HIP 107359	326.17475	-16.52702	172.07	m	8.659	2.481	G8 IV	1.001
HD 74553	HIP 42842	130.94288	-26.64956	172.07	m	8.446	2.267	A4 V	0.224
HD 87425	HIP 49362	151.1495	-17.9393	172.08	m	7.635	1.456	A2 III	0.145
HD 111918	HIP 62781	192.9769	58.66343	172.09	m	8.215	2.036	A5	0.367
HD 145728	HIP 79269	242.6653	42.78392	172.09	m	7.686	1.507	F2	0.491
HD 80792	HIP 46082	140.95999	55.19356	172.1	m	7.716	1.537	K 0 III-IV	1.236
HD 142796	HIP 77975	238.85755	29.53709	172.1	m	7.683	1.504	A0	0.052
HD 59828	HIP 36663	113.14385	21.40775	172.11	m	6.914	0.735	G5	1.13
HD 26380	HIP 19519	62.72987	15.94667	172.11	m	7.191	1.012	A0	0.171
HD 19630	HIP 14664	47.36466	-3.23427	172.11	m	8.846	2.667	F0 V	0.379
HD 34109	HR 1714|HIP 27015	85.9537	85.66835	172.14	m	6.688	0.509	A 2 V	0.013
HD 207895	HIP 108035	328.31125	-36.89663	172.14	m	7.072	0.893	K0 III	1.231
HD 37145	HIP 26569	84.73651	49.41621	172.14	m	6.963	0.784	G5	1.129
HD 209661	HIP 109108	331.51748	-43.96622	172.14	m	7.061	0.882	K0 III	1.185
HD 220564	HIP 115563	351.12881	30.71223	172.17	m	7.228	1.048	F2	0.43
HD 102580	HIP 57599	177.12863	-9.37597	172.18	m	8.041	1.861	K2 III	1.398
HD 88536	HIP 49984	153.07192	-16.08643	172.19	m	7.659	1.479	A3 III	0.184
HD 181466	HIP 96314	293.749	-81.75295	172.19	m	6.733	0.553	K0 III	1.226
HIP 56001		172.1471	-42.67773	172.2	m	7.377	1.197	A3V	0.187
HD 11418	HIP 8826	28.37123	49.44484	172.22	m	7.186	1.006	G5	1.3
HD 13093	HIP 9925	31.94638	-15.34607	172.22	m	8.699	2.519	A9 V	0.347
HD 17219	HIP 13000	41.7854	42.17544	172.23	m	7.755	1.574	A0	0.06
HD 179279	HIP 94767	289.24218	-67.16674	172.24	m	7.002	0.821	G8/K0 III	1.116
HD 218165	HIP 114077	346.56878	-44.55951	172.26	m	8.825	2.644	G8 III/IV	1.044
HD 221036	HIP 115832	352.00233	63.014	172.27	m	8.283	2.102	G5	1.213
HD 175866	HIP 92920	283.97304	35.81056	172.27	m	6.799	0.618	K0	1.412
HD 224891	HIP 123	0.39989	72.23662	172.27	m	7.342	1.161	K0	1.353
HD 115353	HIP 64796	199.20661	-6.93477	172.28	m	8.36	2.179	F6 V	0.528
HD 127742	HIP 71146	218.26259	5.32326	172.3	m	6.958	0.777	G 5 III	1.054
HD 170648	HIP 90635	277.39779	26.05569	172.3	m	7.981	1.8	A2	0.285
HD 232123	HIP 894	2.74227	52.44274	172.32	m	8.943	2.761	F5	0.543
HD 21279	HIP 16137	51.98241	47.73593	172.32	m	7.251	1.069	B 8.5V	0.046
HD 26097	HIP 19077	61.33684	-51.37206	172.32	m	7.776	1.594	G8/K0 III	1.209
HD 196834	HIP 101943	309.87538	13.3409	172.32	m	7.64	1.458	K5	1.308
HD 89211	HIP 50367	154.2552	-29.6699	172.32	m	7.981	1.799	F2 V	0.473
HD 145353	HIP 79343	242.88968	-27.15085	172.34	m	6.964	0.782	B9 V	0.119
HD 112223	HIP 63046	193.77927	-13.45275	172.34	m	7.12	0.938	K1 III	1.409
HD 16610	HIP 12360	39.77777	-24.33873	172.35	m	8.266	2.084	F3 V	0.484
HD 89081	HIP 50002	153.11926	-76.0775	172.35	m	7.901	1.719	FM DELTA DEL	0.517
HD 173863	HIP 92462	282.65124	-53.96326	172.35	m	7.997	1.815	F2 IV	0.399
HD 161987	HIP 87488	268.13805	-60.8206	172.37	m	8.654	2.472	K1 III	1.315
HD 156571	HIP 84758	259.87673	-29.29383	172.37	m	8.831	2.649	G1 V	0.789
HD 99760	HIP 56063	172.35321	66.92585	172.38	m	7.576	1.394	F2	0.371
HD 70323	HIP 40868	125.09425	-25.82029	172.38	m	7.794	1.612	F3 III	0.488
HD 211264	HIP 109829	333.67983	49.35428	172.39	m	7.626	1.443	F8	0.616
HD 190045	HIP 98566	300.31787	43.44298	172.39	m	8.553	2.37	F0	0.345
HIP 13638		43.90492	13.17842	172.4	m	8.912	2.729	F8	0.58
HD 116800	HIP 65484	201.32186	40.46687	172.41	m	8.848	2.665	F8	0.44
HD 4914	HIP 4000	12.84244	14.24524	172.41	m	8.944	2.761	F5	0.413
HD 202429	HIP 105095	319.33861	-48.06906	172.42	m	8.492	2.309	F5 V	0.524
HD 99408	HIP 55812	171.55697	-22.68324	172.44	m	8.223	2.04	A1MA9-F2	0.361
HD 36453	HIP 26034	83.31473	32.28935	172.44	m	6.608	0.425	B9	-0.048
HD 17307	HIP 13105	42.12739	50.89737	172.45	m	8.02	1.837	B9	0.127
HD 124846	HIP 69469	213.33395	64.24582	172.46	m	8.319	2.136	F8	0.509
HD 206957	HIP 107484	326.55429	-24.81725	172.46	m	7.87	1.687	A7 III	0.317
HD 206419	HIP 107148	325.54871	-8.72849	172.46	m	8.855	2.672	F5 V	0.526
HD 85944	HIP 48395	147.99467	-69.78884	172.47	m	8.861	2.677	F6/7 V	0.642
HD 224949	HIP 158	0.50085	-37.90188	172.48	m	7.204	1.02	K0 III	1.161
HD 32015	HIP 23622	76.17484	64.13237	172.48	m	8.479	2.295	A3	0.31
HD 6796	HIP 5354	17.10698	-19.16706	172.49	m	8.713	2.529	K0 IV	1.164
HD 190338	HIP 98801	300.99746	17.12299	172.49	m	6.924	0.74	A2	0.131
HD 208326	HIP 108104	328.54703	52.33218	172.5	m	8.21	2.026	F2	0.457
HD 34436	HIP 24460	78.73024	-47.19623	172.5	m	8.576	2.392	F0 V	0.397
HD 134233	HIP 74230	227.54485	-41.00456	172.5	m	8.725	2.541	F5 V	0.546
HD 148882	HIP 80787	247.43788	35.2019	172.51	m	7.562	1.378	K0	1.267
HD 9045	HIP 6982	22.47135	42.62781	172.52	m	8.293	2.109	F2	0.489
HD 53714	HIP 34402	106.98836	40.78254	172.52	m	8.333	2.149	A2	0.208
HD 71292	HIP 41487	126.91268	27.56181	172.52	m	8.874	2.69	F2	0.252
HD 19057	HIP 14363	46.32935	41.12086	172.54	m	7.261	1.077	A0	0.076
HD 145854	HIP 79519	243.4074	-13.03506	172.55	m	8.119	1.934	A0 III	0.224
HD 111603	HIP 62634	192.52118	42.21797	172.55	m	8.539	2.354	F6IV	0.516
HD 59805	HIP 36618	112.95526	1.16517	172.61	m	7.221	1.036	K0 III	1.169
HD 31516	HIP 22924	73.99402	-14.87398	172.62	m	7.685	1.5	F2/3 III	0.423
HD 217795	HIP 113900	345.99704	-55.69783	172.62	m	7.744	1.559	A5 V	0.198
HD 123712	HIP 69140	212.29672	7.38494	172.64	m	7.299	1.113	K0	1.212
HD 219	HIP 597	1.80748	73.21029	172.64	m	7.91	1.724	F2	0.436
HD 75929	HIP 43327	132.41499	-63.18195	172.64	m	7.251	1.065	K0 III	1.259
HD 170671	HIP 90654	277.46424	22.0111	172.65	m	8.265	2.079	A0	0.237
HD 30862	HIP 22359	72.19771	-49.88564	172.66	m	8.31	2.124	F5 V	0.496
HD 138153	HIP 76170	233.36268	-61.27339	172.66	m	6.716	0.53	A2 V	0.161
HD 163234	HR 6678|HIP 87865	269.23293	-40.30564	172.68	m	6.613	0.427	K3 III	1.708
HD 188579	HIP 98135	299.16707	-23.06618	172.68	m	7.608	1.422	A3MA3/5-F2	0.349
HD 53078	HIP 34160	106.2468	30.36233	172.68	m	7.407	1.221	G5	1.044
HD 219974	HIP 115238	350.11941	-39.9922	172.68	m	8.282	2.096	A6 V	0.256
HD 135364	HIP 74433	228.18224	48.58077	172.69	m	7.283	1.097	K0	1.378
HD 199090	HIP 103315	313.97691	-31.50567	172.71	m	7.918	1.731	A0 V	0.082
HD 22733	HIP 17190	55.20905	39.11714	172.71	m	7.863	1.676	A3	0.24
HD 66299	HIP 39480	121.03493	33.0308	172.71	e	6.74	0.553	A0	0.073
HD 176938	HIP 93397	285.3305	29.51891	172.72	m	6.816	0.629	A0	0.046
HD 199035	HIP 103223	313.69305	-8.88332	172.74	m	7.145	0.958	G8 III/IV	1.302
HD 205741	HIP 106515	323.60751	66.72645	172.75	m	7.066	0.879	K1III	1.31
HD 16891	HR 798|HIP 12389	39.8822	-64.28172	172.75	m	6.521	0.334	B8/9 V	-0.07
HD 16342	HIP 12164	39.19629	-20.76917	172.76	m	8.406	2.219	A7/8 V + (G)	0.327
HD 84196	HIP 47696	145.8724	6.2077	172.77	m	8.964	2.777	F5	0.371
HD 22599	HIP 16564	53.30755	-69.87001	172.79	m	8.44	2.252	A5 V	0.247
HD 156933	HIP 84933	260.37567	-26.33777	172.79	m	8.619	2.431	F7 V	0.727
HD 20842	HIP 15814	50.92984	51.77037	172.8	m	7.877	1.689	A 0 V	0.118
HD 129974	HIP 72142	221.33979	10.599	172.81	m	7.025	0.837	G5	1.247
HD 660	HIP 863	2.65791	-63.63434	172.82	m	8.77	2.582	F7 IV	0.625
HD 182570	HIP 95414	291.13891	21.516	172.82	m	8.447	2.259	F2V	0.336
HD 203141	HIP 105348	320.07341	6.54316	172.83	m	8.771	2.583	A2	0.32
HD 74771	HIP 42901	131.14186	-37.96459	172.83	m	8.24	2.052	G8 IV/VCNIII	1.204
HD 115215	HIP 64605	198.62152	59.61963	172.84	m	8.372	2.184	F5	0.437
HD 194616	HR 7813|HIP 100779	306.50487	19.8655	172.84	m	6.558	0.37	K0III	1.192
HIP 39827		122.06038	-61.0777	172.85	m	8.453	2.265		0.575
HD 61500	HIP 37381	115.09978	19.35754	172.85	m	8.723	2.535	F5	0.495
HD 95855	HIP 54031	165.81955	-27.51798	172.86	m	7.725	1.537	A1/2 V + (G)	0.174
HD 45357	HR 2327|HIP 30692	96.74509	0.84104	172.87	m	6.682	0.493	A0 V	0.042
HD 129310	HIP 71753	220.15861	39.8924	172.87	m	8.727	2.538	G5	0.772
HD 42131	HIP 29149	92.23625	-2.03704	172.87	m	7.163	0.974	K0 III	1.143
HD 45698	HIP 30712	96.79721	-37.10206	172.88	m	8.17	1.981	AP SREU(CR)	0.208
HD 172996	HIP 92033	281.39118	-48.45952	172.9	m	7.314	1.125	K3/4 III	1.568
HD 10731	HIP 8056	25.86792	-56.23453	172.91	m	8.086	1.897	K0 III	1.255
HD 115668	HIP 65045	199.99397	-62.03119	172.92	m	8.406	2.217	F6/7 IV	0.573
HD 162671	HIP 87471	268.08047	-3.02436	172.93	m	8.736	2.547	F5/6 V	0.65
HD 90042	HIP 50911	155.94643	14.8224	172.93	m	8.674	2.485	G5	0.478
HD 83625	HIP 47272	144.51339	-54.2191	172.94	m	6.855	0.666	AP SI	-0.106
HD 160936	HIP 86660	265.59377	9.44955	172.94	m	7.396	1.206	A0	0.14
HD 225068	HIP 254	0.78478	42.74791	172.94	m	6.723	0.533	A2	0.056
HD 25648	HIP 18977	60.99454	-6.05183	172.94	m	7.861	1.671	A3/5(m)	0.347
HD 24561	HIP 18236	58.49918	-12.44931	172.96	m	7.456	1.266	K0 III	1.235
HD 88474	HIP 49732	152.28936	-70.36616	172.97	m	8.53	2.34	F7 IV	0.597
HD 10214	HIP 7774	25.01609	6.38607	172.97	m	8.978	2.788	G5	0.353
HD 85182	HIP 48225	147.48971	-12.79887	172.98	m	8.652	2.462	F3 V	0.509
HD 69242	HIP 40651	124.47385	43.4098	172.98	m	7.68	1.49	F0	0.346
HD 101015	HIP 56704	174.39486	27.4456	172.99	m	8.285	2.095	K0	1.471
HD 70953	HIP 40415	123.75721	-79.31868	172.99	m	7.018	0.828	A0 V	-0.009
HD 14094	HIP 10736	34.54726	48.14827	172.99	m	7.285	1.095	A3	0.242
HD 177897	HIP 94037	287.17833	-45.07617	173	m	7.872	1.682	K1 III	1.352
HD 21641	HIP 16430	52.88807	47.86242	173	m	6.758	0.568	B9V	-0.029
HD 224804	HIP 69	0.20141	30.39589	173.01	m	8.318	2.128	A0	0.148
HD 36401	HIP 25466	81.68746	-64.605	173.01	e	8.477	2.287	F7 V	0.596
HD 153120	HIP 83073	254.62727	-27.11237	173.03	m	8.668	2.477	F0 V	0.371
HD 194669	HIP 100724	306.31338	42.17949	173.03	m	7.863	1.672	F2	0.413
HD 54989	HIP 34696	107.79817	3.19162	173.04	m	6.822	0.631	K0 III	1.084
HD 68279	HIP 39825	122.05371	-61.07724	173.04	m	6.911	0.72	G8 III	1.059
HD 201269	HIP 104207	316.68216	48.18907	173.04	m	7.601	1.41	B9V	0.049
HD 92518	HIP 52203	159.99126	-52.28412	173.07	m	6.871	0.68	A0 V(N)	0.021
HD 88998	HIP 50526	154.8001	72.43713	173.08	m	7.111	0.92	K0	1.248
HD 80022	HIP 45719	139.80305	51.63338	173.08	m	8.449	2.258	F0	0.285
HD 8604	HIP 6563	21.08399	-38.91716	173.08	m	8.813	2.622	F3 V	0.462
HD 33755	HIP 24212	77.98872	-10.961	173.08	m	7.587	1.396	B9 V	0.003
HD 20203	HIP 15115	48.73205	4.30018	173.09	m	8.847	2.656	A1 IV/V	0.26
HD 111274	HIP 62466	192.01675	3.45532	173.1	m	8.057	1.866	F2 V	0.417
HD 136161	HIP 74972	229.81116	-2.16727	173.11	m	8.893	2.701	A2 V	0.323
HD 20734	HIP 15272	49.25269	-63.33052	173.12	m	7.717	1.525	K2 III	1.303
HD 10038	HIP 7552	24.32746	-40.17734	173.13	m	8.17	1.978	A2MA5-F0	0.3
HD 118702	HIP 66552	204.63897	1.47111	173.14	m	8.777	2.585	A8/9 V	0.302
HD 124883	HIP 69661	213.85992	27.73411	173.14	m	7.329	1.137	A 3 M F2	0.293
HD 119510	HIP 67066	206.16009	-47.21719	173.14	m	7.255	1.063	G6 III	1.125
HD 143735	HIP 78692	240.96002	-42.49314	173.16	m	8.338	2.146	F5 V	0.511
HD 427	HIP 706	2.19245	-34.79437	173.16	m	7.926	1.734	F3 V	0.49
HD 75948	HIP 43433	132.69621	-54.11293	173.17	m	8.146	1.954	A2 V	0.102
HD 101621	HIP 57034	175.40917	4.59054	173.18	m	8.049	1.857	F0	0.348
HD 149216	HIP 81098	248.46288	-14.46663	173.18	m	7.905	1.713	K0 III	1.455
HD 200370	HIP 103782	315.45853	39.26066	173.18	m	7.923	1.731	F0	0.418
HD 93463	HIP 52752	161.79198	-17.42394	173.18	m	8.956	2.763	F0 V	0.444
HD 77981	HIP 44192	135.0248	-74.3999	173.19	m	6.825	0.632	B9 V	-0.055
HD 9816	HIP 7482	24.08941	27.23329	173.2	m	8.263	2.07	A3	0.302
HD 66940	HIP 39421	120.87369	-49.49855	173.2	m	6.743	0.55	K0 III	1.203
HD 75175	HIP 43241	132.13687	2.56366	173.2	m	7.032	0.839	K0 III	1.269
HD 203107	HIP 105477	320.45643	-48.79661	173.21	m	8.371	2.178	F6 V	0.54
HD 20532	HIP 15262	49.21799	-35.71291	173.21	m	8.885	2.692	G5 V	0.74
HD 149174	HR 6160|HIP 81198	248.78227	-45.24436	173.21	m	6.589	0.396	K2/3 III	1.597
HD 71197	HIP 41280	126.32623	-22.14026	173.23	m	7.037	0.844	G8 III	1.12
HD 209520	HIP 108955	331.10682	-20.4121	173.23	m	8.237	2.044	F0 V	0.343
HD 163516	HIP 87919	269.39322	-25.08237	173.24	m	8.623	2.43	A6 IV	0.339
HD 60686	HR 2917|HIP 36787	113.49285	-39.9058	173.24	m	6.875	0.682	K2 III	1.33
HD 23542	HIP 17539	56.33403	-20.52401	173.24	m	7.464	1.271	A5/7MA3-A9	0.213
HD 114133	HIP 64162	197.25331	-33.50155	173.27	m	7.285	1.091	K0/1 III	1.248
HD 40602	HIP 28432	90.06482	8.95617	173.28	m	7.979	1.785	AM	0.437
HD 128299	HIP 71477	219.26442	-33.17963	173.28	m	8.234	2.04	F2 V	0.444
HD 109299	HIP 61333	188.5097	-57.53127	173.29	m	8.678	2.484	F7 V	0.61
HD 114325	HIP 64220	197.42792	20.13397	173.3	m	8.333	2.139	A3	0.278
HD 158855	HIP 85766	262.87845	1.6723	173.3	m	7.33	1.136	K1 III	1.587
HD 49472	HIP 32798	102.55885	36.40192	173.31	e	7.921	1.727	A2	0.249
HD 145810	HIP 79534	243.45061	-24.25551	173.31	m	8.385	2.191	A1/2 IV	0.354
HD 166298	HIP 89150	272.92557	-40.2109	173.31	m	7.961	1.767	K1 III	1.309
HD 109773	HIP 61607	189.38021	-28.41659	173.32	m	8.508	2.314	F0 V	0.421
HD 191117	HIP 99364	302.52448	-43.89424	173.33	m	7.033	0.839	K0 III	1.186
HD 204957	HIP 106354	323.10575	-15.70918	173.33	m	8.917	2.723	A9 V	0.368
HD 221051	HR 8920|HIP 115907	352.25344	-44.49807	173.33	m	6.566	0.372	K2 III	1.409
HD 157415	HIP 85060	260.75886	0.84051	173.34	m	7.886	1.692	K0 III	1.451
HD 47831	HIP 31229	98.2583	-73.75127	173.34	m	7.969	1.775	A6 V	0.265
HD 198858	HIP 102951	312.87792	47.70768	173.34	m	7.482	1.287	K1III	1.304
HD 191068	HIP 99228	302.14887	-14.25398	173.35	m	7.632	1.437	K0 III	1.374
HD 19893	HIP 15040	48.45973	49.56888	173.36	m	7.158	0.963	B 9 V	0.037
HD 101233	HIP 56813	174.69599	-40.30312	173.36	m	7.049	0.854	G8 III/IV	1.129
HD 154638	HIP 83756	256.77051	-9.79163	173.36	m	8.405	2.21	A3 II/III	0.505
HD 139409	HIP 76605	234.67246	-17.66485	173.37	m	7.253	1.058	G8 II/III	1.244
HD 223154	HIP 117294	356.74521	27.18704	173.38	m	8.592	2.397	G5	1.044
HD 15005	HIP 11260	36.23453	-3.89282	173.39	m	7.003	0.808	K0 III	1.192
HIP 15588		50.19369	18.73732	173.39	m	8.732	2.537	K0	1.277
HD 76171	HIP 43862	134.03009	43.67775	173.41	m	8.403	2.208	G0	1.004
HD 22136	HIP 16782	53.9937	47.09103	173.42	m	6.868	0.673	B8V	-0.031
HD 33177	HIP 23905	77.03584	-9.10659	173.42	m	8.652	2.456	A3 III	0.247
HD 80060	HIP 45340	138.59473	-65.05395	173.43	m	7.146	0.95	K0 III	1.273
HD 118239	HIP 66356	204.02343	-34.37402	173.43	m	8.968	2.772	F3 V	0.485
HD 117477	HIP 65868	202.50551	33.2812	173.43	m	8.9	2.704	F8	0.52
HD 10958	HIP 8318	26.81579	-17.48353	173.44	m	7.387	1.191	A3 V	0.193
HD 30480	HIP 22542	72.77693	54.4084	173.44	m	8.822	2.626	F5	0.495
HD 63025	HIP 37940	116.64249	-6.34007	173.44	m	8.022	1.826	A2/3mA7-F0	0.363
HD 168382	HIP 89588	274.22541	49.09456	173.44	m	7.422	1.226	K2	1.32
HD 27703	HIP 20289	65.22586	-34.73248	173.44	m	7.947	1.751	A9 V	0.326
HD 115752	HIP 64943	199.68859	32.16988	173.46	m	8.187	1.991	F0	0.303
HD 121091	HIP 67915	208.65173	-49.30962	173.47	m	8.412	2.216	F3 V	0.483
HD 155151	HIP 84327	258.5933	-64.63098	173.47	m	7.592	1.396	K1 III	1.296
HD 172104	HIP 91403	279.6124	-3.6426	173.48	m	8.904	2.708	F5 V	0.533
HD 74562	HIP 42610	130.2647	-64.33483	173.49	m	7.737	1.541	A0 V	0.042
HD 220539	HIP 115549	351.07935	23.75991	173.5	m	7.074	0.878	K 0 III	1.175
HD 200677	HIP 104260	316.83201	-57.77397	173.5	m	8.908	2.712	F2 V	0.386
HD 29397	HIP 21471	69.166	-26.42928	173.51	m	8.684	2.487	F5 V	0.518
HD 98022	HIP 55019	168.97367	-47.92086	173.51	m	6.54	0.343	A0 V	-0.032
HD 224250	HIP 118015	359.0816	10.01222	173.52	m	7.385	1.188	A2	0.222
HD 88020	HIP 49763	152.37616	27.0544	173.54	m	8.22	2.023	F0	0.417
HD 2153	HIP 2033	6.45492	38.8629	173.55	m	8.724	2.527	F0	0.354
HD 176281	HIP 92568	282.94517	74.4605	173.55	m	8.274	2.077	F2	0.407
HD 151904	HIP 82479	252.85371	-28.02195	173.57	m	8.423	2.226	F0 V	0.405
HD 102962	HIP 57798	177.77157	-27.08023	173.57	m	7.292	1.095	K2 III	1.407
HD 170527	HIP 90274	276.29215	64.83842	173.57	m	6.967	0.77	K0	1.161
HD 75584	HIP 43321	132.39443	-36.9624	173.57	m	7.71	1.513	F0 V	0.308
HD 30469	HIP 22327	72.13876	12.92541	173.57	m	7.806	1.609	G5	1.076
HD 157686	HIP 85177	261.10555	6.51978	173.58	m	8.011	1.814	G5	1.291
HD 6170	HIP 4802	15.41278	-62.16232	173.58	m	8.543	2.346	F3/5 IV/V	0.489
HD 19240	HIP 14189	45.73549	-59.99963	173.61	e	8.274	2.076	F2/3 IV	0.412
HD 78705	HIP 44850	137.07085	-41.42609	173.62	m	7.238	1.04	K0 III	1.367
HD 2514	HIP 2228	7.06019	-65.91221	173.62	m	8.426	2.228	A3MA7-F0	0.386
HD 132322	HIP 73520	225.39962	-63.92698	173.63	m	7.399	1.201	AP SRCREU	0.271
HD 3815	HIP 3120	9.92142	-71.10362	173.64	m	8.815	2.617	K2/3 III	1.442
HD 207443	HIP 107785	327.53197	-43.43094	173.64	m	8.085	1.887	A8/9 IV	0.249
HD 183472	HIP 95632	291.77514	52.79952	173.65	m	8.661	2.463	F0	0.256
HD 162130	HIP 86630	265.51596	73.46169	173.65	m	7.768	1.57	A0	0.072
HD 41434	HIP 28809	91.23431	-5.3431	173.66	m	7.975	1.777	B9 V	0.067
HD 135076	HIP 74378	227.9894	38.67194	173.66	m	8.743	2.545	A2	0.302
HD 5275	HIP 4232	13.49632	-48.79136	173.66	m	6.926	0.728	G8 III	1.118
HD 172199	HIP 91011	278.48406	66.35689	173.66	m	7.405	1.206	A0	0.072
HD 170496	HIP 90721	277.63815	-20.28753	173.66	m	8.164	1.965	K0 III/IV	1.394
HD 92696	HIP 52392	160.63215	18.21992	173.67	m	7.247	1.048	K0	1.346
HD 215935	HIP 112671	342.25435	-24.92303	173.68	m	8.18	1.981	A9/F0 III/IV	0.351
HD 211047	HIP 109706	333.32718	49.37454	173.7	m	7.472	1.273	K2	1.518
HD 124087	HIP 69356	212.94106	-19.01757	173.7	m	7.891	1.692	K0 III	1.266
HD 74155	HIP 42770	130.72578	16.44986	173.71	m	7.816	1.617	A0	0.109
HD 31007	HIP 22464	72.52166	-46.17857	173.72	m	8.778	2.579	K2 III	1.292
HD 25041	HIP 18588	59.66714	-3.66515	173.73	m	7.193	0.994	K0 III	1.25
HD 221958	HIP 116499	354.11348	26.26754	173.74	m	8.463	2.263	A2	0.244
HD 122768	HIP 68665	210.84161	22.49575	173.75	m	6.898	0.698	F0	0.346
HD 63410	HIP 38221	117.44878	26.26383	173.75	m	6.933	0.733	G8III	1.104
HD 209870	HIP 109015	331.28085	51.70029	173.76	m	7.32	1.12	A2	0.161
HD 33692	HIP 24227	78.0235	0.60465	173.76	m	8.247	2.047	Fm delta DEL	0.41
HD 88759	HIP 50286	154.01294	60.15062	173.77	m	6.809	0.609	F2	0.443
HD 36229	HIP 25960	83.07688	42.41579	173.78	m	8.262	2.062	F0	0.325
HD 146013	HIP 79567	243.52705	-4.15848	173.78	m	7.415	1.215	A1 V	0.152
HD 165603	HIP 88912	272.24364	-45.11899	173.78	m	8.691	2.491	F7 V	0.563
HD 110362	HIP 61850	190.13881	67.83327	173.78	m	8.273	2.073	A3	0.365
HD 21848	HIP 16421	52.85583	2.6623	173.78	m	8.91	2.71	F2 V	0.431
HD 207822	HIP 107992	328.18095	-36.00008	173.78	m	8.009	1.809	F0 IV	0.394
HD 102777	HIP 57720	177.55876	54.2526	173.79	m	6.858	0.658	K0	1.265
HD 152029	HIP 82278	252.17958	47.79837	173.79	m	8.428	2.228	A5	0.274
HD 187417	HIP 97731	297.91529	-43.45612	173.81	m	8.778	2.578	F5/6 V	0.587
HD 207002	HIP 107419	326.36395	24.53703	173.81	m	8.542	2.342	F8	0.473
HD 91173	HIP 51501	157.77071	-24.17985	173.81	m	7.816	1.616	FM DELTA DEL	0.421
HD 214670	HIP 111881	339.94069	1.03887	173.82	m	8.558	2.358	A2 II	0.412
HIP 26603		84.8198	-25.50689	173.83	m	8.963	2.762	F2	0.404
HD 46666	HIP 31189	98.15802	-42.2565	173.83	m	7.783	1.582	K0/1 III	1.166
HD 131070	HIP 72717	223.00845	-17.51005	173.84	m	8.757	2.556	K0/1 III	1.322
HD 165807	HIP 88843	272.03601	-7.1199	173.85	m	7.655	1.454	K1 III	1.424
HD 83330	HIP 47194	144.2791	-21.40033	173.85	m	8.139	1.938	A1 V	0.128
HD 173905	HIP 92970	284.10786	-75.84825	173.88	m	8.48	2.279	F3 IV/V	0.471
HD 217240	HIP 113612	345.16298	-65.6646	173.89	m	8.741	2.54	F0 V	0.358
HD 117498	HIP 65911	202.663	9.3168	173.89	m	7.048	0.847	K0	1.278
HD 44483	HIP 30231	95.40572	-11.06988	173.91	m	8.9	2.698	Fm delta DEL	0.336
HD 135855	HIP 74559	228.51008	63.40217	173.92	m	8.791	2.589	A3	0.295
HD 224482	HIP 118181	359.59297	-20.31874	173.92	m	8.881	2.679	F3 V	0.435
HD 18408	HIP 13541	43.59618	-63.00584	173.92	m	8.618	2.416	F3 V	0.486
HD 154531	HIP 83627	256.36836	12.49239	173.93	m	8.445	2.243	A2	0.281
HD 17699	HIP 13233	42.58941	-4.98642	173.94	m	7.202	1	A1 V	0.099
HD 191560	HIP 99723	303.52738	-62.48946	173.95	m	7.247	1.045	K0 III	1.31
HD 127250	HIP 70961	217.71642	-20.71826	173.95	m	7.184	0.982	K0 III	1.174
HD 91590	HIP 51688	158.38503	-46.97591	173.97	m	7.086	0.884	AP SI	-0.097
HD 120446	HIP 67265	206.79929	66.34997	173.97	m	8.572	2.37	G0	1.18
HD 196133	HIP 101452	308.41518	45.17557	173.99	m	6.701	0.498	A0P	0.047
HD 50498	HIP 32976	103.04018	-30.42692	173.99	m	8.012	1.809	F0 V	0.36
HD 154443	HIP 83619	256.3477	3.43861	174	m	7.344	1.141	A7 III	0.368
HD 83747	HIP 47560	145.45487	43.63723	174	m	7.175	0.972	K 0 III	1.296
HD 93353	HIP 52698	161.61927	-19.76059	174	m	7.295	1.092	K1 III	1.404
HD 35325	HIP 25456	81.66622	50.27885	174.01	m	8.818	2.615	A5	0.35
HD 190625	HIP 98712	300.74199	57.0846	174.01	m	7.761	1.558	A0	0.058
70 Cnc	HD 77557|HR 3601|HIP 44512	136.04111	27.89831	174.01	m	6.667	0.464	A0V	0.028
HD 16906	HIP 12996	41.77997	71.72266	174.01	m	8.307	2.104	F0	0.378
HD 80492	HIP 45875	140.31448	39.66648	174.03	m	6.75	0.547	K0	1.083
HD 201860	HIP 104617	317.88834	26.33362	174.03	m	8.723	2.52	G0V	0.719
HD 223042	HIP 117347	356.90632	-83.86182	174.04	m	7.927	1.724	G8/K0 III/IV	1.091
HD 138366	HIP 75078	230.13354	81.04319	174.05	m	7.425	1.222	G5	1.19
HD 168786	HIP 90125	275.87494	-42.32304	174.06	m	7.189	0.986	G8 III	1.201
HD 86168	HIP 48810	149.33448	24.79505	174.06	m	8.531	2.327	K1III	1.195
HD 210822	HIP 109653	333.19869	15.00882	174.07	m	8.199	1.995	A 3 V	0.206
HD 64052	HR 3061|HIP 38406	118.02996	3.27734	174.08	m	6.528	0.324	M4/5 III	1.76
HD 171920	HIP 91349	279.48076	-13.47296	174.08	m	7.447	1.243	G1/2 V	0.895
HD 187835	HIP 98031	298.80819	-59.19566	174.08	m	8.323	2.119	M8 III	1.215
HD 155305	HIP 83765	256.7929	58.26879	174.09	m	7.351	1.147	K0	1.308
HD 171548	HIP 91534	280.01307	-64.72574	174.09	m	7.618	1.414	A3/4 IV/V	0.196
HD 101241	HIP 56840	174.79285	17.83828	174.09	m	8.075	1.871	F5	0.54
HD 32884	HIP 23745	76.55455	-3.48495	174.1	m	7.644	1.44	B9.5 V	0.021
HD 160509	HIP 86457	264.98306	7.80111	174.1	m	7.223	1.019	K0	1.275
HD 115812	HIP 65030	199.94795	-9.10557	174.1	m	8.677	2.473	G8 IV	1.079
HD 2453	HIP 2243	7.11904	32.43775	174.1	m	6.885	0.681	A2P	0.122
HD 15520	HIP 11488	37.04486	-50.30272	174.12	m	7.093	0.889	K1 III	1.332
HD 87482	HIP 49532	151.71005	55.65761	174.12	m	8.07	1.866	F2	0.431
HD 217241	HIP 113487	344.74569	34.06685	174.12	m	7.564	1.36	A0	0.231
HD 49790	HIP 32685	102.27787	-26.06347	174.14	m	7.379	1.175	K2 III	1.476
HD 161540	HIP 86912	266.38302	13.01954	174.14	m	7.265	1.061	K0	1.231
HD 98969	HIP 55613	170.90525	38.6937	174.14	m	8.882	2.678	F8	0.413
HD 188258	HIP 97867	298.31648	28.0996	174.14	m	7.101	0.897	K2III	1.259
HD 142884	HIP 78183	239.45334	-23.5273	174.15	m	6.768	0.563	B8/9 III	-0.013
HD 224490	HR 9066|HIP 118188	359.60331	51.38876	174.15	m	8.315	2.11	M6:e...	1.032
HD 58206	HIP 36066	111.48207	32.8611	174.16	m	7.554	1.349	B9	0.128
HD 57537	HIP 35730	110.56266	13.9867	174.16	m	8.226	2.021	A 3 III	0.172
HD 28832	HIP 21291	68.52022	34.80029	174.17	m	8.495	2.29	A0	0.28
HD 178459	HIP 94072	287.25852	-7.01733	174.18	m	7.758	1.553	K0 III	1.152
HD 1583	HIP 1619	5.06026	24.66589	174.19	m	7.71	1.505	K 1 III	1.306
HD 102130	HIP 57353	176.38398	45.60363	174.2	m	8.863	2.658	F0	0.417
HD 93486	HIP 52381	160.60044	-82.03727	174.2	m	8.139	1.934	F3/5 V	0.483
HD 63263	HIP 38039	116.94947	-3.52965	174.22	e	7.939	1.734	A2 IV/V	0.173
HD 120891	HIP 67916	208.65625	-66.90114	174.22	e	7.828	1.623	B9 V	0.079
HD 98228	HIP 55312	169.91124	76.16556	174.22	m	8.384	2.179	F0	0.446
12 UMi	HD 136727|HIP 74806	229.32011	71.21117	174.23	m	7.311	1.105	F8	0.426
HIP 109645		333.17382	35.02042	174.23	m	8.898	2.692	F5	0.486
HD 221473	HIP 116204	353.16926	-45.12144	174.23	m	6.917	0.711	A1 V	0.117
HD 178710	HIP 94353	288.07081	-51.8122	174.24	m	8.357	2.151	F6 IV	0.644
HD 125043	HIP 69798	214.27302	-5.73931	174.25	m	7.459	1.253	K0 III	1.228
HD 113388	HIP 63740	195.9474	-40.8512	174.27	m	7.043	0.837	K0 III	1.252
3 Lib	HD 128756|HIP 71652	219.84171	-25.02862	174.27	m	7.32	1.114	K0 III	1.278
HD 225202	HIP 346	1.08806	-53.90944	174.28	m	8.922	2.716	K1 III	1.193
HD 11588	HIP 9147	29.47089	75.33607	174.28	m	6.723	0.517	G5	1.126
HD 217629	HIP 113754	345.55311	-25.09325	174.28	m	8.936	2.73	F6 V	0.494
HD 197787	HIP 102541	311.69754	-29.35415	174.28	m	8.848	2.642	K1 IV/V	1.082
HD 18682	HIP 14003	45.07267	0.97039	174.28	m	7.898	1.692	K0 III	1.232
HD 176298	HIP 94255	287.79153	-79.49007	174.29	m	8.22	2.014	K0 III	1.133
HD 118536	HR 5126|HIP 66385	204.16624	49.48665	174.29	m	6.605	0.399	K1III	1.401
HD 43941	HIP 29816	94.18752	-43.64396	174.29	m	7.338	1.132	A0 V	-0.003
HD 183303	HIP 95757	292.14964	8.86359	174.29	m	7.493	1.287	F0III	0.421
HD 149533	HIP 81368	249.26102	-38.67622	174.3	m	7.351	1.145	B9 V	0.011
HD 155838	HIP 84072	257.82357	51.75435	174.3	m	7.137	0.931	A0	0.129
HD 31608	HIP 23132	74.66365	34.3923	174.3	m	8.017	1.81	F0	0.449
HD 63124	HIP 38190	117.37614	48.108	174.3	m	8.265	2.058	F0	0.322
HD 63138	HIP 38101	117.12005	28.76424	174.31	m	6.966	0.759	K0III	1.163
HD 122419	HIP 68784	211.18937	-69.87208	174.31	m	7.656	1.449	F2 IB/II	0.458
HD 98645	HIP 55426	170.25618	-3.99646	174.32	m	8.832	2.625	A9 V	0.317
HD 201553	HIP 104575	317.75782	-24.82772	174.32	m	8.127	1.92	K0 III	1.093
HD 141127	HIP 77314	236.76736	11.52806	174.33	m	7.716	1.509	A2	0.206
HD 27789	HIP 20508	65.92298	13.82869	174.33	m	7.705	1.498	G5	1.273
HD 214946	HIP 112000	340.29038	45.00869	174.34	m	7.202	0.995	A5	0.351
HD 213742	HIP 111587	339.09128	-72.71295	174.34	m	6.843	0.636	K1 III	1.359
HD 56295	HIP 35280	109.32803	20.74459	174.34	m	7.869	1.662	G5	1.242
HD 6619	HR 323|HIP 5193	16.61074	-35.66066	174.35	m	6.627	0.42	A1 V	0.164
HD 23143	HIP 17353	55.71526	4.12241	174.36	m	8.467	2.26	A9/F0 IV/V	0.47
HD 84042	HIP 47530	145.35345	-33.39632	174.36	m	6.902	0.695	A0/1 V	0.033
HD 81003	HIP 48163	147.25837	86.85195	174.36	m	8.316	2.109	F2	0.333
HD 165965	HIP 88878	272.16353	-2.90743	174.36	m	6.875	0.668	G8/K0 III	1.158
HD 142613	HIP 77877	238.55137	32.34268	174.37	m	8.338	2.131	A3	0.211
HD 223362	HIP 117448	357.21185	31.72794	174.38	m	8.047	1.84	A2	0.095
HD 5481	HIP 4435	14.18721	17.72603	174.39	m	8.418	2.21	A5	0.313
HD 145004	HIP 79121	242.25609	-8.21883	174.39	m	7.698	1.49	K0 III	1.381
HD 5017	HIP 4115	13.18878	45.44131	174.41	m	8.785	2.577	A5	0.42
HD 129971	HIP 72021	220.96768	50.6153	174.41	m	8.721	2.513	F8	0.533
HD 95242	HIP 53766	165.01063	22.02605	174.41	m	7.411	1.203	K0	1.283
HD 39967	HIP 28246	89.5342	42.84891	174.41	m	8.639	2.431	F6IV	0.485
HD 218417	HIP 114185	346.85825	43.39101	174.41	m	8.293	2.085	A0	0.209
HD 205968	HIP 106854	324.63147	17.99994	174.41	m	8.99	2.782	F8	1.081
HD 160214	HIP 86166	264.12295	45.72054	174.42	m	8.672	2.464	F8	0.469
HD 1806	HIP 1761	5.58033	-44.64905	174.43	m	8.941	2.733	F8 V	0.672
HD 24328	HIP 18052	57.87983	-21.28111	174.44	m	6.703	0.495	K0 IIICNIB/II	1.228
HR 3686	HIP 45661	139.6082	35.36426	174.45	m	6.633	0.425	A 8 V	0.258
HD 216400	HIP 112950	343.13698	3.55223	174.45	m	6.664	0.456	A2/3 IV	0.163
HD 19805	HIP 14980	48.27191	49.00941	174.45	m	7.973	1.765	B 9.5V	0.135
HD 28510	HIP 20870	67.09187	-31.45608	174.46	m	8.384	2.176	F6 V	0.536
HD 22096	HIP 16554	53.31471	-10.06002	174.46	m	8.61	2.401	A5mA7-F0	0.321
HD 84210	HIP 47687	145.85148	-6.83427	174.47	m	8.151	1.942	F0 V	0.306
HD 215445	HIP 112303	341.21026	24.37852	174.47	m	7.358	1.149	G 9 III-IV	1.063
HD 151109	HIP 82154	251.757	-39.53387	174.48	m	6.913	0.704	B9 IV/V	-0.052
HD 4510	HIP 3614	11.57002	-62.67578	174.49	m	7.739	1.53	A9 IV/V	0.286
HD 193441	HIP 101241	307.82135	-80.54411	174.49	m	7.592	1.383	F2 II/III	0.384
HD 18227	HIP 13554	43.65323	-30.89081	174.49	m	6.965	0.756	K0 III	1.132
HD 51127	HIP 33422	104.2552	24.95775	174.5	m	7.948	1.739	A0	0.17
HD 10245	HIP 7803	25.09815	7.08658	174.5	m	8.332	2.123	K0	1.16
HD 194942	HIP 100997	307.15395	-11.08826	174.51	m	8.575	2.366	K1 IV	0.196
HD 37617	HIP 26774	85.31289	33.91892	174.51	m	7.039	0.83	K0	1.264
HD 6475	HIP 5232	16.72504	59.85861	174.52	e	6.86	0.651	A2V	0.035
HD 38100	HIP 26896	85.64476	-17.01784	174.52	m	8.074	1.865	A5/7 IV	0.243
HD 83289	HIP 47233	144.41168	15.4585	174.52	e	8.702	2.493	F8	0.472
HD 218210	HIP 114079	346.57175	-9.60614	174.52	m	7.253	1.044	K0 III	1.253
HD 2020	HIP 1946	6.15148	16.97981	174.53	m	8.521	2.312	A3	0.162
HD 33023	HIP 23819	76.79949	-3.49637	174.53	m	8.303	2.094	A2/3 V	0.149
HD 189690	HIP 98460	300.06476	29.92063	174.54	m	7.465	1.256	A0V	0.027
HD 204447	HIP 106055	322.22057	-8.99081	174.54	m	7.286	1.077	K0 III	1.32
HD 63954	HIP 38060	117.01039	-59.90517	174.54	m	8.694	2.485	F7 V	0.59
HD 131196	HIP 72769	223.13235	-15.38768	174.56	m	7.76	1.55	F2/3 V	0.448
HD 220872	HIP 115766	351.80867	19.21419	174.57	m	8.48	2.27	F8	0.453
HD 21238	HIP 16118	51.91238	49.59992	174.57	m	6.925	0.715	B 9 V	-0.031
HD 78633	HR 3633|HIP 45306	138.5133	71.65583	174.57	m	6.627	0.417	G8III-IV	1.108
HD 100670	HIP 56504	173.75678	-30.03189	174.58	m	7.332	1.122	K1 III	1.258
HD 87293	HIP 49240	150.77265	-39.42349	174.58	m	7.477	1.267	K3 III	1.551
HD 218803	HIP 114406	347.53952	57.44838	174.58	m	7.218	1.008	K2III:+F	1.215
HD 200541	HIP 104155	316.52591	-52.91412	174.58	m	8.458	2.248	F3 V	0.525
HD 197355	HIP 102310	310.94886	-21.23344	174.59	m	8.494	2.284	A8/9 IV	0.367
HD 45317	HIP 30670	96.6808	0.45423	174.59	m	6.992	0.782	K0 III	1.244
HD 223256	HIP 117389	357.02886	-50.89095	174.59	m	7.018	0.808	G8 III	1.1
HD 46199	HIP 31155	98.07298	8.81797	174.6	m	6.999	0.789	A3	0.348
HD 42041	HIP 29086	92.03401	-10.57045	174.61	m	7.884	1.674	A1 V	0.126
HD 14621	HIP 11109	35.74148	43.42935	174.62	m	8.494	2.283	A0	0.216
HD 9401	HIP 7150	23.0408	-17.53207	174.62	m	8.521	2.31	F0 V	0.361
HD 26039	HIP 19281	61.97778	16.53061	174.63	m	7.615	1.404	B9M	0.107
HD 98247	HIP 55218	169.61968	42.31636	174.64	m	7.032	0.821	G5	1.173
HD 33414	HIP 24164	77.83636	28.99157	174.65	m	8.071	1.86	A0	0.125
HD 37514	HIP 26827	85.44209	48.46556	174.66	m	7.859	1.648	A2	0.207
HD 85045	HIP 48085	147.04965	-41.42713	174.66	m	8.529	2.318	A7 V	0.328
HD 99407	HIP 55813	171.5637	-21.4005	174.66	m	8.17	1.959	F3 IV/V	0.432
HD 7633	HIP 5844	18.7523	-60.11526	174.67	m	8.642	2.431	A8 III	0.3
HD 25245	HIP 18554	59.56347	-49.61	174.67	m	7.05	0.839	K0 III	1.254
HD 70518	HIP 41124	125.86828	30.17606	174.68	m	8.662	2.451	A2	0.232
HD 120969	HIP 67763	208.22403	-10.6826	174.69	m	7.793	1.582	K0 III/IV	1.22
HD 118703	HIP 66551	204.63008	1.25494	174.7	m	8.11	1.899	F0/2 V	0.422
HD 136853	HIP 75372	231.02798	-36.01702	174.7	m	8.794	2.583	G6 V	1.02
HD 192635	HIP 99285	302.31362	74.42564	174.71	m	8.951	2.739	F4IV	0.406
HD 152086	HIP 82343	252.37854	40.45916	174.71	m	8.997	2.785	F5	0.361
HD 46854	HIP 31382	98.6909	-20.55744	174.72	m	7.018	0.806	A1 V	0.134
HD 145181	HIP 78908	241.6127	57.5937	174.72	m	8.443	2.231	F2	0.485
HD 104593	HIP 58726	180.68817	-10.64927	174.73	m	8.563	2.351	F2 V	0.505
HD 23233	HIP 17426	56.00032	14.62045	174.73	m	8.674	2.462	F8	0.593
HD 89659	HIP 50599	155.04982	-31.58293	174.73	m	7.437	1.225	K0 III	1.128
HD 108693	HIP 60920	187.28222	31.39041	174.74	m	8.068	1.856	G0	0.676
HD 156430	HIP 84540	259.24474	15.82076	174.74	m	7.532	1.32	K0	1.226
HD 219226	HIP 114737	348.63435	-28.45869	174.74	m	8.162	1.95	G8 III/IV	1.034
HD 14918	HIP 11265	36.25786	25.48693	174.75	m	7.921	1.709	G5III	0.957
HD 149764	HIP 81477	249.62893	-39.15233	174.75	m	6.946	0.734	AP SI	-0.031
HD 20510	HIP 15531	50.0261	50.96876	174.75	m	7.072	0.86	B 9 V	0.031
HD 51831	HIP 33986	105.77757	62.67365	174.75	m	8.618	2.406	F2	0.443
HD 205933	HIP 106968	324.96693	-43.132	174.76	m	6.859	0.647	K1 III	1.174
HD 28538	HIP 20844	67.00841	-42.75388	174.76	m	8.486	2.274	A0MF0-F2	0.432
HD 31476	HIP 22990	74.19794	16.73429	174.76	m	7.436	1.224	K0	1.411
HD 75320	HIP 43291	132.27592	-7.00906	174.76	m	8.271	2.059	F0/2 V	0.427
HD 53220	HIP 33930	105.61721	-38.05905	174.8	m	7.978	1.765	F2/3 V	0.372
HD 13223	HIP 10162	32.66793	51.05441	174.8	m	7.45	1.237	A0	0.002
HD 8315	HIP 6336	20.35259	-50.93694	174.8	m	6.725	0.512	K0 III	1.274
HD 201286	HIP 104423	317.30048	-23.62684	174.8	m	7.214	1.001	K0 III	1.288
HD 27572	HIP 20322	65.30469	0.86376	174.81	m	7.904	1.691	F6 V	0.675
HD 6539	HIP 5252	16.79447	56.37445	174.82	m	7.646	1.433	A0	0.089
HD 821	HIP 1005	3.13815	-11.69298	174.83	e	8.194	1.981	F0 V	0.367
HD 16071	HIP 12080	38.92842	29.2217	174.83	m	8.204	1.991	A 7 III	0.293
HD 166284	HIP 88986	272.44814	3.201	174.84	m	7.537	1.324	K0/1 IIICNII	1.488
HD 206236	HIP 107115	325.44727	-40.6817	174.84	m	8.867	2.654	K1 III	1.15
HD 24322	HIP 18189	58.37461	33.11053	174.85	m	8.3	2.087	A 5 III	0.341
HD 216721	HIP 113074	343.50624	60.85332	174.85	m	8.561	2.348	A3	0.267
HD 25406	HIP 19619	63.0572	79.03001	174.86	m	7.047	0.834	K0	1.349
HD 213501	HIP 111330	338.33574	-60.81715	174.86	m	8.78	2.567	G8/K0 II + F/G	0.606
HD 63347	HIP 38608	118.58534	71.07924	174.87	m	7.337	1.123	B8	0.003
HD 39169	HIP 27600	87.65767	-1.42951	174.87	m	8.085	1.871	K1 III	1.287
HD 78445	HIP 44608	136.32936	-61.82675	174.87	m	7.53	1.316	K2 III	1.424
HD 48382	HIP 32013	100.32552	-40.29284	174.91	m	7.769	1.555	A0 V	0.067
HD 182985	HIP 95774	292.19528	-36.00026	174.91	m	7.474	1.26	A0 V	0.147
HD 60077	HIP 36935	113.89039	52.2069	174.91	m	8.426	2.212	F5	0.344
HD 107931	HIP 60517	186.08915	-47.37294	174.92	m	6.598	0.384	B9 V	-0.053
HD 1627	HIP 1638	5.12639	10.91776	174.92	m	7.137	0.923	K0	1.209
HD 46148	HIP 31164	98.08622	15.7062	174.93	m	7.3	1.086	F5	0.744
HD 201245	HIP 104469	317.43356	-44.20982	174.93	m	6.658	0.444	K1/2 III	1.345
HD 161322	HIP 86813	266.07655	13.78397	174.94	m	6.939	0.725	A3	0.303
HD 152673	HIP 82421	252.65453	63.13947	174.95	m	8.865	2.65	F0	0.283
HD 104636	HIP 58752	180.74975	41.06538	174.95	m	8.262	2.047	F5	0.428
HD 125343	HIP 70026	214.93476	-36.8582	174.96	m	7.446	1.231	M5/6 III	1.343
HD 77737	HIP 44442	135.81715	-33.60066	174.96	m	7.097	0.882	A0 V (+ A)	-0.003
HD 140250	HIP 76593	234.63953	65.79054	174.96	m	7.161	0.946	K0	1.302
HD 144360	HIP 78729	241.08184	32.49724	174.97	m	8.057	1.842	K2	1.49
HD 75147	HIP 43115	131.7066	-39.49609	174.98	m	7.679	1.464	A1 V	0.11
HD 200511	HIP 103901	315.79017	25.91996	174.98	m	8.278	2.063	A2	0.193
HD 171145	HIP 90924	278.20861	7.43714	174.98	m	8.354	2.139	K2	1.171
HD 116324	HIP 65348	200.90119	-42.5314	175	m	8.491	2.276	A2 IV/V	0.184
HD 77354	HIP 44353	135.48673	-1.12535	175	m	8.021	1.806	G1 V	0.785
HD 31125	HIP 22716	73.27006	-1.27577	175.01	m	7.934	1.719	A7/F0	0.081
HD 163083	HIP 87760	268.90383	-29.9776	175.02	m	8.346	2.131	A8/9 IV	0.25
HD 25205	HIP 18715	60.13582	10.1675	175.02	m	8.267	2.052	A0	0.191
HD 126942	HIP 70639	216.73632	50.41007	175.02	m	8.396	2.181	G5	1.221
HD 76588	HIP 43814	133.84971	-45.671	175.03	m	8.759	2.543	A1MF0-F0	0.321
HD 123739	HIP 69165	212.36704	2.79757	175.03	m	6.901	0.685	K0 III	1.21
HD 35574	HIP 25463	81.68239	25.01168	175.04	m	8.417	2.201	A5	0.346
HD 96048	HIP 54156	166.17623	-2.97221	175.04	m	8.992	2.776	F2 V	0.438
HD 25623	HIP 18879	60.70722	-31.24258	175.05	m	8.491	2.275	F0 V	0.373
HD 10581	HIP 7717	24.83669	-76.02088	175.05	m	8.684	2.468	A8M	0.239
HD 206295	HIP 107013	325.1021	34.21017	175.06	m	8.583	2.367	A5	0.272
HD 32264	HIP 23386	75.41071	-2.72071	175.06	m	8.323	2.107	A1/2 V	0.183
HD 83127	HIP 47245	144.45157	48.00287	175.06	m	8.698	2.482	G0	0.568
HD 58432	HIP 36049	111.43886	4.44592	175.08	m	7.236	1.02	K0 III	1.283
HD 139458	HIP 76553	234.51589	7.42222	175.1	m	8.432	2.216	F0	0.416
HD 89864	HIP 50837	155.71102	33.28243	175.1	m	8.881	2.665	F8	0.531
HD 13609	HIP 10369	33.406	31.91902	175.11	m	8.349	2.132	F5	0.509
HD 100726	HIP 56548	173.92012	17.87486	175.11	m	7.405	1.188	K0	1.4
HD 130620	HIP 72496	222.3557	-8.50434	175.12	m	7.159	0.942	F2 III/IV	0.478
HD 122692	HIP 68585	210.60615	41.36125	175.13	m	8.602	2.385	G5	0.569
29 Aqr	HD 209278|HR 8396|HIP 108797	330.60938	-16.96484	175.13	m	7.145	0.928	A0/1V + K1/2	0.127
HD 33406	HIP 23988	77.35303	-15.66363	175.13	e	8.022	1.805	G3 V	0.832
HD 215400	HIP 112258	341.06742	41.51664	175.13	m	8.812	2.595	A2	0.336
HD 121457	HIP 67512	207.50579	78.99569	175.13	m	6.722	0.505	G5	1.347
HD 110822	HIP 62188	191.17782	17.70049	175.14	m	8.614	2.397	F 6 V	0.512
HD 22077	HIP 16555	53.2976	-10.04541	175.14	m	7.374	1.157	F2 III	0.439
HD 117483	HIP 65955	202.84383	-42.46474	175.14	m	6.751	0.534	K0 III	1.217
HD 104957	HIP 58937	181.27625	30.83254	175.15	m	8.889	2.672	A M	0.284
HD 86947	HIP 49151	150.46718	-2.27099	175.15	m	8.981	2.764	F7 V	0.58
HD 134054	HIP 74139	227.24886	-36.43264	175.15	m	7.455	1.238	K1 IIICNII	1.42
HD 120335	HIP 67362	207.1019	18.24896	175.16	m	8.483	2.266	F3IV	0.516
HD 20496	HIP 15112	48.72952	-60.63569	175.17	m	8.197	1.98	F3 IV	0.435
HD 123456	HIP 69081	212.10327	-26.34905	175.18	m	8.98	2.763	F2 IV/V	0.398
HD 12445	HIP 9511	30.58817	19.38993	175.2	m	8.417	2.199	A0	0.141
HD 34640	HIP 24773	79.67127	-10.50539	175.21	m	8.446	2.228	A3 IV/V	0.251
HIP 67750		208.19673	17.39782	175.21	m	8.963	2.745	F2	0.455
HD 201719	HIP 104622	317.90204	-3.12023	175.21	m	7.639	1.421	K0 III	1.282
84 Tau	HD 28595|HIP 21082	67.77996	15.10504	175.22	m	6.513	0.295	M3III	2.028
HD 21619	HIP 16426	52.87576	49.90208	175.22	m	8.822	2.604	A 2 V	0.257
HD 198528	HIP 102935	312.82936	-13.92442	175.23	m	7.641	1.423	F0 V	0.359
HD 31565	HIP 23087	74.5353	30.63876	175.23	m	8.827	2.609	A3	0.359
HD 117711	HIP 65995	202.96005	17.13129	175.24	m	8.671	2.453	F5	0.445
HD 157642	HIP 85305	261.47753	-34.85138	175.25	m	8.864	2.646	F5 V	0.541
HD 223707	HIP 117674	357.97323	4.74536	175.27	m	6.794	0.576	A1 IV/V	0.124
HD 155849	HIP 84391	258.80514	-26.53056	175.28	m	7.799	1.58	G8 III/IV	1.473
HD 220793	HIP 115701	351.62902	31.74707	175.29	m	7.841	1.622	A0	0.048
HD 111637	HIP 62728	192.81489	-50.26696	175.29	m	8.48	2.261	F3 V	0.492
HD 37539	HIP 26691	85.076	24.53757	175.29	m	7.217	0.998	K0	1.32
HD 215005	HIP 112129	340.69136	-37.34555	175.3	m	8.048	1.829	K1/2 III	1.155
HD 43680	HIP 30948	97.43514	79.65667	175.31	m	8.415	2.196	K2	1.168
HD 42968	HIP 29455	93.09354	-30.4815	175.31	m	8.451	2.232	A1MA5-F2	0.333
HD 177399	HIP 93702	286.20791	-8.65112	175.31	m	7.392	1.173	K0 III	1.274
HD 166985	HIP 89494	273.94943	-50.1813	175.31	m	8.537	2.318	F2/3 V	0.5
HD 69629	HIP 40675	124.56009	15.67792	175.31	m	6.522	0.303	K0	1.183
HD 100775	HIP 56584	174.0138	27.90246	175.31	m	8.309	2.09	F8V	0.614
HD 57900	HIP 35909	111.03717	21.45769	175.31	m	7.675	1.456	B9	0.078
HD 207512	HIP 107830	327.67927	-45.77281	175.32	m	8.654	2.435	G8 III/IV	0.943
HD 84667	HIP 47971	146.66261	-10.2533	175.32	m	8.295	2.076	F2 IV	0.402
HD 215158	HIP 112286	341.15528	-62.54837	175.32	m	6.894	0.675	K0/1 III	1.348
HD 108714	HIP 60933	187.33526	17.32192	175.32	m	7.735	1.516	A 3 IV	0.122
HD 17333	HIP 13014	41.83451	17.28433	175.33	m	8.628	2.409	A3	0.24
HD 70524	HIP 40978	125.42984	-20.68798	175.33	m	7.871	1.652	A3/5 III	0.235
HD 202929	HIP 105267	319.83544	-13.04795	175.34	m	6.909	0.69	A4 V	0.228
HD 109864	HIP 61664	189.60742	-38.79714	175.37	m	7.483	1.263	K1 III	1.144
HD 117403	HIP 65803	202.32807	46.37092	175.37	m	8.203	1.983	F4III	0.45
HD 145886	HIP 79204	242.48479	59.87177	175.38	m	6.769	0.549	A0	0.064
HD 197757	HIP 102475	311.48849	-8.45649	175.39	m	8.317	2.097	F0 V	0.405
HD 217477	HR 8753|HIP 113621	345.17671	31.08297	175.39	m	6.688	0.468	B 9 III	-0.108
HD 143927	HIP 78754	241.17635	-37.81612	175.4	m	7.062	0.842	B8/9 V	-0.011
HD 91673	HIP 51760	158.62988	-37.35412	175.4	m	8.267	2.047	F8 V	0.682
HD 103906	HIP 58341	179.46318	-18.10212	175.41	m	8.604	2.384	F6 V	0.536
HD 17775	HIP 13507	43.49539	61.88515	175.41	m	8.055	1.835	A0P	0.185
HD 203320	HIP 105298	319.91988	53.05811	175.42	m	6.939	0.719	K2	1.2
HD 146164	HIP 80996	248.12623	-83.59232	175.43	m	7.953	1.732	F3 IV(P)	0.409
HD 193328	HIP 100237	304.94775	-0.90715	175.43	m	7.477	1.256	A2 V	0.141
HD 7325	HIP 5656	18.16366	-49.76849	175.44	e	8.663	2.442	F7 V	0.607
HD 66045	HIP 39555	121.24286	58.42386	175.44	e	8.698	2.477	F8	0.542
HD 157853	HR 6488|HIP 85149	261.0094	38.58278	175.44	e	6.614	0.393	F 8 IV	0.745
HD 14595	HIP 11035	35.52758	22.87359	175.45	m	6.7	0.479	G 2 IV	0.913
HD 11958	HIP 9419	30.25474	73.42635	175.45	m	7.981	1.76	G5	1.104
HD 84688	HIP 47863	146.32274	-54.24744	175.46	m	6.916	0.695	A2 V	0.073
HD 199104	HIP 103238	313.73131	-0.70305	175.47	m	8.281	2.06	F3/5 V	0.531
HD 98013	HIP 54991	168.89883	-57.65093	175.48	m	8.066	1.845	G8 III/IV	1.068
HD 20931	HIP 15878	51.12515	49.1399	175.48	m	7.866	1.645	A 1 V	0.106
HD 112440	HIP 63230	194.34143	-56.30713	175.48	m	7.525	1.304	K3 III	1.602
HD 199392	HIP 102969	312.93113	73.08032	175.48	m	8.301	2.08	A2	0.179
HD 6403	HIP 5042	16.13575	-33.53282	175.48	m	6.577	0.356	K0 III	1.286
HD 208800	HIP 108485	329.65242	6.01387	175.49	m	7.98	1.759	A2	0.068
HD 221218	HIP 115991	352.50783	21.54955	175.49	m	7.107	0.886	B9	-0.083
HD 21181	HIP 16079	51.77154	48.20551	175.5	m	6.838	0.617	B9V	-0.024
HD 162644	HIP 87320	267.6376	35.39015	175.51	m	8.492	2.27	F5	0.471
HD 38257	HIP 27355	86.90471	54.49466	175.52	m	6.673	0.451	K0	1.067
HD 5135	HIP 4105	13.16875	-51.55002	175.53	m	7.959	1.737	G3 IV/V	0.82
HD 16600	HIP 12340	39.72764	-25.7454	175.54	m	7.271	1.049	K2 IVCNIII	1.421
HD 25301	HIP 18635	59.83452	-43.91747	175.55	m	6.944	0.722	K1 III	1.307
HD 221199	HIP 115994	352.51949	-22.65892	175.56	m	8.418	2.196	A9 V	0.329
HIP 95625		291.74784	73.36639	175.57	m	8.5	2.278	F2	0.378
HD 198222	HIP 103029	313.09414	-64.76759	175.57	m	8.258	2.036	G3 IV	0.774
HD 121226	HIP 67975	208.80596	-47.09225	175.57	m	7.443	1.221	A1 V	0.128
HD 17556	HIP 13135	42.23247	-5.16927	175.58	m	7.937	1.715	F0/2 V	0.443
HD 48534	HIP 32257	101.04061	5.20901	175.59	m	8.569	2.347	F5	0.42
HD 75232	HIP 43271	132.22742	3.75579	175.59	m	7.68	1.458	F3 V	0.524
HD 71985	HIP 41079	125.72428	-76.43541	175.6	m	8.17	1.947	A2/3 V	0.111
HD 10743	HIP 8173	26.2708	2.50315	175.61	m	7.322	1.099	K0 III	1.219
HD 150724	HIP 82017	251.31481	-49.61588	175.62	m	7.971	1.748	A9/F0 V	0.357
HD 115885	HIP 65044	199.98741	8.48713	175.62	m	7.192	0.969	K0	1.345
HD 656	HIP 881	2.69542	-34.86071	175.62	m	7.001	0.778	K0 III	1.089
HD 124033	HIP 69223	212.58315	35.44803	175.63	m	8.831	2.608	G5	0.51
HD 191365	HIP 99357	302.50397	-13.04637	175.63	m	8.443	2.22	F5 V	0.606
HD 43369	HIP 29619	93.62623	-29.6043	175.63	m	6.987	0.764	A0 V	-0.011
HD 42184	HIP 29153	92.24242	-9.6479	175.65	m	7.97	1.747	A2/3 IV	0.17
HD 210978	HIP 109887	333.83426	-53.98154	175.65	m	8.588	2.365	F0 III/IV	0.384
HD 103941	HIP 58351	179.49541	-71.78323	175.65	m	8.529	2.306	F2 III(M)	0.584
HD 142299	HIP 77825	238.37231	10.34474	175.66	m	8.464	2.241	F2	0.433
HD 41451	HIP 28521	90.31112	-60.48562	175.66	m	7.035	0.812	K1 III	1.199
HD 11316	HIP 8962	28.86056	76.22417	175.67	m	8.239	2.016	A5	0.387
HD 11049	HIP 8429	27.16924	7.68393	175.67	m	7.182	0.959	K0	1.404
HD 148668	HIP 80777	247.39443	4.57596	175.67	m	7.837	1.614	K0 III	1.124
HD 215867	HIP 112246	341.02671	80.43711	175.67	m	7.122	0.898	K0	1.117
HD 157725	HIP 86044	263.76501	-77.83025	175.68	m	8.815	2.591	F5 V	0.482
HD 223163	HIP 117331	356.8717	-67.72012	175.69	m	8.334	2.11	A6 V	0.269
HD 177325	HIP 94102	287.34134	-67.54029	175.71	m	8.362	2.138	K0 IV	1.084
HD 193515	HIP 100172	304.78563	38.16116	175.72	m	7.686	1.462	K1II	1.215
HD 201066	HIP 104265	316.84112	-0.76514	175.72	m	6.701	0.477	K0 III	1.275
HD 204321	HIP 105798	321.39015	58.23454	175.72	m	7.66	1.436	A0	0.094
HD 156992	HIP 84947	260.42317	-24.9061	175.72	m	6.519	0.295	K3 III	1.671
HD 133411	HIP 73766	226.18513	-14.99732	175.72	m	7.927	1.703	F0 V	0.441
HD 200453	HIP 103924	315.84553	3.57013	175.72	m	8.064	1.84	A1 V	0.194
HD 81491	HIP 46262	141.49314	0.60269	175.73	m	8.372	2.148	A5 V	0.341
HD 65831	HIP 39030	119.78217	-38.05095	175.73	m	7.302	1.078	A5 V + F3/5	0.259
HD 133802	HIP 73981	226.78424	-27.47735	175.73	m	7.902	1.678	A9 V	0.387
HD 47483	HIP 31812	99.76678	3.93495	175.73	m	8.099	1.875	A1/2 III/IV	0.294
HD 57263	HR 2792|HIP 35725	110.55586	38.99594	175.75	m	6.53	0.306	K0	1.457
HD 65139	HIP 38888	119.36747	5.28509	175.75	m	8.301	2.077	F8	0.468
HD 190833	HIP 98594	300.39168	70.45451	175.75	m	8.279	2.055	B9	0.114
HD 183306	HIP 95842	292.39093	-15.35874	175.76	m	7.13	0.905	A1 V	0.139
HD 39033	HIP 27545	87.49348	0.1533	175.76	m	7.908	1.683	A1 IV/V	0.225
HD 86003	HIP 48674	148.90413	-4.97624	175.76	m	7.362	1.137	K0 III	1.392
HD 55199	HIP 35033	108.70001	52.5456	175.77	m	7.805	1.58	F0	0.315
HD 31567	HIP 23014	74.24707	3.28606	175.77	m	7.328	1.103	A0 V	0.06
HD 50653	HIP 32992	103.10165	-38.61762	175.78	m	8.312	2.087	A2 V	0.151
HD 42987	HIP 29480	93.17003	-27.72581	175.79	m	7.482	1.257	K0/1 III	1.133
HD 206915	HIP 107371	326.21234	24.86327	175.79	m	8.253	2.028	A5	0.384
HD 55076	HIP 35204	109.13694	67.08732	175.81	m	8.416	2.191	G5	1.048
HD 195888	HIP 101747	309.32766	-62.16798	175.82	m	7.904	1.679	F5 IV	0.531
HD 5597	HIP 4542	14.54116	39.47536	175.82	m	6.669	0.444	K0	1.374
HD 156310	HIP 84918	260.30614	-63.58221	175.82	m	6.991	0.766	K2 IIICNIB/II	1.539
HD 99405	HIP 55815	171.5709	-9.88137	175.83	m	7.821	1.596	K3 III	1.575
HD 40195	HIP 28060	88.99535	-31.53202	175.83	m	6.714	0.488	B8/9 V	-0.051
HD 62386	HIP 37655	115.90552	-4.70791	175.84	m	7	0.774	G8 III	1.049
HD 28201	HIP 20339	65.36138	-69.61567	175.84	m	8.389	2.163	F2 II/III	0.426
HD 109012	HIP 61118	187.88833	27.06448	175.85	m	7.642	1.416	K1III	1.395
HD 38314	HIP 27043	86.02625	-19.57078	175.86	m	7.736	1.51	F3 V	0.466
HD 10412	HIP 7864	25.29155	-21.71981	175.87	m	8.693	2.467	F0 V	0.367
HIP 86816		266.09089	16.00641	175.87	m	8.988	2.762	F2	0.443
HD 90430	HIP 51090	156.57698	-6.42722	175.87	m	6.998	0.772	A1 V	0.072
HD 130639	HIP 72464	222.27206	7.94115	175.87	m	8.431	2.205	A3	0.334
HD 58666	HIP 36130	111.64231	-0.46951	175.87	m	7.01	0.784	A3 V	0.129
HD 205798	HIP 106708	324.22441	33.71847	175.88	m	8.071	1.845	F0	0.358
HD 218090	HIP 114072	346.54502	-58.6939	175.89	m	8.166	1.94	F0 V	0.311
HD 20215	HIP 15093	48.67613	-6.70244	175.89	m	7.296	1.07	K0 III	1.323
HD 132445	HIP 73206	224.429	44.46632	175.89	m	7.407	1.181	A2	0.141
HD 194595	HIP 100750	306.40879	26.70472	175.9	m	8.307	2.081	F2IV	0.412
HD 199646	HIP 103453	314.40434	33.30116	175.9	m	8.34	2.114	A2	0.312
HD 89222	HIP 50472	154.58882	37.50826	175.9	m	8.292	2.066	A2	0.26
HD 72740	HIP 41604	127.22338	-72.08178	175.91	m	6.908	0.682	A3 III	0.21
HD 203991	HIP 105753	321.28949	18.46261	175.92	m	7.739	1.512	A0	0.074
HD 96454	HIP 54384	166.91001	48.99536	175.92	m	8.487	2.26	A5	0.369
HD 164395	HIP 88006	269.6586	44.93746	175.95	m	8.172	1.945	G0	0.589
HD 160802	HIP 85551	262.25761	80.20955	175.95	m	8.79	2.563	K0	1.171
HD 89653	HIP 50715	155.33124	33.4723	175.95	m	8.136	1.909	K 0 III	1.38
HD 9713	HIP 7428	23.92268	31.7479	175.96	m	8.967	2.74	F5	0.466
HD 203826	HIP 105717	321.17843	-5.58131	175.96	m	7.323	1.096	K0 III	1.336
HD 218766	HIP 114395	347.52388	49.9906	175.96	m	7.397	1.17	K0	1.318
HD 7580	HIP 5899	18.94586	-9.78721	175.96	m	8.334	2.107	A1 III/IV	0.191
HD 78847	HIP 45160	138.00303	45.50895	175.97	m	8.704	2.477	F8	0.503
HD 200540	HIP 104153	316.51914	-52.37899	175.97	m	8.765	2.538	F3 V	0.415
HD 112859	HIP 63368	194.76585	47.15143	175.99	m	8.194	1.967	G6V	1.062
HD 20391	HIP 15420	49.68653	49.76995	175.99	m	7.952	1.725	A1V	0.133
HD 193713	HIP 100445	305.54901	-16.77991	175.99	m	8.252	2.025	K2 III	1.163
HD 16148	HIP 11629	37.52021	-75.78459	175.99	m	7.943	1.716	F6 IV/V	0.571
HD 171361	HIP 90645	277.43236	65.10057	176	m	8.222	1.994	A2	0.299
HD 101141	HIP 56762	174.55056	-28.29061	176.01	m	7.684	1.456	K0 III	1.293
HD 159985	HIP 86427	264.88653	-42.97852	176.01	m	8.265	2.037	F2 IV	0.414
HD 166675	HIP 89345	273.45292	-43.20433	176.03	m	7.063	0.835	K0 III	1.255
HD 21993	HIP 16530	53.21282	5.25459	176.03	m	7.428	1.2	K0 III	1.096
HD 86458	HIP 49121	150.38357	68.71807	176.05	m	8.086	1.858	F0	0.439
HD 31724	HIP 23102	74.55662	-0.55574	176.05	m	8.889	2.661	A3 (IV)	0.313
HD 143561	HIP 78585	240.68835	-42.50728	176.08	m	8.152	1.923	G8 III	1.396
HD 211460	HIP 109993	334.1709	29.17326	176.08	m	6.772	0.543	G 7 II-III	1.11
HD 9869	HIP 7605	24.4883	59.299	176.08	m	8.012	1.783	A2	0.239
HD 56525	HIP 35220	109.1961	-13.68111	176.09	m	7.188	0.959	A0 V	0.078
HD 14738	HIP 11126	35.80018	26.68226	176.09	m	8.257	2.028	F6II	0.532
HD 123962	HIP 69193	212.48562	35.08182	176.09	m	8.941	2.712	A2	0.302
HD 87999	HIP 49647	152.00782	-32.05936	176.11	m	7.613	1.384	A2 V	0.15
HD 192892	HIP 99917	304.09335	26.49037	176.11	m	7.3	1.071	G9III	1.168
HD 33897	HIP 24431	78.62979	25.91726	176.13	m	8.182	1.953	A2	0.367
HD 3085	HIP 2665	8.45005	-39.9246	176.13	m	7.415	1.186	B9 V	-0.022
HD 117062	HIP 65643	201.87488	24.31208	176.13	m	8.924	2.695	F2V	0.356
HD 44494	HIP 30488	96.13049	47.1209	176.13	m	8.115	1.886	F5	0.488
HD 199692	HIP 105145	319.50211	-85.20119	176.14	m	7.133	0.904	K0 III	1.281
HD 19090	HIP 14425	46.55936	51.56423	176.14	m	8.629	2.4	A0	0.241
HD 121083	HIP 67877	208.53289	-33.14316	176.14	m	8.682	2.453	F2 V	0.484
HD 34453	HIP 24776	79.67644	28.0906	176.14	m	8.716	2.487	A2	0.269
HD 47168	HIP 31475	98.89115	-36.2594	176.15	m	7.153	0.924	A1 V	0.041
HD 156981	HIP 85180	261.11152	-60.41359	176.16	m	7.923	1.693	F3 V	0.496
HD 19592	HIP 14852	47.9553	58.17643	176.16	m	8.643	2.413	G5	0.735
HD 201481	HIP 104524	317.59363	-16.95861	176.17	m	8.412	2.182	F0 V	0.372
HD 84968	HIP 48169	147.27714	14.60571	176.17	m	8.091	1.861	A0	0.143
HD 29155	HIP 20755	66.71271	-76.53453	176.18	m	8.847	2.617	K0 IV/V	1.006
HD 42836	HIP 29250	92.50726	-52.79944	176.18	m	8.511	2.281	F2/3 V	0.484
HD 25852	HIP 19084	61.37747	-7.59722	176.18	m	7.933	1.703	K0 III	1.183
HD 120279	HIP 67327	206.99361	31.44047	176.19	m	8.6	2.37	F 7 IV	0.509
HD 31543	HIP 22960	74.10331	-7.02321	176.19	m	8.238	2.008	G5 V	0.828
HD 4523	HIP 3755	12.04869	65.11962	176.19	m	7.031	0.801	G5	1.106
HD 198730	HIP 103059	313.207	-16.16513	176.21	m	8.965	2.735	G2 V	0.719
HD 86388	HIP 48641	148.77344	-69.18895	176.21	m	6.846	0.616	B9 V	-0.067
HD 82425	HIP 46756	142.94491	-3.38425	176.21	m	7.767	1.537	A3 V	0.191
HD 17076	HIP 12901	41.46291	40.91114	176.22	m	7.715	1.485	A0	0.116
HD 93090	HIP 52609	161.37083	32.16085	176.22	m	8.991	2.761	G0	0.472
HD 83927	HIP 47482	145.18103	-37.15954	176.23	m	7.861	1.631	F5 V	0.521
HD 184732	HIP 96545	294.41413	-41.45826	176.23	m	7.678	1.448	F3 IV	0.441
HD 89270	HIP 50422	154.43242	-12.07877	176.23	m	7.871	1.641	A1 V	0.131
HD 77589	HIP 44454	135.84725	-5.93894	176.24	m	8.813	2.583	F5 V	0.504
HD 7544	HIP 5866	18.80993	-22.29667	176.24	m	8.198	1.968	G8 III/IV	1.019
HD 38686	HIP 27497	87.34095	38.73826	176.24	m	7.327	1.097	K2	1.399
HD 194810	HIP 100985	307.12206	-24.16324	176.24	m	7.18	0.949	G6/8 IV	1.001
HD 206823	HIP 107215	325.73354	54.56188	176.25	m	7.111	0.88	K2	1.536
HD 195267	HIP 101338	308.08152	-49.11585	176.26	m	8.881	2.65	F5 V	0.456
HD 15800	HIP 11704	37.74971	-47.4413	176.26	m	8.639	2.408	K0 III	1.236
HD 112123	HIP 63036	193.7607	-62.55887	176.26	m	7.725	1.494	A0/1 V	0.107
HD 46320	HIP 31439	98.80828	47.94882	176.26	m	7.946	1.715	F0	0.433
HD 97309	HIP 54698	167.97374	-20.14792	176.27	m	7.984	1.753	A1MA3/5-A7	0.298
HD 187410	HIP 97592	297.54069	-10.00713	176.27	m	6.912	0.681	K0 III	1.199
HD 204203	HIP 105953	321.87161	-20.21276	176.28	m	7.944	1.713	K1 III	1.228
HD 205880	HIP 106742	324.33969	35.32761	176.28	m	7.202	0.971	K0	1.234
HD 136027	HIP 74895	229.59432	0.93941	176.28	m	6.657	0.426	K1 III	1.491
HD 155679	HIP 84209	258.20956	6.04834	176.29	m	8.322	2.091	A0	0.266
HD 35139	HIP 24859	79.93672	-52.03817	176.29	m	8.179	1.948	F3 V	0.456
HD 529	HIP 799	2.46855	12.71082	176.3	m	8.471	2.24	K0	1.228
HD 81985	HIP 46438	142.06077	-34.90413	176.31	m	7.364	1.133	B9.5 V	-0.01
HD 59144	HIP 35847	110.86875	-68.02169	176.31	m	8.043	1.812	A2/3 V	0.187
HD 3893	HIP 3275	10.43743	27.18607	176.31	m	8.368	2.137	A2	0.151
HD 124346	HIP 69399	213.11107	28.71735	176.33	m	7.877	1.645	F2	0.373
HD 187218	HIP 97429	297.03041	19.99672	176.33	m	7.988	1.756	A0	0.128
HD 67146	HIP 39599	121.3824	-30.80129	176.34	m	8.398	2.166	F2 V	0.4
HD 196403	HIP 102039	310.18466	-64.18468	176.34	m	7.968	1.736	G8 IV	1.009
HD 45131	HIP 30511	96.20124	-20.64807	176.34	m	8.418	2.186	A2/3 V	0.227
HD 224639	HIP 118286	359.88049	-2.84379	176.35	m	7.159	0.927	F0/2 IV	0.34
HD 201933	HIP 104929	318.82212	-58.9296	176.35	m	7.037	0.805	G8 III	1.11
HD 87273	HIP 49305	150.95815	-8.38576	176.36	m	8.964	2.732	F2 V	0.455
HD 18730	HIP 14107	45.47164	38.87824	176.36	m	6.663	0.431	A3	0.251
HD 113048	HIP 63794	196.12154	-81.15011	176.38	m	7.324	1.092	K0 III	1.206
HD 44556	HIP 30539	96.29999	51.63313	176.39	m	7.258	1.026	K0	1.182
HD 157582	HIP 85096	260.87542	16.90296	176.39	m	7.667	1.435	A0	0.093
HD 122406	HIP 68514	210.39371	4.25285	176.39	m	7.208	0.976	K0/1 III	1.213
HD 225169	HIP 317	1.00331	-80.39511	176.39	m	7.97	1.738	F0 III/IV	0.309
HD 199973	HIP 103677	315.12288	1.61022	176.4	m	8.261	2.029	A9 IV/V	0.335
HD 36001	HIP 25656	82.20721	6.00929	176.4	m	8.06	1.827	A2	0.163
HD 218418	HIP 114192	346.87753	36.30171	176.41	m	8.799	2.566	F8	0.57
HD 12823	HIP 9868	31.7364	47.23091	176.41	m	8.248	2.015	A0	0.214
HD 138334	HIP 76244	233.61079	-59.80092	176.42	m	8.165	1.932	A0 V	0.2
HD 209637	HIP 108914	330.93023	49.77167	176.43	m	7.438	1.205	K0	1.337
HD 202334	HIP 104956	318.89558	-16.09115	176.43	m	8.392	2.159	F0 V	0.337
HD 107612	HIP 60313	185.50865	16.74473	176.44	m	6.671	0.438	A2P	0.071
HD 159450	HIP 86059	263.81958	-12.34779	176.44	m	8.002	1.769	K0 III	1.256
HD 82142	HIP 46602	142.54124	-6.0022	176.46	m	7.918	1.685	A2 IV	0.198
HD 183085	HIP 95680	291.92121	4.70972	176.49	m	6.76	0.526	F2 V	0.394
HD 148942	HIP 80952	247.94166	-2.02538	176.49	m	8.659	2.425	A2 II/III	0.507
HD 14597	HIP 11007	35.44639	15.51919	176.5	m	7.898	1.664	A0	0.067
HD 106028	HIP 59479	182.9939	5.34129	176.5	m	8.954	2.72	F8	0.542
HD 101209	HIP 56817	174.70595	-7.60004	176.52	m	8.355	2.121	F3 V	0.463
HD 95327	HIP 53918	165.49236	69.22588	176.53	m	8.617	2.383	F8	0.478
HD 15374	HIP 12952	41.64295	85.79928	176.54	m	7.839	1.605	A0	0.106
HD 140886	HIP 77526	237.4428	-63.76486	176.54	m	8.864	2.63	G0 V	0.65
HD 115978	HIP 64961	199.72796	67.19496	176.57	m	8.116	1.881	F5	0.483
HD 123344	HIP 69021	211.94756	-34.94946	176.57	m	7.337	1.102	A0 V	0.054
HD 46603	HIP 31225	98.24364	-30.86312	176.6	m	8.747	2.512	A1 IV/V	0.191
HD 156244	HIP 85013	260.63045	-70.4421	176.6	m	7.282	1.047	K0 III	1.199
HD 20738	HIP 15486	49.90586	-25.57889	176.6	m	8.258	2.023	F3 V	0.436
HD 140602	HIP 77243	236.58096	-44.08264	176.61	m	8.261	2.026	A3/4 V	0.217
HD 31858	HIP 23173	74.77437	-2.13664	176.62	m	7.537	1.302	A1/2 IV	0.107
HD 189131	HIP 98266	299.50327	14.30208	176.62	m	8.695	2.46	G5	1.082
HD 208829	HIP 108599	329.99341	-40.53886	176.63	m	8.198	1.963	K0 III	1.113
HD 24557	HIP 18120	58.11631	-44.16657	176.63	m	8.897	2.662	A5 III	0.294
HD 148246	HIP 80576	246.77694	-12.09103	176.64	m	8.984	2.749	G2 V	0.795
HD 210361	HIP 109438	332.57575	-20.99422	176.64	m	8.883	2.648	K0 III	1.176
HD 2065	HIP 1964	6.20858	-11.71087	176.65	m	8.095	1.859	F3 V	0.439
HD 84325	HIP 47750	146.02068	-19.53021	176.65	m	8.44	2.204	F6/7 V	0.542
HD 157911	HIP 85204	261.16365	32.67037	176.66	m	6.785	0.549	K0	1.114
HD 78883	HIP 44827	137.02279	-58.12961	176.67	m	7.06	0.824	G6 III/IV	1.069
HD 143715	HIP 78602	240.71645	-25.01433	176.67	m	7.173	0.937	A0 V	0.168
HD 136643	HR 5711|HIP 75125	230.27866	24.95802	176.67	m	6.503	0.267	K0	1.491
HD 148645	HIP 80908	247.839	-41.05919	176.68	m	8.794	2.558	F3 V	0.674
HD 1362	HIP 1441	4.48727	34.57552	176.68	m	8.51	2.274	F2	0.352
HD 135061	HIP 74441	228.19655	10.70231	176.68	m	6.646	0.41	K2	1.527
HD 19541	HIP 14681	47.41782	32.48249	176.71	m	8.64	2.404	F5	0.558
HD 106461	HIP 60041	184.69194	-88.41492	176.71	m	6.611	0.375	B9 V	-0.067
HD 150161	HIP 81558	249.85017	-3.10564	176.71	m	8.005	1.769	K2 III	1.694
HD 31802	HIP 22977	74.17004	-42.76233	176.72	m	8.753	2.517	F5 V	0.513
HD 195909	HIP 101489	308.49968	4.89866	176.72	m	6.531	0.295	G8 III	1.182
HD 27589	HIP 20120	64.71422	-49.8389	176.73	m	8.877	2.64	G8 IV	1.066
HD 165273	HIP 88835	272.00827	-52.23774	176.73	m	7.231	0.994	K0 III	1.249
HD 74670	HIP 43028	131.51593	25.35308	176.74	m	8.183	1.946	A2	0.182
HD 120447	HIP 67449	207.34476	10.59079	176.74	m	8.754	2.517	G5	0.771
HD 1909	HR 89|HIP 1830	5.80254	-31.03577	176.75	m	6.537	0.3	B9 IV	-0.066
HD 46034	HIP 31020	97.63838	-12.08104	176.75	m	6.696	0.459	K0 III	1.273
HD 131837	HIP 73168	224.30222	-42.13748	176.75	m	7.121	0.884	K1 III	1.369
HD 207967	HIP 107934	328.01042	38.95458	176.76	m	7.691	1.454	K0	1.187
HD 92192	HIP 52464	160.87333	80.42711	176.78	m	6.701	0.464	A0	0.069
HD 200478	HIP 103796	315.48925	47.01941	176.8	m	7.787	1.55	A1IV	0.081
HD 202403	HIP 104844	318.57893	41.14665	176.8	m	7.784	1.547	G5	1.237
HD 222529	HIP 116863	355.32316	32.56106	176.8	m	7.809	1.572	A0	-0.016
HD 174781	HIP 92820	283.69147	-48.94774	176.81	m	7.202	0.964	A1 V	0.035
HD 122963	HIP 68898	211.59953	-51.61909	176.82	m	8.143	1.905	F2 V	0.485
HD 112031	HIP 62881	193.30805	28.98991	176.83	m	8.033	1.795	F 0 V	0.387
HD 140322	HIP 76949	235.67848	9.51937	176.83	m	8.881	2.643	F8	0.636
HD 90708	HIP 51100	156.60423	-64.85376	176.83	m	8.87	2.632	A6 IV	0.354
HD 194848	HIP 101013	307.18417	-23.98383	176.83	m	6.973	0.735	K2/3 III	1.491
HD 126366	HIP 70513	216.36515	-19.96584	176.84	m	7.161	0.923	A2 V	0.113
HD 38769	HIP 27410	87.06107	1.60971	176.85	m	7.116	0.878	F2/3 (IV)	0.415
HIP 83148		254.88853	66.99934	176.86	m	8.933	2.695	K0	1.239
HD 105244	HIP 59090	181.76535	-56.51964	176.86	m	8.796	2.558	F3 IV	0.446
HD 190187	HIP 98483	300.10778	61.07598	176.87	m	8.163	1.925	A2	0.135
HD 12400	HIP 9597	30.85835	58.83206	176.87	m	8.82	2.582	A M	0.302
HD 155951	HIP 84700	259.71544	-62.87457	176.87	m	6.615	0.377	K1 III	1.273
HD 204204	HIP 105957	321.87671	-20.26785	176.87	m	8.868	2.63	G0	0.498
HD 171421	HIP 91232	279.15242	-41.66409	176.88	m	8.667	2.429	F0 V	0.322
HD 110015	HIP 61756	189.85088	-29.53686	176.88	m	7.526	1.288	F3 III/IV	0.392
HD 84427	HIP 47788	146.14926	-23.36163	176.9	m	7.686	1.447	K1 III	1.379
HD 207545	HIP 107726	327.33997	15.76116	176.9	m	6.94	0.701	K0	1.048
HD 156052	HIP 84283	258.43939	37.67074	176.9	m	8.999	2.76	G5	0.642
HD 157993	HIP 85190	261.14842	44.29436	176.91	m	8.648	2.409	F5	0.496
HD 95740	HIP 54013	165.74143	-2.63535	176.92	m	7.296	1.057	K0 III	1.185
HD 112851	HIP 63464	195.07028	-48.60371	176.92	m	7.207	0.968	G8 IV	1.257
HD 54269	HIP 34750	107.91159	57.70021	176.92	m	8.202	1.963	F0	0.398
HD 154290	HIP 83786	256.86039	-53.75569	176.93	m	7.869	1.63	A2 III/IV	0.206
HD 124500	HIP 69590	213.66338	-26.40493	176.93	m	8.464	2.225	F2 IV	0.374
HIP 107688		327.21863	40.62044	176.96	m	8.532	2.293	F0	0.402
HD 121105	HIP 67749	208.19369	33.4004	176.96	m	8.196	1.957	F5	0.515
HD 6121	HIP 4865	15.64178	5.76505	176.97	m	8.579	2.34	A5	0.318
HD 198032	HIP 102668	312.07045	-22.84553	176.98	m	8.001	1.761	A7 V	0.263
HD 217864	HIP 113847	345.82888	38.29859	176.98	m	7.355	1.115	K0	1.204
HD 19624	HIP 14845	47.92876	52.16346	176.99	m	6.887	0.647	B5	0.006
HD 75645	HIP 43551	133.04227	29.13411	176.99	m	8.299	2.059	A3	0.242
HD 181013	HIP 95048	290.10061	-38.15904	177	m	8.56	2.32	F3 V	0.535
HD 12247	HIP 9415	30.24168	34.28175	177	m	8.614	2.374	G5	1.098
HD 53409	HIP 34422	107.03929	55.85165	177.01	m	8.378	2.138	F0	0.406
HD 200424	HIP 104129	316.45252	-57.73641	177.01	m	8.314	2.074	F5 V	0.542
HD 3905	HIP 3270	10.41804	5.57364	177.01	m	8.971	2.731	F2	0.437
HD 60526	HIP 36882	113.73922	3.2766	177.03	m	6.659	0.419	G8/K0 III	1.229
HD 71972	HIP 41070	125.70058	-76.4308	177.04	m	7.236	0.996	A0 V	0.008
HD 4916	HIP 3982	12.803	-5.18343	177.04	m	8.911	2.671	F7/8 V	0.571
HD 74242	HIP 43094	131.65338	65.45533	177.04	m	7.85	1.61	G5	1.23
HD 10772	HIP 9614	30.89532	86.9318	177.05	m	8.145	1.904	F5	0.369
HD 32039	HR 1609|HIP 23279	75.13557	3.61479	177.06	m	6.95	0.709	B9 V	-0.061
HD 146490	HIP 79768	244.20111	-5.49679	177.07	m	7.228	0.987	A2/3 V	0.26
HD 153747	HIP 83410	255.72428	-38.46023	177.07	m	7.434	1.193	A0 III	0.14
HD 134454	HIP 74130	227.23878	33.26536	177.08	m	7.281	1.04	K2	1.429
HD 193200	HIP 100494	305.67691	-64.18624	177.08	m	8.649	2.408	F0 III	0.316
HD 112009	HIP 62946	193.48573	-52.27653	177.1	m	8.741	2.5	A8/F0 V	0.341
HD 44495	HIP 30466	96.07246	43.23034	177.1	m	7.082	0.841	G5	1.149
HD 70594	HIP 41112	125.82946	15.27183	177.1	m	8.15	1.909	A2	0.16
HD 99761	HIP 56018	172.21268	42.79331	177.11	m	7.302	1.061	K0	1.545
HD 150096	HIP 81820	250.69517	-62.37005	177.11	m	7.149	0.908	G8 (III)	1.13
HD 169119	HIP 90208	276.1015	-30.68939	177.12	m	8.076	1.835	A1 V	0.082
HD 46397	HIP 31501	98.95923	49.88253	177.12	m	8.249	2.008	B9	0.242
HD 97067	HIP 54607	167.6392	11.62685	177.13	m	8.272	2.03	K5	1.318
HD 22922	HIP 17123	55.00665	-22.16977	177.14	m	8.615	2.373	A2/3MA5/7-F0	0.399
HD 206940	HIP 107434	326.39527	-4.43265	177.15	m	8.219	1.977	A3 V	0.166
HD 6448	HIP 5203	16.64041	62.67084	177.15	m	7.912	1.67	K2	1.361
HD 219554	HIP 114934	349.20736	-29.90778	177.15	m	8.394	2.152	F2/3 V	0.44
HD 20487	HIP 15505	49.94691	48.62792	177.18	m	7.654	1.412	A 0 VN	0.087
HD 31881	HIP 23253	75.05785	20.92776	177.2	m	8.278	2.036	A2	0.167
HD 137725	HIP 75732	232.07765	-21.20957	177.2	m	7.311	1.069	K0 III/IV	1.183
HD 208056	HIP 107979	328.13078	42.40523	177.21	m	8.626	2.384	F0	0.378
HD 15966	HIP 11995	38.66361	22.96787	177.21	m	8.487	2.245	A5	0.33
HD 223285	HIP 117406	357.09905	-62.00807	177.22	m	8.552	2.309	F5 IV/V	0.489
HD 119857	HIP 67253	206.76443	-53.28257	177.22	m	7.364	1.121	K1 IVCNII/III	1.392
HD 48481	HIP 32171	100.75945	-13.69813	177.24	m	7.138	0.895	A0 V	0.062
HD 47156	HR 2426|HIP 31662	99.40372	10.8533	177.24	m	6.539	0.296	K0	1.611
HD 45553	HIP 30664	96.66076	-33.4155	177.24	m	7.243	1	K0 III	1.07
HD 141402	HIP 77494	237.34597	-13.9713	177.24	m	8.605	2.362	A2 III	0.338
HD 133557	HIP 74044	226.98397	-61.12867	177.26	m	6.549	0.306	F2 III	0.454
HD 129138	HIP 71816	220.35573	-19.92798	177.26	m	7.158	0.915	K0 III	1.234
HD 148241	HIP 80513	246.54146	14.29557	177.27	m	8.435	2.192	A3	0.242
HIP 87890		269.30422	22.7582	177.29	m	8.996	2.753	A3	0.339
HD 4125	HIP 3351	10.67232	-65.60849	177.31	e	7.057	0.813	A6 V	0.205
HD 55557	HIP 34942	108.45719	10.69078	177.31	m	7.055	0.811	K0	1.168
HD 171913	HIP 91247	279.17546	15.44809	177.32	m	6.866	0.622	K0	1.141
HD 164967	HIP 88436	270.83769	8.41939	177.33	m	7.222	0.978	A0	0.13
HD 78645	HIP 44834	137.03107	-41.07437	177.33	m	8.157	1.913	F3 III	0.487
HIP 43679		133.47808	14.82852	177.33	m	8.746	2.502	F2	0.457
HD 211459	HIP 109983	334.14014	34.52148	177.34	m	7.881	1.637	A5	0.285
HD 147979	HIP 81042	248.28612	-75.94987	177.36	m	7.71	1.466	A2MA5-F0	0.266
HD 92012	HIP 52028	159.45199	19.97635	177.37	m	8.694	2.45	F5	0.401
HD 8452	HIP 6568	21.09835	36.88348	177.37	m	7.274	1.03	B9	0.076
HD 145153	HIP 79200	242.47249	-12.88569	177.37	m	7.602	1.358	K0 III	1.324
HD 137182	HIP 75382	231.06078	10.55491	177.38	m	7.376	1.132	A0	0.212
HD 40319	HIP 28112	89.13315	-33.43451	177.38	m	7.289	1.044	A0 V	0.006
HD 224457	HIP 118157	359.51192	32.02998	177.38	m	8.232	1.987	F0	0.268
HD 193335	HIP 100290	305.11858	-19.64718	177.39	m	7.075	0.83	K0 III	1.495
HD 89456	HIP 50521	154.77847	-15.32594	177.39	m	8.692	2.447	F0 V	0.308
HD 104884	HIP 58895	181.17915	3.5731	177.41	m	7.257	1.012	G8 III/IV	1.085
HD 46045	HIP 31723	99.5462	72.8509	177.42	m	8.763	2.518	F5	0.41
HD 120421	HIP 67397	207.18812	27.88126	177.44	m	7.284	1.039	K1III	1.273
HD 36007	HIP 25527	81.8789	-27.2692	177.44	m	8.895	2.65	F3 V	0.448
HD 90645	HIP 51573	158.00526	77.49801	177.45	m	8.02	1.775	G5	1.169
HD 23549	HIP 16815	54.10411	-79.09871	177.46	m	6.946	0.701	K0/1 III	1.165
HD 119970	HIP 67306	206.91901	-50.12511	177.46	m	7.299	1.054	A1/2 V	0.123
HD 169966	HIP 90513	277.02957	-22.99964	177.46	m	7.081	0.835	G8/K0 III	1.208
HD 57182	HIP 35624	110.26378	25.66882	177.46	m	8.781	2.535	A2	0.251
HIP 15746		50.71919	29.81784	177.46	m	8.796	2.55	A2	0.388
HD 18830	HIP 14207	45.79697	41.33515	177.47	m	8.365	2.119	A0	0.097
HD 61341	HIP 37264	114.79039	7.83095	177.47	m	7.991	1.745	A2	0.222
HD 64975	HIP 38654	118.71934	-38.42002	177.5	m	7.46	1.214	A1 V	0.156
HD 70910	HIP 41116	125.83674	-32.32819	177.51	m	7.793	1.547	A3 IV	0.213
HD 169884	HIP 90758	277.76152	-63.04098	177.51	m	7.984	1.738	A4 V	0.153
HD 215667	HIP 112444	341.66775	4.90801	177.52	m	7.858	1.612	A7 IV	0.265
HD 14	HIP 440	1.33302	68.88443	177.53	m	7.062	0.816	B9	0.004
HD 160247	HIP 86333	264.60546	12.73736	177.54	m	7.614	1.368	K0	1.181
HD 198063	HIP 102685	312.10826	-18.20172	177.54	m	7.237	0.991	K1 III + G8 III	1.137
HD 34547	HIP 24789	79.72053	13.56717	177.54	m	7.437	1.19	B 9 V	0.052
HD 172105	HIP 91415	279.65891	-5.99026	177.55	m	8.54	2.293	F2 IV/V	0.456
HD 145378	HIP 79355	242.94545	-32.26015	177.55	m	8.464	2.217	K0 III	1.199
HD 45721	HIP 31001	97.59171	28.21211	177.55	m	6.867	0.62	A2	0.168
HD 160272	HIP 86319	264.55999	20.55242	177.55	m	8.602	2.355	A3	0.254
HD 22440	HIP 16995	54.64626	48.59348	177.58	m	8.662	2.415	A2	0.25
HD 194406	HIP 100709	306.26177	13.38619	177.58	m	7.446	1.199	A2	0.099
HD 52899	HIP 33803	105.27359	-40.79495	177.59	m	7.348	1.101	A0 V	-0.016
HD 39729	HIP 27961	88.72995	14.21983	177.59	m	6.754	0.507	K0	1.2
HD 151267	HIP 81901	250.93868	51.54251	177.6	m	7.957	1.71	F5	0.559
HD 28823	HIP 21104	67.83483	-28.88191	177.6	m	7.499	1.252	A8/9 V	0.318
HD 218225	HIP 114127	346.70006	-38.79411	177.61	m	8.746	2.499	F3 IV	0.394
HD 162786	HIP 87699	268.70002	-42.92381	177.61	m	8.333	2.086	A4MA6-F2	0.234
HD 208007	HIP 108012	328.24329	15.93215	177.62	m	7.016	0.769	K2	1.449
HD 166656	HIP 88997	272.46964	39.88315	177.62	m	8.047	1.8	A2	0.217
HD 209181	HIP 108679	330.24151	21.86497	177.62	m	7.819	1.572	K 0 III-IV	1.209
HD 101427	HIP 56932	175.07285	-3.31843	177.63	m	8.993	2.745	A9/F0 V	0.337
HD 15922	HIP 12039	38.79847	49.86034	177.63	m	7.798	1.55	A0	0.277
HD 179613	HIP 94537	288.61031	-29.27385	177.63	m	8.857	2.609	G5 V	1.1
HD 82958	HIP 47031	143.77925	-5.36895	177.63	m	7.283	1.035	K0 III	1.28
HD 92726	HIP 52194	159.94915	-73.19042	177.64	m	8.632	2.384	F0 IV	0.421
HD 23136	HIP 17204	55.28921	-40.76841	177.64	m	7.45	1.202	A7 V	0.21
HD 9648	HIP 7352	23.69224	6.58639	177.66	m	8.083	1.835	F 8 IV-V	0.341
HD 167534	HIP 88901	272.22133	72.15271	177.67	m	7.562	1.314	F5	0.454
HD 87019	HIP 49141	150.4346	-23.80687	177.68	m	6.913	0.665	K0 III	1.151
HD 83409	HIP 47285	144.55112	-1.47556	177.68	m	8.284	2.036	A2 IV	0.173
HD 62834	HIP 37864	116.42833	-5.67848	177.68	m	7.104	0.856	A0 V	0.052
HD 19456	HIP 14701	47.47948	54.18216	177.68	m	8.707	2.459	A0	0.282
HD 30556	HIP 22733	73.35702	66.00618	177.69	m	7.188	0.94	G5	1.07
HD 176893	HIP 93161	284.64117	60.66732	177.69	m	6.887	0.639	A0	-0.038
HD 6577	HIP 5168	16.52597	-41.50085	177.71	m	8.976	2.727	G6/8 V	0.952
HD 107843	HIP 60452	185.90068	-16.68075	177.71	m	8.881	2.632	A9/F0 V	0.372
HD 152123	HIP 82065	251.44744	69.63747	177.72	m	8.552	2.303	G5	0.579
HD 21332	HIP 16196	52.16828	50.43632	177.73	m	8.04	1.791	F0	0.548
HD 133601	HIP 73821	226.32044	2.01688	177.73	m	8.195	1.946	K1 III	1.285
HD 20094	HIP 14744	47.59431	-63.2539	177.74	m	8.249	2	A9 IV	0.35
HD 20900	HIP 15760	50.77052	26.90094	177.74	m	7.236	0.987	A2	0.19
HD 108200	HIP 60609	186.3392	59.56515	177.74	m	8.393	2.144	A3	0.236
HD 160393	HIP 86535	265.26951	-34.89601	177.74	m	8.553	2.304	F3 V	0.512
HD 151614	HIP 82139	251.70929	39.1052	177.75	m	8.744	2.495	F 7 IV	0.525
HD 19730	HIP 14622	47.21626	-44.95916	177.75	m	8.169	1.92	K0 III	1.111
HD 10019	HIP 7514	24.20136	-48.8039	177.76	m	6.95	0.701	G8 III	1.093
HD 211983	HIP 110290	335.09738	36.30662	177.76	m	8.909	2.66	F0	0.355
HD 32491	HIP 23412	75.47667	-36.97857	177.76	m	7.707	1.458	K0 III	0.896
HD 157925	HIP 85261	261.33391	22.44128	177.78	m	7.988	1.739	F0III	0.407
HD 90718	HIP 51309	157.20218	14.3437	177.79	m	6.957	0.707	K0	1.188
HD 17339	HIP 12962	41.67988	-6.99304	177.79	m	8.882	2.632	K0/1 III	1.206
HD 12518	HIP 9656	31.05485	51.96779	177.79	m	6.653	0.403	B8	-0.051
HD 202712	HIP 105071	319.27744	22.53119	177.8	m	8.056	1.806	F4IV	0.496
HD 20873	HIP 15744	50.71595	29.81842	177.8	m	8.592	2.342	A2	0.297
HD 116171	HIP 65139	200.22943	52.71163	177.8	m	8.391	2.141	F2	0.353
HD 68098	HIP 40113	122.89675	16.99792	177.8	m	8.69	2.44	K0	1.285
HD 96678	HIP 54460	167.14076	34.71721	177.81	m	8.989	2.739	F5	0.428
HD 100311	HIP 56324	173.20964	38.86446	177.84	m	7.889	1.639	A 3 V	0.175
HD 202494	HIP 105035	319.12435	-9.15785	177.85	m	7.432	1.182	A0 V	0.046
HD 149804	HIP 81341	249.18991	10.72036	177.85	m	7.843	1.593	F0	0.455
HD 11818	HIP 8932	28.74272	-40.9687	177.85	m	8.69	2.44	F2 IV	0.405
HD 132819	HIP 73553	225.48512	-27.72918	177.86	m	8.798	2.548	G0 V	0.735
HD 18067	HIP 13557	43.65658	12.93924	177.86	m	8.563	2.313	A3	0.331
HD 107028	HIP 59975	184.50101	68.79704	177.86	m	7.74	1.49	G5	0.963
HD 27078	HIP 19836	63.79608	-37.19689	177.87	m	6.777	0.526	A3 V	0.143
HD 195459	HIP 101676	309.14983	-71.07144	177.87	m	6.83	0.579	A0 IV	-0.012
HD 218733	HIP 114433	347.6266	-28.42861	177.87	m	8.504	2.253	F3 V	0.467
HD 118839	HR 5137|HIP 66594	204.75952	18.26532	177.87	m	6.596	0.345	K 3 III	1.45
HD 1969	HIP 1894	5.98763	3.761	177.88	m	8.003	1.752	K0 III	1.186
HD 60862	HIP 36934	113.88991	-26.62865	177.88	m	6.632	0.381	A1 V	0.108
HD 97103	HIP 54626	167.71543	21.33555	177.89	m	7.426	1.175	G 8 III-IV	1.044
HD 132109	HIP 73069	223.99903	42.85841	177.89	m	8.733	2.482	A2	0.379
HD 19903	HIP 14875	48.00884	0.10767	177.89	m	7.139	0.888	K0 III	1.33
HD 208700	HIP 108385	329.37163	29.31011	177.9	m	7.319	1.068	K3III	1.445
HD 43352	HIP 30031	94.79149	56.52659	177.9	m	7.024	0.773	K 1 III	1.366
HD 2941	HIP 2593	8.22411	29.61098	177.91	m	8.271	2.02	F2	0.463
HD 195683	HIP 101637	309.01567	-62.60415	177.93	m	8.499	2.248	F0 III	0.352
HD 98178	HIP 55129	169.29997	-49.64212	177.93	m	8.77	2.519	F5 IV/V	0.499
HD 58018	HIP 35652	110.346	-48.53289	177.94	m	7.744	1.493	B8 IV/V + (A)	-0.009
HD 153598	HIP 82891	254.0913	62.3699	177.94	m	6.912	0.661	A0	0.145
HD 9159	HIP 6967	22.42169	-30.04619	177.94	m	8.346	2.095	F3 V	0.461
HD 172783	HIP 91121	278.81305	72.2742	177.95	m	7.491	1.239	K0	1.269
HD 68563	HIP 40349	123.57163	33.55398	177.95	m	8.092	1.84	K0	1.343
HD 211362	HIP 110004	334.21114	-16.38438	177.96	m	8.218	1.966	F6/7 V	0.561
HD 105866	HIP 59400	182.78324	12.47101	177.96	m	8.757	2.505	F5	0.582
HD 137060	HIP 75507	231.35746	-41.94117	177.96	m	8.582	2.33	G8 V	0.933
HD 85180	HIP 48252	147.5509	-0.22849	177.97	m	7.236	0.984	K0/1 III	1.3
HD 123769	HIP 69225	212.59753	-30.08767	177.97	m	7.17	0.918	A5 IV/V	0.166
HD 72589	HIP 41973	128.33563	-12.73717	177.98	m	8.022	1.77	A5 V	0.214
HD 31457	HIP 22902	73.89136	-11.38137	177.98	m	8.852	2.6	A9 V	0.297
HD 21046	HIP 15971	51.4069	47.02064	177.99	m	8.967	2.715	A 7 V	0.367
HD 24545	HIP 18913	60.7964	78.20277	178	m	7.09	0.838	K0	1.221
HD 74656	HIP 42993	131.44389	19.04946	178	m	8.029	1.777	A M	0.277
HD 192684	HIP 99801	303.72567	32.86872	178	m	6.86	0.608	B9	0.019
HD 164056	HIP 87385	267.85361	74.56908	178.01	m	6.771	0.519	A3	0.302
HD 17031	HIP 12746	40.9657	-7.19896	178.01	m	8.666	2.414	F3 V	0.478
HD 21	HIP 430	1.29276	-32.46867	178.02	m	7.221	0.969	K1 III	1.322
HD 157585	HIP 85208	261.17686	-13.29432	178.05	m	8.408	2.155	A9 V	0.351
HD 124503	HIP 69599	213.68015	-31.05067	178.05	m	7.293	1.04	A9 IV/V (+ F)	0.394
HD 233755	HIP 51995	159.33948	50.55119	178.06	m	8.916	2.663	F2	0.366
HD 216850	HIP 113227	343.94591	44.30823	178.07	m	6.911	0.658	K0	0.971
HD 90958	HIP 51366	157.37138	-33.40887	178.08	m	7.817	1.564	A3/5 III	0.283
HD 22965	HIP 17240	55.38384	10.08176	178.09	m	7.38	1.127	G5	1.474
HD 112929	HIP 63418	194.93318	40.47483	178.09	m	8.211	1.958	F5	0.39
HD 123880	HIP 69194	212.48638	11.37324	178.1	m	7.514	1.261	A2	0.107
HD 46981	HIP 31743	99.60919	44.3131	178.1	m	8.416	2.163	F2	0.47
HD 63079	HIP 37838	116.36402	-37.59628	178.11	m	6.971	0.718	B9 V	-0.065
HD 73754	HIP 42406	129.69851	-33.87096	178.12	m	7.727	1.473	G8 III/IV	1.075
HD 10240	HIP 7702	24.78396	-48.77551	178.12	m	7.303	1.049	A1 V	0.113
HD 112651	HIP 62971	193.5556	82.51772	178.14	m	7.246	0.992	K0	1.334
HD 176694	HIP 93236	284.86958	43.73318	178.14	m	8.244	1.99	K0	1.384
HD 18690	HIP 13970	44.9808	-13.68344	178.14	m	7.182	0.928	K0/1 III	1.283
HD 18460	HIP 14013	45.10176	56.31352	178.14	m	8.477	2.223	F 3 V	0.416
HD 115105	HIP 64660	198.80979	-18.91994	178.15	m	8.677	2.423	F2 V	0.353
HD 24023	HIP 17688	56.83215	-50.75402	178.15	m	6.733	0.479	K3 III	1.584
HD 11085	HIP 8491	27.36752	24.6802	178.17	m	8.325	2.071	A0	0.137
HD 118160	HIP 66270	203.73628	6.45236	178.17	m	8.743	2.489	F8	0.568
HD 136752	HIP 75103	230.20101	42.70198	178.17	m	8.611	2.357	G0	0.918
HD 210607	HIP 109473	332.65977	40.26372	178.17	m	8.592	2.338	F8	0.389
HD 7581	HIP 5861	18.79337	-44.6215	178.18	m	8.421	2.167	F5 IV/V	0.542
HD 179147	HIP 94187	287.6316	22.7273	178.19	m	8.457	2.203	K0	1.082
HD 133529	HR 5614|HIP 73865	226.44886	-25.78948	178.19	m	6.637	0.383	B7 V(N)	-0.02
HD 216333	HIP 112944	343.11848	-21.183	178.2	m	8.779	2.524	A8 IV/V	0.319
HD 46459	HIP 31206	98.19873	-17.7101	178.22	m	7.692	1.437	A2 V	0.117
HD 28760	HIP 21587	69.53725	71.46995	178.22	m	7.671	1.416	A2	0.161
HD 86312	HIP 48874	149.53006	22.66433	178.23	m	8.285	2.03	A2	0.254
HD 76310	HIP 43855	133.99569	21.69219	178.25	m	8.554	2.299	A M	0.334
HD 111541	HIP 62614	192.45263	26.43132	178.25	m	6.985	0.73	G9IV	1.265
HD 75364	HIP 43187	131.9746	-43.35417	178.25	e	7.325	1.07	K1 III	0.979
HD 177786	HIP 93766	286.43654	9.7704	178.25	m	7.701	1.446	K2	1.345
HD 78347	HIP 44838	137.03497	14.7114	178.25	m	7.478	1.223	K0	1.418
HD 45795	HIP 30732	96.84911	-44.17006	178.26	m	8.543	2.288	A5 V	0.208
HD 118000	HIP 66179	203.45928	17.42511	178.26	m	8.316	2.061	F8	0.644
HD 79054	HIP 44924	137.26873	-59.55728	178.26	m	8.434	2.179	F0 V	0.419
28 Cam	HD 38129|HIP 27283	86.72752	56.92393	178.26	m	6.813	0.558	A 7 V	0.15
HD 103449	HIP 58081	178.67267	-11.04958	178.27	m	8.274	2.019	A9 V	0.298
HD 162834	HIP 87559	268.31408	-5.92889	178.27	m	6.976	0.721	K1 III	1.48
HD 51418	HIP 33643	104.83388	42.31477	178.28	m	6.685	0.43	A0	0.101
HD 44435	HIP 30349	95.75141	27.44368	178.28	m	8.776	2.52	A3	0.348
HD 49226	HIP 32524	101.80597	-5.61367	178.28	m	8.859	2.603	F5 V	0.478
HD 100721	HIP 56520	173.80885	-35.61204	178.31	m	6.887	0.631	A2/3 V	0.125
HD 216720	HIP 112592	342.05538	84.776	178.31	m	7.208	0.952	K0	1.293
HD 167943	HIP 89561	274.13141	23.39861	178.31	m	7.434	1.178	K0	1.265
HD 84984	HIP 48126	147.18121	-9.91865	178.32	m	6.968	0.712	A0 V	0.021
HD 77199	HIP 44249	135.16682	-13.16729	178.33	m	8.085	1.829	A3 IV	0.197
HD 141271	HIP 77404	237.03272	3.44314	178.33	m	8.24	1.984	A9/F0 V	0.402
HD 97292	HIP 54671	167.8646	-43.45988	178.33	m	7.615	1.359	A2 IV	0.21
HD 28414	HIP 21325	68.65987	70.34638	178.34	m	7.944	1.688	A0	0.155
HD 42251	HIP 29453	93.09084	49.9472	178.34	m	8.823	2.567	F	0.326
HD 71947	HIP 41627	127.29528	-28.66573	178.34	m	7.541	1.285	G6/8 III	1.058
HD 98643	HIP 55429	170.27135	17.87148	178.35	m	8.745	2.489	F5	0.491
HD 193465	HIP 100420	305.4482	-36.90151	178.36	m	8.76	2.504	F8	0.564
HD 65846	HIP 39115	120.04275	-16.95345	178.36	m	7.144	0.887	K0 III	1.138
HD 46726	HIP 31243	98.29931	-37.82195	178.37	m	7.289	1.032	F3 IV/V	0.355
HD 217614	HIP 113799	345.68445	-52.96533	178.38	m	7.352	1.095	K0 III	1.084
HD 32415	HIP 22998	74.2116	-70.92509	178.38	m	7.27	1.013	G8/K0 III	1.115
HD 206698	HIP 107216	325.73378	37.90492	178.39	m	7.458	1.201	A0	0.271
HD 211105	HIP 109884	333.82911	-24.99083	178.39	m	8.846	2.589	F3 V	0.41
HD 145102	HIP 79235	242.56634	-26.90913	178.39	m	6.593	0.336	AP SI	0.058
HD 22684	HIP 17038	54.78404	9.14369	178.4	m	7.784	1.527	A3	0.227
HD 69	HIP 446	1.34265	-79.25375	178.4	m	7.848	1.591	K0 III	1.273
HD 2376	HIP 2169	6.84228	-28.24316	178.4	m	7.113	0.856	G8/K0 III	1.136
HD 96832	HIP 54552	167.44632	54.10659	178.41	m	6.978	0.721	G0	1.006
HD 93106	HIP 52523	161.08763	-46.20694	178.42	m	8.68	2.423	F7 V	0.583
HD 201429	HIP 104223	316.72909	59.88982	178.42	m	7.732	1.475	A0	0.112
HD 1658	HIP 1700	5.34259	67.00538	178.43	m	7.298	1.041	B 8 V	0.039
HD 5056	HIP 4077	13.07145	-13.90588	178.43	m	8.195	1.938	F3 V	0.543
HD 99362	HIP 55800	171.49749	-1.07835	178.44	m	8.178	1.921	F0 V	0.34
HD 162904	HIP 87566	268.33002	2.668	178.45	m	7.563	1.305	K1 IV	1.235
HD 51607	HIP 33359	104.07452	-38.60965	178.45	m	7.668	1.41	A0 VN	0.019
HD 85949	HIP 48630	148.75048	-16.19387	178.45	m	6.622	0.364	K0 III + F/G	0.902
HD 131958	HIP 73161	224.28011	-16.51486	178.46	m	8.256	1.998	F3 V	0.517
HD 11150	HIP 9014	29.01225	80.90845	178.47	m	7.242	0.984	K0	1.411
HD 207250	HIP 107641	327.04542	-24.05536	178.47	m	8.465	2.207	F0 V	0.394
HD 137210	HIP 75504	231.3441	-21.92925	178.47	m	7.855	1.597	K0 III	1.266
HD 152877	HIP 82765	253.72989	28.13713	178.48	m	7.357	1.099	F0	0.318
HD 192922	HIP 100060	304.50246	-18.26393	178.48	m	7.689	1.431	A2 V	0.096
HD 122867	HIP 68747	211.08073	2.60753	178.49	m	8.395	2.137	K1 III/IV	1.227
HD 43881	HIP 29823	94.20991	-39.63264	178.49	m	8.188	1.93	A2 V	0.138
HD 107534	HIP 60280	185.40758	-0.158	178.5	m	8.22	1.962	K2 IVCNII	1.383
HD 18667	HIP 13989	45.03416	0.23542	178.5	m	8.411	2.153	G6/8 IV	1.115
HD 67065	HIP 39785	121.95218	38.58063	178.5	m	7.13	0.872	F0	0.354
HD 73806	HIP 42456	129.84672	-28.37764	178.5	m	8.203	1.945	F0 V	0.319
HD 176735	HIP 93406	285.35229	7.27946	178.51	m	8.93	2.672	F5	0.367
HD 7599	HIP 5983	19.2431	53.76818	178.52	m	8.686	2.428	F2	0.406
HD 188617	HIP 98125	299.14284	-15.70379	178.52	m	7.762	1.504	K0 III	1.291
HD 12648	HIP 10800	34.7487	85.73616	178.53	m	7.085	0.826	G5	1.045
HD 206377	HIP 107127	325.5019	-12.24961	178.54	m	7.938	1.679	A7 IV	0.263
HD 153589	HIP 83215	255.11246	-0.77995	178.55	m	8.898	2.639	F2 IV	0.739
HD 218365	HIP 114152	346.77097	35.63649	178.56	m	6.509	0.25	K0	1.37
HD 173326	HIP 91708	280.53498	49.38523	178.56	m	7.954	1.695	K2	1.455
HD 135377	HIP 74795	229.28254	-56.38411	178.56	m	7.533	1.274	K0 III	1.357
9 Aqr	HD 200004|HIP 103728	315.28472	-13.52999	178.57	m	6.646	0.387	G6/8 III	0.984
HD 84633	HIP 48140	147.2085	60.0969	178.57	m	7.127	0.868	K0	1.356
HD 19987	HIP 14851	47.9546	-29.16282	178.57	m	7.107	0.848	K0 III	1.213
HD 217085	HIP 113273	344.05481	72.83732	178.57	e	7.433	1.174	A2	0.232
HD 98456	HIP 55293	169.85993	-28.47571	178.57	m	7.408	1.149	G8 III	1.058
HD 151143	HIP 82417	252.63812	-67.35123	178.58	m	8.496	2.237	K2 III	1.395
HD 185510	HIP 96714	294.91174	-6.06374	178.58	m	8.448	2.189	K0/1 III	1.301
HD 25932	HIP 19298	62.05463	43.19114	178.59	m	6.554	0.295	B8	-0.014
HD 42092	HIP 29154	92.24868	2.49636	178.59	m	6.678	0.419	A2 IV	0.056
HD 20863	HIP 15819	50.9472	48.60441	178.6	m	6.985	0.726	B 9 V	0.007
HD 211935	HIP 110338	335.21398	-8.76553	178.61	m	7.337	1.077	K1 III	1.493
HD 28720	HIP 21012	67.59337	-30.44407	178.61	m	7.327	1.067	A1 V	0.117
HD 208076	HIP 107997	328.2002	38.83551	178.63	m	7.177	0.917	K0	1.072
HD 452	HIP 724	2.24683	-21.20635	178.63	m	7.341	1.081	K0 III	1.262
HD 13433	HIP 10185	32.73524	-15.31476	178.64	m	8.178	1.918	A0 V	0.14
HD 100786	HIP 56543	173.90834	-50.72347	178.64	m	8.153	1.893	A5 V	0.186
HD 40568	HIP 28656	90.76799	57.01831	178.64	m	6.605	0.345	G5	1.091
HD 3528	HIP 2907	9.20726	-76.30958	178.65	m	6.762	0.502	F2/3 III	0.417
HD 73266	HIP 42255	129.24016	-18.68114	178.65	m	7.124	0.864	G8 III	1.086
HD 183123	HIP 95504	291.37384	50.07081	178.65	m	8.387	2.127	F8	0.522
HD 26415	HIP 20225	65.0115	78.07959	178.65	m	7.062	0.802	G5	1.188
HD 91318	HIP 51602	158.11891	-6.07508	178.66	m	6.95	0.69	K1 III	1.26
HD 164809	HIP 88305	270.50214	22.45571	178.66	m	7.509	1.249	K0II-III	1.375
HD 34948	HIP 25037	80.41865	12.66831	178.66	m	7.983	1.723	A3	0.372
HD 4831	HIP 3946	12.66073	25.58494	178.69	m	7.296	1.035	G8III	1.095
HD 137339	HIP 75552	231.52235	-21.38023	178.7	m	7.088	0.827	K0 III	1.331
HD 101855	HIP 57176	175.88003	31.76204	178.71	m	6.908	0.647	K0	1.28
HD 109680	HIP 61510	189.03906	49.18287	178.71	m	8.748	2.487	F0V	0.37
HD 223967	HIP 117853	358.55327	-59.54204	178.71	m	7.041	0.78	B8/9 III(P SICR)	-0.055
HD 122370	HIP 68518	210.40964	-9.94011	178.71	m	8.697	2.436	Fm delta DEL	0.438
HD 164716	HR 6732|HIP 88374	270.69279	-5.35809	178.71	m	6.763	0.502	B9 IV	0.133
HD 171144	HIP 90891	278.10205	17.27455	178.72	m	8.623	2.362	A3	0.237
HD 17046	HIP 12819	41.20056	21.61409	178.72	m	7.916	1.655	G 8 III-IV	1.117
HD 205328	HIP 106205	322.68426	70.99963	178.72	m	8.218	1.957	A0	0.193
HD 167788	HIP 89606	274.29027	-7.21843	178.73	m	8.661	2.4	A5 IV	0.502
HD 100998	HIP 56683	174.33382	-12.34719	178.74	m	7.269	1.008	K0 III	1.259
HD 196410	HIP 101687	309.16977	16.71358	178.74	m	8.365	2.104	A0	0.063
HD 160573	HIP 86629	265.51508	-30.49219	178.74	m	8.801	2.54	F5 V	0.622
HD 61516	HIP 37167	114.56494	-34.98039	178.75	m	7.864	1.603	A0 V	0.081
HD 72846	HIP 42164	128.9378	19.77116	178.76	m	7.498	1.237	AKV	0.164
HD 170632	HIP 90690	277.55034	8.85503	178.76	m	8.688	2.427	A3	0.358
HD 27860	HIP 20558	66.06034	12.15798	178.78	m	6.556	0.294	K0	1.697
HD 24527	HIP 18274	58.63958	13.7709	178.81	m	7.684	1.422	G5	1.309
HD 179232	HIP 94397	288.18975	-24.48726	178.82	m	7.58	1.318	B9.5/A0 V	0.041
HD 34380	HIP 24816	79.79452	45.0115	178.83	m	8.346	2.084	A0	0.274
HD 14971	HIP 11225	36.118	-13.29316	178.83	m	7.708	1.446	F5 III	0.476
HD 223989	HIP 117858	358.58116	3.67786	178.83	m	7.412	1.15	K0 III	1.333
HD 93539	HIP 52690	161.60813	-63.29969	178.84	m	7.078	0.816	G6/8 III	1.074
HD 30848	HIP 22389	72.29431	-42.38479	178.85	m	7.259	0.997	A3 V(S)	0.187
HD 90206	HIP 51029	156.37737	36.20456	178.85	m	6.743	0.481	K0	1.139
HD 190283	HIP 98896	301.24184	-21.31409	178.85	m	7.238	0.976	G8/K0 III	1.185
HD 81940	HIP 46548	142.39699	27.39385	178.85	m	8.448	2.186	A0	0.19
HD 192821	HIP 99979	304.24301	-1.21177	178.88	m	7.993	1.73	A1 V	0.151
HD 130005	HIP 72162	221.40069	8.15968	178.89	m	7.082	0.819	K0	1.195
HD 32577	HIP 23601	76.11875	7.83028	178.9	m	7.276	1.013	K0	1.194
HD 121620	HIP 68213	209.48518	-53.70426	178.9	m	7.194	0.931	G6/8 III	1.095
HD 46272	HIP 31047	97.71505	-35.00041	178.91	m	7.165	0.902	A4/5 V	0.222
HD 25057	HIP 18716	60.14507	42.22549	178.91	m	8.016	1.753	A0	0.068
HD 14402	HIP 11097	35.72041	68.76191	178.92	m	7.386	1.123	G5	1.297
HD 15822	HIP 11830	38.17258	-1.75648	178.92	m	8.765	2.502	F0 V	0.377
HD 32721	HIP 23661	76.27636	-3.67015	178.93	m	8.409	2.146	A2 V	0.188
HD 214343	HIP 111862	339.8772	-68.0604	178.93	m	7.014	0.751	K0 III	1.277
HD 124720	HIP 69689	213.98096	-29.80671	178.94	m	8.992	2.728	F3 V	0.464
HD 37098	HR 1902|HIP 26396	84.28695	26.92434	178.96	m	6.544	0.28	B8III	-0.037
HD 36136	HIP 25553	81.93687	-39.22193	178.96	m	6.948	0.684	G8 III	1.027
HD 20421	HIP 15284	49.29938	1.55806	178.97	m	7.785	1.521	A4 III/IV	0.255
HD 180783	HIP 94846	289.4884	-0.94356	178.97	m	7.355	1.091	A7 IV	0.298
HD 216508	HIP 112721	342.41638	80.36773	178.97	m	7.109	0.845	K0	1.214
HD 103276	HIP 57979	178.39044	-16.11499	178.97	m	7.569	1.305	K0 III	1.189
HD 191949	HIP 99588	303.16088	-6.36613	178.98	m	6.918	0.654	A0 V	0.049
HD 89613	HIP 50518	154.75938	-56.02072	178.98	m	8.23	1.966	A4	0.298
HD 76799	HIP 44007	134.41842	-24.84111	178.98	m	7.214	0.95	K0 III	1.197
HD 8526	HIP 6650	21.33147	51.68279	178.99	m	8.204	1.94	A0	0.144
HD 118019	HIP 66116	203.30479	47.75873	178.99	m	7.59	1.326	K0	1.233
HD 129107	HIP 71937	220.69381	-55.18185	178.99	m	8.543	2.279	F3 + F III	0.514
HD 4723	HIP 3811	12.25246	-36.26353	178.99	m	7.699	1.435	K0 III	1.128
HD 5654	HIP 4559	14.58106	6.84431	178.99	m	6.844	0.58	K 0 III	1.25
HD 1116	HIP 1225	3.81286	-40.09598	178.99	m	7.607	1.343	G8/K1 III	1.23
HD 158752	HIP 86128	264.02662	-66.8649	178.99	m	7.158	0.894	K0 III	1.233
HD 31469	HIP 22909	73.94002	-7.89381	179	m	7.99	1.726	A0 V	0.137
HD 182620	HIP 95432	291.18478	19.93942	179	m	7.176	0.912	A2V	0.149
HD 90651	HIP 51250	157.02315	3.3157	179.01	m	7.844	1.58	A1 V	0.099
HD 7805	HIP 6049	19.42734	1.15181	179.02	m	8.135	1.87	F0 V	0.348
HD 198111	HIP 102666	312.06478	-4.64029	179.04	m	7.078	0.813	K1/2 III	1.384
HD 17257	HIP 13076	42.01273	51.55166	179.06	m	7.795	1.53	A0	0.219
HD 56318	HIP 34955	108.49141	-50.47156	179.06	m	6.772	0.507	B9 V	-0.045
HD 220606	HIP 115615	351.30963	-36.18546	179.07	m	7.874	1.609	A3 V	0.2
HD 49365	HIP 32700	102.33057	28.5417	179.07	m	8.334	2.069	G0IV	0.781
HD 222218	HIP 116650	354.59224	58.65404	179.07	m	7.096	0.831	K1III	1.177
HD 208251	HIP 108305	329.12129	-53.04833	179.09	m	7.99	1.725	A7 IV	0.275
HD 20680	HIP 15575	50.15953	26.92737	179.09	m	7.885	1.62	K2III	1.379
HD 83934	HIP 47617	145.64428	32.99488	179.09	m	7.041	0.776	G5	1.233
HD 160874	HIP 86792	266.02358	-38.80574	179.09	m	6.847	0.582	G8 III/IV	1.127
HD 51968	HIP 33396	104.19325	-51.01604	179.09	m	7.35	1.085	K1 III	1.388
HD 204215	HIP 105882	321.67142	13.68829	179.09	m	7.375	1.11	A2	0.071
HD 28936	HIP 21193	68.15761	-25.20487	179.1	m	8.026	1.761	A5 III	0.277
HD 188960	HIP 98286	299.54904	-15.96968	179.11	m	7.697	1.431	A2/3 II	0.38
HD 112958	HIP 63434	194.9832	32.47991	179.11	m	8.64	2.374	F 6 V	0.516
HD 91602	HIP 51365	157.37046	-80.51176	179.12	m	8.89	2.624	G8 V	1.054
HD 111542	HIP 62616	192.45818	21.64083	179.13	m	8.499	2.233	A 7 IV	0.263
HD 21061	HIP 15942	51.32176	37.91871	179.14	m	8.146	1.88	G5	1.223
HD 41599	HIP 29068	91.98328	36.06528	179.14	m	7.08	0.814	K2	1.381
HD 133898	HIP 74056	227.02364	-36.55338	179.14	m	8.633	2.367	K1 III/IV	1.254
HD 192937	HIP 99978	304.24071	18.3538	179.16	m	8.037	1.771	A0	0.138
HD 15607	HIP 11669	37.63434	-1.67149	179.16	m	7.894	1.628	F0 V	0.34
HD 202345	HIP 104458	317.39679	75.22778	179.16	m	6.959	0.693	F5	0.608
HD 195513	HIP 101309	308.02196	-8.43832	179.16	m	8.044	1.778	A4 V	0.269
HD 169650	HIP 90350	276.5309	-8.15236	179.17	m	8.406	2.14	A0 V	0.212
HD 117476	HIP 65853	202.48374	34.52428	179.18	m	7.716	1.45	A3	0.263
HD 51068	HIP 33858	105.43835	69.64642	179.19	m	6.739	0.472	G5	1.125
HD 50181	HIP 32762	102.46592	-45.04813	179.2	m	8.459	2.192	A2 + F/G (III)	0.397
HD 50196	HR 2546|HIP 32771	102.49043	-45.45041	179.2	m	6.732	0.465	K5/M0 III	1.848
HD 1919	HIP 1867	5.90877	42.056	179.2	m	8.166	1.899	F5	0.504
HD 234826	HIP 94194	287.6526	54.47636	179.21	e	8.7	2.433	F8	0.463
26 Her	HD 148616|HIP 80648	246.99042	32.69946	179.22	m	6.99	0.723	K0	1.268
HD 178944	HIP 93573	285.87272	73.37912	179.22	m	7.883	1.616	F0	0.306
HD 55201	HIP 34856	108.19292	21.3525	179.23	m	7.417	1.15	G5	1.329
HD 23773	HIP 17501	56.21949	-56.65808	179.24	m	8.068	1.801	K0 III	1.145
HD 105982	HIP 59459	182.94197	23.3225	179.24	m	6.847	0.58	K2	1.193
HD 135831	HIP 75071	230.10986	-62.10433	179.24	m	8.987	2.72	K1 III	1.274
HD 204415	HIP 105978	321.95063	21.73588	179.25	m	7.253	0.986	K 0 III	1.085
HD 37184	HIP 26546	84.68279	41.83922	179.26	m	6.751	0.484	K5	1.74
HD 164871	HR 6740|HIP 88815	271.95151	-64.55018	179.26	m	6.537	0.27	K2/3 III	1.521
HD 185993	HIP 97076	295.92859	-44.13369	179.27	m	7.406	1.138	K1/2 III	1.48
HD 9101	HIP 6957	22.38433	-9.48909	179.29	m	6.969	0.701	G8 III	1.112
HD 142070	HIP 77752	238.14611	-1.03134	179.3	m	7.991	1.723	B9 V	0.212
HD 112141	HIP 62991	193.61211	-7.61045	179.31	m	8.467	2.199	A9 V	0.311
HD 119535	HIP 66964	205.87207	22.01845	179.31	m	8.518	2.25	F 5 IV	0.491
HD 135049	HIP 74483	228.29385	-4.66561	179.31	m	8.575	2.307	A7 IV	0.335
HD 129364	HIP 71986	220.83978	-41.0242	179.31	m	8.033	1.765	F5 V	0.485
HD 198233	HIP 102846	312.52166	-35.55903	179.32	m	8.956	2.688	F2 V	0.438
HD 50904	HIP 33722	105.08718	67.3306	179.32	m	6.633	0.365	G5	1.061
HD 66376	HIP 39336	120.61986	-20.31832	179.33	m	7.692	1.424	A1 IV/V	0.092
HD 42299	HIP 29261	92.54187	6.32013	179.33	m	7.667	1.399	A3	0.279
HD 211642	HIP 109981	334.1346	63.71243	179.35	m	7.36	1.092	G5	1.269
HD 29597	HIP 21495	69.25172	-51.84074	179.35	m	8.492	2.224	G5 V	0.93
HD 121911	HIP 68308	209.74735	-28.23275	179.35	m	8.692	2.424	G8 IV	1.03
HD 18104	HIP 13609	43.84172	27.72238	179.36	m	6.842	0.573	B9	-0.042
HD 47907	HIP 31815	99.77424	-37.53269	179.37	m	7.957	1.688	K0 III	1.204
HD 21038	HR 1026|HIP 15925	51.28911	41.2573	179.37	m	6.51	0.241	A 0 V	0.022
HD 85291	HIP 48382	147.94355	39.62243	179.37	m	7.846	1.577	A3	0.196
HD 91932	HIP 51983	159.31716	23.44987	179.37	m	8.294	2.025	F5	0.46
HD 185731	HIP 96137	293.21744	75.33102	179.37	m	7.803	1.534	A2	0.199
HD 56909	HIP 35158	108.99937	-54.9616	179.37	m	7.492	1.223	K2 IIICNIB/II	1.454
HD 34730	HIP 25495	81.7889	73.5116	179.38	m	8.077	1.808	A0	0.122
HD 98474	HIP 55291	169.85636	-32.50723	179.38	m	8.098	1.829	F2/3 IV	0.473
HD 26047	HIP 19844	63.81087	75.82017	179.38	m	8.668	2.399	F2	0.532
HD 28801	HIP 21450	69.09661	62.90906	179.38	m	7.842	1.573	A2	0.33
HD 79798	HIP 45676	139.67681	60.88674	179.4	m	8.632	2.363	A2	0.305
HD 122363	HIP 68326	209.79445	64.38524	179.41	m	7.219	0.95	K2	1.264
HD 197312	HIP 102206	310.63948	12.72824	179.41	m	8.284	2.015	F5	0.413
HD 99210	HIP 55713	171.24243	-2.21237	179.42	m	6.778	0.509	A7mA8-F2	0.29
HD 138212	HIP 76637	234.75583	-78.23518	179.42	m	7.008	0.739	A3/5 III/IV	0.199
HD 24980	HIP 18697	60.08528	47.57168	179.42	m	8.387	2.118	A2	0.231
HD 184841	HIP 96586	294.53445	-42.40922	179.42	m	8.824	2.555	F6 V	0.531
HD 74587	HIP 42966	131.36772	20.39539	179.42	m	8.514	2.245	A5	0.338
HD 152	HIP 517	1.56405	-55.4987	179.42	m	8.931	2.662	F5 IV/V	0.473
HD 58961	HIP 36115	111.59222	-35.17665	179.42	m	7.524	1.255	K0 III	1.236
HD 166384	HIP 89038	272.59988	0.54335	179.43	m	8.103	1.834	A0/1 V	0.137
HD 101897	HIP 57173	175.87784	-15.04282	179.43	m	6.903	0.633	B9 V	-0.039
HD 176003	HIP 92926	283.98814	44.22837	179.43	m	6.974	0.704	A2	0.1
HD 149960	HIP 81521	249.76848	-27.98231	179.43	m	8.24	1.97	F5 V	0.7
HD 105775	HIP 59354	182.64993	-36.83485	179.44	m	8.184	1.914	A2M	0.384
HD 205240	HIP 106451	323.41042	15.58223	179.44	m	8.902	2.632	F2	0.4
HD 149505	HIP 81189	248.75677	6.84947	179.44	m	8.249	1.979	A3	0.191
HD 25949	HIP 19307	62.08009	41.49046	179.44	m	7.902	1.632	A0	0.181
HD 134869	HIP 74342	227.90632	21.52648	179.45	m	7.67	1.4	A2	0.286
HD 138039	HIP 75799	232.28357	13.03264	179.46	m	7.124	0.854	K 0 III	1.141
HD 205424	HIP 106610	323.89236	-11.78952	179.46	m	8.64	2.37	F3 V	0.433
HD 217455	HIP 113619	345.17457	10.29638	179.46	m	8.485	2.215	F0	0.368
HD 194432	HIP 100819	306.63644	-29.07391	179.47	m	7.28	1.01	K1 III	1.336
HD 31743	HIP 23058	74.436	-13.70498	179.48	m	7.578	1.308	A0 V	0.07
HD 221069	HIP 115930	352.32055	-54.50141	179.48	m	6.648	0.378	K0 III	1.246
HD 185187	HIP 96806	295.1752	-54.21036	179.48	m	6.918	0.648	A3/4 V	0.159
HD 11142	HIP 8545	27.5488	27.03295	179.5	m	8.298	2.028	F5	0.572
HD 23219	HIP 17548	56.36482	47.66035	179.5	m	7.164	0.894	B9	-0.011
HD 89351	HIP 50476	154.599	-13.30475	179.51	m	7.126	0.856	G8/K0 III	1.177
HD 205087	HR 8240|HIP 106355	323.11256	23.39458	179.51	m	6.669	0.399	A2P	-0.073
HD 1360	HIP 1461	4.56122	72.94676	179.53	e	7.591	1.32	A3	0.256
HD 8603	HIP 6581	21.13398	-25.31969	179.53	e	8.82	2.549	A4 IV	0.193
HD 75475	HIP 43272	132.22736	-38.9701	179.53	m	7.137	0.866	K0 III	1.178
HD 102844	HIP 57740	177.60992	-2.41852	179.54	m	7.961	1.69	G0 V	0.713
HD 211566	HIP 110069	334.42042	17.41502	179.55	m	8.677	2.406	F 0 V	0.299
HD 203061	HIP 105527	320.59634	-59.86391	179.56	m	7.717	1.446	K2 III	1.392
HD 89846	HIP 50900	155.91031	58.4103	179.56	m	8.502	2.231	F2	0.339
HD 210097	HIP 109475	332.66454	-68.32904	179.56	m	7.162	0.891	K1 III	1.36
HD 107857	HIP 60451	185.89934	-3.67736	179.56	m	8.907	2.636	K0 IV	1.125
HD 94083	HR 4241|HIP 53155	163.1287	52.56535	179.57	m	6.859	0.588	K0	1.268
HD 169777	HIP 90132	275.89939	50.79151	179.57	m	8.901	2.63	F5	0.317
HD 215092	HIP 112121	340.66295	14.03342	179.57	m	7.941	1.67	F5	0.542
HD 154509	HIP 83551	256.13414	31.41131	179.57	m	7.586	1.315	K2	1.167
HD 221471	HIP 116179	353.10231	4.04755	179.58	m	8.647	2.376	F2 V	0.396
HD 279	HIP 625	1.9071	40.0785	179.58	m	7.503	1.232	K0	1.164
HD 137666	HIP 75673	231.90973	-8.94805	179.58	m	7.737	1.466	K0 III	1.242
43 Psc	HD 2035|HIP 1948	6.15898	14.31552	179.59	m	6.606	0.335	K0	1.39
HD 178634	HIP 93775	286.45847	59.29202	179.6	m	7.692	1.42	A2	0.127
HD 147733	HIP 80091	245.2135	54.38621	179.6	m	7.772	1.5	A3	0.206
HD 15674	HIP 11760	37.93083	19.29091	179.6	m	8.545	2.273	K2	1.149
HD 12547	HIP 9623	30.9208	27.08476	179.61	m	8.456	2.184	F5	0.548
HD 33163	HIP 23862	76.92649	-17.28874	179.61	m	7.335	1.063	K1 III	1.394
HD 29152	HIP 21370	68.77846	-8.69347	179.61	m	8.604	2.332	A2 III	0.231
HD 135077	HIP 74382	227.99998	38.67012	179.62	m	8.562	2.29	A2	0.3
38 Dra	HD 169027|HIP 89594	274.24476	68.74145	179.63	m	6.773	0.501	A0	-0.082
HD 8338	HIP 6423	20.615	-10.60589	179.64	m	8.561	2.289	A1mA7-A7	0.202
HD 38420	HIP 27439	87.15081	52.59282	179.64	m	8.128	1.856	A3	0.243
HD 190453	HIP 98944	301.33415	-6.58492	179.66	m	8.966	2.694	A2 IV/V	0.275
HD 215875	HIP 112624	342.14852	-17.25607	179.66	m	8.264	1.992	A2MA3-F0	0.221
HD 11948	HIP 9244	29.71335	55.58172	179.67	m	7.882	1.61	A 0 P(SR,EU)	0.26
HD 125071	HIP 69935	214.67539	-52.2375	179.68	m	8.117	1.845	A9 V	0.383
HD 167852	HIP 89872	275.08917	-56.21568	179.68	m	7.055	0.782	G8/K0 III	1.179
HD 214525	HIP 111765	339.59717	29.71199	179.7	m	8.386	2.113	F2	0.414
HD 286844	HIP 21205	68.23323	12.58459	179.71	m	8.864	2.591	F8	0.964
HD 140255	HIP 76925	235.60798	5.03184	179.72	m	8.679	2.406	A0	0.291
HD 204829	HIP 106144	322.49916	41.51045	179.72	m	7.364	1.091	A0	0.233
HD 148657	HIP 80897	247.79864	-38.38298	179.72	m	8.567	2.294	A0 V	0.323
HD 2389	HIP 2200	6.95238	28.17385	179.72	m	8.126	1.853	A2	0.177
HD 48011	HIP 32055	100.46092	14.21668	179.73	m	6.795	0.522	A2	0.062
HD 14448	HIP 10850	34.91481	-12.76151	179.73	m	8.886	2.613	F8/G0 V	0.64
HD 168907	HIP 90236	276.1684	-48.79231	179.75	m	8.072	1.799	F0/2 IV	0.348
HD 104525	HIP 58694	180.57355	51.3451	179.75	m	8.985	2.712	F8	0.417
HD 168355	HIP 89871	275.08815	-27.4077	179.76	m	7.4	1.127	K1 III	1.654
HD 126367	HR 5397|HIP 70518	216.37455	-19.96999	179.76	m	6.611	0.338	A1/2 V	0.133
HD 26346	HIP 19478	62.58297	8.41477	179.77	m	8.293	2.019	B9	0.233
HD 131429	HIP 72891	223.46421	-9.08595	179.77	m	7.371	1.097	A2/3 IV/V	0.156
HD 181751	HIP 95109	290.22625	22.19878	179.77	m	6.541	0.267	B8	-0.084
HD 148765	HIP 80798	247.47665	14.26927	179.78	m	8.772	2.498	K0	1.104
HD 172612	HIP 91385	279.58231	53.88517	179.78	m	8.47	2.196	F8	0.444
HD 10132	HIP 7767	24.99227	41.66674	179.8	m	6.948	0.674	G5	1.056
HD 43129	HIP 29760	94.00705	33.19898	179.8	m	7.875	1.601	A2	0.206
HD 115321	HIP 64755	199.06739	15.0242	179.81	m	8.325	2.051	F0	0.352
HD 65854	HIP 39426	120.8849	54.15979	179.82	m	8.505	2.231	G 8 III-BA1	1.12
HD 156286	HIP 84495	259.12053	5.12827	179.83	m	7.948	1.674	A2	0.376
HD 23841	HIP 17792	57.1282	9.64595	179.84	m	6.824	0.55	K1III	1.46
HD 34350	HIP 24767	79.63912	39.35116	179.85	m	7.954	1.679	F5	0.511
HD 675	HIP 883	2.69729	-57.48656	179.85	m	8.804	2.529	F5/7 IV/V	0.477
HD 12886	HIP 9828	31.62338	13.4619	179.85	m	7.265	0.99	K0	1.248
HD 92258	HIP 52105	159.69054	-20.57752	179.86	e	8.406	2.131	F2 V	0.397
HD 127283	HIP 71550	219.51117	-79.99596	179.86	e	7.936	1.661	A4 IV	0.239
HD 29911	HIP 22050	71.13745	39.87547	179.86	m	8.415	2.14	F2	0.554
HD 83161	HIP 47150	144.11561	-2.77788	179.86	m	7.134	0.859	K0 III	1.16
HD 91804	HIP 51838	158.8649	-37.36139	179.86	m	7.161	0.886	A7 V	0.224
HD 191708	HIP 99470	302.82095	-0.13983	179.87	m	7.975	1.7	A3 II/III	0.258
HD 39241	HIP 27537	87.47587	-30.62115	179.87	m	6.736	0.461	K0 III	1.092
HD 202554	HR 8132|HIP 105046	319.16446	-1.60776	179.89	m	6.587	0.312	K0 III	1.126
HD 209462	HIP 108830	330.70696	37.6677	179.89	m	8.635	2.36	A2	0.223
HD 67015	HIP 39598	121.38203	-13.57252	179.89	m	7.479	1.204	A0 V	0.058
HD 164079	HIP 87982	269.58321	27.98903	179.89	m	8.806	2.531	F2V	0.424
HD 256384	HIP 30402	95.89059	10.84647	179.9	m	8.68	2.405	A7	0.305
HD 1868	HIP 1812	5.75004	-6.46302	179.9	m	7.622	1.347	K2 III	1.469
HD 93846	HIP 53045	162.79976	60.16883	179.91	m	8.714	2.439	F0	0.368
HD 17761	HIP 13303	42.80359	8.28907	179.91	m	8.567	2.292	F2	0.483
HD 92591	HIP 52260	160.16901	-43.7574	179.91	m	8.163	1.888	A3 V	0.143
HD 144283	HIP 78452	240.24117	64.95003	179.92	m	7.082	0.807	A2	0.109
HD 49302	HIP 32436	101.55678	-34.24283	179.92	m	7.07	0.795	A3 V	0.153
HD 23551	HIP 18012	57.75209	69.10277	179.92	m	7.212	0.937	K0	1.068
HD 221279	HIP 116040	352.68179	22.04739	179.93	m	7.619	1.344	F0	0.292
HD 224914	HIP 133	0.42348	-40.1487	179.94	m	6.683	0.407	F5 IV	0.575
HD 83614	HIP 47227	144.37991	-59.8899	179.95	m	6.92	0.644	A4MA5-F0	0.31
HD 157879	HIP 85160	261.04635	36.92286	179.95	m	7.31	1.034	K0	1.151
HD 150664	HIP 81690	250.31416	30.14806	179.95	m	8.67	2.394	F 1 IV-V	0.376
HD 198661	HIP 104244	316.8081	-83.92427	179.95	m	8.522	2.246	F2 V	0.38
HD 41002	HIP 28435	90.07421	-44.00579	179.96	m	7.338	1.062	A7 V	0.245
HD 197690	HIP 102455	311.42052	-10.12214	179.96	m	8.59	2.314	F3 V	0.486
HD 20662	HIP 15666	50.44336	52.73126	179.97	m	8.03	1.754	A 0 V	0.146
HD 119146	HIP 66684	205.04861	53.11037	179.97	m	7.651	1.375	A3	0.257
HD 422	HIP 717	2.21767	0.69245	179.97	m	7.497	1.221	K2/3 III	1.722
HIP 81017		248.18597	68.03724	179.97	m	8.871	2.595	G5	1.005
HD 58500	HIP 36082	111.51914	5.58009	179.97	m	7.172	0.896	K0	1.228
HD 107309	HIP 60167	185.07028	-4.51029	179.98	m	7.276	1	K0 III	1.314
HD 97197	HIP 54656	167.83044	-1.39459	179.98	m	7.601	1.325	K0 III	1.322
HD 206966	HIP 107394	326.28798	22.89638	179.99	m	8.285	2.009	A	0.167
HD 171260	HIP 90920	278.20125	24.14186	179.99	m	8.24	1.964	F0	0.336
HD 2199	HIP 2032	6.44005	-27.71019	180	m	7.022	0.746	K2 III	1.549
HD 221611	HIP 116237	353.27501	63.12272	180	m	8.98	2.704	F8	0.525
HD 125310	HIP 69933	214.67161	-7.01369	180	m	7.451	1.175	A2 IV	0.182
HD 41580	HIP 28937	91.61685	10.75028	180.01	m	7.172	0.896	A0	-0.061
HD 35832	HIP 25621	82.10711	22.74255	180.01	m	7.342	1.066	K0	1.369
HD 119759	HIP 67187	206.52945	-45.16898	180.01	m	8.821	2.545	F8 IV/V	0.607
HD 97087	HIP 54618	167.66783	13.11923	180.01	m	8.818	2.542	G5	0.939
HD 211500	HIP 110038	334.31874	15.04673	180.01	m	7.189	0.913	K 0 III	1.146
HD 36555	HIP 26350	84.16358	61.40706	180.01	m	8.135	1.858	G5	1.02
HD 9188	HIP 7025	22.63093	1.359	180.02	m	8.941	2.664	F3 V	0.469
HD 53133	HIP 34077	106.00845	1.8979	180.03	m	8.145	1.868	F7 V	0.598
HD 171826	HIP 90449	276.8383	77.13457	180.03	m	8.139	1.862	A2	0.182
HD 103988	HIP 58407	179.63522	-11.57558	180.04	m	8.701	2.424	F2 IV	0.413
HD 44295	HIP 29929	94.52308	-53.55907	180.05	m	6.877	0.6	A3MA4-A8	0.196
HD 18280	HIP 13820	44.47544	48.87873	180.05	m	8.735	2.458	A2	0.291
HD 175468	HIP 92813	283.67035	19.8426	180.06	m	7.729	1.452	A0	0.125
HD 47149	HIP 31160	98.0807	-65.37097	180.06	m	7.921	1.644	A2 V	0.092
HD 50005	HIP 32926	102.89916	9.44008	180.06	m	6.989	0.712	K5	1.611
HD 204353	HIP 106183	322.60418	-60.20694	180.06	m	7.807	1.53	G3/5 IV	0.964
HD 37584	HIP 25961	83.07741	-72.83257	180.06	m	8.352	2.075	A3 V	0.144
HD 102619	HIP 57618	177.21591	10.68389	180.07	m	8.77	2.493	F0	0.355
HD 156431	HIP 84550	259.26097	15.27134	180.07	m	8.639	2.362	A2	0.241
HD 147216	HIP 79939	244.75238	37.76572	180.07	m	7.346	1.069	K2	1.319
HD 107720	HIP 60394	185.75032	-64.73034	180.08	m	7.242	0.965	K1 III	1.333
HD 156147	HIP 84426	258.90752	9.22292	180.09	m	8.596	2.319	F8	0.573
HD 114961	HIP 64569	198.51827	-2.80698	180.1	m	7.229	0.951	M7 (III)	1.515
HD 156636	HIP 84729	259.79041	-11.98569	180.11	m	8.214	1.936	A0 V	0.206
HD 219023	HR 8828|HIP 114626	348.31379	-49.6186	180.12	m	6.911	0.633	G8/K0 III	1.059
HD 63238	HIP 38144	117.25354	28.57396	180.13	m	7.941	1.663	F0	0.235
HD 224370	HIP 118088	359.31124	22.01014	180.13	m	8.352	2.074	F5	0.499
HD 217092	HIP 113384	344.445	23.65153	180.15	m	8.232	1.954	A2	0.229
HIP 88424		270.80099	25.3655	180.15	m	8.523	2.245	F2	0.404
HD 34496	HIP 24577	79.09934	-33.53783	180.15	m	7.058	0.78	K0 III	1.153
HD 139306	HIP 76176	233.38803	65.20681	180.15	m	8.623	2.345	A3	0.272
HD 204890	HIP 106215	322.70237	31.95782	180.16	m	6.985	0.707	A5	0.308
HD 126135	HIP 70455	216.18298	-40.75516	180.16	m	6.95	0.672	B8 V	-0.061
HD 124387	HIP 69438	213.24646	15.87954	180.17	m	8.358	2.08	A3	0.37
HD 200598	HIP 103979	316.01471	14.37345	180.18	m	7.877	1.599	A2	0.196
HD 162901	HIP 87477	268.09971	24.99264	180.18	m	7.541	1.262	K2III	1.394
HD 216035	HIP 112509	341.84675	71.54832	180.18	m	8.443	2.164	F0	0.443
HD 8528	HIP 6633	21.2781	45.60856	180.18	e	8.197	1.918	F0	0.383
HD 90509	HIP 51222	156.93287	41.23586	180.19	m	7.163	0.884	K0	1.211
HD 128185	HIP 71288	218.68369	28.39409	180.19	m	7.981	1.702	F8V	0.617
HD 45192	HR 2319|HIP 30741	96.89801	32.56295	180.19	m	6.59	0.311	K0	1.513
HD 163025	HIP 87794	269.01856	-42.32332	180.19	m	6.806	0.527	A9/F0 IV	0.285
HD 24297	HIP 18487	59.27946	69.51565	180.2	m	8.559	2.28	G5	1.036
HD 60237	HIP 36743	113.35867	-4.41702	180.21	m	8.702	2.423	K0 III	1.107
HD 114093	HIP 64089	197.01005	24.83115	180.24	m	6.917	0.638	G8III	1.067
HD 5959	HIP 4736	15.20873	-9.37354	180.24	m	7.412	1.133	A5 IV/V	0.239
HD 195557	HIP 101140	307.52086	48.64141	180.24	m	7.635	1.356	A0	0.045
HD 122080	HIP 68316	209.77187	25.81599	180.24	m	7.455	1.176	A5...	0.202
HD 77465	HIP 44207	135.07388	-55.5841	180.24	m	8.702	2.423	F0 IV/V	0.362
HD 193383	HIP 100521	305.74824	-59.49808	180.25	m	8.499	2.22	A8 V	0.271
HD 22149	HIP 16651	53.55682	3.43228	180.25	m	7.637	1.358	K1 III	1.35
HD 138810	HIP 76287	233.74829	-17.13883	180.25	m	7.13	0.851	K1 (III) (+ G)	1.19
HD 161047	HIP 87021	266.71689	-58.19541	180.26	m	7.548	1.268	A3/5 IV	0.255
HD 139391	HIP 76512	234.39182	11.15116	180.27	m	7.648	1.368	G5	1.258
HD 84799	HIP 47615	145.6403	-75.92594	180.27	m	8.8	2.52	A3 V	0.285
HD 134793	HIP 74334	227.8932	8.51706	180.28	m	7.556	1.276	A3P	0.179
HD 145050	HIP 79086	242.15214	8.61318	180.28	m	6.737	0.457	M4	1.663
HD 115324	HIP 64801	199.21938	-30.59202	180.29	m	7.465	1.185	F2 III	0.438
HD 180139	HIP 94503	288.51466	32.98688	180.29	m	8.808	2.528	K0	1.085
HD 212674	HIP 110755	336.57318	-18.56334	180.29	m	8.196	1.916	F3 V	0.418
HD 152794	HIP 82707	253.58384	30.44167	180.3	m	8.162	1.882	F0IV	0.443
HD 6222	HIP 4793	15.38794	-71.54955	180.31	m	7.876	1.596	K1 III	1.326
HD 95397	HIP 53890	165.39805	52.70242	180.31	m	7.207	0.927	K0	1.311
HD 86002	HIP 48699	148.97914	7.67721	180.32	m	6.894	0.614	K0	1.172
HD 29839	HIP 21880	70.55716	2.99001	180.33	m	7.283	1.003	A1 IV	0.188
HD 125561	HIP 70056	215.04907	1.94597	180.36	m	8.569	2.288	F3 V	0.463
HD 37847	HIP 26714	85.16548	-20.29876	180.36	m	7.587	1.306	K0 IV	1.225
HD 97304	HIP 54729	168.07271	30.21902	180.36	m	8.231	1.95	K0	1.308
HD 218829	HIP 114377	347.48236	67.24207	180.37	m	6.65	0.369	A0	0.022
HD 130122	HIP 72009	220.91462	62.56334	180.37	m	8.135	1.854	A2	0.26
HD 200221	HIP 105532	320.60962	-85.54067	180.38	m	8.232	1.951	A2	0.389
HD 21030	HIP 15889	51.16353	31.40761	180.38	m	8.959	2.678	A2	0.326
HD 224345	HIP 118067	359.25835	27.57374	180.38	m	7.666	1.385	B9	0.158
HD 131713	HIP 72923	223.55484	33.60872	180.38	m	8.928	2.647	G5	0.377
HD 144004	HIP 78572	240.66009	26.61208	180.38	m	7.75	1.469	F5	0.575
HD 45298	HIP 30634	96.57511	-10.0413	180.38	m	8.016	1.735	A1 V	0.174
HD 37408	HIP 26555	84.69925	8.03831	180.39	m	8.583	2.302	A2	0.228
HD 225	HIP 580	1.76086	-18.82073	180.39	m	8.296	2.015	F5	0.545
HD 113759	HIP 63755	196.01238	72.40255	180.39	m	8.016	1.735	A0	0.133
HD 145765	HIP 79746	244.12937	-63.59967	180.39	m	8.843	2.562	F2 IV	0.469
HD 190739	HIP 99050	301.65099	-4.41744	180.39	m	7.139	0.858	B9 V	0.141
HD 11060	HIP 8466	27.29397	24.72397	180.4	m	8.324	2.043	A0	0.158
HD 118468	HIP 66494	204.46694	-42.51456	180.41	m	7.814	1.533	A1 V	0.128
HD 11365	HIP 8664	27.9075	-6.87414	180.42	m	6.55	0.269	K1 III	1.491
HD 178275	HIP 93284	285.0057	75.05692	180.42	m	8.942	2.661	G5	0.44
HD 184553	HIP 96409	294.01566	-25.90115	180.43	m	8.091	1.81	F3 III	0.491
HD 129937	HIP 71980	220.82912	54.7483	180.43	m	8.68	2.398	K 2 III	1.273
HD 148995	HIP 80839	247.62384	33.75088	180.43	m	7.086	0.804	K0	1.158
HD 59180	HIP 36374	112.30354	11.58126	180.44	m	7.104	0.822	K0	1.219
HD 19012	HIP 14186	45.73085	-21.8452	180.44	m	7.778	1.496	A7 V	0.248
HD 119896	HIP 67256	206.78283	-48.0288	180.44	m	8.243	1.961	A9/F0 V	0.416
HD 171582	HIP 91464	279.82061	-59.1218	180.44	m	7.253	0.971	G8/K0 III	1.234
HD 6616	HIP 5219	16.68482	-15.5103	180.44	m	7.3	1.018	G8/K0 III	1.17
HD 7311	HIP 5665	18.19466	-35.20556	180.46	m	7.091	0.809	K0 III	1.236
HD 186278	HIP 97044	295.83785	4.17441	180.46	m	7.718	1.436	F0 IV	0.469
HD 137149	HIP 75392	231.08058	2.79715	180.46	m	8.419	2.137	F3 V	0.489
HD 19366	HIP 14455	46.63905	-10.25198	180.47	m	6.804	0.522	K0 III	1.211
HD 6848	HIP 5431	17.35038	22.57751	180.48	m	8.373	2.091	A3	0.252
HD 145803	HIP 79365	242.96885	27.61388	180.5	m	8.681	2.399	F8	0.426
HD 112500	HIP 63153	194.11037	57.60027	180.51	e	8.73	2.448	F 4 V	0.423
HD 102293	HIP 57374	176.43593	-76.86019	180.51	m	7.881	1.598	B9.5 IV	0.095
HD 3389	HIP 2893	9.1793	-27.41937	180.52	m	7.983	1.7	F3 IV/V	0.408
HD 204131	HR 8206|HIP 105733	321.231	49.32313	180.52	m	6.556	0.273	B 9 P(SI CR)	0.003
HD 112659	HIP 63335	194.68013	-40.98552	180.53	m	7.794	1.511	K1 III	1.371
HD 29850	HIP 21870	70.53622	-1.66497	180.53	m	8.938	2.655	A5 IV	0.262
HD 88135	HIP 49774	152.40846	-11.89522	180.53	m	7.562	1.279	K1 III	1.46
HD 187121	HIP 97299	296.62202	42.72189	180.55	m	8.594	2.311	F8	0.534
HD 181824	HIP 94901	289.67851	57.01437	180.55	m	8.244	1.961	A5	0.27
HD 232858	HIP 18372	58.9115	52.26039	180.56	m	8.861	2.578	A5	0.452
HD 126473	HIP 70584	216.57661	-24.21234	180.56	m	8.898	2.615	F5 V	0.579
HD 130613	HIP 72752	223.09443	-65.79368	180.57	m	8.212	1.929	F5 IV	0.573
HD 6649	HIP 5257	16.80359	1.35518	180.57	m	8.699	2.416	F2 V	0.422
HD 112062	HIP 62924	193.42738	2.66298	180.57	m	8.758	2.475	F0 V	0.366
HD 109563	HIP 61537	189.10913	-67.17101	180.57	m	7.269	0.986	B9 IV	-0.028
HD 123407	HIP 68927	211.66598	37.26165	180.58	m	8.943	2.66	F8	0.553
HD 204651	HIP 106338	323.05315	-57.3033	180.58	m	8.917	2.634	F3 IV/V	0.416
HD 120931	HIP 67447	207.3372	72.10066	180.59	m	8.34	2.057	G0	0.482
HD 63568	HIP 37231	114.71107	-79.42147	180.59	m	8.998	2.715	F5 IV	0.561
HD 99602	HIP 55869	171.77112	-47.76122	180.59	m	7.719	1.436	K0 III	1.255
HD 113131	HIP 63597	195.49184	-38.30585	180.59	m	8.559	2.275	G3/5 V	0.844
HD 11658	HIP 8984	28.94546	51.68815	180.6	m	7.373	1.089	K0	1.304
HD 137128	HIP 75397	231.08768	-0.54412	180.6	m	7.344	1.06	A2/3 IV/V	0.173
HD 123091	HIP 68924	211.6581	-41.30632	180.61	m	8.988	2.704	G8 V	0.962
HD 62095	HIP 37828	116.33798	56.13787	180.63	m	8.471	2.187	F5	0.428
HD 37146	HIP 26482	84.48946	35.60414	180.64	m	7.342	1.058	K0	1.266
HD 24841	HIP 18916	60.81041	72.82896	180.65	m	8.055	1.771	G5	1.296
HD 21100	HIP 15894	51.18599	14.97384	180.65	m	8.181	1.897	A2	0.289
HD 105104	HIP 59025	181.52534	10.48221	180.66	m	8.829	2.545	F8	0.505
HD 8043	HIP 6294	20.19727	47.06051	180.66	m	8.211	1.927	A2	0.388
HD 140076	HIP 76987	235.79563	-37.91823	180.66	m	8.736	2.452	F3 V	0.539
HD 44175	HIP 30127	95.09604	-1.29545	180.66	m	7.976	1.692	A1 IV	0.133
HD 39702	HIP 27886	88.51769	-4.95321	180.67	m	8.785	2.501	F3 V	0.473
HD 4695	HIP 3854	12.37981	46.51096	180.67	m	7.295	1.011	K0	1.197
HD 95624	HIP 53926	165.51588	-9.86045	180.67	m	8.037	1.753	K0 IV	1.126
HD 196849	HIP 101681	309.15405	62.43198	180.67	m	7.897	1.613	F0	0.436
HD 56634	HIP 35255	109.26789	-21.18918	180.68	m	7.121	0.836	K0 III	1.188
HD 802	HIP 1011	3.14924	44.31632	180.69	m	7.131	0.846	K0	1.311
HD 127269	HIP 70972	217.75284	-25.31498	180.7	m	7.805	1.52	A3 V	0.239
HD 154759	HIP 83595	256.27287	46.96715	180.73	m	8.355	2.07	K3III	1.464
HD 16972	HIP 12699	40.78064	-6.64248	180.73	m	7.374	1.089	K0 III	1.273
HD 33303	HIP 23989	77.35382	3.10739	180.73	m	8.289	2.004	A3 IV/V	0.185
HD 206317	HIP 107111	325.44128	-19.8064	180.74	m	7.16	0.875	K1 III	1.448
HD 28030	HIP 20510	65.92893	-39.13986	180.75	m	8.559	2.274	A8 III	0.31
HD 29433	HIP 21514	69.30622	-22.6149	180.75	m	7.844	1.559	A0 V	0.02
HD 122300	HIP 68368	209.92086	52.15832	180.76	m	8.225	1.94	F5	0.44
HD 196638	HIP 101968	309.96856	-36.03355	180.76	m	7.243	0.957	F3 IV	0.395
HD 36370	HIP 26195	83.74895	59.52393	180.76	m	7.702	1.416	A0	0.06
HD 217538	HIP 113742	345.52656	-52.3036	180.77	m	8.952	2.666	F8/G0 V	0.656
HD 153207	HIP 82933	254.21845	28.32172	180.8	m	8.797	2.511	F5	0.336
HD 18060	HIP 13526	43.55225	5.04832	180.8	m	7.628	1.342	A3 II/III	0.178
HD 163977	HIP 88090	269.86835	-13.0315	180.81	m	8.51	2.224	A9 V	0.524
HD 84319	HIP 47536	145.36748	-66.73528	180.81	m	8.58	2.294	F0 IV	0.434
HD 57178	HIP 35892	110.99071	61.45316	180.81	m	7.708	1.422	A2	0.229
HD 166309	HIP 89116	272.81599	-29.6396	180.82	m	7.736	1.45	G8 III	1.256
HD 111559	HIP 62515	192.17423	72.14827	180.83	e	8.614	2.328	F8	0.438
HD 50450	HIP 32778	102.5102	-55.90357	180.86	m	7.757	1.47	F0 III	0.345
HD 35362	HIP 25838	82.74197	71.92432	180.86	m	7.518	1.231	K0	1.359
HD 182054	HIP 95119	290.26173	42.68696	180.86	m	7.168	0.881	K0	1.451
HD 45923	HIP 30727	96.83293	-53.56623	180.87	m	8.165	1.878	A9 V	0.391
HD 137634	HIP 75671	231.90566	-16.48932	180.87	m	8.347	2.06	A5 V	0.286
HD 101152	HIP 56782	174.62293	13.92719	180.87	m	8.992	2.705	K0	1.365
HIP 77416		237.07586	13.16691	180.87	m	8.462	2.175	F5	0.557
HD 127724	HR 5432|HIP 71333	218.82102	-60.01564	180.88	m	6.527	0.24	K2 III	1.502
HD 44215	HIP 30136	95.13228	-1.36663	180.89	m	7.821	1.534	A0/1 IV	0.091
HD 209679	HIP 108933	331.02799	44.34512	180.89	m	6.569	0.282	A2	0.078
HD 150462	HIP 81590	249.93819	35.5155	180.91	m	7.635	1.348	A 3 V	0.134
HD 91239	HIP 51512	157.80546	-42.22936	180.95	m	7.34	1.052	AP EUCR(SR)	-0.049
HD 212664	HIP 109985	334.14116	84.50441	180.95	m	7.574	1.286	A0	0.065
HD 172242	HIP 91274	279.2664	43.90521	180.96	m	8.258	1.97	A2	0.237
HD 161569	HIP 86791	266.01796	45.0347	180.96	m	6.731	0.443	B9	-0.035
HD 206044	HIP 106950	324.91117	-9.08405	180.96	m	8.676	2.388	A1 III	0.34
HD 88709	HIP 50105	153.44318	-5.21979	180.96	m	7.508	1.22	A5 V	0.179
HD 207133	HIP 107464	326.49895	36.43149	180.96	m	8.962	2.674	F8	0.556
HD 91427	HIP 51699	158.44699	23.35068	180.97	m	7.522	1.234	A2	0.214
HD 19069	HIP 12610	40.5331	-85.8581	180.97	m	8.319	2.031	A3/4 V	0.186
HD 45681	HIP 30672	96.68178	-44.06748	180.97	m	7.688	1.4	A0 V	-0.002
HD 39174	HIP 27514	87.40061	-26.34889	180.97	m	8.143	1.855	A5 V	0.282
HD 213074	HIP 111015	337.35772	-28.65956	180.97	m	7.338	1.05	K2 III	1.358
HD 62402	HIP 37208	114.648	-68.27057	180.97	m	8.121	1.833	A2 V	0.155
HD 220918	HIP 115848	352.05557	-56.43656	180.98	m	7.583	1.295	F3 III/IV	0.349
HD 35285	HIP 25108	80.63597	-25.58362	180.98	m	8.494	2.206	F5/6 V	0.54
HD 37783	HIP 27213	86.51344	65.6141	180.98	m	8.945	2.657	F8	0.491
HD 126476	HIP 70636	216.72988	-40.43379	180.98	m	8.094	1.806	A4 V	0.212
HD 127629	HIP 71219	218.46542	-46.46493	180.98	m	7.294	1.006	G6/8 III	1.064
HD 138556	HIP 75984	232.76001	47.33385	180.99	m	8.333	2.045	F0	0.205
HD 170664	HIP 90926	278.21528	-45.17088	180.99	m	8.618	2.33	K2 III	1.341
HD 206671	HIP 107138	325.52356	52.2921	180.99	m	7.127	0.839	K0	1.133
HD 171154	HIP 91053	278.611	-30.51302	180.99	m	8.753	2.465	F0 V	0.419
HD 212442	HIP 110573	336.00205	15.28147	181	m	6.772	0.484	B 9 V	-0.086
HD 76477	HIP 43859	134.0196	-11.15374	181	m	8.108	1.82	A1mA3-F2	0.224
HD 60504	HIP 36879	113.72158	3.34299	181	m	7.359	1.071	K0 III	1.353
HD 334216	HIP 100402	305.40798	28.38018	181.01	m	8.999	2.711	F5	0.451
HD 204119	HIP 105762	321.30724	41.0771	181.01	m	8.176	1.888	F5	0.454
HD 175008	HIP 93272	284.99366	-71.93263	181.01	m	6.781	0.492	B9 IV/V	-0.039
HD 111607	HIP 62691	192.69362	-28.31991	181.02	m	8.559	2.27	A5 IV/V	0.288
HD 157618	HIP 85143	260.99271	8.60459	181.02	m	7.388	1.099	K0	1.592
HD 115068	HIP 64677	198.84413	-43.06305	181.03	m	7.625	1.336	K1 III	1.27
HD 28281	HIP 20926	67.30137	35.26578	181.03	m	7.439	1.15	A2	0.497
HD 103520	HIP 58129	178.84409	38.75691	181.03	m	7.133	0.844	K0III	1.185
HD 18875	HIP 14511	46.84153	72.98629	181.05	m	7.892	1.603	G5	1.307
HD 73797	HIP 43014	131.48668	73.29256	181.05	m	7.339	1.05	A2	0.036
HD 19858	HIP 14955	48.19335	35.33242	181.05	m	8.082	1.793	F0	0.346
HD 104435	HIP 58651	180.40782	70.84988	181.08	m	7.422	1.133	K0	1.349
HD 214605	HIP 111670	339.32979	69.20864	181.08	m	7.353	1.064	A3	0.363
HD 146964	HIP 80167	245.47736	-55.55162	181.09	m	7.031	0.742	A3 IV	0.18
HD 44446	HIP 29965	94.61965	-56.99996	181.09	m	7.81	1.521	A2 V	0.082
HD 72503	HIP 42035	128.52728	25.23342	181.1	m	8.026	1.736	A3	0.268
HD 129923	HIP 72168	221.41398	-11.42266	181.11	m	8.207	1.917	G8 IV	1.033
HD 193315	HIP 100174	304.78823	14.38417	181.11	m	7.296	1.006	G5	1.059
HD 180584	HIP 94695	289.03396	24.77915	181.12	m	8.029	1.739	G5	1.195
HD 118361	HIP 66357	204.0255	23.93395	181.13	m	8.172	1.882	G5	1.018
HD 11637	HIP 8888	28.60237	11.4027	181.13	m	7.236	0.946	K0	1.361
HD 94046	HIP 53037	162.77496	-18.33222	181.16	m	6.576	0.286	A3 V	0.093
HD 159857	HIP 86174	264.1443	7.37534	181.16	e	8.111	1.821	A3	0.336
HD 206558	HIP 107212	325.72459	-2.42427	181.16	e	8.664	2.374	F6/7 V	0.524
HD 211808	HIP 110425	335.50535	-67.08457	181.16	e	7.98	1.69	F2 V	0.417
HD 46822	HIP 31684	99.43584	45.14645	181.17	m	8.78	2.49	A2	0.235
HD 3544	HIP 3046	9.6798	36.59376	181.17	m	8.341	2.051	A0	0.111
HD 115928	HIP 65019	199.92779	36.08287	181.18	m	7.304	1.013	G5	1.144
HD 25754	HIP 19001	61.07436	-19.46925	181.18	m	7.701	1.41	A0 V	0.065
HD 144564	HIP 78875	241.51178	13.32093	181.18	m	6.892	0.601	K0	1.14
HD 142766	HIP 78096	239.18938	-13.57573	181.18	m	7.883	1.592	K2 III	1.566
HD 178243	HIP 93958	286.97216	-3.05077	181.18	m	8.746	2.455	A3 II/III	0.322
HD 87354	HIP 49573	151.7947	67.34561	181.19	m	8.71	2.419	F8	0.478
HD 100809	HIP 56597	174.05998	14.69768	181.2	m	8.29	1.999	A M	0.214
HD 12629	HIP 9587	30.79562	-24.78734	181.21	m	8.868	2.577	A3/4 III	0.273
HD 31163	HIP 22595	72.92809	-38.61053	181.21	m	7.888	1.597	A5 IV/V	0.234
HD 201963	HIP 104824	318.5443	-39.96257	181.23	m	7.815	1.524	K0 III	1.11
HD 53109	HIP 34130	106.15465	18.72388	181.23	m	8.681	2.39	F5	0.493
HD 25594	HIP 19241	61.85405	62.39066	181.23	m	7.933	1.642	A0	0.103
HD 39968	HIP 28231	89.47068	40.79779	181.23	m	8.599	2.308	A5	0.382
HD 25246	HIP 18873	60.68427	46.99692	181.23	m	8.529	2.238	A2	0.271
HD 183364	HIP 95699	291.97132	33.37398	181.24	m	7.383	1.092	F0	0.286
HD 78049	HIP 44840	137.03812	53.25902	181.25	m	8.974	2.683	K0	0.595
HD 212750	HIP 110740	336.52891	28.51801	181.27	m	7.222	0.93	K0III	1.239
HD 177152	HIP 93401	285.34075	44.38652	181.27	m	7.564	1.272	B9	-0.033
HD 111272	HIP 62459	192.00168	18.83681	181.28	m	7.023	0.731	K0	1.085
HD 209105	HIP 108663	330.21221	7.85242	181.28	m	7.986	1.694	A0	0.102
HD 134283	HIP 74085	227.09113	21.06972	181.28	m	8.926	2.634	F8	0.396
HD 61313	HIP 36577	112.85089	-74.29056	181.29	m	7.526	1.234	F2 III	0.425
HD 44492	HIP 30617	96.51153	60.79352	181.29	m	8.234	1.942	A5	0.366
HD 204402	HIP 105909	321.75361	43.23081	181.3	m	7.633	1.341	A0	0.068
HD 160047	HIP 86429	264.89421	-38.39569	181.3	m	8.933	2.641	G2 V	0.721
HD 189093	HIP 98252	299.48399	11.41471	181.31	m	7.567	1.275	A3	0.21
HD 26936	HIP 20157	64.80738	61.58397	181.31	m	7.936	1.644	A3...	0.243
HD 182487	HIP 95272	290.75156	42.97419	181.32	m	7.003	0.711	A0	0.024
HD 46653	HIP 30981	97.53563	-63.1919	181.32	m	8.746	2.454	F0 V	0.335
HD 84389	HIP 47852	146.31135	8.72409	181.33	m	7.999	1.707	G5	1.251
HD 65822	HIP 39266	120.44687	32.15059	181.34	m	8.151	1.859	A0	0.19
HD 155068	HIP 84302	258.53104	-65.96246	181.34	m	7.238	0.946	K0 III	1.237
HD 9261	HIP 7059	22.74902	-4.95968	181.34	m	7.153	0.86	K0 III	1.133
HD 44548	HIP 30265	95.50204	-9.49392	181.36	m	8.191	1.898	F0 V	0.387
HD 26022	HIP 19317	62.11448	31.53265	181.36	m	8.598	2.305	A0	0.338
HD 162915	HIP 87441	268.01273	33.88821	181.36	m	7.452	1.159	M0	1.197
HD 58810	HIP 36200	111.82909	1.45267	181.37	m	7.26	0.967	K0 III	1.245
HD 6876	HIP 5453	17.44812	34.61156	181.37	m	8.539	2.246	F5IV	0.484
HD 90740	HIP 51217	156.9226	-44.34226	181.38	m	7.194	0.901	G8 III	1.035
HD 80817	HIP 45820	140.13825	-44.28316	181.38	m	8.034	1.741	A0 V	0.108
HD 6078	HIP 4821	15.47367	-14.13102	181.38	m	8.639	2.346	F3 V	0.445
HD 224161	HIP 117964	358.90823	-10.79093	181.39	m	8.577	2.284	G8 IV	1.046
HD 89171	HIP 50311	154.09118	-36.90824	181.4	m	7.531	1.238	G8 III/IV	1.146
HD 36237	HIP 25720	82.37915	-21.03976	181.4	m	7.513	1.22	A3/4 IV	0.19
HD 84847	HIP 47969	146.65004	-49.91668	181.4	m	8.806	2.513	G5 IV	0.909
HD 13079	HIP 10023	32.2597	39.5923	181.41	m	8.931	2.638	F0	0.356
HD 105475	HIP 59210	182.15523	26.49355	181.41	m	7.079	0.786	K0III	1.197
HIP 110322		335.17589	49.9713	181.41	m	8.92	2.627		0.319
HD 111111	HIP 62590	192.38369	-80.70235	181.42	m	7.218	0.925	A3/5 IV	0.211
HD 19430	HIP 14567	47.02401	16.92546	181.42	m	8.356	2.063	A	0.452
HD 9373	HIP 7135	22.98223	-17.70141	181.43	m	8.977	2.683	G3 V	0.774
HD 196939	HIP 101851	309.58751	52.37855	181.44	m	7.905	1.611	A0	0.068
HD 73172	HIP 42364	129.57307	37.02034	181.44	m	7.623	1.329	F0	0.232
HD 225107	HIP 283	0.87712	12.35682	181.44	m	7.473	1.179	A5	0.346
HD 42196	HIP 29373	92.87395	43.16516	181.45	m	7.074	0.78	G5	1.175
HD 187775	HIP 97776	298.03088	-10.89269	181.45	m	6.801	0.507	K1 III	1.362
HD 31875	HIP 22861	73.77848	-62.79538	181.46	m	7.986	1.692	A3 V	0.141
HD 34668	HIP 24987	80.25634	39.62188	181.46	m	7.764	1.47	A0	0.116
HD 136815	HIP 74998	229.86867	62.12861	181.46	m	8.1	1.806	K0	1.054
HD 90198	HIP 50940	156.05484	-27.42595	181.46	m	8.53	2.236	FM DELTA DEL	0.39
HD 64582	HIP 38378	117.93752	-54.81994	181.46	m	8.861	2.567	K1 III	1.258
HD 194250	HIP 100810	306.60783	-46.0536	181.47	m	8.98	2.686	F8 V	0.635
HD 161884	HIP 87025	266.72325	28.09476	181.48	m	8.064	1.77	AM	0.206
HD 12902	HIP 9752	31.3504	-40.28768	181.48	m	8.742	2.448	K0 III	1.145
25 Hya	HD 80105|HIP 45588	139.37168	-11.96197	181.48	m	7.195	0.901	K0 III	1.224
HD 67696	HIP 39870	122.16398	-18.39595	181.48	m	8.973	2.679	A2MA7-A7	0.296
HD 208341	HIP 108137	328.63139	44.04797	181.49	e	8.378	2.084	G5	0.645
HD 171849	HIP 91168	278.99056	25.70516	181.49	m	8.695	2.401	A5	0.246
HD 144802	HIP 78957	241.783	16.89376	181.49	m	8.763	2.469	F5	0.66
HD 185397	HIP 96517	294.32329	38.59421	181.5	m	6.962	0.668	A5	0.302
HD 6254	HIP 4930	15.81569	-26.18011	181.5	m	8.103	1.809	G8 IV	1.139
HD 21778	HIP 16362	52.69589	5.36703	181.51	m	7.12	0.826	G5	1.107
HD 80641	HIP 45766	139.98915	-35.49808	181.51	m	7.201	0.906	G8/K0 III	1.174
HD 155235	HIP 84076	257.83718	-25.03163	181.52	m	8.353	2.058	F3 IV/V	0.499
HD 39065	HIP 27702	87.98492	39.563	181.53	m	7.891	1.596	A2	0.45
HD 49429	HIP 32659	102.18339	8.86625	181.53	m	7.012	0.717	K0	1.044
HD 213819	HIP 111424	338.61192	-15.11814	181.54	m	8.721	2.426	F5 V	0.531
HD 71224	HIP 41607	127.23131	56.66708	181.55	m	7.172	0.877	K 1 III-IV	1.32
HD 213255	HIP 111137	337.72169	-41.67463	181.56	m	8.854	2.559	F3 V	0.409
HD 194469	HIP 100681	306.1885	28.5247	181.59	m	7.859	1.564	F2	0.442
71 Leo	HD 98824|HIP 55533	170.62061	17.43701	181.6	m	7.128	0.832	K1III	1.245
HD 23371	HIP 18118	58.11394	76.60918	181.6	m	8.137	1.841	K0	1.444
HIP 75972		232.73192	42.91111	181.6	m	8.108	1.812	K0	1.394
HD 163528	HIP 87629	268.50302	49.79514	181.6	m	8.452	2.156	K0	1.097
HD 197263	HIP 102127	310.43499	28.2697	181.61	m	8.234	1.938	G0V	0.623
HD 36038	HIP 25504	81.81091	-34.61437	181.62	m	7.064	0.768	G8 III	1.041
HIP 15038		48.45909	22.25252	181.63	m	8.685	2.389	F8	0.652
HD 28098	HIP 20872	67.0957	49.23159	181.63	m	8.398	2.102	K2	1.651
HD 15026	HIP 11351	36.52132	30.90664	181.63	m	7.706	1.41	K0	1.444
HD 187610	HIP 97262	296.50905	67.738	181.63	m	7.753	1.457	F0	0.293
HD 161404	HIP 86936	266.4614	-10.35398	181.64	m	7.783	1.487	A2 V	0.329
HD 207438	HIP 107714	327.30261	-15.12059	181.64	m	8.072	1.776	A2 IV	0.177
HD 125391	HIP 69936	214.68105	17.35358	181.64	m	7.912	1.616	K0	1.104
HD 17014	HIP 12566	40.40243	-56.29719	181.65	m	7.228	0.932	K4 III	1.608
HD 13155	HIP 9981	32.13249	-6.67799	181.65	m	6.619	0.323	G8 III	0.998
HD 94458	HIP 53335	163.62435	28.90878	181.65	m	8.832	2.536	F8	0.463
HD 192560	HIP 99783	303.6841	22.82858	181.66	m	8.871	2.575	F2	0.439
HD 17112	HIP 12612	40.53568	-60.06437	181.67	m	8.804	2.508	K0 IV	1.09
HD 98692	HIP 55400	170.17883	-58.3168	181.67	m	7.593	1.297	K2 III	1.485
HD 195020	HIP 100981	307.1107	11.7207	181.67	m	7.615	1.319	A3	0.331
HD 159086	HIP 85918	263.36249	-18.33979	181.67	m	7.811	1.515	F3 V	0.533
HD 221750	HIP 116375	353.72645	-35.08504	181.68	m	7.198	0.902	K1 III	1.274
HD 164877	HIP 88442	270.8475	-3.72729	181.68	m	8.901	2.605	A3mA7-F2	0.393
HD 119482	HIP 67026	206.04158	-31.81649	181.68	m	8.512	2.215	F0 V	0.379
HD 199759	HIP 103797	315.4927	-60.80735	181.69	m	8.708	2.411	A7 III/IV	0.337
HD 34909	HIP 24944	80.15616	-5.82264	181.7	m	8.099	1.802	K0 III	1.074
HD 209380	HIP 108814	330.66043	15.98649	181.71	m	6.684	0.387	A0	-0.035
HD 58635	HR 2842|HIP 35960	111.1973	-37.29119	181.72	m	6.852	0.555	A8V	0.303
HD 18217	HIP 13619	43.86498	-0.46901	181.75	m	8.597	2.3	F5 V	0.537
HD 64902	HIP 38618	118.61431	-41.65824	181.75	m	7.223	0.926	K1 III	1.269
HD 36117	HIP 25718	82.3641	-0.04227	181.76	m	7.982	1.685	A1 V	0.136
HD 82901	HR 3816|HIP 46806	143.06083	-62.78888	181.76	m	8.564	2.267	M6/7PE	0.864
HD 76366	HIP 43837	133.91934	-2.79078	181.76	m	7.035	0.737	K0 III	1.301
HD 185983	HIP 96830	295.21661	27.13302	181.77	m	7.76	1.462	A0	0.323
HD 71245	HIP 41525	127.02978	46.24879	181.77	m	7.096	0.798	K 0 III	1.374
HD 185394	HIP 96297	293.69312	63.43417	181.77	m	6.614	0.316	K2	1.594
HD 1906	HIP 1861	5.88542	37.43293	181.77	m	8.097	1.799	F8	0.518
HD 142264	HIP 77659	237.81484	50.83613	181.77	m	8.655	2.357	A0	0.204
HD 79679	HIP 45494	139.04677	23.40273	181.78	m	7.737	1.439	K0	1.582
HD 63475	HIP 38196	117.38464	12.81425	181.8	m	6.527	0.229	K0	1.133
HD 24148	HIP 17938	57.54323	-16.77527	181.8	m	8.24	1.942	K2 III	1.116
HD 185892	HIP 96636	294.71466	51.83425	181.8	m	8.747	2.449	G5	0.623
HD 1431	HIP 1464	4.57062	-21.13844	181.82	e	6.721	0.423	B9/9.5 IV	-0.027
HD 77986	HIP 44672	136.5524	15.86235	181.82	m	7.429	1.131	B9	0.089
HD 82867	HIP 47008	143.71263	5.24752	181.82	e	8.929	2.631	K0	1.034
HD 156140	HIP 84799	259.992	-62.11466	181.82	e	8.835	2.537	F5 V	0.583
HD 30882	HIP 22764	73.45987	47.95628	181.84	m	8.457	2.159	K0	1.157
HD 132189	HIP 73081	224.04014	48.07893	181.84	m	8.522	2.223	A5	0.318
HD 102081	HIP 57307	176.25594	19.50012	181.85	m	8.539	2.24	A3	0.313
HD 163822	HIP 88262	270.35837	-55.97429	181.85	m	7.853	1.554	K3 III	1.599
HD 95023	HIP 53633	164.57824	13.27832	181.85	m	8.544	2.245	F5	0.445
HD 7665	HIP 6099	19.57775	67.81642	181.86	m	6.679	0.38	A0	0.016
HD 73395	HIP 42465	129.86386	35.51978	181.88	m	7.372	1.073	A2	0.06
HD 17470	HIP 13146	42.27207	32.84492	181.88	m	8.176	1.877	A0	0.162
HD 104701	HIP 58787	180.85609	-31.5096	181.88	m	8.269	1.97	K1 III	1.269
HD 96199	HIP 54244	166.46302	22.66547	181.89	m	8.817	2.518	F0	0.349
HD 142256	HIP 77968	238.84536	-44.52601	181.92	m	6.956	0.657	B8 V	-0.016
HD 15102	HIP 11527	37.15999	63.18766	181.92	m	7.65	1.351	A2V	0.228
HD 151522	HIP 81946	251.08591	59.96362	181.93	m	8.469	2.17	G5	0.769
HD 59869	HIP 36422	112.43894	-46.68948	181.93	m	7.411	1.111	A0 V	0.024
HD 124297	HIP 69545	213.5459	-51.16213	181.93	m	7.218	0.918	G8/K0 III	1.153
HD 20181	HIP 15129	48.77704	16.25528	181.94	m	8.496	2.196	G0	0.628
HD 211537	HIP 110227	334.92174	-63.26677	181.95	m	8.205	1.905	F3/5 III/IV	0.476
HD 142457	HIP 78006	238.93724	-28.36052	181.95	m	8.048	1.748	F2 III/IV + A6/8	0.375
HD 42211	HIP 28895	91.50758	-55.96943	181.96	m	8.185	1.885	K0/1 III	1.215
HD 63210	HIP 38092	117.09421	18.33678	181.97	m	7.01	0.71	G8III	1.294
HD 10530	HIP 7983	25.63335	-8.6595	181.97	m	7.11	0.81	K0 III	1.294
HD 52785	HIP 33744	105.14719	-41.68066	181.97	m	8.994	2.694	F0 V	0.321
HD 171674	HIP 91512	279.94911	-58.8692	181.98	m	6.888	0.588	K1 III	1.391
HD 58986	HIP 36446	112.50194	43.55088	182	m	8.517	2.217	G0	0.465
HD 222770	HIP 117010	355.80621	52.2482	182.01	m	7.651	1.351	A M	0.337
HD 102749	HIP 57680	177.44446	-13.65222	182.01	m	7.52	1.219	K1 III	1.356
HD 4550	HIP 3719	11.93759	26.29165	182.02	m	7.048	0.747	G7PV	1.263
HD 120644	HIP 67710	208.06668	-55.67239	182.02	m	8.686	2.385	F0 V	0.359
HD 153116	HIP 82999	254.4099	-3.01669	182.03	m	7.5	1.199	A2/3 IV	0.398
HD 225024	HIP 214	0.66918	28.54222	182.03	m	8.183	1.882	A3	0.325
HD 81178	HIP 45757	139.96009	-71.00929	182.03	m	8.038	1.737	F2 III	0.439
HD 213251	HIP 111100	337.61143	-16.34669	182.03	m	7.388	1.087	K0/1 III	1.301
HD 54357	HIP 34460	107.14702	0.45984	182.03	m	7.838	1.537	A2 IV	0.118
HD 113563	HIP 63796	196.12808	8.6532	182.06	m	8.315	2.014	F0	0.462
HD 133030	HIP 73476	225.25288	40.08432	182.06	m	7.202	0.901	K 0 III	1.172
HD 82768	HIP 46986	143.64771	17.96837	182.07	m	8.863	2.562	F0	0.287
HD 27597	HIP 20356	65.39236	6.97428	182.07	m	8.342	2.041	A0	0.284
HD 74589	HIP 42952	131.33554	18.8754	182.07	m	8.477	2.176	F0	0.272
HD 74740	HIP 43078	131.62042	22.35216	182.07	m	8.228	1.927	A2	0.262
HD 200203	HIP 104030	316.14263	-58.93318	182.07	m	7.371	1.07	A4/5 II/III	0.21
HD 46420	HIP 31753	99.63336	67.08687	182.08	m	8.806	2.505	A2	0.275
HD 172965	HIP 91865	280.92867	-17.54559	182.09	m	8.194	1.893	A0 V	0.224
HD 50160	HIP 32396	101.45737	-70.52268	182.1	m	7.72	1.418	K2 III	1.47
HD 23452	HIP 17718	56.91701	51.52883	182.1	m	7.354	1.052	A0V	0.189
HD 112609	HIP 63184	194.16806	68.6161	182.1	m	7.508	1.206	G5	1.011
HD 25456	HIP 18902	60.77739	14.48343	182.1	m	8.553	2.251	F8	0.638
HD 116155	HIP 65095	200.12335	61.39933	182.11	m	8.187	1.885	A2	0.178
HD 224907	HIP 136	0.42869	24.25311	182.12	m	6.722	0.42	K 2 III-IV	1.367
HD 200922	HIP 104400	317.25293	-58.33268	182.12	m	8.978	2.676	F0 V	0.362
HD 190774	HIP 99085	301.73274	-8.91428	182.13	m	7.89	1.588	A9/F0 V	0.387
HD 206565	HIP 107292	325.98437	-42.17333	182.13	m	8.796	2.494	F3 V	0.395
HD 201781	HIP 104658	317.99507	-5.9638	182.14	m	8.304	2.002	A2/3 V	0.144
HD 20728	HIP 15504	49.94379	-18.84427	182.14	m	7.058	0.756	A1/2 IV	0.094
HD 553	HIP 834	2.54361	64.64672	182.14	m	8.263	1.961	K0	1.24
HD 131783	HIP 72996	223.77826	17.70142	182.15	m	7.881	1.579	K0	1.028
HD 24252	HIP 18161	58.24462	33.48647	182.15	m	8.799	2.497	F2	0.498
HD 71702	HIP 40830	124.99859	-78.3285	182.15	e	8.284	1.982	A6 V	0.296
HD 184130	HIP 96120	293.1553	12.04365	182.15	e	8.182	1.88	F2	0.472
HD 37033	HIP 26306	84.03553	12.43641	182.17	m	7.275	0.973	G5	1.215
HD 176079	HIP 93202	284.77284	-15.86	182.17	m	8.067	1.765	A3 III	0.181
HD 97635	HIP 54866	168.51516	-15.43532	182.17	m	7.837	1.535	F2/3 III	0.383
HD 178638	HIP 94088	287.30958	6.29	182.18	m	8.809	2.507	A5	0.353
HD 48268	HIP 32982	103.05742	77.22513	182.18	m	7.793	1.491	A0	0.148
HD 44651	HIP 30526	96.2492	42.54608	182.18	m	8.889	2.587	A3	0.258
HD 117145	HIP 65798	202.31693	-45.53777	182.19	m	6.596	0.293	B9 IV/V	-0.042
HD 201585	HIP 104513	317.55155	10.73888	182.19	m	8.303	2	A3	0.256
HD 10347	HIP 7923	25.45981	39.46766	182.19	m	8.252	1.949	A5	0.348
HD 43	HIP 448	1.34266	3.60609	182.19	m	7.017	0.714	K0 III	1.33
HD 213033	HIP 111000	337.32655	-40.2704	182.2	m	8.809	2.506	F3 V	0.397
HD 212638	HIP 110687	336.37423	22.57415	182.2	m	7.656	1.353	A2	0.221
HD 187344	HIP 97493	297.24195	16.62769	182.2	m	7.564	1.261	A0	0.075
HD 147428	HIP 80039	245.0706	40.25943	182.2	m	8.161	1.858	F2	0.464
HD 99517	HIP 55920	171.91833	64.20409	182.2	m	8.32	2.017	G5	0.83
HD 72942	HIP 42201	129.07267	20.3415	182.21	m	7.466	1.163	A4V	0.175
HD 210669	HIP 109576	332.96249	6.29086	182.21	m	7.866	1.563	F0	0.278
HD 21475	HIP 15641	50.34574	-74.59425	182.22	m	8.063	1.76	A8 III/IV	0.284
HD 52737	HIP 34083	106.01475	36.31351	182.22	m	6.791	0.488	G5	0.961
HD 109853	HIP 61663	189.60696	-50.524	182.22	m	8.995	2.692	G0 V	0.621
HD 34793	HIP 24921	80.10197	10.89038	182.22	m	7.433	1.13	A0	0.174
38 Cnc	HD 73575|HIP 42485	129.92773	19.77846	182.23	m	6.656	0.353	F0III	0.273
HD 185871	HIP 96679	294.83006	44.43625	182.24	m	7.126	0.823	K0	1.298
HD 36383	HIP 26790	85.35293	77.53625	182.24	m	8.059	1.756	A0	0.129
HD 63712	HIP 38363	117.8608	29.16801	182.26	m	7.101	0.798	G8III	0.988
HD 6813	HIP 5416	17.30603	33.94152	182.26	m	7.369	1.066	A2	0.155
HD 159239	HIP 85785	262.94256	39.97469	182.26	m	8.759	2.456	A2	0.272
HD 189598	HIP 98468	300.08181	13.10085	182.26	m	7.523	1.22	F2	0.423
HD 190322	HIP 98772	300.91166	22.94105	182.26	m	6.557	0.254	K2	1.191
HD 205040	HIP 106334	323.0441	14.36707	182.28	m	8.419	2.115	F0	0.319
HD 2021	HIP 1949	6.15986	16.40785	182.28	m	8.178	1.874	F5	0.475
HD 43240	HIP 29517	93.26911	-41.94848	182.28	m	8.59	2.286	F2 IV	0.393
HD 36317	HIP 26147	83.61829	57.85939	182.28	m	8.32	2.016	A0	0.202
HD 12061	HIP 9356	30.05935	58.71768	182.3	m	8.596	2.292	F5	0.54
HD 189811	HIP 98615	300.44576	4.71539	182.3	m	7.802	1.498	K2/3 III	1.44
HD 211193	HIP 109661	333.22466	68.9833	182.31	m	7.408	1.104	A0	0.006
HD 77113	HIP 44094	134.71851	-43.45288	182.31	m	8.303	1.999	A3 III(M)	0.223
HD 186589	HIP 97188	296.30169	2.91198	182.31	m	8.173	1.869	G6 V	1.221
HD 188323	HIP 97773	298.0252	51.99516	182.31	m	8.096	1.792	A2	0.193
HD 156232	HIP 84634	259.52276	-38.16402	182.32	m	6.919	0.615	A0 IV	0.041
HD 13255	HIP 9386	30.15563	-82.50859	182.32	m	8.089	1.785	F0 IV/V	0.367
HD 17293	HIP 12985	41.75099	12.44981	182.32	m	8.88	2.576	A0	0.317
HD 31806	HIP 23228	74.97396	27.3256	182.32	m	6.976	0.672	B 7 V	0.121
HD 134276	HIP 74398	228.08158	-64.54077	182.33	m	7.726	1.422	A1 IV	0.135
HD 94539	HIP 53369	163.70465	-2.84711	182.33	m	8.738	2.434	F0 V	0.409
HD 6285	HIP 5035	16.1228	49.62491	182.34	m	8.53	2.226	A2	0.348
HD 215502	HIP 112323	341.26285	38.67761	182.34	m	8.564	2.26	A 2 V	0.166
HD 100270	HIP 56279	173.06459	-12.39657	182.34	m	7.504	1.2	K3 III	1.636
HD 242106	HIP 24581	79.10562	27.10798	182.35	m	8.993	2.689	G5	1.357
HD 26399	HIP 19548	62.79375	15.62624	182.35	m	7.759	1.455	A0	0.196
HD 104516	HIP 58689	180.55607	-27.64789	182.35	m	8.927	2.622	G0 V	0.734
HD 161000	HIP 86102	263.94906	73.07758	182.35	m	7.715	1.41	A0	0.225
HD 20290	HIP 15173	48.88232	-8.77009	182.35	m	6.741	0.436	K2 III	1.371
HD 210075	HIP 109226	331.91434	10.75362	182.36	m	7.193	0.888	K0	1.038
HD 131319	HIP 72790	223.16999	8.48065	182.36	m	8.053	1.748	F5	0.465
HD 221355	HIP 116091	352.85286	16.21872	182.38	m	8.056	1.751	F8	0.546
HD 87312	HIP 49437	151.39875	51.39111	182.39	m	7.88	1.575	A2	0.215
HD 155503	HIP 84190	258.14595	-15.16357	182.39	m	7.968	1.663	B9 V	0.135
HD 14754	HIP 11106	35.73605	8.54546	182.39	m	7.659	1.354	F0	0.432
HD 25355	HIP 18868	60.67427	25.92141	182.39	m	8.195	1.89	A0	0.154
HD 92753	HIP 52385	160.61366	-8.72719	182.4	m	6.975	0.67	K1 III	1.17
HD 216178	HIP 112802	342.65979	4.06821	182.41	m	7.247	0.942	K1 III	1.282
HD 115226	HIP 64883	199.50006	-72.95027	182.43	m	8.541	2.236	AP SR(EU)	0.364
HD 157278	HIP 84974	260.5114	6.52976	182.43	m	8.493	2.188	A0	0.308
HD 145412	HIP 79477	243.29937	-49.8847	182.43	m	6.851	0.546	A0 V	0.15
HD 159733	HIP 86016	263.68929	34.75145	182.43	m	6.96	0.655	F0	0.23
HD 110284	HIP 61908	190.30718	-27.90819	182.45	m	6.869	0.563	M3 III	1.859
HD 220500	HIP 115511	350.97598	37.40575	182.45	m	8.545	2.239	G0	0.655
HD 87622	HIP 49529	151.6934	34.35397	182.45	m	8.921	2.615	G5	0.534
HD 85861	HIP 48532	148.47991	-33.235	182.46	m	7.748	1.442	A8 V	0.308
HD 199394	HIP 103263	313.78801	46.35015	182.46	m	7.097	0.791	G5II	1.177
HD 3828	HIP 3225	10.24674	21.02045	182.47	m	7.156	0.85	K 1 III	1.259
HD 37878	HIP 26178	83.71333	-71.74621	182.48	m	8.492	2.186	G8/K0 IV	1.046
HD 131616	HIP 71161	218.3231	85.93845	182.48	m	7.331	1.025	K0	1.207
HD 218369	HIP 114206	346.92812	-30.23333	182.48	m	8.992	2.686	F7 V	0.493
HD 125725	HIP 69870	214.47037	69.23429	182.48	e	8.263	1.957	F2	0.452
HD 139951	HIP 75874	232.47449	80.77106	182.48	m	7.049	0.743	K0	1.079
HD 109051	HIP 61058	187.7231	71.29992	182.48	m	7.06	0.754	K0	1.201
HD 28973	HIP 21544	69.38509	60.09033	182.49	m	7.349	1.043	A0	0.026
HD 176865	HIP 93953	286.94768	-68.88376	182.49	m	7.141	0.835	A3 V	0.133
HD 40260	HIP 28203	89.39165	-2.64522	182.5	m	8.618	2.312	F0 IV	0.375
HD 21600	HIP 16403	52.81117	49.70624	182.5	m	8.641	2.335	A 6 VN	0.208
HD 406	HIP 700	2.17964	-2.22258	182.51	m	7.164	0.858	K0 III	1.154
HD 78751	HIP 44972	137.41941	-9.93788	182.51	m	7.561	1.255	K0/1 III	1.528
HD 3217	HIP 2769	8.82389	-18.42406	182.51	m	8.418	2.112	F3 V	0.476
HD 221635	HIP 116314	353.4975	-48.5219	182.53	m	8.823	2.516	F6/7 V	0.564
HD 173980	HIP 92113	281.59538	41.68879	182.53	m	8.256	1.949	A2	0.167
HD 191271	HIP 99374	302.55082	-31.16625	182.53	m	8.117	1.81	F0 V	0.372
HD 10779	HIP 8111	26.06267	-50.09923	182.54	m	8.812	2.505	A5 V	0.238
HD 47562	HIP 31727	99.56744	-22.76757	182.55	m	8.345	2.038	G8 IV	1.016
HD 151219	HIP 82081	251.49165	4.0418	182.56	m	7.171	0.864	F2 V	0.432
HD 52279	HIP 33510	104.4873	-49.14673	182.56	m	7.365	1.058	B9 IV/V	-0.059
HD 22433	HIP 16776	53.97861	-20.15221	182.56	m	8.678	2.371	A5/7 III	0.262
HD 207182	HIP 107471	326.51552	42.38929	182.58	m	8.676	2.369	F0	0.389
HD 58899	HIP 36307	112.10305	21.54939	182.58	m	7.248	0.941	G5	1.074
HD 16396	HIP 12328	39.69131	33.41894	182.58	m	7.481	1.174	K2III	1.366
HD 182402	HIP 95371	291.02803	10.54452	182.59	m	8.594	2.287	A0	0.304
HD 159008	HIP 85871	263.21129	-13.48209	182.6	m	7.259	0.952	A0 V	0.156
HD 181017	HIP 95171	290.42304	-54.18588	182.6	m	7.586	1.278	K2 III	1.447
HD 115669	HIP 65050	200.00888	-62.52658	182.63	m	7.06	0.752	K2/3 III	1.54
HD 93377	HIP 52731	161.70248	-5.38149	182.63	m	8.079	1.771	A7 II	0.245
HD 1447	HIP 1521	4.73709	63.28824	182.66	m	7.732	1.424	F0	0.377
HD 220846	HIP 115741	351.73273	25.40265	182.66	m	7.509	1.201	A P SR EU	0.215
HD 177983	HIP 93814	286.58251	15.86133	182.67	m	7.337	1.029	AM	0.447
HD 96802	HIP 54468	167.166	-29.74735	182.68	m	7.341	1.033	K0 III	1.264
HD 8130	HIP 6257	20.06571	-36.24291	182.68	m	7.445	1.137	A0 V	0.058
HD 68771	HIP 40570	124.24201	59.18936	182.69	m	6.714	0.405	K0	1.581
HD 167505	HIP 89593	274.24373	-32.37056	182.69	m	8.857	2.548	F2 V	0.443
HD 183692	HIP 96023	292.85587	-17.67339	182.69	m	8.894	2.585	F3 V	0.459
HD 48743	HIP 32213	100.87795	-29.63541	182.69	m	8.489	2.18	F2 V	0.375
HD 26321	HIP 19563	62.86222	40.91328	182.69	m	7.277	0.968	A2	0.186
HD 128288	HIP 71521	219.41011	-50.0859	182.71	m	7.338	1.029	K0 III	1.254
HD 162520	HIP 87695	268.68468	-55.89843	182.71	m	7.298	0.989	A0 V	0.041
HD 135892	HIP 74814	229.33705	9.37976	182.71	m	8.826	2.517	F5	0.549
HD 101104	HIP 56702	174.39191	-60.90323	182.71	m	6.764	0.455	M5/7	1.516
HD 59975	HIP 36851	113.65099	48.1914	182.73	m	7.287	0.978	A3	0.127
HD 61940	HIP 37401	115.19208	-20.95559	182.73	m	8.157	1.848	A2 V	0.183
HD 54797	HIP 34035	105.909	-71.99931	182.74	m	8.912	2.603	F2 IV/V	0.447
HD 223648	HIP 117751	358.20372	-85.8955	182.74	m	7.973	1.664	A1MA7-F0	0.236
HD 189751	HIP 98448	300.04767	36.41413	182.74	m	7.14	0.831	K0III	1.304
HD 168043	HIP 89675	274.50543	-2.03325	182.74	m	7.88	1.571	A0 V	0.142
HD 93101	HIP 52591	161.30615	3.73	182.75	m	7.958	1.649	K0 III	1.288
HD 877	HIP 1046	3.26632	-22.47017	182.77	m	6.767	0.458	G8/K0 III	1.102
HD 39718	HIP 27788	88.20493	-34.56057	182.77	m	6.744	0.434	G6/8 III	1.052
HD 41348	HIP 28740	91.04876	-8.71926	182.77	m	8.447	2.137	A2 II/III	0.238
HD 217559	HIP 113671	345.33834	14.8708	182.77	m	7.201	0.891	K0III	1.16
HD 155864	HIP 84328	258.5968	-4.16202	182.77	m	8.028	1.718	A0 V	0.313
HD 153805	HIP 83457	255.84247	-40.08789	182.77	m	7.4	1.09	A9 V	0.336
HD 30877	HIP 22411	72.33491	-42.41367	182.78	m	7.332	1.022	A2/3(M)A3-F2	0.225
HD 133087	HIP 73478	225.25523	45.72352	182.78	m	8.729	2.419	F0	0.456
HD 117623	HIP 65846	202.47029	64.18051	182.78	m	7.125	0.815	G0	0.875
HD 20301	HIP 15092	48.66706	-35.55766	182.79	m	6.962	0.652	G2 V	0.833
HD 156461	HIP 84647	259.5748	-15.79878	182.8	m	7.339	1.029	G8 III	1.198
HD 28715	HIP 21135	67.9602	5.76445	182.8	m	6.67	0.36	B9	-0.003
HD 150260	HIP 81708	250.3453	-38.07799	182.8	m	8.936	2.626	F0/2 V	0.619
HD 12462	HIP 9453	30.39549	-25.6342	182.8	m	8.969	2.659	F5 V	0.545
HD 185636	HIP 96631	294.70843	33.34625	182.81	m	7.786	1.476	F2	0.398
HD 49301	HIP 32452	101.58849	-30.74415	182.81	m	8.168	1.858	F5 V	0.601
HD 17441	HIP 13428	43.2272	73.27724	182.81	m	7.318	1.008	G5	1.271
HD 194557	HIP 100545	305.80816	59.77762	182.82	e	8.728	2.418	F8	0.403
HD 221925	HIP 116488	354.07288	-7.11722	182.82	e	7.877	1.567	F0 V	0.351
HD 133843	HIP 73992	226.81876	-24.19389	182.82	m	7.367	1.057	K0 III	1.189
HD 98556	HIP 55330	169.95873	-48.39627	182.82	m	8.289	1.979	K3 III	1.553
HD 73210	HIP 42327	129.44485	19.26722	182.82	m	6.755	0.445	A5V	0.208
HD 81276	HIP 46024	140.79583	-44.96502	182.83	m	7.938	1.628	A1 V	0.079
HD 21243	HIP 15978	51.43444	5.93544	182.83	m	7.693	1.383	A0	0.069
HD 113240	HIP 63761	196.03431	-72.51286	182.83	m	8.764	2.454	F5 IV/V	0.549
HD 222759	HIP 117037	355.88544	-51.34886	182.84	m	8.529	2.219	A3 IV/V	0.209
HD 160358	HIP 86704	265.74034	-57.96672	182.85	m	8.468	2.158	K2 III	1.482
HD 128004	HIP 71259	218.59381	4.17826	182.85	m	8.635	2.324	F3 V	0.481
HD 214566	HIP 111800	339.67089	29.71144	182.86	m	7.527	1.216	A0	0.083
HD 7360	HIP 5903	18.95544	71.11189	182.87	m	8.256	1.945	A0	0.322
HD 70627	HIP 41172	126.02449	31.30099	182.87	m	7.461	1.15	K0	1.229
HD 73075	HIP 42078	128.64868	-44.27028	182.88	m	7.425	1.114	K1 III	1.176
HD 104057	HIP 58440	179.75422	-6.65368	182.88	m	8.122	1.811	F2 II	0.43
HD 74718	HIP 43050	131.56443	19.70916	182.88	m	8.411	2.1	A5	0.245
HD 196589	HIP 101720	309.28315	36.58397	182.88	m	7.5	1.189	A0	0.089
HD 60820	HIP 37072	114.27281	20.15679	182.89	m	6.879	0.568	K0	1.489
HD 117988	HIP 66255	203.6821	-40.24317	182.89	m	8.133	1.822	A5 V	0.257
HD 47376	HIP 31853	99.89066	30.30396	182.89	m	8.066	1.755	A0	0.138
HD 20884	HIP 15687	50.52115	4.21059	182.9	m	7.614	1.303	K0 III	1.338
HD 26797	HIP 19728	63.42853	-17.47299	182.9	m	8.594	2.283	A9 V	0.305
HD 92614	HIP 52327	160.3976	-0.27248	182.9	m	8.262	1.951	F5 V	0.508
HD 168693	HIP 89819	274.9543	31.14487	182.91	m	8.233	1.922	F0	0.128
HD 24291	HIP 17925	57.51085	-45.38538	182.91	m	7.035	0.724	K0 III	1.077
HD 198870	HIP 103205	313.64664	-36.89454	182.92	m	8.949	2.638	F7 V	0.514
HD 161001	HIP 86570	265.36658	37.86164	182.92	m	7.887	1.576	G0	0.487
HD 154957	HIP 83680	256.5447	50.29882	182.92	m	8.733	2.422	G5	0.714
HD 31391	HIP 22835	73.70233	-20.38951	182.93	m	8.509	2.198	F3 V	0.499
HD 71730	HIP 41660	127.41693	24.34471	182.96	m	7.147	0.835	K0III	1.151
HIP 22238		71.76942	9.06068	182.96	m	8.676	2.364	F2	0.542
HD 13289	HIP 10008	32.22629	-35.79215	182.98	m	8.325	2.013	F5 V	0.591
HD 126100	HIP 70296	215.74611	24.10669	182.98	m	8.627	2.315	K0	1.226
HD 165141	HIP 88743	271.75104	-48.24728	182.98	m	7.212	0.9	G8/K0 II/IIIP	1.153
HD 16295	HIP 12146	39.14147	-14.65673	183	m	7.056	0.744	K0 III	1.204
HD 198383	HIP 102932	312.8092	-38.26786	183	m	8.045	1.733	F2/3 IV + A/F	0.344
HD 216351	HIP 112822	342.7202	64.56134	183.02	m	8.541	2.229	A0	0.316
HD 194230	HIP 100683	306.18928	-7.60634	183.03	m	8.466	2.153	K0 III	1.207
HD 117299	HIP 65690	202.0226	58.20927	183.03	m	7.976	1.663	F0	0.354
HD 19665	HIP 14767	47.66622	21.89265	183.03	m	7.342	1.029	K0	1.247
HD 104241	HIP 58552	180.10187	44.63034	183.04	m	7.579	1.266	A(M?)	0.082
HD 130626	HIP 72551	222.49001	-29.03463	183.04	m	7.345	1.032	K1 III	1.491
HD 166992	HIP 89295	273.31692	-1.71959	183.04	m	7.384	1.071	A0 V	0.108
HD 87477	HR 3968|HIP 49343	151.09734	-39.97586	183.05	m	6.562	0.249	K1 III	1.59
HD 206381	HIP 107277	325.94255	-57.36841	183.06	m	7.467	1.154	K2 III	1.457
HD 24033	HIP 17793	57.13427	-31.77876	183.06	m	8.267	1.954	A5/7 + (A)	0.215
HD 19584	HIP 14679	47.40835	16.9047	183.06	m	8.872	2.559	F0	0.366
HD 37380	HIP 25381	81.45459	-79.76263	183.06	m	8.755	2.442	F8 IV/V	0.593
HD 163015	HIP 87633	268.51537	-1.61932	183.07	m	6.72	0.407	B8 V	0.076
HD 206889	HIP 107335	326.09743	29.26561	183.07	m	7.246	0.933	K1III	1.277
HD 6139	HIP 4837	15.55313	-31.62321	183.07	m	8.862	2.549	F6/7 V	0.547
HD 93346	HIP 52693	161.61122	-15.03411	183.08	m	7.411	1.098	A0 V	0.038
HD 197466	HIP 102351	311.06816	-9.04966	183.08	m	7.699	1.386	F0 V	0.344
HD 2840	HIP 2518	7.98464	28.50957	183.09	m	8.919	2.606	A2	0.394
HD 76920	HIP 43803	133.82006	-67.26547	183.09	m	7.941	1.628	K1 III	1.3
HD 7025	HIP 5504	17.62744	-6.08459	183.09	m	7.68	1.367	A3mA3-F0	0.205
HD 20456	HIP 15393	49.61158	28.71353	183.09	m	8.684	2.371	A2	0.337
HD 82309	HIP 46751	142.93336	20.00549	183.09	m	7.526	1.213	K3III	1.526
HD 33168	HIP 24075	77.58291	41.89189	183.1	m	8.566	2.253	F0	0.28
HD 112550	HIP 63282	194.51675	-46.42791	183.1	m	7.613	1.3	K1 III	1.426
HD 88277	HIP 49693	152.16285	-62.78707	183.11	m	8.982	2.668	F7 V	0.562
HD 67871	HIP 40158	123.02098	46.94161	183.11	m	7.861	1.547	A2	0.185
HD 15466	HIP 11602	37.39693	9.00634	183.11	m	6.981	0.667	A5	0.335
HD 58829	HIP 36335	112.18373	34.43692	183.11	m	7.578	1.264	G5	1.332
HD 205666	HIP 106691	324.1431	15.69301	183.11	m	8.208	1.894	A2	0.169
HD 178218	HIP 93972	287.00398	-7.84786	183.11	m	6.997	0.683	K0 III	1.237
HD 51722	HIP 33555	104.60073	-4.52506	183.13	m	7.568	1.254	A9 V	0.317
HD 84962	HIP 47800	146.16901	-73.10749	183.13	m	8.819	2.505	K0 III/IV	1.113
HD 207046	HIP 107837	327.70235	-74.77502	183.13	m	8.25	1.936	G6/8 III	1.02
HD 212806	HIP 110999	337.32615	-69.43787	183.14	m	7.797	1.483	K1 III	1.24
HD 105281	HIP 59118	181.84168	-10.73953	183.15	m	8.271	1.957	A2/3mA8-F3	0.41
HD 114125	HIP 64120	197.12467	-2.67899	183.15	m	7.91	1.596	Ap SrEuCr	0.445
HD 219963	HIP 115189	349.9648	28.73031	183.15	e	8.721	2.407	F8	0.538
HD 26569	HIP 19744	63.49585	42.58244	183.15	m	8.31	1.996	F0	0.477
HD 140489	HIP 77034	235.94326	2.43995	183.15	m	7.284	0.97	K0 III	1.225
HD 155904	HIP 84262	258.37558	22.74571	183.16	m	7.701	1.387	A2	0.296
HD 176375	HIP 93144	284.61039	36.42587	183.16	m	8.358	2.044	F0V	0.278
HD 171764	HIP 91180	279.02739	11.85375	183.18	m	8.173	1.859	A0	0.172
HD 3397	HIP 2923	9.26481	31.48648	183.19	m	7.686	1.371	F0III	0.33
HD 80613	HR 3711|HIP 45874	140.31394	15.37135	183.19	m	6.548	0.233	A0V	0.002
HD 82272	HIP 46628	142.62933	-20.97955	183.2	m	8.2	1.885	F2 IV/V	0.388
HD 9307	HIP 7117	22.92784	10.88942	183.21	m	7.139	0.824	G5	1.167
HD 21875	HIP 16400	52.79557	-13.49885	183.21	m	7.726	1.411	A0 V	0.153
HD 198290	HIP 102713	312.17838	19.85956	183.21	m	8.68	2.365	F0	0.305
HD 215317	HIP 112301	341.20493	-40.7681	183.21	m	7.176	0.861	K0 III	1.278
HD 200418	HIP 103967	315.97118	-20.74823	183.21	m	8.549	2.234	F3 V	0.454
HD 201858	HIP 104594	317.81588	33.13352	183.22	m	7.586	1.271	G5	1.113
HD 117779	HIP 66064	203.1496	-10.20259	183.22	m	8.843	2.528	F3 IV	0.531
HD 94839	HIP 53495	164.15501	-21.27534	183.22	m	8.121	1.806	A5 V	0.27
HD 200019	HIP 103579	314.79932	44.7905	183.24	m	7.231	0.916	G5	0.951
HD 184571	HIP 96318	293.75753	4.31135	183.25	m	7.651	1.336	F5 V	0.511
HD 116561	HIP 65488	201.33575	-53.83848	183.27	m	8.411	2.096	F0 V	0.396
HD 94983	HIP 53562	164.35169	-40.96975	183.27	m	8.356	2.041	A0MA5/7-A8	0.21
HD 103219	HIP 57942	178.23881	-41.7806	183.27	m	7.713	1.398	A5/7 V	0.32
HD 124952	HIP 69641	213.80052	46.97406	183.28	m	8.941	2.625	F8	0.341
HD 74638	HIP 42613	130.26952	-66.81632	183.29	m	6.679	0.363	B8 V	-0.086
HD 73469	HIP 42645	130.35419	59.07108	183.29	m	7.158	0.842	G 8 III-IV	1.15
HD 225023	HIP 220	0.69178	35.81547	183.3	m	7.535	1.219	A0	0.192
HD 223837	HIP 117770	358.25384	17.89977	183.3	m	6.725	0.409	K2	1.717
HD 74135	HIP 42766	130.7211	20.81924	183.3	m	8.898	2.582	A 9 III	0.317
HD 19112	HIP 14329	46.20683	13.79746	183.31	m	7.464	1.148	G8III	1.11
HD 116844	HIP 65534	201.53059	14.34672	183.31	m	8.361	2.045	G0	0.593
HD 26087	HIP 19202	61.74223	-21.99408	183.31	m	6.708	0.392	A5MA5-F2	0.248
HD 145350	HIP 79303	242.76528	-13.99215	183.32	m	7.953	1.637	K0 III	1.33
HD 941	HIP 1102	3.43958	-23.21478	183.33	m	6.996	0.68	K1 IIICNIV	1.31
HD 100598	HIP 56486	173.70413	32.16991	183.33	m	8.548	2.232	A2	0.363
HD 224674	HIP 118309	359.94924	11.27343	183.33	m	6.747	0.431	A2	0.15
HIP 72335		221.88052	64.55036	183.33	m	8.809	2.493	F0	0.322
HD 27823	HIP 20443	65.69292	-20.24283	183.34	m	8.241	1.925	A1 V	0.114
HD 124568	HIP 69432	213.23452	50.71286	183.34	m	7.812	1.496	A0	0.154
HD 82865	HIP 47022	143.74872	12.65451	183.34	m	6.807	0.491	B9	-0.041
HD 190541	HIP 99130	301.87922	-46.84717	183.34	m	8.75	2.434	F0 V	0.42
HD 154115	HIP 83309	255.3902	42.72715	183.36	m	7.337	1.02	G5	1.01
HD 80236	HIP 45700	139.74632	10.94989	183.36	m	8.024	1.707	A2	0.138
HD 202696	HIP 105056	319.2248	27.25813	183.37	m	8.331	2.014	K 0 III-IV	1.177
HD 11575	HIP 9174	29.52326	76.37	183.37	m	7.861	1.544	G5	1.185
HD 23304	HIP 17406	55.94015	-9.603	183.39	m	7.331	1.014	K0 III	1.288
HD 109702	HIP 61512	189.04268	56.82549	183.39	m	7.363	1.046	K 2 III	1.402
HD 18377	HIP 13656	43.96128	-38.65071	183.39	m	7.156	0.839	K0 III	1.194
HD 77982	HIP 43911	134.18202	-80.13835	183.39	m	8.345	2.028	A8 V	0.314
HD 198367	HIP 102795	312.38648	8.69668	183.4	m	7.971	1.654	A2	0.288
HD 223927	HIP 117818	358.4177	2.73114	183.41	m	8.962	2.645	F6 V	0.546
HD 9304	HIP 7157	23.06479	38.27194	183.41	m	7.436	1.119	G5	1.062
HD 285140	HIP 23645	76.22886	23.5685	183.41	m	8.975	2.658	F5	0.572
HD 73819	HIP 42600	130.23457	19.58034	183.42	m	6.754	0.437	A6VN	0.196
HD 88460	HIP 50093	153.42587	26.15058	183.43	m	7.554	1.237	A2	0.135
HD 148594	HIP 80819	247.56532	-27.91625	183.44	m	6.902	0.585	B8 V	0.088
HD 180686	HIP 94768	289.24387	13.11922	183.44	m	8.72	2.402	A0	0.218
HD 118893	HIP 66685	205.04926	-24.26396	183.45	m	8.722	2.404	G8/K0 IV	1.069
HIP 95357		290.99597	32.64798	183.47	m	8.644	2.326	G5	0.473
HD 123532	HIP 68982	211.83784	42.09851	183.48	m	7.316	0.998	K0	1.21
HD 33500	HIP 24390	78.49038	56.50795	183.48	m	8.153	1.835	A2	0.225
HD 171365	HIP 90996	278.44003	17.73219	183.49	e	7.446	1.128	F 6 V	0.371
HD 220413	HIP 115490	350.92973	-28.58328	183.49	e	8.358	2.04	A5 IV	0.238
HD 123861	HIP 69196	212.48851	4.01567	183.5	m	8.96	2.642	F6/8 V	0.506
HD 38295	HIP 27011	85.94376	-21.42866	183.51	m	6.796	0.478	K0 III	1.17
HD 149066	HIP 81345	249.19889	-64.80752	183.52	m	7.979	1.661	A4MA5-F0	0.343
HD 112351	HIP 63042	193.76997	64.1971	183.54	m	8.765	2.446	A5	0.332
HD 14887	HIP 11223	36.11341	15.52488	183.54	m	7.916	1.597	F0	0.357
HD 209124	HR 8389|HIP 108553	329.84523	57.65852	183.55	m	6.578	0.259	A 0 III-IV	0.012
HD 137619	HIP 75743	232.11297	-39.78895	183.55	m	8.082	1.763	F3 V	0.48
HD 149594	HIP 81306	249.09471	-14.64149	183.55	m	8.18	1.861	K0 III	1.509
HD 167946	HIP 89612	274.30987	5.75359	183.56	m	7.332	1.013	A0	0.032
HD 99145	HIP 55645	170.98566	-57.88044	183.57	m	6.676	0.357	K5/M1 III	1.819
HD 66116	HIP 39358	120.6779	14.94932	183.58	m	7.317	0.998	A5	0.308
HD 214218	HIP 111714	339.44389	-50.06666	183.6	m	8.278	1.959	F2 IV	0.4
HD 38194	HIP 27024	85.97246	-3.5949	183.6	m	8.502	2.183	A5 IV	0.283
HD 161628	HIP 87140	267.06281	-35.8953	183.61	m	7.09	0.771	B9 V	-0.051
HD 3948	HIP 3131	9.94955	-80.65614	183.61	m	7.998	1.679	G2 IV/V	0.808
HD 215981	HIP 112693	342.32152	-23.09255	183.61	m	7.057	0.737	K3 III	1.573
HD 124407	HIP 69476	213.35067	5.39962	183.64	m	8.626	2.306	A3+...	0.391
HD 42756	HIP 29864	94.32792	64.83185	183.65	m	7.371	1.051	K0	1.202
HD 26807	HIP 19703	63.30883	-31.28338	183.65	m	8.433	2.113	A6 IV	0.269
HD 105156	HIP 59049	181.59333	18.20078	183.65	m	8.91	2.59	G	0.469
HD 156721	HIP 84846	260.11502	-29.36502	183.65	m	6.974	0.654	A1 V	0.052
HD 103350	HIP 58047	178.57609	72.14912	183.66	m	8.18	1.86	A3	0.279
HD 207618	HIP 107928	327.99434	-55.77907	183.66	m	7.085	0.765	K0 III	1.151
HD 223265	HIP 117355	356.92825	71.49617	183.66	m	7.564	1.244	K0	1.145
HD 146029	HIP 79621	243.72219	-22.3803	183.68	m	7.386	1.066	B9 V	0.073
HD 24718	HIP 18546	59.51259	48.7332	183.68	m	8.553	2.233	F8	0.628
HD 22747	HIP 16940	54.5029	-38.7741	183.7	m	8.638	2.318	A9 V	0.334
HD 144331	HIP 78793	241.28717	3.0576	183.7	m	8.505	2.185	F3 IV/V	0.572
HD 152652	HIP 83156	254.90006	-67.19956	183.72	m	8.252	1.931	F5 IV	0.589
HD 85216	HIP 48305	147.72128	19.32354	183.73	m	8.429	2.108	A3	0.362
HD 100345	HIP 56314	173.17875	-16.63006	183.73	m	8.453	2.132	F5/6 IV/V	0.553
HD 199908	HIP 103471	314.45253	55.48767	183.74	m	7.289	0.968	F1IV-V	0.389
HD 210264	HIP 109319	332.21	22.13877	183.74	m	7.293	0.972	G 5 III	0.991
HD 10495	HIP 8081	25.94598	55.87748	183.74	m	6.979	0.658	A2	0.236
HD 81806	HIP 46173	141.2348	-64.70814	183.75	m	7.44	1.119	A2/3 V	0.136
HD 209211	HIP 108798	330.61018	-35.83492	183.75	m	8.073	1.752	F0/2 III	0.344
HD 159503	HR 6551|HIP 85987	263.61348	16.50438	183.75	m	6.613	0.292	A 8 VN	0.238
HD 157440	HIP 84818	260.02369	55.93544	183.77	m	7.952	1.631	A2	0.127
HD 9822	HIP 7536	24.27576	49.07581	183.77	m	7.616	1.295	F2	0.455
HD 15474	HIP 11608	37.43574	8.49885	183.78	m	8.219	1.897	G5	1.016
HD 86593	HIP 48947	149.78552	-16.0116	183.78	m	7.614	1.292	A0 V	0.083
HD 21999	HIP 16433	52.8957	-31.67353	183.79	m	7.621	1.299	A0 V	0.054
HD 28623	HIP 21049	67.68746	0.11286	183.79	m	8.41	2.088	A1 V	0.147
HD 222830	HIP 117096	356.073	-64.33967	183.79	m	7.203	0.881	K1/2 III	1.34
HD 29929	HIP 21786	70.20252	-45.79304	183.8	m	7.508	1.186	A3 V	0.161
HD 177455	HIP 93847	286.68297	-42.81478	183.8	m	7.115	0.793	G8 III	1.109
HD 37441	HIP 26590	84.78138	14.55676	183.81	m	7.537	1.215	A0	0.04
HD 37720	HIP 26454	84.41488	-53.53537	183.82	m	7.423	1.101	A3 V	0.142
HD 32470	HIP 23490	75.74033	-12.43854	183.82	e	8.587	2.265	A0 V	0.052
HD 195429	HIP 101543	308.68411	-63.31169	183.82	e	7.355	1.033	A3 V	0.119
HD 202012	HR 8113|HIP 104451	317.38241	68.49089	183.82	m	8.338	2.016	M7	1.23
HD 79350	HIP 45129	137.92497	-50.91696	183.83	m	7.873	1.551	K0 III	1.269
HD 17387	HIP 12981	41.74232	-13.34122	183.85	m	8.837	2.515	G8/K0 III	1.034
HD 1141	HR 55|HIP 1296	4.05843	76.95082	183.85	m	7.028	0.706	B 9 VN	-0.07
HD 30397	HR 1524|HIP 22136	71.45694	-34.00501	183.85	m	6.841	0.519	A0 V	0.003
HD 219665	HIP 115042	349.50181	-48.11304	183.86	m	7.381	1.059	F3 IV/V	0.424
HD 78320	HIP 44730	136.71669	-23.32747	183.87	m	8.97	2.647	F5 V	0.512
HD 178049	HIP 93982	287.03375	-26.83465	183.87	m	7.274	0.951	G6 III	1.132
HD 21490	HIP 16258	52.38396	43.23072	183.88	m	8.94	2.617	F2	0.403
HD 9853	HIP 7522	24.21164	33.65992	183.89	m	8.582	2.259	A2	0.256
HD 151235	HIP 81929	251.0095	46.3321	183.9	m	8.97	2.647	A M A2-F0	0.336
HD 36768	HIP 26682	85.05578	69.98185	183.9	m	7.022	0.699	K0	1.113
HD 131724	HIP 72927	223.57504	32.01687	183.9	m	7.062	0.739	K0	1.329
HD 203484	HIP 105489	320.49123	23.82519	183.91	m	8.852	2.529	A3	0.235
HD 70414	HIP 40810	124.93533	-49.53677	183.91	m	7.267	0.944	K1 III	1.391
HD 68117	HIP 39850	122.11845	-52.61709	183.91	m	7.209	0.886	FM DELTA DEL	0.396
HD 11813	HIP 9039	29.11218	30.43971	183.93	m	7.951	1.628	F0	0.346
HD 59631	HIP 36464	112.54705	-17.0677	183.93	m	7.685	1.362	K0 III	1.35
HD 126898	HIP 70795	217.17348	-16.9642	183.94	m	8.992	2.669	F0/2 IV	0.413
HD 73528	HIP 42266	129.27986	-43.53308	183.94	m	7.945	1.622	A5/7 III	0.291
HD 89572	HIP 50687	155.26529	41.84939	183.95	m	6.776	0.453	A0	0.012
HD 109894	HIP 61631	189.48531	54.85312	183.95	m	6.991	0.667	G 9 III	1.083
HD 16371	HIP 12117	39.0309	-44.75891	183.96	m	8.188	1.864	G8 III	1.024
HD 139939	HIP 76769	235.11853	18.67157	183.96	m	7.717	1.393	A2	0.262
HD 133716	HIP 73974	226.77588	-37.94566	183.96	m	7.186	0.862	A1 V	0.067
HIP 43485		132.85894	57.52705	183.96	m	8.676	2.352	F0	0.461
HD 89429	HIP 50437	154.46995	-54.62319	183.97	m	7.872	1.548	A0	0.014
HD 3946	HIP 3271	10.4195	-42.01605	183.97	m	8.893	2.569	G8 IV	1.061
HD 179564	HIP 94395	288.18567	8.61051	183.98	m	7.771	1.447	A0	0.161
HD 121701	HIP 68220	209.49282	-40.93621	183.98	m	8.61	2.286	A3 IV	0.199
HD 10016	HIP 7604	24.48753	9.76357	184.01	m	7.629	1.305	F5	0.478
HD 84729	HIP 47912	146.48096	-43.67874	184.01	m	7.369	1.045	K1 III	1.343
HD 150537	HIP 81630	250.11736	29.85865	184.01	m	8.174	1.85	A 1 V	0.068
HD 135200	HIP 74394	228.06562	43.98092	184.02	m	8.165	1.841	F0	0.425
HD 67140	HIP 39634	121.49511	-19.89251	184.05	m	6.963	0.638	B9 V	0.028
HD 173172	HIP 91824	280.82807	17.48975	184.05	m	7.423	1.098	A0	0.079
HD 75199	HIP 43156	131.84942	-34.60033	184.06	m	6.825	0.5	K4 III	1.718
HD 150814	HIP 81941	251.07358	-22.52358	184.06	m	7.594	1.269	B9.5 V	0.148
HD 147799	HIP 80578	246.78717	-58.12158	184.07	m	7.365	1.04	G8 III	1.185
HD 148286	HIP 80532	246.60437	15.09434	184.07	m	7.423	1.098	K0	1.329
HD 5075	HIP 4113	13.18311	7.70194	184.07	m	8.638	2.313	G0	0.77
HD 107217	HIP 60105	184.90586	-5.85112	184.08	m	8.896	2.571	F0 V	0.37
HD 90400	HIP 51224	156.94119	59.59724	184.08	m	6.972	0.647	K0	1.213
HD 135895	HIP 74845	229.426	-4.49446	184.09	m	7.773	1.448	A1 V	0.114
HD 204901	HIP 106432	323.36364	-54.15512	184.09	m	8.661	2.336	F3 IV/V	0.474
HD 138497	HIP 76396	234.04929	-65.11459	184.09	m	7.204	0.879	B9 IV(P CRSREU)	0.099
HD 89866	HIP 50819	155.64525	16.7413	184.1	m	8.389	2.064	F0	0.418
HD 108553	HIP 60872	187.14506	-56.31309	184.1	m	8.999	2.674	A3/4 IV/V	0.224
HD 105530	HIP 59241	182.27664	-51.14671	184.1	m	8.619	2.294	A2/3 V	0.202
HD 177328	HIP 93482	285.56819	42.99577	184.12	m	7.906	1.581	A0	0.047
HD 223529	HIP 117568	357.63915	-69.09279	184.12	m	7.486	1.16	K2 III/IVCNIB/II	1.436
HD 220274	HIP 115363	350.51265	48.79514	184.13	m	7.501	1.175	K0	1.27
HD 94460	HIP 53315	163.57284	12.37113	184.13	m	7.632	1.306	K0	1.103
HD 22156	HIP 16790	54.01896	46.58448	184.14	m	7.442	1.116	G6III	1.282
HD 20977	HIP 15528	50.01576	-60.49492	184.15	m	7.983	1.657	G8 III/IV	1.069
HD 203217	HIP 105355	320.09379	19.2209	184.15	m	8.291	1.965	A2	0.206
HD 30850	HIP 22323	72.1318	-49.79275	184.15	m	7.454	1.128	G8 III	1.093
HD 42859	HIP 29537	93.36472	10.24788	184.16	m	8.499	2.173	A2	0.207
HD 14521	HIP 11004	35.4437	38.50822	184.16	e	8.226	1.9	A3	0.173
HD 163529	HIP 87759	268.90062	25.13176	184.17	m	8.105	1.779	A3	0.236
HD 129606	HIP 72035	221.03225	-28.3529	184.17	m	8.066	1.74	K1 III	1.386
HD 141313	HIP 77502	237.38329	-31.26112	184.17	m	8.907	2.581	F3 V	0.444
HD 223575	HIP 117581	357.67747	-25.90847	184.17	m	8.94	2.614	G2 V	0.738
HD 22912	HIP 17602	56.55785	71.61813	184.18	m	7.073	0.747	G5	1.124
HD 5197	HIP 4235	13.50164	25.48827	184.18	m	7.393	1.067	K 0 III	1.228
HD 180737	HIP 95569	291.59259	-76.36716	184.18	m	8.504	2.178	A3 V	0.166
HD 60330	HIP 36653	113.07022	-38.17419	184.18	m	8.592	2.266	A3 V	0.222
HD 207131	HIP 107396	326.29731	54.50914	184.19	m	8.931	2.605	F0	0.464
HD 113651	HIP 63867	196.34116	-8.14968	184.19	m	8.821	2.495	F2/3 V(w)	0.531
HD 12268	HIP 9296	29.85843	-40.72721	184.21	m	7.027	0.7	G8 III	1.08
HD 146662	HIP 79843	244.4582	-13.37249	184.21	m	7.376	1.049	K0 III	1.297
HD 141388	HIP 77614	237.6727	-46.31362	184.22	m	8.548	2.221	A9 V	0.325
HD 57582	HIP 35465	109.81664	-49.97801	184.22	m	7.383	1.056	K0 III	1.237
HD 6069	HIP 4780	15.35186	-40.43262	184.22	m	8.959	2.632	F0 V	0.364
HIP 14558		46.9904	62.26455	184.22	m	8.735	2.408	A 5 II	0.36
HD 82321	HIP 46577	142.47241	-44.90918	184.23	m	7.984	1.657	F2/3 (III)	0.416
HD 106383	HIP 59673	183.55824	33.45017	184.23	m	8.126	1.799	G7III	0.95
HD 223624	HIP 117602	357.74682	63.98486	184.24	m	6.807	0.48	A0	0.064
HD 94319	HIP 53234	163.34352	12.74629	184.24	m	8.717	2.39	A3	0.343
HD 114243	HIP 64204	197.37584	-20.12366	184.25	m	7.173	0.846	A0 V	0.07
HD 2244	HIP 2101	6.66445	56.64121	184.26	m	6.577	0.25	B 9 V	0.018
HD 83478	HIP 47375	144.78463	17.46799	184.26	m	8.661	2.334	F	0.491
HD 18833	HIP 14105	45.46955	-0.91849	184.26	m	8.227	1.9	G8 V	0.965
HD 21140	HIP 16249	52.35383	69.45971	184.27	m	7.844	1.517	A0	0.092
HD 49672	HIP 32987	103.08338	50.67397	184.27	m	8.577	2.25	F2	0.416
HD 311295	HIP 39781	121.94123	-68.69468	184.27	m	8.939	2.612	F5	0.559
HD 216047	HIP 112704	342.35715	16.35293	184.29	m	8.318	1.991	A2	0.278
HD 36420	HIP 26297	84.00469	63.519	184.3	m	7.822	1.494	A3	0.157
HD 125967	HIP 70328	215.8462	-25.82892	184.31	m	8.403	2.075	F2 III/IV	0.455
HD 5377	HIP 4326	13.84502	-24.66023	184.33	m	7.179	0.851	K0 III	1.188
HD 117382	HIP 65910	202.65964	-38.88221	184.33	m	7.854	1.526	A1 V	0.132
HD 146264	HIP 79618	243.69983	18.21657	184.33	m	7.587	1.259	G8III	1.156
HD 79032	HIP 45124	137.90154	3.77866	184.33	m	8.826	2.498	A5 III	0.339
HD 23644	HIP 17670	56.76491	8.95489	184.33	m	7.258	0.93	G5	1.451
HD 36062	HIP 25100	80.60543	-71.5065	184.34	m	7.443	1.115	A7 III/IV	0.227
HD 38648	HIP 27535	87.47352	49.8411	184.34	m	7.796	1.468	A2	0.067
HD 208443	HIP 108263	328.99612	10.09696	184.35	m	7.169	0.841	K0	1.161
HD 32111	HIP 23415	75.48999	28.29116	184.35	m	8.294	1.966	A0	0.297
HD 110721	HIP 62130	190.99938	21.17302	184.36	m	7.987	1.659	F0	0.3
HD 102616	HIP 57639	177.29374	67.32854	184.36	m	7.504	1.176	F8	0.824
HD 170540	HIP 91122	278.81427	-67.53662	184.37	m	8.823	2.495	F2 V	0.44
HD 64627	HIP 38774	119.0542	36.69148	184.38	m	8.94	2.611	F2	0.422
HD 220286	HIP 115379	350.59597	29.43332	184.38	m	8.576	2.247	G0IV	0.733
HD 207936	HIP 108018	328.25403	-10.56261	184.4	m	6.999	0.67	G8 IV	1.158
HIP 36842		113.63272	46.89268	184.4	m	8.8	2.471	K0	1.28
HD 20191	HIP 15259	49.20457	51.21819	184.4	m	7.183	0.854	B 8 V	0.042
HD 111141	HIP 62414	191.86321	-38.82197	184.4	m	7.805	1.476	F2 III/IV	0.462
HD 97048	HIP 54413	167.01381	-77.65486	184.41	m	8.488	2.159	A0PE SHELL	0.364
HD 149425	HIP 81316	249.11947	-40.30304	184.41	m	7.116	0.787	B9 V	0.116
HD 179837	HIP 94343	288.03974	41.83761	184.42	m	8.227	1.898	F0	0.299
HD 210630	HIP 109481	332.68618	42.7366	184.44	m	7.849	1.52	A2	0.282
HD 32468	HIP 23493	75.75814	-8.66315	184.44	m	7.106	0.777	B9 IV	-0.086
HD 204038	HIP 105739	321.25148	33.68749	184.44	m	8.43	2.101	F 2 IV	0.441
HD 109772	HIP 61599	189.33853	-8.30032	184.47	m	7.007	0.677	A1 IV/V	0.06
HD 121784	HIP 68205	209.44756	-11.53682	184.47	m	8.127	1.797	A7 V	0.267
HD 161076	HIP 86717	265.7791	10.36225	184.48	m	8.326	1.996	A2	0.21
HD 198971	HIP 103503	314.54866	-69.14622	184.49	m	6.826	0.496	B9/9.5 V	-0.059
HD 165460	HIP 88416	270.78737	52.86128	184.49	m	8.895	2.565	G0	0.505
HD 104837	HIP 58857	181.06674	-32.10597	184.49	m	8.132	1.802	A9 V	0.335
HD 20831	HIP 16048	51.66884	72.20603	184.5	m	7.15	0.82	F0	0.249
HD 96003	HIP 54141	166.13891	12.66698	184.51	m	6.876	0.546	A3P	0.028
HD 24118	HIP 18046	57.85539	25.16293	184.51	m	6.805	0.475	A2	0.161
HD 48494	HIP 32295	101.12528	20.69301	184.51	m	7.047	0.717	A0	-0.007
HD 5474	HIP 4360	13.97069	-53.19254	184.52	m	6.733	0.403	K1 IIICNII	1.29
HD 191716	HIP 99831	303.83765	-64.81945	184.53	m	7.541	1.211	G8 III	1.099
HD 115813	HIP 65023	199.93377	-11.67298	184.54	m	7.305	0.975	A3 V	0.17
HD 197717	HIP 102306	310.93396	46.31813	184.55	m	7.169	0.838	K0IV	1.237
HD 134250	HIP 74132	227.24043	-4.01338	184.55	m	8.282	1.951	A5 IV	0.327
HD 177120	HIP 93649	286.05915	-22.89652	184.56	m	6.902	0.571	A0 V	0.196
HD 22220	HIP 17333	55.6497	77.17041	184.56	m	7.892	1.561	A0	0.129
HD 99459	HIP 55830	171.64176	-21.3565	184.57	m	6.872	0.541	A0 V	-0.02
HD 131268	HIP 72775	223.14978	0.5068	184.57	m	8.93	2.599	F3 III	0.507
HD 84636	HIP 47949	146.56043	-14.58998	184.57	m	7.463	1.132	K4 III	1.586
HD 86795	HIP 49064	150.18231	-7.09786	184.57	m	8.267	1.936	F2 IV/V	0.386
HD 150784	HIP 81882	250.88728	-8.11839	184.59	m	7.941	1.61	K0 III	1.378
HD 172763	HIP 91661	280.37671	12.97533	184.59	m	8.458	2.127	A2	0.166
HD 13283	HIP 10560	33.98565	79.17916	184.59	m	7.094	0.763	A2	0.072
HD 52902	HIP 33728	105.09842	-49.13506	184.59	m	6.658	0.327	G5 III	1.008
HD 35391	HIP 24187	77.8974	-80.19252	184.59	m	8.031	1.7	K1 III	1.299
HD 107595	HIP 60335	185.56971	-67.27063	184.6	m	8.853	2.522	F3 IV	0.473
HD 71597	HIP 41538	127.06066	0.24394	184.62	m	7.416	1.085	K1 IV	1.39
HD 129154	HIP 71757	220.17073	12.27874	184.62	m	8.257	1.926	A3	0.205
HD 33441	HIP 24445	78.66077	63.12694	184.63	m	6.922	0.59	F0	0.313
HD 1874	HIP 1851	5.84401	52.71245	184.64	m	8.402	2.07	K0	1.172
HD 21802	HIP 16586	53.3777	55.55928	184.64	m	7.915	1.583	A0	0.18
HD 175905	HIP 93078	284.39983	-0.52637	184.66	m	7.783	1.451	K0/1 III	1.343
HD 38935	HIP 27419	87.08784	-22.05302	184.66	m	7.908	1.576	K0 III	1.265
HD 221890	HIP 116470	354.00106	-8.76617	184.66	m	7.227	0.895	F5 II	0.525
HD 23223	HIP 17383	55.84328	-2.06964	184.66	m	7.251	0.919	K0 III	1.305
HD 143296	HIP 78341	239.94503	-6.12754	184.67	m	7.531	1.199	K0 III	1.299
HIP 104593		317.81453	39.24402	184.67	m	8.616	2.284	F5	0.571
HD 8612	HIP 6648	21.32915	20.34956	184.67	m	7.896	1.564	A0	0.052
HD 95233	HR 4283|HIP 53798	165.10648	51.5021	184.68	m	6.504	0.172	G9III	1.184
HD 13109	HIP 9825	31.61852	-55.08285	184.68	m	7.129	0.797	K1 III	1.22
HD 164504	HIP 88115	269.94222	38.28187	184.68	m	8.165	1.833	F5	0.408
HD 60134	HIP 36999	114.06725	56.3811	184.68	m	8.244	1.912	A2	0.134
HD 50462	HIP 33029	103.22787	-12.15452	184.68	m	7.156	0.824	A2MA7-F0	0.294
HD 225149	HIP 304	0.96979	22.29605	184.68	m	8.28	1.948	A2	0.17
HD 110610	HIP 62138	191.03262	-64.21153	184.69	m	8.618	2.286	A9 IV/V	0.486
HD 16066	HIP 12297	39.59686	68.06131	184.69	m	7.711	1.379	F2II	0.4
HD 28782	HIP 21290	68.51878	43.0874	184.69	m	7.421	1.089	A5	0.269
HD 191190	HIP 99417	302.66294	-46.7351	184.7	m	6.961	0.629	K1 III	1.362
HD 205787	HIP 106795	324.45943	-9.59684	184.7	m	8.133	1.801	A5/7mA7-F2	0.412
HD 224528	HIP 118206	359.65127	-36.87657	184.71	m	8.647	2.315	F0 V	0.322
HD 198647	HIP 102994	313.00315	-11.43954	184.71	m	7.215	0.883	K0 III	1.239
HIP 8156		26.22292	19.85681	184.72	m	8.464	2.131	F0	0.439
HD 151656	HIP 82331	252.34322	-16.77208	184.73	m	8.599	2.266	K0/1 III	1.612
HD 47910	HIP 31661	99.40086	-55.34373	184.73	m	6.998	0.665	G8 III	1.126
HD 181488	HIP 95626	291.74849	-71.77222	184.73	m	8.47	2.137	A9 IV	0.318
HD 19458	HIP 14661	47.35086	45.38306	184.73	m	8.076	1.743	A0	0.128
HD 187708	HIP 97263	296.51058	69.91916	184.74	m	8.166	1.833	A0	0.22
HD 69364	HIP 40625	124.40118	24.83712	184.74	m	7.614	1.281	K0III	1.132
HD 88369	HIP 49261	150.83954	-82.50822	184.75	m	7.469	1.136	K0 III	1.286
HD 216363	HIP 112982	343.20849	-41.00366	184.75	m	8.373	2.04	F0 IV/V	0.424
HD 113117	HIP 63606	195.53139	-48.58158	184.76	m	8.713	2.38	A9/F0 IV	0.365
HD 33267	HIP 24211	77.98179	53.45211	184.76	m	7.181	0.848	K0	1.158
HD 203876	HIP 105759	321.30338	-13.49352	184.77	m	8.209	1.876	F3 V	0.451
HD 221537	HIP 116114	352.91534	77.81968	184.79	m	7.041	0.708	A0	0.042
HD 174887	HIP 92695	283.31114	-11.35074	184.8	m	8.361	2.028	A2 III	0.339
HD 80510	HIP 45827	140.15913	17.12734	184.8	m	7.803	1.47	F2	0.391
HD 95758	HIP 54009	165.72988	-23.98741	184.8	m	8.331	1.998	K2 III	1.458
HD 184657	HIP 95382	291.04934	79.78196	184.8	m	8.172	1.838	F5	0.428
HD 118386	HIP 66635	204.88489	-72.50427	184.81	m	8.019	1.685	A3MA5-A8	0.331
HD 11670	HIP 8948	28.81207	36.00225	184.81	m	8.23	1.896	F5	0.448
HD 39166	HIP 27885	88.51441	57.04554	184.81	m	7.593	1.259	F0	0.429
HD 78637	HIP 44958	137.37949	2.94132	184.82	m	7.915	1.581	F0 IV	0.317
HD 86989	HIP 49148	150.46546	-12.89882	184.82	m	8.027	1.693	G8 III/IV	1.02
HD 73710	HR 3428|HIP 42549	130.09203	19.66994	184.82	m	6.523	0.189	K0III	1.173
HD 102686	HIP 57664	177.39672	29.49854	184.83	m	7.669	1.335	G6PIII	1.066
HD 41496	HIP 29883	94.39196	79.32994	184.84	m	7.95	1.616	A0	0.201
HD 32222	HIP 23326	75.26252	-11.20807	184.84	e	7.325	0.991	B9 V	-0.051
HD 207782	HIP 107808	327.61164	39.44216	184.84	e	7.81	1.476	A 5 V	0.241
HD 142639	HIP 77966	238.83996	9.22342	184.85	m	6.998	0.664	K0	1.255
HD 215940	HIP 112565	341.97799	51.97942	184.86	m	7.159	0.825	A3	0.267
HD 161016	HIP 86550	265.30742	41.65498	184.87	m	7.131	0.797	A2	0.207
HD 47721	HIP 31630	99.28045	-52.3472	184.87	m	7.733	1.399	A0/1 V	0.072
HD 198226	HIP 102650	312.02609	27.45703	184.87	m	8.764	2.43	F0	0.428
HD 177151	HIP 93376	285.27728	48.03556	184.88	m	7.144	0.81	K0	1.137
HD 117377	HIP 65768	202.25683	47.84714	184.89	m	7.096	0.761	F5	0.438
HD 124712	HIP 69574	213.62394	29.08495	184.89	m	8.597	2.262	F5	0.428
HD 156562	HIP 84574	259.33541	25.39566	184.9	m	8.301	1.966	F5	0.454
HD 222230	HIP 116671	354.66272	35.53521	184.91	m	8.146	1.811	A2	0.265
HD 17940	HIP 13504	43.48491	31.69648	184.91	m	7.987	1.652	A2	0.276
HD 43857	HIP 29951	94.57261	-5.65434	184.92	m	6.87	0.535	A1 V	0.095
HIP 42137		128.8442	66.27942	184.94	m	8.973	2.638	F0	0.384
HD 83173	HIP 47270	144.51277	47.56123	184.96	m	8.435	2.1	F8	0.523
HD 129831	HIP 72158	221.38531	-26.94265	184.97	m	8.114	1.779	A2/3 V + (G)	0.298
HD 26203	HIP 19230	61.83098	-36.14328	184.97	m	8.402	2.067	A8 III	0.306
HD 112061	HIP 62917	193.41724	4.23777	184.99	m	7.778	1.442	K1/2 III	1.321
HD 217666	HIP 113769	345.59903	-11.31233	184.99	m	8.951	2.615	F2/3 V + (F)	0.432
HD 135118	HIP 73959	226.72347	75.98529	184.99	m	8.307	1.971	A2	0.183
HD 331172	HIP 97092	295.98419	31.87406	184.99	m	8.994	2.658	A5	0.384
HD 178111	HIP 94046	287.20489	-33.35355	184.99	m	8.411	2.075	K1 III	1.237
HD 72611	HIP 41874	128.07054	-41.83238	184.99	m	7.002	0.666	AP EUCRSR	-0.064
HD 26163	HIP 19348	62.17536	10.09935	185	m	7.034	0.698	M1	2.045
HD 86076	HIP 48539	148.49281	-62.11964	185	m	7.869	1.533	A2 V	0.153
HD 204437	HIP 106128	322.46448	-43.50743	185.01	m	7.072	0.736	K0/1 III	1.225
HD 44735	HIP 30302	95.60211	-23.59359	185.01	m	7.633	1.297	A2MA2-A8	0.273
HD 15805	HIP 11828	38.16324	3.73858	185.02	m	8.242	1.906	F3 V	0.5
HD 20500	HIP 15375	49.56322	12.82383	185.02	m	7.789	1.453	B8	0.249
HD 78535	HIP 44916	137.25786	7.51319	185.03	m	7.084	0.748	K0	1.134
HD 221727	HIP 116333	353.584	51.61259	185.04	m	8.078	1.742	A0	0.083
HD 40660	HIP 28379	89.92723	-14.709	185.04	m	8.234	1.898	A2MA8-F0/2	0.375
HD 76397	HIP 43949	134.2704	35.02335	185.06	m	7.267	0.93	K0	1.213
HD 19099	HIP 13808	44.44536	-76.33008	185.06	m	8.118	1.781	A9 IV	0.319
HD 123759	HIP 69144	212.30817	14.13642	185.08	m	8.558	2.221	F5	0.496
HD 91214	HIP 51486	157.73849	-44.36783	185.09	m	6.942	0.605	G5 III	0.98
HD 19447	HIP 14569	47.0267	17.02738	185.1	m	7.717	1.38	F0	0.398
HD 10450	HIP 7994	25.67056	38.51543	185.11	m	7.357	1.02	G5	1.361
HD 147662	HR 6101|HIP 79867	244.54071	68.55455	185.12	m	6.516	0.179	K0	1.603
HD 12453	HIP 9600	30.86836	51.65166	185.13	m	7.884	1.547	A0	0.087
HD 11191	HIP 8576	27.64961	30.47226	185.13	m	8.587	2.25	F0	0.285
HIP 97551		297.41675	71.44379	185.13	m	8.915	2.578	F8	0.432
HD 101257	HIP 56831	174.75258	-15.03226	185.14	m	8.59	2.253	F7 V	0.539
36 Cet	HD 7268|HIP 5666	18.19876	-6.78337	185.15	m	6.68	0.342	K0 III	1.084
HD 216024	HIP 112791	342.61785	-59.52552	185.15	m	7.491	1.153	F3 IV	0.357
HD 162545	HIP 87599	268.41528	-43.71911	185.16	m	7.601	1.263	K0/1 III	1.321
HD 85114	HIP 48180	147.30869	-24.64625	185.17	m	7.519	1.181	K1/2 IIICNII	1.422
HD 171484	HIP 90948	278.28527	40.53232	185.18	m	7.043	0.705	K0	1.124
HD 89087	HIP 50322	154.14411	-2.60193	185.2	m	8.328	1.99	K2 III	1.294
HD 136513	HIP 75106	230.21645	7.68271	185.2	m	8.353	2.015	G5	1.121
HD 25088	HIP 18378	58.9216	-60.78356	185.22	m	8.526	2.188	A6 V	0.317
HD 189279	HIP 98221	299.40435	39.33756	185.23	m	8.74	2.401	G0	0.468
HD 53765	HIP 34430	107.06172	42.5239	185.24	m	8.635	2.296	F0	0.314
HD 88191	HIP 49864	152.73281	36.46813	185.24	m	7.321	0.982	K0	1.303
HD 19979	HIP 15097	48.69112	51.58982	185.24	m	8.759	2.42	A0	0.296
HD 7623	HIP 6175	19.795	76.79661	185.24	m	7.41	1.071	K2	1.461
HD 189832	HIP 98763	300.89675	-38.85254	185.25	m	6.929	0.59	AP SRCREU	0.285
HD 189419	HIP 98521	300.22889	-26.22367	185.27	m	7.978	1.639	A9 V	0.376
HD 166910	HIP 89471	273.87803	-51.82092	185.28	m	8.774	2.435	F5 V	0.469
HD 79374	HIP 45327	138.56598	18.25766	185.29	m	8.788	2.449	G0	0.593
HD 222739	HIP 117022	355.844	-33.08274	185.3	m	7.277	0.938	K0 III	1.257
HD 131747	HIP 72993	223.7544	14.9794	185.3	m	7.016	0.677	K0III	1.093
HD 115724	HIP 64968	199.74281	-1.26947	185.32	m	8.753	2.413	K1 III	1.269
HD 68140	HIP 40157	123.01803	25.18029	185.32	m	8.775	2.435	F0	0.281
HD 120348	HIP 67338	207.02129	42.04747	185.32	m	6.705	0.365	K1III	1.28
HD 110823	HIP 62211	191.25855	-16.04335	185.33	m	8.378	2.038	F2/3 V	0.412
HD 176399	HIP 93260	284.96487	6.15725	185.34	m	7.32	0.98	G5	1.085
HD 225150	HIP 314	0.99164	20.95373	185.34	m	8.337	1.997	G0	0.579
HD 171442	HIP 91087	278.69284	5.46311	185.35	m	8.611	2.271	F8	0.566
HD 151058	HIP 81889	250.91052	32.69231	185.35	m	7.457	1.117	K0	1.259
HD 128579	HIP 71468	219.23792	27.83626	185.35	m	8.574	2.234	A3	0.275
HD 45304	HIP 30592	96.4408	-20.97306	185.37	m	7.183	0.843	K0 III	1.201
HD 31826	HIP 22999	74.21173	-44.19247	185.38	m	7.954	1.614	K0 III	1.355
HD 45392	HIP 30854	97.18146	35.26192	185.39	m	8.502	2.162	F8	0.54
HD 91311	HR 4131|HIP 51697	158.43241	53.49739	185.39	m	6.508	0.168	A 1 V	-0.016
HD 37355	HIP 26518	84.59057	8.48731	185.39	m	6.849	0.509	G5	1.414
HD 34768	HIP 24626	79.22653	-52.45269	185.39	m	8.218	1.878	F0 IV/V	0.34
HD 35659	HIP 25398	81.49917	-6.96348	185.39	m	8.336	1.996	A4 III	0.3
HD 183265	HIP 95767	292.16816	3.69395	185.4	m	7.324	0.984	A0 V	0.035
HD 165473	HIP 88562	271.24585	29.08098	185.4	m	7.144	0.803	G9III	1.219
HD 147925	HIP 80281	245.82342	35.61177	185.4	m	7.293	0.952	K0	1.072
HD 203968	HIP 105831	321.53026	-24.48422	185.41	m	7.319	0.978	G8 IV	1.187
HD 98818	HIP 55466	170.39025	-61.22622	185.43	m	7.485	1.144	K0 III	1.281
HD 50518	HIP 32985	103.08248	-32.01443	185.44	m	7.757	1.416	A5 V	0.227
HD 11288	HIP 8553	27.58463	-23.77186	185.45	m	8.554	2.213	G8 IV	0.965
HD 109761	HIP 61635	189.50536	-69.60318	185.45	m	7.494	1.153	G6 III	1.03
HD 139610	HIP 76619	234.70644	10.61576	185.45	m	7.213	0.872	G5	1.114
HD 162036	HIP 86999	266.66882	45.87799	185.46	m	7.991	1.65	F2	0.428
HD 204673	HIP 106028	322.13192	50.44536	185.46	m	7.36	1.019	A0	0.004
HD 106363	HIP 59722	183.7184	-81.19415	185.47	m	7.64	1.299	A4/5 III	0.271
HD 153832	HIP 83186	255.02256	39.10063	185.47	m	7.359	1.018	K0	1.235
HD 165127	HIP 88755	271.78243	-49.81385	185.49	m	7.871	1.529	A1/2 V	0.21
HD 7615	HIP 5942	19.11571	23.58946	185.49	m	6.685	0.343	A0	0.046
HD 180352	HIP 94641	288.86585	19.41998	185.53	m	7.319	0.977	K 0 III	1.238
HD 138756	HIP 76411	234.10014	-53.48719	185.54	m	8.871	2.529	A4 IV	0.289
HD 31977	HIP 23393	75.42774	38.78921	185.54	m	7.69	1.348	K0	1.341
HD 194676	HIP 100935	306.97996	-28.26106	185.56	m	7.981	1.639	M7/8 III	1.158
HD 166498	HIP 89059	272.65633	7.63541	185.57	m	7.646	1.303	K2	1.391
HD 217229	HIP 113486	344.74377	27.74588	185.57	m	8.61	2.267	F5	0.48
HD 205178	HIP 106464	323.44299	-5.41862	185.58	m	7.795	1.452	A2mA7/8-F0	0.337
HD 173272	HIP 91890	280.98353	12.16871	185.58	m	7.452	1.109	K2	1.399
HD 144308	HIP 78813	241.33836	-3.34853	185.59	m	7.758	1.415	K0 III	1.484
HD 19145	HIP 14386	46.39678	27.86962	185.59	m	8.236	1.893	A0	0.176
HD 96419	HIP 54331	166.71571	6.69816	185.59	m	7.888	1.545	K2	1.362
HD 124973	HIP 69773	214.20306	-8.88447	185.6	m	6.609	0.266	K1 III	1.459
HD 21975	HIP 16551	53.28212	19.38325	185.6	m	8.066	1.723	A0	0.113
HD 190455	HIP 98970	301.40378	-17.70037	185.6	m	8.8	2.457	A3 V	0.336
HD 210742	HIP 109880	333.82109	-70.65302	185.61	m	6.99	0.647	K0 III	1.23
HD 125627	HIP 70210	215.47277	-46.01545	185.61	m	8.98	2.637	F5 V	0.5
HD 166133	HIP 89066	272.67381	-33.91875	185.62	m	7.295	0.952	K1 III	1.394
HD 145623	HIP 79123	242.2608	56.87186	185.62	m	8.096	1.753	A2	0.329
HD 153930	HIP 83353	255.5329	7.21356	185.62	m	8.429	2.086	A3	0.27
HD 3895	HIP 3264	10.38725	-1.29972	185.63	m	8.673	2.33	F5 V	0.513
HD 44621	HIP 30276	95.52544	-15.66343	185.64	m	6.66	0.317	K0 III	1.361
HD 118966	HIP 66820	205.43453	-56.36055	185.64	m	8.998	2.655	F3 V	0.483
HD 52715	HIP 33965	105.71057	13.08937	185.65	m	7.994	1.651	F5	0.564
HIP 102848		312.52651	-27.36577	185.65	m	8.791	2.447	K	0.854
HD 46614	HIP 31342	98.5854	-2.90566	185.65	m	7.393	1.049	Fm delta DEL	0.329
HD 204086	HIP 106406	323.27819	-78.5431	185.66	m	7.59	1.246	K1 III	1.218
HD 60302	HIP 36822	113.58164	14.75312	185.66	m	8.052	1.708	F0	0.29
HD 131777	HIP 73147	224.23232	-42.46129	185.68	m	8.125	1.781	A1 V	0.099
HD 30902	HIP 22519	72.68495	-18.90007	185.69	m	7.447	1.103	K2 III	1.501
HD 32	HIP 441	1.33321	-38.85715	185.7	m	7.032	0.688	G8 III/IV	1.093
HD 41701	HIP 28769	91.12665	-45.19664	185.71	m	7.014	0.67	G8 IB/II	1.123
HD 74647	HIP 42859	131.00427	-33.45276	185.71	m	8.528	2.184	A3 V	0.208
HD 65155	HIP 39435	120.91719	72.65378	185.71	m	8.408	2.064	F0	0.317
HD 196906	HIP 101928	309.82965	29.09879	185.72	m	8.126	1.782	F5	0.484
HD 193138	HIP 99640	303.32699	71.10841	185.73	m	7.852	1.508	F0	0.395
HD 131350	HIP 72905	223.50813	-31.6289	185.73	m	8.028	1.684	F2/3 V	0.505
HD 202364	HIP 104837	318.56907	33.55112	185.73	m	8.602	2.258	A0...	0.218
HD 177702	HIP 93764	286.42909	4.27852	185.73	m	7.347	1.003	A6 V	0.27
HD 27482	HIP 20324	65.31357	27.35025	185.74	m	7.537	1.192	K 5 III	2.457
HD 200468	HIP 103874	315.71157	28.32341	185.74	m	7.869	1.524	A2	0.202
HD 4298	HIP 3569	11.40572	30.3363	185.75	m	7.829	1.484	A2	0.302
HD 192290	HIP 99753	303.60149	-6.04739	185.75	m	7.49	1.145	F2 III	0.395
HD 118548	HIP 66580	204.72554	-55.02449	185.76	m	7.38	1.035	A2MA5-A7	0.228
HD 201172	HIP 104525	317.60219	-59.40774	185.76	m	6.998	0.653	A7 IV/V	0.213
HD 103740	HIP 58251	179.20135	5.34483	185.76	m	7.705	1.36	K0	1.141
HD 30989	HIP 22682	73.17122	12.38471	185.76	m	7.268	0.923	B8	0.176
HD 201364	HIP 104399	317.24847	6.72347	185.77	m	8.413	2.068	A5	0.396
HD 89207	HIP 50453	154.52498	32.1331	185.77	m	8.197	1.852	A2	0.149
HD 151749	HIP 82203	251.90735	37.56022	185.78	m	7.168	0.823	B 9 V	-0.041
HD 153494	HIP 82805	253.85044	64.92931	185.78	m	8.773	2.428	F2	0.278
HD 25834	HIP 19197	61.7174	30.27334	185.78	m	7.736	1.391	K1II	1.8
HD 185044	HIP 96558	294.45246	-13.95636	185.78	m	6.976	0.631	G8/K0 III	1.194
HD 76415	HIP 43576	133.12086	-64.75509	185.78	m	8.535	2.19	G6 IV	0.906
HD 181362	HIP 94990	289.93639	12.92109	185.79	m	7.866	1.521	A2	0.327
HD 199971	HIP 103644	314.99292	18.61894	185.79	m	7.239	0.894	K0	1.222
HD 205249	HIP 106497	323.56905	-13.48375	185.79	m	7.804	1.459	K0 IIIP	1.243
HD 88999	HIP 50401	154.37653	55.8985	185.8	m	7.354	1.009	K 2 III	1.502
HD 201748	HIP 102893	312.67788	85.86796	185.81	m	8.541	2.196	F0	0.259
HD 115426	HIP 64806	199.23328	9.0396	185.83	m	8.815	2.469	F5	0.52
HD 39917	HIP 27843	88.36401	-43.5587	185.84	m	7.98	1.634	G8 V	0.905
HD 52872	HIP 33904	105.5515	-14.36222	185.85	m	8.658	2.312	A4 IV	0.263
HD 24733	HIP 18585	59.6592	53.98869	185.85	m	7.063	0.717	A7V	0.274
HD 98286	HIP 55179	169.46394	-45.50579	185.86	m	7.326	0.98	K0/1 III	1.252
HD 16799	HIP 12793	41.10394	62.25683	185.87	m	7.829	1.483	A 5 II	0.339
HD 151913	HIP 82567	253.16953	-48.50259	185.87	m	8.818	2.472	F6 V	0.635
HD 77656	HIP 44177	134.97642	-68.09351	185.87	m	7.501	1.155	A0 V	0.004
HD 97973	HIP 55073	169.13197	42.35437	185.87	m	8.479	2.133	F8	0.479
HD 208823	HIP 108545	329.82751	-20.00433	185.88	m	8.822	2.476	A9 V	0.338
HD 21811	HIP 16350	52.66913	-9.73024	185.88	m	6.995	0.649	K1 IIICNIVp	1.557
HD 106529	HIP 59755	183.80796	4.52566	185.89	m	8.059	1.713	K0	1.095
HD 91223	HIP 51504	157.77639	-42.22088	185.9	m	8.039	1.693	A1 V	0.139
HD 109151	HIP 61249	188.2784	-64.79417	185.9	m	8.748	2.402	K0 III/IV	1.11
HD 97313	HIP 54665	167.85404	-50.16905	185.91	m	7.979	1.633	A2/3 V	0.241
HD 81138	HIP 45911	140.41706	-56.90344	185.91	m	7.34	0.994	K0 III	1.138
HD 29959	HIP 21976	70.86371	4.96358	185.91	m	8.134	1.787	A4 III	0.374
HD 121827	HIP 68169	209.33682	26.42121	185.93	m	8.578	2.231	K0	1.138
40 Cnc	HD 73666|HIP 42523	130.04772	19.97113	185.93	m	6.58	0.233	A1V	0.026
HD 176699	HIP 93441	285.45565	-6.37946	185.94	m	8.15	1.803	A5 II	0.327
HD 22773	HIP 16190	52.14077	-80.709	185.95	m	7.901	1.554	K1 III	1.363
HD 143919	HIP 78561	240.61203	19.63007	185.95	m	8.173	1.826	G5	1.309
HD 7321	HIP 5704	18.34646	-2.55083	185.96	m	7.366	1.019	K0 III	1.344
HD 165507	HIP 88616	271.38986	18.44555	185.96	m	8.188	1.841	A0	0.14
HD 138410	HIP 76080	233.07448	-9.58644	185.97	m	7.861	1.514	A2 III/IV	0.215
HD 52196	HIP 33517	104.50286	-46.09585	185.97	m	6.8	0.453	A0 IV	-0.055
HD 15728	HIP 11932	38.49435	59.21212	185.98	m	7.145	0.798	K 1 III	1.757
HD 88373	HIP 49898	152.81995	-9.40198	185.99	m	8.733	2.386	F5 V	0.547
HD 98037	HIP 55038	169.00068	-47.30578	185.99	m	7.392	1.045	K0 III	1.266
HD 91366	HIP 51663	158.32031	25.1248	186	m	7.788	1.44	K1III	1.26
HD 78323	HIP 44686	136.59622	-36.80315	186.01	m	7.869	1.521	A0 V	0.067
HD 5896	HIP 4766	15.30975	52.05532	186.01	m	7.652	1.304	A0	0.034
HD 21413	HIP 15867	51.098	-57.55111	186.02	m	7.547	1.199	G8 III	1.13
HD 17610	HIP 13106	42.12895	-33.78306	186.03	m	6.911	0.563	K0 III	1.136
HD 223046	HIP 117224	356.51716	50.66314	186.04	m	7.451	1.103	K0	1.117
HD 116928	HIP 65614	201.79506	-17.92895	186.05	m	7.316	0.968	K0 III	1.252
HD 155243	HIP 84349	258.67559	-63.86532	186.05	m	7.996	1.648	K1 III	1.365
HD 141466	HIP 77539	237.48573	-21.49075	186.06	m	7.783	1.435	K0 III	1.449
HD 116172	HIP 65154	200.28055	47.26974	186.06	m	7.078	0.73	K0	1.055
HD 221681	HIP 116312	353.49255	43.90424	186.08	m	6.912	0.564	B9	0.001
HD 164212	HIP 87944	269.48568	43.41712	186.08	m	6.82	0.471	B9	-0.024
HD 179391	HIP 94611	288.80428	-53.36845	186.09	m	7.8	1.451	F2/3 II/III	0.462
HD 112119	HIP 62973	193.55552	-13.9865	186.11	m	8.753	2.404	F0 V	0.353
HD 1867	HIP 1815	5.75383	-6.37002	186.12	m	8.695	2.346	F3 V	0.526
HD 213337	HIP 111028	337.38967	52.49192	186.12	m	8.165	1.816	G0IV	0.649
HD 217243	HIP 113500	344.79233	19.17238	186.12	m	8.483	2.134	F8	0.52
HD 105846	HIP 59390	182.75645	8.71753	186.13	m	7.478	1.129	K0	1.338
HD 64645	HIP 38841	119.22896	45.45026	186.14	m	8.712	2.363	A3	0.293
HD 8781	HIP 6552	21.05073	-70.67534	186.15	m	8.101	1.752	F0 II/III	0.363
HD 3463	HIP 2887	9.15007	-69.43234	186.17	m	8.065	1.715	A6/8 V	0.224
HD 121039	HIP 67913	208.64804	-55.07184	186.17	m	7.293	0.943	K0 III	1.183
HD 7851	HIP 6385	20.51135	79.02523	186.19	m	7.35	1	K0	1.505
HD 64391	HIP 38598	118.54925	13.42117	186.19	m	7.327	0.977	G5	1.21
HD 192736	HIP 99984	304.25131	-18.43141	186.19	m	7.429	1.079	A3 IV	0.229
HD 146829	HIP 79798	244.28878	29.42834	186.21	m	7.567	1.217	F0	0.366
HD 145710	HIP 79087	242.15238	62.48542	186.22	m	8.522	2.172	F0V	0.434
HD 20872	HIP 15791	50.87749	41.20693	186.22	m	7.83	1.48	A2	0.143
HD 211957	HIP 110450	335.57795	-57.99884	186.22	m	8.918	2.568	F3 V	0.439
HD 182953	HIP 95551	291.52831	28.64528	186.22	m	8.506	2.156	A2	0.153
HD 45058	HIP 30215	95.35427	-60.02197	186.23	m	6.992	0.642	A7 III	0.245
HD 44944	HIP 30529	96.25407	10.51758	186.23	m	7.837	1.487	B9	0.276
HD 112248	HIP 63039	193.76555	28.2341	186.23	m	8.461	2.111	F 5 V:	0.46
HD 85782	HIP 48089	147.06361	-78.78183	186.23	m	8.772	2.422	G8 III/IV	1.13
HD 207483	HIP 108497	329.69321	-82.75317	186.23	m	8.662	2.312	K1 III	1.216
HD 219196	HIP 114686	348.49733	19.6339	186.23	m	6.6	0.25	K2	1.384
HD 201101	HIP 104300	316.94366	-8.43043	186.24	m	8.554	2.204	F3 V	0.458
HD 165598	HIP 88837	272.01156	-31.00128	186.25	m	7.751	1.4	F3 V	0.505
HD 187473	HIP 97684	297.79265	-27.47196	186.25	m	7.307	0.956	AP (EUSRCR)	-0.052
HD 21144	HIP 15847	51.03259	-20.93135	186.26	m	7.266	0.915	K0 III	1.322
HD 110467	HIP 61990	190.56643	8.04217	186.26	m	7.972	1.621	F8	0.5
HD 10555	HIP 7899	25.39789	-52.93242	186.27	m	8.503	2.152	G8 IV	1.106
HD 191394	HIP 99170	302.0049	42.38499	186.27	m	7.21	0.859	K0	1.203
HD 19861	HIP 14612	47.17577	-60.477	186.27	m	8.194	1.843	A1 IV/VS	0.232
HD 167450	HIP 89477	273.89303	-5.47518	186.27	m	7.392	1.041	K0 III	1.219
HD 223328	HIP 117444	357.2006	-47.65002	186.29	m	6.754	0.403	G8 III	1.15
HD 30365	HIP 22245	71.82468	5.78822	186.29	m	6.771	0.42	A0	0.022
HD 156987	HIP 84743	259.84947	28.02593	186.29	m	7.059	0.708	A0	0.032
HD 112462	HIP 63417	194.92894	-79.9467	186.3	m	8.126	1.775	A1 V	0.084
HD 18942	HIP 14153	45.6158	-13.53164	186.31	m	7.909	1.558	G8 IV	1.106
HD 37766	HIP 26910	85.69773	38.198	186.31	m	7.247	0.896	K0	1.142
HD 207376	HIP 107757	327.43936	-46.61097	186.31	m	7.11	0.759	K2 III	1.44
HD 20400	HIP 15410	49.6692	47.02545	186.32	m	8.495	2.144	F0	0.376
HD 198278	HIP 102845	312.52112	-27.36771	186.32	m	7.247	0.896	K0 III	1.248
HD 163910	HIP 87976	269.56863	10.17095	186.32	m	8.357	2.006	A0	0.155
HD 135046	HIP 74322	227.86251	43.79532	186.33	m	8.76	2.409	F5	0.635
HD 104270	HIP 58548	180.08536	-36.56271	186.33	m	7.434	1.083	F(M DELTA DEL)	0.307
HD 204762	HIP 106251	322.81263	-17.25994	186.34	m	8.471	2.119	A9 V	0.275
HD 100127	HIP 56230	172.90528	44.81792	186.35	m	8.905	2.553	F8	0.409
HD 212896	HIP 110973	337.25603	-59.23068	186.35	m	8.853	2.501	F0 V	0.346
HD 206512	HIP 107153	325.57686	5.91198	186.36	m	7.616	1.264	A5	0.318
HD 38931	HIP 27444	87.16533	-14.31436	186.36	m	6.827	0.475	G6/8 III/IV	1.034
HD 110511	HIP 62110	190.94884	-71.03784	186.36	m	8.003	1.651	F0 II/III	0.561
HD 121280	HIP 68054	209.01914	-55.95305	186.36	m	6.938	0.586	K0 III	1.12
HD 109035	HIP 61155	187.97142	-20.98165	186.37	m	7.378	1.026	K0 III	1.312
HD 64181	HR 3069|HIP 38292	117.67712	-44.57995	186.37	m	6.557	0.205	G6 III	1.031
HD 23102	HIP 17715	56.91233	70.21345	186.37	m	8.293	1.941	F0	0.377
HD 39078	HIP 27652	87.8211	23.92631	186.38	m	8.553	2.201	A0	0.172
HD 126598	HIP 70548	216.47742	26.26527	186.38	m	7.58	1.228	K4III	1.581
HD 189425	HIP 98769	300.90982	-62.2426	186.39	m	8.827	2.475	F5 V	0.502
HD 72167	HIP 42138	128.84725	66.27087	186.39	m	8.729	2.377	F0	0.27
HD 44150	HIP 30458	96.04409	60.08447	186.4	m	7.223	0.871	K0	1.235
HD 84676	HIP 47826	146.22379	-57.56929	186.4	m	7.146	0.794	K0/1 III	1.311
HD 224338	HIP 118074	359.27761	-41.4388	186.4	m	8.814	2.462	F6 IV/V	0.572
HD 213210	HIP 111002	337.33321	27.42799	186.4	m	7.748	1.396	F0	0.314
HD 26312	HIP 19460	62.51007	10.84623	186.41	m	7.834	1.482	G5	1.449
HD 31217	HIP 23271	75.10231	71.46502	186.41	m	8.94	2.588	A0	0.171
HD 166550	HIP 89220	273.11111	-30.01389	186.41	m	8.259	1.907	G8/K0 III	1.072
HD 188058	HIP 97788	298.06545	28.25205	186.42	m	6.967	0.615	K2	1.606
HD 47574	HIP 31896	100.0087	19.65777	186.42	m	7.387	1.035	K0	1.406
HD 160199	HIP 86332	264.60047	5.1251	186.42	m	8.533	2.18	A0	0.198
HIP 12108		39.00195	-21.40424	186.43	m	8.658	2.305		0.546
HD 60752	HIP 36781	113.4703	-46.73817	186.43	m	8.096	1.743	F5/6 IV	0.591
HD 39201	HIP 27648	87.79817	8.89856	186.43	m	8.301	1.948	F5	0.563
HD 83919	HIP 47343	144.70766	-64.48917	186.43	m	6.964	0.611	K0/1 III	1.371
HD 217335	HIP 113524	344.87686	43.9138	186.44	m	7.727	1.374	K2	1.481
HD 108908	HIP 61039	187.65379	33.74903	186.44	m	8.527	2.174	F 2 V	0.377
HD 35225	HIP 25147	80.71944	-8.08723	186.45	m	8.541	2.188	A3 III	0.244
HD 15823	HIP 11826	38.15651	-2.02005	186.45	m	8.729	2.376	A9 V	0.339
39 LMi	HD 92371|HIP 52240	160.08827	27.52527	186.46	m	7.113	0.76	A2	0.082
HD 38042	HIP 26589	84.77915	-58.95746	186.46	m	7.348	0.995	K0 III	1.215
HD 184603	HR 7436|HIP 96195	293.40182	38.76198	186.46	m	6.625	0.272	A3V	0.129
HD 9109	HIP 7001	22.52866	22.34836	186.46	m	8.898	2.545	K 0 III	0.932
HD 186253	HIP 96742	294.98555	59.84105	186.47	m	7.789	1.436	A5	0.41
HD 203382	HIP 105466	320.43639	3.07794	186.47	m	7.647	1.294	G8 III/IV	1.057
HD 84238	HIP 47806	146.18809	34.97112	186.48	m	8.666	2.313	A3	0.316
HD 29620	HIP 21822	70.33417	34.6656	186.48	m	8.055	1.702	K0	1.513
HD 34433	HIP 24582	79.10603	-23.05899	186.49	m	7.275	0.922	K0 III	1.217
HD 14988	HR 703|HIP 11212	36.08382	-25.84746	186.51	m	6.583	0.23	K3 III	1.597
HD 29333	HIP 21615	69.60832	29.38736	186.51	m	8.843	2.489	A2	0.736
HD 28985	HIP 22093	71.31058	79.65692	186.51	m	6.67	0.316	A0	0.006
HD 94552	HIP 53364	163.69002	-8.37889	186.51	m	8.008	1.654	A0 V	0.08
HD 26342	HIP 19668	63.20374	54.41261	186.52	m	7.902	1.548	F0	0.564
HD 57878	HIP 36270	112.01712	66.49108	186.53	m	7.728	1.374	A5	0.309
HD 188413	HIP 98359	299.75274	-63.79445	186.53	m	8.216	1.862	F2 IV	0.396
HD 104869	HIP 58879	181.14415	-50.03965	186.54	m	7.95	1.596	A4/5 IV	0.23
HD 87645	HIP 49629	151.93394	53.19595	186.54	m	7.778	1.424	A0	0.153
HD 21246	HIP 15845	51.02652	-41.23189	186.55	m	7.306	0.952	K0 III	1.192
HD 130726	HIP 72527	222.42563	7.98672	186.55	m	7.168	0.814	G 8 III+F	0.778
HD 173181	HIP 92063	281.46539	-40.77322	186.56	m	8.983	2.629	F5 V	0.537
HD 164377	HIP 88216	270.23828	-2.57892	186.56	m	7.665	1.311	K0 III	1.332
HD 134409	HIP 74213	227.48359	-6.71775	186.57	m	8.297	1.943	F5 V	0.593
HD 126827	HIP 70718	216.94472	3.62143	186.57	m	7.594	1.24	K0 III	1.346
HD 99503	HIP 55872	171.78517	35.76966	186.58	m	8.9	2.546	G5	0.516
HD 191973	HIP 100110	304.62505	-72.80813	186.59	m	7.045	0.691	K0 II/III	1.206
HD 47139	HIP 31558	99.08511	-19.49211	186.59	m	7.392	1.038	B9 IV/V	-0.031
HD 4259	HIP 3515	11.21616	-20.33677	186.59	m	8.962	2.608	F0 V	0.385
HD 21440	HIP 16108	51.88312	5.87044	186.6	m	7.324	0.969	K0	1.52
HD 186016	HIP 97347	296.77712	-68.64364	186.6	m	8.636	2.281	K1 III	1.236
HD 191373	HIP 99086	301.73608	54.65277	186.6	m	8.263	1.908	F3V	0.441
HD 66633	HIP 40090	122.83661	74.36293	186.61	m	8.513	2.158	F0	0.314
HD 66528	HIP 39507	121.12508	13.77448	186.61	m	7.827	1.472	F0	0.3
HD 10001	HIP 7541	24.29029	-25.01519	186.62	m	8.291	1.936	F3 V	0.524
HD 196396	HIP 101724	309.29509	-1.31101	186.62	m	7.207	0.852	G8/K0 III	1.105
HD 5880	HIP 4810	15.43416	68.92447	186.64	m	8.915	2.56	G0	0.495
HD 63402	HIP 37932	116.60031	-49.24104	186.66	m	6.967	0.612	A4 V	0.179
HD 22366	HIP 16522	53.18	-61.39406	186.66	m	7.407	1.052	K0 III	1.231
HD 54400	HIP 34092	106.03624	-64.48997	186.67	m	7.489	1.134	A1 V	0.092
HD 202835	HIP 105170	319.57017	10.24906	186.67	m	7.286	0.931	K0	1.187
HD 214967	HIP 112106	340.60416	-30.65003	186.67	m	8.684	2.329	G8 IV	1.017
HD 20763	HIP 15573	50.15675	-4.35356	186.68	m	8.977	2.622	F8/G0 V	0.613
HD 112074	HIP 62954	193.5012	-18.03762	186.68	m	7.072	0.717	A3/5 + F	0.238
HD 15734	HIP 11803	38.06151	21.11809	186.68	m	7.567	1.211	K 0 III	1.171
HD 153414	HIP 83063	254.58665	28.21897	186.7	m	8.691	2.335	A3	0.281
HD 87823	HIP 49626	151.92366	6.29277	186.7	m	8.344	1.988	A5	0.32
HD 99632	HIP 55974	172.05216	47.45647	186.7	m	8.113	1.757	A 3 V	0.145
HD 33444	HIP 24151	77.79753	23.06405	186.71	m	7.94	1.584	F5	0.553
HD 158299	HIP 85527	262.17792	-5.63911	186.71	m	8.576	2.22	A2/3 V	0.406
42 Cnc	HD 73785|HIP 42578	130.18003	19.71931	186.71	m	6.829	0.473	A9III	0.233
HD 170929	HIP 90328	276.45322	70.42211	186.71	m	8.152	1.796	A0	0.118
HIP 45391		138.75132	84.47887	186.71	m	8.854	2.498	F8	0.564
17 UMi	HD 143803|HIP 77942	238.75459	75.57429	186.72	m	6.969	0.613	G5	0.931
HD 200918	HIP 104326	317.00453	-46.49305	186.72	m	7.043	0.687	A0 V	-0.025
HD 133073	HIP 73615	225.71469	-10.39235	186.73	m	7.756	1.4	K0 III	1.318
HD 132739	HIP 73425	225.07797	13.32134	186.74	m	8.624	2.268	F0P:	0.388
HD 172905	HIP 91849	280.8865	-20.9189	186.74	m	7.482	1.126	K0 III	1.328
HD 217715	HIP 113766	345.58772	23.3405	186.74	m	6.844	0.488	A0	0.042
HD 53414	HIP 34264	106.54499	28.19198	186.75	m	7.699	1.343	A2	0.334
HD 8803	HR 419|HIP 6751	21.72314	3.53564	186.76	m	6.65	0.294	B9 V	-0.086
HD 154526	HIP 84090	257.87225	-68.64323	186.77	m	8.055	1.699	A3 V	0.171
HD 64501	HIP 38475	118.20464	-36.91203	186.78	m	8.282	1.925	K0 III	1.243
HD 712	HIP 935	2.89849	33.6803	186.78	m	8.721	2.364	A0	0.214
HD 179035	HIP 94462	288.39566	-51.55926	186.78	m	8.811	2.454	F5 V	0.463
35 Cnc	HD 72779|HR 3387|HIP 42133	128.83103	19.59006	186.78	m	6.637	0.28	G0III	0.769
HD 196330	HIP 101537	308.66995	49.17739	186.78	m	7.252	0.895	B9	0.042
HD 43795	HIP 30117	95.06685	42.7999	186.81	m	7.754	1.397	G6III	1.1
HD 208122	HIP 108063	328.41245	20.39857	186.82	m	7.267	0.91	K0	1.533
HD 104281	HIP 58562	180.12251	-21.87996	186.82	m	8.539	2.182	A3 IV	0.215
HD 34802	HIP 24085	77.61145	-77.21709	186.83	m	7.888	1.531	K1 IIIP	1.259
HD 73712	HIP 42542	130.08394	19.349	186.84	m	6.786	0.429	A9V	0.291
HD 184879	HIP 96366	293.88996	27.10834	186.84	m	7.63	1.273	B9	0.184
HD 76260	HIP 43881	134.09363	38.81166	186.85	m	7.513	1.156	K0	1.554
HD 111384	HIP 62551	192.25262	-9.22034	186.85	m	7.676	1.318	K0 III	1.37
HD 3700	HIP 3159	10.05411	47.25582	186.86	m	7.796	1.438	G0	0.818
HD 157626	HIP 85392	261.73441	-49.34277	186.86	m	8.653	2.295	F2 III	0.478
HD 201689	HIP 104595	317.81778	-4.13965	186.86	m	8.14	1.782	A2 V	0.138
46 Her	HD 151237|HIP 82000	251.27179	28.35801	186.88	m	7.359	1.001	F 8 II	0.601
HD 199952	HIP 103748	315.35787	-32.8956	186.88	m	6.876	0.518	A3 III/IV	0.164
HD 27271	HIP 20102	64.64093	2.47053	186.88	m	7.633	1.275	G8 II	1.17
HD 141591	HIP 77572	237.55539	-11.56468	186.9	m	8.812	2.454	F5 IV/V	0.652
HD 222658	HIP 116954	355.60645	47.75494	186.91	m	8.87	2.512	F8	0.513
HD 35579	HIP 25257	81.03313	-35.78466	186.91	m	8.5	2.142	G8 IV	1.013
HIP 5195		16.61132	80.08992	186.92	e	8.715	2.357	F0	0.441
HD 33933	HIP 24293	78.20034	-22.50759	186.92	m	8.497	2.139	F0 V	0.338
HD 45376	HIP 30774	96.99517	23.66841	186.92	m	7.701	1.343	G5	1.158
HD 118215	HIP 66214	203.56876	51.96233	186.92	m	8.976	2.618	F8	0.442
HD 60276	HIP 36754	113.38987	-6.22699	186.93	m	7.367	1.009	G8/K0 III	1.138
HIP 104154		316.52204	20.41642	186.94	m	8.966	2.608	G5	0.549
HD 38682	HIP 27081	86.13626	-52.60472	186.95	m	8.327	1.968	A6/7 V	0.255
HD 27651	HIP 20344	65.37686	-6.07319	186.95	m	7.337	0.978	K0 III	1.177
HD 118744	HIP 66567	204.6805	9.98083	186.96	m	7.966	1.607	K0	1.193
HD 198444	HIP 102903	312.70346	-14.20038	186.96	m	8.037	1.678	K0 III	1.112
HD 32012	HIP 23025	74.27483	-55.61244	186.97	m	8.483	2.124	A6/7 V	0.254
HD 89157	HIP 50263	153.95226	-50.17778	186.97	m	7.115	0.756	G8 III	1.209
HD 62195	HIP 37975	116.75174	64.05192	186.98	m	7.017	0.658	A2...	0.078
HD 212212	HIP 110412	335.47014	40.66642	187	m	6.692	0.333	K2	1.561
HD 177609	HIP 93819	286.59077	-22.6003	187.01	m	8.632	2.273	K0 III/IV	1.327
HD 31712	HIP 23076	74.47654	-6.10223	187.01	m	7.253	0.894	K0 III	1.242
HD 89730	HIP 50744	155.42835	21.39375	187.02	m	8.847	2.488	F8	0.405
HD 204	HIP 589	1.78787	72.77522	187.03	m	8.444	2.084	A3	0.359
HD 140317	HIP 76166	233.35734	79.19754	187.03	m	8.612	2.252	G0	0.611
HD 40544	HIP 28506	90.27061	35.25886	187.03	m	8.099	1.739	F0	0.395
HD 102194	HIP 57383	176.47069	58.02747	187.03	m	7.976	1.616	K 2 III	1.164
HD 122483	HIP 68459	210.2254	49.46904	187.03	m	8.518	2.158	G5	1.099
HD 82320	HIP 46571	142.4609	-43.95891	187.03	m	7.247	0.887	A1 V	0.085
HD 173846	HIP 92076	281.49834	35.86488	187.03	m	8.256	1.896	B8	0.116
HD 48324	HIP 30936	97.39514	-80.59261	187.04	m	8.67	2.31	A3 V	0.245
HD 210834	HIP 109731	333.41526	-27.45919	187.04	m	8.916	2.556	F6 V	0.528
HD 218890	HIP 114541	348.0126	-43.98777	187.04	m	7.288	0.928	K1 III	1.309
HD 23824	HIP 17804	57.16205	15.50536	187.05	m	8.177	1.817	A0	0.237
HD 127666	HIP 71072	218.00896	22.07989	187.06	m	8.778	2.418	G5	0.507
HIP 95016		290.00405	5.59601	187.07	m	8.495	2.135	G5	0.7
HD 144300	HIP 79415	243.11458	-75.29284	187.07	m	7.91	1.55	A7 V	0.279
HD 167270	HIP 89658	274.46189	-56.47794	187.07	m	7.439	1.079	A8 IV	0.3
HD 28737	HIP 21130	67.93598	-1.35259	187.08	m	8.349	1.989	K0 III	1.198
HD 158490	HIP 85570	262.30534	10.89932	187.08	m	7.73	1.37	A0	0.109
HD 166728	HIP 88744	271.75345	65.88796	187.08	m	7.984	1.624	A2	0.053
HD 160321	HIP 86530	265.25028	-38.11335	187.09	m	8.626	2.266	F3 V	0.48
HD 87214	HIP 49260	150.83749	-10.72744	187.09	m	7.209	0.849	K0 III	1.239
HD 47185	HIP 31554	99.06926	-26.12363	187.1	m	8.051	1.691	K1 III	1.291
HD 101465	HIP 56913	175.01866	-59.00205	187.11	m	7.349	0.989	G8 III	1.097
HD 171150	HIP 90964	278.33468	-6.04801	187.11	m	8.896	2.535	F2/3 V	0.541
HD 50906	HIP 33433	104.28425	41.96732	187.12	m	8.896	2.535	F5	0.584
HD 93763	HIP 52989	162.60212	52.26754	187.13	m	8.517	2.156	F0	0.401
HD 3479	HIP 2964	9.41318	-25.5606	187.15	m	8.6	2.239	F0 V	0.442
HD 170434	HIP 90705	277.60029	-24.06331	187.15	m	8.348	1.987	A1 IV	0.326
HD 98172	HIP 55167	169.42823	12.3997	187.16	m	7.73	1.369	K2	1.448
HD 176252	HIP 93150	284.61654	23.80234	187.19	m	7.35	0.989	K0	1.175
HD 97663	HIP 54876	168.54397	-16.88614	187.19	m	7.209	0.848	K0 III	1.142
HD 167348	HIP 89175	272.98154	52.31643	187.2	m	7.591	1.229	K2	1.142
HD 130667	HIP 72381	221.99638	46.45787	187.2	m	8.716	2.354	F0	0.397
HD 225161	HIP 316	1.00104	12.14578	187.21	m	7.279	0.917	F0	0.334
HD 80986	HIP 46000	140.71926	-4.85448	187.21	m	8.808	2.446	A8 III (+ F)	0.372
HD 88398	HIP 49849	152.67367	-38.91089	187.22	m	6.791	0.429	F0 IV	0.328
HD 224663	HIP 118304	359.93611	-32.21073	187.23	m	8.352	1.99	G8 IV	1.008
HD 62803	HIP 37697	116.01041	-38.81796	187.23	m	7.398	1.036	B9 V	-0.06
HD 200816	HIP 105428	320.32883	-84.30996	187.23	m	8.22	1.858	F5II/III	0.391
HD 28321	HIP 20876	67.09856	11.66591	187.24	m	7.541	1.179	K0	1.624
HD 192945	HIP 100054	304.48615	-8.06611	187.24	m	7.4	1.038	G8 III	1.252
HD 48192	HIP 33009	103.17112	78.0884	187.24	m	8.332	1.97	A5	0.315
HD 115245	HIP 64711	198.94555	7.95298	187.25	m	6.878	0.516	K0	1.381
HD 56938	HIP 33675	104.93875	-83.75244	187.25	m	7.537	1.175	G8 III	1.205
HD 146451	HIP 79695	243.96825	13.99542	187.25	m	8.43	2.068	A2	0.297
HD 186120	HIP 96800	295.16135	44.78917	187.25	m	7.297	0.935	K0	1.285
HD 181534	HIP 95136	290.33024	-13.13631	187.25	m	8.712	2.35	A3 III	0.228
HD 35441	HIP 25243	80.96923	-20.72769	187.26	m	7.674	1.312	K1 III	1.362
HD 214398	HIP 111694	339.38895	24.00133	187.27	e	7.048	0.686	A3	0.186
HD 99831	HIP 56059	172.34437	42.09178	187.28	m	8.923	2.561	AM	0.385
HD 15565	HIP 11649	37.56877	-0.0905	187.28	m	8.262	1.9	A8/9 V	0.329
HD 125547	HIP 69959	214.73823	42.00493	187.29	m	7.203	0.84	K0	1.211
HD 87247	HIP 49258	150.83503	-17.1824	187.3	m	7.723	1.36	F3 III/IV	0.514
HD 220949	HIP 115808	351.92343	44.78528	187.3	m	7.55	1.187	G5	1.153
HD 104644	HIP 58757	180.75625	-31.69166	187.31	m	7.547	1.184	K2/3 III	1.539
HD 223860	HIP 117789	358.30703	-11.01489	187.32	m	7.768	1.405	K0 III	1.209
HD 3809	HIP 3188	10.13892	-29.42086	187.33	m	6.851	0.488	K0 III	1.138
HD 78103	HIP 45084	137.76014	71.3644	187.34	m	7.126	0.763	K0	1.202
HD 32760	HIP 23487	75.7336	-49.70343	187.34	m	7.374	1.011	G8/K0 III	1.227
HD 171583	HIP 91056	278.62181	28.75616	187.35	m	8.329	1.966	A2	0.283
HD 171206	HIP 91125	278.8178	-39.69438	187.36	m	7.198	0.835	A7 IV	0.278
HD 33217	HIP 24049	77.52179	31.93055	187.37	m	8.028	1.665	A5	0.279
HD 74720	HIP 43044	131.54887	18.17972	187.38	m	8.313	1.949	A2	0.28
HD 220864	HIP 115842	352.02655	-66.90887	187.38	m	8.452	2.088	K1 III	1.155
HD 73116	HIP 42166	128.94356	-28.4786	187.4	m	7.253	0.889	K0 III	1.338
HD 4357	HIP 3563	11.38769	-43.14108	187.4	m	8.548	2.184	F5 IV/V	0.475
HD 115066	HIP 64647	198.76802	-30.18143	187.4	m	7.943	1.579	K0 II	1.269
HD 102013	HIP 57272	176.16591	53.66364	187.4	m	8.847	2.483	G5	0.851
HD 96660	HIP 54380	166.89222	-48.63998	187.4	m	6.594	0.23	K3 III	1.791
HD 160835	HR 6592|HIP 86537	265.27286	24.51325	187.4	m	6.507	0.143	K1III+F4V	1.401
HD 39294	HIP 27555	87.53894	-32.80926	187.42	m	6.829	0.465	A1 V	0.051
HD 204624	HIP 105694	321.10237	75.97158	187.42	m	7.345	0.981	K0	1.263
HD 134645	HIP 74013	226.88004	64.71957	187.43	m	7.363	0.999	K0	1.319
HD 56942	HIP 35521	109.97885	21.1281	187.43	m	8.555	2.191	A0	0.21
HD 32418	HIP 23650	76.24432	41.88041	187.43	m	7.331	0.967	A4V	0.164
HD 3881	HIP 3289	10.4908	59.91471	187.44	m	7.449	1.085	A3	0.299
HD 164251	HIP 88017	269.6689	35.63188	187.46	m	7.128	0.763	K0	1.097
HD 222524	HIP 116885	355.37537	-34.19292	187.46	m	8.923	2.558	F3 V	0.46
HD 107340	HIP 60261	185.34067	-80.06155	187.47	m	7.668	1.303	A2MA4-A7	0.267
HD 1151	HIP 1264	3.96516	2.70227	187.48	m	8.436	2.071	A9 IV/V	0.38
HD 12973	HIP 9882	31.78841	7.30095	187.49	m	8.361	1.996	F5	0.447
HD 206253	HIP 107109	325.44073	-35.57492	187.5	m	8.897	2.532	F2 V	0.425
HD 183581	HIP 96284	293.66477	-65.03077	187.5	m	8.326	1.961	F5 IV/V	0.457
HD 169752	HIP 90375	276.61837	-8.1856	187.5	m	7.614	1.249	A0 III/IV	0.207
HD 30095	HIP 21855	70.4957	-50.51868	187.5	m	8.291	1.926	G8 IV	1.065
HD 109903	HIP 61682	189.67098	-39.39236	187.51	m	7.579	1.214	K1 III	1.294
HD 201543	HIP 104345	317.07525	53.22626	187.51	m	7.481	1.116	A0	0.123
HD 116912	HIP 65580	201.67554	7.45326	187.51	m	8.266	1.901	K0	1.342
HD 76387	HIP 43944	134.26126	37.24343	187.52	m	8.608	2.243	A3	0.23
HD 14401	HIP 10422	33.57899	-76.35753	187.54	m	6.67	0.305	K2 III + A/F	1.02
HD 188281	HIP 97079	295.93022	79.53989	187.54	m	7.895	1.529	A0	0.088
HD 75135	HIP 43345	132.44706	44.70427	187.55	m	7.956	1.59	A0	0.121
HD 15929	HIP 11804	38.06296	-45.87124	187.55	m	7.141	0.775	G8/K0 III	1.135
HD 35794	HIP 25454	81.66333	-13.85951	187.55	m	7.122	0.756	A2 III/IV	0.08
HD 152011	HIP 82136	251.70302	62.7991	187.56	m	8.244	1.878	A2	0.147
HD 105900	HIP 59423	182.8418	-2.69911	187.56	m	6.861	0.495	K0 III	1.273
HD 17882	HIP 13325	42.87107	-27.6334	187.56	m	8.843	2.477	F3 V	0.478
HD 180293	HIP 94708	289.06944	-8.69007	187.58	m	7.367	1.001	G8 II	1.173
HD 40970	HIP 28547	90.39247	-16.39878	187.58	m	7.214	0.848	K0 III	1.231
HD 176623	HIP 92571	282.95318	77.14366	187.6	m	8.432	2.066	F5	0.385
HD 62156	HIP 37804	116.27456	50.84808	187.6	m	8.514	2.148	A5	0.251
HD 196619	HIP 101957	309.90856	-30.92356	187.6	m	8.596	2.23	F2 V	0.46
HD 61176	HIP 37126	114.43	-7.72721	187.61	m	7.111	0.745	A5 IV	0.285
HD 10313	HIP 7842	25.21689	1.62837	187.62	e	8.414	2.048	F5 V	0.531
HD 18804	HIP 14129	45.55661	23.42773	187.62	m	8.564	2.198	A0	0.182
HD 53526	HIP 33887	105.51065	-57.31577	187.62	m	7.361	0.995	F2/3 II	0.468
HD 109084	HIP 61165	188.00595	-8.61178	187.62	m	8.884	2.518	G0 V	0.651
HD 15473	HIP 11682	37.66991	40.16758	187.63	m	6.976	0.61	K2	1.636
HD 180243	HIP 94613	288.8079	15.08237	187.64	m	7.643	1.276	A0	0.08
HD 74040	HIP 42508	130.00349	-41.11248	187.65	m	8.237	1.87	A2 IV	0.134
HD 194528	HIP 100904	306.89003	-39.53218	187.66	m	8.006	1.639	A2MA7-F2/3	0.377
HD 137241	HIP 75474	231.26875	-6.24577	187.66	m	7.479	1.112	K0 III	1.364
HD 208810	HIP 108565	329.8778	-29.05657	187.66	m	7.174	0.807	G8/K0 III	1.216
HD 48194	HIP 32236	100.94398	35.25104	187.68	m	8.334	1.967	A2	0.227
HD 75620	HIP 43456	132.76757	0.46968	187.68	m	7.992	1.625	A2 V	0.116
HD 235876	HIP 111317	338.27404	55.09826	187.68	m	8.701	2.334	F2	0.468
HD 199277	HIP 103281	313.85951	25.2305	187.68	m	8.329	1.962	F2	0.39
HD 4684	HIP 3883	12.46717	62.79516	187.73	m	8.858	2.49	A5	0.276
HD 27135	HIP 20448	65.71357	70.84524	187.73	m	8.233	1.865	F4III	0.456
HD 206194	HIP 107113	325.44484	-45.75825	187.75	m	8.465	2.097	A3MA5-F2	0.318
HD 46464	HIP 31414	98.75829	31.43465	187.75	m	7.157	0.789	K0	1.407
HD 195729	HIP 101396	308.23706	2.42747	187.77	m	7.751	1.383	A5 IV	0.23
HD 222002	HIP 116532	354.25796	-17.56201	187.78	m	8.674	2.306	F3 V	0.481
HD 103739	HIP 58261	179.22441	40.35598	187.78	m	8.827	2.459	F8	0.499
HD 212600	HIP 110707	336.45017	-20.23695	187.8	m	7.133	0.765	A1 V + G8/K1 III	0.995
HD 179555	HIP 95086	290.17772	-74.65979	187.8	m	7.803	1.435	A2 V	0.125
HD 175428	HIP 92825	283.70108	15.34268	187.8	m	7.081	0.713	B9	-0.004
HD 234787	HIP 93555	285.82963	51.51408	187.81	m	8.877	2.508	A5	0.306
HD 28794	HIP 21342	68.69141	50.1245	187.81	m	7.085	0.716	A0	0.071
HD 205630	HIP 106677	324.1048	7.88271	187.81	m	7.802	1.433	K2	1.282
HD 11318	HIP 8742	28.12072	49.79944	187.83	m	7.962	1.593	A3	0.453
HD 4130	HIP 3397	10.82292	-45.18133	187.84	m	7.091	0.722	K0 III	1.238
HD 16835	HIP 12598	40.49574	0.55036	187.84	m	7.625	1.256	F0 IV/V	0.381
HD 18040	HIP 13640	43.90834	48.3401	187.86	m	7.155	0.786	A2	0.136
Gl 3909	HD 138441|HIP 76023	232.91426	14.25961	187.87	m	7.821	1.452	G5	1.315
HD 4672	HIP 3775	12.13075	-26.369	187.87	m	8.135	1.766	G8 III	1.061
HD 175783	HIP 92483	282.73149	70.32996	187.87	m	8.839	2.47	F0	0.389
HD 162165	HIP 87288	267.53638	-14.23172	187.87	m	8.425	2.056	A1 V	0.239
HD 18338	HIP 13840	44.53756	42.11125	187.87	m	7.966	1.597	A0	0.06
HD 65989	HIP 39437	120.92271	48.61172	187.88	m	8.23	1.861	F2	0.431
HD 16637	HIP 12500	40.21305	31.41915	187.88	m	7.852	1.483	K 1 IV	1.381
HD 218033	HIP 113958	346.16645	8.85322	187.89	m	7.487	1.118	K5	1.467
HIP 86941		266.47823	21.88818	187.89	m	8.305	1.935	A0	0.16
HD 16989	HIP 12614	40.53895	-42.5322	187.9	m	7.772	1.402	K1/2 III	1.427
HD 49012	HIP 32543	101.86442	26.12938	187.9	m	8.483	2.113	A0	0.23
HD 73175	HIP 42319	129.41962	19.51842	187.9	m	8.254	1.884	F0VN	0.275
HD 17928	HIP 13304	42.80362	-45.99438	187.91	m	8.201	1.831	A5/6 V	0.242
HD 202559	HIP 105126	319.42361	-33.99747	187.91	m	8.304	1.934	F3 V	0.473
HD 217526	HIP 113606	345.15362	49.3908	187.91	m	8.331	1.961	A3	0.351
HD 80339	HIP 45740	139.87729	9.79015	187.91	m	7.281	0.911	K0	1.173
Gl 3370	HD 40676|HIP 28575	90.46061	31.32684	187.93	m	7.906	1.536	G5	1.259
HD 75682	HIP 43554	133.05285	25.159	187.93	m	8.807	2.437	F5	0.355
HD 23525	HIP 17662	56.74103	28.67985	187.93	m	8.725	2.355	A0	0.235
HD 89528	HIP 50525	154.79493	-34.61648	187.93	m	6.733	0.363	A1 V	0.111
HD 61470	HIP 37158	114.54616	-31.45325	187.93	m	7.207	0.837	F0 IV	0.347
HD 584	HR 28|HIP 857	2.62366	57.1655	187.94	m	6.706	0.336	B 7 IV	-0.09
HD 21521	HIP 15912	51.22975	-62.56293	187.94	m	8.184	1.814	A6 V	0.247
HD 90566	HIP 51261	157.06526	46.17756	187.94	m	7.655	1.285	F8	0.618
HD 23191	HIP 17533	56.31084	48.19522	187.94	m	7.975	1.605	A2	0.158
HD 181827	HIP 95005	289.97945	45.03209	187.95	m	7.3	0.93	K0	1.176
HD 103228	HIP 57955	178.30255	-15.6737	187.95	m	8.206	1.836	F0 V	0.346
HD 195599	HIP 101465	308.44523	-40.5572	187.96	m	7.78	1.41	A1 V	0.03
HD 30041	HIP 21851	70.47753	-44.91594	187.96	m	8.744	2.374	F2 III	0.369
27 Sex	HD 90485|HIP 51135	156.6953	-4.38834	187.97	e	6.656	0.286	G8 III	1.083
HIP 115047		349.515	64.13704	187.98	m	8.708	2.337	A5	0.283
HD 45311	HIP 30822	97.13201	39.11042	187.98	m	7.874	1.503	F0	0.373
HD 24313	HIP 18092	58.00405	-1.62829	188	m	8.274	1.903	F2 V	0.444
HD 175904	HIP 93050	284.31883	10.62365	188	m	8.871	2.5	F0	0.354
HD 148931	HIP 80954	247.94977	-7.02331	188.01	m	7.503	1.132	A0 V	0.188
HD 214113	HIP 111535	338.94698	19.7166	188.01	m	7.194	0.823	K0	1.123
HD 154842	HIP 83726	256.681	28.86844	188.04	m	8.405	2.034	A3	0.376
HD 5981	HIP 4834	15.53195	56.32867	188.05	m	6.827	0.456	K 1 III	1.317
HD 123112	HIP 68958	211.74269	-47.5892	188.05	m	6.992	0.621	A(P SICR)	0.064
HD 173760	HIP 91990	281.23986	44.35899	188.06	m	8.361	1.99	F5	0.495
HIP 86574		265.38197	46.32324	188.06	m	8.916	2.544	A M A3-F0	0.343
HD 194003	HIP 100809	306.60306	-60.02229	188.06	m	8.926	2.554	F8 V	0.586
HD 25929	HIP 19356	62.19711	50.20047	188.07	m	6.955	0.583	A0	0.106
HD 42233	HIP 29274	92.56438	15.90647	188.07	m	7.164	0.792	G5	1.085
HD 215424	HIP 112408	341.51964	-55.0636	188.08	m	6.756	0.384	K2/3 III	1.424
HD 12948	HIP 9776	31.43035	-41.18073	188.08	m	8.561	2.189	F8 V	0.566
HD 176193	HIP 93391	285.31431	-46.5104	188.09	m	8.99	2.618	F0 V	0.348
HD 94704	HIP 53440	163.98695	7.67974	188.1	m	8.345	1.973	F5	0.439
HD 23067	HIP 17243	55.39309	-14.2993	188.1	m	7.403	1.031	G8/K0 IV	1.224
HIP 113826		345.75829	27.69526	188.1	m	8.858	2.486	F2	0.367
HD 12277	HIP 9284	29.83056	-44.74206	188.1	m	8.583	2.211	F3 V	0.466
HD 151579	HIP 82347	252.38844	-31.65137	188.11	m	6.953	0.581	K0 III	1.341
HIP 23226		74.97112	27.32053	188.11	m	8.722	2.35	A0V	0.351
HD 115945	HIP 65093	200.11689	-10.19042	188.11	m	8.246	1.874	K1 III	1.331
HD 180395	HIP 94475	288.42129	53.21247	188.11	m	7.976	1.604	A3	0.241
