Hyades	Melotte 25|Collinder 50|MWSC 379|OCL 456|Taurus Moving Cluster	66.70865	16.0808	47.191	m	o	4.209	927	8.761	0.1652
Coma Star Cluster	Melotte 111|Collinder 256|Coma Berenices|MWSC 2020|OCL 558	186.0172	26.42267	85.252	m	o	2.511	271	8.816	0.07068
Pleiades	Melotte 22|Collinder 42|Escorial 1|M45|MWSC 305|OCL 421|Theia 369	56.67978	24.10845	134.84	m	o	1.146	1721	8.085	0.1021
Southern Pleiades	IC 2602|BH 103|Collinder 229|ESO 93-2|MWSC 1840|Melotte 102|OCL 838	160.97308	-64.39324	150.55	m	o	1.122	638	7.415	0.1143
Beehive Cluster (Praesepe)	NGC 2632|Collinder 189|MWSC 1527|M 44|Melotte 88|OCL 507|Praesepe	130.0881	19.66587	183.49	m	o	1.013	1314	8.539	0.1587
Southern Beehive	NGC 2516|Collinder 172|ESO 124-6|FSR 1487|MWSC 1393|Melotte 82|OCL 776|Theia 613	119.5215	-60.7929	407.09	m	o	0.4457	3784	8.098	0.2046
Wishing Well Cluster	NGC 3532|BH 109|Collinder 238|ESO 128-31|MWSC 1890|Melotte 103|OCL 839|Theia 720	166.39354	-58.69379	471.88	m	o	0.4015	3414	8.376	0.1201
M4	NGC 6121|ESO 517-1|FSR 1764|GCL 41|MWSC 2396	245.89289	-26.52408	1771.1	m	g	0.08712	2.219e4	9.886	0.6394
Wild Duck Cluster	NGC 6705|Collinder 391|FSR 82|MWSC 3008|Melotte 213|OCL 76|OC 0048|Theia 1776|Theia 2170|Theia 2622	282.76599	-6.27525	2233.1	m	o	0.06311	1911	8.119	1.315
h Persei	NGC 869	34.76551	57.14011	2279.6	m	o	0.07454	403	7.26	1.577
χ Persei	NGC 884	35.51933	57.14091	2293.2	m	o	0.05867	287	7.257	1.579
47 Tucanae	47 Tuc|NGC 104	6.02167	-72.08083	4300	m	g				
Omega Centauri	NGC 5139|ESO 270-11|FSR 1664|GCL 24|MWSC 2120|omega Centauri	201.73771	-47.30682	5274	m	g	0.2766	6.599e4	9.223	0.211
NGC 6475	BH 254|Collinder 354|ESO 394-9|MWSC 2739|Melotte 183|OCL 1028|Theia 692	268.47606	-34.82833	275.99	m	o	0.6756	1427	8.232	0.2082
Stock 2	Theia 524	33.85004	59.57701	370.25	m	o	0.6657	3011	8.463	0.8996
Collinder 69	FSR 0934|FSR 934|MWSC 585	83.81418	9.88806	393.78	m	o	0.9642	1247	6.719	0.4162
Trumpler 10		131.93673	-42.5338	428.14	m	o	0.5963	1425	7.565	0.08388
NGC 2422	Collinder 152|Escorial 21|MWSC 1278|Melotte 68|OCL 596|Theia 320	114.16909	-14.49265	468.27	m	o	0.2535	1129	8.036	0.159
NGC 1039	Collinder 31|MWSC 223|Melotte 17|OCL 382|Theia 251	40.54818	42.72208	489.73	m	o	0.3039	1095	8.087	0.1435
Theia 38	OCSN 13|OC 0083	291.74519	21.11656	498.88	m	o	1.286	1108	6.762	0.772
NGC 6124	Collinder 301|ESO 331-3|MWSC 2403|Melotte 145|OCL 990|Theia 848	246.29577	-40.67281	612.14	m	o	0.2863	1671	7.89	2.533
NGC 6494	Collinder 356|ESO 589-22|MWSC 2757|Melotte 184|OCL 30|Theia 653	269.23196	-18.99912	713.41	m	o	0.286	1128	8.354	1.13
NGC 2682	Collinder 204|MWSC 1585|Melotte 94|OCL 549	132.84984	11.81745	837.27	m	o	0.17	1844	9.227	0.1016
NGC 2168	Collinder 82|MWSC 754|Melotte 41|OCL 466|Theia 203	92.28381	24.32622	838.53	m	o	0.2304	1609	8.209	0.593
IC 4651	BH 224|Collinder 327|ESO 228-2|FSR 1738|MWSC 2590|Melotte 169|OCL 987|Theia 1343	261.19155	-49.92856	910.78	m	o	0.1742	1015	9.221	0.1923
NGC 2447	Collinder 160|FSR 1301|MWSC 1324|Melotte 76|OCL 649|Theia 277	116.13458	-23.84885	970.91	m	o	0.1552	1043	8.869	0.06746
NGC 3114	BH 86|Collinder 215|ESO 127-2|MWSC 1749|Melotte 98|OCL 802|Theia 293|Theia 295	150.56557	-60.00721	986.55	m	o	0.2895	1624	8.22	0.1373
NGC 2360	Collinder 134|FSR 1225|MWSC 1165|Melotte 64|OCL 589|OC 0391|Theia 1473	109.44064	-15.64439	1041.6	m	o	0.1541	1188	9.162	0.1195
NGC 2112	Collinder 76|FSR 1007|LLA 1|MWSC 692|OCL 509|Theia 1633	88.43552	0.4021	1055	m	o	0.1614	1272	9.076	2.297
NGC 1912	Collinder 67|MWSC 557|Melotte 36|OCL 433|Theia 2549	82.16674	35.82082	1085.5	m	o	0.186	1072	8.431	0.7293
NGC 6134	BH 191|Collinder 303|ESO 226-9|MWSC 2412|Melotte 146|OCL 968|Theia 4874	246.94279	-49.15736	1094.1	m	o	0.1205	1128	8.941	1.05
IC 2714	BH 116|Collinder 245|ESO 129-18|FSR 1582|MWSC 1929|MWSC 1930|Melotte 104|OCL 855|Theia 3798	169.36926	-62.73408	1294.3	m	o	0.1273	1285	8.636	0.9539
NGC 2477	BH 13|Collinder 165|ESO 311-17|FSR 1369|MWSC 1363|Melotte 78|OCL 720|Theia 5145	118.04502	-38.53444	1383.9	m	o	0.1316	3543	8.846	1.054
NGC 2099	Collinder 75|FSR 818|MWSC 689|Melotte 38|OCL 451|Theia 3542|Theia 874	88.08008	32.54084	1401.6	m	o	0.1153	2424	8.686	0.6183
NGC 6167	BH 192|Collinder 305|ESO 226-16|Harvard 11|MWSC 2425|OCL 971|OC 0661|Theia 2387	248.67265	-49.78406	1404.9	m	o	0.1777	2657	7.402	2.893
Ruprecht 171	MWSC 2944|OCL 50|Theia 5903	278.01404	-16.06068	1481.8	m	o	0.09519	1086	9.168	0.8119
NGC 2437	Collinder 159|FSR 1241|MWSC 1313|Melotte 75|OCL 601|Theia 3371	115.45979	-14.83354	1554.5	m	o	0.1752	2577	8.635	0.2717
NGC 7654	Collinder 455|MWSC 3725|Melotte 243|OCL 260|Theia 2085|Theia 2376	351.18995	61.59926	1570.8	m	o	0.09829	1190	7.925	1.95
NGC 6253	BH 207|Collinder 321|ESO 180-2|FSR 1730|MWSC 2502|Melotte 156|OCL 972|Theia 7520	254.77093	-52.7148	1606.2	m	o	0.06709	1022	9.268	0.9032
NGC 6939	Collinder 423|FSR 315|MWSC 3357|Melotte 231|OCL 217|Theia 7410	307.90149	60.6513	1819.8	m	o	0.09127	1175	9.021	1.332
NGC 188	Collinder 6|MWSC 74|Melotte 2|OCL 309	11.83723	85.25146	1821.9	m	o	0.1007	1338	9.42	0.2294
HSC 338		283.63609	2.90216	1827.8	m	o	0.2824	1212	8.076	4.372
NGC 6067	Theia 2390|Theia 2993	243.29515	-54.23183	1957.2	m	o	0.08397	1149	7.949	0.9898
NGC 7789	Collinder 460|FSR 450|MWSC 3779|Melotte 245|OCL 269|Theia 3615|Theia 6475	359.32862	56.72375	1968.5	m	o	0.1321	4125	9.195	0.7791
Melotte 71	Collinder 155|FSR 1222|MWSC 1287|OCL 587|Theia 5059|Theia 5163	114.37757	-12.05783	2091.2	m	o	0.0798	1343	9.111	0.1672
Collinder 110	FSR 1049|MWSC 941|OCL 530|Theia 4536	99.69736	2.07288	2101	m	o	0.1328	1523	9.177	1.37
Pismis 3	BH 33|ESO 313-2|FSR 1385|MWSC 1498|OCL 731|OC 0452	127.83258	-38.66463	2111.8	m	o	0.09895	2879	9.026	3.477
NGC 6259	BH 209|Collinder 322|ESO 277-22|MWSC 2511|Melotte 158|OCL 996|OC 0672|Theia 3505	255.19274	-44.67651	2159	m	o	0.1076	2188	8.216	2.338
Theia 1661		267.59129	-25.15448	2299.1	m	m	0.1793	2620	8.374	3.776
NGC 6397	ESO 181-4|FSR 1733|GCL 74|MWSC 2662	265.17122	-53.67621	2384.9	m	g	0.09609	2.791e4	9.607	0.161
NGC 6544	Collinder 366|ESO 521-28|GCL 87|MWSC 2810|Melotte 192|OCL 17	271.83524	-25.00139	2498.6	m	g	0.0682	6166	9.198	2.636
NGC 6819	Collinder 403|FSR 202|MWSC 3155|Melotte 223|OCL 155|Theia 7522|Theia 8171	295.32176	40.18987	2510.3	m	o	0.05868	2311	9.226	0.3184
Theia 6046		83.23736	-7.39114	2539.4	m	m	2.182	1.538e5	9.581	0.807
NGC 663	Theia 1874	26.5345	61.19834	2666.3	m	o	0.1052	1081	7.439	2.237
Collinder 261	BH 136|ESO 65-2|FSR 1627|Harvard 6|MWSC 2055|OCL 889	189.5266	-68.38076	2676.9	m	o	0.07025	3071	9.3	1.205
Trumpler 5	Collinder 105|FSR 989|MWSC 933|OCL 494|Theia 5805	99.12706	9.45855	2904.9	m	o	0.1054	3619	9.337	1.714
King 11	FSR 467|MWSC 3759|OCL 279	356.90974	68.63628	2921.5	m	o	0.04501	1056	9.094	3.676
Theia 7591	Theia 7895|Theia 7990|Theia 8162	179.43228	88.58697	2992.9	m	m	1.493	1760	9.626	0.5461
HSC 358		286.08236	6.72258	3005.9	m	o	0.2156	1277	8.366	6.372
NGC 1245	Collinder 38|FSR 648|MWSC 264|Melotte 18|OCL 389|Theia 5374	48.71135	47.23508	3009.5	m	o	0.06292	1165	8.991	0.5446
NGC 2194	Collinder 87|FSR 961|MWSC 803|Melotte 43|OCL 485	93.4302	12.80969	3110	m	o	0.05883	1113	8.708	1.266
NGC 6656	ESO 523-4|GCL 99|MWSC 2961	279.10571	-23.95327	3111.1	m	g	0.08887	2437	9.157	0.7166
NGC 2506	Collinder 170|FSR 1230|MWSC 1406|Melotte 80|OCL 593|Theia 6245	120.00186	-10.76986	3140.4	m	o	0.06643	2465	9.382	0.03235
HSC 2879		257.05401	-37.54726	3235.5	m	o	0.3156	1457	8.771	4.23
Trumpler 20	Collinder 262|ESO 131-13|FSR 1624|Harvard 7|MWSC 2060|OCL 888	189.88786	-60.63287	3279.4	m	o	0.07139	1692	9.2	1.277
NGC 7044	Collinder 433|FSR 268|MWSC 3485|OCL 198	318.28546	42.49438	3294.7	m	o	0.04106	1276	8.826	2.692
Berkeley 53	FSR 289|MWSC 3435|OCL 207	313.98152	51.05124	3407.4	m	o	0.05696	1660	8.752	5.46
Djorg 3	NGC 6540	271.53583	-27.76528	3500	m	g				
NGC 6366	FSR 56|GCL 65|MWSC 2601	261.93413	-5.07954	3546.6	m	g	0.0499	3753	9.674	2.257
HSC 655		309.38965	45.19027	3681.8	m	o	0.2845	3047	8.538	3.662
NGC 2158	Collinder 81|FSR 872|MWSC 733|Melotte 40|OCL 468	91.85948	24.09771	3706.3	m	o	0.04302	1958	9.269	1.371
Berkeley 39	FSR 1174|MWSC 1336|OCL 561	116.70733	-4.67271	3809.3	m	o	0.05261	1203	9.495	0.2484
NGC 6752	ESO 141-30|GCL 108|MWSC 3062|Theia 5229	287.63033	-60.02118	3899	m	g	0.1112	1.87e4	9.52	0.1075
NGC 2243	Collinder 98|ESO 426-16|FSR 1296|MWSC 880|Melotte 46|OCL 644	97.39644	-31.28344	3928.2	m	o	0.04195	1380	9.439	0.02965
NGC 6838	Collinder 409|FSR 147|GCL 115|MWSC 3200|Melotte 226|OCL 117|Theia 6500|Theia 7156	298.44376	18.78034	3983.2	m	g	0.0498	3616	9.852	0.3721
NGC 2141	Collinder 79|FSR 971|MWSC 710|OCL 487	90.74446	10.45551	4052.2	m	o	0.05931	1324	9.263	0.9526
HSC 280		276.84183	-2.39413	4082.7	m	m	0.1966	2455	9.266	4.782
NGC 6791	Berkeley 46|FSR 186|MWSC 3088|OCL 142|Theia 7859	290.21996	37.77428	4189.4	m	o	0.05601	4193	9.58	0.6539
IC 166	FSR 563|MWSC 146|OCL 334|Tombaugh 3	28.08574	61.85513	4418.9	m	o	0.04399	1768	8.894	2.848
HSC 299		276.29708	-0.00373	4511.2	m	m	0.2277	1292	9.316	4.802
Melotte 66	Collinder 147|ESO 208-12|FSR 1396|MWSC 1222|OCL 739	111.5834	-47.69345	4516	m	o	0.06453	1711	9.393	0.2143
NGC 3201	ESO 263-26|FSR 1503|GCL 15|MWSC 1788	154.3623	-46.41258	4586.6	m	g	0.07999	2.545e4	9.679	0.2339
BH 140	FSR 1632|MWSC 2071|OC 0586|vdBergh-Hagen 140	193.45777	-67.17983	4596.2	m	g	0.06491	3789	8.957	1.767
HSC 287		275.71677	-1.03091	4616.5	m	m	0.2564	1263	9.371	4.617
NGC 6809	ESO 460-21|GCL 113|MWSC 3150	295.01715	-30.91932	4777	m	g	0.08239	1.11e4	9.236	0.1481
NGC 6218	GCL 45|MWSC 2464	251.80393	-1.98247	4827.5	m	g	0.06027	7248	9.387	0.2079
HSC 561		303.41918	32.48443	4866.2	m	o	0.1511	1067	8.266	4.929
NGC 6553	ESO 521-36|GCL 88|MWSC 2824	272.33802	-25.89105	4901.6	m	g	0.05903	713	9.578	2.314
Eridanus	C0422-213|ESO 551-1|MWSC 377	66.18436	-21.18287	4962.1	m	g	0.01481	30	8.567	3.266
Theia 3623	CWNU 2762	230.9119	-53.97906	5036.2	m	m	0.2334	3086	9.038	4.032
Terzan 12	ESO 522-1|GCL 90.1|MWSC 2838	273.10485	-22.70793	5060.3	m	g	0.07069	26	9.45	5.83
NGC 6254	GCL 49|MWSC 2498	254.24375	-4.10528	5070.3	m	g	0.08131	4616	9.237	0.458
NGC 6626	ESO 522-23|GCL 94|MWSC 2908	276.15065	-24.87269	5177	m	g	0.05339	956	8.158	2.599
NGC 6171	GCL 44|MWSC 2422	248.14766	-13.04933	5221.4	m	g	0.04235	983	8.893	2.046
HSC 650		307.44995	45.86458	5281.6	m	m	0.2926	1370	8.931	3.641
NGC 6352	BH 226|Collinder 328|ESO 228-3|FSR 1741|GCL 64|MWSC 2592|Melotte 170|OCL 993	261.35543	-48.40813	5295.3	m	g	0.05042	2244	9.798	0.5177
NGC 4372	ESO 64-6|FSR 1619|GCL 19|MWSC 2029	186.44558	-72.63921	5399.4	m	g	0.0722	7642	8.926	1.55
BH 261	AL 3|Andrews-Lindsay 3|ESO 456-78|MWSC 2847|vdBergh-Hagen 261	273.52388	-28.64038	5476.5	m	g	0.03081	36	8.668	2.667
NGC 6266	ESO 453-14|GCL 51|MWSC 2512	255.26413	-30.10027	5549.1	m	g	0.08229	1288	8.129	3.109
FSR 1716	MWSC 2359|VVV-GC05	242.60734	-53.73845	5813.5	m	g	0.03926	113	8.043	4.885
NGC 6304	BH 216|ESO 454-2|FSR 1777|GCL 56|MWSC 2550	258.65072	-29.45317	5917.9	m	g	0.03899	271	9.261	2.504
NGC 6535	GCL 83|MWSC 2795	270.9604	-0.29679	6136.7	m	g	0.02042	643	8.764	1.661
NGC 6256	BH 208|ESO 391-6|FSR 1752|GCL 49.1|MWSC 2506|MWSC 2507	254.88558	-37.12241	6208.3	m	g	0.02464	145	8.761	5.325
NGC 6325	ESO 519-11|FSR 6|GCL 58|MWSC 2560	259.49473	-23.7629	6225.1	m	g	0.02286	240	9.112	4.278
NGC 4833	ESO 65-4|FSR 1636|GCL 21|MWSC 2077	194.83069	-70.86749	6260.5	m	g	0.05729	3155	8.772	1.175
NGC 6558		272.57667	-31.76361	6400	m	g				
NGC 6440	ESO 589-8|GCL 77|MWSC 2701	267.24053	-20.36849	6458.7	m	g	0.0435	169	8.642	5.565
HP 2	Terzan 1	263.94917	-30.46972	6500	m	g				
NGC 6541	ESO 280-4|FSR 1759|GCL 86|MWSC 2813	272.05164	-43.73126	6599.7	m	g	0.06534	3009	8.841	0.525
NGC 6749	Berkeley 42|GCL 107|MWSC 3045|MWSC 3046|OCL 91	286.31327	1.91975	6732.7	m	g	0.04568	435	9.297	5.408
NGC 6401	ESO 520-11|GCL 73|MWSC 2653	264.66445	-23.90675	6759.5	m	g	0.03282	197	8.276	4.668
NGC 6355	Collinder 330|ESO 519-15|FSR 1788|GCL 63|MWSC 2586|OCL 1036	260.99319	-26.35854	6816.4	m	g	0.02778	171	8.523	3.841
E 3	ESO 37-1|MWSC 1654	140.24876	-77.28416	6902.4	m	g	0.02576	365	9.12	1.036
NGC 288	ESO 474-37|GCL 2|MWSC 84	13.19409	-26.5827	7057.5	m	g	0.03798	7438	8.926	0.3891
NGC 6760	FSR 104|GCL 109|MWSC 3064|Melotte 219|OCL 92	287.79948	1.01673	7072	m	g	0.04445	822	9.477	2.532
Pfleiderer 2	MWSC 2762|PWM 2	269.66037	-5.0756	7086.2	m	g	0.02226	39	8.75	4.655
BH 184	ESO 178-11|FSR 1711|Lynga 7|MWSC 2361|OCL 949	242.76562	-55.31962	7103.6	m	g	0.03185	291	9.427	2.69
NGC 6712	FSR 74|GCL 103|MWSC 3104|Melotte 215|OCL 72	283.26818	-8.70518	7159.9	m	g	0.02754	928	8.397	2.574
NGC 6342	ESO 587-6|FSR 15|GCL 61|MWSC 2580	260.28879	-19.589	7198.7	m	g	0.03261	164	8.527	3.325
Djorg 1	Djorgovski 1|MWSC 2697	266.8759	-33.07452	7231.6	m	g	0.01724	18	9.37	5.704
NGC 6642	Collinder 381|ESO 522-32|FSR 36|GCL 97|MWSC 6642|Melotte 203|OCL 29	277.97214	-23.47737	7287	m	g	0.02606	181	8.203	2.823
NGC 6333	ESO 587-5|FAUST 4082|FSR 20|GCL 60|MWSC 2567	259.78097	-18.5323	7300.9	m	g	0.04784	721	7.928	2.565
NGC 5904	GCL 34|MWSC 2286	229.63916	2.08271	7334.3	m	g	0.07206	1.769e4	8.886	0.3285
NGC 6273	ESO 518-7|FSR 1779|GCL 52|MWSC 2519	255.64696	-26.28274	7345.1	m	g	0.05614	2351	7.934	2.443
NGC 6528		271.20667	-30.05583	7400	m	g				
NGC 6624	BH 262|ESO 457-11|FSR 11|GCL 93|MWSC 2906	275.91976	-30.35832	7424.2	m	g	0.02446	250	8.679	1.679
Terzan 3	GCL 43.1|MWSC 2414|ESO 390-6	247.16951	-35.34424	7439.9	m	g	0.02975	401	9.61	1.949
NGC 6144	ESO 517-6|FSR 1765|GCL 42|MWSC 2409	246.81594	-26.02373	7495.5	m	g	0.02749	651	8.466	2.237
HP 5	Terzan 6	267.69333	-31.27528	7500	m	g				
UKS 1		268.61333	-24.14528	7500	m	g				
NGC 6362	ESO 102-8|FSR 1702|GCL 66|MWSC 2362	262.90317	-67.05085	7556.1	m	g	0.05312	4595	9.192	0.2573
NGC 6717	Collinder 395|ESO 523-14|FSR 44|GCL 105|MWSC 3024|OCL 37|Pal 9|Palomar 9	283.77831	-22.70162	7687	m	g	0.01885	152	8.356	1.678
NGC 6293	BH 215|ESO 519-5|FSR 1783|GCL 55|MWSC 2539	257.54455	-26.59164	7705.8	m	g	0.02779	325	7.667	2.786
Terzan 9		270.41167	-26.83972	7800	m	g				
NGC 7099	ESO 531-21|GCL 122|MWSC 3543	325.11362	-23.1882	7828.5	m	g	0.04604	2202	8.785	0.4429
NGC 5927	BH 173|ESO 224-4|FSR 1707|GCL 35|MWSC 2295	232.03416	-50.67098	7877.5	m	g	0.0545	1810	8.611	2.909
NGC 6652	ESO 395-11|FSR 7|GCL 98|MWSC 2960	278.92972	-32.98982	7906.3	m	g	0.024	362	8.482	1.726
NGC 6205	GCL 44|MWSC 2445	250.35221	36.47312	7934.4	m	g	0.09521	1.091e4	8.969	0.2927
NGC 6539	FSR 61|GCL 8561|MWSC 2801	271.19532	-7.58589	7964.6	m	g	0.03695	897	9.05	3.598
NGC 6638	ESO 522-30|FSR 29|GCL 95|MWSC 2933	277.73759	-25.49391	7994.8	m	g	0.02425	183	8.621	2.516
NGC 6723	ESO 396-10|FSR 3|GCL 106|MWSC 3033	284.88638	-36.63918	7995.1	m	g	0.04195	2846	8.608	1.119
Terzan 11	Terzan 5	267.02042	-24.8125	8000	m	g				
NGC 6522	BH 256|ESO 456-43|GCL 82|MWSC 2793	270.90299	-30.03169	8119	m	g	0.02253	90	7.146	3.837
NGC 6402	FSR 64|GCL 72|MWSC 2643	264.38911	-3.28108	8222.2	m	g	0.0606	1337	7.75	3.437
NGC 2298	ESO 366-22|FSR 1322|GCL 11|MWSC 992	102.246	-36.0081	8318.7	m	g	0.02611	1581	8.607	1.092
NGC 6517	FSR 58|GCL 81|MWSC 2780	270.45962	-8.96859	8398.9	m	g	0.01817	335	8.884	5.328
NGC 6287		256.28917	-22.70806	8400	m	g				
Terzan 10		270.73917	-26.06667	8400	m	g				
NGC 5946	BH 175|ESO 224-7|FSR 1708|GCL 36|IC 4550|MWSC 2306	233.86912	-50.6622	8408.5	m	g	0.02286	324	7.922	3.396
NGC 6681	ESO 458-3|FSR 12|GCL 101|MWSC 2981	280.79349	-32.29293	8415.2	m	g	0.03092	888	8.212	1.204
NGC 6637	ESO 457-14|FSR 8|GCL 96|MWSC 2936	277.85138	-32.33812	8433.5	m	g	0.02753	445	8.06	2.142
BH 176	ESO 224-8|FSR 1710|MWSC 2308|vdBergh-Hagen 176	234.78083	-50.05123	8474	m	g	0.03321	123	8.511	3.837
FSR 1758	MWSC 2617	262.80265	-39.83583	8474.9	m	g	0.05924	904	8.245	4.126
NGC 6496	ESO 279-13|FSR 1753|GCL 80|MWSC 2764	269.75436	-44.26318	8564.5	m	g	0.02773	636	8.573	2.045
BH 229	Dufay 1|ESO 455-11|FSR 1781|GCL 67|HP 1|MWSC 2615|vdBergh-Hagen 229	262.77645	-29.98456	8814.1	m	g	0.02188	109	9.122	5.332
NGC 4590	ESO 506-30|GCL 20|MWSC 2059	189.85816	-26.74794	8823.4	m	g	0.03942	3094	8.682	0.7929
HP 4	Terzan 4	262.66208	-31.59556	8900	m	g				
NGC 362	ESO 51-13|GCL 3|MWSC 99	15.71714	-70.86677	8977.4	m	g	0.0686	8941	9.353	0.08657
NGC 6341	GCL 59|MWSC 2557	259.25162	43.10417	9063.5	m	g	0.06512	5161	8.887	0.3301
NGC 2808	ESO 91-1|FSR 1529|GCL 13|MWSC 1636	137.93516	-64.9041	9073.5	m	g	0.0882	3493	9.101	1.951
NGC 6380	BH 233|ESO 333-14|GCL 68|MWSC 2629|Pismis 25|Ton 1|Tonantzintla 1	263.62258	-39.07934	9099.8	m	g	0.02939	184	9.101	5.596
NGC 6139	ESO 331-4|FSR 1743|GCL 43|MWSC 2419	246.90817	-38.8564	9103.7	m	g	0.03871	630	8.917	3.453
HP 3	Terzan 2	261.88917	-30.80222	9500	m	g				
NGC 6569	BH 260|ESO 456-77|GCL 91|MWSC 2844	273.42277	-31.83356	9582.4	m	g	0.03651	339	8.435	3.419
NGC 6316	BH 219|ESO 454-4|GCL 57|MWSC 2554	259.17128	-28.12474	9600.6	m	g	0.03918	159	8.796	3.843
NGC 5897	ESO 582-2|GCL 33|MWSC 2285	229.3434	-21.00237	9641.9	m	g	0.03625	2472	8.429	1.237
NGC 5272	GCL 25|MWSC 2152	205.53077	28.33752	9689.7	m	g	0.07587	9629	8.92	0.3888
Pal 1		53.34583	79.58056	9700	m	g				
Pal 14	Anon vdB|Arp 1|AvdB|GCL 38|MWSC 2362|Palomar 14	242.74657	14.95875	9717.1	m	g	0.05835	91	8.994	1.844
NGC 6093	ESO 516-11|FSR 1768|GCL 39|MWSC 2376	244.23535	-22.97019	9720	m	g	0.04418	696	7.424	2.097
NGC 5986	ESO 329-18|FSR 1731|GCL 37|MWSC 2317	236.51169	-37.76399	9730.7	m	g	0.04568	587	7.793	2.603
NGC 6356	ESO 588-1|FSR 24|GCL 62|MWSC 2585	260.90401	-17.78995	9818.1	m	g	0.0475	508	8.215	3.005
NGC 6441	BH 248|ESO 393-34|FSR 1770|GCL 78|MWSC 2713	267.52028	-37.07576	10061	m	g	0.08384	609	8.491	4.053
NGC 6388	BH 234|ESO 279-2|FSR 1747|GCL 70|MWSC 2638	264.07389	-44.70243	10221	m	g	0.06421	1082	7.958	3.268
NGC 6284	ESO 518-9|FSR 1784|GCL 53|MWSC 2528	256.115	-24.76893	10426	m	g	0.02323	233	7.785	2.879
Liller 1		263.35208	-33.38889	10500	m	g				
NGC 6453	BH 251|ESO 393-36|GCL 79|MWSC 2722	267.7206	-34.59214	10542	m	g	0.02385	78	7.474	4.692
NGC 7078	GCL 120|MWSC 3518	322.45533	12.16416	10681	m	g	0.06832	4683	8.492	0.9861
NGC 6779	FSR 159|GCL 110|MWSC 3077	289.13088	30.17744	10871	m	g	0.03866	1335	7.94	1.712
NGC 1851	ESO 305-16|GCL 9|MWSC 489	78.54675	-40.04297	11106	m	g	0.04503	4071	8.65	0.9511
NGC 6235	ESO 519-11|FSR 1787|GCL 58|MWSC 2479	253.35175	-22.17159	11144	m	g	0.02603	170	7.656	3.395
NGC 1904	ESO 487-7|GCL 10|MWSC 528	81.0569	-24.52246	11188	m	g	0.03431	2327	8.333	1.383
NGC 6101	ESO 69-4|FSR 1020|GCL 40|MWSC 2404	246.47398	-72.19685	11524	m	g	0.04406	2805	8.171	1.064
NGC 5286	ESO 220-38|FSR 1671|GCL 26|MWSC 2160	206.59939	-51.38704	12000	m	g	0.04119	1619	7.633	2.598
NGC 6934	FSR 135|GCL 117|MWSC 3369	308.53693	7.4041	12154	m	g	0.03006	512	7.959	2.246
NGC 6981	GCL 118|MWSC 3446	313.36049	-12.5409	12370	m	g	0.02589	283	7.744	2.224
NGC 6584	ESO 229-14|FSR 1742|GCL 92|MWSC 2885	274.66484	-52.21773	12733	m	g	0.02796	939	7.638	1.732
NGC 7089	GCL 121|MWSC 3526	323.38037	-0.79636	12780	m	g	0.05622	2994	7.577	1.729
Arp 2	ESO 460-6|GCL 112|MWSC 3127	292.17693	-30.35364	13590	m	g	0.02211	77	8.638	3.597
E456-SC38	Djorg 2	270.45458	-27.82583	13800	m	g				
NGC 1261	ESO 155-11|GCL 5|MWSC 263	48.05638	-55.21471	14195	m	g	0.02803	1802	7.05	1.692
NGC 5024	GCL 22|MWSC 2094	198.24435	18.16222	14421	m	g	0.04083	2285	7.412	2.321
NGC 6864	ESO 595-13|GCL 116|MWSC 3254	301.509	-21.91453	14928	m	g	0.02852	538	8.196	2.921
NGC 7492	GCL 125|MWSC 3705|Melotte 242|OCL 111	347.10903	-15.61106	16510	m	g	0.01994	227	7.716	2.753
NGC 5634	GCL 28|MWSC 2222	217.40461	-5.97327	16662	m	g	0.0169	503	7.689	2.413
NGC 6426	Collinder 346|GCL 76|MWSC 2676|OCL 81	266.22876	3.17142	17328	m	g	0.01814	282	8.266	3.04
NGC 5466	GCL 27|MWSC 2198	211.3629	28.54348	17673	m	g	0.03459	1412	7.028	1.712
IC 4499	ESO 22-5|GCL 30|MWSC 2263	225.0563	-82.21692	18161	m	g	0.03297	601	8.222	2.048
NGC 5053	Collinder 267|GCL 23|MWSC 2101|OCL 970	199.11334	17.70015	19207	m	g	0.03403	866	7.312	1.544
NGC 5824	ESO 387-1|GCL 31|MWSC 2267	225.99306	-33.06346	19733	m	g	0.03163	929	8.242	3.683
NGC 6715	ESO 458-8|FSR 21|GCL 104|MWSC 3023	283.74608	-30.48534	19971	m	g	0.06093	1221	8.194	3.294
Terzan 8	ESO 398-21|GCL 113.1|MWSC 3156	295.43059	-34.00353	21300	m	g	0.04089	197	8.291	3.75
Terzan 7	ESO 397-14|GCL 109|MWSC 3083	289.4319	-34.65723	21630	m	g	0.01258	54	7.544	2.509
Pyxis	MWSC 1630|Weinberger 3	136.98435	-37.22418	24476	m	g	0.03527	67	8.383	2.138
IC 1257		261.78542	-7.09306	24500	m	g				
NGC 6229	GCL 47|MWSC 2460	251.74552	47.52713	26772	m	g	0.01846	529	7.213	3.812
NGC 5694	ESO 512-10|GCL 29|MWSC 2238	219.90296	-26.53805	28510	m	g	0.01323	234	8.017	4.414
AM 4		208.95875	-27.17278	29200	m	g				
Pal 3	MWSC 1759|Palomar 3|Sextans C	151.38056	0.07353	32568	m	g	0.01431	22	8.89	4.786
NGC 7006	FSR 164|GCL 119	315.36751	16.18768	33560	m	g	0.01677	257	7.712	2.645
NGC 4147	GCL 18|MWSC 2004	182.52606	18.54189	41818	m	g	0.01554	446	6.607	3.318
Pal 4	GCL 17|MWSC 1947|Palomar 4|Ursa Majoris	172.31614	28.9719	80853	m	g	0.008677	79	8.702	3.783
Pal 13	GCL 124|MWSC 3701|Palomar 13|Pegasus	346.68491	12.77247	89910	m	g	0.01404	29	8.425	5.249
E 1	AM 1	58.76125	-49.61444	1.191e5	m	g				
NGC 2419	GCL 12|MWSC 1290	114.53641	38.88268	2.305e5	m	g	0.0247	334	9.313	6.516
beta Tuc Group	beta Tucanae Group	7.69849	-62.57926	52.846	m	m	22.72	304	7.497	0.2306
OCSN 88		140.96126	-63.04947	87.527	m	m	5.5	333	8.326	0.1705
HSC 759		225.14668	59.38615	95.956	m	o	9.365	372	8.174	0.05373
HSC 2468		182.22942	-51.54022	108.98	m	o	6.186	210	6.924	0.1946
Platais 8		136.89484	-59.30882	133.59	m	o	2.934	225	7.494	0.1785
HSC 2636		204.88869	-44.48223	133.88	m	o	2.519	284	6.993	0.3034
OCSN 96		240.42965	-22.70921	140.61	m	o	1.624	223	6.671	0.3964
HSC 2986		285.31711	-36.8834	148.05	m	o	2.945	222	6.853	0.1677
HSC 1964		91.38034	-37.48499	149.25	m	m	8.168	257	7.944	0.188
IC 2391	Theia 114	130.26015	-53.0417	150.19	m	o	0.7026	376	7.437	0.091
HSC 2907		244.77266	-24.45006	154.58	m	o	1.261	349	6.99	0.5506
HSC 976		9.99956	79.31976	163.08	m	o	5.27	235	7.13	0.3161
Melotte 20		51.33194	49.11866	173.58	m	o	1.39	938	7.745	0.2423
UPK 640	FoF 2442	249.69239	-39.50714	173.86	m	o	0.9906	764	6.983	0.2437
Platais 3	HIP 21974 Group|MWSC 395|Theia 787	68.40561	71.48936	177.21	m	o	1.222	204	8.243	0.1007
Platais 9		138.32069	-43.55757	185.26	m	o	1.75	251	7.566	0.09313
NGC 2451A	BH 9|Collinder 161|ESO 311-8|Escorial 24|HIP 37742 Group|MWSC 1308|MWSC 1322|NGC 2451|NGC 2451B|OCL 716|Platais 7	115.97067	-38.24075	190.08	m	o	0.9482	407	7.416	0.04368
Mamajek 2		264.35995	-8.0157	204.38	m	o	2.317	226	7.994	0.7464
Alessi 9	MWSC 2670	265.64239	-46.74401	208.39	m	o	0.8963	310	8.614	0.1155
UPK 303		38.63086	40.80712	211.21	m	o	4.03	261	8.045	0.08086
HSC 1553		93.01274	13.98188	211.87	m	o	2.584	330	7.585	0.0454
OCSN 49		89.91678	45.49631	214.7	m	m	6.615	265	8.672	0.1391
UPK 612		255.09853	-68.52356	226.7	m	o	1.713	228	8.078	0.1009
Blanco 1	ESO 409-9|MWSC 7|OCL 43|zeta Scl	0.91498	-30.01062	234.39	m	o	0.5844	841	8.239	0.05684
UBC 32	Theia 223|UPK 19	279.32176	-14.00303	282.08	m	o	1.328	393	7.886	1.026
ZHBJZ 1	FoF 2439	103.94661	-5.79122	283.66	m	o	1.146	490	7.13	0.18
CWNU 1012		324.32919	-19.52709	283.73	m	o	3.492	225	8.131	0.08908
UPK 422		87.96384	-7.39008	291.75	m	o	1.06	240	7.172	0.2764
Herschel 1	ADS 6366|ASCC 41|FSR 1141|MWSC 1335|MWSC 1337|Theia 225	116.70784	0.0772	293.46	m	o	0.6754	222	8.248	0.05046
Collinder 135		109.40554	-36.92088	295.87	m	o	0.6719	209	7.475	0.1074
Theia 517	Collinder 438|MWSC 3521|Melotte 236|NGC 7092|OCL 211|Theia 822	322.83051	48.34913	295.87	m	o	0.9525	511	8.102	0.06456
Ruprecht 147	MWSC 3078|NGC 6774|OCL 65|Theia 1531	289.14078	-16.26885	302.69	m	o	0.645	279	8.949	0.3134
IC 348	Theia 17	56.13726	32.17713	312.96	m	o	0.1695	302	6.778	2.545
HSC 381		271.38576	17.7709	313.14	m	o	3.052	288	7.487	0.211
NGC 2232	Collinder 93|Escorial 8|MWSC 871|OCL 545	96.97754	-4.7717	318.04	m	o	0.525	286	7.123	0.1349
CWNU 519		313.93175	56.75454	321.39	m	o	1.614	287	7.354	0.1323
TRSG 4	Theia 520|UBC 1	287.69565	56.52278	322.42	m	o	0.9333	280	8.048	0.06182
Alessi 96	RSG 1|TRSG 1|Theia 380	75.48517	37.48754	322.48	m	o	0.898	339	8.316	0.3618
OC 0450		118.1378	-42.43187	323.63	m	o	3.145	398	7.337	0.1038
UPK 545		130.97457	-58.78432	334.02	m	o	1.914	597	8.007	0.08567
IC 4665	Collinder 349|MWSC 2689|Melotte 179|OCL 85|Theia 76	266.53244	5.63474	343.35	m	o	0.5105	308	7.515	0.5589
Pozzo 1	Theia 22|Theia 99	122.37463	-47.35367	346.88	m	o	0.4213	365	6.971	0.3547
Roslund 6	TRSG 6	307.59331	40.35591	350.06	m	o	0.9482	452	8.225	0.07021
Stock 10	Theia 609	84.7416	37.80837	353.54	m	o	0.6106	320	8.129	0.2859
Stephenson 1	MWSC 3018|OCL 137|delta Lyr	283.57834	36.88066	354.68	m	o	0.4881	322	7.425	0.1738
CWNU 1044		129.93041	-51.85904	361.61	m	o	2.305	377	7.535	0.1492
NGC 7058	MWSC 3501|Theia 1641	320.40859	50.83012	362.81	m	o	0.3206	424	7.843	0.1259
FoF 2383		95.3801	-16.0967	364.98	m	o	0.505	422	7.578	0.1523
Collinder 350	MWSC 2700|OCL 75|Theia 919	267.06496	1.41762	365.69	m	o	0.5675	283	8.393	1.213
NGC 2451B	BH 9|Collinder 161|ESO 311-8|Escorial 24|HIP 37742 Group|MWSC 1308|MWSC 1322|NGC 2451|NGC 2451A|OCL 716|Platais 7	116.17612	-37.94207	367.54	m	o	0.7721	615	7.44	0.1815
CWNU 1032		300.91943	31.84783	369.98	m	o	1.933	231	7.966	0.1087
ASCC 127	MWSC 3704	347.30213	65.18291	374.19	m	o	0.9902	247	7.085	0.294
Collinder 140		110.8024	-32.01159	376.21	m	o	0.5671	203	7.237	0.09513
NGC 1980	UBC 208	83.80062	-5.92125	378.28	m	o	0.3189	364	6.841	0.5096
NGC 2547		122.53348	-49.19467	382.38	m	o	0.3189	675	7.337	0.12
OC 0470	CWWL 3526	117.37501	-46.36827	389.18	m	o	0.7569	415	6.846	0.2644
NGC 6633	Collinder 380|MWSC 2917|Melotte 201|OCL 90|Theia 924	276.80548	6.5592	389.53	m	o	0.4623	515	8.674	0.3872
Alessi 5	MWSC 1844	160.90216	-61.1115	391.82	m	o	0.3642	571	7.751	0.4027
CWNU 1024		104.28551	-27.39179	394.91	m	o	1.934	336	7.511	0.1734
ASCC 101	Alessi J1913.6+3619|LeDrew 6|MWSC 3070|Theia 445	288.34468	36.3599	397.3	m	o	0.6562	224	8.276	0.09942
Stock 1	OCL 127|Theia 821	293.98454	25.18832	402.48	m	o	0.5368	290	8.412	0.3383
Theia 169	OCSN 79	84.82082	-25.15919	403.09	m	m	5.138	250	8.209	0.09421
NGC 1662	Collinder 55|MWSC 425|OCL 470|Theia 1018	72.114	10.90376	404.6	m	o	0.5342	384	8.538	0.9279
Theia 13	Collinder 70|Gulliver 6|UBC 17b	83.13243	-1.75277	408.85	m	o	0.339	249	6.809	0.2986
BH 164	Alessi 7|MWSC 2255|vdBergh-Hagen 164	222.32385	-66.39249	412.23	m	o	0.4612	819	7.268	0.203
NGC 1901	AFF 5|Bok 1|MWSC 500|OCL 791.1	79.28837	-68.44091	416.34	m	o	0.8429	231	8.451	0.1242
Alessi 20	Theia 34	2.6435	58.75651	424.31	m	o	0.3867	252	6.826	0.647
BH 23	Theia 80	123.44775	-36.35622	427.45	m	o	1.141	300	6.974	0.1115
Stock 12	MWSC 3743|OCL 258|Theia 451	353.87006	52.62349	431.14	m	o	0.5046	273	8.095	0.2116
Theia 123	OCSN 46	43.36895	68.84018	432.76	m	o	0.3958	204	8.097	1.205
NGC 752	Collinder 23|MWSC 151|Melotte 12|OCL 363	29.16007	37.79272	433.64	m	o	0.3983	442	9.152	0.06635
BH 99	vdBergh-Hagen 99	159.55377	-59.10926	440.21	m	o	0.3648	643	7.651	0.1121
Mamajek 4	Alessi 71|MWSC 2914	276.37098	-50.63734	444.19	m	o	2.407	655	8.494	0.1978
Platais 12	HIP 67440 Group|MWSC 2173|OCSN 90	207.91946	-63.45382	444.32	m	o	1.02	290	8.168	0.2327
NGC 6405	Theia 122	265.06725	-32.22806	451.87	m	o	0.2467	974	7.719	0.375
LISC 3534	Theia 322	12.08771	49.90561	452.78	m	o	0.9861	430	8.172	0.1448
Theia 172	CWNU 254|Tian 1	110.2769	4.08153	464.6	m	o	1.088	322	8.085	0.09113
IC 4756	Collinder 386|Graff 1|LISC-III 3449|MWSC 2967|Melotte 210|OCL 94|Theia 1115	279.62747	5.43709	466.75	m	o	0.4251	718	8.923	0.3599
UPK 41	OC 0062|Theia 37	279.462	0.46069	467.01	m	o	0.6512	276	6.81	3.028
ASCC 58	MWSC 1782|Theia 453	153.70559	-55.02031	471.44	m	o	0.5149	236	7.756	0.128
Renou 23	LISC-III 3517|Theia 938|UBC 8	84.52614	57.10842	472.1	m	o	0.403	335	8.296	1.077
Alessi 24	ASCC 89|LISC-III 3249|MWSC 2582|OC 0638	260.97844	-62.81756	476.73	m	o	0.41	371	7.999	0.1592
Theia 58	OCSN 83	120.21633	-30.74984	484.25	m	o	1.225	288	7.373	0.1511
Alessi 34	ASCC 44|MWSC 1414	120.06234	-50.65518	485.51	m	o	1.008	857	7.315	0.555
UBC 159	ASCC 122|MWSC 3637|Theia 18	338.99712	39.63533	487.02	m	o	0.4174	232	6.682	0.4248
Teutsch 35	ASCC 103|Teutsch J1935.9+3540|Theia 457	294.08421	35.70829	489.86	m	o	0.5235	337	8.1	0.1376
Gulliver 9	Theia 82	127.20387	-47.92491	491.77	m	o	0.5321	444	7.006	0.2078
COIN-Gaia 13	OC 0286	83.39159	41.82799	503.68	m	m	2.307	572	8.217	0.2265
NGC 2281	Collinder 116|MWSC 989|Melotte 51|OCL 446|Theia 635	102.08995	41.09397	508.93	m	o	0.3415	717	8.438	0.2156
NGC 6281	BH 213|Collinder 324|ESO 332-19|MWSC 2530|Melotte 161|OCL 1003	256.18878	-37.94068	520.76	m	o	0.2318	756	8.438	0.3663
OCSN 77		112.66116	-12.53968	531.04	m	o	0.7467	236	8.119	0.1277
Alessi 12	LeDrew 2|MWSC 3404|Theia 254	310.87082	23.53847	538.85	m	o	0.6434	425	8.086	0.137
Roslund 5		302.61747	33.74066	538.9	m	o	0.4344	360	8.042	0.2446
Melotte 186	Bull of Poniatowski|Collinder 359|MWSC 2773|OCL 84	270.31774	3.19264	540.83	m	o	0.7444	339	7.155	0.4093
UPK 185	FoF 2275|UBC 171	346.40802	49.3675	547.81	m	o	0.224	215	8.11	0.2652
HSC 2384		159.04868	-64.21205	550.74	m	o	0.7744	273	7.753	0.5926
Haffner 13	BH 5|ESO 429-10|MWSC 1305|OCL 678|Theia 106	115.13906	-30.0179	552.49	m	o	0.3407	726	7.165	0.106
NGC 6991	Theia 1231	313.64908	47.3772	556.52	m	o	0.3815	395	8.995	0.288
ASCC 113	MWSC 3480|Theia 461	317.9626	38.5453	557.42	m	o	0.5761	491	8.265	0.108
Alessi 21		107.59181	-9.3183	560.75	m	o	0.4908	279	7.9	0.1535
Alessi 40	ASCC 97|MWSC 2963|Theia 462	279.27071	-19.16823	563.7	m	o	0.4012	290	8.089	1.222
Theia 390		93.09739	42.2376	572.26	m	m	3.077	255	8.218	0.2153
LISC-III 3668	LISC-III 3323	120.11187	-44.1892	573.62	m	o	1.537	356	7.458	0.165
NGC 1647	Collinder 54|MWSC 416|Melotte 26|OCL 457|Theia 740	71.48795	19.16254	576.88	m	o	0.3612	982	8.069	1.349
UPK 53	Theia 952	288.52944	14.26909	584.66	m	o	0.3968	209	8.274	1.31
NGC 6793	MWSC 3098|OCL 115|Theia 738	290.81754	22.16406	586.16	m	o	0.2351	439	8.134	1.03
UPK 168	UBC 165	344.0376	43.24641	588.52	m	o	0.654	297	7.451	0.5607
Ruprecht 145	ESO 592-2|MWSC 3005|OCL 52|Theia 1134	282.65753	-18.29345	590.88	m	o	0.322	384	8.754	0.5694
UBC 26	Theia 148	285.42635	22.1134	593.52	m	o	1.035	479	7.401	0.8713
CWNU 45		108.09938	-27.98383	600.3	m	o	0.9776	225	7.52	0.1283
Alessi 2	LeDrew 4|MWSC 419	71.55705	55.18407	604.13	m	o	0.4481	249	8.421	0.5725
Alessi 62	MWSC 3025|Theia 1131	283.96257	21.60736	606.34	m	o	0.3395	285	8.629	0.8653
NGC 2527	Collinder 174|ESO 430-15|MWSC 1428|OCL 685|Theia 1047	121.27378	-28.13088	623.67	m	o	0.2333	389	8.914	0.1102
Steine 12	COIN-Gaia 1|Teutsch J0047.3+6643|Theia 713	11.74739	66.73911	632.11	m	o	0.2927	229	8.105	1.485
Gulliver 21	Teutsch 205|Theia 469	106.88737	-25.50923	636.18	m	o	0.3275	244	8.45	0.1057
Alessi-Teutsch 11	ASCC 112|AT 11|Alessi 46|Alessi J2016.5+5204|Alessi Teutsch 11|MWSC 3295|Theia 397	304.10169	52.07425	639.42	m	o	0.2113	203	8.255	0.1043
NGC 1342	Collinder 40|FSR 679|MWSC 283|Melotte 21|OCL 401|Theia 853	52.95279	37.3869	640.9	m	o	0.2921	729	8.204	1.367
COIN-Gaia 11	Theia 963	68.14971	39.53324	642.73	m	o	0.4484	226	8.53	1.768
IC 4725	Collinder 382|ESO 591-6|MWSC 2940|M 25|Melotte 204|OCL 38|Theia 650	277.94249	-19.13084	644.94	m	o	0.2703	725	7.982	1.361
UPK 166		339.20254	47.00797	650.24	m	o	0.541	385	7.213	0.1831
Collinder 95		97.78343	9.83902	651.03	m	o	0.297	248	6.634	1.314
Collinder 338	ESO 334-3|MWSC 2651|Mamajek 1732|Mamajek J1732.0-3712|OCL 1013|Theia 334	264.57986	-37.6344	651.08	m	o	0.8149	292	8.061	0.5229
OC 0588	CWNU 1122	195.9978	-60.09601	653.01	m	o	0.4379	409	8.366	0.639
NGC 7063	Collinder 435|MWSC 3507|OCL 192	321.11737	36.4889	656.6	m	o	0.1761	206	8.169	0.1333
ASCC 128	MWSC 3720	350.16142	54.57336	657.04	m	o	0.811	203	8.044	0.325
Alessi 31	ASCC 92|MWSC 2723|Theia 739	267.74826	-11.85714	658.26	m	o	0.3515	261	8.175	2.234
Trumpler 3	Collinder 36|Harvard 1|MWSC 262|OCL 366|Theia 127	48.00525	63.2074	661.99	m	o	0.2632	692	7.582	0.7855
Theia 470		301.87888	35.45778	666.06	m	o	0.8984	249	8.255	0.3147
Stock 7	Theia 964	37.42436	60.65512	669.07	m	o	0.326	255	7.751	1.689
Harvard 10	ESO 179-2|MWSC 2381|OCL 954	244.81309	-54.96575	674.03	m	o	0.3434	626	8.048	0.2834
Trumpler 2	Collinder 29|MWSC 219|OCL 365|Theia 851	39.30505	55.92562	674.65	m	o	0.3518	453	7.955	0.865
NGC 225	Collinder 7|MWSC 68|OCL 305|Theia 747	10.98073	61.79331	679.64	m	o	0.5535	246	7.97	0.7647
Pismis 4	Theia 2451|Theia 343	128.76896	-44.40367	680.7	m	o	0.746	435	8.066	0.1309
IC 2395	Theia 25|Theia 6786	130.62044	-48.13422	695.7	m	o	0.2295	745	6.833	0.3052
NGC 1545	Collinder 49|MWSC 369|OCL 399|Theia 749	65.27707	50.24751	696.29	m	o	0.3238	250	7.996	0.9871
NGC 2264	Theia 41	100.22707	9.87544	700.38	m	o	0.1203	224	6.695	0.6475
Theia 754	Collinder 57|FSR 822|MWSC 461|MWSC 462|Melotte 28|NGC 1746|NGC 1750|OCL 452|OCL 454|Theia 3947	75.96729	23.67444	701.74	m	o	0.3262	572	8.172	1.048
Collinder 394	ESO 592-3|MWSC 3011|OCL 42|Theia 407	283.05822	-20.27191	703.6	m	o	0.3918	977	7.924	0.6212
NGC 6716	Collinder 393|ESO 592-5|MWSC 3020|OCL 46|Theia 407	283.6205	-19.89211	703.6	m	o	0.336	930	7.902	0.6345
King 6	Theia 864	52.00226	56.44921	706.52	m	o	0.1574	446	8.156	1.845
NGC 5460	Collinder 280|ESO 221-24|MWSC 2202|Melotte 123|OCL 925|Theia 266	211.81661	-48.3028	711.49	m	o	0.2881	267	8.184	0.1835
Alessi 37	ASCC 124|MWSC 3663	341.97069	46.29017	713.71	m	o	0.8844	396	8.096	0.4114
NGC 2287	Collinder 118|ESO 557-14|MWSC 978|Melotte 52|OCL 597|Theia 476	101.49514	-20.70305	715.06	m	o	0.2663	948	8.189	0.08578
CWNU 1074		295.90327	6.41262	726.83	m	o	1.288	217	7.561	0.6345
NGC 2925		143.33356	-53.40579	738.03	m	o	0.2447	273	8.128	0.1323
Theia 274		128.57775	-39.52242	745.58	m	o	0.7314	448	8.097	0.2059
NGC 2548	Collinder 179|FSR 1217|MWSC 1454|Melotte 85|OCL 584|Theia 870	123.45482	-5.76968	747.08	m	o	0.3348	778	8.579	0.0961
NGC 5662	BH 162|Collinder 284|ESO 175-10|MWSC 2234|Melotte 127|OCL 928|Theia 353|Theia 60	218.92734	-56.57512	751.02	m	o	0.3228	439	7.944	0.8218
NGC 6025	BH 181|Collinder 296|ESO 136-14|MWSC 2347|Melotte 139|OCL 939	240.79319	-60.43212	759.89	m	o	0.2492	555	8.059	0.3842
Theia 667		352.48576	63.99262	774.28	m	o	0.8312	202	8.093	0.9476
Theia 282		92.71121	11.97509	783.8	m	m	2.212	233	7.955	0.304
UPK 127	Theia 3	313.40077	44.40551	795.83	m	o	0.2144	222	6.619	3.89
NGC 5822	BH 168|Collinder 289|ESO 176-9|Loden 2104|MWSC 2269|Melotte 130|OCL 937|Theia 1174|Theia 7059	226.07011	-54.3565	808.31	m	o	0.2777	804	9.017	0.2015
ASCC 79	Alessi 25|MWSC 2288|Theia 89	229.36721	-61.07482	816.38	m	o	0.3246	214	6.74	0.6253
NGC 2183	Theia 130	92.69936	-6.21851	819.7	m	o	0.3938	277	6.768	1.575
ASCC 11	MWSC 284|Teutsch J0332.2+4450|Theia 152	53.05042	44.84077	825.94	m	o	0.1921	315	8.37	0.729
NGC 2301	Collinder 119|MWSC 1000|Melotte 54|OCL 540	102.93746	0.46207	839.61	m	o	0.1745	828	8.144	0.1228
Collinder 463		27.28559	71.80383	845.1	m	o	0.3499	725	8.166	1.098
UBC 56	FoF 2230|Theia 1083	69.86841	47.56381	847.26	m	o	0.2443	226	8.437	1.993
ASCC 85	MWSC 2465|Theia 156|Theia 3681|Theia 4023	251.92431	-45.5721	852.5	m	o	0.3511	201	8.095	0.5204
NGC 1758	Collinder 57|FSR 822|MWSC 461|MWSC 463|Melotte 28|NGC 1746|OCL 452|OCL 453|Theia 897	76.1749	23.81256	857.66	m	o	0.1159	288	8.485	1.007
Alessi 6	MWSC 2240|Theia 996	220.0112	-66.13669	861.39	m	o	0.2162	203	8.563	0.6698
HSC 1865		103.66326	-24.23355	861.84	m	o	0.2764	246	6.885	0.1612
NGC 6996	NGC 6997|Theia 899	314.12904	44.62226	862.4	m	o	0.1596	558	8.503	1.981
NGC 7243	Collinder 448|MWSC 3602|Melotte 240|OCL 221|Theia 356	333.8173	49.82475	864.15	m	o	0.2166	503	8.026	0.595
NGC 6178	Collinder 308|ESO 276-6|MWSC 2428|OCL 980	248.92936	-45.65054	878.32	m	o	0.3188	211	6.894	0.786
BH 56	ESO 260-12|MWSC 1605|Magakian 425|vdBergh-Hagen 56	134.36937	-43.22045	879.95	m	o	0.2379	302	6.879	0.6668
OC 0467	ESO 313-6|MWSC 1515|OCL 740|Ruprecht 64	129.40816	-40.29214	890.85	m	o	0.09949	210	6.64	1.069
FSR 0569	FSR 569|MWSC 207|Theia 51|UBC 187	37.81756	72.46688	891.25	m	o	0.3183	333	6.727	1.119
IC 1396	Trumpler 37	324.75302	57.49388	905.69	m	o	0.2123	693	6.553	1.7
NGC 2423	Collinder 153|MWSC 1283|Melotte 70|OCL 592|Theia 1176	114.31741	-13.86328	908.72	m	o	0.2315	571	9.073	0.119
OC 0185	CWNU 1115	332.74136	63.39594	908.82	m	o	1.252	356	6.809	1.119
NGC 2546	BH 22|Collinder 178|ESO 369-7|MWSC 1447|OCL 726|Theia 2948|Theia 298|Theia 472|Theia 4930	123.01514	-37.64263	909.04	m	o	0.3229	499	8.218	0.2308
ASCC 114	MWSC 3542|Theia 296	325.06281	53.98983	917.6	m	o	0.1916	249	7.512	1.056
Alessi 43	ASCC 50|Theia 2087|Theia 28	132.57642	-41.69151	917.83	m	o	0.2204	519	6.641	1.128
Lynga 2	Theia 365	216.05734	-61.33333	922.35	m	o	0.1525	202	8.044	0.7341
FSR 0551	FSR 551|MWSC 131	24.95409	64.86765	923.12	m	o	0.1491	268	6.814	1.174
FSR 0398	FSR 398|MWSC 3644	339.12669	64.16053	924.58	m	o	0.1492	212	7.146	1.86
NGC 6087	BH 188|Collinder 300|ESO 137-15|MWSC 2382|Melotte 141|OCL 948|Theia 299	244.68306	-57.91409	938.11	m	o	0.2344	360	7.959	0.5043
PTB 9	Collinder 457|FSR 468|MWSC 3784|Melotte 244|NGC 7762|OCL 280|Theia 1344	357.4949	68.03076	942.36	m	o	0.1194	780	8.94	2.55
UPK 220	Theia 1084|Theia 367|UBC 402	350.95396	66.46162	943.81	m	o	0.2126	323	7.749	2.959
NGC 1582	Collinder 51|MWSC 388|OCL 407|Theia 2581|Theia 364	67.91102	43.80078	949.29	m	o	0.2606	202	8.131	1.081
NGC 2323		105.70454	-8.35468	956.5	m	o	0.1725	788	8.158	0.5834
Alessi-Teutsch 8	ASCC 68|AT 8|Alessi Teutsch 8|MWSC 1993|Theia 498	180.70298	-60.95324	976.74	m	o	0.1874	442	8.126	0.4816
NGC 6425	BH 246|Collinder 384|ESO 455-38|MWSC 2691|OCL 1033|Theia 892|UBC 333	266.74135	-31.50731	979.38	m	o	0.1593	257	8.647	0.8366
HSC 888		349.61391	60.69589	989.93	m	o	0.9088	243	8.295	1.312
UPK 549	FoF 2236|Theia 1242|UBC 256	146.48281	-52.48209	992.97	m	o	0.1765	268	8.566	1.425
NGC 1528	Collinder 47|MWSC 353|Melotte 23|OCL 397|Theia 5062|Theia 5528|Theia 593|Theia 7064	63.90557	51.19496	995.74	m	o	0.1984	463	8.32	0.9177
UBC 189	NGC 886|Stock 6|Theia 1270|Theia 746	35.94233	63.79044	1000.7	m	o	0.2564	310	8.474	1.885
Collinder 419	Theia 286	304.52704	40.72565	1002.6	m	o	0.3385	514	6.721	2.375
NGC 6940	Collinder 424|MWSC 3370|Melotte 232|OCL 141|Theia 1272	308.59052	28.2584	1010.7	m	o	0.1913	864	8.886	0.4545
Berkeley 59	Theia 670	0.56967	67.42862	1015.4	m	o	0.2261	992	6.7	3.805
NGC 1502	Theia 1701	61.96098	62.32567	1023.9	m	o	0.1104	383	6.593	2.099
Ruprecht 91	ESO 169-1|MWSC 1855|OCL 824|Theia 2396	161.96685	-57.48806	1031.5	m	o	0.2278	604	8.172	0.1163
NGC 6568	Collinder 369|ESO 590-6|MWSC 2841|OCL 28|Theia 674	273.19393	-21.61549	1037.2	m	o	0.1451	244	8.745	0.797
Theia 3397	Theia 2000|Theia 2267	113.94026	-25.52659	1037.4	m	m	1.168	207	7.781	0.08926
NGC 6416	Collinder 344|ESO 455-32|MWSC 2673|OCL 1031|Theia 3310|UBC 331	266.00771	-32.33696	1043.8	m	o	0.219	397	8.22	0.779
NGC 6709	Collinder 392|MWSC 3009|Melotte 214|OCL 100|Theia 2542	282.83358	10.32271	1048.1	m	o	0.148	452	8.208	0.8366
NGC 2343	Theia 2557	107.02654	-10.61731	1052.1	m	o	0.1366	277	8.212	0.4944
UBC 54	Theia 2574	64.72472	46.41454	1053.7	m	o	0.2053	336	8.447	0.974
NGC 743	Theia 112	29.66362	60.15165	1058.6	m	o	0.226	210	7.75	1.475
FoF 2139	Theia 2461|UBC 195	67.69067	46.31637	1061.8	m	o	0.1866	309	8.129	1.977
OC 0684	ASCC 88|Gulliver 29|Theia 1690	256.7727	-35.80407	1062.8	m	o	0.4744	382	6.754	1.683
Gulliver 60		303.44542	29.66024	1065.2	m	o	0.1463	368	7.923	1.427
OC 0165	Teutsch 181|Theia 2293|Theia 3159|Theia 3245|Theia 3701|Theia 4516	332.99738	53.92791	1067	m	o	0.3156	295	8.452	0.69
Theia 1722	CWNU 1070	52.93295	60.13298	1068.8	m	o	0.8032	358	7.164	1.59
BH 221	ESO 454-6|MWSC 2563|OC 0691|vdBergh-Hagen 221	259.59354	-32.38955	1069.4	m	o	0.1404	243	6.676	1.113
NGC 1027	Theia 2345	40.65196	61.62296	1086.4	m	o	0.1521	562	8.056	1.235
ASCC 77	Ferrero 15|MWSC 2205|Theia 2146	212.69604	-62.36042	1098	m	o	0.1474	220	7.837	0.6962
NGC 6383		263.67292	-32.57715	1100.9	m	o	0.06749	322	6.611	1.209
vdBergh 92		106.0365	-11.44234	1105.2	m	o	0.131	345	6.643	1.109
NGC 6811	Collinder 402|FSR 228|Melotte 222|OCL 185|Theia 5603	294.34389	46.36411	1110.1	m	o	0.1159	435	9.032	0.08824
Theia 1643	NGC 6193|Theia 2108	250.32976	-49.05851	1113.9	m	o	0.2994	293	6.675	2.381
NGC 2669	BH 52|Collinder 199|Collinder 202|ESO 165-5|Harvard 3|MWSC 1561|MWSC 1562|OCL 768|Theia 2767	131.60715	-52.93668	1116.4	m	o	0.1041	335	8.061	0.7019
NGC 1960	Theia 2010	84.08532	34.13423	1124.8	m	o	0.06994	373	7.426	0.7941
NGC 381		17.10361	61.58378	1126.8	m	o	0.1001	275	8.375	1.232
UBC 129		299.03455	26.44525	1127.6	m	o	0.3076	348	7.75	1.796
NGC 6208	BH 198|Collinder 313|ESO 179-14|FSR 1724|MWSC 2470|OCL 964|Theia 5118	252.34429	-53.71228	1127.8	m	o	0.1204	423	9.212	0.5291
HSC 2785		249.55166	-48.80192	1128.2	m	o	0.1008	223	6.62	2.125
Teutsch 177	LISC-III 3344|Theia 2851|UBC 216	100.39351	-5.80789	1133.6	m	o	0.1851	232	8.334	0.7314
NGC 2353	Theia 2363	108.64121	-10.24975	1139.1	m	o	0.1215	288	8.163	0.1735
NGC 6193	Theia 1643	250.3557	-48.77152	1139.2	m	o	0.1265	653	6.613	2.087
ASCC 108	MWSC 3201|Theia 3446	298.38722	39.3426	1152.1	m	o	0.3735	305	8.28	0.3709
Harvard 13	ESO 227-3|MWSC 2523|OCL 986|Theia 4391	256.01053	-48.11843	1152.3	m	o	0.1823	412	8.947	1.778
NGC 6204	Theia 2147	251.53556	-47.02564	1155.5	m	o	0.08096	350	7.905	1.405
COIN-Gaia 15	Theia 2491	76.10323	35.80107	1162.6	m	o	0.1417	232	8.07	1.475
Theia 2267		111.03349	-26.46198	1163.9	m	o	0.5383	341	7.635	0.1466
Collinder 421	Theia 2340|UBC 142	305.817	41.69493	1176.7	m	o	0.1617	366	8.084	2.358
Theia 1654		106.25871	-10.38153	1178.7	m	o	0.8493	271	7.401	0.9304
FSR 0866	FSR 866|MWSC 1022|Theia 6736	103.83567	29.74097	1181.4	m	o	0.1288	242	9.323	0.09502
NGC 7209	Collinder 444|MWSC 3585|Melotte 238|OCL 215|Theia 4421	331.22793	46.53121	1185.9	m	o	0.2118	504	8.598	0.3936
NGC 6400	BH 241|Collinder 342|ESO 393-14|MWSC 2660|Melotte 177|OCL 1014|Theia 1860	265.05331	-36.95652	1190.1	m	o	0.08739	213	8.187	1.415
NGC 6531	Collinder 363|ESO 521-19|MWSC 2796|Melotte 188|OCL 26	271.04222	-22.49965	1201.8	m	o	0.07741	212	6.735	0.8004
NGC 2362	Theia 2054	109.67216	-24.95201	1228.4	m	o	0.06929	239	6.842	0.3841
NGC 2354	Collinder 131|ESO 492-6|FSR 1291|MWSC 1148|OCL 639|Theia 5939	108.44297	-25.72397	1228.7	m	o	0.1161	399	9.042	0.2418
NGC 6530	OC 0006	271.10189	-24.37048	1229.5	m	o	0.07869	680	6.592	1.476
Roslund 7	MWSC 3416|OCL 187|Theia 2375	313.21285	37.92024	1236.7	m	o	0.4332	266	8.243	0.9404
NGC 2910	BH 71|Collinder 209|ESO 166-17|FSR 1493|MWSC 1679|OCL 781|Theia 2765	142.64019	-52.90944	1238.3	m	o	0.09565	422	8.065	0.5665
NGC 4852	BH 143|Collinder 266|ESO 131-17|MWSC 2078|Melotte 116|OCL 894|Theia 2553	195.03601	-59.60523	1238.3	m	o	0.1055	288	8.015	1.301
HSC 734		327.73124	45.47907	1238.8	m	o	0.7498	296	8.389	0.5301
NGC 6242	BH 204|Collinder 317|ESO 332-10|MWSC 2488|Melotte 155|OCL 1001	253.87759	-39.46566	1239.3	m	o	0.1027	786	7.898	1.225
NGC 2126	Collinder 78|FSR 730|MWSC 708|Melotte 39|OCL 418|Theia 6270|UBC 196	90.64951	49.87189	1248.2	m	o	0.1465	237	9.25	0.3479
NGC 2539	Collinder 176|MWSC 1439|Melotte 83|OCL 611|Theia 3938	122.66412	-12.82726	1251	m	o	0.156	681	9.032	0.07647
Dias 5		274.375	-19.70749	1260.1	m	o	0.1028	202	6.784	1.607
UBC 94	Theia 2302	269.63425	-24.60898	1266.3	m	o	0.1762	248	8.238	1.639
NGC 2571	BH 27|Collinder 181|ESO 431-5|MWSC 1469|OCL 701	124.71569	-29.75562	1279.3	m	o	0.09319	267	7.268	0.2455
NGC 1664	Collinder 56|MWSC 430|Melotte 27|OCL 411	72.76648	43.67478	1287.8	m	o	0.1258	650	8.532	0.7159
Gulliver 36	Theia 4283	123.15603	-35.09681	1298.9	m	o	0.1829	219	8.783	0.8215
IC 2488	BH 69|Collinder 208|ESO 166-14|MWSC 1671|Melotte 97|OCL 789|Theia 2692	141.88674	-56.98789	1306	m	o	0.161	510	8.258	0.7259
NGC 744	Collinder 22|FSR 574|MWSC 153|OCL 344|Theia 3014	29.64232	55.48149	1306.6	m	o	0.1161	244	8.536	0.9077
NGC 2428	MWSC 1297|Theia 4005	114.85176	-16.53392	1308	m	o	0.1769	274	8.975	0.1238
Stock 15	ESO 130-08|ESO 130 08|Theia 3044	182.62822	-59.47329	1309.6	m	o	0.137	291	8.324	0.9274
NGC 2318	MWSC 1050|Theia 3278	104.87296	-13.75887	1318.7	m	o	0.2017	231	8.659	0.8603
NGC 7082	MWSC 3517|OCL 209|Theia 2214	322.16485	47.10128	1321.4	m	o	0.1201	371	8.166	0.7446
NGC 7031	Collinder 430|FSR 294|MWSC 3466|OCL 210|Theia 2164	316.80317	50.8656	1330.1	m	o	0.1075	264	7.371	3.229
UBC 1455	CWNU 322|LISC-III 2824|Theia 2767|Theia 4584|Theia 4828|Theia 6361	131.00175	-54.12947	1345.3	m	o	0.7866	250	8.868	0.332
NGC 2671	BH 51|Collinder 201|ESO 313-14|FSR 1409|MWSC 1558|OCL 745|Theia 2912	131.55572	-41.88009	1350.5	m	o	0.09715	634	8.404	2.842
Alessi 170	Theia 3522|UBC 215	100.45646	-5.23928	1354.8	m	o	0.2388	205	8.734	0.7391
UBC 161	FoF 2000|Theia 3067|Theia 6889|Theia 7711	319.12932	57.4642	1356.2	m	o	0.1405	205	8.157	1.712
Trumpler 30	Collinder 355|ESO 394-12|Harvard 18|MWSC 2755|OCL 1025|Theia 3241|UBC 330	269.18552	-35.28413	1358.8	m	o	0.1142	238	8.34	0.9089
FoF 1800	UBC 170	337.82439	58.04504	1364.9	m	o	0.1428	262	8.308	1.565
UBC 6	Theia 5006	344.07182	51.14488	1377	m	o	0.1641	386	8.985	0.2518
NGC 5925	BH 172|Collinder 291|ESO 177-6|MWSC 2293|OCL 938|Theia 2978	231.83602	-54.51803	1377	m	o	0.1364	473	8.491	1.455
UBC 136	Theia 2232	304.45944	32.5822	1379.5	m	o	0.1415	241	8.022	2.639
NGC 2396	Collinder 148|MWSC 1232|OCL 579|Theia 2447	112.01965	-11.65351	1382.9	m	o	0.1881	223	8.237	0.2574
Trumpler 29	Collinder 343|ESO 334-4|Harvard 17|MWSC 2663|OCL 1009	265.35535	-40.14721	1384.7	m	o	0.1241	264	8.124	0.7052
FSR 0442	FSR 442|MWSC 442|Theia 2084	352.49371	63.44725	1384.9	m	o	0.1228	476	8.597	3.564
NGC 2251	Collinder 101|MWSC 916|OCL 499|Theia 2992	98.6763	8.34438	1392.5	m	o	0.1519	221	8.691	0.584
NGC 4609	Theia 2070	190.56733	-62.99256	1397.6	m	o	0.09575	427	7.82	1.04
NGC 1513	Theia 2248	62.47155	49.50155	1398.7	m	o	0.09938	559	8.393	2.061
NGC 6866	Theia 4895	300.98216	44.16598	1402	m	o	0.1464	393	8.799	0.3139
Ruprecht 111	ESO 134-10|MWSC 2235|OCL 924|Theia 5922	219.00878	-59.98066	1405	m	o	0.09491	358	8.938	1.589
NGC 5316	BH 154|Collinder 279|ESO 133-6|MWSC 2175|Melotte 122|OCL 913|OC 0603|Theia 2235	208.52747	-61.8662	1413.9	m	o	0.1363	448	8.361	0.8769
NGC 2244		97.9853	4.92671	1415.2	m	o	0.1043	360	6.614	1.631
NGC 2670	BH 50|Collinder 200|ESO 210-5|MWSC 1554|Melotte 93|OCL 764|Theia 2717	131.36854	-48.79051	1432.7	m	o	0.09917	315	8.022	1.495
HSC 640		309.77387	42.1204	1435.8	m	o	0.3849	271	7.152	5.051
NGC 6268	BH 212|Collinder 323|ESO 332-17|MWSC 2516|OCL 1002	255.52742	-39.72253	1442.7	m	o	0.09511	280	8.322	1.207
Trumpler 18		167.8257	-60.6303	1452.1	m	o	0.08885	230	8.007	0.6872
FSR 0496	Theia 5710	6.57854	63.99421	1459.9	m	o	0.1417	539	8.733	3.049
NGC 5281	BH 152|Collinder 276|ESO 97-5|MWSC 2161|Melotte 120|OCL 911|Theia 1873|Theia 1948	206.59837	-62.91611	1471.9	m	o	0.09056	202	7.999	0.7164
Harvard 16	BH 230|Collinder 332|ESO 393-2|ESO 393-3|MWSC 2616|OCL 1010|OCL 1012|Theia 1728	262.76204	-36.82218	1473.3	m	o	0.09656	350	8.108	2.442
UBC 279	Theia 3153|Theia 4842|Theia 5361	173.48415	-66.11084	1497.9	m	o	0.2582	250	8.395	0.7664
ASCC 6	MWSC 141|Theia 2326	26.84216	57.73861	1501.9	m	o	0.1436	209	7.961	0.6565
NGC 1907	Collinder 66|FSR 774|MWSC 552|Melotte 35|OCL 434|Theia 3773	82.029	35.32409	1503.3	m	o	0.06944	478	8.761	1.117
UBC 334	Theia 1653	265.61321	-30.72249	1509.9	m	o	0.128	837	7.629	4.143
CWNU 239	LISC-III 1682|Theia 1671|UBC 1330	98.27958	2.44584	1511.3	m	o	0.2234	336	7.107	2.437
OC 0011	Theia 1927	272.99284	-22.97136	1520.8	m	o	0.1002	862	9.142	3.33
FoF 2117	FoF 2118|Theia 2821|UBC 111|UBC 354	282.34295	-4.48655	1533.5	m	o	0.1692	883	8.299	3.128
NGC 6152	Collinder 304|ESO 179-9|MWSC 2423|OCL 961|Theia 2642	248.15833	-52.6206	1543.1	m	o	0.1296	303	8.189	1.013
NGC 2479	Collinder 167|ESO 561-1|FSR 1271|MWSC 1380|OCL 623|Theia 5185|Trumpler 8|UBC 226	118.77201	-17.73449	1543.4	m	o	0.09657	225	9.117	0.09871
Gulliver 18	20 Vul|Collinder 416|Collinder 417|FSR 168|MWSC 3277|MWSC 3278|MWSC 3282|NGC 6882|NGC 6885|OCL 132|OCL 133|Theia 2530	302.9035	26.54097	1545.2	m	o	0.1084	248	7.834	1.938
UBC 290	Theia 2208|Theia 3288|Theia 3924	191.74185	-59.37597	1552.6	m	o	0.2204	355	8.145	0.661
NGC 6231		253.57099	-41.83645	1553.4	m	o	0.08108	646	6.64	1.535
FSR 1378	MWSC 1412|SAI 85	120.31114	-40.681	1557.4	m	o	0.1167	554	9.03	1.811
NGC 1778	Collinder 58|MWSC 472|OCL 429|Theia 2031	77.02593	37.01842	1589.1	m	o	0.1184	243	8.241	1.031
Theia 1742	Theia 2717	133.11475	-47.93305	1593.3	m	o	0.4842	232	8.099	1.319
Collinder 277	ESO 97-6|MWSC 2166|OCL 909|Platais 11|Theia 4887	207.0648	-66.05913	1593.4	m	o	0.09171	288	8.975	0.5895
NGC 6192	BH 194|Collinder 309|ESO 277-3|MWSC 2440|Melotte 149|OCL 988|Theia 3268	250.07484	-43.35646	1596.3	m	o	0.0664	774	8.179	2.033
NGC 7086	Collinder 437|FSR 309|MWSC 3520|OCL 214|Theia 2737	322.62774	51.59531	1597.4	m	o	0.09791	963	7.993	2.218
NGC 2335	Theia 1977	106.72294	-10.04133	1598.1	m	o	0.1086	212	8.17	1.357
Gulliver 49	Theia 2376	350.68347	61.96407	1607.4	m	o	0.1567	296	8.464	2.823
Trumpler 32	Collinder 372|Harvard 19|MWSC 2873|OCL 55|Theia 4347	274.29174	-13.35565	1613.1	m	o	0.08845	826	8.883	2.184
Haffner 5	ESO 492-8|FSR 1272|MWSC 1168|OCL 624|Theia 6194	109.49278	-22.66255	1617.8	m	o	0.08905	473	9.15	0.7422
Trumpler 7	Collinder 146|ESO 492-16|FSR 1288|MWSC 1229|OCL 635|Theia 1904	111.84376	-23.95122	1619.7	m	o	0.1038	267	8.053	0.7729
Tombaugh 5	FSR 641|MWSC 306|OCL 385|Theia 3121	56.97443	59.07554	1636.3	m	o	0.1315	795	8.173	2.615
NGC 1817	Collinder 60|MWSC 484|OCL 463|Theia 4898	78.14103	16.69318	1636.5	m	o	0.1701	718	9.124	0.3412
BH 202	Collinder 316|ESO 332-9|MWSC 2486|Ruprecht 122|Theia 3570	253.78721	-40.9567	1636.9	m	o	0.09727	556	8.576	1.823
FSR 0951	FSR 951|MWSC 849|Theia 2489	95.5436	14.65764	1641.3	m	o	0.1436	221	8.757	0.7889
NGC 2567	BH 26|Collinder 180|ESO 431-3|FSR 1354|MWSC 1467|Melotte 86|OCL 708|Theia 3423|Theia 4190	124.6497	-30.64302	1644	m	o	0.1114	389	8.949	0.1059
Roslund 3	OCL 121|Theia 2301	299.69928	20.50494	1652.6	m	o	0.1112	212	7.877	0.9674
NGC 6910	Theia 286	305.80189	40.77388	1674.2	m	o	0.1171	273	7.18	3.832
LISC 3287	Theia 2203|Theia 4294|Theia 4906|UBC 151	311.803	47.3407	1680.1	m	o	0.3318	227	8.036	1.196
Berkeley 9	FSR 646|MWSC 286|OCL 388	53.17389	52.65192	1690.1	m	o	0.06768	234	8.934	3.041
NGC 6645	Collinder 383|MWSC 2946|Melotte 205|OCL 48	278.14541	-16.92597	1696.8	m	o	0.08591	559	8.604	0.962
NGC 6611		274.67527	-13.78959	1698.4	m	o	0.07299	504	6.798	2.508
NGC 2627	BH 38|Collinder 188|ESO 431-20|FSR 1362|MWSC 1514|Melotte 87|OCL 714|Theia 6581	129.31078	-29.94897	1707.3	m	o	0.09873	549	9.277	0.08356
NGC 6520	BH 255|Collinder 361|ESO 456-42|MWSC 2790|Melotte 187|OCL 10	270.85761	-27.88562	1708	m	o	0.0434	407	8.033	1.137
UBC 337	Theia 1739	271.68821	-24.68409	1710.4	m	o	0.1219	293	8.25	3.384
King 1	FSR 490|MWSC 35|OCL 290|Theia 6674	5.52298	64.38267	1723.7	m	o	0.08476	888	9.021	2.734
FoF 145	UBC 551	256.98555	-44.15647	1731.3	m	o	0.1047	645	8.448	4.665
NGC 5823	BH 169|Collinder 290|ESO 176-11|MWSC 2273|Melotte 131|OCL 936|Theia 2779	226.37573	-55.60465	1734	m	o	0.1014	677	8.008	1.799
NGC 2355	Collinder 133|FSR 995|MWSC 1160|Melotte 63|OCL 496|Theia 5041	109.25064	13.7625	1751.1	m	o	0.09004	572	9.232	0.11
NGC 6728	MWSC 3032|Theia 3529	284.69051	-8.95615	1755.6	m	o	0.1064	269	8.724	0.6224
FSR 0167	FSR 167|Theia 3810	301.24929	27.07969	1764	m	o	0.1277	826	8.242	3.888
UBC 284	Theia 4811	184.29021	-62.95343	1764.1	m	o	0.06992	323	9.153	0.8688
UBC 324	Theia 1888|Theia 3116|Theia 4045	255.93857	-38.46947	1766.5	m	o	0.08322	391	8.426	2.927
NGC 2432	Collinder 157|ESO 560-6|FSR 1267|MWSC 1310|Melotte 73|OCL 620|Theia 4688	115.22016	-19.07456	1766.9	m	o	0.07435	294	8.989	0.4332
NGC 6444	ESO 393-3|MWSC 2709|OCL 1023|Ruprecht 132|Theia 4790|UBC 329	267.34856	-34.81602	1783	m	o	0.124	228	8.344	1.357
FoF 1994	Theia 4596|UBC 288	191.01768	-58.09172	1785	m	o	0.09977	327	8.711	1.195
NGC 4349	BH 130|Collinder 255|ESO 131-3|FSR 1614|Loden 624|MWSC 2024|Melotte 110|OCL 882|Theia 2499|Theia 3079|Theia 3101	186.05463	-61.86414	1788.9	m	o	0.09082	910	8.546	0.8596
NGC 129	Theia 2238	7.5905	60.20598	1788.9	m	o	0.1107	561	8.021	1.739
Gulliver 15	NGC 6561	272.59805	-16.72264	1795.7	m	o	0.09108	202	7.969	2.795
FoF 5	Theia 7784|UBC 274	156.32345	-72.5464	1804.2	m	o	0.2186	259	9.366	0.1183
UBC 249		136.85849	-52.90672	1817.5	m	o	0.2994	239	8.062	1.16
Collinder 307		248.79255	-50.98534	1822.6	m	o	0.06481	229	8.272	2.706
NGC 5138	Collinder 270|ESO 132-7|MWSC 2121|OCL 902	201.8338	-59.02455	1828.3	m	o	0.06656	249	8.243	0.7663
NGC 6694	Collinder 389|FSR 71|MWSC 2987|Melotte 212|OCL 67	281.31922	-9.38617	1835.4	m	o	0.08479	470	8.13	1.769
Ruprecht 84	ESO 91-19|FSR 1544|MWSC 1717|OCL 814	147.27619	-65.26096	1836.1	m	o	0.1108	235	8.694	0.4383
NGC 6871	Collinder 413|OCL 148	301.48993	35.77555	1843.3	m	o	0.1665	351	6.89	1.331
HSC 1097		30.16922	48.02633	1844.2	m	m	0.6802	208	9.468	0.127
Ruprecht 128	BH 243|ESO 393-17|MWSC 2672|OCL 1020|Theia 3213	266.0663	-34.87674	1848.2	m	o	0.07441	275	8.4	3.025
OC 0150		321.5461	52.7201	1862.4	m	o	0.0698	214	8.51	3.873
UBC 246	BH 46|Collinder 194|ESO 260-3|MWSC 1538|Melotte 91|NGC 2659|OCL 752|Pismis 9|Theia 3156	130.73002	-44.9258	1864.9	m	o	0.08588	545	8.458	1.604
NGC 2489	BH 15|Collinder 169|ESO 430-3|FSR 1330|MWSC 1386|Melotte 79|OCL 690	119.06707	-30.06262	1870.2	m	o	0.06972	384	8.529	1.296
Collinder 115	FSR 1059|MWSC 981|OCL 535|Theia 1988	101.66039	1.78302	1876.7	m	o	0.08239	451	8.212	0.8197
FoF 1182	OC 0636|UBC 309|UFMG 3	238.0729	-55.42276	1890.1	m	o	0.09396	301	8	2.857
OC 0127		304.43033	42.71354	1890.1	m	o	0.2315	202	7.472	2.553
NGC 4103	BH 127|Collinder 252|ESO 130-5|MWSC 1997|Melotte 109|OCL 871|Theia 2558	181.65556	-61.24664	1897.7	m	o	0.08174	435	7.472	0.896
Ruprecht 121	ESO 277-6|MWSC 2446|OCL 983|Theia 3360	250.43297	-46.16075	1899.1	m	o	0.08386	667	8.113	2.781
OC 0704	FoF 1624|Theia 2163|UBC 335	266.57523	-29.17433	1914.6	m	o	0.1166	392	8.279	2.697
OC 0540	FoF 2059|Theia 295|Theia 5358|Theia 5606|UBC 257	153.18164	-60.95338	1916.8	m	o	0.1644	208	8.598	0.1586
NGC 5269	ESO 97-4|MWSC 2156|Theia 1873|Theia 1948	206.16682	-62.90552	1930	m	o	0.07599	242	8.349	1.289
UBC 343	Theia 1651|Theia 1678|Theia 2117|Theia 2741|Theia 3353|Theia 4383	277.00189	-14.71796	1936.4	m	o	0.1725	236	7.527	1.985
NGC 3766	Theia 1849|Theia 1935|Theia 2813	174.07144	-61.60585	1939	m	o	0.09108	766	7.623	0.6102
IC 4996		304.14024	37.64846	1953.8	m	o	0.06843	212	6.877	1.736
Stock 8	Theia 1658	82.02868	34.42083	1959.4	m	o	0.1597	276	6.981	1.763
NGC 6649	Collinder 384|MWSC 2949|Melotte 206|OCL 66|Theia 1835	278.35867	-10.40203	1960.5	m	o	0.06523	728	7.449	4.585
FoF 1235	Theia 4017|UBC 109	281.85802	-5.22444	1968.9	m	o	0.121	303	8.491	2.19
NGC 4755	BH 141|Collinder 264|ESO 131-16|FSR 1633|MWSC 2072|Melotte 114|OCL 892|Theia 1748|Theia 2900|kappa Crucis	193.41377	-60.37098	1978.4	m	o	0.06102	724	7.37	1.09
Roslund 2	Theia 1717|Theia 2554	296.27412	23.97427	1994	m	o	0.1322	220	6.807	3.123
NGC 6664	Alessi 153|Collinder 385|MWSC 2962|OCL 68|Theia 2336	279.11814	-8.20616	1994	m	o	0.1121	482	7.84	2.541
NGC 433		18.78983	60.13237	1995.4	m	o	0.06951	253	8.17	1.888
Dolidze 32	Theia 1899	280.24311	-4.07938	1996.1	m	o	0.1122	315	7.418	3.351
UBC 1020	CWNU 44|CWNU 506|OC 0032	277.24989	-12.71001	2000.2	m	o	0.101	318	7.916	3.21
Berkeley 67	FSR 677|MWSC 404|OCL 400|Theia 5855	69.45901	50.77597	2007.9	m	o	0.08855	239	8.816	3.021
IC 1805	OC 0248	38.19392	61.47003	2019.6	m	o	0.1366	258	6.584	2.403
NGC 5715	BH 163|Collinder 286|ESO 176-2|MWSC 2245|Melotte 128|OCL 929|OC 0618|Theia 3842	220.87007	-57.57795	2025.4	m	o	0.07536	291	8.435	2.083
Melotte 101	BH 101|Collinder 227|ESO 93-1|FSR 1564|MWSC 1840|OCL 841|OC 0555|Theia 3281|Theia 4350	160.56647	-65.11092	2029.7	m	o	0.08561	606	8.138	1.031
FSR 0850	OC 0299|Theia 2104|Theia 2865	86.24077	24.7452	2055.9	m	o	0.08741	209	8.576	1.573
IC 1848		42.79106	60.40803	2058.3	m	o	0.08044	281	6.969	1.856
Czernik 25	FSR 987|MWSC 795|MWSC 804|OCL 493|SAI 63|Theia 4424	93.43123	6.95111	2063.2	m	o	0.08563	230	8.73	1.21
Ruprecht 93	ESO 128-30|MWSC 1885|NGC 3519|OCL 844|Theia 2841	166.05008	-61.37669	2071.2	m	o	0.09092	277	8.681	0.3798
Collinder 272	ESO 132-9|MWSC 2128|OCL 904|Theia 2234	202.57475	-61.33042	2072.9	m	o	0.08873	313	7.667	1.362
FSR 0385	FSR 385|MWSC 3653	340.61948	58.93143	2079.8	m	o	0.1331	234	8.615	2.639
FoF 321	OC 0085|Theia 3403|UBC 127	296.3863	21.16279	2085.3	m	o	0.06703	277	8.397	3.732
FSR 0893	FSR 893|MWSC 802|OC 0313	93.39873	21.60189	2092	m	o	0.1272	211	8.258	3.171
Pismis 12	BH 62|ESO 261-5|FSR 1458|MWSC 1650|OCL 765|OC 0502	140.006	-45.12788	2093.7	m	o	0.06827	452	9.101	1.71
Ruprecht 82	ESO 167-5|MWSC 1711|OCL 788|Theia 3127|Theia 5426	146.43116	-54.00243	2111.9	m	o	0.08185	229	8.646	0.8825
FoF 597	UBC 117	282.11426	8.70887	2112	m	o	0.06222	223	8.429	3.141
OC 0640	OC 0641	240.41566	-52.11068	2129.6	m	o	0.07959	214	8.846	3.753
UBC 146	QC 2	309.35653	46.47268	2162.8	m	o	0.09226	260	7.833	2.031
BH 87	OC 0532|Theia 2288|Theia 2644|vdBergh-Hagen 87	151.14551	-55.39113	2178.3	m	o	0.08082	373	8.152	1.648
NGC 5617	BH 159|Collinder 282|ESO 134-4|MWSC 2223|Melotte 125|OCL 919|OC 0609	217.44132	-60.71236	2181.8	m	o	0.07481	404	7.819	1.664
NGC 6704	Collinder 390|OCL 82|mWSC 3007	282.6879	-5.1995	2182.6	m	o	0.05354	241	8.227	2.681
NGC 6830	Collinder 406|MWSC 3191|Melotte 224|OCL 125|Theia 1933	297.72176	23.09836	2186	m	o	0.0966	331	7.772	1.748
NGC 6318	BH 218|Collinder 325|ESO 333-1|MWSC 2552|Melotte 166|OCL 1004|OC 0679|Theia 1708|Theia 1766|Theia 2037|Theia 2225	259.04828	-39.42756	2192.6	m	o	0.05469	328	7.17	4.252
NGC 6735	MWSC 3034	285.14071	-0.51194	2194.4	m	o	0.09926	366	8.064	2.515
NGC 957	Collinder 28|FSR 603|FoF 2134|MWSC 211|OCL 362|OC 0253|UBC 421	38.3623	57.55746	2207.3	m	o	0.1246	339	7.305	2.216
NGC 3960	BH 123|Collinder 250|ESO 170-14|FSR 1590|MWSC 1982|Melotte 108|OCL 861|Theia 5390|UBC 1624	177.6502	-55.67653	2207.8	m	o	0.06314	670	8.908	0.8372
Trumpler 25	BH 225|Collinder 329|ESO 333-7|Harvard 14|MWSC 2587|OCL 1007|OC 0683|Theia 1997|Theia 3280	261.11478	-39.01118	2207.9	m	o	0.07096	912	7.894	3.358
Melotte 105	BH 117|Collinder 246|ESO 93-7|FSR 1587|MWSC 1933|OCL 856|OC 0564	169.91739	-63.48363	2217.4	m	o	0.04754	837	8.461	1.228
NGC 2286	Collinder 117|FSR 1104|MWSC 987|OCL 548|Theia 3007	101.91834	-3.15288	2229.4	m	o	0.07401	294	8.639	0.8759
Gulliver 58		191.53542	-61.96353	2230.3	m	o	0.06774	347	8.126	3.95
UBC 671		253.99499	-43.21664	2236	m	o	0.07047	210	8.149	3.074
CWNU 2560		253.20722	-46.36502	2239.4	m	o	0.06308	265	8.013	4.788
NGC 6583	Collinder 370|ESO 590-11|FSR 32|MWSC 2860|OCL 27|Theia 5571	273.96194	-22.14465	2240.9	m	o	0.05646	341	8.794	2.139
UBC 92	Theia 1984	269.87386	-26.65467	2241.4	m	o	0.08095	277	8.187	3.052
UBC 517	Theia 2739|Theia 3053|Theia 3059|Theia 4856	182.46443	-63.966	2249	m	o	0.4096	256	7.552	0.7393
Teutsch 246	UBC 1538	238.70081	-54.38363	2250.6	m	o	0.05076	214	8.071	3.597
FoF 866	Theia 4124	261.76587	-39.41738	2251.3	m	o	0.06226	245	9	2.534
Pismis 15	BH 74|ESO 212-10|FSR 1480|MWSC 1690|OCL 773|Theia 5512|Theia 6050	143.68756	-48.04033	2254.3	m	o	0.0671	269	8.652	2.194
Trumpler 22	BH 161|Collinder 283|ESO 134-6|MWSC 2226|OCL 920|Theia 1823	217.80712	-61.1825	2263.7	m	o	0.06729	273	7.976	1.76
Teutsch 60	DSH J0651.4-0148|FSR 1101|FoF 930|Theia 5786|UBC 213	102.8487	-1.80242	2266.9	m	o	0.08082	225	9.112	0.9232
UBC 113	Theia 3072	285.1406	-1.55948	2271.5	m	o	0.06651	221	8.618	2.432
UBC 106	Theia 4850	280.49214	-5.41714	2272.9	m	o	0.1094	664	7.956	2.641
King 5	FSR 639|MWSC 265|OCL 384	48.67722	52.70313	2274.2	m	o	0.04936	454	8.818	2.575
OC 0697	Trumpler 27	264.05999	-33.49322	2281.9	m	o	0.05669	208	6.872	4.305
NGC 6755	Collinder 397|MWSC 3051|OCL 96	286.93532	4.22813	2282.9	m	o	0.05469	327	7.993	2.551
UBC 349		280.06129	-7.02463	2286.7	m	o	0.1053	270	8.023	2.437
Koposov 12	Alessi J0601.6+35b|FSR 802|MWSC 701|MWSC 702|Theia 2614|Theia 3400	90.24655	35.26563	2288	m	o	0.07819	251	8.448	1.573
NGC 3496	BH 108|Collinder 237|ESO 128-26|FSR 1562|MWSC 1878|OCL 836|Theia 3050	164.87695	-60.33244	2289.5	m	o	0.07467	703	8.547	1.453
NGC 6216	BH 199|Collinder 314|ESO 277-14|MWSC 2469|Melotte 152|OCL 989|Theia 2094	252.33348	-44.73101	2291.1	m	o	0.06647	380	8.026	2.764
Ruprecht 134	BH 252|ESO 456-1|MWSC 2730|OCL 4	268.17534	-29.53458	2296.6	m	o	0.07052	289	8.308	2.474
Trumpler 16		161.26454	-59.69697	2297	m	o	0.06223	247	6.794	1.673
UBC 1018		275.9132	-12.91813	2305.2	m	o	0.06781	425	7.681	4.963
NGC 7142	Collinder 442|FSR 373|MWSC 3557|OCL 241|Theia 6461	326.30414	65.77887	2307.8	m	o	0.07157	507	9.162	1.452
NGC 2420	Collinder 154|FSR 972|MWSC 1292|Melotte 69|OCL 488|Theia 6042	114.60208	21.57407	2311.4	m	o	0.04609	761	9.352	0.03029
Collinder 220	ESO 127-19|MWSC 1803|NGC 3247|OCL 809	156.42252	-57.92346	2314	m	o	0.09712	233	8.311	0.8185
Ruprecht 138	ESO 521-6|MWSC 2771|NGC 6506|OCL 16	269.99224	-24.66251	2315.9	m	o	0.058	211	8.023	2.588
Gulliver 38		300.80522	34.43482	2317.6	m	o	0.05445	204	8.586	2.24
Lynga 9	BH 189|ESO 226-2|FSR 1726|MWSC 2389|OCL 966	245.17681	-48.52445	2321.7	m	o	0.04846	562	8.461	3.339
FoF 273	UBC 543	245.7246	-50.17729	2322.4	m	o	0.07157	204	8.377	2.686
Tombaugh 1	ESO 558-4|FSR 1246|Haffner 1|MWSC 1060|OCL 603|Theia 5222	105.12192	-20.57579	2323.9	m	o	0.08326	654	9.098	0.4008
UBC 566		263.68019	-33.0991	2325	m	o	0.092	430	7.501	4.911
Trumpler 19	Collinder 243|ESO 169-7|FSR 1565|MWSC 1924|OCL 843|Theia 6137	168.62495	-57.56359	2329.2	m	o	0.08165	896	9.341	0.4276
NGC 3293		158.96646	-58.23874	2330.3	m	o	0.04945	322	7.182	0.7497
NGC 7062	Collinder 434|FSR 286|MWSC 3505|OCL 205	320.85947	46.38971	2330.5	m	o	0.07387	214	8.491	1.666
NGC 2254	Collinder 103|FSR 1001|MWSC 924|OCL 500	98.94931	7.67208	2333.3	m	o	0.04212	220	8.507	1.37
Czernik 38	FSR 109|MWSC 3002|OCL 95	282.45258	4.96241	2338.6	m	o	0.04851	308	8.141	5.348
Teutsch 271	UBC 1035	279.72916	-6.43343	2342.1	m	o	0.05529	252	8.029	4.245
UBC 321		251.89297	-44.53451	2343.3	m	o	0.06245	277	8.314	3.186
FSR 0270	FSR 270|MWSC 3461|UBC 1118	316.07121	44.34215	2344.2	m	o	0.07962	245	7.886	3.173
Bochum 10	UBC 653	160.5678	-59.15903	2348.7	m	o	0.2645	292	7.257	1.174
Berkeley 79	MWSC 2986|OCL 86	281.2485	-1.14077	2351.3	m	o	0.06844	245	7.931	3.419
Berkeley 10	FSR 623|MWSC 290|OCL 370	54.88477	66.48904	2357.1	m	o	0.05433	329	8.531	2.802
FSR 1452	Theia 1742	133.32816	-47.85512	2359	m	o	0.1017	354	8.215	1.982
NGC 5381	BH 156|ESO 133-11|MWSC 2196|OCL 915|Ruprecht 109	210.22027	-59.57792	2360.4	m	o	0.09847	724	8.403	1.63
UBC 1004		270.54557	-25.07847	2372.6	m	o	0.06576	707	8.375	3.825
NGC 6005	BH 179|Collinder 294|ESO 178-3|FSR 1704|MWSC 2336|Melotte 138|OCL 945	238.95068	-57.43536	2388.1	m	o	0.04881	499	8.933	1.726
NGC 2309	Collinder 122|FSR 1148|MWSC 1026|Melotte 56|OCL 557|Theia 2098	104.02069	-7.17734	2394.9	m	o	0.04695	458	8.297	1.228
Czernik 37	BH 253|ESO 521-3|MWSC 2737|OCL 8	268.31848	-27.36555	2399.6	m	o	0.03496	283	8.015	4.952
Collinder 268		199.54377	-67.08402	2400.5	m	o	0.06523	234	8.405	1.203
Teutsch 84	DSH J1704.3-4204|MWSC 2526	256.08917	-42.07026	2403.2	m	o	0.03473	228	8.64	4.859
FoF 1180	OC 0633|UBC 306|UFMG 1	236.5991	-56.79588	2408.7	m	o	0.08727	253	8.217	2.652
Ruprecht 18	Theia 3297|Theia 6462	111.164	-26.2067	2409	m	o	0.09589	371	8.208	1.838
Juchert 23	DSH J0507.6+1734|FSR 854|SAI 42|UBC 200	76.92302	17.58889	2411.6	m	o	0.05098	232	9.044	0.9567
Trumpler 17	Theia 4055	164.10824	-59.22927	2412.7	m	o	0.06886	322	7.717	1.935
UFMG 2	UBC 308	237.57092	-55.95687	2413.3	m	o	0.06336	660	8.363	4.124
NGC 4337	BH 129|Collinder 254|ESO 131-2|FSR 1611|MWSC 2023|OCL 878	186.02205	-58.12181	2413.9	m	o	0.06114	489	9.15	1.103
Lynga 6	BH 182|ESO 225-4|MWSC 2348|OCL 955	241.22101	-51.96463	2415.6	m	o	0.08033	260	7.494	4.242
OC 0148		321.8777	49.69019	2419.9	m	o	0.09679	288	7.626	2.603
Melotte 72	Collinder 156|FSR 1215|MWSC 1293|OCL 581|Theia 6097	114.61853	-10.6982	2426.7	m	o	0.05928	402	9.106	0.1385
NGC 2509	Collinder 171|ESO 561-7|FSR 1282|MWSC 1410|Melotte 81|OCL 630|Theia 5956	120.20063	-19.0577	2428.1	m	o	0.06364	447	9.216	0.1177
FSR 1361	MWSC 1358|Theia 3799	117.65718	-36.39728	2437.9	m	o	0.1305	449	8.586	1.988
FSR 0336	FSR 336|MWSC 3567|SAI 145	327.70704	55.23989	2465.1	m	o	0.08538	287	7.67	3.292
Trumpler 9	Collinder 168|ESO 494-5|FSR 1313|Harvard 2|MWSC 1384|OCL 663|Theia 4717	118.91536	-25.88324	2466.3	m	o	0.03613	258	8.002	0.6853
Trumpler 23	BH 180|Collinder 295|ESO 178-6|MWSC 2343|OCL 950	240.21387	-53.53704	2471.3	m	o	0.0574	650	8.521	2.838
NGC 2421	Collinder 151|ESO 56-2|FSR 1274|MWSC 1277|Melotte 67|OCL 626|OC 0405|Theia 2102|Theia 2547	114.04728	-20.62183	2473.6	m	o	0.08307	629	7.886	1.137
BH 90	vdBergh-Hagen 90	153.05214	-58.07529	2478.7	m	o	0.0484	250	7.848	1.974
HSC 2833		252.99437	-44.22069	2483.6	m	o	0.06523	272	8.632	3.661
Czernik 41	FSR 157|MWSC 3192|OCL 130	297.76087	25.28134	2484.6	m	o	0.09407	533	7.43	4.981
Ruprecht 176	MWSC 2373|OCL 957.1	243.67117	-51.33294	2490.3	m	o	0.05323	228	8.332	1.751
NGC 6404	BH 240|Collinder 340|ESO 393-13|MWSC 2658|OCL 1024|UBC 567	264.91125	-33.22916	2514.5	m	o	0.05085	222	7.529	4.39
Czernik 43	Collinder 455|MWSC 3725|Melotte 243|NGC 7654|OCL 260|Theia 2376|UBC 399	351.4188	61.35905	2519.2	m	o	0.1421	224	7.895	1.881
NGC 581	Theia 2079	23.35995	60.65581	2526.6	m	o	0.05916	211	7.671	1.29
NGC 2345	Theia 2051	107.07837	-13.18976	2530.2	m	o	0.07459	620	7.907	1.783
Haffner 22	BH 21|ESO 430-24|FSR 1333|MWSC 1450|OCL 691|Theia 6095	123.11229	-27.91183	2540.2	m	o	0.09782	502	9.228	0.2462
NGC 2236	Collinder 94|FSR 1002|MWSC 881|OCL 501|Theia 3041	97.41121	6.83146	2546.2	m	o	0.0746	586	8.931	1.381
UBC 1565	Havlen-Moffat 1|Havlen Moffat 1	259.78576	-38.72209	2550	m	o	0.07845	342	8.033	4.475
UBC 1011		274.10699	-18.09617	2555	m	o	0.05996	309	8.02	3.935
Teutsch 254	Teutsch J1645.6-4426|UBC 320	251.40995	-44.44382	2557.2	m	o	0.06083	206	8.119	2.691
NGC 4052	BH 126|Collinder 251|ESO 94-10|MWSC 1991|OCL 870	180.47303	-63.22853	2558.9	m	o	0.07892	259	8.338	0.8755
Ruprecht 143	MWSC 1408|MWSC 2945|OCL 62	278.17444	-12.15145	2564.6	m	o	0.06726	228	8.106	3.119
Skiff J0058+68.4	FSR 523|MWSC 94|MWSC 95|Skiff 1	14.57713	68.47575	2571.6	m	o	0.1102	604	8.62	2.878
UBC 558	Theia 2496	259.37186	-40.27692	2578.6	m	o	0.07135	236	7.514	3.923
FSR 0306		322.11917	51.68954	2581	m	o	0.0885	230	8.411	3.851
NGC 5999	BH 178|Collinder 293|ESO 178-1|FSR 1706|MWSC 2326|Melotte 137|OCL 946	238.04442	-56.47946	2587.8	m	o	0.05323	490	8.137	1.785
Ruprecht 112	ESO 135-1|MWSC 2261|OCL 927	224.23492	-62.5883	2593	m	o	0.09611	657	8.51	2.651
UBC 1006		272.45375	-21.46142	2597.5	m	o	0.08995	225	7.762	2.699
Pismis 18		204.22691	-62.09106	2598.1	m	o	0.04551	366	8.509	2.398
King 19	OC 0201	347.04728	60.52372	2600.3	m	o	0.05786	262	8.411	2.462
HSC 38		269.29312	-27.02527	2610.8	m	o	0.1191	579	8.194	2.842
NGC 2533		121.76868	-29.8604	2617.1	m	o	0.09255	261	8.863	0.8284
Theia 1666	Theia 2365	274.23912	-15.86189	2635.1	m	o	0.1392	757	7.94	3.464
Lynga 5	BH 177|ESO 177-9|MWSC 2310|OCL 942	235.45983	-56.66918	2652.6	m	o	0.05765	350	8.166	4.252
NGC 6451	BH 250|Collinder 352|ESO 455-50|MWSC 2718|Melotte 181|OCL 1035|Theia 2680|UBC 570	267.67106	-30.21025	2665.3	m	o	0.08889	577	7.695	2.563
SAI 122	CWNU 2263	225.0689	-58.80879	2666.9	m	o	0.05275	233	8.921	5.521
UBC 1533		221.29059	-58.61864	2669.8	m	o	0.1055	312	8.359	4.456
Trumpler 35	OC 0050	280.74716	-4.22763	2674.3	m	o	0.07473	257	7.339	4.015
Berkeley 44	FSR 138|MWSC 3082|OCL 110	289.31445	19.5482	2690.3	m	o	0.05072	351	9.004	3.923
FSR 1180	Theia 4727	108.91359	-9.44328	2693	m	o	0.1241	414	8.665	1.183
Theia 1756	Theia 1666|Theia 1697|Theia 2365	274.02006	-16.41036	2696.3	m	o	0.1994	542	7.966	3.749
FSR 0342	FSR 342|MWSC 3588|SAI 146|Theia 5154|Theia 5985	331.92542	53.09411	2701.2	m	o	0.1047	432	8.751	1.603
UBC 310	OC 0645	244.47648	-53.52366	2702.5	m	o	0.07478	240	9.125	1.196
Dias 6	BBD 5|MWSC 2932	277.6147	-12.33178	2706.5	m	o	0.0574	372	8.106	3.349
NGC 2660	BH 45|Collinder 193|ESO 260-4|FSR 1445|MWSC 1539|Melotte 92|OCL 759|Theia 6176	130.66641	-47.20028	2718.8	m	o	0.03722	952	8.991	1.467
Ruprecht 68	BH 49|ESO 371-12|FSR 1384|MWSC 1547|OCL 729	131.13778	-35.89798	2722	m	o	0.06361	558	9.212	1.002
UBC 634		109.94074	-18.98815	2737.8	m	o	0.1184	363	8.348	0.8321
UBC 398		351.93061	60.42743	2740.7	m	o	0.0919	201	8.007	3.253
OC 0036		277.19679	-10.42142	2743.7	m	o	0.06699	204	7.632	5.593
UBC 1264	Theia 2581	67.85662	44.39843	2748.7	m	o	0.3391	271	8.31	1.849
ESO 429-429	ESO 429-02|ESO 429-2|ESO 429-5|ESO 429 02|MWSC 1264|MWSC 1482|Theia 5287|Theia 5578|Theia 5804|Theia 6804|UBC 464	113.35329	-28.18611	2756.9	m	o	0.3097	234	7.335	1.511
NGC 6802	Collinder 400|FSR 141|MWSC 3134|OCL 114	292.64635	20.25834	2768.8	m	o	0.04884	528	8.534	3.064
NGC 559		22.38896	63.30434	2772.2	m	o	0.06354	887	8.395	2.409
NGC 6603	Collinder 374|FSR 45|MWSC 2883|Melotte 197|OCL 36	274.61326	-18.40917	2773.1	m	o	0.03514	753	8.206	2.645
UBC 307	Theia 5332	239.41595	-57.27078	2786.5	m	o	0.07614	206	8.663	1.842
King 25	FSR 127|MWSC 3113|OCL 106	291.13361	13.6972	2793.3	m	o	0.06144	290	7.92	5.02
NGC 457		19.89252	58.27566	2799.8	m	o	0.06389	849	7.357	1.454
FSR 0166	FSR 166|MWSC 3286	303.40649	25.43038	2807.1	m	o	0.09325	579	9.042	2.748
HSC 186		275.42485	-15.79272	2813	m	o	0.02478	246	7.943	4.256
NGC 654		26.00077	61.88781	2814.8	m	o	0.04635	453	7.28	2.842
UBC 1163		334.25604	57.32164	2830.4	m	o	0.08614	207	9.133	3.45
NGC 2587	BH 30|Collinder 184|ESO 431-7|MWSC 1482|OCL 706	125.8641	-29.50407	2851.4	m	o	0.1069	208	8.832	0.1802
NGC 2455	Collinder 163|ESO 560-15|MWSC 1350|Melotte 77|OCL 636|Theia 3157	117.29663	-21.29067	2851.6	m	o	0.1083	286	8.781	0.4005
NGC 1893	OC 0293	80.70184	33.42628	2854.4	m	o	0.07138	207	7.322	1.522
King 7		59.78615	51.78727	2860.8	m	o	0.04849	617	8.28	4.185
HSC 2950		264.27024	-32.49632	2864.7	m	o	0.07139	242	8.109	5.342
Haffner 9	FSR 1240|MWSC 1214|OCL 600	111.18016	-16.99735	2864.8	m	o	0.04686	254	8.311	2.174
Juchert 13	DSH J1201.6-6406|FSR 1600|MWSC 1992|OC 0580	180.4338	-64.10055	2872.6	m	o	0.05805	412	9.035	2.213
OC 0035		276.83721	-10.96336	2896.6	m	o	0.04632	218	8.469	5.513
NGC 6756	Collinder 398|FSR 113|MWSC 3052|OCL 99	287.18098	4.71113	2896.7	m	o	0.03405	384	7.67	3.547
UBC 461	Theia 3748	119.19811	-23.8214	2905.9	m	o	0.2768	231	7.789	0.6683
Teutsch 268	UBC 1015	276.73605	-14.10479	2908.7	m	o	0.06331	683	8.02	3.574
Theia 3318	CWNU 2378|CWNU 2474	65.60677	49.59013	2912.2	m	m	0.4475	215	7.722	2.962
SAI 123	UBC 1546	242.0879	-50.52201	2920.6	m	o	0.03558	219	8.546	6.322
CWNU 2543		279.90348	-7.03879	2924.3	m	o	0.05498	212	8.438	4.627
Pismis 20		228.85289	-59.07093	2929.9	m	o	0.09035	291	7.346	3.845
UFMG 38		241.48366	-52.67183	2930.9	m	o	0.08853	378	7.742	4.917
NGC 5168	BH 147|Collinder 273|ESO 132-10|FSR 1655|MWSC 2129|OCL 905	202.79335	-60.94452	2932.1	m	o	0.05753	324	8.577	1.919
Berkeley 17	FSR 800|MWSC 509|OCL 447	80.14147	30.57427	2949.8	m	o	0.06917	586	9.519	1.744
NGC 2818	BH 59|Collinder 206|ESO 372-14|FSR 1408|MWSC 1644|Melotte 96|NGC 2818A|OCL 743	139.04155	-36.62092	2952	m	o	0.06903	496	9.033	0.19
Ruprecht 58	ESO 430-27|FSR 1358|MWSC 1456|OCL 712	123.7128	-31.94253	2959.3	m	o	0.06342	229	8.755	0.6319
NGC 7510		347.76592	60.57245	2961	m	o	0.07608	588	7.075	3.281
NGC 659		26.08646	60.67221	2967.2	m	o	0.06481	286	7.622	2.123
Berkeley 4	MWSC 73|OCL 307|OC 0229|OC 0230	11.29923	64.39013	2969.8	m	o	0.07193	221	7.237	2.441
HSC 31		266.58579	-26.04071	2970.1	m	o	0.1271	824	8.368	4.378
Theia 5761	OC 0152	322.75271	52.83513	2988.7	m	o	0.07268	206	8.118	3.765
OC 0622		226.90884	-60.40165	2992.3	m	o	0.04839	201	7.783	2.869
Pismis 19	BH 160|ESO 134-5|FSR 1679|MWSC 2225|OCL 921|OC 0610|Theia 1793|Theia 1823	217.6677	-60.89144	3033.6	m	o	0.02929	373	8.09	4.938
Berkeley 68	FSR 713|MWSC 412|OCL 413|OC 0277	71.0495	42.16123	3038.6	m	o	0.08083	415	9.142	1.767
HSC 92		269.49654	-23.29244	3041.7	m	o	0.05571	299	7.611	5.149
NGC 2383	Collinder 141|Collinder 142|Collinder 143|ESO 559-8|ESO 559-9|MWSC 1213|MWSC 1216|NGC 2384|OCL 616|OCL 618|Theia 3152	111.17349	-20.94921	3068	m	o	0.03201	391	8.457	0.801
Ruprecht 101		182.4054	-62.99041	3082.6	m	o	0.05568	430	8.765	2.024
Juchert 10	FSR 1686|LS 167|La Serena 167|MWSC 2239|MWSC 2241|SAI 121	220.06211	-60.37858	3093.7	m	o	0.03972	243	7.93	5.532
NGC 2425	FSR 1238|Haffner 12|MWSC 1291|OCL 599|Theia 4767	114.57985	-14.88813	3094	m	o	0.05038	547	9.296	0.8305
UBC 132	OC 0088|OC 0089	299.27228	28.44523	3110.6	m	o	0.0474	245	8.025	3.555
FSR 1407		142.44567	-33.84767	3136.6	m	o	0.06153	214	9.432	0.2645
NGC 4815	BH 142|Collinder 265|ESO 96-1|FSR 1637|MWSC 2075|OCL 893|Theia 4324	194.50708	-64.95909	3142.3	m	o	0.0465	886	8.412	2.55
Berkeley 32	Biurakan 8|MWSC 1037|OCL 522|Theia 4440	104.53104	6.43326	3147.9	m	o	0.06287	572	9.512	0.163
UBC 529		205.39958	-61.92523	3159.8	m	o	0.0832	271	8.045	3.686
HSC 2667		223.53295	-58.09913	3161.5	m	o	0.1221	996	8.292	4.673
NGC 103	Collinder 1|FSR 491|MWSC 40|OCL 291	6.31087	61.3262	3163.1	m	o	0.06095	418	8.289	1.405
UBC 173		341.70737	56.40422	3167	m	o	0.1257	234	7.597	1.882
UBC 1531		222.37255	-61.54241	3171.9	m	o	0.05161	239	7.882	3.241
NGC 7419	Collinder 453|FSR 400|MWSC 3672|OCL 250	343.57499	60.81421	3179.1	m	o	0.03938	446	7.373	5.19
Berkeley 69	FSR 793|MWSC 532|OCL 444|OC 0294	81.09089	32.60815	3179.5	m	o	0.0657	216	8.616	2.008
NGC 436		19.00052	58.81506	3188	m	o	0.03596	301	7.59	1.519
Haffner 17	BH 12|ESO 429-22|FSR 1337|MWSC 1360|OCL 694	117.89774	-31.81476	3201	m	o	0.05013	356	7.959	3.513
FSR 1252	MWSC 1195|OC 0396	110.65161	-18.70121	3205.3	m	o	0.07361	210	8.817	1.035
Berkeley 89	FSR 257|MWSC 3333|OCL 193	306.11544	46.0511	3228.8	m	o	0.05168	351	9.044	2.326
Berkeley 8	FSR 545|MWSC 158|OCL 323	30.29731	75.49071	3245.2	m	o	0.05861	710	9.284	1.992
UBC 174	Theia 3024|Theia 3364	341.33944	57.3909	3258.8	m	o	0.08441	288	7.712	1.631
Trumpler 12	BH 89|Collinder 217|ESO 127-7|FSR 1537|MWSC 1763|OCL 803|OC 0538	151.62375	-60.29465	3280.5	m	o	0.05955	354	8.937	0.3957
NGC 6834	Theia 1903	298.054	29.39516	3283	m	o	0.05744	393	7.352	2.379
Czernik 21		81.67559	36.01833	3301.3	m	o	0.06111	319	9.02	2.762
King 10	FSR 396|MWSC 3673|OCL 248|Teutsch 182|UBC 6	343.75023	59.1684	3302.5	m	o	0.04311	397	7.433	3.494
NGC 2262	Collinder 109|FSR 1055|MWSC 946|OCL 531|OC 0348|OC 0349	99.90786	1.14348	3307	m	o	0.04955	337	8.635	2.527
SAI 132	OC 0093	299.24596	31.61294	3312.1	m	o	0.06858	257	8.692	2.714
FSR 1750	MWSC 2514	255.52013	-38.87912	3314.5	m	o	0.05148	211	8.281	5.763
NGC 7245	Collinder 449|FSR 348|King 9|MWSC 3603|MWSC 3604|Melotte 241|OCL 225|OCL 227|OC 0166|Theia 4757	333.80926	54.33871	3333.9	m	o	0.04354	241	8.58	1.155
Haffner 15	BH 8|ESO 368-12|FSR 1340|MWSC 1328|OCL 696|OC 0434|OC 0435	116.37898	-32.83994	3340	m	o	0.03709	208	7.081	3.542
IC 1434	Collinder 445|FSR343|MWSC 3592|Melotte 239|OCL 223|OC 0162|OC 0163|Theia 5154	332.62529	52.86169	3340.5	m	o	0.09458	649	8.467	1.159
Teutsch 117	DSH J1837.1-1013|OC 0039|UBC 1027	279.29103	-10.23448	3346.9	m	o	0.05118	452	8.146	5.024
NGC 2439	OC 0430	115.20731	-31.69884	3350	m	o	0.04664	764	7.763	0.9415
NGC 2266	Collinder 113|FSR 879|MWSC 967|Melotte 50|OCL 471	100.83081	26.97837	3354.2	m	o	0.03711	392	8.902	0.1228
NGC 7128	Collinder 440|FSR 327|MWSC 3554|OCL 218|OC 0157	325.98917	53.71575	3398.9	m	o	0.03125	286	7.249	3.185
CWNU 1944		127.96451	-52.09992	3403.6	m	o	0.1133	327	9.272	2.316
Berkeley 95	FSR 375|MWSC 3626|OCL 242|OC 0182|OC 0183	337.07121	59.13437	3411.4	m	o	0.06964	381	7.417	4.217
IC 1369	Collinder 432|FSR 285|MWSC 3481|OCL 204|OC 0141	318.03262	47.77572	3422.5	m	o	0.04803	385	8.264	2.792
Berkeley 43	FSR 122|MWSC 3075|OCL 102|OC 0071	288.87999	11.26879	3432.7	m	o	0.05353	472	7.877	6.252
Ruprecht 48	ESO 430-11|FSR 1349|MWSC 1421|OCL 702|OC 0438|Theia 3638|Theia 5108	120.67403	-32.04278	3436.2	m	o	0.09865	324	8.037	1.228
FSR 0133	FSR 133|MWSC 3130|OC 0076|SAI 128	292.44736	15.5601	3442.7	m	o	0.0645	596	8.219	6.345
Havlen-Moffat 1	Havlen Moffat 1	259.76108	-38.81612	3451.3	m	o	0.1063	240	7.204	4.781
Haffner 10	Czernik 29|FSR 1231|MWSC 1234|MWSC 1237|OCL 594|OCL 595	112.14814	-15.36453	3453.6	m	o	0.0555	395	8.514	1.686
Berkeley 81	MWSC 3039|OCL 88|Theia 4178	285.41688	-0.45703	3469	m	o	0.0508	250	8.352	3.878
FSR 0088	FSR 88|MWSC 3006|OC 0054|OC 0055	282.66112	-4.18295	3470.3	m	o	0.0764	743	7.966	4.886
Ruprecht 83	BH 80|ESO 167-7|FSR 1508|MWSC 1718|OCL 791|OC 0526|OC 0527|OC 0528	147.32458	-54.60622	3508.8	m	o	0.04148	210	8.008	2.978
Pismis 2	BH 25|ESO 312-2|FSR 1392|MWSC 1465|OCL 733|OC 0455|OC 0456	124.47521	-41.67158	3519.6	m	o	0.02738	726	8.749	4.664
IC 361	Collinder 48|FSR 652|MWSC 362|Melotte 24|OCL 393|Theia 6039	64.73266	58.25087	3552.9	m	o	0.05545	895	8.905	2.052
HSC 2939		260.79663	-32.02319	3565.9	m	o	0.1233	206	9.173	4.854
FSR 1521	MWSC 1727|SAI 111	148.83032	-56.61746	3573.5	m	o	0.06148	291	9.178	3.54
NGC 7423	Berkeley 57|FSR 391|MWSC 3674|OCL 246|OC 0191	343.78813	57.09866	3581.5	m	o	0.032	218	9.077	1.808
King 13	FSR 475|MWSC 21|OCL 285|OC 0216|OC 0217|OC 0218|OC 0219	2.53755	61.16797	3581.9	m	o	0.06063	561	8.518	2.051
Haffner 14	BH 7|ESO 429-16|FSR 1319|MWSC 1326|OCL 674|OC 0422|Theia 2576	116.17739	-28.37975	3585.4	m	o	0.0893	415	8.428	1.81
Ruprecht 66	BH 41|ESO 313-8|FSR 1388|MWSC 1530|OCL 732	130.13385	-38.07197	3606.9	m	o	0.03733	324	9.216	1.496
NGC 2304	Collinder 120|FSR 959|MWSC 1019|Melotte 55|OCL 484	103.80304	17.98462	3615.3	m	o	0.03936	201	9.094	0.05404
Gulliver 23	OC 0112	304.26298	38.04956	3620.7	m	o	0.0582	342	8.435	2.839
Ruprecht 79	BH 77|ESO 167-11|FSR 1502|MWSC 1701|OCL 787	145.2612	-53.83437	3623.1	m	o	0.05038	316	7.852	2.341
Berkeley 98	FSR 361|MWSC 3655|OCL 234|OC 0176	340.66984	52.40534	3643.4	m	o	0.05214	265	9.086	0.7751
Hogg 4	ESO 167-13|FSR 1515|MWSC 1734|OCL 793	149.42731	-54.63245	3649.7	m	o	0.0896	604	8.915	1.845
HSC 2539		193.85527	-63.03972	3653.6	m	o	0.04165	206	7.591	4.962
Berkeley 85	Dolidze 41|FSR 208|MWSC 3309|MWSC 3311|OCL 160|OCL 163	304.69858	37.73114	3657.7	m	o	0.05436	569	7.901	3.827
HSC 2639		213.062	-62.04139	3667.4	m	o	0.1192	247	7.173	4.63
UBC 1484		162.22863	-59.04592	3715.1	m	o	0.03838	246	8.895	3.306
Berkeley 12	FSR 710|MWSC 413|OCL 412	71.09584	42.69144	3727	m	o	0.05935	389	8.882	2.69
HSC 647		312.04622	42.96568	3729.5	m	o	0.121	558	8.498	4.851
Czernik 32	BH 11|ESO 494-20|FSR 1325|King 24|MWSC 1357|OCL 683|OC 0426|OC 0427	117.6174	-29.85344	3742.9	m	o	0.04746	393	8.856	2.677
FSR 0275	FSR 275|MWSC 3434|OC 0138|SAI 138	314.16396	46.89699	3758.8	m	o	0.06143	241	8.685	3.201
HSC 1181		59.88318	55.41116	3765.9	m	m	0.3068	491	7.713	2.548
Berkeley 50	UBC 138	302.50653	34.96822	3783.5	m	o	0.02534	218	7.72	3.002
Berkeley 13	MWSC 439|OCL 402	73.95277	52.81026	3788.3	m	o	0.05213	226	8.657	2.348
NGC 2192	Collinder 86|MWSC 820|Melotte 42|OCL 437|OC 0291	93.82247	39.84276	3788.8	m	o	0.03916	297	9.029	0.1897
NGC 2658	BH 48|Collinder 195|ESO 432-4|FSR 1373|MWSC 1542|Melotte 90|OCL 723|OC 0445	130.86472	-32.66586	3823.2	m	o	0.05396	845	8.645	0.5368
Berkeley 36	FSR 1214|MWSC 1156|OCL 577|OC 0387	109.10024	-13.19347	3839.6	m	o	0.06175	678	9.018	1.946
Bochum 1	BBD 7|FSR 0911|FSR 911|UBC 1309	96.25665	19.84623	3843.7	m	o	0.1628	223	8.178	1.187
HSC 631		311.0317	39.69569	3878.6	m	m	0.3022	669	8.815	4.102
HSC 639		312.40921	40.4609	3889.4	m	o	0.1542	889	8.516	4.001
NGC 2324	Collinder 125|FSR 1089|MWSC 1084|Melotte 59|OCL 542|OC 0355|Theia 3592	106.03514	1.04722	3897.5	m	o	0.05066	642	8.778	0.1597
Ruprecht 4	Berkeley 74|FSR 1165|MWSC 990|OCL 560|OC 0371	102.24514	-10.52953	3911.5	m	o	0.06916	218	8.759	1.455
Theia 5150	Theia 5110|Theia 6024	121.53231	-33.10174	3939.5	m	m	0.3268	294	8.322	1.333
Ruprecht 75	BH 65|ESO 166-8|FSR 1499|MWSC 1657|OCL 786|OC 0519|Theia 3858	140.4825	-56.31266	3955.4	m	o	0.07627	279	8.897	1.246
FSR 0123	FSR 0124|FSR 123|FSR 124|MWSC 3066|MWSC 3067|OC 0072|SAI 127	287.91607	12.04565	3992.6	m	o	0.05	266	8.254	4.225
Berkeley 70	FSR 743|MWSC 538|OCL 422	81.45436	41.95007	3994.6	m	o	0.0516	291	8.956	1.7
NGC 2453	Collinder 162|ESO 493-12|MWSC 13409|OCL 670|OC 0420	116.90158	-27.19591	4030.8	m	o	0.04756	212	8.086	1.216
Ruprecht 45	MWSC 1404|OCL 617|OC 0402	119.90006	-16.29147	4031.8	m	o	0.07724	257	9.312	0.09263
Dolidze 25		101.2673	0.22785	4103.1	m	o	0.1246	234	7.885	1.641
Teutsch 22	DSH J2101.7+4406|FSR 267|MWSC 3449|SAI 139|Teutsch J2101.7+4406	315.4261	44.11544	4109	m	o	0.04882	236	8.319	3.248
NGC 2204	Collinder 88|ESO 556-7|FSR 1201|MWSC 2204|Melotte 44|OCL 572|Theia 6191	93.88523	-18.67149	4113.5	m	o	0.08384	974	9.263	0.0515
Ruprecht 164	BH 119|ESO 129-23|FSR 1588|MWSC 1951|OCL 858	172.60562	-60.74581	4113.7	m	o	0.0378	235	8.61	1.652
Ruprecht 60	BH 31|ESO 259-7|FSR 1420|MWSC 1485|OCL 751	126.10994	-47.21136	4114.9	m	o	0.03996	264	8.836	1.286
NGC 1798	Berkeley 16|Dolidze 48|FSR 705|MWSC 483|OCL 410	77.90789	47.68911	4167	m	o	0.0541	453	8.965	1.472
HSC 1593		98.98416	11.82261	4201.3	m	m	0.4864	394	8.497	1.283
Trumpler 13	BH 94|Collinder 219|ESO 127-17|MWSC 1800|OCL 815	155.95667	-60.13826	4219.7	m	o	0.03565	313	8.135	1.388
NGC 1883	Collinder 64|FSR 729|MWSC 539|OCL 417	81.47569	46.4888	4286.7	m	o	0.05014	233	8.691	1.474
Haffner 6	MWSC 1177|OCL 582	109.9908	-13.15153	4371.2	m	o	0.06423	402	8.642	1.634
Berkeley 14	Berkeley 14A|FSR 726|MWSC 448|MWSC 449|OCL 416	74.93325	43.48152	4377.7	m	o	0.05593	316	9.1	1.677
Berkeley 24	FSR 1070|MWSC 937|OCL 539	99.44505	-0.877	4462.7	m	o	0.04842	306	9.154	1.847
Kronberger 53	DSH J1958.5+3048|OC 0091	299.64463	30.81073	4540.4	m	o	0.04165	234	7.334	3.392
UBC 252		139.15971	-54.12785	4569.8	m	o	0.0693	254	9.026	1.269
Theia 5422	UBC 1571	314.3356	46.47998	4594.4	m	o	0.09701	213	8.476	3.732
Berkeley 35	FSR 1075|MWSC 1129|MWSC 1130|OCL 541	107.48017	2.73107	4657.3	m	o	0.03228	276	8.918	0.231
Berkeley 33		104.46238	-13.22614	4727	m	o	0.04025	214	8.682	1.493
HSC 1355		64.8291	22.6951	4734	m	m	0.7738	532	9.183	0.8514
FSR 0158	FSR 158|MWSC 3182|SAI 130	296.98898	26.04065	4758.4	m	o	0.06828	285	7.681	5.122
Ruprecht 85	BH 83|ESO 167-15|FSR 1520|MWSC 1746|OCL 799	150.36247	-55.10945	4759.2	m	o	0.047	317	8.173	3.315
Teutsch 156	DSH J2103.7+4713|FSR 280|MWSC 3459|SAI 142	315.93858	47.2232	4787.3	m	o	0.0467	208	8.546	3.304
UBC 600		20.37764	64.5434	4812.3	m	m	0.2488	396	7.588	3.247
ESO 211-03	ESO 211-211|ESO 211-3|ESO 211 03|FSR 1463|MWSC 1587|MWSC 1588|OC 0503	132.90046	-50.2543	4823	m	o	0.0504	291	8.644	3.402
Gaia 1	OC 0384|OC 0385|OC 0386|Siriusly	101.46654	-16.73987	4832.1	m	o	0.08236	910	9.124	1.686
HSC 290		278.9659	-2.33452	4876.3	m	o	0.1163	586	9.295	5.199
Berkeley 18	FSR 731|King 22|MWSC 512|OCL 419|OCL 420	80.55367	45.46785	4887.3	m	o	0.08709	926	9.165	1.846
IC 1276	FSR 66|GCL 90|MWSC 2835|Pal 7|Palomar 7	272.68464	-7.21174	4896.4	m	o	0.04863	934	9.257	4.313
HSC 2359		160.60378	-58.72348	4920.4	m	o	0.1476	430	8.019	2.915
Pismis 7	BH 43|ESO 313-9|FSR 1393|MWSC 1532|OCL 734	130.28046	-38.70295	4946.6	m	o	0.04806	223	8.487	2.348
NGC 2635	BH 39|Collinder 190|ESO 371-1|FSR 1375|MWSC 1519|Melotte 89|OCL 728	129.62115	-34.77139	4948.5	m	o	0.04699	215	8.648	0.8715
HSC 2061		124.75712	-39.30228	5010	m	m	0.3923	220	7.687	3.978
King 2	MWSC 79|OCL 311	12.73873	58.18736	5155.8	m	o	0.04115	458	9.04	1.224
NGC 2849	BH 61|Collinder 207|ESO 314-13|FSR 1439|MWSC 1648|OCL 756	139.84943	-40.51929	5164.7	m	o	0.02606	276	8.851	1.238
NGC 1193	Collinder 35|FSR 649|MWSC 256|OCL 390	46.48631	44.38171	5193.5	m	o	0.02872	566	9.339	0.3598
NGC 609	Collinder 16|FSR 548|King 3|MWSC 128|OCL 325	24.10288	64.53717	5216	m	o	0.02825	611	8.266	3.558
HSC 955		5.03526	69.23097	5222.7	m	m	0.26	243	8.641	3.439
Haffner 11	BH 3|ESO 429-3|FSR 1310|MWSC 1273|OCL 657	113.84143	-27.71358	5295.6	m	o	0.04494	311	8.758	1.865
NGC 3255	BH 96|Collinder 221|ESO 127-20|FSR 1546|MWSC 1804|OCL 817	156.63707	-60.67178	5306.5	m	o	0.02938	203	8.419	1.166
Teutsch 157	DSH J2110.2+4645|HXWHB 15	317.56515	46.75137	5333.1	m	o	0.1281	328	7.571	2.639
Berkeley 22	MWSC 698|OCL 490	89.61504	7.75885	5334.4	m	o	0.03919	288	8.897	1.808
Theia 5426		145.89324	-53.97384	5513.9	m	o	0.115	485	7.889	3.169
Berkeley 2	FSR 489|MWSC 41|OCL 289	6.32181	60.39114	5551.8	m	o	0.03258	379	8.777	2.331
HSC 2016		122.89157	-32.78652	5555.3	m	m	0.2693	396	8.062	1.474
Berkeley 54	FSR 256|MWSC 3456|OCL 194	315.74246	40.42928	5583.2	m	o	0.04082	298	8.895	3.226
HSC 1890		113.63393	-21.87933	5819.4	m	m	0.2067	481	8.158	2.127
Berkeley 31	Biurakan 7|FSR 1012|MWSC 1032|OCL 513	104.40672	8.28813	5864.8	m	o	0.03351	201	9.076	0.4255
BH 131	FSR 1615|MWSC 2030|vdBergh-Hagen 131	186.56168	-63.41573	5894.3	m	o	0.05602	352	7.782	4.397
HSC 2363		158.81894	-60.69352	5903.7	m	o	0.04755	244	8.79	2.119
Kronberger 83	DSH J2118.3+5512	319.59364	55.20783	6154.7	m	o	0.05088	291	8.325	3.064
Theia 4560	Theia 5934|Theia 7701	330.00911	59.47247	6170.2	m	m	0.4819	816	7.746	2.948
Kronberger 52	DSH J1958.1+3053|FSR 177|OC 0092	299.53875	30.87907	6204.7	m	o	0.03348	237	8.007	3.881
BH 66	ESO 166-11|MWSC 1667|UKS 2|vdBergh-Hagen 66	141.31667	-54.71945	6322.4	m	o	0.05668	407	8.437	1.972
HSC 179		272.34371	-15.24976	6530.3	m	o	0.1123	444	9.522	4.659
HSC 1802		109.30256	-14.20517	6586.4	m	m	0.2318	264	7.931	1.592
IC 1311	Collinder 414|Dolidze 2|FSR 214|OCL 173|OCL 174|Trumpler 36	302.69844	41.18227	6617.7	m	o	0.03048	812	8.983	1.813
NGC 3603		168.78983	-61.26088	6775.2	m	o	0.032	215	6.85	4.649
Gulliver 7	BH 68|ESO 166-12|MWSC 1670|OCL 784|Ruprecht 77	141.75659	-55.12459	6785.9	m	o	0.04456	203	8.289	2.155
Majaess 133		164.67038	-61.18016	6835.6	m	o	0.04029	259	7.123	3.019
Tombaugh 2	ESO 558-7|FSR 1250|Haffner 2|MWSC 1076|OCL 605	105.77747	-20.81703	7054.6	m	o	0.03148	586	9.23	0.5655
HSC 2878		256.10194	-37.01073	7221.1	m	o	0.155	766	9.052	4.868
Pismis 26	BH 236|ESO 333-16|FSR 1762|GCL 71|MWSC 2637|Ton 2|Tonantzintla 2	264.04539	-38.55214	7343.6	m	o	0.02396	319	9.56	4.965
Palomar 10	FSR 137|GCL 111|MWSC 3084|Pal 10	289.50817	18.57335	7787.1	m	o	0.03287	308	9.667	4.699
Berkeley 56	FSR 269|MWSC 3491|OCL 199	319.38484	41.82827	8666.7	m	o	0.04185	291	9.287	2.059
HSC 2138		143.69202	-37.32171	9993.7	m	m	0.6621	271	8.755	3.634
OC 0473		124.06543	-44.86172	10553	m	m	0.1683	246	7.453	1.926
Ruprecht 106	ESO 218-10|MWSC 2057|OCL 887|Rup 106	189.66985	-51.15419	16596	m	m	0.02425	246	8.131	1.759
Palomar 5	GCL 32|MWSC 2282|Pal 5|Serpens	229.02406	-0.10862	21573	m	m	0.06219	222	7.094	2.565
HSC 906		200.95107	55.70817	25.085	m	o	8.13	19	8.443	0.1963
FSR 1017	MWSC 567	82.96879	-3.03509	31.181	m	o	7.952	17	7.196	0.3842
HSC 2846		290.94354	-53.98463	49.965	m	m	22.34	95	7.728	0.4087
HSC 1900		81.2027	-33.86333	57.786	m	o	5.95	35	7.426	0.09493
HSC 1152		52.50727	55.58915	57.986	m	o	2.123	11	8.117	0.04043
HSC 453		261.10601	32.04786	64.796	m	m	10.82	110	8.388	0.1177
HSC 1566		80.6528	5.33797	72.348	m	o	9.075	29	8.061	0.11
HSC 1470		80.96404	19.35127	72.656	m	o	0.6993	18	8.65	0.8112
HSC 2399		142.23193	-73.77867	77.19	m	o	1.232	13	8.203	1.182
HSC 1347		75.6774	31.34232	85.235	m	o	7.217	42	8.392	0.1358
HSC 1580		70.588	-2.33156	85.649	m	o	8.05	66	8.122	0.06925
HSC 2676		226.90341	-59.7446	86.412	m	o	2.915	17	8.64	0.2907
HSC 1684		85.70757	-9.37612	87.645	m	o	2.407	14	7.484	0.04008
HSC 1537		161.04905	32.53586	92.616	m	o	5.083	21	8.836	0.01826
HSC 1077		179.22098	64.3581	97.457	m	o	2.069	14	9.584	0.6178
Mamajek 1	MWSC 1535|Theia 63|eta Chamaeleontis	130.56421	-78.97288	98.235	m	o	0.2286	19	6.649	0.3441
HSC 719		317.42763	49.62524	99.103	m	o	5.359	29	8.468	0.2206
HSC 396		317.19241	-3.67137	99.136	m	o	11.33	134	8.129	0.1172
CWNU 1066		357.95914	-18.78542	99.37	m	o	3.091	56	7.969	0.05858
HSC 103		269.21023	-22.05031	99.834	m	o	1.144	13	6.619	0.2813
Mamajek 3		81.55192	6.73644	100.34	m	o	1.856	33	7.222	0.1043
HSC 2515		180.15111	-78.56443	101.19	m	o	0.653	18	8.066	3.456
HSC 2523		187.53523	-72.94015	101.58	m	o	0.6574	21	6.844	1.147
HSC 2971		253.19315	-23.51814	101.68	m	o	8.003	57	8.376	0.101
HSC 2976		257.99343	-25.63922	102.91	m	o	3.039	21	7.397	0.8429
HSC 2705		271.57533	-71.37806	103.79	m	o	8.512	48	8.31	0.1945
HSC 2763		239.88559	-46.37059	104.13	m	o	1.751	16	8.73	0.5137
Alessi 13	Chi For Group|Harrington 2|MWSC 278|Ramakers 26|Slotegraaf 3	51.99294	-35.77332	104.25	m	o	5.162	167	7.394	0.1558
HSC 1195		39.35987	27.30532	104.7	m	o	5.814	35	8.404	0.04427
HSC 2283		62.2451	-67.28661	105.23	m	o	9.574	87	8.572	0.08531
HSC 2505		185.021	-64.09667	105.85	m	o	1.316	119	6.844	0.2134
HSC 911		2.41003	38.02472	106.49	m	o	1.411	15	9.641	0.1616
Theia 65		84.2586	23.51631	107.68	m	o	2.248	37	6.97	0.3449
CWNU 1143		239.07096	-25.70113	108.36	m	o	1.636	73	7.267	0.3633
HSC 2394		172.31592	-49.97097	109.35	m	o	1.438	16	7.96	0.1469
HSC 190		246.3972	1.85484	110.15	m	o	2.335	16	8.022	0.6651
HSC 1766		85.95381	-20.14581	112.47	m	o	2.674	24	7.503	0.5576
HSC 517		304.80319	24.81888	114.04	m	o	6.036	39	7.671	0.1662
HSC 2882		226.70109	-9.77528	114.06	m	o	3.597	16	7.932	0.06964
HSC 1254		68.32091	45.13633	115.14	m	o	3.012	13	8.061	1.089
HSC 1715		96.54584	-7.54745	115.91	m	o	0.7784	18	7.213	0.5655
HSC 1460		75.80655	17.18575	117.84	m	o	1.357	12	7.38	0.1293
HSC 1448		46.26126	-4.56998	118.04	m	m	11.02	65	8.318	0.05965
HSC 590		263.20836	48.63573	118.14	m	o	5.93	71	8.504	0.2881
HSC 242		247.84631	9.21638	119.63	m	o	3.988	62	8.074	0.0401
HSC 1340		61.3036	21.98532	120.09	m	o	7.767	194	7.425	0.3003
HSC 749		358.47027	3.4555	121.15	m	o	7.976	146	8.354	0.0694
HSC 2278		172.15303	-24.58946	123.41	m	o	5.353	46	8.756	0.09231
HSC 1318		64.56538	28.2495	128.64	m	o	0.7083	52	6.743	0.6077
Theia 7	OCSN 52	68.3037	24.38985	129.67	m	o	1.54	47	8.273	3.44
Theia 53	OCSN 8	298.74822	-8.14721	130.2	m	m	10.24	123	7.553	0.3115
HSC 507		297.45208	26.20107	131.27	m	o	1.996	35	8.724	0.1324
HSC 1588		50.20033	-14.32279	132.44	m	o	0.8516	13	8.398	0.1953
OCSN 91		229.68314	-37.65243	132.58	m	o	0.3187	21	9.323	3.694
HSC 2931		245.12747	-21.67283	132.66	m	o	0.7001	40	6.798	0.5093
HSC 67		257.74708	-17.76926	133.05	m	o	0.4573	19	7.148	0.4094
HSC 1630		89.35302	0.10471	134.27	m	o	6.058	94	8.22	0.07719
HSC 1710		61.14121	-21.44897	137.15	m	o	3.539	34	8.097	0.07415
HSC 2919		246.60165	-24.08485	137.31	m	o	0.6343	175	7.434	3.219
CWNU 1178		67.64392	-43.18514	137.49	m	o	2.788	38	7.566	0.05622
OCSN 100		242.72133	-19.38334	137.69	m	o	0.4405	87	6.558	0.4082
HSC 2816		240.13971	-38.43871	137.75	m	o	1.21	76	6.936	0.2444
OCSN 92		231.55516	-36.06206	138.17	m	o	2.819	103	6.966	0.2617
OCSN 99		255.99373	-30.17795	139.46	m	m	8.957	196	7.968	0.1172
HSC 1373		57.6072	13.06971	139.91	m	m	11.2	46	7.648	0.4525
HSC 2900		266.58109	-40.05264	142.03	m	o	0.6732	16	6.865	0.5472
HSC 508		338.42951	-3.31382	143.14	m	o	3.194	62	8.191	0.0447
HSC 758		323.98321	55.11711	143.55	m	o	2.044	16	7.718	0.5502
Theia 66	OCSN 53	68.14395	18.10314	143.63	m	o	0.611	39	6.794	0.4403
CWNU 1057		80.88372	-8.30208	143.92	m	o	2.632	54	7.197	0.1895
HSC 2733		228.06467	-44.52914	144.17	m	o	1.647	165	6.978	0.1369
HSC 1224		133.00513	60.90755	144.6	m	m	9.194	139	8.065	0.3176
HSC 778		349.39768	29.79495	145.8	m	o	4.422	50	8.24	0.03471
Theia 67	OCSN 1	260.33573	-25.05903	146.51	m	o	1.14	56	7.068	0.273
HSC 2690		215.28909	-38.89267	146.86	m	o	0.2406	12	7.299	0.6458
HSC 1438		60.26562	8.33913	147.62	m	o	4.231	110	7.753	0.2035
Theia 213		302.07905	28.39213	147.82	m	o	2.95	45	8.15	0.1079
HSC 2597		217.98672	-78.83741	148.44	m	m	9.052	91	7.55	0.07295
HSC 1991		105.12758	-36.58554	148.82	m	o	3.18	17	8.127	0.05377
HSC 2033		106.44164	-42.5063	150.31	m	o	0.4657	12	7.709	0.4448
OCSN 3		276.45601	-21.03748	151.18	m	o	1.219	78	8.848	0.1483
OCSN 98		241.30084	-19.74287	151.34	m	o	0.4734	75	6.649	0.5565
HSC 1542		93.71726	15.55179	152.98	m	o	6.314	175	8.254	0.2829
HSC 2407		104.59331	-79.42473	153.13	m	m	9.569	81	8.16	0.255
HSC 2303		169.13835	-35.59802	154.64	m	o	6.571	153	7.901	0.2675
HSC 1667		81.03431	-8.66702	154.8	m	o	1.217	18	7.058	1.391
HSC 1559		148.79108	30.81308	155.17	m	o	2.252	13	8.301	0.5841
HSC 1923		62.87231	-38.00692	155.27	m	m	14.34	69	7.932	0.07491
HSC 2231		145.19564	-51.2456	155.4	m	o	0.6275	26	9.146	0.1364
Theia 54		73.99936	30.41624	155.5	m	o	1.904	48	6.613	0.4248
HSC 477		234.69521	36.62019	156.17	m	o	2.405	24	7.634	0.03915
OCSN 24		314.77218	48.76105	156.68	m	o	2.105	58	7.745	0.1062
HSC 1986		72.27088	-42.34592	157.11	m	m	7.492	98	8.789	0.1222
OC 0666	CWNU 1014	242.19099	-39.08487	157.31	m	o	0.2454	64	6.78	1.937
HSC 1724		110.15445	-2.00526	157.41	m	o	1.967	32	9.168	0.1065
CWNU 1004		239.73035	-42.00795	158.58	m	o	0.3483	19	6.768	1.171
HSC 2963		257.75897	-27.43952	159.08	m	o	0.4163	35	7.778	1.872
CWNU 1129		68.7714	22.80022	159.22	m	o	1.898	34	7.177	2.193
HSC 1047		90.94446	83.62668	160.46	m	m	1.327	12	8.619	0.005231
HSC 157		276.61088	-19.71429	160.83	m	o	3.305	52	8.311	0.3452
CWNU 1010		69.09601	-8.35525	161.5	m	o	2.571	65	8	0.06984
HSC 1977		98.82123	-36.71644	161.64	m	o	0.2017	17	7.374	0.005816
HSC 442		291.81751	18.74374	163.5	m	m	10.91	175	8.441	0.1035
UPK 606		215.89082	-46.42379	166.4	m	o	0.8946	80	6.981	0.3437
HSC 1733		71.96136	-20.6878	166.56	m	m	7.479	65	7.809	0.1322
CWNU 1018		68.62101	-8.43139	166.56	m	o	2.371	68	8.186	0.02963
HSC 1746		85.57221	-17.65449	166.69	m	m	9.336	115	8.254	0.1016
HSC 995		16.40517	58.50251	169.28	m	o	1.734	13	8.033	0.07078
Theia 69	CWNU 1181	102.28224	-15.09565	170.12	m	o	0.7384	31	7.196	0.1571
HSC 2068		126.66663	-39.0319	170.26	m	o	2.562	28	7.421	0.2562
HSC 1989		94.20173	-39.62914	170.92	m	o	4.97	39	7.269	0.1206
HSC 2458		142.81492	-80.95191	171.48	m	o	1.312	18	7.553	0.03026
HSC 1165		57.43857	57.1013	171.62	m	o	4.061	71	8.041	0.2397
HSC 1279		76.00289	44.95503	171.8	m	o	0.8587	17	7.876	1.357
HSC 1644		79.4019	-6.82555	171.88	m	o	1.383	14	9.096	0.06845
CWNU 1015		76.54365	-3.33829	172.04	m	o	3.258	98	7.534	0.1606
HSC 1288		54.99541	25.2117	172.38	m	m	7.382	88	8.168	0.3874
HSC 1555		126.24391	27.22484	172.92	m	o	4.352	74	8.107	0.1427
HSC 921		5.51357	30.87953	172.94	m	o	5.688	90	7.635	0.1091
Theia 93		80.77503	24.62371	174.42	m	o	2.098	91	7.054	1.079
HSC 629		303.72497	43.39404	174.53	m	o	3.141	25	8.221	0.3596
HSC 958		5.70041	68.32781	175.54	m	m	8.503	107	7.61	0.1255
HSC 2156		125.84211	-50.70433	175.79	m	o	2.647	41	7.272	0.2099
HSC 1469		48.17475	-4.37219	179.3	m	o	3.911	41	8.292	0.3112
HSC 1998		103.0268	-38.48802	179.31	m	o	2.575	33	7.769	0.08573
HSC 2630		210.58689	-61.76822	180.11	m	o	1.303	29	6.877	0.7118
HSC 2253		157.94145	-42.37906	180.2	m	o	2.168	28	7.843	0.2159
HSC 1368		73.83373	27.49371	181.67	m	m	7.43	95	7.67	0.8557
HSC 1238		45.01239	24.69611	183.54	m	o	1.782	21	8.216	1.242
HSC 598		335.21649	13.20898	184.31	m	o	3.368	63	8.212	0.07798
HSC 1426		56.47829	5.94313	184.46	m	o	2.196	58	7.902	0.1207
Theia 71		68.58203	20.46681	186.79	m	o	0.1275	13	7.193	0.7096
HSC 2351		150.8717	-64.72277	186.89	m	o	3.463	34	8.17	0.1193
HSC 2139		128.38113	-47.51818	188.16	m	o	3.891	67	7.062	0.1197
HSC 2610		203.95729	-55.01699	188.21	m	o	2.089	17	8.897	0.01003
Chamaleon I	OC 0579|Theia 2	167.117	-77.49946	188.67	m	o	0.576	192	6.753	2.158
HSC 1765		89.2608	-18.75181	190.01	m	o	2.16	37	7.589	0.08016
HSC 460		322.89031	2.62496	191.06	m	o	2.307	18	8.64	0.05181
CWNU 1144		106.42125	-52.66363	193.4	m	o	3.72	77	7.373	0.1406
HSC 95		261.22983	-18.28692	193.46	m	m	10.67	139	8.496	0.2953
HSC 782		284.83942	69.61146	194.47	m	o	1.303	47	7.33	0.1275
Theia 29		196.5407	-77.58526	195.2	m	o	0.454	45	7.262	3.49
HSC 2618		210.97059	-65.80257	195.51	m	o	1.985	17	7.339	0.3742
OCSN 50		62.36003	21.42042	195.88	m	o	1.074	24	7.311	0.7524
HSC 2529		191.19786	-61.37457	197.75	m	o	0.4443	13	6.856	0.2856
HSC 1137		181.59017	48.72241	198.22	m	o	4.09	58	8.369	0.119
Alessi 84	CWNU 1128|TRSG 2	110.51007	55.38448	198.3	m	o	1.898	128	8.068	0.0668
HSC 2672		227.00004	-60.63503	198.61	m	o	1.036	14	9.297	0.2452
Theia 373		102.61758	-27.95608	202.83	m	o	1.364	12	8.595	0.07554
CWNU 515		131.90219	-63.58269	203.2	m	o	1.426	69	7.329	0.1187
ADS 16795	AR Cas	352.59216	58.55341	206.46	m	o	2.653	41	7.755	0.1743
HSC 865		353.78939	47.48167	206.84	m	o	2.478	25	8.335	0.1989
HSC 2335		146.304	-64.29223	207.04	m	o	0.3014	17	7.649	0.1685
HSC 1709		93.08963	-8.81093	208.5	m	o	1.197	20	8.437	0.3968
Theia 792	OCSN 55	99.0184	19.61348	208.58	m	o	1.956	119	8.291	0.07794
Theia 70	OCSN 2	257.11682	-18.20907	209.07	m	o	1.052	78	7.203	0.4915
HSC 1481		78.45149	15.82813	209.16	m	o	3.669	40	7.409	0.542
HSC 2453		148.16825	-79.4794	209.37	m	m	7.667	156	7.362	0.2756
ASCC 24	Alessi 47|MWSC 875	97.26089	-7.03519	209.77	m	o	1.933	18	7.509	0.391
HSC 1714		77.72076	-16.006	212.22	m	o	3.714	58	8.215	0.04786
HSC 188		250.00174	-0.6039	212.76	m	o	1.595	18	8.645	0.5682
Theia 436		221.86861	-65.40126	215.75	m	o	0.9855	19	8.035	0.09424
HSC 2718		336.44255	-64.24366	216.93	m	o	3.599	80	8.045	0.09582
HSC 229		256.08113	1.62533	219.32	m	o	1.709	15	9.25	0.08162
HSC 1369		58.58447	15.18681	219.34	m	o	1.503	16	7.312	0.5225
HSC 641		295.84965	48.90738	219.97	m	o	2.373	11	9.381	3.072
HSC 180		288.12145	-22.18091	221.84	m	o	3.008	24	8.454	0.0623
HSC 1169		107.41953	69.67828	222.34	m	o	3.093	22	7.816	0.02498
HSC 1390		65.87091	18.6307	222.35	m	o	2.253	15	9.34	1.133
HSC 2327		148.23355	-62.20127	222.86	m	o	2.493	91	8.884	0.1045
Platais 6	HIP 29713 Group|MWSC 821	94.89598	5.30128	224.53	m	o	3.648	53	7.685	0.1544
HSC 2744		239.78567	-50.36938	225.13	m	o	2.065	17	8.236	0.3295
HSC 1437		57.91547	6.5551	226.03	m	o	1.229	30	8.803	0.7155
HSC 594		281.25467	46.12302	226.13	m	o	1.843	35	8.161	0.1909
HSC 725		326.45529	44.62893	226.74	m	o	1.176	13	8.883	0.0849
CWNU 1169		101.19378	-36.47898	227.2	m	o	0.2513	14	7.898	1.091
HSC 427		316.83625	1.94344	227.75	m	o	1.918	85	8.192	0.1778
HSC 894		324.05703	76.35822	228.48	m	o	1.88	14	8.769	0.03343
HSC 2765		245.08626	-49.67302	229.21	m	o	1.548	67	8.237	0.2203
CWNU 1205		322.2046	70.54419	229.48	m	o	2.201	60	7.306	0.3891
CWNU 1013		104.55191	-33.05844	231.18	m	o	1.55	16	8.604	0.5686
Theia 117	ASCC 123|MWSC 3654	341.11549	53.92484	231.77	m	o	1.151	77	7.951	0.1798
CWNU 1179		120.39182	-57.90022	232.93	m	o	1.46	30	7.656	0.9237
HSC 1640		67.13724	-12.15719	233.46	m	o	4.493	128	7.221	0.3125
HSC 2013		148.31199	-13.57024	234.22	m	o	1.808	36	8.212	0.06432
HSC 2784		235.75301	-38.2118	234.77	m	o	2.173	33	8.312	0.2155
HSC 2464		153.81603	-79.448	237.72	m	o	1.451	13	8.374	1.235
HSC 452		299.83287	16.65449	238.1	m	o	1.55	39	8.067	0.1255
HSC 2603		210.45776	-71.84364	238.15	m	o	1.162	26	7.796	0.5826
Platais 10	HIP 67014 Group|MWSC 2150	205.27896	-59.15646	238.72	m	o	1.549	197	8.095	0.2802
Delta Cephei Cluster	OCSN 33|Theia 161	336.42386	57.15725	240.71	m	o	2.331	164	7.828	0.0724
HSC 1495		62.69664	3.86596	241.07	m	o	2.243	29	7.696	0.5475
HSC 1925		92.89825	-34.03442	241.66	m	o	1.268	12	7.594	0.6126
HSC 570		285.41598	42.07869	242.42	m	o	1.101	16	8.364	0.03488
CWNU 1095		171.35249	63.83983	244.86	m	o	4.291	163	8.405	0.1134
HSC 1142		68.28861	66.65501	245.11	m	m	21.86	159	8.634	0.1281
HSC 52		336.34185	-38.01876	245.32	m	o	1.111	20	8.299	0.03823
UPK 569		170.37996	-72.11396	245.61	m	o	1.442	145	7.434	0.6188
HSC 2643		301.48356	-80.99653	245.9	m	o	1.904	17	8.422	0.4327
HSC 2237		133.6767	-58.2432	246.72	m	o	0.7057	15	8.885	2.198
Theia 222	OCSN 5	286.56889	-15.6078	247.66	m	o	1.512	76	8.153	0.1927
OCSN 15		285.09926	27.18952	247.76	m	o	1.132	39	8.158	0.1992
HSC 747		345.79711	28.694	248.88	m	o	0.9631	14	9.579	0.167
HSC 704		301.8748	55.32558	249.02	m	o	1.908	13	7.431	0.0841
HSC 2519		191.28444	-20.28417	249.75	m	o	0.7846	16	8.193	0.7961
HSC 2437		89.56563	-81.60035	250.43	m	o	1.528	22	9.238	0.281
HSC 558		287.87235	38.80935	250.54	m	o	1.066	12	9.295	2.905
CWNU 536		105.66161	-45.67984	250.57	m	o	0.9922	60	8.163	0.03612
HSC 2226		130.71657	-58.42054	250.59	m	o	0.9714	18	8.166	0.2773
HSC 2638		276.2648	-81.82342	250.62	m	o	1.545	15	8.494	0.2243
HSC 575		325.56788	19.09883	251.3	m	o	1.901	34	8.109	0.06588
HSC 2229		28.22123	-46.56995	252.81	m	o	3.863	30	9.679	0.1212
HSC 2026		127.1509	-32.25716	253.1	m	o	1.498	28	8.452	0.3963
Theia 118		111.80512	-25.39193	254.08	m	o	0.6197	20	9.278	0.2033
HSC 2712		248.16719	-64.69962	254.68	m	o	3.604	29	8.487	0.1459
HSC 1249		93.69879	56.89654	258.36	m	o	2.201	18	8.303	0.2425
CWNU 1265		113.28845	-49.13834	259.13	m	o	1.148	14	9.064	0.36
OCSN 86	LISC-III 3783	138.25822	-29.74672	259.37	m	o	1.221	78	8.079	0.1574
HSC 1692		83.21793	-11.28942	259.68	m	o	1.016	24	7.763	0.4977
HSC 376		312.76324	-4.03263	261.66	m	o	0.8108	16	7.785	0.03508
HSC 2408		169.50821	-59.0858	264.68	m	o	1.706	115	8.106	0.1387
OCSN 31		329.65618	50.78617	265.02	m	o	1.63	75	7.87	0.1102
HSC 1020		18.9749	48.66905	266.36	m	o	4.004	25	7.528	0.1483
CWNU 1111		85.10348	13.7072	266.67	m	o	1.121	40	7.333	0.2339
HSC 2662		230.81405	-66.43705	267.95	m	o	1.834	19	7.99	0.03255
Theia 1528		323.85347	74.77707	268.25	m	o	1.209	13	8.863	0.1436
HSC 2641		217.67369	-67.17643	268.58	m	o	0.8173	20	8.527	0.1351
CWNU 1031		116.14053	-43.50392	269.91	m	o	1.118	69	8.16	0.1371
HSC 1941		90.53861	-35.80475	271.55	m	o	1.153	10	8.775	0.48
HSC 2336		120.93354	-71.70507	271.61	m	o	1.981	39	8.004	0.08066
HSC 1840		100.90571	-22.90166	273.22	m	o	1.616	27	8.213	0.0835
HSC 1531		87.32804	13.83637	273.5	m	o	1.007	25	7.911	0.1641
HSC 1040		29.64244	68.09229	274.1	m	o	0.6311	10	7.883	0.5892
HSC 1849		109.57681	-20.19597	274.33	m	o	2.866	48	8.636	0.08786
HSC 2263		153.86676	-49.40015	274.41	m	o	1.968	39	7.908	0.05047
HSC 1774		157.20141	15.18318	274.56	m	o	2.057	25	8.141	0.7647
HSC 1523		79.01407	10.03607	274.86	m	o	0.6204	17	7.115	0.252
Alessi 36	FoF 2385|UBC 7	106.56513	-37.59594	275.31	m	o	0.5876	198	7.461	0.1432
CWNU 1262		73.1569	-10.54979	276.41	m	o	0.6804	21	7.255	0.4228
HSC 2216		113.76252	-61.16116	276.58	m	o	0.6416	11	7.817	0.4099
Alessi 3	MWSC 1157|Theia 1011	109.1867	-46.68028	276.58	m	o	1.114	186	8.796	0.1077
Theia 379		105.70206	2.0293	278.14	m	m	7.958	176	8.146	0.07944
HSC 2615		224.02235	-77.21596	278.32	m	o	0.5116	18	7.997	0.4541
HSC 1942		114.91087	-26.91264	279.9	m	o	0.5254	13	7.537	0.07351
Theia 72		101.70236	-9.78555	280.24	m	o	1.508	140	7.436	0.1624
HSC 2442		165.23897	-70.57978	280.52	m	o	2.296	118	7.417	0.3813
OC 0279	Theia 17|Theia 21	58.54705	31.92304	280.66	m	o	1.16	146	7.23	0.6641
HSC 191		290.91739	-22.08913	281.06	m	o	1.621	24	8.324	0.1288
HSC 1155		39.98412	40.55641	283.19	m	o	1.921	96	8.307	0.1615
HSC 1456		84.13189	22.85227	284.92	m	o	1.394	13	9.649	0.2048
Theia 933	Collinder 56|MWSC 430|Melotte 27|NGC 1664|OCL 411	72.40439	43.61252	285.53	m	o	0.5459	25	8.798	0.4613
HSC 2871		264.8764	-42.8742	286.08	m	o	1.843	12	8.553	0.2836
HSC 2773		255.20651	-54.02796	286.64	m	o	1.603	28	8.067	0.3596
HSC 1648		77.2748	-8.81563	287.18	m	o	2.511	78	7.033	0.2705
HSC 569		289.34304	40.61551	287.47	m	o	1.013	12	8.672	1.355
Theia 696	CWNU 1180	271.71909	-73.99257	287.54	m	o	1.516	64	8.195	0.1098
HSC 170		301.72464	-28.41949	288.22	m	o	2.26	50	9.248	0.1746
CWNU 534		273.25708	27.47492	288.38	m	o	0.7211	18	7.311	0.3532
CWNU 1142		75.52655	2.83667	288.62	m	o	2.25	111	7.923	0.1071
UPK 88	Theia 137	309.31729	20.42955	289	m	o	1.665	56	7.864	0.2466
Gaia 8	CWWL 3595|PHOC 41	282.54314	33.39282	289.24	m	o	0.6894	150	7.324	0.1811
HSC 981		13.01529	60.83024	289.27	m	o	3.219	21	7.966	0.09623
NGC 1333		52.32823	31.35815	290.3	m	o	0.09643	31	6.725	2.58
HSC 683		333.4242	30.30406	290.45	m	m	4.189	82	7.961	0.1594
CWNU 1216		316.61396	47.18647	290.58	m	o	0.8753	16	8.259	0.01411
CWNU 1242	Collinder 50|Hyades|MWSC 379|Melotte 25|OCL 456|Taurus Moving Cluster	65.61745	15.25119	290.68	m	o	0.1832	20	6.86	1.469
HSC 1250		51.38013	30.97032	290.71	m	o	1.236	34	6.619	1.732
HSC 2028		103.21816	-43.04601	292.04	m	o	1.517	10	9.832	0.6016
HSC 2225		157.03912	-38.78483	292.66	m	o	1.668	13	8.219	0.1557
Theia 224	Mamajek 3	83.03806	5.14999	293.88	m	o	2.311	52	8.188	0.08756
HSC 674		314.1562	45.67997	295.04	m	o	2.775	40	7.518	0.3037
HSC 1131		45.18016	56.37019	296.54	m	o	2.966	91	7.987	0.638
HSC 926		359.99235	59.75365	296.58	m	o	3.243	42	8.328	0.112
HSC 2127		48.61722	-50.91495	296.69	m	o	1.844	16	9.709	0.4787
Teutsch J0450.9+5209	CWNU 1191|TRSG 9	72.57019	52.26422	297.75	m	o	0.8831	90	8.452	0.7829
HSC 310		289.96666	-5.68418	298.9	m	o	3.334	87	7.966	0.5295
HSC 2380		130.96356	-74.37534	298.95	m	o	1.852	54	7.974	0.2194
ASCC 99	MWSC 2999|Theia 518	282.17182	-18.38407	298.96	m	o	0.9607	193	7.95	0.6908
HSC 2462		173.71798	-67.62588	299.92	m	o	2.138	87	7.599	0.337
HSC 1147		33.67904	30.38466	300.09	m	o	0.7804	12	8.24	0.1469
HSC 2518		184.31043	-75.32422	300.25	m	o	1.242	33	7.918	0.6104
HSC 2585		202.2327	-64.76319	300.87	m	o	1.86	70	7.814	0.3453
HSC 415		275.2495	22.77174	301.82	m	o	1.275	35	7.517	0.1331
OCSN 19		294.04809	29.61483	303.17	m	o	1.43	97	8.018	0.1326
HSC 66		251.9426	-13.93913	303.88	m	o	0.4103	16	8.555	0.3828
HSC 1572		94.72459	12.62281	304.8	m	o	0.2416	17	8.764	0.07075
Theia 229	OCSN 81	90.25256	-27.85041	304.98	m	o	2.826	185	8.116	0.0561
CWNU 1062		173.70142	16.84499	306.38	m	o	1.287	62	7.377	0.05999
HSC 1653		79.36026	-8.50414	309.26	m	o	0.5482	30	7.021	0.8308
CWNU 1134	IC 2391	130.25184	-52.44621	310.03	m	o	1.19	39	8.279	0.05506
HSC 2037		99.4495	-44.92239	311.41	m	o	0.1558	17	7.582	0.021
UPK 385	Theia 30	75.70132	12.94782	312.37	m	o	0.3232	58	6.978	0.5659
HSC 2648		222.30393	-66.41085	312.98	m	o	0.348	12	8.452	0.8654
UPK 552		158.46033	-46.98559	313.57	m	o	0.8174	79	8.033	0.08131
HSC 1949		107.2185	-31.56756	313.78	m	o	0.837	17	8.628	0.1532
UPK 624	Theia 119	254.37713	-60.51875	313.89	m	o	0.6364	66	7.403	0.1982
HSC 474		260.80499	34.7083	315.42	m	o	3.285	86	7.491	0.08948
UPK 535		126.56812	-50.08336	315.83	m	o	0.9121	100	7.343	0.1348
HSC 572		290.6821	40.62194	316.71	m	o	1.541	32	8.015	0.02311
HSC 979		12.52443	40.89125	317.25	m	m	4.487	84	8.263	0.1483
HSC 2307		158.61133	-51.7058	319.02	m	o	1.32	12	7.697	0.08221
HSC 1112		40.85822	58.83272	320.58	m	o	1.263	22	9.368	0.261
CWNU 1084	Roslund 5|Theia 73	302.54679	33.48995	320.96	m	o	0.9031	156	8.024	0.0913
HSC 878		348.31349	60.35966	321.17	m	o	2.999	88	7.941	0.2374
HSC 2166		149.64374	-35.81773	321.37	m	o	1.926	22	7.972	0.6202
Theia 139	ASCC 19	82.51036	-2.11038	321.53	m	o	1.598	105	7.978	0.1764
Theia 232	OCSN 43	16.86129	50.35142	321.79	m	o	2.16	152	7.649	0.1892
HSC 483		280.54551	29.94072	321.89	m	o	1.484	23	7.519	0.2608
Theia 230		65.00179	12.41818	322.55	m	o	1.73	83	7.22	0.9514
OCSN 64		78.46737	-4.84942	324.12	m	o	1.947	67	7.322	0.5321
Theia 1188	OCSN 26	338.74238	29.99127	325.19	m	o	1.476	71	8.756	0.2256
CWNU 513		257.98143	-71.62003	325.62	m	o	0.4806	18	8.29	0.05712
Theia 613	Collinder 172|ESO 124-6|FSR 1487|MWSC 1393|Melotte 82|NGC 2516|OCL 776	119.41506	-60.892	325.83	m	o	0.6557	13	9.623	6
PHOC 40		287.7214	14.00459	326.28	m	o	1.061	75	8.574	0.2207
HSC 1447		101.37923	32.00695	327.38	m	m	7.57	63	8.136	0.04058
Theia 228		300.30843	19.64753	328	m	o	1.76	61	7.99	0.1196
HSC 1527		74.32995	6.37796	328.27	m	o	2.624	36	7.868	0.2129
Theia 698	CWNU 1006	4.92107	68.74633	330.09	m	o	0.9347	59	8.322	0.4448
HSC 1871		100.01406	-26.10702	330.29	m	o	0.7953	19	7.996	0.05915
Theia 807	OCSN 75	87.06814	-18.71405	331.72	m	o	2.537	104	8.047	0.09062
HSC 1656		96.76843	0.18212	331.84	m	o	2.328	54	8.152	0.07349
RSG 5	LISC-III 3723	303.9087	45.73802	333.5	m	o	0.7218	170	7.359	0.08893
CWNU 1224		109.85198	-47.45441	336.92	m	o	0.9964	25	7.127	0.1476
HSC 680		311.52258	47.49385	336.93	m	o	0.4294	15	8.376	0.06694
HSC 2047		64.45716	-48.44545	337.7	m	o	2.237	41	7.974	0.08888
CWNU 1083		126.1355	-41.01827	337.87	m	o	0.4339	100	6.885	0.5698
Theia 167		332.02239	49.19213	338.77	m	o	2.872	52	7.71	0.06958
Collinder 471	OCSN 38|Theia 10	332.56307	73.03232	339.4	m	o	0.4945	75	6.68	0.7526
Theia 5	OCSN 34	315.43205	68.1526	339.44	m	o	1.397	155	6.936	0.8073
Theia 11	OCSN 39|OC 0209	341.32757	75.15531	339.63	m	o	0.3804	88	6.734	0.4861
ASCC 21		82.21204	3.60659	340.73	m	o	0.4618	116	6.839	0.1377
Theia 236		287.37368	13.51103	341.48	m	o	0.5599	16	7.897	0.7081
Teutsch 179	LISC-III 3755|UBC 9	276.6244	26.40809	341.57	m	o	0.4808	112	7.489	0.206
Briceno 1	ASCC 16	81.08336	1.69561	342.1	m	o	0.3186	171	6.913	0.1774
HSC 448		328.62717	-3.03937	344.2	m	o	3.325	163	8.015	0.1657
HSC 751		327.79394	50.92132	345.33	m	o	1.422	31	8.264	0.1115
CWNU 1075		300.18358	38.72007	345.54	m	o	0.5984	23	8.071	0.1319
HSC 544		299.29915	31.24229	345.74	m	o	1.068	17	8.992	0.2136
HSC 940		358.71405	69.28325	345.81	m	o	1.323	10	7.692	2.274
HSC 2445		157.6834	-75.2394	346.01	m	m	3.878	150	8.059	0.2287
HSC 356		318.99107	-11.01531	346.08	m	o	1.554	23	9.59	0.2605
HSC 1314		74.42189	35.93112	346.32	m	o	2.915	116	8.07	1.178
HSC 1206		73.92871	56.65408	347.47	m	o	1.489	12	9.48	1.027
HSC 2196		136.95042	-49.0899	348.05	m	m	3.998	66	8.29	0.04507
HSC 512		282.52902	34.11556	348.28	m	o	0.7251	23	8.136	0.1573
Theia 96	OCSN 23	305.28681	48.9247	348.58	m	o	0.8033	140	7.338	0.1471
HSC 2631		213.77436	-65.69619	349.07	m	o	1.126	19	8.979	0.2334
OCSN 69		93.64742	-4.61709	351.34	m	o	0.924	39	7.354	0.1097
ASCC 19		81.97813	-1.85602	352.08	m	o	0.323	61	6.872	0.2297
Theia 31		127.0016	-34.91061	352.11	m	o	0.449	81	6.82	0.3134
HSC 388		272.7736	18.22434	353.89	m	o	0.6552	17	8.182	0.1702
Alessi 22	CWNU 1254|Theia 1106	357.17231	36.22925	353.92	m	o	1.327	49	8.827	0.3018
Theia 322		12.263	50.7728	354.04	m	o	0.1215	13	6.735	0.9915
CWNU 1076		41.23539	56.70874	354.5	m	o	1.045	91	8.045	0.3613
HSC 1751		96.27572	-13.4686	354.82	m	o	0.8665	21	8.041	0.06031
OC 0339		83.11892	-0.41881	356.44	m	o	0.2692	19	7.899	2.727
UBC 17a	Theia 13	84.77578	-1.93244	356.76	m	o	0.5631	102	6.665	0.2363
CWNU 1007	LISC-III 3645	79.20777	18.47775	358.41	m	o	1.812	105	7.286	0.5828
Theia 817		274.95045	24.60626	359.94	m	o	1.207	120	8.291	0.252
HSC 2609		223.63994	-78.13293	360.34	m	o	1.863	28	8.033	0.2526
ASCC 100	MWSC 3038	285.40309	33.60094	360.37	m	o	1.587	87	7.812	0.2293
HSC 727		285.52001	61.38159	360.7	m	o	0.612	14	8.78	0.4354
Theia 1232		350.43258	60.56102	360.82	m	o	0.9222	11	7.165	1.024
Theia 314	OCSN 17	314.63553	16.41944	360.84	m	o	0.931	101	8.019	0.1568
CWNU 1096		127.25572	-38.82489	361.16	m	o	0.5357	23	6.665	0.5271
ASCC 20	OCSN 57	82.19355	1.7213	361.21	m	o	0.6533	194	7.098	0.108
HSC 873		345.06263	61.99739	361.69	m	o	0.7571	47	7.346	0.9581
HSC 2920		282.1803	-42.59017	363.44	m	o	2.893	14	9.839	0.3864
UPK 540		115.51642	-58.66152	364.34	m	o	1.072	124	7.302	0.2489
HSC 1658		92.56107	-2.07921	366.21	m	o	0.7812	31	8.72	0.119
CWNU 314		288.15654	-9.63329	366.35	m	o	0.9199	66	8.105	0.6734
HSC 1465		93.18156	26.93028	366.77	m	o	1.111	12	9.621	0.2139
HSC 238		276.10045	-6.58233	366.81	m	o	0.9779	28	6.936	1.442
HSC 534		290.15419	34.14722	367.16	m	o	0.6173	18	8.343	0.1967
Zanin 6		342.92765	41.3084	367.86	m	o	0.335	20	8.096	0.2198
OC 0280	Theia 21|Theia 77|UBC 31	60.52099	32.1781	368.02	m	o	0.5707	78	6.89	0.6865
HSC 1719		97.35363	-8.08065	368.03	m	o	0.657	18	7.277	0.478
OCSN 10		276.08939	15.6897	368.51	m	o	2.278	121	7.737	0.3787
Theia 1366		211.81505	-63.01954	369.58	m	o	2.09	26	8.441	0.3011
Theia 8	CWNU 462|OC 0204	315.57475	77.01658	370.8	m	o	1.042	75	6.814	2.709
HSC 1257		56.43996	34.91731	371.22	m	o	0.4662	17	8.055	0.5861
vdBergh 152	OCSN 37|PTB 3	333.36283	70.17629	371.28	m	o	0.235	25	6.602	0.4728
HSC 1054		23.9441	49.14626	371.9	m	o	1.623	29	8.19	0.1548
HSC 2270		142.62012	-58.51607	373.54	m	o	1.261	23	7.67	0.3798
HSC 1633		80.75313	-4.58072	374.41	m	o	0.5421	68	6.778	0.3211
HSC 2398		156.48549	-67.83936	375.13	m	o	0.9657	45	7.454	0.1596
Theia 828		277.65082	-21.71484	375.34	m	o	1.907	56	7.925	1.118
Theia 23	CWWL 3567|PHOC 39	277.93826	-3.92511	376.72	m	o	0.3783	121	7.331	2.75
OCSN 61	Collinder 70	84.08365	-0.40217	377.62	m	o	0.5202	147	7.069	0.19
HSC 479		278.88819	30.12896	378.03	m	o	0.9332	18	7.854	0.2313
HSC 2850		250.31307	-38.59822	378.23	m	o	1.497	47	7.966	1.148
HSC 2133		158.16313	-21.37889	378.88	m	o	1.299	28	8.25	0.03322
HSC 693		314.68321	47.53842	379.39	m	o	0.4069	18	7.627	0.08325
HSC 698		316.50511	47.45927	379.59	m	o	0.8605	18	8.121	0.1085
HSC 2483		153.47935	-82.26533	379.82	m	m	3.179	63	8.597	0.1707
HSC 171		288.65155	-23.86749	380.19	m	o	0.622	12	9.532	0.2778
OCSN 59	LISC-III 3613	76.84404	-3.33568	380.74	m	o	0.5739	60	6.768	0.452
CWNU 522	LISC-III 3611	75.678	8.08101	381.08	m	o	1.555	173	7.554	0.1752
HSC 2810		231.61963	-30.59078	381.62	m	o	1.705	72	7.931	0.3157
Theia 246		193.78358	-66.42911	381.8	m	o	2.972	24	8.285	0.1666
Theia 446	OCSN 45	18.55239	62.75653	383.02	m	o	1.533	135	7.905	0.5494
HSC 1687		97.02868	-4.14586	383.49	m	o	0.8566	19	7.486	0.126
HSC 913		352.23162	64.46816	384.21	m	o	1.005	14	7.934	0.3439
HSC 295		273.82782	1.01937	384.48	m	o	2.204	83	8.187	1.081
HSC 390		317.15264	-4.50644	384.56	m	o	1.359	33	7.951	0.2794
OC 0322	CWNU 216	79.41769	7.16412	386.33	m	o	0.3328	53	6.728	0.8988
HSC 1262		57.64357	35.07487	386.35	m	o	0.61	143	6.704	0.4386
HSC 803		332.19846	58.58986	386.47	m	o	1.079	32	8.132	0.6328
HSC 2653		225.32938	-68.00522	387.1	m	o	1.602	24	7.647	0.1812
HSC 1234		58.49981	40.4401	387.86	m	o	1.232	16	9.783	0.4145
HSC 606		320.83698	28.13582	388.11	m	o	1.867	44	8.009	0.2814
HSC 1394		70.74124	21.92463	389.33	m	o	0.7134	13	8.761	0.983
HSC 1827		102.75746	-20.15392	390.35	m	o	0.4726	20	7.832	0.1221
HSC 986		14.03628	47.37038	391.81	m	o	1.008	27	8.193	0.5107
Alessi-Teutsch 10	Alessi Teutsch 10|OC 0278|UBC 19	56.33063	29.74159	392.6	m	o	0.2152	85	6.534	0.6622
HSC 1891		124.43075	-15.91162	393.88	m	m	2.981	12	8.978	1.394
UPK 402		87.51493	2.90025	395.54	m	o	0.1927	47	6.736	1.12
Theia 242		282.94519	16.34006	395.58	m	o	1.087	65	7.917	0.3399
HSC 2455		145.0099	-80.32848	395.77	m	m	3.012	72	8.023	0.2472
Sigma Orionis	UBC 205	84.70986	-2.60976	396.08	m	o	0.1273	181	6.572	0.9019
Theia 710		339.20954	63.5679	396.14	m	o	1.729	45	9.01	0.4977
HSC 2387		153.56514	-67.95831	397.88	m	m	4.048	199	7.994	0.3294
CWNU 1069		119.31464	-43.51075	398.69	m	o	1.394	140	7.213	0.1382
OC 0479		119.55156	-49.19828	399.1	m	o	0.3623	92	6.855	0.206
OCSN 41		1.07757	54.28955	399.34	m	o	0.3288	27	6.837	0.08322
CWNU 1106		87.58716	8.2306	399.46	m	o	0.1319	16	6.578	0.4586
Theia 818		73.75579	13.68702	401.2	m	o	1.281	35	8.14	0.8834
Theia 1203		281.0151	-57.17799	401.64	m	o	1.983	136	8.445	0.1903
OCSN 40	Collinder 460|FSR 450|MWSC 3779|Melotte 245|NGC 7789|OCL 269|Theia 920	358.85784	56.48449	402.18	m	o	1.157	169	6.971	0.2715
HSC 883		356.61765	46.38518	402.74	m	o	0.5976	25	7.945	0.2731
HSC 440		303.71049	11.99761	402.87	m	o	1.007	27	7.966	0.1354
CWNU 1227		94.61426	-7.78078	403.2	m	o	1.509	73	7.056	0.1408
Theia 701		34.72033	53.31613	403.21	m	o	1.251	74	8.234	0.1694
HSC 745		336.67638	40.57954	403.63	m	o	0.5642	21	8.066	0.1477
UPK 305		41.1604	38.89253	404.1	m	o	0.7993	74	8.338	0.1695
NGC 2068	OCSN 62|OC 0341	86.65871	0.13845	404.2	m	o	0.1826	102	6.769	2.591
HSC 617		312.4961	36.57065	404.87	m	o	0.5261	21	8.267	0.07773
HSC 236		272.19437	-5.10308	404.89	m	o	0.658	16	8.207	2.672
Theia 1918	CWNU 1101	129.19503	-48.11717	405.26	m	o	1.888	169	7.382	0.2268
Theia 35	OCSN 80	107.59732	-19.41427	405.29	m	o	1.307	156	7.478	0.1395
HSC 46		229.61088	2.04961	405.45	m	o	0.101	24	9.634	6.046
HSC 2251		154.88077	-45.52333	406.47	m	o	2.778	44	8.728	0.08627
HSC 2687		225.20853	-54.44503	406.77	m	o	0.6064	29	7.566	0.3339
ASCC 104		294.69584	18.61878	407.97	m	o	0.5806	39	8.085	0.2315
Collinder 302	ESO 517-1|FSR 1764|GCL 41|MWSC 2396|NGC 6121	245.88771	-26.52256	409.8	m	o	0.1945	16	9.731	2.018
OCSN 82		108.53136	-35.06059	410.02	m	o	1.594	157	7.372	0.1598
Theia 925		96.0318	35.74199	410.11	m	o	1.87	49	8.202	0.1078
Theia 240		279.19237	-20.35703	411.02	m	o	0.8033	47	8.04	0.9955
ASCC 18	MWSC 541|OCSN 58	81.33025	0.36763	411.33	m	o	0.2966	82	6.967	0.2281
CWNU 1092		90.83089	8.55893	411.35	m	o	0.6542	27	7.276	0.1301
HSC 305		269.71609	4.10489	411.55	m	o	1.125	26	8.242	0.4481
Turner 5	MWSC 1684|Theia 443	143.13863	-36.42924	411.58	m	o	1.571	116	8.214	0.1713
OCSN 56		83.5782	2.6292	412.12	m	o	1.24	88	7.056	0.2852
OCSN 89	Theia 246	186.45012	-65.88347	412.29	m	o	1.006	161	7.572	0.7271
OCSN 27		321.60721	47.63254	413.1	m	o	0.7818	173	7.173	0.1463
HSC 2247		104.41226	-66.26147	413.39	m	o	1.466	46	7.141	0.2274
Trumpler 24	Collinder 316|OCSN 95	254.18189	-40.47268	414.23	m	o	1.474	70	8.335	0.5999
HSC 2704		217.88224	-40.77665	414.4	m	o	0.8096	10	8.836	0.03202
CWNU 1054		89.72802	0.95362	414.79	m	o	0.7923	44	8.082	0.8905
Aveni-Hunter 1	Aveni Hunter 1|Theia 33	354.26258	48.4901	415.64	m	o	1.305	197	7.056	0.4666
OCSN 65	Collinder 70|Theia 13	83.76421	-2.15506	416.65	m	o	0.4974	70	7.117	0.3647
ASCC 33	MWSC 1077|Theia 239	105.45445	-24.43701	416.71	m	o	1.266	49	8.333	0.05557
NGC 7429	MWSC 3676|OCL 249|RSG 7|RSG 8	344.08989	59.91165	417.43	m	o	0.4952	67	7.893	0.4484
L 1641S		85.64131	-8.13799	417.68	m	o	0.2158	72	7.068	2.602
HSC 859		354.86549	43.82703	417.9	m	o	0.8866	22	7.939	0.1911
Theia 253	CWNU 347	293.68476	32.1221	418.14	m	o	0.5538	83	8.138	0.1604
OCSN 68		84.49072	-4.91076	418.31	m	o	0.8465	51	7.044	0.3865
HSC 2452		177.82909	-57.84074	419.3	m	o	2	71	8.189	0.1366
Gulliver 20	Theia 623	273.83973	11.43775	419.46	m	o	0.7816	126	8.407	0.1925
UPK 438		101.14527	-9.20193	420.32	m	o	0.6495	21	8.511	0.3147
HSC 283		260.25359	6.35716	420.44	m	o	1.491	34	7.699	1.074
OCSN 6		276.96933	-5.9091	420.64	m	m	3.318	193	7.512	1.808
HSC 2260		144.29639	-56.00226	420.76	m	o	1.077	58	7.851	0.1639
Theia 249		103.73508	-37.53633	421.23	m	o	1.618	82	8.143	0.2205
HSC 1192		78.19336	61.19596	421.37	m	o	0.2796	12	8.166	1.327
HSC 1139		63.72903	65.50885	422.61	m	o	1.668	45	8.123	1.159
HSC 1634		111.68882	11.02363	423.57	m	o	0.9372	40	8.043	0.003821
HSC 1969		127.04453	-22.55216	423.97	m	o	0.6923	43	8.136	0.1784
HSC 1239		57.40089	38.95659	424.11	m	o	0.4976	16	6.749	1.567
HSC 886		356.93289	46.77054	424.4	m	o	0.5106	12	7.496	0.183
UPK 116	Theia 168	312.27865	39.74573	425.27	m	o	0.8118	76	7.646	0.1557
OCSN 32	Theia 18|Theia 81	340.36751	40.21034	425.51	m	o	0.7695	89	6.931	0.2098
OCSN 70	OC 0356	85.24348	-9.28738	425.83	m	o	0.1189	18	6.784	2.969
CWNU 410		96.12559	-12.95687	425.93	m	o	0.9986	59	7.881	0.2137
UPK 350	Theia 826	101.74749	48.33214	428.43	m	o	1.188	97	8.301	0.09991
Teutsch 182	FSR 396|King 10|MWSC 3673|OCL 248|RSG 7|RSG 8|Theia 32|UBC 6	343.79391	59.22538	429.86	m	o	0.5122	43	6.836	0.3985
Theia 711	OCSN 7	282.09396	-7.74378	430.05	m	o	1.499	105	7.792	0.8551
HSC 2282		145.02995	-58.85733	430.71	m	o	2.093	96	8.171	0.1976
HSC 2664		244.59753	-71.6665	430.82	m	o	1.3	26	7.988	0.07299
CWNU 287		155.29953	-55.97187	431.19	m	o	0.2029	36	8.002	0.1336
Theia 319		101.04825	-15.44404	431.64	m	o	1.035	47	8.081	0.1621
Theia 1315		146.8761	-65.11507	432.3	m	o	0.9042	86	7.622	0.5601
OCSN 54		77.62209	17.43095	432.54	m	o	0.7203	36	7.55	0.6254
HSC 2056		114.55435	-43.43647	433.71	m	o	1.252	51	7.437	0.5891
UPK 39		277.47772	1.07627	434.53	m	o	0.405	190	6.614	2.315
HSC 384		288.32571	9.98066	435.01	m	o	0.7575	40	7.656	0.8327
UPK 292	Theia 932	56.61694	64.60487	435.02	m	o	0.4799	38	7.755	1.849
CWNU 1173		179.92184	-70.28609	435.74	m	o	1.404	165	8.001	0.5028
Alessi 10	LeDrew 3|Theia 535	301.23229	-10.52875	436.32	m	o	0.4322	194	8.027	0.3375
UPK 398	Theia 36	85.95598	7.05923	436.64	m	o	0.2097	84	7.067	0.7995
OCSN 28		324.41903	50.89109	437.53	m	o	0.974	116	7.257	0.2364
CWNU 1020		135.00604	-54.50995	437.59	m	o	1.222	171	7.534	0.1581
HSC 2297		132.29598	-65.5607	438.56	m	o	2.527	59	7.984	0.5433
AT 4	Alessi-Teutsch 4|Alessi 26|TRSG 3|Theia 929|UBC 12	126.03293	-8.37473	439.28	m	o	0.6657	37	8.124	0.4542
HSC 673		312.42481	46.63639	439.84	m	o	0.5954	55	7.796	0.06625
CWNU 1072		87.20252	-5.45588	440.25	m	o	0.7607	60	7.117	0.4636
Theia 439		184.32043	-57.51781	441.46	m	m	3.206	30	7.578	0.483
OC 0356	OCSN 70	85.28565	-9.52377	441.53	m	o	0.09854	15	6.691	2.238
HSC 2120		140.0328	-37.61171	441.73	m	o	1.193	39	8.292	0.2597
Theia 1117		318.48072	45.41454	443.83	m	o	1.552	51	8.51	0.2591
HSC 2119		90.95105	-55.05819	444.33	m	o	0.6434	23	7.95	0.06396
Theia 1023	OCSN 97	267.89881	-40.69387	444.44	m	o	1.079	80	8.064	0.3599
HSC 297		270.78642	2.73646	445.27	m	o	0.5024	10	7.46	0.2158
Theia 391	CWNU 533	356.2194	55.16953	446.9	m	o	1.293	112	8.165	0.4107
HSC 207		277.28937	-13.10582	446.92	m	o	1.21	12	7.765	1.676
UPK 72		284.98783	27.29272	448.06	m	o	1.38	176	7.873	0.377
CWNU 1055		328.83145	65.35246	449.45	m	o	0.5608	65	7.218	0.4613
Theia 455	Platais 9|Theia 105	138.30587	-44.18631	449.92	m	o	0.7718	18	8.239	0.1075
HSC 613		312.33743	36.26069	450.13	m	o	1.457	12	8.373	0.2647
UBC 11		246.73246	-59.70454	450.36	m	o	1.545	155	8.106	0.211
HSC 1730		32.91313	-27.55053	452.75	m	o	0.799	16	9.473	0.1426
Theia 708	CWNU 1187	290.94862	53.29107	452.98	m	o	0.865	56	8.642	0.08968
ASCC 123	MWSC 3654	340.5627	54.19891	453.1	m	m	2.866	72	9.027	0.2704
CWNU 1088		85.90593	-1.59278	454.55	m	o	0.8414	46	7.473	2.519
OCSN 76		99.63809	-16.76476	454.82	m	o	1.396	119	7.568	0.1799
CWNU 1008		170.19313	-60.57219	455	m	o	0.9466	70	7.317	0.1956
HSC 2873		256.0601	-37.66862	455.25	m	m	3.35	120	8.483	0.5542
UPK 160	Theia 124	305.69888	64.26322	455.58	m	o	1.072	76	6.928	0.8539
HSC 1707		109.19964	-0.49544	456.17	m	o	0.7252	21	8.067	0.1153
CWNU 1034		113.6865	-25.57206	456.18	m	o	0.6211	86	7.439	0.06256
HSC 633		307.37536	42.39364	456.18	m	m	2.523	156	7.759	0.08893
HSC 2447		173.21422	-63.42899	456.82	m	o	0.6184	15	7.891	0.253
HSC 2792		240.53089	-40.69894	456.87	m	o	0.8773	18	7.806	1.054
HSC 825		348.58922	46.10493	457.71	m	o	0.8324	19	7.674	0.3988
Theia 247	CWNU 1255	300.27352	10.21413	459.15	m	o	2.074	190	7.928	0.1815
UPK 20	Theia 627|UBC 32	281.11868	-14.37412	460.79	m	o	0.4969	99	8.163	1.875
HSC 1624		121.08368	16.16342	461.13	m	o	2.348	39	8.104	0.03485
OCSN 12		276.5136	21.42101	461.35	m	o	0.7046	32	8.273	0.3279
HSC 899		352.42247	59.65567	462.33	m	o	0.3668	16	6.843	1.738
Theia 738	MWSC 3098|NGC 6793|OCL 115	290.73276	22.15478	462.99	m	o	0.3093	15	9.572	3.327
Theia 101		323.57326	53.07201	463.56	m	o	0.9195	70	8.129	0.7402
HSC 1062		38.90739	72.29707	463.58	m	o	0.8767	26	8.361	0.4911
HSC 2953		255.52577	-26.99658	465.3	m	m	3.488	54	8.339	0.23
Theia 834		96.6376	29.88654	465.36	m	o	1.083	61	8.339	0.2163
HSC 2782		238.56754	-41.57691	465.74	m	o	1.898	26	8.127	0.8838
Theia 403		279.22138	-6.50765	466.19	m	o	0.8141	14	7.803	2.808
HSC 2621		210.85658	-64.45801	466.95	m	o	0.4863	14	8.667	0.2947
Theia 383	OCSN 73	113.16542	0.32275	468.67	m	o	1.096	95	8.144	0.1087
HSC 1		289.60934	-38.03489	468.76	m	m	3.319	64	7.87	0.3678
Theia 713		7.54084	68.41178	469.75	m	o	1.859	117	8.515	0.885
CWNU 1256		188.16675	-72.3016	469.89	m	o	0.6365	37	7.871	1.186
Theia 227	OCSN 4	272.09037	-16.47281	469.95	m	o	1.42	79	7.502	1.35
HSC 151		288.35676	-25.89773	470.48	m	o	1.462	49	7.883	0.3598
CWNU 1183	Theia 540|Theia 833	295.61068	38.27214	471.69	m	o	2.229	94	7.662	0.1083
CWNU 1270		344.04665	50.8694	471.74	m	o	0.5993	15	7.979	0.03355
OCSN 36		350.26616	43.72629	472.33	m	o	0.7375	21	8.361	0.2328
CWNU 1121		100.04944	-50.54327	472.65	m	o	1.172	86	7.74	0.05753
NGC 6882	Collinder 416|FSR 168|MWSC 3277|MWSC 3278|OCL 133|OCSN 20|Theia 170	302.89721	26.75074	473.44	m	o	1.166	114	7.918	0.3105
Ruprecht 98	BH 125|ESO 94-9|MWSC 1988|OCL 868|Theia 1028	179.71142	-64.61283	473.7	m	o	0.6434	177	8.387	0.555
HSC 282		349.26645	-26.87717	473.96	m	o	0.5653	13	9.631	0.328
HSC 1908		133.13039	-12.09988	474.83	m	o	0.9254	14	9.448	0.6584
Theia 100	OCSN 35	346.8876	46.06794	476.06	m	o	0.9942	125	7.194	0.3324
HSC 475		282.33228	28.58197	476.52	m	o	0.3661	27	7.822	0.4577
Theia 248	OCSN 30	324.69577	53.66894	477	m	o	1.501	153	8.048	0.6124
NGC 3228	BH 93|Collinder 218|ESO 214-1|MWSC 1794|OCL 800|Theia 102	155.27783	-51.84506	477.12	m	o	0.2876	200	7.482	0.1022
HSC 2060		125.65304	-38.70136	479.45	m	o	0.5538	14	7.069	0.1392
UPK 233		357.6511	71.57474	479.56	m	o	0.8234	56	7.87	1.127
HSC 2675		220.00249	-52.91031	480.13	m	o	1.109	24	8.948	0.3903
RSG 8		345.45296	59.50879	481.42	m	o	0.746	151	7.133	0.4203
CWNU 1150		133.07294	-47.40862	481.99	m	o	0.7605	43	7.817	0.146
HSC 469		271.94522	31.01968	482.4	m	o	0.8008	13	9.684	0.7501
HSC 761		333.0495	48.18995	483.97	m	o	1.089	19	9.471	0.2723
CWNU 232		92.34634	-2.99419	484.52	m	o	1.307	138	8.113	0.2251
HSC 2046		112.95262	-42.84781	484.96	m	o	0.9359	37	7.388	0.9356
HSC 255		291.18623	-11.72045	485.14	m	o	0.2128	23	8.75	0.3528
HSC 1403		75.69317	24.30051	485.19	m	o	1.368	105	7.466	1.491
HSC 956		325.81444	86.58322	485.27	m	o	0.661	15	8.001	0.34
HSC 2571		199.17139	-61.81289	485.78	m	o	0.6757	22	8.551	0.439
Theia 323	CWNU 450	194.20285	-55.76297	487.64	m	o	1.476	105	8.107	0.2182
HSC 465		312.30081	10.56233	487.66	m	o	0.5424	16	9.182	0.1342
Theia 729		53.33509	80.76863	490.3	m	o	0.8481	38	8.166	0.2404
HSC 189		279.06542	-16.99601	490.84	m	o	1.349	40	8.096	1.038
UPK 456	Theia 458	104.82234	-16.77151	490.94	m	o	0.5728	13	7.843	0.07004
Teutsch 39	MWSC 3643|OCSN 29|Teutsch J2236.4+3747	339.12387	37.77104	491.02	m	o	0.4398	60	7.162	0.2717
Theia 128		108.65281	-7.69354	492.09	m	o	0.4385	35	7.984	0.1541
HSC 1755		104.78217	-10.43883	492.57	m	o	0.4296	23	9.219	0.07828
HSC 743		316.75611	56.14305	492.9	m	o	0.1066	28	8.76	2.869
CWNU 1138	HIP 67014 Group|MWSC 2150|Platais 10|Theia 737	206.91189	-59.63304	495.18	m	o	0.5545	104	7.916	0.4723
HSC 1230		59.58854	42.19354	495.37	m	o	0.5658	31	7.863	1.175
NGC 2220	ESO 255-4|MWSC 841	95.22886	-44.74481	496.36	m	o	0.5846	10	9.004	0.1459
Theia 345		85.4057	19.19284	496.51	m	o	1.05	27	8.019	0.3867
CWNU 1163		126.17952	-42.80853	497.44	m	o	0.4608	10	7.936	0.4084
UPK 24		281.87937	-11.70139	497.76	m	o	1.308	72	8.673	1.359
HSC 1119		47.97374	63.21464	499.25	m	o	0.2647	17	9.133	2.482
UPK 626	Theia 732	239.7905	-50.41834	500.01	m	o	0.5014	90	8.086	0.6174
Theia 619		330.34496	53.79889	500.19	m	o	1.183	74	7.913	0.5309
HSC 2854		258.09066	-42.39736	501.47	m	o	0.7244	29	8.285	0.4036
HSC 1058		22.92617	43.72579	501.62	m	m	2.417	144	8.069	0.1254
Theia 1024	Theia 655	134.10181	-38.07984	502.93	m	o	0.9535	42	8.721	0.07719
HSC 263		264.82227	2.42587	503.26	m	o	1.06	41	7.418	0.3659
UPK 33		280.11741	-4.36041	503.4	m	o	0.4129	91	7.756	2.447
HSC 1395		88.62093	32.47152	504.23	m	o	0.6186	30	8.261	0.2208
HSC 139		277.61398	-22.36743	504.49	m	o	1.189	19	8.371	0.859
Theia 1038		268.46516	-24.29023	504.62	m	o	1.495	50	7.89	1.224
HSC 322		257.17485	12.20013	507.15	m	o	0.8541	13	9.476	0.7542
HSC 992		16.03235	63.03498	508.8	m	o	1.525	89	8.018	0.7902
Theia 105		139.5408	-45.84655	510.95	m	o	1.642	81	7.32	0.1256
Theia 625		289.44706	-13.775	512.16	m	o	1.358	104	8.22	0.3163
TPK 1	Patchick 41|Ramakers 3|Teutsch-Patchick-Kronberger 1|Theia 1635	354.61299	47.42242	512.21	m	o	1.13	49	8.437	0.1355
Theia 171		293.08076	31.9951	513.28	m	o	1.129	88	8.136	0.1358
Theia 704		158.19815	-69.73045	514.77	m	o	0.8539	30	8.171	0.2904
HSC 2356		159.58737	-58.97833	515.72	m	o	0.4201	17	8.62	1.889
Teutsch 181		333.21309	54.00758	515.85	m	o	1.472	60	7.195	0.5749
HSC 1196		59.90951	51.01802	516.13	m	o	0.9851	16	9.64	3.777
Theia 546	CWNU 100	110.1719	-4.38026	516.13	m	o	0.8416	102	8.466	0.09524
Theia 5347		268.77943	9.84164	516.26	m	o	0.6914	55	7.599	0.5933
UPK 296		42.32317	48.60716	519.14	m	o	0.6869	86	8.578	0.3044
UPK 627		245.36992	-53.13273	519.37	m	o	1.141	106	8.177	0.2995
HSC 2126		133.07108	-43.42653	520.74	m	o	1.631	82	7.811	0.09398
HSC 2215		141.91805	-49.82982	521.07	m	o	1.762	148	7.76	0.1006
NGC 1579		67.52296	35.28215	521.2	m	o	0.2429	161	7.275	3.648
HSC 2838		267.62721	-50.17249	521.75	m	m	2.675	52	8.777	0.6161
HSC 2376		156.91827	-63.96214	522.31	m	o	0.9734	48	7.933	0.446
Theia 1297		323.03908	66.06975	523.99	m	o	0.5658	75	8.609	0.493
HSC 137		281.57008	-24.35033	524.11	m	o	1.018	45	8.201	0.7624
Theia 638		48.39752	59.26105	524.88	m	o	1.617	93	8.222	0.6188
Theia 387		79.15304	37.19914	526.18	m	o	0.6405	119	8.042	0.4937
CWNU 1053	Loden 189	162.41937	-56.60756	526.26	m	o	0.9444	142	8.18	0.1499
HSC 2125		106.17179	-53.58781	526.34	m	o	0.7115	25	9.385	0.1277
HSC 1850		111.99974	-19.00751	526.59	m	o	0.5125	48	8.023	0.1429
HSC 2235		149.41558	-48.39258	526.84	m	o	0.4811	18	7.136	0.1366
Theia 954		190.5411	-61.65487	527.29	m	o	1.003	18	7.748	0.5963
HSC 1457		60.125	6.0431	527.58	m	o	1.184	22	8.629	0.3713
Theia 78		79.30754	-3.44949	527.75	m	m	3.691	60	8.187	0.1703
HSC 2771		240.88535	-45.65629	527.78	m	o	0.3406	34	8.222	0.7331
Theia 80	ASCC 45|MWSC 1460	123.85825	-35.64677	528.51	m	o	0.09026	11	7.087	0.1344
HSC 2271		141.84786	-58.95285	528.89	m	o	0.7558	28	7.678	0.3957
CWNU 88		131.17282	-59.95995	532.48	m	o	0.7367	58	7.17	0.281
HSC 552		280.49893	40.46437	534.45	m	o	1.864	18	9.805	0.191
HSC 1270		67.89713	41.22845	535.64	m	o	1.31	34	7.991	1.022
UPK 31	Theia 640	285.92234	-8.48317	535.75	m	o	0.5469	93	8.629	0.643
Theia 1224	Theia 1070	219.54523	-55.16517	536.05	m	o	0.844	42	8.548	0.8438
CWNU 61		153.52045	-71.04132	537.38	m	o	0.6513	53	8.503	0.1842
UPK 82	FoF 2417	298.46363	26.20195	537.87	m	o	0.5184	142	7.892	0.1767
Theia 256		123.75882	7.06131	538.42	m	o	0.9233	69	7.944	0.04596
UPK 230	Theia 840	354.48555	71.89628	539.13	m	o	1.631	197	8.089	0.9341
Theia 177		99.60867	-45.13446	539.57	m	o	1.655	18	7.526	0.07046
Theia 178		322.42174	51.80206	539.61	m	o	0.8527	73	7.967	0.9339
HSC 1921		113.30069	-25.86799	539.65	m	o	0.6814	22	8.089	0.07204
Theia 622		280.51137	8.58714	540.3	m	o	0.4547	25	8.113	0.6486
HSC 1463		82.1286	21.08067	542.3	m	o	0.5258	39	7.78	0.7646
Theia 6	CWNU 1040	10.87739	61.97539	543.29	m	o	0.2401	84	6.732	0.9338
CWNU 1093		117.25953	20.17879	544.49	m	o	0.7084	53	8.385	0.08562
ASCC 51	MWSC 1647|Theia 185|Theia 245|Theia 966|UBC 260	140.39673	-69.85529	544.83	m	o	0.5476	172	8.1	0.07271
UPK 167	Theia 7983	336.66161	49.51577	544.96	m	o	0.9214	198	8.093	0.228
UPK 524	Theia 146	105.1827	-55.24246	545.27	m	o	0.9695	102	8.072	0.1701
HSC 147		287.27785	-26.02121	545.5	m	o	1.016	37	9.019	0.2696
HSC 592		298.66657	40.25271	545.94	m	o	0.6341	22	7.794	0.6795
HSC 931		359.76115	61.36985	545.97	m	o	1.426	73	8.183	0.8907
HSC 532		290.72168	33.69081	546.37	m	o	0.6253	21	8.391	0.216
Theia 181		234.54586	-64.85695	548.03	m	o	1.069	190	8.051	0.2299
Theia 953	Platais 8|Theia 104	139.66034	-58.60499	548.21	m	o	1.62	147	7.551	0.531
HSC 1253		68.38339	45.2701	548.58	m	o	0.9606	18	9.292	0.6554
HSC 1856		110.53032	-20.26412	549.19	m	o	0.5499	35	7.936	0.3038
XDOCC 9		293.61539	24.77285	549.27	m	o	0.5965	46	8.159	0.5422
Theia 311		44.88869	61.2038	549.83	m	o	1.973	27	8.243	1.291
Theia 1306		246.49796	-42.34372	549.91	m	o	0.9851	45	8.138	1.595
Theia 836		289.3033	18.41975	550.26	m	o	0.5842	110	8.017	1.344
UPK 5	Theia 184	273.21019	-18.3261	552.37	m	o	0.9016	156	7.917	0.6315
Theia 5731	LISC-III 3629	272.09087	-60.28967	552.53	m	o	0.921	40	8.533	0.2209
Alessi 94	Theia 841|UBC 2	5.26858	46.53084	553.27	m	o	0.7516	86	8.264	0.119
ASCC 105	MWSC 3157|Theia 165|Theia 544	295.4716	27.38609	553.36	m	o	0.4767	173	7.97	0.296
Alessi 190	Theia 950|UBC 5	238.74767	-47.61921	553.93	m	o	0.3837	166	8.242	0.7736
UPK 526	Theia 107	115.9464	-52.83554	556.72	m	o	1.586	173	7.466	0.4575
HSC 510		291.51789	29.96327	557.74	m	o	0.262	31	8.199	0.1875
UPK 74		295.21123	22.48086	558.27	m	o	0.3741	38	8.225	0.2782
Theia 943		78.40872	36.88092	559.02	m	m	2.576	93	8.186	0.6082
UPK 144		315.17185	52.25939	559.05	m	o	0.07695	15	7.414	3.227
HSC 2280		148.77976	-56.26136	559.24	m	o	1.254	113	8.144	0.2556
HSC 1677		100.15665	-0.68566	559.72	m	o	0.5984	47	7.78	0.06549
Theia 648	Theia 567	86.5778	25.96469	563	m	o	0.5399	16	8.115	0.511
Theia 1408	MWSC 784|NGC 2184	91.70111	-2.04245	563.82	m	o	0.3021	150	8.866	0.2573
Theia 176		85.42365	-15.04617	563.84	m	o	0.6175	20	8.41	0.2828
Theia 643		255.56248	-48.92392	566.38	m	o	1.442	136	8.201	0.8415
HSC 2086		131.91547	-38.95028	568.81	m	o	0.8403	24	7.789	0.1616
CWNU 313		295.13797	-1.99248	569.87	m	o	1.856	67	7.598	0.6598
HSC 998		15.84607	45.86565	570.31	m	o	0.6973	19	8.455	0.2402
CWNU 29		133.36003	-72.48503	570.95	m	o	0.4226	22	8.085	0.2189
ASCC 90	Alessi 41|MWSC 2655|Theia 948	264.76197	-34.81736	571.03	m	o	0.9449	184	8.612	0.6844
Theia 545		111.35695	14.54296	571.42	m	o	0.5674	42	8.175	0.1135
HSC 722		355.06168	3.77078	572.17	m	m	2.24	11	9.573	0.1381
HSC 300		291.6068	-7.6866	572.56	m	o	1.251	12	9.657	0.6413
HSC 2032		99.17662	-44.43196	573.25	m	o	0.7122	50	7.89	0.08021
HSC 382		301.18089	2.99601	574.21	m	o	0.6316	23	8.191	0.2723
UPK 51		314.09653	-6.71763	574.49	m	o	0.6404	138	8.012	0.1196
Alessi 19	LeDrew 5|MWSC 2887|OC 0068	274.53414	11.89735	574.56	m	o	0.6677	164	7.563	0.3421
HSC 1544		67.77923	0.10743	575.47	m	o	1.096	16	8.265	0.1771
HSC 1575		96.14461	13.07652	575.82	m	o	0.6222	42	8.557	0.1477
UPK 467	Theia 395	121.2897	-11.32474	577.57	m	o	0.611	179	8.117	0.1011
HSC 2568		202.34755	-74.66716	577.75	m	o	0.7744	13	8.152	0.4901
UPK 38		280.82047	-1.64276	577.93	m	o	0.2564	61	6.638	1.939
HSC 1149		60.29551	61.60646	579.74	m	o	1.669	51	8.155	0.8843
HSC 1179		53.4845	51.28758	579.99	m	o	0.6757	55	8.525	1.737
UPK 42	LISC-III 3263|Theia 1041|Theia 329|UBC 115	293.91765	-3.66617	580.52	m	o	0.3033	165	8.296	1.56
UPK 21	Theia 1234	282.92032	-15.17411	580.86	m	o	0.5997	103	8.669	1.429
Gulliver 10		123.13414	-38.71167	581.35	m	o	0.1615	44	6.68	2.248
Theia 458		106.23961	-16.82736	582.4	m	o	0.8872	73	8.139	0.2113
UBC 4	Theia 733	60.6582	35.56115	583.09	m	o	1.182	117	8.315	0.7409
HSC 1213		63.39335	49.50669	583.33	m	o	0.4398	68	8.338	1.176
HSC 1958		93.31726	-36.6834	584.15	m	o	0.3861	15	6.945	0.3154
Theia 714		21.84717	56.12805	584.68	m	m	2.19	108	8.002	0.3189
HSC 2716		246.80281	-63.46091	585.03	m	o	0.9933	18	7.909	0.08866
HSC 2906		247.14832	-26.60596	585.41	m	o	0.8529	19	8.3	0.9784
HSC 2244		141.76406	-54.97703	588.78	m	o	0.6713	41	7.939	0.1657
HSC 661		317.5943	40.79021	589.16	m	o	0.6785	33	7.418	0.2352
Theia 149		139.803	-50.4161	589.54	m	o	1.099	77	7.964	0.1119
UPK 560	Theia 549	158.35991	-44.50326	590.45	m	o	1.157	162	8.431	0.1109
HSC 1344		101.53719	43.57295	592.15	m	o	0.6901	17	9.431	0.2696
Theia 399		93.67122	17.39762	592.52	m	o	0.6937	51	7.43	0.2411
HSC 1430		93.73831	30.76168	593.01	m	o	1.157	67	8.232	0.2704
HXHWL 29		268.07565	-27.03502	593.17	m	o	0.2713	130	7.947	0.4947
HSC 927		353.82823	70.08999	593.53	m	o	1.403	21	9.031	1.537
HSC 601		305.07431	38.46071	593.54	m	o	1.22	120	7.887	0.2202
HSC 181		277.27274	-17.03748	594.03	m	o	0.2649	48	7.902	0.8291
HSC 2012		110.46818	-37.45335	594.23	m	o	0.5022	47	7.514	0.215
HSC 219		277.58515	-10.91095	594.38	m	o	1.352	63	7.671	2.554
HSC 730		318.05111	51.78265	595.81	m	o	0.8958	31	7.581	1.723
CWNU 35		92.96891	-16.52452	596.09	m	o	0.1896	19	7.182	0.2077
Alessi-Teutsch 12	ASCC 86|AT 12|Alessi J1701.7-5857|Alessi Teutsch 12|MWSC 2513|Theia 257	255.41145	-59.00764	596.09	m	o	0.4576	104	8.021	0.2032
Theia 260		315.85753	17.43972	597.16	m	o	0.6817	95	8.063	0.1612
UPK 537	Theia 1128	125.64578	-51.56926	597.17	m	o	0.8971	125	7.789	0.6989
Stock 23	OC 0260	49.18397	60.07144	598.15	m	o	0.5019	106	7.856	0.6914
Trumpler 37	IC 1396	324.64775	57.76769	600.97	m	o	0.5623	92	8.455	1.523
HSC 876		322.24727	75.08815	601.64	m	o	0.6578	11	8.631	1.73
Theia 1147		112.96505	-26.05417	603.03	m	o	0.811	51	8.823	0.1351
ASCC 23	FSR 746|Ferrero 16|MWSC 839|Theia 552	95.02983	46.6857	603.67	m	o	0.3146	194	8.464	0.1797
CWNU 52		72.33883	26.18539	603.91	m	o	0.7355	67	7.744	1.987
CWNU 338	OC 0451|Theia 472	124.44272	-39.32859	604.38	m	o	0.6755	132	7.015	0.3166
OC 0407	CWNU 1204|Teutsch 205	107.37016	-25.20082	604.82	m	o	0.2951	82	7.398	0.1228
NGC 6618	Theia 846	275.06456	-15.98198	605.51	m	o	1.374	68	8.591	1.126
HSC 1330		86.64512	40.40513	608.8	m	o	1.025	67	8.378	0.4173
HSC 1033		26.30193	65.01841	609.28	m	m	3.426	106	8.193	1.106
UPK 452		110.36599	-11.78804	609.44	m	o	0.2075	17	8.38	0.06958
HSC 1326		68.21731	29.62362	609.67	m	m	3.949	73	8.381	1.12
HSC 1546		42.15653	-15.334	609.84	m	o	0.6353	15	9.046	0.1892
HSC 343		286.95729	2.33055	611.19	m	o	1.071	16	8.125	1.16
CWNU 236		279.83117	1.1513	611.22	m	o	0.2229	25	7.164	3.832
UPK 25	Theia 1421	268.27382	-2.72475	611.48	m	o	0.488	25	8.675	1.758
Theia 180		308.58723	6.88739	611.52	m	o	0.6908	76	8.498	0.1384
HSC 1666		104.75193	3.31728	612.17	m	o	1.783	110	8.396	0.08712
HSC 1361		79.59524	32.25795	614.13	m	o	0.5096	11	9.829	0.6126
Theia 850		26.42431	66.86757	614.41	m	o	0.8408	121	7.574	1.739
LDN 988e	Theia 1	316.02091	50.24053	614.78	m	o	0.3788	151	6.778	3.118
HSC 699		324.53917	41.83171	615.05	m	o	0.7666	35	7.478	0.3475
HSC 804		338.28283	53.37749	615.21	m	o	0.4219	38	8.222	0.6589
HSC 1068		37.04872	68.95979	615.97	m	o	0.9229	25	7.603	1.368
Theia 12	CWNU 1245	282.10166	-2.38187	618.1	m	o	0.4691	142	6.725	3.191
HSC 2298		145.7286	-60.39247	619.25	m	o	0.8442	61	8.003	0.2069
Theia 85	CWNU 149|OC 0264	57.68437	60.20207	619.41	m	o	0.7202	47	7.764	0.819
Theia 1040		69.44263	56.51412	620.77	m	o	1.225	54	8.775	0.6411
Theia 8014	Theia 6593	298.37917	37.65994	620.99	m	o	0.6741	33	8.539	0.2325
CWNU 14		14.78786	53.75959	621.02	m	o	0.6727	44	8.243	0.352
HSC 2180		142.42399	-43.90253	621.49	m	o	0.5679	37	7.426	0.2493
HSC 1761		105.60754	-10.61926	621.72	m	o	0.4752	57	8.259	0.1199
HSC 429		283.4359	21.11696	622.4	m	o	0.6794	26	8.43	0.5602
Theia 649		112.77536	-51.32767	622.48	m	o	1.198	79	8.106	0.1865
Theia 333		292.99213	26.86307	623.02	m	o	0.7655	73	7.646	1.064
Alessi 145	Theia 467|UBC 13	120.95359	3.98509	625.97	m	m	2.014	143	8.225	0.07757
HSC 75		267.17319	-23.08216	627.58	m	o	0.7101	18	7.921	1.491
HSC 524		227.22364	39.57394	627.59	m	o	0.5622	12	9.627	0.8843
HSC 689		321.57025	42.48322	627.72	m	o	0.409	35	7.782	0.1606
ASCC 73	MWSC 2053|Theia 1076|Theia 1162|Theia 246|Theia 338	189.2922	-67.21018	628.01	m	o	0.5798	80	8.199	0.2098
Theia 73		301.31663	31.52429	628.51	m	o	1.179	26	8.502	0.1091
UPK 442		97.85224	-12.55733	629.02	m	o	1.011	121	7.833	0.221
Gulliver 28	Theia 955	293.65425	18.1639	629.56	m	o	0.634	105	7.821	2.132
UPK 567	Theia 735	160.95098	-67.5198	631.62	m	o	0.8154	138	8.614	0.4309
HSC 717		324.77507	44.3479	631.92	m	o	0.4478	14	7.861	0.1897
HSC 2746		247.71019	-55.17627	633.62	m	o	1.037	80	8.21	0.5987
NGC 2184	MWSC 784	92.8519	-3.37203	633.82	m	o	0.6957	25	8.129	0.2079
HSC 1291		71.224	38.33826	634.8	m	o	0.4936	21	8.255	1.964
HSC 1920		98.2242	-32.05817	635.9	m	o	1.482	75	7.235	0.1867
CWNU 311	CWNU 294	333.43358	42.47927	636.25	m	o	1.213	82	7.691	0.6234
HSC 1897		115.14841	-21.55325	636.92	m	o	0.8093	59	7.951	0.1163
Collinder 132	Theia 1765	108.34616	-30.97053	637.46	m	o	0.9537	106	7.142	0.1228
Theia 551		272.80682	-41.49851	637.7	m	o	0.5597	31	8.256	0.1865
UPK 40		292.5908	-7.20117	638.4	m	o	0.4261	34	8.22	1.083
Theia 472		124.85459	-38.40523	639.61	m	o	0.2035	19	7.122	0.3727
OC 0069	ASCC 106|Alessi 44|MWSC 3164	294.80322	2.33101	639.79	m	o	0.4782	41	7.615	0.6478
Theia 624		247.45007	-44.54955	639.9	m	o	0.701	16	8.02	0.5817
HSC 2745		241.28292	-51.3152	640.06	m	o	0.7442	40	8.425	0.6444
HSC 2449		171.38708	-67.04128	640.2	m	o	1.067	49	7.76	0.6833
Theia 560	CWNU 449	73.59488	45.86919	640.36	m	o	0.7972	47	8.326	0.7751
UPK 136		322.60944	43.41697	641.63	m	o	0.6507	105	8.133	0.2042
OC 0343	CWNU 1003|Theia 838	97.63165	4.3573	642.38	m	o	0.3937	104	7.488	0.1479
HSC 1078		31.27615	57.76805	643.05	m	o	0.6604	15	8.364	0.4246
HSC 252		289.58999	-11.32992	643.06	m	o	0.9711	62	9.323	0.5671
Teutsch 38	ASCC 49|MWSC 1569	131.74483	-37.85376	643.2	m	o	0.588	182	7.299	0.1817
Theia 743	OC 0565|Theia 621	173.48026	-60.6567	645.38	m	o	0.4269	105	8.501	0.1327
HSC 2239		143.79503	-53.15141	646.5	m	o	0.5737	64	8.05	0.1714
Theia 3582	Theia 412	84.44275	31.00259	646.63	m	o	0.8933	50	8.082	0.6915
HSC 1080		32.57807	59.37906	647.15	m	o	0.7681	25	8.058	0.6509
HSC 1791		107.73793	-13.54984	647.81	m	o	0.4668	57	9.421	0.2485
Alessi-Teutsch 9	ASCC 10|AT 9|Alessi Teutsch 9|MWSC 275|Theia 557	51.86277	34.88648	648.03	m	o	1.078	200	7.891	0.702
HSC 829		342.98723	55.23849	648.06	m	o	0.4575	17	8.456	0.4435
Theia 844		310.10935	41.92191	650.55	m	o	0.7187	77	8.81	0.2393
UPK 287		55.15044	71.11305	650.65	m	o	1.486	46	8.209	1.538
OC 0367	CWNU 18	89.45101	-14.11431	650.82	m	o	0.4722	135	6.82	0.4725
UPK 12	Theia 7543|UBC 98	288.87257	-22.07779	650.91	m	o	0.4029	109	8.279	0.2468
HSC 490		296.99919	23.90535	652.34	m	o	0.6519	30	7.945	1.06
HSC 2645		230.90215	-72.8523	652.65	m	o	0.9032	45	8.784	0.1738
HSC 1176		41.52639	37.78768	653.22	m	o	0.8611	67	8.094	0.1183
HSC 2266		146.96278	-55.51851	654.16	m	o	0.5984	50	8.161	0.2321
Alessi 8	MWSC 2298|Theia 252|Theia 335	232.29794	-51.31186	654.18	m	o	0.4183	93	8.003	0.2687
HSC 1313		41.90419	5.08407	654.98	m	o	0.5475	16	9.528	0.4327
UPK 29	Theia 1138	278.58606	-5.42592	655.76	m	o	0.2447	133	8.377	2.878
UPK 120		313.89694	40.3791	659.39	m	o	0.4906	71	7.803	0.6153
UPK 17	Theia 1048	279.71573	-15.04179	659.9	m	o	0.3968	144	8.4	1.682
Theia 1170		137.63883	-54.5551	660.41	m	o	0.7833	126	8.208	0.169
Theia 659		253.37578	-42.58869	660.57	m	o	0.543	67	8.123	0.8465
HSC 473		321.54138	5.55401	660.59	m	o	0.7322	12	9.025	0.4909
HSC 204		275.13715	-12.37117	661.38	m	o	0.7252	37	8.101	1.008
UPK 445	Theia 83|UBC 446	92.35372	-15.03936	661.59	m	o	0.4342	123	6.866	0.6168
HSC 505		295.98442	26.95052	661.7	m	o	0.3761	33	8.192	0.1931
Theia 110		130.88214	-47.22909	662.52	m	o	1.277	88	7.723	0.1802
HSC 1911		112.70341	-24.40489	663.7	m	o	0.8332	55	8.114	0.08943
Theia 332		299.03233	32.90336	663.79	m	o	0.3561	31	8.009	0.204
UPK 599	Theia 24	206.0892	-38.7698	664.1	m	o	0.678	150	7.117	0.1892
Theia 654		20.35614	59.62269	664.18	m	m	3.95	161	8.056	0.6352
Theia 401		347.80923	47.7812	664.41	m	m	1.827	194	8.193	0.3
HSC 815		333.51036	60.39843	665.39	m	o	0.3984	24	7.998	0.9981
CWNU 1137		66.83072	58.35695	665.88	m	o	0.4252	72	7.898	0.6948
Theia 398		104.13452	-19.92205	666.55	m	o	0.8036	94	8.11	0.1092
Theia 453		151.54829	-55.65137	668.03	m	o	0.5473	18	7.806	0.2997
UPK 46	Theia 329	294.62623	-1.31249	668.11	m	o	0.47	63	8.017	0.8041
HSC 1528		100.15524	20.61721	668.4	m	o	0.4509	55	8.198	0.1499
UPK 66	Theia 336	305.2827	13.34344	669.49	m	o	0.4036	105	8.372	0.1537
Theia 6680	Theia 5137	209.43987	-39.96401	669.8	m	o	0.1376	47	7.05	1.302
Theia 1140		280.9194	5.62725	671.09	m	o	0.3841	36	7.962	0.8781
HSC 2403		168.64626	-58.83579	673.55	m	o	0.6894	75	8.156	0.0964
HSC 895		353.16165	56.67428	673.65	m	m	1.868	110	8.23	0.8187
HSC 1815		109.51207	-15.94223	674.7	m	o	0.3355	14	9.498	2.972
HSC 2154		112.6801	-54.92502	675.72	m	o	0.2687	18	8.468	0.2636
HSC 1961		96.55438	-36.06005	675.78	m	o	0.9745	90	8.004	0.09138
Theia 267	NGC 2323	105.86694	-8.01687	676.35	m	o	0.5632	72	8.348	0.1661
Theia 1432		35.67301	54.25729	677.4	m	o	0.7431	54	9.242	0.2007
UPK 502	Theia 472	124.3591	-37.77862	678.13	m	o	0.2401	69	8.015	0.2474
Theia 766		270.3819	-38.01199	678.23	m	o	0.823	60	8.845	0.09202
HSC 1228		62.51029	44.64914	678.34	m	o	0.3107	14	8.259	1.24
HSC 1512		98.43614	22.22325	680.01	m	o	0.471	19	8.243	0.1443
UPK 113	Theia 151	317.52659	34.27845	682.17	m	o	0.4399	97	7.68	0.1341
Theia 558	Theia 838	95.90479	3.67031	682.61	m	o	0.5695	96	8.305	0.6492
HSC 1268		66.54098	40.93145	684.79	m	o	0.6463	25	8.307	1.065
Theia 833		297.39025	38.56881	684.98	m	o	0.2905	24	8.229	0.1491
HSC 334		257.57456	14.54451	685.56	m	o	0.4158	18	9.57	0.358
Theia 865	Theia 1264	215.46044	-66.62723	686.36	m	o	1.349	48	8.133	0.2883
HSC 977		11.80541	60.10276	686.99	m	o	1.099	23	7.917	0.5768
Alessi-Teutsch 3	ASCC 42|AT 3|Alessi 30|Alessi Teutsch 3|MWSC 1373	118.28551	-53.00078	687	m	o	0.39	138	8.013	0.5113
UPK 312	Theia 3803	68.05464	56.0504	687.8	m	o	0.2926	53	8.094	0.9612
UPK 645	Theia 337	270.13972	-42.83974	687.9	m	o	0.2482	95	8.205	0.1885
Theia 411		155.23361	-60.68371	688	m	o	0.6573	66	7.987	0.2467
HSC 705		325.99058	41.96761	689.48	m	o	0.7952	60	7.391	0.3304
HSC 1807		108.30372	-15.15689	689.65	m	o	1.09	54	8.29	0.1666
HSC 2131		134.33962	-43.14491	689.85	m	o	0.2305	13	9.667	6.216
Theia 46		346.66228	63.38749	689.91	m	o	0.4111	17	8.376	4.754
HSC 2865		266.36172	-44.04599	690.3	m	m	1.916	141	8.171	0.2204
UPK 639		261.03906	-46.63192	690.62	m	o	0.8235	145	8.678	0.3924
HSC 1067		33.36749	65.4472	691.01	m	o	0.8636	21	8.342	1.357
Theia 863	Theia 742	41.40614	56.45298	692.43	m	o	0.4216	77	8.218	1.392
HSC 240		285.17497	-10.62644	693.59	m	o	0.5009	17	8.089	0.6634
Casado-Alessi 1	Alessi 1|CA 1|Casado Alessi 1|LeDrew 1|MWSC 88|Theia 1254	13.35452	49.54811	693.72	m	o	0.589	159	8.874	0.2059
HSC 2193		137.49719	-48.68632	694.26	m	o	0.07013	19	6.974	3.827
HSC 2093		123.90605	-44.38233	697.11	m	o	0.341	28	7.107	0.2587
Theia 862	Theia 742	37.40047	56.74556	697.13	m	o	1.554	175	8.412	1.079
HSC 576		311.27961	30.42513	698.09	m	o	0.5533	12	9.539	0.1673
UPK 585	Theia 264	212.60936	-75.85191	698.14	m	o	0.5278	64	7.979	0.2195
Theia 480		75.17052	41.436	698.2	m	o	0.4645	35	8.033	0.4947
OC 0227	CWNU 1215	7.63818	65.50281	698.25	m	o	0.1286	43	6.496	2.434
Theia 361		107.25943	-7.25171	698.44	m	o	0.241	16	9.615	0.2643
HSC 736		333.00547	42.66378	699.15	m	o	0.1663	12	8.166	0.3447
HSC 2147		131.17678	-47.33616	699.31	m	o	0.5043	19	7.872	0.2279
UPK 333	Theia 981	61.68978	44.18943	699.76	m	o	0.3006	63	8.404	1.174
Theia 19	OC 0223	3.22078	65.56575	699.85	m	o	0.1078	33	6.571	3.009
UPK 381	Theia 859	95.26984	29.51714	700.33	m	o	0.7879	92	8.304	0.3017
HSC 691		324.40672	40.39469	701.03	m	o	0.4507	37	8.152	0.3363
UPK 492		121.43467	-33.55838	702.44	m	o	0.3584	56	8.674	0.1897
Loden 915	HIP 67014 Group|MWSC 2135|MWSC 2150|Platais 10|Theia 1460|Theia 737	203.37328	-59.28316	703.65	m	o	1.289	57	8.229	0.1363
HSC 1346		62.84705	21.8638	704.31	m	o	0.3184	22	7.773	1.702
HSC 1738		119.53398	0.08535	704.92	m	o	0.723	25	8.781	0.103
Theia 553		295.56985	17.83099	705.12	m	o	0.7866	188	7.954	0.9995
HSC 984		14.01438	68.58347	705.29	m	m	2.346	74	8.014	2.11
HSC 1973		109.35504	-32.68237	706.05	m	o	0.3338	24	7.505	0.5257
Mon OB1-D	NGC 2264	100.27356	9.57259	706.46	m	o	0.1097	110	6.756	0.4445
HSC 2058		124.09526	-39.30474	707.58	m	o	0.2105	16	7.982	0.5157
HSC 848		356.71692	35.94294	707.64	m	o	1.025	11	9.472	0.3203
HSC 487		299.58343	21.83197	707.94	m	o	0.5261	17	8.376	0.4436
UPK 579	Theia 404	193.30152	-50.83242	708.57	m	o	0.9266	131	8.226	0.1439
CWNU 2		139.75804	-65.64912	708.96	m	o	0.6064	29	7.983	0.4994
COIN-Gaia 8	Theia 346	39.16496	50.01008	709.05	m	o	0.4845	193	8.246	0.3876
Loden 480	MWSC 1986|OCL 865.3|Theia 473	179.31704	-58.30021	709.68	m	o	0.6973	46	8.342	0.2725
UPK 93	Theia 1065	300.3154	29.94465	710.2	m	o	0.3588	84	8.751	0.1652
Theia 447		215.32464	-61.1062	710.46	m	o	1.129	31	8.084	0.2521
Theia 962	Theia 850	26.72873	68.42241	711.06	m	o	0.9293	22	7.655	1.716
UPK 431	Theia 409	108.13972	-2.56678	711.32	m	o	0.4927	89	8.629	0.1386
HSC 875		348.36071	59.34879	712.31	m	o	0.4033	19	8.881	0.959
COIN-Gaia 30	Theia 757	21.17121	70.57544	712.85	m	o	0.1748	176	8.187	1.578
Theia 874		87.57244	34.22784	713.06	m	o	1.162	57	8.505	0.4793
HSC 2957		276.00132	-37.18943	713.24	m	o	0.3489	24	7.933	0.2061
Theia 618	ASCC 2|MWSC 31	5.28612	55.78443	713.45	m	o	0.3686	17	8.425	0.6512
Theia 26		320.60108	46.86178	713.91	m	o	0.8575	83	6.865	1.635
HSC 1756		101.69162	-12.01554	714.1	m	o	0.276	15	8.36	0.5376
Theia 759		112.32456	-18.85955	714.27	m	o	0.4421	149	8.387	0.1615
Theia 3980		77.90552	36.24575	714.64	m	o	0.4073	16	9.464	0.8637
HSC 1471		81.03376	19.0194	714.66	m	o	0.454	36	7.672	1.124
Theia 745	UBC 27	295.08278	15.81573	715.3	m	o	0.4649	25	8.058	1.092
HSC 1608		84.90239	0.82269	715.72	m	o	0.9649	45	7.964	0.2947
UPK 617		234.83197	-55.37286	716.69	m	o	0.1665	98	7.991	0.4387
Theia 651	CWNU 417	130.95698	-30.73741	717.92	m	o	0.3402	54	8.838	0.08918
HSC 2821		248.06982	-43.14129	718.78	m	o	0.3712	22	8.15	1.2
HSC 1936		111.34599	-28.19082	720.28	m	o	0.2301	41	7.435	0.09536
Theia 752		27.56127	63.28795	720.85	m	o	0.6099	28	8.379	1.197
HSC 2015		118.34904	-35.02428	721.02	m	o	0.4276	53	7.904	0.3839
HSC 2198		126.339	-54.39092	721.03	m	o	0.4904	33	8.089	0.3615
HSC 2714		245.70725	-63.03058	721.17	m	o	0.1656	29	8.832	0.1281
HSC 870		344.03364	62.61796	721.32	m	o	0.105	31	9.804	4.989
CWNU 119		47.45027	57.93366	721.81	m	o	0.6	36	7.759	1.949
UPK 369		83.50477	30.35148	722.45	m	o	0.2786	37	8.132	1.385
CWNU 384		128.5795	-27.69962	723.2	m	o	0.6802	23	8.01	0.2368
Theia 365		216.70634	-61.06643	723.77	m	o	0.2737	17	8.052	0.4133
Loden 1194	ESO 133-12|Loden 1225|MWSC 2200|MWSC 2204|OCL 915.3|OCL 915.5|Theia 129|Theia 447	212.06825	-59.75879	724.53	m	o	0.233	82	7.916	0.6556
Theia 569		72.40206	44.8329	725.29	m	o	0.4537	40	8.373	1.06
HSC 1427		81.34244	24.34207	726.03	m	o	0.2516	16	7.984	2.19
CWNU 531		107.59297	-44.28673	726.35	m	o	0.4969	36	7.99	0.1503
UPK 644	UBC 325	249.13398	-31.33768	726.58	m	o	0.6481	129	8.514	0.4095
ASCC 69	MWSC 1996	181.59366	-69.85703	726.7	m	o	0.843	38	7.863	0.6055
Theia 89	ASCC 79|Alessi 25|MWSC 2288|Theia 2606	230.07463	-60.81902	727.33	m	o	1.04	67	8.836	0.2462
UPK 109		308.47676	35.24015	727.77	m	o	0.158	17	7.686	0.3103
Cmg 119		88.41486	-10.39356	728.18	m	o	0.1231	42	6.798	3.198
HSC 1240		63.81175	44.31243	728.25	m	o	0.8589	21	7.974	1.118
OC 0140	CWNU 1049	317.9014	46.8676	728.56	m	o	0.1899	28	6.691	0.4449
CWNU 41		225.51221	-71.03103	728.79	m	o	0.6028	44	8.798	0.1461
Theia 974	OC 0225	4.07611	64.96622	728.97	m	o	0.2264	69	8.075	1.72
HSC 932		0.0545	61.06519	729.44	m	o	0.5102	32	7.954	1.102
UPK 237	Theia 1073|UBC 408	5.20252	65.48299	729.78	m	o	0.2415	176	7.737	2.158
UPK 152		319.34077	56.28667	731.03	m	o	0.4849	34	8.284	2.166
HSC 1103		39.82559	62.44005	731.08	m	o	0.1653	13	7.796	1.433
HSC 1732		96.63676	-10.02469	731.14	m	o	0.5702	34	8.248	0.4376
UPK 294	Theia 869	61.89552	65.4922	731.4	m	o	0.5095	65	8.24	1.877
HSC 1010		20.62625	65.89936	731.49	m	o	0.1151	14	7.931	1.922
HSC 1743		106.26504	-7.85829	731.79	m	m	2.237	193	8.112	0.1748
HSC 1902		109.82257	-24.97781	732.42	m	o	0.4952	62	7.491	0.2004
HSC 842		349.04793	50.88593	732.62	m	o	0.2584	30	7.806	0.6051
HSC 889		344.45818	66.26814	732.85	m	o	0.5495	36	8.153	1.706
UPK 605	Theia 270|UBC 304	234.58811	-65.97632	733.06	m	o	0.1643	85	8.067	0.1406
Gulliver 22	Theia 761	84.82419	26.34502	733.14	m	o	0.676	189	7.065	0.7543
HSC 881		347.99555	61.08113	733.91	m	o	0.3955	14	8.222	0.9537
HSC 1146		51.32482	56.20621	734.1	m	o	0.2409	13	8.32	2.108
HSC 1030		25.58906	64.61346	734.12	m	m	2.35	163	8.187	1.554
HSC 924		0.28569	58.61733	734.77	m	o	0.6995	32	8.165	1.064
UPK 604	Theia 14	224.52008	-59.66739	735.45	m	o	0.183	50	6.895	1.091
CWNU 135		116.56431	-52.84209	736.63	m	o	0.5245	47	8.25	0.2023
Theia 1083		69.25256	48.52447	736.95	m	o	0.3956	28	8.183	1.712
Theia 872		18.64027	63.8787	736.99	m	o	0.4606	58	7.747	1.72
HSC 1534		101.35407	20.78992	737.25	m	o	1.108	77	8.109	0.1169
ASCC 106	Alessi 44|MWSC 3164	295.79156	1.56309	738.16	m	o	0.4188	50	8.089	1.218
HSC 1428		84.81206	26.34826	738.16	m	o	0.2023	70	6.959	0.7142
HSC 1385		85.1717	31.79878	738.66	m	o	0.4881	24	8.978	0.7469
HSC 1226		72.58816	51.37369	739.22	m	o	0.3554	17	7.622	1.582
UPK 325	Theia 868	66.3697	50.49513	740.36	m	o	0.4395	44	7.552	0.9215
HSC 2817		252.76079	-47.11842	740.9	m	o	0.2358	34	7.918	0.6054
HSC 1513		103.38427	24.09524	741.09	m	o	1.315	62	8.42	0.1378
CWNU 1086		67.64053	53.95938	741.52	m	o	0.4664	40	7.057	1.699
HSC 2341		158.32885	-57.62858	742.24	m	o	0.5437	37	8.38	0.1471
HSC 798		338.88927	52.2047	742.33	m	o	0.2084	15	8.288	0.525
Theia 2103		121.38489	-40.94336	742.48	m	o	0.4171	40	7.469	0.5532
Theia 978		290.42098	22.3412	742.52	m	o	0.5055	66	8.077	2.311
NGC 7039	Collinder 431|MWSC 3474|OCL 203|Theia 26	317.6527	45.58246	742.6	m	o	0.1376	170	6.825	0.2633
Theia 652	CWNU 438	57.49692	68.71305	747.14	m	o	0.6486	34	7.995	1.189
Theia 980		188.22266	-65.19356	747.22	m	o	0.781	126	8.012	1.118
OC 0497	CWNU 208	137.85223	-45.56842	747.94	m	o	0.1035	44	6.602	1.527
HSC 2553		195.8433	-61.76849	748.42	m	o	0.3229	24	7.743	1.452
HSC 1125		49.11789	61.77124	748.43	m	o	0.2397	12	8.159	0.6072
HSC 1399		89.33646	32.65964	748.88	m	o	0.4359	23	7.965	0.6183
Theia 986		125.64722	-42.44556	748.89	m	o	0.7107	139	7.897	0.1697
CWNU 80		93.95985	11.89109	749.14	m	o	0.7861	65	8.09	0.2984
IC 5146	Theia 88	328.38115	47.26154	749.31	m	o	0.05382	146	6.75	1.986
UPK 379	Theia 760	94.21932	30.74435	749.52	m	o	0.1638	50	8.668	0.7843
UPK 65	Theia 875	286.52547	23.29658	751.03	m	o	0.392	75	8.351	1.068
UPK 18	Theia 479	280.77109	-15.31688	751.12	m	o	0.167	52	8.544	1.106
ASCC 87	MWSC 2520|Theia 330	255.69785	-28.45807	751.42	m	o	0.2841	90	8.635	0.4325
HSC 1210		66.25157	51.78447	751.65	m	o	0.4302	20	7.34	1.321
CWNU 260		117.49426	-49.71827	751.72	m	o	0.5429	85	8.059	0.2292
HSC 2706		224.94119	-50.6959	752.33	m	o	0.6941	47	7.818	0.1922
HSC 1205		63.98939	51.59807	752.55	m	o	0.63	28	8.826	0.879
ASCC 115	MWSC 3575	329.1899	51.54925	753.44	m	o	0.3011	103	7.891	0.7965
HSC 1115		46.98087	62.95286	753.45	m	o	0.5061	26	8.594	1.08
HSC 1140		37.72754	41.73808	753.69	m	o	0.7599	40	8.336	0.1918
CWNU 1230		336.61854	61.24979	755.55	m	o	0.04493	15	7.571	4.662
HSC 2721		312.84869	-68.90341	756.3	m	o	0.3396	24	8.639	0.1132
HSC 467		297.12286	20.1415	758.63	m	o	0.3702	25	7.922	0.6799
Theia 47	Collinder 47|MWSC 353|Melotte 23|NGC 1528|OCL 397	63.98886	51.59788	758.72	m	o	0.8048	49	8.609	1.291
Theia 665		120.69499	-32.27275	759.48	m	o	0.3775	74	8.439	0.1988
Theia 1450		315.49378	49.82412	759.87	m	o	0.7233	67	8.349	3.143
HSC 1005		18.42056	60.971	760.45	m	o	0.536	44	7.994	0.7515
Theia 1156		236.24262	-43.60452	761.5	m	o	0.8675	32	8.057	0.68
HSC 884		348.27971	61.71192	763.85	m	o	0.4017	50	6.856	1.231
HSC 533		298.66635	30.07732	764.23	m	o	0.3309	57	7.786	0.606
HSC 811		328.41391	62.64879	764.33	m	o	0.2696	15	7.926	3.957
HSC 1441		85.64302	25.71356	764.6	m	o	0.3803	35	8.338	0.5314
Theia 272		132.66202	-49.09217	764.81	m	m	1.596	61	8.205	0.3321
CWNU 3		33.06701	64.60368	765.37	m	o	0.2958	69	7.851	1.501
UPK 56	Theia 268	289.34702	17.64929	765.4	m	o	0.4786	113	7.799	1.692
HSC 2174		122.60767	-53.8759	766.48	m	o	0.4145	19	8.32	0.5147
UPK 224	UBC 1187	352.29769	66.95399	766.67	m	o	0.1698	79	7.547	3.636
Teutsch 201	Theia 194|UPK 433	103.30769	-5.64137	767.24	m	o	0.3127	89	8.256	0.1165
HSC 131		274.98732	-21.89476	767.78	m	o	0.367	65	8.212	0.8202
UPK 4	Theia 575	281.38664	-23.76638	769.33	m	o	0.3176	138	8.196	1.239
OC 0353	CWNU 238	98.56317	-0.89594	769.42	m	o	0.1259	34	8.276	0.198
UPK 282	UBC 193	30.38819	43.7648	770.51	m	o	0.2295	89	8.002	0.2518
UPK 119	Theia 876	308.46239	43.30039	770.79	m	o	0.2543	67	8.507	1.346
Majaess 160		225.80456	-63.38567	774.79	m	o	0.3661	35	7.16	1.973
HSC 950		4.10647	66.60311	775.21	m	o	0.5203	13	7.675	2.175
UPK 7	Theia 351	276.80112	-17.34636	778.44	m	o	0.1905	62	8.009	1.141
HSC 446		290.02604	20.82298	778.53	m	o	0.2622	19	8.472	3.496
Alessi 33	ASCC 32|MWSC 1069|Theia 87	105.70988	-26.36542	778.59	m	o	0.3317	194	7.196	0.1389
HSC 957		8.87753	49.44015	779.17	m	o	0.4071	27	8.185	0.3133
UPK 99		312.47941	25.56074	782.45	m	o	0.3123	18	8.335	0.2266
Ferrero 11	ASCC 22|MWSC 813|Theia 488	93.65886	0.6522	783.01	m	o	0.384	182	8.545	0.4281
UPK 394	Theia 271|Theia 3968|UBC 202	78.81629	6.24164	783.59	m	o	0.221	84	8.23	0.1161
UPK 55	Theia 278	296.66855	10.43289	783.77	m	o	0.3014	100	7.977	0.6783
HSC 662		314.06207	43.12674	784.22	m	o	0.1163	22	6.68	3.291
HSC 2769		242.6289	-47.29476	784.62	m	o	0.3487	35	7.28	1.287
Theia 856		87.4718	38.82233	785.57	m	o	0.7304	51	8.071	0.517
HSC 330		292.27984	-3.07893	786.45	m	o	0.3218	36	7.669	1.045
HSC 2983		260.19454	-26.2828	787.67	m	o	0.2143	14	8.708	1.534
XDOCC 1	NGC 457|Theia 772	20.05315	58.33539	787.88	m	o	0.3674	70	8.353	0.7818
HSC 2202		138.21072	-49.52519	788.47	m	o	0.2056	15	8.666	1.25
HSC 2179		140.06293	-45.39113	788.57	m	o	0.2633	13	8.425	0.7053
COIN-Gaia 25	Theia 991	91.6615	20.4569	789.01	m	o	0.3448	158	8.759	0.3594
UPK 90		299.72594	28.43418	789.81	m	o	0.1391	60	8.087	0.8044
FSR 1694	OC 0620	228.72967	-62.77846	790.25	m	o	0.0543	72	6.748	3.12
HSC 1698		91.79184	-8.52839	790.74	m	o	0.2377	22	7.047	1.787
HSC 2082		124.54691	-41.82339	791.44	m	o	0.2833	94	8.571	0.7226
CWNU 147		188.75011	-58.08856	791.87	m	o	0.2499	65	8.092	0.2019
HSC 817		341.07738	53.91624	792.39	m	o	0.9376	33	8.354	0.9257
HSC 805		339.00676	52.85558	793.71	m	o	0.5429	33	8.006	0.7308
Theia 882		173.22844	-69.24691	793.84	m	o	0.209	37	8.338	0.526
HSC 1664		106.06628	4.12922	794.31	m	o	0.2382	20	8.211	0.09178
NGC 7438	MWSC 3682	344.67115	54.25126	794.35	m	o	0.5158	34	8.376	0.81
ESO 130-06	ESO 130-130|ESO 130-6|ESO 130 06|MWSC 1998|Steine 4	181.97504	-59.30951	794.73	m	o	0.1403	134	8.13	0.2414
UPK 214		357.17551	53.51129	795.35	m	o	1.244	184	8.003	0.546
OC 0395	CWNU 91|LISC 3392	104.36894	-21.3534	796.13	m	o	0.3384	143	7.18	0.1599
HSC 2136		135.39257	-43.30258	798.11	m	o	0.2789	12	9.723	0.08452
HSC 2825		262.47756	-49.79497	798.46	m	o	0.1729	13	8.992	0.4759
CWNU 168		81.06716	20.72325	798.67	m	o	0.3356	23	7.357	0.9635
OC 0361		90.51459	-9.97238	799.1	m	o	0.06426	11	6.904	1.653
UPK 219		352.01247	65.37722	799.61	m	o	0.2381	37	8.159	1.529
Theia 773		123.97615	-40.89333	800.39	m	o	0.5185	76	8.568	1.127
HSC 1894		103.26742	-26.97451	802.27	m	o	0.4996	44	7.32	0.1032
HSC 1004		18.44002	61.24707	802.76	m	o	0.1588	17	8.255	1.041
HSC 2106		130.89414	-41.85349	803.5	m	o	0.7271	93	8.495	0.1963
HSC 2895		255.00582	-34.44195	803.71	m	o	0.2793	18	8.24	1.025
UPK 562	Theia 417	165.95467	-57.02447	803.87	m	o	0.308	75	8.704	0.1327
Theia 199	CWNU 444|Theia 1292	309.38186	54.68755	804.7	m	o	1.04	92	7.536	0.4551
UPK 16		287.36566	-19.0689	805.81	m	o	0.164	59	8.36	0.3711
HSC 2787		244.41678	-45.02648	806.13	m	o	0.3467	26	8.497	1.283
UPK 52	Theia 494	289.93908	9.64434	806.71	m	o	0.1344	20	8.137	1.032
Theia 586	Theia 2345	39.31437	62.49643	807.29	m	o	0.4984	40	8.05	1.447
HSC 2951		268.04231	-34.3664	807.36	m	o	0.2392	19	7.958	0.42
HSC 437		290.61911	19.14004	807.98	m	o	0.2249	16	8.308	3.193
UPK 508	Theia 891|UBC 477	135.75395	-34.94544	808.15	m	o	0.2097	65	8.24	0.6263
HSC 403		289.84015	13.33892	808.38	m	o	0.334	41	7.92	2.718
HSC 900		353.7808	58.60793	809	m	o	0.7129	36	8.58	1.601
UPK 126		311.81119	43.81752	809.45	m	o	0.07459	59	6.611	2.473
HSC 2085		124.29992	-42.2397	810.15	m	o	0.1589	32	6.868	0.8902
NGC 1896	MWSC 537	81.47482	29.22797	810.59	m	o	0.5382	53	8.376	0.8461
HSC 1913		106.26647	-27.79604	811.76	m	o	0.2868	48	7.069	0.1179
Theia 775		356.8671	62.81736	811.93	m	o	1.062	85	8.143	1.182
UPK 54	Theia 495	286.25442	15.72187	812.38	m	o	0.2483	117	7.889	1.165
UPK 542	Theia 880	134.24014	-54.46896	813.44	m	o	0.2758	30	8.07	0.3909
OC 0401		104.68584	-23.32589	813.59	m	o	0.3715	69	7.139	0.1464
Theia 280	CWNU 187	340.73908	49.34719	813.74	m	o	1.026	89	8.205	0.257
UPK 436		100.32805	-7.99849	813.8	m	o	0.4253	127	7.164	0.2072
HSC 2443		175.77616	-58.01664	814.44	m	o	0.1241	19	9.71	0.1487
UPK 260		25.51403	58.40033	815.75	m	o	0.6663	94	8.146	0.7672
CWNU 207		135.75807	-46.86333	816.02	m	o	0.3423	55	6.642	0.8051
HSC 1535		78.72327	8.34302	819.38	m	o	0.387	19	9.644	0.4997
Theia 4912		327.09813	52.54834	819.8	m	o	0.5612	35	7.916	0.8847
Theia 415		83.13349	38.33124	819.88	m	o	0.192	19	7.963	0.6877
Theia 269		314.32544	16.60106	820.11	m	o	0.4709	55	8.192	0.1498
Theia 990	IC 1396|Trumpler 37	324.11029	57.56737	820.2	m	o	0.534	65	8.055	1.516
HSC 1462		87.17313	23.99181	820.84	m	o	0.3059	18	8.553	0.4344
Theia 202		290.97752	-2.98846	821.2	m	o	0.6644	44	8.049	1.135
HSC 862		342.7574	62.51025	822.2	m	o	0.1622	28	6.793	2.754
